"Paper Title","Paper Link","Publication Year","Publication Type","Publication Title","Author Names","DOI","PDF Link","Relevance","Abstract"
"Relationship between the Macroscopic and Quantum Characteristics of Dynamic Viscosity for Hydrocarbons upon the Compensation Effect","https://scispace.com/paper/relationship-between-the-macroscopic-and-quantum-44yk17lxkk","2018","Journal Article","Russian Journal of Physical Chemistry A","M. Yu. Dolomatov
M. Yu. Dolomatov
Ella A. Kovaleva
D. A. Khamidullina","10.1134/S0036024418050084","","- **Relevance Score:** 100/100
- **Relevance Tag:** Highly Relevant
- **Reasoning:** Uses Frenkel–Eyring hole model to relate activation energy and pre‑exponential factor, calculating dynamic viscosity of liquid hydrocarbons via quantum and topological parameters.","An approach that allows the calculation of dynamic viscosity for liquid hydrocarbons from quantum (ionization energies) and molecular (Wiener topological indices) parameters is proposed. A physical relationship is revealed between ionization and the energies of viscous flow activation. This relationship is due to the contribution from the dispersion component of Van der Waals forces to intermolecular interaction. A two-parameter dependence of the energy of viscous flow activation, energy of ionization, and Wiener topological indices is obtained. The dynamic viscosities of liquid hydrocarbons can be calculated from the kinetic compensation effect of dynamic viscosity, which indicates a relationship between the energy of activation and the Arrhenius pre-exponental factor of the Frenkel–Eyring hole model. Calculation results are confirmed through statistical processing of the experimental data."
"Eyring's Rate Theory and Its Connection to Entropy Scaling: Viscosity and Self-Diffusion of Hydrocarbons, Alcohols, and Water","https://scispace.com/paper/eyring-s-rate-theory-and-its-connection-to-entropy-scaling-qa5macipeiee","2025","Journal Article","","Maximilian Fleck","10.26434/chemrxiv-2025-nbhbq","","- **Relevance Score:** 100/100
- **Relevance Tag:** Highly Relevant
- **Reasoning:** Uses revised Eyring theory to predict viscosity of hydrocarbons, linking activation energy to residual entropy and addressing fluid thermodynamic conditions.","Eyring's absolute rate theory relates fluid flow with the activation energy necessary for a molecule to go from one equilibrium position to another. Developed nearly a century ago, it remains a powerful approach for understanding transport processes in liquids. This work presents a revision of Eyring's theory by replacing the vaporization-based parts of the theory with a residual approach that conceptualizes transport as local (re)movement of molecules within the system rather than removal from it. In this new approach, the energy barrier corresponds to the difference between a molecule with and without intermolecular interactions, effectively treating it as the residual property related to an ideal gas reference state. Furthermore, we explore the physical connections between Eyring's absolute rate theory and Rosenfeld excess entropy scaling, revealing that both approaches describe complementary aspects of the same transport phenomena. It is tempting to link both theories. The activation parameters in Eyring's theory, particularly the energy of activation, are shown to relate to the residual entropy used in entropy scaling. This provides a pathway to establish entropy scaling on a more rigorous physical foundation while offering deeper insights into the molecular mechanisms governing viscous flow. In comparison to experimental data, the revised theory demonstrated significant predictive power for viscosity across a wide range of thermodynamic conditions and species, including associating liquids. Moreover, parameters are transferable to other properties, such as self-diffusion. "
"Viscous behavior of linear and three-branch alkanes: Linking the equilibrium and transport theories","https://scispace.com/paper/viscous-behavior-of-linear-and-three-branch-alkanes-linking-3fsujyykn5ug","2022","Journal Article","","","10.1002/(sici)1099-0488(19990501)37:9&lt;879","","- **Relevance Score:** 100/100
- **Relevance Tag:** Highly Relevant
- **Reasoning:** Combines Eyring transport theory with statistical thermodynamics to model zero‑shear viscosity of linear and branched alkanes, calculating activation‑energy constants and addressing fluid thermodynamic aspects.","A new model for zero-shear viscosity, eta, is proposed. The model combines the Simha-Somcynsky (SS) statistical thermodynamic theory of liquids with the Eyring Significant Structure (ESS) transport theory. Using the new model, a successful linearization of the experimental viscosity vs, hole fraction data was obtained. A comparison between the new model and Utracki's relation, 1n eta = a(0) + a(1)/(h + a(2)) was also made. The former was found to be more successful for both linear and nonlinear structures, provided that an appropriate choice of the degrees of freedom of normal and activated states was made. The proportionality constant of the activation energy and transmission coefficient were also calculated for each species. (C) 1999 John Wiley &amp; Sons, Inc. "
"Linking the Viscous and Vacancy Behavior of Mixtures of High-Molecular-Weight Hydrocarbons","https://scispace.com/paper/linking-the-viscous-and-vacancy-behavior-of-mixtures-of-high-ze7t8pzab9","2006","Journal Article","International Journal of Thermophysics","Fatma Şahin
Cumali Tav
Ugur Yahsi","10.1007/S10765-006-0099-1","","- **Relevance Score:** 100/100
- **Relevance Tag:** Highly Relevant
- **Reasoning:** Uses Eyring‑based free‑volume model to predict viscosity of high‑molecular‑weight hydrocarbon mixtures, calculating activation energy and applying thermodynamic equations of state.","A zero-shear viscosity model has now been extended to mixtures of three-branch alkanes with and without cyclopentyl or cyclohexyl attachments. The model links the equilibrium theory of Simha–Somcynsky (SS) statistical thermodynamics of liquids and the Eyring significant structure (ESS) transport theory. The predicted quantity of the hole fraction as a measure of the free volume, computed from the SS equation of state, plays a primary role in the approach to combine both theories. Experimental PVTη data from 310 to 408 K and 0.1 to 344.5 MPa have been used. The proportionality constant of the activation energy and the transmission coefficient have been calculated for each species separately, and they are in the expected trend with the fraction of mixtures. Satisfactory agreement in the prediction of viscosity from the hole fraction has been obtained. The volumetric and viscous data of physical mixtures are predicted from and compared with their chemical correspondence."
"Linking the viscous and vacancy behavior of high molecular weight hydrocarbons","https://scispace.com/paper/linking-the-viscous-and-vacancy-behavior-of-high-molecular-1plj5en1m6","2004","Journal Article","Rheologica Acta","Ugur Yahsi
Fatma Şahin","10.1007/S00397-003-0330-Y","","- **Relevance Score:** 100/100
- **Relevance Tag:** Highly Relevant
- **Reasoning:** Uses Eyring Significant Structure theory with Simha‑Somcynsky thermodynamics to predict viscosity of branched hydrocarbons via hole fraction and activation energy.","A new theoretical model that was recently purposed for zero-shear viscosity has now been extended to the three-branch alkanes with pentyl, hexyl, or phenyl attachments. The model links the equilibrium theory of Simha-Somcynsky (SS) statistical thermodynamics of liquids and the transport theory of Eyring Significant Structure (ESS). The predicted quantity of hole fraction as a measure of the free volume, computed from the SS equation of state, plays a primary role in the theory to combine the both theories. The experimental PVTη data from 310 to 408 K temperature and 0.1 to 344.5 MPa pressure range have been used. The proportionality constants of the activation energy and the transmission coefficient have been calculated for each species separately and they are in expected trend with the substituted ring structure. Satisfactory agreement in prediction of viscosity from the hole fraction has been obtained."
"Dependence of dynamic viscosity of naphthenic hydrocarbons in cyclopentane series on quantum and structural parameters","https://scispace.com/paper/dependence-of-dynamic-viscosity-of-naphthenic-hydrocarbons-543rqizo4h","2020","Journal Article","","Ella A. Kovaleva
Mikhail Yu. Dolomatov","10.6060/IVKKT.20206304.6099","https://scispace.com/pdf/dependence-of-dynamic-viscosity-of-naphthenic-hydrocarbons-543rqizo4h.pdf","- **Relevance Score:** 100/100
- **Relevance Tag:** Highly Relevant
- **Reasoning:** Uses ionization potentials and topological indices in a Frenkel‑Eyring‑based QSPR to predict dynamic viscosity of cyclopentane‑series hydrocarbons, linking activation energy and thermodynamic fluid behavior.","Рассмотрена взаимосвязь параметров вязкого течения ньютоновской жидкости моноциклических углеводородов с квантовыми и структурными (топологическими) характеристиками молекул. В качестве квантовых и топологических характеристик рассмотрены потенциалы ионизации и топологические индексы, соответственно. Вертикальные потенциалы ионизации рассчитывали по теореме Купманса квантово-химическими методами с полной оптимизацией геометрии молекул. В качестве топологических индексов, учитывающих размеры и форму графа, были исследованы индекс Винера, центрический индекс Балабана, индексы Рандича (индекс молекулярной связности), Гутмана (Сцегеда), Платта и Харари. Для углеводородов ряда циклопентана с боковыми цепями установлен кинетический компенсационный эффект динамической вязкости, который связывает энергию активации и предэкспоненту Аррениуса в рамках модели Френкеля-Эйринга. Установлено, что для соединений рядов пятичленных нафтенов кажущаяся энергия активации вязкого течения и связанная с ней предэкспонента Аррениуса зависят от квантовых параметров (потенциалов ионизации) и топологии молекул. В работе предложена регрессионная модель QSPR «структура-свойство», использующая в качестве дескрипторов для прогноза динамической вязкости потенциалы ионизации и топологические индексы. Для проверки прогностических возможностей предложенной модели и адекватности прогноза рассчитана динамическая вязкость углеводородов, не входящих в базовый ряд. Дано экспериментальное и теоретическое обоснование предложенной закономерности в рамках представления об энергии активации вязкого течения как меры межмолекулярного взаимодействия и преобладания дисперсионного взаимодействия в молекулах углеводородов ряда циклопентана. Полученное в ходе исследования уравнение может быть использовано для прогнозирования вязкостных характеристик синтезированных и природных пятичленных нафтенов."
"Eyring Functions of Activation for the Viscous Flow of Some Higher Alcohols in Cyclohexane Solutions","https://scispace.com/paper/eyring-functions-of-activation-for-the-viscous-flow-of-some-413cso258r","1998","Journal Article","Monatshefte Fur Chemie","Helena Abramovič
Cveto Klofutar","10.1007/PL00013489","","- **Relevance Score:** 100/100
- **Relevance Tag:** Highly Relevant
- **Reasoning:** Applies Eyring transition state theory to derive activation thermodynamics for viscous flow of higher alcohols in cyclohexane, linking viscosity to fluid thermodynamics.","The viscosities of solutions of 1-octanol, 1-nonanol, and 1-decanol in cyclohexane up to concentrations of 1.56 molċkg−1 were determined in the temperature range from 293.15 to 333.15 K. Applying Eyring’s transition state theory, the Eyring functions of activation for the viscous flow of binary mixtures, i.e. the molar Gibbs free energy, entropy, and enthalpy were estimated. The correlation coefficients β
 Y
 (Y=G, H, or S) were derived and used to discuss the initial effect of the solute on the activation parameters for the viscous flow. From the partial molar thermodynamic functions of activation and the partial molar volumetric data of solute and solvent at infinite dilution, the viscosity coefficient B was determined. For the interpretation of the experimental data, the Unified Interaction Parameter Formalism was used."
"Evaluation of the activation energy of viscous flow for a binary mixture in order to estimate the thermodiffusion coefficient","https://scispace.com/paper/evaluation-of-the-activation-energy-of-viscous-flow-for-a-1gt21qny1u","2011","Journal Article","Journal of Non-Equilibrium Thermodynamics","Alireza Abbasi
M. Ziad Saghir
Masahiro Kawaji","10.1515/JNETDY.2011.003","","- **Relevance Score:** 100/100
- **Relevance Tag:** Highly Relevant
- **Reasoning:** Uses Eyring viscosity theory to estimate activation energy and thermodiffusion coefficients for hydrocarbon binary mixtures, linking viscosity and fluid thermodynamics.","The evaluation of the activation energy in Eyring’s viscosity theory is of great importance in estimating the thermodiffusion coefficient for associating and non-associating fluid mixtures. Several methods were used to estimate the activation energies of pure components and then extended to mixtures of linear hydrocarbon chains. Results show that the recent model of Abbasi et al. [1] gives a good outcome in determining the activation energy of the components of a binary mixture. The activation energy model for pure components is shown to be useful for obtaining the activation energy of the mixture. In this paper, the activation energy model using alternative forms of Eyring’s viscosity theory is used to estimate the thermodiffusion coefficient values for hydrocarbon binary mixtures. Comparisons of predicted thermodiffusion coefficients using different theoretical models with the experimental data show good capability of the activation energy model."
"Viscosity behavior of mixtures of CO2 and lubricant oil","https://scispace.com/paper/viscosity-behavior-of-mixtures-of-co2-and-lubricant-oil-2p9y05niqd","2010","Journal Article","Journal of The Brazilian Society of Mechanical Sciences and Engineering","Moisés A. Marcelino Neto
Jader R. Barbosa","10.1590/S1678-58782010000400007","https://scispace.com/pdf/viscosity-behavior-of-mixtures-of-co2-and-lubricant-oil-2p9y05niqd.pdf","- **Relevance Score:** 100/100
- **Relevance Tag:** Highly Relevant
- **Reasoning:** Applies Eyring theory to model viscosity of CO2‑oil mixtures, correlates activation energy of viscous flow for hydrocarbon lubricants, and analyzes temperature‑dependent thermodynamic behavior.","Experimental data on the viscosity of mixtures of CO2 and lubricant oil were acquired and correlated using an excess-property approach based on the classical Eyring liquid viscosity model. Three oils of different types and viscosity grades (alkylbenzene AB ISO 32, mineral MO ISO 50 and polyol ester POE ISO 68) were evaluated at temperatures ranging from 36.5 to 82oC. The excess activation energy for viscous flow was successfully correlated as a function of temperature and concentration using Redlich-Kister polynomial expansions with up to three terms. Large departures from the ideal solution viscosity behavior have been identified in all mixtures. The nature of the observed deviations has been explored in the light of their dependence on temperature, refrigerant concentration and oil type. The Katti and Chaudry (1964) model of the activation energy of viscous flow displayed the best correlation of the experimental data, with RMS deviations of 4.6% (AB ISO 32), 3.3% (MO ISO 50) and 2.8% (POE ISO 68)."
"High-Temperature Compensation Effect of Dynamic Viscosity in Multicomponent Hydrocarbon Media","https://scispace.com/paper/high-temperature-compensation-effect-of-dynamic-viscosity-in-5gpuxwyrme","2017","Journal Article","Journal of Engineering Physics","M. Yu. Dolomatov
G. I. Nizamova
N. A. Zhuravleva","10.1007/S10891-017-1652-4","","- **Relevance Score:** 100/100
- **Relevance Tag:** Highly Relevant
- **Reasoning:** Uses Frenkel–Eyring equation to relate preexponential factor and activation energy, enabling prediction of high‑boiling hydrocarbon viscosity across temperatures up to thermal destruction.","Linear dependences connecting the preexponent to the activation energy of viscous flow in the Frenkel–Eyring equation have been obtained for multicomponent hydrocarbon media (high-boiling distillate fractions). For these media, the kinetic compensation effect has been established whose distinctive feature is its action in the temperature range including the temperature of thermal destruction (400–450°C) of the indicated media. The obtained results have been confirmed by statistical-processing data and make it possible to predict the dynamic viscosity of multicomponent hydrocarbon systems, such as tars and other high-boiling oil distillates."
"Thermodynamic activation functions of viscous flow of non-polar liquids","https://scispace.com/paper/thermodynamic-activation-functions-of-viscous-flow-of-non-4lmz6358z7","1986","Journal Article","Rheologica Acta","J. Kotas
M. Valešová","10.1007/BF01357960","","- **Relevance Score:** 90/100
- **Relevance Tag:** Highly Relevant
- **Reasoning:** Determines thermodynamic activation functions for viscous flow of n‑alkanes using Eyring’s pre‑exponential factor, linking viscosity to density, permittivity, and temperature.","The thermodynamic activation function of viscous flow may be determined from the expression for the pre-exponential factor in the Eyring relationship (the viscosity coefficient), which is a function of density and relative permittivity, together with the thermal dependence of the viscosity coefficient. This method of determination is demonstrated for a series of n-alkanes C6–C20."
"Eyring-Theory-Based Model To Estimate Crude Oil Viscosity at Reservoir Conditions†","https://scispace.com/paper/eyring-theory-based-model-to-estimate-crude-oil-viscosity-at-3oh5oiu9g5","2009","Journal Article","Energy & Fuels","Ricardo Macías-Salinas
C. Duran-Valencia
Simón López-Ramírez
Christian Bouchot","10.1021/EF8003015","","- **Relevance Score:** 80/100
- **Relevance Tag:** Highly Relevant
- **Reasoning:** Uses Eyring theory to estimate crude oil viscosity, incorporates cubic EOS for thermodynamic properties; does not explicitly discuss molecular activation energy.","The well-known absolute reaction rate theory of Eyring was successfully extended to the accurate estimation of crude oil viscosities over a wide pressure range: from dead to live oil conditions. Two simple cubic equations of state (Soave or Peng−Robinson) were incorporated into the viscosity model to calculate all of the thermodynamic properties required within the Eyring’s modeling framework. Satisfactory density and viscosity representations of various crude oils (with low-to-moderate molar masses) were achieved by using two tuning parameters valid over a wide pressure range."
"Modelación de la viscosidad dinámica de fluidos newtonianos a partir de la teoría de Eyring y la energía libre de Helmholtz residual","https://scispace.com/paper/modelacion-de-la-viscosidad-dinamica-de-fluidos-newtonianos-xg877oq0","2022","Journal Article","Revista EIA","Luis Fernando Cardona Palacio","10.24050/reia.v19i38.1535","","- **Relevance Score:** 80/100
- **Relevance Tag:** Highly Relevant
- **Reasoning:** Uses Eyring theory with Helmholtz residual free energy to model dynamic viscosity of n‑alkanes and n‑alcohols, achieving low prediction errors.","En este trabajo se modela la viscosidad dinámica de fluidos newtonianos a partir de la teoría de Eyring junto con la energía libre de Helmholtz residual. Para la estimación de esta energía se utiliza una versión modificada de la ecuación cúbica de estado de Peng-Robinson. Los parámetros ajustables del modelo se han determinado a partir de datos experimentales en la zona coexistencia líquido-vapor para n-alcanos y n-alcoholes. Posteriormente estos parámetros se han generalizado utilizando expresiones matemáticas simples que dependen del peso molecular de cada sustancia. Se evalúan las capacidades predictivas del modelo en condiciones de una sola fase. Las desviaciones absolutas durante el proceso de correlación son menores de 3,27%, mientras que en el proceso de predicción son menores de 5,60%. El modelo generalizado es extendido a mezclas binarias utilizando una regla de mezcla simple sin y con coeficientes de interacción, con desviaciones absolutas de 8,19% y 3,45%, respectivamente. Finalmente, el modelo es comparado con otros en la literatura y los resultados estadísticos muestran que proporciona resultados aceptables."
"Thermodynamic model of viscosity of hydrocarbons and their mixtures","https://scispace.com/paper/thermodynamic-model-of-viscosity-of-hydrocarbons-and-their-2hxx7azwxp","2010","Journal Article","International Journal of Heat and Mass Transfer","I. V. Derevich","10.1016/J.IJHEATMASSTRANSFER.2010.04.035","https://www.academia.edu/download/112250419/j.ijheatmasstransfer.2010.04.03520240309-1-46jn3s.pdf","- **Relevance Score:** 80/100
- **Relevance Tag:** Highly Relevant
- **Reasoning:** Uses Eyring hypothesis to model dynamic viscosity of liquid hydrocarbons, incorporating thermodynamic properties of liquid and vapor phases; does not explicitly discuss molecular activation energy.",""
"Theories of viscosity","https://scispace.com/paper/theories-of-viscosity-4whs28v5er","2007","Book Chapter","","Dabir S. Viswanath
Tushar K. Ghosh
D. H. L. Prasad
Nidamarty V.K. Dutt
Kalipatnapu Yamuna Rani","10.1007/978-1-4020-5482-2_3","","- **Relevance Score:** 80/100
- **Relevance Tag:** Highly Relevant
- **Reasoning:** Uses Eyring’s absolute rate theory to model viscosity of crude oil fractions, linking statistical thermodynamics; does not discuss molecular activation energy.",""
"Models for Estimating the Viscosity of Paraffinic–Naphthenic Live Crude Oils","https://scispace.com/paper/models-for-estimating-the-viscosity-of-paraffinic-naphthenic-45w64sua5a","2018","Journal Article","Energy & Fuels","Luciana L.P.R. Andrade
Krishnaswamy Rajagopal","10.1021/ACS.ENERGYFUELS.7B03903","","- **Relevance Score:** 80/100
- **Relevance Tag:** Highly Relevant
- **Reasoning:** Applies Eyring theory to model viscosity of paraffinic‑naphthenic live crude oils, linking pressure via a thermodynamic relation.","Viscosity is an important property of live crude oil used in design and operation of production processes. Eleven widely used empirical correlations for estimating undersaturated oil viscosity were evaluated using measured undersaturated oil viscosity for live crude oils from primary separators of the ten Brazilian oil wells. The oil samples were characterized as paraffinic-naphthenic crudes. The empirical correlations were found to be inadequate to represent the measured data. The better literature models present average absolute percent relative errors of 1.18 % and 1.40 %, but show wider scatter of data. For more accurate estimates of undersaturated oil viscosity of paraffinic-naphthenic live crudes oils, a new model based on Eyring theory is proposed and this model correlates the experimental data with average absolute percent relative error of 0.97 %."
"Desarrollo de un viscosímetro de hilo vibrante para la caracterización termofísica a alta presión de nuevos biocombustibles","https://scispace.com/paper/desarrollo-de-un-viscosimetro-de-hilo-vibrante-para-la-1h0o1j45ue","2014","Dissertation","","Zambrano Carranza
Johnny Robinson","10.35376/10324/9124","https://scispace.com/pdf/desarrollo-de-un-viscosimetro-de-hilo-vibrante-para-la-1h0o1j45ue.pdf","- **Relevance Score:** 80/100
- **Relevance Tag:** Highly Relevant
- **Reasoning:** Applies Eyring theory to model viscosity of liquid hydrocarbons and develops a vibrating‑wire viscometer for high‑pressure thermophysical characterization, but does not discuss molecular activation energy.","La viscosidad, propiedad termodinamica y de transporte de los fluidos, es clave para la caracterizacion de compuestos puros y de mezclas, asi como en el tratamiento de informacion para el diseno de procesos industriales o para la medicion de caudal; su exactitud es necesaria para garantizar la calidad de muchos productos. La mayoria de las tecnicas para obtener la viscosidad de los fluidos exige una calibracion con un fluido de referencia apropiado, a la temperatura y presion de medicion; lo que impone un limite superior a la precision alcanzable ante la escasez de fluidos de referencia, especialmente a presiones y temperaturas elevadas.
Estudios recientes sobre viscosidad giran en torno a tres ejes de gran interes para los investigadores. Primero, la construccion de equipos capaces de determinar el comportamiento viscoso de liquidos de manera absoluta en amplios rangos de temperatura, presion y viscosidad, segundo, la busqueda de fluidos que puedan servir de referencia para calibrar los viscosimetros relativos, y tercero, la modelizacion del comportamiento en presion y temperatura de esta propiedad de transporte con ecuaciones precisas y con sentido fisico.
El Grupo de Investigacion TERMOCAL, Universidad de Valladolid, concibio la idea de desarrollar un viscosimetro de hilo vibrante que sirva de viscosimetro absoluto en amplios rangos de temperatura, presion y viscosidad.
El equipo emplea un sensor con hilo de tungsteno anclado en ambos extremos, con longitud de 50 mm y radio nominal de 75 µm; la teoria del viscosimetro de hilo vibrante se basa en las vibraciones transversales de un hilo tensionado, las frecuencias de vibracion permiten medir la viscosidad del fluido que rodea al hilo vibrante."
"Liquid viscosities of benzene, n-tetradecane, and benzene +n-tetradecane from 313 to 393 K and pressures up to 60 MPa : Experiment and modeling","https://scispace.com/paper/liquid-viscosities-of-benzene-n-tetradecane-and-benzene-n-46dhwcec5i","2007","Journal Article","Fluid Phase Equilibria","Miguel A. Hernández-Galván
Miguel A. Hernández-Galván
Fernando García-Sánchez
Ricardo Macías-Salinas","10.1016/J.FLUID.2007.08.010","https://uolab.groups.et.byu.net/files/Viscosity%20paper.pdf","- **Relevance Score:** 80/100
- **Relevance Tag:** Highly Relevant
- **Reasoning:** Uses an Eyring‑theory‑based model with cubic EOS to correlate liquid viscosities of benzene and n‑tetradecane across temperature and pressure ranges.",""
"Theory of the Viscosity of Liquids as a Function of Temperature and Pressure","https://scispace.com/paper/theory-of-the-viscosity-of-liquids-as-a-function-of-1bmnwpdb1n","1937","Journal Article","Journal of Chemical Physics","Raymond H. Ewell
Henry Eyring","10.1063/1.1750108","","- **Relevance Score:** 70/100
- **Relevance Tag:** Partially Relevant
- **Reasoning:** Uses Eyring theory to relate viscosity to vaporization energy, providing activation‑energy analysis and thermodynamic relations for liquids, though no hydrocarbons are specifically addressed.","An equation for the viscosity of a liquid in terms of the energy of vaporization and the molal volume is developed from the reaction rate theory of viscosity due to Eyring. The degree of freedom corresponding to flow is assumed to be a translational one, and the energy of activation for the elementary flow process is assumed to be some fraction, 1/n, of the energy of vaporization. On applying this equation to a large number of normal liquids it is found that molecules possessing spherical symmetry have n = 3, while nonspherical molecules have n greater than 3, usually about 4. It is shown that the ratio ΔEvap/ΔEvis,  where  ΔEvis=R(d ln η)/(d(1/T)), can be taken as an index of the size and shape of the molecule, or more precisely, of the unit of flow in the liquid. The activation energy for flow in liquid metals is a very small fraction of the energy of vaporization, ranging from 1/10 to 1/25, leading to the conclusion that the metal ions flow without their valence electrons. Viscosity data confirm the S8..."
"Investigation of Dynamic Viscosity of Several Aliphatic and Aromatic Hydrocarbons in Connection with Thermo-Occupancy Function","https://scispace.com/paper/investigation-of-dynamic-viscosity-of-several-aliphatic-and-2y5vgj5l","2022","Journal Article","Acta Physica Polonica A","Fatma Sahin-Dinc","10.12693/aphyspola.141.535","https://scispace.com/pdf/investigation-of-dynamic-viscosity-of-several-aliphatic-and-2y5vgj5l.pdf","- **Relevance Score:** 70/100
- **Relevance Tag:** Partially Relevant
- **Reasoning:** Analyzes liquid hydrocarbon viscosity using activation energy coefficients and a thermo-occupancy function linking thermodynamic properties to transport behavior.",""
"Bestimmung der Aktivierungsenergie von Fluiden mit Hilfe der Viskositätsmessung","https://scispace.com/paper/bestimmung-der-aktivierungsenergie-von-fluiden-mit-hilfe-der-5dsd9x1ih7","2016","","","Mario Müller","","","- **Relevance Score:** 70/100
- **Relevance Tag:** Partially Relevant
- **Reasoning:** Uses Eyring theory to relate activation energy to fluid viscosity; addresses fluid thermodynamics, but does not discuss liquid hydrocarbons.","Increasing the efficiency of modern drive technology can be carried out by minimizing the mechanical losses at the tribological contacts. The reliable function depends essentially on the thermophysical properties of the lubricant used. At the same time, higher power density ever higher demands are placed on the operational reliability of the drive train in case of malfunctions or other unforeseen operating situations. This also requires a continuous expansion of calculation and simulation methods. As the development trend leads to higher performance and power densities, the detailed account of thermophysical models of lubricants for reliable prediction of the operating performance of tribological contacts is essential. Eyring has placed with his kinetic theory the foundation for describing the viscosity by exchange processes. After Eyring the flow of a fluid based on the fact that particles can jump into an existing hole from the environment. Assuming that the internal friction is determined by the interaction between the molecules, existing interaction forces must be canceled and reformed. The energy required for this corresponds to the activation energy."
"Viscosité de mélanges d'alcanes et d'alkylbenzènes en fonction de la pression et de la température : Application aux coupes pétrolières","https://scispace.com/paper/viscosite-de-melanges-d-alcanes-et-d-alkylbenzenes-en-4c7elqil9a","1988","Dissertation","","Mohammed Kanti","","","- **Relevance Score:** 70/100
- **Relevance Tag:** Partially Relevant
- **Reasoning:** Measures viscosity of alkane/alkylbenzene mixtures across temperature and pressure; derives activation enthalpies and discusses thermodynamic effects on petroleum fluid viscosity.","La viscosite de melanges binaires ou ternaires d'alcanes purs et d'alkylbenzenes purs, ainsi que de coupes petrolieres est mesuree a des temperatures comprises entre 20 et 100**(o)c et a des pressions allant jusqu'a 1000 bars. Les resultats experimentaux sont confrontes aux calculs de diverses lois de melange. Pour les melanges binaires, les enthalpies libres molaires d'activation d'exces sont determinees a partir des mesures de viscosite et en fonction de la pression et de la temperature. L'utilisation des lois de melange, valables pour les melanges simples n'etant pas applicables aux melanges complexes comme les coupes petrolieres a rendu necessaire le developpement d'un modele base sur la seule connaissance, a pression atmospherique et a temperature donnee, de la viscosite du fluide considere."
"On the Mechanism of Viscosity of Liquids","https://scispace.com/paper/on-the-mechanism-of-viscosity-of-liquids-2h3awfkbxn","1949","Journal Article","Journal of Chemical Physics","M. S. Telang","10.1063/1.1747315","","- **Relevance Score:** 70/100
- **Relevance Tag:** Partially Relevant
- **Reasoning:** Derives viscosity‑temperature relationship via Eyring theory, treating activation energy as surface free energy; hydrocarbon fluids are not addressed.","A new viscosity‐temperature relationship for liquids has been derived, and its application has been studied. The derivation is based upon the theory of viscosity by Eyring et al., rectifying the ``activation energy'' term. The ``activation energy'' term has been shown to be equivalent to the free energy of formation of a surface and the error committed by previous workers regarding the evaluation of ``activation energy'' has been discussed. The proposed equation is free from any arbitrary or empirical terms, and since, in particular, it does not involve any quantities derived from viscosity measurements, it makes a direct calculation of viscosity possible."
"Viscosity of several liquid hydrocarbons as a function of temperature, pressure, and free volume","https://scispace.com/paper/viscosity-of-several-liquid-hydrocarbons-as-a-function-of-46chgbuhtp","1967","Journal Article","Journal of Chemical Physics","David L. Hogenboom
Wayne Webb
Joseph A. Dixon","10.1063/1.1841088","https://pubs.aip.org/aip/jcp/article-pdf/46/7/2586/18849543/2586_1_online.pdf","- **Relevance Score:** 70/100
- **Relevance Tag:** Partially Relevant
- **Reasoning:** Applies Eyring theory to model viscosity of liquid hydrocarbons over temperature and pressure; does not discuss activation energy and only partially addresses thermodynamic aspects.","Viscosity measurements have been made on nine pure hydrocarbon liquids at six temperatures ranging from 15.56° to 135°C and at pressures as high as 4000 bars. The samples included rigid bicyclic compounds of relatively high symmetry and three n‐alkanes, n‐C12, n‐C15, and n‐C18. These data were analyzed using the Eyring significant‐structure theory, the Cohen—Turnbull free‐volume model, and the empirical Doolittle equations. All of these equations produced essentially identical fits to the data at atmospheric pressure. The hypothesis that the constants v0 and vs in these equations represent the specific volume of a ``solid'' or condensed phase was tested by comparing best‐fit values of these constants with experimental values for the solid‐phase specific volume.The Cohen—Turnbull and Doolittle equations were modified for use at elevated pressures with the result that the values of v0 necessary to satisfy the equations at high pressures were shown to be analogous to the specific volumes of a glassy state at..."
"Viscosity of liquids","https://scispace.com/paper/viscosity-of-liquids-1fydlucow8","1952","Journal Article","Proceedings of The Royal Society A: Mathematical, Physical and Engineering Sciences","E. N. Da C. Andrade","10.1098/RSPA.1952.0193","","- **Relevance Score:** 70/100
- **Relevance Tag:** Partially Relevant
- **Reasoning:** Discusses Eyring theory to correlate viscosity of liquid hydrocarbons; includes thermodynamic data snippets but lacks explicit activation energy discussion.","I venture to lay before you certain considerations concerning the viscosity of liquids which may find a place in a discussion of the theory of liquids. They mostly pertain to experiment, but, after all, the purpose of physical experiment is to stimulate the theoretical physicist. I shall deal briefly with three aspects of viscosity: the viscosity of molten metals, which represent the simplest class of liquid; the influence of an external electric field on the viscosity of liquids; and the viscosity of liquids in the supercooled state. In the last two cases a positive effect has been found in the case of polar liquids only. As regards the viscosity of the simplest liquids, the difficulties in the way of a mathematically satisfactory theory, which shall lead to results that can be checked by experiment, are formidable, as will be agreed by anyone who has studied the papers of Born & Green, in which the greatest ingenuity and exceptional mathematical powers have not, as far as viscosity is concerned, produced formulae free from arbitrary constants for comparison with laboratory measurement. This being the case, a cruder picture that leads to figures in close agreement with experiment may perhaps be pardoned, until the pursuit of greater perfection brings something more precise and more firmly founded."
"Entity-Based Eyring− NRTL Viscosity Model for Mixtures Containing Oils and Bitumens","https://scispace.com/paper/1Rvk9CSn55YJ","","","","LT Novak","","","- **Relevance Score:** 70/100
- **Relevance Tag:** Partially Relevant
- **Reasoning:** Uses an entity-based Eyring‑NRTL model to predict viscosities of oil and bitumen mixtures; includes experimental Kuwait crude data, but lacks explicit discussion of activation energy and only limited thermodynamic analysis.",""
"Study of Activation Energy for Viscous Flow of Mixtures as a Measure of Dilution Efficiency for Heavy Oil-Diluent Systems","https://scispace.com/paper/study-of-activation-energy-for-viscous-flow-of-mixtures-as-a-1p5ue2v9jq","2024","Journal Article","International Journal of Chemistry","Adango Miadonye
Mumuni Amadu
Iysha Kumari
Isha Jain","10.5539/ijc.v16n2p1","https://scispace.compdf/study-of-activation-energy-for-viscous-flow-of-mixtures-as-a-1p5ue2v9jq.pdf","- **Relevance Score:** 70/100
- **Relevance Tag:** Partially Relevant
- **Reasoning:** Measures activation energy and viscosity of heavy crude oil mixtures to assess dilution efficiency, linking thermodynamic properties; does not mention Eyring transition state theory.","As the demand for crude oil continues to increase in response to the continued global needs for it, the development of unconventional crude oil reserves is the only way to sustain global supply. However, the excessively higher viscosity of heavy crude oil makes it less attractive for conventional pipeline transportation. Therefore, reducing the viscosity of heavy crude oil to meet crude oil transporting pipeline regulations is a necessity. This paper has assessed the dilution efficiency of well-known diluents in the petroleum industry, using different dilution ratios based on a thermodynamic approach involving activation energy and heat of vaporization determination. Based on selected dilution ratios, kinematic viscosities of binary and ternary systems of toluene and natural gas condensate as diluents, and Saudi Heavy crude oil as the base oil were measured, using anticipated field based temperatures reported in the literature, which facilitated the experimental approach. The study shows that although the ternary systems have the lowest activation energy for viscous flow and heat of vaporization in accordance with the thermal activation theory of viscous flow, natural gas condensate binary systems have the lowest cost of transportation per barrel of total fluid in the transporting pipeline. The study further shows that the binary systems for toluene and Saudi Heavy crude oil have higher activation energy for viscous flowed compared to the toluene systems."
"Estudio de la variación de algunas magnitudes reológicas, ópticas y térmicas de un aceite de oliva refinado termooxidado","https://scispace.com/paper/estudio-de-la-variacion-de-algunas-magnitudes-reologicas-3fzswii2vw","1992","Journal Article","Grasas Y Aceites","J. Cabrera Martin","10.3989/GYA.1992.V43.I5.1138","https://scispace.com/pdf/estudio-de-la-variacion-de-algunas-magnitudes-reologicas-3fzswii2vw.pdf","- **Relevance Score:** 70/100
- **Relevance Tag:** Partially Relevant
- **Reasoning:** Uses Eyring theory to relate olive oil viscosity to temperature, discusses molecular activation energy and measures enthalpy/melting point, but does not address hydrocarbon fluids.","When heating an oil in the presence of oxygen, several reactions were produced, which caused some changes in its physical properties.
 The oil used in this study was heated at 180°C for different periods of time until a maximum of 72 hours.
 The concentration of unaltered triglycerides was determined by silica column chromatography, and the molar fraction corresponding to each heating period was calculated.
 The specific volume, the dynamic viscosity and the refractive index were measured, and the obtained values were adjusted to the corresponding equations that relate these magnitudes with temperature.
 The specific enthalpy and the melting point were also measured.
 Finally, the changes experienced by the measured parameters, defined in the above equations were discussed in relation to the changes produced in the oil."
"Viscosity Modelling of Reservoir Fluids over Wide Temperature and Pressure Ranges","https://scispace.com/paper/viscosity-modelling-of-reservoir-fluids-over-wide-1qa8v9grgv","2013","Journal Article","Chemical engineering transactions","Ricardo MacÍas Salinas
Marco A. Aquino-Olivos
Fernando García-Sánchez","10.33032/CET1332263","https://scispace.com/pdf/viscosity-modelling-of-reservoir-fluids-over-wide-1qa8v9grgv.pdf","- **Relevance Score:** 65/100
- **Relevance Tag:** Partially Relevant
- **Reasoning:** Develops a viscosity model for petroleum fluids across phases, mentions Eyring theory without detailed treatment, lacks discussion of molecular activation energy, addresses thermodynamic temperature‑pressure effects.","Viscosity Modelling of Reservoir Fluids over Wide Temperature and Pressure Ranges Ricardo Macias-Salinas*, Marco A. Aquino-Olivos, Fernando Garcia-Sanchez ESIQIE-Departamento de Ingenieria Quimica, Instituto Politecnico Nacional, Zacatenco, Mexico, D.F. 07738 Programa de Aseguramiento de Recuperacion de Hidrocarburos, Instituto Mexicano del Petroleo, Eje Central Lazaro Cardenas 152, Mexico, D.F. 07730 Laboratorio de Termodinamica, Programa de Investigacion en Ingenieria Molecular, Instituto Mexicano del Petroleo, Eje Central Lazaro Cardenas 152, Mexico, D.F. 07730 rms@ipn.mx"
"Prediction of the Kinematic Viscosity of Crude Oil Fractions","https://scispace.com/paper/prediction-of-the-kinematic-viscosity-of-crude-oil-fractions-1vlewruh9j","2010","Journal Article","Petroleum Science and Technology","A. Soltani
A. Nozarpour
Seyed Foad Aghamiri","10.1080/10916460902804580","","- **Relevance Score:** 60/100
- **Relevance Tag:** Partially Relevant
- **Reasoning:** Uses modified Eyring theory to predict kinematic viscosity of petroleum fractions; does not discuss activation energy or broader thermodynamic analysis.","A generalized equation based on modified Eyring's theory for predicting kinematic viscosity of petroleum fractions is proposed in this work. The equation uses two reference fluids including a pair of (C6 and C10), (C10 and C14), or (C14 and C20) for petroleum fractions of molecular weight higher than 70 and lower than 300. Validity and accuracy of this equation have been confirmed by comparing the obtained results of this equation with experimental data. In contrast to other correlations that require so many specific parameters for oil viscosity prediction, this type of equation requires only molecular weight and true boiling point. The results obtained in this work are in agreement with experimental data with an average absolute deviation (AAD) of less than 5%."
"Viscosity Calculations with the Eyring−Patel−Teja Model for Liquid Mixtures","https://scispace.com/paper/viscosity-calculations-with-the-eyring-patel-teja-model-for-1g0w4vcz6f","1999","Journal Article","Industrial & Engineering Chemistry Research","Ming-Jer Lee
Ju-Yin Chiu
Shou-Ming Hwang
Ho-mu Lin","10.1021/IE980751Y","","- **Relevance Score:** 60/100
- **Relevance Tag:** Partially Relevant
- **Reasoning:** Incorporates Eyring theory into viscosity model with excess activation free energy and EOS, but does not specifically address hydrocarbon viscosities; activation energy discussed only via free energy term.","The Patel−Teja equation of state was incorporated with Eyring's theory to form the Eyring−Patel−Teja viscosity model, in which both the excess activation free energy of flow and the density of a li..."
"Propagation of Viscous Waves and Activation Energy of Hydrocarbon Fluids","https://scispace.com/paper/propagation-of-viscous-waves-and-activation-energy-of-4tmbk7099h","2012","Journal Article","World Academy of Science, Engineering and Technology, International Journal of Mathematical, Computational, Physical, Electrical and Computer Engineering","Ram N. Singh
Abraham K. George
Dawood N. Al-Namaani","","","- **Relevance Score:** 60/100
- **Relevance Tag:** Partially Relevant
- **Reasoning:** Measures viscosity of light and heavy crude oils to determine activation energy and wave properties; lacks Eyring theory discussion and offers limited thermodynamic analysis.","The Euler’s equation of motion is extended to include the viscosity stress tensor leading to the formulation of Navier– Stokes type equation. The latter is linearized and applied to investigate the rotational motion or vorticity in a viscous fluid. Relations for the velocity of viscous waves and attenuation parameter are obtained in terms of viscosity (μ) and the density (ρ) of the fluid. μ and ρ are measured experimentally as a function of temperature for two different samples of light and heavy crude oil. These data facilitated to determine the activation energy, velocity of viscous wave and the attenuation parameter. Shear wave velocity in heavy oil is found to be much larger than the light oil, whereas the attenuation parameter in heavy oil is quite low in comparison to light one. The activation energy of heavy oil is three times larger than light oil. Keywords—Activation Energy, Attenuation, Crude Oil, NavierStokes Equation, Viscosity."
"Efeito da temperatura na viscosidade de óleos vegetais refinados","https://scispace.com/paper/efeito-da-temperatura-na-viscosidade-de-oleos-vegetais-1r1a8881ba","2010","Journal Article","Publicatio Uepg - Ciencias Exatas E Da Terra, Agrarias E Engenharias","César Augusto Canciam","10.5212/PLUBL.EXATAS.V.16IL.0001","https://scispace.com/pdf/efeito-da-temperatura-na-viscosidade-de-oleos-vegetais-1r1a8881ba.pdf","- **Relevance Score:** 60/100
- **Relevance Tag:** Partially Relevant
- **Reasoning:** Uses Eyring theory to model temperature‑dependent viscosity of refined vegetable oils, determining activation energy Ea; does not address hydrocarbon viscosities.",""
"Viscosity model for pure liquids based on Eyring theory and cubic EOS","https://scispace.com/paper/viscosity-model-for-pure-liquids-based-on-eyring-theory-and-5g92s8wikp","2003","Journal Article","Aiche Journal","Ricardo Macías-Salinas
Fernando García-Sánchez
Otilio Hernández-Garduza","10.1002/AIC.690490324","","- **Relevance Score:** 60/100
- **Relevance Tag:** Partially Relevant
- **Reasoning:** Uses Eyring theory with cubic EOS to model liquid viscosity and thermodynamic properties, but does not focus on hydrocarbons; activation energy discussed generally.","Based on the two-parameter model of Lei et al., the purpose of this study is three fold. The first purpose is to make use of a well-known cubic equation of state to calculate all of the thermodynamic properties required in the model, thus enabling the simultaneous calculation of vapor-liquid equilibria and saturated liquid viscosity. The second purpose is to improve the correlation of liquid viscosity over a wider temperature range by modifying the functionality between the activation energy and the internal energy of vaporization, and, the third purpose is to extend the use of the model to the calculation of compressed liquid viscosities (at pressure larger than the saturation point)."
"Modified Eyring viscosity equation and calculation of activation energy based on the liquid quasi-lattice model","https://scispace.com/paper/modified-eyring-viscosity-equation-and-calculation-of-w1ae9h7lon","2010","Journal Article","Science China-physics Mechanics & Astronomy","GuangZe Han
ZengKe Fang
MingDong Chen","10.1007/S11433-010-4096-9","","- **Relevance Score:** 50/100
- **Relevance Tag:** Partially Relevant
- **Reasoning:** Uses modified Eyring viscosity equation to compute activation energy for various liquids, addressing fluid thermodynamics, but does not discuss hydrocarbon viscosities.","Viscosity is an important physical parameter of fluid, and the Eyring viscosity equation is a popular viscosity theory. Based on the Eyring reaction rate equation and Boltzmann statistical theory, and including the probabilities of creating a hole in liquid and the transition to the neighboring hole, a modified Eyring viscosity equation was proposed. According to the structural characteristics of short-range order, liquid is treated as a quasi-lattice structure in a small region. The activation energy, which is the minimum energy needed for the molecule to jump to its neighboring hole because of the restriction of other molecules around it, was analytically calculated from an intermolecular Lennard-Jones potential function and a Stockmayer potential function. The viscosity values of 37 kinds of typical liquids at 25°C and the dependence of viscosity of three kinds of liquids on temperatures were calculated with this modified viscosity equation, and the calculated results agree with the experimental values to some extent. This work not only enriches the understanding of the mechanism of liquid viscosity, but also could provide some theoretical guides for the relevant studies and applications."
"Cálculo de viscosidade de líquidos com a ede cubic-plus-association incorporada ao modelo eyring","https://scispace.com/paper/calculo-de-viscosidade-de-liquidos-com-a-ede-cubic-plus-9nfh58eixc","2015","Proceedings Article","","I. Q. Matos
J. P. L. Santos
G. F. Silva","10.5151/CHEMENG-COBEQ2014-0637-24641-139268","https://scispace.com/pdf/calculo-de-viscosidade-de-liquidos-com-a-ede-cubic-plus-9nfh58eixc.pdf","- **Relevance Score:** 50/100
- **Relevance Tag:** Partially Relevant
- **Reasoning:** Uses Eyring theory with CPA to predict viscosity of hydrogen‑bonding alcohols; does not address hydrocarbon viscosity, activation energy, or broader fluid thermodynamics beyond the CPA framework.","RESUMO – A viscosidade e uma propriedade de transporte fundamental para o desenvolvimento de processos nas industrias petroquimica, petrolifera, quimica e de outras industrias que envolvem o transporte de fluidos. Calculos de viscosidade sao baseados no principio dos estados correspondentes ou na teoria de Eyring. Assim, o objetivo do presente trabalho e incorporar a equacao de estado Cubic-Plusassociation (EdE CPA) na teoria de Eyring para correlacionar e predizer a viscosidade dos componentes puros que formam ligacoes de hidrogenio metanol, etanol e 2-propanol e das misturas metanol+etanol, metanol+2-propanol e etanol+ 2propanol. A EdE CPA forneceu resultados satisfatorios tanto para componentes puros quanto para misturas binarios."
"Measurements and modelling of the viscosity of six synthetic crude oil mixtures","https://scispace.com/paper/measurements-and-modelling-of-the-viscosity-of-six-synthetic-3k8rst1r95","2020","Journal Article","Fluid Phase Equilibria","J. Álvaro M.S.C. Malta
Claudio Calabrese
Thanh-Binh Nguyen
Thanh-Binh Nguyen
J. P. Martin Trusler
Velisa Vesovic","10.1016/J.FLUID.2019.112343","","- **Relevance Score:** 50/100
- **Relevance Tag:** Partially Relevant
- **Reasoning:** Measures and models viscosity of synthetic crude oil mixtures, discussing fluid thermodynamics and hydrocarbon viscosity, but does not mention Eyring theory or molecular activation energy.",""
"Theoretical Calculation of the Pressure Dependence of Liquid Hydrocarbon Viscosities","https://scispace.com/paper/theoretical-calculation-of-the-pressure-dependence-of-liquid-5eop8j80jo","1969","Journal Article","Journal of Chemical Physics","Mu Shik Jhon
William L. Klotz
Henry Eyring","10.1063/1.1672580","","- **Relevance Score:** 50/100
- **Relevance Tag:** Partially Relevant
- **Reasoning:** Calculates viscosities of n‑C12, n‑C15, n‑C18 liquids over wide T‑P range and derives thermodynamic properties from the same liquid‑state model.","The extension of the significant structure theory of viscosity to the calculation of the viscosities of some selected liquid hydrocarbons such as n‐C12, n‐C15, and n‐C18, etc., has been made. In this derivation, the explicit functional expressions of the molar solidlike volume Vs and the intermolecular potential φ(a) were introduced. The agreement between theory and experiment over a wide temperature (35–135°C) and pressure range (1–3600 bars) is quite satisfactory. The advantage of this treatment is that thermodynamic as well as transport properties are calculated from this same model of the liquid state."
"Thermodynamic modeling procedure for modeling viscosity of polymer solutions","https://scispace.com/paper/thermodynamic-modeling-procedure-for-modeling-viscosity-of-16ue7yrq","2023","Journal Article","Fluid Phase Equilibria","Long Cheng
Wei-Ru Fan
Yuanhui Ji","10.1016/j.fluid.2023.113848","","- **Relevance Score:** 50/100
- **Relevance Tag:** Partially Relevant
- **Reasoning:** Uses Eyring theory to model polymer solution viscosity and applies thermodynamic modeling to fluid viscosity; does not address liquid hydrocarbons or molecular activation energy.",""
"Experimental investigation on the estimation of the viscous thermodynamic activation energy parameters of vegetable oils extracted from Cocos nucifera, Calophyllum …","https://scispace.com/paper/iEhGuNv8OCEJ","","","","MJ Sisi
MR Ahmed
D Rohindra","","","- **Relevance Score:** 50/100
- **Relevance Tag:** Partially Relevant
- **Reasoning:** Uses Eyring‑Polanyi model to estimate viscous activation energy of vegetable oils; does not address hydrocarbon viscosity and only indirectly covers molecular activation energy and fluid thermodynamics.",""
"Computational and Phenomenological Modeling of Atomic-Scale Transport Processes in Glasses and Glass-Forming Liquids","https://scispace.com/paper/computational-and-phenomenological-modeling-of-atomic-scale-45regr7cf7","2023","Repository","","Cameran Beg","10.7302/8486","https://scispace.compdf/computational-and-phenomenological-modeling-of-atomic-scale-45regr7cf7.pdf","- **Relevance Score:** 50/100
- **Relevance Tag:** Partially Relevant
- **Reasoning:** Applies Eyring transition-state theory to model viscosity via activation energy and entropy, but does not address liquid hydrocarbons.",""
"Suggestion of mixing rule for parameters of PRμ model for light liquid hydrocarbon mixtures","https://scispace.com/paper/suggestion-of-mixing-rule-for-parameters-of-prm-model-for-108suq7k6p","2014","Journal Article","Korean Journal of Chemical Engineering","Shahin Khosharay","10.1007/S11814-014-0043-1","https://scispace.com/pdf/suggestion-of-mixing-rule-for-parameters-of-prm-model-for-108suq7k6p.pdf","- **Relevance Score:** 50/100
- **Relevance Tag:** Partially Relevant
- **Reasoning:** Predicts viscosities of light liquid hydrocarbon mixtures using PRµ model and a new mixing rule; addresses hydrocarbon viscosity but lacks Eyring theory or activation energy.","Our aim is to improve the predictions for the viscosities of selected light liquid hydrocarbon mixtures by using a reliable model based on Peng-Robinson equation of state (PR EOS). Therefore, a viscosity model on the basis of the similarity between PvT and Tμ(viscosity) P has been applied. Based on the volume-translated Peng-Robinson equation of state (VTPR EOS), a correction has been used for viscosity to improve the results of model. The viscosity model can be extended to mixtures by using an appropriate mixing rule for the parameters of the PR model. For a better description of viscosity and improvement of some calculation results, a mixing rule has been proposed for the parameters of the model. The results of the model show that the agreement between experimental and the calculated viscosities is reasonably good and noticeable improvements can be seen in the results of some calculations."
"Viscosity of ionic liquids: Application of the Eyring's theory and a committee machine intelligent system","https://scispace.com/paper/viscosity-of-ionic-liquids-application-of-the-eyring-s-v6i3x36f3q","2020","Journal Article","Molecules","Seyed Pezhman Mousavi
Saeid Atashrouz
Menad Nait Amar
Abdolhossein Hemmati-Sarapardeh
Abdolhossein Hemmati-Sarapardeh
Ahmad Mohaddespour
Amir Mosavi
Amir Mosavi
Amir Mosavi","10.3390/MOLECULES26010156","https://www.mdpi.com/1420-3049/26/1/156/pdf","- **Relevance Score:** 50/100
- **Relevance Tag:** Partially Relevant
- **Reasoning:** Uses Eyring theory to predict ionic liquid viscosity and incorporates thermodynamic properties (pressure, temperature) in modeling, but does not address hydrocarbon viscosities or activation energy.","Accurate determination of the physicochemical characteristics of ionic liquids (ILs), especially viscosity, at widespread operating conditions is of a vital role for various fields. In this study, the viscosity of pure ILs is modeled using three approaches: (I) a simple group contribution method based on temperature, pressure, boiling temperature, acentric factor, molecular weight, critical temperature, critical pressure, and critical volume; (II) a model based on thermodynamic properties, pressure, and temperature; and (III) a model based on chemical structure, pressure, and temperature. Furthermore, Eyring's absolute rate theory is used to predict viscosity based on boiling temperature and temperature. To develop Model (I), a simple correlation was applied, while for Models (II) and (III), smart approaches such as multilayer perceptron networks optimized by a Levenberg-Marquardt algorithm (MLP-LMA) and Bayesian Regularization (MLP-BR), decision tree (DT), and least square support vector machine optimized by bat algorithm (BAT-LSSVM) were utilized to establish robust and accurate predictive paradigms. These approaches were implemented using a large database consisting of 2813 experimental viscosity points from 45 different ILs under an extensive range of pressure and temperature. Afterward, the four most accurate models were selected to construct a committee machine intelligent system (CMIS). Eyring's theory's results to predict the viscosity demonstrated that although the theory is not precise, its simplicity is still beneficial. The proposed CMIS model provides the most precise responses with an absolute average relative deviation (AARD) of less than 4% for predicting the viscosity of ILs based on Model (II) and (III). Lastly, the applicability domain of the CMIS model and the quality of experimental data were assessed through the Leverage statistical method. It is concluded that intelligent-based predictive models are powerful alternatives for time-consuming and expensive experimental processes of the ILs viscosity measurement."
"Cálculo de la viscosidad de hidrocarburos a partir de la ecuación cúbica de estado de jarrahian-heidaryan","https://scispace.com/paper/calculo-de-la-viscosidad-de-hidrocarburos-a-partir-de-la-2t5ayl8kxw","2016","Journal Article","Revista Mexicana De Ingenieria Quimica","L.F. Cardona-Palacio
Fundación Universitaria Luis Amigó","10.24275/RMIQ/TER1155","https://scispace.com/pdf/calculo-de-la-viscosidad-de-hidrocarburos-a-partir-de-la-2t5ayl8kxw.pdf","- **Relevance Score:** 50/100
- **Relevance Tag:** Partially Relevant
- **Reasoning:** Uses a cubic Jarrahian‑Heidaryan EOS to predict viscosity of low‑molecular‑weight hydrocarbons and CO₂, but does not discuss Eyring theory or activation energy.","Se plantea un nuevo modelo para la viscosidad basado en la similitud geom´etrica entre los diagramas PV(volumen molar)T y Pµ(viscosidad)T para hidrocarburos de bajo peso molecular y di´oxido carbono, a partir de la ecuaci´on cubica de estado de Jarrahian-Heidaryan, tanto en la fase liquida como vapor. A partir de datos experimentales de la linea de saturacion liquido-vapor y mediante regresion no lineal se determinaron parametros y constantes propias del modelo. La nueva ecuacion cubica de estado basado en el modelo de Jarrahian-Heidaryan se calculo para 10 hidrocarburos y dioxido de carbono, obteniendo desviaciones promedio del 8.76% en relacion con los datos experimentales. Se compararon los resultados con las ecuaciones de Letsou-Stiel, Lewis-Squires, Przezdziecki-Sridhar, Orrick-Erbar en la fase liquida, mientras que para la fase gaseosa se probaron los modelos de Chung y col., Lucas y Reichenberg. El modelo describe el comportamiento de la viscosidad de hidrocarburos de bajo peso molecular y dioxido de carbono, aplicable en regiones cerca de las condiciones criticas"
"Détermination des variations de la viscosité de divers hydrocarbures en fonction de la pression et de la température. Etude critique de modles représentatifs.","https://scispace.com/paper/determination-des-variations-de-la-viscosite-de-divers-21tv9kpxq7","1991","Dissertation","","Aziz Ettahir","","","- **Relevance Score:** 50/100
- **Relevance Tag:** Partially Relevant
- **Reasoning:** Measures viscosity of liquid hydrocarbons over wide P‑T range and critiques models; does not discuss Eyring theory or activation energy.","L'objectif de ce travail est de contribuer a mieux connaitre la viscosite des hydrocarbures et de leurs melanges dans de larges conditions de pression et de temperature. Nous avons d'abord choisi un ensemble de molecules modeles lourdes dotees de structures ramifiees ou polycycliques. Des determinations experimentales (t entre 25c et 90c et p inferieur a 1000 bars) de la viscosite et de la masse volumique relatives aux corps purs et a certains binaires (toluene et molecule modele) ont ete ainsi effectuees. Nous avons aussi realise une banque de donnees experimentales (environ 15500 points) relative a la viscosite et a la masse volumique, pour les hydrocarbures et leurs melanges. Nous avons compare et critique divers modeles et propose des ameliorations. Nous avons considere plus particulierement deux procedures frequemment utilisees en industrie petroliere. La premiere concerne une correlation basee sur la viscosite residuelle et la seconde concerne l'application du principe des etats correspondants avec double reference. Une methode mise au point au laboratoire (auto-reference) a ete aussi examinee et s'est revelee aussi performante que les deux premieres mais plus simple d'emploi."
"Eyring黏度公式的几率修正及基于液体准晶模型分子活化能的计算","https://scispace.com/paper/eyringnian-du-gong-shi-de-ji-lu-xiu-zheng-ji-ji-yu-ye-ti-oa9fej0c4thi","","","","光泽 韩
明东 陈
增科 房","10.1360/2010-40-9-1092","","- **Relevance Score:** 50/100
- **Relevance Tag:** Partially Relevant
- **Reasoning:** Uses Eyring viscosity formula correction with probability factors to compute liquid viscosities and activation energies; does not specifically address hydrocarbons.","黏度是流体的重要物性参数,Eyring黏度公式是目前较为流行的黏度理论.利用Eyring反应速率方程,基于玻尔兹曼统计,考虑到液体中产生空位的几率和分子向邻近空位跃迁的几率,对Eyring黏度公式进行了几率修正.根据液体分子排列的短程有序结构,将液体视作具有简单立方系的准晶结构,利用分子之间的Lennard-Jones(L-J)势能模型和偶极分子间的Stockmayer势能函数,计算了液体分子向空位跃迁过程中必须克服周围其他分子束缚作用所需要的活化能.利用修正后的黏度公式计算了典型的37种常见液体在25℃时的黏度值以及三种液体的黏度值随温度的变化,计算结果与实验值基本相符.本工作丰富了对液体黏度产生机理的认识,对相关的研究和应用可能具有一定的理论指导意义."
"Activation Energy of the Eyring Theory of Liquid Viscosity and Diffusion","https://scispace.com/paper/activation-energy-of-the-eyring-theory-of-liquid-viscosity-3ec6q9j2lq","1957","Journal Article","Journal of Chemical Physics","F. C. Collins","10.1063/1.1743306","","- **Relevance Score:** 50/100
- **Relevance Tag:** Partially Relevant
- **Reasoning:** Uses Eyring theory to relate activation energy to viscosity and diffusion of simple liquids, improving agreement with experimental temperature coefficients.","The determination of the activation energy of the Eyring viscosity and diffusion theory from the isobaric temperature coefficient of the transport property is shown to be inconsistent with the assumed mechanism of the process. An alternative form of the Eyring theory makes use of an activation energy determined from the constant volume temperature coefficient of the transport property. Here the calculated viscosities and their isobaric temperature coefficients turn out to be in moderately satisfactory agreement with experiment in the case of several simple liquids."
"Temperature Dependence of Rate Processes Beyond Arrhenius and Eyring: Activation and Transitivity.","https://scispace.com/paper/temperature-dependence-of-rate-processes-beyond-arrhenius-j4nvhahm57","2019","Journal Article","Frontiers in Chemistry","Valter H. Carvalho-Silva
Nayara D. Coutinho
Vincenzo Aquilanti","10.3389/FCHEM.2019.00380","https://scispace.com/pdf/temperature-dependence-of-rate-processes-beyond-arrhenius-j4nvhahm57.pdf","- **Relevance Score:** 50/100
- **Relevance Tag:** Partially Relevant
- **Reasoning:** Discusses Eyring transition-state theory applied to viscosity and diffusion via transitivity function, but does not address liquid hydrocarbons.","Advances in the understanding of the dependence of reaction rates from temperature, as motivated from progress in experiments and theoretical tools (e. g., molecular dynamics), are needed for the modeling of extreme environmental conditions (e.g., in astrochemistry and in the chemistry of plasmas). While investigating statistical mechanics perspectives (Aquilanti et al., 2017b, 2018), the concept of transitivity was introduced as a measure for the propensity for a reaction to occur. The Transitivity plot is here defined as the reciprocal of the apparent activation energy vs. reciprocal absolute temperature. Since the transitivity function regulates transit in physicochemical transformations, not necessarily involving reference to transition-state hypothesis of Eyring, an extended version is here proposed to cope with general types of transformations. The transitivity plot permits a representation where deviations from Arrhenius behavior are given a geometrical meaning and make explicit a positive or negative linear dependence of transitivity for sub- and super-Arrhenius cases, respectively. To first-order in reciprocal temperature, the transitivity function models deviations from linearity in Arrhenius plots as originally proposed by Aquilanti and Mundim: when deviations are increasingly larger, other phenomenological formulas, such as Vogel-Fulcher-Tammann, Nakamura-Takayanagi-Sato, and Aquilanti-Sanches-Coutinho-Carvalho are here rediscussed from the transitivity concept perspective and with in a general context. Emphasized is the interest of introducing into this context modifications to a very successful tool of theoretical kinetics, Eyring's Transition-State Theory: considering the behavior of the transitivity function at low temperatures, in order to describe deviation from Arrhenius behavior under the quantum tunneling regime, a ""d-TST"" formulation was previously introduced (Carvalho-Silva et al., 2017). In this paper, a special attention is dedicated to a derivation of the temperature dependence of viscosity, making explicit reference to feature of the transitivity function, which in this case generally exhibits a super-Arrhenius behavior. This is of relevance also for advantages of using the transitivity function for diffusion-controlled phenomena."
"Phase Behavior, Solid Organic Precipitation, and Mobility Characterization Studies in Support of Enhanced Heavy Oil Recovery on the Alaska North Slope","https://scispace.com/paper/phase-behavior-solid-organic-precipitation-and-mobility-4sp1ttgopk","2008","Report","","Shirish Patil
Abhijit Dandekar
Santanu Khataniar","10.2172/963365","https://scispace.com/pdf/phase-behavior-solid-organic-precipitation-and-mobility-4sp1ttgopk.pdf","- **Relevance Score:** 50/100
- **Relevance Tag:** Partially Relevant
- **Reasoning:** Analyzes viscosity of medium‑heavy petroleum fluids using EOS and semi‑empirical models, providing experimental data and thermodynamic phase‑behavior characterization.","The medium-heavy oil (viscous oil) resources in the Alaska North Slope are estimated at 20 to 25 billion barrels. These oils are viscous, flow sluggishly in the formations, and are difficult to recover. Recovery of this viscous oil requires carefully designed enhanced oil recovery processes. Success of these recovery processes is critically dependent on accurate knowledge of the phase behavior and fluid properties, especially viscosity, of these oils under variety of pressure and temperature conditions. This project focused on predicting phase behavior and viscosity of viscous oils using equations of state and semi-empirical correlations. An experimental study was conducted to quantify the phase behavior and physical properties of viscous oils from the Alaska North Slope oil field. The oil samples were compositionally characterized by the simulated distillation technique. Constant composition expansion and differential liberation tests were conducted on viscous oil samples. Experiment results for phase behavior and reservoir fluid properties were used to tune the Peng-Robinson equation of state and predict the phase behavior accurately. A comprehensive literature search was carried out to compile available compositional viscosity models and their modifications, for application to heavy or viscous oils. With the help of meticulously amassed new medium-heavy oil viscosity data frommore » experiments, a comparative study was conducted to evaluate the potential of various models. The widely used corresponding state viscosity model predictions deteriorate when applied to heavy oil systems. Hence, a semi-empirical approach (the Lindeloff model) was adopted for modeling the viscosity behavior. Based on the analysis, appropriate adjustments have been suggested: the major one is the division of the pressure-viscosity profile into three distinct regions. New modifications have improved the overall fit, including the saturated viscosities at low pressures. However, with the limited amount of geographically diverse data, it is not possible to develop a comprehensive predictive model. Based on the comprehensive phase behavior analysis of Alaska North Slope crude oil, a reservoir simulation study was carried out to evaluate the performance of a gas injection enhanced oil recovery technique for the West Sak reservoir. It was found that a definite increase in viscous oil production can be obtained by selecting the proper injectant gas and by optimizing reservoir operating parameters. A comparative analysis is provided, which helps in the decision-making process.« less"
"Advances in thermodiffusion and thermophoresis (soret effect) in liquid mixtures","https://scispace.com/paper/advances-in-thermodiffusion-and-thermophoresis-soret-effect-4rqq4i03tt","2012","Journal Article","Frontiers in Heat and Mass Transfer","Morteza Eslamian","10.5098/HMT.V2.4.3001","https://scispace.com/pdf/advances-in-thermodiffusion-and-thermophoresis-soret-effect-4rqq4i03tt.pdf","- **Relevance Score:** 45/100
- **Relevance Tag:** Partially Relevant
- **Reasoning:** Discusses activation energy of viscous flow and thermodynamic models for hydrocarbon mixtures, but lacks explicit Eyring theory and direct viscosity analysis.","Recent advances in thermodiffusion (Soret effect) in binary and higher multicomponent liquid mixtures are reviewed. The mixtures studied include the hydrocarbon, associating, molten metal and semiconductor, polymer, and DNA mixtures. The emphasis is placed on the theoretical works, particularly models based on the nonequilibrium thermodynamics, although other approaches such as the statistical, kinetic and hydrodynamic approaches are discussed as well. For each mixture, the major theoretical and experimental works are discussed and the research trends and challenges are addressed. Some of the challenges include a need for combining various methods to develop a comprehensive theoretical model or at least to try to understand the differences and pros and cons of each approach. Thermodiffusion and ordinary diffusion coefficients are scarce in some mixtures such as binary DNA, molten metal and metal-semiconductor mixtures and all ternary mixtures. Understanding of the molecular structure of associating mixtures, and modeling of thermodiffusion in such mixtures are also very challenging."
"Incremental viscosity by non-equilibrium molecular dynamics and the Eyring model.","https://scispace.com/paper/incremental-viscosity-by-non-equilibrium-molecular-dynamics-2um952okzw","2018","Journal Article","Journal of Chemical Physics","David M. Heyes
Daniele Dini
Edward Smith","10.1063/1.5027681","https://scispace.com/pdf/incremental-viscosity-by-non-equilibrium-molecular-dynamics-2um952okzw.pdf","- **Relevance Score:** 40/100
- **Relevance Tag:** Partially Relevant
- **Reasoning:** Derives incremental viscosity using Eyring’s model for shear thinning; does not address hydrocarbons or activation energy, only partially covers fluid thermodynamic aspects.","The viscoelastic behavior of sheared fluids is calculated by Non-Equilibrium Molecular Dynamics (NEMD) simulation, and complementary analytic solutions of a time-dependent extension of Eyring’s model (EM) for shear thinning are derived. It is argued that an “incremental viscosity,” ηi, or IV which is the derivative of the steady state stress with respect to the shear rate is a better measure of the physical state of the system than the conventional definition of the shear rate dependent viscosity (i.e., the shear stress divided by the strain rate). The stress relaxation function, Ci(t), associated with ηi is consistent with Boltzmann’s superposition principle and is computed by NEMD and the EM. The IV of the Eyring model is shown to be a special case of the Carreau formula for shear thinning. An analytic solution for the transient time correlation function for the EM is derived. An extension of the EM to allow for significant local shear stress fluctuations on a molecular level, represented by a gaussian distribution, is shown to have the same analytic form as the original EM but with the EM stress replaced by its time and spatial average. Even at high shear rates and on small scales, the probability distribution function is almost gaussian (apart from in the wings) with the peak shifted by the shear. The Eyring formula approximately satisfies the Fluctuation Theorem, which may in part explain its success in representing the shear thinning curves of a wide range of different types of chemical systems."
"On the Role of Viscosity in the Eyring Equation","https://scispace.com/paper/on-the-role-of-viscosity-in-the-eyring-equation-1nujdn2nvd","2016","Journal Article","ChemPhysChem","Jos C. M. Kistemaker
Anouk S. Lubbe
Erik A. Bloemsma
Ben L. Feringa","10.1002/CPHC.201501177","","- **Relevance Score:** 40/100
- **Relevance Tag:** Partially Relevant
- **Reasoning:** Modifies the Eyring equation to include viscosity effects on reaction rates; does not discuss hydrocarbon viscosities or activation energy, only limited fluid thermodynamics.","Transition-state theory allows for the characterization of kinetic processes in terms of enthalpy and entropy of activation by using the Eyring equation. However, for reactions in solution, it fails to take the change of viscosity of solvents with temperature into account. A second-generation unidirectional rotary molecular motor was used as a probe to study the effects of temperature-dependent viscosity changes upon unimolecular thermal isomerization processes. By combining the free-volume model with transition-state theory, a modified version of the Eyring equation was derived, in which the rate is expressed in terms of both temperature and viscosity."
"On the Commonality Between Theoretical Models for Fluid and Solid Friction, Wear and Tribochemistry","https://scispace.com/paper/on-the-commonality-between-theoretical-models-for-fluid-and-mwdx7i2psy","2015","Journal Article","Tribology Letters","Hugh Spikes
Wilfred T. Tysoe","10.1007/S11249-015-0544-Z","https://scispace.com/pdf/on-the-commonality-between-theoretical-models-for-fluid-and-mwdx7i2psy.pdf","- **Relevance Score:** 40/100
- **Relevance Tag:** Partially Relevant
- **Reasoning:** Uses Eyring model to relate stress‑assisted thermal activation to liquid viscosity; does not mention hydrocarbon viscosity or explicit molecular activation energy, only limited thermodynamic discussion.","Tribology is concerned with the influence of mechanically applied forces on interfacial phenomena that accompany and control sliding. A wide range of models has been developed to describe these phenomena, which include frictional dissipation, wear and tribochemical reactions. This paper shows that these apparently disparate models are based on the same fundamental concept that an externally applied force accelerates the rate of thermal transition of atoms or molecules across energy barriers present in solid and liquid materials, thereby promoting flow, slip or bond cleavage. Such “stress-assisted” effects and the associated thermal activation concepts were developed independently and in different forms by Prandtl (Z Angew Math Mech 8:85, 1928) and Eyring (J Chem Phys 4(4):283–291, 1936). These two works have underpinned subsequent theories of dry friction, boundary lubrication, EHD rheology, tribochemistry and nanoscale wear modelling. This paper first reviews the historical development of the concepts, focussing in particular on the models of Prandtl and Eyring and how they have subsequently been used and adapted by others. The two approaches are then compared and contrasted, noting that although superficially similar, they contain quite different assumptions and constraints. First, the Prandtl model assumes that the force is exerted through a compliant spring, while constant force sliding is assumed by Eyring. Second, different approximations are made in the two models to describe the change in energy barrier with external force. Prandtl explores the asymptotic behaviour of the energy barrier as the applied force become sufficiently high to reduce it to zero, while Eyring assumes that the energy barrier is reduced by an amount equal to the external work carried out on the system. The theoretical underpinnings of these differences are discussed along with the implications of compliant coupling and constant force sliding on the velocity and temperature dependence of the friction forces for the two models."
"Dynamic viscosity of hydrocarbons and ionic liquids at high-temperature","https://scispace.com/paper/dynamic-viscosity-of-hydrocarbons-and-ionic-liquids-at-high-2tq4gkyv","2022","Journal Article","International Journal of Modern Physics B","G. G. Mirzayeva
A. S. Alekperov
A. B. Ibrahimli
N. V. Naghiyeva","10.1142/s0217979223501928","","- **Relevance Score:** 40/100
- **Relevance Tag:** Partially Relevant
- **Reasoning:** Measures dynamic viscosity of liquid hydrocarbons at high temperature, showing non‑activating behavior; lacks Eyring theory discussion and detailed activation‑energy analysis.","In this work, dynamic viscosities of hydrocarbons and ionic liquids are studied. At high temperatures in these materials, a decrease in the value of dynamic viscosity was observed. Intermolecular interactions in the objects of study have been studied. It has been established that the intermolecular interaction in hydrocarbons is determined by the Born potential ([Formula: see text]. In this case, the temperature dependence of the dynamic viscosity of hydrocarbons is described by the law [Formula: see text]. It has been established that the dynamic viscosity of hydrocarbons in liquid form has a non-activating character. This occurs directly due to momentum transfer by phonons between adjacent layers located at a distance of nanometers."
"The Viscosity of Liquids in the Dual Model","https://scispace.com/paper/the-viscosity-of-liquids-in-the-dual-model-2jlm1enjdhoo","2024","Journal Article","","F. Peluso","10.48550/arxiv.2409.15502","https://scispace.compdf/the-viscosity-of-liquids-in-the-dual-model-2jlm1enjdhoo.pdf","- **Relevance Score:** 35/100
- **Relevance Tag:** Low Relevance
- **Reasoning:** Develops a dual-model viscosity expression with Arrhenius T-dependence and thermodynamic links, but only briefly cites Eyring, lacks hydrocarbon focus and explicit activation energy discussion.","A reliable model of viscosity in liquids using a dual liquid model framework is developed. The analytical expression arrived at exhibits the correct T-dependence Arrhenius-like. It is compared with the values of viscosity for water with acceptable accuracy and those related to the mechano-thermal effect in liquids under low-frequency shear. It has even been shown that a numerical approach of viscosity in liquids dealt with as dual systems provides good agreement with experimental data. The expression of viscosity shows an explicit dependence upon the sound velocity and the collective vibratory degrees of freedom excited at a given temperature. The terms involved depend upon the Boltzmann and Planck constants. Finally, the physical model is coherent with the postulate of microscopic reversibility as well as with the time's arrow for macroscopic dissipative mechanisms. "
"The macroscopic viscosity approximation: A first-principle relationship between molecular diffusion and viscosity","https://scispace.com/paper/the-macroscopic-viscosity-approximation-a-first-principle-1a5tp8iqmi","2020","Journal Article","AIP Advances","Théophile Gaudin
Haibo Ma","10.1063/1.5131234","https://scispace.com/pdf/the-macroscopic-viscosity-approximation-a-first-principle-1a5tp8iqmi.pdf","- **Relevance Score:** 30/100
- **Relevance Tag:** Low Relevance
- **Reasoning:** Uses Eyring theory to equate activation energies of viscous flow and diffusion; does not discuss hydrocarbon viscosities or broader fluid thermodynamics.","In this article, a new relationship between viscosity and molecular diffusion at infinite dilution is proposed for better rationalization and prediction of these properties, based on a “macroscopic viscosity approximation” (MVA), i.e., by assuming viscosity around a solute as equal to the macroscopic, measurable viscosity of the solvent. This implies that activation energies of the viscous flow and diffusion process are equal. The hypothesis is validated by our correlation analysis (mean difference of 0.10 kcal/mol, R2 = 0.96). The new approach, named “Modified Stokes–Einstein” (MSE), achieves better performance than the widely used Wilke–Chang (WC) correlation both in organic solvents [mean relative error (MRE) of 15% vs 24%, respectively] and in water (MRE of 13% vs 21%, respectively). Contrary to the popular WC correlation as well as all other available approaches in the literature, the MSE approach can be used consistently for water, without requiring any ad hoc association parameter, and is not fitted on diffusion and/or viscosity data, making all of its underlying hypotheses explicit. Based on the MVA and the MSE, a simple atomic count estimation method for the activation energy of the flow allows us to simultaneously predict viscosity and diffusion coefficients with an MRE of 21%–22%, again slightly better than the WC correlation, but not requiring any experimental data as the input. This work provides rationalized and efficient means for prediction of diffusion coefficients at infinite dilution and pure liquid viscosities wherever such properties are required, for example, as inputs for mixing rules to predict flow and transport behavior of complex systems.In this article, a new relationship between viscosity and molecular diffusion at infinite dilution is proposed for better rationalization and prediction of these properties, based on a “macroscopic viscosity approximation” (MVA), i.e., by assuming viscosity around a solute as equal to the macroscopic, measurable viscosity of the solvent. This implies that activation energies of the viscous flow and diffusion process are equal. The hypothesis is validated by our correlation analysis (mean difference of 0.10 kcal/mol, R2 = 0.96). The new approach, named “Modified Stokes–Einstein” (MSE), achieves better performance than the widely used Wilke–Chang (WC) correlation both in organic solvents [mean relative error (MRE) of 15% vs 24%, respectively] and in water (MRE of 13% vs 21%, respectively). Contrary to the popular WC correlation as well as all other available approaches in the literature, the MSE approach can be used consistently for water, without requiring any ad hoc association parameter, and is not fitte..."
"Viscosity of ternary liquid systems and the significant structure theory","https://scispace.com/paper/viscosity-of-ternary-liquid-systems-and-the-significant-240rt6vlsk","1994","","","J.D. Pandey
Abha Shukla
Shikha
Neelima Tripathi","","https://scispace.com/pdf/viscosity-of-ternary-liquid-systems-and-the-significant-240rt6vlsk.pdf","- **Relevance Score:** 30/100
- **Relevance Tag:** Low Relevance
- **Reasoning:** Predicts viscosity of cyclohexane‑benzene‑CCl4 mixture using significant structure theory, demonstrating applicability to hydrocarbon liquids.","Significant structure theory (SST), developed by Eyring and coworkers, has been applied for the first time to evaluate the viscosity of carbon tetrachloride + cyclohexane +benzene ternary liquid mixture. The theoretical viscosity values obtained for this system are in agreement with those obtained from significant structure theory. Thus, it has been demonstrated that SST can be applied to multicomponent liquid systems."
"Experimental and theoretical studies of polymer/solvent viscosity mixtures","https://scispace.com/paper/experimental-and-theoretical-studies-of-polymer-solvent-1bc3gdesls","2004","Journal Article","Journal of Applied Polymer Science","Hamid Modarress
Mohsen Mohsennia
Mahmood Akhavan Mahdavi","10.1002/APP.13328","https://scispace.com/pdf/experimental-and-theoretical-studies-of-polymer-solvent-1bc3gdesls.pdf","- **Relevance Score:** 30/100
- **Relevance Tag:** Low Relevance
- **Reasoning:** Uses modified Eyring viscosity equation for polymer/solvent mixtures, but lacks discussion of liquid hydrocarbon viscosity, activation energy, or broader fluid thermodynamics.","Viscosity of the binary mixtures of polymers/solvent: (polystyrene/toluene), (polymethylmethacrylate/acetone), (polystyrene/benzene), (polystyrene/cyclohexane), and (polymethylmethacrylate/chloroform) were measured at different temperatures by a Haake viscometer. The samples of polymer/solvents mixtures used in the viscometry measurements were in low concentration of polymer (maximum concentration 0.25 g/cm3). The measured viscosities were used to evaluate the parameters of the modified Eyring's viscosity equation. © 2003 Wiley Periodicals, Inc. J Appl Polym Sci 91: 1724–1729, 2004"
"Thermophysical properties and phase-behaviour of asphaltene-containing petroleum fluids","https://scispace.com/paper/thermophysical-properties-and-phase-behaviour-of-asphaltene-51yguyvtwv","2003","Journal Article","Fluid Phase Equilibria","Igor N. Evdokimov
Nikolaj Yu. Eliseev
Dmitrij Yu. Eliseev","10.1016/S0378-3812(03)00267-X","http://eee.gubkin.ru/PUBLICAT_ENG_files/LONDON_2002_PAPER.pdf","- **Relevance Score:** 30/100
- **Relevance Tag:** Low Relevance
- **Reasoning:** Discusses activation energy and thermophysical/phase behavior of asphaltene-containing petroleum fluids, but provides no explicit Eyring theory or viscosity analysis.",""
"Viscosity of liquid hydrocarbons and their mixtures","https://scispace.com/paper/viscosity-of-liquid-hydrocarbons-and-their-mixtures-2dh0qo9wa6","2001","Journal Article","Aiche Journal","Hans Korsten","10.1002/AIC.690470222","","- **Relevance Score:** 30/100
- **Relevance Tag:** Low Relevance
- **Reasoning:** Predicts viscosity of petroleum liquids with new mixing rule across temperature range, but lacks Eyring theory, activation energy, or broader thermodynamic discussion.","In the petroleum industry, the viscosity of mixtures containing thousands and millions of chemical species must be predicted over large temperature ranges. Traditional models are empirical based on bulk properties. If such models are applied to mixtures other than those for which they were developed, large errors may occur. New methods proposed calculate the viscosity of petroleum fractions over large temperature ranges, using a new mixing rule reflecting observed positive and negative mixing effects. The temperature range of equations for calculating pure component viscosity is extended to the entire liquid-phase range. If solid components are dissolved in the liquid, the viscosity increases sharply with further temperature reduction. This effect is captured in the new model by incorporating the freeze point distribution. For converting between absolute and kinematic viscosity, a new equation is proposed for the temperature effect on density."
"Prediction of viscosity of liquid hydrocarbons","https://scispace.com/paper/prediction-of-viscosity-of-liquid-hydrocarbons-3a3zxm2c7o","1970","Journal Article","Industrial & Engineering Chemistry Fundamentals","M. L. Druin
S. I. Kreps","10.1021/I160033A012","","- **Relevance Score:** 30/100
- **Relevance Tag:** Low Relevance
- **Reasoning:** Predicts viscosity of liquid hydrocarbons; does not discuss Eyring theory, activation energy, or thermodynamic analysis.",""
"Viscosity of Oxygenated Fuel : A Model Based on Eyring's Absolute Rate Theory","https://scispace.com/paper/viscosity-of-oxygenated-fuel-a-model-based-on-eyring-s-2dxvu2y19j","2019","Journal Article","Fuel","Chenyang Zhu
Feng Yang
Xiangyang Liu
Waheed Afzal
Waheed Afzal
Maogang He","10.1016/J.FUEL.2018.12.031","","- **Relevance Score:** 30/100
- **Relevance Tag:** Low Relevance
- **Reasoning:** Uses Eyring's absolute rate theory to model viscosity of oxygenated fuel, but does not address liquid hydrocarbons, activation energy, or broader fluid thermodynamics.",""
"Phenomenological coefficients of the viscosity for low-molecular elementary liquids and solutions","https://scispace.com/paper/phenomenological-coefficients-of-the-viscosity-for-low-1rw39phj30","2012","Journal Article","Chemistry and Chemical Technology","Yuriy Medvedevskikh
Oksana Khavunko
L. M. Lytvynenko","10.23939/CHCHT06.04.363","https://scispace.com/pdf/phenomenological-coefficients-of-the-viscosity-for-low-1rw39phj30.pdf","- **Relevance Score:** 25/100
- **Relevance Tag:** Low Relevance
- **Reasoning:** Mentions Eyring theory and chemical potential gradients in viscosity analysis, but lacks specific focus on hydrocarbons or detailed activation‑energy discussion.","The shear forces and corresponding strains appearing in the flow under the action of chemical potential gradient have been analyzed. The ratios for determination of the viscosity coefficient for low- molecular pure liquids and solution components were established. It was proved that the viscosity of the low- molecular solution can be expressed via the terms of the viscosity coefficients of its components and via their concentration."
"Environmental Capability of Liquid Lubricants","https://scispace.com/paper/environmental-capability-of-liquid-lubricants-n1v4h879qz","1973","","","A. Beerbower","","https://scispace.com/pdf/environmental-capability-of-liquid-lubricants-n1v4h879qz.pdf","- **Relevance Score:** 10/100
- **Relevance Tag:** Low Relevance
- **Reasoning:** Mentions thermodynamic classification of lubricant properties and solubility equilibria, but does not discuss Eyring theory, viscosity of hydrocarbons, or activation energy.","The methods available for predicting the properties of liquid lubricants from their structural formulas are discussed. The methods make it possible to design lubricants by forecasting the results of changing the structure and to determine the limits to which liquid lubricants can cope with environmental extremes. The methods are arranged in order of their thermodynamic properties through empirical physical properties to chemical properties."
"The viscosity of liquefied gases","https://scispace.com/paper/the-viscosity-of-liquefied-gases-2m2dnnwfav","1963","Journal Article","Physica D: Nonlinear Phenomena","Jean-Pierre Boon
Georges Thomaes","10.1016/S0031-8914(63)80278-5","https://scispace.com/pdf/the-viscosity-of-liquefied-gases-2m2dnnwfav.pdf","- **Relevance Score:** 10/100
- **Relevance Tag:** Low Relevance
- **Reasoning:** Uses corresponding‑states method to relate viscosity to molecular parameters and saturation‑pressure equation of state, but lacks explicit discussion of Eyring theory, hydrocarbons, or activation energy.",""
"Thermodynamic Modelling of Petroleum Fluids","https://scispace.com/paper/thermodynamic-modelling-of-petroleum-fluids-hzsem2gfpl","2006","Journal Article","Oil & Gas Science and Technology-revue De L Institut Francais Du Petrole","J.-C. de Hemptinne
Emmanuel Behar","10.2516/OGST:2006036A","https://scispace.com/pdf/thermodynamic-modelling-of-petroleum-fluids-hzsem2gfpl.pdf","- **Relevance Score:** 10/100
- **Relevance Tag:** Low Relevance
- **Reasoning:** Provides general guidelines on thermodynamic modelling of petroleum fluids, but lacks specific discussion of Eyring theory, viscosity, or activation energy.","The recent developments and challenges of petroleum thermodynamics are presented in the various papers of this special issue of Oil and Gas Science and Technology (OGST). A common objective of these investigations is the development of calculation tools providing access to reliable thermodynamic as well as thermophysical properties. Hence, this introductory article attempts to put these new developments in a larger perspective by proposing a framework where the practicing engineer can also find some guidelines for the selection, among the large number of existing methods, of the one(s) most suited to his/her industrial application. The analysis is based on the observation that two main features must be present for a good representation of the physical behaviour of complex natural fluids: a model (equation of state – eos- and mixing rules) that represents the physics as well as possible, and an appropriate compositional description. A model is defined as a set of mathematical equations that describes the relationships among different properties. Some are empirical, others are constructed on a physical basis with more or less approximations. All contain parameters that must be determined and validated using experimental data. When accurate properties are required, it is important to focus on the selection of reliable data. However, when predictive power is required (few or no data are available), the use of a model that has a strong physical foundation is essential. The detailed molecular description of a petroleum fluid is often unknown, but even if it were known, it would contain so many isomers that it would be very difficult to handle in an engineering simulator. Hence, several methods are employed to circumvent the problem. The traditional methods are correlations, but we believe they are reaching their limit. New methods, among which molecular simulation, are probably more promising. As a conclusion, we state that both an improved understanding of the physics through experimentation, and an increased use of these physical findings in new models, are the challenges for the future developments of thermodynamics. The papers in this issue illustrate a number of such developments."
"A unified perspective on the phase behaviour of petroleum fluids","https://scispace.com/paper/a-unified-perspective-on-the-phase-behaviour-of-petroleum-4wfsf2k7rp","2009","Journal Article","International Journal of Oil, Gas and Coal Technology","G. Ali Mansoori","10.1504/IJOGCT.2009.024884","https://scispace.com/pdf/a-unified-perspective-on-the-phase-behaviour-of-petroleum-4wfsf2k7rp.pdf","- **Relevance Score:** 0/100
- **Relevance Tag:** Not Relevant
- **Reasoning:** Paper focuses on phase transitions of petroleum fluids; does not discuss Eyring theory, viscosity, activation energy, or fluid thermodynamics.","We present a coherent and unified group of general explanations for the various phase transitions, which may occur in the seven naturally occurring petroleum fluids with emphasis on their heavy organics. The seven petroleum fluids include, in the order of their fluidity, natural gas, near-critical gas-condensate, light crude, intermediate crude, heavy oil, tar sand and oil shale. At first the nature of every petroleum fluid is presented including their constituents and their heavy fractions. Then their main families of constituents are presented. The generalised petroleum fluid phase behaviour is introduced in light of the well-known theory of phase transitions. The effects of variations of composition, temperature and pressure on petroleum fluids phase behaviour are introduced. Their 11 distinct phase-transition points are presented and their relation with state variables and constituents are identified. This report is the basis for development of a unified phase behaviour prediction model of all the petroleum fluids. (Received: September 9, 2008; Accepted: November 15, 2008)"
"Temperature Relations of Selected Engine Oils Dynamic Viscosity","https://scispace.com/paper/temperature-relations-of-selected-engine-oils-dynamic-1o3y34orga","2014","Journal Article","Acta Technologica Agriculturae","Peter Hlaváč
Monika Božiková
Radmila Presová","10.2478/ATA-2014-0024","https://scispace.com/pdf/temperature-relations-of-selected-engine-oils-dynamic-1o3y34orga.pdf","- **Relevance Score:** 0/100
- **Relevance Tag:** Not Relevant
- **Reasoning:** Measures temperature-dependent dynamic viscosity of synthetic engine oils; does not discuss Eyring theory, hydrocarbons, activation energy, or thermodynamic analysis.","Abstract This article focuses on temperature relations of dynamic viscosity for selected engine oils. The effect of temperature on new and used oil dynamic viscosity was investigated. Measurements were performed on three different motor oil samples. All the three motor oil samples were synthetic. The first oil sample was new, the second sample was used for 15,000 km, and the third sample was used for 30,000 km. There were made two measurements of samples in one week. Dynamic viscosity was measured using a digital rotational viscometer Anton Paar DV-3P. The principle of measurement is based on the dependence of sample resistance to probe rotation. The results of measurements are shown as graphical relationships between dynamic viscosity and temperature. Decreasing exponential functions in temperature relationships were used for all the samples. The highest difference between the first and second measurement was observed in the new oil, and very small differences were found in other oils. Due to different types of oils and different stage of usage, the results could not be compared."
"Viscous Liquids and the Glass Transition: A Potential Energy Barrier Picture","https://scispace.com/paper/viscous-liquids-and-the-glass-transition-a-potential-energy-47wz1nu6jb","1969","Journal Article","Journal of Chemical Physics","Martin Goldstein","10.1063/1.1672587","https://scispace.com/pdf/viscous-liquids-and-the-glass-transition-a-potential-energy-47wz1nu6jb.pdf","- **Relevance Score:** 0/100
- **Relevance Tag:** Not Relevant
- **Reasoning:** Discusses glass‑transition viscosity theories, but provides no explicit coverage of Eyring theory, hydrocarbon viscosities, molecular activation energy, or fluid thermodynamics.","Recent attempts have been made to assess the relative merits of the free volume and entropy theories of viscous flow in glass‐forming liquids by accurate measurement of viscosity over wide temperature ranges, and subsequent comparison with the equations derived from these theories. In the author's view, this effort is misguided. The theories are crude and qualitative, and such tests are too stringent. It is better to make qualitative or semiquantitative comparison of a wide variety of physical phenomena; judged by this criterion, the entropy theory appears more successful. It is conjectured that further progress can be made by accepting the crude, naive character of any model we are likely to find tractable for the foreseeable future, and recognizing both the values and limitations of such models. A picture of the flow process in viscous liquids is proposed, in an attempt to answer certain questions about the molecular steps in flow either answered unsuccessfully or ignored by present theories, in the hop..."
"Advances in modeling hydrocarbon cracking kinetic predictions by quantum chemical theory: A review","https://scispace.com/paper/advances-in-modeling-hydrocarbon-cracking-kinetic-3mc6nar4yy","2018","Journal Article","International Journal of Energy Research","Shuo Shi","10.1002/ER.4049","","- **Relevance Score:** 0/100
- **Relevance Tag:** Not Relevant
- **Reasoning:** ","In the modeling of hydrocarbon thermal cracking processes, complicated reaction networks of multicomponent reactants make kinetic parameter predictions very challenging. To solve this problem, the additivity method and Evans‐Polanyi equation were proposed for the prediction of kinetic factors. As the calculation of kinetic parameters using quantum chemical theory was used for higher accuracy, new additivity methods at the quantum theory level were developed for the prediction of thermodynamic kinetic parameters. At the same time, a reaction class transition state theory RC‐TST, analogous to the Evans‐Polanyi equation, was proposed by considering quantum factors for kinetic constant evaluation. Quantum calculation methods promoted mechanistic studies of electronic effects to accurately reveal the kinetic constant rules with different structural factors. Under these circumstances, kinetic parameter predictions by different quantum chemical computation methods were firstly introduced and reviewed. Meanwhile, development of the new additivity method and RC‐TST theory at the quantum chemistry level were summarized, and the new outlook on electronic effects with an appropriate quantum chemical computational method into the new additivity method was conducted to develop more perspicuous and accuracy in a simplified method for the calculation of complicated thermal cracking reaction."
"Low temperature fluorescence studies of crude petroleum oils","https://scispace.com/paper/low-temperature-fluorescence-studies-of-crude-petroleum-oils-kr78sh4qf6","2011","Journal Article","Energy & Fuels","Peter Owens
Alan G. Ryder","10.1021/EF201030T","https://researchrepository.universityofgalway.ie/bitstreams/71cce2ef-29c7-4eb2-92d1-d3c6cace6895/download","- **Relevance Score:** 0/100
- **Relevance Tag:** Not Relevant
- **Reasoning:** Uses low‑temperature fluorescence to study crude oils, but does not address viscosity, Eyring theory for fluid dynamics, molecular activation energy, or fluid thermodynamics.","We have studied the low-temperature (133–298 K) fluorescence emission of crude petroleum oils using a combination of steady-state and time-resolved measurements. This was done, first, to see if we could generate linear correlations between the oil composition information and the fluorescence measurements and, second, to better understand how static and dynamic quenching affect fluorescence emission. It was observed that the fluorescence intensity and the lifetime of the crude oils increased rapidly with decreasing temperature down to the freezing point, and then, they either remained constant or, surprisingly, began to decrease slightly. These changes could not be correlated accurately with the compositional data available. However, despite the very large variations in sample composition, it was found that these lifetime–temperature changes followed simple Arrhenius and Eyring behavior. For the cold liquid phase, an Arrhenius model enabled the calculation of an intrinsic lifetime, the magnitude of which w..."
"Modeling the kinetics and mechanisms of petroleum and natural gas generation: a first principles approach","https://scispace.com/paper/modeling-the-kinetics-and-mechanisms-of-petroleum-and-34o47no78k","2001","Journal Article","Reviews in Mineralogy & Geochemistry","Yitian Xiao","10.2138/RMG.2001.42.11","","- **Relevance Score:** 0/100
- **Relevance Tag:** Not Relevant
- **Reasoning:** Mentions transition state theory and activation energy for cracking reactions, but provides no discussion of Eyring TST, viscosity, or fluid thermodynamics.","The last twenty years have seen great advances in the understanding of petroleum and natural gas resulting from the application of new technologies, in particular high-resolution analytical and spectroscopic methods. These advances, coupled with traditional use of natural observation and experimental simulations, have enabled the development of mathematical models which can predict the kinetics of petroleum and natural gas generation and migration in basin models (Tissot and Welte 1984; Allara and Shaw 1980; Savage and Klein 1987; Barth and Nielsen 1993; Freund 1992; Broadbelt et al. 1995; Larter 1984; Horsefield et al. 1989; Domine 1987, 1989; Behar and Vandenbroucke 1988; Ungerer 1990; Burnham and Braun 1990; Lewan 1993, 1997; Leythaeuser et al. 1984; Pepper 1992; Sandvik and Mercer 1990; Sandvik et al. 1991; Stainforth and Reinders 1990; Tang and Stauffer 1994; Tang and Behar 1995; Curry 1995; Behar et al. 1995, 1997; Welte et al. 1997). Based on the results from natural observations, experimental simulations, and mathematical modeling, researchers have established the most important parameters governing the quantity and composition of petroleum and natural gas are temperature, type of organic matter (kerogen), and time (or heating rate) (Tissot and Welte 1984; Horsefield et al. 1989; Ungerer 1990; Burnham and Braun 1990; Lewan 1993, 1997; Behar et al. 1995, 1997; Tang and Behar 1995; Welte et al. 1997). Therefore, there is an increasing need to understand the detailed chemical nature of organic matter (kerogen) as well as the kinetics and mechanisms associated with petroleum and natural gas generation.

Kerogen is a tremendously complex macromolecule which is still insufficiently characterized to develop fundamental, predictive models of thermal cracking …"