"Paper Title","Paper Link","Publication Year","Publication Type","Publication Title","Author Names","DOI","PDF Link","Abstract","Relevant Excerpt"
"On the definition of exergy efficiencies for petroleum systems: Application to offshore oil and gas processing","https://scispace.com/paper/on-the-definition-of-exergy-efficiencies-for-petroleum-4qb8lx58jv","2014","Journal Article","Energy","Tuong-Van Nguyen
Mari Voldsund
Brian Elmegaard
Ivar S. Ertesvåg
Signe Kjelstrup","10.1016/J.ENERGY.2014.06.020","https://orbit.dtu.dk/files/96856864/On_the_definition_of_exergy.pdf","","Title: On the definition of exergy efficiencies for petroleum systems: Application to offshore oil and gas processing Authors: Tuong-Van Nguyen,Mari Voldsund,Brian Elmegaard,Ståle Ertesvåg,Signe Kjelstrup Keywords: Exergy, Efficiency, Petroleum, Oil and gas platforms"
"Purpose in Thermodynamics","https://scispace.com/paper/purpose-in-thermodynamics-2kqpu6i844","2021","Journal Article","Energies","Adrian Bejan
George Tsatsaronis","10.3390/EN14020408","https://scispace.com/pdf/purpose-in-thermodynamics-2kqpu6i844.pdf","This is a review of the concepts of purpose, direction, and objective in the discipline of thermodynamics, which is a pillar of physics, natural sciences, life science, and engineering science. Reviewed is the relentless evolution of this discipline toward accounting for evolutionary design with direction, and for establishing the concept of purpose in methodologies of modeling, analysis, teaching, and design optimization. Evolution is change after change toward flow access, with direction in time, and purpose. Evolution does not have an ‘end’. In thermodynamics, purpose is already the defining feature of methods that have emerged to guide and facilitate the generation, distribution, and use of motive power, heating, and cooling: thermodynamic optimization, exergy-based methods (i.e., exergetic, exergoeconomic, and exergoenvironmental analysis), entropy generation minimization, extended exergy, environomics, thermoecology, finite time thermodynamics, pinch analysis, animal design, geophysical flow design, and constructal law. What distinguishes these approaches are the purpose and the performance evaluation used in each method.","the exergy output, in this order: the decrease in the non-flow exergy inventory (E + P 0 V − T 0 S), the exergy transfer associated with heat transfer from the temperature reservoirs other than the ambient [(1 Exergy Analysis (EA):
 Exergy destruction, and what to do about minimizing it, is not to be confused with the exergy analysis that ended with Equation . Exergy analysis relies solely on the laws of classical thermodynamics. Next, the changes in configuration aimed at reducing exergy destruction to increase . W are an entirely different concept (purpose), on which we focus in the remaining sections. Exergy Analysis (EA):
 Purpose and value are central in exergy analysis, where a product is defined unambiguously  for every system component and process according to its purpose, and where exergy represents the thermodynamic value of a carrier of energy. An exergy analysis provides the most rigorous definitions of thermodynamic efficiency and also the foundation for assigning costs and environmental impacts to energy carriers. Furthermore, an advanced exergy analysis  assesses (a) the part of the exergy destruction that realistically could be avoided in each component or process, and (b) the interactions among the exergy destructions within the different components or processes. In this way we obtain the most complete thermodynamic analysis possible based on the first and second laws, and very useful information on the required changes in the overall system to improve its thermodynamic efficiency. EA forms the basis of the exergy-based methods that include the exergetic, exergoeconomic (Section 4.5), and exergoenvironmental (Section 4.6) analyses, which form a consistent set of powerful analyses from the viewpoints of thermodynamics, economics and ecology. Entropy Generation Minimization (EGM):
 Entropy generation minimization (EGM), or irreversibility minimization, is closely related to exergy analysis, and was developed during the same period . The relation between the two methods rests in the Gouy-Stodola theorem , Entropy Generation Minimization (EGM):
 W lost = T 0 . S gen  which follows from Equation ( ), or from invoking the first law and the second law simultaneously . This theorem states that the amount or rate of exergy destroyed irreversibly within a thermodynamic system or component is equal to the entropy generated in the same system or component times the temperature of the environment. There is only one purpose in EGM (the same as after EA), namely to bring the system to operate closer to the reversible (ideal) limit."
"Exergy Analysis of Solar Cooling Systems","https://scispace.com/paper/exergy-analysis-of-solar-cooling-systems-1jut4pweri","2010","","","Luigi Marletta","","https://scispace.com/pdf/exergy-analysis-of-solar-cooling-systems-1jut4pweri.pdf","","internal, potential, kinetic) may individually undergo quantitative changes, but the overall amount of energy is conserved. The energy balance equation, which quantifies the energy conservation law for a stationary process observed through a control volume, may be stated as follows: Fig. 1. Energy flows across a physical system:
 Q = thermal energy flow crossing the system boundaries (W); P = mechanical power crossing the system boundaries (W); m = mass flow rate entering / leaving the system (kg/s); z = height of the system above a reference level (m); w = mass flow velocity (m/s). h = specific enthalpy measured at the system inlet and outlet (kJ/kg) Fig. 1. Energy flows across a physical system:
 The index of performance derived from such an approach compares the amount of energy required by the final user (either electric, or mechanical, or thermal…) to the total amount of energy exploited by the system, expressed as: Physical System Energy Inlet Energy Outlet:
 Energy released to the user η = Energy provided to thesystem Physical System Energy Inlet Energy Outlet:
 One must realize that such a definition compares different forms of energy. As an example, in the case of a power plant for the production of electric energy, the energy efficiency is defined as: Physical System Energy Inlet Energy Outlet:
 where P is the electric power, and Q th the thermal energy to drive the system. But, as a matter of fact, different forms of energy have different potentials to produce useful work. So the definition of efficiency stated above is a comparison between quantities which are metrically homogeneous but not conceptually equivalent.  The Second Law of Thermodynamics:
 The Second Law of Thermodynamics may help overcome this drawback, on the basis of a rather different approach to system analysis.  The Second Law of Thermodynamics:
 The starting point is that real processes are not reversible and give rise to entropy production: friction, hysteresis, molecular or thermal diffusion are the most common examples of irreversibilities occurring in a real process. The mathematical form of the Second Law most suitable for our purposes is the Clausius equation: where: s = entropy per unit mass (kJ/(kgK)); Q = heat transfer occurring through the system boundaries (W); T = temperature of the environment being involved in the heat transfer (K);  = overall entropy production due to irreversibility (W/K).  The Second Law of Thermodynamics:
 The reader is reminded that, as stated by the Second Law,  ≥0, being  =0 only for ideal (reversible) processes. This relationship is precious to us, as it allows the assessment of entropy production , which is always the unknown of the problem.  The Second Law of Thermodynamics:
 It is intuitive that when dealing with complex systems, it is possible to decompose them into several, more simple subsystems; by evaluating  for each one of them, it is possible to detect the ones most responsible for thermodynamic drawbacks and thus provide corrective measures.  The Gouy-Stodola equation:
 Let us realize that the first law contains a term for work, but no term for irreversibility, whereas the second law contains a term for irreversibility but not for work."
"Unavailability percentage as energy planning and economic choice parameter","https://scispace.com/paper/unavailability-percentage-as-energy-planning-and-economic-110eexduhb","2017","Journal Article","Renewable & Sustainable Energy Reviews","Umberto Lucia
Giulia Grisolia","10.1016/J.RSER.2016.10.064","https://scispace.com/pdf/unavailability-percentage-as-energy-planning-and-economic-110eexduhb.pdf","The unavailability percentage is suggested as an indicator of the level of the technological development in relation to the optimized use of energy. This quantity can be used in economic, and socio-political evaluations because it is related to the exergy lost during a process, and therefore it can provide information on the optimization level obtained through a technology or it can be useful to compare different technologies.","thermodynamic approach for the whole system, based on the quantitative evaluation of the flows of matter and energy which occur in the system and of the consumption rate of the available resources. This information can represent a fundamental support to policy planning and resource management . -Considerations:
 Exergy is a quantity that allows the engineers to design systems with the aim of obtain the highest efficiency at a least cost under the actual technological, economic and legal conditions, but also considering ethical, ecological and social consequences ; indeed, 1. It allows the evaluation of the impact of energy resource utilization on the environment; 2. It allows the evaluation of more efficient energy-resource use, and of the locations, types, and magnitudes of wastes and losses; 3. It is an efficient technique to evaluate if it is possible to design more efficient energy systems by reducing the inefficiencies in existing technologies. Now, we wish to highlight that any effect in Nature is always the result of the dynamic balances of the interactions between the open systems and their environment, and the exchange of energy drives some behaviour of natural systems, i.e. their evolution is driven by the decrease of their free energy in the least time . Exergy is defined as the maximum amount of work obtainable by a system as it comes to equilibrium with its reference environment. So, it represents a measure of the ability of a system to cause changes, due to its non complete stable equilibrium, in relation to the reference environment. Consequently, we highlight that : -Considerations:
 1. The exergy of a system in complete equilibrium with its environment is null; 2. Exergy doesn't follow any conservation law; 3. A system carries exergy proportional to the level of disequilibrium with its environment; 4. Any loss of energy quality results in consumption of exergy. -Considerations:
 Moreover, all the real systems operate on irreversible thermodynamic processes which take place in a finite proper time , its process lifetime. In the analysis of the thermodynamic behaviour of open systems, irreversible processes represent one of the fundamental topic of investigation in thermodynamics. Indeed, the studies on irreversibility are important in the design and development of the industrial devices ; indeed, they allow us to evaluate the dissipations by using entropy generation, and, consequently, to express the usual thermodynamic inequality by means of equations  of the irreversible and non-equilibrium thermodynamics. In thermodynamics, in 1824, Carnot  introduced an ideal engine operating on a reversible cycle without dissipation. This engine convert the absorbed heat in work and, apparently, it has no irreversibility. Carnot proved that :"
"Thermodynamic Analysis of Closed Steady or Cyclic Systems","https://scispace.com/paper/thermodynamic-analysis-of-closed-steady-or-cyclic-systems-3sjjm2chm7","2015","Journal Article","Entropy","Jim A. McGovern","10.3390/E17106712","https://scispace.com/pdf/thermodynamic-analysis-of-closed-steady-or-cyclic-systems-3sjjm2chm7.pdf","Closed, steady or cyclic thermodynamic systems, which have temperature variations over their boundaries, can represent an extremely large range of plants, devices or natural objects, such as combined heating, cooling and power plants, computers and data centres, and planets. Energy transfer rates can occur across the boundary, which are characterized as heat or work. We focus on the finite time thermodynamics aspects, on energy-based performance parameters, on rational efficiency and on the environmental reference temperature. To do this, we examine the net work rate of a closed, steady or cyclic system bounded by thermal resistances linked to isothermal reservoirs in terms of the first and second laws of thermodynamics. Citing relevant references from the literature, we propose a methodology that can improve the thermodynamic analysis of an energy-transforming or an exergy-destroying plant. Through the reflections and analysis presented, we have found an explanation of the second law that clarifies the link between the Clausius integral of heat over temperature and the reference temperature of the Gouy–Stodola theorem. With this insight and approach, the specification of the environmental reference temperature in exergy analysis becomes more solid. We have explained the relationship between the Curzon Ahlborn heat engine and an irreversible Carnot heat engine. We have outlined the nature of subsystem rational efficiencies and have found Rant’s anergy to play an important role. We postulate that heat transfer through thermal resistance is the sole basis of irreversibility.","irreversibility is modelled by the bounding thermal resistances only. Reversible or Irreversible System: The entropy transfer rate associated with a rate of heat transfer Qi through a boundary that is at absolute temperature T i is given by Equation (1). Ṡi = Qi:
 We find it very useful to plot temperature against the cumulative rate of entropy transfer, over the surface of the assembly of Carnot cycle systems or the assembly of irreversible systems that involve heat transfer at two temperatures only, which undergo no net change, and over time. We have that sort of arrangement in mind when we put forward these n isothermal reservoirs. The integer n could have any value up to infinity, and if it is infinity, then we could have smooth temperature glides (over part of the boundary of the surface or over intervals of time). Hence, we can have constant temperatures and/or temperature glides. Amelkin et al.  have considered a multiple reservoir arrangement of the type shown in Figure , both for the case where System A is reversible and where it involves irreversibility. In optimizing the plant for the maximization of power output, they came to the conclusion that not all thermal reservoirs should be chosen. In the present paper, we are not concerned with performing such an optimization, but rather with characterizing the performance of the overall system as it exchanges energy by heat transfer at specified rates with specified isothermal reservoirs."
"A Preliminary Exergy Analysis of the EU DEMO Fusion Reactor","https://scispace.com/paper/a-preliminary-exergy-analysis-of-the-eu-demo-fusion-reactor-1w8q9mvtdh","2019","Journal Article","International Journal of Embedded Systems","Pierfrancesco Palazzo
Fabio Giannetti
Gianfranco Caruso","10.18280/TI-IJES.632-447","https://scispace.com/pdf/a-preliminary-exergy-analysis-of-the-eu-demo-fusion-reactor-1w8q9mvtdh.pdf","Received: 20 March 2019 Accepted: 6 May 2019 Purpose of the present study is the exergy analysis of EU DEMO pulsed fusion power plant considering the Primary Heat Transfer Systems, the Intermediate Heat Transfer System (IHTS) including the Energy Storage System (ESS) as a first option to ensure the continuity of electric power released to the grid. A second option here considered is a methane fired auxiliary boiler replacing the ESS. The Power Conversion System (PCS) performance is evaluated as well in the overall balance. The performance analysis is based on the exergy method to specifically assess the amount of exergy destruction determined by irreversible phenomena along the whole cyclic process. The pulse and dwell phases of the reactor operation are evaluated considering the state of the art of the ESS adopting molten salts alternate heating and storage in a hot tank followed by a cooling and recovery of molten salt in a cold tank to ensure the continuity of power release to the electrical grid. The second option of the plant configuration is evaluated on the basis of an auxiliary boiler replacing the ESS with a 10% of the power produced by the reactor during both pulse and dwell modes.","determines a different available mechanical internal energy. The energy loss in terms of non-useful work interaction released to the reservoir has to be accounted for in the exergy balance of steam turbines. Hence, for a steam turbine stage the following equations apply: Mechanical exergy:
 The steam turbine mechanical exergy balance along a real process is the following: Mechanical exergy:
 where the term 𝑝 𝑅 𝑣 𝑅 (𝑠 𝐼𝑅𝑅 ) 𝑀 represents the mechanical exergy destruction. Irreversible processes and exergy destruction:
 Real processes imply irreversible phenomena determining an amount of entropy production. The Gouy-Stodola theorem ensures the direct relationship between entropy production and exergy destruction as expressed by the following relation : Irreversible processes and exergy destruction:
 A formulation extended to all type of irreversible processes should account for chemical exergy destruction and mechanical exergy destruction, according to the following generalized version of Gouy-Stodola theorem: Irreversible processes and exergy destruction:
 That considers the generalized reservoir conditions at 𝑇 𝑅 , 𝜇 𝑅 and 𝑝 𝑅 ensuring the equality of all thermodynamic potentials and the stable equilibrium state. Exergy balance and exergy efficiency:
 The calculation of exergy balance of a component is obtained considering the difference of exergy content of entering and exiting mass of the same stream through the control volume. However, in case of a single stream entering without exiting or, vice versa, exiting without entering, the exergy property has to be calculated based on the canonical definition with respect to the external reference system or environment. Exergy balance and exergy efficiency:
 The exergy balance is calculated in terms of exergy rate to account for the total exergy associated to the amount of mass contributing to the balance of any plant component. Therefore, for each component the balance is expressed in terms of exergy flows. Exergy balance and exergy efficiency:
 As far as the overall efficiency is concerned, the fuel and product streams are used in the literature to define the exergetic efficiency as follows: Exergy balance and exergy efficiency:
 where the symbols 𝐷 and 𝐹 stand for destruction and fuel respectively. Anyway, for sake of clarity and uniformity, the term input (or inlet) denoted by the symbol 𝐼𝑁 will be here used in lieu of fuel. Exergy balance and exergy efficiency:
 To calculate the exergy rates efficiency, exergy fuel flows considered are thermal power withdrawn from the Breeding Zone, First Wall, Divertor Cassette, Divertor PFCs, and Vacuum Vessel. The pulse-dwell sequence can be considered as a series of exergy contributions. The exergy efficiency pertaining to both modes can be calculated in terms of exergy rates. However, the expression of the overall exergy efficiency relating to the whole pulse-dwell sequence has to be obtained in terms of amount of exergy calculated along pulse and dwell time periods. The overall exergy efficiency accounts for the sum of exergy input and the sum of exergy destruction contributions during pulse and dwell modes. The expression of overall exergy efficiency characterizing ESS and auxiliary boiler configurations become the following:"
"Modelling, analysis and optimisation of energy systems on offshore platforms","https://scispace.com/paper/modelling-analysis-and-optimisation-of-energy-systems-on-n2s1prhbg9","2014","","","Tuong-Van Nguyen
Brian Elmegaard
Peter Breuhaus
Fredrik Haglind","","https://scispace.com/pdf/modelling-analysis-and-optimisation-of-energy-systems-on-n2s1prhbg9.pdf","Nowadays, the offshore production of oil and gas requires on-site processing, which includes operations such as separation, compression and purification. The offshore system undergoes variations of the petroleum production rates over the field life – it is therefore operated far from its nominal operating conditions, which results in poorer performance. The present thesis addresses the question of how offshore platforms should be modelled, analysed and optimised from an energy system perspective. The research challenges can be classified into three main areas: (i) the simulation and assessment of oil and gas facilities, (ii) the means to reduce their performance losses, and (iii) the systematic design of future plants. This work builds upon a combination of modelling tools, performance evaluation methods and multi-objective optimisation routines to reproduce the behaviour of five offshore platforms, quantify the potentials for energy savings, and design more efficient conversion units. The findings show that the differences in the field and operating conditions directly impact the energy demand and performance profiles of these facilities. Most inefficiencies are associated with the combustion, pressure-change and cooling operations, but these processes are ranked differently depending on the plant layout and on the field production stage. The most promising improvements consist of introducing a multi-level production manifold, avoiding anti-surge gas recirculation, installing a waste heat recovery cycle, and implementing a CO2-capture unit. The benefits of such measures vary widely across offshore platforms, pinpointing that no generic improvement can be proposed, and that caution should be exercised when giving recommendations to the stakeholders. Finally, the several studies stress the importance of developing site-scale solutions, which account for the synergies between the processing and utility plants, to enhance the overall platform performance and intensify the petroleum production.","environmental (global warming potential and eco-indicators) performance indicators. The use of multiobjective optimisation routines helps discarding system set-ups that are sub-optimum, and the implementation of uncertainty functions helps eliminating solutions that are not robust or flexible enough. Summary of findings:
 The thermal energy demands vary greatly over the lifetime of a platform, since they are directly affected by the oil and gas flow rates. For instance, the heating demand decreased by 75 % on the Draugen platform between the peak and end-life production stages. The power consumption is not as affected by the variations of the gas production rate, because the flow of gas through the compressors is maintained constant by gas recirculation to prevent surge. However, it is greatly impacted by modifications of the facility, such as the implementation of gas and water injection processes to ease petroleum recovery. Exergy profiles (Chapters 4-6).:
 Most exergy entering an offshore platform (≥ 97 %) is associated with the feed streams and transits through the processing plant with very little transformation, while most exergy leaving it corresponds to the oil and gas flows. Most exergy destruction (60-65 %) takes place in the utility plant because of the combustion process in the gas turbines. The remaining destruction (35-40 %) occurs in the oil and gas processing plant. Most exergy losses are related to the rejection of the exhausts from the power turbines because of their high temperature, and the remaining ones are caused by the flaring and venting operations, as well as by the discharge of produced water. Exergy profiles (Chapters 4-6).:
 The exergy destruction within the processing plant ranges between 12 and 32 MW and between 43 and 517 MJ/Sm 3 o.e.. The distribution of these irreversibilities varies widely across oil and gas facilities: it is sensitive to the boundary and operating conditions, plant layouts, and to the production stages in the field lifetime. In general, thermodynamic irreversibilities are likely significant in processes where pressure is substantially decreased (production manifolds, 10-28 %) or increased (gas recompression and treatment, 11-29 % and 8-57 %), heat is transferred (oil heating and gas cooling), and where gas is recirculated The amounts of exergy destruction in the heat exchangers are likely to decrease over time because of the smaller petroleum extraction rates. The irreversibilities caused by the anti-surge recycling are important in the early-and end-life stages. The exergy losses are dominated by the energy lost with the exhaust gases (≥ 70 %), except for shut-down situations where large quantities of produced gas are flared, and in end-life production stages where high amounts of produced water are discharged to the sea."
"Thermodynamics and sustainable development","https://scispace.com/paper/thermodynamics-and-sustainable-development-42ojcrx6jc","1997","","","Rene Cornelissen","","https://scispace.com/pdf/thermodynamics-and-sustainable-development-42ojcrx6jc.pdf","It is the objective of this thesis to demonstrate exergy analysis as a powerful instrument to obtain sustainable development. An important aspect of sustainable development is the minimisation of irreversibilities caused by the use of non-renewables. In order to limit the scope of this thesis sustainable development associated with production is considered only. The demonstration cases from practice are selected on four levels: components from process units, process units, complete production processes and, finally, products from production processes. This approach requires life cycle analysis aspects to be included in the exergy analysis.","to the maximum amount of work obtainable when the substance under consideration is brought from the environmental state, defined by the parameters T 0 and P 0 , to the reference state by processes involving heat transfer and exchange of substances only with the environment. Chemical exergy:
 For the calculation of the chemical exergy of the reference gases, which form together the reference atmosphere, the work for getting the components at the standard pressure from the partial pressure of the reference state has to be determined. This is done by the following formula: Chemical exergy:
 e ch = RT 0 ln P 0 /P 00  where P 00 is the partial pressure of the component in the reference state. Chemical exergy:
 For non-reference pure components the chemical exergy can be determined by the following formula: Chemical exergy:
 with ∆G 0 is the Gibbs function of formation. ∆G 0 can be calculated from the general relation: Chemical exergy:
 where v k , v j and ∆g k , ∆g j are the stoichiometric coefficients and the molar Gibbs functions of formation, respectively, j is the j-th co-reactant and k is the k-th product. Chemical exergy:
 The chemical exergy for mixtures can be calculated as follows: Chemical exergy:
 e ch, mix. = Σ i x i e ch,i + RT 0 Σ i x i ln γ i x i (1.9) Chemical exergy:
 where x i is the mol fraction of the i-th component, R is the molar gas constant and γ i is the activity coefficient. For ideal solutions the activity coefficient is equal to one. Chemical exergy:
 For many fuels the chemical structure is unknown. To overcome this problem the chemical exergy for this fuels can be estimated on the basis of the net combustion value (NCV). The relation between the NCV and the chemical exergy is: Chemical exergy:
 where φ can be calculated with formulas based on the atomic composition. For different fuel oils and petrol φ is between 1.04 and 1.08. Irreversibility:
 The irreversibility, also called exergy destruction or exergy loss, is calculated by setting up the exergy balance and taken the difference between all incoming and outgoing exergy flows or in formula form Irreversibility:
 Another way of calculating the irreversibility can be done by the Gouy-Stodola formula, in which the entropy increase is multiplied by the environmental temperature, in formula form Energy analysis and exergy analysis:
 In an energy analysis, based on the first law of thermodynamics, all forms of energy are considered to be equivalent. The loss of quality of energy is not taken into account. For example, the change of the quality of thermal energy as it is transferred from a higher to a lower temperature can not be demonstrated in an energy analysis. It shows the energy flow to be continuous. An exergy analysis, based on the first and second law of thermodynamics, shows the thermodynamic imperfection of a process, including all quality losses of materials and energy, including the one just described."
"Irreversibility in river flow","https://scispace.com/paper/irreversibility-in-river-flow-3kqzcs1llk","2015","Journal Article","","Umberto Lucia
Patrizia Buzzi
Giuseppe Grazzini","10.18280/IJHT.34S112","https://scispace.com/pdf/irreversibility-in-river-flow-3kqzcs1llk.pdf","In the last twenty years, the entropy generation approach has been developed in order to analyse complex systems (open and irreversible) The first applications of the entropy generation extrema theorem were developed on energy systems, but recently, it has also been extended to biological systems in order to evaluate their stationary states In this paper, the entropy generation is analyzed in relation to the hydrological and hydraulic behaviour of rivers An example is developed on the Tanaro River in Piedmont (Italy)","3 it is used to analyze the behaviour of Tanaro river. Entropy generation approach: Earth system is far from equilibrium as pointed out by Lovelock . The hydrologic cycle is caused by the vapour concentration out of equilibrium, driven by : Entropy generation approach:
 Updrafts: the vapour is brought to supersaturation Precipitation: the vapour becomes unsaturated when it descends back to the Earth surface Potential energy on the Earth surface associated with the different height Different water state of matter due to temperature gradient on the Earth surface. Entropy generation approach:
 All these disequilibria represent the source of exergy flows due to energy gradients  associated with them . Entropy generation approach:
 In order to study the dissipation of fluid systems entropy has been introduce , for any volume V considered: Entropy generation approach:
 where s is the specific entropy, V is the volume, q is the specific heat power absorbed, T is the temperature and w is the specific lost mechanical power, and such that it is always verified that: Entropy generation approach:
 with Q J heat power flux density. Gibbs introduced the available energy, named exergy, defined as the maximum useful work obtained if a system is in thermodynamic equilibrium with the environment with a process in which the system interacts only with it . The available work lost in an irreversible process, the exergy lost, called also as anergy or exergy dissipation, can be obtained as: Entropy generation approach:
 This relation is known as the Gouy-Stodola theorem . It represents a fundamental approach in engineering analysis of the irreversibility of open systems, useful to evaluate the work lost for irreversibility using the entropy generation balance . Starting from this theorem, since 1995 we are carrying on a theoretical and phenomenological approach based on entropy generation in order both to introduce a principle of analysis for irreversibility in engineering and science  phenomena. The mathematical basis of this approach is the variational calculus, too, and some phenomenological hypothesis as follows : Entropy generation approach:
 1. a real open irreversible linear or non-linear system is considered; 2. each process has a finite lifetime ; Entropy generation approach:
 3. what happens in each instant in the range [0, ] cannot be known, but what was happened after the time (the result of the process) is well known (at least it is sufficient to wait and observe is required only to define temperature and entropy; 4. the entropy balance equation is a balance of fluxes of entropy and energy. The result obtained consists in the conditions of stability of a stationary state for an open system : Entropy generation approach:
 where W 1 is the lost work required to maintain the state 1 of the open system at the temperature T 1 T 0 , with T 0 environment temperature. This relation proves that:"
"Evaluating the Gouy-Stodola Theorem in Classical Mechanic Systems: A
  Study of Entropy Generation","https://scispace.com/paper/evaluating-the-gouy-stodola-theorem-in-classical-mechanic-28tbq1r5","2022","Posted Content","","","10.48550/arxiv.2206.09715","https://scispace.com/pdf/evaluating-the-gouy-stodola-theorem-in-classical-mechanic-28tbq1r5.pdf","We propose to apply the entropy generation $(\dot S_{gen}$) concept to a mechanical system: the well-known simple pendulum. When considering the ideal case, where only conservative forces act on the system, one has $\dot S_{gen}=0$, and the entropy variation is null. However, as shall be seen, the time entropy variation is not null all the time. Considering a non-conservative force proportional to the pendulum velocity, the amplitude of oscillations decreases to zero as $t$ grows. In this case, $\dot S_{gen}>0$ indicates that it is related to energy dissipation, as stated by the Gouy-Stodola theorem. Hence, as shall be seen, the greater the strength of the non-conservative force, the greater are both the energy dissipation and the time rate of entropy variation. ","Title: Evaluating the Gouy-Stodola Theorem in Classical Mechanic Systems: A Study of Entropy Generation Authors: R H Longaresi (Corresponding Author),S D Campos Keywords: Gouy-Stodola Theorem, Entropy, Entropy Generation"
"Entropy production in the inflationary epoch using the Gouy–Stodola theorem","https://scispace.com/paper/entropy-production-in-the-inflationary-epoch-using-the-gouy-1d9abgtp","2022","Journal Article","International Journal of Modern Physics A","","10.1142/s0217751x22501494","https://scispace.com/pdf/entropy-production-in-the-inflationary-epoch-using-the-gouy-1d9abgtp.pdf","In this work, we use the Gouy-Stodola theorem to calculate the entropy production rate in the inflationary epoch of the universe. This theorem allows us the simple calculation of entropy and entropy production rate occasioned by the decaying of the inflaton scalar field. Both the entropy and entropy production rate achieve large values, agreeing with the expected values present in the literature. ","Title: Entropy Production in the Inflationary Epoch Using the Gouy-Stodola Theorem Authors: R H Longaresi,S D Campos I. INTRODUCTION:
 The laws of thermodynamics are one of the cornerstones of physics, and the second law possesses the same importance as the energy conservation law. Nonetheless, correctly defining entropy is a difficult task because it depends strongly on the physical properties of the system under study. For example, the entropy can be related to one-quarter of the black hole event horizon area , or Shannon's information disorder approach , or energy dissipation in the classic thermodynamics approach. Moreover, the correct definition of entropy is a problem that permeates several issues, for example, the study of entropy production in rotating black holes , in the so-called Ekpyrotic universe , in Szekeres spacetimes , quark-gluon plasma , light clusters , and decoherence processes , among others. I. INTRODUCTION:
 In classical mechanics, the existence of non-conservative forces interferes with entropy production, resulting in they should be taken into account for the correct system description. According to literature, there are different ways to include entropy calculation in classical mechanics, such as the canonical Hamiltonian or Lagrangian formalism. These formalism allows calculating the rate of entropy production  as well as considering dissipative processes  or the method of molecular dynamics by modifying the Newtonian dynamics . I. INTRODUCTION:
 In mechanical systems, entropy generation can be computed through the Silverberg and Widom approach  or by the Gouy-Stodola theorem , for instance. This theorem is a less known result even in engineering, where its formal applicability conditions are not clearly stated. However, its original formulation is mathematically quite simple: The work lost in an open system is directly proportional to the amount of entropy generated in the process . The work lost by the system, in its turn, is given by the difference between the work done by the reversible (free of damping forces) and the irreversible processes, where different kinds of drag forces can be introduced. It should be noted this theorem hold even for adiabatic systems . I. INTRODUCTION:
 In the present paper, we first introduce the rate of entropy production given by the Gouy-Stodola theorem by considering two different systems. The first system is a simple pendulum subject to a damping force. After that, we modify the system introducing the possibility of the parametric resonance mechanism but still considering the same damping force. In both mechanical conditions, one obtains the entropy produced as stated by the Gouy-Stodola theorem. I. INTRODUCTION:
 As the second and most important step, we apply the Gouy-Stodola theorem for a system taking into account parametric resonance to the particle production in the early universe. In the simple case of the scalar inflaton field φ decaying into a scalar χ particle, the entropy production for φ can be calculated using the damping term of the equation of motion for the inflaton. For the χ particles, is used the same method. As well-known, exponential particle production due to the parametric resonance mechanism can fastly populate the universe . Thus, entropy production due to this effect may be an important ingredient in explaining the huge amount of entropy observed in the universe ."
"Development of a Community Heat Supply System towards Increased Sustainability","https://scispace.com/paper/development-of-a-community-heat-supply-system-towards-4gcn1ry13i","2018","","","Ivar Baldvinsson","","https://scispace.com/pdf/development-of-a-community-heat-supply-system-towards-4gcn1ry13i.pdf","Heat supply to buildings is a common necessity in any modernized community that experiences cold or cool seasons for providing space heating and hot water. This energy service demand contributes to large share of the total energy demand of the built environment, which is growing with increased urbanization, and it can be responsible for majority of the total energy consumption of residential and commercial sectors in societies experiencing cold winters. The heat supply system paradigm in Japan is based on individual room-based, forced air heating units that rely on imported fossil fuels such as kerosene, natural gas and fossil fuel-based grid electricity. The heat supply system paradigm is therefore a major culprit in emitting anthropogenic greenhouse gases causing climate change with additional environmental impact due to exploration and shipping of massive loads of fossil fuel for importation. The heat supply system is also highly inefficient from thermodynamic perspective as high quality fuel, i.e. fossil fuel, is used to provide low quality heat for buildings, causing massive degradation of the energy flow. The aim of this thesis is to address the sustainability issues of the prevailing heat supply system paradigm and to propose a district heating system as an alternative and investigate its potential in the context of sustainable development. The research builds on the notion that the thermodynamic property exergy is a key indicator for achieving high performance heat supply due to its attractive characteristics of linking together energy, environment and","temperature on a kelvin scale and as the entropy generation can never be negative the same goes for the lost available work. The lost available work is also defined as the difference between the work transfer rate and the work transfer potential if the process were reversible. Exergy:
 The first law of thermodynamics states that energy cannot be destroyed. The second law however prescribes that there is always some loss of available work potential between interacting systems at different states due to irreversibility. Exergy is a property associated with the second law with the function of expressing the amount of maximum available work potential between interacting systems obtainable as the systems reach thermodynamic equilibrium. I.e. it gives information on the quality of any energy source and the maximum theoretical work obtainable as a system moves towards equilibrium with its environment, at which point the exergy becomes zero. Szargut defines exergy as so : Exergy:
 ""Exergy is a measure of a quality of various kinds of energy and is defined as the amount of work obtainable when some matter is brought to a state of thermodynamic equilibrium with the common components of the natural surroundings by means of reversible processes, involving interaction only with the above mentioned components of nature."" Exergy:
 The theoretical maximum work potential is obtained using a reversible process. But just as any process of a system and its surroundings leads to entropy generation, there is always some exergy destroyed. In other words, exergy is destroyed due to entropy generation indicating the loss of available work. Shukuya explains the relationship between exergy and entropy as : Exergy:
 ""Exergy is defined as a measure of dispersion potential of energy and matter, while entropy is defined as a measure that indicates the dispersion of energy and matter"". Exergy:
 In that sense the lost available work in the Guoy-Stodola theorem in ( 2.2 ) can also be referred to as exergy destruction . Just as energy consists of different components, the total exergy of a system can be divided between physical exergy, kinetic exergy, potential exergy and chemical exergy. Exergy application:
 In light of the special characteristics of exergy, it has been used for analysing the performance of various systems involving thermally active components in recent decades. Exergy application:
 The benefit of exergy analysis over energy analysis lies in its ability to reveal the true losses of a process quantitatively and how far it is from the ideal utilization of the driving input of the process. The exergy analysis can also pinpoint the location and main cause of the irreversibilities more clearly than energy analysis ). These information are very useful for system designers and operators to allocate main true process deficiencies and for example help allocate R&D work to reach the most performance improvement of the system or see what component or fuel to replace to achieve the greatest gain. Exergy application:
 Exergy has been applied for the purpose of analyzing and designing various thermal and chemical processes by large number of researchers. It has for example been used to study or improve design of industrial systems ), national economic sectors (Utlu and Hepbasli 2007), thermal energy storage , drying processes ) and sewage sludge processing for methanol generation . The list of topics and number of studies subject to exergy analysis is quite extensive and won't be discussed further here."
"Detailed Analysis of Exergy Destruction of All Basic Types of Heat Exchangers","https://scispace.com/paper/detailed-analysis-of-exergy-destruction-of-all-basic-types-351q2g6z","2022","Journal Article","Processes","Martin Rauch
Saša Mudrinić
Antun Galović","10.3390/pr10020249","https://scispace.com/pdf/detailed-analysis-of-exergy-destruction-of-all-basic-types-351q2g6z.pdf","Dimensionless expressions of exergy destruction, normalized to ambient temperature and heat capacity of the weaker stream, for all basic types of recuperators are derived. The analytical expressions for maximum exergy destruction were calculated using the GNU Octave software for all recuperators, namely parallel-flow and counter-flow recuperators, and all forms of cross-flow heat exchangers, namely without mixing of streams, only mixing the streamlines of the weaker stream, only mixing the streamlines of the stronger stream and mixing the weaker and stronger streams. For parallel-flow and counter-flow recuperators, as well as for their special cases, expressions for local and total exergy destruction are given. It is shown that the maximum exergy destruction, as a local extreme, is the same for all recuperators for mutually equal values of the quantities π3 (ratio of the heat capacity of the weaker stream to the heat capacity of the stronger stream) and πT (ratio of the inlet temperature of the stronger stream to the inlet temperature of the weaker stream). The ratio of exergy destruction to effectiveness of each basic type of recuperator is further analyzed. The obtained results are presented and interpreted in appropriate dimensionless diagrams.","M.R., formal analysis, A.G., investigation, M.R. and S.M., writing-original draft preparation, M.R., writingreview and editing, A.G. and S.M., visualization, M.R. and S.M., supervision, A Introduction:
 Back in 1938, Professor Bošnjaković wrote the pioneering paper ""Kampf den Nichtumkehrbarkeiten"" , which states the fact that in all thermal problems it is necessary to detect causes of irreversibility and to reduce them if possible. Shortly afterward, Professor Rant introduces the notion of exergy which is also directly related to irreversibilities in the observed process . Each process, according to the second law of thermodynamics, generates a positive increase in entropy which when multiplied by the thermodynamic ambient temperature, according to the Gouy-Stodola theorem , denotes exergy destruction. Many scientific books, as well as many scientific papers, have been written in which numerous thermal problems are analyzed from the aspect of entropy or exergy. The concepts of irreversibility, entropy generation and exergy destruction are well known and were described decades ago by Bejan ."
"Exergy-Based Efficiency Analysis of Pyrometallurgical Processes","https://scispace.com/paper/exergy-based-efficiency-analysis-of-pyrometallurgical-1kiair3n8l","2010","Journal Article","Metallurgical and Materials Transactions B-process Metallurgy and Materials Processing Science","Bart Klaasen
Peter-Tom Jones
Dirk Durinck
J. O. Dewulf
Patrick Wollants
Bart Blanpain","10.1007/S11663-010-9424-Y","https://scispace.com/pdf/exergy-based-efficiency-analysis-of-pyrometallurgical-1kiair3n8l.pdf","Exergy-based efficiency analysis provides a powerful tool for optimizing industrial processes. In this article, the use of this technique for pyrometallurgical applications is explored in four steps. First, the exergy concept is introduced, the outline of exergy calculations is presented, and the role of a reference state is discussed. Second, it is shown that an unambiguous exergy calculation for pyrometallurgical streams with a complex, unknown phase composition is not straightforward. Hence, a practical methodology is proposed in which a suitable phase-based stream description is estimated prior to the actual exergy calculation. For this, the equilibrium phase composition is calculated, whereas all known stream properties are incorporated as boundary conditions. Third, the proposed methodology is validated by recalculating literature results. This reveals significant deviations for exergy values of the same pyrometallurgical streams. Our results are probably more accurate because of the incorporation of additional phase-related information. And fourth, a full analysis of a zinc-recycling process is presented. In a base case scenario, the total exergetic efficiency turns out to be only 1.2 pct. Based on this result, different process modifications are suggested and evaluated quantitatively. We find that significant efficiency gains are possible.","irreversibilities can be calculated according to the relation of Gouy-Stodola : Exergy calculation: where S  is the total amount of entropy generated in the system and the environment due to the irreversibilities in the process. Exergy content of energy streams:
 Reconsider the ideal Carnot process operating between a high temperature heat reservoir and a reference environment. The work generated in this reversible process equals the exergy content of the high temperature heat stream. Therefore, the exergy content of a thermal energy stream can be calculated through the use of the Carnot efficiency  c : 0 . Exergy content of energy streams:
 For most other energy streams in pyrometallurgical applications the exergy content equals the energy content. An integral transformation of e.g. electrical or mechanical energy streams into useful work without any emission streams is possible in theory. Exergy content of mass streams:
 Analogous to a thermal energy stream that derives exergy from a temperature difference compared to the environment, a mass stream derives exergy from a deviant composition, pressure or temperature. The exergy in a mass stream can be calculated in three steps as the work that is required to separate this stream from its reference environment using reversible processes. Due to the reversible character of these processes, it is exactly the same amount of work that can be exerted by the stream during the evolution toward equilibrium with the environment. Figure  illustrates these steps. Exergy content of mass streams:
 The standard molar exergy These values, which are dependent on the reference environment, are tabulated in literature  . The choice of the environment will be discussed in the next paragraph. Exergy content of mass streams:
 2. In the second step, still at reference conditions (p 0 , T 0 ), the different phases i in the stream are formed. The formation energy , fi G  equals the work that is generated/required in this step and indicates the exergy difference between the stream of individual elements and the actual stream at reference conditions. At this point, the exergy is solely derived from chemical phenomena and is often referred to as the chemical exergy of the stream: Exergy content of mass streams:
 Notice here that the phases in a stream are not necessarily stable at reference conditions. This is e.g. the case for a stream of steam. Since the stable state of water at reference conditions is the liquid state, and not the vapor phase, the formation energy f G  for water vapor needs to be extrapolated for T 0 , p 0 conditions. Exergy content of mass streams:
 3. In the final step, physical phenomena are also taken into account by calculating the work required to change the temperature and pressure of the stream from reference conditions to the actual stream conditions. This work involves a change in enthalpy and entropy and equals the physical exergy of the stream, as is outlined by Moran and Sciubba  : Exergy content of mass streams:
 In summary, the total exergy of the stream can be calculated as: The reference state:
 The choice for a reference environment will influence the result of an exergy calculation through the ref k"
"Exergy and economic analyses of advanced IGCC–CCS and IGFC–CCS power plants","https://scispace.com/paper/exergy-and-economic-analyses-of-advanced-igcc-ccs-and-igfc-1f4hazz64w","2013","Journal Article","Applied Energy","Nicholas S. Siefert
Shawn Litster","10.1016/J.APENERGY.2013.02.006","https://www.cmu.edu/me/tpes/publications/siefert2013_apen.pdf","","al. and Gerdes et al. . In addition, we analyze at what price of natural gas and at what price of CO 2 emissions can advanced coal based power plants with CCS compete economically with natural gas combined cycle power plants (NGCCs). System and exergy analysis:
 Exergy and thermo-economic analyses date back to at least the 1960s , and have been reviewed by El-Sayed . Exergy is not a standard thermodynamic variable because the exergy of a system is given with respect to the temperature, pressure and composition of the Earth's atmosphere, which is not the same at different times or locations. Our assumed standard state is the following: 25 °C, 0.10 MPa, and a molar gas composition of 78% N 2 , 20% O 2 ,2 % H 2 O, and 0.04% CO 2 . The exergy of a system is the maximum useful work that can be generated during a process that brings the system into thermal, chemical and mechanical equilibrium with the system's environment. Exergy can exist in multiple forms, such as thermo-mechanical exergy and chemical exergy; there are also corresponding forms of exergy for kinetic, potential, and electrical energy. If ignoring the potential and kinetic exergy of the flow, the molar exergy of a substance flowing into or out of a control volume can be defined as: ê ¼ð ĥ À ĥ0 ÞÀT 0 ðŝ À ŝ0 ÞþR i x i ðl i À li 0 Þð 1Þ where ĥ is the molar enthalpy, T is the temperature, ŝ is the molar entropy, x i is the mole fraction of species i, and li is the chemical potential of species i at standard temperature and pressure. Terms without the naught symbol are for the system, and terms with the naught symbol are for the environment. The exergy of a substance cannot be negative, and it is only equal to zero when the substance is in thermal, chemical and mechanical equilibrium with its environment. By combining the first and second laws of thermodynamics for open, steady-state processes, one obtains the exergy balance equation: System and exergy analysis:
 where _ W useful is the amount of useful mechanical and electrical work generated from the system, _ n i is the molar flow rate into or out of the control volume of component i, T k is the temperature at which heat _ Q k flows out of or into the control volume, T 0 is the reference temperature of the environment, and _ r irr is the rate of entropy generation inside of the control volume due to irreversible processes. It is these irreversible processes, such as the flow of particles across gradients in temperature, pressure or chemical composition, which cause exergy destruction. When exergy is destroyed, there is a loss in the amount of useful work available that can be generated from the original exergy available to the system. The amount of exergy destruction is given by the Gouy-Stodola theorem :"
"Numerical Investigation of Exergy Loss of Ammonia Addition in Hydrocarbon Diffusion Flames","https://scispace.com/paper/numerical-investigation-of-exergy-loss-of-ammonia-addition-1z0gw5jd","2022","Journal Article","Entropy","Haifeng Sun
Zhong Kai Zhang
Hanxiao Sun
Bin Yao
Chun Lou","10.3390/e24070922","https://scispace.com/pdf/numerical-investigation-of-exergy-loss-of-ammonia-addition-1z0gw5jd.pdf","In this paper, a theoretical numerical analysis of the thermodynamics second law in ammonia/ethylene counter-flow diffusion flames is carried out. The combustion process, which includes heat and mass transfer, as well as a chemical reaction, is simulated based on a detailed chemical reaction model. Entropy generation and exergy loss due to various reasons in ammonia/ethylene and argon/ethylene flames are calculated. The effects of ammonia addition on the thermodynamics efficiency of combustion are investigated. Based on thermodynamics analysis, a parameter, the lowest emission of pollutant (LEP), is proposed to establish a relationship between the available work and pollutant emissions produced during the combustion process. Chemical reaction paths are also analyzed by combining the chemical entropy generation, and some important chemical reactions and substances are identified. The numerical results reveal that ammonia addition has a significant enhancement on heat transfer and chemical reaction in the flames, and the total exergy loss rate increases slightly at first and then decreases with an increase in ammonia concentration. Considering the factors of thermodynamic efficiency, the emissions of CO2 and NOx reach a maximum when ammonia concentration is near 10% and 30%, respectively. In terms of the chemical reaction path analysis, ammonia pyrolysis and nitrogen production increase significantly, while ethylene pyrolysis and carbon monoxide production decrease when ammonia is added to hydrocarbon diffusion flames.","i,k is the production rate of kth species and ith reaction. Exergy Loss Rate: Furthermore, according to the Gouy-Stodola equation, the exergy loss due to the irreversibility of various processes can be obtained as : Exergy Loss Rate:
 where T 0 is the ambient temperature, and S c , S di f f and S ch are total entropy generation due to heat conduction, mass diffusion, and chemical reactions, which can be obtained by integrating the local entropy generation along the volume. Exergy Loss Rate:
 Due to the incompleteness of the combustion process, the exergy carried by products of combustion process is unavailable in the energy utilization system. Therefore, it is also considered as exergy loss and can be calculated as follows : Exergy Loss Rate:
 where . m is the mass flow rate and e st ex is the standard chemical exergy of exhaust mixture after combustion. Therefore, the exergy loss ratio due to various reasons can be calculated as follows: Exergy Loss Rate:
 where e F is exergy carried by the fuel and oxidant. It is worth noting that, due to the flow characteristics of the count-flow flame, a part of the fuel leaves the combustion area without participating in the combustion. Therefore, part of the fuel is not considered in the thermodynamics analysis. Results:
 The mole fraction and velocity of fuel and oxidizer are shown in Table . As shown in Table , the mixtures of ammonia and ethylene, as well as argon and ethylene are considered fuels, in which the concentration of ammonia and argon is increased from 0 to 40%, respectively. The mixture of oxygen and nitrogen is considered an oxidant and the concentration of oxygen is set as 25%, while the inlet velocity of fuel and oxidizer is set as 16 cm/s. The ambient temperature and pressure are set as 298 K and 1 atm, respectively. The variations in exergy loss rate due to the irreversibility of heat conduction with the concentrations of argon and ammonia in the fuel are shown in Figure . According to Figure , the exergy loss rate due to heat conduction in an ammonia/ethylene flame increases from 0.064 to 0.072 when the concentration of ammonia increases from 0 to 40%."
"Sustainable Energy Systems: Efficiency and Optimization","https://scispace.com/paper/sustainable-energy-systems-efficiency-and-optimization-18cer37a","2022","Book","","","10.3390/books978-3-0365-1585-4","https://scispace.com/pdf/sustainable-energy-systems-efficiency-and-optimization-18cer37a.pdf","This book explores how the concepts, methods and tools of systemic analyses have been utilised in various contexts, and at different levels, to improve the efficiency and optimisation of sustainable energy systems. ","Guoy-Stodola theorem (Equation ( )). As exergy is always dependent on a reference state; it is usually described by the reference pressure p 0 and reference temperature ϑ 0 . Commonly this reference is the ""standard atmosphere"". Fundamentals: Exergy, Exergy Destruction and Exergy Losses:
 Exergy losses B L are caused by exergy transfers over the system boundaries. That might be work, heat or physical streams that cannot be further utilised. Examples are heat losses in a district heat network or flue gas exhaust streams from boilers. Exergy Analysis: Tools and Methodologies:
 So far, for exergy analysis several tools and methodologies have been developed . Examples are the the cumulative exergy consumption , the exergetic cost theory , thermoeconomics  or the extended exergy analysis . They all share the same major goal to help to improve the system design, even though they have different system boundaries. As exergy is the potential to conduct work, it is especially suited as a common base in MES where different energy forms with different exergy contents are compared . Exergy Analysis: Tools and Methodologies:
 Cumulative exergy consumption (CExC) and the exergetic cost methodology extend exergy analysis of a single process beyond its boundaries to include all processes from natural resources to the final product. They both use a ""fuel-product concept"", where for any system a fuel exergy and a product exergy can be defined. Their exergetic definitions depend on the requirements of the task . CExC analysis was introduced by Szargut in 1957  and includes all exergetic expenses from raw materials to the final product . The exergetic cost theory was introduced by Valero et al.  and is defined as ""the sum of exergy contained in all resources entering the supply chain of the selected product or process"" . In this case, the term ""cost"" is the exergetic expenditure and has not monetary relation. Even though both methods use a different formalisation, their results are equivalent . Exergy Analysis: Tools and Methodologies:
 Both methodologies are applied to different fields. Szargut et al.  proposed the the CExC method to improve the ""cumulative degree of perfection of chemical processes"". Applications in energy conversion deal with an oxy-fuel combustion plant , or an organic Rankine cycle for waste heat power generation . Valero et al.  applied the exergetic cost theory to the CGAM problem  and represented the productive structure explicitly, which allows optimisation at a local level. Lozano and Valero  performed an exergetic cost analysis on a steam boiler in a thermal generating station. In this study, the authors analysed variations in the exergetic costs of the total product and their causes in order to draw conclusions on the boiler's real performance. As seen in Misra et al. , the application of exergetic costs to a LiBr/H 2 O vapour absorption refrigeration system enables an approximate optimum design configuration."
"Irreversibility in river flow","https://scispace.com/paper/irreversibility-in-river-flow-2k9olti9h0","2016","Journal Article","International Journal of Heat and Technology","Umberto Lucia
Patrizia Buzzi
Giuseppe Grazzini","10.18280/IJHT.34SP0112","https://scispace.com/pdf/irreversibility-in-river-flow-2k9olti9h0.pdf","In the last twenty years, the entropy generation approach has been developed in order to analyse complex systems (open and irreversible). The first applications of the entropy generation extrema theorem were developed on energy systems, but recently, it has also been extended to biological systems in order to evaluate their stationary states. In this paper, the entropy generation is analyzed in relation to the hydrological and hydraulic behaviour of rivers. An example is developed on the Tanaro River in Piedmont (Italy)","irreversibility. Entropy has been successfully introduced in the hydraulic and hydrological analyses pointing out how this quantity can be effective in these studies. In the last two decades many results have been obtained just in irreversible thermodynamics useful to evaluate quantitatively many natural phenomena . INTRODUCTION:
 The aim of this paper is to present the entropy generation extrema theorem  use in river flows analysis as a first step for a future possible quantitative approach to hydrology and hydraulics in order to evaluate the evolution and the behaviour of water flows  and effects. To do so in Section 2 the entropy generation approach is developed, in Section 3 it is used to analyze the behaviour of Tanaro river. ENTROPY GENERATION APPROACH:
 Earth system is far from equilibrium as pointed out by Lovelock . The hydrologic cycle is caused by the vapour concentration out of equilibrium, driven by  All these disequilibria represent the source of exergy flows due to energy gradients  associated with them . ENTROPY GENERATION APPROACH:
 In order to study the dissipation of fluid systems entropy has been introduce , for any volume V considered: ENTROPY GENERATION APPROACH:
 where s is the specific entropy, V is the volume, q is the specific heat power absorbed, T is the temperature and  w is the specific lost mechanical power, and such that it is always verified that: ENTROPY GENERATION APPROACH:
 Gibbs introduced the available energy, named exergy, defined as the maximum useful work obtained if a system is in thermodynamic equilibrium with the environment with a process in which the system interacts only with it . The available work lost in an irreversible process, the exergy lost, called also as anergy or exergy dissipation, can be obtained as: ENTROPY GENERATION APPROACH:
 This relation is known as the Gouy-Stodola theorem . It represents a fundamental approach in engineering analysis of the irreversibility of open systems, useful to evaluate the work lost for irreversibility using the entropy generation balance . ENTROPY GENERATION APPROACH:
 Starting from this theorem, since 1995 we are carrying on a theoretical and phenomenological approach based on entropy generation in order both to introduce a principle of analysis for irreversibility in engineering and science  and to obtain a computational approach related to the 'natural' behavior of the phenomena. The mathematical basis of this approach is the variational calculus, while the physical basis is the principle of least action and the Noether's theorem too, and some phenomenological hypothesis as follows  The result obtained consists in the conditions of stability of a stationary state for an open system : ENTROPY GENERATION APPROACH:
 where W 1 is the lost work required to maintain the state 1 of the open system at the temperature T1 ≠ T0, with T0 environment temperature. This relation proves that: ENTROPY GENERATION APPROACH:
 o the entropy generation has an upper limit for non equilibrium states;"
"Comparação termodinâmica e ambiental (emissões de CO2) das rotas de produção e utilização de combustíveis veiculares derivados de petróleo e gás natural, biocombustíveis, hidrogênio e eletricidade (veículos elétricos).","https://scispace.com/paper/comparacao-termodinamica-e-ambiental-emissoes-de-co2-das-4ytwoymbws","2014","Dissertation","","Daniel Alexander Flórez-Orrego","10.11606/D.3.2014.TDE-23122014-154428","https://scispace.com/pdf/comparacao-termodinamica-e-ambiental-emissoes-de-co2-das-4ytwoymbws.pdf","","controle que evolui desde um estado 1 até um estado 2 pode ser determinado pela Eq. (3.41): Balanços de exergia.: Ou, por extenso, pela Eq. (3.42): Balanços de exergia.:
 Sendo b a exergia da massa que ingressa ou sai do volume de controle, dada pela Eq. (3.43):  .42) pode ser exprimida mais convenientemente em termos de taxas de variação como: Balanços de exergia.:
 na Eq.(3.44) é conhecido como a taxa de destruição da exergia, resultado da degradação da energia e é diretamente proporcional à taxa de geração de entropia. Devido a que esta grandeza representa a possibilidade perdida de gerar trabalho útil, a mesma se conhece também como irreversibilidade ou ""máximo trabalho perdido"", embora esse último termo não seja adequado. Na seção a seguir, é ilustrado o Teorema de Gouy e Stodola, o qual relaciona a exergia destruída com a entropia gerada e uma propriedade do ambiente. Irreversibilidade e Principio da diminuição da exergia.:
 O trabalho reversível é a quantidade máxima de trabalho que pode ser feita (ou o trabalho mínimo que deve ser fornecido) quando um sistema experimenta um processo entre dois estados inicial e final especificados, interagindo somente com o ambiente de forma reversível. Irreversibilidade e Principio da diminuição da exergia.:
 Quando o trabalho final é o mesmo estado morto, então o trabalho reversível é exatamente igual à exergia do sistema . Irreversibilidade e Principio da diminuição da exergia.:
 As irreversibilidades ocorrem em qualquer tipo de processo natural e, de acordo com a Segunda Lei, são o fenômeno que impede a extração do máximo trabalho possível das diferentes fontes energéticas. De fato, nos processos naturais uma parte do potencial de trabalho é perdida devido às irreversibilidades; nesses casos tal quantidade é proporcional à geração de entropia . Dessa forma, o desempenho de um sistema pode ser melhorado se a irreversibilidade é reduzida."
"Entropy Generation in Periodic Regenerative Heat Exchanger due to Finite Temperature Difference","https://scispace.com/paper/entropy-generation-in-periodic-regenerative-heat-exchanger-1pr9ihvtuf","2008","Journal Article","International Journal of Thermodynamics","K. Pitchandi
Elumalai Natarajan","10.5541/IJOT.1034000225","https://scispace.com/pdf/entropy-generation-in-periodic-regenerative-heat-exchanger-1pr9ihvtuf.pdf","This paper describes the second law of thermodynamics analysis of a regenerative heat exchanger. The analysis is based on the fact that the dimensionless parameters, known as the reduced periods and reduced length, are the characteristic variables to describe the heat exchanger. The solid matrix in the heat exchanger passage is discretized using trapezoidal rule and the elemental matrix is taken as a thermodynamic system. The second law of thermodynamics is applied to the system and the entropy generation equation is obtained using the dimensionless numbers Reduced period (Π) and Reduced length (Λ) in each element. In the present paper, the variation of entropy generation due to reduced length and reduced period is studied. The influence of the effectiveness of the heat exchanger on entropy generation is also highlighted.","(when t 0 = 0) is given by: Solution of equation (19): The A j values are constants of integration. When t 0 = t 0 (η) the particular solution to equation ( ) is given by: Solution of equation (19):
 and the symbol ∫ −r n indicates (n-r) indefinite integrations of the function exp(-aη)G 0 (η). Given the general and particular solutions to equation ( ), together with equation ( ), all the required temperatures can be calculated. Solution for constant inlet temperatures In this case we have t 0 (η) = 1 and 0 ) ( t 0 = η′ ′ which yields: Solution of equation (19):
 The particular solution R, now takes the form: Solution of equation (19):
 From equations ( ), ( ) and ( ) we obtain the temperatures of the matrix elements as Solution of equation (19):
 For the fluid temperatures equations ( ), ( ) and ( ) are used to give: Solution of equation (19):
 Applying equations (29 -31) to the reversal conditions ( ) and ( ) yields 2(N + 1) equations in the 2(N + 1) unknowns A j , A' j : Solution of equation (19):
 At the hot and cold fluid entrances, the corresponding equations are: Solution of equation (19):
 In equations ( ) -( ) the α r, α' r values are calculated at η = Π and η' = Π', respectively. In the important case of the symmetric regenerative heat exchanger, where Λ = Λ' and Π = Π', it can be shown that (A j + A' j ) is equal to zero and the number of equations required is halved. t' n:
 The first and second laws of thermodynamics, taken together, state that the entropy generated by any engineering system is proportional to the work lost (destroyed) irreversibly by the system. This truth is expressed concisely as the Gouy-Stodola Theorem ). Here W lost is the lost available work (lost availability, or lost exergy) , T o is the absolute temperature of the environment, and S gen is the entropy generated in each compartment of the system. Equation ( ) implies that the thermodynamic irreversibility (entropy generation) of each system component contributes to the aggregate loss of available work in the system (W lost ). t' n:
 Heat flow in regenerative heat exchanger during hot and cold periods are given in the Figure . Hence during the hot period, t' n:
 similarly during the cold period, t' n:
 Adding the S genc and S genh yields the total entropy generation during one cycle (hot and cold period), t' n:
 In the calculation of entropy generation (equation 45) the effect of reversal period is not taken into the account. T o is independent of the system variables and it is constant. Therefore equation ( t' n:
 δQ and δQ' can be calculated using equations, ( ) and ( ) respectively. The integration in equation ( ) is carried out numerically using Simpson's 3/8 th rule, which provides more accuracy than the Simpson's 1/3 rd rule (Rice and Do 1995). In the above equation,"
"Produção de hidrogênio em refinarias de petróleo: avaliação exergética e custo de produção.","https://scispace.com/paper/producao-de-hidrogenio-em-refinarias-de-petroleo-avaliacao-25cudn8vaj","2010","Dissertation","","Flávio Eduardo da Cruz","10.11606/D.3.2010.TDE-17082010-123008","https://scispace.com/pdf/producao-de-hidrogenio-em-refinarias-de-petroleo-avaliacao-25cudn8vaj.pdf","Pure hydrogen (H2) is an useful gas in chemical and petrochemical industries because it reacts easily with several other elements. On refineries, hydrogen is used to sequestrate sulphur from diesel and gasoline. Emission restrictions regard to fossil fuels are rising the world hydrogen demands. In spite of its abundance, hydrogen is normally found associated with other chemical species like water or hidrocarbons like methane or butane. Some especific processes are required to obtain pure hydrogen. Considered the most economic production route, the natural gas reforming process is analyzed by exergetic and thermoeconomic methods in order to determine the efficiencies and the hydrogen production cost. The hydrogen production cost is very sensitive to the cost of natural gas, which has suffered constant increases due to rising demand. This fact opens the possibility of using technologies that were previously considered economically unviable. The hydrogen unit studied was constructed in one of the Petrobras refineries, and the hydrogen produced is for the removal of sulfur in diesel oil. Based on project documents exergetic efficiencies of each component were determined. After that, an economic analysis was conducted in order to determine the construction, operation and maintenance costs of the whole plant. Two types of cost were determined, the actual cost production, which indicates the current cost product (2010), and the levelized cost, which takes into account the total production over life of the plant. Considering a natural gas cost equal to 9.11 US$/GJ, it was obtained an actual hydrogen production cost of 17.36 US$/GJ (2,093.13 US$/t) and a levelized cost of 25.35 US$/GJ (3,056.97 $/t). These values were compared with some hydrogen production costs presents on scientific papers and related references.","""irreversibilidade"" ou ainda ""trabalho disponível perdido"". Balanço Exergético: A eq.( .10) é também conhecida como o teorema de Gouy-Stodola (BEJAN; Balanço Exergético:
 Interessante notar que, ao contrário da energia, a lei da conservação não pode ser aplicada à exergia, uma vez que esta pode ser destruída pelas irreversibilidades ao longo do processo estudado. Eficiência exergética:
 A análise exergética utiliza a eficiência exergética como um parâmetro de avaliação de desempenho termodinâmico. Neste trabalho a eficiência exergética foi definida como a razão entre a exergia útil produzida e a exergia consumida no processo: Eficiência exergética:
 Em alguns equipamentos, onde só há destruição de exergia (processos dissipativos), a eficiência exergética será definida como a razão entre saída e entrada: Eficiência exergética:
 A eq.( .12) também será aplicada em equipamentos que não causam outro efeito senão a divisão do fluxo em várias partes ou a unificação de vários fluxos, como por exemplo um vaso de acumulação de vapor com uma entrada e várias saídas, várias entradas e uma única saída, ou ainda várias entradas e várias saídas. Eficiência exergética:
 Os equipamentos onde a eq.( .12) foi utilizada na determinação da eficiência exergética serão explicitados no capítulo 7. Eficiência exergética:
 Assim, o custo dos produtos é igual à soma dos custos entrantes no sistema mais o custo relativo à utilização do equipamento ou sistema (designado pela letra "" ""). Caso o sistema apresentado, além do produto principal, produzisse calor e trabalho, o custo relativo a estes dois itens estaria do lado direito da eq.(6.14). Eficiência exergética:
 Na termoeconomia, um custo é atribuído a cada fluxo de matéria/energia que entra ou sai do sistema estudado. Este custo, também chamado de custo exergético (c i ), se relaciona com o custo total de determinado fluxo de entrada ou saída ( i ), apresentado na eq.(6.14), através da exergia total presente no respectivo ponto de interesse ( i ). Esta relação é mostrada pela eq.( .15) abaixo."
"Thermodynamic Irreversibility Analysis of Dual-Skin Chest-Freezer","https://scispace.com/paper/thermodynamic-irreversibility-analysis-of-dual-skin-chest-uqxqf74m","2022","Journal Article","Entropy","Vinicius Akyo Matsuda
Álvaro Gardenghi
Cristiano Bigonha Tibiriçá
Luben Cabezas-Gómez","10.3390/e24040453","https://scispace.com/pdf/thermodynamic-irreversibility-analysis-of-dual-skin-chest-uqxqf74m.pdf","In this work, a transient analysis of a dual-skin chest-freezer refrigeration system, operating with R290, is studied numerically with the purpose of performing the characterization of the system through the second law of thermodynamics. A mathematical model which accounts for refrigerant mass distribution inside the system is used. In addition, this work addresses the calculation of entropy generation and exergy destruction for characterizing the system performance during its operations. In order to validate the model, a comparison with measured experimental data is performed for both pull-down and on-off operations. The characterization of the system through the second law of thermodynamics is conducted using two different methods. One consists of a direct calculation of the entropy generation rate and the second one in the calculation of exergy destruction rate. The equivalence of these two methods is used as an indicative of the “correctness” of the performed calculations. The model results agree near 97% with the experimental data used in the comparisons. Entropy generation and exergy destruction results along time for the whole system and in its individual components are characterized with the second law. These results are very useful for improving refrigeration system design.","Title: Thermodynamic Irreversibility Analysis of Dual-Skin Chest-Freezer Authors: L Thermodynamic Irreversibility,Jean-Noël Jaubert,Adriana Greco,Vinicius Akyo Matsuda,Álva Roberto Gardenghi,Cristiano Bigonha Tibiriçá,Luben Cabezas-Góme Keywords: Matsuda, V.A., Gardenghi, Á.R., Tibiriçá, C.B., Cabezas-Gómez, vapor compression refrigeration cycle, transient numerical simulation, thermodynamic irreversibilities, COP, second law efficiency, R290"
"Energy and exergy analysis of an ethanol fueled solid oxide fuel cell power plant","https://scispace.com/paper/energy-and-exergy-analysis-of-an-ethanol-fueled-solid-oxide-31fy8ytcw2","2010","Journal Article","Chemical Engineering Journal","Yannay Casas
Luis E. Arteaga
Mayra Morales
Elena Rosa
Luis M. Peralta
Jo Dewulf","10.1016/J.CEJ.2010.06.021","https://biblio.ugent.be/publication/985811/file/985812.pdf","","Title: Energy and exergy analysis of an ethanol fueled solid oxide fuel cell power plant Authors: Yannay Casas (Corresponding Author),Luis E Arteaga,Mayra Morales,Elena Rosa,Luis M Peralta,Jo Dewulf Keywords: Exergy Efficiency, Fuel cell, Irreversibility, Steam reforming"
"Entropy generation and exergy destruction analyses for vapour compression refrigeration system with various refrigerants","https://scispace.com/paper/entropy-generation-and-exergy-destruction-analyses-for-1pjnaph0nz","2019","Journal Article","","Ankur Geete
Mamta Sharma
Pranjal Shrimali","10.1007/S42452-019-0798-4","https://scispace.com/pdf/entropy-generation-and-exergy-destruction-analyses-for-1pjnaph0nz.pdf","In this experimental work, entropy generation minimization and exergy destruction minimization concepts have been applied on vapour compression refrigeration system. For that, entropy generations and exergy destructions have been found for each component of vapour compression refrigeration system; compressor, condenser, expansion device and evaporator, and also for whole system at different time intervals with various refrigerants. Refrigerants R134a, R600a, 95%R134a + 5%R290, 90%R134a + 10%R290, 85%R134a + 15%R290 and 85%R134a + 15%R152a blend refrigerants have been chosen for this experimental research work. Percentages increments/decrements for the entropy generations and exergy destructions have also been calculated to find best conditions and refrigerant, with developed computer software which eliminate hectic calculations and human mistakes. Minimum entropy generation (i.e. 533.64 J/kgK) and exergy destruction (i.e. 160090.8 J/kg) for the system have been found for R134a, and componentwise least entropy generations and exergy destructions have also been obtained with R134a but it affects environment. After this experimental work, 85%R134a + 15%R290 blend or R600a refrigerants have been recommended for refrigeration systems because of least percentage increments for entropy generation and exergy destruction. R134a as refrigerant is generally used in the refrigerating systems but it has high global warming potential (1430 GWP), so it should be replaced by alternative eco-friendly refrigerant and R600a is favourable which has zero ozone depletion potential and least global worming potential.","Table 1 . Exergy also called as availability or available energy is the maximum useful work that can be achieved from the system at specified state in specific environment but exergy destruction is the dissipate work energy during a process as effect of irreversibility. Methodology:
 Exergy can also be defined as the maximum useful work that can be obtained from a thermodynamic system when that system reaches to the thermodynamic equilibrium state with the surroundings, it means if the system is in equilibrium state with the surroundings then its temperature and pressure will be in equilibrium with surroundings i.e. T 0 and P 0 and there will be no chemical action/reaction takes place also. This state of the system is called dead state and when the system reaches to dead state condition its exergy becomes zero. For a heat engine, amount of work that can be obtained from the engine is known as available energy but some amount of heat energy will be rejected from system to surrounding is known as unavailable energy. It has been found that if a reversible heat engine operates between finite temperatures T 1 and T 0 (i.e. source and sink temperatures), exergy of the heat engine decreases when the source temperature decreases or heat rejection/unavailable energy increases which is known as exergy lost or destruction. Ideal or reversible work transfer is always more than actual work transfer and the difference between these work transfers is called irreversibility of the system or losses, and irreversibility can be found by Gouy-Stodola equation which is T 0 S gen . This equation states that rate of entropy generation during a process for a thermodynamic system is proportional to the exergy destruction and the pressure drop for a flow process is also proportional to the exergy lost, so for better performance of the system entropy generation or exergy destruction should be as minimum as possible . Methodology:
 In this experimental research work, entropy generation and exergy destruction have been analysed for vapour compression refrigeration system with R134a, R600a, 95%R134a + 5%R290, 90%R134a + 10%R290, 85%R134a + 15%R290, and 85%R134a + 15%R152a as blend refrigerants at different time intervals; 15, 30, 45 and 60 min. And for that, following methodology has been applied on refrigeration system to optimize the performance and find better alternative refrigerant for the system. Exergy destructions for compressor have been calculated at different conditions by the following equation ; Methodology:
 where I comp is the exergy destruction for compressor in J/ kg, C p is specific heat of the flowing fluid called refrigerant in J/kgK, T 2 and T 1 are temperatures at outlet and inlet of the compressor in Kelvin, T 0 is environmental temperature which is taken 300 K for this experimental work and W comp is compressor work or power which is given to the compressor in J/kg. Then, exergy destructions for the condenser have been found for different time intervals by the following equation ; Methodology:
 (1) where I cond is the exergy destruction for condenser in J/kg and T 3 is the outlet temperature of the condenser in Kelvin. Exergy destructions for expansion device have been evaluated by the following equation ;"
"Exergy based method for sustainable energy utilization analysis of a net shape manufacturing system","https://scispace.com/paper/exergy-based-method-for-sustainable-energy-utilization-50jws90lca","2005","","","Jayasankar Sankara","","https://scispace.com/pdf/exergy-based-method-for-sustainable-energy-utilization-50jws90lca.pdf","The approach advocated in this work implements energy/exergy analysis and indirectly an irreversibility evaluation to a continuous manufacturing process involving discrete net shape production of compact heat exchangers through a complex controlled atmosphere brazing (CAB) process. The system under consideration involves fifteen cells of a continuous ramp-up heating, melting, reactive flow, isothermal dwell, and rapid quench solidification processing sequence during a controlled atmosphere brazing of aluminum compact heat exchangers. Detailed mass, energy, and exergy balances were performed. The irreversibility sources were identified and the quality of energy utilization at different processing steps determined. It is demonstrated that advanced thermodynamics metrics based on entropy generation may indicate the level of sustainable energy utilization of transient open systems, such as in manufacturing. This indicator may be related to particular property uniformity during materials processing. In such a case, the property uniformity would indicate systems’ distance from equilibrium, i.e., from the process sustainable energy utilization level. This idea is applied to net shape manufacturing process considered. A metric based on exergy destruction is devised to relate the heat exchanger temperature uniformity and the quality. The idea advocated in this thesis will represent the coherent framework for developing energy efficient, economically affordable and environmentally friendly manufacturing technology.","of enthalpy change of the processed object at different zones of the process, with less of it utilized for the net effect at the higher temperature level. The figures of merit considered here convey very clearly the differences in energy utilization levels at different processing stages. Sources of irreversibility:
 From the discussion of the results presented in Fig. -1 several interesting observations may be formulated. The difference between the First Law of Thermodynamics efficiency and the Second Law of Thermodynamics efficiency dramatically decreases along the direction of materials processing. These trends can be attributed to the irreversibility levels of associated heat transfer processes due to the existence of finite temperature differences across which radiation heat transfer is delivered from electrical energy sources to the materials' streams. From Gouy-Stodolla theorem, we know that the entropy generation and exergy destruction (in energy terms) are directly related (see Eq.(1.4). Hence, by trying to identify the sources of irreversibility we try to correlate the process parameters that cause the inefficiency in the processing sequence with the energy utilization. Such an effort if pursued further may lead to a synthesis of a new approach for process optimization to the existing one by tracing the paths of irreversibility. Sources of irreversibility:
 These irreversibilities are generated during the following processes : Sources of irreversibility:
 (1) Thermal radiation across the finite temperature differences between the heating elements, heat exchanger cores, and other participants in that exchange Sources of irreversibility:
 (2) Thermal radiation convection and conduction within the heat exchanger cores, fixtures and conveyor and across the finite temperature differences during heating stages of the process. Sources of irreversibility:
 (3) Solid state diffusion of silicon across the clad-core interfaces. Sources of irreversibility:
 (4) Melting of the flux and Al-Si alloy. Sources of irreversibility:
 Convective cooling before and during the early stages of air blast. Sources of irreversibility:
 Each of the listed processes contributes to the available exergy destruction through the corresponding irreversibility contributions caused by heat transfer across finite temperature differences, fluid friction, phase change and the series of irreversible mass diffusion processes. Sustainability metrics and irreversibilities:
 To have a better understanding on how temperature uniformity affects the utilization of energy during the processing, its correlation with entropy generation is considered. As it is known, the Gouy-Stodolla Theorem  relates the loss of exergy to entropy generation through a relationship Sustainability metrics and irreversibilities:
 , where due to a state change of the mass m in an idealized reversible process). To be able to uncover these relationships an idealized lumped and realistic spatially distributed heating cases will be considered. Sustainability metrics and irreversibilities:
 Let us analyze a simplified model, Fig. , for these two selected cases and two particular heating strategies. Let us assume that an object exposed to processing (a heat exchanger core in the considered manufacturing process) is being heated from the given temperature to a peak processing temperature. A graphical illustration of material processing models with two heating strategies in shown in Fig. ."
"Teach Second Law of Thermodynamics via Analysis of Flow through Packed Beds and Consolidated Porous Media","https://scispace.com/paper/teach-second-law-of-thermodynamics-via-analysis-of-flow-2ex3ffr0no","2019","Journal Article","Fluids","Rajinder Pal","10.3390/FLUIDS4030116","https://scispace.com/pdf/teach-second-law-of-thermodynamics-via-analysis-of-flow-2ex3ffr0no.pdf","The second law of thermodynamics is indispensable in engineering applications. It allows us to determine if a given process is feasible or not, and if the given process is feasible, how efficient or inefficient is the process. Thus, the second law plays a key role in the design and operation of engineering processes, such as steam power plants and refrigeration processes. Nevertheless students often find the second law and its applications most difficult to comprehend. The second law revolves around the concepts of entropy and entropy generation. The feasibility of a process and its efficiency are directly related to entropy generation in the process. As entropy generation occurs in all flow processes due to friction in fluids, fluid mechanics can be used as a tool to teach the second law of thermodynamics and related concepts to students. In this article, flow through packed beds and consolidated porous media is analyzed in terms of entropy generation. The link between entropy generation and mechanical energy dissipation is established in such flows in terms of the directly measurable quantities such as pressure drop. Equations are developed to predict the entropy generation rates in terms of superficial fluid velocity, porous medium characteristics, and fluid properties. The predictions of the proposed equations are presented and discussed. Factors affecting the rate of entropy generation in flow through packed beds and consolidated porous media are identified and explained.","work lost (wasted) as a result of irreversibilities in the process. As an example of a flow process, consider flow through a control volume shown in Figure . The first law of thermodynamics for open systems under steady state condition gives: of 23:
 where h is the specific enthalpy of fluid, V is the fluid velocity, g is the acceleration due to gravity, z is the elevation, . of 23:
 Q is the rate of heat transfer, and . of 23:
 W sh is the rate of shaft work. Neglecting kinetic and potential energy changes, Equation (9) simplifies to: of 23:
 where Q is the heat transfer per unit mass of fluid. The second law, Equation , can be written as: of 23:
 where T o is the absolute temperature of the heat reservoir (surroundings). For the flow process to be reversible: of 23:
 where Q rev is the heat transfer per unit mass of fluid for a reversible process. From Equations ( ) and ( ): of 23:
 W lost , is defined as: of 23:
 From Equations ( ), , and (15), we get: of 23:
 Using Equation , Equation ( ) can be re-written as: of 23:
 Equation ( ) is the Gouy-Stodola theorem  of thermodynamics. Thus, the rate of work lost due to irreversibilities is directly proportional to the rate of entropy generation. The thermodynamic efficiency ǫ of a flow process can be defined as: of 23:
 In a reversible process, . of 23:
 W lost = 0 and ǫ = 1. In any irreversible process, . of 23:
 W lost > 0 and ǫ < 1. If no work is produced in the process, that is, actual . W sh is zero, then all the work potential is lost due to irreversibilities in the process and consequently, ǫ = 0. Flow through Unconsolidated and Consolidated Porous Media:
 Porous medium is a composite material in that it consists of two phases, namely pores (voids, free space pockets) and solid-phase. The pores may be occupied by a fluid (gas, oil, water, etc.). A large variety of natural and synthetic materials are porous in nature. Examples include: underground oil reservoirs, ceramics, solid foams, sand filters, wood, and packed beds of particles used widely in chemical engineering applications. The pores of a porous medium usually form a three-dimensional inter-connected network and, therefore, fluids can flow through the porous medium. If all pores of a porous medium are inter-connected, then the porosity (ε) of the porous medium is simply the fraction of the total volume of the medium that is occupied by the pores. Thus, the fraction of the total volume that is occupied by the solid phase is (1 − ε). When some pores are isolated or disconnected or have dead ends, then the effective porosity, defined as the ratio of connected void volume to total volume of the medium, is lower than the total porosity."
"Rational efficiency in agro-industrial process with cold chain: Thermodynamic and exergoeconomic measurement","https://scispace.com/paper/rational-efficiency-in-agro-industrial-process-with-cold-4cyotsvsgw","2018","Journal Article","Revista Facultad De Ingenieria-universidad De Antioquia","Víctor Hugo Cely Niño
Héctor Cifuentes Aya
Gemma Cervantes Torre Marín","10.19053/01211129.V27.N47.2018.7750","https://scispace.com/pdf/rational-efficiency-in-agro-industrial-process-with-cold-4cyotsvsgw.pdf","The cold chain is the succession of links such as pre-cooling, refrigeration, freezing, and refrigerated transport. The physical variables of the heat transfer process are temperature control, relative humidity, dew point, and cooling surface. This paper aims at highlighting the use of thermodynamic tools such as exergy, anergy and entropy to measure rational efficiency in the different equipment and flows of a thermal process, through a transversal methodology that quantifies efficiencies in a relative, absolute, and comparative way. This study focused on the production structure of the agro-industrial cold chain by steam compression (refrigerant R404A), for the meat processing in channel, in the ""Rastro Frigorifico Servicios Integrales del Bajio-TIF 333” in the city of Leon-Guanajuato, central region of Mexico. The results from the literature allowed to classify the critical points of greater exergy destruction, and the unproductive teams responsible for inefficiencies and residues production, which impact the hidden cost structure of the process, and affect negatively the process sustainability. This work integrates the thermoeconomic and productivity concepts that direct the nonlinear learning of thermodynamic science, relevant in the formation of an engineer.","Resumo: Este trabalho integra conceitos como termoeconomia e produtividade, que direcionam a aprendizagem não lineal da ciência termodinâmica, relevante na formação do engenheiro. Resumo:
 Palavras chave: corrente de frio; custo oculto; eficiência produtiva; irreversibilidade térmica. Cómo citar este artículo: V. H. Cely-Niño, H. Cifuentes-Aya, and G. C. Torre-Marín, ""Rational efficiency in agro-industrial process with cold chain: Thermodynamic and exergoeconomic measurement,"" Rev. Fac. Ing., vol. 27 (47), pp. 39-49, Jan. 2018. I. IntroductIon:
 The relationships among entropy, exergy and anergy (irreversibility) are immersed in the information and organization of dynamic cycles in finite industrial production. The process concept refers to a thermodynamic system, which interacts with its environment and depends on its limits or boundaries, the aggregation level of production (resources, components and relations), and its information, to measure the efficiency of the system and the productivity of the processes. I. IntroductIon:
 Exergy is applied to the analysis of industrial processes in steady state. The process generates functional products, residues, and unwanted products. Exergy is the criterion to determine the efficiency through the exergy destroyed in each stage, generated by irreversibilities (residues), which correspond to the process inefficiency . Exergy provides criteria for developing theories, models and approximations based on thermodynamics, which can increase predictive and analytical power in basic and environmental sciences, and in ecology and industrial ecology . I. IntroductIon:
 The Gouy-Stodola Substitution Theorem explains that the destroyed exergy is proportional to the generated entropy, and that the irreversibilities generate entropy and, therefore, destroy exergy. A minimum generation of entropy indicates high efficiency. The destroyed exergy is quantified within the limits of a complex system, and it is not possible to obtain the dissipated out of the process. When no exergy is destroyed, the process is internally reversible, but not necessarily totally reversible . The rational exergetic efficiency, which allows evaluating the performance of the system, is the relation between the used exergy flow with respect to the input, and can be obtained by applying the lowering principle of the incoming exergy. I. IntroductIon:
 The Doctoral Dissertation ""Measurement of productivity in processes that integrate cold chain, based on assessments of exergoeconomics and ecoefficiency"", developed in the slaughter plant TIF 333 of León-Guanajuato State (Mexico), determined the incidence of exergy and anergy in the rational efficiency of the cold chain in processes of agroindustrial transformation. In this dissertation, the exergetic losses of the processes were divided into two parts: one internal due to the destruction of exergy caused by the irreversibility of the system, and one external due to the degradation of the low entropy resources (fossil fuel or materials), to turn them into ""resources"" of high entropy that are discarded as residues."
"A Synthesis of Thermodynamic Models Unifying Traditional and Work-Driven Operations with Heat and Mass Exchange","https://scispace.com/paper/a-synthesis-of-thermodynamic-models-unifying-traditional-and-5cgkhkp6cw","2003","Journal Article","Open Systems & Information Dynamics","Stanislaw Sieniutycz","10.1023/A:1022971208306","https://scispace.com/pdf/a-synthesis-of-thermodynamic-models-unifying-traditional-and-5cgkhkp6cw.pdf","A novel trend in the theory of thermodynamic limits for energy convertors and traditional heat and mass exchangers is analyzed, where certain special controls called, the Carnot control variables, play a common role. In terms of these controls an expression for the lost work has the same form in irreversible energy convertors and in traditional processes of purely dissipative transport. For sequential-type equipment of a finite size, enhanced limits are obtained for the energy production or consumption. Formal models of simplest energy convertors and characteristics of endoreversible operations are particularly lucid in terms of the Carnot controls. Progress in the theory of energy generation problems is achieved; examples of applications are outlined. Efficiency decrease caused by dissipation and finite rate bounds are estimated for work released from an engine or work added to a heat pump. It is shown that a simplification in the analysis of energy limits in complex thermal operations is achieved when Carnot controls are applied. Extensions involve mass transfer problems and a finite-rate counterpart of classical available energy (exergy).","in the bulk of fluid. For an endoreversible flow process the specific work obtained in terms of the Carnot Sequential processes and work optimization in dynamical problems: This leads to a generalized or finite time exergy A= max W satisfying the formula Sequential processes and work optimization in dynamical problems:
 Consequently the (maximum) work produced by the engine equals to the change of the classical exergy reduced by the lost work or the product of the reservoir's temperature and the (minimum) entropy production. An analogous equation is obtained for the heat pump, but then the effect of entropy production is added to the classical exergy change, i.e. an increase of the work input is necessary to assure the required state change in a finite time. Equation (21) is the ""endoreversible"" limit for the work production between two given states and for a given number of transfer units. Even this simple limit is stronger than that the one predicted by the classical exergy. What can be said about a yet stronger limit which involves an internal dissipation in the participating thermal machine? We need to recall the hierarchy of limits. For limits of higher rank, an internal entropy generation is included in the dissipation model and then Eq. ( ) is replaced by its simple generalization which contains the sum of the ""endoreversible"" and ""internal"" productions of the entropy, int σ σ S S endo + , in agreement with the Gouy-Stodola law which links the lost work with the entropy generation. For a still stronger limit, other components of total entropy source are included at the expense of a more detailed information input, but with the advantage that the limit is closer to reality. For a sufficiently high rank of the limit, it approaches the real work quite closely, but also the cost of the related information becomes very large. What is important then, is a proper compromise associated with the accepted limit of a finite rank. For limits of various ranks, inequalities are related to A and real work W real that are valid in the form W real >∆A k > ∆A 1 > ∆A 0 , where ∆A 1 refers to the change of ""endoreversible exergy"", and ∆A 0 pertains to the change of the classical exergy. The classical exergy change consitutes then the weakest or the worst standardized limit on the real work. In the described scheme any considerations of relations between the irreversibility and costs are unnecessary. Equation (21) expresses -in terms of Carnot controls -the Gouy-Stodola law for the endoreversible system . The thermodynamic form of the lost work expression without kinetics incorporated is classical in terms of the Carnot controls, and it is the sum of products of thermodynamic fluxes and forces. Sequential processes and work optimization in dynamical problems:
 Kinetic form of this source, which incorporates the Onsager's relations, is classical as well, i.e. it is the same as in processes without production or consumption of mechanical energy"
"Exergy analysis of a solar combined cycle: organic Rankine cycle and absorption cooling system","https://scispace.com/paper/exergy-analysis-of-a-solar-combined-cycle-organic-rankine-163b3f243p","2016","Journal Article","international journal of energy and environmental engineering","Lavinia Grosu
Andreea Marin
Alexandru Dobrovicescu
Diogo Queiros-Condé","10.1007/S40095-015-0168-Y","https://scispace.com/pdf/exergy-analysis-of-a-solar-combined-cycle-organic-rankine-163b3f243p.pdf","In this paper, exergy analysis is used to evaluate the performance of a combined cycle: organic Rankine cycle (ORC) and absorption cooling system (ACS) using LiBr–H2O, powered by a solar field with linear concentrators. The goal of this work is to design the cogeneration system able to supply electricity and ambient cooling of an academic building and to find solutions to improve the performance of the global system. Solar ACS is combined with the ORC system—its coefficient of performance depends on the inlet temperature of the generator which is imposed by the outlet of the ORC. Exergetic efficiency and exergy destruction ratio are calculated for the whole system according to the second law of thermodynamics. Exergy analysis of each sub-system leads to the choice of the optimum physical parameters for minimum local exergy destruction ratios. In this way, a different connection of the heat exchangers is proposed in order to assure a maximum heat recovery.","follows: Solar collectors: Thus, the thermal efficiency of the ORC is: Solar collectors: Some results of the simulation are shown on Table , corresponding to the initial parameters from the Table . Mechanical power, thermal efficiency and solar field efficiency are thus determined. Exergy analysis:
 Since exergy is the maximal quantity of work received or provided by a system to attain thermodynamic equilibrium with its environment by a sequence of reversible processes, exergy analysis assesses the irreversibility of each component of the system. The exergy of each sub-system is a measure of its distance from equilibrium. Thus, an exergy balance assesses the local destruction of the exergy which represents the adequate indicator to define the performance of a component or a system . Exergy analysis:
 Exergy destructions at the heat exchanger, I HE_ORC ,a t the turbine, I T_ORC , at the condenser, I Cd_ORC and at the pump I P_ORC are estimated by local exergy balances. Specific exergy as state parameter on each point of the cycle was obtained using the Thermoptim software. Exergy analysis:
 Heat exchanger:  The heat exchanger's irreversibility may be determined using entropy balance or exergy balance which may be assessed as shown on Fig. . Exergy analysis:
 Entropy balance: Entropy flow received by the organic fluid may be written as following: Exergy analysis:
 Entropy flow supplied by the hot water from solar collectors is: Exergy analysis:
 Thus, entropy generation due to the temperature pinch on this heat exchanger is the difference of two flows above: Exergy analysis:
 According to Gouy-Stodola theorem, the irreversibility associated to the heat transfer on this component is: Exergy analysis:
 The same equation could be obtained by an exergy approach, the heat exchanger irreversibility representing the exergy destruction during the heat transfer. A fuel, a dissipation and a product in terms of exergy will be associated to the heat. Exergy analysis:
 The fuel of the heat exchanger in terms of exergy represents the exergy flow available on the main flow: Exergy analysis:
 where T mH is the mean logarithmic temperature of the main flow (solar water): Exergy analysis:
 The product of this component is the exergy flow supplied to the organic fluid: Exergy analysis:
 The difference between fuel and product is dissipated, due to the temperature pinch between the two fluids: Exergy analysis:
 The exergy efficiency of the heat exchanger is the ratio of the product by the fuel: Exergy analysis:
 A reduced irreversibility may be defined in order to express the local irreversibility impact on the system fuel: Exergy analysis:
 Condenser: Following the same methods as previously, entropy and exergy flows are defined to assess the exergy efficiency of the condenser and its irreversibility impact on the fuel of the whole system (Fig. ). Exergy analysis:
 Thus, the irreversibility of the condenser becomes: Exergy analysis:
 The exergetic efficiency of the condenser is the following ratio: Exergy analysis:
 And the reduced irreversibility on the condenser is: Exergy analysis:
 The exergetic fuel on the turbine is the variation of the organic fluid-specific exergy multiplied by its mass flow rate (Fig. ): Exergy analysis:
 Its product is the mechanical power to be converted into electricity:"
"Analysis of Entropy Generation Minimization in Circular Porous Fins","https://scispace.com/paper/analysis-of-entropy-generation-minimization-in-circular-2a9nxmer0c","2012","Journal Article","International Scholarly Research Notices","Seyfolah Saedodin
Siamak Sadeghi
Majid Shahbabaei","10.5402/2012/240297","https://scispace.com/pdf/analysis-of-entropy-generation-minimization-in-circular-2a9nxmer0c.pdf","This work introduces a simple method of exergy analysis in a typical circular porous fin. The entropy generation of any thermodynamic system provides a useful measure of the extent of irreversibility. The irreversibility causes the loss of useful work (exergy) in the system and hence the loss of exergy has to be minimized. Entropy generation is a parameter that quantifies the loss of exergy. Circular fins are relatively good heat transfer augmentation features with superior aerodynamic performance and as a result find application in some solar air heaters. In this paper, the entropy generation in a circular porous fin is calculated and its performance is compared with respect to entropy generation. Also shown in porous fins, with increase of porosity. The entropy generation number will increase; also states with porosity have higher entropy generation number than states with nonporosity (). Also at higher Reynolds number the effect of the on is negligible, but at lower Reynolds number the variation of the is negligible. Also we can see that with increased porosity (), the entropy generation () will decrease. The entropy generation is calculated for circular porous fins with mass constraint.","and the permeability of the porous medium and the volume-averaged properties of the fluid flowing through the porous medium. The porosity of the porous medium is defined as Introduction: void volume contained in porous medium sample total volume of porous medium sample . Introduction:
 The increased awareness that the world's energy resources are limited has caused many countries to reexamine their energy policies and take drastic measures in eliminating waste. It has also sparked interest in the scientific community to take a closer look at the energy conversion devices and to develop new techniques to better utilize the existing limited resources. The first law of thermodynamics deals with the quantity of energy and asserts that energy cannot be created or destroyed. This law merely serves as a necessary tool for the bookkeeping of energy during a process and offers no challenges to the engineer. The second law, however, deals with the quality of energy. More specifically, it is concerned with the degradation of energy during a process, the entropy generation, and the lost opportunities to do work. The second law of thermodynamics has proved to be a very powerful tool in the optimization of complex thermodynamic systems. The second law of thermodynamics uses an exergy balance for the analysis and the design of thermal systems. The importance of this thermal design technique in the general area of heat transfer augmentation and energy conservation is fully recognized by the heat transfer community . The traditional approach to the optimization of fins consists of minimizing the consumption of the fin material for the execution of a specified heat transfer task. More than a half-century ago, Schmidt stated intuitively that a two-dimensional fin must have a paraboliclaw based cross-sectional profile if it is to require the least material (volume) for a certain heat transfer rate, and this design principle was later proved by  who worked on the formulation of variational calculus . This design principle has been steadily brought closer to the realities of fin manufacturing and heat exchanger operation by a number of contributors who have analyzed the role of radiation, twodirectional heat transfer (curvature) temperature-dependent thermal conductivity and variable heat transfer coefficient . Entropy generation in a thermodynamics system is defined as the difference between the entropy change of the system and the net entropy transport into the system and is a path function of the thermodynamics system. According to the second law of thermodynamics, the entropy change of a system is always greater than or equal to the net entropy transport into the system. The first and second laws of thermodynamics, taken together, state that the entropy generated by any engineering system is proportional to the work lost (destroyed) irreversibly by the system. Truth is expressed concisely as the Gouy-Stodola theorem : Introduction:
 where W lost is the lost available work (lost exergy) , T 0 is the absolute temperature of the environment, and S gen is the entropy generated in each compartment of the system. Equation (2) implies the thermodynamics irreversibility (entropy generation) of each system component contributes to the aggregate loss of available work in the system (W lost ). Circular fins serve as components in a wide range of heat transfer applications. Therefore, in order to conserve available work (exergy), it is necessary to approach the design of such fins from the point of view of entropy generation minimization. The trade-off between heat transfer and fluid friction is a classical dilemma in heat exchanger design . The irreversibility minimization philosophy places trade-off on a solid foundation, as heat transfer and fluid"
"Thermodynamic analysis of an upstream petroleum plant operated on a mature field","https://scispace.com/paper/thermodynamic-analysis-of-an-upstream-petroleum-plant-4qrxvxkvy0","2014","Journal Article","Energy","Tuong-Van Nguyen
Tomasz Jacyno
Peter Breuhaus
Mari Voldsund
Brian Elmegaard","10.1016/J.ENERGY.2014.02.040","https://backend.orbit.dtu.dk/ws/files/90445406/Thermodynamic_analysis_of_an_upstream_petroleum.pdf","","Title: Thermodynamic analysis of an upstream petroleum plant operated on a mature field Authors: Tuong-Van Nguyen,Tomasz Jacyno,Peter Breuhaus,Mari Voldsund,Brian Elmegaard Keywords: Energy, Exergy, Efficiency, Petroleum, Oil and gas platform, End-life"
"Pitfalls of exergy analysis","https://scispace.com/paper/pitfalls-of-exergy-analysis-12jbups3j0","2016","Journal Article","arXiv: Chemical Physics","Petr Vágner
Michal Pavelka
František Maršík","10.1515/JNET-2016-0043","https://scispace.com/pdf/pitfalls-of-exergy-analysis-12jbups3j0.pdf","The well-known Gouy-Stodola theorem states that a device produces maximum useful power when working reversibly, that is with no entropy production inside the device. This statement then leads to a method of thermodynamic optimization based on entropy production minimization. Exergy destruction (difference between exergy of fuel and exhausts) is also given by entropy production inside the device. Therefore, assessing efficiency of a device by exergy analysis is also based on the Gouy-Stodola theorem. However, assumptions that had led to the Gouy-Stodola theorem are not satisfied in several optimization scenarios, e.g. non-isothermal steady-state fuel cells, where both entropy production minimization and exergy analysis should be used with caution. We demonstrate, using non-equilibrium thermodynamics, a few cases where entropy production minimization and exergy analysis should not be applied.","Authors: Petr Vágner,Michal Pavelka,František Maršík Keywords: exergy analysis, non-equilibrium thermodynamics, fuel cells, optimization, entropy production minimization"
"Pitfalls of Exergy Analysis","https://scispace.com/paper/pitfalls-of-exergy-analysis-2p62o7uhdv","2017","Journal Article","Journal of Non-Equilibrium Thermodynamics","Petr Vágner
Michal Pavelka
František Maršík","10.1515/JNET-2016-0043","https://scispace.com/pdf/pitfalls-of-exergy-analysis-2p62o7uhdv.pdf","The well-known Gouy–Stodola theorem states that a device produces maximum useful power when working reversibly, that is with no entropy production inside the device. This statement then leads to a method of thermodynamic optimization based on entropy production minimization. Exergy destruction (difference between exergy of fuel and exhausts) is also given by entropy production inside the device. Therefore, assessing efficiency of a device by exergy analysis is also based on the Gouy–Stodola theorem. However, assumptions that had led to the Gouy–Stodola theorem are not satisfied in several optimization scenarios, e.g. non-isothermal steady-state fuel cells, where both entropy production minimization and exergy analysis should be used with caution. We demonstrate, using non-equilibrium thermodynamics, a few cases where entropy production minimization and exergy analysis should not be applied.","Authors: Petr Vágner,Michal Pavelka,František Maršík Keywords: exergy analysis, non-equilibrium thermodynamics, fuel cells, optimization, entropy production minimization"
"Analise da operação de motores diesel com misturas parciais de biodiesel","https://scispace.com/paper/analise-da-operacao-de-motores-diesel-com-misturas-parciais-1ky8kx1exk","2006","Dissertation","","Andre Valente Bueno","","https://scispace.com/pdf/analise-da-operacao-de-motores-diesel-com-misturas-parciais-1ky8kx1exk.pdf","As consequencias da adicao de biodiesel ao oleo diesel foram estudadas estabelecendo-se
relacoes de causa e efeito entre o desempenho do motor e os processos de combustao e formacao de mistura. Foram incluidos, nesta discussao, aspectos como emissoes poluentes, formacao de mistura, dinâmica do processo de combustao, eficiencia de conversao do combustivel,
desempenho do motor em carga maxima e consumo especifico. Utilizaram-se, sob tal proposito, tecnicas tradicionalmente associadas a pesquisa e ao desenvolvimento dos motores de ciclo diesel, tais como a analise de liberacao de energia, a
analise exergetica e ensaios dinamometricos. Devido as pequenas variacoes observadas nos
parâmetros opcionais do motor com a introducao do biodiesel, algumas modificacoes nos metodos aplicados para a coleta de dados experimentais e nos modelos empregados em seu processamento se mostraram necessarias. Dentre tais ajustes, pode-se destacar a formulacao de um novo modelo de analise exergetica para os processos ocorrentes no cilindro e a utilizacao de
um arranjo inedito de sistema indicador.
Demonstrou-se que a adicao de biodiesel em baixas concentracoes favorece a conversao
da exergia do combustivel em trabalho no interior do cilindro, proporcionando uma elevacao na eficiencia de operacao do motor. Para os combustiveis analisados, que compreendem a adicao de ate 20% de biodiesel em volume, a mistura contendo 10% desta substância ofereceu as melhores
caracteristicas quanto ao desempenho e ao consumo especifico.","referência. 3.3-O Conceito de Exergia: Os potenciais químicos das substâncias que não integram o ambiente de referência foram determinados a partir de reações de equilíbrio expressas por ) 3.4-Taxas de Variação da Exergia da Carga:
 Conforme se observa na Equação (3.24), a variação da exergia química do fluído de trabalho decorre, exclusivamente, de alt erações impostas às relações de equivalência φ f e φ b , ou seja, da ação dos processos de injeção e queima. O termo relacionado a φ f responde pelo acúmulo de exergia química proveniente da elevação da massa de combustível na carga, tendo origem no processo de injeção. Já o termo relacionado a φ b representa o consumo de exergia química associado à queima do combustível presente no cilindro, assumindo portanto valores negativos. A expressão acima evidencia o esgotamento do acesso à exergia química da carga e, por extensão, de sua conversão em exergia termomecânica com o término da reação de combustão. Desta forma, a exergia química contida no cilindro ao final da expansão não poderá ser aproveitada nos processos subseqüentes ocorrentes no interior do motor. A razão de variação da exergia termomecânica da carga pode ser escrita como 3.5-Balanço de Exergia no Cilindro:
 Empregando-se a Equação (3.22) para representar a taxa de acúmulo de exergia no fluido de trabalho, obtém-se a seguinte expressão para o balanço de exergia no cilindro:  O termo dI f /dθ da equação anterior foi estimado analisando-se o processo de injeção de combustível em um ambiente livre da reação de combustão e de estado termodinâmico equivalente ao do cilindro. A aplicação do teorema de Gouy-Stodola a este sistema resulta em 3.5-Balanço de Exergia no Cilindro:
 A irreversibilidade atribuída ao processo de combustão dI b /dθ pode ser isolada a partir da Equação . Desta forma, a aplicação das Equações (3.27) e (3.28) permite que se estime, separadamente, a participação dos processos irreversíveis estudados na degradação da energia contida no cilindro."
"What exactly is the Nusselt Number in convective heat transfer problems and are there alternatives","https://scispace.com/paper/what-exactly-is-the-nusselt-number-in-convective-heat-r10ll95vys","2016","Journal Article","Entropy","Heinz Herwig","10.3390/E18050198","https://scispace.com/pdf/what-exactly-is-the-nusselt-number-in-convective-heat-r10ll95vys.pdf","The often used Nusselt number is critically questioned with respect to its physical meaning. Based on a rigorous dimensional analysis, alternative assessment numbers are found that in a systematic way separately account for the quantitative and qualitative aspect of a heat transfer process. The qualitative aspect is related to the entropy generated in the temperature field of a real, irreversible heat transfer. The irreversibility can be quantified by referring it to the so-called entropic potential of the energy involved in the transfer process.","∆T in a heat transfer process. As an example Figure shows a fully developed laminar circular pipe flow heated with . q w "" const. In this example the temperature profile is known explicitly and could be used to determine q w "" const. Irreversibility in an Approximated Temperature Field:
 Since the exact temperature profile generally is not known (especially in a turbulent convective heat transfer) the entropy generation should be determined from a reasonable approximation of it. Such an approximation is shown in Figure , where a constant temperature gradient occurs only in a wall adjacent layer of thickness ∆. For ∆ Ñ 0 the constant temperature further away from the wall is the local bulk temperature T b . = = . Irreversibility in an Approximated Temperature Field:
 Δ Δ → 0 Independent of the layer thickness ∆, integration of the entropy generation in the wall layer gives, see  for details: Irreversibility in an Approximated Temperature Field:
 This result holds for negligibly small axial conduction, i.e., for RePr Ñ 8 , and for a wall layer thickness ∆ Ñ 0 (because only then the second temperature is the bulk temperature T b ). Quite generally this result can be referred to a heat transfer area A so that with ∆T "" T w ´Tb the entropy generation rate per wall area is: Irreversibility in an Approximated Temperature Field:
 This equation shows that the entropy generation in a heat transfer process depends on the temperature levels T b and T w , respectively. Irreversibility in an Approximated Temperature Field:
 In a certain heat transfer situation T b and T w are parameters of the process, just like a thermal boundary condition, for example. Constant values of these temperatures are either mean values in finite ranges of heating or cooling or exact values of a local analysis. T b and T w are the (absolute) thermodynamic temperatures, the ∆T will often be much smaller than the temperatures T b and T w . For ∆T ! T b , i.e., T w « T b , we then get: Irreversibility in an Approximated Temperature Field:
 from which the physical meaning of ∆T becomes obvious. Within this approximation ∆T is: Irreversibility in an Approximated Temperature Field:
 and corresponds to the relative entropy generation (entropy generation rate per heat transfer rate) for a heat transfer on the temperature level T b . It thus is a real measure of the quality of heat transfer. Irreversibility in an Approximated Temperature Field:
 Since quite generally the entropy generation  . Irreversibility in an Approximated Temperature Field:
 known as Gouy-Stodola theorem, we also have (index L: loss): Irreversibility in an Approximated Temperature Field:
 . q E W as the exergy part of the heat flux . q w . With ∆T according to Equation (22) we can now look at the nondimensional groups introduced above. The parameter N ∆T "" ∆T{T b according to Equation ( ) is the nondimensional quality of heat transfer: Irreversibility in an Approximated Temperature Field:
 The Nusselt number Nu according to Equation ( ) is: Irreversibility in an Approximated Temperature Field:
 Both nondimensional groups will be discussed in the following sections."
"Entropy and exergy in irreversible renewable energy systems","https://scispace.com/paper/entropy-and-exergy-in-irreversible-renewable-energy-systems-4u2r4jyca2","2013","Journal Article","Renewable & Sustainable Energy Reviews","Umberto Lucia","10.1016/J.RSER.2012.12.017","https://scispace.com/pdf/entropy-and-exergy-in-irreversible-renewable-energy-systems-4u2r4jyca2.pdf","Exergy and entropy generation analysis of the open systems allows to obtain a measure of how far the open real systems deviate from equilibrium with their environment. A link between entropy generation maximum principle and the exergy analysis of engineering and natural systems is suggested in order to use the exergy and entropy approach to improve the renewable energy systems.","Title: Entropy and exergy in irreversible renewable energy systems Authors: Umberto Lucia (Corresponding Author)"
"Analysis of irreversible processes across narrow junctions","https://scispace.com/paper/analysis-of-irreversible-processes-across-narrow-junctions-4fz3zgkkih","2011","Journal Article","Acta Physica Polonica A","Jurgen Michael Honig
Ross D. Hoehn","10.12693/APHYSPOLA.119.323","https://scispace.com/pdf/analysis-of-irreversible-processes-across-narrow-junctions-4fz3zgkkih.pdf","The rectification of the second law of thermodynamics is used to directly relate irreversible heat and work transfers to reversible processes. This permits the construction of thermodynamic functions of state that include entropy contributions due to irreversible processes. A general expression is set up to determine the entropy changes in terms of experimentally accessible parameters when a system is interacting with its surroundings via quasistatic irreversible operations. The procedure is used to determine the entropy changes across a narrow junction in terms of pressure and temperature differences between the system and its surroundings, including cyclic processes.","= đQ 0 /T 0 = −đ i Q/T 0 . The second equality is obtained because of the isolation of the compound system; heat gained (lost) by the system is lost (gained) by the reservoir. Heat transfer:
 When dS and d b S 0 in Eq. (3) are replaced as described above one may relate the heat transferred irreversibly to the heat transferred reversibly as follows: Heat transfer:
 This relation was previously derived in Ref. . The inequality may be tightened by noting that it must hold for any value T < T 0 when heat is absorbed by the system and for any T > T 0 when heat is released; in either case the limiting temperature is T = T 0 . One thus arrives at the string of inequalities Heat transfer:
 which either becomes more positive or less negative from left to right. The result đ i Q < đ r Q is simply a reformulation of the famous Clausius inequality. Heat transfer:
 It is expedient to rewrite Eq. (4) in the form Heat transfer:
 Because of the Clausius inequality the last two terms in (6) must be negative. This sets up a lower bound on đθ: Heat transfer:
 which is positive because the quantity in square brackets has the same sign as dS or đ r Q, all being positive or negative according as heat is incrementally introduced into or withdrawn from the system. The quantities on the right in principle are experimentally accessible. Work performance:
 Information on work performance is accessed through the first law of thermodynamics in the form Work performance:
 where E is the energy of the system and W indicates the work performance. On substituting from ( ) one obtains a relation between work performed reversibly and irreversibly as Work performance:
 where the last two terms are opposite in sign to those in Eq. ( ). It then follows that đ i W > đ r W , known as the Gouy-Stodola theorem. Equation ( ) may be rewritten in the form Work performance:
 This provides one avenue for determining the incremental contribution of an irreversible process to the entropy of the universe. The quantities on the right are accessible by measurement or calculation. The special cases đθ = (1 − T /T 0 )dS as well as đθ = ( đ i W − đ r W )/T 0 were derived by independent methods in Refs.  and , Work performance:
 Here we concentrate on an alternative formulation that provides similar information in terms of the physical properties of the system and its surroundings, as we now show. Functions of state:
 The energy differential for the surroundings takes the customary form"
"On exergy and sustainable development—Part 1: Conditions and concepts","https://scispace.com/paper/on-exergy-and-sustainable-development-part-1-conditions-and-3l9jjly79o","2001","Journal Article","Exergy, An International Journal","Göran Wall
Mei Gong","10.1016/S1164-0235(01)00020-6","https://scispace.com/pdf/on-exergy-and-sustainable-development-part-1-conditions-and-3l9jjly79o.pdf","","stated that the extractable work of a heat engine is proportional to the temperature difference, which later led to the definition of the second law of thermodynamics. Gibbs introduced the notion of available work, including the diffusion term, in 1873. EXERGETICS:
 Exergy is a thermodynamic potential; it is a general measure of work, 'difference' or contrast. It has been interpreted as 'available' energy by Keenan  and in 1953 the term exergy was suggested by Z. Rant to denote 'technical working capacity' . In 1961 Tribus linked classical thermodynamics with information theory , through the entropy and the exergy concepts. In 1977 Wall offered a concise theory of exergy and introduced exergy as a useful concept not only in engineering but also for improving the resource use and reducing environmental destruction . At a conference in Rome in 1987, it was agreed among the participants to encourage strongly the use of exergy for the general concept of the potential to cause change, in lieu of terms such as availability, available energy, essergy, utilizable energy, work potential, available work, convertible energy, etc. 'The term exergy will be preferred for use in all future conferences, symposia, and workshops involving the participants' . Recently, the concept of exergy has become widely accepted and used, and the International Journal of Exergy is a good example of this. EXERGETICS:
 Thermodynamics provides the concepts of temperature T , pressure P , heat Q, work W , energy U , entropy S and four laws of thermodynamics: 0th law defines the concept of temperature. EXERGETICS:
 1st law defines energy as a conserved quantity and work, as a product between an intensive and an extensive quantity, i.e., pressure and volume V , respectively: EXERGETICS:
 2nd law defines the concept of entropy through heat: dS 0, dS reversible = 0 ( 7 ) EXERGETICS:
 and heat, as a product between an intensive and an extensive quantity, i.e., temperature and entropy, respectively, analogous to equation ( ). 3rd law defines the zero level for entropy. Thermodynamics only treats reversible processes, i.e., processes with no direction, for systems in equilibrium states. Thus, a more proper name is thermostatics . Even though, thermodynamics is one of the most useful branches of physics in engineering, or as Einstein phrased it: 'This is the only general physical theory, I am sure of it, which in its basic conceptions will never be disproved'. The later established fundamental link to information theory by Tribus  is a good example of this. EXERGETICS:
 The first law, i.e., energy conservation, generally fails to identify losses of work and potential improvements or the effective use of resources, e.g., in an adiabatic throttling process. The second law shows that, for some energy forms, only a part of the energy is convertible to work, i.e., the exergy. Table  summarizes the main differences between energy and exergy. Exergy will be further explained below. EXERGETICS:
 Equation ( ) is known as the Gouy-Stodola theorem . Gouy and Stodola discovered, indepen-"
"Assessment of Sustainability Indicators of Thermoelectric Power Generation in Cameroon Using Exergetic Analysis Tools","https://scispace.com/paper/assessment-of-sustainability-indicators-of-thermoelectric-3gppa8a96o","2017","Journal Article","Energy and Power Engineering","Moungnutou Mfetoum Inoussah
Moukengue Imano Adolphe
Lissouck Daniel","10.4236/EPE.2017.91003","https://scispace.com/pdf/assessment-of-sustainability-indicators-of-thermoelectric-3gppa8a96o.pdf","In this paper, we evaluate the performance and sustainability indicators of various thermal power generation technologies in Cameroon using the exergy analysis tools. For this purpose, on the basis of data from the International Energy Agency (IEA) for Cameroon corresponding to the period from 2006 to 2014, we calculated the average energy and exergy efficiencies of each electricity generation technology from thermal sources. The average values of the exergy efficiencies obtained are respectively 28.97% for the LFO plants, 30.94% for the HFO plants, 34.66% for the biofuel plants and 36.67% for the gas-fired plants. The average sustainability indexes for each of the technologies are determined and values range from 1.56 for LFO plants to 2.12 for biofuel plants. The improvement potentials of each technology are calculated in order to identify the tracks of increase of their efficiency. Average values range from 165.57 GWh for biofuel plants to 1301.77 GWh for LFO plants. The results of this study should enable the development of productive and applicable planning for future energy policies, in particular for the electricity sector in Cameroon.","temperature 0 T . Irreversibility: The irreversibility, also called exergy destruction or exergy loss, is calculated by setting up the exergy balance and taken the difference between all incoming and outgoing exergy flows as stated in Equation : Irreversibility:
 Another way of calculating the irreversibility can be done by the Gouy-Stodola equation    in which the entropy increase is multiplied by the environmental temperature, as in Equation : Balance Equation and Indicators Relations:
 In this part, we perform the exergy analysis based on a systemic approach. In this analysis, we will determine the irreversibilities and the exergy efficiency of the system. Given the complexity of this analysis, we will model our system as a black box, characterized by inputs and outputs. At the entrance, we will have the incoming exergy, and at the exit, the outgoing exergy of the system. The losses induced by the system are: the internal destruction of the exergy and the rejection of the exergy. The outgoing exergy is composed of useful exergy and rejected exergy. Balance Equation and Indicators Relations:
 For the rest of calculations concerning these thermal power plants, we will use the modelling in Figure  [19]. Mass, Energy and Exergy Balance:
 An exergetic analysis involves mass, energy and exergy balances for all plant components (control volumes), and definition of exergetic efficiency for each of them. The following equations represent the mass, energy and exergy balances in the control volumes. Kinetic and potential energy/exergy are not considered . Mass, Energy and Exergy Balance:
 The mass balance equation can be expressed in the rate form as: where m  is the mass flow rate, and the subscript index in stands for inlet and out for outlet. Mass, Energy and Exergy Balance:
 The general energy balance can be expressed below as the total energy inputs equal to total energy outputs. Mass, Energy and Exergy Balance:
 The general exergy balance can be written as follows: Mass, Energy and Exergy Balance:
 where E and x E represent respectively the energy en the exergy. The sub- script index dest stands for destroyed. Energy and Exergy Efficiencies:
 Energy efficiency (first law efficiency) is the ratio of energy contained in useful products of a process to energy contained in all input streams, while exergy efficiency (second law efficiency) is the ratio of exergy contained in the useful product to the exergy contained in all input streams. Energy efficiency (η ) and exergy efficiency (ψ ) are defined as: Energy and Exergy Efficiencies:
 Exergy in products 100% Total exergy input Energy and Exergy Efficiencies:
 Energy e η and exergy e ψ efficiencies for electricity generation through fossil fuels or biofuel for the mass f m can be expressed as follow: Energy and Exergy Efficiencies:
 100% LHV Therefore, exergy efficiency for electricity generation process can be taken as equivalent to the corresponding energy efficiency . Sustainability Index and Improvement Potential of Exergy:
 Sustainable development requires not only that the sustainable supply of clean and affordable energy resources be used, but also the resources should be used efficiently."
"Energy and exergy analysis of fuel cells: A review","https://scispace.com/paper/energy-and-exergy-analysis-of-fuel-cells-a-review-5d4ka53tiw","2019","Journal Article","Thermal science and engineering","Adeel Arshad
Hafiz Muhammad Ali
Arslan Habib
Muhammad Anser Bashir
Mark Jabbal
Yuying Yan
Yuying Yan","10.1016/J.TSEP.2018.12.008","https://scispace.com/pdf/energy-and-exergy-analysis-of-fuel-cells-a-review-5d4ka53tiw.pdf","In this paper, the fundamental overview of theoretical and practical aspects of thermodynamics analysis for mainly used fuel cells (FCs) are presented. The FC converts the chemical energy of fuel (normally hydrogen) directly into electrical energy resulting heat and liquid water as a waste products. In first part, governing equation of mass, energy, entropy and exergy are presented according to first law of thermodynamics (FLT) and second law of thermodynamics (SLT), more specifically energy and exergy analysis are covered for fuel cell system. Basic criteria of energy and exergy analysis of flowing and non-flowing system, energy and exergy efficiencies, analysis procedure and models of reference environment are discussed in detail. In the second part, electrochemical reactions and thermodynamics modeling of proton exchange membrane or polymer electrolyte membrane fuel cell (PEMFC), solid oxide fuel cell (SOFC), and molten carbonate fuel cell (MCFC) are presented.","is the summation of exergy of non-flow and exergy of flow work of the flowing stream across the system boundaries at reference pressure P o : Exergy of Flow system: Here, the Ex f low similarly can be expressed as in Equation Ex Exergy of Flow system:
 Exergy transfer associated with heat transfer at location with temperature of T . For a control mass, at a dead state with its initial sate, as it is heated or cooled causes the transfer of heat which resulting exergy transfer. So heat transfer by mass m is Q. For a control volume, the exergy associated with thermal energy Q at temperature T can be expressed for initial i and final states f as follows: Exergy of Flow system:
 Here, δQ is amount of heat transfer during the time interval. During heat transfer, entropy transfers equal to the amount of Q/T and exergy transfers equal to the amount of (1 − T /T o ). From Equation it can be identified that thermal exergy is minimum amount of heat energy needed for a control mass and reference environment to accomplish the system from its dead state to final state. Exergy of Flow system:
 Introducing the dimensionless factor called exergetic temperature factor for terms (1 − T /T o ) denoted by τ : Exergy of Flow system:
 For a constant temperature, the thermal exergy associate with heat transfer can be as follows: Exergy of Flow system:
 For a control surface, the thermal exergy can be written as: Exergy of Flow system:
 Here, q is heat flux, the heat transfer per unit area on the control surface with a temperature T . Exergy of Flow system:
 Exergy which is the maximum useful work potential of the system, can be expressed as follows : Exergy of Flow system:
 Here, a boundary work, the net work due to change of volume, thus can be defined as follows for a time interval of t 1 to t 2 : Exergy of Flow system:
 Where, P o is reference pressure due to the environment exerted against the work done by the system during process while W 1,2 work by changing the volume of system. It can be clearly revealed that exergy exerted by shaft work and electric work is equal to the work W or energy itself. Exergy of Flow system:
 The exergy of mass of varying fluid properties can be defined as: Exergy of Flow system:
 During the flow process, there are always irreversibilities which are due to frictional effects, sudden contraction or expansion, heat losses due to finite temperature gradient, non-equilibrium compression and expansion processes, mixing and chemical reactions which causes to increase of entropy generation. Any phenomenon which generates the entropy resulting the exergy consumption or exergy destruction, which is less than exergy accumulation is expressed as follows: Exergy of Flow system:
 The Equation 60 is called Gouy-Stodola relation. Hence the exergy destroyed or accumulation ir proportional to entropy generation or creation. Further, exergy destroyed is positive quantity which is greater than 0 for actual processes and equal to 0 for reversible processes. Overall, the exergy destroyed in any thermodynamic system is actually the loss of useful work potential, also called irreversibility or lost work ."
"Projecto de um ciclo de Rankine Orgânico para a produção de 1 MW de electricidade","https://scispace.com/paper/projecto-de-um-ciclo-de-rankine-organico-para-a-producao-de-4jb7wfvkw6","2010","Dissertation","","João André Ribeiro da Silva","","https://scispace.com/pdf/projecto-de-um-ciclo-de-rankine-organico-para-a-producao-de-4jb7wfvkw6.pdf","","parâmetros: Mas: Potência térmica absorvida no evaporador: Mas: Rendimento isentrópico da turbina: (3.66) Mas: Potência térmica rejeitada no condensador: Mas:
 Rendimento isentrópico das bombas: Rendimento de Carnot: Porém, devido às limitações da Primeira Lei da Termodinâmica, que não contempla na sua análise o estado de desordem de um determinado sistema, considerando calor e trabalho como formas de transferência de energia equivalentes, não foi possível avaliar e quantificar o grau de irreversibilidade em cada processo a partir da análise térmica anteriormente descrita. Assim sendo, de forma a atender às restrições nas conversões entre as várias formas de energia, bem como à extensão dos processos, foi necessário recorrer à Segunda Lei da Termodinâmica. Assente no conceito de entropia, esta lei permite assim majorar a impossibilidade da conversão, total e contínua, de uma forma desordenada de energia numa outra mais nobre (mais ordenada), considerando assim para irreversibilidade característica de todos os processos reais . Mas:
 Com efeito, considerando o CRO a operar em regime permanente, foram definidos volumes de controlo para cada um dos equipamentos da instalação, de forma a avaliar a respectiva irreversibilidade. Consequentemente, e a partir da equação geral de Gouy-Stodola para escoamentos em regime permanente (equação 3.72), foram calculadas as irreversibilidades associadas a cada um dos processos, sendo posteriormente determinado o rendimento exergético do ciclo. Mas:
 em que é o caudal mássico de fluido e # a entropia específica. V.C. 2::
 A partir destas formulações foram avaliadas as penalizações associadas a cada um dos processos (pelo cálculo das irreversibilidades), bem como comparados, indirectamente, o rendimento térmico real da instalação com o respectivo rendimento térmico máximo (rendimento de Carnot), através do rendimento exergético. CAPÍTULO IV -APRESENTAÇÃO E DISCUSSÃO DE RESULTADOS:
 Baseado em todas as considerações e formulações descritas no capítulo anterior, o Capítulo IV tem por objectivo apresentar os resultados obtidos, em cada um dos ciclos ao longo da evolução e desenvolvimento do projecto, assim como avaliá-los criteriosamente, de forma a identificar as melhores soluções tendo em vista as necessidades e exigências do projecto."
"Energy and Exergy Analysis of a Cruise Ship","https://scispace.com/paper/energy-and-exergy-analysis-of-a-cruise-ship-30k53uzmc9","2018","Journal Article","Energies","Francesco Baldi
Fredrik Ahlgren
Tuong-Van Nguyen
Tuong-Van Nguyen
Marcus Thern
Karin Andersson","10.3390/EN11102508","https://scispace.com/pdf/energy-and-exergy-analysis-of-a-cruise-ship-30k53uzmc9.pdf","In recent years, the International Maritime Organization agreed on aiming to reduce shipping’s greenhouse gas emissions by 50% with respect to 2009 levels. Meanwhile, cruise ship tourism is growing at a fast pace, making the challenge of achieving this goal even harder. The complexity of the energy system of these ships makes them of particular interest from an energy systems perspective. To illustrate this, we analyzed the energy and exergy flow rates of a cruise ship sailing in the Baltic Sea based on measurements from one year of the ship’s operations. The energy analysis allows identifying propulsion as the main energy user (46% of the total) followed by heat (27%) and electric power (27%) generation; the exergy analysis allowed instead identifying the main inefficiencies of the system: while exergy is primarily destroyed in all processes involving combustion (76% of the total), the other main causes of exergy destruction are the turbochargers, the heat recovery steam generators, the steam heaters, the preheater in the accommodation heating systems, the sea water coolers, and the electric generators; the main exergy losses take place in the exhaust gas of the engines not equipped with heat recovery devices. The application of clustering of the ship’s operations based on the concept of typical operational days suggests that the use of five typical days provides a good approximation of the yearly ship’s operations and can hence be used for the design and optimization of the energy systems of the ship.","only' . Unlike energy, exergy is not conserved but some is destroyed because of the irreversible phenomena taking place in real processes (e.g., chemical reactions such as combustion). The exergy balance for the system under study can be expressed as: Exergy Analysis:
 In Equation ( ) the left-hand side represents, on a time rate basis, the exergy associated with the fuel and air. The right-hand side denotes the exergy of the waste streams, the exergy transfers with heat and power, and the exergy destroyed in the ship system. Kinetic and potential exergies are neglected, and the exergy of a given material stream is derived as the sum of the physical and chemical exergies. The chemical exergy is calculated based on the reference environment of , and its value is approximately equal to the higher heating value for hydrocarbon fuels. The exergy destruction ( Ėd ) can be calculated using the Gouy-Stodola theorem . The exergy balance may alternatively be formulated as: Exergy Analysis:
 where Ėp is called the exergy product, and corresponds to the desired output of the system, in exergy terms (for example, the power produced in an engine). Ėfuel denotes the exergy fuel, and represents the resources spent to drive the studied process (for instance, the fuel used in a combustion process). Exergy Analysis:
 The last term Ėl corresponds to the losses of a system, such as the heat discharged into the environment with cooling water. System Performance:
 The following indicators are used to evaluate the system performance: System Performance:
 • the exergy efficiency ε, defined as the ratio between the exergy product and fuel of a given component or system: System Performance:
 • the efficiency defect λ, presented in the work of Kotas , defined as the fraction of the total exergy input destroyed in the successive irreversible processes: System Performance:
 • the irreversibility share δ, suggested in the work of Tsatsaronis , defined as the ratio between the exergy destroyed in the i-th component in relation to the exergy destroyed in the entire system: Modeling the Energy System of the Ship:
 Not all of the variables that are required to perform a full energy and exergy analysis of the system are available from measurements. In some cases, they are measurable, but not measured (e.g., some temperatures, mass flows, etc.). In other cases, they are simply impossible, or impractical, to measure (e.g., specific enthalpy, specific entropy). For this reason, it was necessary to model the energy system of the ship, thereby allowing the calculation of the operational variables of interest that could not be directly measured. Modeling the Energy System of the Ship:
 The main principles applied to the modeling are presented in the following sections and summarized in Figure , while a more thorough description and validation of the different approaches is presented in Appendix A. The data were first processed by the main and AE modules to derive the related energy flows. These were then used to calculate the electric power demand, the energy flows in the cooling systems and, consequently, the heat recovered in the HTHR systems. This combined information was used to determine the heating demand. Finally, all calculated flows were aggregated to determine energy and exergy flows and related performance indicators."
"Hydrogen Energy Demand Growth Prediction and Assessment (2021–2050) Using a System Thinking and System Dynamics Approach","https://scispace.com/paper/hydrogen-energy-demand-growth-prediction-and-assessment-2021-1xkj8ckz","2022","Journal Article","Applied Sciences","Talal Yusaf
Mohamd Laimon
Waleed Alrefae
Kumaran Kadirgama
Hayder A. Dhahad
Devarajan Ramasamy
M K Kamarulzaman
B. F. Yousif","10.3390/app12020781","https://scispace.com/pdf/hydrogen-energy-demand-growth-prediction-and-assessment-2021-1xkj8ckz.pdf","Adoption of hydrogen energy as an alternative to fossil fuels could be a major step towards decarbonising and fulfilling the needs of the energy sector. Hydrogen can be an ideal alternative for many fields compared with other alternatives. However, there are many potential environmental challenges that are not limited to production and distribution systems, but they also focus on how hydrogen is used through fuel cells and combustion pathways. The use of hydrogen has received little attention in research and policy, which may explain the widely claimed belief that nothing but water is released as a by-product when hydrogen energy is used. We adopt systems thinking and system dynamics approaches to construct a conceptual model for hydrogen energy, with a special focus on the pathways of hydrogen use, to assess the potential unintended consequences, and possible interventions; to highlight the possible growth of hydrogen energy by 2050. The results indicate that the combustion pathway may increase the risk of the adoption of hydrogen as a combustion fuel, as it produces NOx, which is a key air pollutant that causes environmental deterioration, which may limit the application of a combustion pathway if no intervention is made. The results indicate that the potential range of global hydrogen demand is rising, ranging from 73 to 158 Mt in 2030, 73 to 300 Mt in 2040, and 73 to 568 Mt in 2050, depending on the scenario presented.","economic uses or act as a clean energy carrier for storing renewable energy to be be used in a lot of areas . Nevertheless, for green pathways to become technoeconomically viable, simultaneous growth at the four corners of the HydS is required. Exergy Destruction:
 Exergy is the amount of work that can be done with a given amount of energy. Exergy is the highest theoretical useable energy that can be extracted from an energy resource or a substance that is subjected to an almost reversible technique from its starting condition until it is returned to its natural condition. Exergy is determined by a total of parameters that can be equal to zero (in an equilibrium state with the surroundings), and it is reliant on the relative state of a system and its ambient conditions . Exergy is an indicator that measures how much a system deviates from equilibrium with its surroundings. Exergy is a term that encompasses both the qualitative and quantitative aspects of energy. Any irreversible occurrence results in exergy losses, resulting in process exergy destruction (loss of useful work) or elevated energy consumption from whichever source the energy was acquired from. The Gouy-Stodola theorem connects exergy destruction to total entropy production in a system: Hydrogen economy seems achievable when a 100% renewable electric grid complied and expanded to a 100% renewable energy supply though the development of all corners of HydS, production from renewable energy resources, and renewable hydrogen (i.e., Green Hydrogen) . Green hydrogen has the ability to decarbonise a wide range of economic uses or act as a clean energy carrier for storing renewable energy to be be used in a lot of areas . Nevertheless, for green pathways to become technoeconomically viable, simultaneous growth at the four corners of the HydS is required. Exergy Destruction:
 Exergy is the amount of work that can be done with a given amount of energy. Exergy is the highest theoretical useable energy that can be extracted from an energy resource or a substance that is subjected to an almost reversible technique from its starting condition until it is returned to its natural condition. Exergy is determined by a total of parameters that can be equal to zero (in an equilibrium state with the surroundings), and it is reliant on the relative state of a system and its ambient conditions . Exergy is an indicator that measures how much a system deviates from equilibrium with its surroundings. Exergy is a term that encompasses both the qualitative and quantitative aspects of energy. Any irreversible occurrence results in exergy losses, resulting in process exergy destruction (loss of useful work) or elevated energy consumption from whichever source the energy was acquired from. The Gouy-Stodola theorem connects exergy destruction to total entropy production in a system:"
"Lost work and exergy: two views of the same concept","https://scispace.com/paper/lost-work-and-exergy-two-views-of-the-same-concept-a9ee3d5j","2023","","","Joaquim Anacleto","","https://scispace.compdf/lost-work-and-exergy-two-views-of-the-same-concept-a9ee3d5j.pdf","We present the fundamental equation for a system and for a process, and by considering irreversibility within the system, we show that the lost work concept emerges naturally from the formalism. We then argue that if irreversibility is considered within the surroundings, the lost work becomes what is known as exergy. Therefore, lost work and exergy are two views of the same concept, which in turn integrates a broader and more fundamental concept: entropy generation. To the best of our knowledge, the close relation between lost work and exergy has received no attention in the literature to date. It is hoped that our discussion of this connection will be useful for both undergraduate students and teachers.","surroundings are said to consist of reservoirs, the defining characteristic of which is the absence of irreversibility. Irreversibility in the system and lost work: Therefore, the reservoir concept determines the gauging process, defined by the conditions Irreversibility in the system and lost work:
 which turn ( ) and ( ) into Irreversibility in the system and lost work:
 Inserting ( ) and ( ) into (4), the latter becomes Irreversibility in the system and lost work:
 Once the heat is stated, the first law of thermodynamics, ( Irreversibility in the system and lost work:
 and using ( )-( ), it can be written as Irreversibility in the system and lost work:
 The system-surroundings interaction is shown in Figure , which, in addition to the terms on the RHS of ( ), shows the heat Q δ and work W δ , as given by ( ) and (17), respectively. Irreversibility in the system and lost work:
 Irreversibility occurs only in the system because the surroundings consist of reservoirs. The reservoir concept imposes an asymmetry on the system-surroundings interaction, which is a drawback of having unique definitions of heat and work. This is also consistent with Clausius' relation ; indeed, as δ Irreversibility in the system and lost work:
 However, this model may raise difficulties, especially in engineering contexts in which the system is said to be 'internally reversible', that is, instead of being in the system, the irreversibility is in the surroundings. Irreversibility in the system and lost work:
 This is the case when one compares a given irreversible process with a reversible process that takes the system along the same path. How would the model in Figure  need to be adjusted if irreversibility occurred in the surroundings? We answer this question in the following section. Irreversibility in the surroundings and exergy:
 Interestingly, we can model an internally reversible system simply by interchanging the system and surroundings variables in the above equations. The entropy generation G dS and dissipative work D W δ remain unchanged under such an interchange because they are process invariants. Irreversibility in the surroundings and exergy:
 Thus, using the prime symbol to denote the quantities after interchanging variables, (15), ( Irreversibility in the surroundings and exergy:
 In engineering, in addition to the surroundings often being considered to contain the irreversibility, they are commonly taken to be at constant temperature 0 T and constant pressure Irreversibility in the surroundings and exergy:
 Figure . The same process as in Figure , but now with irreversibility occurring in the surroundings. The new values of the heat Q δ Irreversibility in the surroundings and exergy:
 and entropy generation, which now occurs only in the surroundings, are shown. In this case, the lost work is called exergy, which is a system property, while the surroundings are maintained at a constant temperature 0 T and a constant pressure 0 P . Irreversibility in the surroundings and exergy:
 If the system is brought into thermodynamic equilibrium with the surroundings (referred to as reaching the dead state ), integrating (24) yields"
"Exergetic assessment of energy systems on North Sea oil and gas platforms","https://scispace.com/paper/exergetic-assessment-of-energy-systems-on-north-sea-oil-and-2hjswt5mpo","2013","Journal Article","Energy","Tuong-Van Nguyen
Leonardo Pierobon
Brian Elmegaard
Fredrik Haglind
Peter Breuhaus
Mari Voldsund","10.1016/J.ENERGY.2013.03.011","https://orbit.dtu.dk/files/90483801/Exergetic_assessment_of_energy_systems_postprint.pdf","","validated. This overall model includes power generation, oil and gas processing, gas purification and seawater injection sub-models. The first sub-model was calibrated by use of published data from SIEMENS while the others were verified by comparison with open literature. Conclusion:
 Six simulation cases were investigated to analyse the effects of different gas-to-oil and water-to-oil ratios on the thermodynamic performance of this integrated system, based on the exergy analysis method. Exergy is destroyed with a split of about 65%/35% for the utility system (power generation and waste heat recovery) and the oil, gas and water processing, respectively. Exergy losses are mostly due to the rejection of hightemperature exhaust gases from the cogeneration plant to the environment and on flaring practices. However, the exergy destruction and loss rates represent only 0.5 to 1.5% of the total input exergy because of the inherently large chemical exergy content of oil and natural gas. Conclusion:
 At identical design conditions, the irreversibility ratio of an offshore platform is higher with increasing gas-to-oil and water-to-oil ratios, suggesting that the thermodynamic performance of this overall system is optimal with low well-fluid contents of gas and water. Conclusion:
 Although the exact values of exergy destruction would differ from one platform to another, it is suggested that significant inefficiencies and possibilities for performance improvement of the system exist. Recovering more thermal exergy from the exhaust gases, limiting or eliminating flaring practices and monitoring the gas compression trains could increase the thermodynamic performance of conventional oil and gas offshore platforms."
"Energy and Exergy Based Performance Analysis of Westinghouse AP1000 Nuclear Power Plant","https://scispace.com/paper/energy-and-exergy-based-performance-analysis-of-westinghouse-321lzboffg","2019","Journal Article","","Robert Benjamin Eshun","10.11648/J.AAS.20190401.11","https://scispace.com/pdf/energy-and-exergy-based-performance-analysis-of-westinghouse-321lzboffg.pdf","Energy and exergy analyses of the performance of the Westinghouse Advanced Passive 1000-MWe Nuclear Plant (AP1000) was conducted with the primary objectives to identify and quantify the operational locations having the largest energy and exergy losses under normal operating conditions. The energy and exergy losses in the reactor units were determined from formulations of the energy and exergy rate balances based on the Gouy-Stodola theorem. The performance of the overall AP1000 plant was estimated by component wise modeling and detailed break-up of energy and exergy losses in the various plant sections. Operating at maximum core power of 3400 MW, the AP1000 reactor core experienced moderately small thermal loss of 125.1 MW and very substantial exergy consumption of 1814.8 MW achieving energy and exergy efficiencies of 96.3% and 46.6% respectively. For the entire AP1000 plant, energy losses occurred mainly in the condenser where 1849.8 MW was lost to the environment. Exergy analysis, however, revealed lost energy in the condenser was thermodynamically insignificant due to the low quality and that irreversible losses of 1868.4 MW in the reactor and steam generator assembly were the major source of irreversibilities in the plant. The study confirmed that the major heat transfer inefficiencies occurring in nuclear reactor plants resided in the reactor cores and efforts to increase the efficiency of the plant should concentrate on the design of the core components.","AP1000 Nuclear Power Plant Authors: Robert Benjamin Eshun Keywords: Energy Analysis, Exergy Analysis, Gouy-Stodola Theorem, Irreversibility, Maximum Work, Energy Conversion Systems, Reactor Core, Nuclear Power Plant Introduction:
 The emphasis on energy resource conservation and environmentally sustainable power production processes have generated increased interest among researchers and in industry to find high efficiency and low emission solutions to energy related problems. Introduction:
 Conventionally, energy efficiency analyses emphasize reducing energy emissions or wastes to improve efficiency. The only inefficiencies detected by the analysis of a system are the energy transfers out of the system that are not further used in the installation . Introduction:
 Consequently, energy analysis provides no information on the degradation of energy or resources during a process and does not account for the usefulness (or quality) of the various energy and material streams flowing through a system and exiting as products and wastes . Introduction:
 All real processes involve energy losses due to their irreversible nature. In real processes, energy is not destroyed but rather transformed into other forms less suitable for feeding and driving real processes. Hence beside energy, the concept of exergy was introduced to characterize the quality of the energy under consideration. The exergy method of analysis, based on the second law of thermodynamics and the concept of irreversible production of entropy, overcomes the limitations of energy analysis . Introduction:
 Exergy is the maximum work potential of energy in relation to the environment and is a measure of the ability to do work by the variety of energy streams (mass, heat, and work) that are transferred through a system . The key attribute of exergy is the provision of common grounds for the comparison of the various energy streams based on the second law of thermodynamics. Introduction:
 The elementary irreversible phenomena that generate entropy are mechanical or hydraulic friction, heat transfer with a finite temperature gradient, diffusion with a finite gradient of concentration, and the mixing of substances with different parameters and chemical composition . Introduction:
 The exergy method is useful for providing a detailed breakdown of the losses for plants and components, in terms of waste emissions and irreversible losses, and quantifies the types, causes and locations of the losses, such that inefficiencies in processes are better pinpointed. In exergy analysis, more meaningful efficiencies are evaluated since exergy efficiencies are always a measure of the approach to the physically ideal output . Introduction:
 In systems analysis, the irreversibilities associated with combustion, heat transfer, mixing and pressure losses are considered separately and used to estimate the contribution of each component or process to the total exergy destruction in a system . Introduction:
 There are various irreversible losses that exist within energy production systems which transform part of the total energy to forms unavailable for power production . Thus complete energy analysis of thermal power and other energy intensive systems requires a combination of the first and second laws of thermodynamics to account for the quality and quantity of the energy flows . Introduction:
 The research problem investigated was to develop a mathematical model of the thermodynamic efficiency of the Westinghouse Advanced Passive 1000-MWe Nuclear Plant (AP100) through formulating of energy and exergy balances for the Westinghouse AP1000 power reactor system under steady state conditions in order to: Introduction:
 (1) Determine of the magnitude of energy losses and dissipations (or exergy consumptions) in the energy conversion processes within the components of the reactor assembly."
"Process system innovation by design: towards a sustainable petrochemical industry","https://scispace.com/paper/process-system-innovation-by-design-towards-a-sustainable-qcfxngr2da","2004","","","G.P.J. Dijkema","","https://scispace.com/pdf/process-system-innovation-by-design-towards-a-sustainable-qcfxngr2da.pdf","","∆U , between input and output materials and some exchange of Work w and Heat q with the system's surroundings (Figure -3). Internal energy is a state property (Appendix A. 2). According to the first law of Thermodynamics, Cadre 3-3: Effective resource utilisation:
 Enthalpy is a state property defined as Cadre 3-3: Effective resource utilisation:
 It follows from eq. 3.1 and 3.2 that in case only PV work is allowed on a system (i.e. no shaft Work, w=0) that ∆H = q p . According to the Second Law of Thermodynamics the sum of the entropy changes in the system and its surroundings can only be positive or zero. Entropy, or disorder, is defined as Cadre 3-3: Effective resource utilisation:
 Whenever a transformation process proceeds, changes occur both in the entropy of the materials involved and the entropy of the system surroundings. According to the Second Law, the created entropy σ is given by σ = ∆Si irr., created = ∆S system + ∆S surrounding >= 0 (Eq. 3.5) Cadre 3-3: Effective resource utilisation:
 The Gibb's free energy of a system is defined as: Cadre 3-3: Effective resource utilisation:
 It has been shown that the total Work requirement of a process is given by Eq. 3.7 (after Denbigh 1956): Cadre 3-3: Effective resource utilisation:
 Thus, for a process where materials enter and leave at standard conditions (P o ,T o ) the total Work requirement equals the change in Gibb's free energy plus the lost work due to irreversibilities. This is illustrated in Figure . Cadre 3-3: Effective resource utilisation:
 The formal definition of Exergy or Availability A resembles that of G : Cadre 3-3: Effective resource utilisation:
 B is a state property that can be computed for any stream. According to Eq. 3.7, B equals zero for heat q P exchanged at the reference temperature T 0 (H=H o ; S=S o ). Cadre 3-3: Effective resource utilisation:
 The exergy of a heat reservoir or flow is given by the familiar Carnot factor: Cadre 3-3: Effective resource utilisation:
 Due to unavoidable irreversibilities, the exergy balance around any real process system cannot be completed. A proper exergy balance of the petrochemical industry or parts thereof can be set up, however, to calculate exergy loss, ∆Ex loss . The exergy loss that is irrevocably related to the system's implementation and operation is calculated from the exergy change represented by the material transformation, combined with and the net other exergy inputs or outputs of the system. The exergy of materials relates to the Gibb's free energy at standard conditions (P o ,T o ). Since G is a state property (see Appendix A. 2), whether a chemical conversion takes place in the system or whatever its exact route is irrelevant for the analysis  ."
"Exergy of an open continuous medium","https://scispace.com/paper/exergy-of-an-open-continuous-medium-2a1yl05u","2023","Journal Article","Physical review","Francesco Becattini","10.1103/physreve.107.034135","https://scispace.com/pdf/exergy-of-an-open-continuous-medium-2a1yl05u.pdf","Exergy is a very important thermodynamic quantity in several fields such as economy, engineering, and ecology and yet it has attracted little attention in pure physics. One of the main problems of the currently used definition of exergy is its dependence on an arbitrarily chosen reference state, which is the thermodynamic state of a reservoir the system is supposedly in contact with. In this paper, starting from a very general definition of exergy, a formula is derived for the exergy balance of a general open continuous medium without any reference to an external environment. A formula is also derived for the most suitable thermodynamic parameters of the Earth atmosphere when seen as an external environment in the usual exergy applications. ","Title: Exergy of an open continuous medium Authors: F Becattini I. INTRODUCTION:
 Exergy, a term coined by Z. Rant , is defined in words as ""the maximum useful work possible during a process that brings the system into equilibrium with a heat reservoir, reaching maximum entropy"" . Indeed, the definition of such a quantity can be found, without receving any special naming, in the renowned book of statistical physics by L. Landau , specifically in sections ""Maximum work"" and ""Maximum work done by a body in an external medium"" where a commonly known expression of exergy (even though not the most general, as we will see) is quoted: I. INTRODUCTION:
 where U , V and S are the internal energy, volume and entropy of the system while p R and T R are the constant pressure and temperature of the environment, a large thermal reservoir the system is supposedly in contact with. Exergy, along with the expression , is a well known quantity in applied thermodynamics, with remarkable applications in various fields such as ecology, economics, engineering and others . In a world where sustainability is becoming the crucial problem for the future of mankind, exergy apparently makes it possible to quantify it . Notwithstanding, in spite of its paramount importance, exergy has attracted little attention in pure physics, specifically in theoretical statistical mechanics and thermodynamics. Indeed, while energy is always conserved in all physical processes, exergy does not, just like entropy. However, unlike entropy, exergy always decreases in an isolated system. This is a definitely more attractive feature with respect to entropy for it just matches the characteristic of what we could properly call a resource: something that can be used for some purpose, but bound to exhaust if not replaced. Altogether, exergy is the concept of resource  that is actually meant in economics, politics and in the common language as well when energy is referred to. However, unlike energy and entropy, exergy is not a function of the equilibrium thermodynamic state of a system. Nor is it an intensive and additive physical quantity, with one remarkable exception, that of small systems in contact with an infinite reservoir, see Section V. In fact, exergy depends on both the the system and the surrounding environment in a non-trivial fashion, which perhaps makes it a less attractive quantity for physicists. I. INTRODUCTION:
 Most of the quantitative applications of exergy to date are based on the equation  and extensions to include the chemical part. As it has been mentioned, the formula (1) requires the existence of a reservoir, with an invariably constant and uniform thermostatic intensive quantities: temperature, pressure, chemical potentials. However, when dealing with a continuous medium which is not in contact with a heat reservoir, this is a serious limitation. For instance, in classical thermodynamics it is well known that a fluid with temperature gradients within, and yet, not in contact with a reservoir, is potentially able to perform useful work because it has not achieved full thermodynamic equilibrium. One should be able, in principle, to calculate the amount of this useful work. Another equally important question is how to calculate the intensive parameters of what can be regarded as the reservoir in most applications, i.e. the Earth atmosphere or a portion thereof. What can be taken as reference values of the atmosphere T R , p R , given that its thermodynamic state is not constant neither uniform?"
"Exergy of an open continuous medium","https://scispace.com/paper/exergy-of-an-open-continuous-medium-144hc31d","2022","Posted Content","","Francesco Becattini","10.48550/arxiv.2208.12785","https://scispace.com/pdf/exergy-of-an-open-continuous-medium-144hc31d.pdf","Exergy is a very important thermodynamic quantity in several fields such as economy, engineering, ecology and yet it has attracted little attention in pure physics. One of the main problems of the currently used definition of exergy is its dependence on an arbitrarily chosen reference state, which is the thermodynamic state of a reservoir the system is supposedly in contact with. In this paper, starting from a very general definition of exergy, a formula is derived for the exergy balance of a general open continuous medium without any reference to an external environment. A formula is also derived for the most suitable thermodynamic parameters of the Earth atmosphere when seen as an external environment in the usual exergy applications. ","Title: Exergy of an open continuous medium Authors: F Becattini I. INTRODUCTION:
 Exergy, a term coined by Z. Rant , is defined in words as ""the maximum useful work possible during a process that brings the system into equilibrium with a heat reservoir, reaching maximum entropy"" . Indeed, the definition of such a quantity can be found, without receving any special naming, in the renowned book of statistical physics by L. Landau , specifically in sections ""Maximum work"" and ""Maximum work done by a body in an external medium"" where a commonly known expression of exergy (even though not the most general, as we will see) is quoted: I. INTRODUCTION:
 where U , V and S are the internal energy, volume and entropy of the system while p R and T R are the constant pressure and temperature of the environment, a large thermal reservoir the system is supposedly in contact with. Exergy, along with the expression , is a well known quantity in applied thermodynamics, with remarkable applications in various fields such as ecology, economics, engineering and others . In a world where sustainability is becoming the crucial problem for the future of mankind, exergy apparently makes it possible to quantify it . Notwithstanding, in spite of its paramount importance, exergy has attracted little attention in pure physics, specifically in theoretical statistical mechanics and thermodynamics. Indeed, while energy is always conserved in all physical processes, exergy does not, just like entropy. However, unlike entropy, exergy always decreases in an isolated system. This is a definitely more attractive feature with respect to entropy for it just matches the characteristic of what we could properly call a resource: something that can be used for some purpose, but bound to exhaust if not replaced. Altogether, exergy is the concept of resource  that is actually meant in economics, politics and in the common language as well when energy is referred to. However, unlike energy and entropy, exergy is not a function of the equilibrium thermodynamic state of a system. Nor is it an intensive and additive physical quantity, with one remarkable exception, that of small systems in contact with an infinite reservoir, see Section V. In fact, exergy depends on both the the system and the surrounding environment in a non-trivial fashion, which perhaps makes it a less attractive quantity for physicists. I. INTRODUCTION:
 Most of the quantitative applications of exergy to date are based on the equation  and extensions to include the chemical part. As it has been mentioned, the formula (1) requires the existence of a reservoir, with an invariably constant and uniform thermostatic intensive quantities: temperature, pressure, chemical potentials. However, when dealing with a continuous medium which is not in contact with a heat reservoir, this is a serious limitation. For instance, in classical thermodynamics it is well known that a fluid with temperature gradients within, and yet, not in contact with a reservoir, is potentially able to perform useful work because it has not achieved full thermodynamic equilibrium. One should be able, in principle, to calculate the amount of this useful work. Another equally important question is how to calculate the intensive parameters of what can be regarded as the reservoir in most applications, i.e. the Earth atmosphere or a portion thereof. What can be taken as reference values of the atmosphere T R , p R , given that its thermodynamic state is not constant neither uniform?"
"Exergy and possible applications","https://scispace.com/paper/exergy-and-possible-applications-4ka18ynqjx","1997","Journal Article","Revue Générale de Thermique","Wolfgang Fratzscher","10.1016/S0035-3159(97)88433-4","https://scispace.com/pdf/exergy-and-possible-applications-4ka18ynqjx.pdf","","Usually, the energy balance is given as: I GENERAL FOUNDATIONS: For the derivation of eqs. ( ) and (51, a stationary open system is accepted as main object of engineering problems. This discussion can also be used for other system conditions. I GENERAL FOUNDATIONS:
 The comparison between the exergy and energy balances shows the differences between them and is the basis for useful applications of the exergy method. The mass flow rates are calculated by the enthalpy in the energy balance and by the exergy (eq (1)) in the exergy balance. Mass flow rates with parameters of the state of environment have no exergy and do not appear in the exergy balance. Works, in this case flow works, are equal in both balances. This is not astonishing, for exergy is that part of energy which can be transformed into work. The heat transfer is weighted by a temperature function which is well known as Carnot factor or, in the actual context, as exergetic temperature: I GENERAL FOUNDATIONS:
 The exergetic temperature for a given temperature of environment is shown in figure . For T = T,, rc, = 0, because heat at environmental temperature has no exergy, and heat at this temperature cannot be transformed into work. For T + 00, re + 1, because heat at infinitely high temperature is either identical with work or unlimitedly transformable into work. But for T + 0, r, + -co, which is in conformity with the statement that an approach to absolute zero requires infinitely high expenses. I GENERAL FOUNDATIONS:
 To illustrate the expenses, some phase transition points are given in figure . I GENERAL FOUNDATIONS:
 I 1 T<Tu T>Tu The term T, A S,, with AS, as entropy production by irreversibility, is important. This term does not have any equivalent in the energy balance. By multiplying the entropy production by the environmental temperature T,, this term can be obtained as energy and especially as heat at the temperature of the environment. This energy is not available or cannot be transformed into work. Therefore irreversibilities can be described as a form of anergy production. This term represents general energy losses which were produced by a deviation from the reversible process as the best process for energetics. In the literature this term is referred to as the Gouy-Stodola equation. The energy balances do not contain this energy or -to put it more correctly -exergy losses. Therefore these losses can be discussed on the basis of energy balances only by using comparable processes."
"Sustainable Coal Supply Chain Management Using Exergy Analysis and Genetic Algorithm","https://scispace.com/paper/sustainable-coal-supply-chain-management-using-exergy-1ud9bqllrf","2021","Journal Article","Management Systems in Production Engineering","Reihaneh Naderi
Mohsen Shafiei Nikabadi
Akbar Alem-Tabriz
Mir Saman Pishvaee","10.2478/MSPE-2021-0006","https://scispace.com/pdf/sustainable-coal-supply-chain-management-using-exergy-1ud9bqllrf.pdf","","exergy can be expresses as Eq. ( ), where ‫ݔܧߜ‬ is the consumed exergy (MJ), ܶ is the temperature of surroundings (K), and ܵ is entropy (MJ/K). ‫ݔܧߜ‬ ൌ ܶ ∑ ∆ܵ:
 (1) Based on the second thermodynamic law, all natural or man-made processes suffer from inevitable shortfalls, inefficiencies and destructed exergy accounts due to the gradually generated entropy . The destructed exergy in a system can be calculated as the difference between the total exergy entering the system and the total exergy leaving the system . According to Guoy-Stodola theorem , the exergy destruction ‫ݔܧ‬ ௗ௦௧ can be computed from a knowledge of the entropy generated in the system ܵ as ‫ݔܧߜ‬ ൌ ܶ ∑ ∆ܵ:
 As mentioned in , the relationship between the vendor and buyer can be modelled as two series heat pumps, while the price is analogues to temperature. Moreover, work (money) is generated by heat pump (vendor). The required work to operate a production process includes the cost of energy, physical equipment, labor, and transportation. As inefficiencies result in wastage of the resources, exergy analysis can be effectively used to enhance the efficiency of the system, and consequently, improve both economic and environmental performances. In summary, entropy in a thermal system can be expressed as Eq. ( ), where ‫ܥܳ‬ ଵ is the heat energy extracted from the colder environment at temperature ‫ܥܶ‬ ଵ , and ‫ܪܳ‬ ଶ is the heat energy rejected at temperature ‫ܪܶ‬ ଶ . ‫ݔܧߜ‬ ൌ ܶ ∑ ∆ܵ:
 In this paper, the same analogous as in Jawad et al.  is used to present the entropy (destructed exergy) in coal supply chain. It is assumed that the buyer in the coal supply chain represents the surroundings, while the market is represented as the environment. The wasted energy, raw materials, capital, and labor efforts, that may not be regenerated, are represented as entropy. The generated entropy due to product ‫‬ can be formulated similar to the thermal system, as Eq. ( ), where ‫ܦ‬ is the total demands for product ‫.‬ ‫ݔܧߜ‬ ൌ ܶ ∑ ∆ܵ:
 Therefore, according to the Guoy-Stodola theorem  and the heat pump model , the destroyed exergy is equal to ‫ܥ‬ ܵ , and can be expressed as:"
"Application of Exergy: A Low-Exergy Solution to Building Heating and Cooling","https://scispace.com/paper/application-of-exergy-a-low-exergy-solution-to-building-34ig0ntskn","2018","Book Chapter","","Lin-Shu Wang","10.5772/INTECHOPEN.74861","https://scispace.com/pdf/application-of-exergy-a-low-exergy-solution-to-building-34ig0ntskn.pdf","Considering heat a form of energy, the mechanical theory of heat (MTH), in making this historic advance of heat’s ontological-category, made a relational-category error. The resulting energetic viewpoint of MTH sees all changes in nature as energy conversions and the problem of building heating and cooling as, quantitatively, energy-demand-andsupply problem. The IEA-ECBCS-programme introduced a correction to this energetic bias with the principle of “matching the quality levels between the energy supply and demand,” which is known as LowEx approach. A recently formulated theory of heat, the predicative entropic theory of heat (PETH), is based on the cornerstone of correct categories of heat ontologically as well as predicatively (relationally). In the new theory, heat extraction plays a central role and, therefore, changes in nature are seen in terms of spontaneous entropy growth and heat extraction as powered by entropy growth potentials (EGPs). An alternative to the IEA-ECBCS’s LowEx approach is suggested here based on heat extraction. Instead of matching of quality levels, LowEx can also be achieved by the management of natural EGPs: the combined solar and heat pump systems (S+HPs) can be transformed into LowEx S+HPs, a pure heat extraction system, by “eliminating” the energy conversion process of auxiliary heating.","destruction of exergy due to irreversibilities within the system as related to the entropy generation or entropy growth, Closed system exergy balance: In the literature, the expression of E D is also known as the Gouy-Stodola theorem. Closed system exergy balance:
 As long as both pure exergy energies and physical exergy are core parts of the theory of exergy, the theory is rest on both the first definition and the second definition-with the aforementioned contradiction between them. The only escape out of the dilemma is for the first definition to accept the restriction implied in the second definition, energy ¼ exergy þ anergy. That is, the energetic interpretation. This interpretation-restriction is in fact the widely held understanding of thermodynamics since Kelvin. In this interpretation, energy is then divided into four kinds, inclusively: Closed system exergy balance:
 • Pure exergy energy: electrical energy, kinetic energy, and potential energy Closed system exergy balance:
 • High exergy energy: high temperature heat Closed system exergy balance:
 • Low exergy energy: low temperature heat Closed system exergy balance:
 • Zero exergy energy: heat of a body that is in thermodynamic equilibrium with its environment. Closed system exergy balance:
 The common definition of energy, energy is the capacity for doing work, is clearly applicable only to the pure exergy energies and inapplicable to low exergy energy and zero exergy energy. A better definition will be: exergetic content of an energy system is the capacity for doing work, which is applicable to all four cases. Kelvin, origin of the exergy concept, and the notion of universal energy conversion:
 As Maxwell stated, ""Thomson…does not even consecrate a symbol to denote the entropy, but he was the first to clearly define the intrinsic energy of a body, and to him alone are due the ideas and definitions of the available energy and the dissipation of energy,"" two important points were made in this sentence: Thomson (Later, Lord Kelvin) was the originator of the idea of available energy or exergy; secondly, the two papers, one paper on the universal dissipation of mechanical energy  and another paper on dynamical theory of heat , which originated the idea of available energy, also represented Thomson's formulation of the second law. Both points are not widely known, but deserve to be better disseminated for better appreciating the real meaning of the theory of exergy. Kelvin, origin of the exergy concept, and the notion of universal energy conversion:
 While the universal dissipation paper, though a short one, is widely disseminated, Thomson's idea on available energy was not explicitly shown in the 1851 paper, though the paper was Thomson's most significant publication. Rather, the idea was recorded in a passage of the draft for the paper:"
"FE Simulation Modelling and Exergy Analysis of Conventional Forging Deformation Behaviour of Material Processing","https://scispace.com/paper/fe-simulation-modelling-and-exergy-analysis-of-conventional-52iflszhjb","2017","Journal Article","International Journal of Engineering Research and Applications","Santosh Sanodiya","10.9790/9622-0703020614","https://scispace.com/pdf/fe-simulation-modelling-and-exergy-analysis-of-conventional-52iflszhjb.pdf","The present paper examines the deformation behaviour of geometrical specimens of an aluminium alloy undergoing axial compression in a Universal Testing Machine under dry condition. It is observed that researchers have made attempts to investigate alternate specimens for friction calibration. It is found that ring compression test is recommended as the standard test for determination of coefficient of friction, because it gives reliable results. The effect of weight percentage of silicon carbide on microstructure, hardness and upsetting load is studied. The friction factor at die metal interface is evaluated by ring compression tests and its effect on non-uniform deformation is investigated. The experimental results are finally compared with those obtained by FEA simulation and modelling. In order to validate the predictability of these specimens, real experiments on them are carried out. Rings of standard dimensional ratio 6:3:1 in the same machine. Friction predictions from both specimen are found to be in close match, proposed alternate specimen offers a powerful tool for friction prediction in the absence of ring specimen. Some aspects of Exergy calculations have been in the past repeatedly used to quantify the quality and quantity of energy used in thermal energy processes. This attempt to drive a exergy utilization and compare for the first time two entirely different manufacturing processes, material processing by a mechanical method of straining of the material and thermal processing during cold forging of the same mass of the material using exergy formulation as metric. The exergy analysis of material processing is determined by performed work and utilized heat transfer using mechanical and thermal processes.","work, heat and material streams entering and leaving manufacturing systems ( ). An exergy balance can be formulated for every manufacturing system as follows: III. EXERGY ANALYSIS: The exergy of the aggregated materials entering and leaving the system are represented by . III. EXERGY ANALYSIS:
 The components, and show the exergy flows accompanied with work and heat, respectively. Any work required beyond the minimum requirements is lost and expressed by . For this analysis, all exergies 𝐵 are calculated in respect to the reference state 𝑇 0 = 298.15 K and 𝑝 o = 101.3 kPa. The first step in any system analysis is to identify the system boundaries. Depending on the enclosed control volume, results may differ substantially . Here, we investigate this process for two different control volumes. III. EXERGY ANALYSIS:
 The method of exergy analysis is well suited for furthering this goal, for it enables the location, type and true magnitude of waste and loss to be determined. Such information can be used to design new systems and to reduce the inefficiency of existing systems. This paper provides a brief survey of both exergy principles and the current literature of exergy analysis with emphasis on areas of application. Exergy is a thermodynamic concept and is defined as ""Optimal work that can be extracted from a system as it interacts with an environment"" (2005). Exergy is additive but not conserved and the different types of exergy B can be represented by the following equation ( ). III. EXERGY ANALYSIS:
 Where B k represents kinetic exergy, Bp represents potential exergy, Bph represents physical exergy and Bch represents chemical exergy for better understanding of different types of exergy). There has been a lot of work done in the field of exergy analysis . It is also mainly used in consideration of ecological concepts which can be used to assess the influence on the environment. The basic definition, the concept, the formulation and explanation of exergy use is clearly discussed by . Before the use of exergy analysis has been developed, the energy analysis has been used with a wide range of economic, environmental and efficiency studies. Brunhes showed the drawbacks of energy assessments only. The loss of exergy which is caused by the irreversibility of the process is directly linked to the entropy change. The relationship that defines this loss is called the Gouy-Stodola""s theorem represented by the following equation . III. EXERGY ANALYSIS:
 This particular equation is extensively used in paper especially for the thermal exergy calculations. This provided the base to correlate the entropy generation and exergy utilization meaningfully. This value is obviously very low; therefore the exergy analysis reveals clearly the possibilities for improvement. The study is done on material, energy and exergy balances of the system as a whole and of its separate elements.. Process design guides transforming of raw materials into the finished products . This study promotes two approaches for process design. One being hierarchic (called in the study) the other approach being mathematical approach. Using the exergy calculations, a new approach for chemical process synthesis has been developed. It shows that this approach may be used to define a more exergy efficient benzene synthesis process ."
"Load-based Exergetic Assessment of an Offshore Thermal Power Plant in an Equatorial Environment","https://scispace.com/paper/load-based-exergetic-assessment-of-an-offshore-thermal-power-3rqcn8ez57","2015","Journal Article","","Sidum Adumene","10.11114/SET.V3I1.1177","https://scispace.com/pdf/load-based-exergetic-assessment-of-an-offshore-thermal-power-3rqcn8ez57.pdf","The Load-based exergetic assessment of a thermal power plant for offshore utilization was carried out. The gas turbine systems were split into sub-systems and simplified into control volume to show inflow and outflow of exergy at different loading. The operating parameters of the plant were monitored for 12 months through human machine interface (HMI), and the data collected were used with thermodynamic relations to carry out the assessment.  MATLAB 7.3 ® Software was used to evaluate the various model equations and results tabulated. The results show that for every 1% drop in the operational load, the thermal efficiency and exergy efficiency drop by 0.17% and 0.25% respectively. It further shows that there is about 0.006% decrease in fuel consumption under the same conditions, and at 44% loading the system has the highest percentage of exergy loss of about 21.3%. This means that as the operational load decrease, the percentage exergy loss increase proportionally. Enormous exergy is lost in the exhaust system due to absence of heat recovery steam generator. The assessment established that the components of the power plant degrade in the quality of exergy and performance at different loading of the plant due to mechanical loss and irreversibility.","Title: Load-based Exergetic Assessment of an Offshore Thermal Power Plant in an Equatorial Environment Authors: Sidum Adumene Keywords: thermal plant, exergy assessment, efficiency, operational load, irreversibility Introduction:
 The advances in gas turbine manufacturing and performance over the years had helped to solve critical energy need of humanity. Gas turbine converts the chemical energy of fuel into mechanical energy using air as the medium of conversion. The resulting mechanical energy can be used to drive many types of rotating equipment like alternators, pumps and compressor. The development of science and technology has enhanced our ability to harness energy and utilize it rationally. The international energy agency reports that fossil fuels supply over 85% of the world's commercial energy, account for 65% of the world's electricity and 97% of the energy for transportation. This shows that the world's energy demand tilt towards fossil fuel with little attention to other energy resources. Introduction:
 In recognition of this energy need,  remarked that ""power plants should be operated in the most efficient manner to check the rate of depletion of fossil fuel reserves"". To achieve this, there is need for periodic performance evaluation of the power plant using a load-based exergetic technique. Exergy have been viewed by different researchers as available energy to be a quantitative measure of the mechanical work lost in any real thermodynamic system as a result of irreversibility in the system.  and  view exergy as a ""work potential"" of a system. Their view was drawn from the fact that any system which is at a temperature, pressure or chemical composition above that of its surroundings is not in equilibrium and has a potential to do work. Therefore, when a system is at a state of equilibrium with its environment, there would be no work transfer, and its exergy is equal to zero.  states that ""the exergy of a steady stream of matter is equal to the maximum amount of work obtainable when the stream in brought from its initial state to the dead state by processes during which the stream may interact only with the environment"". Exergy corresponds to the ""useful"" part of energy. Whereas energy is conserved with respect to the first law of thermodynamics, exergy destroyed or degraded with respect to the second law of thermodynamic and helps to locate the wasteful uses of exergy in energy conversion system."
"Escoamentos turbulentos em canais com o fundo em degraus: resultados experimentais, soluções numéricas e proposições teóricas","https://scispace.com/paper/escoamentos-turbulentos-em-canais-com-o-fundo-em-degraus-3fx5dzqbi5","2012","Dissertation","","André Luiz Andrade Simões","10.11606/T.18.2012.TDE-01092014-090055","https://scispace.com/pdf/escoamentos-turbulentos-em-canais-com-o-fundo-em-degraus-3fx5dzqbi5.pdf","","superfícies de controle permeáveis à massa mais a parcela correspondente à transferência de calor que pode ocorrer através de toda a superfície de controle. Também é possível definir a taxa de geração de entropia: Teorema de Gouy-Stodola:
 A equação anterior é utilizada para obtenção da relação entre a geração de entropia e a taxa de dissipação de energia, na forma de trabalho. O procedimento para obtenção de tal relação é conhecido como teorema de  e inclui o uso da primeira lei da termodinâmica escrita para volumes de controle com a seguinte forma (considerando valores médios): Teorema de Gouy-Stodola:
 em que E é a energia do sistema no interior do volume de controle (cinética mais potencial gravitacional mais interna), h é a entalpia (energia interna, especificamente a energia térmica, somada ao termo correspondente ao trabalho das forças de pressão) e W com um ponto é a potência utilizável do sistema (ou taxa de trabalho). Teorema de Gouy-Stodola:
 Eliminando a potência térmica das equações precedentes, obtém-se: Teorema de Gouy-Stodola:
 Nesta inequação, T o é a temperatura do ambiente, em que está imersa a parte do volume de controle por onde penetra o calor e a superfície de controle correspondente. Qualquer alteração de temperatura é considerada como ocorrendo no interior do volume de controle. Teorema de Gouy-Stodola:
 Fica claro com a expressão anterior que a taxa de trabalho utilizável do sistema possui um limite superior e que a potência máxima corresponde ao sinal de igualdade. A diferença entre as potências máxima e utilizável corresponde à potência utilizável dissipada, isto é: Teorema de Gouy-Stodola:
 Pode-se associar 4.229 com 4.230 para o caso de potência máxima, como apresentado a seguir: Teorema de Gouy-Stodola:
 Subtraindo as potências como indicado na equação 4.231 e com T o em evidência, obtém-se: Teorema de Gouy-Stodola:
 Percebe-se que a equação anterior contém a definição de entropia gerada (S ger ), presente na Este é o teorema de Gouy-Stodola, que relaciona a potência dissipada com a taxa de geração de entropia no interior do volume de controle. É interessante notar que, para escoamentos com ausência (hipotética) de efeitos viscosos, a potência utilizável é igual à potência máxima e, portanto, a entropia gerada é nula, uma vez que T o é diferente de zero para fluidos em escoamento."
"Exergy metric for the assesment of material processing in manufacturing","https://scispace.com/paper/exergy-metric-for-the-assesment-of-material-processing-in-2xqkcl7wke","2006","","","Venkata Sandeep Boddapati","","https://scispace.com/pdf/exergy-metric-for-the-assesment-of-material-processing-in-2xqkcl7wke.pdf","OF THESIS EXERGY METRIC FOR THE ASSESMENT OF MATERIAL PROCESSING IN MANUFACTURING Exergy utilization calculations have been in the past repeatedly used to quantify the quality and quantity of energy used in thermal energy processes. This thesis is an attempt to derive a common language – exergy utilization and compare for the first time two entirely different manufacturing processes, namely material processing by a mechanical method of straining of the material and simple heating of the same mass of the material using exergy utilization as a metric. The exergy utilization of material processing is determined by performed work and utilized heat transfer using 1) Ramberg-Osgood equation and 2) Lumped heat capacitance method. A comparison of these two methods is presented.","presented in detail in Appendix H (Part I). This particular equation is derived using the Gouy-Stodola's Theorem . The loss of exergy, which caused by the irreversibility of the process due to finite temperature difference is Introduction:
 where represents the exergy loss, represents the reference temperature, represents the entropy production due to heat transfer across finite temperature difference, is the heat transfer during this process transferred from the higher to the lower temperature level and The relationship Eq. ( ) assumes that product exchanges energy in form of heat while being (in a first approximation) at a mean (constant) temperature between its initial and final values. In this application, however, this is not the case. If one determines a proper mean L T value, the calculated exergy loss would be (most likely) close enough to the exact value. This has to be established rigorously. For such analysis, one should assume that (t) changes between an initial value in a limit equal to to a desired value of . The analysis that follows attempts to determine entropy generation and exergy loss for such a case but in an exact rigorous manner. Introduction:
 Consider a system as shown in Fig. ; this is a metal bar of mass 'm'. Let it be at an initial temperature of (which is the reference temperature in this case) and it is to be heated to a temperature of where the source is at a temperature of . ( ) Introduction:
 The assumption that is used in this heating process is that the body heating follows the lumped capacitance conditions . That is, this implies that the temperature gradients within the solid during heating are negligible. For this condition to be valid, the Biot Number has to be less than 0.1. The validation of this condition is also provided in the Appendix H (part II). It should be noted that many processes, for example, any brazing process must be performed with a great deal of care with respect to this temperature uniformity anyway -because the brazing conditions require it. So, such idealization is plausible from this point of view as well. Introduction:
 Differentiating Eq. ( ), one gets Introduction:
 The differential of the entropy generation is now given by (see Eq. (H.9) in Appendix H) Introduction:
 The temperature reached by a solid at an instant t is given by   Eq. ( ) can be re-written in the following format ( ) Introduction:
 Substituting Eq. ( ) and Eq. ( ) in Eq. ( ), one gets ( ) Introduction:
 Integrating the above equation & substituting the limits, the following result is obtained. The exergy loss needed to thermally treat the material is given by Eq. ( ) Introduction:
 where is given by the Eq. ( ) gen S Exergy Transfer Rate Associated with Heat Transfer Rate:
 As the work piece is heated the exergy in the work piece increases. In a simple closed system where the work piece is heated from a reference surrounding temperature to a higher temperature, the differential (exergy utilization corresponding to a differential dQ) is given by Eq. ( ) . Exergy Transfer Rate Associated with Heat Transfer Rate:
 Substituting the values of from Eq. ( ) and Q from Eq. ( ), the following is obtained Exergy Transfer Rate Associated with Heat Transfer Rate:
 Upon integrating Eq  & substituting limits the following generalized equation is obtained"
"The Second Law Today: Using Maximum-Minimum Entropy Generation","https://scispace.com/paper/the-second-law-today-using-maximum-minimum-entropy-2brtwp08cm","2015","Journal Article","Entropy","Umberto Lucia
Giuseppe Grazzini","10.3390/E17117786","https://scispace.com/pdf/the-second-law-today-using-maximum-minimum-entropy-2brtwp08cm.pdf","There are a great number of thermodynamic schools, independent of each other, and without a powerful general approach, but with a split on non-equilibrium thermodynamics. In 1912, in relation to the stationary non-equilibrium states, Ehrenfest introduced the fundamental question on the existence of a functional that achieves its extreme value for stable states, as entropy does for the stationary states in equilibrium thermodynamics. Today, the new branch frontiers of science and engineering, from power engineering to environmental sciences, from chaos to complex systems, from life sciences to nanosciences, etc. require a unified approach in order to optimize results and obtain a powerful approach to non-equilibrium thermodynamics and open systems. In this paper, a generalization of the Gouy–Stodola approach is suggested as a possible answer to the Ehrenfest question.","global description of any irreversible process, and interest in its applications is growing. Moreover, it has also been related to the thermodynamic Lagrangian, becoming the quantity, which can link the global and local approaches to the analysis of any irreversible system . The Approach Suggested:
 Consider an open, continuum or discrete, N particles system. Every i-th element of this system is located by a position vector xi, it has a velocity , a mass mi and a momentum = mi , with i  [1,N]. The total mass of the system is = ∑ and its density is ρ. The position of the centre of mass is xB and its velocity is defined as = ∑ / , while the mean motion velocity, called diffusion velocity, is defined by the relation = − . The total mass of the system must be a conserved quantity, so it must satisfy the following relation + ∇ ⋅ = 0 . This global analytical relation must also be verified locally, related to the density of the i-th elementary volume of density ρi and a source Ξ generated by matter transfer, chemical reactions or thermodynamic transformations, as follows + ∇ ⋅ = Ξ . For an open system, as just described in a macroscopic way, the equation of the entropy balance Equation (4) can become : The Approach Suggested:
 where s = S/V, with S entropy, is the entropy density, v is the specific volume, σ is the entropy production and Js is the entropy flux defined as in : where Q is the heat flow vector. When a system with a temperature T receives reversibly a small amount of heat δQ, the entropy of the system will increase by an amount : The Approach Suggested:
 where S is the entropy variation of the system from the initial (is) and the final (fs) state of the process, δ represents an infinitesimal (or rather elementary) small change of a path function. The second law, as the law of entropy increases, is always valid for a completely isolated system, so it also remains valid for open systems, if the system and its surroundings/environment are considered as a whole system. When we sum up all the changes of entropy of interacting subsystems, the total change must be non-negative. Moreover, the maximum work is not attainable for natural systems where irreversible processes are inevitable. There is a natural tendency of various kinds of irreversible processes to dissipate mechanical into heat energy. These considerations must be taken into account in the formulation of a general model of analysis of the thermodynamic processes introducing a quantity useful to describe the systems' evolution. Moreover, this physical quantity must be useful both in linear and in non-linear phenomena. So, in order to develop our approach, we introduce specific hypotheses :  an open irreversible real system with non-linear response is considered; The Approach Suggested:
 (2) each process has a finite lifetime τ  (3) what happens in each instant in the range [0,τ] may not be known, but what has happened after the time τ (the result of the process) can be well known ; (4) for open system the entropy balance equation is a balance of fluxes of entropy; The Approach Suggested:
 (5) the Gouy-Stodola theorem works for real systems."
"Fundamentos de la economía ecológica","https://scispace.com/paper/fundamentos-de-la-economia-ecologica-36p6mxge9s","1994","","","José Manuel Naredo","","https://scispace.com/pdf/fundamentos-de-la-economia-ecologica-36p6mxge9s.pdf","","de los costes físicos y de los valores monetarios que se generan a lo largo del proceso económico y disponer de criterios que permitan medir y corregir la asimetría que se observa entre ambos. Evaluación monetaria y costes físicos inherentes a los procesos de producción:
 Como señalaba en mi artículo con A. Valero «Sobre la conexión entre termodinámica y economía convencional», si en todos los procesos físicos, cualquiera que sea su naturaleza se pierde energía utilizable, es razonable pensar que la función del coste exergético pueda ser una base objetiva para medir los costes físicos de producción. Nótese -precisábamos entonces-que no estamos diciendo su precio o su valor sino los costes medidos en unidades de recursos empleados. Ello daría pie a una reformulación de la Economía, que permitiría cuantificar, a la luz del Segundo Principio de la Termodinámica, problemas relacionados no sólo con el coste y con la eficiencia, sino también con la dispersión y deterioro de nuestros recursos naturales, la evolución del medio ambiente hacia temperaturas más elevadas y con composición más dispersa, el problema del ahorro de recursos por reciclado, la valoración más objetiva y a diferentes niveles de agregación de los efectos nocivos de la producción y del consiguiente aumento de residuos, cada vez más y más acelerado, etcétera. Bien lo atestigua la Ley conocida en Termodinámica con el nombre de Gouy-Stodola, que dice que la irreversibilidad generada en el proceso vale I=ToSg, siendo To la temperatura ambiental y Sg la generación de entropía, de desorden medio en términos termodinámicos del proceso. Esta ley recoge el gran conflicto fáustico al que se enfrenta una sociedad industrial apoyada sobre el uso y la dispersión de ciertas concentraciones de materiales contenidos en la corteza terrestre: a mayor irreversibilidad generada por los crecientes y desenfadados procesos «productivos» realizados por el hombre, mayor será la temperatura ambiental, originada por la contaminación térmica, y/o mayor la creación de desorden, es decir, mayor la dilución de materiales en la tierra, el agua y el aire. Evaluación monetaria y costes físicos inherentes a los procesos de producción:
 Pero a la vez que el enfoque termodinámico registra las irreversibles pérdidas y los costes físicos en que van incurriendo las elaboraciones productivas, el enfoque económico estándar va registrando las ganancias monetarias derivadas de la revalorización de los productos que constituyen la finalidad del proceso (finalidad que la termodinámica sólo refleja parcialmente, en términos de baja entropía, escapándose esa otra meta más de fondo que Georgescu-Roegen define como el «disfrute de la vida»)."
"Passive flow control for aerodynamic performance enhancement of airfoil with its application in Wells turbine – Under oscillating flow condition","https://scispace.com/paper/passive-flow-control-for-aerodynamic-performance-enhancement-41d303j5ay","2017","Journal Article","Ocean Engineering","Ahmed S. Shehata
Qing Xiao
Khalid M. Saqr
Khalid M. Saqr
Ahmed Naguib
Alexander Day","10.1016/J.OCEANENG.2017.03.010","","","and Numerical Approach: The second law of thermodynamic defines the network transfer rate W  as : Mathematical Model and Numerical Approach: Which has been known for most of this century in engineering as the Gouy-Stodola theorem . Mathematical Model and Numerical Approach:
 It is possible to express the irreversible entropy generation in terms of the derivatives of local flow quantities in the absence of phase changes and chemical reactions. The two dissipative mechanisms in viscous flow are the strain-originated dissipation and the thermal dissipation which correspond to a viscous and a thermal entropy generation respectively . Mathematical Model and Numerical Approach:
 Thus, it can be written, Mathematical Model and Numerical Approach:
 In incompressible isothermal flow, such as the case in hand, the thermal dissipation term vanishes. The local viscous irreversibilities therefore can be expressed as: Mathematical Model and Numerical Approach:
 where  is the viscous dissipation term, that is expressed in two dimensional Cartesian coordinates as : Mathematical Model and Numerical Approach:
 Equations 18 and 19 were used to create the UDF file, which is used to calculate the local entropy form the FLUENT software. Then, the global entropy generation rate is hence expressed as: Mathematical Model and Numerical Approach:
 Which is also calculated from the FLUENT software by integral the global value, Mathematical Model and Numerical Approach:
 The next equation is defining the exergy value, which can be written as : Mathematical Model and Numerical Approach:
 and finally the second law efficiency is defined as : Mathematical Model and Numerical Approach:
 From the above equation we can come up with a number of conclusions. On the one hand, that the torque coefficient indicates to the first law efficiency and the global entropy generation rate indicates to the second law and efficiency, in which the increase in torque coefficient leads to increase in the first law efficiency. On the other hand, the decrease in the global entropy generation rate leads to an increase in the second law efficiency."
"Gravitational Surface Tension as the Origin for the Black Hole Entropy","https://scispace.com/paper/gravitational-surface-tension-as-the-origin-for-the-black-7k5v37shd2sy","2024","Journal Article","","S. D. Campos
R. H. Longaresi","10.48550/arxiv.2409.02694","https://scispace.compdf/gravitational-surface-tension-as-the-origin-for-the-black-7k5v37shd2sy.pdf","In this work, we explore the thermodynamics of black holes using the Gouy-Stodola theorem, traditionally applied to mechanical systems relating entropy production to the difference between reversible and irreversible work. We model black holes as gravitational bubbles with surface tension defined at the event horizon, deriving the Bekenstein-Hawking entropy relation for non-rotating black holes. One extends this approach to rotating black holes, incorporating the effects of angular momentum, demonstrating that the Gouy-Stodola theorem can similarly derive the entropy-area law in this case. Additionally, we analyze the merging of two black holes, showing that the resultant total entropy exceeds the sum of the individual entropies, thereby adhering to the second law of thermodynamics. Our results suggest that gravitational surface tension is a key factor in black hole thermodynamics, providing a novel and coherent framework for understanding the entropy production in these extreme astrophysical objects. ","W 1i (W 2i ) stands for the work due to irreversible processes, and W 1r (W 2r ) for the reversible ones in the BH 1 . The last expression can be reorganized to furnishes V. MERGING TWO BLACK HOLES:
 Without loss of generality, one can assume r 1 /r 2 ≤ 1, resulting in V. MERGING TWO BLACK HOLES:
 Suppose both BH has the same internal temperature, T 1 = T 2 = T , near the vacuum temperature since the internal temperature of a BH is inversely proportional to its mass: V. MERGING TWO BLACK HOLES:
 the more massive the BH, the lower its temperature. From the Gouy-Stodola theorem, one has for an infinitesimal element V. MERGING TWO BLACK HOLES:
 On the other hand, for a BH with radius R = r 1 + r 2 , internal temperature T , and surface V. MERGING TWO BLACK HOLES:
 Considering for this BH the event horizon area A = π(r 1 + r 2 ) 2 , one obtains V. MERGING TWO BLACK HOLES:
 For infinitesimal variations, the Gouy-Stodola theorem V. MERGING TWO BLACK HOLES:
 combined with the result (38), can be used to write the following inequality V. MERGING TWO BLACK HOLES:
 since dσ 1 , dσ 2 < 0. Therefore, one obtains from the present approach the well-known result V. MERGING TWO BLACK HOLES:
 ensuring the entropy always increases. The inequality (43) corroborates the original development due to Hawking . However, notice the inequality is obtained from thermodynamic considerations assuming the validity of the Gouy-Stodola theorem and the gravitational bubble model. VI. DISCUSSION:
 Thermodynamic laws live in the core of physics and, in principle, these laws could be applied to every physical system, despite the complexity or number of variables. It is important to highlight that using analogies (such as gravitational bubbles presented here) can be a double-edged sword. VI. DISCUSSION:
 While it makes it easier to understand, it may also be considered an oversimplification, especially in a field where mathematical and physical precision are crucial. VI. DISCUSSION:
 The Gouy-Stodola theorem, originally derived for mechanical systems under simple assumptions, is applied in this context, assuming the black hole can be described as a gravitational bubble. VI. DISCUSSION:
 As in the soap bubble, where energy information is restricted to the membrane, in the gravitational bubble model for the BH, the gravitational surface tension retains all the information about the BH energy. VI. DISCUSSION:
 Then, the only relevant quantity for the present model is the event horizon surface and its possible relations with other relevant physical quantities (such as mass, angular momentum, and charge). VI. DISCUSSION:
 This theorem provides a thermodynamic basis for the entropy-area relationship in black holes. Using the gravitational surface tension to model the BH, the Gouy-Stodola theorem coherently explains the entropy production in non-rotating and rotating black holes, and it can also be extended to scenarios involving black hole mergers."
"Gravitational Surface Tension as the Origin for the Black Hole Entropy","https://scispace.com/paper/gravitational-surface-tension-as-the-origin-for-the-black-guisg9uposwa","2024","Journal Article","International Journal of Modern Physics D","S. D. Campos
Rafael Henriques Longaresi","10.1142/s021827182550018x","https://scispace.compdf/gravitational-surface-tension-as-the-origin-for-the-black-guisg9uposwa.pdf","","W 1i (W 2i ) stands for the work due to irreversible processes, and W 1r (W 2r ) for the reversible ones in the BH 1 . The last expression can be reorganized to furnishes V. MERGING TWO BLACK HOLES:
 Without loss of generality, one can assume r 1 /r 2 ≤ 1, resulting in V. MERGING TWO BLACK HOLES:
 Suppose both BH has the same internal temperature, T 1 = T 2 = T , near the vacuum temperature since the internal temperature of a BH is inversely proportional to its mass: V. MERGING TWO BLACK HOLES:
 the more massive the BH, the lower its temperature. From the Gouy-Stodola theorem, one has for an infinitesimal element V. MERGING TWO BLACK HOLES:
 On the other hand, for a BH with radius R = r 1 + r 2 , internal temperature T , and surface V. MERGING TWO BLACK HOLES:
 Considering for this BH the event horizon area A = π(r 1 + r 2 ) 2 , one obtains V. MERGING TWO BLACK HOLES:
 For infinitesimal variations, the Gouy-Stodola theorem V. MERGING TWO BLACK HOLES:
 combined with the result (38), can be used to write the following inequality V. MERGING TWO BLACK HOLES:
 since dσ 1 , dσ 2 < 0. Therefore, one obtains from the present approach the well-known result V. MERGING TWO BLACK HOLES:
 ensuring the entropy always increases. The inequality (43) corroborates the original development due to Hawking . However, notice the inequality is obtained from thermodynamic considerations assuming the validity of the Gouy-Stodola theorem and the gravitational bubble model. VI. DISCUSSION:
 Thermodynamic laws live in the core of physics and, in principle, these laws could be applied to every physical system, despite the complexity or number of variables. It is important to highlight that using analogies (such as gravitational bubbles presented here) can be a double-edged sword. VI. DISCUSSION:
 While it makes it easier to understand, it may also be considered an oversimplification, especially in a field where mathematical and physical precision are crucial. VI. DISCUSSION:
 The Gouy-Stodola theorem, originally derived for mechanical systems under simple assumptions, is applied in this context, assuming the black hole can be described as a gravitational bubble. VI. DISCUSSION:
 As in the soap bubble, where energy information is restricted to the membrane, in the gravitational bubble model for the BH, the gravitational surface tension retains all the information about the BH energy. VI. DISCUSSION:
 Then, the only relevant quantity for the present model is the event horizon surface and its possible relations with other relevant physical quantities (such as mass, angular momentum, and charge). VI. DISCUSSION:
 This theorem provides a thermodynamic basis for the entropy-area relationship in black holes. Using the gravitational surface tension to model the BH, the Gouy-Stodola theorem coherently explains the entropy production in non-rotating and rotating black holes, and it can also be extended to scenarios involving black hole mergers."
"Exergy analysis in industrial food processing","https://scispace.com/paper/exergy-analysis-in-industrial-food-processing-7c4iya725n","2016","Dissertation","","Filippos K. Zisopoulos","10.18174/383689","https://scispace.com/pdf/exergy-analysis-in-industrial-food-processing-7c4iya725n.pdf","The sustainable provision of food on a global scale in the near future is a very serious challenge. This thesis focuses on the assessment and design of sustainable industrial food production chains and processes by using the concept of exergy which is an objective metric based on the first and second law of thermodynamics. Three case studies are presented, two on a chain level (industrial bread and mushroom production), and one on a process level (conceptual spray drying of a lactose solution). Furthermore, industrial food production chains are categorized as thermodynamic archetypes and general rules are derived for their sustainable design exergy-wise. Additional methodological aspects related to e.g. the impact of system boundaries, the allocation of exergy values to waste streams, and the influence of the selection of the environment of reference on the outcome of the analysis, are also discussed.","amount of useful work that is embedded in the materials and energy resources, relative to the environment of reference, and which is obtained by the biological growth on the fields and farms, and is modified during the conversion process of one form of energy into another. Resource efficiency within the context of exergy:
 The essence of resource efficiency is reflected in the following definitions according to the Oxford dictionary : Resource: ""A stock or supply of … assets that can be drawn on by a person or organization in order to function effectively"" Efficiency: ""(Of a system or machine) achieving maximum productivity with minimum wasted effort or expense"" Therefore, an industrial food production chain is resource efficient within the context of exergy when it achieves the highest utilizable output exergy (e.g. a portfolio of food products and/or services) with the lowest possible exergy losses and exergy investment drawn from the environment when producing food products. Resource efficiency within the context of exergy:
 The need for the use of objective sustainability assessment tools such as exergy analysis, is stressed by various authors . The concept of exergy has been widely explored by the global scientific community with applications ranging from economics, where exergy was proposed as a ""factor of production"" that is equally important to labor and capital , to the health assessment of ecosystems whose state and adaptation could be reflected in their structural exergy (ability to accept and utilize external fluxes of exergy) . Gouy-Stodola theorem:
 To demonstrate the usefulness of exergy in estimating the utilizable work of a stream we analyse the conversion of thermal energy into work by a conceptual simple heat engine (Figure ). Following the first law of thermodynamics, the total energy in an isolated system is constant, and the maximum work 𝑊 𝑚𝑎𝑥 obtained is: Gouy-Stodola theorem:
 where 𝑄 𝐻 , and 𝑄 𝐶 , are the thermal energies of the hot source of temperature 𝑇 𝐻 , and the cold sink of temperature 𝑇 𝐶 , respectively. Gouy-Stodola theorem:
 The first law efficiency 𝜂 𝐼 (also known as the Carnot efficiency) of the process is: Gouy-Stodola theorem:
 This energy efficiency shows the upper bound of work that could be obtained by the heat engine in ideal conditions when operating at a particular temperature difference. Gouy-Stodola theorem:
 In exergy analysis, the actual useful work of a hot (or cold) stream is evaluated relative to a particular environment of reference of a temperature 𝑇 𝑜 . A ""theoretical"" heat engine between the streams and the environment is assumed to calculate the useful work from the difference between the thermal exergy of the hot (𝐵 𝐻 ) and the cold (𝐵 𝐶 ) stream: Gouy-Stodola theorem:
 The ratio of thermal energy over temperature is entropy, and therefore: Why should the food industry use exergy analysis?:
 The usefulness of assessing industrial food production chains by exergy analysis can be summarized in four aspects:"
"Chemical and Mechanical Aspect of Entropy-Exergy Relationship.","https://scispace.com/paper/chemical-and-mechanical-aspect-of-entropy-exergy-3xxbfvly7i","2021","Journal Article","Entropy","Pierfrancesco Palazzo","10.3390/E23080972","https://scispace.com/pdf/chemical-and-mechanical-aspect-of-entropy-exergy-3xxbfvly7i.pdf","The mechanical aspect of entropy-exergy relationship, together with the thermal aspect usually considered, leads to a formulation of physical exergy based on both useful work and useful heat that are the outcomes of available energy of a thermodynamic system with respect to a reservoir. This approach suggests that a mechanical entropy contribution can be defined, in addition to the already used thermal entropy contribution, with respect to work interaction due to pressure and volume variations. The mechanical entropy is related to energy transfer by means of work interaction and it is complementary to the thermal entropy that accounts energy transfer by means of heat interaction. Furthermore, the study proposes a definition of exergy based on Carnot cycle that is reconsidered in the case the inverse cycle is adopted and, as a consequence, the concept that work depends on pressure similarly as heat depends on temperature, is pointed out. Then, the logical sequence to get mechanical exergy expression to evaluate useful work withdrawn from available energy is demonstrated. Based on mechanical exergy expression, the mechanical entropy set forth is deduced in a general form valid for any process. Finally, the formulation of physical exergy is proposed that summarizes the contribution of either heat or work interactions and related thermal exergy as well as mechanical exergy that both result as the outcome from the available energy of the composite of the system interacting with a reservoir. This formulation contains an additional term that takes into account the volume and, consequently, the pressure that allow to evaluate exergy with respect to the reservoir characterized by constant pressure other than constant temperature. The basis and related conclusions of this paper are not in contrast with principles and theoretical framework of thermodynamics and highlight a more extended approach to exergy definitions already reported in literature that remain the reference ground of present analysis.","Title: Thermal and mechanical aspect of entropy-exergy relationship Authors: Pierfrancesco Palazzo (Corresponding Author) Keywords: Thermal entropy, Mechanical entropy, Total entropy, Thermal exergy, Mechanical exergy, Physical exergy Background:
 The first purpose of the present paper is to highlight the mechanical aspect of entropy property, complementary to the thermal aspect, and the definitions already existing in classical thermodynamics literature. The second purpose, on the basis of entropy property structure and the thermal and mechanical aspects of entropy-exergy relationship, is to propose a formulation of physical exergy based on both useful work and useful heat. This formulation would be suitable to evaluate either the net useful work or the net useful heat of a system being both the outcome of available energy, considering the role of pressure other than temperature, in the evaluation of work and heat interactions in combination with a reservoir as defined in the study of Gyftopoulos and Beretta . The formulation, already established in literature, is based on mutual stable equilibrium state between system and reservoir due to temperature equality only. The tentative of the paper is to adopt the equality of pressure as a further condition of mutual stable equilibrium and to consider the pressure, too, in the formulation of the physical exergy as well as in the formulation of entropy. Pressure is accounted by means of the mechanical entropy related to volume. This is based on the relationship existing between entropy and exergy, either for heat interaction (thermal exergy based on thermal entropy) or for work interaction (mechanical exergy based on mechanical entropy). Background:
 In order to simplify this analysis, the following assumptions have been posited: the system is considered as 'simple' according to the terminology reported in literature ; the system consists in a perfect and single-phase homogeneous gas; there are no phase changes or chemical and nuclear reaction mechanisms inside the system; the existence of an external reference system that behaves as a reservoir is assumed ; the analysis is focused on stable equilibrium states; the kinetic and potential energy of the system as a whole are neglected. On the basis of these assumptions, chemical exergy will be out of the domain of present study and reference will be made to physical exergy only. Methods:
 The methods adopted in the present analysis are based on the dualism deduced by the existence of the thermal and mechanical aspects characterizing the concept of energy and by the correlations existing between them; this dualism is developed in order to identify the two components of entropy and exergy properties correlated to heat interaction and work interaction exchanged by the system with a thermo-mechanical reservoir. In addition, the symmetry of the implications of temperature with respect to thermal energy and of pressure with respect to mechanical energy constitutes the paradigm for achieving the definition of the extended physical exergy that depends on both temperature and pressure. Thermal and mechanical contribution of entropy property:
 As reported in literature, entropy property is related to the second law and the thermal aspect of thermodynamic systems behavior and properties. An investigation on the mechanical aspect can also be accomplished with an analysis of thermodynamic processes considered as ideal without thermal and mechanical irreversibilities. In particular, the isothermal reversible process is evaluated here in which the internal energy of a system with no chemical and nuclear reactions and constant amount of constituents is formulated by the classical expression of thermodynamic potential known as Euler relation:"
"Thermal and mechanical aspect of entropy-exergy relationship","https://scispace.com/paper/thermal-and-mechanical-aspect-of-entropy-exergy-relationship-3bile71993","2012","Journal Article","international journal of energy and environmental engineering","Pierfrancesco Palazzo","10.1186/2251-6832-3-4","https://scispace.com/pdf/thermal-and-mechanical-aspect-of-entropy-exergy-relationship-3bile71993.pdf","The mechanical aspect of entropy-exergy relationship, together with the thermal aspect usually considered, leads to a formulation of physical exergy based on both useful work and useful heat that are the outcomes of available energy of a thermodynamic system with respect to a reservoir. This approach suggests that a mechanical entropy contribution can be defined, in addition to the already used thermal entropy contribution, with respect to work interaction due to pressure and volume variations. The mechanical entropy is related to energy transfer by means of work interaction and it is complementary to the thermal entropy that accounts energy transfer by means of heat interaction. Furthermore, the study proposes a definition of exergy based on Carnot cycle that is reconsidered in the case the inverse cycle is adopted and, as a consequence, the concept that work depends on pressure similarly as heat depends on temperature, is pointed out. Then, the logical sequence to get mechanical exergy expression to evaluate useful work withdrawn from available energy is demonstrated. Based on mechanical exergy expression, the mechanical entropy set forth is deduced in a general form valid for any process. Finally, the formulation of physical exergy is proposed that summarizes the contribution of either heat or work interactions and related thermal exergy as well as mechanical exergy that both result as the outcome from the available energy of the composite of the system interacting with a reservoir. This formulation contains an additional term that takes into account the volume and, consequently, the pressure that allow to evaluate exergy with respect to the reservoir characterized by constant pressure other than constant temperature. The basis and related conclusions of this paper are not in contrast with principles and theoretical framework of thermodynamics and highlight a more extended approach to exergy definitions already reported in literature that remain the reference ground of present analysis.","Title: Thermal and mechanical aspect of entropy-exergy relationship Authors: Pierfrancesco Palazzo (Corresponding Author) Keywords: Thermal entropy, Mechanical entropy, Total entropy, Thermal exergy, Mechanical exergy, Physical exergy Background:
 The first purpose of the present paper is to highlight the mechanical aspect of entropy property, complementary to the thermal aspect, and the definitions already existing in classical thermodynamics literature. The second purpose, on the basis of entropy property structure and the thermal and mechanical aspects of entropy-exergy relationship, is to propose a formulation of physical exergy based on both useful work and useful heat. This formulation would be suitable to evaluate either the net useful work or the net useful heat of a system being both the outcome of available energy, considering the role of pressure other than temperature, in the evaluation of work and heat interactions in combination with a reservoir as defined in the study of Gyftopoulos and Beretta . The formulation, already established in literature, is based on mutual stable equilibrium state between system and reservoir due to temperature equality only. The tentative of the paper is to adopt the equality of pressure as a further condition of mutual stable equilibrium and to consider the pressure, too, in the formulation of the physical exergy as well as in the formulation of entropy. Pressure is accounted by means of the mechanical entropy related to volume. This is based on the relationship existing between entropy and exergy, either for heat interaction (thermal exergy based on thermal entropy) or for work interaction (mechanical exergy based on mechanical entropy). Background:
 In order to simplify this analysis, the following assumptions have been posited: the system is considered as 'simple' according to the terminology reported in literature ; the system consists in a perfect and single-phase homogeneous gas; there are no phase changes or chemical and nuclear reaction mechanisms inside the system; the existence of an external reference system that behaves as a reservoir is assumed ; the analysis is focused on stable equilibrium states; the kinetic and potential energy of the system as a whole are neglected. On the basis of these assumptions, chemical exergy will be out of the domain of present study and reference will be made to physical exergy only. Methods:
 The methods adopted in the present analysis are based on the dualism deduced by the existence of the thermal and mechanical aspects characterizing the concept of energy and by the correlations existing between them; this dualism is developed in order to identify the two components of entropy and exergy properties correlated to heat interaction and work interaction exchanged by the system with a thermo-mechanical reservoir. In addition, the symmetry of the implications of temperature with respect to thermal energy and of pressure with respect to mechanical energy constitutes the paradigm for achieving the definition of the extended physical exergy that depends on both temperature and pressure. Thermal and mechanical contribution of entropy property:
 As reported in literature, entropy property is related to the second law and the thermal aspect of thermodynamic systems behavior and properties. An investigation on the mechanical aspect can also be accomplished with an analysis of thermodynamic processes considered as ideal without thermal and mechanical irreversibilities. In particular, the isothermal reversible process is evaluated here in which the internal energy of a system with no chemical and nuclear reactions and constant amount of constituents is formulated by the classical expression of thermodynamic potential known as Euler relation:"
"Finite-time exergy with a finite heat reservoir and generalized radiative heat transfer law","https://scispace.com/paper/finite-time-exergy-with-a-finite-heat-reservoir-and-3rmyim1cb0","2010","Journal Article","Revista Mexicana De Fisica","Shaojun Xia
Lingen Chen
Fengrui Sun","","https://scispace.com/pdf/finite-time-exergy-with-a-finite-heat-reservoir-and-3rmyim1cb0.pdf","The problem of the maximum work that can be extracted from a system consisting of one finite heat reservoir and one subsystem with the generalized radiative heat transfer law [ q α Δ(T n )] is investigated in this paper. Finite-time exergy is derived for a fixed duration and a given initial state of the subsystem by applying optimal control theory. The optimal subsystem temperature configuration for the finite-time exergy consists of three segments, including the initial and final instantaneous adiabatic branches and the intermediate heat transfer branch. Analyses for special examples show that the optimal configuration of the heat transfer branch with Newton’s heat transfer law [ q α Δ(T)] is that the temperatures of the reservoir and the subsystem change exponentially with time and the temperature ratio between them is a constant; The optimal configuration of the heat transfer branch with the linear phenomenological heat transfer law [ q α Δ(T -1 )] is such that the temperatures of the reservoir and the subsystem change linearly and non-linearly with time, respectively, and the difference in reciprocal temperature between them is a constant. The optimal configuration of the heat transfer branch with the radiative heat transfer law [ q α Δ(T 4 )] is significantly different from those with the former two different heat transfer laws. Numerical examples are given, effects of changes in the reservoir’s heat capacity on the optimized results are analyzed, and the results for the cases with some special heat transfer laws are also compared with each other. The results show that heat transfer laws have significant effects on the finite-time exergy and the corresponding optimal thermodynamic process. The finite-time exergy tends to the classical thermodynamic exergy and the average power tends to zero when the process duration tends to infinitely large. Some modifications are also made to the results from recent literatures.","Title: Finite-time exergy with a finite heat reservoir and generalized radiative heat transfer law Authors: Shaojun Xia,Lingen Chen (Corresponding Author),Fengrui Sun Keywords: Finite time thermodynamics, finite-time exergy, finite heat reservoir, generalized radiative heat transfer law, optimal control PACS: 44.10.+i, 44.40.+a"
"A review on the thermodynamic optimisation and modelling of the solar thermal Brayton cycle","https://scispace.com/paper/a-review-on-the-thermodynamic-optimisation-and-modelling-of-bsr0uyd6kz","2013","Journal Article","Renewable & Sustainable Energy Reviews","W.G. Le Roux
Tunde Bello-Ochende
Josua P. Meyer","10.1016/J.RSER.2013.08.053","https://scispace.com/pdf/a-review-on-the-thermodynamic-optimisation-and-modelling-of-bsr0uyd6kz.pdf","Many studies have been published on the performance and optimisation of the Brayton cycle and solar thermal Brayton cycle showing the potential, merits and challenges of this technology. Solar thermal Brayton systems have potential to be used as power plants in many sun-drenched countries. It can be very competitive in terms of efficiency, cost and environmental impact. When designing a system such as a recuperative Brayton cycle there is always a compromise between allowing effective heat transfer and keeping pressure losses in components small. The high temperatures required in especially the receiver of the system present a challenge in terms of irreversibilities due to heat loss. In this paper, the authors recommend the use of the total entropy generation minimisation method. This method can be applied for the modelling of a system and can serve as validation when compared with first-law modelling. The authors review various modelling perspectives required to develop an objective function for solar thermal power optimisation, including modelling of the sun as an exergy source, the Gouy–Stodola theorem and turbine modelling. With recommendations, the authors of this paper wish to clarify and simplify the optimisation and modelling of the solar thermal Brayton cycle for future work. The work is applicable to solar thermal studies in general but focuses on the small-scale recuperated solar thermal Brayton cycle.","Optimisation of the solar thermal Brayton cycle using EGM and geometry optimisation: The many influencing factors to the performance of a specific solar thermal Brayton cycle with unique components can be much better understood with the use of entropy generation minimisation. Structuring the objective function for solar thermal Brayton cycle optimisation:
 In this section, the importance of modelling different sections in a system so that an objective function can be derived, is emphasised. The modelling of these various sections and components are discussed and conflicts and new perspectives are highlighted. The Gouy-Stodola theorem:
 The Gouy-Stodola theorem (Eq. ( )) states that the lost available work (see Eq. ( )) is directly proportional to the entropy generation in a system . This theorem allows an analyst to describe a quantity to be maximised, such as the power output of a system, in terms of the total entropy generation rate in a system. The Gouy-Stodola theorem is named after Gouy (1889) and Stodola (1910) who recognised its importance. The Gouy-Stodola theorem has been applied and referred to in various solar thermal studies including for example Cervantes and Torres-Reyes , Amhalhel and Furmański , Sieniutycz and Kuran  and Hepbasli . The Gouy-Stodola theorem:
 According to Lampinen and Wikstén , in all previous studies, as well as in the theories given by Bejan  and by Tolman and Fine , a general method of finding the correct temperature to be used as a proportionality factor for the entropy generation rate in the calculation of the power loss, Eq. ( ), has remained an open question. Lampinen and Wikstén , presented a solution to the classical problem of how to determine the correct temperature. They explained that according to Holmberg et al. , if the system only exchanges heat at the environmental temperature, the Gouy-Stodola theorem gives the correct loss of power. Most industrial processes, however, exchange heat at higher or lower temperatures than the environmental temperature . If the environmental temperature is then used to calculate the loss of power in these cases, the Gouy-Stodola theorem does not give the correct loss . According to Holmberg et al. , using the theory of Lampinen and Wikstén , where, for a system, h 2 is the specific enthalpy of the flow at the outlet and s 2 the specific entropy at the outlet and where h 2R and s 2R represent states of the enthalpy and entropy after a reversible process, respectively. According to Bejan , it is important to stress that T 0 in Eq. ( ) is the temperature of those areas of the environment that are adequately close to the system but which are not affected by the discharge of the system. According to Bejan , the purpose of such a modelling decision is to place all the internal and external irreversibilities related to the physical installation inside the system. The system then consists of the installation and the surrounding areas which are affected by the installation. In an actual system, rejected heat would leave the installation and enter the bordering environmental fluid at a temperature higher than T 0 . The same heat would also cross the T 0 boundary further down the line ."
"Energetic and Exergetic Analysis Hybrid Solid Oxide Fuel Cell Systems and Gas Turbine (SOFC-GT)","https://scispace.com/paper/energetic-and-exergetic-analysis-hybrid-solid-oxide-fuel-1ayzgtr74y","2019","Journal Article","","Reza Alayi
Reza Nemati
Ali Shamel
Alibakhsh Kasaeian
Maedeh Sarkaleh
Mohammad Hossein Ahmadi","10.18280/MMEP.060214","https://scispace.com/pdf/energetic-and-exergetic-analysis-hybrid-solid-oxide-fuel-1ayzgtr74y.pdf","1 Department of Mechanical Engineering, Germi Branch, Islamic Azad University, Germi 6376456517, Iran 2 Department of Energy Engineering, Energy Institute of Higher Education, Save 6774639177, Iran 3 Department of Chemistry, Ardabil Branch, Islamic Azad University, Ardabil 5615731567, Iran 4 Faculty of New Science & Technologies, University of Tehran, Tehran 1417614418, Iran 5 Department of information technology, Payame Noor university, Guilan, I.R., Iran 6 Faculty of Mechanical Engineering, Shahrood University of Technology, Shahrood 3619995161, Iran","chemical components after the combustion chamber is considered. THE GOUY-STODOLA THEOREM: This theorem states that Exergy destruction amounts to a volume control if the environment is in the absolute temperature T0, is derived from the following equation: THE GOUY-STODOLA THEOREM:
 In this equation, gen S is net entropy production in volume control and is calculated as follows: THE GOUY-STODOLA THEOREM:
 In the above equation Tj is the surface temperature where heat j Q is transferred. CYCLES EXERGY ANALYSIS:
 Based on the concept of Exergy, for a system that works in steady state and has input and output Exergy, Exergy balance is defined as follows: 0 , CYCLES EXERGY ANALYSIS:
 In the above equation, is Exergy destruction into the volume control and e shows the Exergy related to the substance flow. The second term on the left side of the equation represents Exergy of heat transfer. CYCLES EXERGY ANALYSIS:
 The Return of Cycles Second Law is defined as follows: CYCLES EXERGY ANALYSIS:
 In the above equation, in E is refers to the Exergy of total input into cycle. Given that Exergy released in the combustion chamber can be considered as the total input Exergy, so the hybrid cycle can be written as: CYCLES EXERGY ANALYSIS:
 In the above equation, core Q and Tr is the heat generated in the reactor and shell temperature of the reactor core, respectively. From the Exergy balance 13, the parts of a cycle as volume control can be achieved by the following general relationship: , , , , CYCLES EXERGY ANALYSIS:
 In order to better compare of the results, we use the Exergy destruction ratio 1 as a percentage which is obtained from the following equation: CONCLUSION:
 The numerical results obtained from the analyses on the cycle are studied .These data of the simulation cycle using equations have been used in EES software in table . In the results of exergic analysis of gas turbine cycle, the most exergy destruction is related to the combustion chamber that due to combustion phenomenon and the high temperature is predictable. So it is better to focus on the combustion chamber. The least Exergy destruction is related to the precooling show has been in Table . CONCLUSION:
 As a result, for the net work of hybrid cycle gas turbine and SOFC, we have: CONCLUSION:
 For the second law efficiency, we have: , 56.48%:
 II cyc  = SOFC increases the cycle work and therefore the cycle Exergy output. As a result, the second law or Second Law Exergy efficiency will increase to 56.48. It should be noted that the addition of SOFC, in addition to raising the efficiency of the exergy second law increases total exergy destruction. In this case, the fuel cell voltage will be 0.76 voltages."
"Second Law Analysis of Diffusion Flames","https://scispace.com/paper/second-law-analysis-of-diffusion-flames-3zongywx5a","2001","Journal Article","International Journal of Thermodynamics","Dorin Stanciu
Dragos Isvoranu
Mircea Marinescu
Yalcin Gogus","10.5541/IJOT.1034000057","https://scispace.com/pdf/second-law-analysis-of-diffusion-flames-3zongywx5a.pdf","The objective of this paper is to investigate the sources of volumetric irreversibilities in both laminar and turbulent diffusion flames. The theoretical background of analysis relies on the local exergy transport equation, which allows the microscopic formulation of the well-known Gouy-Stodola theorem. For laminar reacting flows, the volumetric entropy generation rate expression includes the viscous, thermal, diffusion and chemical components. Their expressions show that the corresponding irreversibilities are uncoupled if the combustion process occurs at constant pressure. The numerical simulation of a methane-air combustion process shows that the thermal, chemical and diffusive irreversibilities represent, in order of enumeration, the predominant irreversibilities in the laminar diffusion reacting flows. In the case of turbulent diffusion flames, the viscous, thermal, diffusion and chemical mean components have to be expressed in accordance with the combustion model. Two combustion models are used: the multi-species approach based on the eddy-break formulation of mean reaction rate, and the assumed probability density function for a conserved scalar that relies on the flame sheet model. For a diffusion methane-air jet flame, the distribution of mean irreversibility components is presented. Taking into account the technical importance of diffusion flames, the analysis could serve to improve the combustion geometry and the flow condition.","exergy dissipation, which has the expression: The exergy balance equation: showing that it is proportional to the volumetric entropy generation rate. Of course the relation (23) represents the local formulation of the Gouy-Stodola theorem. The entropy generation rate expression:
 Eq. ( ) shows that at each point of the flow, the exergy variation depends strongly on the balance between the rate of chemical exergy release, which increases the flow physical exergy and the rate of volumetric entropy generation, which destroys it. We focus at this time on the volumetric entropy generation rate that, in the most general case, can be expressed as : The entropy generation rate expression:
 where µ i is the chemical potential of the icomponent and A represents the mixture's affinity. In the case of an ideal gas mixture, the chemical potential relation is : The entropy generation rate expression:
 where g i is the specific free enthalpy of the icomponent. In this case, the derivatives (∂µ i /∂x α ) T can be easily calculated and the expression of the volumetric entropy generation rate (24) becomes : The entropy generation rate expression:
 The first term of the above relation: The entropy generation rate expression:
 represents the viscous part of the volumetric entropy generation rate. It models the flow irreversibilities due to the shear stress tensor. The following two terms: The entropy generation rate expression:
 model the irreversibilities due to the heat and mass transfer interactions. Although the diffusion phenomena due to the pressure and temperature gradients were neglected in Fick's law (5), these irreversibilities are still coupled through the product (∂Yi/∂xα . ∂P/∂xα) which has an unknown sign. But neglecting the diffusion due to the pressure gradients, as in Eq. ( ), means that: The entropy generation rate expression:
 The above hypothesis has a wide validity because many engineering applications of combustion processes happen at P≈const. In this case, the thermal and diffusion irreversibilities uncouple so that: The entropy generation rate expression:
 Finally, the last term in the expression of the volumetric entropy generation rate: The entropy generation rate expression:
 model the chemical irreversibilities due to reaction (R1). It can be seen that this term depends on the chemical reaction rate, and the molar chemical potential µ M,i of each species. Numerical simulation of laminar diffusion flame irreversibilities:
 As an application of the above relations, let us consider the coaxial jet diffusion flame of methane-air laminar combustion. Burner geometry and boundary conditions are presented in Figure . The fuel, having the inlet velocity of 0.5 m/s, enters into the burner through a circular inlet with diameter d=2 mm and the surrounding air meets the methane jet with an inlet velocity of 0.05 m/s. The two coaxial jets are bounded by an adiabatic outer wall. Figure 1. Burner geometry and boundary conditions for laminar flame calculation:
 The flame chemistry is modeled by a single step chemical reaction like (R1) and the reacting flow is governed by Eq. (1-4b). The numerical calculation was performed with the computer code FLUENT 5.1."
"D8.5.1 Exergy Analysis of the ASTEP system","https://scispace.com/paper/d8-5-1-exergy-analysis-of-the-astep-system-3cj4bkp1hg","2023","Report","","Fernando Varela
Antonio Rovira
Rubén Barbero
Mercedes Ibarra","10.5281/zenodo.8161418","https://scispace.compdf/d8-5-1-exergy-analysis-of-the-astep-system-3cj4bkp1hg.pdf","","working at steady conditions. As they involve two streams, the irreversibility can be calculated as below: Heat exchangers: Where the subscript 1 is used for the primary stream and 2 for the secondary stream of the heat exchanger. Heat exchangers:
 In the case of the boiler, the temperature of the water during the heat transfer does not change due to the phase change. In such a case, the entropy variation of that stream is the heat transferred divided by the saturation temperature. Accumulators of the thermal storage system:
 In this case, the system cannot be considered to work at steady conditions, since it is storing or discharging energy. The assumption of steady conditions, however, can be applied to the thermal oil flowing through the tubes. Accumulators of the thermal storage system:
 Besides, the thermal losses in the accumulator are not negligible, so the total irreversibility should be calculated using the following equation: Accumulators of the thermal storage system:
 where ṁ and e are the mass flow rate and exergy flow of the thermal oil through the tubes of the accumulator, Ḃ Q,loss is the exergy content of the heat losses that are evaluated at the average temperature of the accumulator, B 2 and B 1 are the exergy variation within the accumulator during the timestep interval, Δ, that is 15 min . Accumulators of the thermal storage system:
 The exergy variation of the accumulator can be calculated as the sum of the exergy variation in each one of the nodes considered in [1]: Accumulators of the thermal storage system:
 where the subscript s stands for the solid fraction of the molten salt and l for the liquid fraction. Thermal losses of the piping circuit:
 Finally, as the pipes are not completely isolated, there are some thermal losses and a corresponding exergy loss even in the case of considering that the pressure drop is negligible. Thermal losses of the piping circuit:
 As an approximation, the exergy loss for the complete piping circuit has been considered as the exergy content of heat loss, evaluated at an average temperature of 200 o C. Results for the Mandrekas case:
 In this section, the results for the Mandrekas case are presented. In order to illustrate the performance, three days (the same as in [1]) have been selected, namely a good day (8 th July), a regular day (16 th May) and a bad day (7 th February). Results for the Mandrekas case:
 Fig.  shows the irreversibility in the Sundial with time together with the sum of irreversibility in the other components for a good-day-case. Results for the Mandrekas case:
 It can be observed that the main source of irreversibility of the ASTEP system is the conversion of the solar irradiation, at about 5800 K, to heat at about 200-240 o C. Fig.  shows the irreversibility of the different components of the ASTEP system for the MAN case along the day. Results for the Mandrekas case:
 It is observed that, excluded the Sundial, the main irreversibility takes place at the heat exchanger for the chiller plus the corresponding recirculation loop to accommodate the temperature (Mixture 17)."
"Entropy versus APE production: on the buoyancy power input in the oceans energy cycle","https://scispace.com/paper/entropy-versus-ape-production-on-the-buoyancy-power-input-in-2cw01gcs30","2010","Journal Article","Geophysical Research Letters","Remi Tailleux","10.1029/2010GL044962","https://scispace.com/pdf/entropy-versus-ape-production-on-the-buoyancy-power-input-in-2cw01gcs30.pdf","[1] This letter argues that the current controversy about whether Wbuoyancy, the power input due to the surface buoyancy fluxes, is large or small in the oceans stems from two distinct and incompatible views on how Wbuoyancy relates to the volume-integrated work of expansion/contraction B. The current prevailing view is that Wbuoyancy should be identified with the net value of B, which current theories estimate to be small. The alternative view, defended here, is that only the positive part of B, i.e., the one converting internal energy into mechanical energy, should enter the definition of Wbuoyancy, since the negative part of B is associated with the non-viscous dissipation of mechanical energy. Two indirect methods suggest that by contrast, the positive part of B is potentially large.","is interesting, for it naturally casts the thermodynamic work in the production/destruction form given by Eq. ( ). The following seeks to derive a Guouy-Stoudola theorem for the oceanic case. First, the total energy budget yields: Linking B to the thermodynamic forcing and irreversible molecular processes:
 where Qin and Qout represent respectively the positive and negative contribution to the IE input due to the molecular diffusive flux Fq through the ocean surface. Physically, Eq. ( ) states that the sum of thermal and mechanical energy must balance each other in a steady-state. As the mechanical energy input is positive, it follows that there must be a net IE loss (cooling) to compensate for the net IE gain due to the Joule heating resulting from the ultimate viscous dissipation of the wind and buoyancy power input. Next, the volume-integrated internal energy budget yields: Linking B to the thermodynamic forcing and irreversible molecular processes:
 This is of the classical form de = δQ − δW , where the heat transfer is associated with the air-sea interaction terms Qin/Qout and Joule heating term D(KE), whereas the work transfer is due to the work of expansion/contraction B. Finally, the global entropy budget yields: Linking B to the thermodynamic forcing and irreversible molecular processes:
 where Tin and Tout represent averaged surface temperatures weighted by the regions of net heat gain and loss respectively, Tε a dissipation temperature (see  for definition), Σirr the net irreversible entropy production by all molecular diffusive processes, and Σµ the net entropy change linked to evaporation/precipitation freshwater fluxes. Now, combining Eqs. ( ) and ( ) yields: Linking B to the thermodynamic forcing and irreversible molecular processes:
 where Wcarnot = (1 − Tout/Tin)Qin is reminiscent of the power generated by an ideal Carnot heat engine. Assuming that Tε > Tout and that Σµ > 0, Eq. ( ) suggests a decomposition B = B + I − B − I with: Linking B to the thermodynamic forcing and irreversible molecular processes:
 B − I = Tout( Σirr + Σµ). ( ) This result, which can be regarded as a Gouy-Stoudola theorem for the oceans, is important, for it shows that B can be in principle decomposed as the difference between a term related to the external buoyancy forcing (plus a small term associated with the recycling of a fraction of the Joule heating due to viscous dissipation into work) minus a term depending on irreversible molecular diffusive processes. It is important to realize here, however, that this decomposition by no means imply that B + I and B − I are necessarily suitable estimates for B + and B − , because it is not possible to ascertain that B + I and B − I actually measure physical work actually taking place in the system. In fact, as discussed next, numerical estimates based on typical observed values suggest that B + I and B − I most likely represent considerable overestimates of B + and B − ."
"Modelling the Exergy of Solar Radiation: A Review","https://scispace.com/paper/modelling-the-exergy-of-solar-radiation-a-review-2uno6xsd","2022","Journal Article","Energies","E. Rodríguez
José M. Cardemil
Allan R. Starke
Rodrigo Escobar","10.3390/en15041477","https://scispace.com/pdf/modelling-the-exergy-of-solar-radiation-a-review-2uno6xsd.pdf","Exergy is a thermodynamic property that represents the quantification of the maximum useful work that can be extracted from a system interacting with the environment. Regarding solar radiation, radiative exergy has been a matter of study over the last 60 years where the main models applied describe the radiation as undiluted and diluted. The exergy of solar radiation is useful in the preliminary assessment of the performance of solar technologies, since the efficiency of the system depends directly on this value. The present paper describes a review of the main models reported in the literature considering these two approaches, analysing the main differences between the models and the main assumptions applied. A comparative analysis is carried out for the models of diluted and undiluted radiation, where the behaviour of every expression is discussed in detail. For the undiluted expressions, the behaviour of every model within a temperature range is analysed. For black-body radiation at a source temperature of 6000K, the model proposed by Jeter determines an exergy factor of 0.96, while Spanner, Petela, Press and Badescu calculate a value of 0.93. Parrott’s model obtains a value of 0.99, which is above the value for Carnot efficiency. The diluted exergy expressions were evaluated according to wavelength and temperature range, where the trend in each comparison was that the exergy calculated from Karlsson, Candau and Petela was always the lowest. This result is attributed to the fact that these expressions consider the spectral entropy of the medium the radiation passes through. Finally, some new approaches are analysed which consider empirical correlations based on meteorological variables to model the exergy of solar radiation.","undiluted, where the undiluted radiation corresponds to the direct, and diluted the diffuse, component. Landsberg and Tonge assumed as constant both the dilution factor and the absorptivity of the receiver, disregarding the spectral distribution of the radiation. Thermodynamic Approach:
 Wright et al. , in 2002, discussed the validity of the assumption established by Petela, where the conversion of non-black-body radiation is considered as reversible. The authors showed that if the processes that the radiation undergoes present internal irreversibilities in a non-equilibrium system, the models give results that are theoretically not possible to achieve. They attributed this effect to the fact that the Gouy-Stodola theorem  cannot be considered due to the nature of the entropy of non-black-body radiation in a non-equilibrium system. Furthermore, it was suggested that reversible non-black-body radiation conversion is not theoretically possible because the interaction of non-black-body radiation with matter is an inherently irreversible process with entropy generation in a non-equilibrium system. Thus, Wright et al. proposed an expression for the non-black-body radiative exergy, based on a cylinder-piston system considering non-black-body radiation inside the cylinder. The proposed expression is as follows, Thermodynamic Approach:
 where B wr is the non-black-body radiation exergy in W/(m 2 sr 2 ), E is the spectral energy and T 0 is the ambient temperature. Due to the fact that radiation at the Earth's surface has a different spectral distribution than black body radiation, it is necessary to estimate the exergy value considering the actual spectrum and the irreversibilities generated by the atmosphere. The system described by Wright et al. aims to explain the behaviour of non-black-body radiation by means of a thermodynamic balance based on the second law of thermodynamics, just like the undiluted models. However, the system described assumes that the thermal radiation is isotropic and uniform, which is not its actual behaviour as its properties vary strongly with wavelength. Thermodynamic Approach:
 In 2003, Candau  proposed an expression for the exergy of monochromatic nonblack-body radiation based on the idealisation of a Carnot engine operating between two radiation reservoirs with temperatures T λ and T 0 . The total work W that can be extracted from the reversible engine per unit etendue θ is Thermodynamic Approach:
 where E λ is the spectral radiative intensity. The exergy of the monochromatic non-blackbody radiation is produced when the maximum work is extracted from the Carnot engine. Therefore, the work (and exergy) of a reversible engine is assessed through Equation ( ), Thermodynamic Approach:
 which is one of the results reported by Karlsson in 1982 with an electromagnetic approach. Thermodynamic Approach:
 Candau also explained the scenario of a reversible system of monochromatic radiation coming into contact with a grey surface. Some of the incident radiation is reflected while some is refracted as it passes through the surface. If a real physical process is considered, the entropy of the reflected and refracted radiation should be included and it is found that the sum of them is larger than the entropy of the incident radiation. This implies that there was entropy generation in a process that was previously considered reversible."
"Exergy Analysis of Green Energy Systems","https://scispace.com/paper/exergy-analysis-of-green-energy-systems-1wweah3wrq","2011","Book Chapter","","Ibrahim Dincer
Marc A. Rosen","10.1007/978-1-84882-647-2_2","https://scispace.com/pdf/exergy-analysis-of-green-energy-systems-1wweah3wrq.pdf","Exergy analysis is a thermodynamic analysis technique based primarily on the Second Law of Thermodynamics. As an alternative to energy analysis, exergy analysis provides an illuminating means of assessing and comparing processes and systems rationally and meaningfully. Consequently, exergy analysis can assist in improving and optimizing designs. Two key features of exergy analysis are (1) it yields efficiencies which provide a true measure of how nearly actual performance approaches the ideal, and (2) it identifies more clearly than energy analysis the types, causes and locations of thermodynamic losses.","Gouy-Stodola relation. Exergy Balance: By combining the conservation law for energy and non-conservation law for entropy, the exergy balance can be obtained: Exergy Balance: Exergy input Exergy output Exergy consumption Exergy accumulation Exergy Balance:
 Exergy is consumed due to irreversibilities. Exergy consumption is proportional to entropy creation. Equations 2.4 and 2.37 demonstrate an important difference between energy and exergy: energy is conserved while exergy, a measure of energy quality or work potential, can be consumed. Exergy Balance:
 An analogous balance to those given in Equations 2.5-2.7 can be written for exergy, following the physical interpretation of Equation 2.37. For a non-steady flow process during time interval t 1 to t 2 , Exergy Balance:
 where (W NET ) 1,2 is given by Equation .35 and Exergy Balance:
 Here, I and S gen , respectively, denote exergy consumption and entropy creation, ex denotes specific exergy, and the integral for Ex is performed over the control volume. The first two terms on the left side of Equation .38 represent the net input of exergy associated with matter, the third term the net input of exergy associated with heat, the fourth and fifth terms the net input of exergy associated with work, and the sixth term the exergy consumption. The right side of Equation .38 represents the accumulation of exergy. For a closed system, Equation .38 simplifies to Exergy Balance:
 When volume is fixed, (W NET ) 1,2 = 0 in Equations 2.38 and 2.42. Also, when the initial and final states are identical, as in a complete cycle, the right sides of Equations 2.38 and 2.42 are zero. Reference Environment:
 Exergy is evaluated with respect to a reference environment, so the intensive properties of the reference environment partly determine the exergy of a stream or system. The reference environment is in stable equilibrium, with all parts at rest relative to one another. No chemical reactions can occur between the environmental components. The reference environment acts as an infinite system, and is a sink and source for heat and materials. It experiences only internally reversible processes in which its intensive state remains unaltered (i.e., its temperature T o , pressure P o and the chemical potentials μ ioo for each of the i components present remain constant). The exergy of the reference environment is zero. The exergy of a stream or system is zero when it is in equilibrium with the reference environment. Reference Environment:
 The natural environment does not have the theoretical characteristics of a reference environment. The natural environment is not in equilibrium, and its intensive properties exhibit spatial and temporal variations. Many chemical reactions in the natural environment are blocked because the transport mechanisms necessary to reach equilibrium are too slow at ambient conditions. Thus, the exergy of the natural environment is not zero; work could be obtained if it were to come to equilibrium. Consequently, models for the reference environment are used which try to achieve a compromise between the theoretical requirements of the reference environment and the actual behavior of the natural environment."
"Thermodynamic analysis for an inclined channel containing two immiscible couple stress fluids using HAM","https://scispace.com/paper/thermodynamic-analysis-for-an-inclined-channel-containing-2xrifen17o","2014","","","J. V. Ramana Murthy
J. Srinivas","","https://scispace.com/pdf/thermodynamic-analysis-for-an-inclined-channel-containing-2xrifen17o.pdf","In this paper, the flow of two immiscible couple stress fluids between two inclined parallel plates of a channel with constant wall temperatures is studied in terms of entropy generation rate. The flow is assumed to be governed by Stokes’s couple stress fluid flow equation. The flow region consists of two zones, the flow of the heavier fluid taking place in the lower zone. The governing non-linear differential equations are then solved using Homotopy Analysis Method (HAM). Profiles of dimensionless velocity, temperature, entropy generation number and Bejan number are shown graphically for various values of couple stress parameter, Brinkman number, Grashof number, Reynolds number and viscous dissipation parameter. It is observed that couple stress fluid decreases the frictional forces and hence increases exergy.","is very useful because it provides quantitative information about irreversibility and exergy losses in the system. In this way, the thermodynamic efficiency can be quantified and poor efficiency areas be identified, so that systems can be designed and operated more efficiently. INTRODUCTION: The thermodynamic irreversibility in any fluid flow process can be quantified through entropy analysis. The first law of thermodynamics is simply an expression of conservation of energy principle. The second law of thermodynamics states that all real processes are irreversible. Entropy generation is a measure of the account of irreversibility associated with the real processes. As entropy generation takes place, the quality of energy (i.e. exergy) decreases. In order to preserve the quality of energy in a fluid flow process or at least to reduce the entropy generation, it is important to study the distribution of the entropy generation within the fluid volume. The optimal design for any thermal system can be achieved by minimizing entropy generation in the system. Entropy generation in thermal engineering system destroys available work and thus reduces its efficiency. Many studies have been published to assess the sources of irreversibility in components and systems. This was first studied by Bejan and he gave good engineering sense for the study by focusing on irreversibility. This new concept is based on simultaneous application of first and second laws of thermodynamics in analysis and design of the systems. In the paper , he studied the heat transfer problems in the pipe flow, boundary layer flow past a plate, and flow in the entrance region of a rectangular duct using Entropy Generation Minimization (EGM) method and also explained various reasons behind entropy generation in applied thermal engineering where the generation of entropy destroys the available work, called exergy, of a system. Also Bejan studied the entropy generation for forced convective heat transfer due to temperature gradient and viscosity effect in a fluid. Later on, many investigations have been carried to determine the entropy generation and Bejan profiles for different geometric arrangements, flow situations, and thermal boundary conditions. Several works on entropy generation minimization have appeared in the open literature - . Immiscible Fluids: The flow and heat transfer of immiscible fluids in inclined channel are of special importance in the petroleum extraction and transport problem. The reservoir rock of oil field contains many immiscible fluids in its pores. A portion of the pores contains water and the rest contains oil or gases or both. The immiscible flows in crude oil transport were studied experimentally by Bakhtiyarov and Siginer . Malashetty and Umavathi investigated MHD two-phase flow and heat transfer in an inclined channel. In another paper, Malashetty et al. have studied the flow and heat transfer in an inclined channel containing fluid and porous layers. In recent years, the fluid flow and entropy generation in two immiscible fluids in an inclined/horizontal channel has received considerable attention by researchers. Komurgoz et al. discussed second law analysis for an inclined channel containing porous-fluid layers by using the differential transform method. Kiwan and Khodier discussed natural convection heat transfer in an open-ended inclined channelpartially filled with porous media. Couple Stress Fluids: Since classical continuum mechanics of fluid does not consider size effect of particle additives in the fluid, it fails to define the features of such non-Newtonian fluids. Various theories have been postulated to interpret the rheological abnormalities which are due to the long chain molecules of the lubricant additives. The flow behavior of blended lubricants is well described by Stokes micro continuum theory , which considers the polar effects, such as presence of non-symmetric stress tensors, couples tresses (i.e. stress produced due to spin of micro elements in the fluid)"
"Exergy destruction and losses on four North Sea offshore platforms: A comparative study of the oil and gas processing plants","https://scispace.com/paper/exergy-destruction-and-losses-on-four-north-sea-offshore-vb9xtav3zc","2014","Journal Article","Energy","Mari Voldsund
Tuong-Van Nguyen
Brian Elmegaard
Ivar S. Ertesvåg
Audun Røsjorde
Knut Jøssang
Signe Kjelstrup","10.1016/J.ENERGY.2014.02.080","https://orbit.dtu.dk/files/92225693/Exergy_destruction_and_losses_postprint.pdf","","Exergy transfer: and exergy transferred as heat is determined by the Carnot efficiency, and is for temperatures above the ambient given by: ĖQ Exergy transfer: The symbol Ẇ denotes work transfer and Q denotes transfer of thermal energy. Calculation details:
 The ambient pressure and temperature used in the calculation of physical exergy were 1 atm and 8 • C, which is the average air temperature for the North Sea . The chemical exergy of the pure components were taken as presented by Szargut  for the real chemical components. They are calculated following the method and correlations of Rivero  for the hypothetical components. Potential and kinetic exergy were assumed negligible in comparison with chemical and physical exergy in the present cases. Calculation details:
 The control volume chosen for the exergy analysis on the four platforms includes the process modules shown in Fig. , with the components presented in Figs. A.7-A.10. The exergy destruction taking place in the heaters in Platforms B and C is assigned to the separation sub-systems, as the heating demand results from the temperature requirements in that section. The following sub-systems are not considered in this work, as they are not part of the processing plant as such, or contribute only to a minor extent to the total exergy destruction of the plant. Calculation details:
 • The seawater lift, which includes the pumps required to lift the seawater on-site and to bring it to the pressure of the cooling water distribution system; Calculation details:
 • The cooling medium system; Calculation details:
 • The pilot flares and flare headers, where the unusable gas, released by pressure relief valves in several parts of the plant (e.g. separation and fuel gas sub-systems), is burnt off with air and rejected to the atmosphere; Calculation details:
 • The produced water treatment, where chemicals such as biocides are mixed with produced water to ease separation with impurities; Calculation details:
 • The gas lift, where the pressure of the gas streams is decreased to match the wellhead pressure and ease petroleum production. Calculation details:
 In the present work, the term exergy destruction refers to the irreversibilities taking place within the control volume under study (internal irreversibilities). The term exergy losses refers to the irreversibilities outside this control volume, i.e. the ones taking place when waste exergy streams are dissipated to the environment. Calculation details:
 For instance, the flare headers are considered as a part of the utility plant of an oil and gas platform. They are therefore not included in the control volume and all the chemical exergy in flared gas is counted as a loss. In the case of the coolers, the irreversibilities caused by the pressure drops on the gas and water side, as well as with heat transfer, are accounted as exergy destruction. The increase in temperature-based exergy on the cooling medium side is accounted as an exergy loss."
"Evaluation of energy efficiency efforts of oil and gas offshore processing","https://scispace.com/paper/evaluation-of-energy-efficiency-efforts-of-oil-and-gas-47z9fkul0s","2015","","","Tuong-Van Nguyen
Mari Voldsund
Peter Breuhaus
Brian Elmegaard","","https://scispace.com/pdf/evaluation-of-energy-efficiency-efforts-of-oil-and-gas-47z9fkul0s.pdf","","with it only'. At the difference of energy, exergy is not conserved in real processes, and the exergy destroyed, or irreversibility rate, quantifies the system irreversibilities. The general exergy balance can be written as: Energy and exergy analysis:
  I denotes the irreversibility rate, also called exergy destruction, which can also be calculated from the Gouy-Stodola theorem;  in B is the exergy flow rate entering the component/system under investigation;  out B represents the corresponding exergy outflow. This term is normally further subdivided in two parts: products( prod EX ) and losses ( loss EX ) The exergy of a material flow is divisible into its physical, chemical, kinetic and potential components, in the absence of nuclear and magnetic interactions. The physical exergy represents the maximum amount of work obtainable from bringing the material stream from its initial state to the environmental state, defined by p0 and T0, taken here as the ambient pressure and the seawater temperature. The chemical exergy represents the maximum amount of work obtainable as the stream under consideration is brought to the dead state, by chemical reaction and transfer processes. The fuel chemical exergy is assumed equal to its higher heating value, which is derived based on the fuel H/C ratio according to the equation proposed by Szargut et al. . The potential and kinetic exergies are neglected. The exergy transferred with power has the same value as its energy, while the exergy transferred with heat is lower and its value depends on the temperature at which heat transfer takes place. For more details, the reader is referred to the reference books of Szargut et al. , Kotas  and Moran . The system performance is measured using several performance indicators:  the exergy efficiency ( t  ), defined as the ratio between the product p B and the input in B exergies: Energy and exergy analysis:
 where the product exergy represents the desired output of the component or system, and the input exergy denotes the resources required to drive this process. Energy and exergy analysis:
  the exergy loss ratio (  ), proposed in [23], which illustrates how much of the exergy input to the system is actually destroyed through irreversibilities: Energy and exergy analysis:
  the irreversibility share (  ), proposed in the works of Kotas [21] and Tsatsaronis [24], which is defined as the ratio between the exergy destroyed in the i-th component i I in relation to the total system irreversibilities tot I . Case study vessel:
 The ship under study is a cruise ship operating on a daily basis in the Baltic Sea between Stockholm (Sweden) and Mariehamn (the Åland islands). The ship is 176.9 m long and has a beam of 28.6 m, and has a design speed of 21 knots. The ship was built in Aker Finnyards, Raumo Finland in 2004."
"Energy and exergy analysis of a cruise ship","https://scispace.com/paper/energy-and-exergy-analysis-of-a-cruise-ship-57ol2zb685","2015","","","Francesco Baldi
Fredrik Ahlgren
Tuong-Van Nguyen
Cecilia Gabrielii
Karin Andersson","","https://scispace.com/pdf/energy-and-exergy-analysis-of-a-cruise-ship-57ol2zb685.pdf","The shipping sector is today facing numerous challenges. Fuel prices are expected to increase in the medium-long term, and a sharp turn in environmental regulations will require several companies to switch to more expensive distillate fuels. In this context, passenger ships represent a small but increasing share of the industry. The complexity of the energy system of a ship where the energy required by propulsion is no longer the trivial main contributor to the whole energy use thus makes this kind of ship of particular interest for the analysis of how energy is converted from its original form to its final use on board.
To illustrate this, we performed an analysis of the energy and exergy flow rates of a cruise ship sailing in the Baltic Sea based on a combination of available measurements from ship operations and of mechanistic
knowledge of the system. The energy analysis allows identifying propulsion as the main energy user (41% of
the total) followed by heat (34%) and electric power (25%) generation; the exergy analysis allowed instead
identifying the main inefficiencies of the system: exergy is primarily destroyed in all processes involving
combustion (88% of the exergy destruction is generated in the Diesel engines and in the oil-fired boilers) and
in the sea water cooler (5.4%); the main exergy losses happen instead in the exhaust gas, mostly from the main engines (67% of total losses) and particularly from those not equipped with heat recovery devices.
The improved understanding which derives from the results of the energy and exergy analysis can be used as a guidance to identify where improvements of the systems should be directed.","with it only'. At the difference of energy, exergy is not conserved in real processes, and the exergy destroyed, or irreversibility rate, quantifies the system irreversibilities. The general exergy balance can be written as: Energy and exergy analysis:
  I denotes the irreversibility rate, also called exergy destruction, which can also be calculated from the Gouy-Stodola theorem;  in B is the exergy flow rate entering the component/system under investigation;  out B represents the corresponding exergy outflow. This term is normally further subdivided in two parts: products( prod EX ) and losses ( loss EX ) The exergy of a material flow is divisible into its physical, chemical, kinetic and potential components, in the absence of nuclear and magnetic interactions. The physical exergy represents the maximum amount of work obtainable from bringing the material stream from its initial state to the environmental state, defined by p0 and T0, taken here as the ambient pressure and the seawater temperature. The chemical exergy represents the maximum amount of work obtainable as the stream under consideration is brought to the dead state, by chemical reaction and transfer processes. The fuel chemical exergy is assumed equal to its higher heating value, which is derived based on the fuel H/C ratio according to the equation proposed by Szargut et al. . The potential and kinetic exergies are neglected. The exergy transferred with power has the same value as its energy, while the exergy transferred with heat is lower and its value depends on the temperature at which heat transfer takes place. For more details, the reader is referred to the reference books of Szargut et al. , Kotas  and Moran . The system performance is measured using several performance indicators:  the exergy efficiency ( t  ), defined as the ratio between the product p B and the input in B exergies: Energy and exergy analysis:
 where the product exergy represents the desired output of the component or system, and the input exergy denotes the resources required to drive this process. Energy and exergy analysis:
  the exergy loss ratio (  ), proposed in [23], which illustrates how much of the exergy input to the system is actually destroyed through irreversibilities: Energy and exergy analysis:
  the irreversibility share (  ), proposed in the works of Kotas [21] and Tsatsaronis [24], which is defined as the ratio between the exergy destroyed in the i-th component i I in relation to the total system irreversibilities tot I . Case study vessel:
 The ship under study is a cruise ship operating on a daily basis in the Baltic Sea between Stockholm (Sweden) and Mariehamn (the Åland islands). The ship is 176.9 m long and has a beam of 28.6 m, and has a design speed of 21 knots. The ship was built in Aker Finnyards, Raumo Finland in 2004."
"Thermodynamic analysis of human heat and mass transfer and their impact on thermal comfort","https://scispace.com/paper/thermodynamic-analysis-of-human-heat-and-mass-transfer-and-4yoqzbgzkp","2005","Journal Article","International Journal of Heat and Mass Transfer","Matjaz Prek","10.1016/J.IJHEATMASSTRANSFER.2004.09.006","https://www.healthyheating.com/HH_Integrated_Design/Week%203/Thermodynamic%20analysis%20of%20human%20heat%20and%20mass%20transfer%20and%20their%20impact%20on%20thermal%20comfort.pdf","","Title: Thermodynamic analysis of human heat and mass transfer and their impact on thermal comfort Authors: Matjaz Prek (Corresponding Author) Keywords: Exergy, Human body, Heat transfer, Mass transfer, Thermal comfort Introduction:
 Human body acts as a heat engine and thermodynamically could be considered as an open system. The energy and mass for the human bodyÕs vital processes are taken from external sources (food, liquids) and then exchanged with the environment. These exchange mechanisms are of great importance, since they define the thermal sensation, i.e. thermal comfort. Therefore, the pathway of energy, mass, and the transformations associated with their generation leading to an exchange with the environment should be considered. Thermal models of the human body and its interaction with the surrounding thermal environment have been available for more than 30 years. These models range from simple one-dimensional, steady-state simulations to complex, transient finite element models . The main similarity of most models is the application of energy balance to a simulated human body (based on the 1st law of thermodynamics) and the use of energy exchange mechanisms. The models differ mainly in the physiological response models and in the criteria used to predict thermal sensation . Introduction:
 In this paper a different approach is presented, namely an analysis based on the 2nd law of thermodynamics. Every energy transfer and conversion is accompanied by an exergy transfer and conversion. Energy is conservative in its transfer and conversion process (1st law of thermodynamics: nothing disappears), while exergy is known to be non-conservative due to the irreversibility of its transfer process (2nd law of thermodynamics: everything disperses). As a result, exergy transfer has rules of its own which are different from those of energy transfer. Exergy is only conserved, or in balance, for a reversible process, but is partly consumed in an irreversible process. For a real process the exergy input always exceeds the exergy output; this unbalance is due to irreversibilities and represents exergy destruction or exergy consumption. There are corresponding entropy flows associated with heat and mass flows; combining the energy and entropy balance brings about exergy balance . One of the objectives of the presented research is to calculate entropy generation or exergy destruction (based on the Gouy-Stodola theorem). The calculation of exergy destruction is usually based on second law analysis, either from the rate of exergy destruction within the relevant control volume, or from the unbalanced rate of exergy input within the control volume . Introduction:
 In the case of the human body, exergy is consumed as a consequence of heat and mass transfer and/or conversion. These processes are dependent on the human thermoregulatory system and on the state of the environment. Therefore, the human body generates specific mechanisms of irreversibilities. The purpose of the presented study is to introduce an approach to calculate the rate of exergy destruction within the human body and to identify the magnitude and mechanisms of those irreversibilities. Introduction:
 An example is considered to verify the presented model and it is shown that there is a correlation between the exergy consumption within the human body and the expected level of thermal comfort. Furthermore, the existing methods for comfort assessment could be improved and expanded with the inclusion of exergy analysis."
"The Exergy Fields in Processes","https://scispace.com/paper/the-exergy-fields-in-processes-4e5ft4pjyx","2008","Proceedings Article","","Noam Lior","10.1063/1.2979055","https://scispace.com/pdf/the-exergy-fields-in-processes-4e5ft4pjyx.pdf","This paper is a very brief review of the method for analyzing the space and time dependent exergy and irreversibility fields in processes. It presents the basic equations, the method for their use, and three examples from the work of the author and his former graduate students: flow desiccation, combustion of oil droplets, and combustion of pulverized coal. Conclusions from this Second Law analysis are used to attempt process improvement suggestions.","Title: Engineering | Mechanical Engineering Comments Comments Authors: Noam Lior APERSONAL INTRODUCTION:
 My interest in the examination of entropyproduction and exergydestruction in reaction processes, such as in combustion and in nuclear reactions started during my M.Sc. studies in which Arthur Shavit-who just ay ear earlier finished his Ph.D. studies at MIT under the guidance of George Hatsopoulos and Joseph Keenan-used their excellent and just published book ""Principles of general thermodynamics"", as the course text, in the course Itook in graduate thermodynamics. After joining the faculty of the University of Pennsylvania Ie stablished personal contact with both Joe Keenan and George Hatsopoulos, and still remember very gratefully and fondly that Joe Keenan indulged this beginning Assistant Professor by agreeing to give ag uest lecture in the graduate thermodynamics course Iwas teaching, and to discuss with me ranking problems in the field. EXERGY AS AN EVALUATION CRITERION:
 Historically,S econd Lawa nalysis in its different forms, always focusing on entropy generation and irreversibility,w as at first almost entirely oriented to power generation from heat, starting with the fundamental definitions by Gouy  and Stodola  and, based on Gibbs' work , expanded strongly by Keenan's""availability"" concept ( ). Bosnjakovic  waso ne of the early leaders in applying the analysis to chemical processes in his ""fight against irreversibility"", followed by manyothers including Rant, who also coined the word exergy , Denbigh , Leites et al. , Brodyanski, Fratzscher, Szargut, Le Goff, Ishida, Rivero, Kjelstrup, and their co-workers. EXERGY AS AN EVALUATION CRITERION:
 It is increasingly recognized, and included by nowi np ractically all textbooks on thermodynamics and energy systems design (cf. ) that exergy( or Second Law) analysis must be added to the conventional energy accounting analysis during the conception, analysis, development, and design of such systems. Most of this analysis is nowadays conducted on the system leveldevelopment, by evaluating the exergyv alues and changes of component input and output streams and energy interactions. While this can indeed identify the exergyd estruction in as ystem component, it does not deliver the detailed information about the specific process phenomena, often space and time dependent, which causes the exergyc hanges in it. The phenomena may include heat transfer,m ass transfer,fl uid mechanics, chemical and/or nuclear reactions, and the presence of fields such as gravitational, electric and magnetic. This type of detailed analysis, which we shall call ""intrinsic"", due in the second phase of system development, is invaluable in accelerating the evolution of the innovative systems needed to meet the difficult demands of the coming century,and is the focus of this paper."
"Integration of Space Heating and Hot Water Supply in Low Temperature District Heating","https://scispace.com/paper/integration-of-space-heating-and-hot-water-supply-in-low-38cgl7axsp","2014","","","Brian Elmegaard
Torben Schmidt Ommen
Michael Markussen
Johnny Iversen","","https://scispace.com/pdf/integration-of-space-heating-and-hot-water-supply-in-low-38cgl7axsp.pdf","District heating makes it possible to provide heat for many consumers in an efficient manner. In particular, district heating based on combined heat and power production is highly efficient. One disadvantage of district heating is that there is a significant heat loss from the pipes to the surrounding ground. In larger networks involving both transmission and distribution systems, the heat loss is most significant from the distribution network. An estimate is that about 80-90 % of the heat loss occurs in the distribution system. In addition, the heat loss is naturally highest from the forward pipes, where the water is at the highest temperature. The heat loss may be lowered by decreasing the temperatures in the network for which reason low temperature networks are proposed as a low loss solution for future district heating. However, the heating demand of the consumers involve both domestic hot water and space heating. Space heating may be provided at low temperature in modern low energy buildings. Domestic hot water, however, needs to reach sufficient temperatures to avoid growth of legionella bacteria. If the network temperature is below the temperature demand, supplementary heating is required by the consumer. In the present paper we study conventional district heating at different temperature levels and compare the energy efficiency, the exergetic efficiency and annual heating cost to solutions that utilize electricity for supplementary heating of domestic hot water in low temperature district heating. Four different supplementary heating solutions are studied: direct electric heating and three heat pump solutions. Heat pumps with R134a and R744 are studied. The results show that conventional solutions at lowest possible temperature have the highest exergetic efficiency of 28 % and lowest annual cost of C 690 (5200 DKK) for a 159 m 2 house. The best low temperature system is an R134a heat pump with hot water storage on the district heating side. This system reaches an exergetic efficiency of 25 % with a heat pump COP of 4.0.","(2.26 DKK/kWh) and 0.10 C/kWh (0.77 DKK/kWh) , respectively, in a conventional system. Benefits of decreased heat loss is assigned to the consumer prices in low temperature scenarios. Modeling:
 The different configurations have been implemented as models in DNA . The models consist of components models which include heat exchangers, distribution pipes and the components of the heat pumps, evaporator, condenser, compressor and valves. The fundamental laws of thermodynamics are respected in all component models. Modeling:
 The following parameters are used throughout the calculations: Minimum temperature difference in heat exchangers 2.5 K Minimum temperature difference in heat exchangers in network 5 K Minimum temperature difference in tank coil 5 K Isentropic efficiency of heat pump compressor 50 % Heat transfer coefficient from network (distribution and service lines) to ground 1.9 W/K Ground temperature 10 °C Pressure loss 0 Pa for the heat pump compressor heat loss, as well as condenser subcooling and evaporator superheating are neglected. Heat loss from the network is calculated individually for the forward and return pipes based on the heat transfer coefficient and the temperature difference between water and ground. Evaluation of Performance:
 The results of the calculations are the required heat supply from the transmission system, the electricity demand, the total heat loss and annual cost of heat. The results are quantified in terms of energy and exergy. For energy a unit energy from district heat and electricity are equal, which makes it difficult to define a meaningful efficiency. Contrary, exergy not only measures the energy content, but also takes the ""quality"" of the energy into account. In thermodynamics exergy is defined as the maximum work that may be extracted from a given amount of energy. This theoretical measure may, however, be described in several ways that show the value of exergy as a measure of quantity and quality of energy. Exergy may namely also be stated to be the part of an amount of energy that can be converted into any other energy form by a thermodynamically reversible process. For, e.g., electric, mechanical, kinetic and potential energy this fraction is unity, whereas for heat and substances at finite temperature the fraction is smaller. The exergy analysis in this study is based on the approach described in . Exergy will due to irreversible energy conversion be destroyed and is closely related to entropy that is generated, due to the Guoy-Stodola theorem. It states that exergy destruction and entropy generation are proportional: Evaluation of Performance:
 The two quantities are related by the reference temperature. This shows that exergy resembles a state variable when the reference conditions p 0 , T 0 are decided. In the present case they are set to 1 bar and 10°C, respectively. Primary energy sources as fuel, solar, and wind can all be found to be exergy within 5% accuracy. This shows that exergy destruction is also a quantification of the primary energy supply to a system. Primary energy utilization in the system may thus be evaluated by the exergetic efficiency: Evaluation of Performance:
 In the present case the exergy consumption is electricity and district heat, the exergetic product is the space heating and domestic hot water. Evaluation of Performance:
 As changes in kinetic and potential energy are neglected and chemical reactions do not occur, only the physical exergy of the flows is calculated. It is given as:"
"Energy efficient control and optimisation techniques for distillation processes","https://scispace.com/paper/energy-efficient-control-and-optimisation-techniques-for-4lgyy6c1wi","2015","Dissertation","","Funmilayo Nihinlola Osuolale","","https://scispace.com/pdf/energy-efficient-control-and-optimisation-techniques-for-4lgyy6c1wi.pdf","","mechanical effect from any portion of matter by cooling it below the temperature of the coldest of the surrounding objects"". The second law of thermodynamics: Kelvin in 1851 arrived at the same conclusion but expressed the law in a different form. The second law of thermodynamics:
 ""It is impossible to construct an engine which when working in a complete cycle will produce no effect other than the exchange of heat with a reservoir and the performance of an equivalent amount of heat"". This is modified as perpetual motion machine of the second kind is impossible . The second law of thermodynamics:
 Clausius in 1854 gave a detailed analysis of the Carnot cycle and represented it mathematically as The second law of thermodynamics:
 It states that the heat given out to the cold reservoir divided by its temperature is equal to the heat received at the hot reservoir divided by its temperature. The second law of thermodynamics:
 For a cycle operating reversibly and with various temperature changes, The second law of thermodynamics:
 Clausius later introduced the concept of entropy in 1865. This led to a more general statement that the entropy production in any system must be greater than or equal to zero. This statement can be written mathematically for an open system as : 2.25:
 The entropy outflow is given by 𝑚 2 𝑠 2 , where 2 s is the entropy per unit mass flow at exit. The entropy inflow consists of the entropy inflow from mass transport, 𝑚 1 𝑠 1 , and 2.25:
 Assuming steady state operation, the accumulation term becomes zero. Also quantifying the entropy production by the identity  and rewriting equation 2.26, we have 2.25:
 Rearranging and solving for  Q , Concept of Exergy:
 Exergy is a concept, which follows from a combination of the first and second laws of thermodynamics. It is a key aspect of providing better understanding of the process; Concept of Exergy:
 quantifying sources of inefficiency and distinguishing quality of energy used . It corresponds to the maximum available work, which can be obtained when taking a system through reversible process with the environments.  defined exergy as ""the amount of work obtainable when some matter is brought to a state of thermodynamic equilibrium with the common components of the natural surroundings by means of reversible processes, involving interaction only with the abovementioned components of nature"". In real processes, irreversibilities always occur. These lead to loss of exergies or loss of available energy. Exergy is then the energy that is available to be used. After the system and surroundings reach equilibrium, the exergy is zero. During a process, exergy is not conserved but it is destroyed due to irreversibility. For a real process, the exergy input always exceeds the exergy output; Concept of Exergy:
 this imbalance is due to irreversibilities, which some have referred to as exergy destruction or anergy or exergy loss as shown in figure .3 ."
"Time: a Constructal viewpoint & its consequences.","https://scispace.com/paper/time-a-constructal-viewpoint-its-consequences-4dwsq6mo7d","2019","Journal Article","Scientific Reports","Umberto Lucia
Giulia Grisolia","10.1038/S41598-019-46980-5","https://scispace.com/pdf/time-a-constructal-viewpoint-its-consequences-4dwsq6mo7d.pdf","In the environment, there exists a continuous interaction between electromagnetic radiation and matter. So, atoms continuously interact with the photons of the environmental electromagnetic fields. This electromagnetic interaction is the consequence of the continuous and universal thermal non-equilibrium, that introduces an element of randomness to atomic and molecular motion. Consequently, a decreasing of path probability required for microscopic reversibility of evolution occurs. Recently, an energy footprint has been theoretically proven in the atomic electron-photon interaction, related to the well known spectroscopic phase shift effect, and the results on the irreversibility of the electromagnetic interaction with atoms and molecules, experimentally obtained in the late sixties. Here, we want to show how this quantum footprint is the “origin of time”. Last, the result obtained represents also a response to the question introduced by Einstein on the analysis of the interaction between radiation and molecules when thermal radiation is considered; he highlighted that in general one restricts oneself to a discussion of the energy exchange, without taking the momentum exchange into account. Our result has been obtained just introducing the momentum into the quantum analysis.","Ω. : It is always possible to link entropy and entropy rate to the physical quantities exchanged by a real system by using the first law and the second law of thermodynamics, together with the Theorem of Gouy-Stodola . :
 Consequently, considering the Constructal law approach the variation of S and  S is related to the fluxes of energy and matter between open systems, so, we can write that 9 : :
 e ph 0 and also  : so, it follows: :
 Consequently, time is the footprint of irreversibility of any subset of the Universe, due to the fluxes of energy and mass among them."
"La bomba de calor eléctrica y otros artefactos","https://scispace.com/paper/la-bomba-de-calor-electrica-y-otros-artefactos-b5ldmsx7l6","2014","","","Mariano Vázquez Espí","","https://scispace.com/pdf/la-bomba-de-calor-electrica-y-otros-artefactos-b5ldmsx7l6.pdf","El impulso inicial para este trabajo fue la contemplacion de un cuadro en la pagina 26 de la Guia de la Edificacion Sostenible -- Calidad Energetica y Medioambiental en Edificacion , libro coeditado por el Institut Cerda , el Ministerio de Fomento y el Instituto para la Diversificacion y el Ahorro de la Energia (IDAE) en Madrid (1999). El cuadro en cuestion ofrece datos sobre el «rendimiento global» de distintas instalaciones para edificios. Por rendimiento global debe entenderse, de acuerdo con la Guia , «la relacion entre las necesidades termicas que satisfacen [las instalaciones] y la energia disponible en los combustibles utilizados»; para que no haya dudas aclara a continuacion: «Este rendimiento es el producto del rendimiento de generacion, del rendimiento de distribucion y del rendimiento de regulacion». Puesto que se trata de una division entre dos cantidades de energia, calor y energia disponible, expresadas en kilovatios-hora, julios o cualquier otra unidad apropiada, se trata de un numero adimensional.","exclusiva responsabilidad. Bombeo de calor: 13 Doy por supuesto que usted entiende que me refiero a una economía física que nada tiene que ver con la economía corriente, meramente monetaria. Bombeo de calor:
 14 Hoy por hoy existen bastantes manuales - Szargut et alii (1988), Szargut (2005), El-Sayed (2003)-y muchos ejemplos accesibles en Internet; también hay revistas especializadas como Exergy. En Valero (2000) hay un recuento de la teoría así como de sus dificultades y límites. Bombeo de calor:
 15 El neologismo «exergía» es necesario por razones históricas. Antes de la formulación de las leyes de la termodinámica a mediados del XIX, la palabra «energía» venía a ser sinónima de «trabajo» y era algo que se consumía: un tronco sólo se puede quemar una vez; si había que transportar algo, se consumía energía (se hacía trabajo), y si luego había que devolverlo a la posición inicial, había que consumir otra vez. Pero con el establecimiento de la equivalencia mecánica del calor y la primera ley (conservación), «energía» pasó a significar cualquiera de sus formas, la energía que se conserva, sirva o no para realizar trabajo. La segunda ley se maneja bien analizando los trabajos realizados y, por tanto, la energía útil consumida para ello, pero ahora esa energía debe adjetivarse o denominarse con palabra distinta a «energía» a secas, a fin de evitar la confusión con la nueva energía conservativa. De ahí «exergía». Bombeo de calor:
 16 Puede citarse una definición, a día de hoy clásica, de exergía: Bombeo de calor:
 La exergía de un sistema termodinámico es la mínima cantidad de trabajo técnico necesario para constituirlo a partir del ambiente de referencia (AR), donde el AR representa aquellos recursos que la Naturaleza pone a nuestra disposición en cantidades ilimitadas a un coste de extracción nulo evaluado en trabajo técnico. Bombeo de calor:
 [. . . ] Dos flujos o sistemas serán termodinámicamente equivalentes; es decir, será posible, al menos teóricamente, obtener uno a partir del otro, y viceversa, sin un consumo adicional de recursos limitados (fuentes de energía) si y sólo si tienen igual exergía Valero et Lozano (1994)  siempre menor que la exergía consumida como combustible, trabajo, etc. La irreversibilidad se cuantifica como la exergía perdida en la transformación. El rendimiento exergético es E X,out /E X,in < 1, y su inverso se denomina coste exergético del producto: E X,in /E X,out > 1."
"Druga zasada termodynamiki w analizie obiegów lewobieżnych","https://scispace.com/paper/druga-zasada-termodynamiki-w-analizie-obiegow-lewobieznych-344yo6p9t5","2004","","","Dariusz Nanowski","","https://scispace.com/pdf/druga-zasada-termodynamiki-w-analizie-obiegow-lewobieznych-344yo6p9t5.pdf","","Gouy`a-Stodoli: Po podstawieniu wyra enia (3.54) do równania pierwszej zasady termodynamiki dla obiegu otrzymamy zale no opisuj jego prac W ob Praca obiegu lewobie nego. Relacja Gouy`a-Stodoli:
 Minimalna praca obiegu lewobie nego, dla którego N = 0, wyra a si wzorem Rys. 3.3 Odwracalny obieg Carnota:
 Ca ka krzywoliniowa równania ró niczkowego (4.12) po dowolnej krzywej (~) reprezentuj cej dowoln przemian termodynamiczn mi dzy stanami (1,2) wyra a podstawowe równanie egzergii: Rys. 3.3 Odwracalny obieg Carnota:
 Z równania (4.13) wynika, e praca techniczna dowolnej przemiany jest równa przyrostowi egzergii (B t2 -B t1 ) uwzgl dnionej o egzergetyczn warto ciep a przyj tego lub przekazanego na zewn trz i powi kszonej o iloczyn temperatury T 0 i przyrost entropii czynnika spowodowanego wewn trznymi przyczynami nieodwracalno ci. Ca kuj c równanie (4.12) po krzywej zamkni tej otrzymamy Rys. 3.3 Odwracalny obieg Carnota:
 Praca obiegu jest wi c sum algebraiczn egzergetycznych warto ci dodatniego i ujemnego ciep a dla obiegu powi kszonego o strat egzergii czynnika obiegowego spowodowan nieodwracalno ci .Ostatnie równanie atwo zilustrowa na przyk adzie nieodwracalnego obiegu pompy ciep a jak na rys. 4.1. TERMODYNAMICZNE PODSTAWY POMP CIEP A:
 Pompy ciep a s obiegowymi urz dzeniami termodynamicznymi, których celem jest ogrzewanie p ynów (powietrza, wody) s cych do tworzenia komfortu rodowiska bytowego cz owieka w okresie obni onej temperatury otoczenia lub podgrzewania wody u ytkowej niezale nie od temperatury zewn trznej. Jednym z g ównych kosztów realizacji zadania jest koszt pracy nap dowej, st d jej minimalizacja jest istotnym celem analizy opartej na zasadach termodynamiki."
"Method of Processing and an Analysis of Meshing and Contact of Circular Arc Tooth Trace Cylindrical Gears","https://scispace.com/paper/method-of-processing-and-an-analysis-of-meshing-and-contact-4j78b4zpdn","2016","Journal Article","Transactions of Famena","Qi Zhang
Li Hou
Rui Tang
Guang Wen","10.21278/TOF.40402","https://scispace.com/pdf/method-of-processing-and-an-analysis-of-meshing-and-contact-4j78b4zpdn.pdf","This paper presents the investigation into the tooth profile features, meshing characteristics and the principle of forming circular arc tooth race cylindrical gears (CATT gears). Based on the meshing theory of the curvilinear gear, tooth surface equations and meshing line equations of the gears and rack shave been established. The graphical analysis of these equations shows meshing performances. The results reveal that an ideal CATT gear can mesh with each other at a line contact and the rack cutter can machine an ideal CATT gear by translational motion. A planetary gear train is proposed to be used as processing device. The device consists of one or several gear pairs and it can be fixed to multiple tools. The new device can machine ideal tooth profiles and the teeth have the same thickness in the circumferential direction. The processing results show that the device can also adjust the forming radius of the tooth trace without grades and that it performs continuous cutting without introducing imbalance into the mechanism.","power is 11990 kW. Generated heat power is used in the steam generator unit and in the recuperator unit, (Figure ). The steam generator unit produces the water steam and the recuperator unit heat refrigerant by the heat pump waste heat. Exergo-energy analysis, and the irreversibility of the heat pump:
 In accordance with the 2nd law of thermodynamics, energy may be divided into exergy and anergy. Each amount of energy consists of exergy and anergy, whereby one of both parts may be equal to zero. In any irreversible process, exergy is converted into anergy. In reversible processes, however, exergy remains constant, and anergy cannot be converted into exergy , . Many other authors have also presented the exergy, anergy and the irreversibility of the heat pump , , , , , . Exergo-energy analysis, and the irreversibility of the heat pump:
 Exergy analysis is a useful method to complement, but not to replace, energy analysis. Exergy analysis yields useful results because it deals with the irreversible minimization or maximization of exergy delivery. Exergy analysis can indicate the possibilities of thermodynamic improvement of the process under consideration. Figure  shows a graphic presentation of the heat pump thermodynamic process. Q H shows the heat flux of a heated reservoir, Q L the heat flux of a cold reservoir, Q H,rev the reversible part heat flux of a heated reservoir and W the transformation of work . Exergo-energy analysis, and the irreversibility of the heat pump:
 Fig.  Thermodynamic process between two heat reservoirs  The fluxes of the heat engine thermodynamic process may be computed by means of a graphical analysis (Figure ) : Exergo-energy analysis, and the irreversibility of the heat pump:
 where Q L,rev is the reversible part heat flux of a cold reservoir and W min is the minimum input work. Irreversible process fluxes S gen are computed : Exergo-energy analysis, and the irreversibility of the heat pump:
 where T H is the hot reservoir temperature and T L is the cold reservoir temperature. With the hot body fluxes being Q L -Q L,rev , it is possible to compute the loss of work W loss,H : The inverter heat pump refrigerant-specific exergy loss of refrigerant transformation at the working points from the Figure Exergo-energy analysis, and the irreversibility of the heat pump:
 where e loss,transf is the transformation refrigerant-specific exergy loss, e before,transf is refrigerantspecific exergy before transformation, e after,transf is refrigerant-specific exergy after transformation h before,transf is the refrigerant-specific enthalpy before transformation, h after,transf is the refrigerant-specific enthalpy after transformation, T 0 is the temperature state of surrounding, S before,transf is the refrigerant-specific entropy before transformation and S after,transf is the refrigerant-specific entropy after transformation."
"The Description of Oil Displacement Mechanism in Steam Injection of Multi-Field Synergy with Exergy Transfer *","https://scispace.com/paper/the-description-of-oil-displacement-mechanism-in-steam-15yzslu2wk","2013","Journal Article","wjm","Qing-lin Cheng
Yang Wang
Xiaoli Sun","10.4236/WJM.2013.33015","https://scispace.com/pdf/the-description-of-oil-displacement-mechanism-in-steam-15yzslu2wk.pdf","Steam injection is a most effective way for improving heavy oil
recovery efficiency, and it has academic and practical significance for
the mechanism of multi-field synergy oil displacement. Mechanism of “diversified” oil displacement which is obtained by
traditional study methods in the exploitation territory of oil and gas fields
has both respective roles and mutual cross shortages. To describe and analyze the displacement
process of multi-field coupling with exergy transfer can simplify this kind of
problem by introducing a unified goal-driving exergy. It needs to use the method of theoretical modeling, numerical
simulation and experimental validation to study the basic
law of exergy transfer in the oil displacement process of multi-field synergy, make
a thorough research for the flooding process of steam injection with exergy transfer theory and reveal the oil
displacement mechanism in steam injection of multi-field synergy. Thus the theory instruction and technical support can be provided to improve reservoirs
producing degree and extraction ratio.","and change laws of various exergy and the exergy loss mechanism in ireversible process are studied, especially determining the influence factors of various exergy transfer coefficient, thus the powerful basis for proposing controlling and regulating its corresponding exergy transfer process is provided. Oil Displacement Mechanism with Multi-Field Synergy in Steam Injection Based on Exergy Transfer Analysis:
 From the perspective of general physics, seepage mechanics and irreversible thermodynamics, the types of multiphase flow in reservoir porous media caused by different driving potential fields are summarized comprehensively, and physical explanation of exergy transfer to oil displacement process of steam injection is studied deeply, the specific composition structure of dynamic potential field, resistance potential field and destination potential field in oil displacement region is attained. According to the study and determination of multi-field synergy evaluation index system of exergy transfer among dynamic potential fields, among dynamic and resistance potential fields, and among resistance potential fields in oil displacement process of steam injection, the oil displacement mechanism of multi-field synergy of how to enhance the production rate and oil reservoir producing degree meanwhile by improving dynamic characteristics and the resistance characteristics of driving exergy transfer process with steam injection is dissected at different levels. Experimental Study, Numerical Simulation and Application:
 The analytical solution of the model in front is difficult to obtain generally; the typical steam driving process should be selected to analyze solution and application by numerical simulation method. Oil displacement mechanism of multi-field synergy in steam injection obtained by research should be certified and corrected through laboratory test. Theoretical Model:
 With field theory, the entropy equilibrium equation composed of entropy flow of outside supply and irreversible entropy production of system interior is deduced. According to the exergy general expression defined by generalized metric and extensive quantity of dead state thermodynamics, through satellite differential, the total exergy equilibrium equation is analyzed including such transfer forms as heat exergy, press exergy, move exergy and potential-energy exergy, etc. Based on irreversible thermodynamics, liner phenomenon-logical equations which reflect the relationship among dynamics, resistance and rate for exergy transfer process of multi-field synergy are built up. The composition structure of dynamics potential field, resistance potential field and destination potential field in oil displacement region is differentiated with seepage mechanics, general physics and irreversible thermodynamics. In the light of physical paraphrase of exergy transfer for oil displacement with steam injection, combined with the evaluation method of enhancing recovery in oilfield development region, the calculation index which reflects synergy relationship among dynamics potential fields, among dynamics and resistance potential fields, and among resistance potential fields of exergy transfer in oil displacement process is deduced, thus the exergy transfer analysis system of multi-field synergy with steam injection is set up."
"Air-source heat pump performance comparison in different real operational conditions based on advanced exergy and exergoeconomic approach","https://scispace.com/paper/air-source-heat-pump-performance-comparison-in-different-17zbsdaun7","2021","Journal Article","Thermal Science","D Goran Vuckovic
Mirko M. Stojiljković
G Marko Ignjatovic
V Mica Vukic","10.2298/TSCI200529237V","https://scispace.com/pdf/air-source-heat-pump-performance-comparison-in-different-17zbsdaun7.pdf","The use of air-source heat pumps (ASHP) is increasing to meet the energy needs of residential buildings, and manufacturers of equipment have permanently expanded the range of work and improved the efficiency in very adverse outdoor air conditions. However, in the time of a wide range of different technologies, the problem of using ASHP, from a techno-economic point of view, is constantly present. Exergetic efficiency and exergoeconomic cost no longer provide sufficiently reliable information when it is necessary to reduce the investment costs or in-crease the energy/exergetic efficiency of the component/system. This paper presents comparison of ASHP in different operational conditions based on an advanced exergy and exergoeconomic approach. The advanced exergy analysis splits the destruction of exergy for each individual component into avoidable and unavoidable part in order to fully understand the processes. The information of stream costs is used to calculate exergoeconomic variables associated with each system component. Irreversibility in the compressor have the greatest impact on reducing the overall system exergetic efficiency by 46.7% during underfloor heating (UFH) operation and 24.53% during domestic hot water (DHW) operation. Exergy loss reduces exergetic efficiency by 5.72% UFH and 39.74% DHW. High values of exergoeconomic cost for both operating regimes are present in flows 1, 2, 3 and 4 due to high costs of production and relatively small exergy levels. The general recommendation is to set the ASHP to operate with near-optimal capacities in both regimes and then reduce exergy of flows 1, 2, 5, 11, and 13.","resulting in the unit being switched off, fig. ). The ASHP operation was monitored and the parameters were recorded with the measuring equipment supplied by producer (for temperature thermistors with negative temperature coefficient and interchange ability ± 0.1 o C). Methodology and modelling:
 When we think about energy, we consider it in terms of quantity. However, in a resource-constrained world, energy must also be appreciated from the point of view of quality, which is essentially a measure of its usefulness, or its ability to do work. In order to account for the quality and not just the quantity of energy, we need to measure exergy. The exergy approach can identify and quantify the causes of internal inefficiencies. Exergy is the right metric to value energy, use and resource scarcity . Methodology and modelling:
 Mass, energy, entropy, and exergy balances are employed to determine the heat transfer, the entropy generation rate or the rate of exergy destruction. The mass, energy, entropy, and exergy balance equations for a component k of an energy system in the steady-state conditions have the form, respectively : Methodology and modelling:
     g, . en 0 Methodology and modelling:
 The total exergy of a material stream consists of four exergy components: physical, chemical, kinetic, and potential. For this paper, the physical exergy is more interesting. The physical exergy of a stream of matter can be defined as the maximum work (useful energy) that can be obtained from it when taking it to the physical equilibrium (of temperature and pressure) with the environment. For calculating exergy-related parameters, standard conditions for temperature and pressure were applied, i.e. T 0 = 298.15 K, p 0 = 1.01325 bar. The specific physical exergy transfer associated with a stream of matter is: Methodology and modelling:
 The last term on the right-hand side of eq. ( ) represents the exergy destruction of the k th component of the system. Exergy destruction is proportional to generated entropy, with the surrounding temperature being the constant of proportionality. This equation is known in the literature as the theorem of the loss of capability to do work, exergy destruction theorem or Gouy-Stodola theorem. For the known value of the generated entropy for the k th component of an energy system, obtained from entropy balance (3), exergy destruction is obtained as : Methodology and modelling:
 Exergy destruction in the overall system is obtained by summing up exergy destruction of every component of the system: Methodology and modelling:
 Energy transfer i.e. heat transfer is followed by entropy transfer, while work transfer is performed without entropy transfer. While obtaining work from supplied heat, the general idea is to obtain as much as possible useful work, having in mind that heat removed to a heat sink is not a loss, but necessary compensation to obtain useful work from heat. In the case of a heat pump, maximum efficiency is reached when heat pumps operate in the ideal Carnot cycle with reversible processes (isentropic and isothermal processes), with efficiency dependent only on heat source temperature (evaporation temperature) and heat sink temperature (condensing temperature) :"
"A brief Commented History of Exergy From the Beginnings to 2004","https://scispace.com/paper/a-brief-commented-history-of-exergy-from-the-beginnings-to-4mb3e6stju","2007","Journal Article","International Journal of Thermodynamics","Enrico Sciubba
Göran Wall","10.5541/IJOT.1034000184","https://scispace.com/pdf/a-brief-commented-history-of-exergy-from-the-beginnings-to-4mb3e6stju.pdf","This paper presents a brief critical and analytical account of the development of the concept of exergy and of its applications. It is based on a careful and extended (in time) consultation of a very large body of published references taken from archival journals, textbooks and other monographic works, conference proceedings, technical reports and lecture series. We have tried to identify the common thread that runs through all of the references, to put different issues into perspective, to clarify dubious points, to suggest logical and scientific connections and priorities. It was impossible to eliminate our respective biases that still affect the “style” of the present paper: luckily, some of our individual biases “cancelled out” at the time of writing, and some were corrected by our Reviewers (to whom we owe sincere thanks for the numerous and very relevant corrections and suggestions). The article is organized chronologically and epistemologically: it turns out that the two criteria allow for a quite clear systematization of the subject matter, because the development of the exergy concept was rather “linear”. This work is addressed to our Colleagues who are involved in theoretical research, industrial development, and societal applications of exergy concepts: if they extract from this article the idea of an extraordinary epistemological uniformity in the development of the concept of exergy, our goal will be achieved. The other addressees of this paper are Graduate Students taking their first steps in this field: in their case, we hope that consultation of our paper will prompt them to adopt and maintain throughout their career a scholarly valid method of research, which implies studying and respecting our scientific roots (the sources) but venturing freely and creatively into unknown territory. In the Conclusions we try to forecast future developments: this is the only part of the paper that is an intentional expression of our own views: the previous historical-scientific exposition is instead based on verifiable facts and accepted opinions.","higher to lower temperatures); e) Any irreversibility in the process is reflected in a further decrease of exergy between the initial and the final state: denoting by ∆s irr,1→2 the irreversible entropy generation, we have: The modern definition of exergy:
 f) The reference state B (T 0 , p 0 , V 0 , z 0 , c 0 ) is necessary to the definition of exergy: for an isolated homogeneous system that cannot exchange either mass or energy with any other system, exergy is not defined; g) If we consider processes that take place in finite times (always maintaining the assumption that they can be represented by a proper succession of quasi-equilibrium states), equations 1, 2 and 3 maintain their significance, if all the terms therein are substituted by their time derivatives; h) If a system evolves in the presence of a varying environment (long geological timescales, or time-or site dependent external conditions), its exergy level varies accordingly, even if its state does not: this means, quite simply, that the maximum work we can extract from the system varies as well. A word about notation:
 Different Authors have adopted wildly different notations: we shall uniformly refer to the notation provided in the Symbols list above. Where a different significance has been used, we shall identify it case by case. The Early Beginnings: Carnot & Gibbs Work:
 It is widely recognized today that the exergy concept has its roots in the early work of what would later become ""Classical Thermodynamics"". If an ""exact starting date"" must be found, this can only be 1824, when Carnot (1824) stated that ""the work that can be extracted of a heat engine is proportional to the temperature difference between the hot and the cold reservoir"".  It is correct to say that this simple statement led, 30 years later and after much labouring by  and  to the position of the second law of thermodynamics by . However, Gibbs (1873) who had earlier defined the thermodynamic function ""available energy"", was the first to explicitly introduce the notion of available work, including the diffusion term. He stated: ""We will first observe that an expression of the form The Early Beginnings: Carnot & Gibbs Work:
 denotes the work obtainable by the formation (by a reversible process) of a body of which ε,η,v,m 1 ,m 2 ,…m n are the energy, entropy, volume, and the quantities of the components, within a medium having the pressure P, the temperature T, and the potentials M 1 ,M 2 ,… M n . (The medium is taken to be so large that its properties are not sensibly altered in any part by the formation of the body.)"" Equation 4 (n.54 in Gibbs' work), is in exact correspondence with the present definition of exergy, equation 1 above. Tait (1868), and Lord Kelvin as well, had also defined in his lectures something similar to Gibbs availability, but offered no extended discussion of the concept. Also  in  in Germany elaborated on Gibbs' ""availability""."
"A Comparison of the Exergy Efficiencies of Various Heat-Integrated Distillation Columns","https://scispace.com/paper/a-comparison-of-the-exergy-efficiencies-of-various-heat-25fdu1qk","2022","Journal Article","Energies","Areej Javed
Afaq Hassan
Muhammad Babar
Umair Azhar
Asim Riaz
Rana Mujahid
Tausif Ahmad
Muhammad Mubashir
Hooi Ren Lim
Pau Loke Show
Kuan Shiong Khoo","10.3390/en15186498","https://scispace.com/pdf/a-comparison-of-the-exergy-efficiencies-of-various-heat-25fdu1qk.pdf","Distillation has relatively low thermodynamic efficiency, so it is a prime target for process intensification studies. The current research aims to study exergy losses in various heat-integrated distillation columns. A conventional industrial-scale i-butane/n-butane fractionator has been selected as a case study for the comparison of the performances of various heat-integrated designs. The Aspen Plus® process simulator is used to perform steady-state simulations and exergy analyses of the conventional distillation column (CDC), internally heat-integrated distillation column (iHIDiC), externally heat-integrated double distillation columns (EHIDDiC), and vapor recompression (VRC) systems. The results of these exergy analyses show that a modified VRC system (ηE = 10.69%) is the most efficient design for this separation. The exergy efficiency of the conventional VRC system is the same as that of the CDC (ηE = 9.27%). The EHIDDiC system (ηE = 9.77%) is somewhat better than the CDC, whereas iHIDiC shows poor exergy efficiency (ηE = 8.09%), even lower than the CDC.","Hassan, A., Babar, M., Azhar, U., Riaz, A., Mujahid, R., Ahmad, T., Mubashir, M., Lim, H.R., exergy, heat integrated distillation column, simulation Introduction:
 In the chemical and petrochemical industries, distillation is the primary method of fluid separation and purification. However, the relatively low thermodynamic efficiency (5-20%)  of conventional distillation columns (CDC) makes them highly energyintensive. Distillation accounts for 40-50% of the total plant operating cost in most refining and chemical processes . A small improvement in the thermodynamic efficiency of distillation columns can, therefore, make a large difference in the overall process efficiency and profitability. Introduction:
 The exergy, or availability, of a system is defined as the maximum amount of work that can be extracted from it in a particular state and environment while still maintaining chemical, mechanical, and thermal equilibrium with that state and environment . In other words, the exergy of a system is a measure of the disequilibrium between its current state and the environment. If a system is in complete thermodynamic equilibrium with its surroundings, it is said to have entered a ""dead state"". Dead state temperature and pressure are used as reference conditions for exergy analysis . The exergy is conceptually Energies 2022, 15, 6498 2 of 15 different from Gibbs free energy, which requires the process to be isothermal and isobaric and, hence, involves no interaction with the environment . Introduction:
 Physical, chemical, kinetic, and potential exergy all contribute to a system's total exergy. In most cases, the exergy terms associated with kinetic and potential energy are negligible . In order to get from the system's current state (T, P) to the ideal state (T0, P0), the maximum amount of useful work that can be extracted from the system is called the physical exergy. To compensate for the discrepancy between the system's actual composition and the environment's composition, the chemical exergy is the maximum amount of useful work achieved in achieving chemical equilibrium. Introduction:
 Irreversibilities in a process, as stated by the second law of thermodynamics, result in an overall increase in entropy and a decrease in energy quality. In this way, exergy analysis  evaluates the energy efficiency of the process and allows for the identification of the sources of irreversibility by providing a measure of both the quantity and quality of energy available in the process . An increase in available energy results from a decrease in exergy destruction, which in turn increases the efficiency of the process as a whole."
"Exergy efficient building design","https://scispace.com/paper/exergy-efficient-building-design-1kzv7qniwt","2008","","","P. Sakulpipatsin","","https://scispace.com/pdf/exergy-efficient-building-design-1kzv7qniwt.pdf","","Gouy-Stodola relation expresses that the amount of exergy loss per second is proportional to the amount of entropy generated per second, and that the proportionality constant is T 0 , the temperature of the reference environment. loss 0 gen Ex T S ( 8 ):
 Entropy generation occurs as a consequence of the finite temperature difference between the hot air stream and the cold air stream needed to realize the transfer of thermal energy from the hot air stream to the cold air stream. This loss is due to the temperature difference between the hot air stream and cold air stream at each point in the heat exchanger, operated in a steady state, T h -T c .  Consider that, at a certain point in the hot air stream, the temperature is T h and that a small amount of thermal energy per second Q is transferred from this point to the nearby cold air stream at temperature T c . As a consequence of this process a small amount of entropy gen dS is generated, as shown in equation 9.  gen ch Ex T S ( 8 ):
 The exergy loss per second in the process of the transfer of a small amount of thermal energy per second can be found by multiplying equation 9 with T 0 . The result is given in equation 10. Ex T S ( 8 ):
 The amount of thermal energy transferred per second is shown in equation 11. Ex T S ( 8 ):
 In this expression U is the overall heat transfer coefficient, dA is the small area through which the thermal energy is transferred from the hot air stream to the cold air stream, and T h -T c is the temperature difference at the point considered in the heat exchanger, often called the driving force for heat exchange. Including this expression in the expression for the amount of exergy loss in equation 10 gives the expression in equation 12 . Ex T S ( 8 ):
 From this expression it is clear that the exergy loss depends quadratically on the driving force for heat exchange and that the smaller both T h and T c are the larger the exergy loss is. For a given exergy loss, if T h -T c is decreased then dA must be increased in such a way that the same amount of thermal energy Q can still be transferred. In the limiting case T h = T c there is no exergy loss but no thermal energy transfer either. In order to minimise exergy losses, there will be a thermo-economic optimum for which the total heat transfer area of the heat exchanger and a mean temperature difference are determined. In general, counter-flow heat exchange entails smaller and more constant temperature differences T h -T c than parallel-flow heat exchange. Hence, counter-flow heat exchange will give the possibility to realize smaller exergy losses, especially when the total heat capacities of both air streams are the same. This is the reason why only counter-flow heat exchange will be considered in this paper, in particular the case of the total heat capacities of both streams are the same. Universal exergy efficiency:
 The universal exergy efficiency is defined by  as a ratio between the gross exergy output and the gross exergy input, as in equation 13. Universal exergy efficiency:
 c,out h,out u,I c,in h,in Functional exergy efficiency and exergy consumption behaviour:
 This definition can be useful when sources and products cannot be clearly defined, e.g. in the case of complex systems consisting of several processes."
"A Generalized Statement of Highest-Entropy Principle for Stable Equilibrium and Non-Equilibrium in Many-Particle Systems","https://scispace.com/paper/a-generalized-statement-of-highest-entropy-principle-for-71cbvfpuj0","2016","Journal Article","Journal of Modern Physics","Pierfrancesco Palazzo","10.4236/JMP.2016.73035","https://scispace.com/pdf/a-generalized-statement-of-highest-entropy-principle-for-71cbvfpuj0.pdf","Among all statements of Second Law, the existence and uniqueness of stable equilibrium, for each given value of energy content and composition of constituents of any system, have been adopted to define thermodynamic entropy by means of the impossibility of Perpetual Motion Machine of the Second Kind (PMM2) which is a consequence of the Second Law. Equality of temperature, chemical potential and pressure in many-particle systems are proved to be necessary conditions for the stable equilibrium. The proofs assume the stable equilibrium and derive, by means of the Highest-Entropy Principle, equality of temperature, chemical potential and pressure as a consequence. A first novelty of the present research is to demonstrate that equality is also a sufficient condition, in addition to necessity, for stable equilibrium implying that stable equilibrium is a condition also necessary, in addition to sufficiency, for equality of temperature potential and pressure addressed to as generalized potential. The second novelty is that the proof of sufficiency of equality, or necessity of stable equilibrium, is achieved by means of a generalization of entropy property, derived from a generalized definition of exergy, both being state and additive properties accounting for heat, mass and work interactions of the system underpinning the definition of Highest-Generalized-Entropy Principle adopted in the proof.","whereas the thermodynamic work consists of the expansion work done by the internal system behaving as a compressible fluid, such as a vapor (steam) or a gas interacting with the expander of a gas turbine or with a cylinder-piston device. Generalized Entropy Derived from Generalized Exergy:
 The definition of exergy is characterized by the property of additivity because it is defined with respect to an internal subsystem of the whole system , or to an external reference system behaving as a reservoir . The definition of a generalized reservoir, characterized by constant temperature, constant chemical potential and constant pressure, implies the property of additivity of the components, thermal, chemical and mechanical, constituting the generalized exergy so that the sum of all contributions can be expressed as follows: EX EX T T P P EX T T EX EX P P:
 Generalized exergy can be regarded as the sum of generalized physical exergy, resulting from the sum of P. Palazzo thermal exergy and mechanical exergy , and generalized chemical exergy, resulting from the sum of chemical exergy and mechanical exergy . An expression of the first one can be provided through two different procedures based on non-cyclic processes  and on cyclic processes, in particular the Carnot and Joule cycles . EX EX T T P P EX T T EX EX P P:
 Likewise, the additivity of the entropy property is proved considering the additivity of energy and generalized exergy from which it is defined. On the basis of the additivity of the entropy property, the generalized entropy results as the sum of entropy contributions, each derived from the corresponding exergy contribution, related to the generalized potential constituted by the set of temperature, chemical potential and pressure ( ) EX EX T T P P EX T T EX EX P P:
 TP µ of the system. Therefore, generalized entropy G S can be expressed as follows: EX EX T T P P EX T T EX EX P P:
 Generalized entropy is derivable from generalized exergy for any state of the system, equilibrium or nonequilibrium with respect to generalized reservoir having auxiliary function only. For this reason, as the method expressed in Equation ( ) is adopted, it depends on the properties of both system, namely system's generalized potential ( ) TP µ:
 and reservoir's generalized potential ( ) TP µ:
 . This condition implies equality of temperature, potential and pressure between system and reservoir which become a set of necessary conditions for the stable equilibrium state of the system-reservoir composite. The generalized entropy can be defined as an extensive and additive property resulting from the sum of entropy contributions (reversibility) and generations (irreversibility) associated to each kind of energy content (thermal, chemical, mechanical) transferred between two subsystems of a whole system by means of the related heat, mass or work interaction respectively. Although entropy property depends on temperature, potential and pressure (or generalized potential) by virtue of the Stable-Equilibrium-State Principle, its contributions are related to, and dependent on, each one of the specific interaction constituting the transfer of each specific energy namely thermal energy, chemical energy and pressure energy. The physical meaning of generalized entropy is that each form of energy is characterized by its own specific form of entropy property expressing the contribution or generation associated to energy transfer and respective heat, mass or work interaction. TP µ:
 Going back to Pfaff theorem demonstrated for each one of entropy components, Q δ or W δ"
"Crítica del concepto de exergía","https://scispace.com/paper/critica-del-concepto-de-exergia-2qh63k1pnp","2015","Journal Article","Ingeniería","René Alejandro Mora Casal","10.15517/RI.V25I1.14926","https://scispace.com/pdf/critica-del-concepto-de-exergia-2qh63k1pnp.pdf","La exergia es un concepto que, desde su invencion hace sesenta anos, ha ido ganando popularidad y extendiendose mas alla de las aplicaciones de Ingenieria.  Sin embargo, un estudio a profundidad del concepto revela la existencia de problemas e inconsistencias, tanto de tipo teorico como de aplicacion.  En este articulo se discuten seis problemas identificados: notacion ambigua, estados de referencia ambiguos, aplicabilidad a procesos reales, redundancia con respecto a otras propiedades termodinamicas, inconstencia entre los conceptos de exergia y de trabajo perdido, y la aplicabilidad de los resultados del analisis exergetico.  Se proponen posibles caminos de solucion para estos problemas, siendo el quinto el de mas dificil solucion porque requiere redefinir que es la exergia.","donde ya se han alcanzado avances importantes . Es opinión de este autor que eventualmente se llegará a un consenso en cuanto a la definición del estado de referencia y al manejo de las variaciones locales y estacionales. DIsCUsIÓN y CONClUsIONes:
 Es problema de la reversibilidad, no es solamente una limitación del análisis exergético, sino del análisis en general, y por tanto es de difícil solución. Existe una termodinámica de procesos irreversibles que se ha tratado de aplicar al análisis exergético; sin embargo, persiste la limitación de que los procesos deben cumplir el principio del equilibrio local, lo cual no se cumple en la mayoría de los procesos industriales, biológicos y ecológicos . Esta área constituye un campo de investigación activo y en el que se han dado avances recientes (ej. . Para el cálculo de las irreversibilidades se seguirá dependiendo de la información acumulada sobre eficiencias de equipos y procesos, coeficientes fenomenológicos y otros datos, así como de la experiencia y el buen juicio del profesional. DIsCUsIÓN y CONClUsIONes:
 La redundancia del concepto de la exergía no es necesariamente un problema, ya que a nivel de la Termodinámica se han definido muchos conceptos y variables, debido a necesidades que no eran cubiertas por los conceptos anteriores. La justificación para definir y utilizar el concepto de exergía podría considerarse de orden práctico. Por la misma razón, resulta optativo para el profesional utilizar el análisis exergético o bien el análisis termodinámico convencional, y así sucede en la práctica en donde se combinan ambos. DIsCUsIÓN y CONClUsIONes:
 El problema de la inconsistencia al tratar de relacionar la exergía con el trabajo perdido −a través de la Ecuación 10− resulta ser principalmente un problema de ambigüedad de la notación, al escribir unos autores E en lugar de ∆E, por lo que este punto se puede considerar resuelto en este trabajo. En cambio, para resolver la inconsistencia que presenta la definición de exergía, se requiere revisar el desarrollo teórico y conceptual del análisis exergético, con el fin de que dicha definición sea totalmente rigurosa y general, que cumpla con la Ecuación 8 y que no se limite a hacer referencia a un trabajo máximo o trabajo obtenible."
"Thermal irreversibility demystified","https://scispace.com/paper/thermal-irreversibility-demystified-rxjfcsec","2022","Journal Article","International Journal of Numerical Methods for Heat & Fluid Flow","Rajesh S. Ransing","10.1108/hff-02-2022-0079","https://scispace.com/pdf/thermal-irreversibility-demystified-rxjfcsec.pdf","
Purpose
This study aims to understand the difference between irreversibility in heat and work transfer processes. It also aims to explain that Helmholtz or Gibbs energy does not represent “free” energy but is a measure of loss of Carnot (reversible) work opportunity.


Design/methodology/approach
The entropy of mass is described as the net temperature-standardised heat transfer to mass under ideal conditions measured from a datum value. An expression for the “irreversibility” is derived in terms of work loss (Wloss) in a work transfer process, unaccounted heat dissipation (Qloss) in a heat transfer process and loss of net Carnot work (CWnet) opportunity resulting from spontaneous heat transfer across a finite temperature difference during the process. The thermal irreversibility is attributed to not exploiting the capability for extracting work by interposing a combination of Carnot engine(s) and/or Carnot heat pump(s) that exchanges heat with the surrounding and operates across the finite temperature difference.


Findings
It is shown, with an example, how the contribution of thermal irreversibility, in estimating reversible input work, amounts to a loss of an opportunity to generate the net work output. The opportunity is created by exchanging heat with surroundings whilst transferring the same amount of heat across finite temperature difference. An entropy change is determined with a numerical simulation, including calculation of local entropy generation values, and results are compared with estimates based on an analytical expression.


Originality/value
A new interpretation of entropy combined with an enhanced mental image of a combination of Carnot engine(s) and/or Carnot heat pump(s) is used to quantify thermal irreversibility.
","the net Carnot (reversible) work opportunity. The effect of thermal irreversibility does not appear in the first law of thermodynamics, or the conservation of energy principle, as it represents a loss of work opportunity rather than loss of work. Introduction:
 Bejan has undoubtedly pioneered the research on quantifying irreversibility in heat and flow problems since seventies and has been one of the main advocates of using the minimisation of the entropy generation principle . The mathematical equations proposed are rigourous and widely accepted. Using the TdS relationships and the second law of thermodynamics expression, Bejan categorised the work lost due to irreversibility in heat and fluid flows into two parts: the first part is the energy lost due to fluid friction (viscous effect) and the second part is the energy loss due to thermal irreversibility. In addition to thermal and fluid friction irreversibility,  used terms associated with Joule dissipation and diffusive irreversibility.  used non-dimensional form of entropy generation term to model the effect of heat source location on heat transfer.  used the Bejan number to compare the effect of fluid friction and heat transfer irreversibility on the natural convection of nanfluid flow in a wavy cavity. Several authors , ,  and ) have studied the effect of magnetic and electromagnetic field parameter as well as radiation parameter on irreversibility for flow of nano-fluids through porous media. Authors non-dimensionalised the entropy generation term with a characteristic entropy generation rate.  used the heat transfer and fluid friction contributions of the entropy generation term to study the effect of container curved and straight walled shapes on thermal performance or efficiency of convection process. At low Reynolds number (~1000) the effect of thermal irreversibility was dominant in comparison to fluid friction irreversibility. It is relatively easy to visualise how fluid flow losses can be reduced by minimising fluid friction irreversibility. Identifying methods to minimise the thermal irreversibility component of the entropy generation term is more challenging particularly when the heat flows across a finite temperature difference without any work conversion (simple heating or cooling process). Introduction:
 Subject to the following condition, ∆T << T i.e. (1 + ∆𝑇 𝑇 ) ≈ 1, the entropy generation rate for the thermal irreversibility part is shown equal to 𝐤(𝛁𝑻) 2 𝑇 2 .  derived an expression for the dimensionless entropy generation rate, (1) This expression holds irrespective whether the condition ∆T << T is satisfied or not. T is the absolute temperature value of mass in a control volume at a given spatial location and temporal instance.  reviewed various approaches to second law analysis of one dimensional heat transfer problems including the approach given by  and .   . This dot product cancelled the temperature value that represented the temperature level and simplified the entransy dissipation minimisation problem as minimisation of the square of temperature gradients. The results were shown different to the ones obtained from the traditionally used entropy generation minimisation method and has been claimed as more appropriate for optimization of the heat transfer process . Introduction:
 Whether the cancellation of the temperature value that represents the temperature level at which the heat transfer has occurred from degrades or enriches information content of thermal irreversibility is explored in this paper."
"ANÁLISE EXERGÉTICA DE UM SISTEMA DE REFRIGERAÇÃO POR ABSORÇÃO DE SIMPLES EFEITO OPERANDO COM O PAR LiBr/H2O","https://scispace.com/paper/analise-exergetica-de-um-sistema-de-refrigeracao-por-rjz9csi22g","2010","Journal Article","Holos","Igor Marcel Gomes Almeida
Cleiton Rubens Formiga Barbosa
Francisco de Assis Oliveira Fontes","10.15628/HOLOS.2010.325","https://scispace.com/pdf/analise-exergetica-de-um-sistema-de-refrigeracao-por-rjz9csi22g.pdf","A segunda lei da termodinâmica trata da qualidade da energia. Mais especificamente, trata da degradacao de energia durante um processo, a geracao de entropia, e as perdas de oportunidade da realizacao de trabalho, o que oferece muita margem para melhorias. O objetivo deste trabalho e identificar os principais fatores que afetam o desempenho de um sistema de refrigeracao por absorcao de simples efeito (chiller) que utiliza o par agua/brometo de litio como fluidos refrigerantes e tem como fonte termica rejeitos provenientes de um grupo motor/gerador eletrico, constituinte de uma planta de cogeracao. O sistema tem capacidade de refrigeracao entre 4 a 16 TR. A analise exergetica foi realizada de modo que a eficacia dos componentes do sistema pode ser estimada e classificada, permitindo direcionar os esforcos no sentido de melhorar e identificar os principais pontos de perda de eficiencia no ciclo. As analises revelaram que o gerador e o absorvedor apresentam as maiores fontes de perdas no sistema e os esforcos devem ser direcionados de modo a aprimorar o desempenho destes componentes.","energia. Todos os processos reais são irreversíveis, devido a alguns fatores, como: ANÁLISE TERMODINÂMICA: -Atrito fluido, dissipando trabalho na forma de calor; ANÁLISE TERMODINÂMICA:
 -Transferência de calor de um corpo a alta temperatura para um corpo a baixa temperatura; ANÁLISE TERMODINÂMICA:
 -Expansão e perda de pressão em processos adiabáticos; EXERGIA:
 É definida como a máxima quantidade de trabalho reversível que pode ser obtida por um fluido, e é dada pela equação 1. EXERGIA:
 Os termos h 0 e s 0 representam a entalpia e entropia do fluido a uma condição de referência, adotou-se a temperatura ambiente de 25ºC e pressão de 101,3 kPa. A variação de exergia (perda de exergia) é expressa por EXERGIA:
 Os dois primeiros termos são os somatórios (balanços) de exergia nas entradas e saídas dos componentes do sistema de refrigeração. O terceiro termo é a exergia do calor Q que é transferido a uma temperatura constante T. A exergia do calor é igual ao trabalho obtido por um motor de Carnot operando entre T e T 0. . O último termo é o trabalho mecânico transferido para o sistema ou pelo sistema. BALANÇO DE ENERGIA E EXERGIA NOS COMPONENTES:
 Para cada componente do sistema de absorção mostrado na figura 2, os balanços de energia e exergia são apresentados abaixo. Considera-se que o calor Q con é rejeitado para a água de resfriamento a uma temperatura constante T con . A irreversibilidade que ocorre durante a troca de calor é mensurada pela diferença entre a exergia do fluxo de calor Q con e a variação de exergia na água de resfriamento: BALANÇO DE ENERGIA E EXERGIA NOS COMPONENTES:
 A irreversibilidade interna é definida como a diferença entre a variação de exergia do fluido de trabalho (refrigerante ou solução) e a exergia do fluxo de calor Q con : BALANÇO DE ENERGIA E EXERGIA NOS COMPONENTES:
 Para os demais componentes, os balanços de energia e exergia são obtidos de forma similar, as equações são demonstradas abaixo."
"Uma contribuição do sistema energético do petróleo à mitigação das mudanças climáticas: recuperação secundária especial de óleo com estocagem geológica de CO2 no reservatório","https://scispace.com/paper/uma-contribuicao-do-sistema-energetico-do-petroleo-a-3ua7s9v378","2015","Dissertation","","José Maria Alves Godoi","10.11606/T.106.2016.TDE-01022016-231133","https://scispace.com/pdf/uma-contribuicao-do-sistema-energetico-do-petroleo-a-3ua7s9v378.pdf","GODOI, J. M. A. A contribution of the petroleum energy system to climate change mitigation: enhanced oil recovery with geological CO2 storage in the reservoir. 2015. 220 p. Doctor’s Thesis – Graduate Program on Energy, Universidade de São Paulo, São Paulo, 2015. The intense using of fossil fuels on worldwide scale, with their massive greenhouse gas (GHG) emissions, makes energy the greatest anthropogenic cause of climate change. Petroleum is and will remain, in the long term, the most used energy source and the second greatest emitter of GHG of the world. With the goal of mitigating climate changes, three major worldwide strategies are being applied: energy efficiency, increase using of renewable sources and carbon capture and storage (CCS). Recent studies show that, by enhanced oil recovery (EOR), with miscible injection of CO2 (miscible CO2-EOR), it is possible to store geologically up to 320 Gt of CO2, producing, at the same time, a trillion of additional oil barrels, globally. CO2-EOR, already used for 40 years in order to increase oil recovery, has also becomes the CCS method with the greatest global potential of geological carbon storage. This work aims to investigate the contribution of the petroleum energy system to mitigate climate change, with a greater efficiency in its recovery (optimizing the utilization of energy deposits available in the biosphere) at the same time that it allows the capture and geological storage of CO2 in the reservoir. EOR-CO2 is an effective means for carbon storage. With its capability to store 85 Mt of CO2 per year, it is already responsible for 58% of all carbon geosequestration in the world. In the Americas, reaches 91 %. EOR-CO2 increases oil production, in the order of hundreds billions barrels, and transforms the oil energy system in a carbon sink with a new and important role in climate change mitigation.","trata de conversões mais amplas, envolvendo outros tipos de energia como o calor e se referindo a qualquer alteração sobre um determinado sistema, desde que remova este das condições iniciais em que se encontrava. 𝑑𝐺 = 𝑇𝑑𝑆 − 𝑃𝑑𝑉 − 𝑇𝑑𝑆 − 𝑆𝑑𝑇 + 𝑃𝑑𝑉 + 𝑉𝑑𝑃:
 Diante das sabidas dificuldades em se definir energia,  cita a definição proposta por Maxwell, em 1872: ""energia é aquilo que permite uma mudança na configuração de um sistema em oposição a uma força que resiste a essa mudança"". Esta é uma concepção ampla, que excede a de realização de trabalho, e pertinente à termodinâmica.  (Eq. 2.3-24) 𝑑𝐺 = 𝑇𝑑𝑆 − 𝑃𝑑𝑉 − 𝑇𝑑𝑆 − 𝑆𝑑𝑇 + 𝑃𝑑𝑉 + 𝑉𝑑𝑃:
 Portanto, considerando a existência de misturas, as Eq. 2.3-24 e Eq. 2.3-25 são associadas ao potencial termodinâmico, ou seja, à energia primária natural do reservatório. É esse potencial que produz a ""pulsação"" dos reservatórios de petróleo (óleo convencional), com a expulsão do óleo, por efeito da descompressão do sistema delimitado pelo volume de controle acima mencionado. Como indicado em excertos anteriores deste texto, a sua intensidade e o seu desempenho influenciam diretamente o FR. 𝑑𝐺 = 𝑇𝑑𝑆 − 𝑃𝑑𝑉 − 𝑇𝑑𝑆 − 𝑆𝑑𝑇 + 𝑃𝑑𝑉 + 𝑉𝑑𝑃:
 Aclarando essa evidência, ainda que não fazendo parte do objetivo deste trabalho, menciona-se que dentre os mecanismos conhecidos para extração de petróleo está, por exemplo, o de gás em solução. Conforme , este é o que apresenta potencial termodinâmico de mais rápida depleção, reduzindo o intervalo de tempo necessário para aplicação de energia secundária, antropogênica, indispensável para a elevação do óleo e continuidade da sua extração, eventual adoção de processos de recuperação secundária, ou abandono da formação."
"A New Step in the Optimization of the Chambadal Model of the Carnot Engine","https://scispace.com/paper/a-new-step-in-the-optimization-of-the-chambadal-model-of-the-10owyjlx","2022","Journal Article","Entropy","Michel Feidt
Monica Costea","10.3390/e24010084","https://scispace.com/pdf/a-new-step-in-the-optimization-of-the-chambadal-model-of-the-10owyjlx.pdf","This paper presents a new step in the optimization of the Chambadal model of the Carnot engine. It allows a sequential optimization of a model with internal irreversibilities. The optimization is performed successively with respect to various objectives (e.g., energy, efficiency, or power when introducing the duration of the cycle). New complementary results are reported, generalizing those recently published in the literature. In addition, the new concept of entropy production action is proposed. This concept induces new optimums concerning energy and power in the presence of internal irreversibilities inversely proportional to the cycle or transformation durations. This promising approach is related to applications but also to fundamental aspects.","recently published paper . Discussion: Whatever variable is chosen for the modified Chambadal model work optimization (T H or ∆S), the same optimum for the work per cycle is obtained with parameters G H , T HS , and T 0 . Discussion:
 It appears that by introducing the duration of each transformation τ i and the period of the cycle τ, the modified Chambadal model satisfies the Gouy-Stodola theorem. At the minimum of entropy production, the optimal durations are dependent on the transformation entropy actions. This result is new to our knowledge. This new concept  allows a new subsequent sequential optimization. The optimal allocation of the entropy action coefficients is slightly different from the equipartition (a new form of the equipartition theorem ). Discussion:
 Thus, the fundamental aspect related to irreversibilities through the new concept of entropy production action seems promising. Furthermore, this new concept could contribute to the improvement of the global system analysis by conducting optimal dimension allocation. In this respect, finite physical dimensions analysis could be a complementary way to correlate with exergy analysis. Discussion:
 Further extensions of this work are foreseen in the near future. Conclusions:
 Similarities and differences present in the literature regarding the optimization of energy, first law efficiency, and power of the modified Chambadal engine have been resituated and summarized since the publication of . Conclusions:
 This approach allows for highlighting the evolution of the obtained results from the reversible Carnot engine case (thermostatics) to the endo-irreversible models related to the approaches of Novikov  and Ibrahim et al.  or to the entropy production method that we promote. Conclusions:
 By generalizing a proposal from Esposito et al.  and defining the new concept of entropic action through a coefficient C I (Js/K) for the entropy production of transformations all along the cycle, we achieved a new form of power optimization different from the one of Curzon and Ahlborn, since the internal converter irreversibilities and the heat transfer irreversibility between the heat source and converter were accounted for. Conclusions:
 The maximum work per cycle was obtained for the irreversible cycle case. It depended on the entropic action coefficient of the four transformations of the cycle C Ii , after which the power of the engine was sequentially optimized. Conclusions:
 An optimal period of the cycle τ* appeared, corresponding to the maximum mean power of the cycle. It generalized the recent published results  for a modified Chambadal engine. Conclusions:
 This research continues to be developed by our team to obtain more general results."
"Thermodynamics, Exergy, and Energy Efficiency in Desalination Systems","https://scispace.com/paper/thermodynamics-exergy-and-energy-efficiency-in-desalination-42rm2w8gjq","2017","Book Chapter","","John H. Lienhard
Karan H. Mistry
Mostafa H. Sharqawy
Gregory P. Thiel","10.1016/B978-0-12-809791-5.00004-3","https://scispace.com/pdf/thermodynamics-exergy-and-energy-efficiency-in-desalination-42rm2w8gjq.pdf","Desalination is the thermodynamic process of separating fresh water from water that contains dissolved salts. This chapter introduces the concepts and methods required for thermodynamic analysis of desalination systems. Thermodynamic laws are summarized along with the chemical thermodynamics of electrolytes. Exergy analysis is introduced. The work and heat of separation are defined, and the roles of entropy generation and exergy destruction are identified. Important sources of entropy generation are discussed. Examples are given for the application of these methods to several representative desalination systems.","without phase ange: Based on Eqs. (4.104) and (4.107), for an incompressible fluid, entropy generation is determined by the pressure difference, whereas for an ideal gas, it is determined by the pressure ratio. Pumping and compressing:
 Application of the First and Second Laws to a pump (or compressor) control volume yields Eqs. (4.100a) and (4.100b). For pumping and compressing, the isentropic efficiency, η p , is defined as: Pumping and compressing:
 For entropy generation in pumping, assume that the liquid can be modeled as an incompressible fluid. Equation (4.94b) shows that for an isentropic expansion from p 1 to p 2 , T s 2 = T 1 . Combining this result with Eqs. (4.94a), (4.100a), and (4.108) and solving for T 2 gives Pumping and compressing:
 The entropy generated due to irreversible pumping can also be derived by noticing that the difference between the actual work and the reversible work is simply the exergy destruction. Since irreversibilities during the compression process of an incompressible fluid will result in only minor changes in temperature (i.e., T 2 ≈ T 1 ), Pumping and compressing:
 the entropy generation can be determined by dividing the exergy destruction by the inlet temperature in accordance with Gouy-Stodola theorem : Pumping and compressing:
 Note that Eq. (4.111) is simply the Taylor series expansion of the second term of Eq. (4.110). This alternate derivation is only appropriate because the pumping process is nearly isothermal. For entropy generation in vapor compression, assume that both the inlet and outlet vapor can be modeled as an ideal gas that follows the generalized compressibility form. Equation (4.96b) shows that for an isentropic expansion from p 1 to p 2 , Pumping and compressing:
 Combining this result with Eqs. (4.96a), (4.100a), and (4.108) and solving for T 2 gives Pumping and compressing:
 Note that unlike in the incompressible fluid case, Eq. (4.113) cannot be derived through the use of the Gouy-Stodola theorem since the compression of a gas is not an isothermal process. Approximately isobaric heat transfer process:
 Actual heat exchangers always have a pressure drop associated with viscous forces. However, without knowledge of specific flow geometry or the local temperature and pressure fields, it is impossible to partition entropy generation according to particular transport phenomena. For example, Bejan  has shown that for a simple, single-fluid heat exchanger, comparing the trade off between entropy generation due to heat transfer across a finite temperature difference and pressure drop across a finite flow volume yields a thermodynamically optimal heat exchanger geometry. Approximately isobaric heat transfer process:
 In heat exchangers within typical desalination processes, however, the effect of pressure drop on physical properties is insignificant. Thus, entropy generation may be calculated as a function of terminal temperatures alone. For the range of temperatures and flow configurations encountered in the present analysis, this approximation holds for fluids that may be modeled as both ideal gases and incompressible fluids. §4.4"
"Irreversibilities and nonidealities in desalination systems","https://scispace.com/paper/irreversibilities-and-nonidealities-in-desalination-systems-c6b7l6vylk","2013","Dissertation","","Karan H. Mistry","","https://scispace.com/pdf/irreversibilities-and-nonidealities-in-desalination-systems-c6b7l6vylk.pdf","Energy requirements for desalination systems must be
reduced to meet increasing global demand for fresh water. This
thesis identifies thermodynamic limits for the energetic
performance of desalination systems and establishes the importance
of irreversibilities and solution composition to the actual
performance obtained. Least work of separation for a desalination
system is derived and generalized to apply to all chemical
separation processes driven by some combination of work, heat, and
chemical energy (fuel) input. At infinitesimal recovery, least work
reduces to the minimum least work of separation: the true exergetic
value of the product and a useful benchmark for evaluating
energetic efficiency of separation processes. All separation
processes are subject to these energy requirements; several cases
relevant to established and emerging desalination technologies are
considered. The effect of nonidealities in electrolyte solutions on
least work is analyzed through comparing the ideal solution
approximation, Debye-Huckel theory, Pitzer's ionic interaction
model, and Pitzer-Kim's model for mixed electrolytes. Error
introduced by using incorrect property models is quantified. Least
work is a strong function of ionic composition; therefore, standard
property databases should not be used for solutions of different or
unknown composition. Second Law efficiency for chemical separation
processes is defined using the minimum least work and characterizes
energetic efficiency. A methodology is shown for evaluating Second
Law efficiency based on primary energy inputs. Additionally,
entropy generation mechanisms common in desalination processes are
analyzed to illustrate the effect of irreversibility. Formulations
for these mechanisms are applied to six desalination systems and
primary sources of loss are identified. An economics-based Second
Law efficiency is defined by analogy to the energetic parameter.
Because real-world systems are constrained by economic factors, a
performance parameter based on both energetics and economics is
useful. By converting all thermodynamic quantities to economic
quantities, the cost of irreversibilities can be compared to other
economic factors including capital and operating expenses. By
applying these methodologies and results, one can properly
characterize the energetic performance and thermodynamic
irreversibilities of chemical separation processes, make better
decisions during technology selection and design of new systems,
and critically evaluate claimed performance improvements of novel
systems.","T 2 gives Flow through an expansion device without phase change: In the limit of a completely irreversible pressure drop (such as through a throttle) in which no work is generated, η e = 0 and (4.43) reduces to: Flow through an expansion device without phase change:
 For entropy generation in the expansion of an ideal gas, Eq. (4.34) shows that for an isentropic expansion from p 1 to p 2 , Flow through an expansion device without phase change:
 In the limit of a completely irreversible pressure drop (such as through a throttle) in which no work is generated, η e = 0 and Eq. (4.46) reduces to: Flow through an expansion device without phase change:
 Based on Eqs. (4.44) and (4.47), for an incompressible fluid, entropy generation is determined by the pressure difference, whereas for an ideal gas, it is determined by the pressure ratio. Pumping and compressing:
 Application of the First and Second Laws to a pump (or compressor) control volume yields Eqs. (4.39) and (4.40). For pumping and compressing, the isentropic efficiency, η p , is defined as: Pumping and compressing:
 For entropy generation in pumping, assume that the liquid can be modeled as an incompressible fluid. Equation (4.30) shows that for an isentropic expansion from p 1 to p 2 , T Pumping and compressing:
 The entropy generated due to irreversible pumping can also be derived by noticing that the difference between the actual work and the reversible work is simply the exergy destruction. Since irreversibilities during the compression process of an incompressible fluid will result in only minor changes in temperature (i.e., T 2 ≈ T 1 ), the entropy generation can be determined by dividing the exergy destruction by the inlet temperature in accordance with Gouy-Stodola theorem : Pumping and compressing:
 Note that Eq. (4.51) is simply the Taylor series expansion of Eq. (4.50). This alternate derivation is only appropriate since the pumping process is nearly isothermal. Pumping and compressing:
 For entropy generation in compression, assume that both the inlet and outlet vapor can be modeled as an ideal gas that follows the generalized compressibility form. Equation  shows that for an isentropic expansion from p 1 to p 2 , Pumping and compressing:
 Combining this result with Eqs. (4.33), (4.39), and (4.48) and solving for T 2 gives Pumping and compressing:
 Note that unlike in the incompressible fluid case, Eq. (4.53) cannot be derived through the use of the Gouy-Stodola theorem since the compression of a gas is not an isothermal process. Approximately isobaric heat transfer process:
 In actual heat exchangers, there is always a pressure drop associated with viscous forces. However, without knowledge of specific flow geometry or the local temperature and pressure fields, it is impossible to partition entropy generation according to particular transport phenomena. For example, Bejan  has shown that for a simple, singlefluid heat exchanger, comparing the trade off between entropy generation due to heat transfer across a finite temperature difference and pressure drop across a finite flow volume yields an optimum heat exchanger geometry."
"A damage mechanics based approach to structural deterioration and reliability","https://scispace.com/paper/a-damage-mechanics-based-approach-to-structural-4w8rjisrob","1998","Report","","B. Bhattcharya
B. Ellingwood","10.2172/573315","https://scispace.com/pdf/a-damage-mechanics-based-approach-to-structural-4w8rjisrob.pdf","Structural deterioration often occurs without perceptible manifestation. Continuum damage mechanics defines structural damage in terms of the material microstructure, and relates the damage variable to the macroscopic strength or stiffness of the structure. This enables one to predict the state of damage prior to the initiation of a macroscopic flaw, and allows one to estimate residual strength/service life of an existing structure. The accumulation of damage is a dissipative process that is governed by the laws of thermodynamics. Partial differential equations for damage growth in terms of the Helmholtz free energy are derived from fundamental thermodynamical conditions. Closed-form solutions to the equations are obtained under uniaxial loading for ductile deformation damage as a function of plastic strain, for creep damage as a function of time, and for fatigue damage as function of number of cycles. The proposed damage growth model is extended into the stochastic domain by considering fluctuations in the free energy, and closed-form solutions of the resulting stochastic differential equation are obtained in each of the three cases mentioned above. A reliability analysis of a ring-stiffened cylindrical steel shell subjected to corrosion, accidental pressure, and temperature is performed.","obtained. In Chapter 4, assuming isotropic damage and uniaxial loading, these differential equations are solved for different constitutive models, and damage growth laws for ductile deformation, creep and fatigue are developed and compared with published experimental results. Thermodynamically Irreversible Processes:
 A system is said to be in stable thermodynamical equilibrium if it cannot spontaneously undergo a finite change to another state without a finite change in the state of the environment6. A thermodynamic process involves a change in the state of the system. Classical thermodynamics models processes that occur between stable equilibrium states, and is limited to state variables that pertain to stable equilibrium only. A reversible process between two stable states takes place along a succession of quasi-stable states each of which is infinitesimally apart from the next. Hence a reversible process proceeds infinitely slowly. Any process which starts or takes place away from equilibrium or in a finite time is an irreversible process ). An irreversible process can take place in one direction only7 (thereby giving a thermodynamical definition to ""time"") and involves loss of energy. Practically all processes in nature occur within a finite time and exhibit varied degrees of irreversibility. Thermodynamically Irreversible Processes:
 Let us consider a system R defined by the closed' boundary dR (see Fig. .3). Throughout this chapter and the rest of this report, we shall assume that R is in contact with a heat reservoir whose (constant) absolute temperature is 8. Let W be the work done on R, and let U and KE be its internal and kinetic energies respectively. The rata of heat flow into the system from the surrounding reservoir is Q and the increase in the entropy of R occurs at the rate of S. Thermodynamically Irreversible Processes:
 The first law of thermodynamics states that energy can neither be created nor be destroyed: The rate of increase in the kinetic and internal energies of a system equals the rate of the net inflow of heat plus the rate of net work done on the system: Thermodynamically Irreversible Processes:
 where the superscript dot indicates total derivative with respect to time. The second law of thermodynamics states that entropy can be created, but once created it can never be destroyed. The change in entropy of the reservoir due to the flow of heat out of it (at the constant temperature 8) is 28)l:
 The above relation holds whether the flow of heat is reversible or not, since entropy is a state function and the reservoir is large enough to attain the same state irrespective of the nature of the process which solely involves flow of heat. The rate of increase of entropy of the universe (the system and the reservoir in this case) is then the sum of STes and S, which has to be non-negative by the second law of thermodynamics: 28)l:
 The total entropy is preserved (i.e., the change in entropy is zero) only in the case of a, reversible process. The Dissipation Rate:
 The rate of dissipation can be derived in terms of the Helmholtz free energy, Q, which is defined as: lP=u-eBS (3.30:i"
"The Exergy of Crude Oil Mixtures and Petroleum Fractions: Calculation and Application","https://scispace.com/paper/the-exergy-of-crude-oil-mixtures-and-petroleum-fractions-2rjqs0zkny","1999","Journal Article","International Journal of Thermodynamics","Ricardo Rivero
Consuelo Rendon
Leodegario Monroy","10.5541/IJOT.1034000019","https://scispace.com/pdf/the-exergy-of-crude-oil-mixtures-and-petroleum-fractions-2rjqs0zkny.pdf","The methodology used for calculating the physical exergy and the chemical exergy of mixtures of crude oils and their fractions is presented in this paper, using computer programs coupled with the AspenPlus simulation code. First, the procedure for the detailed characterization of a crude oil mixture is described, based on the results of experimental assays. After that, the steps required to determine the reference conditions needed for the calculation of the physical exergy are presented, and the sequence by which these values are retrieved from a simulation run is explained, in order to be used in a fortran computer program. Finally, from the mixture characterization, the procedure for determining the chemical exergy of each component (identified components and pseudo-components) of the mixture is presented, in order to add it to the physical exergy to obtain the total exergy of the mixture stream. The methodology is illustrated with a mixture of Mexican Maya and Isthmus crude oils, and its application to the analysis of a crude oil combined distillation unit is presented in this paper.  This paper was presented at the ECOS’98 Conference in Nancy, June 8-10, 1998","Title: The Exergy of Crude Oil Mixtures and Petroleum Fractions: Calculation and Application * Authors: Ricardo Rivero (Corresponding Author),Consuelo Rendon,Leodegario Monroy,Exergy Group,Instituto Mexicano,Del Petróleo,Mexico City,Mexico Keywords: exergy analysis, crude oil, petroleum fractions, thermodynamic properties"
"Entropy: An Inherent, Non-statistical Property of any System in any State","https://scispace.com/paper/entropy-an-inherent-non-statistical-property-of-any-system-pwr1t4f07g","2006","Journal Article","International Journal of Thermodynamics","Elias P. Gyftopoulos","10.5541/IJOT.1034000174","https://scispace.com/pdf/entropy-an-inherent-non-statistical-property-of-any-system-pwr1t4f07g.pdf","Entropy is the distinguishing and most important concept of our efforts to understand and regularize our observations of a very large class of natural phenomena, and yet, it is one of the most contentious concepts of physics. In this article, we review two expositions of thermodynamics, one without reference to quantum theory, and the other quantum mechanical without probabilities of statistical mechanics. In the first, we show that entropy is an inherent property of any system in any state, and that its analytical expression must conform to eight criteria. In the second, we recognize that quantum thermodynamics: (i) admits quantum probabilities described either by wave functions or by nonstatistical density operators; and (ii) requires a nonlinear equation of motion that is delimited by but more general than the Schrodinger equation, and that accounts for both reversible and irreversible evolutions of the state of the system in time. Both the more general quantum probabilities, and the equation of motion have been defined, and the three laws of thermodynamics are shown to be theorems of this equation. An initial version of this paper was published in July of 2006 in the proceedings of ECOS’06, Aghia Pelagia, Crete, Greece.","the ""known laws"" of physics either directly or statistically because these laws imply that the state of lowest energy is the only stable equilibrium state, whereas the second law avers that such a state exists for each set of values E, n, V. Foundations:
 Among the many rigorously proven theorems of the two laws, one is established as follows. Upon defining a reservoir in terms of concepts that have already been introduced , we investigate the optimum amount of energy that can be exchanged between a weight and a composite of system A and reservoir R -the optimum mechanical effect. We call this optimum value generalized available energy and denote it by , and show that it is additive, and a generalization of the motive power of fire introduced by Carnot. It is a generalization because Carnot assumed that A is also a reservoir, and we do not. Foundations:
 R Ω For an adiabatic process of system A only, we show that the changes of energy E 1 -E 2 of A and of the generalized available energy of the composite of A and R satisfy the relations: Foundations:
 if the process is irreversible. A process is reversible if both the system and its environment can be restored to their respective initial states. A process is irreversible if the restoration just cited is impossible. Foundations:
 The two properties E and determine a property of A only, which is called the entropy and is denoted by S. For state A R Ω 1 , S 1 is evaluated by means of any reservoir R, a reference state A 0 , and the expression ( ) ( ) Foundations:
 where c R is a well defined positive constant that depends only on the reservoir. The entropy S is shown to be independent of the reservoir, that is, S is an inherent property of A only. It is also shown that S can be assigned absolute values that are non-negative, and that vanish for all the states encountered in mechanics. Moreover, and perhaps more importantly, by virtue of equations ( ) and (2), entropy remains invariant in any reversible adiabatic process of A, and increases in any irreversible adiabatic process of A. These conclusions are valid also for spontaneous processes, and for zero-net-effect interactions. Foundations:
 The dimensions of S depend on the dimensions of both energy and c R . In due course we show that the dimensions of c R are independent of mechanical dimensions, and are the same as those of temperature . Foundations:
 Other rigorously proven theorems are: (i) in the course of interactions that change the state of a system A from A 1 to A 2 , the difference S 2 -S 1 must equal the entropy exchanged with systems interacting with A plus a nonnegative amount generated spontaneously within A; the latter amount is called entropy generated by irreversibility; (ii) the minimum value of entropy is zero; (iii) if a system is in a stable equilibrium state, then and only then the entropy is an analytic function of the form ( ) Foundations:
 , and the concepts of temperature T, total potentials i µ for i = 1, 2, …r, and pressure p are defined in terms of partial derivatives of ( )"