"Paper Title","Paper Link","Publication Year","Publication Type","Publication Title","Author Names","DOI","PDF Link","Abstract","Relevant Excerpt"
"Comprehensive two-dimensional gas chromatography coupled to time of flight mass spectrometry: new biomarker parameter proposition for the characterization of biodegraded oil","https://scispace.com/paper/comprehensive-two-dimensional-gas-chromatography-coupled-to-3n7az1sc77","2013","Journal Article","Journal of the Brazilian Chemical Society","Renata F. Soares
Ricardo Pereira
Raphael S. F. Silva
Leonardo Mogollon
Débora A. Azevedo","10.5935/0103-5053.20130198","https://scispace.com/pdf/comprehensive-two-dimensional-gas-chromatography-coupled-to-3n7az1sc77.pdf","Comprehensive two-dimensional gas chromatography with time of flight mass spectrometry (GC×GC-TOFMS) is an appropriate technique for the elucidation of molecular composition of petrochemical samples, such as biodegraded oils. Biomarkers were separated and identified, and conventional biomarker ratios were determined via gas chromatography-mass spectrometry (GC-MS) and GC×GC-TOFMS. In the extracted ion chromatogram m/z 123 + 177 + 191, coelutions between tricyclic terpanes, hopanes and 25-nor-hopanes with secohopanes were resolved by GC×GC-TOFMS. GC×GC-TOFMS allowed the identification of complete series of 25-nor-hopanes, nor-gammacerane, C29 28-nor-spergulanes and oleanane not identified by using GC-MS. The biomarker ratios from the studied oils indicated that they derived from marine source rock deposited under anoxic conditions. The higher chromatographic resolution and sensitivity achieved by using GC×GC-TOFMS allowed for three new parameters to characterize biodegraded oils. These results indicated the superiority of GC×GC-TOFMS for separation and identification of individual and non-target compounds in severely biodegraded oils.","biodegradation: Oil #1 > Oil #2 > Oil #3 > Oil #4. This demonstrates the same trend as the 25-NH/H30 ratio exhibited between the samples, which is the parameter usually employed for characterization of biodegraded oils. Biodegradation:
 The relation graphic between 25-NH/H30 with 25,30-BNH/H30, 25,28-BNH/H30 and SH30/H30 ratios, showed good correlation (R 2 greater than 0.9) between 25-NH/H30 with 25,30-BNH/H30, 25-NH/H30 with 25,28-BNH/H30, and 25-NH/H30 with SH30/H30 ratios, which can be observed across the correlation coefficient of 0.993, 0.9978 and 0.9201 respectively, as shown in Figure  in the SI section. According to the results obtained in this work, three new promising parameters may be proposed, but further investigation based on a larger number of severely biodegraded oils is required in order to verify and finally include them as biodegradation parameters. After the confirmation, the compounds 25,28-BNH, 25,30-BNH and SH30, and consequently the three new promising parameters on which they are based, 25,28-BNH/H30, 25,30-BNH/H30 and SH30/H30, should be routinely employed in future investigation, mainly for severely biodegraded oils. Thus, the potential of GC×GC-TOFMS to provide new biodegradation parameters is demonstrated in these results. Biodegradation:
 Origin and maturation ratios, as Hop/St, H30/C 27 ααα, Ts/Tm, Ts/(Ts + Tm), H32 S/(S + R), C 29 ααα S/(S + R) and C 29 ββ/(αα + ββ), did not vary significantly for these four samples using both GC-MS and GC×GC-TOFMS. However, for the biodegradation parameters as SH30a/H30 and 25,30-BNH/H30, this was not completely true. A significant change was observed, clearly showing the biodegradation effect, as presented in Table . Therefore, the SH30a/H30, 25,28,30-TNH and 25,30-BNH/H30 ratios may also be applied routinely, beside the commonly used 25-NH/H30, 25,28,30-BNH/H30. Conclusion:
 The oils from Colombia under investigation showed complete series of 25-nor-hopanes, some demethylated tricyclic terpanes, nor-gammacerane, C 29 28-nor-spergulanes, 25,30-BNH, 25,28-BNH, 25,28,30-TNH and 8,14-secohopanes, which resulted from the heavy biodegradation that occurred in the reservoirs."
"Petrophysical properties of bitumen from the Upper Devonian Grosmont reservoir, Alberta, Canada","https://scispace.com/paper/petrophysical-properties-of-bitumen-from-the-upper-devonian-2lmbhp1vaa","2009","","","Yi Zhao","10.7939/R3MX5N","https://scispace.com/pdf/petrophysical-properties-of-bitumen-from-the-upper-devonian-2lmbhp1vaa.pdf","","steranes are generally missing from our samples, and the distributions of hopanes are strongly affected in at least half of the samples. Even the tricyclics and diasteranes are found to be heavily biodegraded in 4 samples. Conclusions:
 Most of the biomarker distributions and biodegradation characteristics are typical for the examined compound classes. The order of susceptibility to biodegradation in the Grosmont reservoir is steranes > hopanes > diasteranes > tricyclic terpanes > gammacerane and normoretane, which is in agreement with the previous study by . The source-oriented biomarker, 28, 30-bisnorhopane, is found to be biodegraded at about the same biodegradation level of hopanes. Conclusions:
 Therefore, it is likely that the absence of 28, 30-bisnorhopane in the Grosmont reservoir is due to the extreme biodegradation. This finding is very important, as it supports the notion that the Devonian Grosmont bitumen and the overlying Cretaceous heavy oil and oil sands deposits share the same oil source, all of them contain the uncommon biomarker 28, 30-bisnorhopane. Conclusions:
 Biodegradation parameters are successfully identified (i.e. Conclusions:
 H30/H29, C23/H29, and Tm/H29; C23/Tm, H29/Tm, and H30/Tm) to differentiate the extent of biodegradation of each sample examined. A 3-level biodegradation pattern catered to the Grosmont reservoir has been derived. It shows that biodegradation is related to stratigraphy and, more specifically, appears enhanced at formation boundaries. Conclusions:
 Aging is found to have minor effect on the biomarker distributions in this study, probably due to the severe degree of biodegradation the bitumens had experienced in the subsurface. Some biodegradation parameters (i.e., H30/H29 and H30/Tm) show great potential for correlating with bitumen viscosities to predict oil quality at in-situ conditions. However, more data with accurate viscosity measurements are needed to examine this possibility. CHAPTER 6 CONCLUSIONS AND FUTURE WORK RECOMMENDATIONS:
 The main objective of this thesis is to generate useful petrophysical data of bitumen, especially bitumen viscosities, in the Grosmont reservoir to assist future exploitation in the study area. This goal is approached by investigating the bitumen properties of 49 samples from 15 wells along a NW-SE strike cross section in the study area. The main conclusions and recommended future work can be summarized as follows. CHAPTER 6 CONCLUSIONS AND FUTURE WORK RECOMMENDATIONS:
 1) Bitumen from the Grosmont reservoir is essentially a non-Newtonian fluid with a shear-thinning behavior, especially at low temperature (<40°C). This behavior is related to and/or controlled by the composition and internal structure of the bitumen. Caution should be taken when measuring bitumen viscosity under low temperature, and the shear rate applied should always be included when presenting viscosity data. A method to calculate the zero-shear viscosity of Grosmont bitumen has been developed in this study."
"The structure and function of asphaltenes : an organic geochemical and ultrasound study","https://scispace.com/paper/the-structure-and-function-of-asphaltenes-an-organic-36ja1rnvll","2016","Dissertation","","Ishicheli Reuben Agbidi","","https://scispace.com/pdf/the-structure-and-function-of-asphaltenes-an-organic-36ja1rnvll.pdf","..........................................................................................iii Acknowledgements..............................................................................v Dedication........................................................................................vii Table of contents.................................................................................viii List of tables........................................................................................xv List of figures....................................................................................xviii List of symbols..................................................................................xxvi List of appendices...............................................................................xxix Chapter","possess structural features of remnants of the kerogen from which these were derived over geological time, and have been used to correlate crude oils to their source rocks, and to evaluate their thermal and reservoir emplacement histories, especially for biodegraded oils . Asphaltene molecular weights:
 The molecular weights of asphaltenes are variable and there is debate as to whether they are monomeric or polymeric as different measurements from previous studies has revealed various values which differ by as much as a factor of 10 or more (Groenzin and A B . The determination of molecular weights of asphaltenes has been difficult because of their tendency to associate with other fractions of hydrocarbons to form well-ordered crystalline structures. However, there is no general agreement to the problem as different measurements have given different molecular weights. The result of the molecular mass measurements of asphaltenes extracted from coal and petroleum using laser desorption/ionization (LDI) mass spectrometric measurements revealed that coal asphaltenes have a relatively narrow molecular weight distributions, typically within 600 -800 amu, while petroleum asphaltenes show a broader molecular weight distributions, which falls rapidly above 1500 amu . As a result, these measurements are in good agreement with mass spectrometric and molecular diffusion studies of asphaltenes. However, time-resolved fluorescence depolarization (FD) measurements have revealed that asphaltenes are small molecules weights with mean molecular weights of roughly 750 amu with most of the population being between 500 and 1000 amu for petroleum asphaltene, and primarily monomeric and not polymeric . We must be cautious with assigning mean values size to the heterogeneous population of asphaltene aggregates due to wide range of stability among the various aggregates. This might lead which to conflicting interpretation of data from various techniques . Thus, despite research on this subject,  argued that the molecular weight is not suitable as a sole parameter to characterise asphaltene behavior in petroleum fluids. Biomarkers:
 Biomarker or biological marker molecules are certain organic compounds occurring in crude oils, bitumen, coal, and source rocks that can be traced back to their biological molecular precursors in the contemporary or extinct biota. These complex molecular fossils possess a basic carbon skeleton that can be linked to a known natural product in the biosphere such as chlorophyll, sterols, and hopanoids . Many biomarkers in crude oils are resistant to secondary processes, e.g. Biomarkers:
 biodegradation. In the past three decades, these classes of organic compounds have provided an improved understanding of sources of organic matter, environmental conditions during deposition, maturity, age and degree of biodegradation, in petroleum exploration and production . Key common examples of biomarker classes include: branched and cyclic hydrocarbons. However, a whole variety of acyclic isoprenoid hydrocarbons like phytane, to polycyclic classes, such as the hopane and steranes have been reported in crude oils, bitumen, coal, and source rock extracts ."
"Biomarker characters and biodegradation of petroleum in Gangxi oil field, China","https://scispace.com/paper/biomarker-characters-and-biodegradation-of-petroleum-in-4owl0vpe67","2014","","","Minmin Cai
Jun Yao
Ruixia Wang","","https://scispace.com/pdf/biomarker-characters-and-biodegradation-of-petroleum-in-4owl0vpe67.pdf","Biomarker characters and biodegradation of petroleum were investigated in Gangxi oil field, China, using GC-MS analysis. TIC profiles suggested that the petroleum in oil reservoir was biodegraded seriously by indigenous microbiota, due to the secondary alteration processes (water flooding since 1972). The n-alkanes were missing in most of oil samples. The iso-alkanes were present in all of the samples but in low concentration. The polycyclic aromatic hydrocarbons were degraded at different degrees. The PAHs of 2 rings were almost missing, while that of 3 or 4 rings were present at low degraded rate. These suggested that the indigenous microorganism of oil well might have ability to degrade petroleum and it could be used for remedying oil spill. Through analysis of 28 kinds of biomarker, these oils showed similar characteristics: mid content of gammacerane, abundant hopane, and low content of oleanane. These meant that the source of oil might be prokaryotic organisms and algal, and the reservoirs was a not highly reducing and anoxic environment. The maturity parameters of 20S / (20S + 20R) and ββ / (ββ + αα) showed these oil was mature oil, and the maturity degree of oil samples increased as order: 2#, 5#, 3# or 1#, 4#, 6#.","chromatograph -MS spectrometer equipped (SHIMADZU), fitted with a capillary column (RESTEK, USA) RXI-5 ms (30m × 0.25mm i.d., 0.25μm film). Chemical character of biomarkers:
 The chemical type and relative content of biomarker compounds in a specific oil was considered as its unique fingerprint . Terpane(m/z 191), Sterane(m/z 217 and 218) and Triaromatic steroid hydrocarbon (m/z 231) were identified and semi-quantitatively determined by selective ion monitoring (SIM) chromato-graphy. Degree of Crude Oil Degradation:
 Most samples of Gangxi zone were degraded, and the samples of 2#, 3#, 4#, 5# and 6# were completely depleted of n-alkanes, as shown in Fig. . Compared to 1# sample, the lowest degraded sample in all samples, the degree of degradation of others was high (considering C 10 -C 35 ). 1# samples still had n-alkanes, although it was low. The biodegradation characteristic of oil samples was showed in table 1. The iso-alkanes were present in all of the samples, but in low concentration (above 80 % of compound is degraded compared to non-degraded sample). The polycyclic aromatic hydrocarbons (PAHs) were degraded at different degrees.The PAHs of 2 rings were almost missing, while that of 3 or 4 rings were present at low degraded rate. The degradation degrees of all oil samples were similar. But that of 5# sample wasthe most in all, which might be caused by more mining time. All showed that the oil of Gangxi zone was degraded by the indigenous microorganism especially when interfered by mining.This also suggested that the indigenous microorganism of oil well might have ability to degrade petroleum and it could be used for remedying oil spill. Biomarker character of oil in Gangxi oil filed:
 Some biomarkerswere analyzed and these oil samples have some similar characteristics: mid content of gammacerane, abundant hopane, and low content of oleanane. These biomarkers were clearly dominated by source input, and hopanes, C30 diahopane, tri-cyclic terpanes and regular steranes in oil respectively meant prokaryotic organisms (e.g., bacteria and blue-green algae), bacteria, algal, and eukaryotic organisms (e.g., diatoms, flagellates, zooplanktons) or higher organisms as source . The analysis result, the content of regular steranes (m/z 217 and 218) was much lower (1 -10%) than that of tri-cyclic terpanes and hopanes (m/z 191), and it showed that the source of these oil might be prokaryotic organisms and algal; the oil reserve of Gangxi zone came from sea in accordance with the filed site. C35 was considered as an indicator for highly reducing and anoxic environments , but all samples were completely depleted of it, that meant a not highly reducing and anoxic environment of Gangxi oil reserve."
"Investigation on the biodegradation levels of super heavy oils by parameter-striping method and refined Manco scale: a case study from the Chepaizi Uplift of Junggar Basin","https://scispace.com/paper/investigation-on-the-biodegradation-levels-of-super-heavy-2g40fwp0hc","2021","Journal Article","Petroleum Science","Xiangchun Chang
Bingbing Shi
Zhongquan Liu
Yue Wang
Youde Xu","10.1007/S12182-020-00542-X","https://link.springer.com/content/pdf/10.1007/s12182-020-00542-x.pdf","","diasteranes from the PM7 to PM8 level, and sharp depletion from PM8 to PM9 + . However, the variation of diahopane concentrations (Fig. ) possibly indicated its high bioresistance or other mechanism needed to further investigate. Refined Manco scale:
 Generally, RMN 2 ranged from 546.04 to 909.63, which approximately distinguished the oils at the level of PM6 to PM9 + (Table ). Exceptionally, by contrast, the oils from well P60 exhibited higher oil density but lower biodegradation extent than that from well P685. Factually, there is not a simple relationship between the oil viscosity and the Manco Number . Processes other than biodegradation, i.e., secondary oil charge, water washing, mixing of multiple maturity oil charges, and loss of light ends from heavy oils could produce variations in oil viscosity and API gravity . The two episodes of oil charging, early biodegraded oils mixed with the later remigration of preexisting oils due to the structural adjustment, yet the same oil origin in the Chepaizi Uplift maybe responsible for this case . Refined Manco scale:
 Notably, although the RMN 2 calculated by the refined Manco scale showed roughly positive correlation with oil density, some samples, especially those three biodegraded at PM8, exhibited much the same RMN 2 but with different oil densities. This indicated that biodegradation refractory compound class added in this refined scale could not perfectly differentiate the appearances among oils biodegraded at about PM8. More assemblages of compound classes need to be established to refine the Manco scales in further trials. Geochemical implications:
 Although the Carboniferous oils in the western and eastern Chepaizi Uplift were derived from different source kitchens, oils within the individual groups had common origin and similar maturities ). The differences observed in PM and refined Manco scales were attributed to the biodegradation extent. By contrast, the refined Manco scale showed higher resolution than the PM scale, which can differentiate the biodegradation extent of super heavy oils with same PM values but different oil viscosities (Table ). Geochemical implications:
 For the eastern Chepaizi Uplift, Carboniferous oils were mostly biodegraded above PM8; however, their oil viscosity displayed orders of magnitude variations. Known to all, the physical properties, particularly the oil viscosity, were critical to the choice of exploration strategies. Subtle differences revealed by the refined Manco scale could be helpful. Besides the practical application, refined Manco scale also allow geochemists conducting more basic study to understand the relative differences in the extent of the biodegradation process among related samples."
"Degradability of n-alkanes during ex situ natural bioremediation of soil contaminated by heavy residual fuel oil (mazut)","https://scispace.com/paper/degradability-of-n-alkanes-during-ex-situ-natural-nho79do314","2013","Journal Article","Journal of The Serbian Chemical Society","Ramadan Mohamed Muftah Ali
Tatjana Šolević-Knudsen
Mališa Antić
Vladimir Beškoski
Miroslav M. Vrvić
Jan Schwarzbauer
Branimir Jovančićević","10.2298/JSC120829106A","https://scispace.com/pdf/degradability-of-n-alkanes-during-ex-situ-natural-nho79do314.pdf","It is well known that during biodegradation of oil in natural geological
 conditions, or oil pollutants in the environment, a degradation of
 hydrocarbons occurs according to the well defined sequence. For example, the
 major changes during the degradation process of n-alkanes occur in the
 second, slight and third, moderate level (on the biodegradation scale from 1
 to 10). According to previous research, in the fourth, heavy level, when
 intensive changes of phenanthrene and its methyl isomers begin, n-alkanes
 have already been completely removed. In this paper, the ex situ natural
 bioremediation (unstimulated bioremediation, without addition of biomass,
 nutrient substances and biosurfactant) of soil contaminated with heavy
 residual fuel oil (mazut) was conducted during the period of 6 months. Low
 abundance of n-alkanes in the fraction of total saturated hydrocarbons in the
 initial sample (identification was possible only after concentration by urea
 adduction technique) showed that the investigated oil pollutant was at the
 boundary between the third and the fourth biodegradation level. During the
 experiment, an intense degradation of phenanthrene and its methyl-,
 dimethyl-and trimethyl-isomers was not followed by the removal of the
 remaining n-alkanes. The abundance of n-alkanes remained at the initial low
 level, even at end of the experiment when the pollutant reached one of the
 highest biodegradation levels. These results showed that the unstimulated
 biodegradation of some hydrocarbons, despite of their high biodegradability,
 do not proceed completely to the end, even at final degradation stages. In
 the condition of the reduced availability of some hydrocarbons,
 microorganisms tend to opt for less biodegradable but more accessible
 hydrocarbons.","steranes, tricyclic terpanes, diasteranes, diahopanes and norhopanes begin. Among these compounds, only C 21 and C 22 steranes and tricyclic terpanes can be removed completely. INTRODUCTION:
 For the degradation of some compounds, microorganisms and conditions for degradation are unknown, and these compounds are considered non-biodegradable. This is especially true for compounds in the fraction of NSO-compounds.  In this study, ex situ natural microbial degradation of soil contaminated with heavy residual fuel oil (mazut) was conducted during a period of 6 months. The fate of the n-alkanes in the pollutant was monitored. Namely, the main transformations during the degradation process of n-alkanes, which are the dominant hydrocarbons in most oils and oil-type pollutants, occur during the second, slight and the third, moderate level (on the biodegradation scale from 1 to 10).  According to previous research, in the fourth, heavy level, when intensive changes of phenanthrene and its methyl isomers begin, the n-alkanes had already been completely removed. However, in the samples investigated in the present study, at the very beginning of the biodegradation experiment, n-alkanes within the fraction of saturated hydrocarbons were present in amount close to the detec-BIODEGRADATION OF n-ALKANES AND PHENANTHRENES 1037 tion limit. The question arose as to what their fate would be in case of their minimum availability to the microorganisms. EXPERIMENTAL:
 The ex situ natural biodegradation (non-stimulated bioremediation, without addition of biomass, nutrient substances and biosurfactant) of a soil contaminated with heavy residual fuel oil (mazut) was conducted. The crude oil-polluted soil was excavated contaminated soil from an energy power plant that, due to a breakdown, had been polluted for a year with heavy fuel oil and sediment from a heavy oil reservoir."
"Sequential hydrocarbon biodegradation in a soil from arid coastal Australia, treated with oil under laboratory controlled conditions","https://scispace.com/paper/sequential-hydrocarbon-biodegradation-in-a-soil-from-arid-573o4er7yq","2008","Journal Article","Organic Geochemistry","Paul F. Greenwood
Sarah Wibrow
Suman George
Mark Tibbett","10.1016/J.ORGGEOCHEM.2008.05.005","https://research-repository.uwa.edu.au/files/1451142/11699_PID11699.pdf","","Title: Sequential Hydrocarbon Biodegradation of a soil from arid coastal Australia oiltreated under laboratory controlled conditions Authors: Paul F Greenwood (Corresponding Author),Sarah Wibrow,Suman J George,Mark Tibbett Keywords: Biodegradation, Petroleum, Soil, Hydrocarbon, Methylnaphthalenes, Methylphenanthrenes"
"Gas Chromatography in Environmental Sciences and Evaluation of Bioremediation","https://scispace.com/paper/gas-chromatography-in-environmental-sciences-and-evaluation-1ae3lvkskj","2012","Book Chapter","","Vladimir Beškoski
Gordana Gojgić-Cvijović
Branimir Jovančićević
Miroslav M. Vrvić","10.5772/33955","https://scispace.com/pdf/gas-chromatography-in-environmental-sciences-and-evaluation-1ae3lvkskj.pdf","Both soil and water become contaminated by oil and oil derivatives due to accidental spills in their exploitation, transportation, processing, storing and utilization. In 2010, 3.91 billion tons of crude oil was produced (BP Statistical Review, 2011) and estimations are that annually 0.1% of produced petroleum is released into the environment (Ward et al., 2003) as a result of anthropogenic activities.","in TPH and n-alkane composition: The applied zymogenous microbial consortium biodegraded and ''consumed'' all components of the complex mass of hydrocarbons, although different rates of degradation were observed, as shown in Table . . Indicator:
 The ratios of pristane/n-C 17 and phytane/n-C 18 can be used to differentiate physical weathering and biodegradation . As the volatility of n-C 17 and pristane and n-C 18 and phytane are similar, weathering should be attributed to a reduced concentration of these substances over time, if their ratio remains constant. An increase in the pristane/n-C 17 and phytane/n-C 18 ratios over time is likely to be a consequence of bioremediation, since n-C 17 and n-C 18 degrade more rapidly than pristane and phytane, respectively. Biodegradation of pristane and phytane, as found in , shows that these compounds are not suitable as markers for following a bioremediation process. In fact, comparison of the content of other hydrocarbons in relation to pristane and phytane could underestimate the degree of their biodegradation. Transformation of isoprenoids, steranes and terpanes:
 Isoprenoid aliphatic alkanes, pristane and phytane, and polycyclic alkanes of sterane and triterpane types in saturated hydrocarbon fractions were analysed by GC-MS. Isoprenoids were identified from the m/z 183, steranes from m/z 217 and triterpanes from m/z 191 selected ion chromatograms obtained from analysis in the SIM mode. The most relevant peaks were identified based on organic geochemical literature data , or based on total mass spectra, using mass spectra databases (NIST/EPA/NIH Mass spectral library NIST2000, Wiley/NBS Registry of Mass spectral Data 7 th Ed., electronic versions). Transformation of isoprenoids, steranes and terpanes:
 In the chromatogram m/z 183 of all the samples, the pristane and phytane peaks are clearly differentiated, being the most intensive in the sample S-0 (Figure ). In this sample, individual peaks originating from the homologue chain > C 20 isoprenoids are also observed, while in sample S-150 they are biodegraded."
"Implications of microbial enhanced oil recovery and waterflooding for geochemical interpretation of recovered oils.","https://scispace.com/paper/implications-of-microbial-enhanced-oil-recovery-and-39ulady9","2022","Journal Article","Anais Da Academia Brasileira De Ciencias","Luciana G.P. Sodré
Laercio Lopes Martins
Lorraine Louise Grecco Cavalcanti De Araujo
Danielle M M Franco
Boniek G. Vaz
Wanderson Romão
Valéria M. Merzel
Georgiana Feitosa da Cruz","10.1590/0001-3765202220211433","https://scispace.com/pdf/implications-of-microbial-enhanced-oil-recovery-and-39ulady9.pdf","Biosurfactants and waterflooding have been widely reported thus far for enhancing oil production. Nevertheless, there is a lack of literature to explore enhanced oil recovered methods effects on its chemical composition. The aim of this work is to investigate the effects of a biosurfactant produced by Bacillus safensis and brine injection on the recovered petroleum composition, and their implications for geochemical interpretation. Original and oils recovered from displacement tests were analyzed by gas chromatography and ultra-high-resolution mass spectrometry, emphasizing saturated and aromatic biomarkers and basic and acidic polar compounds. Geochemical parameters based on some saturated compounds were subtly affected by the recovery methods, showing their reliable applicability in geochemical studies. Contrarily, parameters based on some aromatic compounds were more affected by biosurfactant flooding, mostly the low molecular weight compounds. Thus, these aromatic parameters should be applied with caution after such methods. The distribution of basic and acidic polar compounds can also be modified affecting the geochemical interpretation. In the case of the basic ones, the biosurfactant greatly influenced the N class species with favorable loss of lower aromaticity compounds. In addition to water solubilization, the compositional changes described in this study can be related to fractionation due to adsorption on reservoir rocks.","Title: Implications of microbial enhanced oil recovery and waterfl ooding for geochemical interpretation of recovered oils Authors: Luciana G P Sodré,Laercio L Martins,Lorraine Louise,G C De Araujo,Danielle M M Franco,Boniek G Vaz,Wanderson Romão,Valéria M Merzel,Georgiana F Da Cruz Keywords: Biomarkers, biosurfactant, MEOR, oil recovery, petroleomics"
"Geochemical Characterization of Heavy Oil Accumulations on the Northeastern Margin of the Neuquén Basin, Argentina","https://scispace.com/paper/geochemical-characterization-of-heavy-oil-accumulations-on-1jrgbctp23","2009","","","Martín F. Cevallos
Edmundo N. Marot
Hernán Paponi
Petro Andina
Héctor Villar
Florida-Buenos Aires","","https://scispace.com/pdf/geochemical-characterization-of-heavy-oil-accumulations-on-1jrgbctp23.pdf","Summary One of the key issues related to heavy oil development is understanding the variation of API gravity and viscosity. Direct measurements are usually difficult (mainly for viscosity) and provide limited information regarding genesis of the hydrocarbons. Geochemistry has been used effectively to characterize heavy oil pools, and data collection at early stages of development is the key to addressing depletion strategies. Recent heavy oil discoveries and their development by Petro Andina in the Northeastern margin of the Neuquen Basin (Mendoza and La Pampa Provinces, Central-Western Argentina) motivated an intensive rock and fluid characterization project. At early development stages, the lack of good analogies in the country forced the company to base reserves assessments and reservoir performance on inappropriate analogs, lab studies and incipient pilot projects. This is way fluid sampling for geochemical characterization began in the exploration phase and it is still ongoing. In the studied areas, hydrocarbon pools are mainly in stratigraphic traps, where truncation and pinch-out are the key elements on updip edges. The main reservoirs are unconsolidated sandstones of the Centenario Formation (Hauterivian), deposited in a marginal marine to fluvial environment. Petrophysical properties are very good, with 30% average porosity and permeability ranging from 0.5 to 3 Darcies. The arid paleoclimate of the region and the predominance of siltstones and shaly sands in the shallower formations, resulted in a thick vadose zone causing a “naturally under pressured regime”. The main pay zone is at an average depth of 600 meters (Figure 1(a)). There is an overall vertical distribution of hydrocarbon types along the preserved Cretaceous section. The deeper reservoirs, the carbonate-siliciclastic mixture of the Loma Montosa Formation, host the lighter oils, with 30 °API and 2500 GOR. The main pay zone is in the Centenario Formation and it accounts for 99% of the producing reserves and has oil gravities averaging 19° API (range 15 to 20° API), viscosities ranging from 250 - 700 cP at reservoir conditions. The shallowest hydrocarbon pools are hosted by the Neuquen Group (Upper Cretaceous), which are mainly saturated with methane (6 - 30 % molar CO2) and isolated oil lenses below a poorly defined GOC (poorly sampled, preliminary around 15 °API, but lower gravities are inferred). Formation water has being intensively sampled from the main pay zone (Centenario Formation)","sparsely for other units, showing geographic and vertical compositional variations. There is a general salinity decrease from East to West and from deeper to shallower reservoirs that could be linked to meteoric water source and or oil migration entry point. Geochemical Characterization: The oils of the study area are typically biodegraded but still bear the unaltered biomarker fingerprints of the basinal organic facies of the Vaca Muerta shales, considered the most prolific hydrocarbon source unit of the Neuquén Basin. Their geochemical signature is largely consistent with a siliciclastic marine source enriched in algal organic matter, deposited under moderately anoxic conditions. According to biomarker isomerization ratios and other maturity-dependant parameters such as the degree of thermal cracking of triaromatic steranes, the oils are thermally mature and have been generated close to the peak oil phase. This infers lateral migration in the order of 40-60 km from the hydrocarbon kitchen located to the South-Southwest of the producing area, according to the known present-day maturity trends known for the Vaca Muerta in this region of the basin. The biodegradation of the oils varies from very light to, moderate. The first level (API around 30-34°) characteristically occurs in the deepest reservoir layers (Base of Lower Centenario Member and Loma Montosa Formation) where the oils have experienced either no alteration or mild to significant alteration of light ends plus occasional mild alteration of mid-range paraffins. The second level (API in the range 15-20°) is ubiquitous in the intermediate reservoir layers (Lower and Upper Centenario), where the oils are usually depleted in n-paraffins and isoprenoids. Both saturate and aromatic biomarkers are generally not affected by the biodegradation process; in particular, 25-norhopanes, typical indicators of advanced biodegradation in some oils, have not been detected in the data. The unique groups of compounds that show significant variability to allow monitoring the level of biodegradation through the entire alteration range are two-and three-ring aromatic hydrocarbons, specifically naphthalenes, dibenzothiophenes and phenanthrenes (compare with . These compounds show a general decrease of their concentrations with increasing oil degradation, encompassing stages where paraffins and isoprenoids have been severely altered and are no longer useful for assessment of the alteration progress, and where biomarker fingerprints remain in their original form. In addition, variations in the relative distributions of methylphenanthrenes and dibenzothiophenes allow the application of specific compound ratios that parallel the overall concentration decrease. Although the work to determine the geochemical patterns in relation to oil biodegradation trends in the area is still in a preliminary phase, some examples that illustrate the core of the current results can be offered. Figure shows the decrease of naphthalenes, dibenzothiophenes and phenanthrenes in oil samples extracted from a continuous core through a sandstone reservoir interval of approximately fifteen meters, where the deepest layers are the closest to the water contact. Whereas the gas chromatography (GC) study of the extracted oil shows a monotonous Unresolved Complex Mixture (UCM) pattern deprived of n-alkanes and isoprenoids in all samples, the gas chromatography-mass spectrometry analysis (GCMS) of the aromatic fractions shows the decline in the concentration of the aromatic compounds when the evaluated samples approach the water contact, that is, when the biodegradation progress is more efficient. A second example related to the change in the relative proportions of individual compounds within each aromatic group is provided"
"Thin layer chromatography - flame ionization detection analysis of in-situ petroleum biodegradation","https://scispace.com/paper/thin-layer-chromatography-flame-ionization-detection-29k3j8g3aw","2004","","","Frank Lanier Stephens","","https://scispace.com/pdf/thin-layer-chromatography-flame-ionization-detection-29k3j8g3aw.pdf","Thin Layer Chromatography – Flame Ionization Detection Analysis of In-Situ Petroleum Biodegradation. (August 2004) Frank L. Stephens, B.S., Texas A&M University Chair of Advisory Committee: Dr. James S. Bonner This research was initiated after a 100-year flood caused an oil spill on the San Jacinto River (Houston, Texas) in October of 1994. After the floodwaters subsided the released petroleum floating on the water was deposited on the surrounding lands. The petroleum spill was used as an opportunity to research intrinsic petroleum biodegradation in a 9-acre petroleum impacted estuarine wetland. The first phase of this research (Phase I) began in December 1994, approximately 1.5 months after the spill of opportunity and involved the study and quantification of in-situ petroleum biodegradation. The second phase of the research (Phase II) began in March 1996 with a controlled oil release to study and evaluate the success of two bioremediation treatments versus natural biodegradation. The study of in-situ petroleum hydrocarbon degradation and the evaluation of bioremediation amendments were successfully quantified using GC-MS analytical techniques. However, the GC-MS technique is limited to the analyses of hydrocarbon compounds, a disadvantage that precludes the overall characterization of petroleum degradation. The research presented here details an analytical technique that was used to provide a full characterization of temporal petroleum biodegradation. This technique uses thin layer chromatography coupled with flame ionization detection (TLC-FID) to characterize the saturate and aromatic (hydrocarbon) fractions and the resin and asphaltene (non-hydrocarbon, polar) fractions. Other analysis techniques, such as","capability to achieve gross characterizations of the four petroleum fractions (saturates, aromatics, resins, and asphaltenes). This technology coupled with a GC-MS analysis can provide a more complete characterization of petroleum bioremediation. OVERVIEW:
 The TLC-FID research presented here reviews the applicability of the TLC-FID to evaluate the temporal variations of the four petroleum fractions due to in-situ biodegradation. The specific objectives include the evaluation of the TLC-FID analysis to identify and quantify natural attenuation of a wetland following a catastrophic petroleum spill in an estuarine wetland; and the evaluation of the TLC-FID analysis to quantify differences between petroleum bioremediation amendments on a simulated petroleum spill in an estuarine wetland. INTRODUCTION:
 The National Research Council (NRC) estimates that 12 percent of the 11.0 million tons of petroleum produced worldwide (per day) are discharged in various ways into the Earth's oceans . Large catastrophic petroleum spills occurring in the open sea eventually disperse through various mechanisms in a relatively short time period. Open sea spill response typically consists of physical collection methods including skimming, adsorbing, and vacuuming the petroleum from the water surface . Of particular concern are petroleum spills that occur in coastal environments, which can have devastating ecological and economic impacts. Oil spills that make landfall in tidal marshes and rocky beaches often require physical collection or other more aggressive measures including power washing the petroleum back into the water for ease of collection, and burning the oil . INTRODUCTION:
 However, these types of clean-up methods can be destructive, ineffective, and damaging to these sensitive ecosystems . INTRODUCTION:
 Bioremediation of oil spills is considered the least intrusive and most environmentally friendly response technique for sensitive ecosystems . Research has demonstrated that catastrophic petroleum spills can overwhelm and shutdown a natural ecosystem's ability to degrade petroleum by limiting essential ingredients necessary for microbial biodegradation of the petroleum . INTRODUCTION:
 Most bioremediation research performed today seeks to make adjustments to the carbonnitrogen-phosphorus ratios found after a catastrophic petroleum spill reaches land. INTRODUCTION:
 Nitrogen and phosphorus amendments in the form of oleophilic fertilizers are added to stimulate the microbial biodegradation of petroleum . INTRODUCTION:
 The key to successfully evaluating petroleum bioremediation is characterizing the biological degradation of the spilled product. The discovery of a ""conservative reference"" inherent to petroleum, readily detectable with a GC-MS, and assumed to be non-biodegradable, made the GC-MS analysis the preferred method of evaluating petroleum biodegradation . Target analytes measured with a GC-MS are normalized to the conservative biomarker (reference) compound 17α, 21β(H)-hopane (hopane) in order to quantify compositional losses of the petroleum due to biotic and abiotic activity. It is assumed that hopane is not biodegradable in the timeframe of most experiments or monitoring periods. INTRODUCTION:
 However the GC-MS analysis does have quantitative limitations. The GC-MS technique can only measure a specific range of hydrocarbons, representing as little as 10 percent of the petroleum compounds present in a crude oil. Quantitative recovery of non-hydrocarbon and nonvolatile (high boiling point, high molecular weight) components from the GC column is rarely achieved . Consequently, a significant portion of the sample is left undetected."
"Biodegradation of Isoprenoids, Steranes, Terpanes, and Phenanthrenes During In Situ Bioremediation of Petroleum-Contaminated Groundwater","https://scispace.com/paper/biodegradation-of-isoprenoids-steranes-terpanes-and-1uh6hyt3dw","2017","Journal Article","Clean-soil Air Water","Vladimir Beškoski
Srdjan Miletić
Mila Ilić
Gordana Gojgić-Cvijović
Petar Papic
Nenad Marić
Tatjana Šolević-Knudsen
Branimir Jovančićević
Takeshi Nakano
Miroslav M. Vrvić","10.1002/CLEN.201600023","https://scispace.com/pdf/biodegradation-of-isoprenoids-steranes-terpanes-and-1uh6hyt3dw.pdf","This is the peer-reviewed version of the following article: 	Beskoski, V. P.; Miletic, S.; Ilic, M.; Gojgic-Cvijovic, G.; Papic, P.; Maric, N.; Solevic-Knudsen, T.; Jovancicevic, B. S.; Nakano, T.; Vrvic, M. M. Biodegradation of Isoprenoids, Steranes, Terpanes, and Phenanthrenes During In Situ Bioremediation of Petroleum-Contaminated Groundwater. Clean - Soil, Air, Water 2017, 45 (2). [https://doi.org/10.1002/clen.201600023]","spectrometry, HD, hydrocarbon degrading microorganism, PAH, polycyclic aromatic hydrocarbon, TC, total chemoorganoheterotroph, TIC, total ion chromatogram, TPH, total petroleum hydrocarbon Introduction:
 Organic geochemical studies of the biodegradability of some classes of organic compounds from oil have shown that n-alkanes and isoprenoid aliphatic alkanes are the most susceptible to biodegradation . Among the oil compounds, the most resistant to microbial biodegradation are monoaromatic steroids, diasteranes, diahopanes, 25-norhopanes, tricyclic terpanes, C 21 --C 22 steranes, oleanane and gammacerane. Very close to them, by resistance to biodegradation, are the C 27 --C 35 hopanes and C 27 --C 29 regular steranes . Research on microbial biodegradation of oil pollutants has shown that these trends are similar in the environment . Introduction:
 Bioremediation is a process which can use either naturally occurring autochthonous microorganisms which are isolated from a particular polluted place to be treated by bioremediation, or allochthonous microorganisms isolated from other polluted habitats. However, it is known that autochthonous microorganisms are much more potent and with a higher survivability rate compared to allochthonous microorganisms . The zymogenous fraction of autochthonous microorganisms exhibits the highest activity toward transformation of the pollutants present . Through their normal life functions, biodegradation or complete mineralization of hazardous organic substances can occur. To date, bioremediation has been proven to be efficient in the removal of oil hydrocarbons , polychlorinated biphenyls , polycyclic aromatic hydrocarbons (PAH) , pesticides , some heavy metals  and even radionucleotides . The result of bioremediation of oil pollutants in the environment is usually assessed on the basis of differences in the total petroleum hydrocarbons (TPH) content before and after the process. Introduction:
 In studies of simulated biodegradation using a zymogenous microbial consortium (microorganisms isolated from a site exposed to a longer period of oil pollution), on one paraffinic crude oil, on different media and under different conditions, biodegradation of n-alkanes and isoprenoid aliphatic alkanes, pristane (C  ) and phytane (C 20 ) occurred . This biodegradation was the most intense when the inorganic media were used and experiments were performed in the light . However, polycyclic alkanes of the sterane (C 27 --C 29 ) and terpane (C 27 --C 34 ) types, oleanane and gammacerane remained non-degraded . The same conclusion was drawn after simulated biodegradation of a paraffin oil by a consortium of zymogenous bacteria and fungi over a period of 75 days . After decomposition of n-alkanes and isoprenoids, the abundance and distribution of steranes and terpanes remained unchanged . Biodegradation of isoprenoids, steranes and terpanes was recently confirmed during ex situ bioremediation of mazut on an industrial level using consortia of zymogenous microorganisms ."
"Caracterização geoquímica molecular de arenitos asfálticos a partir da desagregação branda de asfaltenos","https://scispace.com/paper/caracterizacao-geoquimica-molecular-de-arenitos-asfalticos-a-luuib14jfa","2013","","","Fernanda Lins da Costa
Laercio Lopes Martins
Georgiana Feitosa da Cruz
Lívia Carvalho Santos
Alexsandro Araujo da Silva","10.21715/GB.V27I2.382","https://scispace.com/pdf/caracterizacao-geoquimica-molecular-de-arenitos-asfalticos-a-luuib14jfa.pdf","Uma quantidade significativa de hidrocarbonetos, provavelmente remanescentes do “oleo original”, fica retido (ocluido) no interior da matriz de asfaltenos e protegido dos processos de alteracao secundaria que ocorreram posteriormente nos reservatorios de petroleo. Neste trabalho fez-se uma reacao de oxidacao dos asfaltenos usando NaIO4-NaH2PO4 em amostras de arenitos asfalticos, com o intuito de liberar os hidrocarbonetos ocluidos e recuperar a informacao geoquimica molecular original dessas amostras fortemente degradadas por processos pos-deposicionais. Os resultados obtidos a partir da analise SARA e do monitoramento seletivo dos ions-fragmentos em m/z 85, 177, 191 e 217 revelaram que os componentes do petroleo estavam protegidos pela estrutura asfaltenica e que a reacao de oxidacao foi eficiente na sua liberacao. Alem disso, observou-se que a severa biodegradacao presente nos maltenos livres e ausente nos ocluidos interfere e mascara os parâmetros geoquimicos. Portanto, concluiu-se que o estudo dos biomarcadores ocluidos em estruturas asfaltenicas e uma ferramenta valiosa na interpretacao de parâmetros geoquimicos para caracterizacao de petroleos, visto que estes sao remanescentes do “oleo original”.","Authors: Fernanda Lins Da Costa,Laercio Lopes Martins,Georgiana Feitosa Da Cruz,Lívia Carvalho Santos,Alexsandro Araujo Da Silva Keywords: arenitos asfálticos, biodegradação, asfaltenos, biomarcadores ocluídos tar sands, biodegradation, asphaltenes, occluded biomarkers"
"Gas chromatography - mass spectrometry (gc-ms) in organic geochemical investigation of crude oils from kikinda and velebit fields in serbia","https://scispace.com/paper/gas-chromatography-mass-spectrometry-gc-ms-in-organic-568q84f76b","2017","Journal Article","International Journal of Research","Hamza Khalifa
Abdussalam Ali Ahmed
Ayiman Abusaediyah
Aejeeliyah Yousuf
Salheen Grimida","10.29121/GRANTHAALAYAH.V5.I6.2017.2073","https://scispace.com/pdf/gas-chromatography-mass-spectrometry-gc-ms-in-organic-568q84f76b.pdf","In this work two crude oil samples were investigated to present the difference between biodegraded (Velebit) and non-degraded (Kikinda) oil. Two samples are from the Velebit oil–gas field and the Kikinda oil-gas field. These are two of the largest oil and gas deposits in the Serbian part of the Pannonian Basin. In the experimental part of this work, two samples of crude oil were separated by column chromatography. Saturated hydrocarbons were analyzed by gas chromatography-mass spectrometry instruments. Based on the abundance and distribution of biomarkers, it could be conclude that the distribution is typical of oil in both samples, with difference in the distribution of n-alkane.  GC-MS chromatogram of n-alkanes and isoprenoids of saturated fraction isolated from Velebit crude oil show the distribution typical of oils altered by biodegradation.","Ahmed,Ayiman Abusaediyah,Aejeeliyah Yousuf,Salheen Grimida Keywords: Gas Chromatography (GC), Mass Spectrometry (MS), N-Alkanes Biodegradation, Biodegradation Introduction:
 Crude oil and its derivatives, as the key energy-generating substances and raw materials used for production, are very widely used in all domains of work and everyday life. With the advent of oil as a fuel, there was the most intense economic growth and it can be said that the entire modern civilization is based on the utilization of oil. However, rapid growth and development of civilization in the past two centuries with the mass use of fossil fuels has led to imbalances and distortions of natural processes. In spite of improvements in technology and equipment used for oil drilling, transport and processing by the petroleum industry, oil and oil derivatives represent a significant source of environmental contamination. (Beškoski V., Gojgić-Cvijović G., Jovančićević B., Vrvić M., in Gas Chromatography -Biochemicals, Narcotics and Essential Oils, B. Salih, Ö. Çelikbıçak, Eds., InTech, Rijeka, Croatia, 2012). Introduction:
 Petroleum and petroleum products are complex mixtures consisting of thousands of compounds that are usually grouped into four fractions: aliphatics, aromatics, nitrogen-oxygen-sulphur (NSO) compounds and asphaltenes. Asphaltenes are generally solvent insoluble and resistant to biodegradation. Aliphatic hydrocarbons consist of normal alkanes (n-alkanes), branched alkanes (isoalkanes) and cyclic alkanes (naphthenes). Isoalkanes, naphthenes and aromatics are much less biodegradable than n-alkanes. The fraction of saturated hydrocarbons is the dominant fraction in most oils as compared to aromatic hydrocarbons and NSO compounds. Introduction:
 When crude oil or petroleum products are accidentally released into the environment, they are immediately subject to a wide variety of weathering process. These weathering processes can include: evaporation, dissolution, microbial degradation, dispersion and water-oil emulsification, photooxidation, adsorption onto suspended. Biomarkers are complex organic compounds composed of carbon, hydrogen and other elements such as oxygen, nitrogen and sulfur. Biomarker compounds are analyzed using gas chromatography and mass spectrometry and they are divided into several basic types of n-alkanes and isoprenoid n-alkane, steranes, diterpanes, triterpanes and their derivatives and aromatic hydrocarbons. (Dougle W. Waples, 1945-Geochemistry in petroleum exploration)."
"Alkane Biomarkers. Geochemical Significance and Application in Oil Shale Geochemistry","https://scispace.com/paper/alkane-biomarkers-geochemical-significance-and-application-1jzrolninh","1995","Book Chapter","","Francisco Javier González-Vila","10.1007/978-94-011-0317-6_4","https://scispace.com/pdf/alkane-biomarkers-geochemical-significance-and-application-1jzrolninh.pdf","The application of alkane biomarkers for source, palaeoenvironmental reconstruction, maturity and biodegradation of sedimentary organic matter is briefly reviewed. Data on the extractable biomarker composition of a Spanish oil shale, as well as some considerations on future work in biomarker geochemistry are also included.","Biomarker determinations provide a chal)enge for the analytical cbemist. In general. the biomarkers of greatest interest are present in relatively low concentrations in crude oils and rock extracts, whicb are complex mixtures of organic compounds. ExtractioD,IsolatioD and AnaJysis of Biomarkers:
 Extraction of biomarkers from sediments and oils is. normalIy accomplisbed by conventional solid-liquid extraction procedures using different solvents or mixtures ot tbem in Soxhlet apparatus. Over recent years new extraction techniques based on the use of ultrasonic agitation ()) and supercritical fluids lO) have been developed. The supercritical fluid extraction (SFE) seems to bave a promising future, since it offer~ considerable advantages regarding extraction time and elimination of environmentai bazards. ExtractioD,IsolatioD and AnaJysis of Biomarkers:
 Afier removal of asphaltenes, insoluble in n-pentane, the extracts are usuall~ fractionated into saturated, aromatic and polar components by adsorptior. chromatograpby on column or on modern solid phase extraction cartridges (~) . ExtractioD,IsolatioD and AnaJysis of Biomarkers:
 Then-alkanes are usually tbe most abundant compounds in the saturated fractions L); crude oils and rock extracts, and sometimes it is necessary to remove them as ar analytical step to effectively enhance the concentration of other more specifi, biomarkers, such as branched and cyclic alkanes. Many concentration techniques hay, been used quite effectively. Amongst tbem tbe clatration with urea and the use o molecular sieves seem to be the most useful to separate n-alkanes from thei: brancbed/ cyclic congeners. ExtractioD,IsolatioD and AnaJysis of Biomarkers:
 The most common methods for detection and identification of biomarkers in comple: mix~es are the computerised Gas Chromatography-Mass Spectrometry (GC-MS systems, which became readily available and are today indispensable for routine analysi of crude oils and sediment extracts . Relatively different new techniques, such as GC MS-MS and Supercritical Fluid Chromatography (SFC)-MS have introduced a numbe of alternative methods for tbe analysis of stereoisomers and high molecular weigt biomarkers. 3.Geochemical Significance of tbe Various Molecular Classes of Hydrocarbons Found in Sediment Extracts and Petroleum:
 A coroprehensive review of all the areas of biomarker geochemistry which have undergone a number of important reevaluations in the past decade  is beyond the scope of this reporto Rather this chapter will essentially comprise an overview of existing data (taken froro the aboye monograpbs, and only recent references to illustrate trends and developments are included) on those aspects of alkane biomarker distribution which relate lO the type of organic matter, the depositional environment, the thermal maturity and indications for biodegradation. Another useful application of biomarkers in oil exploration are the oil-oil and oil-source rocks correlations, as well as the determination of relative migration distances of expelled hydrocarbons. Structures marked throughout the text with Roman numbers are presented in Appendix l."
"Hydrocarbon generation potential of late cretaceous shales and carbonates in Hekimhan basin and genetic relationships with Karadere oil seep (Eastern Anatolia Region, Turkey)","https://scispace.com/paper/hydrocarbon-generation-potential-of-late-cretaceous-shales-4d7ym80tuf","2018","Journal Article","Journal of Petroleum Exploration and Production Technology","Nazan Yalcin Erik","10.1007/S13202-018-0489-5","https://scispace.com/pdf/hydrocarbon-generation-potential-of-late-cretaceous-shales-4d7ym80tuf.pdf","In this study, Karadere oil seep (solid bitumen) and Late Cretaceous shales and carbonate levels of the Hekimhan Formation in Hekimhan Basin are compared genetically by means of organic-geochemical data. Investigated shale samples have generally low (< 0.5%) the total organic carbon values (TOC, wt%) and there is no petroleum and gas source-rock potential; however, the amount (0.11–5.92%) and type (type II–III kerogen) of organic matter within limestone are consistent for source-rock potential. On the basis of average Tmax (433 °C) and 0.53% R0 values, the investigated samples are at the immature and early mature level for hydrocarbon generation. According to biomarker data, the bitumen is pre-Cretaceous in age, highly reducing conditions, formed in a marine depositional environment at normal salinity, and under the influence of high bacterial activity, and was originate from an immature carbonate source rock. These geochemical data are highly in agreement with the late Cretaceous limestone of the Hekimhan Formation, and these rocks may be considered the source rock of the solid bitumen. However, these organic richness zones formed from non-indigenous organic material, and therefore, it is concluded that this seepage which generates from non-indigenous organic materials cannot be due to the limestone at the evaluated level. On the basis of organic-geochemical evaluations, it has been concluded that, in Hekimhan Basin, some hydrocarbons developed in deeper, more mature intervals of the limestone, and that these were migrated probably only a short distance within the basin and became really surfaced in relation to tension fractures.","molecule weight n-alkanes during severe biodegradation . For this reason, it is possible to claim that there are no important differences in the samples in terms of isotope values, and that they are similar with the bitumen sample (Table ). Alteration degree of Karadere oil seep (solid bitumen):
 Physical and chemical alteration of petroleum under suror reservoir conditions caused by bacteria is referred to as ""biodegradation"" . Microbial/bacterial deterioration essentially develops starting from bacteria and causes chemical structures and components rich in hydrogen to dissolve. This deterioration may develop under surface conditions, as well as petroleum-water contacts in migrations and reservoirs. Washing with water, usually observed together with biodegradation, has a very little impact on the physical and chemical properties of petroleum by itself, whereas bacterial activity increases deterioration. As a result of the reduction in light components, the remaining product becomes rich in polar and aromatic components, which means a drop in the economic value for the petroleum reservoir . Components in different groups such as benzene, toluene, and other aromatics disappear sequentially or simultaneously due to biodegradation ). The kinetics of biodegradation is associated with the composition of the petroleum and may develop rapidly (e.g., disappearance of n-alkanes) or slowly (e.g., disappearance of resins and asphaltenes). Alteration degree of Karadere oil seep (solid bitumen):
 The ""Biomarkers Biodegradation Scale"" was defined by  for the first time according to the molecular compound property in oil types; and this was re-organized by  in following years. The degradation grade according to the  design is at 5th degree, qualified by the lack of n-alkanes and iso-alkanes. Generally, the degree/ level of biodegradation severity from 5th level (heavy) to 9th level (severe) as point out by variations between the biomarker compounds . However, it has also applications in solid bitumen as well . N-alkane is the most easily degraded group in the ""Bio-degradation Scale"", and the isoprenoids, hopanes, aromatic steroids and porphyries follow them . Generally, tricyclic terpanes are more durable in chemical terms, and are degraded after hopanes and also diasteranes .  recommended a bio-degradation system that took the biomarker properties as the basis and consisted of successive steps."
"Impact of formation water geochemistry and crude oil biodegradation on microbial methanogenesis","https://scispace.com/paper/impact-of-formation-water-geochemistry-and-crude-oil-4cy1ffbcg7","2016","Journal Article","Organic Geochemistry","Jenna L. Shelton
Jenna L. Shelton
Jennifer C. McIntosh
Jennifer C. McIntosh
Peter D. Warwick
John E. McCray","10.1016/J.ORGGEOCHEM.2016.05.008","https://cyberleninka.org/article/n/606586.pdf","","n-alkanes and acyclic isoprenoids existed in wells from the Nebo-Hemphill, Cypress-Bayou and some from the Olla Field (minimally biodegraded group), represented in Fig. by sample NH1. Oil geochemistry and biomarkers:
 As stated above, there is a generally accepted biodegradation removal scale, with ease of biodegradation decreasing in the order: n-alkanes (different susceptibility according to chain length), alkylated benzenes and polyaromatics, alkyl biphenyls and alkyl diphenyl methanes, hopanes and steranes, diasteranes, non-hopanoid triterpanes and aromatic steroids . None of the oils showed any alteration of diasteranes, non-hopanoid triterpanes, or aromatic steroids (Table ). As shown in Fig. , n-alkanes were completely degraded in the up-dip, high biodegradation fields (Crossroads, Salt, and Tullos-Urania), while biodegradation of n-alkanes was present in some wells sampled from the Olla Field (moderately biodegraded group). This is also apparent from the ratio of n-C 10 to n-C 30 ; n-C 10 is removed before n-C 30 , so the smaller the value of the ratio the greater the extent of biodegradation (Fig. ). Some of the oils exhibited alteration of polycyclic aromatic hydrocarbons, with biodegradation most notable in the updip fields (highly biodegraded group) and little to no biodegradation of these compounds in the down-dip (Olla, Nebo-Hemphill, Cypress-Bayou) fields (Fig. ). Hopanes and steranes were only altered in the up-dip, highly biodegraded oil fields, while diasteranes, non-hopanoid triterpanes, and aromatic steroids were not altered in any of the oil fields (Fig. ). In summary, two major biodegradation groups exist across the transect: highly biodegraded and minimally-to-moderately biodegraded crude oils. Variation in extent of crude oil biodegradation is evident in the latter group from their n-alkane and isoprenoid composition. The varying degree of biodegradation was not evident in the alteration of the high molecular weight hydrocarbons (e.g. steranes). Therefore, three biodegradation groups were used in the comparison of extent of crude oil biodegradation and microbial methanogenesis."
"PTV-GC×GC-TOFMS: uma promissora técnica para análise de biomarcadores pesados em óleos brasileiros","https://scispace.com/paper/ptv-gc-gc-tofms-uma-promissora-tecnica-para-analise-de-1ym7i8r8bq","2014","","","Paula Lopes de Azevedo","","https://scispace.com/pdf/ptv-gc-gc-tofms-uma-promissora-tecnica-para-analise-de-1ym7i8r8bq.pdf","Os biomarcadores estao entre os componentes mais importantes da geoquimica de petroleo.
Sao utilizados como indicadores de origem de oleos e rochas geradoras, na determinacao da
maturacao termica de oleos e em estudos sobre biodegradacao do petroleo.
A cromatografia gasosa bidimensional abrangente (GC×GC) e uma tecnica multidimensional
que tem mostrado grande potencial na investigacao de misturas complexas, como o petroleo.
Para a deteccao, normalmente, e acoplado um espectrometro de massas (MS), onde o espectro
de massas nos fornece informacoes a respeito da estrutura quimica, tornando a tecnica uma
poderosa ferramenta na identificacao individual dos compostos.
A GC×GC-TOFMS e empregada na deteccao e identificacao de biomarcadores combinada
com injecoes do tipo split/sliptless. Neste modo de injecao ha um efeito de discriminacao dos
compostos de alto ponto de ebulicao, pois na analise de uma mistura com multiplos analitos
dentro de um injetor aquecido, os compostos passam para a fase gas em diferentes taxas. Isso
significa que uma quantidade elevada de amostra sera eliminada pela divisao de fluxo. Na
tentativa de solucionar este efeito pode-se utilizar injecoes na coluna a frio (on column) ou por
vaporizacao com temperatura programada (PTV).
O objetivo deste trabalho foi investigar a utilizacao do injetor PTV na analise da fracao de
hidrocarbonetos saturados de petroleos brasileiros por GC×GC-TOFMS, na tentativa de
detectar e identificar biomarcadores de petroleo com mais de 35 atomos de carbono.
As fracoes foram analisadas por um sistema Pegasus 4D (Leco) em configuracao PTVGC×GC-TOFMS.
Na 1D foi utilizada uma coluna apolar (DB-5HT) e na 2D uma coluna
relativamente polar (MEGA-17HT FAST). Os analitos foram analisados atraves de
cromatogramas de ions extraidos.
Portanto, com o sistema PTV-GC×GC-TOFMS, foram detectados e identificados os alcanos
lineares ate C45, a serie homologa dos hopanos de C27 a C38 e terpanos triciclicos ate C45.
Normalmente os hopanos sao detectados ate o C35 e os terpanos triciclicos ate C41, sendo os
C36, C37 e C38, e os terpanos triciclicos C43, C44 e C45, raramente detectados em oleos. A
informacao fornecida pelo espectrometro de massas, junto com a posicao relativa na serie
homologa, possibilitou uma identificacao confiavel dos hopanos C36 e C37. A investigacao
destes biomarcadores por PTV, associada a separacao por GC×GC e a deteccao por TOFMS
permitiram a elucidacao de biomarcadores de alta massa molecular. O sistema PTV gerou
picos com uma maior razao sinal/ruido, mesmo utilizando o split 1:10, com relacao ao
splitles. Este fato permitiu uma maior sensibilidade e conseguentimente a deteccao de analitos
em concentracoes mais baixas.","(Figura 1). Dessa forma, apresentam uma relação inequívoca com os compostos naturais presentes nos organismos vivos . Figura 1. Biomarcadores e seus precursores biológicos. . Biomarcadores:
 Os biomarcadores estão entre os componentes mais importantes da geoquímica de petróleo. Sua distribuição diferenciada em rochas e óleos forma uma espécie de ""impressão digital"", amplamente utilizada em correlações óleo-óleo e óleo-rocha geradora. A análise química de biomarcadores em óleos gera informações importantes sobre o paleoambiente deposicional (lacustre, terrestre, marinho), origem da matéria orgânica na rocha geradora, tipos de organismos vivos presentes naquele ambiente (bactérias, algas e plantas superiores), condições ambientais durante a deposição e soterramento, maturação térmica da rocha ou óleo, idade geológica aproximada da rocha geradora e o grau de biodegradação do óleo. Biomarcadores:
 Combinadas com outras ferramentas, essas informações são utilizadas para fornecer interpretações geológicas mais confiáveis que ajudam na resolução de problemas de exploração, desenvolvimento e produção de petróleo, além de problemas ambientais. Dentre as classes de biomarcadores se destacam os terpanos tricíclicos, tetracíclicos e pentacíclicos . Terpanos tricíclicos:
 Os terpanos tricíclicos (Figura 2) são geralmente utilizados para correlacionar óleos crus e extratos de rochas geradoras, predizer as características dos ambientes deposicionais e avaliar o grau de evolução térmica e biodegradação de óleos . MOLDOWAN e colaboradores (1983) mostraram que as séries homólogas de terpanos tricíclicos têm início em C 19 e podem se estender até C 45 em amostras de óleos crus. Posteriormente, em um estudo realizado em óleos e extratos de rochas geradoras brasileiras, em um sistema de cromatografia gasosa de alta temperatura, DE GRANDE e colaboradpres (1993) verificaram que as séries de terpanos tricíclicos podem alcançar até C 54 . No entanto, estas séries são geralmente observadas, em cromatografia gasosa unidimensional, até C 29 nas amostras de petróleo, pois os compostos de maior massa molecular estão em coeluição com os terpanos pentacíclicos, no cromatograma do íon extraído m/z 191.  ."
"Integrating comprehensive two-dimensional gas chromatography and downhole fluid analysis to validate a spill-fill sequence of reservoirs with variations of biodegradation, water washing and thermal maturity","https://scispace.com/paper/integrating-comprehensive-two-dimensional-gas-chromatography-3cue9wxp8r","2017","Journal Article","Fuel","Forsythe Jerimiah
Robin Martin
Ilaria De Santo
Richard Tyndall
Kate Arman
Jonathan Pye
Nelly De Nicolais
Robert K. Nelson
Andrew E. Pomerantz
Stephen Kenyon-Roberts
Julian Y. Zuo
Soraya S. Betancourt
Christopher M. Reddy
Kenneth E. Peters
Oliver C. Mullins","10.1016/J.FUEL.2016.11.081","","","quantification of the extent of biodegradation. In Figure as in Figure , a variable magnitude of n-alkanes peaks from the drilling fluid filtrate are evident for n-C12 through n-C14 and to a lesser extent for n-C15. Figure 13. GC×GC chromatograms showing the n-alkane (C9-C21) line and aromatics (1-3 ring) for crude oils from three reservoirs, A) Catcher, B) Burgman, and C) Carnaby. The oils have distinctly different levels of biodegradation as indicated by the different n-alkane and isoalkane content. The Catcher sample has small n-alkane peaks and large isoalkane peaks such as pristine (Pr) and phytane (Ph). The Burgman sample has lost the n-alkanes but retains isoalkanes.:
 The Carnaby sample has neither n-alkanes nor isoalkanes except for those from the mud filtrate. Water washing is evident in the aromatics and is discussed below. Major groups: I = Alkyl benzenes, II= Indenes, III = naphthalenes, IV = fluorenes, V = phenanthrenes and dibenzothiophenes. C1, C2, C3, and C4 in the naphthalene and phenanthrene groups indicate the degree of methylation of the structure. For example, C2 is two methyl groups or one ethyl group. Figure 13. GC×GC chromatograms showing the n-alkane (C9-C21) line and aromatics (1-3 ring) for crude oils from three reservoirs, A) Catcher, B) Burgman, and C) Carnaby. The oils have distinctly different levels of biodegradation as indicated by the different n-alkane and isoalkane content. The Catcher sample has small n-alkane peaks and large isoalkane peaks such as pristine (Pr) and phytane (Ph). The Burgman sample has lost the n-alkanes but retains isoalkanes.:
 Figure  shows the biomarker region for three crude oils. For all samples analyzed (many not shown), the only crude oil sample that differed in the biomarker region is the Carnaby sample. Figure  shows that the Carnaby sample had additional peaks that indicate the appearance of 25-norhopanes that are not present in other any other samples. 25-norhopanes result from microbial demethylation of hopanes during the biodegradation process . This process corresponds to a biodegradation rank of PM 6 indicating severe biodegradation and alteration of different chemical components..  Table  presents the rank of biodegradation using the Peters-Moldowan scale of all samples analyzed. The samples are listed shallowest to deepest. There is a clear trend of a greater extent of biodegradation for reservoirs at shallower depth. This is consistent with the spill-fill sequence for reservoir filling schematically shown in Fig. . The most biodegraded oils in a reservoir are at the oil-water contact  which is where the oils spill out of the reservoir. Water washing."
"Investigation of the bioremediation potential of aerobic zymogenous microorganisms in soil for crude oil biodegradation","https://scispace.com/paper/investigation-of-the-bioremediation-potential-of-aerobic-48cus4oddv","2011","Journal Article","Journal of The Serbian Chemical Society","Tatjana Solevic
Milan Novaković
Mila Ilić
Mališa Antić
Miroslav M. Vrvić
Branimir Jovančićević","10.2298/JSC100531033S","https://scispace.com/pdf/investigation-of-the-bioremediation-potential-of-aerobic-48cus4oddv.pdf","The bioremediation potential of the aerobic zymogenous microorga- nisms in soil (Danube alluvium, Pancevo, Serbia) for crude oil biodegradation was investigated. A mixture of paraffinic types of oils was used as the sub- strate. The laboratory experiment of the simulated oil biodegradation lasted 15, 30, 45, 60 and 75 days. In parallel, an experiment with a control sample was conducted. Extracts were isolated from the samples with chloroform in a sepa- ration funnel. From these extracts, the hydrocarbons were isolated by column chromatography and analyzed by gas chromatography-mass spectrometry (GC-MS). n-Alkanes, isoprenoids, phenanthrene and its derivatives with one and two methyl groups were quantitatively analyzed. The ability and efficiency of zymogenous microorganisms in soil for crude oil bioremediation was asses- sed by comparison between the composition of samples which were exposed to the microorganisms and the control sample. The investigated microorganisms showed the highest bioremediation potential in the biodegradation of n-alkanes and isoprenoids. A considerably high bioremediation potential was confirmed in the biodegradation of phenanthrene and methyl phenanthrenes. Low biore- mediation potential of these microorganisms was proven in the case of poly- cyclic alkanes of the sterane and triterpane types and dimethyl phenanthrenes.","study, a mixture of paraffinic type of oils was used, carefully selected to be very similar to the oil pollutant previously identified in the wastewater canal area. A control sample included the sterile mineral medium without microorganisms and added mixture of oils. EXPERIMENTAL:
 The experiments of the simulated biodegradation were stopped after 15, 30, 45, 60, and 75 days by sterilization at 120 °C for 25 min, while the control experiment was stopped after 75 days. Organic substance from in total 6 samples was extracted with chloroform (HPLC, J.T., USA) by shaking in a separation funnel. From these extracts, the hydrocarbons (saturated and aromatic) were isolated by column chromatography: the extracts were saponified with a 5 % solution of KOH in methanol, and neutralized (after standing overnight) with 10 % hydrochloric acid. The products were dissolved in a mixture of dichloromethane (containing 1 % methanol) and hexane (1:40), and separated by column chromatography on alumina and silica gel. The hydrocarbon fractions were eluted with hexane followed by dichloromethane. A detailed description of the analytical procedure was discussed in previous papers.  Hydrocarbons were analyzed by the gas chromatography-mass spectrometry (GC-MS) techniques. An Agilent 7890N gas chromatograph fitted with a HP5-MS capillary column (temperature range: 80 °C for 0 min; then 2 °C min -1 to 300 °C and held for 20 min) with helium as the carrier gas (flow rate 1 cm 3 min -1 ) was used. The GC was coupled to a Hewlett--Packard 5972 MSD operated at 70 eV in the 45-550 scan range. Preliminary analyzes of the investigated samples were conducted in the full scan mode. Detailed analyses of the target compounds were conducted in the single ion monitoring mode (SIM), comprising the following ion chromatograms: m/z 57 (n-alkanes and isoprenoids), 217 (steranes), 191 (triterpanes), 178 (phenanthrene), 192 (methyl-phenanthrenes) and 206 (dimethyl-phenanthrenes). The most relevant peaks were identified according to organic geochemical literature data (e.g., Peters et al.  ), or based on the total mass spectra, using mass spectra databases (NIST/EPA/NIH mass spectral library NIST2000, Wiley/NBS registry of mass spectral data, 7 th ed., electronic versions). n-Alkanes and the isoprenoids pristane and phytane were quantified against squalane (supplied by Supelco) as an internal standard. Phenanthrene, methyl-phenanthrenes and dime-thyl-phenanthrenes were quantified against phenanthrene-d10 (supplied by Supelco) as an external standard."
"Comprehensive two-dimensional gas chromatography-mass spectrometry of complex mixtures of anaerobic bacterial metabolites of petroleum hydrocarbons.","https://scispace.com/paper/comprehensive-two-dimensional-gas-chromatography-mass-218c352syz","2017","Journal Article","Journal of Chromatography A","Caroline Aitken
Ian M. Head
David Jones
Steven J. Rowland
Alan G. Scarlett
Charles E. West","10.1016/J.CHROMA.2017.06.027","https://eprints.ncl.ac.uk/file_store/production/237710/9508325D-96DA-4E24-BE0C-A77BBB283437.pdf","","undegraded oil and No changes in the well-known mono-or triaromatic tetracyclic steroids present in most crude oils, including the oil used herein, were observed and as expected, the acid products of these were not observed. Conclusions:
 A wide range of extended chain metabolites of aromatic hydrocarbons, including those not reported previously, were formed during two year laboratory biotransformation of crude oil hydrocarbons under sulfate-reducing conditions. The range of metabolites identified shows that the fumarate addition mechanism applies to alteration of aromatic hydrocarbons with up to C8 alkylation in monoaromatics and that functionalisation of up to three ring aromatic hydrocarbons with at least C1 alkylation occurs, even in these very complex petroleum mixtures within 2 years. The spectral data presented herein may be important for the future identification of a wider range of degraded crude oil pollutants and studies of their fate and toxicity. For example, whilst the occurrence of suspected succinate metabolites of alkylbenzenes thought to be derived from spilled Macondo oil in the Gulf of Mexico required only GC-MS analysis , the application of GCxGC-MS techniques may extend the inventory of metabolites still further. In the sediments in such regions, sulfate reduction is likely to occur. The alkylbenzoic acids may be useful dead-end metabolites . They thus may be preserved indicators of such processes, as may naphthyl ethanoic acid, whereas the succinates and other acids (e.g. naphthoic and phenanthrene acids) may be degraded further. In addition, the increased exploitation and processing of heavier and nonconventional crude oils and other hydrocarbons (e.g. ), many of which have been at least partially biodegraded and which contain higher than normal proportions of so-called 'polar' NSO compounds (such as the diacids (O4) and heteroacids (e.g. SO2) identified herein) is likely to lead to increased proportions of these polar compounds, including some of the acids studied herein, in process and production waters. An important example is the large proportions of acids in the processaffected waters resulting from the oil sands industries [reviewed in 16]. Studies such as those herein will lead to an increased understanding of the origins and fate of such pollutants. Conclusions:
 Despite the quite extended nature of the present laboratory experiments (i.e. 2 years incubation) it is clear that a use of GC×GC-MS techniques to study naturally degraded crudes, which may have proceeded beyond the transformation of the alkylphenanthrenes studied herein, will be advantageous and will add further to the database of known anaerobic (and aerobic) metabolites of crude oil degradation."
"Gulf of mexico seafloor stability and gas hydrate monitoring station project","https://scispace.com/paper/gulf-of-mexico-seafloor-stability-and-gas-hydrate-monitoring-1v1kyxvkvn","2004","Report","","J. Robert Woolsey
Thomas M. McGee
Robin C. Buchannon","10.2172/838881","https://scispace.com/pdf/gulf-of-mexico-seafloor-stability-and-gas-hydrate-monitoring-1v1kyxvkvn.pdf","The gas hydrates research Consortium (HRC), established and administered at the University if Mississippi's Center for Marine Research and Environmental Technology (CMRET) has been active on many fronts in FY 03. Extension of the original contract through March 2004, has allowed completion of many projects that were incomplete at the end of the original project period due, primarily, to severe weather and difficulties in rescheduling test cruises. The primary objective of the Consortium, to design and emplace a remote sea floor station for the monitoring of gas hydrates in the Gulf of Mexico by the year 2005 remains intact. However, the possibility of levering HRC research off of the Joint Industries Program (JIP) became a possibility that has demanded reevaluation of some of the fundamental assumptions of the station format. These provisions are discussed in Appendix A. Landmark achievements of FY03 include: (1) Continuation of Consortium development with new researchers and additional areas of research contribution being incorporated into the project. During this period, NOAA's National Undersea Research Program's (NURP) National Institute for Undersea Science and Technology (NIUST) became a Consortium funding partner, joining DOE and Minerals Management Service (MMS); (2) Very successful annual and semiannual meetings in Oxford Mississippi in February and September, 2003; (3) Collection of piston cores from MC798 in support of the effort to evaluate the site for possible monitoring station installation; (4) Completion of the site evaluation effort including reports of all localities in the northern Gulf of Mexico where hydrates have been documented or are strongly suspected to exist on the sea floor or in the shallow subsurface; (5) Collection and preliminary evaluation of vent gases and core samples of hydrate from sites in Green Canyon and Mississippi Canyon, northern Gulf of Mexico; (6) Monitoring of gas activity on the sea floor, acoustically and thermally; (7) Design, construction, and successful deployment of an in situ pore-water sampling device; (8) Improvements to the original Raman spectrometer (methane sensor); (9) Laboratory demonstration of the impact of bacterially-produced surfactants' rates of hydrate formation; (10) Construction and sea floor emplacement and testing--with both watergun and ship noise sources--of the prototypal vertical line array (VLA); (11) Initiation of studies of spatial controls on hydrates; (12) Compilation and analyses of seismic data, including mapping of surface anomalies; (13) Additional field verification (bottom samples recovered), in support of the site selection effort; (14) Collection and preliminary analyses of gas hydrates from new sites that exhibit variant structures; (15) Initial shear wave tests carried out in shallow water; (16) Isolation of microbes for potential medicinal products development; (17) Preliminary modeling of occurrences of gas hydrates.","formation based on published fragmentograms . A high abundance of 28,30 bisnorhopane is thought to be due to bacterial mats present in the Monterey formation. The fossilized Thioploca bacterial mats may represent a possible source according to . Hopanes:
 Trace abundances of 2 (CH 3 )-hopanes and 3 (CH 3 )-hopanes have been tentatively identified from the m/z 205 from the seep site. Although methylhopanes can derive from a variety of prokaryokes  and  suggest the presence of cyanobacteria and or methylotrophic bacteria to account for homologous series of 2  and 3  methylhopanes respectively. Hopanes:
 Gulf of Mexico The GCMS mass scans for the hopane biomarkers in the GC234 sediment seep samples are shown in Fig 5  The pattern is almost idential to that found previously for the subsurface GC184 oils, suggesting that biodegradation has affected this fraction only slightly, if at all. Steranes and aromatic steroids:
 Santa Barbara Steranes in the Santa Barbara Seep sediment samples have been affected by biodegradation and do not exhibit a distribution normal to reservoired unaltered petroleum. The high abundance of Mono-and triaromatic steroids indicate conversion of steranes due to thermal maturity and resistance to biodegradation processes . Monoaromatic steroids were also found in trace abundances in a water sample from the Gulf of Mexico. Steranes and aromatic steroids:
 Gulf of Mexico The normal and aromatic sterane mass scans for the GC 234 seep and hydrate oils are shown in Figs  respectively and are very similar to those of the underlying reservoir oils, consistent with a low degree of biodegradation of this fraction. Aromatic hydrocarbons:
 Gulf of Mexico All of the aromatic hydrocarbon data is available for Gulf of Mexico seep and hydrate melt water oils. For comparison, extensive set of similar data have been measured for all of the underlying Green Canyon oils as part of a previous project. Aromatic hydrocarbons:
 Santa Barbara In spite of the high degree of biodegradation, the methyl phenanthrenes are well resolved and should provide a reliable maturation markers for these biodegraded oils. A summary of the various classes of compounds analyzed to date is given below. Biodegradation:
 Based on loss of n-alkanes, modification of steranes, an emerging series of 25norhopanes the Santa Barbara samples have been heavily biodegradation (rank 6) based on the biodegradation rank of . The degree of biodegradation changed little over the sampled area within the sediment extract and the globules. This may indicate rapid replenishment of hydrocarbon material. Conclusions to date:
 Fluids in the Santa Barbara seep site are rich in hydrocarbons consistent with petroleum sourced from the Monterey formation. This correlates with other seep oils found up and down the West coast. The oils are severly biodegraded. Biodegradation may have occurred subsurface in reservoirs or migration conduits cool enough o support biodegradation. Distinguishing biodegradation in reservoirs versus that in the water column requires further investigation but identification of suites of sulfur containing compounds may hold the key.        Further analysis of oil under the hump: 2-D gas chromatography (in process)"
"Exopolymeric substances (EPS) produced by petroleum microbial consortia","https://scispace.com/paper/exopolymeric-substances-eps-produced-by-petroleum-microbial-4cphec47qs","2010","Journal Article","Journal of the Brazilian Chemical Society","Georgiana Feitosa da Cruz
Célio F. F. Angolini
Eugenio V. Santos Neto
Watson Loh
Anita J. Marsaioli","10.1590/S0103-50532010000800016","https://scispace.com/pdf/exopolymeric-substances-eps-produced-by-petroleum-microbial-4cphec47qs.pdf","Microbial consortia recuperated of crude oil samples from the Pampo Sul field, Campos Basin, RJ, produced biosurfactants in mineral media containing glucose and 9,10-dihydrophenantrene, n-nonadecane, nonadecanoic acid, slightly biodegraded crude oil (P1) or heavily biodegraded crude oil (P2) as carbon sources. The production of exopolimeric substances (EPS) and petroleum biodegradation do not necessarily occur simultaneously. The EPS analyses by infrared and eletronspray ionization mass spectrometry (ESI-MS) revealed a mixture of surfactine isoforms. The biosurfactants reduced the surface tension of water and Zinder medium from 72.4 and 55.7 to 28.6 mN m""1. Additionally, this surfactant emulsified different oils in water with performances similar to or better than of a conventional surfactant, Tween 80.","dissolve the samples and 0.1% of formic acid solution was added to the samples to reach final concentration of 1 pg mL -1 . The positive mode of analysis was used for scanning m/z 50-2000. Biodegradation of petroleum compounds:
 Assays to correlate biosurfactant production and petroleum biodegradation used 9,10-dihydrophenanthrene (1, Acros), n-nonadecane (2, Aldrich), nonadecanoic acid (3, Acros), P1 and a mixture of (1), ( ) and (3). The assays were monitored after 1 day and after 4 days (for compounds 1, 2, 3 and mixture) and after 10 days (for P1) by withdrawing 1 mL of the culture medium and extracting with ethyl acetate (3 × 1000 mL, for 1, 2, 3 and mixture) or dichloromethane for P1 (3 × 1000 mL). The organic layers were combined, dried over anhydrous sodium sulfate and evaporated under reduced pressure. The extracts from the P1 assay were separated into three fractions: F1 (saturated hydrocarbons), F2 (aromatic hydrocarbons) and F3 (resins and asphaltenes) using silica gel column chromatography, eluting with hexane, hexane/toluene (1:1, v/v) and chloroform/methanol (95:5, v/v), respectively. F1 fractions were analyzed by GC-MS. GC-MS analysis:
 The GC conditions for 1, 2, 3 and their mixture were: split injection (50:1), carrier gas: He at 1 mL min -1 , injector temperature: 240 °C, temperature program: 50 °C for 5 min, increasing at 10 °C min -1 to 290 °C, then held for 5 min. The GC conditions for F1 were: split injection (20:1); injector temperature 300 °C, temperature program: 80 °C for 2 min increasing at 4 ºC min -1 to 270 °C and at 10 °C min -1 to 300 °C, holding for 25 min. The capillary column was a MDN5S (30 m × 0.25 mm × 0.25 mm). The data were obtained in SCAN and SIM mode, operating at 70 eV. Results and Discussion:
 The biosurfactants are surface active components w i t h e m u l s i f y i n g p r o p e r t i e s w h i c h e n h a n c e petroleum biodegradation, causing commercial value depreciation. Thus the production of biosurfactants by the petroleum microorganism consortia growing on 9,10-dihydrophenanthrene (1) or n-nonadecane (2) or nonadecanoic acid (3) or a mixture of 1, 2 and 3 was evaluated (Table ). Compounds 1, 2 and 3 were selected as carbon sources, each representing different compound classes present in petroleum: n-alkanes, aromatics and acids."
"C-GC-MS and its Application to Crude Oil Analysis","https://scispace.com/paper/c-gc-ms-and-its-application-to-crude-oil-analysis-5ajayuj59g","1989","Journal Article","","Paul A. Comet
Ooi Siew Tin
Yap Ai Bee","10.7186/BGSM25198901","https://scispace.com/pdf/c-gc-ms-and-its-application-to-crude-oil-analysis-5ajayuj59g.pdf","The Gas Chromatograph linked to a Mass Spectrometer with computerised data acquisition capability (C-GC-MS) makes for a very versatile and powerful analytical tool. The important function of the GC-MS in petroleum exploration and production studies is its ability to detect BIOMARKERS. What are biomarkers? They are organic compounds whose carbon skeleton give an unambiguous link with a known natural or biological product. Examples are isoprenoids, triterpanes, steranes, sterols etc. In other words they may be described as ‘chemical fossils’. Their thermal stability in oils and sediments (source-rocks) make them very useful in oil to source rock correlation studies or determination of the number of oil pools present in an area. A study using GC-MS data on nine ‘oil stained’ rock samples from S E Asia and the Bahamas will be highlighted as an example to illustrate the usefulness of C-GC-MS in the recognition of petroleum and determination of its source and maturity.","cholesterol. Because their structures persist into oils and mature source rocks, biomarkers are very useful for oil-oil and oil-source rock correlation purposes. However their most exciting role is in the developing fields ofbasinal evaluation and molecular stratigraphy. The Search for Chemical Fossils:
 Though many hundreds of"" chemical fossils"" have been found and identified, e.g. see , new ones are continually being discovered using C-GC-MS. Thus several immature, lacustrine petroleum source rocks from S E Asia have been determined by the present authors to contain the following 3-alkyl hopenes (see Spectra 1, 2, 3, and Figure ), previously not reported in the literature. Similarly it is only recently that an integrated scheme has been published  for the classification of""chemical fossils"" (see Table ). This table shows some of the major structural types found in petroleum and petroleum source rocks. By classifying chemical fossils by their structure, rather than their functional grouping, the many hundred of organic compounds found in petroleum and associated source rocks are seen to reduce down to about 20 environmentally significant groups. These groups can be used to recognise depositional environments within petroleum source rocks.    Another example of the application and advantages of mass spectrometry to petroleum analysis was the investigation of five (5) ""dil-stained"" cores from the S E Asia region. Solvent extraction and isolation of the aliphatic hydrocarbon fraction from these cores was followed by gas chromatography of the saturated hydrocarbons. The issues under question were: 1) Are the materials staining the cores petroleum or merely non-petroliferous bitumen? 2) If the staining material proved to be petroleum, how many kinds were present? 3) Was more than one source rock involved? 4) What kinds of input were significant in the source rocks? It proved to be possible to answer all of these questions using C-GC-MS data. However, gas-chromatography showed that many of the samples had lost their n-alkanes due to biodegradation, see Figure . Because of this it proved not to be possible to readily cross compare the extracts by the use of GC alone. The Search for Chemical Fossils:
 However C-GC-MS clearly showed the affipities of these samples. Four (4) of the samples gave mature sterane profiles (m/z 217). Thus the 5a (H)20R steranes and 5~(H) steranes commonly found in immature, recent sediments had given way to a petroleum assemblage dominated by abb steranes, diasteranes and 20S aaa steranes (see Figures 3). Thus it was possible to recognise these four ( 4) samples as being petroleum derived, mainly biodegraded ""tars"" (though one sample [Figure ] showed little evidence ofbiodegradation). Similarly, the hopane profile (m/z 191) (see Figure ), was characteristic of petroleum. The complex pattern ofhopenes and ~~hopanes found in recent sediments had been replaced by an immature petroleum assemblage of extended a~ hopanes (note the 22S isomer in greater abundance than the 22R isomer)."
"Characterization of asphaltic oil occurrences from the southeastern margin of the Basque-Cantabrian Basin, Spain","https://scispace.com/paper/characterization-of-asphaltic-oil-occurrences-from-the-dpg5jf52kv","2014","Journal Article","Geologica Acta","Patricia Marín
Gonzalo Marquez
José Luis R. Gallego
Albert Permanyer","10.1344/GEOLOGICAACTA2014.12.4.4","https://scispace.com/pdf/characterization-of-asphaltic-oil-occurrences-from-the-dpg5jf52kv.pdf","A geochemical investigation has been undertaken on biodegraded hydrocarbons in outcropping reservoirs of the south-eastern margin of the Basque-Cantabrian Basin (Alava sector) The aims of the study were the characterization of the geochemical features and biodegradation level of these hydrocarbons, and the evaluation of their resemblance to oils from the Ayoluengo onshore oil field by means of isotopic analyses and gas chromatography-mass spectrometry techniques Most of the samples lack n-alkanes, isoprenoids, low molecular weight aromatic compounds, steranes, homohopanes, diasteranes and triaromatic steroids, whereas hexacyclic and heptacyclic alkanes appear as key compounds although some structures were not totally elucidated Thermal maturity has been assessed with several parameters and a calculated-equivalent vitrinite reflectance value of around 08% was estimated In addition, gammacerane content, diasterane-to-sterane ratio and C35 to C34 hopanes ratio suggest that the Alava oil shows were derived from a carbonate rock deposited in a reducing, water-stratified and possibly hypersaline environment Isotopic signatures and other data confirmed that these hydrocarbons are not genetically related to the oils from Ayoluengo and, consequently, their origin is associated with a yet unknown source rock in the basin","dibenzothiophenes, among others. 25-norhopanes were not detected in these six samples and, consequently, can be stated that steranes were biodegraded earlier than hopanes, thereby suggesting surface biodegradation . Biodegradation:
 The near-total absence of C 27 to C 28 regular steranes and the partial depletion of C 29 homologues in Loza-1 and Loza-3 samples indicate a biodegradation level between 6 and 7 according to the Peters and Moldowan scale . In these two oil shows, pentacyclic triterpanes are partially -C 29 and C 30 17α-hopanes -or completely -extended hopanes -depleted, supporting surface biodegradation . In contrast, tricyclopolyprenanes, diasteranes, and aromatic steroids remain unaltered. Atauri-4 has been ranked at biodegradation level 8, which means that this sample has a depletion of steranes, diasteranes, pregnanes, and triaromatic steroids, though showing a welldefined distribution of triterpanes. Although we cannot preclude other possibilities -mixture of oil charges and/ or multiple alteration processes -to account for this anomalous triterpane distribution, exceptionally there are modifications in the usual order of the biodegradation sequence . Also, the lack of steranes, diasteranes, pregnanes, and triaromatic steroids, as well as the low presence of 17α-hopanes in Maestu-7, indicate a level 9 Biodegradation:
 for biodegradation for this latter sample. In Maestu-1 and Atauri-3, pentacyclic triterpanes, steranes, diasteranes, pregnanes, triaromatic steroids, as well as several tricyclopolyprenanes and monoaromatic steroids, appear to be removed, whereas monoaromatic diasteroids appear to be preserved, which suggests that these two similar samples reach biodegradation level 10. Biodegradation:
 Rampalay-1 and Rampalay-2 range between biodegradation levels 5 and 6 in the Peters and Moldowan scale, which means that they both have a total absence of isoprenoids, n-alkanes, phenanthrenes, dibenzothiophenes, and 25-norhopanes, whereas steranes, hopanes and more highly recalcitrant compounds have not been significantly affected in these two samples."
"Determination of Asphaltene Critical Nanoaggregate Concentration Region Using Ultrasound Velocity Measurements.","https://scispace.com/paper/determination-of-asphaltene-critical-nanoaggregate-1tkdba052s","2017","Journal Article","Scientific Reports","Aleksandra Svalova
Nick G. Parker
Malcolm J. W. Povey
Geoffrey D. Abbott","10.1038/S41598-017-16294-5","https://scispace.com/pdf/determination-of-asphaltene-critical-nanoaggregate-1tkdba052s.pdf","Asphaltenes constitute the heaviest, most polar and aromatic fraction of petroleum crucial to the formation of highly-stable water-in-crude oil emulsions. The latter occur during crude oil production as well as spills and cause difficulties to efficient remediation practice. It is thought that in nanoaggregate form, asphaltenes create elastic layers around water droplets enhancing stability of the emulsion matrix. Ultrasonic characterisation is a high-resolution non-invasive tool in colloidal analysis shown to successfully identify asphaltene nanoaggregation in toluene. The high sensitivity of acoustic velocity to molecular rearrangements and ease in implementation renders it an attractive method to study asphaltene phase properties. Currently, aggregation is thought to correspond to an intersection of two concentration-ultrasonic velocity regressions. Our measurements indicate a variation in the proximity of nanoaggregation which is not accounted for by present models. We attribute this uncertainty to physico-chemical heterogeneity of the asphaltene fraction driven by variation in molecular size and propose a critical nanoaggregation region. We treated asphaltenes from North and South American crude oils with ruthenium ion catalysed oxidation to characterize their n-alkyl appendages attached to aromatic cores. Principal component analysis was performed to investigate the coupling between asphaltene structures and velocity measurements and their impact on aggregation.","level (LVL) of petroleum biodegradation (1-10) was estimated using the Wenger et al. scales and diagnostic mass spectrometric assignments . Gas chromatograms used in biodegradation analysis are provided in the Supplementary Information (Fig. ). Biodegradation of maltenes. Biodegradation of hydrocarbons (examples are shown in Table:
 E1 has little signs of biodegradation (Fig. )). e m/z 85 mass chromatogram shows a homologous series of n-alkanes from which compounds (<C 10 ) are absent. Regular isoprenoids, such as 2,6,10,14-tetram ethylpentadecane (pristane) and 2,6,10,14-tetramethylhexadecane (phytane), are abundant (m/z 183) as are hopanes and steranes (m/z 191 and 218). erefore, E1 is classi ed as LVL 2 biodegraded. e biodegradation extent of E2 (Fig. )) is greater than that of E1, indicated by the removal of n-decane from the n-alkanes. Biodegradation of maltenes. Biodegradation of hydrocarbons (examples are shown in Table:
 e isoprenoid, hopane and sterane distributions (m/z 183, 191 and 218) are very similar to E1. erefore, E2 is is classed as LVL 2-3 biodegraded. In contrast, E3 illustrates a complete removal of n-alkanes which puts it into the heavily biodegraded range (Fig. )). Hopanes (m/z 191) are partially removed and 25-norhopanes have been formed. Sterane compounds (m/z 218) are di cult to resolve and benzoalkanes are degraded (m/z 91). However, monoaromatic steroids (m/z 253) are present, therefore E3 is estimated to be LVL 6-7 biodegraded. E4 shows signs of early biodegradation (Fig. ) and S3) with the homologous n-alkane series starting from n-C 11 . Isoprenoids, such as pristane and phytane, are detectable. Hopanes and steranes are abundant and only C 29 -norhopane has formed. erefore, E4 is estimated to be LVL 3 biodegraded. RICO of asphaltenes.:
 The products analysed from RICO are homologous series of n-alkanoic and α, ω-di-n-alkanoic fatty acid bis-methyl esters (FAME, m/z 74; DFAME, m/z 98)  . Partial and total ion chromatograms (TICs) are provided in Supplementary Information. Table"
"Determination of Asphaltene Critical Nanoaggregate Concentration Region Using Ultrasound Velocity Measurements","https://scispace.com/paper/determination-of-asphaltene-critical-nanoaggregate-5d7lycwq5x","2017","Journal Article","arXiv: Materials Science","Aleksandra Svalova
Nick G. Parker
Malcolm J. W. Povey
Geoffrey D. Abbott","10.1038/S41598-017-16294-5","https://scispace.com/pdf/determination-of-asphaltene-critical-nanoaggregate-5d7lycwq5x.pdf","Asphaltenes constitute the heaviest, most polar and aromatic fraction of petroleum crucial to the formation of highly-stable water- in-crude oil emulsions. The latter occur during crude oil production as well as spills and cause difficulties to efficient remediation practice. It is thought that in nanoaggregate form, asphaltenes create elastic layers around water droplets enhancing stability of the emulsion matrix. Ultrasonic characterisation is a high-resolution non-invasive tool in colloidal analysis shown to successfully identify asphaltene nanoaggregation in toluene. The high sensitivity of acoustic velocity to molecular rearrangements and ease in implementation renders it an attractive method to study asphaltene phase properties. Currently, aggregation is thought to correspond to an intersection of two concentration-ultrasonic velocity regressions. Our measurements indicate a variation in the proximity of nanoaggregation which is not accounted for by present models. We attribute this uncertainty to physico-chemical heterogeneity of the asphaltene fraction driven by variation in molecular size and propose a critical nanoaggregation region. We treated asphaltenes from North and South American crude oils with ruthenium ion catalysed oxidation to characterise their n-alkyl appendages attached to aromatic cores. Principal component analysis was performed to investigate the coupling between asphaltene structures and velocity measurements and their impact on aggregation.","level (LVL) of petroleum biodegradation (1-10) was estimated using the Wenger et al. scales and diagnostic mass spectrometric assignments . Gas chromatograms used in biodegradation analysis are provided in the Supplementary Information (Fig. ). Biodegradation of maltenes. Biodegradation of hydrocarbons (examples are shown in Table:
 E1 has little signs of biodegradation (Fig. )). e m/z 85 mass chromatogram shows a homologous series of n-alkanes from which compounds (<C 10 ) are absent. Regular isoprenoids, such as 2,6,10,14-tetram ethylpentadecane (pristane) and 2,6,10,14-tetramethylhexadecane (phytane), are abundant (m/z 183) as are hopanes and steranes (m/z 191 and 218). erefore, E1 is classi ed as LVL 2 biodegraded. e biodegradation extent of E2 (Fig. )) is greater than that of E1, indicated by the removal of n-decane from the n-alkanes. Biodegradation of maltenes. Biodegradation of hydrocarbons (examples are shown in Table:
 e isoprenoid, hopane and sterane distributions (m/z 183, 191 and 218) are very similar to E1. erefore, E2 is is classed as LVL 2-3 biodegraded. In contrast, E3 illustrates a complete removal of n-alkanes which puts it into the heavily biodegraded range (Fig. )). Hopanes (m/z 191) are partially removed and 25-norhopanes have been formed. Sterane compounds (m/z 218) are di cult to resolve and benzoalkanes are degraded (m/z 91). However, monoaromatic steroids (m/z 253) are present, therefore E3 is estimated to be LVL 6-7 biodegraded. E4 shows signs of early biodegradation (Fig. ) and S3) with the homologous n-alkane series starting from n-C 11 . Isoprenoids, such as pristane and phytane, are detectable. Hopanes and steranes are abundant and only C 29 -norhopane has formed. erefore, E4 is estimated to be LVL 3 biodegraded. RICO of asphaltenes.:
 The products analysed from RICO are homologous series of n-alkanoic and α, ω-di-n-alkanoic fatty acid bis-methyl esters (FAME, m/z 74; DFAME, m/z 98)  . Partial and total ion chromatograms (TICs) are provided in Supplementary Information. Table"
"Acidic molecular fossils: origin, isolation and applications","https://scispace.com/paper/acidic-molecular-fossils-origin-isolation-and-applications-1z630o65","2022","Journal Article","","","10.22533/at.ed.736221412","https://scispace.com/pdf/acidic-molecular-fossils-origin-isolation-and-applications-1z630o65.pdf","","stratified water column depositional environment , perhaps due to the high salinity of a probably restricted marine environment. For A and C samples, values were 0.29 and 0.31, a non-stratified freshwater lacustrine environment. Redox and depositional environment biomarkers:
 β-Carotene is another biomarker commonly associated with salinity in the depositional environment, frequently co-occurring with the gammacerane, both in oil samples  and in sediments . Although widely distributed, its presence, in high abundance, is associated with both highly anoxic lacustrine and restricted marine depositional environments (PETERS; WALTERS; . More recent studies report high amounts of β-carotane associated with evaporated, reducing, shallow water and carbonate-rich environments . This indicator was detected in the three oil samples, with more intensity in oil B (~756 ppm) and less intensity in oils A (~330 ppm) and C (~360 ppm), indicating marine-evaporitic depositional environment for Oil B and lacustrine saline/brackish conditions for A and C .  The occurrence of 25-norhopanes in oil is commonly associated with biodegradation processes (PETERS; WALTERS; . The mechanism for the formation of these compounds is not fully understood yet, and several factors seem to influence the formation of these compounds   . Biodegradation-related biomarkers:
 There are reports of 25-norhopanes presence in source rocks (BLANC; . Nevertheless, the C 28 and C 29 demethylated hopanes are less concentrated than the C 29 hopane. Their distributions are almost always represented by the 25-norhopane C 29 , with a few members of the series instead of a complete pseudo-homologous series of C 29-35 , as commonly observed in degraded oils. In the present study, it is worth noting that even though the C sample is one with the highest level of biodegradation, the expected series of 25-norhopanes was not observed (Figure ), indicating that biodegradation did not reach advanced stages to the point of degrading biomarkers. This same conclusion can be reached from the similarity between the distribution of steranes and terpanes between samples A and C (Figure ). Biodegradation-related biomarkers:
 In the three studied samples, 25,28,29,30-tetranorhopanes (N27), and 28,29,30-trisnorhopaness (N28) is observed (Figure ). Their abundance increases according to the C > A > > B biodegradation sequence. The presence of these two compounds in a sample with a low thermal evolution degree and no evidence of biodegradation, such as sample B, does not support the hypothesis that their presence is as a result of biodegradation. Biodegradation-related biomarkers:
 On the contrary, it reinforces the hypothesis of a direct biological precursor or formation during diagenesis. However, the hypothesis that the detection of these compounds is a result of oil mixture during reservoir filling cannot be ruled out.  ."
"Origin of Nama Basin bitumen seeps: Petroleum derived from a Permian lacustrine source rock traversing southwestern Gondwana","https://scispace.com/paper/origin-of-nama-basin-bitumen-seeps-petroleum-derived-from-a-5cvc11gx1q","2008","Journal Article","Organic Geochemistry","Roger E. Summons
Janet M. Hope
Roger Swart
Malcolm R. Walter","10.1016/J.ORGGEOCHEM.2007.12.002","https://openresearch-repository.anu.edu.au/bitstream/1885/32338/2/01_Summons_Origin_of_Nama_Basin_bitumen_2008.pdf","","saturated and aromatic hydrocarbon fractions were very similar to those reported by . The hypothesis that the oils were genetically related was further supported by GC analyses showing low Pr/Ph ratio and the presence of abundant acyclic isoprenoids <C 20 . Massive vein bitumens:
 GC-MS analyses in scan, SIM and MRM modes (data not shown) gave a consistent geochemical picture for all massive and vein bitumen samples which was manifested as a very distinctive pattern  . C 30 desmethyl steranes were not detectable and, together with the high abundances of regular steranes, gammacerane, b-carotane and 3b-methylhopanes, the biomarker assemblage indicates that the precursor oils originated from rocks deposited in a saline lacustrine palaeoenvironment . For example, the characteristics of the Nama bitumens were reminiscent of samples from the Green River Formation of western USA , the Beatrice oil from the North Sea  and of saline lacustrine oils of the Atlantic Margin basins . One key age diagnostic feature of the samples was the virtual absence of 4-methylsteranes and triaromatic dinosteroids in the Nama bitumens and a sign that the hydrocarbons are Palaeozoic in age, or possibly older  [although it is known that dinosteranes do occasionally occur in low abundance in older samples ]. The paucity of dinoflagellate biomarkers clearly distinguishes the Nama bitumens from Mesozoic saline lacustrine oils of the Atlantic margins which have dinosteroids in abundance . Massive vein bitumens:
 In seeking to match the biomarker pattern more closely to known hydrocarbon accumulations, and because moderate to severe biodegradation skews diagnostic biomarker ratios , we conducted sealed tube hydrous pyrolysis experiments on polar and asphaltene fractions in an effort to generate hydrocarbons closer to the original patterns that would have prevailed in the precursor, non-biodegraded oils . The yields and bulk composition of these pyrolysates is reported in Table . GC-FID traces for three representative samples are shown in Fig. . These display a common suite of characteristics that includes an envelope of n-alkanes just beyond C 38 with a slight odd over even carbon predominance below C 18 and an overt even over odd predominance for C 20 -C 28 . Acyclic isoprenoids up to squalane are evident but dominated by <C 20 members with Pr/Ph ratio $1. Sterane and triterpane ratios are also similar to each other and significantly different to the saturated hydrocarbons of the native bitumens with reduced relative abundances of C 29 ab-hopane and gammacerane, confirming that the elevated profiles in those samples was the result of the relative resistance of these compounds to biodegradation."
"Hydrothermal Fluids and Petroleum in Surface Sediments of Guaymas Basin, Gulf of California: A Case Study","https://scispace.com/paper/hydrothermal-fluids-and-petroleum-in-surface-sediments-of-31auxkx4rh","1988","Journal Article","Canadian Mineralogist","Joris M. Gieskes
B. R. T. Simoneit
Thomas Brown
Timothy Shaw
Yong-Chen Wang
Andrew J. Magenheim","","https://scispace.com/pdf/hydrothermal-fluids-and-petroleum-in-surface-sediments-of-31auxkx4rh.pdf","Surface sediments in hydrothcrmally active zones of the Guaymas Basin, Gulf of California, have been analyzed for the inorganic chemical composition of sediments and their interstitial waters, as well as for their organic che mistry. Analysis of the inorganic constituents of vent fluids establishes end-member concentrations of hydrothermal fluids and also indicates that little change in chemical com position has occurred between 1981 and 1988. Special atten tion is given to short surface cores collected with DSV ALVIN in areas characterized by upward advection of fluids of hydrothermal origin, both in areas of strong advective flow as well as seepage through large bacterial mats of Beggiatoa. Interstitial-water compositions suggest that fluids consisting of hydrothermal and scawater components rise to the surface, often carrying a supply of sulfide of shal low origin; this in turn may serve as an energy source for the growth of sulfide-oxidizing bacteria. Studies of the com position of hydrothermally generated petroleum show that it is a condensate (C|-C2o hydrocarbons and polynuclcar aromatic hydrocarbons), and much of this material has migrated with the upward-advccling fluids from short depths below the sediment-water interface. The petroleum in the sediments is found mainly in fractures in silicacemented clasts and it is biodegraded. In the vent/mound, the petroleum is an unaltered condensate, indicating active migration that exceeds biodegradation.","to some extent due to recovery, storage, and drying. However, the remaining bitu men portion is of particular interest as it contains the heavier non-biodegraded remnants. Petroleum: The total n-heptane extracts of mud (sediment) Petroleum:
 and clasts from core 1630-ACI were analyzed by gas chromatography (GC, operating conditions as in ) and the representative traces are shown in  are identical in that their extracts consist primarily of aromatic hydrocarbons, and the same is the case for clasts 6 and 7 . Three samples from section 7 (namely sediment, ""shale"" 7, and another clast 7) are all identical . ""Shale"" 7 was analyzed by gas chromatography -mass spec trometry (GC-MS) and details are given below. The clasts from sections 8 and 9 are, however, different. Their extracts are comprised primarily of low amounts of unidentified compounds. Also, the sedi ment from section 2 contains a different suite of compounds as discussed below. Sample 1630-ACI,7 from one of the ""oil shale"" clasts in section 7 (Fig. ) was analyzed by GC-MS. The total hydrocarbons are comprised mainly of unresolved branched and cyclic components (also termed unresolved complex mixture, UCM); the major resolved chromatographic peaks are poly nuclcar aromatic hydrocarbons (PAH), thio-PAH and alkyl-PAH (Fig. ). The major PAH consist of phenanthrene (Fig. ), anthracene, fluoranthene, pyrene, benzanthracene, chrysenc, benzfluoranthene, benzpyrenes and perylene. A hightemperature component (> -300°C) reflecting hydrothermal activity is indicated by this PAH dis tribution coupled with the presence of pericondensed alicyclic PAH (e.g., . Biomarkers used as petroleum maturity indicators, such as triterpancs, steranes and extended tricyclic terpanes, are not detectable in this sample. Their absence, cou pled with the resolved compound and UCM distri butions, support an origin from a biodegraded con densate. However, various maturity indices can be calculated for the dimethylnaphthalenes (DNR) and methylphenanthrenes (MPI) (Fig. ; . These indices (Table ) are within the range typical of immature petroleums. The immaturity, coupled with the high thermal gradient and observed oil dis charges, are consistent with the interpretation of a short migration distance, for petroleum in this sam ple, from source sediment to the seabed ; the immaturity also indicates that sediment samples 6, 7 and 10, and clast sample 6, can be interpreted analogously. Long distance (> 1 km) migration at low temperature would be expected to deplete the high molecular weight PAH in the petroleum."
"Preparation of Multiwalled Carbon Nanotubes/Hydroxyl-Terminated Silicone Oil Fiber and Its Application to Analysis of Crude Oils","https://scispace.com/paper/preparation-of-multiwalled-carbon-nanotubes-hydroxyl-1l44h3i98k","2014","Journal Article","The Scientific World Journal","Shukui Zhu
Ting Tong
Wanfeng Zhang
Wei Dai
Sheng He
Zhenyang Chang
Xuanbo Gao","10.1155/2014/758043","https://scispace.com/pdf/preparation-of-multiwalled-carbon-nanotubes-hydroxyl-1l44h3i98k.pdf","A simple and efficient method to analyze the volatile and semivolatile organic compounds in crude oils has been developed based on direct immersion solid-phase microextraction coupled to comprehensive two-dimensional gas chromatography/time-of-flight mass spectrometry (DI-SPME-GC × GC/TOFMS). A novel fiber, multiwalled carbon nanotubes/hydroxyl-terminated silicone oil (MWNTs-TSO-OH), was prepared by sol-gel technology. Using standard solutions, the extraction conditions were optimized such as extraction mode, extraction temperature, extraction time, and salts effect. With the optimized conditions, a real crude oil sample was extracted and then analyzed in detail. It shows that the proposed method is very effective in simultaneously analyzing the normal and branched alkanes, cycloalkanes, aromatic hydrocarbons, and biomarkers of crude oil such as steranes and terpanes. Furthermore, the method showed good linearity (r > 0.999), precision (RSD < 8%), and detection limits ranging from 0.2 to 1.6 ng/L.","n-pentatriacontane; , n-hexatriacontane; , nheptatriacontane; , n-octatriacontane; , n-nonatriacontane; and , n-tetracontane. DI-SPME HS-SPME:
 . . . Aromatic Hydrocarbons. I tc a nbese e nfr o mFigure that GC × GC completely separates the aromatic hydrocarbons from para ns and naphthenes and shows all of them in the same chromatogram, which cannot be obtained in DGC analysis owing to the serious overlap of peaks and the lower amount of aromatic hydrocarbons relative to saturated hydrocarbons. Compared with para ns and naphthenes, aromatic hydrocarbons are located at the upper part of the D plane because of their higher polarity. In the second dimension, compounds elute in proper order from mono-, di-, to triaromatic hydrocarbons. Isomers are grouped into the same band of the chromatogram and can be recognized owing to the roof-tile e ect. e di erent groups are marked in . . . Biomarkers of Crude Oil. Polycyclic terpanes and steranes are the widely used biomarkers in petroleum geochemistry, owing to their general resistance to weathering, biodegradation, evaporation and other processes. ey can be used by geologists to interpret the characteristics of petroleum source rocks when only oil samples are availa b l e .A d d i t i o n a l l y ,t h e yc a na l s op r o v i d es o m ei m p o r t a n t information on the organic matter in the source rock and environmental conditions during its deposition and burial, the thermal maturity experienced by rock or oil, the degree of biodegradation, and some aspects of source rock mineralogy and age [ ] .B u ti nh i g hm a t u r e ,o v e rm a t u r eo i lo rs o u r c e rock, they are usually di cult to be identi ed owing to their quite low content. In this study, the polycyclic terpanes and steranes are clearly resolved and identi ed using DI-SPME-GC × GC/TOFMS. In Figure (b),theblowupofthemarked region shows the GC × GC separation of polycyclic terpanes and steranes. Compared with traditional DGC/MS methods, better separation is obtained and more trace components are identi ed. e identi cation of marked peaks is listed in Table I tc a nb es e e nf r o mFigure (b) and Table that abundant tri-and tetracyclic diterpanes appear in the crude oil, steranes show a low proportion to triterpanes, and C 29 steranes predominate over C 27 and C 28 homologs."
"Caracterização de amostras petroquímicas e derivados utilizando cromatografia gasosa bidimensional abrangente (GCxGC)","https://scispace.com/paper/caracterizacao-de-amostras-petroquimicas-e-derivados-3h7c3vnsrp","2006","Journal Article","Química Nova","Carin von Mühlen
Cláudia Alcaraz Zini
Elina Bastos Caramão
Philip J. Marriott","10.1590/S0100-40422006000400025","https://scispace.com/pdf/caracterizacao-de-amostras-petroquimicas-e-derivados-3h7c3vnsrp.pdf","The goal of this article is to discuss the application of comprehensive two-dimensional gas chromatography (GCxGC) to petrochemical samples. The use of GCxGC for petroleum and petroleum derivatives characterization, through group type analysis, or BTEX (benzene, toluene, ethylbenzene, xylenes), total aromatic hydrocarbons, polyaromatic hydrocarbons, sulfur-containing, oxygen-containing, and nitrogen-containing compounds is presented. The capability of GCxGC to provide additional specific chemical information regarding petroleum processing steps, such as dehydrogenation of linear alkanes, the Fischer-Tropsch process, hydrogenation and oligomerization is also described. In addition, GCxGC analyses of petrochemical biomarkers and environmental pollutants derived from petrochemicals are reported.","também, do estágio de maturação e degradação deste petróleo . Em casos de desastres ambientais, a caracterização da origem do petróleo pode fornecer informações para fins judiciais . BIOMARCADORES:
 As duas moléculas mais abundantes e conhecidas como biomarcadores são pristano (2,6,10,14-tetrametil-pentadecano) e fitano (2,6,10,14-tetrametil-hexadecano). Estes biomarcadores isoprenóides são derivados da degradação da clorofila ou provenientes de bactérias  . Outros biomarcadores presentes no petróleo são esteranos e triterpanos. Estes esteranos são derivados da degradação de esteróis, presentes em plantas superiores e algas. Sendo assim, apresentam átomos de carbono quirais presentes nas junções entre a estrutura tetracíclica e a ramificação alquílica da cadeia. Os triterpanos são derivados dos triterpenóides, presentes nas bactérias, e podem ser tri, tetra ou pentacíclicos. Dentre estes, o grupo mais importante geoquimicamente é o dos hopanos pentacíclicos. Existem muitos outros biomarcadores importantes, como por ex. algumas classes de compostos aromáticos alquilados, tiofenos, e outros compostos sulfurados  . A caracterização destes biomarcadores em amostras petroquímicas é uma tarefa difícil, devido à variedade de classes químicas presentes, com diferentes características de volatilidade e polaridade, baixas concentrações, além da alta complexidade inerente às amostras. A 1D-GC não é capaz de separar os biomarcadores presentes em menores quantidades, mas a identificação destes compostos pode ser feita por GC/ MS utilizando-se o EIC (""Extracted Ion Chromatogram"", Cromatograma do Íon Extraído) para isolamento de classes específicas de compostos em função de relações massa/carga (m/z) características destas classes. Por ex., quando o m/z escolhido é 156, o EIC apresenta isômeros de naftalenos substituídos com dois carbonos. Entretanto, o EIC para uma classe específica pode conter picos de compostos de outros grupamentos químicos, uma vez que moléculas diferentes podem apresentar o mesmo fragmento de massa  ."
"Avaliação geoquímica de óleos brasileiros com ênfase nos hidrocarbonetos aromáticos","https://scispace.com/paper/avaliacao-geoquimica-de-oleos-brasileiros-com-enfase-nos-3znjklcuqd","2011","Journal Article","Química Nova","Jean Romei Heckmann
Luiz Landau
Felix Thadeu Teixeira Gonçalves
Ricardo Pereira
Débora A. Azevedo","10.1590/S0100-40422011000800006","https://scispace.com/pdf/avaliacao-geoquimica-de-oleos-brasileiros-com-enfase-nos-3znjklcuqd.pdf","Aromatic compounds are still poorly evaluated in geochemical studies of Brazilian oil samples. For this reason, the objective of this work was to analyze and evaluate 26 oil samples from four Brazilian sedimentary basins. Aromatic hydrocarbon fractions have been analyzed by gas chromatography coupled to mass spectrometry. The results were also compared with previously evaluated saturated hydrocarbon data. Maturation parameters obtained using the 4- and 1-methyl-dibenzothiophenes and trimethyl-dibenzothiophenes led to the best results because a better grouping was observed. For this correlation, the samples were grouped by maturity degree enabling the routine use of these parameters to evaluate oil maturity levels.","Authors: Jean Romei Heckmann (Corresponding Author),Luiz Landau,Ricardo Pereira,Débora De,Almeida Azevedo Keywords: biomarkers, aromatic hydrocarbon, maturity evolution INTRODUÇÃO: O petróleo é uma mistura complexa composta principalmente de hidrocarbonetos saturados, hidrocarbonetos aromáticos, resinas e asfaltenos. O estudo de suas características geoquímicas por meio da análise de biomarcadores é indispensável para a indústria petrolífera. Neste contexto, é de grande importância a avaliação de parâmetros relacionados com a geração, migração e acumulação de petróleo, a fácies estratigráfica da rocha geradora, bem como as profundidades nas quais prevalecem as condições diagenéticas ótimas para a formação do petróleo. Diversas informações podem ser obtidas a partir dos biomarcadores. O grau de evolução térmica, por exemplo, pode ser monitorado através de diferentes razões de concentrações relativas entre o isômero mais estável e o menos estável. A aromatização de compostos e a degradação térmica, onde compostos menos estáveis tendem a desaparecer em relação aos mais estáveis, permite estabelecer o grau de evolução de óleos e da matéria orgânica em sedimentos. Também é possível o estabelecimento de correlações óleo/óleo e óleo/rocha geradora. Óleos de origens diferentes apresentam composições geoquímicas de biomarcadores distintas, ou seja, óleos de origem marinha e/ou terrestre produzem petróleos de características diferenciadas. Em óleos de origem marinha, a matéria orgânica é proveniente basicamente de plantas aquáticas (fitoplâncton) que conferem uma composição química totalmente diferente dos petróleos de origem terrestre, onde é expressiva a contribuição de matéria orgânica proveniente de vegetais superiores. A correlação óleo/óleo requer parâmetros comumente não alterados por processos geoquímicos, tais como biodegradação, evolução e fracionamento evaporativo. Os hidrocarbonetos aromáticos estão entre os maiores constituintes da matéria orgânica sedimentar podendo ser utilizados como biomarcadores, assim como os hidrocarbonetos saturados, esteroides e hopanos. No entanto, hidrocarbonetos aromáticos representados por alquilbenzenos, alquilnaftalenos, alquilfenantrenos e compostos aromáticos sulfurados não são formalmente considerados como biomarcadores, por terem sofrido alterações significativas na estrutura básica original em relação às suas moléculas precursoras. São, portanto, provenientes de biomarcadores, mas não guardam uma relação inequívoca com os compostos que os originaram. Ainda assim é possível aplicá-los na determinação de diversos parâmetros geoquímicos relacionados como, por exemplo, a origem da matéria orgânica, o ambiente de deposição e a evolução térmica."
"Use and trade of bitumen in antiquity and prehistory: molecular archaeology reveals secrets of past civilizations","https://scispace.com/paper/use-and-trade-of-bitumen-in-antiquity-and-prehistory-xqm4gbj0k2","1999","Journal Article","Philosophical Transactions of the Royal Society B","J. Connan","10.1098/RSTB.1999.0358","https://scispace.com/pdf/use-and-trade-of-bitumen-in-antiquity-and-prehistory-xqm4gbj0k2.pdf","Natural asphalt (or bitumen) deposits, oil seepage and liquid oil shows are widespread in the Middle East, especially in the Zagros mountains of Iran. Ancient people from northern Iraq, south–west Iran and the Dead Sea area extensively used this ubiquitous natural resource until the Neolithic period (7000 to 6000 BC). Evidence of earlier use has been recently documented in the Syrian desert near (Boeda et al. 1996) near El Kown, where bitumen–coated flint implements, dated to 40,000 BC (Mousterian period), have been unearthed. This discovery at least proves that bitumen was used by Neanderthal populations as hafting material to fix handles to their flint tools.

Numerous testimonies, proving the importance of this petroleum–based material in Ancient civilizations, were brought to light by the excavations conducted in the Near East as of the beginning of the century. Bitumen remains show a wide range of uses that can be classified under several headings.

First of all, bitumen was largely used in Mesopotamia and Elam as mortar in the construction of palaces (e.g. the Darius Palace in Susa), temples, ziggurats (e.g. the so–called ‘Tower of Babel’ in Babylon), terraces (e.g. the famous ‘Hanging Gardens of Babylon’) and exceptionally for roadway coating (e.g. the processional way of Babylon). Since the Neolithic, bitumen served to waterproof containers (baskets, earthenware jars, storage pits), wooden posts, palace grounds (e.g. in Mari and Haradum), reserves of lustral waters, bathrooms, palm roofs, etc. Mats, sarcophagi, coffins and jars, used for funeral practices, were often covered and sealed with bitumen. Reed and wood boats were also caulked with bitumen. Abundant lumps of bituminous mixtures used for that particular purpose have been found in storage rooms of houses at Ra's al–Junayz in Oman. Bitumen was also a widespread adhesive in antiquity and served to repair broken ceramics, fix eyes and horns on statues (e.g. at Tell al–Ubaid around 2500 BC). Beautiful decorations with stones, shells, mother of pearl, on palm trees, cups, ostrich eggs, musical instruments (e.g. the Queen's lyre) and other items, such as rings, jewellery and games, have been excavated from the Royal tombs in Ur. They are on view in the British Museum. With a special enigmatic material, commonly referred to as ‘bitumen mastic’, the inhabitants of Susa sculpted masterpieces of art which are today exhibited in the Louvre Museum in Paris. This unique collection is presented in a book by Connan and Deschesne (1996). Last, bitumen was also considered as a powerful remedy in medical practice, especially as a disinfectant and insecticide, and was used by the ancient Egyptians to prepare mixtures to embalm the corpses of their dead.

Modern analytical techniques, currently applied in the field of petroleum geochemistry, have been adapted to the study of numerous archaeological bituminous mixtures found in excavations. More than 700 bituminous samples have been analysed during the last decade, using gas chromatography alone and gas chromatography coupled with mass spectrometry and isotopic chemistry (carbon and hydrogen mainly). These powerful tools, focused on the detailed analysis of biomarkers in hydrocarbon fractions, were calibrated on various well–known natural sources of bitumen in Iraq, Syria, Iran, Bahrain and Kuwait. These reference studies have made it possible to establish the origins of bitumen from numerous archaeological sites and to document the bitumen trade routes in the Middle East and the Arabo–Persian Gulf.

Using a well–documented case history, Tell el ‘Oueili (5800 to 3500 BC) in South Mesopotamia, we will illustrate in this paper how these new molecular and isotopic tools can help us to recognize different sources of bitumen and to trace the ancient trade routes through time. These import routes were found to vary with major cultural and political changes in the area under study.

A second example, referring to the prehistoric period, describes bitumen traces on flint implements, dated from Mousterian times. This discovery, from the Umm El Tlel excavations near El Kown in Syria, was reported in 1996 in Boeda et al . At that time, the origin of the bitumen had not been elucidated due to contamination problems. Last year, a ball of natural oil–stained sands, unearthed from the same archaeological layer, allowed us to determine the source of the bitumen used. This source is regional and located in the Jebel Bichri, nearly 40 km from the archaeological site.

The last case history was selected to illustrate another aspect of the investigations carried out. Recent geochemical studies on more than 20 balms from Egyptian mummies from the Intermediate, Ptolemaic and Roman periods have revealed that these balms are composed of various mixtures of bitumen, conifer resins, grease and beeswax. Bitumen occurs with the other ingredients and the balms studied show a great variety of molecular compositions. Bitumen from the Dead Sea area is the most common source but some other sources (Hit in Iraq?) are also revealed by different molecular patterns. The absolute amount of bitumen in balms varies from almost zero to 30% per weight.","ANTIQUITY AND PREHISTORY: Last, bitumen was used by embalmers in Ancient Egypt to prepare mixtures allowing the preservation of the dead bodies. Examples of the so-called `black mummies' are currently visible in the British Museum. FROM LIVING ORGANISMS TO PETROLEUM: BIOMARKERS AS TOOLS IN MOLECULAR ARCHAEOLOGY:
 All remains of living organic matter and its by-products (fat, wood, oil, pigments, pitch, wax) or fossil organic matter (coal, crude oil, amber, bitumen, asphaltite) provide the analytical chemist with diagnostic molecular features. Di¤culties in archaeological artefacts are due to a constant evolution of the primary molecular spectrum through weathering processes (oxidation, photo-oxidation, water washing, biodegradation, evaporation, etc.). This step-by-step change can seriously alter the original molecular pattern, and the role of the geochemist is to establish what molecules are the most reliable for tracing Fossil fuels contain many so-called biomarkers or geochemical fossils  which are analysed by GC/MS to establish the genetic ¢ngerprint of petroleum-derived products. Among the most commonly used classes of biomarkers  are steranes and the terpanes, which occur in the C 15+ alkane fractions. Other biomarkers can also be recorded in the C 15+ aromatic fractions. Steranes (¢gure 2) are a class of polycyclic alkanes derived from steroids by moderate rearrangement. They contain between 21 and 30 carbon atoms. Cholesterol is a well-known member of the steroid family. Steroids are present in eukaryotic membranes in which they improve mechanical strength and impermeability to water. The second group of petroleum biomarkers are terpanes (¢gure 2). The most important family are the geohopanoids, which are thought to be derived from cholesterol surrogates (bacteriohopanoids) in bacterial membranes . FROM LIVING ORGANISMS TO PETROLEUM: BIOMARKERS AS TOOLS IN MOLECULAR ARCHAEOLOGY:
 In aromatic hydrocarbons various categories of molecular structure are currently found in archaeological bitumens. Speci¢c biomarkers (aromatic steroids, secohopanoids, benzohopanes, etc.) are clearly brought to the mixture by the bitumen itself. Polyaromatic hydrocarbons of pyrolytic origin, such as £uoranthene and pyrene, are indicative of thermal treatment of the bitumen or of signi¢cant contribution of charred material, e.g. soot or ash ."
"Aromatic steroids as a tool in geochemical interpretation","https://scispace.com/paper/aromatic-steroids-as-a-tool-in-geochemical-interpretation-30w5kfbthj","2015","","","I. Matyasik
W. Bieleń","","https://scispace.com/pdf/aromatic-steroids-as-a-tool-in-geochemical-interpretation-30w5kfbthj.pdf","The article describes the use of monoaromatic (MAS) and triaromatic (TAS) steroids in geochemical interpretation. So far for correlation purposes in crude oil–oil systems and crude oil–source rock, among others, biomarkers from the hopanes and steranes group or phenantrene compounds were used. Steroids can be used with equally good results as indicators of environmental sedimentation of organic matter, or a degree of thermal maturity of source rock. Steroids also find use as a carrier of information about: the genesis of organic matter (marine or non-marine) and immersion of carbonates in sediment or salinity of a sedimentary environment. The article presents the composition of triaromatic and monoaromatic steroids in samples of potential source rocks represented by: Menilite Beds of the Skole Unit, Main Dolomite of the Polish Lowland, Peribaltic Syneclise Silurian and Central Atlantic Margin (CAM).","Title: NAFTA-GAZ, ROK LXXI, Nr 6 / 2015 Authors: Irena Matyasik,Wojciech Bieleń Keywords: Monoaromatic steroids (MAS), triaromatic steroids (TAS), the geochemical correlation, sedimentation environment, the degree of thermal maturity"
"Determination And Characteristic Oil Biomarker Of Illegal Crude Oil Production Using Mass Spectroscopy in Musi Banyuasin District","https://scispace.com/paper/determination-and-characteristic-oil-biomarker-of-illegal-58ou69bub6","2018","Journal Article","","Edhi suryanto
Sri Haryati
Budhi Kuswan","10.22135/SJE.2018.3.1.6-12","https://scispace.com/pdf/determination-and-characteristic-oil-biomarker-of-illegal-58ou69bub6.pdf","South Sumatra is one of the largest petroleum producing provinces in Indonesia, especially in the region of Musi Banyuasin Petroleum resources other than legally cultivated by Pertamina as government representatives, but on the other hand the community also participate through Illegal Drilling activities This study aims to determine the hydrocarbon content and characterization of petroleum produced illegally by communities in the Sangadesa, Babattoman and Keluang districts through the biomarker analysis of the distribution of n-Alkane C10-C34 (m/z: 57), pristane, phytane, sterane C27-C29 (m/z: 217,218,259) and specific biomarker using Gas Chromatography Mass Spectroscopy agilent GCMSD 6890/5973i with data analysis using MSD Chemstation F01012317 and Library Database NIST14 Petroleum samples taken from 10 illegal wells with a depth range of 80-250 meters and production period of 3 months until 3 years Oil is produced through The illegal drilling is not the main oil source rock but the result of migration Biomarkers Hydrocarbon analysis is one of the most widely used devices for exploration geochemistry, exploitation, production and forensic environment in the assessment and determination of sources of pollution related to petroleum material and derivatives very well Keyword ; Crude oil,illegal drillling,biomarker,GC/MS,caracterization Abstrak (Indonesian) Sumatera Selatan salah satu propinsi penghasil minyak bumi terbesar di Indonesia, terutama di wilayah musi banyuasin Sumber daya minyak bumi diusahakan secara legal oleh Pertamina, namun di sisi lain masyarakat turut mengelola melalui kegiatan Pengeboran Ilegal yang menjadi permasalah sosial ekonomi yang rumit satu dekade ini Penelitian ini bertujuan untuk mengetahui kandungan biomarker hidrokarbon dan karakteristik minyak bumi yang dihasilkan secara tidak sah oleh masyarakat di kecamatan Sangadesa, Babattoman dan Keluang melalui analisis biomarker n-Alkana C10-C34 (m/ z: 57), pristane/phytane, sterane C27-C29 (m/z: 217,218,259) menggunakan Kromatografi Gas Mass Spektroskopi Agilent GCMSD 6890 / 5973i  Analisis data menggunakan MSD Chemstation F01012317 dan Library Database NIST14 Hasil penelitian meninjukan karakteristik distribusi biomarker hidrokarbon dalam sampel sampel minyak dari lokasi Babattoman dan Keluang biomarker n-Alkana C12 sampai C30 tidak ditemukan untuk menunjukkan bahwa minyak bumi memiliki biodegradasi moderat, sampel minyak dari Keban sedikit terdegradasi Rasio Pr / Ph, Pr / nC17, dan Ph / nC18 menunjukkan sumber bahan organik sumber laut yang tersimpan dalam kondisi lingkungan anoksik pengendapan Rasio diasterane / steranes untuk ekstrak yang dianalisis dan sampel minyak menunjukkan rasio rendah (0,09 - 0,23) menunjukkan batuan sumber penyimpan minyak berjenis batuan karbonat anoksik Kata kunci ; Minyak bumi, pengeboran ilegal,biomarker, karakteristik","Title: Determination And Characteristic Oil Biomarker of Illegal Crude Oil Production Using Mass Spectroscopy in Musi Banyuasin District Authors: Edhi Suryanto,Sri Haryati,Budhi Kuswan 1.Introduction:
 Biological markers (biomarkers) are complex molecular fossils derived from biochemicals, particularly lipids, in once-living organisms. Because of the biological markers can be measured in both crude oils and extracts of petroleum source rocks, they provide a method to relate the two (correlation) and can be used by geolo-gists to interpret the characteristics of petroleum source rocks when only oil samples are available. Biomarkers are also useful because they can provide information on the organic matter in the source rock (source), environmental conditions during its deposition and burial (diagenesis), the thermal maturity experienced by rock or oil (catagenesis),the degree of biodegradation, some aspects of source rock mineralogy (lithology), and age. . Because of their general resistance to weathering, biodegradation, evaporation, and other processes, biomarkers are commonly retained as indicators of petroleum contamination in the environment. They also occur with certain human artifacts, such as bitumen sealant for ancient boats, hafting material on spears and arrows, burial preservatives, and as coatings for medieval paintings. 1.Introduction:
 Biomarker and non-biomarker geochemical parameters are best used together to provide the most reliable geologic interpretations to help solve exploration, development, production, and environmental or archeological problems. Prior to biomarker work, oil and rock samples are typically screened using nonbiomarker analyses. The strength of biomarker parameters is that they provide more detailed information needed to answer questions about the source-rock depositional environment, thermal maturity, and the biodegradation of oils than non-biomarker analyses alone. Distributions of biomarkers can be used to correlate oils and extracts. For example,C27-C28-C29 steranes or monoaromatic steroids distinguish oil-source families with high precision. Cutting-edge analytical techniques, such as linked-scan gas chromatography/mass spectrometry/mass spectrometry (GC-MS/MS) provide sensitive measurements for correlation of light oils and condensates, where biomarkers are typically in low concentrations. Because biomarkers typically contain more than 20 carbon atoms, they are useful for interpreting the origin of the liquid fraction of crude oil, but they do not necessarily indicate the origin of associated gases or condensates . 1.Introduction:
 Biomarkers can be used to determine source and maturity, even for biodegraded oils. Ranking systems are based on the relative loss of n-alkanes, acyclic isoprenoids, steranes, terpanes, and aromatic steroids during biodegradation.Biomarkers in oils provide information on the lithology of the source rock. For example, the absence of rearranged steranes can be used to indicate petroleum derived from clay-poor (usually carbonate) source rocks. Abundant gammacerane in some petroleum appears to be linked to a stratified water column (e.g. salinity stratification) during deposition of the source rock."
"Lipid/bitumen maturation by hydrothermal activity in sediments of Middle Valley, leg 139","https://scispace.com/paper/lipid-bitumen-maturation-by-hydrothermal-activity-in-4bb2fz6bkq","1994","","","Bernd R. T. Simoneit","","https://scispace.com/pdf/lipid-bitumen-maturation-by-hydrothermal-activity-in-4bb2fz6bkq.pdf","The accelerated diagenesis, maturation, and catagenesis of organic matter to hydrothermal petroleum was studied in sediments from Ocean Drilling Program Leg 139 in Middle Valley, northern Juan de Fuca Ridge. Sediments at Sites 855 and 856 have experienced high heat flow resulting in accelerated diagenesis of the immature organic matter without product migration. Ruid migration through these sediments has resulted in an influx of mature organic components, yielding diverse bitumen mixtures. At Site 857 the alteration has occurred in situ to the catagenetic stage and at Site 858, the hottest holes, the hydrothermal petroleums have migrated after generation. Maturation for the rc-alkanes proceeds from high CPI values to <l .0 (i.e., strong even-carbon-number preference), and due to the low TOC these sediments do not generate high amounts of hydrocarbons from kerogen, thus revealing this unique carbon number preference. The biomarkers are converted from the biological precursors to the geological equivalents with various maturities. The organic matter is principally marine in origin and contains a significant terrigenous component, as confirmed by the alkane and biomarker distributions. High-temperature alteration yields polynuclear aromatic hydrocarbons, which in these sediments are concentrated in the high molecular weight range (>250 dalton).","as -. Implications: b P/MP = phenanthrene/methylphenanthrenes, MPI 1 = L5(3MP + 2MP) (R a dke and , MPI 2 = (_M±L . Implications:
 K }y P + 9MP+1MP P + 9MP+1MP oxygenated intermediates (e.g., ketones). The biomarkers consist of a major terrestrial component as reflected by the enrichment of the C 29 steroidal compounds and the terrigenous triterpenoids. As the thermal stress increases the biomarkers are cracked to smaller moieties; for example, the C 32 and C 35 hopanes are converted to C 27 and C 29 norhopanes. At temperatures in excess of ~280°-300°C the biomarkers are destroyed. All samples contain PAHs as is typical for hydrothermal petroleum . The low molecular weight PAHs and alkyl-PAHs (e.g., alkylnaphthalenes, phenanthrene) are depleted in the deeper sediment sections where the temperature is higher and are found enhanced in shallow immature sediments of all Leg 139 sites. This indicates extensive water/hydrothermal fluid washing of these sections, which removed the lower molecular weight PAHs because of their greater solubility and redistributed them upward, although there is no enriched interval at any depth. The major PAHs are higher molecular weight (>250 dalton) components and in contrast to other hydrothermal petroleums (e.g., Escanaba Trough, , there are significant concentrations of unknown PAHs with molecular weights >300. These PAHs represent products from the high-temperature alteration of organic matter. The PAH mixture in the Middle Valley sediments is interpreted to derive from fluid contact in excess of 350°C and selective concentration by removal of the lower molecular weight constituents. CONCLUSIONS:
 Organic compound maturation is observed at all Leg 139 sites. At locales with high heat flow resulting from hydrothermal activity, the immature organic matter is efficiently converted to hydrothermal petroleum. CONCLUSIONS:
 The compound signatures in sediments from Sites 855 and 856 reflect in situ accelerated diagenesis of the biological precursors without product migration. The biomarker tracers indicate an enrichment of terrestrial components, with a significant amount of biomarkers derived from marine autochthonous sources. Fluid migrations through these sediments have added minor amounts of dissolved organic compounds derived from higher temperature alteration (e.g., low-molecular-weight aromatic hydrocarbons) to the in-situ components, resulting in mixtures of bitumen with various maturities."
"The molecular composition and geochemical applications of asphaltenes","https://scispace.com/paper/the-molecular-composition-and-geochemical-applications-of-ixrjs0xyic","2010","Dissertation","","Aminu Bayawa Muhammad","","https://scispace.com/pdf/the-molecular-composition-and-geochemical-applications-of-ixrjs0xyic.pdf","","from Canada (C26 and C30) and one Gulf of Mexico oil (PR1) albeit in different relative abundance even amongst the Northsea oils as reflected in BNH/(BNH+C 30 ) ratio (Appendix 3C). Oil samples:
 In almost all the oils, except A39 from Abu Dhabi (Figure  The Abu Dhabi oil (Sample A39) is unusual (compared to the other oils), with respect to distribution of the tricyclic, tetracyclic and pentacyclic terpanes (Figure .16). The distribution of the terpanes in this oil is dominated by Ts followed by C 29 Ts. Furthermore, unlike other oils where C 19 tricyclic terpane occur in small amounts compared to other tricyclics, in A39 it is the dominant tricyclic terpane, followed by the C 20 homologue. In addition, C 24 tetracyclic terpanes is also unusually abundant (compared to other oils) -being the third most abundant amongst the tricyclic and tetracyclic terpanes. Steranes ranging from C 27 to C 29 were also identified in all the oils samples (Figure .17 As for the diasteranes, the C 27 to C 29 regular steranes occur in variable proportion amongst the oils. In almost all the oils, however, the dominant homologue, albeit slightly, is either C 27 or C 29 a (Appendix 3C). The Oman oils (O28 and O31) however have nearly equal proportions of all the homologues. The homologues consists of the two main isomers observed in oils namely; 5α(H),14β(H),17β(H) and 5α(H),14α(H),17α(H) consisting of the biological R and the geological S epimers due to configuration at C20 position. In most samples the geoisomers 5α(H),14β(H),17β(H) are slightly dominant over their biological 5α(H),14α(H),17α(H) counterparts as depicted by ββ/(ββ+αα) ratio (Table . 5). 5α(H),14α(H),17α(H) 20R:
 propylcholestane was also tentatively identified in the Northsea oils (Figure .17). (b) Biodegradation:
 Biodegradation is the microbial alteration of petroleum composition that often happens when hydrocarbons are exposed to microbes (mainly bacteria) under the correct condition. In general, biodegradation of petroleum shows selectivity with respect to different compounds; thus, petroleum compounds are eliminated at different rates. Consequently, the extent of biodegradation of petroleum can be estimated by examination of the pattern of removal of the composite compounds ."
"Biodegradation influence on alkylphenanthrenes in oils from Bongor Basin, SW Chad.","https://scispace.com/paper/biodegradation-influence-on-alkylphenanthrenes-in-oils-from-3l7m212e33","2019","Journal Article","Scientific Reports","Haiping Huang
Haiping Huang
Zhiqiang Li
Zhigang Wen
Denglin Han
Renfang Pan","10.1038/S41598-019-49495-1","https://scispace.com/pdf/biodegradation-influence-on-alkylphenanthrenes-in-oils-from-3l7m212e33.pdf","Oil samples from the Bongor Basin, SW Chad have been geochemically characterized to investigate the biodegradation influence on alkylphenanthrenes. Concentrations of C0-3-alkylphenanthrenes (C0-3Ps) increase markedly after level 6 biodegradation due to the removal of other vulnerable components, decrease sharply after level 7 biodegradation and approach to absence at level 8. Phenanthrene appears to have higher ability to resist biodegradation than C1-3Ps at certain biodegradation levels (≤level 7) due to demethylation, which has been inferred as a possible reaction process during biodegradation of the aromatic hydrocarbons. The enrichment of non-alkylated phenanthrene in biodegraded oils makes biodegradation assessment complicated on the basis of alkylphenanthrene distributions. Individual isomers in alkylphenanthrenes exhibit variable ability to resist biodegradation influence. While certain isomers do show higher ability to resist biodegradation than others, no uniform biodegradation sequence can be established. Meanwhile, the biodegradation susceptibility between hopanes and alkylphenanthrenes varies greatly in different samples. The biodegradation systematics of alkylphenanthrenes proves to be highly complex, which may be indicative of the multiple charges and mixing during biodegradation.","can be illustrated by unusually low relative proportion of C1Ps in this sample. Microbial demethylation was obviously complicated by the possibility of the simultaneous biodegradation of parent compound and alkylated compounds at PM level 7. Nevertheless, when biodegradation approaches to more advanced stage (PM level > 7), the C3Ps are more recalcitrant to biodegradation than less alkylated counterparts. Discussion:
 Our study suggests that demethylation is an important step in alkylphenanthrene biodegradation especially for the formation of non-alkylated phenanthrene while the controlling factors for such reaction are still not clear. Demethylation of highly alkylated aromatic hydrocarbons to form low degree of alkylation counterparts may cause misjudgment of biodegradation influence especially when the chromatograms are simply used. In a Monco scale  , five increasing levels of biodegradation (0-4) have been described as 'pristine' , 'light' , 'moderate' , 'heavy' and 'depleted' for each compound class. The light biodegradation (Manco level 1) of alkylphenanthrenes was characterized by altered phenanthrene and 1-MP but unaltered C2Ps, the Manco level 2 was characterized by altered C0-2Ps with some resistant isomers, the Manco level 3 was characterized by removal of most of the C2P isomers and Manco level 4 contained no residual C0-3Ps. Sequential biodegradation from low degree of alkylation to high degree of alkylation has been formatted in Manco scale calculation. However, if demethylation plays the role, the Manco score assignment would be complicated and might cause some confusion. Concentration coupled with visualization diagnosis might be better solution for biodegradation influence assessment."
"The use of biological markers in organic geochemical investigations of the origin and geological history of crude oils (I) and in the assessment of oil pollution of rivers and river sediments of Serbia (II)","https://scispace.com/paper/the-use-of-biological-markers-in-organic-geochemical-3h3pp1qc","2022","Journal Article","Journal of The Serbian Chemical Society","","10.2298/jsc210701072j","https://scispace.com/pdf/the-use-of-biological-markers-in-organic-geochemical-3h3pp1qc.pdf","Biological markers (BMs) are organic compounds in oils in which a precursor is known, and during the transformation of organic matter these compounds undergo certain structural and stereochemical changes. Based on the established precursors of BMs, the origin of the examined oils can be estimated, and based on the intensity and the type of changes and also geological history. It includes defining the deposition medium, the degree of maturation, the length of the oil migration path, the degree of biodegradation. The most studied and applied BMs are normal alkanes, isoprenoid aliphatic alkanes pristane and phytane, and polycyclic alkanes of the sterane and terapane type. On the other hand, in the environmental chemistry, these compounds can significantly contribute to the identification of petroleum pollutants, as well as to the assessment of the migration mechanism and the intensity of biodegradation. This review paper first presents the results related to the application of BMs in the organic geochemical correlations of oil in the south-eastern part of the Pannonian Basin (I). The second part provides an overview of those researches in which the same BMs were used in the identification of oil pollutants and in monitoring their changes during the migration and the biodegradation in rivers and river sediments of Serbia (II). ","Serbia, as well as the process of identifying oil pollutants and monitoring its fate in rivers and river sediments in Serbia, in the last three dec-ades, have shown which biological markers can be used as the geochemical, i.e., chemical tool. CONCLUSIONS:
 In the first case, n-alkanes, isoprenoid aliphatic alkanes, diasteranes, steranes, tricyclic and tetracyclic diterpanes and pentacyclic triterpanes enabled a very successful assessment of the type of oil biomass precursor and classified the tested oils from one or more oil fields. Furthermore, they allowed the assessment of the sedimentation environment, the degree of maturation, the length of the migration path from the source to the reservoir rock and the degree of biodegradation in the reservoir rocks."
"The use of biological markers in organic geochemical investigations of the origin and geological history of crude oils (I) and in the assessment of oil pollution of rivers and river sediments of serbia (II)","https://scispace.com/paper/the-use-of-biological-markers-in-organic-geochemical-4ljiqaz5z1","2021","Journal Article","Journal of The Serbian Chemical Society","Branimir Jovančićević
Gordana Đ. Gajica
Gorica Veselinović
Milica Kašanin-Grubin
Tatjana Šolević-Knudsen
Snežana Štrbac
Aleksandra Šajnović","10.2298/JSC210701072J","https://scispace.com/pdf/the-use-of-biological-markers-in-organic-geochemical-4ljiqaz5z1.pdf","Biological markers (BMs) are organic compounds in oils in which a precursor is known, and during the transformation of organic matter these compounds undergo certain structural and stereochemical changes. Based on the established precursors of BMs, the origin of the examined oils can be esti­mated, and based on the intensity and the type of changes and also  geo­logical history. It includes defining the deposition medium, the degree of mat­uration, the length of the oil migration path, the degree of biodegradation. The most stu­died and applied BMs are normal alkanes, isoprenoid aliphatic alkanes pristane and phytane, and polycyclic alkanes of the sterane and terapane type. On the other hand, in the environmental chemistry, these compounds can sig­nificantly contribute to the identification of petroleum pollutants, as well as to the assess­ment of the migration mechanism and the intensity of biodegradation. This review paper first presents the results related to the application of BMs in the organic geochemical correlations of oil in the south-eastern part of the Pan­non­ian Basin (I). The second part provides an overview of those researches in which the same BMs were used in the identification of oil pollutants and in monitoring their changes during the migration and the biodegradation in rivers and river sediments of Serbia (II).","Serbia, as well as the process of identifying oil pollutants and monitoring its fate in rivers and river sediments in Serbia, in the last three dec-ades, have shown which biological markers can be used as the geochemical, i.e., chemical tool. CONCLUSIONS:
 In the first case, n-alkanes, isoprenoid aliphatic alkanes, diasteranes, steranes, tricyclic and tetracyclic diterpanes and pentacyclic triterpanes enabled a very successful assessment of the type of oil biomass precursor and classified the tested oils from one or more oil fields. Furthermore, they allowed the assessment of the sedimentation environment, the degree of maturation, the length of the migration path from the source to the reservoir rock and the degree of biodegradation in the reservoir rocks."
"Normal phase high performance liquid chromatography for fractionation of organic acid mixtures extracted from crude oils.","https://scispace.com/paper/normal-phase-high-performance-liquid-chromatography-for-5cduj5r1vi","2007","Journal Article","Journal of Chromatography A","Anne Eva Borgund
Kristin Erstad
Tanja Barth","10.1016/J.CHROMA.2007.03.046","","","low API gravity, high viscosity, high content of sulphur and acidic compounds. These oils are often severely biodegraded. Classifications of petroleum constituents: The process of biodegradation is described in the next section (Section 2.3) Biodegradation:
 Petroleum biodegradation is the alteration of crude oil caused by living organisms . For a long time it was assumed that hydrocarbon degradation only was possible in the presence of oxygen, the processes being carried out by aerobic bacteria (oxygen electron acceptors) . However, it has been recognised that anaerobic bacteria (bacteria that utilise other electron acceptors than oxygen, e.g. sulphates and nitrates) also are capable of hydrocarbon degradation in subsurface petroleum reservoirs . Some authors suggest that the latter described process may be predominant in deep subsurface petroleum biodegradation . There has also been reported about certain facultative microorganisms that possess the ability to exist under both aerobic and anaerobic conditions . The biodegradation processes are controlled by conditions that support microbial life and suit the specific bacteria, important factors being reservoir temperature, water pH, salinity-and nutrient concentrations and the accessibility to electron acceptors and hydrocarbons . Biodegradation has a negative impact on the oil quality and renders both the oil recovery and refining process difficult, as the molecular changes that takes place in the oil as a result of biodegradation make the oil increasingly ""heavier"" (as discussed in Section 2.2). Biodegradation:
 The process is generally considered to be selective and quasi-stepwise, CHAPTER 2. CRUDE OIL based on the view that microorganisms prefer certain constituents of the crude oil above others. Although the rates at which the different petroleum hydrocarbons are degraded are not fully understood and the systems are very complex , the removal of the hydrocarbons has generally been found, very briefly stated, to happen in the following succession: n-alkanes, isoprenoids and other branched alkanes, cyclic alkanes and aromatic hydrocarbons. However, this is also dependent of the type of microorganism, as individual organisms can be very specific for the hydrocarbon substrates they can metabolise . Several schemes for qualitative assessment of biodegradation levels are reported in the literature, two of the most well-known being the Peters and Moldowan (PM) scale  that emphasises moderate to severe biodegradation levels, and a modified scheme by Wenger et al.  that expands the assessment of initial/moderate stages of biodegradation. In a recent paper by Elias et al.  an improved method of biodegradation assessment is proposed. This approach allows for a quantification of the extent of depletion of individual hydrocarbons within series of related oils.  tion . However, during the same processes acids can also be removed, utilised as substrates for growth by the bacteria . Studies on biodegradation of naphthenic acids in the laboratory support this . Hence, these polar acidic compounds are not as bioresistant as once believed. Acidic constituents of petroleum and interfacial properties are described in more detail in the next sections (Sections 2.4-2.5)."
"Changes in Crude Oil Composition during Laboratory Biodegradation: Acids and Oil–Water, Oil–Hydrate Interfacial Properties","https://scispace.com/paper/changes-in-crude-oil-composition-during-laboratory-c4bwtckrtz","2009","Journal Article","Energy & Fuels","Kristin Erstad
Ina Hvidsten
Kjell Magne Askvik
Tanja Barth","10.1021/EF900038Z","https://scispace.com/pdf/changes-in-crude-oil-composition-during-laboratory-c4bwtckrtz.pdf","The process of reservoir biodegradation imposes significant effects on crude oil quality, in terms of chemical composition and physical properties. In the present work the impact of 10 months of anaerobic and aerobic laboratory biodegradation on a crude oil has been studied separately. The processes has been carried out by means of two pure, novel bacterial strains, and the two biodegraded oils have been compared to the original nonbiodegraded crude oil. It is observed that the distribution of hydrocarbons, SARA (saturated hydrocarbons, aromatic hydrocarbons, resins, asphaltenes) fractions, interfacial tension between oil and water, and oil density are affected very differently in the two different systems. Moreover, the anaerobic and aerobic processes have increased the amounts of acids of the oil. High performance liquid chromatography (HPLC) and Fourier transform infrared (FTIR) studies reveal significant differences in the composition of the acid extracts. The effects of the types of acid extracts on ...","low API gravity, high viscosity, high content of sulphur and acidic compounds. These oils are often severely biodegraded. Classifications of petroleum constituents: The process of biodegradation is described in the next section (Section 2.3) Biodegradation:
 Petroleum biodegradation is the alteration of crude oil caused by living organisms . For a long time it was assumed that hydrocarbon degradation only was possible in the presence of oxygen, the processes being carried out by aerobic bacteria (oxygen electron acceptors) . However, it has been recognised that anaerobic bacteria (bacteria that utilise other electron acceptors than oxygen, e.g. sulphates and nitrates) also are capable of hydrocarbon degradation in subsurface petroleum reservoirs . Some authors suggest that the latter described process may be predominant in deep subsurface petroleum biodegradation . There has also been reported about certain facultative microorganisms that possess the ability to exist under both aerobic and anaerobic conditions . The biodegradation processes are controlled by conditions that support microbial life and suit the specific bacteria, important factors being reservoir temperature, water pH, salinity-and nutrient concentrations and the accessibility to electron acceptors and hydrocarbons . Biodegradation has a negative impact on the oil quality and renders both the oil recovery and refining process difficult, as the molecular changes that takes place in the oil as a result of biodegradation make the oil increasingly ""heavier"" (as discussed in Section 2.2). Biodegradation:
 The process is generally considered to be selective and quasi-stepwise, CHAPTER 2. CRUDE OIL based on the view that microorganisms prefer certain constituents of the crude oil above others. Although the rates at which the different petroleum hydrocarbons are degraded are not fully understood and the systems are very complex , the removal of the hydrocarbons has generally been found, very briefly stated, to happen in the following succession: n-alkanes, isoprenoids and other branched alkanes, cyclic alkanes and aromatic hydrocarbons. However, this is also dependent of the type of microorganism, as individual organisms can be very specific for the hydrocarbon substrates they can metabolise . Several schemes for qualitative assessment of biodegradation levels are reported in the literature, two of the most well-known being the Peters and Moldowan (PM) scale  that emphasises moderate to severe biodegradation levels, and a modified scheme by Wenger et al.  that expands the assessment of initial/moderate stages of biodegradation. In a recent paper by Elias et al.  an improved method of biodegradation assessment is proposed. This approach allows for a quantification of the extent of depletion of individual hydrocarbons within series of related oils.  tion . However, during the same processes acids can also be removed, utilised as substrates for growth by the bacteria . Studies on biodegradation of naphthenic acids in the laboratory support this . Hence, these polar acidic compounds are not as bioresistant as once believed. Acidic constituents of petroleum and interfacial properties are described in more detail in the next sections (Sections 2.4-2.5)."
"Subsurface and petroleum geology of the southwestern Santa Clara Valley (""Silicon Valley""), California","https://scispace.com/paper/subsurface-and-petroleum-geology-of-the-southwestern-santa-1eky7581bh","2002","Other","","Richard G. Stanley
Robert C. Jachens
Paul G. Lillis
Robert J. McLaughlin
Keith A. Kvenvolden
Frances D. Hostettler
Kristin McDougall
Leslie B. Magoon","10.3133/PP1663","https://scispace.com/pdf/subsurface-and-petroleum-geology-of-the-southwestern-santa-1eky7581bh.pdf","Gravity anomalies, historical records of exploratory oil wells and oil seeps, new organic-geochemical results, and new stratigraphic and structural data indicate the presence of a concealed, oil-bearing sedimentary basin beneath a highly urbanized part of the Santa Clara Valley, Calif. A conspicuous isostatic-gravity low that extends about 35 km from Palo Alto southeastward to near Los Gatos reflects an asymmetric, northwest-trending sedimentary basin comprising low-density strata, principally of Miocene age, that rest on higher-density rocks of Mesozoic and Paleogene(?) age. Both gravity and well data show that the low-density rocks thin gradually to the northeast over a distance of about 10 km. The thickest (approx 4 km thick) accumulation of low-density material occurs along the basin's steep southwestern margin, which may be controlled by buried, northeast-dipping normal faults that were active during the Miocene. Movement along these hypothetical normal faults may been contemporaneous (approx 17-14 Ma) with sedimentation and local dacitic and basaltic volcanism, possibly in response to crustal extension related to passage of the northwestward-migrating Mendocino triple junction. During the Pliocene and Quaternary, the normal faults and Miocene strata were overridden by Mesozoic rocks, including the Franciscan Complex, along northeastward-vergent reverse and thrust faults of the Berrocal, Shannon, and Monte Vista Fault zones. Movement along these fault zones was accompanied by folding and tilting of strata as young as Quaternary and by uplift of the modern Santa Cruz Mountains; the fault zones remain seismically active. We attribute the Pliocene and Quaternary reverse and thrust faulting, folding, and uplift to compression caused by local San Andreas Fault tectonics and regional transpression along the Pacific-North American Plate boundary. Near the southwestern margin of the Santa Clara Valley, as many as 20 exploratory oil wells were drilled between 1891 and 1929 to total depths as great as 840 m. At least one pump unit is still standing. Although no lithologic or paleontologic samples are available from the wells, driller's logs indicate the presence of thick intervals of brown shale and sandstone resembling nearby outcrops of the Miocene Monterey Formation. Small amounts of oil and gas were observed in several wells, but commercial production was never established. Oil from the Peck well in Los Gatos is highly biodegraded, contains biomarkers commonly found in oils derived from the Monterey Formation, and has a stable-C-isotopic (δ 1 3 C) composition of -23. 32 permil, indicating derivation from a Miocene Monterey Formation source rock. Preliminary calculations suggest that about I billion barrels of oil may have been generated from source rocks within the Monterey Formation in the deepest part of the subsurface sedimentary basin between Los Gatos and Cupertino. Most of this oil was probably lost to biodegradation, oxidation, and leakage to the surface, but some oil may have accumulated in as-yet-undiscovered structural and stratigraphic traps along the complex structural boundary between the Santa Clara Valley and the Santa Cruz Mountains. Although some of these undiscovered accumulations of oil may be of commercial size, future petroleum exploration is unlikely because most of the area is currently devoted to residential, recreational, commercial, and industrial uses.","0.89 in oil from the Sargent oil fi eld, 0.90 in oil from the Petaluma oil fi eld, and 0.96 in oil from the La Honda oil fi eld (P.G. . Biomarkers:
 Biomarkers (or biological markers) are organic compounds in crude oils and sedimentary rocks that can be linked to specifi c biological precursor molecules found in living organisms . Biomarkers are essentially molecular fossils that have been used to correlate oils with their source rocks and to investigate the effects of biodegradation, thermal maturation, and other processes which infl uence the composition of petroleum. Two of the most commonly used suites of biomarkers are terpanes and steranes, which are monitored by gas chromatography-mass spectrometry (GC-MS) using SIM, which monitors triterpanes (including hopanes at an m/z ratio of 191 and biodegraded hopanes or 25-norhopanes at an m/z ratio of 177) and steranes (at an m/z ratio of 217). Biomarkers:
 Gas-chromatographic data on the saturated hydrocarbons, including biomarkers, indicate that oil from the Peck well is biodegraded. The absence of n-alkanes and the large unresolved complex mixture (UCM) in the mass chromatogram (fi g. 11A) are indicators of at least moderate biodegradation. Heavy biodegradation of the oil ) is indicated by the dominance of a series of C 27−32 25-norhopanes relative to the regular αβ-hopanes common to nonbiodegraded mature oils, as well as the high concentrations of diasteranes relative to steranes . Derivation of oil in the Peck well from a Miocene Monterey Formation source rock is suggested by the low but discernible concentration of 28,30-bisnorhopane, which is common and expected in oils derived from that formation elsewhere in California , and by a characteristic ""triplet"" ratio {[C 26 tricyclic terpane (S-epimer)+C 26 tricyclic terpane (R-epimer)]/C 24 tetracyclic terpane=∼5-6} that is typical of Monterey Formation oils ."
"Avaliação geoquímica de biomarcadores ocluídos em estruturas asfaltênicas","https://scispace.com/paper/avaliacao-geoquimica-de-biomarcadores-ocluidos-em-estruturas-n6t6c0zy0s","2009","Journal Article","Química Nova","Débora A. Azevedo
Taís Freitas da Silva
Daniel Bastos da Silva","10.1590/S0100-40422009000700017","https://scispace.com/pdf/avaliacao-geoquimica-de-biomarcadores-ocluidos-em-estruturas-n6t6c0zy0s.pdf","Asphaltenes from two Brazilian crude oils were submitted to mild oxidation to disrupt their structure, releasing the occluded oil. The released hydrocarbons were compared with those from the original crude oil, and used to evaluate the alteration of the oils, especially as a result of biodegradation, but also thermal maturity. The crude oils used are depleted in n-alkanes, which are usually related to biodegradation. However, the released products from the corresponding asphaltenes have n-alkane distributions from nC10 to nC40, suggesting a protection effect from biodegradation. The m/z 191 mass chromatograms showed higher relative intensities for tricyclic terpanes than the hopanes in the crude in comparison with the released ones.","Keywords: asphaltenes, biodegradation, occluded biomarkers"
"Quantitative Oil Source-Fingerprinting Techniques and Their Application to Differentiating Crude Oil in Coastal Marsh Sediments","https://scispace.com/paper/quantitative-oil-source-fingerprinting-techniques-and-their-1h5wbbczmn","2016","","","Buffy Marie Meyer","","https://scispace.com/pdf/quantitative-oil-source-fingerprinting-techniques-and-their-1h5wbbczmn.pdf","","and other metrics, like calculation of the biodegradation ranking , should be performed. Low petrogenic content, which will translate into low instrument responses, may affect the calculation of the diagnostic ratios, and is an important consideration when making all conclusions. CONCLUSIONS:
 Diagnostic biomarker ratios are most robust in the early stages of a spill and its impacts (beginning of spill to up to 1 year after). The environmental conditions where oil is deposited, however, will greatly alter its weathering path, and therefore, its chemical composition. The eventual degradation of petroleum biomarkers has been documented by . Degradation greatly depends on whether or not oil residues remain at the surface or if they are buried in anoxic conditions.  found that petroleum biomarkers were degraded upon exposure for 24 years in surface sediments of salt marsh.  found that homohopanes and triaromatic steroids in surface photooxidation, respectively.  further demonstrated the profound effect of photooxidation on the degradation of triaromatic steroids with laboratory irradiation experiments. The potential weathering of the biomarkers could adversely affect the application of diagnostic ratio analysis. Additional diagnostic ratios, or more advanced oil sourcefingerprinting techniques, therefore, may be necessary as the length of time the oil resides in sediment increases. CONCLUSIONS:
 The diagnostic biomarker ratios determined in this chapter will be applied to sediment samples collected throughout Louisiana's coastal marshes from 2010 to 2015 (Chapter 4). The suite of MC252 diagnostic biomarker ratio analysis was able to differentiate amongst the other South Louisiana crude oils. This is especially important in environments where more than one source of petroleum contamination is entirely possible (e.g., Louisiana). The samples were collected from areas that were initially unimpacted prior to MC252 oil moving ashore, after which most of these sites were then documented as impacted. The diagnostic biomarker ratios calculated for oil residues detected in these sediment samples will be statistically compared to the same diagnostic biomarker ratios of MC252 source oil using the procedure in this chapter. CONCLUSIONS:
 Oil residues in the coastal marsh sediments can then be classified as either a match, probable match, inconclusive, or non-match to MC252 oil. team. Aerial observers are trained to describe the appearance of oil floating on water based on oil or sheen color (e.g., black or brown, light, silver, or rainbow) and oil texture (e.g., streamers, mousse, tarballs, tarmats), and these descriptions are then used to assess oil movement, implement appropriate countermeasures, and assess the status of pollution distribution . The SCAT teams collect data on shoreline habitats, the type and degree of shoreline oiling conditions, site-specific physical processes, and resources at risk, which is used to support cleanup guidelines and endpoints ."
"Application of biomarker compounds as tracers for sources and fates of natural and anthropogenic organic matter in the environment","https://scispace.com/paper/application-of-biomarker-compounds-as-tracers-for-sources-ha7e90amzy","1999","Dissertation","","Daniel R. Oros","","https://scispace.com/pdf/application-of-biomarker-compounds-as-tracers-for-sources-ha7e90amzy.pdf","approved: Bernd R.T. Simoneit Determination of the source and fate of natural (higher plant lipids, marine lipids, etc.) and anthropogenically (e.g., petroleum, coal emissions) derived hydrocarbons and oxygenated compounds in the environment was accomplished using gas chromatography (GC) and gas chromatography-mass spectrometry (GCMS) to characterize or identify molecular biomarkers to be utilized as tracers. The distributions and abundances of biomarkers such as straight chain homologous series (e.g., n-alkanes, n-alkanoic acids, n-alkan-2-ones, n-alkanols, etc.) and cyclic terpenoid compounds (e.g., sesquiterpenoids, diterpenoids, steroids, triterpenoids) were identified in epicuticular waxes from conifers of western North America (natural emissions). These biomarkers and their thermal alteration derivatives were also identified in smoke emissions from known vegetation sources (e.g., conifers, deciduous trees and grasses) and were then applied as tracers in soils, soils that contained wildfire residues and soillriver mud washout after wildfire burning. Where possible, the reaction pathways of transformation from the parent precursor compounds to intermediate and final alteration products were determined from GCMS data. In addition, molecular tracer analysis was applied to air, water and sediment samples collected from a lacustrine setting (Crater Lake, OR) in order to determine the identities, levels and fates of anthropogenic (i.e., petroleum hydrocarbon contamination from boating and related activities) hydrocarbons in a pristine organic matter sink. This work demonstrated that biomarker tracer analysis is a useful tool for developing environmental management and pollution mitigation strategies. Redacted for Privacy","due to enhanced concentration effects based on aqueous solubility. The n-alkanes decrease in abundance which is possibly due to selective microbial degradation and physical removal based on their lower aqueous solubility, because of their hydrophobic nature. Major Biomarker Tracers:
 The major biomarkers to be applied as potential tracers for soil organic matter are primarily natural products and their alteration derivatives (Table .3). The phytosterols which are proposed as tracers for soil containing vascular plant organic matter include -sitosterol, campesterol and stigmasterol, which are constituents of plant lipid membranes and waxes. Cholesterol may be useful for soils with algal and faunal detritus. Of the phytosterol alteration derivatives the proposed tracers for soil are 24-ethyl-4-methyl-1 9-norcholesta-1,3,5(1 0)-triene, stigmasta-3 ,5-diene and stigmasta-4,6-diene. Their presence suggests that alteration is mediated primarily by thermal processes. Stigmasta-3,5-dien-7-one may be an oxidative or microbially altered product in soils.    The triterpenoids which are proposed as potential biomarker tracers for soil include a-amyrin, -amyrin and 3a-lupeol. They are major constituents of angiosperms. Major Biomarker Tracers:
 The triterpenoid derivatives from thermal alteration (burning) and proposed as tracers are mainly a-amyrone and 3-amyrone. Major Biomarker Tracers:
 The diterpenoid tracers proposed for soil from conifer forests are alteration derivatives from resin components which include dehydroabietic acid, dehydroabietane, 1 8-norabieta-8, 11,1 3-triene, 1 8-norabieta-4,8, 11,1 3-tetraene, 7oxodehydroabietic acid, 7-oxo-16,17-bisnordehydroabietic acid and isopimara-7,15diene. The diterpenoids are major constituents of gymnosperm resins and the alteration products described here are derived from oxidative and thermal degradation processes. CONCLUSIONS:
 The distributions and abundances of homologous compound series and biomarkers in soils are influenced by origin, extent of thermal alteration and bioavailability. The representative chemical fingerprints imparted to soils show n-alkanoic acids > n- alkanes > n-alkanols > phytosterols > other terpenoids. This distribution may vary slightly between landscapes and biomes depending on the origin (vegetation cover) and physicallchemical characteristics of the soil."
"Organic geochemistry - A retrospective of its first 70 years","https://scispace.com/paper/organic-geochemistry-a-retrospective-of-its-first-70-years-2midfixqkr","2006","Journal Article","Organic Geochemistry","Keith A. Kvenvolden
Keith A. Kvenvolden","10.1016/J.ORGGEOCHEM.2005.09.001","https://zenodo.org/record/1000677/files/article.pdf","","v. 12, n. 1 Organic Geochemistry became ''The Official Journal of EAOG'' with co-editors Earl Baker and Pieter Schenck. To date seven individuals have served as Editors of Organic Geochemistry (Fig. ). Textbooks in Organic Geochemistry:
 In addition to the journal Organic Geochemistry, several books and compilations of papers have been prepared which serve as textbooks on the subject. Table  lists the Proceedings of IMOG. Each of these 21 (as of 2005) compilations of papers is assembled under the title ''Advances in Organic Geochemistry'' and presents an up-to-date view of organic geochemistry as of the date of each IMOG conference. Examples of textbooks containing   . Kerogen -Insoluble Organic Matter from Sedimentary Rocks. Editions Technip, France, 519p    . American Association of Petroleum Geologists, USA, 660p Degens, E.T., 1989. Perspectives on Biogeochemistry. Springer-Verlag, Germany, 423p Moldowan, R.M., Albrecht, P., Philp, R.P., 1992. Biological Markers in Sediments and Petroleum, Prentice-Hall, USA, 411p Whelan, J.K., Farrington, J.W., 1992. Organic Matter: Productivity, Accumulation, and Preservation in Recent and Ancient Sediments. Textbooks in Organic Geochemistry:
 Columbia University Press, USA, 533p Engel, M.H., Macko, S.A., 1993. Organic Geochemistry -Principles and Applications. Plenum Press, USA, 861p Textbooks in Organic Geochemistry:
 Table  Examples of Organic Geochemistry textbooks in which the content has been prepared by the listed textbook authors Swain, F.G., 1970. Non-marine Organic Geochemistry. Cambridge University Press, UK, 445p . Organic Geochemistry for Exploration Geologists. Burgess, USA, 151p . Petroleum Formation and Occurrence. second ed. Springer-Verlag, Germany, 699p Philp, R.P., 1985. Fossil Fuel Biomarkers -Applications and Spectra. Elsevier, The Netherlands, 294p Waples, D.W., 1985. Geochemistry in Petroleum Exploration. International Human Resources Development Corporation (IHRDC), USA, 232p Waples, E.W., Machihara, T., 1991. Biomarkers for Geologists -A Practical Guide to the Application of Steranes and Triterpanes in Petroleum Geology, AAPG Methods in Exploration No. 9, American Association of Petroleum Geologists, USA, 91p Killops, S.D., Killops V.J., 1993. An Introduction to Organic Geochemistry. Longman Group, UK, 265p Peters, K.E., Moldowan, J.M., 1993. The Biomarker Guide -Interpreting Molecular Fossils in Petroleum and Ancient Sediments."
"Oil–source correlation studies in the shallow Berea Sandstone petroleum system, eastern Kentucky","https://scispace.com/paper/oil-source-correlation-studies-in-the-shallow-berea-wmzqw9f6ry","2021","Journal Article","AAPG Bulletin","Paul C. Hackley
Thomas M. Parris
Cortland F. Eble
Stephen F. Greb
David C. Harris","10.1306/08192019077","https://scispace.com/pdf/oil-source-correlation-studies-in-the-shallow-berea-wmzqw9f6ry.pdf","","R 2 = 0.93). Biomarker Characterization from Gas Chromatography-Mass Spectrometry: The strong correlations present in their concentrations also suggest that ratios of individual hopane and steranes will remain relatively constant among Berea oils. Biomarker Characterization from Gas Chromatography-Mass Spectrometry:
 The C 31 -C 35 homohopane distributions also are very similar among the oil samples (Figure ; Table ), again implying a genetic relationship . The C 35 hopane was not detected in oil samples from the EQT 572356 or Jayne Heirs H1 wells in Johnson County. As compared to Berea oils, homohopane distributions in source rock solvent extracts generally show higher concentrations of C 31 , lower concentrations of C 32-33 , lower-to-similar concentrations of C 34 , and similar concentrations of C 35 . With minor exceptions, as illustrated in Figure , the average values of homohopane relative abundances are very similar for the different source rock candidate solvent extracts and are also similar to the Berea oils. Biomarker Characterization from Gas Chromatography-Mass Spectrometry:
 Aromatic biomarker results are compiled in Table . Methylphenanthrene index (MPI)v a l u e s( R a d k e and Welte, 1983) show a narrow range of 0.61-0.70 in oils and a broader range of 0.46-1.05 in solvent extracts. Ratios of dibenzothiophene to phenanthrene (DBT/P)  are uniformly low for oils and solvent extracts, ranging from 0.01 to 0.65. Biomarker Characterization from Gas Chromatography-Mass Spectrometry:
 Values for alkyl-dibenzothiophene ratio (MDR) ) range from 0.45 to 16.92 (discounting the ratio of 162 reported for high-maturity sample EQT 504353 3940.2 ft). Triaromatic steroid ratios also are included in Table , and although, in some cases, they show strong positive correlations to other triaromatic ratios, these values are poorly related to thermal maturity as determined by VR o or saturate biomarker rat i o s .T h i sf e a t u r eo ft h ed a t as e tm a yb ec a u s e db y poor signal in some m/z 231 fragmentograms, particularly in higher-maturity samples."
"Geochemical evaluation of crude oils in the llanos orientales basin","https://scispace.com/paper/geochemical-evaluation-of-crude-oils-in-the-llanos-3ivaeiuz","2023","Journal Article","Ingeniería Investigación y Desarrollo","","10.19053/1900771x.v23.n1.2023.15441","https://scispace.com/pdf/geochemical-evaluation-of-crude-oils-in-the-llanos-3ivaeiuz.pdf","El área del presente estudio se localiza en la cuenca de los Llanos Orientales, en la cual se realizó como objetivo principal una evaluación geoquímica de crudos en las provincias geológicas y de producción: Piedemonte, Arauca, Casanare y MetaVichada a partir de información relacionada con parámetros bulk, cromatografía de gases y biomarcadores. Se analizaron los datos por cada una de las provincias y se reorganizaron de acuerdo con la formación geológica correspondiente a la roca reservorio indicada para cada muestra de crudo de donde resultaron 576 muestras de crudos con la información que permitió relacionar algunos compuestos del petróleo y definir los ambientes de depósito de las facies de las rocas generadoras de los crudos, identificar procesos de biodegradación y mezclas de crudos. De igual manera, se realizaron mapas donde se clasificaron los crudos de acuerdo a su calidad. Se logró establecer que los crudos de mejor calidad pertenecen al sector Piedemonte en la Formación Mirador. Por otra parte, el sector donde los crudos muestran menor calidad corresponde a Meta-Vichada en la Formación San Fernando. Este análisis se realizó para las cuatro provincias obteniendo información clave para futuras campañas exploratorias en la cuenca Llanos Orientales, teniendo en cuenta que es la cuenca más rica en hidrocarburos de Colombia.","Title: GEOCHEMICAL EVALUATION OF CRUDE OILS IN THE LLANOS ORIENTALES BASIN Evaluación geoquímica de crudos en la cuenca llanos orientales Authors: Julián Camilo,Moyano Montaña Keywords: biodegradation, biomarkers, bulk parameters, chromatography, crude oil mix, reservoir rock, source rock"
"Petroleum-related hydrocarbons in deep and subsurface sediments from South-Western Barents Sea.","https://scispace.com/paper/petroleum-related-hydrocarbons-in-deep-and-subsurface-3c8q6tfo1t","2011","Journal Article","Marine Environmental Research","Stepan Boitsov
Vera Petrova
Henning K.B. Jensen
Anna Kursheva
Ivan Litvinenko
Yifeng Chen
Jarle Klungsøyr","10.1016/J.MARENVRES.2011.04.003","","","Title: Petroleum-related hydrocarbons in deep and subsurface sediments from South-Western Barents Sea Authors: Stepan Boitsov (Corresponding Author),Vera Petrova,Henning K B Jensen,Anna Kursheva,Ivan Litvinenko,Yifeng Chen,Jarle Klungsøyr Keywords: Biomarkers, hopanes, sediments, pockmarks, PAH, alkanes, Barents Sea"
"Organic geochemistry of a lower jurassic synrift lacustrine sequence, Hartford Basin, Connecticut, U.S.A.","https://scispace.com/paper/organic-geochemistry-of-a-lower-jurassic-synrift-lacustrine-2dorm44493","1990","Journal Article","Organic Geochemistry","Michael A. Kruge
John F. Hubert
David F. Bensley
John C. Crelling
R. Jay Akes
Paul E. Meriney","10.1016/0146-6380(90)90110-L","https://digitalcommons.montclair.edu/cgi/viewcontent.cgi?article=1094&context=earth-environ-studies-facpubs","","0.97 to 0.50. But sample 1, with its microfracture porosity, and sample 1A, the bitumen from a megafracture, show a lack of hopanes reminiscent of the black shales. ORGANIC GEOCHEMICAL RESULTS:
 The distribution of tricyclic terpanes is not identical in all samples. For example, the C21 and C23 homologues are of approximately the same concentration in the black shales and in the fracture-filling bitumen, but C23 dominates in the gray siltstones (Fig. ), as expressed by the C21 /(C21 + C23) ratio (""TRC"") in Table .   The use of standard biomarker maturity parameters is problematic in the East Berlin case. The sterane ratios, C29 5𝛼,14𝛼,17𝛼 20S/(20S + 20R) (""ST𝛼𝛼 "") and the C29 5𝛼,14𝛽,17𝛽 /(5𝛼,14𝛽,17𝛽 + 5𝛼,14𝛼,17𝛼 ) (""ST𝛽𝛼""), were not determinable for samples 1, 1A, 4, and 5, because of the extremely low concentrations of steranes (Table , Fig. ). ST𝛼𝛼 ratios were calculated for the remaining samples. They are anomalously low, but are fairly consistent, varying from 0.39 to 0.46, except for a black shale (sample 3), which has a ST𝛼𝛼 ratio of 0.57, but based on very low concentrations of steranes. ST𝛽𝛼 values vary only from 0.46 to 0.48 in the upper gray siltstone and sandstone, where relative sterane concentrations are high, but vary widely (0.35 to 0.58) in the black shale and lower gray siltstone, where steranes are weak (Table ). Only the C20 and C21 triaromatic steroids are found on the m / z 231 mass chromatograms of the black shales. Thus the ratio of C20 + C21 to total triaromatic steroids is at its maximum value of 1.0 for these samples. C26-C28 triaromatic steroids are found in low concentration in the gray siltstones, with the triaromatic steroid ratio reaching a minimum of 0.4 in sample 7. No monoaromatic steroids were detected on the m/z mass chromatograms of any sample, so the maturity parameter employing the ratio of tri-to monoaromatic steroids must be assumed to be at its maximum value throughout the sequence. The Methylphenanthrene Indices (MPI) are consistently high for most of the samples, varying from 1.07 to 1.22 (Table ), with the exception of sample 1A, which has an MPI of 0.37, due to apparent depletion of 2-and 3-methylphenanthrenes. The MPI values are in accord with the vitrinite reflectance value of 1.13% Ro , determined on sample 3, confirming a peak oil generation maturity level for the section ."
"Geochemical characteristics and oil–oil correlation of the upper Cretaceous oils from the Iranian part of the Persian Gulf Basin","https://scispace.com/paper/geochemical-characteristics-and-oil-oil-correlation-of-the-2qxiqpl0","2023","Journal Article","Journal of Petroleum Exploration and Production Technology","Faramarz Talaie
Ali Kadkhodaie
Mehran Arian
Mohsen Aleali","10.1007/s13202-023-01669-4","https://scispace.com/pdf/geochemical-characteristics-and-oil-oil-correlation-of-the-2qxiqpl0.pdf","Abstract The Cenomanian Sarvak oil reservoirs are distributed over large areas of the Persian Gulf basin. The purpose of this study is analyzing the geochemical characteristics of the Sarvak oil reservoirs and their inter-relationships in the Persian Gulf, classification of the Sarvak oil samples and investigation of the possible causes of the genetic difference in oil families. In the previous studies, limited samples of Sarvak oil reservoir in scarce oilfields were studied individually and local interpretations are made accordingly. The current study employs a more complete set of geochemical from the Iranian part of Persian Gulf and regional interpretations are drawn. To achieve this goal, the geochemical data of 41 oil samples from 10 oilfields were collected and assessed based on gas chromatography (GC), gas chromatography–mass spectrometry (GC–MS), and stable carbon isotope analysis. It was demonstrated with the evaluations that the oils accumulated in the Upper Cretaceous Sarvak reservoirs in the Persian Gulf basin originate from different source rocks. The oil samples are genetically classified into four oil families based on the similarities and differences of parameters related to the depositional environment-dependent parameters using hierarchical cluster analysis (HCA), star diagram, and stable carbon isotope diagram. The source rocks were mainly deposited in anoxic marine carbonate environments. The thermal maturity of the oils was evaluated using steranes and trisnorhopanes. Oil families 2 and 4 (located at the center of the Persian Gulf) have the highest thermal maturity compared to the other samples; in contrast, oil family 1 (located at the west of the Persian Gulf) has the lowest thermal maturity. The possible source rocks of oil family 1 and family 3 (located at eastern Persian Gulf) using C 28 /C 29 steranes are the upper Cretaceous successions; in contrast, the possible source rocks of oil families 2 and 4 are the upper Triassic and Lower Jurassic formations. Results of the study show a high similarity between the oils of families 2 and 4, which are located at the center of the Persian Gulf; these results also recognize the significant difference between these two oil families and oil families 1 and 3. The significant issue raised in this study is to find out the reason for this difference. The structural analysis of the central Persian Gulf shows that huge vertical faults created by salt domes intrusion provided the migration pathways for trapping oil in Sarvak reservoirs. The oils of the Surmeh, Fahliyan, and Dariyan reservoirs have migrated upwards through these faults to be trapped in the Sarvak Formation across the central Persian Gulf. ","Varian-CP-3800 gas chromatography with 5 CB CP-Sil capillary columns (25 µm × 25 m) (Fig. ). The GC analysis was performed at the Research Institute of Petroleum Industry (RIPI Lab) (Table ). Materials and methods:
 Gas chromatography with mass spectrometry (GC-MS) is applied for the analysis of biological markers that have been used in correlation studies and in the assessment of the thermal maturity of the oils and extracts. The biological markers which are primarily used in this study are steranes and triterpanes (Table ). The main sources of steranes and triterpenes are sterols in the cell membrane of organisms including higher plants and algae (overview in . The steroids or sterols during diagenesis and catagenesis are degraded and turn into steranes and triterpanes. The hopanes are triterpene compounds (pentacyclic), and they are classified as aliphatic hydrocarbons. The source of this compound in living organisms is the membrane component of prokaryotic cells such as phototrophic cyanobacteria and heterotrophic bacteria . Materials and methods:
 The mixture to be analyzed is injected with an injection chamber into the Agilent 7890-A gas chromatograph with an Agilent 7883-B automatic sampling (available in AGH University of Science and Technology), where the various compounds are separated according to the speed at which they move through the gas chromatographic column contains molten silica capillary (60 m × 0.25 mm id) with 95% Methyl/5% Phenylsilicone phase . Materials and methods:
 Fig.  The Permian-Quaternary lithostratigraphic column in the Persian Gulf was modified after  and  The compounds are carried with Helium. The decomposed sections of hydrocarbons come out of the chromatographic column and arrive at the ion chamber, respectively. At this stage, the separated compounds lose electrons and become + 1 ions. These components are then separated from each other using a magnetic field due to the difference in mass-to-charge ratio (m/z). Finally, the amount of separated ions is measured by the detector. The values of the stable carbon isotope of hydrocarbons fraction were calculated by the mass spectrometer Finnigan Delta Plus device with the standard of Pee Dee Belemnite (PDB) and ± 0.2 ‰ accuracies (Table ) . Oil-oil correlation:
 One of the problems in using geochemical parameters to analyze oil-oil correlation is the identification of factors affecting the biomarkers including thermal maturity, type of organic matter or microbial degradation. The 20S/ (20S + 20R) steranes ratio is sensitive to thermal maturity, the C 27 , C 28 , C 29 regular steranes are affected by the type of organic matter and some other parameters such as Dia/ (Dia + Reg) steranes and Ts/(Ts + Tm) are affected by the thermal maturity and the sedimentary environment's conditions. Therefore, in this study, different parameters were employed for oil-oil correlation. The biomarker parameters are usually more important than the bulk parameters of the oil in the process of determining the oil-oil correlation . Because they are more resistant to diagenetic processes and have more accurate genetic information about the origin of the oil."
"Gas Chromatography-Mass Spectroscopy forDetermining Biomarkers in Crude Oils","https://scispace.com/paper/gas-chromatography-mass-spectroscopy-fordetermining-2j3dhhjxb0","2014","Journal Article","International Journal of Innovative Research in Science, Engineering and Technology","Ashraf Yehia El-Naggar","","https://scispace.com/pdf/gas-chromatography-mass-spectroscopy-fordetermining-2j3dhhjxb0.pdf","Four crude oil samples recovered from some producing wells in the southern part of the Egyptian Gulf of Suez were subjected for measuring some organic geochemical parameters. Biomarkers are biological markers such as Terpanes and steranes of the saturated hydrocarbons obtained by gas chromatography-mass spectorometry (GC-MS). In addition to n-alkanes and isoprenoids distributions obtained by gas chromatography (GC). Terpanes biomarker distributions ( m/z 191) mass chromatograms for oil samples is revealing marine organic facies of depositional environmental and maturation parameter. Hopane distributions (m/z = 191) indicates the marine organic sources. The steranes distributions for the oil samples (m/z 217) suggest a pre Tertiary source rocks for these oil samples.","Title: Gas Chromatography-Mass Spectroscopy for Determining Biomarkers in Crude Oils Authors: Yehia Ashraf,El-Naggar Keywords: Crude oil, Organic geochemical parameters, Biomarkers, Terpanes, steranes, Depositional environmental, Maturation"
"The use of the isotopic composition of individual compounds for correlating hydrocarbon products in the environment with their suspected sources","https://scispace.com/paper/the-use-of-the-isotopic-composition-of-individual-compounds-4y42555mml","2002","","","R. P. Philp
J. Allen
T. Kuder","10.2495/OIL020071","https://scispace.com/pdf/the-use-of-the-isotopic-composition-of-individual-compounds-4y42555mml.pdf","Correlation of crude oils, or refined products, in the environment with suspected sources is traditionally undertaken using GC and GCMS and, in certain cases, bulk carbon isotope compositions. With crude condensates, or refined products in particular, the absence, or low concentration, of biomarkers restricts their use for making unique correlations, An alternative and, sometimes, complimentary technique for correlation of such products has evolved through the use of combined gas chromatography-isotope ratio mass spectrometry (GCIRMS). This approach permits determination of the carbon and hydrogen isotopic composition of individual compounds in the crude oil or refined product to produce isotopic fingerprints for use in conflation studies. In this paper it is proposed to review applications of GCIRMS to the correlation of various spilled products with their suspected sources in different environments, particularly refined products such diesel, fuel oil and gasolines.","40""C for 10 min to 310°C at 2°C/min with a hold of 20 min. Refined products were chromatographed on DB-MTBE and DB-Petro columns, which are better suited for low molecular weight compounds. Crude oils:
 The most common approach for the characterization of a spilled oil and identification of its potential source relies on analyses by gas chromatography (GC) and gas chromatography-mass spectrometry (GC-MS). Correlations are typically based on the molecular distribution of saturate and aromatic hydrocarbons and, more specifically, the biornarkers fingerprints ( ). An oil is quickly affected by weathering processes such as evaporation, photooxidation, water washing, biodegradation . Evaporation occurs in the first few hours after a spill and removes the more volatile hydrocarbons. Water-washing also occurs rapidly and removes the more water-soluble hydrocarbons, typically hydrocarbons below CI 5, and some of the C 15+aromatic compounds which are more water-soluble than paraffin (4-6), Biodegradation initially removes the nalkanes before attacking the more complex branched and cyclic hydrocarbons and naphthenic compounds, Lower carbon numbered alkanes, remaining after the effects of evaporation and water washing, are initially removed followed by those of increasing carbon number. Severe biodegradation may also be marked by loss of some of the biornarkers (C27-C29 steranes) and demethylation of others (C27-C35 hopanes; 5) and changes in the distribution of naphthenic compounds. In an environmental context it is typically only the effects of evaporation and water washing that will have a significant impact of the fingerprint of the hydrocarbon product. In general the level of changes resulting from biodegradation will be minimal and apart from the loss of some of the n-alkanes, in most cases the fingerprints of the more resistant biomarkers are not going to be affected on the time-scale of an environmental problem. Hence for crude oils it is still possible to utilize the traditional biomarker fingerprint as the main tool for correlation between source and spilled samples. Biomarkers as originally defined by Eglinton and Calvin  are organic compounds in crude oils whose carbon skeletons can be related to their precursor molecules that occur in a living system, From an environmental perspective the most important use of biomarkers is for correlation purposes. In the case of gasolines and other refined products, which contain virtually no biomarkers, evaporation and water-washing make it extremely difficult to undertake correlations. However recent work has shown, as previously observed from petroleum exploration studies, that there are some families of biomarkers, such as bicyclic sesquiterpanes and adamantanes, present in refined products which can still be utilized for correlation purposes. The incorporation of isotopic data of individual compounds, as described below, with the biomarker data, provides a powerfil and complimentary tool for the purposes of making these correlations. Biomarkers are invaluable for correlating crude oils with their spilled counterparts but refined products do not contain the same range of biomarkers as found in crude oils limiting their use with these products, although unpublished results from our laboratory have shown the potential for biomarkers such as bicyclic sesquiterpanes or adamantanes as potentially usefid correlation tools for certain refined products(Fig. )."
"Microbiological Oxidation of High Viscosity Bitumen in Soil","https://scispace.com/paper/microbiological-oxidation-of-high-viscosity-bitumen-in-soil-526gn9x5bh","2018","Journal Article","Eurasian Chemico-Technological Journal","D. A. Filatov
M. A. Kopytov
V. C. Ovsyannikova
E. A. Elchaninova","10.18321/ECTJ692","https://scispace.com/pdf/microbiological-oxidation-of-high-viscosity-bitumen-in-soil-526gn9x5bh.pdf","This paper presents the results of an investigation of microbiological oxidation in the model soil system of high viscosity bitumen from the Bayan-Erkhet deposit (Mongolia) with a high content of heteroelements It is shown that bitumen, being a mixture of high molecular weight components, has no inhibitory effect on the indigenous soil microflora Its active growth in the presence of oil products starts without adaptation and lasts for a good part of experiment resulting in 15‒30 fold excess of microorganisms over its reference number The enzymatic activity of the contaminated soil increases by a factor of 15‒20, which indicates an assimilation of various hydrocarbon compounds The weight analysis revealed thatthe biodegradation of oil products after 180 days of the experiment was 50% of the initial contamination at initial waste oil concentration 50 g/kg (5%) The analysis by IR spectroscopy revealed an accumulation of oxygen-containing compounds which are intermediate products of bio-oxidation of bitumen components The method of chromatography-mass spectrometry (GC-MS) revealed the ability ofaboriginal soil microflora to mineralize virtually all hydrocarbons contained in the bitumen under study Their biodegradation ranges from 18 to 97% It was shown by the GC-MS method that high-molecular heteroatomic components of bitumen (resins and asphaltenes) also undergo a microbial degradation, since their molecular structure changed after the destruction Thus, the number of structural units in ahypothetical molecule and that of heteroatoms increased due to the high content of oxygen-containing structures In addition, the ratio of hydrocarbons (oils), resins, and asphaltenes contained in the sample is also changed","HCs, which are highly resistant to biooxidation, thus they are commonly used as geochemical biomarkers. However, as is shown in this paper, these compounds underwent rather intensive oxidation under aerobic conditions, hence their total destruction was 43%. Results and discussion:
 Aromatic hydrocarbons are more resistant to microbial oxidation than paraffins and naphthenes, but degradation of unalkylated fluoranthene and phenanthrene was 97%, while that of unalkylated pyrene 91%, respectively. The degree of degradation of naphthalenes was found to be 31%, while the degradation of their methyl-and dimethyl-substituted homologues was found to be 44-63%, respectively. Probably, the biodegradation of polar naphthalenes occurs much readily due to the oxidation at the point of side chain attachment. Biodegradation of alkyl phenanthrenes was 43-50%, while mono-aromatic compounds (n-alkyl benzenes) were utilized by 69%. The methyl-substituted fluoranthenes and pyrenes were biodegraded to a lesser extent -18%. Total degradation of aromatic compounds was 62%. Results and discussion:
 Thus, not only the most accessible for the microbiological oxidation n-alkanes, but cyclanes and aromatic hydrocarbons were degraded with the microorganisms in the result of biochemical oxidation of bitumen (Table ). This is probably due to the high initial diversity of soil microorganisms and multicomponent composition of substrate − hydrocarbons of different structure and soil humic substances were present in contamination. Results and discussion:
 Figure  shows the mass-fragmentograms of distribution of saturated, cyclic, mono-and biaromatic HC. In the initial sample of bitumen n-alkanes were identified in the homologous series from C 12 to C 36 , while in a biodegraded samplefrom C 13 to C 28 (m/z 71) with a significant decrease in the content of high molecular homologues. Homologous series of cyclohexanes (m/z 83) was reduced from C 13 -C 30 in the initial sample to C 14 -C 22 in that biodegraded. Results and discussion:
 Homologous series of n-alkyl benzenes (m/z 91) was C 12 -C 33 in the initial sample and C 13 -C 22 in that biodegraded (Fig. ). Among naphthalenes, trimethyl-substituted homologues were the most degraded (m/z 170). Detailed analysis of biodegradation of high molecular heteroorganic compounds (HMHOC) showed that microbial oxidation results in the profound changes in the structural-group characteristics of resins and asphaltenes. The material composition of bitumen significantly changed in the course of its biodegradation. Structural-group characteristics of resins, asphaltenes of initial bitumen, and products of its biodegradation are presented in Table ."
"Hydrogeologic framework and geochemistry of ground water and petroleum in the Silurian-Devonian carbonate aquifer, south-central Louisville, Kentucky","https://scispace.com/paper/hydrogeologic-framework-and-geochemistry-of-ground-water-and-53lo3hdrfr","2002","Report","Water-Resources Investigations Report","Charles J. Taylor
Frances D. Hostettler","10.3133/WRI024123","https://scispace.com/pdf/hydrogeologic-framework-and-geochemistry-of-ground-water-and-53lo3hdrfr.pdf","","Organic Geochemistry and Biomarkers: (4) C3ft/C2.) the ratio between 17<x.21 p\H )-hopane and 17a,21pVH)-30norhopane a source-rock indicator .' Organic Geochemistry and Biomarkers:
 (5) C3I SAS+R-the ratio between 17<x,21 |3(H)-homohopane (22S) and 17a,21p(H)-homohopane (22S) + (22R) a terpane-malurity indicator used extensively in petroleum geochemistry . 1-2 (6) C29 S/S+R -the ratio between 24-ethyl-5a,14o:,17o:(H)-cholestane (20S) and 24-ethyl-5a,14a,I7«fH)-cholestane (20S) + (20PJ a steranematurity indicator . -(7) GI the gammacerane index an indicator of the salinity of the depositional environment . Organic Geochemistry and Biomarkers:
 (8) RI the refractory index determined by the ratio ot triaromatic sterane to methyl chrysene refractory constituents, used as, a source indicator . Organic Geochemistry and Biomarkers:
 Evaluated collectively, these biomarker parameters indicate that the petroleum samples from the Selleisburg and Jeffersonville Einiestones in the study area represent a mature crude oil, derived from Type II kerogen, originally deposited in a saline-to-hypersaline, mixed carbonate and clastic environment. The hopane and sterane profiles for the sample from the Jeffersonville Limestone at Petersburg Park (sample number KD7) are significantly different from all the samples from the Sellersburg Limestone (KD1, KD4, and KD5). The Jeffersonville Limestone sample is much more weathered than the other samples, with the effects ot weathering seen in the prominence of pristane and phytane over the /?-alkanes; however, weathering is not advanced enough to affect the evaluated biomarker parameter ratios."
"Diversidade taxonômica e potencial de biodegradação de bactérias isoladas de reservatórios de petróleo da Bacia de Campos (RJ)","https://scispace.com/paper/diversidade-taxonomica-e-potencial-de-biodegradacao-de-4bdpsy7s3o","2010","","","São Paulo","","https://scispace.com/pdf/diversidade-taxonomica-e-potencial-de-biodegradacao-de-4bdpsy7s3o.pdf","","ser adaptado facilmente a várias enzimas hidrolíticas, como acilases, lipases, esterases, epóxido-hidrolases e fosfatases, com os respectivos substratos de interesse. Ensaios de triagem enzimática (HTS):
 Neste estudo, as sondas utilizadas para detecção das atividades enzimáticas dos 98 Os maiores valores de intensidade de florescência foram observados para as atividades enzimáticas de monoxigenases, sendo que as bactérias Bacillus pumilus SG01, SG 32, SG 49 e SG 50 apresentaram atividades enzimáticas de nível 3 (Tabela 6). Biodegradação dos hidrocarbonetos do petróleo:
 As pesquisas sobre origem, acúmulo, migração e biodegradação de óleos são de grande importância para a exploração eficaz de petróleo, sendo que tais estudos são auxiliados, na maioria das vezes, pela análise dos fósseis geoquímicos, os denominados Biomarcadores. Estes marcadores biológicos são complexos fósseis moleculares derivados de organismos vivos e formados por carbono, hidrogênio e outros elementos. Eles podem ser usados para interpretar as características das rochas geradoras de petróleo, fornecer informações sobre a matéria orgânica das rochas geradoras, as condições ambientais durante a sua deposição e o soterramento, a maturidade térmica da rocha ou o óleo, o grau de biodegradação, alguns aspectos da mineralogia da rocha e idade. Estes compostos orgânicos são encontrados não somente no petróleo, mas também em sedimentos e rochas, sendo estruturalmente relacionados a produtos naturais conhecidos, presentes em plânctons, bactérias e vegetais superiores, os quais após alterações biológicas e termoquímicas, preservam seus esqueletos carbônicos básicos . Biodegradação dos hidrocarbonetos do petróleo:
 Nesta etapa do trabalho buscou-se avaliar a biotransformação dos hidrocarbonetos utilizados como biomarcadores pelas bactérias isoladas de amostras de óleo e água de formação da Bacia de Campos (RJ). Os biomarcadores avaliados, fenantreno, 4-colesten-3ona, ácido nonadecanóico, nonadecano e esqualano, foram escolhidos por representarem classes distintas de compostos presentes no petróleo, ou seja, aromáticos, esteranos, ácidos lineares, hidrocarbonetos lineares e isoprenos, respectivamente."
"Taxonomic Diversity and Biodegradation Potential of Bacteria Isolated from Oil Reservoirs of an Offshore Southern Brazilian Basin","https://scispace.com/paper/taxonomic-diversity-and-biodegradation-potential-of-bacteria-16li27goas","2013","Journal Article","Journal of Petroleum & Environmental Biotechnology","Patrcia F. Lopes Oliveira
Suzan Pantaroto de Vasconcellos
Célio F. F. Angolini
Georgiana Feitosa da Cruz
Anita J. Marsaioli
Eugenio V. Santos Neto
Valéria Maia de Oliveira","10.4172/2157-7463.1000132","https://scispace.com/pdf/taxonomic-diversity-and-biodegradation-potential-of-bacteria-16li27goas.pdf","This study aimed at the taxonomic characterization of a collection with 98 bacteria isolated from oil and formation water samples from petroleum reservoirs of the Campos Basin (Brazil), as well as the evaluation of their degradation potential of petroleum biomarkers. The genomic DNA extracted from all isolates was employed in PCR reactions for amplification of the 16S rRNA gene and subsequent screening by ARDRA (Amplified Ribosomal DNA Restriction Analysis), in order to detect potentially distinct taxonomic groups. Further 16S rRNA gene sequencing and phylogenetic analysis of 39 isolates representing different ribotypes revealed that these isolates belonged to 10 different genera, encompassing Marinobacter, Halomonas, Citreicella, Stenotrophomonas, Achromobacter, Bacillus, Staphylococcus, Micrococcus, Kocuria and Streptomyces, affiliated to the three phyla Proteobacteria, Firmicutes and Actinobacteria. RAPD analysis enabled the discrimination of the isolates at the infraspecific level, allowing the identification of 45 distinct genetic band patterns. The chromatographic results showed the preference of all of bacteria to biodegrade nonadecanoic acid and squalane when grown in biomarker mixture. The results of this study provide further insight into the taxonomy of the cultivated fraction of microbial communities of Brazilian oil reservoirs and may offer potential tools for future application in bioremediation processes.","Biodegradation assays: e supernatant was discarded and the pellet (ca. 0.2 g) transferred to Erlenmeyer asks (125 µl) containing 40 ml Zinder medium for the subsequent biodegradation assays. Biodegradation assays:
 Nonadecanoic acid (Aldrich), 4-cholesten-3-one (Aldrich), squalane (Aldrich). 9,10-dihydrophenanthrene (Aldrich) and nonadecane (Aldrich)were applied as substrates for the microbial growth and representatives of di erent classes of Brazilian petroleum biomarkers. Each compound (0.010 g) was prepared as previously described by Vasconcellos et al. . Brie y, they were homogenized using tween 80 (300 µl), absolute ethanol (300 µl) and ethyl acetate (400 µl) as eluents. e nal concentration of each biomarker in the biodegradation assays was 0.25 mg/ml. Negative controls were also developed, consisting of: (i) Zinder mineral medium added by the solubilized biomarkers; (ii) mineral medium plus biomarker solution and bacterial dead cells (autoclaved); (iii) solely mineral medium; (iv) inoculum of the bacterial strain in the mineral medium containing the eluents without biomarkers . e asks were inoculated in triplicate for each time sampled (0, 7, 14, 21 and 28 days) and incubated on a rotational shaker at 150 rpm. Biodegradation assays:
 e production of microbial metabolites and the biomarkers degradation were monitored by GC-MS analysis. e biodegradation ability of the isolates was monitored using the biomarkers in mixtures (named here as biomarker cocktail). Biodegradation assays:
 A er growth, the total culture volume of each assay, including the controls, were transferred to glass vials and submitted to organic extraction (2X) using ethyl acetate (20 ml) as eluent. e vials were vortexed and the organic phase was transferred to other vials. e organic extracts were derivatized by methylation reaction according method described by Kosak et al.  followed by drying at N 2 ux. e dried extracts were diluted in ethyl acetate (995 µl) and heptadecane solution (5 µl, 0.03 mg/ml), used as internal standard in the GC-MS analysis. Biodegradation assays:
 GC-MS analysis were performed using a HP6890II instrument coupled to a mass detector HP5970-MSD, equipped with a HP-5-MS fused silica column (30 m×0.25 mm, 0.25 µm lm thickness). He was the carrier gas (ca. 1 ml minˉ¹) and the oven temperature program was 60-290°C (held 5 min) at 10°C minˉ¹. e instrument was operated in the SCAN mode over a range of m/z 50-700. e injector (240°C) was operated in the split mode (10:1). e extent of biodegradation was measured from the chromatographic data, applying the equations based on calculations described by Aldas et al. , and detailed by Vasconcellos et al. ."
"Hydrothermal alteration of sedimentary organic matter in Guaymas Basin, Gulf of California","https://scispace.com/paper/hydrothermal-alteration-of-sedimentary-organic-matter-in-4ltdqk8idr","1990","Dissertation","","Orest Eduard Mykola Kawka","","https://scispace.com/pdf/hydrothermal-alteration-of-sedimentary-organic-matter-in-4ltdqk8idr.pdf","","biomarkers in the subsurface sediments of Guaymas Basin used the mass spectrometer in the normal scanning mode. The 1{RGC details are described in Chapter IV, whereas the MS conditions and data processing were given in Chapter II. BACKGROUND Biomarker Transformations:
 Determining the extent of aromatization of the monoaromatic (base peak m/z 253) to the iriaromatic steroid (base peak m/z 231) hydrocarbons was made difficult by their separate elution in the saturated and aromatic hydrocarbon fractions, respectively, during liquid-solid chromatography. The proportions of the two series in each seabed oil or subsurface bitumen was obtained by quantitation of the integrated areas of their base peaks relative to that of an internal standard, perdeuterated anthracene or perdeuterated pyrene (base peaks m/z 188 and 212, respectively), added to each fraction before HRGC-MS. Other details concerning the analysis and quantitation of various compounds are described in the text and figure/table captions, whenever necessary. BACKGROUND Biomarker Transformations:
 The kinetic equations, parameters, and terminology used for comparison of the biomarker reactions are outlined in Appendix E. Isomerization and Aromatization Trends:
 Sterane, Hopane Isomer! zations and Steroid Hydrocarbon Aromatizations Isomerization and Aromatization Trends:
 The hopane-and sterane-based indices of thermal maturation (see Appendix E for definitions of indices) in a selection of the seabed hydrothermal oils and subsurface sediments from Guaymas Basin and the laboratory simulation at 330°C  are presented in Table .2."
"Comprehensive two-dimensional gas chromatography in environmental analysis","https://scispace.com/paper/comprehensive-two-dimensional-gas-chromatography-in-39mfbxryx2","2018","Journal Article","Trends in Analytical Chemistry","Alina M. Muscalu
Tadeusz Górecki","10.1016/J.TRAC.2018.07.001","https://scispace.com/pdf/comprehensive-two-dimensional-gas-chromatography-in-39mfbxryx2.pdf","Comprehensive two-dimensional gas chromatography (GC × GC) offers increased peak capacity and selectivity relative to conventional one dimensional separations The analysis of persistent organic pollutants in environmental matrices is very challenging due to the large number of compounds with varying chemical and physical properties that are typically present in the sample at the same time at concentrations ranging from ultra-trace to percent levels GC × GC is steadily gaining in popularity in environmental analysis and the number of publications citing the use of this technique has been increasing significantly in the recent years An overview of the latest applications in the environmental field is presented in this paper, emphasizing the advances for targeted and non-targeted analysis in complex matrices In addition, instrumentation, data interpretation approaches, as well as the quality assurance and control for routine analyzes are discussed","complex, and no validated, sufficiently sensitive methods that are applicable under routine laboratory conditions are often available . Recent applications of GC×GC are summarized in AppendixA, Table .1 and further discussed below to emphasize the importance of using this type of technique. Hydrocarbons / Polycyclic Aromatic Hydrocarbons (PAHs)/PAH Derivatives:
 Frequently found in water samples, PAHs are hazardous contaminants known to bioaccumulate and to have toxic effects on animals and humans. There is a continuous need of developing analytical methods to allow their fast and reliable detection with better sensitivity and resolution in complex matrices. One of the first papers reporting the use of GC×GC for the analysis of PAHs and derivatives (oxy-PAHs, nitro-PAHs, methyl-PAHs) in water samples was published by Tobiszewski et al. . The water samples were collected from different sources: Hydrocarbons / Polycyclic Aromatic Hydrocarbons (PAHs)/PAH Derivatives:
 Baltic Sea, local rivers and lakes, and drinking water. An optimized GC×GC -TOFMS method was able to separate 43 target compounds in the first dimension in under 30 minutes. Sulej-Suchomska et al.  developed an SPME-GC×GC-TOFMS method for the simultaneous analysis of 16 PAHs in airport runoff water samples. After SPME optimization, the method was further validated and applied to water samples collected from different international airports. The results showed that regardless of the airport, chrysene, phenanthrene and pyrene were the most abundant PAH compounds detected in all the analyzed samples. The authors concluded that, in addition to separating and quantitating the target compounds, the use of GC×GC could provide more information on the content of different groups of xenobiotics in runoff waters. Hydrocarbons / Polycyclic Aromatic Hydrocarbons (PAHs)/PAH Derivatives:
 To simultaneously visualize all bioremediation fractions, GC×GC coupled with quadrupole mass spectrometry was used by Beškoski et al.  in a recent biodegradation study of isoprenoids, steranes, terpanes, phenanthrenes and methyl-phenantrenes. Terpanes, important biomarkers in petroleum, co-elute in 1D GC with C28-C30 n-alkanes, steranes with C26-C29 nalkanes, and phenanthrenes with C17-C20 n-alkanes, but they were all separated in the second GC×GC dimension. Fifty six compounds were identified in the samples, including n-alkanes and isoprenoid aliphatic alkanes (m/z 71), terpanes (m/z 191), steranes (m/z 217), and phenanthrenes . The changes in distribution and abundance of the target compounds were monitored using GC×GC and GC, which helped evaluate the efficiency of the bioremediation processes."
"The Integrated Use Of Chemical And BiochemicalMarkers For Assessing The Effects Of The AegeanSea Oil Spill In The Galicia Coast (NW Spain)","https://scispace.com/paper/the-integrated-use-of-chemical-and-biochemicalmarkers-for-374f5p18om","2000","","","J. Albaiges
C. Porte
D. Pastor
X. Biosca
Montserrat Solé","10.2495/OIL000071","https://scispace.com/pdf/the-integrated-use-of-chemical-and-biochemicalmarkers-for-374f5p18om.pdf","The spatial distribution and temporal evolution of petrogenic and pyrolytic hydrocarbons in the Galicia coast (NW Spain), following the Aegean Sea oil spill, were investigated through a detailed study of hydrocarbon (fossil) markers in surface sediments and bivalves (mussels and clams). Sublethal responses in mussels were also assessed by the determination of several biomarkers such as the cytochrome P450 system, antioxidant enzymes and lipid peroxidation. Triterpane and sterane distributions were useful in tracing, respectively, the oil source and weathering (degradation) along the survey period (3, 6, 9, 12 and 34 months after the accident). Within the aromatic fraction, aromatized steranes were also useful source indicators and oil degradation was also evidenced by the decrease of certain methyl dibenzothiophene isomers. Combustion derived polycyclic aromatic hydrocarbons, produced in the tanker wreck, were widely distributed in the area and found to be more persistent than the petrogenic ones, although less bioavailable. A significant decline of the hydrocarbon contents was evident from 3 to 6 months. However, one year later, an incidental increase was observed in some bivalves, probably due to the resuspension of the subsurface polluted sediments by the winter stormy weather. Among the studied biomarkers, a significant induction of the cytochrome P450 content and lipid peroxidation was detected in mussels collected near the wreck point six months after the spillage. Besides the strong seasonality observed in some biomarkers, oxidative damage still persisted one year later.","area between three and six months after the spill (Figure ). Other studies carried out in temperate climate waters have pointed out that most of the petrogenic hydrocarbons have similarly been reduced after this period of time when the oil source was removed . The fate of aromatic hydrocarbons:
 The GC of the aromatic fractions also showed the characteristic UCM of hydrocarbons and prominent resolved peaks corresponding to biogenic sources such as polyunsaturated alkanes, highly branched isoprenoids and squalene. On the other hand, the GC-MS analysis proved the occurrence of a mixture of petrogenic and pyrogenic hydrocarbons, according to the presence of, respectively, low molecular weight (2-3 aromatic ring) compounds together with their alkylated derivatives, and higher mol. wt. (>4 aromatic ring), particularly peri-condensed and non-alkylated components. The distributions of certain alkylated PAH homologous series have been proposed for fingerprinting crude oils . Thus, the C-2 and C-3 alkyl homologs of DBT and phenanthrene/anthracene (P) and the same homologs of DBT and chysene/benzo(a)anthracene (C), shown in Figure , were found useful in, respectively, differentiating hydrocarbon sources and characterizing the weathering of the spilled oil in sediments and bivalves. The fate of aromatic hydrocarbons:
 The source ratios (DBT/P) exhibited a slight increase with respect to those of the crude oil, possibly due to the faster degradation of the phenathrene derivatives. On the other hand, the weathering ratios (DBT/C) were in the sediments clearly below those of the original crude oil and decreased over time, whereas a less defined pattern was observed in bivalves. Although no information exists about the uptake and release of all these compounds in marine biota and particularly in bivalves, and how these processes affect bioaccumulation, it appears that the trimethyl ratios exhibit more consistent values, probably because these compounds are more hydrophobic and less affected by environmental weathering (degradation). The fate of aromatic hydrocarbons:
 A conclusive evidence of advanced degradation of the oil residues was obtained from the relative distribution of methyl DBT isomers (m/z 198) (Figure ), as the 2-and 3-methyl substituted isomers are more easily degraded in aerobic conditions than the 4-methyl derivative . The fate of aromatic hydrocarbons:
 Of alternative use for source recognition can be the series of mono-and triaromatic steroid hydrocarbons which are not biodegraded until steranes and triterpanes are severely affected, and can be readily detected by GC-MS (m/z 253 and 231) (Figure ). Evidence of metabolic breakdown of these markers was obtained, as in the case of steranes, from the large abundance of the C-19 -C-21 homologs devoided of the isopranyl side-chain. Whether this degradation has occurred in the sediment or in the bivalves is still to be proven, although the low metabolic capacity of these organisms lean to admit the former process as the more likely. The smaller molecular size of these compounds could also play a role in enhancing bioaccumulation."
"An overview of environmental forensics","https://scispace.com/paper/an-overview-of-environmental-forensics-22d6h9dqrd","2014","Journal Article","Geologica Acta","R.P. Philp","10.1344/GEOLOGICAACTA2014.12.4.7","https://scispace.com/pdf/an-overview-of-environmental-forensics-22d6h9dqrd.pdf","Environmental forensics has emerged as an important area of environmental studies over the past two decades. There are two basic aspects to any environmental investigation. The first being a conventional approach where the standard EPA (Environmental Protection Agency) methods are used to determine concentrations of selected compounds released into the environment. These methods are extremely well documented and widely used, but only provide information on specific target compounds. Whilst this information may be useful for monitoring purposes it is of little use when trying to determine the source of a spill or contaminants in the environment. If the purpose of an investigation is to determine the source of a contaminant, or point of release, then it is necessary to use a wide variety of analytical techniques and integrate all of the resulting data into one comprehensive data set. It may not always be possible to obtain a unique answer, particularly in the case of groundwater contaminants where there might only be one compound, for example MTBE or PCE. In that case if there are multiple possible sources in the area it may be difficult to narrow it down to a specific source. Furthermore fingerprinting tools that may be useful with complex mixtures may not be directly applicable to single component mixtures. The purpose of this paper will be to provide a brief overview, along with some recent examples of the type of information that is typically obtained in an environmental forensic investigation and how this information may be interpreted. It should be noted that all these examples are related to organic contaminants in the environment since that is the major area of focus at this time. Examples will involve hydrocarbons, chlorinated solvents, and MTBE and BTEX compounds. Techniques will include gas chromatography (GC), gas chromatography-mass spectrometry (GCMS), stable isotopes both bulk and gas chromatography-isotope ratio mass spectrometry (GCIRMS). There are other techniques being used but in a paper of this length we will limit ourselves to these widely used techniques and those applications mentioned above since space does not permit a comprehensive review of all of them.","mass 183. The pristane/phytane ratio varies with conditions in the original depositional environment. The Pr/Ph ratio is not significantly affected by degradation and is an extremely useful parameter for correlating spilled products with their suspected source(s). Gas chromatography-mass spectrometry (GCMS):
 There has also been considerable interest in using the C 17 /pristane or C 18 /phytane ratio as a tool for age dating environmental samples based on a publication by , some years ago, who claimed that these ratios could be correlated with age of the spill. While I have no major argument with their original paper, I totally disagree with the widespread use of the calibration chart based on the Christiansen and Larsen data to age date virtually any spill anywhere in the world. There are many reasons for this but one of the most compelling reasons is simply the fact that there is a tremendous variation in the initial ratio of C 17 /pristane ratios for crude oils coming from different source materials. Hence, you cannot simply assume all crude oils have the same starting value for this ratio and use the same calibration curve for every spilled oil occurrence worldwide. Furthermore, you cannot assume that all products will degrade at the same rate in totally different environments . With problems such as this in mind, it should be clear why the C 17 /pristane or C 18 /phytane ratios will vary for oils coming from source rocks at different levels of maturity and why the Christiansen/Larsen calibration diagram cannot be used to determine the age of every spill unless it has been calibrated for that particular oil and environment in which it has been spilled. Gas chromatography-mass spectrometry (GCMS):
 As mentioned above there are many classes of biomarkers used in the oil exploration business but only a few in the environmental arena. Two classes of biomarkers in addition to the alkanes and isoprenoids described above are the steranes and terpanes. These are very complex mixtures which means that they both produce fingerprints are very useful for correlation purposes. In both cases GCMS is required to determine the distribution of these compounds, namely mass 217 for the steranes and 191 for the terpanes (Fig. ). Gas chromatography-mass spectrometry (GCMS):
 The terpanes are present as three different families, namely tri, tetra and pentacyclic compounds. The pentacyclic terpanes are derived primarily from bacteria, tetracyclic terpanes are derived from microbial degradation of the hopanes and the tricyclic compounds are probably derived from cell wall constituents of algae. Interestingly enough the precise origin of the tricyclic terpanes has still not been unequivocally established after four decades of research . Gas chromatography-mass spectrometry (GCMS):
 The major application of these fingerprints in environmental forensics will be one of correlation of a spilled product and suspected sources. The advantage of these compounds is that they are very resistant to biodegradation and certainly over a fairly short time span, say from the present to a few hundred years, very little alteration will occur to the terpanes. n-Alkanes will disappear very rapidly following biodegradation and with increasing time we will see changes to the isoprenoids but once you move into the cyclic compounds these are very resistant to biodegradation ."
"Biodegradation of marine oil spill residues using aboriginal bacterial consortium based on Penglai 19-3 oil spill accident, China.","https://scispace.com/paper/biodegradation-of-marine-oil-spill-residues-using-aboriginal-20ttzbpeyv","2018","Journal Article","Ecotoxicology and Environmental Safety","Chuanyuan Wang
Xing Liu
Jie Guo
Yingchun Lv
Yuanwei Li","10.1016/J.ECOENV.2018.04.059","http://ir.yic.ac.cn/bitstream/133337/24058/1/Biodegradation%20of%20marine%20oil%20spill%20residues%20using%20aboriginal%20bacterial%20consortium%20based%20on%20Penglai%2019-3%20oil%20spill%20accident%2c%20China.pdf","","1,2-DMN, 1,2,7-TMN isomers from DMN, TMNs indicate to be more depleted to biodegradation than the 1,6-DMN and 1,3,7-TMN. Alkylphenanthrenes isomers:
 The effect of biodegradation on alkylphenanthrenes was reported using variations in the distribution of methylphenanthrenes (MP), dimethylphenanthrenes (DMP) and trimethylphenanthrenes (TMP). The relative amount of phenanthrene and MP decrease significantly, while the proportion of DMP and TMP increased correspondingly (Fig. ), indicating that the DMP and TMP are more difficult to biodegradation than phenanthrene and MP. It can be concluded that, a decrease in the relative concentration of phenanthrene and lower methyl ""homologue'' comparing to the higher homologues occurred. This result is largely consistent with field observations by  and  that higher degree of alkylation leads to strong biodegradability. The difference between S-BR1 and S-BR2 is little. Alkylphenanthrenes isomers:
 It is observed that the 2-MP isomer is less resistant to biodegradation while the 9-MP and 1-MP isomers show higher resistance to biodegradation (Fig. ). For the MP isomers, the methylphenanthrene ratios on the oil-gas geochemical exploration study, such as (3-MP + 2-MP)/(9-MP + 1-MP), 1-MP/9-MP and 2-MP/MPs show a slight decrease with increasing degree of biodegradation. The reason may be contribute the higher thermally stability of 9-methyl, 1-methyl methylphenanthrenes isomers than 3-methyl, 2-methyl methylphenanthrenes. For the DMP isomers, the susceptibility to the biodegradation of the individual isomers is complicated and less clear due to large number of possible isomers and coelution of different substitution isomers on common stationary phases. In this study, the relative 4. GC-MS chromatograms for alkyl naphthalene (m/z 144 + 156 + 170; MN, DMN, TMN), alkylphenanthrenes (m/z 192 + 216; MP, DMP) and alkyldibenzothiophene distributions (m/z 198 + 212 + 226; MDBT, DMDBT, TMDBT) in oily sediment before and after biodegradation with surfactant-treated microcosms. Alkylphenanthrenes isomers:
 abundance of 1,7-DMP was the highest. On the whole, the order of susceptibility of the methylphenanthrenes to biodegradation in this study is: 2-MP > 3-MP > 1-MP > 9-MP (Figs. )."
"Environmental Forensics Study of Crude Oil and Petroleum Product Spills in Coastal and Oilfield Settings: Combined Insights from Conventional GC-MS, Thermodesorption-GC-MS and Pyrolysis-GC-MS","https://scispace.com/paper/environmental-forensics-study-of-crude-oil-and-petroleum-338xby8rqo","2018","Book Chapter","","Michael A. Kruge
José Luis R. Gallego
Azucena Lara-Gonzalo
N. Esquinas","10.1016/B978-0-12-804434-6.00007-0","https://scispace.com/pdf/environmental-forensics-study-of-crude-oil-and-petroleum-338xby8rqo.pdf","A representative set of five oil spill samples from four different regions displayed different product characteristics and different levels of weathering. Three of them were taken along shorelines affected by marine oil spill events, viz., Abono and Prestige (Spain) and Deepwater Horizon (Unites States) and the other two were taken at inland oil spill sites (Angola and Kuwait). A multifaceted environmental forensics approach revealed key molecular features. In addition to the conventional gas chromatography–mass spectrometry (GC–MS) analysis of saturated and aromatic fractions, the polar fractions also were analyzed, revealing a complex series of linear alkanones in those oil samples particularly enriched in aliphatics. Thermodesorption–GC–MS of the whole oils was also employed to further test its efficacy as a tool for the rapid fingerprinting of environmental contamination. The method was shown to accurately detect most of the essential features recognized in the conventional GC–MS analysis of the saturated and aromatic fractions, although in some instances with less sensitivity and poorer resolution. Characteristics so recognized included the distributions of normal and isoprenoid alkanes, saturate and aromatic biomarkers, and polycyclic aromatic compounds such as alkylphenanthrenes and alkyldibenzothiophenes. Sequential pyrolysis of the postthermodesorption residue and asphaltene pyrolysis yielded similar results, indicating that the residue consists primarily of asphaltenes. Thermodesorption and pyrolysis GC–MS also recognized substances likely to be associated with spill cleanup efforts that were not detected by conventional analysis.","Title: Environmental forensics study of crude oil and petroleum product spills in coastal and oilfield settings: Combined insights from conventional GC-MS, thermodesorption-GC-MS and pyrolysis-GC-MS Authors: Michael A Kruge,José Luis,R Gallego,Azucena Lara-Gonzalo,Noemi Esquinas Keywords: asphaltenes, petroleum biomarkers, polycyclic aromatic compounds, alkanones, Aboño (Spain) oil spill, Angola oil spill, Kuwait oil spill, Macondo oil spill, Prestige oil spill"
"Preliminary results on the organic geochemistry of the Oligocene Creede Formation, Colorado","https://scispace.com/paper/preliminary-results-on-the-organic-geochemistry-of-the-2w26d5x2qm","2001","Other","","Paul G. Lillis","10.3133/OFR94260L","https://scispace.com/pdf/preliminary-results-on-the-organic-geochemistry-of-the-2w26d5x2qm.pdf","","1R069). Only the isoprenoid thiolanes (m/z 101) and dithianes + alkylbenzenes (m/z 119) mass chromatograms show any pattern of homologous series of peaks. Molecular Geochemistry:
 Aromatic compounds that are terrestrial plant source indicators including cadelane, simonellite, norabietane bisnorsimonellite, retene, and tetrahydroretane are only abundant in sample 1R069. Aryl isoprenoids (alkylbenzene compounds) are present in all four samples, and most abundant in 1R069. Most of the poly aromatic hydrocarbons (PAH) are in 1R113 and 1R069, including phenanthrenes, perylenes, triaromatic steroids, and chrysenes; the naphthalenes, however, are only abundant in 1R069. Maturity parameters:
 Molecular composition of organic matter changes with thermal maturity due to a number of reactions that are temperature and time dependent. The Creede samples show a range of maturities based on biomarker maturity parameters, of which the most dynamic example is the aromatization of monoaromatic steranes to triaromatic steranes. This reaction is expressed as the ratio: triaromatic steranes/tri-+ monoaromatic steranes or T/T+M (0.0 -> 1.0). The order of maturity based on T/T+M is listed on Table . Most other biomarker maturity parameters agree with relative maturity order based on T/T+M including: C29 sterane S/S+R, C21 tricyclic/hopane, C23 tricyclic/hopane, hopane/sterane, diasterane/sterane, pregnane/sterane, C27 diasterane S/S+R, and Ts/Tm. With the exception of sample 1R006 the following maturity parameters also agree with the T/T+M maturity order: CSQ 170,210 hopane/17cc,210 hopane, GSI 170,210 hopane/17cc,210 hopane, hopene/hopane, C31 hopane S/S+R and the Tmax of the S2 peak from Rock-Eval. Disagreement with the T/T+M order was observed in moretane/hopane and 50 sterane concentrations. In addition, the methyl phenanthrene index (MPI) shows 1R069 (0.37) slightly more mature than 1R113 (0.24) rather than the other way (MPI formula from ."
"Processos naturais de biodegradação do petróleo em reservatórios","https://scispace.com/paper/processos-naturais-de-biodegradacao-do-petroleo-em-3nwu9jb0z6","2012","Journal Article","Química Nova","Georgiana Feitosa da Cruz
Anita J. Marsaioli","10.1590/S0100-40422012000800024","https://scispace.com/pdf/processos-naturais-de-biodegradacao-do-petroleo-em-3nwu9jb0z6.pdf","Petroleum biodegradation in reservoirs is a process caused by different microorganisms affecting many oil deposits which modifies the oil composition in a quasi-stepwise process starting from n-alkanes and isoprenoids through to diasteranes. This causes oil souring and increased viscosity, sulfur and metal content, having a direct impact on oil production and refining costs.","microbiana utilizada. Por exemplo, sob condições aeróbias, Bost et al. mostrou que os hopanos são degradados sem produção de 25-nor-hopanos ou degradação de esteranos. Compostos biomarcadores:
 Existe uma grande quantidade de microrganismos descritos na literatura que possuem capacidade enzimática para biodegradar biomarcadores do petróleo.  Dentre estes, citam-se, como exemplos, os aeróbios pertencentes aos gêneros Achromobacter, Bacillus, Brevibacterium, Mezorhizobium e Bordetella, descritos na literatura como degradadores de hidrocarbonetos e/ou associados a ambientes contaminados com óleo  e alguns anaeróbios facultativos pertencentes aos gêneros Bacillus e Acinetobacter, dentre outros, conhecidos pela capacidade de utilizar hidrocarbonetos como fonte de carbono diretamente  ou por utilizarem os metabólitos produzidos por outras bactérias, quando estão em consórcios.  Um dos principais produtos gerados a partir da biodegradação dos terpanos tricíclicos, hopanos e esteranos são seus correspondentes ácidos terpanoicos tricíclicos, hopanoicos e esteranoicos.  Esses ácidos são comumente derivatizados aos correspondentes ésteres metílicos e reduzidos a hidrocarbonetos, para serem analisados por cromatografia gasosa acoplada à espectrometria de massas. A Figura 6 apresenta alguns desses ácidos já detectados em amostras de petróleo. Compostos biomarcadores:
 Os estudos dos componentes ácidos correlacionados com os da fração neutra em amostras de óleos e sedimentos é um campo vasto não totalmente explorado e pode ser utilizado para um melhor entendimento dos processos que envolvem geração, migração e biodegradação dessas amostras.  Óleos crus imaturos, óleos biodegradados, frações e óleos pesados, assim como águas geradas na extração do óleo cru e betume, provenientes de várias partes do mundo, frequentemente apresentam ácidos orgânicos de ocorrência natural em sua constituição.  No Brasil, o aparecimento de petróleos ácidos está relacionado com a produção de Cherne e Pampo, na Bacia de Campos.  Este surgimento mantém uma estreita relação com a evolução das descobertas e produção de óleo no país."
"Microorganisms and Crude Oil","https://scispace.com/paper/microorganisms-and-crude-oil-1vsw4izog9","2012","Book Chapter","","Dorota Wolicka
Andrzej Borkowski","10.5772/48016","https://scispace.com/pdf/microorganisms-and-crude-oil-1vsw4izog9.pdf","Crude oil is one of the most important energetic resources in the world. It is used as raw material in numerous industries, including the refinery-petrochemical industry, where crude oil is refined through various technological processes into consumer products such as gasoline, oils, paraffin oils, lubricants, asphalt, domestic fuel oil, vaseline, and polymers. Oil-derived products are also commonly used in many other chemical processes.","Moreover, there will be also differences in the physical properties of the oil such as viscosity. Complete homogenization of crude oil is not possible even in the geological time scale. Due to processes of oil mixing and diffusion its composition may become uniform only locally. Microbiological biodegradation of crude oil components:
 Generally, biodegradation of crude oil takes place in the contact zone between crude oil and water. The resulting solution gradient causes influx of substances prone to degradation such as n-alkanes and isoprene alkanes into this zone and outflow of reaction products in the opposite direction. Mixing of biodegraded oil with inflowing unchanged oil takes place also in this region. At the rise of 25-nor hopane concentration, a typical feature is the removal of n-alkanes, followed by isoprenoid hydrocarbons with the increase of biodegradation rate. At reservoir scale, advanced biodegradation is favored by moderate temperatures in shallow reservoirs. Microbiological biodegradation of crude oil components:
 The influence of biodegradation on the crude oil composition is reflected in the concentration of particular compound groups. For example, in the case of PAHs, three elements determine their susceptibility to microbiological degradation: the number of rings in the compound, the number of alkyl substituents, and the location of the bonds of these substituents. The percentage content of hydrocarbons with large number of rings is inversely proportional to the rate of biodegradation . Similar relationship takes place in the case of the number of substituents, e.g. dimethylnaphthalene is more susceptible to biodegradation than trimethylnaphthalene. In the case of methylnaphthalenes, the most thermodynamically stable isomers are very quickly decomposed. This indicates that the stereochemical configuration of the hydrocarbon compounds is the dominant factor affecting biodegradation of crude oil rather than thermodynamic effects. In the case of methylphenanthrenes, the highest resistance to biodegradation was observed in those with methyl groups in positions 9 and 10. In the case of steroid hydrocarbons such as mono-aromatics (MSHs) and tri-aromatics (TSHs) hydrocarbons, MSHs are more resistant to microbiological degradation than the TSHs. Branched TSHs with short side chains are more effectively biodegraded than branched TSHs with long chains. In turn, short chain pregnanes are rather resistant to biodegradation in comparison to long chain typical steranes. High thermal maturity is related to high values of the concentration ratios of these compounds, while the degree of biodegradation increases when the ratio [C21/(C21+C28)] decreases and when the ratio of [C21-22-pregnanes/(C27-29-steranes)] increases. No trend has been identified for the ratios of short to long chains of MSHs. This is because thermally mature crude oils show higher concentrations of thermodynamically stable components. Thus, indicators for crude oil thermal maturity might be influenced by biodegradation because bacteria generally decompose thermodynamically stable components very quickly. In addition, thermal maturity trends and biodegradation indicators may differ between oil reservoirs due to different species within the bacterial population, red-ox conditions, crude oil composition, and nutrients availability ."
"Introduction to Enhanced Oil Recovery (EOR) Processes and Bioremediation of Oil-Contaminated Sites","https://scispace.com/paper/introduction-to-enhanced-oil-recovery-eor-processes-and-139dgrie3b","2012","Book","","Laura Romero-Zerón","10.5772/2053","https://scispace.com/pdf/introduction-to-enhanced-oil-recovery-eor-processes-and-139dgrie3b.pdf","","inoculums. When the dose was increased to 0.6 mg•kg -1 , the peak lines were almost parallel with the base line. Fig. clearly shows that increasing bacteria dose improves TPH degradation and accelerates bioremediation. Number: GC-MS indicated that the dominant petroleum constituents in the oil-contaminated soil were 82.7% n-alkane, 16% alkene, and the balance corresponded to other hydrocarbons, such as carotane, alkylnaphthalenes, hopanes, and steranes. Monocyclic benzene series were not found in the hydrocarbon analyzed, which is in agreement with Xiao-Fang's study (2007) [32] . indicates that branched alkanes and alkenes are easier to degrade than linear alkanes. The content of linear alkanes decreases as bacteria dosage increases. The degradation rate of linear alkanes was increased to 97.4% when the dose of bacteria was increased to 0.6mg•kg -1 . The residual components shown in Table were mainly linear alkanes. The hydrocarbon degradation rate was monitored when bacteria dosage was 0.2mg•kg -1 . Samples were taken for GC-MS analysis at the following degradation times: 0d, 4d, 8d, 40d, and 48d respectively. Fig. and Table show the experimental observations. Table indicates that the peak values on the GS-MS spectrum are reduced after 4 days of bioremediation, which indicates that hydrocarbon biodegradation is taken place GC-MS analysis shows that 98.5% of alkenes were degraded, followed by 87.9% degradation of linear alkanes and 41 % degradation of branched alkanes. The degradation rate of branched alkanes, carotene, and alkylnaphthalenes was increased up to 74.9%, 91.0%, and 100% respectively in 8 days of testing. At the same time the peak of the phytan (Ph, 2, 6, 10, 14tetramethylhexadecane) in the GC-MS spectrum, (shown by the arrows in Figure ) almost disappeared. The Ph and Pristane (Pr, 2, 6, 10, 14-Tetramethylpentadecane) were not detected after 48 days of bioremediation. Thus, the presence of these components in the contaminated soil sample is taken as an indication of the biodegradation of the petroleum hydrocarbon in the contaminated soil. In Fig. , the peak of Ph could be seen in the CK line after 48 days of biodegradation. However, the Ph peak disappeared after inoculating bioaugmentation products. This is strong evidence that bioaugmentation products could degrade petroleum. The concentration peaks from the GC-MS spectra decreased from 32 to 14 after 40 days of bioremediation. This result points out that branched alkanes, alkene, and alkylnaphthalenes were thoroughly degraded. However, linear alkanes, hopanes, and steranes were left in the soil as pollutants. The residual part of the n-alkane corresponds to the short chains because bacteria degraded the longer n-alkane chains, which is in agreement with previous studies [37], which have reported that the degradation rate of nalkanes is reduced as the chain length increases. Previous work [37, 38] claims that marine filamentous fungi have higher degradation capacity for eicosane,"
"Geochemistry and Genesis of Oil and Gas Seeps in the Junggar Basin, NW China: Implications for Hybrid Petroleum Systems","https://scispace.com/paper/geochemistry-and-genesis-of-oil-and-gas-seeps-in-the-junggar-1gugk2nd4i","2019","Journal Article","Geofluids","Jingkun Zhang
Jian Cao
Yan Wang
Jun Li
Guang Hu
Ni Zhou
Tianming Shi","10.1155/2019/9732674","https://scispace.com/pdf/geochemistry-and-genesis-of-oil-and-gas-seeps-in-the-junggar-1gugk2nd4i.pdf","The Junggar Basin of NW China is representative in containing oil and gas seeps worldwide as there are a wide variety of oil and gas seeps over a large area. However, the genesis of these seeps remains poorly known, limiting the understanding of their implications for petroluem geology and hydrocarbon exploration. Here, we investigate 26 samples of oil and gas seeps from nine outcrops within five areas along the margins of the Junggar Basin to determine the geochemical characteristics of the hydrocarbons, constrain their genesis, and discuss future exploration strategies. Results indicate one type of gas seeps and five types of oil seeps. The gas seeps are derived from low-maturity Jurassic source rocks and occur in the Wusu and Dushanzi areas in the western segment of the southern basin. Type 1 oil seeps, sourced from lower Permian rocks (P1f), occur on the northwestern margin. Type 2 oil seeps, derived from middle Permian source rocks (P2l/P2p), occur on the eastern segment of the southern margin and eastern margin of the Junggar Basin. Type 3 oil seeps, with Jurassic source rocks, occur in the Qigu area in the middle segment of the southern basin. Type 4 oil seeps, with Cretaceous source rocks, occur in the Anjihai and Huoerguosi areas within the middle segment of the southern basin. Type 5 oil seeps mainly have Paleogene source rocks with a minor contribution from Jurassic rocks and occur in the Wusu and Dushanzi areas in the western segment of the southern basin with the single-type gas seeps. These results indicate the presence of lacustrine hybrid petroleum systems within the Junggar Basin with complex oil and gas sources and migration-accumulation. Six potential areas along the basin margin were proposed for exploration in the future.","for detail). As the oil seeps share similar geochemical characteristics between crude-oil and source-rock samples (see discussion in ""(4) Source of oil seeps"" section for detail), some minor differences in some of the geochemical parameters between . Oil Seeps in the Northwestern Basin (NW):
 10 Geofluids crude-oil, source-rock, and oil-seep samples might provide insights into the process of secondary alteration (most likely biodegradation; ). Oil Seeps in the Northwestern Basin (NW):
 Tricyclic terpanes have a resistance to biodegradation in the order C 23 >C 21 >C 20 >C 19 . In this study, the values of C 19 /C 20 ,C 20 /C 21 , and C 21 /C 23 tricyclic terpanes of samples decreased along the order of source rocks, crude oils, and oil seeps (Figures ) and 5(c); Table ). This implies the level of biodegradation. The resistance of some biomarkers to biodegradation in OM generally follows the order of regular steranes<hopanes (C 29 >C 30 )<Ts/Tm (Ts<Tm)<gammacera-ne<C 26 tricyclic terpanes<C 24 tetracyclic terpanes<diasteranes . In this study, with the increasing of biodegradation, the ratios of C 24 tetracyclic/C 26 tricyclic terpane (Figure (b); Table ), Ts/Tm, gammacerane/C 30 hopane (Figure (d); Table ), C 29 /C 30 hopanes (Figure (e); Table ), C 24 tetracyclic/C 30 hopane, and diasteranes/regular steranes (Figure (g); Table ) of samples increased, and the ratios of C 35 /C 34 22S hopanes of these samples decreased from source rocks to crude oils and to oil seeps (Figure (e); Table ). Oil Seeps in the Northwestern Basin (NW):
 The isomerization steranes have a decreasing resistance to biodegradation in the order of ααα20R>αββ20R≥αββ20-S≥ααα20S, and homologue steranes are resistant to biodegradation in the order of C 27 >C 28 >C 29 >C 30 . In this study, the values of C 27 /C 28 ααα20R, C 28 /C 29 ααα20R (Figure (f); Table ), C 29 ααα20S/(20R+20S), and 20RC 29 αββ/(αββ+ααα) (Figure (h); Table ) of samples increased from source rocks to crude oils and to oil seeps, indicative of biodegradation."
"Petroleum systems of the United States","https://scispace.com/paper/petroleum-systems-of-the-united-states-3q7nvk4i4b","1988","Report","","Leslie B. Magoon","10.3133/B1870","https://scispace.com/pdf/petroleum-systems-of-the-united-states-3q7nvk4i4b.pdf","Leslie B. Magoon 1 j The petroleum system-A classification scheme for esearch, exploration, and resource assessment 2","which describe properties of the whole sample; and (2) specific parameters which measure in detail the chemical 60 Petroleum Systems of the United States characteristics of a fraction of the sample. The most commonly employed correlation parameters in use today are listed in table . Geochemical Correlations in Petroleum Systems:
 The choice of compositional parameter for correlation depends upon the type of hydrocarbon deposit to be correlated (gas, oil, condensate, biodegraded heavy oil, or tar sand) and the availability of methods to the explorationist. In conventional oil-to-oil and oil-tosource rock correlation studies, a large number of parameters can be used (see table  and  In other cases, such as the correlation of gases to one another or to oils or to their source rocks, only a limited number of parameters are useful: C/C 1 -C 4 (wetness), C 5 -C 7 hydrocarbon distribution, and o 13 C and oD . In overmature rocks and oils or in biodegraded heavy oil seeps and tar sands, the choice of correlation parameters is again limited: naphthenoaromatics, aromatics, thiophenes, polycyclic naphthenes, and o 13 C . A problem sometimes encountered in oil-to-source rock correlation is the occurrence of migrated hydrocarbons in the presumed source rock. A relatively new technique of pyrolyzing the kerogen or asphaltenes in the rock and then comparing the hydrocarbons of the pyrolyzate with the hydrocarbons in the oil has been extremely helpful in this regard . Geochemical Correlations in Petroleum Systems:
 One of the most useful tools for correlations that has been developed in the past 20 years is in the area of high-resolution gas chromatography-mass spectrometry. This technique allows the fingerprinting of any number of classes of chemical compounds in the oil and bitumen or pyrolyzate for direct comparison. The compound types most useful for correlation, because of their ubiquitous nature and their stability over a wide range of geologic conditions, are the polycyclic naphthenes and naphthenoaromatics. These compounds, often referred to as ""geochemical fossils"" or ""biological markers,"" are so called because they often retain enough of their original chemical character and skeletal structure so as to be able to relate them unambiguously to known biochemical molecules in living organisms  on asEhaltenes ~ n others, 1974). If enough molecular information is retained on the ""chemical fossil,"" it is possible to interpret the biological processes leading to its formation and perhaps even infer something about the chemical conditions during deposition and specific types of chemical reactions that occurred (for example: oxic, euxinic, thermal, hydrolyzing, decarboxylating) between the time of the organism's death and its discovery eons later. Geochemical Correlations in Petroleum Systems:
 Although many biomarker hydrocarbons such as acyclic isoprenoids, steranes, and tri-and pentacyclic terpanes are ubiquitous in sedimentary organic matter and petroleum resources, their relative distributions are not. Of particular value in correlation studies are Geochemical Correlations in Petroleum Systems 61 biomarker compounds which occur in a limited number of organisms. For comprehensive literature reviews on the use of biomarkers for correlation, see , , ."
"Geochemical Features of Oil on Biomarkers","https://scispace.com/paper/geochemical-features-of-oil-on-biomarkers-2vng7fvkrv","2017","Journal Article","IOSR Journal of Applied Chemistry","G.S. Martynova
F.R. Babaev
O.P. Maksakova
R.G. Nanadzhanova","10.9790/5736-1005013036","https://scispace.com/pdf/geochemical-features-of-oil-on-biomarkers-2vng7fvkrv.pdf","Annotation: Here are presented the data of GC / MS, ICP / MS, UV, STA studies of Azerbaijanoil from the Gunashli field in the Caspian Sea. According to the data of chromatography-mass spectroscopy, the relative distribution of n-alkanes of oil was determined to calculate the naphthenic oil passport from various horizons and depths. It is shown that oil is of paraffin-naphthenic type, hydrocarbon composition of oil samples varies depending on the horizon and the depth of occurrence. Oil is characterized as light, average catagenetic transformation and refers to the glandular type. Mother rock of sedimentary type are of the clay type. The studied geochemical characteristics of oil indicate a biogenic genesis and differentiation of oils by characteristic biomarker indicators, and also make it possible to predict the composition and type of oils in deposits with a simular geological structure.","Title: Geochemical Features of Oil on Biomarkers Authors: G S Martynova,F R Babaev,O P Maksakova,R G Nanadzhanova Keywords: oil biomarkers, diagenetic transformation, GC / MS, ICP / MS, oil"
"Multiple Controls on Petroleum Biodegradation and Impact on Oil Quality","https://scispace.com/paper/multiple-controls-on-petroleum-biodegradation-and-impact-on-4jeh5dwt9c","2001","Proceedings Article","","Lloyd M. Wenger
Cara L. Davis
Gary H. Isaksen","10.2118/71450-MS","https://scispace.com/pdf/multiple-controls-on-petroleum-biodegradation-and-impact-on-4jeh5dwt9c.pdf","Biodegradation of oils in nature is important in reservoirs cooler than approximately 80°C. Oils from shallower, cooler reservoirs tend to be progressively more biodegraded than those in deeper, hotter reservoirs. Increasing levels of biodegradation generally cause a decline in oil quality, diminishing the producibility and value of the oil as API gravity and distillate yields decrease; in addition, viscosity, sulfur, asphaltene, metals, vacuum residua, and total acid numbers increase. For a specific hydrocarbon system (similar source type and level of maturity), general trends exist for oil-quality parameters vs. present-day reservoir temperatures of <80°C. However, other controls on biodegradation may also have significant effects, making predrill prediction of oil quality difficult in some areas. It has long been observed that fresh, oxygenated waters in contact with reservoir oil can cause extensive aerobic biodegradation. More recently, it has been recognized that anaerobic sulfatereducing and fermenting bacteria also can degrade petroleum. Highly saline formation waters may inhibit bacterial degradation and effectively shield oils from oil-quality deterioration. The timing of hydrocarbon charge(s) and the post-charge temperature history of the reservoir can have major effects on oil quality. Reservoirs undergoing current charging with hydrocarbons may overwhelm the ability of bacteria to degrade the oil, resulting in better-than-anticipated oil quality. Fresh charge to reservoirs containing previously degraded oil will upgrade oil quality. Calibrated methods of oil-quality risking, based on a detailed evaluation of reservoir charge and temperature history and local controls on biodegradation, need to be developed on a play and prospect basis.","biodegradation levels, and they provide an excellent means of correlating biodegraded and unbiodegraded oils. Large differences in GC distributions and bulk properties of the oils shown in Fig. are tied directly to the level of biodegradation. Biodegradation and Impact on Oil Quality:
 The unbiodegraded oil in Fig.  largely reflects the composition of the original oil as generated from its marine shale source rock at mainstage oil-window maturity levels (∼36 to 37°API with a GOR of ∼800 scf/STB). The complete suite of n-alkanes is intact, and n-alkanes are greater than adjacent isoprenoids (e.g., as monitored by pristane/n-C 17 and phytane/n-C 18 ratios). The unresolved complex mixture (UCM) of branched and cyclic compounds under the resolved peak envelope on the GC is small. With very slight biodegradation, n-alkanes in the approximately C 8 -C 15 range are attacked first, as illustrated in Fig. . By the next stage (slight biodegradation), this carbon-number range is further depleted, and isoprenoid-to-alkane ratios increase as the >C 15+ n-alkanes are attacked. Note in Fig.  that at the slight biodegradation stage, pristane >n-C 17 and phytane >n-C 18 , and the UCM is slightly larger. For moderate levels of biodegradation, n-alkanes are significantly depleted, and the UCM hump is much larger. The isoprenoids survive, and the pristane/phytane ratio is still unaltered and virtually the same as the less-degraded oils. By the heavy biodegradation stage, virtually all n-alkanes and isoprenoids have been removed and the UCM hump is large. For all the oils in the biodegradation series shown in Fig. , the multiring biomarkers remain unaltered, even at heavy levels of biodegradation. These compounds are not typically detected in GCs; rather, they are by combination GC/mass spectroscopy for genetic source and maturity information. These components are relatively resistant to biodegradation and are very useful in extracting geochemical affinities from highly degraded samples and providing a means for correlation of unbiodegraded and biodegraded oils. Eventually, the biomarker components are also subject to alteration as biodegradation goes beyond heavy into the severe stage. Within the various biomarker groups, there is also a general order of removal by bacteria (Table ). If biodegradation reaches extremely severe levels, a series of compounds (25-nordemethylated hopanes) is formed in response to bacterially mediated ring-opening processes. The co-occurrence of demethylated hopanes with less-resistant components (e.g., n-alkanes) is strong evidence for a multigeneration charge and degradation history, where severe biodegradation of an initial charge is followed by later recharge and, possibly, additional biodegradation."
"Chromatography and Its Applications","https://scispace.com/paper/chromatography-and-its-applications-2l9otzke2o","2012","Book","","Sasikumar Dhanarasu","10.5772/1961","https://scispace.com/pdf/chromatography-and-its-applications-2l9otzke2o.pdf","","sterane/hopane ratio is relatively high in marine organic matter with values generally approaching unity or even higher. In contrast, low steranes and sterane/hopane ratios are more indicative of terrigenous and/or microbially reworked organic matter . Bisnorhopanes:
 It is believed that sediments containing large amounts of bisnorhopane were deposited under anoxic conditions . Bisnorhopanes are types of pentacyclic triterpanes present in significant concentrations in oil. Bisnorhopanes are observed in Guatemalan evaporites  and frequency reported in other biogenic siliceous rocks of the circum-Pacific region (Katz and Elrood, 1983). Metalloporphyrins:
 Porphyrins are the tetrapyrole compounds; the porphyrin nucleus consists of four pyrrole rings joined by four methine bridges giving a cyclic tetrapyrrole structure. The majority of these compounds are thought to originate from various chloropigments produced by phototrophic organisms of the geological past . Metalloporphyrins has become a valuable tool in the determination of the origin and maturity of the organic matter . The porphyrin structure consists of a porphyrin nucleus with various groups of side chains occupying some or all of its peripheral positions. Metalloporphyrins:
 Metalloporphyrins were extracted from asphaltene and maltene fractions using adsorption column chromatography . Porphyrins occur as etioporphyrin (Etio), Benzo-etio, deoxophylloerythroetioporphyrin (DPEP), Benzo-DPEP and tetrahydrobenzo-DPEP (THBD). The distribution of different types of metalloporphyrins is useful for interpreting transformation of kerogen into bitumen, depositional environments and maturation levels of deposited organic matters. Developments in GC-MS instrumentation:
 The low biomarker concentrations in oils (often in the range of several parts per million) in the presence of a highly complex petroleum hydrocarbon matrix especially weathered oils, the variety of chemical classes present in oils and the possible co-elutions in conventional chromatographic separations make the identification of biomarkers a more difficult task. Developments in GC-MS instrumentation:
 The development of more reliable, highly selective, fast and sensitive separation and identification tools for biomarker analysis purposes can be considered as one of the most important research points in this field for a meaningful biomarker analysis. Developments in GC-MS instrumentation:
 The use of comprehensive two-dimensional gas chromatography (GC × GC) coupled to time-of-flight mass spectrometry (TOFMS) was found to be a powerful tool for overcoming some problems and limitations since it (i) separates substances using two interconnected capillary columns containing different stationary phases and (ii) uses the fast data acquisition of time-of-flight analyzer as a robust registry for GC × GC ."
"Reconnaissance of Macondo-1 well oil in sediment and tarballs from the northern Gulf of Mexico shoreline, Texas to Florida","https://scispace.com/paper/reconnaissance-of-macondo-1-well-oil-in-sediment-and-44kopd8hdg","2010","Other","","Robert J. Rosenbauer
Pamela L. Campbell
Angela Lam
T.D. Lorenson
Frances D. Hostettler
B. Thomas
Florence L. Wong","10.3133/OFR20101290","https://scispace.com/pdf/reconnaissance-of-macondo-1-well-oil-in-sediment-and-44kopd8hdg.pdf","Hydrocarbons were extracted and analyzed from sediment and tarballs collected from the northern Gulf of Mexico (nGOM) coast that is potentially impacted by Macondo-1 (M-1) well oil. The samples were analyzed for a suite of diagnostic geochemical biomarkers. Aided by multivariate statistical analysis, the M-1 well oil has been identified in sediment and tarballs collected from Louisiana, Alabama, Mississippi, and Florida. None of the sediment hydrocarbon extracts from Texas correlated with the M-1 well oil. Oil-impacted sediments are confined to the shoreline adjacent to the cumulative oil slick of the Deepwater Horizon oil spill, and no impact was observed outside of this area.","that to unknown hydrocarbon extracts from potentially impacted sediments and oil residues found on the shoreline. Biomarkers are complex organic compounds that occur in petroleum, rocks, and sediments and show little change in structure from their parent organic molecules in living organisms . Macondo-1 Well Oil:
 A suite of 19 biomarker parameters were identified from an analysis of the GC/MS spectra of the hexane and 30-percent DCM/hexane extracts of the BP M-1 well oil. These parameters defined a chemical signature (fingerprint) of the BP M-1 well (table 2; appendix 1). Ratios were obtained from an average of 8 separate analyses of the well oil. Similar ratios have been utilized in past studies to genetically relate environmental samples of oil, tar, and sediment to their sources . Of these ratios, 13 were particularly diagnostic of the BP M-1 oil and identifiable in the sediment and tarball samples; these were utilized in this study. Specifically excluded from this set of ratios were pristane and phytane because of confounding environmental input in nature and losses in the oils due to environmental degradation. We defined one ratio for this set based on the dominant sterane composition: the βα C27 diasterane S epimer/ααα C29 sterane S epimer. Patterns from chromatograms of the tricyclic terpanes and hopanes in the 191 m/z traces and of the steranes in the 217 m/z traces obtained by the GC/MS in single ion monitoring (SIM) mode show several key visual relationships for the M-1 well oil (fig. ). Particularly notable are the tricyclic terpanes that define the triplet, the C 24tetracyclic terpane, and the C 26 -tricyclic terpane (S and R epimers) that were uniformly equal. Also of note is the prominence of the 18α(H)-30-norneohopane relative to the 17α,21β(H)-30-norhopane and C 30 Sediment 17α,21β(H)-hopane. The prominence of the diasterane epimer pair (βα C27 diasterane, S & R) is also characteristic of this oil. Macondo-1 Well Oil:
 Total extractable organic matter was low for all sediment samples, ranging from 1.2 to 650 mg/kg and averaging 52.6 mg/kg (table ). This extractable content often included some biogenic terrigenous material and in some cases a water-soluble precipitate. Replicate analyses of the same sediment yielded an average precision of 3.8 ± 0.6 relative percent for the biomarker parameters. None of the parameters exceeded 10 percent relative error. Average replicate analyses of sediment from the same site yielded a lower average precision of 7.9 ± 1.3 relative percent. Some parameters from this latter set, with low absolute values approached 15 percent relative error. The identification of M-1 well oil in the sediment samples was based on a combination of an interpretation of the compounds identified in the mass spectra of the sediment extracts and a multivariate statistical analysis of the biomarker ratios utilizing hierarchal cluster analyses (HCA) and principal component analyses (PCA)."
"Abiotic oxidation of petroleum bitumens under natural conditions.","https://scispace.com/paper/abiotic-oxidation-of-petroleum-bitumens-under-natural-17ymg1qc4c","2000","Journal Article","Organic Geochemistry","Armelle Charrié-Duhaut
S Lemoine
Pierre Adam
Jacques Connan
Pierre Albrecht","10.1016/S0146-6380(00)00109-1","http://directory.umm.ac.id/Data%20Elmu/jurnal/O/Organic%20Geochemistry/Vol31.Issue10.Oct2000/1054.pdf","","related to steroids, tricyclic terpenoids, hopanoids and benzothiophenes. Sulfones, which are the result of the oxidation of steroid, terpenoid or hopanoid sul®des were also detected. Conclusions:
 The hypothesis that these oxygenated compounds result at least partially from an abiotic oxidation process, rather than from biodegradation, is supported by quantitative data obtained for steroid triaromatic ketones; these compounds appear with increasing alteration and are absent in the less altered, but already biodegraded samples. Furthermore, oxygen incorporation generally occurred without diastereomeric discrimination, a feature unexpected for biological processes. Simulation experiments, in which typical constituents of mature petroleum (triaromatic steroids, alkylated benzothiophenes, alkylphenanthrenes) were exposed to oxygen and light, further support this hypothesis, since they were transformed into benzylic ketones or acids similar to those detected in our samples. Conclusions:
 The results also suggest that abiotic oxidation can severely alter macromolecular constituents of petroleum, as well as aromatic constituents of the UCM. Simulation experiments suggest that abiotic oxidation may favour the release, by oxidative cleavage, of subunits from the macromolecules as oxygenated low molecular weight components (e.g. carboxylic acids or ketones). Finally, it has been shown that incorporation of oxygen functionalities transforms part of the highly lipidic macromolecular fractions of petroleum into more hydrophilic humic-like substances. Conclusions:
 In summary, our results suggest that alteration by abiotic oxidation may play a key role in the fate of petroleum pollutants in the environment. Indeed, abiotic incorporation of oxygen may lead to the formation of oxygenated components by the oxidation of low molecular weight lipids but also by inducing cleavage reactions in macromolecular substances. The increased water solubility of these oxygenated constituents probably allows a better bio-availability and, therefore, an increased rate of biodegradation. However, it may be that some of these oxygenated compounds are toxic to biota especially since they are more bioavailable. Furthermore, the important incorporation of hydroxyl and carboxyl functions into petroleum macromolecules (transforming them into humic-like substances) combined with oxidative cleavage reactions may also favour their progressive solubilization in nature."
"Estudio de biomarcadores del petróleo a partir de la meteorización de un crudo en agua de mar","https://scispace.com/paper/estudio-de-biomarcadores-del-petroleo-a-partir-de-la-2x0cjoep","2023","Journal Article","Revista Internacional De Contaminacion Ambiental","German Javier Tomas
Adrián Javier Acuña","10.20937/rica.54799","https://scispace.com/pdf/estudio-de-biomarcadores-del-petroleo-a-partir-de-la-2x0cjoep.pdf","Cuando se produce un derrame de crudo sobre sistemas acuáticos tienen lugar diferentes procesos de meteorización sobre este recurso que modifican su composición. Como resultado de estas transformaciones se dificulta la asignación de responsabilidades respecto a las contaminaciones producidas con los hidrocarburos. Sin embargo, en el crudo existen unas moléculas conocidas como biomarcadores con el potencial de resistir los procesos de meteorización según el tiempo de exposición, la cinética de alteración y los fenómenos de transformación por los que atraviesa este recurso cuando es expuesto al ambiente. En el presente trabajo se analizó la estabilidad de los biomarcadores para un crudo vertido en agua de mar en condiciones de laboratorio por el período de un año, con el objetivo de probar su utilidad en litigios vinculados a derrames y hurtos de hidrocarburos. Para tal fin, se analizaron los perfiles de biomarcadores por cromatografía de gases acoplada a espectrometría de masas a partir de las fracciones del crudo. Además, se calcularon parámetros específicos tales como P/n-C17 (pristano/heptadecano), 4-MeDBT/1-MeDBT (metildibenzotiofenos) y estigmastano C29αS/hopano C30 conocidos como relaciones de diagnóstico que se modificaron en torno a valores menores del 5 % respecto de su desviación estándar relativa en el transcurso de un año. Cabe destacar que las relaciones P/F, (n-C13 + n-C14)/(n-C25 + n-C26) y (N0 + N1)/N2 (N = naftalenos) fueron las únicas con porcentajes por encima del 5 % y estos resultados se asociaron a un proceso de evaporación sobre el crudo. Por otro lado, el análisis de los cromatogramas obtenidos indicó que la biodegradación también estuvo implicada en la meteorización de los hidrocarburos. Sin embargo, la mayoría de los biomarcadores permanecieron inalterados bajo las condiciones de ensayo a lo largo del tiempo de estudio lo que demuestra su potencialidad para resolver los problemas antes mencionados.","Title: ESTUDIO DE BIOMARCADORES DEL PETRÓLEO A PARTIR DE LA METEORIZACIÓN DE UN CRUDO EN AGUA DE MAR Study of petroleum biomarkers from the weathering of a crude oil in seawater Authors: Germán Javier Tomas (Corresponding Author),Javier Adrián,Acuña,A J Acuña Keywords: pristane, phytane, terpanes, steranes"
"Classification and Identification of Petroleum Microorganisms by MALDI-TOF Mass Spectrometry","https://scispace.com/paper/classification-and-identification-of-petroleum-398xuaxx2p","2015","Journal Article","Journal of the Brazilian Chemical Society","Célio F. F. Angolini
Eduardo Jorge Pilau
Patrícia F. Lopes-Oliveira
Isabel Natalia Sierra Garcia
Fabio C. Gozzo
Valéria Maia de Oliveira
Anita J. Marsaioli","10.5935/0103-5053.20150004","https://scispace.com/pdf/classification-and-identification-of-petroleum-398xuaxx2p.pdf","Indigenous bacteria isolated from a crude oil sample from a deep water reservoir in the Pampo Sul Oilfield (Campos Basin-RJ, Brazil) were previously classified as strains of B. pumilus. However, their enzymatic activities with fluorogenic probes and rates of petroleum biodegradation were completely different. Some of the bacteria depleted n-alkanes, whereas others did not. Aromatic compounds reported to be recalcitrant were also biodegraded by some of these Bacillus strains, revealing their outstanding ability to deplete petroleum. Further classification using matrixassisted laser desorption/ionization-time-of-flight mass spectrometry (MALDI-TOF MS) followed by statistical analysis revealed that these strains could be clustered into three different groups, consistent with their enzymatic activity evaluation. A more accurate phylogenetic analysis using gyrB gene sequences confirmed the MALDI-TOF MS classification of three groups of strains and identified them as Bacillus safensis, B. cereus and B. thuringiensis.","a percentage. Thus, more intense fluorescent signals correspond to more active enzymes. Similar processes ocurred with the esters ES1, ES2 and ES3, in which the enzymatic hydrolysis of the esters produced fluorescent signals (Figure ). Results and Discussion:
 Monitoring of the RIC of m/z 71 in petroleum biodegradation assays (Figure ) revealed that four strains preferentially depleted short unbranched aliphatic hydrocarbons (SG 10, 42-1 and 13); however, some strains (SG 12-1) depleted the unbranched and branched [pristane (Pr) and phytane (Ph)] aliphatic hydrocarbons at similar rates. The other strains did not significantly degrade linear hydrocarbons (SG 16, 26 and 30, Table ). Additionally SG 10, 42-1 and 12-1 showed a preference for even-numbered n-alkanes (Table , carbon preference index (CPI)). The n-alkyl cyclohexanes were also degraded by these strains (monitored RIC m/z 82). Results and Discussion:
 Aromatic compounds, such as phenanthrene and methylphenanthrenes, were also biodegraded. These classes of aromatic compounds were used in organic geochemistry to obtain information regarding the maturity of source rock.  The methylphenanthrene index (MPI-1) was evaluated in biodegradation assays, and we observed  ). Results and Discussion:
 To identify these strains a 16S rRNA phylogenetic dendrogram of these microorganisms was generated using their specific gene sequences (Figure ), grouping them as the B. pumilus/B. safensis group. However, all seven strains of the B. pumilus/B. safensis group were enzymatically different, showing different preferences for the biodegradation of the petroleum constituents. These results required additional evidence to confirm that these microorganisms were distinct, and thus, we performed whole cell MALDI-TOF-MS analyses."
"Oil Biodegradation in Siliciclastic Reservoir: an Example from Paleogene, Oliva Block, North of Santos Basin, Brazil","https://scispace.com/paper/oil-biodegradation-in-siliciclastic-reservoir-an-example-1u7d70vvhv","2017","Journal Article","","Natália Medeiros Marins Nunes
Marcus Vinicius Berao Ade
René Rodrigues
Fernanda de Assis
Felipe Nascimento
Ricardo Teixeira Nicácio Leite","10.11137/2017_3_222_231","https://scispace.com/pdf/oil-biodegradation-in-siliciclastic-reservoir-an-example-1u7d70vvhv.pdf","For a petroleum company, the oil biodegradation is an important aspect to appraisal both exploration/production and economic perspective. Black to volatile oils require different materials and techniques in comparison to those used for heavy oils. Economically, biodegradable oils has a lower market value than the non-biodegradable oil. Following the presence and absence of a set of biomarkers observed in the chromatograms and fragmentograms, it is possible an interpretation and an indentification of different levels of biodegradation . This methodology comprises the main objective of this work. The oil studied lacks “n” and iso-alkanes, the major proportion of tricyclic on the pentacyclic, the presence of demethylated compounds, plus the major proportion of diasteranes on steranes, suggesting an advanced degree of biodegradation. According to this investigation, the degree 8 of biodegradation (Peter & Moldowan, 1993), records a huge process of bacterial attack happened into the reservoir in a range of temperature from 35°C up to 50°C, from the oil/water contact.","tricyclic which has as the most commom compounds ranging between C 24 and C 27 . Tetracyclic Terpanes: The C 24 tricyclic terpane abundance (Figure ) is related to both carbonate and evaporite Pentacyclic Terpanes:
 The pentacyclic terpanes compose the most studied and used biomarker class between the cyclic biomarkers. The existence of a large number of chiral centers within their structures give to them a huge potential to create different stereochemical derivatives (Figure ) which relatives abundances can be used as indicative parameters of depositional environment and/or thermal evolution and/or biodegradation level . There are hopanoids and non-hopanoids compounds in this class. Among the non-hopanoids pentacyclic terpanes, gammacerane and oleananes stand out (Figure ).  The hopanes are the most plentiful terpenoids in sediments . The major precursor of these compounds is bacterio-hopanetetrol which is found in prokaryotic organism membranes. The original stereochemical arrangement of bacteriohopanetetrol [17β(H),21β(H)] is thermodynamically unstable, the precursor change to more stable configurations like 17α(H), 21β(H)-hopanes and 17β(H), 21α(H)-moretanes consequently occurs   ). Pentacyclic Terpanes:
 The C 27 , C 28 and C 29 compounds are denominated cholestane, ergostane and sitostane respectively. The C 28 and C 29 also can be named methy-cholestane and ethy-cholestane . Pentacyclic Terpanes:
 The steranes complex distribution is affected by two major factors: origin and thermal evolution. The predominant steranes in sediments and oils are C 27 , C 28 and C 29 , but may occur compounds from C 18 to C 30 .  proposed that the preponderance of C 29 sterane can indicate a strong terrestrial contribution whereas the C 27 sterane dominance imply that marine phytoplankton is prevalent. The C 28 sterane is usually found in smaller relative quantities. However, their abundance can indicate lake algae contribution. Oil Biodegradation:
 The petroleum is a complex mix of hydrocarbons and others organic compounds including some organometallic constituents such as nickel and vanadium . The hydrocarbon can constitute substrates as well as products from microbial metabolism . Microorganisms have enzymatic arsenals able to use oil as a source of carbon and energy . This is the reason of the general move research in biochemistry, molecular biology and microbiology to determine the species involved and their activities under in situ oils. Oil Biodegradation:
 According to ,  and  the biodegradation effects in composition and physico-chemical properties of crude oils and natural gas are well known. The bacterial action reduces saturated hydrocarbon content and the API gravity (American Petroleum Institute) besides increasing the density and sulfur content, acidity, viscosity and metals which influence the oil production by reducing the flow rate and refinery operation. The oil oxidation induces the loss of its economic value and damage in explotation and refine of oil."
"Oil–source-rock correlation of the Lower Paleozoic petroleum system in the Baltic Basin (northern Europe)","https://scispace.com/paper/oil-source-rock-correlation-of-the-lower-paleozoic-petroleum-1w4kevzspq","2017","Journal Article","AAPG Bulletin","Shengyu Yang
Hans-Martin Schulz
Niels H. Schovsbo
Jørgen A. Bojesen-Koefoed","10.1306/02071716194","https://scispace.com/pdf/oil-source-rock-correlation-of-the-lower-paleozoic-petroleum-1w4kevzspq.pdf","The correlation of lower Paleozoic marine source rocks with reservoired oils by biomarkers is complex because of the uniform early Phanerozoic biomass (bacteria and algae) and the lack of land plant and animal input Accordingly, the main source rocks for the most prolific oil province in the Baltic Basin are still a matter of debate The 10 source rocks and 15 oil samples from 5 northern European countries bordering the Baltic Sea Basin were analyzed by gas chromatography (GC) with flame ionization detector, GC–mass spectrometry (GCMS), and GCMS/MS to detect acyclic isoprenoids and aliphatic, aromatic, and nitrogen, sulfur, and oxygen biomarkers Chemometric tools were applied to screen for meaningful source- and age-related biomarkers and to highlight genetics Extended tricyclic terpane ratios, C24 tetracyclic terpane/C26 tricyclic terpane ratios, and relative C29 sterane concentrations are considered the most promising biomarkers in differentiating Llandovery shales from Cambrian to Ordovician Alum Shale and for correlation with expelled oil The uranium irradiation–related C26–C28 triaromatic-steroid concentrations provide possible distinguishing criteria for the source potential of the different Alum Shale units Enhanced oil maturation by volcanic intrusion is highlighted by sterane biomarkers and polycyclic aromatic hydrocarbons The Alum Shale is here considered the main source rock for oil accumulations in lower Paleozoic reservoirs of the Baltic Basin Oil seepage occurring in Ordovician limestone was mainly generated by the Middle Cambrian Alum Shale, and Middle Cambrian sandstone reservoirs were mainly sourced by Upper Cambrian and Lower Ordovician Alum Shale with higher maturity Considerations about the assessment of migration distance are based on carbazole concentrations and C29 sterane isomerization Advanced studies to unravel detailed lower Paleozoic oil–source-rock correlations are based on meaningful biomarkers, offer approaches to significantly reduce the exploration risk in this area, and could be applied to similar early Paleozoic petroleum systems in other basins","in the samples. Most of the samples have Pr/Ph ratios between 1.0-3.0, except the three Llandovery shale extracts from the B3 well with Pr/Ph ratios higher than 3.0 (Table ). Aliphatic Biomarkers:
 Based on the m/z 191 and m/z 217 traces of aliphatic biomarkers, at least two endmember types can be identified. For example, the Llandovery shale extracts are characterized by higher concentrations of C 24 tetracyclic terpane and C 28 -C 29 tricyclic terpane peaks are significantly smaller than T s and T m (Figure ). The sterane and diasterane biomarkers of the Llandovery shale samples are dominated by C 27 and C 29 homologues (Figure ). In contrast, the C 24 tetracyclic terpane contents in the Alum Shale extracts and reservoir oil are very low, and T s and T m peaks are less predominant (Figure ). Furthermore, these samples show obviously higher C 28 /C 29 steranes ratio in comparison with the Llandovery shale extracts (Figure ). Aliphatic Biomarkers:
 All samples have low concentrations in gammacerane and C 35 homohopane. Accordingly, confident interpretations of these biomarkers can only be achieved in a few samples (Table ). Aliphatic Biomarkers:
 Other redox-, precursor-, and age-related biomarkers, like 28,30-Bisnorhopane, dinosteranes, and 24-norcholestanes were not identified applying through GC-MS/MS analysis from any of the samples. 24-iso-/n-propylcholestanes were only recognized in sample Deb. Aromatic and NSO Biomarkers:
 P r e l i m i n a r y V e r s i o n Naphthalenes, phenanthrenes, and dibenzothiophenes can be clearly identified in all samples, while the aromatic steroid concentrations differ significantly (Figure ). The Lower Ordovician and Upper Cambrian Alum Shale samples show no or very little C 26 -C 28 triaromatic steroid distribution patterns and all oils from Middle Cambrian reservoirs are also depleted in these compounds (Table ). When comparing the polycyclic aromatic hydrocarbons (PAHs), most samples are marked by very low pyrene/phenanthrene ratios, only oil samples from the Brattefors quarry are characterized by pyrene concentrations higher than phenanthrene. Aromatic and NSO Biomarkers:
 In the investigated NSO fractions, the carbazole concentrations vary among the samples. In general, shale extracts are always rich whereas only four oil samples from Middle Cambrian sandstone and oil seepage in the Brattefors quarry show identifiable carbazoles signals (Table ). Oil Family Assignments:
 Chemometric tools which use multivariate statistics to remove noise and to show affinities among samples are very helpful in oil-source correlations . Oil Family Assignments:
 Source-related and age-related biomarkers were chosen to as meaningful input parameters for principal component analysis (PCA) and hierarchical cluster analysis (HCA), instead maturity dependent parameters were not integrated (Table )."
"A method of biomarker enrichment for natural gas condensates","https://scispace.com/paper/a-method-of-biomarker-enrichment-for-natural-gas-condensates-49rsce8l8l","1995","Other","","Huai D. Wang","10.3133/OFR95207","https://scispace.com/pdf/a-method-of-biomarker-enrichment-for-natural-gas-condensates-49rsce8l8l.pdf","Condensate samples were heated under a stream of nitrogen at 200 °C. Then the samples were treated with 5-A or S-115 molecular sieve to remove normal alkanes. Next the samples were refluxed with Zeolite 13X molecular sieve with n-pentane as solvent to adsorb fused-ring biomarkers. The adsorbed biomarkers then were released by Soxhlet extraction. Four groups of commonly used biomarkers, namely tricyclic and pentacyclic terpanes, tetracyclic steranes, mono-aromatic steranes, and tri-aromatic steranes are dramatically enriched in the released zeolite (ZA) fraction. This method overcomes the difficulty encountered in analysts of fused-ring biomarkers in condensate and other biomarker depleted samples.","seen that pristane (Pr), phytane (Ph), and other isoprenoids remained in this fraction. Hopane (30H) and other fused-ring biomarkers are not in this fraction (or are in very low concentrations). RESULTS AND DISCUSSION:
 Figures Id and 2d are the gas chromatograms of the ZA fractions (the biomarker fractions) of samples #1 and #2, respectively after Zeolite 13X adsorption and then release from the 13X by extraction. It can be seen clearly that hopane (30H) and other pentacyclic triterpanes are enriched while pristane (Pr), phytane (Ph) and other isoprenoids are not (or are in very low concentrations) in this fraction. The other three groups (steranes, mono-aromatic and tri-aromatic steranes) of biomarkers can not be seen very clearly in these gas chromatograms. However, they can be seen very clearly in the GC/MS SIM chromatograms in Figure . RESULTS AND DISCUSSION:
 Figures  are the GC/MS chromatograms of the ZA fractions (the biomarker fractions) of samples #1 and #2, respectively after Zeolite 13X adsorption and then released from the 13X by extraction. Four groups of biomarkers are shown clearly here as in chromatograms of ""regular"" oils or rock extract samples. Since the condensate percolated through source rocks and reservoir rocks, or was extracted by gas from the source rocks and regular crude oils, those biomarkers can carry the information about source organic matter, environment of deposition, maturity, migration, and biodegradation. They are also good tools for correlations. The results of sample #2 are not as good as sample #1, because sample #2 was extremely depleted in biomarkers at the outset. CONCLUSIONS:
 The method developed provides an effective analysis of condensate biomarkers. Condensates do have high molecular weight biomarkers; at least some condensates can be treated and then analyzed for biomarker study and yield abundant useful information. The method can also be used for analysis of highly mature oil and source rock samples and other biomarker depleted samples. CONCLUSIONS:
 Further development of the method will simplify the process, test if the method is good for bicyclic terpanes and hexacyclic terpanes, and test if the method affects the ratios of some biomarkers (such as mono-to triaromatic steranes) which are used by geochemists for investigating maturity, environment, correlations, and other geochemical parameters. ACKNOWLEDGMENT:
 The author appreciates the help of the following people during the development of this method: David King, Paul Lillis, Mark Monk, and Ted Daws. ACKNOWLEDGMENT:
 The author thanks Jerry Clayton and David King for reviewing and contributing helpful suggestions for this report."
"Distribution and recovery trajectory of Macondo (Mississippi Canyon 252) oil in Louisiana coastal wetlands.","https://scispace.com/paper/distribution-and-recovery-trajectory-of-macondo-mississippi-25psie7ehz","2014","Journal Article","Marine Pollution Bulletin","R. Eugene Turner
Edward B. Overton
Buffy M. Meyer
M. Scott Miles
Giovanna McClenachan
Linda M. Hooper-Bùi
Annette Summers Engel
Erick M. Swenson
James M. Lee
Charles S. Milan
Heng Gao","10.1016/J.MARPOLBUL.2014.08.011","https://digitalcommons.lsu.edu/cgi/viewcontent.cgi?article=1073&context=oceanography_coastal_pubs","","detected was MC252 oil. Hopane normalization is quite useful for understanding weathering patterns of a single spilled oil event, but not for determining the levels of potentially harmful PAH compounds from multiple events of oil whose recent diagenetic history is unknown. Source oil identification:
 In order to determine whether the oil residues in the collected samples were from the MC252 spill, we qualitatively examined the ratio patterns of the: (1) triterpanes (hopanes), (2) steranes, including the diasteranes and regular steranes, and the 14b(H) steranes, and (3) triaromatic steroids in selected ion chromatograms of m/z 191, 217, 218, 231. All sediment samples were qualitatively examined and compared to the same biomarker patterns in the MC252 source oil. The distributions for each of the oil biomarkers is unique for each type of oil and these compounds exhibit temporal stability to all but the most extreme weathering processes, which makes them useful for oil-source identification . The qualitative assessment also determined if there were any effects due to weathering by examining the n-alkane and branched alkane profiles, and checking for the presence of unresolved complex mixtures. A source oil sample was run with each batch of sample extracts to ensure that the biomarker patterns between the source oil and various sample residues were not subjected to normal instrumental variations. Source oil identification:
 The hopanes, steranes, and triaromatic steroid biomarker ion chromatograms were examined for any characteristic features or obvious differences that could possibly determine if oil residues in the sediments originated from a source other than MC252 oil. An example is in Fig. . The ratios of specific compounds within each of the oil biomarker ion chromatograms (marked with red dots in Fig. )  with near similar ratios to the MC252 source oil were declared a match and the residue identified as weathered MC252 oil. For example, the heavily oiled sediment shown in Fig.  was a clear match to MC252 source oil based on this oil biomarker comparison. Additionally, the ratio of the C2 and C3 alkyl dibenzothiophenes to phenanthrenes were sometimes compared for consistency with the MC252 source oil."
"Effect of the ultrasound-Fenton oxidation process with the addition of a chelating agent on the removal of petroleum-based contaminants from soil","https://scispace.com/paper/effect-of-the-ultrasound-fenton-oxidation-process-with-the-19rxo3294y","2015","Journal Article","Environmental Science and Pollution Research","Ying Li
Fangmin Li
Fanxiu Li
Fuqian Yuan
Pingfang Wei","10.1007/S11356-015-5137-8","https://scispace.com/pdf/effect-of-the-ultrasound-fenton-oxidation-process-with-the-19rxo3294y.pdf","The effects of ultrasonic irradiation, the chelating agent modified Fenton reaction, and a combination of ultrasound and the Fenton method in removing petroleum contaminants from a soil were studied. The results showed that the contaminant removal rate of the Fenton treatment combined with an oxalic acid chelating agent was 55.6 % higher than that without a chelating agent. The average removal rate of the contaminants using the ultrasound–Fenton treatment was 59.0 % higher than that without ultrasonic treatment. A combination of ultrasound and an Fe2+/Fe3+-oxalate complex–modified Fenton reagent resulted in significantly higher removal rates of n-alkanes (CnH2n+2, n < 28), isoprenoid hydrocarbons, aromatic hydrocarbons, and saturated polycyclic terpenes compared with the ultrasound treatment alone or the Fenton method. The Fenton reaction and the ultrasound–Fenton treatment can unselectively remove multiple components of residual hydrocarbons and a number of benzene rings in polycyclic aromatic hydrocarbons. The chemistry of the heterocyclic compounds and the position and number of substituents can affect the degradation process.","are important biomarkers in sedimentary deposits and crude oil. Steranes are derived from steroids, and they are relatively resistant to biodegradation in the natural process of diagenesis compared with n-alkanes and acyclic isoprenoids. Saturated hydrocarbon biomarkers-terpenoids (m/z=123, 191):
 In each component of crude oil, n-alkanes are more biodegradable than isoalkanes (including Pr and Ph) and polycyclic aromatic hydrocarbons (PAHs). Terpanes, steranes, triaromatic steranes, and other biomarkers are also resistant to biodegradation . However, many studies have shown that chemical oxidation promotes chemolysis and the biodegradation of petroleum contaminants in soil  used a modified Fenton reaction to oxidize tankoil-contaminated soil, and the total petroleum hydrocarbons and the C 10 -C 40 components were reduced by different degrees. Greater decomposition occurred in the C 25 -C 40 molecular weight components. After 26 days of the chemical oxidation, the biodegradability of the petroleum hydrocarbon contaminants was increased by 20-30 %. The current experimental results indicated that the Fenton treatment (V) and the ultrasound-Fenton combined treatment (VI and VIII) could significantly remove various kinds of constituents, including n-alkanes (C n H 2n+2 , n<28), isoprenoids, polycyclic terpenes, and regular sterane. Saturated hydrocarbon biomarkers-terpenoids (m/z=123, 191):
 Gong (2012) demonstrated that during the remediation of aged oil-contaminated soil using the Fenton reaction, in which H 2 O 2 was catalyzed by an Fe 3+ -nitrilotriacetic acid complex, peanut shells and nutrients (C/N/P ratio of 100:10:5) could be added for biological processing. After 20 weeks of culture, the reduction of total petroleum hydrocarbons (TPHs) in soil was 55.1 %, and the reduction resulting from the Fenton oxidation-biological treatment was 88.9 %. This showed that the Fig.  Terpenoid content of residual oil in each treatment biodegradability of residual petroleum hydrocarbons in soil was improved by the Fenton oxidation process and was more beneficial to subsequent degradation by indigenous microorganisms."
"Molecular Biogeochemistry of Modern and Ancient Marine Microbes","https://scispace.com/paper/molecular-biogeochemistry-of-modern-and-ancient-marine-29c4p7q8me","2010","Monograph","","Jacob R. Waldbauer","10.1575/1912/3238","https://scispace.com/pdf/molecular-biogeochemistry-of-modern-and-ancient-marine-29c4p7q8me.pdf","Thesis (Ph.D.)--Joint Program in Oceanography/Applied Ocean Science and Engineering (Massachusetts Institute of Technology, Dept. of Earth, Atmospheric, and Planetary Sciences; and the Woods Hole Oceanographic Institution), 2010.","including 2,2-through 9,9-40 J.R. Fig. . Selected sterane biomarker parameters for samples from cores GKF and GKP, plotted down-core as in Fig. . Compound abbreviations as in Fig. . Absence of petrochemical and Phanerozoic signatures:
 dimethyl, -diethyl and mixed alkyl (e.g., ethyl-, methyl-; butyl-, ethyl-) alkanes. No signals indicative of the presence of BAQCs were detected. The absence of this one class of contaminants does not exclude the possibility of other forms of contamination, but lends some confidence that core storage and handling conditions did not introduce high levels of exogenous petrochemicals into the samples. Absence of petrochemical and Phanerozoic signatures:
 Syngenetic organic matter from Precambrian rocks should also be devoid of biomarkers known only from later-evolving organisms. The largest class of these characteristically Phanerozoic biomarkers are the wide variety of polyterpenoid compounds synthesized by vascular plants. No fossils of plant terpenoids could be identified in the late Archean bitumens, despite specific investigation when potential signals of their presence were detected. In one instance, this investigation led to detection of an additional series of biomarkers. Absence of petrochemical and Phanerozoic signatures:
 MRM-GC-MS-MS analysis of a number of core extracts showed a small, partly resolved doublet peak in the m/z 412 > 191 reaction chromatogram for a compound eluting just before C 30 hopane at the time expected for oleanane, a diagnostic marker for angiosperms (indicated with an asterisk in Fig. ). Oleanane is abundant in the sedimentary record only from the late Cretaceous onwards  so its presence in the Transvaal Supergroup bitumens would be clear evidence of contamination by younger hydrocarbons. Identification based solely on the m/z 412 > 191 transition is insufficient, however, since oleanane is known to co-elute with other triterpenoids including members of the 25-norhopane series, as shown by . 25-norhopanes are generally considered to be the products of microbial degradation of hopanes , and, owing to the removal of the C10 methyl group, give a strong m/z 177 fragment ion."
"Comprehensive analytical approaches to determine the sources, fate and effects of marine oil spills","https://scispace.com/paper/comprehensive-analytical-approaches-to-determine-the-sources-3mx22dogmk","2014","Dissertation","","Jagoš Radović","","https://scispace.com/pdf/comprehensive-analytical-approaches-to-determine-the-sources-3mx22dogmk.pdf","A pesar de las tendencias positivas en las ultimas decadas, los vertidos ocasionados por la exploracion, extraccion y transporte de petroleo siguen siendo una importante amenaza para los ecosistemas marinos y especialmente costeros. Esta Tesis se ocupa de todos los aspectos importantes sobre los vertidos marinos de petroleo: el origen, el destino ambiental y sus posibles efectos. Para permitir su comprension global, se utilizaron diferentes metodologias complementarias. En primer lugar, se ha creado una base de datos fisico-quimicos de diferentes petroleos (crudos y refinados) que se transportan frecuentemente usando el analisis elemental, la cromatografia en capa fina (TLC) acoplada a un detector de ionizacion de llama (FID) de los principales grupos de compuestos de petroleo, la toma de huellas quimicas de los hidrocarburos aromaticos policiclicos (HAP) y los biomarcadores mediante cromatografia de gases acoplada a espectrometria de masas (GC-MS), y ensayos de petroleo disponibles. A continuacion, se aplico esta base de datos para evaluar su posible destino en el caso de un vertido, y para modelar tres escenarios de vertidos en diferentes mares regionales europeos usando el software ADIOS2 de la Administracion Nacional Oceanica y Atmosferica (NOAA). Las huellas quimicas de los petroleos seleccionados fueron evaluadas y comparadas estadisticamente para investigar las diferencias de composicion mas relevantes que podrian facilitar la identificacion del origen de vertido. En segundo lugar, la metodologia de GC-MS utilizada para crear la base de datos de las huellas quimicas de los petroleos seleccionados se ha evaluado en una prueba interlaboratorio internacional. El objetivo fue investigar la capacidad que tiene esta metodologia de toma de huellas quimicas para identificar el tipo y el origen de las muestras envejecidas (biodegradadas) de petroleo. En tercer lugar, se ha estudiado el envejecimiento de las muestras de petroleo de los vertidos de Prestige (2002) y de la plataforma Deepwater Horizon (2010), en particular, debido a la fotooxidacion. Se analizaron muestras envejecidas en el campo y en experimentos de laboratorio mediante TLC-FID, GC-MS, cromatografia de gases bidimensional integrada (GC?GC) acoplada a un FID, y espectroscopia infrarroja por transformada de Fourier (FT-IR) para investigar los cambios de composicion tanto a nivel global como a nivel molecular. Los HAP y esteranos triaromaticos fueron de especial interes, asi como los efectos de la foto-oxidacion en la robustez de la metodologia de toma de huellas quimicas de petroleo. Finalmente, se estudiaron los efectos de las muestras no tratadas y envejecidas (evaporadas, fotooxidadas) de los petroleos crudos y refinados seleccionados, utilizando el analisis dirigido por los efectos toxicos (EDA). Las muestras se fraccionaron secuencialmente usando la cromatografia liquida en columna abierta y la cromatografia liquida de alta eficacia (HPLC) semipreparativa en fase normal. Las fracciones obtenidas se sometieron a bioensayos para investigar su actividad agonista de los receptores AhR y la actividad antagonista de los receptores AR. En el siguiente paso, las fracciones mas activas fueron analizadas mediante GC?GC acoplada a espectrometria de masas en tiempo de vuelo (TOFMS), y estos datos se relacionaron con los resultados de los bioensayos utilizando un modelo quimiometrico de regresion por minimos cuadrados parciales en N direcciones (N-PLS), con el fin de identificar los compuestos responsables de los efectos observados.","indicative of photooxidation. In order to corroborate these experimental findings with field observations, and to confirm in more detail observed structure-dependent photosensitivity of aromatic compounds, characteristic EIC of laboratory irradiated and field samples of Prestige oil were compared. III.3.5.2. Effects of photooxidation on the individual aromatic compounds. Isomer-specific photosensitivity:
 In Anthracene and methylanthracene were previously reported to be easily affected by natural and simulated sunlight through the reaction of photochemical cycloaddition . Oxydation products such as anthraquinone and hydroxyl-athraquinone were also reported as major products of anthracene photooxidation . Analogous light-induced reactions are probably the reason of the pronounced MA photosensitivity observed in the irradiated Prestige oil. III.3.5.2. Effects of photooxidation on the individual aromatic compounds. Isomer-specific photosensitivity:
 It also appears that the 2-MP and 1-MP are slightly more refractory than the other MP isomers, whereas in the case of biodegradation the 9-MP is more recalcitrant . III.3.5.2. Effects of photooxidation on the individual aromatic compounds. Isomer-specific photosensitivity:
 The profiles of methylfluoranthenes/pyrenes (MFl/MPys) and benzofluorenes (BFs) (m/z 216), widely used in oil spill fingerprinting , were also altered by As can be seen in PW-plot, significant depletion of MA (80%), BFs (40%) and MPys (20-40%) and TMP (30%) in the photooxidized sample can be observed. III.3.5.2. Effects of photooxidation on the individual aromatic compounds. Isomer-specific photosensitivity:
 Evaporation has affected the ratios of the lower-boiling compounds such as alkylsubstituted naphthalenes (C1-and C2-N) and sesquiterpanes. Triaromatic steranes (TAS) have been recognized as highly recalcitrant compounds, unaffected by biodegradation , and successfully used to discriminate hydrocarbon sources in the Prince William Sound (Alaska) after the Exxon Valdez oil spill . However, a noticeable depletion (20%) of these compounds was observed in the irradiated samples of Prestige oil (Figure III.3.6. Effects of photooxidation on the triaromatic sterane (TAS) biomarkers:
 which cannot be explained by biodegradation. III.3.6.1. GCuGC-FID analysis of TAS:
 In order to investigate in more detail the effects of weathering (in particular photooxidation) on TAS, GCuGC-FID methodology (described in section II.8) was selected since it has been demonstrated previously as an ideal tool for the analysis of petroleum biomarkers . The main advantage of GCuGC is superior chromatographic resolution even for low abundance biomarkers (such as TAS) in highly degraded oils . Furthermore, FID provides the quantitative detection of peak abundances, reproducibility, increased sensitivity, and improved peak shape . Similar response factors for all hydrocarbons in a GC×GC-FID chromatogram improve the comparability of analyzed compounds."
"Geochemical implication of some chemical fossils as indicators of petroleum source rocks","https://scispace.com/paper/geochemical-implication-of-some-chemical-fossils-as-4mm3v1snmr","2005","Journal Article","Journal of Applied Sciences and Environmental Management","Leo C. Osuji
BS Antia","10.4314/JASEM.V9I1.17254","https://scispace.com/pdf/geochemical-implication-of-some-chemical-fossils-as-4mm3v1snmr.pdf","Chemical fossils (biomarkers) are molecules in crude oils, source rocks and sediments whose carbon structures or skeletons can be traced back to living organisms. Three of such diagnostic fossils have been typically reviewed with respect to maturation changes, precursor-product relationship, utility for source rock/crude oil, crude oil/crude oil correlations and role in basin development. Fingerprints (composition and distribution) of hopanes, oleananes and steranes have been highlighted. Defunctionalization and breakage of double bonds which occur during diagenesis as well as stereochemical changes which occur during catagenesis have also been highlighted. Napthenic hydrocarbons, such as steranes (C 27 - C 29 ) and triterpanes (C 29 - C 32 ), are useful in geochemical correlations because of their unique compound distributions and the fact that they are not seriously affected by migration, thermal alteration and biodegradation. Although individual biomarkers are in concentrations of only 10 to 200 ppm in crude oils, they can be accurately measured in spite of their unusual complexity and variety which find use in source rock correlation and maturation studies. Correlations using chemical fossil technology can be applied in real cases by recognizing the source chromatogram (GC) or fragmentogram of the hydrocarbon molecules in the oils to know whether they have the same biomarkers or similar geohistory of origin and migration. Therefore, genetically related oils are differentiated from unrelated oils on the assumption that the same source material and environment of deposition produce the same oil. Thus, a chemical fossil compound in a particular source rock would be expected to appear in the oils it generated. Journal of Applied Sciences and Environmental Management Vol. 9(1) 2005: 45-49","source rock would be expected to appear in the oils it generated. Obtaining a whole oil GC fingerprint requires analyzing an entire oil for the C 2 -C 45 hydrocarbon range on a gas chromatograph with a fused silica capillary column. Conclusion:
 The field of chemical fossil (biomarker) geochemistry is fast growing with new discoveries invalidating or drastically modifying old concepts. Chemical fossils have been found useful for both basin evaluation and development. They constitute the most widely used correlation parameters for comparing crude oils of different source, migration, and biodegradation, for both crude oil -crude oil and crude oil -source rock correlations. They also constitute the most useful method for comparing conventional oils with very heavy oils, asphalts, and pyrobitumens. A more successful correlation, however, is a multi-parameter approach using biomarkers (fingerprint and ratio), isotopes, gas chromatograms, and the content of heavy metals, nitrogen, sulphur, and the like. The study has opened new vistas in Earth Science namely ""Molecular Paleontology"" and ""Molecular Stratigraphy"", which are increasingly being put to good use in geochemical exploration. Acknowledgements: This article was sourced from the authors' unpublished seminar manuscripts in geochemistry vetted by Professor C. M. Ekweozor of Getamme Geochem, Port Harcourt (formally of the Geochemistry Research Group, University of Ibadan). The authors are grateful to him for exposing them to the theory and practice of petroleum geochemistry. Many thanks also to Chidi Enogwe of Mobil, Ehinola Ajayi of University of Ibadan and all others who encouraged our spirit of workmanship."
"A source rock evaluation of the Mesozoic Sediments of the Well Hyllebjerg-1 Danish Subbasin","https://scispace.com/paper/a-source-rock-evaluation-of-the-mesozoic-sediments-of-the-5da2wogvd1","1988","Journal Article","","Birthe J Schmidt","10.34194/SERIEC.V9.7103","https://scispace.com/pdf/a-source-rock-evaluation-of-the-mesozoic-sediments-of-the-5da2wogvd1.pdf","","represents a carbon-hydrogen bond pointing out/into the plane of paper. A solid/dotted triangle represents a carbon-carbon bQnd above/below the plane of paper and a sinuous line means that both the latter possibilities exist. 3.:
 stereoisomers have lightly different chemical and physical properties and can be distinguished in GC-MS by their different mass spectra and/or retention times. During sediment burial many of the biological stereoisomers become thermally unstable and adjust to more stable structures. These thermally induced changes in the stereochemistry of some biomarkers (e.g. hopanes, steranes, meso-pristane) can be quantified and usecf as maturity indices. 3.:
 Selective ion monitoring was used for investigation of the biomarkers. 3.:
 In this study most information was obtained from the GC-MS investigation of the hopane group (pentacyclic triterpenoids). The hopanes are one of the most abundant molecular groups of the biomarkers, reflecting their bacterial origin ( 0urisson et . Thus hopanes are found in almost all sediments (and petroleum) which are sufficient immature to have allowed p_reservation. All hopanes possess the same pentacyclic triterpenoid structure which only vary in the length of their alkyl side _ _ chains and stereochem.istry: the molecu1•ar structure include possibilities for a or 8 H atoms at C-17 and C-21 and R or S configuration at C-22. 3.:
 The key fragment m/z 191 of all hopanes is indicated in fig. 3.:
 A-3.   , has been used as maturity.index. Instruments:
 The samples were analysed on a Varian 3700 gas chromatograph fitted with a quartz capillary column (20 :m x 0.25 mm i.d.). with. SE 54 as stationary phase. Helium ~as used as a carrier gas (head pressure 0.5 bar). The temperature was programmed from 100-300°c at 4°C/min and held at 300°c for 15 minutes. Instruments:
 The gas chromatograph was interfaced directly (open interface) with a Finnigan Mat 8200 mass spectrometer ( electron energy 70 eV, filament.curren t 1 mA). The aquired data were registered in an Incos-system. The mass spectra were recorded cyclically with 1.1 sec. pr. scan."
"Aerobic biodegradation of hopanes and norhopanes in Venezuelan crude oils","https://scispace.com/paper/aerobic-biodegradation-of-hopanes-and-norhopanes-in-3eopre3444","2001","Journal Article","Organic Geochemistry","F.D Bost
Roberto Frontera-Suau
Thomas J. McDonald
Kenneth E. Peters
Pamela J. Morris","10.1016/S0146-6380(00)00147-9","http://directory.umm.ac.id/Data%20Elmu/jurnal/O/Organic%20Geochemistry/Vol32.Issue1.2001/1092.pdf","","Authors: F D Bost,R Frontera-Suau,T J Mcdonald,K E Peters,P J Morris (Corresponding Author) Keywords: Biodegradation, 25-Norhopane, Hopane, Crude oil, Venezuela Introduction:
 Biomarkers are structurally complex components of petroleum derived from biological molecular precursors, such as chlorophyll, sterols, and hopanoids . Many biomarkers in crude oil are resistant to biodegradation and are used by petroleum geochemists to assess genetic relationships, thermal maturity and biodegradation. The biomarker pro®le of a crude oil is distinctive and diagnostic, often allowing correlation of an oil to its source rock. Introduction:
 Hopanes are a class of pentacyclic triterpane biomarkers that originate from hopanoids in bacterial membranes . Numerous studies show that C 30 17a,21b(H)-hopane and its extended homologs (homohopanes) are biodegraded in the environment and laboratory . Some reservoired crude oils contain 25-norhopanes, presumably formed by demethylation of the A/B ring at the C-10 position . The 25-norhopanes were ®rst observed as ``degraded hopanes'' in an oil-impregnated sandstone from the Uinta Basin in Utah . Since that report, other investigators have observed 25norhopanes in heavily degraded reservoir oils (e.g. Seifert and . In most cases, a relative decrease in the 0146-6380/01/$ -see front matter # 2001 Elsevier Science Ltd. All rights reserved. P I I : S  Organic Geochemistry 32 (2001) 105±114 www.elsevier.nl/locate/orggeochem abundance of the hopanes corresponds to increased 25norhopanes . In a later study of reservoir oils from the West Siberia and San Joaquin basins,  concluded that the conversion of hopanes to their corresponding 25-norhopanes was selective, with lower molecular-weight extended hopanes degraded before the high molecular-weight homologs. Furthermore, they showed that C-25 demethylation favors the 22S epimers of the C 31 and C 32 hopanes compared to 22R, while the opposite applies to the C 34 and C 35 hopanes. Molecular modeling showed that steric dierences between the two C-22 epimeric forms explain this stereoselective degradation. Introduction:
 The distribution of 25-norhopanes in petroleum reservoirs is not ubiquitous.  contended that 25-norhopanes are already present in petroleum and are ``unmasked'', or concentrated, during biodegradation. In earlier experiments, though, the 25-norhopanes were not a product of kerogen cracking in laboratory pyrolysis studies of Western Australian shales, suggesting that 25-norhopanes occur in sediments as isolated compounds, not as complete series as in biodegraded oils . Additionally,  normalized the concentrations of various crude oil components in biodegraded and non-biodegraded oils to a conserved C 27 diasterane to demonstrate that the concentration eect of biodegradation could not account for the 25-norhopane concentrations present in the biodegraded oil."
"Depositional History of Polycyclic Aromatic Hydrocarbons: Reconstruction of Petroleum Pollution Record in Peninsular Malaysia","https://scispace.com/paper/depositional-history-of-polycyclic-aromatic-hydrocarbons-3vsadv3gmz","2012","Book Chapter","","Mahyar Sakari","10.5772/31624","https://scispace.com/pdf/depositional-history-of-polycyclic-aromatic-hydrocarbons-3vsadv3gmz.pdf","In the last century, the world has experienced huge and various types of environmental threats. An important group of them is generated from the wide use of fossil fuel such as petroleum as the source of energy in industries, urban development and transportation. Hydrocarbons are the main constituents of fossil fuels thus petroleum hydrocarbons are possible and important source of pollution worldwide. Petroleum hydrocarbons enter the environment from accidental oil spill, natural leaks, industrial releases, vehicles or as byproducts from commercial or domestic uses (Ou et al., 2004). Hydrocarbons in petroleum include several types and categories of normal alkanes (saturated, n-alkane), unsaturated hydrocarbons, non-symmetric cyclic hydrocarbons (terpanes) and polycyclic aromatic hydrocarbons (PAHs). Predominance of these compounds in the environmental compartments or samples may indicate petroleum pollution. Petroleum hydrocarbon may disperse in the environment via atmospheric transportation and/or lateral transport. Petroleum contaminants are subject to several processes and changes after production or release such as degradation, photooxidation and decay. The trend over hydrocarbon changes in the environment depends on their chemical characteristics and depositional locations. Locations such as depository sediments under the sea bed surface usually keep hydrocarbon contents unchanged.","through the core samples are usually consistent with gradual and little changes either in concentration or in ratios in a normal condition but environmental disasters such as oil spills show significant changes. Therefore, core sections always do not show sudden changes in PAHs ratio values. Application of biomarkers in petroleum pollution studies:
 The forensic chemistry techniques fingerprint pollutants in environmental samples. This technique is based on existence and abundance of the biomarkers. Terpanes are a group of biomarkers that are ubiquitous in the environment together with hydrocarbons. Pentacyclic triterpanes (hopanes) are the group of biomarkers that existed in crude oil and some petroleum products. As discussed earlier, hopane as a fingerprinting biomarker delivers from precursor of bacterial membrane (microbial origins) of bacteriohopentetrol (Fig. ). The production of hopane in the nature is due to cyclization of bacteriohopanetetrol during the diagenesis. Basically, the stereochemistry of hopane makes them thermodynamically unstable . Hopanes in their biological origins present 17 (H), 21 (H) compounds that is known as biological stereochemistry. Application of biomarkers in petroleum pollution studies:
 Instability against temperature increase is due to their polar and non-polar ends. Upon change, they might convert from to more stable configuration of and structures. The that is called hopane is predominantly available in crude oil and some petroleum products. Hopanes are relatively involatile, resist biodegradation, geologically mature and relatively stable in the environment  however there are chemical characteristics and properties among hopanes that compounds with higher number of carbon (e.g. C 35 ) shows bigger resistibility against biodegradation than lower numbered such as C 31  (Fig. ). Homohopanes are the name of hopane series in which the number of carbon arises by thirty (n=30). The relatively more abundant homohopanes (C 31 -C 35 ) are showed in less oil contaminated sites with significant loss of C 30 . In environmental samples from the biomass burning, hopane appears together with moretanes with abundance of C 27 and C 31  that overlaps in common peaks . Hopane is found in mineral oil and coal based fuel and lubricants ). An unusually high proportion of the C 29 hopane is often associated with oil derived from carbonate source rock oil which includes most of those from the Middle East however existence of oleanane is indicative of Southeast Asian oil."
"Characterization of weathered petroleum hydrocarbons during a landfarming bioremediation study","https://scispace.com/paper/characterization-of-weathered-petroleum-hydrocarbons-during-11h4y7yk0h","2012","Journal Article","Journal of The Serbian Chemical Society","Snezana Maletic
Srdjan Roncevic
Bozo Dalmacija
Jasmina Agbaba
Malcolm Watson
Aleksandra Tubić
Svetlana Ugarcina-Perovic","10.2298/JSC120430072M","https://scispace.com/pdf/characterization-of-weathered-petroleum-hydrocarbons-during-11h4y7yk0h.pdf","Landfarming bioremediation was performed over 2 years on soil heavily polluted with weathered oil and oil derivatives: 23200 mg kg -1 of mi- neral oil, 35300 mg kg -1 total hydrocarbons and 8.65 mg kg -1 of total polycyc- lic aromatic hydrocarbons, PAHs. During the experiment, mineral oil, total hydrocarbon and PAH concentrations decreased by approximately 53, 27 and 72 %, respectively. A GC/MS scan was used to identify the crude oil compo- nents that persisted after the bioremediation treatment of the contaminated soil and the metabolites generated during this process. The data shows that in soil contaminated with weathered-hydrocarbons, the number of initially detected compounds after the bioremediation process further decreased over a 2-year period and, concurrently, several new compounds were observed at the end of experiment. Higher persistence was shown by heavier n-alkanes and branched alkanes, which could be detected over a longer period. The analysis highlighted the importance of n-alkanes, their substituted derivatives and PAHs as the most significant pollutants.","Title: Characterisation of weathered petroleum hydrocarbons during a landfarming bioremediation study Authors: Snežana Maletić (Corresponding Author),Jasmina Agbaba #,Malcolm Watson,Aleksandra Tubić,Svetlana Ugarčina Perović Keywords: weathering, bioremediation, crude oil, GC-MS fingerprint, PAH"
"Control of facies, maturation and primary migration on biomarkers in the Barnett Shale sequence in the Marathon 1 Mesquite well, Texas","https://scispace.com/paper/control-of-facies-maturation-and-primary-migration-on-31evr7ogmx","2017","Journal Article","Marine and Petroleum Geology","Yuanjia Han
Brian Horsfield
David J. Curry","10.1016/J.MARPETGEO.2017.04.018","","","Shale sequence in the Marathon 1 Mesquite well, Texas Authors: Yuanjia Han (Corresponding Author),Brian Horsfield,David J Curry Keywords: Barnett Shale, Biomarkers, Aromatic hydrocarbons, Primary migration Introduction:
 Biomarkers are complex molecular fossils derived from once-living organisms that have been preserved in sediments . The general application of biomarkers for inferring paleoflora, paleoenvironments and the origin of life on Earth, as well as for providing a zonation for diagenetic change, is well established practice. The concept of oil-oil and especially oil-source correlation assumes that the distribution of biomarkers in nonbiodegraded petroleum fluids is inherited from precursor biota and thermal maturity, and has remained unchanged during the migration processes. While migrational fractionation was postulated forty years ago by , the small size of their dataset precluded unambiguous interpretation. In a later study, a slight increase in 5α,14α,17α(H)20S and a relatively large increase in 5α,14β,17β(H)20R compared with 5α,14α,17α(H)20R steranes was attributed to migrational changes . Variations in the relative abundance of mono-/tri-aromatic steroids have also been ascribed to the migration effect .  and  crudely simulated migration using an alumina column, and observed greatly exaggerated fractionation effects, i.e. the elution of tricyclic terpanes prior to pentacyclic terpanes, 17α,21β(H)-hopanes and 22S 17α,21β(H)hopanes elute more rapidly than 17β,21α(H)-hopanes and 22R 17α,21β(H)-hopanes, rearranged and 5α,14β,17β(H)-steranes elute faster than 5α,14α,17α(H)-steranes, and 20S 5α,14α,17α(H)steranes elute faster than 20R 5α,14α,17α(H)-steranes.  attempted to mimic the primary migration process using hydrous pyrolysis. While none of their isomerization biomarker ratios showed significant differences between bitumen and the expelled oil -such as 22S vs 22R C32 17α,21β(H)-homohopanes or 20S vs 20R and ββ vs αα C29 5α(H)-steranes -they observed a preferential migration of mono-over tri-aromatic steroids, tricyclic terpanes over hopanes, and diasteranes over steranes. The question remains as to whether petroleum fractionation in the subsurface is fundamentally the same as seen in such laboratory chromatographic systems . Introduction:
 The lack of direct observations of petroleum in the act of moving in the subsurface from one place to another constitutes a major obstacle to our understanding of migration, especially primary migration . As most biomarkers are source-and maturitysensitive, an unambiguous observation of biomarker alterations during or resulting from migration can only be possible for a given set of samples with identical maturity and a similar source."
"Chemical Composition of Macondo and Other Crude Oils and Compositional Alterations During Oil Spills","https://scispace.com/paper/chemical-composition-of-macondo-and-other-crude-oils-and-zt757wxncf","2016","Journal Article","Oceanography","Edward B. Overton
Terry L. Wade
Jagoš R. Radović
Buffy M. Meyer
M. Scott Miles
Stephen R. Larter","10.5670/OCEANOG.2016.62","https://scispace.com/pdf/chemical-composition-of-macondo-and-other-crude-oils-and-zt757wxncf.pdf","USAGE Permission is granted to copy this article for use in teaching and research. Republication, systematic reproduction, or collective redistribution of any portion of this article by photocopy machine, reposting, or other means is permitted only with the approval of The Oceanography Society. Send all correspondence to: info@tos.org or The Oceanography Society, PO Box 1931, Rockville, MD 20849-1931, USA. Oceanography THE OFFICIAL MAGAZINE OF THE OCEANOGRAPHY SOCIETY","rings. Figure shows example compositions of the homologous structural isomers in the Macondo oil for the petrogenic PAH compounds dibenzothiophene, phenanthrene, and their respective alkylated homologs. CHEMICAL COMPOSITIONS OF CRUDE OILS:
 Biomarkers are a small fraction of commonly recalcitrant crude oil molecules whose structures are closely related to biochemical precursors . ey are typically composed of alkylated, saturated, or partially aromatized cyclic hydrocarbons that are created during oil formation from the initial organic matter in the source rock, making their occurrences and distributions speci c for crude oils from di erent source rocks and thermal histories. e compound 17β-hopane (Figure ) is routinely used as a ""conserved internal marker, "" assuming its concentration in a weathered oil residue is unaltered during normal weathering biodegradation (in timeframes of several months to years), in an e ort to quantify how much degradation has occurred in a spill . However, several studies  show that even these biomarker compounds are susceptible to biodegradation under prolonged exposure, but they are generally the slowest to biodegrade and are late in the alteration succession of petroleum compounds. Figure  shows representative distributions of these cyclic biomarker molecules from analysis of the Macondo oil via their characteristic gas chromatography-mass (GC-MS)-derived selected chromatograms. Because biomarkers are particularly resistant to environmental weathering processes (e.g., biodegradation), they can be used in environmental forensic studies as proxies to track the sources and fates of speci c oil spills . CHEMICAL COMPOSITIONS OF CRUDE OILS:
 Non-hydrocarbon aromatic oil fractions (sometimes termed NSO compounds) are complex and heterogeneous mixtures of compounds that, in addition to containing carbon and hydrogen, have one or more heteroatoms such as N, S, and O. ey are mostly alkylated heteroatomcontaining aromatic compounds with similar molecular weights to the PAHs in crude oils, and they can be detected by GC-based analytical methods. ey comprise mostly alkylated benzothiophenes and dibenzothiophenes (contain S) or alkylated carbazoles (contain N). However, other non-hydrocarbons have high enough molecular weights and polarities to be less amenable to routine coupled GC-MS methods for hydrocarbon analysis, but they can be analyzed by more advanced (and expensive) mass spectrometric methods such as highresolution Fourier transform mass spectrometry (FTICR-MS). Typically, these high molecular weight and polar nonhydrocarbon compounds can be further classi ed into the following two solubility and liquid chromatography de ned groups ."
"Evaluation of the Effectiveness of the Biopreparation in Combination with the Polymer γ-PGA for the Biodegradation of Petroleum Contaminants in Soil","https://scispace.com/paper/evaluation-of-the-effectiveness-of-the-biopreparation-in-2ncqye4f","2022","Journal Article","Materials","Katarzyna Wójtowicz
Teresa Steliga
P. Kapusta
Joanna Brzeszcz
Tomasz Skalski","10.3390/ma15020400","https://scispace.com/pdf/evaluation-of-the-effectiveness-of-the-biopreparation-in-2ncqye4f.pdf","Biodegradation is a method of effectively removing petroleum hydrocarbons from the natural environment. This research focuses on the biodegradation of aliphatic hydrocarbons, monoaromatic hydrocarbons such as benzene, toluene, ethylbenzene, and all three xylene isomers (BTEX) and polycyclic aromatic hydrocarbons (PAHs) as a result of soil inoculation with a biopreparation A1 based on autochthonous microorganisms and a biopreparation A1 with the addition of γ-PGA. The research used biopreparation A1 made of the following strains: Dietzia sp. IN133, Gordonia sp. IN138 Mycolicibacterium frederiksbergense IN53, Rhodococcus erythropolis IN119, Rhodococcus sp. IN136 and Pseudomonas sp. IN132. The experiments were carried out in laboratory conditions (microbiological tests, respirometric tests, and in semi-technical conditions (ex-situ prism method). The biodegradation efficiency was assessed on the basis of respirometric tests, chromatographic analyses and toxicological tests. As a result of inoculation of AB soil with the biopreparation A1 within 6 months, a reduction of total petroleum hydrocarbons (TPH) (66.03%), BTEX (80.08%) and PAHs (38.86%) was achieved and its toxicity was reduced. Inoculation of AB soil with the biopreparation A1 with the addition of γ-PGA reduced the concentration of TPH, BTEX and PAHs by 79.21%, 90.19%, and 51.18%, respectively, and reduced its toxicity. The conducted research has shown that the addition of γ-PGA affects the efficiency of the biodegradation process of petroleum pollutants, increasing the degree of TPH biodegradation by 13.18%, BTEX by 10.11% and PAHs by 12.32% compared to pure biopreparation A1.","min, 100% A for 3 min. Certified PAH-Mix solution ref. 722393 (Marcherey-Nagel, Düren, Germany) was used to quantify the individual PAHs included in the petroleum pollutants. Ecotoxicological Analyses:
 To evaluate the effectiveness of the biodegradation process of soils contaminated with petroleum substances, a set of toxicological tests used in bioindication analyses was applied. Bioindication analyses are one of the newest methods of environmental toxicity studies in which lethal and sub-lethal effects (morphological changes, diseases) of indicator organisms are observed. During the biodegradation of petroleum hydrocarbons as a result of chemical and microbiological transformations, metabolites of various biological activity may be produced. Toxicological tests quickly provide information on the toxic effects of chemical compounds (both acute and chronic) on a selected indicator organism or population. In this publication, 4 toxicological tests were used to evaluate the effectiveness of the remediation treatments used in the process of soil remediation in ex-situ conditions: Phytotoxkit TM (MicroBioTests Inc., Nazareth, Belgium), Ostracodtoxkit TM (MicroBioTests Inc., Nazareth, Belgium), Microtox ® Solid Phase Test (SDI, Newark, DE, USA) and Ames (Muta-ChromoPlate TM Kit (EBPI, Mississauga, ON, Canada) . The list of toxicological tests used in the research along with the description of the procedures for their performance is presented in Supplementary Materials. Mathematical Model of TPH, BTEX and PAHs Biodegradation:
 In order to work a simplified mathematical model of the biodegradation of petroleum hydrocarbons during ex-situ method to normalize the concentrations of TPH analytes (Σ n-C 10 -n-C 22 and Σ n-C 23 -n-C 40 ), BTEX (benzene, toluene, ethylbenzene, xylenes) and PAHs (2-ring PAHs, 3-ring PAHs, 4-ring PAHs, 5-ring PAHs, 6-ring PAHs) the biomarker C3017α (H), 21β (H)-hopan (Supelco, Saint Louis, MO, USA) was used. The biomarker used in biodegradation tests allows for the elimination of analytical errors that may occur during the determination of the analyzed groups of analytes with the chromatographic method. The standardized results of chromatographic determinations performed during biodegradation were used to develop a primary mathematical model describing its course, which was described by Equation (2) . Mathematical Model of TPH, BTEX and PAHs Biodegradation:
 where: C-analyte concentration, Cx-biomarker (Hopane) concentration, k-first-order rate constant [d −1 ], (C/Cx)0-normalized analyte concentration at the starting point, and t-process duration . Mathematical Model of TPH, BTEX and PAHs Biodegradation:
 The nonlinear regression analysis with the use of Equation ( ) made it possible to determine the first-order biodegradation constant (k) and the correlation coefficient (r 2 ), which determined the fitting of the measuring points to the theoretical curves of the TPH, BTEX and PAHs biodegradation process."
"Evaluation of the chemical composition and structure of asphaltenes from three offshore brazilian biodegraded heavy oils","https://scispace.com/paper/evaluation-of-the-chemical-composition-and-structure-of-2igeh72xd9","2020","Journal Article","Química Nova","Hemmely Guilhermond de Souza Severino
Christiane Béatrice Duyck Pinto
André Luiz Durante Spigolon
Carlos Siqueira Bandeira de Mello
Taís Freitas da Silva
Kátia Zaccur Leal","10.21577/0100-4042.20170697","https://scispace.com/pdf/evaluation-of-the-chemical-composition-and-structure-of-2igeh72xd9.pdf","Asphaltenes fractions were extracted and purified from three heavy Brazilian oils. Their mass compositions of C, H, N, Ni and V were obtained from elemental analysis and S and O atomic percentages from EDS. The H/C ratios showed high degree of unsaturation, while the O atomic percentages indicated more pronounced biodegradation effects on two samples. Quantitative data on N, Ni, and V and semi-quantitative data on S were related to oils origins. The structural data of asphaltenes were explored by combining Fourier transform infrared spectroscopy (FTIR) and proton nuclear magnetic resonance (1H NMR). The oil with the lower degree of biodegradation contained asphaltenes with a lower level of condensed aromatic rings and longer aliphatic chain substituents. The asphaltenes obtained from the two most biodegraded oils showed similarities of polar groups and the presence of carboxylic functions, as well as lower contents of aliphatic substituents. The quality and quantity of occluded hydrocarbons were assessed after the mild oxidation of the separated asphaltenes fractions. It was suggested that the severe biodegradation which altered these structures may also be responsible to affect their occluded hydrocarbons.","concentrations and V/Ni >1, suggesting anoxic conditions. It can be seen from Table that the asphaltenes from oil C showed a distinct and high Ni/V ratio, which can be related to the information about its marine origin. Compositional characterization of the samples:
 In the present study, all the alkanes (m/z 85) and biomarkers (m/z 191, 217) profiles were altered, due to the high degree of biodegradation of the samples, as it can be seen from the chromatograms in Figure . In particular, unresolved complex mixtures are present at m/z 85 and no homologous series of linear alkanes is observed. However, most of the hopanes and steranes were present in sample A, suggesting that this sample is less biodegraded. Compositional characterization of the samples:
 As a consequence of the severe biodegradation, only few parameters were reliable, and these are presented in Table . The ratios of gammacerane relative to C30 hopanes (GAM/H30) and of tricyclic terpanes relative to hopanes (Tr/Hp) were distinctively higher in sample B. Since gammacerane is one of the most resistant compounds to secondary alteration processes, and its relative abundance increase through the degradation of other hopanes,  then it is a clear indication of the higher biodegradation degree of this sample. Additionally, norhopanes have been cited as products of the demethylation process of regular hopanes during biodegradation in reservoir.  In the case of our samples, 25-norhopane (25-NH) was identified only in sample B, which reinforced the indication of its higher level of biodegradation, in comparison to A and C. Compositional characterization of the samples:
 On the other hand, the steranes distribution, as seen from their altered chromatograms (Figure , m/z 217) limited the discussion to the biodegradation effect. In fact, the C27-C29 steranes, which are less resistant to biodegradation, were present in sample A, which suggested a lower effect of biodegradation on this sample. By analysing the steranes series, the susceptibility of biodegradation is ααα 20R > αbβ 20R > αbβ 20S > ααα 20S, which increases the parameter C29S/(R + S) according to the level of biodegradation, which was higher in the sample B, as discussed. Compositional characterization of the samples:
 The ratio of hopanes/steranes (Hop/St) can also provide information about depositional environment. In this case, the sample C value which was less than 4, is in agreement with a marine origin, whereas sample A showed a value higher than 7, in agreement with a lacustrine one. However, the parameter value for sample B did not corroborate the supposed lacustrine origin, the reason being possibly the high level of biodegradation which affected this oil. In addition, similar values for the ratio of trisnorhopanes Ts/(Ts + Tm) were obtained for A and B samples, which corroborated their common and supposedly lacustrine origin. Of course, more samples would be necessary in order to verify the overall source effect."
"High-molecular-weight hydrocarbons: a new frontier in organic geochemistry","https://scispace.com/paper/high-molecular-weight-hydrocarbons-a-new-frontier-in-organic-28plmha0uf","1992","Journal Article","Trends in Analytical Chemistry","J.C. del Río
R.P. Philp","10.1016/0165-9936(92)87009-9","https://scispace.com/pdf/high-molecular-weight-hydrocarbons-a-new-frontier-in-organic-28plmha0uf.pdf","For the past two decades organic geochemistry has been concerned mainly with compounds in the carbon number range up to C40 as a result of various analytical limitations. The availability of gas chromatographic columns with upper temperature limits of 480°C, or even higher, has opened a new area for geochemical research, that of high-molecular-weight compounds above C40. This paper reviews some recent advances in this field with particular reference to hydrocarbons and speculates on possible origins for some of the compounds.","Title: High-molecular-weight hydrocarbons: a new frontier in organic geochemistry Authors: J C Del Rio,R P Philp Norman Introduction:
 Traditionally, organic geochemistry has been concerned with the characterization of organic compounds present in the geosphere in the carbon number range C,-C,,. Among them are the socalled biomarkers, organic compounds whose carbon skeletons can be linked unambiguously with known natural precursors. Biomarkers have been used extensively by organic geochemists to obtain information about source, thermal maturity, and depositional environments, of geologically-ancient sedimentary organic matter, and biodegradation of crude oils as well as information from Recent sediments related to paleoclimatic changes. One of the main reasons for the marked increase in the number of biomarkers that have been identified in the past few years has been improvements in analytical techniques, in particular gas chromatography-mass spectrometry (GC-MS). But in addition to the rapid increase in the number of biomarkers identified, there has also been a trend towards characterization of compounds with increasing molecular weight. Introduction:
 An earlier paper has reviewed the occurrence and significance of high-molecular-weight compounds isolated from sediments . This report focused mainly on compounds such as triglycerides, alkylglycerols and wax esters, which can be hydrolyzed to produce smaller molecules. In the present report, however, the emphasis is on the presence of compounds having more than 40 carbon atoms and no ester (hydrolysable) or ether (degradable) linkages. Historical overview:
 Over the past two decades, the carbon number range of different series of biomarkers has continued to extend steadily upwards. Thus, the first significant biomarkers that were recognized and used for geochemical purposes were compounds based on acyclic isoprenoid skeletons such as pristane (C,,) and phytane (C,,). These compounds were thought to be derived from a naturally occurring precursor, chlorophyll, although a number of alternative sources have been proposed subsequently. The range of the acyclic isoprenoids was extended with the discovery of isoprenoids in the C3s-C4s region having both the regular 'head-tohead . Other examples of isoprenoid biomarkers detected at the current upper temperature limits for most conventional capillary columns are the C,, tetraisoprenoids, like perhydro$-carotane -an important indicator for sediments deposited in lacustrine environments-and the C,, biphytanyl residues of the alkylglycerol ethers, found as major lipid constituents of archaebacteria and reported in the bitumen from sediments and in some petroleums [4-71. Historical overview:
 A similar pattern can be found with the tricyclic terpanes where the molecular weight range of known compounds has been extended gradually to C,, and with solanesol, C,, polyprenol, suggested as a possible precursor for this series . The first members of this series in the C,,-C2, region were identified in the Athabasca tar sands . Pentacyclic triterpanes with hopanoid skeletons are an important class of triterpenoid biomarkers ubiquitous in sediments and fossil fuels. The hopanoid hydrocarbons, are generally found in the range C2+& but this has been extended up to the C,, homologues ."
"A statistical evaluation of six classes of hydrocarbons: Which classes are promising for future biodegraded ignitable liquid research?","https://scispace.com/paper/a-statistical-evaluation-of-six-classes-of-hydrocarbons-4xov2o39ln","2014","Dissertation","","Arielle L. Burdulis","","https://scispace.com/pdf/a-statistical-evaluation-of-six-classes-of-hydrocarbons-4xov2o39ln.pdf","","to contain a refined product) . Any combination of the control factors creates both the basis for and challenges of chemical fingerprinting of petroleum products, both crude and refined. Samples through Petroleum Fingerprinting: Many different statistical treatments involving chemometrics have been employed Samples through Petroleum Fingerprinting:
 by researchers for crude oil source identification and fingerprinting. Chemometrics is the application of statistical methods in order to better understand underlying relationships of a system. This facilitates the analysis of large and complex data sets such as those produced from the instrumental analysis of crude petroleum by allowing the researcher to obtain statistically meaningful portions of the data 51 . One type of multivariate statistical analysis that is a powerful chemometric treatment that has been successful in petroleum fingerprinting is principal component analysis (PCA)  . Principle component analysis allows the components in a sample that explain the most variance in a data set to be distinguished. By identifying these components, the natural variations of the hydrocarbon content in crude oils can be used to distinguish and identify a source by its principle components  . Different research studies have shown the ability of hopanes to distinguish different sources of crude oil when PCA is applied  . Biomarker Fingerprinting:
 One specific type of fingerprinting that is utilized to correlate spilled oil with a source is biomarker fingerprinting. Biomarker fingerprinting focuses on a smaller subset of complex compounds that are known to be ubiquitous in all oils, but vary in their concentrations based on the source of the oil  . Biomarkers, like all hydrocarbons, are the remains of once living organisms which allows their presence in crude petroleum to reflect that specific reservoirs' natural surrounding environment. Biomarkers can be alicyclic or cyclic, with three of the major categories of biomarkers being cyclic terpanes, hopanes, and steranes. Terpanes include compounds that are C15-C30, with hopanes containing C27-C35, and steranes containing C21-C30  . The high molecular weights and complex structures of these and most other biomarkers makes them very stable in the environment, and less susceptible to the weathering effects that a majority of hydrocarbons undergo. Two examples of alicyclic biomarkers are the isoprenoid compounds pristane and phytane which have been used to differentiate biodegradation hydrocarbon loss from evaporation hydrocarbon loss due to the fact that pristane and phytane both have a similar volatility, but biodegradation shows a more pronounced effect on the loss of pristane. A ratio of pristane abundance to phytane abundance closer to 1 indicates that evaporation is causing the loss whereas a larger ratio indicates that biodegradation is more likely the cause of hydrocarbon loss  ."
"Geochemical Study of Oils and Oil Source Rock from the Eastern Drava and Slavonija-Srijem Depressions, Pannonian Basin, Croatia","https://scispace.com/paper/geochemical-study-of-oils-and-oil-source-rock-from-the-26cib3jxu9","1996","Journal Article","Geologia Croatica","Anđa A. Alajbeg
Michael A. Moldowan
Demaison Gerard J
Vladimir Jelaska
Željka Brodić-Jakupak
Dubravko Svilković
B. J. Huizinga","10.4154/GC.1996.02","https://scispace.com/pdf/geochemical-study-of-oils-and-oil-source-rock-from-the-26cib3jxu9.pdf","A Middle Miocene oil source rock has been identified by geochemical logging of exploration wells in the Eastern Drava depression (EDD) and in the Slavonija-Srijem depression (SSD) at the south-east margin of the Pannonian Basin, Croatia. The source rock contains Type II to II/III kerogen and reaches early maturity stage at depths of about 2400 m. The Mesozoic sequences were found either to be absent or to be poor in organic matter within the analysed wells. According to C27-C28-C29 sterane and C27-C28-C29 monoaromatic steroid distributions, gamacerane indices, C35 homohopane indices and presence of C30 steranrs, the EDD and SSD oils wrre generated from the same marine source rock. The distribution of homohopanes and high Ni/(Ni + V) porphyrin ratios indicates that the related source rock was deposited under suboxic conditions. The oils appear to have been generated from the source rock during the early to middle stages of maturity. The oils are waxy, with pour points up to 30°C and sulphur contents not exceeding 0.7%.","Authors: Geol C Roat,Anda T Michael Alajlleg',Moldowan,Gerard T Demaison',Vladimir Jelaska"",Zeljka Llrodlc-Jakupak',Dubravko Svilkovic',Bradly J Huizinga Keywords: Biomarkers, Geochemical parame ters, Oil, Oil source rock, Organic geochemistry"
"Estudo avançado para caracterização química de petróleo do Campo de Carmópolis-Sergipe","https://scispace.com/paper/estudo-avancado-para-caracterizacao-quimica-de-petroleo-do-kn7llkwq2p","2013","Dissertation","","Jandyson Machado Santos","","https://scispace.com/pdf/estudo-avancado-para-caracterizacao-quimica-de-petroleo-do-kn7llkwq2p.pdf","Este trabalho apresenta o emprego de diversas tecnicas analiticas, convencionais e avancadas, para a caracterizacao quimica de quatro blendas de oleos brutos provenientes da estacao da Petrobras de Oiteirinhos II (Carmopolis-SE). Estas amostras, que apresentam diferentes caracteristicas de exploracao, foram identificadas como CEOL 1, CEOL 2, CEOL 3 e CEOL 4. Apos a coleta em campo e posterior separacao dos residuos de agua por centrifugacao a 2500 rpm, as blendas foram caracterizados a partir da determinacao da densidade, do teor de asfaltenos, fracionamento SARA (Saturados, Aromaticos, Resinas e Asfaltenos) e aplicacao da micropirolise off-line. A caracterizacao avancada, aplicada para elucidar a relacao quimica entre as amostras, foram realizadas utilizando as tecnicas de Termogravimetria (TGA), Espectroscopia no Infravermelho (IV), Espectroscopia no Ultravioleta (UV), Espectrometria de Massa por Tempo de voo com Desorcao-Ionizacao a Laser Assistida por Matriz (MALDI-TOF-MS), Cromatografia Gasosa acoplada a Espectrometria de Massas (CG/EM), Cromatografia Gasosa com Detector de Ionizacao de Chama (CG-DIC) e Cromatografia Gasosa Bidimensional Abrangente (CG x CG). A blenda CEOL 3 apresentou a maior densidade (0,9737 g mL-1) corroborando com os resultados de MALDI-TOF-MS, mostrando a predominância de compostos de alta massa molecular em sua composicao. O fracionamento SARA aponta a fracao de Saturados como a maior fracao em todos as blendas (>50%). A analise de TGA expos faixas de perdas de massas semelhantes em todas as amostras e seus asfaltenos. A caracterizacao por IV apresentou estiramentos referentes a composicao de hidrocarbonetos e o UV a presenca de estruturas mono, di e tri aromaticos tanto nas blendas como em seus respectivos asfaltenos. As analises cromatograficas (CG/EM, CG-DIC e CG x CG) mostraram que todos as blendas possuem um perfil parafinico, com predominância de n-alcanos de baixo peso molecular (n-C10 a n-C40) com caracteristicas de ambiente deposicional oxido (Pr/Ft>1) de origem lacustre (CPI>1). A analise por CG/EM mostrou ainda que a distribuicao em area referente a n-alcanos livres presentes na blenda CEOL 3 e cerca de 30% menor do que as outras amostras, e que apos o processo de micropirolise essas areas passam a ser aproximadamente iguais. Para biomarcadores, por CG/EM foi possivel identificar a presenca majoritaria de terpanos tri e tetraciclicos (m/z 191) e esteranos regulares (m/z 217), como constituintes majoritarios das blendas em estudo, apontando ainda, a liberacao de biomarcadores ocluidos nas estruturas asfaltenicas apos o processo de micropirolise. A identificacao e posterior correlacao entre os biomarcadores indicaram que as blendas de oleos brutos possuem caracteristicas de biodegradacao parcial, com uma mistura de muito e pouco evoluidos termicamente, provenientes de materia orgânicas terrigenas e/ou algas.","biomoléculas estruturais durante a diagênese e catagênese altera, entre outros, hidrocarbonetos saturados com esqueletos de carbono idênticos aos da molécula precursora . -Biomarcadores:
 A avaliação geoquímica do petróleo possui um papel importante, que auxilia a compreensão do desenvolvimento dos processos e a solução de problemas relacionados à exploração . Neste contexto, a identificação de biomarcadores ou marcadores biológicos apresentam uma relação precursor/produto, que pode fornecer informações acerca da origem, da evolução térmica e do histórico de migração do petróleo . A distribuição dos isômeros dos biomarcadores não só podem servir como impressões digitais para correlação óleo-óleo e óleo-fonte (relacionando fontereservatório), mas também dar informações geoquímicas em relação à fonte orgânica (marítimo, lacustre, ou de fonte terrestre), idade, evolução térmica, ambiente deposicional (por exemplo, argila ou carbonato, níveis de oxigênio, salinidade), e alteração (por exemplo, água de lavagem e biodegradação) . -Biomarcadores:
 A diversidade de estruturas dos biomarcadores permite supor que sedimentos orgânicos diferentes possam apresentar composição variável para pelo menos alguns desses grupos de estruturas. Esta pressuposição é empregada em correlação entre diferentes amostras de óleos de uma mesma bacia, ou comparando-se a constituição de óleos com a matéria orgânica de rochas geradoras potenciais . Os biomarcadores estão divididos em classes, correlacionadas a estrutura dos materiais de origem , como segue: a) n-alcanos: são hidrocarbonetos saturados acíclicos, usados como biomarcadores devido à sua abundância e facilidade de detecção por cromatografia gasosa . São geralmente utilizados para prover informações sobre o ambiente deposicional de matéria orgânica. -Biomarcadores:
 b) Isoprenóides: representados pelo pristano e fitano (biomarcadores mais estudados desta classe), correspondem a uma ampla faixa de n-alcanos ramificados. São usados para determinar as condições de deposição de matéria orgânica   c) Terpanos: são derivados de organismos procariontes . Podem ser divididos em três grupos principais: tricíclicos (Figura 3-A), tetracíclicos (Figura 3-B) e pentacíclicos (hopanos -Figura 3-C).   . Os parâmetros de correlações geoquímicas são baseados nos perfis obtidos para várias classes de compostos, através de análises por cromatografia gasosa acoplada à espectrometria de massas . Vários parâmetros são utilizados para avaliar o nível de evolução térmica em amostras de óleos."
"Determination of Sterane and Triterpane in the Tamsagbulag Oilfield","https://scispace.com/paper/determination-of-sterane-and-triterpane-in-the-tamsagbulag-1tlgmz6f8r","2011","Journal Article","Advances in Chemical Engineering and Science","B. Byambagar
E. Enkhtsetseg
Dalantai Monkhoobor
B. Avid
A. Tuvshinjargal","10.4236/ACES.2011.13024","https://scispace.com/pdf/determination-of-sterane-and-triterpane-in-the-tamsagbulag-1tlgmz6f8r.pdf","Crude oils representing four different holes from the Tamsagbulag oilfield were analyzed by gas chromatography-mass spectrometry (GC/MS) spectroscopy. Fifty-two biomarker compounds, 34 pentacyclic triterpanes and 18 steranes were identified and semi-quantitatively determined by selective ion monitoring (SIM) chromatography. Depending on the oil source, the variation in the pentacyclic triterpanes distribution is more significant than the variation in the sterane distribution. It is said that pregnane and honopregnane originated during the period of very salty sedimentary accumulation in the condition of diagenesis.","The more negative n-alkane  13 C profiles of the family oils reflect their marine source . The research demonstrated that the biomarker distribution and carbon isotopic composition could be used to differentiate oils derived from various lacustrine environments . Introduction:
 Recently several researchers have paid more attention on biomarker and geochemical investigation of the Mongolian crude oil. Composition of the hydrocarbons and structure of the heteroatom compounds with high molecular weight from the Zuunbayan, Tsagaan els and 19-3, 19-12, 19-13, 19-14, 19-17 wells of Tamsagbulag oilfields have been studied by Khongorzul. Based on the results, the author has estimated product properties of crude oil fractions and proposed it's suitable applicaton and as well as refinery process . Another investigation has been done on Toson Uul and Zuunbayan oil fields, specially it is focused on the effect of depths for the properties and geochemical study of crude oil and sedimentary rock . The structure and compositions of the hydrocarbons from the Tamsagbulag and Zuunbayan oilfields are studied by Sainbayar . The author has focused on the compositions of the light fractions, especially on normal and isoparapynic hydrocarbons and tried to characterize the geochemical classification. Introduction:
 The aim of this research is to study crude oils from four new holes from the Tamsagbulag oilfield by using chromatographic method. Materials and Methods:
 The crude oil samples representing the 19-14, 19-28, 19-31 and 19-34 wells from the Tamsagbulag oilfield from Mongolia have been selected for investigation. The selected samples are separated into 3 different fractions like paraffin, naphtene and aromatics. GC/MS measurements were performed on a Thermo-Finnigan Trace DSQ mass spectrometer coupled to a Thermo Finnigan Trace GC with a split injector (1:20) and a 0.25 µm HP-5MS fused silica capillary column with a 60 m × 0.35 mm inner diameter. The temperature was held at 40˚C for 3 min and then increased to 250˚C at 5˚C/min intervals, with helium flow rate of 3 ml/min. The EI-MS ionization voltage was 70 eV (electron impact ionization), and the ion source and interface temperature were both 250˚C. Results and Discussion:
 The two classes of biomaker, pentacyclic triterpanes and steranes were identified under the chosen MS condition. Together with steranes, terpanes, triterpanes belong to the most important petroleum hydrocarbons that retained the characteristic structure of the original biological compounds . Tricyclics, tetracyclics, hopanes, and other compounds contribute to the sterane and terpane fingerprint mass chromatogram (m/z = 217 and 191) commonly used to relate oils and source rocks. GC-MS chromatograms of the crude oil from Tamsagbulag oilfield are shown in Figures , the assignments of the peaks are summarized in Tables . Results and Discussion:
 Molecular ratios measured from these mass chromatograms help illustrate similarities in the distributions of these biomarker compounds."
"The controls on the composition of biodegraded oils in the deep subsurface- Part 4. Destruction and production of high molecular weight non-hydrocarbon species and destruction of aromatic hydrocarbons during progressive in-reservoir biodegradation","https://scispace.com/paper/the-controls-on-the-composition-of-biodegraded-oils-in-the-4hid2080gx","2017","Journal Article","Organic Geochemistry","Thomas B. P. Oldenburg
Martin Jones
Haiping Huang
Barry Bennett
Nor Shahida Shafiee
Nor Shahida Shafiee
Ian M. Head
Steve Larter","10.1016/J.ORGGEOCHEM.2017.09.003","https://eprints.ncl.ac.uk/file_store/production/242147/4E88E9F5-FC71-42AC-A00D-47E968C2DB48.pdf","","is about 2 orders of magnitude higher within the burnout zone (biodegradation zone at the base of a biodegraded oil column), consistent with the notion that microbial activity and abundance in the deep subsurface is elevated at geochemical interfaces . Introduction:
 Petroleum non-hydrocarbons also are biodegraded in reservoirs. Several studies have shown chemical concentration gradients driven by basal biodegradation zones in reservoirs affecting C9-C14 alkyl, benzo and dibenzothiophenes , and alkyl carbazoles and benzocarbazoles . The systematics of the in-reservoir degradation of these species is very similar to the biodegradation of other alkyl aromatic compounds in a similar molecular weight range. Introduction:
 The non-hydrocarbon fraction of crude oils (comprising mostly of nitrogen, sulfur and oxygen (NSO)-containing organic compounds) can make up a significant proportion of petroleum, with sulfur contents commonly a few percent in some heavy oils and in extreme cases in Alberta, rising to over 10% or more. Although the importance of the heteroatom compounds has been recognized in many of the processes involved in the origin and alteration of petroleum , their geochemistry as a broad group, is poorly understood under subsurface biodegradation conditions and it is here that we focus this paper. The potential value of NSO species in crude oils, for the definition and understanding of geochemical properties and processes such as biodegradation and any associated water washing, lies in the much greater range of physicochemical properties exhibited by these compounds, compared to hydrocarbons. While low molecular weight hetero-aromatic compounds can be analyzed by GC-MS, the bulk of the non-hydrocarbon fraction in crude oils is not accessible to GC-based analytical methods. However, recent advances, such as ultra-high resolution mass spectrometry (Fourier transform ion cyclotron resonance mass spectrometry; , now allow routine analysis of these often sorptive and involatile hetero-aromatic compounds. Introduction:
 While truly quantitative data are not yet available from such instruments, the instruments are sufficiently stable and data are sufficiently reproducible, such that qualitative and semiquantitative analysis of processes is now possible . Introduction:
 In this study, several case history sample sets of crude oils, biodegraded to different extents and analyzed geochemically, are extended into the high molecular weight, non-hydrocarbon fraction of crude oils using a 12 T ultra-high resolution Fourier Transform Ion Cyclotron Resonance mass spectrometer (FTICR-MS), operated in electrospray ionization (ESI), and atmospheric pressure photoionization modes (APPI), which allows us to examine many species of variable polarity including high molecular weight aromatic hydrocarbon species."