"Paper Title","Paper Link","Publication Year","Publication Type","Publication Title","Author Names","DOI","PDF Link","Abstract","TL;DR"
"Evaluation of Oil Viscosity Performance Using Several Empirical Correlations for Some Libyan Crude Oils","https://scispace.com/paper/evaluation-of-oil-viscosity-performance-using-several-2qen5i1vdy","2016","Journal Article","Journal of Engineering and Technology","Khulud. M. Rahuma","10.11648/J.AJETM.20160104.11","https://scispace.com/pdf/evaluation-of-oil-viscosity-performance-using-several-2qen5i1vdy.pdf","Evaluation of oil viscosity is an important deal in the design of various operations in oil fields and refineries. Therefore, the variety in viscosity of crude oil, depends on pressure and temperature [1]. In this work, different oil samples from Libyan reservoirs were selected and supplementary data were collected from published literature. Chew-Connally [2], Beggs-Robinson [3], Labedi [4] and modified kartoatmodjo [5] correlations are applied to the acquired data set and a comprehensive error analysis is performed based on a comparison of the predicted value with the experimental value. Results concluded that Beggs-Robinson model gives the lowest value of absolute average deviation (AAD %) 21.19 % compared with the other models promoting this correlation for more applications.","In this article, different oil samples from Libyan reservoirs were selected and supplementary data were collected from published literature, and a comprehensive error analysis was performed based on a comparison of the predicted value with the experimental value."
"Estimation of Viscosity of Azerbaijan Crude Oil","https://scispace.com/paper/estimation-of-viscosity-of-azerbaijan-crude-oil-l1ivkk0ivp","2019","Journal Article","","Yadigar Imamverdiyev
Makrufa Sh. Hajirahimova","10.18488/JOURNAL.79.2019.61.8.16","","In this study, the prediction issue of oil viscosity, on oil samples taken from Guneshli oil field of Azerbaijan has been viewed applying empirical correlations as Beggs-Robinson, Labedi, modified Kartoatmodjo, Elsharkawy and Alikhan, Al-Khafaji. The correlation models used in the evaluation of viscosity of Azerbaijan oil have been implemented in the Python software environment. The obtained values on empirical correlations have been compared to experimental data obtained from Guneshli oil field. The result of prediction has been evaluated using statistic functions as absolute average deviation (AAD), mean absolute error (MAE), correlation coefficient, root mean square error (RMSE). According to statistical analysis, it has been known that the Beggs-Robinson model has shown the lowest value on AAD (10.5614%), MAE (12.4427 %), RMSE (20.0853 %). The Labedi model has presented the worst result on every four criterions. Even though the Elsharkawy-Alikhan model has presented the highest result (99.9272%) on correlation coefficient, in the evaluation of viscosity of Azerbaijan crude oil, the Beggs-Robinson model can be considered more acceptable.","In this article, the prediction issue of oil viscosity, on oil samples taken from Guneshli oil field of Azerbaijan has been viewed applying empirical correlations as Beggs-Robinson, Labedi, modified Kartoatmodjo, Elsharkawy and Alikhan, Al-Khafaji."
"Testing the performance of some dead oil viscosity correlations","https://scispace.com/paper/testing-the-performance-of-some-dead-oil-viscosity-4cp929l7s9","2012","","","Elmahboub Edreder
Khulud Rahuma","","","The knowledge of viscosity plays a very important role in a variety of interesting engineering problems involving fluid flow in porous media and reservoir simulation. The dead oil viscosity is defined as the viscosity of crude oil at atmospheric pressure (no gas in solution) and system temperature. Several correlations have been proposed in the past for predicting the dead oil viscosity. Most of the dead oil viscosity correlations are based on the oil °API gravity and temperature. In this work, evaluating the performance of investigated models. Beal, Beggs-Robinson, Glaso, Labedi and Petrosky and Farshad correlations have been investigated for some Libyan crude oils. Statistical analysis in terms of absolute deviation percent (% AD), and the absolute average deviations percent (% AAD) are used to subject the evaluation of the viscosity correlations. Comparison results indicate that, Beggs-Robinson correlation provide the best prediction for dead oil viscosities in the investigated Libyan oil samples within AAD of 9.58%. Results of this study can be helpful in screening viscosity correlations to suite Libyan crude oils as well as similar crudes. Key Word: Viscosity; dead oil; correlation; absolute average deviation; temperature.","In this article, Beal, Beggs-Robinson, Glaso, Labedi and Petrosky and Farshad correlations have been investigated for some Libyan crude oils."
"The Prediction of Viscosity, Formation Volume Factor, and Bubble Point Pressure of Heavy Oil Using Statistical Analysis, Artificial Neural Networks, and Three-dimensional Modeling: A Comparative Evaluation","https://scispace.com/paper/the-prediction-of-viscosity-formation-volume-factor-and-19nzx7zwu3","2014","Journal Article","Energy Sources Part A-recovery Utilization and Environmental Effects","F. Torabi
B. Y. Jamaloei
C. J. Zunti
C. C. Markwart","10.1080/15567036.2010.547926","","The physical properties of the reservoir fluids are required for various applications, such as reservoir performance optimization, field development, and modeling of the numerous enhanced oil recovery processes Some correlations have been developed that can predict the properties of the reservoir fluids However, most of these correlations do not accurately predict the physical properties of the heavy oil This study uses three approaches to develop new correlations for the calculation of the dead oil viscosity: statistical analysis, artificial neural networks, and three-dimensional modeling The results indicate that the developed correlations in this study for prediction of the heavy oil viscosity outperform the previously developed correlations Moreover, the statistical analysis is performed to develop new correlations for prediction of the bubble point pressure and the formation volume factor The results of these correlations are in good agreement with the experimental values Finally, recommendati","In this paper, the authors used three approaches to develop new correlations for the calculation of the dead oil viscosity: statistical analysis, artificial neural networks, and three-dimensional modeling."
"Pressure-Volume-Temperature Correlations for Heavy and Extra Heavy Oils","https://scispace.com/paper/pressure-volume-temperature-correlations-for-heavy-and-extra-34btve6aly","1995","Proceedings Article","","Giambattista De Ghetto
Francesco Paone
Marco Villa","10.2118/30316-MS","","The paper evaluates the reliability of the most common empirical correlations used for determining reservoir fluid properties whenever laboratory PVT data are not available : bubblepoint pressure, solution GOR, bubblepoint OFVF, isothermal compressibility, dead-oil viscosity, gas-saturated oil viscosity and undersaturated oil viscosity. The reliability has been evaluated against a set of about 65 heavy and extra-heavy oil samples. About 1200 measured data points have been collected and investigated. All measured data points are reported in the paper. For all the correlations, the following statistical parameters have been calculated : a) relative deviation between estimated and experimental values, b) average absolute percent error, c) standard deviation. Oil samples have been divided in two different API gravity classes : extra-heavy oils for °API≤ 10, heavy oils for 10< °API≤ 22.3. The best correlations for each class of API gravity have been evaluated for each oil-property. The functional forms of the correlations that gave the best results for each oil property have been used for finding a better correlation with errors reduced, on averages by 10%. In particular, for extra-heavy oils, since no correlations are available in literature (except for viscosity), a special investigation has been performed and new equations are proposed.","In this article, the reliability of the most common empirical correlations used for determining reservoir fluid properties whenever laboratory PVT data are not available was evaluated against a set of about 65 heavy and extra-heavy oil samples."
"The Model For Prediction Of TemperatureAnd Pressure Effects On Viscosity OfBitumens And Heavy Oils","https://scispace.com/paper/the-model-for-prediction-of-temperatureand-pressure-effects-awv545d14i","1970","","","V.R. Puttagunta
Adango Miadonye
B. Singh","10.2495/CMEM930341","https://scispace.com/pdf/the-model-for-prediction-of-temperatureand-pressure-effects-awv545d14i.pdf","A simple and generalized viscosity correlation has been developed for the prediction of viscosity of bitumens and heavy oils over a range of temperature and pressure relevant to in situ recovery processes. The correlation is a modification of the equation of Roelands [8], by incorporating a viscosity characterization parameter derived from a single viscosity measurement. The predicted values are in good agreement with experimental data, with an average absolute deviation of 4.5%. The correlation requires no chart, iteration, series of viscosity measurements or pseudo-critical property to accurately predict viscosity of bitumens and heavy oils. INTRODUCTION Predictions of impending shortages of conventional crude oil have generated a strong stimulus to the need for high efficiency recovery techniques for bitumens and heavy oils. Optimization of recovery methods will require a knowledge of the viscosities at in situ production conditions. Measurements of viscosity at the conditions of temperature and pressures prevalent in production and pipeline transportation are not only cumbersome but also highly expensive; thus several workers have proposed correlations for estimating bitumens and heavy oils viscosities (Farouq Ali [1]; Briggs et al. [2]; Mehrotra and Svrcek [3,4]; Johnson et al. [5]; Quail et al. [6]) . Transactions on Modelling and Simulation vol 4, © 1993 WIT Press, www.witpress.com, ISSN 1743-355X 484 Computational Methods and Experimental Measurements These correlations either are based on the pseudo-critical parameters of bitumen or require series of viscosity measurements in order to make predictions; which account for high prediction errors associated with them. This paper presents one parameter viscosity correlation which requires only one viscosity measurement at any convenient temperature to predict the combined effect of temperature and pressure on viscosity. Unlike other correlations, this correlation is simple to use and applies to all bitumens and heavy oils found around the world. Development of the Viscosity Model Sanderson [7] developed an equation based on double logarithm for calculating the kinematic viscosity of oil: log log (Kv + 0.6) = CP* + D 0) where C and D are constants for any given oil, P is the pressure and Kv is the kinematic viscosity at the required pressure. Equations to represent the effect of temperature and pressure on dynamic viscosity of bitumens came much later. Few researchers in this area include Briggs et al. [2], Mehrotra and Svrcek [3,4], and Johnson et al. [5], The following two models were employed by Mehrotra and Svrcek [3,4] for the viscosity of compressed Athabasca and Cold Lake bitumens: = exp [a^ + a> In 7] + a$ Pg (2) In ln(|i) = [a^ + a% + In 7] + % Pg (3) where a^, ^nd a^ are parameters specific to each bitumen. The average absolute deviation reported for these models was within 8.1%. The short-coming of these 'models is that the constants have to be determined for specific samples of heavy oil and bitumen. The model presented by Briggs et al. [2] was a modification of Roelands* equation [8]. Transactions on Modelling and Simulation vol 4, © 1993 WIT Press, www.witpress.com, ISSN 1743-355X Computational Methods and Experimental Measurements 485","Mehrotra and Svrcek as discussed by the authors developed a simple and generalized viscosity correlation for the prediction of viscosities of bitumens and heavy oils over a range of temperature and pressure relevant to in situ recovery processes."
"Development of a New Temperature-Dependent Viscosity Model for Crude Oils","https://scispace.com/paper/development-of-a-new-temperature-dependent-viscosity-model-3tycz6u6","2023","Journal Article","Industrial & Engineering Chemistry Research","K Bouresli
Xiaoliang Ma
Hamza Albazzaz
Shibu Jose","10.1021/acs.iecr.3c01213","","The objective of this study is to develop a more accurate model for predicting the dynamic viscosity of a wide range of crude oils at different temperatures. The dynamic viscosities of four Kuwaiti crude oils and a Maya heavy crude oil with an API gravity range of 11.3–26.5 were measured over a temperature range of 25–150 °C, and then the obtained data were used to compare and evaluate the six major empirical temperature-dependent viscosity models reported in the literature. According to the temperature-viscosity correlation, a new empirical temperature-dependent viscosity model was first proposed for crude oils. The linear regression analysis and the statistic deviation analysis were conducted in comparison of the new temperature-dependent viscosity model with the six existing models. Deviation of the various models for the five different crude oils was calculated and discussed in detail. The results show that the new model displays the best correlation performance, giving the smallest average relative deviation of 3.0%, in comparison with the six existing models. ","In this article , the authors developed a more accurate model for predicting the dynamic viscosity of a wide range of crude oils at different temperatures, and compared the performance of the new model with the six existing models."
"Hydrocarbon Systems Viscosity Prediction from Fluid Pressures","https://scispace.com/paper/hydrocarbon-systems-viscosity-prediction-from-fluid-3gzmrww7fs","2006","Journal Article","Petroleum Science and Technology","M. N. Ugbe
C. T. Ako
J. U. Nwalor","10.1080/10916460601000902","","A single correlation for predicting hydrocarbon viscosities in existing and new installations is developed for the range of black oil through gas condensate systems. This semi-empirical, saturation-based correlation with only one adjustable parameter provides great ease of useability. Application of this correlation to several Nigerian crude oil and gas condensate systems is reported with percentage average deviations as low as below 0.5% for crude oil systems. Reported model correlation coefficients are as high as 0.99% for crude oils. Characteristic plots showing a good description of tested systems by the model are reported.","In this article, a single correlation for predicting hydrocarbon viscosities in existing and new installations is developed for the range of black oil through gas condensate systems, with a semi-empirical, saturation-based correlation with only one adjustable parameter."
"A Heavy-oil Viscosity Predicting Model Considering the Effect of Asphalt and Water Content","https://scispace.com/paper/a-heavy-oil-viscosity-predicting-model-considering-the-3oohqpuw23","2012","Journal Article","Journal of Oil and Gas Technology","LI Ying-chuan","","","Heavy oil viscosity was usually thought to be the function of temperature and API approximately.But it was also related to asphalt and colloid content,water content and so on.Four conventional viscosity prediction models for degassed heavy oil were evaluated by using sample test data from 29 heavy oil wells.A new model was established by using the method of comparison and fitting.The new model took temperature,API,asphalt and colloid content and water content into consideration.The viscosity of the heavy oil samples was forecasted by using the new model.The average relative errors within the two ranges of API are 15.76% and 17.20% respectively,which is far less than that of the evaluation models.The viscosity of other 11 heavy oil samples is also predicted by using the new model.The average and relative error is 17.66%,it can basically meet the requirement of engineering accuracy.","In this paper, a new model was established by using the method of comparison and fitting, which took temperature, API, asphalt and colloid content and water content into consideration to forecast the viscosity of the heavy oil samples."
"Prediction of Heavy-Oil Viscosities With a Simple Correlation Approach","https://scispace.com/paper/prediction-of-heavy-oil-viscosities-with-a-simple-43u39mz5e0","2014","Journal Article","Oil and gas facilities","Alireza Bahadori
Mahdi Mahmoudi
Alireza Nouri","10.2118/157360-PA","https://scispace.com/pdf/prediction-of-heavy-oil-viscosities-with-a-simple-43u39mz5e0.pdf","Summary Heavy-oil development is becoming increasingly important be- cause of the continuous decline in conventional-oil production. For heavy-oil reservoirs, the oil viscosity usually varies dramatically during production processes such as in thermal processes. When producing heavy oil, the high viscosity is a major impediment to recovery. Oil viscosity is often correlated directly to the reserves estimate in heavy-oil formations and can determine the success or failure of a given enhanced-oil-recovery scheme. As a result, viscosity is an important parameter for performing numerical simulation and determining the economics of a project. In this work, a simple-to-use correlation has been developed to correlate the viscosity of heavy oil to temperature and to a simple correlating parameter that can be used for heavy-oil characteriza- tion. The reported results are the product of the analysis of heavy- oil data collected from the open literature for various heavy-oil fields around the world. The tool developed in this study can be of immense practical value for petroleum engineers, providing a method for quick assessment of the viscosity of heavy oils. In par- ticular, petroleum and production engineers would find the pro- posed correlation to be user-friendly, with transparent calculations involving no complex expressions. The new proposed correlation shows consistently accurate results. This consistency could not be matched by any of the widely accepted existing correlations within the investigated range. For all conditions, the new correlation provided better results than existing correlations in the literature.","In this article, a simple-to-use correlation has been developed to correlate the viscosity of heavy oil to temperature and to a simple correlating parameter that can be used for heavy-oil characteriza- tion."
"A Rigorous Yet Simple Dead Oil Viscosity Correlation","https://scispace.com/paper/a-rigorous-yet-simple-dead-oil-viscosity-correlation-4b1nds0zdt","2013","Journal Article","Petroleum Science and Technology","H. S. Naji","10.1080/10916466.2010.551242","","A rigorous yet simple correlation for the estimation of dead oil viscosity is proposed. The new correlation requires oil API gravity and system temperature as the only correlation parameters. It calculates the Watson characterization factor as a function of oil API gravity. Hence, the paraffinicity or character of the crude oil is implicitly taken into account. The new correlation was checked against other correlations for a full spectrum of oil API gravities and system temperatures. It performed exceptionally good thus eliminating the lengthy and complex calculation procedure of other correlations.","In this paper, a simple correlation for the estimation of dead oil viscosity is proposed, which requires oil API gravity and system temperature as the only correlation parameters, thus eliminating the lengthy and complex calculation procedure of other correlations."
"A Heavy-oil Viscosity Predicting Model Considering the Effect of Asphalt and Water Content","https://scispace.com/paper/a-heavy-oil-viscosity-predicting-model-considering-the-rra517vlfrst","","","","钟海全
刘忠能
李颖川","10.3969/j.issn.1000-9752.2012.06.026","","Heavy oil viscosity was usually thought to be the function of temperature and API approximately.But it was also related to asphalt and colloid content,water content and so on.Four conventional viscosity prediction models for degassed heavy oil were evaluated by using sample test data from 29 heavy oil wells.A new model was established by using the method of comparison and fitting.The new model took temperature,API,asphalt and colloid content and water content into consideration.The viscosity of the heavy oil samples was forecasted by using the new model.The average relative errors within the two ranges of API are 15.76% and 17.20% respectively,which is far less than that of the evaluation models.The viscosity of other 11 heavy oil samples is also predicted by using the new model.The average and relative error is 17.66%,it can basically meet the requirement of engineering accuracy.","A new heavy-oil viscosity predicting model is established, considering temperature, API, asphalt, colloid content, and water content, outperforming conventional models with average relative errors of 15.76-17.20% and 17.66% for 40 and 11 samples, respectively."
"Development of compositional-based models for prediction of heavy crude oil viscosity: Application in reservoir simulations","https://scispace.com/paper/development-of-compositional-based-models-for-prediction-of-1fp506cm17","2023","Journal Article","Journal of Molecular Liquids","Zi-mei Liu
Xuliang Zhao
Yifan Tian
Jianping Tan","10.1016/j.molliq.2023.122918","","The properties of crude oil are of great importance for efficient recovery of oil from oil fields. The properties are primarily used in reservoir simulations for prediction of oil recovery in order to save time and obtain the best recovery. Among various crude oil properties, viscosity is the most important one which should be precisely simulated. In this work, a novel approach based on machine learning is developed for estimation of crude oil viscosity as function of input parameters. Multiple distinct tree-based ensemble models are applied on the available dataset in this work to predict heavy-oil viscosity. AdaBoost Decision Trees (ADA-DT), Random Forest (RF), and Extremely Randomized Trees (ERT) are selected tree-based ensembles that used in this work for the simulation of oil viscosity. An Isolation Forest is applied on the dataset to remove outliers and also the earthworm optimization algorithm (EWA) is employed to find the optimum values of models' hyper-parameters. Optimized models of ADA-DT, ERT, and RF have RMSE error rates of 35.42, 27.02, and 58.71. Thus, ERT is selected as the best model of the dataset used in this work. ","This study develops machine learning-based models to predict heavy crude oil viscosity using tree-based ensembles (AdaBoost, Random Forest, and Extremely Randomized Trees) with optimized hyperparameters, achieving RMSE error rates of 27.02-58.71."
"The Corresponding States Viscosity Model Applied to Heavy Oil Systems","https://scispace.com/paper/the-corresponding-states-viscosity-model-applied-to-heavy-4qkr88qlk4","2003","Journal Article","Journal of Canadian Petroleum Technology","N. Lindeloff
Karen Schou Pedersen
H.P. Ronningsen
J. Milter","10.2118/04-09-04","","The corresponding states viscosity model is widely accepted in the petroleum industry for calculating oil and gas viscosities. In its classical form, the model predicts the viscosities of complex mixtures using methane as a reference compound. As a result of the chosen reference compound, the corresponding states model has good predictive capabilities for gases and light oil systems, whereas the predictive performance deteriorates for heavier oil systems. The present work discusses how far the performance of the corresponding states model can be stretched in its classical form with methane as the reference compound. It further outlines a procedure based on a viscosity correlation for stable oil mixtures that may take over when the methane reference temperature becomes too low to apply methane as reference compound. In the temperature region where the new correlation is to take over from the classical corresponding states model, there is a smooth transition between the viscosity results obtained with either method. Therefore, the new correlation can be seen as an extrapolation of the corresponding states method to be applicable to heavy aromatic oil mixtures at relatively low temperature.","In this article, the authors discuss how far the performance of the corresponding states model can be stretched in its classical form with methane as the reference compound and outline a procedure based on a viscosity correlation for stable oil mixtures that may take over when the methane reference temperature becomes too low to apply methane as a reference compound."
"A Viscosity Correlation for Mixtures of Heavy Oil, Bitumen, and Petroleum Fractions","https://scispace.com/paper/a-viscosity-correlation-for-mixtures-of-heavy-oil-bitumen-4f6go1iri2","1984","Journal Article","Society of Petroleum Engineers Journal","W.R. Shu","10.2118/11280-PA","","High viscosity is a major constraint in the recovery and transportation of heavy crudes and tar sand bitumens. Viscosity reduction may be achieved by mixing the crude with a light petroleum solvent. This paper presents a generalized correlation for calculating viscosities of such mixtures. A power-law mixing rule was generalized by use of the Einstein-type relationship for the viscosities of infinitely dilute solutions. Literature and in-house data were compiled to establish the correlation. The final correlation requires only density and viscosity of the two fluids to predict blending viscosity at any mixture composition. The correlation is tested with heavy-oil/solvent blending data and gives an excellent prediction of the blending viscosities.","In this paper, a generalized correlation for calculating viscosities of such mixtures was presented by using the Einstein-type relationship for the viscosity of infinitely dilute solutions."
"General Expression of Heavy Oil Viscosity","https://scispace.com/paper/general-expression-of-heavy-oil-viscosity-0mk6jjizkj0u","","","","KANG Zhi-yong
ZHANG Yong","10.3969/j.issn.1006-6535.2005.06.032","","A general equation for calculating crude oil viscosity is established by using statistic theory according to 44 viscosity-temperature curves from 22 typical heavy oil blocks of 6 oil fields in Liaohe oil province,hence to calculate the viscosity of degassed crude at arbitrary temperature.The maximum relative error of the method is 9.9%,average relative error is 3.3%.This equation can provide reference to heavy oil classification,fluid evaluation and heavy oil reservoir development.","A general equation for heavy oil viscosity calculation is established using statistical theory, with a maximum relative error of 9.9% and average relative error of 3.3%, applicable for heavy oil classification, evaluation, and reservoir development."
"Prediction of heavy oil viscosity","https://scispace.com/paper/prediction-of-heavy-oil-viscosity-dnwhhh7nuh","1998","","","Trevor Bennison","","","The impetus for this work stems from the difficulties in obtaining reliable viscosity measurements for live oils from viscous oil reservoirs. The use of correlations to estimate fluid viscosity can provide a useful method to provide the reservoir engineer with preliminary values for reservoir calculations. Many different correlations based on measured fluid properties have been presented in the literature to estimate fluid viscosity. Using measured data supplied through the offices of the DTI, these correlations have been assessed for their ability to predict measured viscosity data for several North Sea heavy oil reservoirs. Arising from this assessment, prediction of dead oil viscosity, on which most of the correlations for bubble-point and thereby undersaturated oil viscosity are based, was found to be poor. Work to identify an alternative correlation was undertaken and a new correlation developed. Particular correlations for bubble-point and undersaturated oil viscosity have been recommended as providing the best match with measured data. An engineer's flow chart has been created to summarise the findings.","In this article, the authors used measured data supplied through the offices of the DTI, and assessed the correlations for their ability to predict measured viscosity data for several North Sea heavy oil reservoirs."
"Non-Newtonian Viscosity Modeling of Crude Oils—Comparison Among Models","https://scispace.com/paper/non-newtonian-viscosity-modeling-of-crude-oils-comparison-284lpmb4a1","2009","Journal Article","International Journal of Thermophysics","Patsy V. Ramírez-González
J.P. Aguayo
Sergio E. Quiñones-Cisneros
Ulrich K. Deiters","10.1007/S10765-009-0578-2","","The presence of precipitated wax or even just low temperatures may induce non-Newtonian rheological behavior in crude oils. Such behavior can be found at operating conditions, for instance, in reservoirs at deep-water conditions. Therefore, reliable rheological models for crude oils applicable over the wide range of conditions the fluid may encounter are essential for a large number of oil technology applications. Such models must also be composition dependent, as many applications require predicting the rheological behavior of the fluid under strong compositional changes, e.g., recovery applications such as vapor extraction (VAPEX) processes or blending of fluids for improved rheological characteristics for piping, among many other applications. In this study, a comparative analysis between some published models applicable to the description of the non-Newtonian behavior of crude oils is carried out. Emphasis is placed on the stability of the model predictions within the wide range of conditions that may be encountered.","In this paper, a comparative analysis between some published models applicable to the description of the non-Newtonian behavior of crude oils is carried out, focusing on the stability of the model predictions within a wide range of conditions that may be encountered."
"Density and Viscosity Modeling and Characterization of Heavy Oils","https://scispace.com/paper/density-and-viscosity-modeling-and-characterization-of-heavy-k4bg1v54vq","2005","Journal Article","Energy & Fuels","Sergio Cisneros
Simon Ivar Andersen
Jefferson L. Creek","10.1021/EF0497715","","Viscosity and density are key properties for the evaluation, simulation, and development of petroleum reservoirs. Previously, the friction theory (f-theory) was shown to be capable of delivering simple and accurate viscosity models for petroleum reservoir fluids with molecular weights up to ∼200 g/mol and viscosities up to ∼10 mPa s, under usual reservoir conditions. As a basis, the f-theory approach requires a compositional characterization procedure that is used in conjunction with a van der Waals type of equation of state (EOS). This is achieved using simple cubic EOSs, which are widely used within the oil industry. Further work also established the basis for extending the approach to heavy oils. Thus, in this work, the extended f-theory approach is further discussed with the study and modeling of a wider set of representative heavy reservoir fluids with viscosities up to thousands of mPa·s. Essential to the presented extended approach for heavy oils is, first, achievement of accurate PvT results for t...","In this article, the authors extended the friction theory approach to a wider set of representative heavy reservoir fluids with viscosities up to thousands of mPa·s, and achieved accurate PvT results for heavy oils."
"Viscosity Modeling and Prediction of Reservoir Fluids: From Natural Gas to Heavy Oils","https://scispace.com/paper/viscosity-modeling-and-prediction-of-reservoir-fluids-from-42zcjrdu50","2004","Journal Article","International Journal of Thermophysics","Sergio E. Quiñones-Cisneros
Claus K. Zéberg-Mikkelsen
A. Baylaucq
Christian Boned","10.1007/S10765-004-5743-Z","","Viscosity and density are key properties for the evaluation, simulation, and development of petroleum reservoirs. In previous work, the friction theory (f-theory) models have already been shown capable of providing simple but accurate viscosity modeling results of petroleum reservoir fluids with molar masses up to around 200 g · mol−1. As a base, the f-theory approach requires a compositional characterization procedure to be used in conjunction with a van der Waals type of equation of state (EOS). This is achieved using simple cubic EOS, which are widely used within the oil industry. In this work, the f-theory approach is further extended to the viscosity modeling of heavy reservoir fluids with viscosities up to thousands of mPa · s. Essential to the extended approach presented here is the achievement of accurate pvT results for the EOS characterized fluid. In particular, it has been found that for accurate viscosity modeling of heavy oils, a compressibility correction in the way the EOS is coupled to the viscosity model is required. With the approach presented in this work, the potential of the f-theory for viscosity modeling of reservoir fluids is extended to practically all kind of reservoir fluids, from light ones to heavy ones. Additionally, the approach has been completed with an accurate density modeling scheme.","In this paper, the authors further extended the f-theory approach to the viscosity modeling of heavy reservoir fluids with viscosities up to thousands of mPa · s."
"Improvement on the Viscosity Models for the Effects of Temperature and Pressure on the Viscosity of Heavy Crude Oils","https://scispace.com/paper/improvement-on-the-viscosity-models-for-the-effects-of-2f1e0pwe0s","2017","Journal Article","Journal of Chemical & Engineering Data","Brittany MacDonald
Adango Miadonye","10.1021/ACS.JCED.6B00619","","With the industrial need for oil creating a growing scarcity of light, transport-efficient oil, a need for more readily transportable heavy crude is being developed. The processes of production and pipeline transportation of heavy crude oil require an understanding of material composition and physical and rheological characteristics, and the changes which occur at different process parameters. Typically this would require a series of expensive and wasteful experiments, done by exposing various crudes to varied processing conditions, such as pressure and temperature, which through exposure produce changes in the oil properties but are overall inefficient. Modeling eliminates these needs as a simple equation can predict heavy crude oil characteristics given parameters of use. This study comparatively examines a new simplistic, semiempirical equation against current empirical models for the viscosity of Tangleflags and Athabasca bitumen. The equation gave values of relatively low percent errors for the effec...","In this paper, a semi-empirical equation was proposed to predict the viscosity of Tangleflags and Athabasca bitumen, and the equation gave values of relatively low percent errors."
"The Dead Oil Viscosity Correlations A C-Sharp Simulation Approach@@@معادلات رياضية لحساب لزوجة الزيت الخام عند الظروف السطحية - نظرة من جانب النمذجة الرياضية لمكامن البترول","https://scispace.com/paper/the-dead-oil-viscosity-correlations-a-c-sharp-simulation-19zotjrxsd","2011","Journal Article","Journal of King Abdulaziz University-engineering Sciences","Hassan S. Naji","10.4197/ENG.22-2.4","","Over the years, different authors have proposed many dead oil viscosity correlations for various crude oil mixtures from all over the world. The majority of correlations fall into a category that uses system temperature and oil API gravity as the only required correlation parameters. This category may be designated as the least accurate and it might not successfully correlate viscosity since it ignores the paraffinicity or character of the crude oil. Another set of correlations offers increased accuracy in calculating dead oil viscosity. It requires, however, the Watson characterization factor as an extra parameter. This factor provides a means of identifying the paraffinicity or character of the crude oil. It stays reasonably constant for the chemically similar hydrocarbons. The Watson factor and the boiling point are related together through the API gravity. In this paper, two regression equations, for evaluating the boiling point of hydrocarbons (pure components and crude oils) as a function of API gravity, are proposed. Therefore, the Watson factor will be evaluated as a function of boiling point; which, in turn will be evaluated as a function of API gravity. It has also been concluded from this study that the boiling point equation for pure components may be used for crude oils having API gravity greater than 30. Another aspect of the paper is that all correlations were coded in an object-oriented manner, which offers flexibility in programming and allows the different parts of the code to be described easily and in a natural manner as if they were real world objects. This allows for their simple inclusion in commercial black oil or compositional reservoir simulators. Eight correlations of the first category and two of the second category were considered for a sharp review from a simulation perspective. Eight experimentally-generated data sets were used to test all correlations and to quality check the validity of the proposed equations.","In this article, two regression equations, for evaluating the boiling point of hydrocarbons (pure components and crude oils) as a function of API gravity, are proposed, which can be used to evaluate the paraffinicity or character of crude oil."
"Prediction of Heavy Oil Viscosity in Current Reservoir Simulators","https://scispace.com/paper/prediction-of-heavy-oil-viscosity-in-current-reservoir-4h782zp1mu","2009","Proceedings Article","","J.J. de la Porte
N. Riesco
V. Vesovic","10.2118/125500-MS","","An accurate estimate of oil mobility is essential for reliable exploitation of oil and gas reservoirs, and for development of new technologies, particularly with the industry’s increasing reliance on unconventional resources such as heavy oil. The viscosity of heavy oil decreases rapidly with increasing temperature and with increasing concentrations of light components, and can vary over 2-3 orders of magnitude during typical exploration and productions operations. The accurate prediction of the viscosity is therefore difficult, and simple extrapolation of the current methods used in the petroleum industry for predicting the fluid viscosity in conventional reservoirs is fraught with difficulties. This paper presents a comprehensive analysis of the use of a simple mole-average power law that is based on the Arrhenius equation and used as the default method in some widely used thermal reservoir simulators to predict mixture viscosity. Predictions based on the equation are compared to a set of accurate benchmark data that are based on the best available experimental data for hydrocarbon mixtures. These data cover a temperature range of -175°C to 200°C, and extend to high pressures. The accuracy of the data is better than 5%, sufficient for validation purposes. We summarize the conditions under which the simple power law provides reasonable estimates of viscosity, identify the ranges of pressure and temperature and composition for which large deviations can be expected, and discuss the implications of using the equation to predict heavy-oil viscosity. We demonstrate that the current practice of fitting scarce experimental data and using the viscosity of the heavy fraction as an adjustable parameter is problematic, and that extrapolation in temperature or to similar mixtures is highly unreliable.","In this article, the authors present a comprehensive analysis of the use of a simple mole-average power law that is based on the Arrhenius equation and used as the default method in some widely used thermal reservoir simulators to predict mixture viscosity."
"PVT-generated Correlations of Heavy Oil Properties","https://scispace.com/paper/pvt-generated-correlations-of-heavy-oil-properties-1sh4uaul4i","2014","Journal Article","Petroleum Science and Technology","M. Riyahin
G. M. Montazeri
L. Jamoosian
Farshad Farahbod","10.1080/10916466.2011.604060","","Pressure-volume-temperature (PVT) properties are necessary to reservoir engineering calculations in porous media and it is important for calculations in pipeline as well This work presents a new set of correlation for estimating Iranian Crude oils properties based on some experimental data Whenever there is no representative experimental PVT data, these correlations can be used for oils of API ranging between 15 and 30 New correlations was developed to calculate oil formation volume factor (Bo), bubble point pressure (Pb), and solution gas oil ratio (Rs) Finally, a comparison is made between these correlations and other published correlations such as Standing, Vazquez and Beggs, Glaso, Farshad et al, Al Marhoun, Petrosky and Farshad, and Hanafi et al and it is found out that the new correlations are more accurate than the other ones","In this paper, a new set of correlation for estimating Iranian Crude oils properties based on some experimental data was presented, which can be used for oils of API ranging between 15 and 30 new correlations was developed to calculate oil formation volume factor (Bo), bubble point pressure (Pb), and solution gas oil ratio (Rs)."
"Modeling the Oil Viscosity of Nigerian Crudes Using Machine Learning","https://scispace.com/paper/modeling-the-oil-viscosity-of-nigerian-crudes-using-machine-22ivj42ezz","2023","Journal Article","","Yisa Adeeyo
A. A. Osinaike","10.2118/217190-ms","","Abstract Oil viscosity is an important parameter for estimating the flow behavior of crude oil under varying pressure and temperature regimes encountered in the subsurface and surface components of the petroleum production system. Although experimental data provides the most accurate characterization of this property, obtaining such data in the laboratory is often time-consuming and expensive. Alternatively, one of several empirical correlations can be used, albeit with often poor generalization to samples from differing thermodynamic systems or crude oil types. In this paper, we use a data-driven approach based on machine learning (ML) algorithms to create high-performing models for predicting the dead oil and bubblepoint oil viscosity of Nigerian crudes. Random Forest (RF) and Gradient Boosting (GB) ensembles, as well as Multi-Layer Perceptron (MLP) and Radial Basis Function (RBF) networks, are compared to several widely used correlations, and their performance is evaluated on a large dataset of crude oil samples collected from various Niger Delta oil fields. The ML models are built with minimal and easily accessible input parameters shared by the correlations, allowing for an objective assessment of their superiority to these correlations given the same input framework. These are reservoir temperature and oil API gravity for the dead oil viscosity modeling, and the solution gas-oil ratio and dead oil viscosity for the bubblepoint oil viscosity modeling. Furthermore, the model's reliability is tested by partitioning the dataset into training, validating, and testing sets, and optimal model configurations are achieved through Bayesian Optimization. On the dead oil viscosity modeling task, we achieve a modest improvement over the best-performing correlation developed by Al-Khafaji (1987). The RF model's R2 and mean absolute error (MAE) scores on the testing data are 0.831 and 3.423, respectively, versus 0.809 and 4.439 for the correlation method. However, for the bubblepoint oil viscosity modeling, the improvement recorded using the RF model over the best-performing correlation developed by Beggs and Robinson (1975) is remarkable. In this case, the R2 and MAE scores for the RF model are 0.924 and 0.441, respectively, compared to 0.574 and 0.813 for the correlation method. As a result, our ML models have outperformed conventional correlations for modeling oil viscosity. Ultimately, oil viscosity estimates from the developed ML models can provide a much more accurate characterization of the fluid behavior of Niger Delta crudes than the conventional correlations can. Furthermore, the ML models allow for continuous improvement of their generalization ability by introducing new data from various sources to the models. ","High-performing models for predicting oil viscosity of Nigerian crudes using machine learning algorithms outperform conventional correlations."
"Models predicting saturated and under-saturated viscosity for some libyan crude oils","https://scispace.com/paper/models-predicting-saturated-and-under-saturated-viscosity-1lipv751l9","2013","","","Khulud Rahuma
Elmahboub Edreder","","","In this work the idea was to apply literature models to predict viscosity of crude oils. Fifteen different oil samples from Libyan reservoirs have been used. Experimental data collected from the Libyan Petroleum Institute database. Supplementary data were collected from published literature. ChewConnally, Beggs-Robinson, Labedi, Kartoatmodjo and Schmidt, modified Kartoatmodjo, and Elsharkawy & Alikhan models have been investigated for saturated oil , while Beal , Vasquez and Beggs , Khan and Ali, Labedi ,Kartoatmodjo and Schmidt, and Elsharkawy & Alikhan have been used to undersaturated oil. The accuracy of models for investigated viscosity were applied to the acquired data set and a comprehensive error analysis was performed based on a comparison of the predicted value with the experimental value. The results obtained indicate, that modified Kartoatmodjo model is the best and accurate for saturated oil viscosity, while Beal’s model is the best for undersaturated oils. The less AARE % was calculated 23.9% for saturated oil, and 21.9 % for undersaturated oil. 1. OVERVIEW Viscosity is a strong function of the temperature, pressure, oil gravity, gas gravity, and gas solubility. Viscosity could be measured by two methods semi-theoretical which are derived from a theoretical framework, but involve parameters experimentally determined, or empirical, which include a wide variety of equations used throughout the industry. Empirical models can be classified to corrective, which is an experimental mixture data used for evaluation of model parameters, and predictive which is the properties of pure components are utilized. The viscosity is usually reported in standard PVT analyses. If laboratory data are not available, engineers may refer to published correlations, which usually vary in complexity and accuracy depending upon the available data. The viscosity of hydrocarbon mixtures and petroleum reservoir fluids is commonly measured by either the rolling ball viscometer or the capillary tube viscometer. In the rolling ball viscometer, the time required by the steel ball to travel through the fluid is correlated to its density and viscosity. Other nonconventional methods include the laser light scattering and the piezoelectric quartz crystal techniques. The objective of this study is to apply an accurate correlations to predict oil viscosity at various operating conditions. In the literature, several empirical correlations have been proposed for oil viscosity prediction (saturated, and undersaturated). Here, based on Libyan oil reservoirs data, accuracy of these correlations has been confirmed by comparing the obtained results of these correlations with experimental data for Libyan oil samples. Statistical analysis is the criteria adopted for the evaluation in this study.","In this paper, the authors applied literature models to predict viscosity of crude oils, and compared the accuracy of these correlations with experimental data for Libyan oil samples collected from the Libyan Petroleum Institute database."
"Modelling the effect of dissolved gases on the viscosity of heavy oils","https://scispace.com/paper/modelling-the-effect-of-dissolved-gases-on-the-viscosity-of-zfnwao02lj","1995","Journal Article","Chemical Engineering Research & Design","Adango Miadonye
B. Singh
S. S. Huang
Ranjan Srivastava
V.R. Puttagunta","","","The effect of dissolved gases on the viscosity of heavy oils has been modelled using a generalized correlation. The viscosity data for three heavy crude oils and crude oil-gas mixtures were obtained using a PVT-cell equipped with an on-line capillary tube viscometer. The measurements were conducted at various temperatures and pressures; and the viscosities calculated from the data using the Hagen-Poisseuille pipe flow equation. In this paper it is shown that the complex effect of three parameters, (temperature, pressure and dissolved gas concentration) on heavy oil viscosities can be accurately predicted by the correlation which requires only one viscosity measurement at a reference condition of 30°C and one atmosphere. The correlation has been found to be successful for the following range of conditions: temperature, 28°C to 110°C; pressure, 0.8 MPa g to 20.7 MPa g; and viscosity, 0.01 to 1.7 × 10 6 Pa s. The average absolute deviations obtained with measured and curve-fit values at 30°C are 10.4 per cent and 7.9 per cent, respectively","In this article, the effect of dissolved gases on the viscosity of heavy oils has been modelled using a generalized correlation, which requires only one visco-temperature measurement at a reference condition of 30°C and one atmosphere."
"Reliability Analysis on PVT Correlations","https://scispace.com/paper/reliability-analysis-on-pvt-correlations-5f5v5hjibx","1994","Proceedings Article","Europace","Giambattista De Ghetto
Marco Villa","10.2118/28904-MS","","This paper evaluates the reliability of the most common empirical correlations used for determining reservoir fluid properties whenever laboratory PVT data are not available: bubblepoint pressure, solution GOR, bubblepoint OFVF, isothermal compressibility, dead-oil viscosity, gas-saturated oil viscosity and undersaturated oil viscosity. The reliability of the correlations has been evaluated against a set of 195 crude oil samples collected from the Mediterranean Basin, Africa, the Persian Gulf and the North Sea. About 3700 measured data points have been collected and investigated. All measured data points are reported in the paper. For all the correlations, the following statistical parameters have been calculated: (a) relative deviation between estimated and experimental values, (b) average absolute percent error, (c) standard deviation. Oil samples have been divided into the following four different API gravity classes: extra-heavy oils for {degree}API {le} 10, heavy oils for 10 31.1. The best correlations both for each class and for the whole range of API gravity have been evaluated for each oil-property. The functional forms of the correlations that gave the best results for each oil property have been used for finding a bettermore » correlation with average errors reduced by 5--10%. In particular, for extra-heavy oils, since no correlations are available in literature (except of viscosity), a special investigation has been performed and new equations are proposed.« less","The functional forms of the correlations that gave the best results for each oil property have been used for finding a bettermore » correlation with average errors reduced by 5--10%."
"Current Approaches in Prediction of PVT Properties of Reservoir Oils","https://scispace.com/paper/current-approaches-in-prediction-of-pvt-properties-of-10syqfoh2c","2018","Journal Article","","Hajirahimova Mаkrufa
Aliyeva Aybeniz","10.18488/JOURNAL.79.2018.52.31.40","","PVT (pressure-volume-temperature) properties of reservoir fluids in the oil and gas industry constitute an integral part of the required data for a thorough study of the reservoir, optimally compilation of oil production and operation schemes. In the absence of PVT data that measured in laboratory conditions, empirical correlation is used to evaluate these properties. These correlations cannot be applied universally due to the differences of crude oil composition, the working condition of geographical and oil environment. In the article widespread correlations and models was investigated in the field of prediction of PVT properties of reservoir oil from different regions. Their accuracy and productivity was thoroughly analyzed too.","In this paper, widespread correlations and models were investigated in the field of prediction of pressure-volume-temperature (PVT) properties of reservoir fluids in the oil and gas industry."
"Laboratory and Theoretical investigations of Petroleum Reservoir Fluid Properties","https://scispace.com/paper/laboratory-and-theoretical-investigations-of-petroleum-y3f26j52i8m9","2022","Repository","","Yuqiang Wu","10.5281/zenodo.7321891","","Understanding the Pressure-Volume-Temperature (PVT) properties is very important to many kinds of petroleum determinations like calculations of reservoir fluid properties; expect the future performance, selection of enhanced oil recovery methods, and for production facilities design. Models for expecting reservoir fluid properties has been increased attention during last decade by knowing reservoir pressure and temperature, oil API gravity, and gas gravity. In general, PVT properties are obtained from laboratory experiments but in some cases In this study, complete PVT lab experiments were done and evaluated the most frequently used empirical black oil PVT correlations for application in the Middle East. Empirical PVT Correlations for the Middle East crude oil was compared as a function of commonly available PVT data. Correlations compared for: Bubble point pressure, solution gas oil ratio, oil formation volume factor, oil density, and oil viscosity. After evaluating the Empirical correlations, the crude sample was characterized using different EOS to arrive at one EOS model that accurately describes the PVT behavior of crude oil produced. The multi-sample characterization method is used to arrive at one consistent model for crude oil for the whole reservoir. The fluid sample is first analyzed for consistency to ensure that they are representative of oil produced, then it is used to obtain parameters for EOS model. The tuning procedure for the EOS is done systematically by matching the volumetric and phase behavior results with laboratory results. Results showed that some correlations give good results in PVT properties compared to the laboratory and can be used with Libyan oil, while some give a high percentage of error. ",""
"Laboratory and Theoretical investigations of Petroleum Reservoir Fluid Properties","https://scispace.com/paper/laboratory-and-theoretical-investigations-of-petroleum-eb2yzvvg","2022","Journal Article","","Mohamed Lamoj","10.54536/ajenr.v1i1.636","","Understanding the Pressure-Volume-Temperature (PVT) properties is very important to many kinds of petroleum determinations like calculations of reservoir fluid properties; expect the future performance, selection of enhanced oil recovery methods, and for production facilities design. Models for expecting reservoir fluid properties has been increased attention during last decade by knowing reservoir pressure and temperature, oil API gravity, and gas gravity. In general, PVT properties are obtained from laboratory experiments but in some cases In this study, complete PVT lab experiments were done and evaluated the most frequently used empirical black oil PVT correlations for application in the Middle East. Empirical PVT Correlations for the Middle East crude oil was compared as a function of commonly available PVT data. Correlations compared for: Bubble point pressure, solution gas oil ratio, oil formation volume factor, oil density, and oil viscosity. After evaluating the Empirical correlations, the crude sample was characterized using different EOS to arrive at one EOS model that accurately describes the PVT behavior of crude oil produced. The multi-sample characterization method is used to arrive at one consistent model for crude oil for the whole reservoir. The fluid sample is first analyzed for consistency to ensure that they are representative of oil produced, then it is used to obtain parameters for EOS model. The tuning procedure for the EOS is done systematically by matching the volumetric and phase behavior results with laboratory results. Results showed that some correlations give good results in PVT properties compared to the laboratory and can be used with Libyan oil, while some give a high percentage of error.","In this paper , the authors evaluated empirical black oil pressure-volume-temperature (PVT) correlations for application in the Middle East and compared them as a function of commonly available PVT data, including bubble point pressure, solution gas oil ratio, oil formation volume factor, oil density and oil viscosity."
"Mathematical Modelling of Oil Viscosity at Bubble point Pressure and Dead Oil Viscosity of Nigerian Crude","https://scispace.com/paper/mathematical-modelling-of-oil-viscosity-at-bubble-point-152yb18o2t","2019","Proceedings Article","","Yisa Adeeyo","10.2118/198770-MS","","
 Traditionally, reservoir engineering fluid flow calculations use viscosity data. However, in the absence of lab/experimental data other available derived correlations are used to predict the PVT property. Limit on the number of available data, regional peculiarity of the fluid, several viscosity correlations in the literature have limited accuracy and applicability. This study has developed predictive models using more than 2020 unpublished PVT data sets from different locations in Nigeria in rigorous nonlinear regression modelling. Different nonlinear algorithms, modified Newton-Raphson nonlinear least-square data fitting approach; Levenberg-Marquardt algorithm were used to develop new models for the estimation of the viscosity at the bubblepoint pressure and dead oil viscosity. The results of the performance of the model for viscosity at the bubblepoint show that the model provides better prediction with average absolute relative error of 21.06 and coefficient of correlation of 0.98 and the dead oil viscosity model shows a substantial improvement with average absolute relative error of 30.06 and coefficient of correlation of 0.90 over published correlations.","In this article, the authors developed predictive models using more than 2020 unpublished PVT data sets from different locations in Nigeria in rigorous nonlinear regression modelling, they used different nonlinear algorithms, modified Newton-Raphson nonlinear least-square data fitting approach; Levenberg-Marquardt algorithm were used to develop new models for the estimation of the viscosity at the bubblepoint pressure and dead oil viscoity."
"Characterization of heavy oils","https://scispace.com/paper/characterization-of-heavy-oils-39z0ufntm4","1993","Journal Article","Industrial & Engineering Chemistry Research","Evelyne Neau
Jean-Noël Jaubert
Marek Rogalski","10.1021/IE00018A027","","The PVT properties of petroleum oils were studied using a modified Peng-Robinson equation of state and a characterization procedure developed for this purpose. Experimental data on constant mass expansion and differential vaporization of petroleum fluids from different fields were used. It was shown that currently available experimental properties of petroleum cuts (densities, molecular weights and normal boiling temperatures) can be used to obtain satisfactory predictions of the PVT properties of crude oils. The present results were compared with those obtained by using the method proposed by Pedersen. Both methods gave good predictions of the liquid shrinkage curve and saturation pressures. The tank oil density was also predicted satisfactorily with the present model.","In this paper, the PVT properties of petroleum oils were studied using a modified Peng-Robinson equation of state and a characterization procedure developed for this purpose using experimental data on constant mass expansion and differential vaporization of petroleum fluids from different fields."
"A Correlation Approach for Prediction of Crude Oil PVT Properties","https://scispace.com/paper/a-correlation-approach-for-prediction-of-crude-oil-pvt-felzq707v2fc","","","","Mohammad Naghi Hemmati
Riyaz Kharrat","10.2523/104543-ms","","Up until now, no specific correlation has been developed to estimate PVT properties of Iranian crude oils, nor do existing correlations estimate these properties with efficient accuracy. In this paper, however, an attempt has been made to develop a number of correlations for Iranian crude oils, using about three hundred PVT reports. These correlations were developed for bubble point pressure, solution gas oil ratio (Rs), and oil formation volume factor (OFVF) at bubble point pressure. The data used to develop the correlations cover a wide range of reservoirs with oil gravity of 18.8 to 48.34 API°.It was found that the new correlations estimate PVT properties of Iranian crude oils much better than the published ones. The absolute average deviation for Pb, Bo, and Rs are 3.67%, 1.08%, and 4.07% respectively.The results show that PVT correlations can be placed in the following order with respect to their accuracy for Iranian crude oils:–Pb: Hemmati, Al-Marhoun3, Standing1, Hanafy4, Dindoruk5.–OFVF: Hemmati, Petrosky7, Standing1, Glaso2, Dokla6, Al-Marhoun3, Hanafy4.–Rs: Hemmati, Standing1, Al-Marhoun3, Dindorak5, Glaso2, Petrosky7.","This study develops correlations for predicting PVT properties (bubble point pressure, solution gas oil ratio, and oil formation volume factor) of Iranian crude oils with improved accuracy, outperforming existing correlations."
"Estimating Heavy Oil Fractions' Viscosity by Correlation Method","https://scispace.com/paper/estimating-heavy-oil-fractions-viscosity-by-correlation-tnvqi4rc71eu","","","","ZHOU Yong-chang
JIANG Tao","10.3969/j.issn.1671-7872.2006.01.010","","It is necessary to correlate the viscosity of heavy oil fractions with other characteristics because the viscosity is an important property in the calculation related to fluid flow and estimation of other physical properties.The available methods in the literature are less accurate at present.The new viscosity correlation with specific gravity,molecular weight and residue carbon is set up.The equation is fairly accurate to specific group of heavy oil fractions.","A new viscosity correlation method is proposed for heavy oil fractions, incorporating specific gravity, molecular weight, and residue carbon, offering improved accuracy for a specific group of heavy oil fractions compared to existing methods."
"New Pvt Correlations Applicable for Various Crude Oils","https://scispace.com/paper/new-pvt-correlations-applicable-for-various-crude-oils-56lxv2fiut","2014","","","Jawad Radhi
Rustum Al-Assal","","","This paper seeks to overcome the shortcomings of previous correlations work on physical properties (PVT) of various crude oils. More than eighty samples were collected from different sources in the literature","In this article, the shortcomings of previous correlations work on physical properties (PVT) of various crude oils were overcome by collecting more than eighty samples from different sources in the literature and comparing them."
"Improved PVT correlations for UAE crude oils","https://scispace.com/paper/improved-pvt-correlations-for-uae-crude-oils-4bdrt0alic","1997","Proceedings Article","","Reyadh A. Almehaideb","10.2118/37691-MS","","Current empirical correlations to evaluate crude oil PVT properties are based on data from different parts in the world and are more accurate for use with crudes from the same basins for which the data was correlated. Standing correlation, for example, used California crudes. Glaso's used North Sea crudes. Al-Marhoun's used Middle East crudes. Petrosky and Farshad used Gulf of Mexico crudes, and Dokla and Osman produced a correlation based on UAE offshore crude oil samples. A few other correlations were based on a very large number of samples from different regions. The most widely used of these is the Vasquez and Beggs correlation. The universal correlations, however, are less accurate than regional correlations, when they are available, because of the scatter involved by using a large number of data. The UAE fields are very significant and constitute around 10% of reserves worldwide. In this work, experimental PVT measurements from around 15 reservoirs located in the UAE were used to test the validity of commonly used PVT correlations. The data then was used to construct a new set of empirical correlations which were also tested against the experimental values. Results indicate that the new correlations reduced the error involved in estimating the bubble point pressures and the oil formation volume factor to within less than half the range of error associated with commonly used correlations when compared to experimental values. The physical properties correlated include the oil formation volume factor at the bubble point, the bubble point pressure, the oil compressibility (in order to get the oil formation volume factor above the bubble point pressure), and the oil viscosity at the bubble point and above the bubble point.","In this article, experimental PVT measurements from around 15 reservoirs located in the UAE were used to test the validity of commonly used PVT correlations, including the Vasquez and Beggs correlation."
"Review Of PVT Correlations For Crude Oils","https://scispace.com/paper/review-of-pvt-correlations-for-crude-oils-3qx460uvh2","2008","Journal Article","Global Journal of Pure and Applied Sciences","Sunday Sunday Ikiensikimama
Olu Ogboja","10.4314/GJPAS.V14I3.16816","https://scispace.com/pdf/review-of-pvt-correlations-for-crude-oils-3qx460uvh2.pdf","Reservoir fluid physical property values constitute an integral part of the data required for comprehensive study of the reservoir and for optimal design of oil recovery and production schemes. More specifically, Pressure-Volume-Temperature (PVT) data corresponding to the reservoir fluid are needed to validate the well test property and to provide meaningful interpretation. In the absence of laboratory measured PVT data, property correlations are used for property estimation. 
Various PVT correlations have been published over the years, which used data from limited geographical areas, sometimes assumed to be global and differing fluid characteristics. Because of variation in the crude compositions, geographical, and petrophysical conditions of the operating environments, these correlations cannot acclaim universal applicability. This paper attempts to give comprehensive review of existing PVT correlations and models in the literature, indicating geographical region, accuracies as well as the nature of these correlations. Using these correlations from other regions would have implications such as poor fluid property estimations, poor reservoir performance studies, as well as uncertainty in reserve estimations in the Niger Delta. Keywords : PVT Correlations, PVT Data, Reservoir Fluid Properties, Fluid Property Estimation Global Journal of Pure and Applied Sciences Vol. 14 (3) 2008: pp. 331-338","A comprehensive review of existing pressure-volume-temperature (PVT) correlations and models in the literature, indicating geographical region, accuracies as well as the nature of these correlations can be found in this article."
"Cold, Hot, or Dilute: Modeling the Viscosity of Heavy Oil for In Situ Processes","https://scispace.com/paper/cold-hot-or-dilute-modeling-the-viscosity-of-heavy-oil-for-gih8liezue","2013","","","Harvey W. Yarranton
Motahhari Hamed R","","https://cseg.ca/assets/files/resources/abstracts/2013/186_GC2013_Cold_Hot_or_Dilute.pdf","Summary Two methods (the Expanded Fluid model and the Modified Walther correlation) used for fitting and predicting the viscosity of heavy oil and solvents were assessed on a dataset including the viscosity and density of mixtures of bitumen and ethane, propane, butane, pentane, heptane, and carbon dioxide. Both correlations were adapted to determine crude oil viscosity based on C30+ GC assays. The methods provided order-of-magnitude viscosity estimates with no tuning and fit crude oil viscosity data to within 30% after tuning to a single dead oil experimental data point. The correlations also predicted the diluted bitumen viscosities to within 30% at temperatures from 20 to 180°C and pressures up to 10 MPa.","In this paper, the Modified Walther correlation and Expanded Fluid model were used for fitting and predicting the viscosity of heavy oil and solvents on a dataset."
"New viscosity correlations for dead crude oils","https://scispace.com/paper/new-viscosity-correlations-for-dead-crude-oils-jstdg9g3lj","2007","","","M. Sattarin
Hassan Modarresi
Mahdi Bayat
M. Teymori","","","Based on a non-linear regression method, using relatively a large set of experimental data, new comprehensive correlations for prediction of viscosity of the Iranian heavy and light dead crude oils have been developed. The new models correlate viscosity, °API gravity and temperature for a quite wide range, i.e. 2-570 cP for viscosity and 17-45 for °API gravity. Absolute average deviation (%AAD) of 19.5% and 15.3% are achieved for the heavy (°API=17~28) and light (°API=28~45) crude oils, respectively. A comparison with previous works reveals good prediction ability of the new correlations for the Iranian dead crude oils.","Based on a non-linear regression method, using relatively a large set of experimental data, new comprehensive correlations for prediction of viscosity of the Iranian heavy and light dead crude oils have been developed as mentioned in this paper."
"Modeling of viscosity and thermal conductivity of hydrocarbons based on equation of state","https://scispace.com/paper/modeling-of-viscosity-and-thermal-conductivity-of-3dnakw1f","2023","Proceedings Article","Software Engineering Environments","C. Sun
S.-X. Rong
G.-J. Chen
Tian-Min Guo","10.1615/see2000.690","","Based on the geometric similarity of P-V-T, T-&#956;-P and T-&#955;-P diagrams, viscosity (&#956;) and thermal conductivity (&#955;) models can be derived from an equation of state (EOS). The advantages of an EOS-based viscosity / thermal conductivity model are simple in form, applicable to both gas / liquid, high-pressure / low-pressure, and smooth phase transition of &#956; / &#955; in the near-critical region could be achieved. In this work, a modified version of the viscosity model based on Peng-Robinson (PR) EOS, and a newly established thermal conductivity model based on PR EOS were developed. Simple mixing rules were used for extension to mixtures. Extensive tests have been performed on pure hydrocarbons, carbon dioxide and nitrogen, hydrocarbon mixtures containing defined components as well as complex reservoir fluids. The comparison with those typical viscosity / thermal conductivity correlations currently adapted in the petroleum industry shows the superiority of the proposed models. ","In this article , a modified version of the viscosity model based on Peng-Robinson (PR) EOS and a newly established thermal conductivity model were developed, and extensive tests have been performed on pure hydrocarbons, carbon dioxide and nitrogen, hydrocarbon mixtures containing defined components as well as complex reservoir fluids."
"A New Approach For Predicting The Crude Oil Properties","https://scispace.com/paper/a-new-approach-for-predicting-the-crude-oil-properties-3sw3aowf5c","1997","Proceedings Article","","H.H. Hanafy
S. Macary
Y.M. ElNady
A.A. Bayomi
M.H. El Batanony","10.2118/37439-MS","","An accurate description of physical properties for crude oils is necessary for solving many of reservoir engineering and surface production operational problems. Ideally, crude oil properties are determined experimentally in the laboratory on actual fluid samples taken from the field under study. However, in the absence of experimentally measured crude oil properties, especially during the prospecting phase, or when only invalid samples are available, one can resort to empirically derived PVT correlations. During the last five decades, several correlations have been developed to estimate the crude oil properties. However, these correlations may be useful only in regional geological provinces and may not provide satisfactory results when applied to crude oils from other regions. The aim of this work is to derive and test new correlations to predict the fluid properties for Egyptian crudes including bubble point pressure, solution gas-oil-ratio, oil formation volume factor, oil compressibility, oil density, and oil viscosity. These correlations have been developed from the experimental PVT data of 324 fluid samples covering a wide range of crude oils ranging from heavy to volatile oils. The fluid samples have been taken from 176 wells located in 75 fields operated by 16 companies. This data represents 15 productive zones of 123 reservoirs distributed along three different regions of Egypt, including the Gulf of Suez, Western Desert, and Sinai. Sensitivity analysis indicated that the experimentally determined flash liberation gas-oil-ratio, which corresponds to the producing gas-oil-ratio, is the most correlative parameter with the bubble point pressure. Therefore the separator gas-oil ratio was used in this study as the key parameter for predicting the oil properties. The procedure for predicting the fluid properties using the new correlations is simple and straightforward. By starting with the separator gas-oil-ratio then going through good correlations between different pairs of fluid properties, one can obtain a complete set of PVT data for oil properties either at or above or below the bubble point pressure. Finally, this study compares the predicted properties from the new correlations and the commonly used empirical correlations by applying them to the experimental data base available for Egyptian crude oils.","In this article, the authors derived and tested new correlations to predict the fluid properties for Egyptian crudes including bubble point pressure, solution gas-oil-ratio, oil formation volume factor, oil compressibility, oil density, and oil viscosity."
"A neural network model and an updated correlation for estimation of dead crude oil viscosity","https://scispace.com/paper/a-neural-network-model-and-an-updated-correlation-for-18dd6l6z29","2012","Journal Article","Brazilian Journal of Petroleum and Gas","Ali Naseri
Seyed Hamidreza Yousefi
Alireza Sanaei
A. A. Gharesheikhlou","10.5419/BJPG2012-0003","http://www.portalabpg.org.br/bjpg/index.php/bjpg/article/download/212/186","Viscosity is one of the most important physical properties in reservoir simulation, formation evaluation, in designing surface facilities and in the calculation of original hydrocarbon in-place. Mostly, oil viscosity is measured in PVT laboratories only at reservoir temperature. Hence, it is of great importance to use an accurate correlation for prediction of oil viscosity at different operating conditions and various temperatures. Although, different correlations have been proposed for various regions, the applicability of the existing correlations for Iranian oil reservoirs is limited due to the nature of the Iranian crude oil. In this study, based on Iranian oil reservoir data, a new correlation for the estimation of dead oil viscosity was provided using non-linear multivariable regression and non-linear optimization methods simultaneously with the optimization of the other existing correlations. This new correlation uses API Gravity and temperature as an input parameter. In addition, a neural-network-based model for prediction of dead oil viscosity is presented. Detailed comparisons show that validity and accuracy of the new correlation and the neural-network model are in good agreement with large data set of Iranian oil reservoir when compared with other correlations.","In this paper, a new correlation for the estimation of dead oil viscosity was provided using non-linear multivariable regression and nonlinear optimization methods simultaneously with the optimization of the other existing correlations."
"New Compositional Models for Calculating the Viscosity of Crude Oils","https://scispace.com/paper/new-compositional-models-for-calculating-the-viscosity-of-54sp73y0w8","2003","Journal Article","Industrial & Engineering Chemistry Research","Adel M. Elsharkawy
Suad A. Hassan
Yousef S. Kh. Hashim
Mohamed A. Fahim","10.1021/IE0300631","","Crude oil viscosity is an important physical property that controls and influences the flow of oil through porous media and pipelines. Hence, it is the basis of many reservoir engineering and production system calculations. In the crude oil recovery and processing, viscosity is a significant parameter because a large amount of time and money are spent in experimental measurements of viscosity. This necessitates the development of reliable viscosity models capable of predicting crude oil viscosity and reduces the expensive and cumbersome experimental measurements. Because of the complexities and varied composition of crude oils, empirical models and other predictive tools cannot replace the laboratory measurements, even if the latter is costly. This paper presents new compositional models for estimating crude oil viscosity. The new models use fluid composition, temperature, and pressure to predict the oil viscosity. The models were derived from viscosity measurements of several crudes from the Middle East, the North Sea, and others. The accuracy of the proposed models has been compared to that for several empirical correlations, corresponding state models, and equation of state based viscosity models. The comparison shows the superiority of the new models over the other methods.","In this paper, the authors presented new compositional models for estimating crude oil viscosity using fluid composition, temperature, and pressure to predict the oil visco-temperature."
"Comparison of pvt correlations for predicting crude oil properties: the brazilian campos basin case study","https://scispace.com/paper/comparison-of-pvt-correlations-for-predicting-crude-oil-238l7xzbcp","2019","Journal Article","Brazilian Journal of Petroleum and Gas","P. V. Mangili
V. R. R. Ahón","10.5419/BJPG2019-0013","http://www.portalabpg.org.br/bjpg/index.php/bjpg/article/download/690/340","Pressure-Volume-Temperature correlations are essential for estimating the required parameters necessary for the identification of reservoir fluid properties when experimental laboratory data are not readily available. Although several models have been published for different oil fields, there is a lack of studies addressing the Brazilian pre-salt region. Hence, in this paper we compared twenty empirical correlations for the determination of the solution gas-oil ratio, oil formation-volume-factor, and under-saturated oil viscosity for Brazilian pre-salt oil samples collected from the Campos Basin region, originally evaluated by Elias and Trevisan (2016). From our statistical results, some models presented good estimation performances when compared to said reference’s results. In fact, through a statistical analysis, Al-Shammasi (2001)’s correlation proved to be the best estimation method for solution gas-oil ratio, whereas Al-Marhoun (1985) and Beal’s (1946) correlations were deemed the most accurate for the prediction of oil formation-volume-factor and under-saturated oil viscosity, respectively.","In this paper, the authors compared twenty empirical correlations for the determination of the solution gas-oil ratio, oil formation-volume-factor, and under-saturated oil viscosity for Brazilian pre-salt oil samples."
"The Oil Viscosity Correlations: A Simulation Approach","https://scispace.com/paper/the-oil-viscosity-correlations-a-simulation-approach-qqjxdcbwo8","2013","Journal Article","Petroleum Science and Technology","H. S. Naji","10.1080/10916466.2010.543723","","Over the years, different authors have proposed many oil viscosity correlations for various crude oil mixtures (dead, saturated, or undersaturated) from all over the world. Authors tend to support their own correlations, which are developed for specific sets of hydrocarbon mixtures. When tested on other data sets, however, they do not perform as anticipated. The authors considered a total of 13 undersaturated correlations for a sharp review from a simulation perspective. They came to the conclusion of supporting the use of undersaturated viscosity correlations that use the exponential parameterized pressure differential form. Thus a new fine tuning parameter, which sets a sound basis for local data sets to be accounted for, has been proposed.","In this paper, the authors considered a total of 13 undersaturated correlations for a sharp review from a simulation perspective, and came to the conclusion of supporting the use of undersaturated viscosity correlations that use the exponential parameterized pressure differential form."
"Modeling of Black Oil PVT-data","https://scispace.com/paper/modeling-of-black-oil-pvt-data-2swxjbm5cc","2014","Proceedings Article","","Klaus Potsch
P. Toplack
Thomas Gumpenberger","10.3997/2214-4609.20141793","","Reservoir engineers are in need of information about fluid properties of reservoir fluid before calculating reserves or production scenarios. Mature fields may require reviews of older data sets that are sometimes scarce. The so-called PVT properties (black oil or compositional) are generated in either an in-house or an external lab. Prior to their use, these data sets need to be checked for their correctness and consistency. Modelling with correlations for estimating some of the properties or equations of state (EOS) provides only limited insight. First, they are not applicable for each reservoir fluid. Due to the variety of chemical composition every fluid is unique. Secondly, the correlations are purely numerical, lack non-dimensionality and consider physics only to a limited extent. Black oils separate below saturation pressure into a vapour and a liquid phase. The gas phase, consisting predominantly of the lighter compo-nents, increases with decreasing pressure. In other words, the higher the pressure the more gas is in solution. It influences other quantities, like formation volume factor Bo, oil com-pressibility Cpo and oil viscosity µo. This paper analyzes how the components of the gas phase contribute to the PVT-properties mentioned. It is assumed that the light components assume a certain volume in the liquid phase which is dependent on temperature and pressure. Additionally, the shape of the heavier components plays a role. As the light and heavy molecules in the mixture try to assume a minimal volume, the conversion factor from the va-pour to the liquid volume of the light components varies to some degree. The parameters (conversion factors) necessary to model Bo, Cpo and µo are extracted from experimental data. Mathematically, it is a minimization problem where the variables need to be positive. The solution is sought with a simplex algorithm. Once the parameters are determined, an estimate of Bo, Cpo and µo can be calculated, and plausibility and consistency of lab PVT-data can be carried out. This approach provides a valuable tool for the reservoir engineer in assessing the quality of PVT-data.","In this paper, the authors analyzed how the components of the gas phase contribute to the PVT-properties mentioned and derived the parameters necessary to model Bo, Cpo and µo from experimental data."
"Calculation of heavy oil viscosity in high water cut stage","https://scispace.com/paper/calculation-of-heavy-oil-viscosity-in-high-water-cut-stage-462sfr5t8a","2018","Journal Article","Petroleum Science and Technology","Baozhi Pan
Yunfeng Zhu
Chanjuan Wang","10.1080/10916466.2017.1411949","","The commonly used heavy oil viscosity models are just for low water cut stage, but they have some limitations when the viscosity of other oil samples is calculated in high water cut stage, this pap...","The commonly used heavy oil viscosity models are just for low-water cut stage, but they have some limitations when the viscosities of other oil samples is calculated in high water cut stage as discussed by the authors."
"Heavy oil viscosity and density prediction at normal and elevated temperatures","https://scispace.com/paper/heavy-oil-viscosity-and-density-prediction-at-normal-and-4kmq8v2cle","2016","Journal Article","Journal of Petroleum Exploration and Production Technology","Osamah Alomair
Mohammad A. Jumaa
Abullhaq Alkoriem
Mohamed S. Hamed","10.1007/S13202-015-0184-8","https://scispace.com/pdf/heavy-oil-viscosity-and-density-prediction-at-normal-and-4kmq8v2cle.pdf","Viscosity and density are important physical properties of crude oil. However, no practical theory exists for the calculation of these properties for heavy oil at elevated temperatures. The principal objective of this paper is to obtain exact models that can successfully predict these two important fluid properties covering a wide range of temperatures. In this study, heavy oil density was predicted from API and temperature, and then the predicted values of the densities were used in the second step to develop the viscosity correlation. A total of 30 heavy oil samples of different API gravities ranging from 11.7 to 18.8 were tested. Viscosity and density were measured in the temperature range from 20 to 160 °C. The accuracy of the experimental density data was determined using Standing and Katz method. Published correlations were also used to evaluate the experimental viscosity data. The comparison between the experimental data and the predicted values indicated that the proposed model successfully predicted the experimental data with an average absolute relative error of less than 8 % and correlation coefficients (R
 2) of 0.97 and 0.92 at normal and high temperatures, respectively. The proposed model and the literature models were tested on heavy oil samples. It was found that it is not possible to generalize a correlation for the heavy oil viscosity using only API and temperature. However, the proposed model significantly minimizes the relative error and increases the correlation between the predicted and experimental data compared with other published methods.","In this article, the authors used the standing and Katz method to predict the viscosity and density of heavy oil at elevated temperatures, and then used the predicted values of the densities in the second step to develop the visco-temperature correlation."
"New Empirical Correlations for Predicting Crude Oil Properties","https://scispace.com/paper/new-empirical-correlations-for-predicting-crude-oil-429f94kihf","2011","Journal Article","Petroleum Science and Technology","M. H. Nikpoor
Hamid Hosseinzade Khanamiri","10.1080/10916460903585964","","Pressure–volume–temperature (PVT) properties of crude oil are essential parameters used for prediction of fluid flow both in porous media and through transmission pipelines. Whenever laboratory works are absent, the engineer should use regionally developed correlations. A large portion of all crude oil resources is located in the Persian Gulf countries, and they have more or less similar API ranges and acidities, so that any empirical PVT correlation based on data from one region can adequately predict the behavior of others in this large geological basin. In this study, a new set of black oil–type correlations for bubble point pressure (Pb), solution gas–oil ratio (GOR; Rs), and formation volume factor (Bo) is proposed based on more than 400 Iranian crude oil PVT lab data. Moreover, previous works were reviewed, most of which were not suitable to model Iranian crude PVT behavior. Although the new correlations are developed over Iranian crudes, they can be used for prediction over any crude oil w...","In this paper, a new set of black oil-type correlations for bubble point pressure (Pb), solution gas-oil ratio (GOR; Rs), and formation volume factor (Bo) is proposed based on more than 400 Iranian crude oil PVT lab data."
"Improved Correlations for Fluid Properties of UAE Crude Oils","https://scispace.com/paper/improved-correlations-for-fluid-properties-of-uae-crude-oils-4qnh6i4nor","2003","Journal Article","Petroleum Science and Technology","Reyadh A. Almehaideb","10.1081/LFT-120024563","","Empirical correlations to evaluate crude oil fluid properties such as the formation volume factor, bubble point, viscosity, and oil compressibility above the bubble point are used extensively by petroleum and process engineers to perform calculations for subsurface and surface processes. The published correlations are mostly based on regional data, such as Standing's for California crudes, Petrosky and Farshad's for Gulf of Mexico crudes, and Glaso's for North Sea crudes. Use of these regional correlations is more appropriate for crudes from the same basins for which the correlation is derived. Other correlations, such as the Vasquez and Beggs correlation, are based on data from a very large number of samples coming from multiple regions. Eventhough one is tempted to use these “universal” correlations, the range of error for their predictions is, however, typically large due to the scatter involved in using a large number of data sets to generate these correlations. The UAE fields are quite signi...","In this paper, the authors used these regional correlations to evaluate crude oil fluid properties such as the formation volume factor, bubble point, viscosity, and oil compressibility above the bubble point."
"Modeling the viscosity of Middle-East crude oil mixtures","https://scispace.com/paper/modeling-the-viscosity-of-middle-east-crude-oil-mixtures-16e4zh5wph","1993","Journal Article","Industrial & Engineering Chemistry Research","Birbal Singh
Adango Miadonye
V. Rao Puttagunta","10.1021/IE00021A044","","A correlation is presented for predicting the effect of temperature and pressure on kinematic viscosity of crude oil mixtures. The correlation is demonstrated to be capable of modeling the viscosities of binary and ternary crude oil mixtures of the Middle East. The overall average absolute deviations obtained with the correlation are 3.8% and 2.7% for binary and ternary mixtures, respectively. The correlation is simple and convenient to use, and the predictions are based on a single viscosity measurement on the dead oil","In this paper, a correlation is presented for predicting the effect of temperature and pressure on kinematic viscosity of crude oil mixtures, and the correlation is demonstrated to be capable of modeling the viscosities of binary and ternary mixtures of the Middle East."
"New PVT Correlations Based on Libyan Crudes for Predicting Fluid Physical Properties","https://scispace.com/paper/new-pvt-correlations-based-on-libyan-crudes-for-predicting-2as6027bro","2016","Journal Article","","Khazam M
Shlak M
Alkhaboli M","10.4172/2472-0518.1000122","","PVT properties are very important in reservoir and production engineering analyses such as material balance calculations, well testing, reserve estimation, inflow performance, production operations and design of surface facilities. New empirical PVT correlations have been developed for Libyan crudes with reliable degree of accuracy. These include; bubble point pressure (Pb), oil formation volume factor (Bo), gas solubility (Rs), stock tank oil molecular weight (Mwt), dead oil viscosity (μod), saturated oil viscosity (μob), under-saturated oil viscosity (μo), and oil compressibility (Co). Around 300 PVT samples collected exclusively from Libya, mainly Sirte, Ghadames and Murzuq basins, were used in our study to develop the above PVT correlations and covered wide range of API gravity (26 to 51°API) and reservoir temperature (100 to 313°F) normally found in Libyan reservoirs. Minitab regression tool was extensively used in our study to develop the PVT correlations and to statistically appraise them against the industry published correlations. The new proposed PVT correlations have demonstrated much better performance compared to the industry published correlations when tested for Libyan crudes. Also, Artificial Neural Network (ANN) models have been developed for Libyan PVT properties predictions. The models show acceptable accuracy and generally are more accurate than the empirical correlations.","In this article, new empirical PVT correlations have been developed for Libyan crudes with reliable degree of accuracy, which are very important in reservoir and production engineering analyses such as material balance calculations, well testing, reserve estimation, inflow performance, production operations and design of surface facilities."
"Using Intelligent Methods and Optimization of the Existing Empirical Correlations for Iranian Dead Oil Viscosity","https://scispace.com/paper/using-intelligent-methods-and-optimization-of-the-existing-717vbn7oc8","2017","Journal Article","Journal of Chemical and Petroleum Engineering","Kamyar Movagharnejad
Soraya Ghanbari","10.22059/JCHPE.2017.60500","https://jchpe.ut.ac.ir/article_60500_887150c099a1d9c7fe6071a37eaf6f0b.pdf","Numerous empirical correlations exist for the estimation of crude oil viscosities. Most of these correlations are not based on the experimental and field data from Iranian geological zone. In this study several well-known empirical correlations including Beal, Beggs, Glasso, Labedi, Schmidt, Alikhan and Naseri were optimized and refitted with the Iranian oil field data. The results showed that the Beal and the Labedi methods were not suitable for estimation of the viscosity of the Iranian crudes, while the Beggs, Glasso and Schmidt methods gave reasonable results. The Naseri’s correlation and their present method proved to be the best classical methods investigated in this study. Two new intelligent methods to predict the viscosity of Iranian crudes have also been introduced. The study also showed that the neural network and SVM give much better results comparing to classical correlations. It is claimed that this study may provide more exact results for the prediction of Iranian oil viscosity.","In this paper, several well-known empirical correlations including Beal, Beggs, Glasso, Labedi, Schmidt, Alikhan and Naseri were optimized and refitted with the Iranian oil field data."
"Una Contribución para el Modelado de Viscosidad de Petróleo Pesado en Condiciones de Operación de Pozo","https://scispace.com/paper/una-contribucion-para-el-modelado-de-viscosidad-de-petroleo-4q4i5e9jjv","2024","Journal Article","Ciencia latina","David Reyes González
David Arroyo Acosta
Guadalupe Rodríguez Martínez
Yodaira Borroto Pentón","10.37811/cl_rcm.v8i1.9747","","Este trabajo propone una nueva contribución de modelado entre la viscosidad del petróleo pesado y las condiciones de producción, en condiciones de aceite saturado y bajosaturado. El rango de aplicación está para aceites entre 10 y 21 °API. La dependencia de la viscosidad se establece con °API, relación de solubilidad, presión y temperatura para la región de aceite bajosaturado y la viscosidad del aceite muerto, presión y temperatura para la región de aceite saturado. Se utiliza una base de datos de 230 puntos experimentales de viscosidad y condiciones de producción de petróleo pesado. La base de datos se divide en dos grupos: bajosaturado y saturado, luego cada región se linealiza por la suposición de comportamiento logarítmico de los datos. El modelo matemático propuesto se obtiene en un procedimiento de dos etapas. Primero, se obtiene una correspondencia entre viscosidad y presión mediante un método de mínimo cuadrado modificado (MLSM), por sus siglas en inglés. La segunda etapa considera establecer una correlación entre el coeficiente independiente de MLSM y las condiciones de producción mediante el uso de una Regresión Lineal Múltiple. La correlación propuesta muestra buena concordancia con los datos experimentales. El error porcentual absoluto medio de hasta el 7% se informa para la región saturada, y para la región del bajosaturado, los valores de viscosidad calculados tienen una diferencia de hasta 1 cP a viscosidades más bajas y un Error Porcentual Absoluto Medio de hasta 5% a viscosidades más altas.","Un modelo matemático para predicer la viscosidad de petróleo pesado en condiciones de operación de pozo. El modelo se basa en una base de datos de 230 puntos experimentales y considera el comportamiento logarítmico de los datos. La precisión del modelo es de hasta el 7% para la región saturada y hasta el 5% para la región de bajosaturado."
"Generalized regression neural network - a better predictive tool for estimating pvt properties of niger delta crude oils","https://scispace.com/paper/generalized-regression-neural-network-a-better-predictive-2bee6shm3i","2014","","","Afoama Ebuka Godwin
Basil Ogbunude
Igwilo Kevin","","","PVT properties such as Bubble-point Pressure, Viscosity and Oil Formation Volume Factor, are very important in reservoir engineering computations and analyses. This makes their accurate determination necessary. Ideally, these properties are obtained from Laboratory analysis on crude samples. However, often these measurements are either not available or very costly to obtain. Standard PVT Experiments could cost hundreds of thousands of dollars and there are bigger costs in terms of facility sizing and performance predictions in the face of inaccurate PVT measurements. As an alternative, different correlations have been established from a range of PVT data to predict these important properties however the uncertainty in the predicted property depends on the accuracy of the correlations used. Different correlations have been developed for estimating the PVT properties of Crude Oil samples using linear, non-linear or graphical means. However each correlation was developed for a certain range of reservoir fluid characteristics and geological setting with similar fluid compositions. Thus, these correlations would not be accurate when applied in different fluid and geological settings. Artificial Neural Network (ANN) models once successfully trained offer a better alternative to obtain reliable results for the determination of crude oil PVT properties. Also, its ability to continuously improve its prediction through the enrichment of its training dataset thus reducing its average percentage error has made this tool widely applicable even in the Oil and Gas industry. The objective of this work is to develop a Generalized Regression Neural Network (GRNN), training the network with PVT properties from crude samples in Niger Delta to predict the Oil Formation Volume Factor (Bob) and Bubble-point Pressure (Pb). A detailed comparative study between the performance of the GRNN against a basic ANN model and other published correlations are presented for these Niger Delta Crude Oil Samples. Also trend analyses were performed to check the behavior of the predicted Bo and Pb for any change in reservoir temperature, gas-oil ratio, gas gravity and oil gravity.","In this paper, a Generalized Regression Neural Network (GRNN) was used to predict Bubble-Point Pressure (BP), Viscosity and Oil Formation Volume Factor (BOF) from crude samples in the Niger Delta."
"Improved Correlations and Predictive Models for Nigerian Crude Oil Pvt Properties Using Advanced Regression and Intelligent Techniques","https://scispace.com/paper/improved-correlations-and-predictive-models-for-nigerian-4849nd62qq","2020","Proceedings Article","","Kingsley Uzogor
Oluwatoyin Akinsete","10.2118/203658-MS","","Calculating reserves in an oil reservoir and also the determination of its performance and economics needs a sound knowledge of the fluids’ physical properties. Bubblepoint pressure, Oil FVF at bubblepoint, solution GOR and compressibility are of primary importance in material balance calculation. Ideally, the laboratory measurements of PVT properties are the primary sources of PVT data gotten from laboratory studies of the samples collected from the wellbore or from the surface. However, such experimental data are not always available mainly due to unreliability of the data from samples or that samples have not been taken as a result of cost saving as the operation can be quite expensive. It therefore became pertinent to be able to predict these properties in the absence of the experimental data. Several correlations have been developed to enhance this prediction but, unfortunately, these correlations are highly region dependent and rarely works well in different regions since they were developed with data from particular regions.The objective of this study is to develop better performance correlations and predictive models for the Nigerian crude oil PVT properties using linear and non-linear multivariate regression techniques and supervised machine learning techniques. This study focuses on predicting bubblepoint pressure, Pb, oil formation volume factor at bubblepoint, Bob, and solution gas-oil ratio, Rs, as functions of the reservoir temperature and the oil and gas gravities.In this study, evaluation and tuning/recalculation of coefficients (using linear and non-linear regression analysis) of some of the best PVT correlations to estimate the desired PVT parameters and employing the KNN and the Random Forest algorithms to develop better PVT models for the Niger Delta region, were performed. After adequate pre-processing, the gathered dataset was divided into training and test datasets by random sampling. Average absolute Relative Error, Root Mean Square Error and the Correlation coefficient, R are the main loss functions employed to evaluate and compare the developed models with the conventional correlations.The new models showed much better performance as regards the Niger Delta crude PVT properties. With respect to the best performing conventional correlations for the Nigerian crude, the new models decreased the RMSEs by 72%, 61.1% and 83% and increased the correlation coefficients by 35%, 7.2% and 26.9% for the bubblepoint, oil formation volume factor and solution gas-oil ratio respectively.","In this paper, the authors developed better performance correlations and predictive models for the Nigerian crude oil PVT properties using linear and non-linear multivariate regression techniques and supervised machine learning techniques."
"Calculation of heavy oil viscosity based on an Arrhenius model","https://scispace.com/paper/calculation-of-heavy-oil-viscosity-based-on-an-arrhenius-1aw8f34abm","2017","Journal Article","Petroleum Science and Technology","Yonghui Liu
Shuqiang Shi
Yongqing Wang
Feng Yibo
Luo Chengcheng","10.1080/10916466.2017.1305401","","The commonly used heavy oil viscosity models are considered as the function of temperature, API, and colloid asphalt. Some of the published correlations are just for one oil field or a region, but they have some limitations when the viscosity of other oil samples is calculated. Even these multi-parameter models cannot be used in the absence of API or colloid asphalt content data. This paper presents a new and simple method to predict the viscosity of heavy oil based on the Arrhenius model, which only needs to measure the viscosity of heavy oil under the temperature condition of 50°C. This method can predict the viscosity in the absence of API or colloid asphalt content data. A total of 31 heavy oil samples were collected from published literature works to test the accuracy and reliability of the new method and other eight classical models. The new method can predict the viscosity with an average relative error of 2.37% and an average absolute error of 8.43%. Compared with the commonly used model, ...","In this paper, the authors proposed a new and simple method to predict the viscosity of heavy oil based on the Arrhenius model, which only needs to measure the visco-temperature of the heavy oil under the temperature condition of 50°C."
"Assessment of the Common PVT Correlations in Iraqi Oil Fields","https://scispace.com/paper/assessment-of-the-common-pvt-correlations-in-iraqi-oil-3jqea6vf","2022","Journal Article","مجلة البحوث و الدراسات النفطية","Mohammed Q. Abd Talib
Mohammed S. Al-Jawad","10.52716/jprs.v12i1(suppl.).623","https://scispace.com/pdf/assessment-of-the-common-pvt-correlations-in-iraqi-oil-3jqea6vf.pdf","Pressure volume temperature (PVT) analysis is the process of determining the fluid behaviors and properties of oil and gas samples from an existing well. Normally, PVT properties are experimentally measured in the laboratory. However, the absence of PVT measurement negatively impacts the application of many petroleum engineering calculations such as reserves estimation, material balance, reservoir simulation, production equipment design, and optimization of well performance. 
In this work, we developed a program using VBA and MS EXCEL to compare between the collected measurements of PVT properties that were collected from 41 Iraqi oil cruds and the values obtained from the correlations. After the comparison process, we chose the correlation that have the close values to the PVT measurements that were collected previously. 
This type of study, in which we compare the results of existing literature correlations to the measured value in a laboratory for a specific country or location, has been conducted in a number of countries, including Kuwait, the United Arab Emirates, and Egypt, but not in Iraq, which is where the value of this study lies. 
A total of 92 correlations were involved in this study including, (19) Bubble point pressure, (10) gas-oil ratio, (20) oil FVF, (10) saturated Viscosity, (3) density at bubble point, (7) undersaturated oil compressibility, (12) dead viscosity, (3) undersaturated oil FVF, (8) undersaturated viscosity. 
Over all,  the best performance was obtained using the “Elsharkawy and Alikhan [1] “correlation for ( Pb, Rs, Bo) , “Standing [2]” correlation for Density at bubble point , “Almehaideb [3]” for below bubble point viscosity , “Labedi [4]” for Dead viscosity, “Al-Marhoun [5]” for above bubble point oil FVF, “Standing [2]” for above bubble point oil compressibility, “Petrosky and Farshad [6]” for above bubble point viscosity, based on consistently low values of (AAPE) and (RMS) and cross plot.","In this article , the authors developed a program using VBA and MS EXCEL to compare between the collected measurements of PVT properties that were collected from 41 Iraqi oil cruds and the values obtained from the correlations."
"Experimental measurement and modeling of saturated reservoir oil viscosity","https://scispace.com/paper/experimental-measurement-and-modeling-of-saturated-reservoir-2s0wi1ggk5","2014","Journal Article","Korean Journal of Chemical Engineering","Abdolhossein Hemmati-Sarapardeh
Abdolhossein Hemmati-Sarapardeh
Seyed-Mohammad-Javad Majidi
Behnam Mahmoudi
Ahmad Ramazani S.A
Amir H. Mohammadi","10.1007/S11814-014-0033-3","https://scispace.com/pdf/experimental-measurement-and-modeling-of-saturated-reservoir-2s0wi1ggk5.pdf","A novel mathematical-based approach is proposed to develop reliable models for prediction of saturated crude oil viscosity in a wide range of PVT properties. A new soft computing approach, namely least square support vector machine modeling optimized with coupled simulated annealing optimization technique, is proposed. Six models have been developed to predict saturated oil viscosity, which are designed in such a way that could predict saturated oil viscosity with every available PVT parameter. The constructed models are evaluated by carrying out extensive ex- perimental saturated crude oil viscosity data from Iranian oil reservoirs, which were measured using a ""Rolling Ball viscometer."" To evaluate the performance and accuracy of these models, statistical and graphical error analyses were used simultaneously. The obtained results demonstrated that the proposed models are more robust, reliable and efficient than existing techniques for prediction of saturated crude oil viscosity.","In this paper, the least square support vector machine (SVM) was used to predict saturated crude oil viscosity in a wide range of PVT properties, and six models were designed in such a way that could predict saturated oil viscoities with every available PVT parameter."
"Viscosity\nModeling of Heavy Crude Oil Using the Friction\nTheory Combined with PC-SAFT","https://scispace.com/paper/viscosity-nmodeling-of-heavy-crude-oil-using-the-friction-npqva69glz42","2023","Repository","","","10.1021/acs.energyfuels.3c01405.s001","","Small changes in temperature or pressure can lead to\ncrude oil\nphase separation and multiple orders of magnitude change in viscosity.\nThe one-parameter friction theory framework using the SARA-based method\nwith the perturbed-chain statistical association fluid theory (PC-SAFT)\nEoS has proven to have high accuracy in viscosity predictions of light\noil. However, it failed for heavy crude oil. In this work, the above\nmodel is modified in two aspects to enhance the accuracy of heavy\ncrude oil viscosity prediction: to include the effect of asphaltene\npolydispersity and to include the temperature effect to the friction\ntheory parameter. The average absolute relative deviation of the four\nstudied heavy oils is reduced by 16.81, 24.26, 97.31, and 87.75% compared\nto the one-parameter f-theory SARA-based PC-SAFT model. The f-theory\nparameter &lt;i&gt;K&lt;/i&gt;&lt;sub&gt;c&lt;/sub&gt; is modified as a function\nof temperature fitted to the viscosity at normal temperature and pressure.\nFollowing the simplicity of the expansion of the method, it is recommended\nto use this methodology when dealing with heavy crude oils such as\nthose with viscosity more than 20,000 cP at 25 °C. ",""
"Viscosity Reduction of Heavy Crude Oil by Dilution Methods: New Correlations for the Prediction of the Kinematic Viscosity of Blends","https://scispace.com/paper/viscosity-reduction-of-heavy-crude-oil-by-dilution-methods-336odwb2vo","2019","Journal Article","Iranian Journal of Oil and Gas Science and Technology","Saeed Mohammadi
Mohammad Amin Sobati
Mohammad Taghi Sadeghi","10.22050/IJOGST.2018.97887.1405","https://ijogst.put.ac.ir/article_55719_47d1c328365b2d960c0e21ccafe21eaf.pdf","Dilution is one of the various existing methods in reducing heavy crude oil viscosity. In this method, heavy crude oil is mixed with a solvent or lighter oil in order to achieve a certain viscosity. Thus, precise mixing rules are needed to estimate the viscosity of blend. In this work, new empirical models are developed for the calculation of the kinematic viscosity of crude oil and diluent blends. Genetic algorithm (GA) is utilized to determine the parameters of the proposed models. 850 data points on the viscosity of blends (i.e. 717 weight fraction-based data and 133 volume fraction-based data) were obtained from the literature. The prediction result for the volume fraction-based model in terms of the absolute average relative deviation (AARD (%)) was 8.73. The AARD values of the binary and ternary blends of the weight fraction-based model (AARD %) were 7.30 and 10.15 respectively. The proposed correlations were compared with other available correlations in the literature such as Koval, Chevron, Parkash, Maxwell, Wallace and Henry, and Cragoe. The comparison results confirm the better prediction accuracy of the newly proposed correlations.","In this article, new empirical models are developed for the calculation of the kinematic viscosity of crude oil and diluent blends using genetic algorithm (GA) to determine the parameters of the proposed models."
"Analysis on PVT test and empirical formula of Bohai heavy oil with different types of dissolved gases","https://scispace.com/paper/analysis-on-pvt-test-and-empirical-formula-of-bohai-heavy-2y5cwe9zbj","2020","Journal Article","Journal of Petroleum Exploration and Production Technology","Yigang Liu
Yuan Yingzhong
Fayuan Zhou
Zhilin Qi
Wei Zhang
Hua Zhang
Qiuxia Wang","10.1007/S13202-020-00973-7","https://scispace.com/pdf/analysis-on-pvt-test-and-empirical-formula-of-bohai-heavy-2y5cwe9zbj.pdf","Accurate prediction of PVT properties of heavy oil system is of great significance to the design of injection–production parameters and dynamic analysis of multi-thermal fluid stimulation in heavy oil reservoir. The saturation pressure and viscosity of Bohai heavy oil system at different temperature and different gas oil ratio conditions were tested and analyzed. The functional relations of regression equations for saturation pressure and viscosity are constructed based on classical PVT correlations, but the parameters in the equations different from classical correlations are obtained from present experiment test data with multiple regression method. The empirical formula analysis results indicate that the 2-parameter equation can almost completely fit the experimental data, but its application scope is narrow. Although the 4-parameter equation has an extensive adaptability, its fitting accuracy is very low. The 3-parameter equation can not only better fit the saturation pressure and viscosity of heavy oil for the same gas under different dissolved gas oil ratios and different temperatures, but also has a wide application range. It is recommended to use the 3-parameter equation for physical property analysis and calculation of heavy oil. The research results provide a basis for the accurate prediction of heavy oil PVT parameters.","In this article, the functional relations of regression equations for saturation pressure and viscosity are constructed based on classical PVT correlations, but the parameters in the equations different from classical correlations are obtained from present experiment test data with multiple regression method."
"Evaluation of empirically derived PVT properties for Gulf of Mexico crude oils","https://scispace.com/paper/evaluation-of-empirically-derived-pvt-properties-for-gulf-of-g0v9dgdt3s","1990","Journal Article","Spe Reservoir Engineering","Robert P. Sutton
F.F. Farshad","10.2118/13172-PA","","This paper evaluates several empirical PVT correlations for application in the Gulf of Mexico. Ideally, fluid properties are determined experimentally in the laboratory; however, these data are not always available. Correlations are consequently used to determine values for bubblepoint pressure, solution GOR, FVF, and viscosity. These values are necessary to compute oil reserves or for calculations involving flow through pipes or porous media. A review of the correlations is provided, along with the results of calculations made on 31 individual crude oil samples.","In this article, empirical PVT correlations for application in the Gulf of Mexico were evaluated and a review of the correlations was provided, along with the results of calculations made on 31 individual crude oil samples."
"A new correlation for prediction of undersaturated crude oil viscosity","https://scispace.com/paper/a-new-correlation-for-prediction-of-undersaturated-crude-oil-2jic837bjm","2010","","","Reza Abedini
Ali Abedini
Nesarak Eslamiyakhforouzan","","","Viscosity is one of the most important governing parameters of the fluid flow, either in the porous media or in pipelines. So it is of great importance to use an accurate correlation to calculate the oil viscosity at various operating conditions. Whenever laboratory data are obtained, efforts are made to find a best-fit correlation, because demand for mathematical equation of fluid flow for reservoir simulation, pressure traverse calculation and so on compel the person to use empirical and semi-empirical correlations to find viscosity at various points of the flow path (along which T, P, Rs and other parameters may vary). In the literature, several empirical correlations have been proposed for predicting undersaturated oil viscosity. Here, based on Iranian oil reservoirs data; new correlation has been developed for prediction of undersaturated oil viscosity. Validity and accuracy of this correlation has been confirmed by comparing the obtained results of this correlation and other ones with experimental data for Iranian oil samples. Checking the results of this correlation shows that the obtained results of Iranian oil viscosities in this work are in agreement with experimental data compared with other correlations.","In this article, a new correlation has been developed for predicting undersaturated oil viscosity based on Iranian oil reservoirs data, and the obtained results of this correlation are in agreement with experimental data compared with other correlations."
"Rigorous model for determination of PVT properties of crude oil in operational conditions","https://scispace.com/paper/rigorous-model-for-determination-of-pvt-properties-of-crude-1ni56zlbeg","2019","Journal Article","Energy Sources Part A-recovery Utilization and Environmental Effects","Narjes Nabipour
Alireza Baghban","10.1080/15567036.2019.1677823","","The different tasks of petroleum engineers such as well testing and simulation are highly function of reservoir fluids properties so the accuracy of these properties can affect the oil recovery. So...","The different tasks of petroleum engineers such as well testing and simulation are highly function of reservoir fluids properties so the accuracy of these properties can affect the oil recovery as discussed by the authors. But the accuracy can also be a function of the reservoir fluid properties."
"Adaptability of Equation of State and Viscosity Model to Bohai Crude Oil","https://scispace.com/paper/adaptability-of-equation-of-state-and-viscosity-model-to-8ir96sy03c","2020","Book Chapter","","Hao Wu","10.1007/978-981-16-0761-5_111","","Equation of state (EOS) and viscosity model are two important tools when dealing with fluid phase behavior and viscosity variation while pressure change. The common EOS used in reservoir engineering are Soave-Redlich-Kwong (SRK) and Peng-Robinson (PR) and the common viscosity model are Lorentz-Bray-Clark (LBC) and Pedersen. The adaptability of equations varies among different area. This paper analyzed the matching results of different EOS and viscosity models with an African crude oil and Bohai crude oil. The result shows that the African crude oil data can get a better match. Both PR3 and SRK3 EOS can match the experiment data. The Pedersen viscosity model has higher prediction and matching accuracy than LBC. While for Bohai crude oil, no matter light or heavy, EOS cannot match the GOR curve. LBC viscosity model has more matching accuracy than Pedersen. LBC viscosity model is more suitable for gradually changing viscosity curve. It is hard to capture the abrupt viscosity change while the pressure goes down. Pedersen model can capture this behavior, however, it has lower accuracy for smooth viscosity curve with gradual viscosity change. These understanding can help increase the PVT matching accuracy of Bohai crude oil, better understand the physical behavior, and improve the PVT experiment data analysis.","In this paper, the authors analyzed the matching results of different EOS and viscosity models with an African crude oil and Bohai crude oil, and showed that the Pedersen model has higher prediction and matching accuracy than the Lorentz-Bray-Clark model."
"Eyring-Theory-Based Model To Estimate Crude Oil Viscosity at Reservoir Conditions†","https://scispace.com/paper/eyring-theory-based-model-to-estimate-crude-oil-viscosity-at-3oh5oiu9g5","2009","Journal Article","Energy & Fuels","Ricardo Macías-Salinas
C. Duran-Valencia
Simón López-Ramírez
Christian Bouchot","10.1021/EF8003015","","The well-known absolute reaction rate theory of Eyring was successfully extended to the accurate estimation of crude oil viscosities over a wide pressure range: from dead to live oil conditions. Two simple cubic equations of state (Soave or Peng−Robinson) were incorporated into the viscosity model to calculate all of the thermodynamic properties required within the Eyring’s modeling framework. Satisfactory density and viscosity representations of various crude oils (with low-to-moderate molar masses) were achieved by using two tuning parameters valid over a wide pressure range.","In this article, the absolute reaction rate theory of Eyring was successfully extended to the accurate estimation of crude oil viscosities over a wide pressure range: from dead to live oil conditions."
"Rheological Characterisation of Heavy Oil and Impact on its Production Enhancement","https://scispace.com/paper/rheological-characterisation-of-heavy-oil-and-impact-on-its-dt73q29w2o","2011","Journal Article","Advanced Materials Research","Amol Bali
Babs Oyeneyin
Ebenezer Adom","10.4028/WWW.SCIENTIFIC.NET/AMR.367.393","","Criticality of rheology for heavy oil recovery is the main purpose of this paper supported by different results. The Bingham Plastic, Power Law and Herschel Bulkley rheological models have been adopted for the purpose of this paper. Rheological characterisation was carried out for different temperatures. Rheological behaviour of non-Newtonian heavy oil for different shear rates is analysed in this paper. Effective shear and bulk viscosities for different flow rates are compared for all rheological models. Using the horizontal well productivity model, the drawdown values for all rheological models are determined. Similarly for the sand management purpose the critical rates of Newtonian and these three non-Newtonian fluids are plotted to determine the critical drawdown values for each type of fluid. Impact of drainage profile on the effective viscosities is also compared for different drainage profiles. Shear rate models are proposed in this paper for Bingham Plastic, Power Law and Herschel Bulkley rheological models. The new Micro-PVT equipment is also introduced for determining the PVT properties and rheological behaviour of heavy oil. Nomenclature","In this article, the criticality of rheology for heavy oil recovery is supported by different results using the horizontal well productivity model, the critical rates of Newtonian and these three non-Newtonian fluids are plotted to determine the critical drawdown values for each type of fluid."
"Prediction of Dead Oil Viscosity: Machine Learning vs. Classical Correlations","https://scispace.com/paper/prediction-of-dead-oil-viscosity-machine-learning-vs-4i06yh2e0g","2021","Journal Article","Energies","Fahimeh Hadavimoghaddam
Mehdi Ostadhassan
Ehsan Heidaryan
Mohammad Ali Sadri
Inna Chapanova
Evgeny Popov
Alexey Cheremisin
Saeed Rafieepour","10.3390/EN14040930","","Dead oil viscosity is a critical parameter to solve numerous reservoir engineering problems and one of the most unreliable properties to predict with classical black oil correlations Determination of dead oil viscosity by experiments is expensive and time-consuming, which means developing an accurate and quick prediction model is required This paper implements six machine learning models: random forest (RF), lightgbm, XGBoost, multilayer perceptron (MLP) neural network, stochastic real-valued (SRV) and SuperLearner to predict dead oil viscosity More than 2000 pressure–volume–temperature (PVT) data were used for developing and testing these models A huge range of viscosity data were used, from light intermediate to heavy oil In this study, we give insight into the performance of different functional forms that have been used in the literature to formulate dead oil viscosity The results show that the functional form f(γAPI,T), has the best performance, and additional correlating parameters might be unnecessary Furthermore, SuperLearner outperformed other machine learning (ML) algorithms as well as common correlations that are based on the metric analysis The SuperLearner model can potentially replace the empirical models for viscosity predictions on a wide range of viscosities (any oil type) Ultimately, the proposed model is capable of simulating the true physical trend of the dead oil viscosity with variations of oil API gravity, temperature and shear rate","The results show that the functional form f(γAPI,T), has the best performance, and additional correlating parameters might be unnecessary, and the SuperLearner model can potentially replace the empirical models for viscosity predictions on a wide range of viscosities (any oil type)."
"Black Oil Property Correlations - State of the Art","https://scispace.com/paper/black-oil-property-correlations-state-of-the-art-4emkjodot9","2015","Proceedings Article","","Muhammad Ali Al-Marhoun","10.2118/172833-MS","","This paper presents correlations to determine black oil properties from normally available or easily obtainable field data. The best available correlations were selected on the basis of statistical error analysis with a database of hundreds of reservoir-fluid studies of black oil samples representing all areas of the world producing black oils. Introduction Reservoir fluid properties data are very important in reservoir engineering computations such as material balance calculations, well testing, reserve estimates, design of fluid handling equipment and numerical reservoir simulations. Ideally, those data should be obtained experimentally. On some occasions, these data are not available or reliable; then, empirically derived correlations are used to predict PVT properties from normally available or easily obtainable field data. Hundreds of reservoir-fluid studies of black oil samples representing all areas of the world producing black oils were gathered from different published and unpublished sources. All black oil property correlations available in the petroleum literature were compared with this world wide database. This paper gives the best correlations to estimate black oil properties based on statistical accuracy and physical behavior.","In this paper, the best available correlations were selected on the basis of statistical error analysis with a database of hundreds of reservoir-fluid studies of black oil samples representing all areas of the world producing black oils."
"PVT Characterization and Viscosity Modeling and Prediction of Crude Oils","https://scispace.com/paper/pvt-characterization-and-viscosity-modeling-and-prediction-1n7ismjiax","2004","Journal Article","Petroleum Science and Technology","Sergio E. Quiñones-Cisneros
Anders Dalberg
Erling Halfdan Stenby","10.1081/LFT-200034092","","In previous works, the general one-parameter friction theory ( f-theory) models have been applied to the accurate viscosity modeling of reservoir fluids. As a base, the f-theory approach requires a compositional characterization procedure for the application of an equation of state (EOS), in most cases a cubic EOS, to the description of the oil phase properties. Normally, such a procedure provides a method for characterizing an oil into a number of compound groups along with the critical constants and parameters that are required by the EOS. Thus, in this work, a compositional characterization method based on an accurate description of the fluid mass distribution is presented. The characterization procedure accurately matches the fluid saturation pressure. Additionally, a Peneloux volume translation scheme, capable of accurately reproducing the fluid density above and below the saturation pressure, is also presented. The combination of the mass characterization scheme presented in this work and t...","In this paper, a compositional characterization method based on an accurate description of the fluid mass distribution is presented, and a Peneloux volume translation scheme, capable of accurately reproducing the fluid density above and below the saturation pressure, is also presented."
"New Compositional Models for Calculating Viscosity of Crude Oils","https://scispace.com/paper/new-compositional-models-for-calculating-viscosity-of-crude-1inrzxpce6","2003","Proceedings Article","","Adel M. Elsharkawy
S.A. Hassan
Y.S. Kh. Hashim
Fahim","10.2118/2003-148","","Crude oil viscosity is an important physical property that controls and influences the flow of oil through porous media and pipelines. Hence, it is the basis of many reservoir engineering and production system calculations. In the crude oil recovery and processing, viscosity is a significant parameter because a large amount of time and money are spent in experimental measurements of viscosity. This necessitates the development of reliable viscosity models capable of predicting crude oil viscosity and reduces the expensive and cumbersome experimental measurements. Because of the complexities and varied composition of crude oils, empirical models and other predictive tools cannot replace the laboratory measurements, even if the latter is costly. This paper presents new compositional models for estimating crude oil viscosity. The new models use fluid composition, temperature, and pressure to predict the oil viscosity. The models were derived from viscosity measurements of several crudes from the Middle East,...","In this article, the authors presented new compositional models for estimating crude oil viscosity, using fluid composition, temperature, and pressure to predict the oil visco-temperature and pressure."
"Derivation of PVT Correlations for the Gulf of Suez Crude Oils.","https://scispace.com/paper/derivation-of-pvt-correlations-for-the-gulf-of-suez-crude-g0j24jium7","1993","Journal Article","Journal of The Japan Petroleum Institute","S. M. Macary
M. H. El-Batanoney","10.1627/JPI1958.36.472","","Proper evaluation of physical properties of hydrocarbon mixtures is a prerequisite for the design of various stages of oil field operations. In many cases these properties are required at a time when the only information available consists of oil and gas gravities and reservoir pressure and temperature.The purpose of this study is to utilize a sufficient base of laboratory-measured PVT data to derive specific empirical correlations for the prediction of the saturation pressure Pb, gas in solution Rs and formation volume factor βo of Gulf of Suez crude oil systems, oAPI of which ranges from 25 up to 40. Our tool in this work is some of regression analyses techniques.The correlations are based on 90 experimentally measured data which represent about 30 independent reservoirs. These data are expressed in terms of the usually measured field parameters-flash separation gas-oil ratio, tank oil gravity, surface gas gravity (at separator conditions) and reservoir temperature.Derived correlations are valid within the ranges used for the above mentioned variables (GOR, T, γg). The gases are relatively free from non-hydrocarbons. Statistical accuracy tests show that the application of derived correlations for Egyptian reservoirs gives more accuracy than the known correlations (Standing and Glaso). The use of the derived relationships requires no graphs nor charts, and their applicability is convenient to use with the computer or calculator.","In this paper, the saturation pressure Pb, gas in solution Rs and formation volume factor βo of Gulf of Suez crude oil systems, oAPI of which ranges from 25 up to 40."
"Comparative Analysis of Saturated and Under-saturated oil Viscosity Correlations using Statistical Tools, Niger Delta Case Study","https://scispace.com/paper/comparative-analysis-of-saturated-and-under-saturated-oil-22m5bhdeeo","2018","Journal Article","","Ogunkunle Temitope Fred
V. Damilola Abraham
Afolabi Richard Oyekunle
Oriola Opedamola","10.1088/1755-1315/173/1/012009","https://iopscience.iop.org/article/10.1088/1755-1315/173/1/012009/pdf","Crude oil viscosity is one of the most important fluid properties that affects fluid flow behavior; either in pipeline hydraulics or in the porous media (reservoir). Viscosity is a vital physical property that plays a major role in the petroleum industry, the production processing and transportation of oil due to influence on the flow through porous rock, oil wells, multiphase flow through tubing and piping system. Therefore, the need for accurate determination of viscosity for oil and gas applications cannot be overemphasized. Numerous empirical correlations exist in literature for predicting crude oil viscosity but their accuracy is limited based on range of conditions of application, composition of the crude used in developing the correlation, specific range of data and experimental conditions. In the present work, experimental data of oil viscosity from different samples of Nigerian oil reservoirs were statistically compared with correlation predicted viscosity using the most common viscosity empirical correlations. Validity and accuracy of these empirical models has been confirmed for both saturated and under-saturated Niger Delta oil samples. It was observed that for under-saturated oil viscosities, Elshawarky & Alikhan's correlation gave a better prediction based on the Absolute average percentage error and standard deviation while for the case of saturated oil viscosities Chew and Connally proved to be the closest to the experimental results.","In this paper, experimental data of oil viscosity from different samples of Nigerian oil reservoirs were statistically compared with correlation predicted viscoities using the most common viscoity empirical correlations for both saturated and under-saturated Niger Delta oil samples."
"Correlating the PVT Properties of Nigerian Crudes","https://scispace.com/paper/correlating-the-pvt-properties-of-nigerian-crudes-1rg0qdfh7u","1987","Journal Article","Journal of Energy Resources Technology-transactions of The Asme","D. A. Obomanu
G. A. Okpobiri","10.1115/1.3231349","","Developpement de nouvelles correlations pour estimer la proportion de gaz en solution/huile et le facteur volumetrique de fond des petroles bruts du Niger. Ces correlations sont basees sur 503 donnees PVT (Pression-Volume-Temperature) relatives a 100 reservoirs de petrole brut du Bassin Delta du Niger. Ces nouvelles correlations permettent d'estimer les valeurs des parametres a 2 a 6% pres. Elles sont applicables a tous les petroles bruts dont la densite specifique est comprise entre 0,811 et 0,966","In this paper, the authors propose a set of nouvelles correlations for estimating the proportion de gaz en solution/huile and le facteur volumetrique de fond des petroles bruts du Niger."
"Viscosity–Temperature–Pressure Relationship of Extra-Heavy Oil (Bitumen): Empirical Modelling versus Artificial Neural Network (ANN)","https://scispace.com/paper/viscosity-temperature-pressure-relationship-of-extra-heavy-3owakky1mq","2019","Journal Article","Energies","Olalekan S. Alade
Dhafer Al Shehri
Mohamed Mahmoud
Kyuro Sasaki","10.3390/EN12122390","https://www.mdpi.com/1996-1073/12/12/2390/pdf","The viscosity data of two heavy oil samples X and Y, with asphaltene contents 24.8% w/w and 18.5% w/w, respectively, were correlated with temperature and pressure using empirical models and the artificial neural network (ANN) approach. The viscosities of the samples were measured over a range of temperatures between 70 °C and 150 °C; and from atmospheric pressure to 7 MPa. It was found that the viscosity of sample X, at 85 °C and atmospheric pressure (0.1 MPa), was 1894 cP and that it increased to 2787 cP at 7 MPa. At 150 °C, the viscosity increased from 28 cP (at 0.1 MPa) to 33 cP at 7 MPa. For sample Y, the viscosity at 70 °C and 0.1 MPa increased from 2260 cP to 3022 cP at 7 MPa. At 120 °C, the viscosity increased from 65 cP (0.1 MPa) to 71 cP at 7 MPa. Notably, using the three-parameter empirical models (Mehrotra and Svrcek, 1986 and 1987), the correlation constants obtained in this study are very close to those that were previously obtained for the Canadian heavy oil samples. Moreover, compared to other empirical models, statistical analysis shows that the ANN model has a better predictive accuracy (R2 ≈ 1) for the viscosity data of the heavy oil samples used in this study.","In this article, the authors measured the viscosity data of two heavy oil samples X and Y, with asphaltene contents 24.8% and 18.5% w/w, respectively, using empirical models and the artificial neural network (ANN) approach."
"Models for estimating the viscosity of paraffinic-naphthenic live crude oils","https://scispace.com/paper/models-for-estimating-the-viscosity-of-paraffinic-naphthenic-45w64sua5a","2018","Journal Article","Energy & Fuels","Luciana L.P.R. Andrade
Krishnaswamy Rajagopal","10.1021/ACS.ENERGYFUELS.7B03903","","Viscosity is an important property of live crude oil used in design and operation of production processes. Eleven widely used empirical correlations for estimating undersaturated oil viscosity were evaluated using measured undersaturated oil viscosity for live crude oils from primary separators of the ten Brazilian oil wells. The oil samples were characterized as paraffinic-naphthenic crudes. The empirical correlations were found to be inadequate to represent the measured data. The better literature models present average absolute percent relative errors of 1.18 % and 1.40 %, but show wider scatter of data. For more accurate estimates of undersaturated oil viscosity of paraffinic-naphthenic live crudes oils, a new model based on Eyring theory is proposed and this model correlates the experimental data with average absolute percent relative error of 0.97 %.","In this article, a new model based on Eyring theory is proposed and this model correlates the experimental data with average absolute percent relative error of 0.97 %, while the empirical correlations were found to be inadequate to represent the measured data."
"Viscosity–Temperature Correlation for Crude Oils Using an Arrhenius-Type Asymptotic Exponential Function","https://scispace.com/paper/viscosity-temperature-correlation-for-crude-oils-using-an-369yq70gqe","2006","Journal Article","Petroleum Science and Technology","Faruk Civan","10.1081/LFT-200041178","","Practical correlation of the viscosity of typical crude oils with temperature and gravity is presented. The temperature dependence of oil viscosity is described using an Arrhenius-type asymptotic exponential function. The parameters of this equation are correlated with the American Petroleum Institute (API) gravity. This approach to developing empirical correlations is verified by comparison to experimental data. It is demonstrated that the present approach yields an accurate correlation of oil viscosity with a simple equation.","In this article, a correlation of the viscosity of typical crude oils with temperature and gravity is presented, using an Arrhenius-type asymptotic exponential function."
"Prediction of Crude Oil Viscosity and Gas/Oil Ratio Curves Using Recent Advances to Neural Networks","https://scispace.com/paper/prediction-of-crude-oil-viscosity-and-gas-oil-ratio-curves-54y4cxyqeu","2009","Proceedings Article","","Munirudeen A. Oloso
Amar Khoukhi
Abdulazeez Abdulraheem
Moustafa Elshafei","10.3997/2214-4609-PDB.170.SPE125360","","This paper proposes and implements a new approach for predicting Pressure -Volume-Temperature (PVT) properties of crude oils. Instead of the usual single or multi-data point prediction for any crude oil PVT property that is described by a curve, the approach in this study predicts such a property over a specified range of required reservoir pressures. Moreover, the shapes of the predicted curves are smooth and consistent with the experimental curves. Prediction models based on Artificial Neural Networks (ANN) and two of its advances; Support Vector Regression (SVR) and Functional Networks (FN), have been developed to execute the formulated approach. The approach has been demonstrated for viscosity and solution gas/oil ratio (GOR) curves. These two properties vary with reservoir pressures and they are often required to be estimated over a specified range of pressures. In this study, three different data sets have been used. The first Data set consists of 12 variables which are the predictors, including crude oil hydrocarbon and non-hydrocarbon compositions and some reservoir properties. The other two data sets consist of laboratory viscosity-pressure measurements and laboratory gas/oil ratio-pressure measurements for plotting the viscosity and solution GOR curves respectively. In the simulation results, SVR and FN give better performances than the conventional ANN technique. Graphical plots and two common statistical measures (root mean square error, RMSE, and absolute percent relative error, AAPRE) have been used to evaluate the performances of all the developed models.","In this paper, support vector regression (SVR) and functional networks (FN) have been used to predict pressure-volume-temperature (PVT) properties of crude oils."
"Study on pressure drop and liquid volume fraction of the oil-gas flow in a vertical pipe using cfx and the beggs and brill correlation: viscosity effects","https://scispace.com/paper/study-on-pressure-drop-and-liquid-volume-fraction-of-the-oil-2qwc14ieji","2016","Journal Article","Brazilian Journal of Petroleum and Gas","L. D. S. Silva
J. L. G. Marinho","10.5419/BJPG2016-0001","http://www.portalabpg.org.br/bjpg/index.php/bjpg/article/download/450/258","Two-phase liquid-gas flows are common in several industrial processes. Since oil and gas are simultaneously produced in most petroleum reservoirs, the two-phase flow occurs in petroleum transport as well. Depending on the petroleum viscosity, a large amount of energy is needed to move the oil-gas mixture, resulting in significant expenses. The present work aims to investigate the influence of oil viscosity on pressure drop and liquid volume fraction of the upward two-phase flow of different types of oil in a vertical pipe. This study was accomplished using Computational Fluid Dynamic techniques, and Beggs and Brill correlation. The numerical simulations were performed using the application Ansys CFX 13.0, in which governing equations were solved utilizing the finite volume method. The results of pressure drop and liquid volume fraction obtained by both methods were analyzed and discussed. The numerical results for the pressure drop show that the CFX value was approximately 24% lower than that predicted by the Beggs and Brill correlation in the worst case. The liquid volume fraction decreased along the pipe length due to the viscosity effects of the oil.","In this paper, the influence of oil viscosity on pressure drop and liquid volume fraction of the upward two-phase flow of different types of oil in a vertical pipe was investigated using Computational Fluid Dynamic techniques, and Beggs and Brill correlation."
"Improved prediction of heavy oil viscosity at various conditions utilizing various supervised machine learning regression","https://scispace.com/paper/improved-prediction-of-heavy-oil-viscosity-at-various-3jgne8f0","2022","Journal Article","Petroleum Science and Technology","Faisal Abdullah ALAdwani
Adel M. Elsharkawy","10.1080/10916466.2022.2060254","","Abstract Fluid viscosity plays a major role in the petroleum industry. It’s required for fluid flow calculations through the reservoir and production systems. In this study, heavy oil viscosity measurements for seventy samples are reported at various temperatures with different API gravity. Three supervised machine learning regression (SMLR) models were developed to predict the viscosity as a function of API gravity, temperature, and density with a 5 K-fold validation technique for a better model representation. Results showed that the newly developed models have superiority over published models. The Gaussian process regression (GPR) and the regression ensembles tree (RET) showed the best performance with a mean absolute percent error of 0.7328%, a root mean square error of 0.6174 and a coefficient of determination of 0.9988 for the GPR where for the RET the mean absolute percent error is 0.5768%, the root mean square error is 3.514, and the coefficient of determination is 0.9971.","In this paper , three supervised machine learning regression (SMLR) models were developed to predict the viscosity as a function of API gravity, temperature, and density with a 5'k-fold validation technique for a better model representation."
"Viscosity Modeling of Solvent-Heavy Oil/Bitumen Systems at High Pressures and Elevated Temperatures","https://scispace.com/paper/viscosity-modeling-of-solvent-heavy-oil-bitumen-systems-at-ss0dtcietal4","2024","Journal Article","","Bingge Hu
Daoyong Yang","10.1115/omae2024-125089","","
 This work presents a novel framework for reproducing the measured viscosity of solvent-heavy oil/bitumen systems by integrating the Peng-Robinson equation of state (PR EOS) with binary interaction parameters (BIPs) and modified alpha functions. The oil samples are treated as either as a single pseudocomponent (PC) or multiple PCs. Also, the six most common mixing rules (i.e., Arrhenius’ mixing rule, Cragoe’s mixing rule, double-log mixing rule, Lobe’s mixing rule, power law mixing rule and Shu’s mixing rule) have been evaluated and compared. By adopting the effective density concept, the volume-based power law, weight-based power law, and weight-based Cragoe’s mixing rules reproduce the measured viscosity from 4.3–15000.0 mPa·s within the pressure and temperature range from 1.1 to 10.9 MPa and from 287.9 to 463.4 K. When utilizing one PC, the overall absolute average relative deviation (AARD) for viscosity prediction is found to be 16.0%, 16.5%, and 29.4% for the aforementioned mixing rules. When utilizing four PCs, the AARDs decrease to 13.9%, 14.8%, and 19.3% for the same mixing rules. It is evident that such framework has ability to predict solvent-heavy oil mixture viscosity reasonably accurate under various conditions, while it can be easily incorporated into any reservoir simulators within a given reservoir.","A novel framework integrates Peng-Robinson equation of state with binary interaction parameters and modified alpha functions to accurately predict viscosity of solvent-heavy oil/bitumen systems at high pressures and elevated temperatures, with AARDs ranging from 13.9-29.4%."
"Correlations of viscosity, gas solubility, and density for Saskatchewan heavy oils","https://scispace.com/paper/correlations-of-viscosity-gas-solubility-and-density-for-4poa60vx34","1988","Journal Article","Industrial & Engineering Chemistry Research","Beverly Quail
Gordon A. Hill
Kamal N. Jha","10.1021/IE00075A024","","The complex chemical nature of curde oil has made it extremely difficult to develop reliable models capable of predicting physical properties. Yet the importance of curde oil as a source of energy or as a precursor in chemical synthesis makes it necessary that simple equations be available that engineers can use to accurately predict these properties. Three noncomponent equations are presented which were found to accurately model the viscosity, density, and gas solubility of a wide range of Saskatchewan heavy oils. These equations were developed from previous work with extended terms to allow for additional independent parameters. The extended equations allow for variations in temperature, pressure, dissolved methane concentration, and dissolved carbon dioxide concentration.","In this article, three noncomponent equations are presented which were found to accurately model the viscosity, density, and gas solubility of a wide range of Saskatchewan heavy oils."
"Phase Behavior, Solid Organic Precipitation, and Mobility Characterization Studies in Support of Enhanced Heavy Oil Recovery on the Alaska North Slope","https://scispace.com/paper/phase-behavior-solid-organic-precipitation-and-mobility-4sp1ttgopk","2008","Report","","Shirish Patil
Abhijit Dandekar
Santanu Khataniar","10.2172/963365","https://scispace.com/pdf/phase-behavior-solid-organic-precipitation-and-mobility-4sp1ttgopk.pdf","The medium-heavy oil (viscous oil) resources in the Alaska North Slope are estimated at 20 to 25 billion barrels. These oils are viscous, flow sluggishly in the formations, and are difficult to recover. Recovery of this viscous oil requires carefully designed enhanced oil recovery processes. Success of these recovery processes is critically dependent on accurate knowledge of the phase behavior and fluid properties, especially viscosity, of these oils under variety of pressure and temperature conditions. This project focused on predicting phase behavior and viscosity of viscous oils using equations of state and semi-empirical correlations. An experimental study was conducted to quantify the phase behavior and physical properties of viscous oils from the Alaska North Slope oil field. The oil samples were compositionally characterized by the simulated distillation technique. Constant composition expansion and differential liberation tests were conducted on viscous oil samples. Experiment results for phase behavior and reservoir fluid properties were used to tune the Peng-Robinson equation of state and predict the phase behavior accurately. A comprehensive literature search was carried out to compile available compositional viscosity models and their modifications, for application to heavy or viscous oils. With the help of meticulously amassed new medium-heavy oil viscosity data frommore » experiments, a comparative study was conducted to evaluate the potential of various models. The widely used corresponding state viscosity model predictions deteriorate when applied to heavy oil systems. Hence, a semi-empirical approach (the Lindeloff model) was adopted for modeling the viscosity behavior. Based on the analysis, appropriate adjustments have been suggested: the major one is the division of the pressure-viscosity profile into three distinct regions. New modifications have improved the overall fit, including the saturated viscosities at low pressures. However, with the limited amount of geographically diverse data, it is not possible to develop a comprehensive predictive model. Based on the comprehensive phase behavior analysis of Alaska North Slope crude oil, a reservoir simulation study was carried out to evaluate the performance of a gas injection enhanced oil recovery technique for the West Sak reservoir. It was found that a definite increase in viscous oil production can be obtained by selecting the proper injectant gas and by optimizing reservoir operating parameters. A comparative analysis is provided, which helps in the decision-making process.« less","In this article, a comprehensive phase behavior analysis of Alaska North Slope crude oil was carried out to evaluate the performance of a gas injection enhanced oil recovery technique for the West Sak reservoir."
"Estimation of Dead Oil Viscosity Utilizing Physics Based Correlative Principles and Predictive Machine Learning Techniques.","https://scispace.com/paper/estimation-of-dead-oil-viscosity-utilizing-physics-based-4kfsb62966","2019","Proceedings Article","","Utkarsh Sinha
Birol Dindoruk
Mohamed Y. Soliman","10.2118/195946-MS","","
 Dead oil viscosity is one of the most unreliable properties to predict with classical black oil correlations. This results mostly from the large effect that oil type has on viscosity. Two dead oil samples with identical API and T can have even an order of magnitude difference in viscosity [9]. In this work, we tried to limit this spread to a certain degree by incorporating a parameter such as MW to capture additional information for the character of the oil. Limitations of the classical black oil correlations became even more prominent when wide-spectrum of viscosity values coupled with wide range of temperatures are considered. Given the constraints of limited input variables, the problem becomes particularly challenging for heavy-extra heavy oils with high asphaltene content [35], where prediction errors could easily be as high as a couple of log-cycles. Even though there are several viscosity correlations available in the industry [1]-[4], [7], [9], [26], [30], [31], [34], [37], [39], [42] most of those correlations are only applicable to the oil samples belonging to specific geographical regions and/or for structurally similar oils, because of the inherent bias in the training datasets used in the development of correlations. Therefore, they are predictively valid for a relatively narrow range of oils and/or viscosity. In this work, we considered a very wide range of oils (6° API to 50° API). Therefore, producing two easy to use viscosity correlations for API gravities above and below 20° API that can readily predict the viscosity at any desired temperature within an extended temperature range (15° C to 160° C). In addition, the two sets of correlations were kept continuous at the switching point (20 API) so that they will have smooth transition from one branch to another. While the range of fluid properties is considered to be very wide, we were able to keep the input parameters to a minimum in terms of defining the character of the fluid (molecular weight and specific gravity). We demonstrated that the proposed correlation performs much better than the leading correlations with the similar input proxies published in the literature for wide range of viscosities (0.5 cp to 860, 000 cp).
 The use cases for the proposed correlation can be divided into three parts: 1) Prediction of the dead oil viscosity with limited input data, 2) use of limited in-hand viscosity data to generate viscosities for the conditions that are hard to perform accurate experimentation or simply not in hand for various reasons (for example not having the physical sample to perform such additional experiments, or just not having the time and the sources such as in the case of, screening existing assets for thermal recovery where typically viscosity is available at reservoir temperature, not at steamflood temperatures) and 3) it can be used to check the consistency and the quality of the existing data.
 Therefore, we have also checked the predictive performance of the proposed correlation in temperature domain if limited viscosity information is available for a particular fluid at a different temperature. With such information (if one reference viscosity is available at some specific temperature) the accuracy of the correlation can be further improved.
 In addition to classical correlation development efforts using known but limited physical control parameters, we have also attempted to model the viscosity with various machine learning methods (such as Artificial Neural Network (ANN) [20], K-Nearest Neighbour (KNN) [6] and Kernel based Support Vector Machine (KSVM)) [18] [38] and compared the outcome with respect to each other and as well as against the proposed correlation. Our correlation showed better predictive capabilities (based on calculated statistical parameters and cross-plots) when compared with other leading viscosity [4], [31], [37], [39], [42] correlations as well as with relevant supervised machine learning regression principles such as ANN, KNN and KSVM. The subject correlation also helps in improving the accuracy as well guiding the performance of these otherwise ""blackbox"" machine learning principles as it can fill the gaps in the data especially in the context of extending the tuned viscosities based on a single point measurement in temperature domain. Furthermore, we also explain how it can be combined with Sinha et. al [35] relative viscosity correlation to include the impact of asphaltene concentration, for estimation of vertical or areal viscosity variations which can also ultimately help to improve the mobility cut-off predictions of the asphaltene/tar mat zones or heavier fluids.","The proposed correlation performs much better than the leading correlations with the similar input proxies published in the literature for wide range of viscosities (0.5 cp to 860, 000 cp) as well as with relevant supervised machine learning regression principles such as ANN, KNN and KSVM."
"Heavy Oil Viscosity Modeling with Friction Theory","https://scispace.com/paper/heavy-oil-viscosity-modeling-with-friction-theory-ix4v1v4c65","2011","Journal Article","Energy & Fuels","Ashutosh Kumar
Amr Henni
Ezeddin Shirif","10.1021/EF101013M","","A new tuning method is proposed for the cubic equation-of-state-based friction theory viscosity model, which improves the viscosity prediction of heavy oils. With the existing tuning method, the error in viscosity prediction increases with increasing viscosity. Particularly, at pressures below the saturation pressure. the error keeps increasing as the pressure is farther away from the saturation pressure. With the proposed tuning method, whereas the single-phase error is almost the same, the two-phase error is approximately 1 / 3 the value of the error from the existing tuning method. Most importantly, the proposed tuning method successfully uses experimental viscosity data below the saturation pressure to reduce prediction errors.","In this paper, a new tuning method is proposed for the cubic equation-of-state-based friction theory viscosity model, which improves the viscoity prediction of heavy oils."
"Improved Dead Oil Viscosity Model","https://scispace.com/paper/improved-dead-oil-viscosity-model-mxelna6r5e","2014","Journal Article","Journal of Energy Technologies and Policy","Ulaeto Ubong
Oyedeko K.F.K.","","https://scispace.com/pdf/improved-dead-oil-viscosity-model-mxelna6r5e.pdf","This research work developed two new dead oil viscosity correlations: a general correlation and typical Niger Delta crude correlation, with large data range. The dead oil viscosity, affects the accuracy of viscosity models, especially when used in engineering problems involving fluid flow in porous media and particularly reservoir simulation. An accurate estimate of its value is therefore a very necessary concern. The models were developed using Linear and Non-Linear Multiple regression analysis. Multiple statistical assessments were employed to evaluate the accuracy of these models. The models are solved using Matlab and Microsoft Excel to obtain the General Model correlation coefficient of 0.870 and that of Typical Niger Delta Crude coefficient of correlation was 0.94. The models also gave better performance plots compared to existing models. Keywords : viscosity, fluid flow, crude oil, Niger delta, dead oil viscosity, reservoir","In this article, the authors developed two new dead oil viscosity correlations: a general correlation and typical Niger Delta crude correlation, with large data range, using Linear and Non-Linear Multiple regression analysis."
"Simple concept predicts viscosity of heavy oil and bitumen","https://scispace.com/paper/simple-concept-predicts-viscosity-of-heavy-oil-and-bitumen-3irwtvkkg5","1993","Journal Article","Oil & Gas Journal","V.R. Puttagunta
Adango Miadonye
B. Singh","","","For in situ recovery, a correlation has been developed for predicting the viscosity of bitumen and heavy oil. The correlation requires only a single viscosity measurement. The derived viscosities show an overall average absolute deviation of 4.4% from experimental data for 18 sets of Alberta heavy oil and bitumen containing 175 measurements. The paper describes the equations, their accuracy in determining viscosity, and an example from the Alberta deposits.","In this paper, a correlation has been developed for predicting the viscosity of bitumen and heavy oil, which requires only a single measurement of the visco-temperature."
"New Viscosity Correlations for Saturated and Undersaturated Arabian Crude Oil","https://scispace.com/paper/new-viscosity-correlations-for-saturated-and-undersaturated-4sloi7q0xl","2020","Journal Article","Arabian Journal for Science and Engineering","Othman R. Bin Abdulwahab
Abdulrahman A. AlQuraishi
Naif B. Alqahtani","10.1007/S13369-020-04579-3","","Newly developed correlations for undersaturated and saturated Arabian crude oil viscosities were developed and tested using two datasets of experimental measurements. The datasets cover 71 data points of measured undersaturated viscosity (μundersaturated), pressure (P), temperature (T), bubble point pressure (Pb), gas specific gravity (γg), crude oil API, viscosity at bubble point pressure (μb) and dead oil viscosity (μd) and 79 data points of saturated viscosity (μsaturated), pressure (P), temperature (T), bubble point pressure (Pb), gas specific gravity (γg), crude oil API, viscosity at bubble point pressure (μb) and dead oil viscosity (μd), gas–oil ratio (GOR) and gas solubility (Rs). The viscosity models were developed utilizing 80% of the datasets using forward step-wise regression method. The selection of the independent variables was carried out using graphical alternating conditional expectation program (GRACE), a nonparametric regression method, which produce and generate plots for the optimal transformation of the dependent and independent variables. The program also performs low- and high-degree polynomial curve fit up to six-degree polynomial to create the desired model. The models’ accuracy was validated using the rest of the datasets, and their efficiency was tested against some commonly used correlations utilizing average absolute relative error, average relative error and cross plots. The developed models proved to be very efficient and they accurately predicted the experimental undersaturated and saturated crudes viscosities with average absolute relative errors of 1.79% and 5.89%, respectively.","In this paper, the authors developed correlations for undersaturated and saturated Arabian crude oil viscosities using two datasets of experimental measurements, which cover 71 data points of measured undersaturated viscosity (μundersaturated), pressure (P), temperature (T), bubble point pressure(Pb), gas specific gravity (γg), crude oil API, viscoity at bubble point pressures (μb), dead oil viscoities (μd), gas solubility (Rs), gas-oil ratio (GOR), etc."
"A New Modified Compositional Viscosity Model for Medium-heavy Oils","https://scispace.com/paper/a-new-modified-compositional-viscosity-model-for-medium-34ao5fugqi","2013","Journal Article","Petroleum Science and Technology","Bipin Raut
Shirish Patil
Abhijit Dandekar
Santanu Khataniar","10.1080/10916466.2011.566033","","Viscosity of heavy oils is a key parameter in designing potential enhanced oil recovery methods. The recently proposed semiempirical viscosity model by Lindeloff et al. (2004) was studied in depth. This model is the simplest yet powerful tool for medium-heavy oil viscosities. Based on the analysis, appropriate adjustments have been suggested, with the major one being the division of the pressure-viscosity profile into three different regions. New modifications have improved the overall fit, including the saturated viscosities at low pressures. The %AAD for the data sets studied was found to be 1.37. However, with the limited geographically diverse data, it is not possible to make a comprehensive predictive model. A few limitations of the new model are also stated.","The semi-empirical viscosity model proposed by Lindeloff et al. as mentioned in this paper was studied in depth and appropriate adjustments have been suggested, with the major one being the division of the pressure-viscosity profile into three different regions."
"New Viscosity Correlation for Different Iraqi Oil Fields","https://scispace.com/paper/new-viscosity-correlation-for-different-iraqi-oil-fields-w31r33dn5ars","","","","Rwaida Kaiser Abdulmajeed","10.31699/ijcpe.2014.3.8","","Viscosity is one of the most important governing parameters of the fluid flow, either in the porous media or in pipelines. So it is important to use an accurate method to calculate the oil viscosity at various operating conditions. In the literature, several empirical correlations have been proposed for predicting crude oil viscosity. However, these correlations are limited to predict the oil viscosity at specified conditions. In the present work, an extensive experimental data of oil viscosities collected from different samples of Iraqi oil reservoirs was applied to develop a new correlation to calculate the oil viscosity at various operating conditions either for dead, saturated or under saturated reservoir. Validity and accuracy of the new correlation was confirmed by comparing the obtained results of this correlation and other ones, with experimental data for Iraqi oil samples. It was observed that the new correlation gave the most accurate agreement with the experimental data.","A new viscosity correlation is developed for Iraqi oil fields using extensive experimental data, outperforming existing correlations in predicting oil viscosity at various operating conditions, including dead, saturated, and undersaturated reservoirs."
"Improvement of the Expanded Fluid Viscosity Model\nfor Crude Oils: Effects of the Plus-Fraction Characterization Method\nand Density","https://scispace.com/paper/improvement-of-the-expanded-fluid-viscosity-model-nfor-crude-v4qtj596qoq5","2018","Repository","","","10.1021/acs.energyfuels.7b03735.s001","","The\nexpanded fluid (EF) model is known for its capacity to calculate\nthe viscosities of crude oil and its mixtures with solvents at high\npressure and temperature using a cubic equation of state with a minimum\namount of experimental data. The main drawback of the EF model is\nusually the requirement of a proper plus-fraction characterization\nand accurate density input data. In this study, the sensitivity of\nthe EF model to the characterization method and the density of the\noil was evaluated against viscosity data on reservoir fluids. The\noil viscosity was calculated above and below the saturation pressure\nin order to compare the EF model with other viscosity models available\nin the literature. The results confirmed that the viscosity strongly\ndepends on the quality of the density predictions as well as on a\ngood description of the phase behavior below the saturation pressure.\nThis demonstrates that proper characterization is needed in order\nto calculate the oil viscosity accurately. Furthermore, a new tuning\nmethod with minimum experimental data improved the viscosity prediction\nas a function of pressure. ",""
"Extension of the Expanded\nFluid Viscosity Model to\nCharacterized Oils","https://scispace.com/paper/extension-of-the-expanded-nfluid-viscosity-model-to-l4lhprkt5ppl","2015","Repository","","","10.1021/ef301575n.s001","","The Expanded Fluid (EF) viscosity model for Newtonian\nfluids is\nextended to crude oils characterized as mixtures of defined components\nand pseudo-components. The EF models take the fluid density, dilute\ngas viscosity, pressure, and fluid composition as inputs and requires\nthree fluid-specific parameters, &lt;i&gt;c&lt;/i&gt;&lt;sub&gt;2&lt;/sub&gt;, &lt;i&gt;c&lt;/i&gt;&lt;sub&gt;3&lt;/sub&gt;, and ρ&lt;sub&gt;s&lt;/sub&gt;&lt;sup&gt;o&lt;/sup&gt;, for the fluid or its components. Generally,\nexperimental viscosity data are required to determine these values\nfor each component. In this study, an internally consistent estimation\nmethod was developed to predict the fluid-specific parameters of the\nmodel for hydrocarbons when no experimental viscosity data are available.\nThe method uses &lt;i&gt;n&lt;/i&gt;-paraffins as the reference system\nand correlates the fluid-specific parameters for hydrocarbons as departures\nfrom the reference system. The method was evaluated against viscosity\ndata of over 250 pure hydrocarbon compounds and petroleum distillation\ncuts. The model predictions were within the same order of magnitude\nof the measurements, with an overall average absolute relative deviation\nof 31%. The method was then used to calculate the correlation parameters\nfor the pseudo-components of nine dead and live oils characterized\non the basis of their gas chromatography (GC) assays. The viscosities\nof the crude oils were predicted within a factor of 3 of the measured\nvalues using the measured density of the oils as the input. The applicability\nof the EF model was also demonstrated using the densities determined\nwith the Peng–Robinson equation of state. A simple method was\nproposed to tune the model to available viscosity data using a single\nmultiplier to the &lt;i&gt;c&lt;/i&gt;&lt;sub&gt;2&lt;/sub&gt; parameter (and also\nto &lt;i&gt;c&lt;/i&gt;&lt;sub&gt;3&lt;/sub&gt; and ρ&lt;sub&gt;s&lt;/sub&gt;&lt;sup&gt;o&lt;/sup&gt; if necessary) of the pseudo-components.\nSingle-parameter tuning of the model improved the viscosity prediction\nfor the characterized oils to within 30% of the measured values. ",""
"Evaluation of Heavy Oil/Bitumen- Solvent Mixture Viscosity Models","https://scispace.com/paper/evaluation-of-heavy-oil-bitumen-solvent-mixture-viscosity-bwoiky417f9n","","","","Y Wen
A Kantzas","10.2118/06-04-04","","High viscosity is a major concern in the recovery of heavy oil and bitumen. Viscosity reduction could be achieved by mixing bitumen with solvents. Cragoe(1) and Shu(2) have developed widely used methods for liquid mixture viscosity predictions. However, in these two models, the viscosities or densities of the heavy oil/bitumen and solvents have to be known at some reference condition.Low field nuclear magnetic resonance (NMR) relaxometry is an effective, non-destructive alternative for determining the petrophysical properties of oil reservoirs. It has also been shown to successfully predict the viscosity of conventional oils, heavy oils, and mixtures of oils with solvents.In this paper, a regression model of experimental data, Cragoe(l), Shu(1), and NMR models are compared with experimental data which were obtained from four heavy oil/bitumen samples mixed with six solvents in different ratios. NMR-based predictions are found to be similar to those of the Shu(2) model and superior to the predictions of the Cragoe(l) model.","This study evaluates viscosity models for heavy oil/bitumen-solvent mixtures, comparing Cragoe, Shu, and NMR-based predictions with experimental data, finding NMR-based predictions similar to Shu's and superior to Cragoe's."
"Evaluation of Viscosity Reducers for Heavy Crude Oil Viscosity Reduction and Displacement","https://scispace.com/paper/evaluation-of-viscosity-reducers-for-heavy-crude-oil-dyd9r87t","2022","Proceedings Article","83rd EAGE Annual Conference &amp; Exhibition","S. Chen
Ming-Yong Han
Abdulkarim M. AlSofi","10.3997/2214-4609.202210007","","Summary Chemicals for viscosity reduction play an important role in improving heavy oil production amongst other more commonly used technologies such as crude oil heating by steam, and oil dilution with solvents. The unique features of the viscosity reducer chemicals dissolved in aqueous solutions make it easy to handle and implement in wellbore lifting, huff-n-puff or well-to-well injection. In this work, the properties of water-soluble viscosity reducers were evaluated in synthetic brine for viscosity reduction of heavy crude oil. The sample with greatest performance in heavy oil viscosity reduction was selected for the heavy oil displacement test via core-flooding experiment. The efficiency of heavy oil production by the viscosity reducer injection was compared with that of polymer injection under the same experimental conditions. The cumulative heavy oil production by viscosity reducer flooding was more efficient than the polymer flooding, suggesting great potential of the viscosity reducer for heavy oil reservoir applications. Efficient viscosity reducers provide an economical way to improve heavy oil production. They would reduce the energy consumption in producing heavy oil from the subsurface formation to surface facilities. As such, the application of heavy oil viscosity reducer would not only improve well productivity but also reduce operational costs. ","In this paper , the properties of water-soluble viscosity reducers were evaluated in synthetic brine for reducing heavy crude oil in a core-flooding experiment."
"Improvement of the Expanded Fluid Viscosity Model for Crude Oils: Effects of the Plus-Fraction Characterization Method and Density","https://scispace.com/paper/improvement-of-the-expanded-fluid-viscosity-model-for-crude-y1qcrcs7f3","2018","Journal Article","Energy & Fuels","Victor Bouzas Regueira
Verônica J. Pereira
Gloria M.N. Costa
Silvio A.B. Vieira de Melo","10.1021/ACS.ENERGYFUELS.7B03735","","The expanded fluid (EF) model is known for its capacity to calculate the viscosities of crude oil and its mixtures with solvents at high pressure and temperature using a cubic equation of state with a minimum amount of experimental data. The main drawback of the EF model is usually the requirement of a proper plus-fraction characterization and accurate density input data. In this study, the sensitivity of the EF model to the characterization method and the density of the oil was evaluated against viscosity data on reservoir fluids. The oil viscosity was calculated above and below the saturation pressure in order to compare the EF model with other viscosity models available in the literature. The results confirmed that the viscosity strongly depends on the quality of the density predictions as well as on a good description of the phase behavior below the saturation pressure. This demonstrates that proper characterization is needed in order to calculate the oil viscosity accurately. Furthermore, a new tunin...","In this article, the sensitivity of the EF model to the characterization method and the density of the oil was evaluated against viscosity data on reservoir fluids, and the results confirmed that the viscosities strongly depend on the quality of the density predictions as well as on a good description of the phase behavior below the saturation pressure."
"Correlation estimates Saudi crude oil viscosity","https://scispace.com/paper/correlation-estimates-saudi-crude-oil-viscosity-zxyv8kkwbm","1990","","","M. Al-Blehed
M.H. Sayyouth
S.M. Desouky","","","A new correlation estimates the viscosity of Saudi crude oils in the undersaturated oil regions as a function of pressure, temperature, and API-gravity. Field data of 182 crude oil samples obtained from the major producing areas of Saudi reservoirs were statistically treated and used to derive the viscosity correlation. The accuracy of the developed correlation was determined using statistical error analysis. Statistical error analysis techniques were employed to check the validity of the developed correlation as compared to other published crude oil viscosity correlations using the field data of Saudi reservoirs. The results show that the developed correlation provides a more accurate estimation of crude oil viscosity with an average relative error of {minus} 13.58%.","In this paper, a new correlation was developed to estimate the viscosity of Saudi crude oils in the undersaturated oil regions as a function of pressure, temperature, and API-gravity."
"Development of a new correlation to predict viscosity of petroleum fractions","https://scispace.com/paper/development-of-a-new-correlation-to-predict-viscosity-of-2rfd49zsa7","2018","Journal Article","Journal of Animal Science","A. Abduallah
O. Sultan
E. Eltnay
M. Sweed","10.47891/SABUJAS.V1I1.93-104","https://scispace.com/pdf/development-of-a-new-correlation-to-predict-viscosity-of-2rfd49zsa7.pdf","Knowledge of temperature dependence of liquid viscosity plays an important role in a variety of engineering problems in oil and gas transportation. In this work an experimental database was established, which consists of kinematic viscosity for several petroleum fractions in kerosene and gas oil ranges. A new correlation was developed to predict the effect of temperature on Kinematic Viscosity of petroleum fractions of a wide boiling range from 30 to 200 C. This correlation is based on the correlation of viscosity of pure hydrocarbons that had been developed by Mehrotra (1995). Fitting parameters have been evaluated for 235 experimental data points from 31 true boiling point fractions of Libyan crude oils and for 144 data points Arab heavy, Arab medium, and Arab Berri crude oils. In addition, fitting parameters have also been evaluated for both Libyan and Arabian and other world crude-oil fractions. The proposed correlation fits the kinematic viscosity data with an overall average relative error of 2.7 % for the 33 Libyan crude oil fractions and 2.4 % for the 167 Arabian crude oils fractions, and 3.0 % for the 35 other world fractions.","In this paper, a new correlation was developed to predict the effect of temperature on Kinematic Viscosity of petroleum fractions of a wide boiling range from 30 to 200 C. This correlation is based on the correlation of viscosity of pure hydrocarbons that had been developed by Mehrotra (1995)."
"A novel mathematical model for modeling viscosity and temperature relationship for dead oils","https://scispace.com/paper/a-novel-mathematical-model-for-modeling-viscosity-and-38xsua6blaan","2024","Journal Article","Dental science reports","Alireza Dolatyari
Mohammad Ahmady
Alireza Kazemi","10.1038/s41598-024-73573-8","","Viscosity is crucial in subsurface and surface transport, used in engineering domains like heat transfer and pipeline design. However, measurements are limited, necessitating predictive viscosity relationships. Existing models lack precision or pertain to limited fluids, and accurately forecasting dead oil viscosity remains challenging due to errors. The study presents a mathematical algorithm to accurately estimate viscosity values in hydrocarbon fluids. It uses a robust non-linear regression technique to establish a reliable relationship between fluid viscosity and temperature within a specific temperature range. The algorithm is applied to extra-heavy to light crude oil samples from Iranian oilfields, revealing viscosity values ranging from 0.29 cp to 5328.74 cp within a dataset of 243 viscosity data points. After modeling each of these five fluids, the highest values obtained for the maximum absolute error and relative error are related to the fluid with an API gravity of 12.92. The maximum absolute error and relative error for this fluid sample are 1.25 cp and 6.04%, respectively. The algorithm offers acceptable precision in outcome models, even with limited training data, demonstrating its effectiveness in training models with less than 30% of available data. Moreover, these models end up with a near-unity coefficient of determination in testing data, reaffirming their proficiency at reflecting empirical data with remarkable accuracy. ","A novel mathematical model accurately estimates viscosity values in hydrocarbon fluids using non-linear regression, achieving high precision with limited training data and near-unity coefficient of determination in testing data for Iranian oilfield samples."