"Paper Title","Paper Link","Publication Year","Publication Type","Publication Title","Author Names","DOI","PDF Link","Abstract","TL;DR"
"Eyring's Rate Theory and Its Connection to Entropy Scaling: Viscosity and Self-Diffusion of Hydrocarbons, Alcohols, and Water","https://scispace.com/paper/eyring-s-rate-theory-and-its-connection-to-entropy-scaling-qa5macipeiee","2025","Journal Article","","Maximilian Fleck","10.26434/chemrxiv-2025-nbhbq","","Eyring's absolute rate theory relates fluid flow with the activation energy necessary for a molecule to go from one equilibrium position to another. Developed nearly a century ago, it remains a powerful approach for understanding transport processes in liquids. This work presents a revision of Eyring's theory by replacing the vaporization-based parts of the theory with a residual approach that conceptualizes transport as local (re)movement of molecules within the system rather than removal from it. In this new approach, the energy barrier corresponds to the difference between a molecule with and without intermolecular interactions, effectively treating it as the residual property related to an ideal gas reference state. Furthermore, we explore the physical connections between Eyring's absolute rate theory and Rosenfeld excess entropy scaling, revealing that both approaches describe complementary aspects of the same transport phenomena. It is tempting to link both theories. The activation parameters in Eyring's theory, particularly the energy of activation, are shown to relate to the residual entropy used in entropy scaling. This provides a pathway to establish entropy scaling on a more rigorous physical foundation while offering deeper insights into the molecular mechanisms governing viscous flow. In comparison to experimental data, the revised theory demonstrated significant predictive power for viscosity across a wide range of thermodynamic conditions and species, including associating liquids. Moreover, parameters are transferable to other properties, such as self-diffusion. ",""
"Cálculo de viscosidade de líquidos com a ede cubic-plus-association incorporada ao modelo eyring","https://scispace.com/paper/calculo-de-viscosidade-de-liquidos-com-a-ede-cubic-plus-9nfh58eixc","2015","Proceedings Article","","I. Q. Matos
J. P. L. Santos
G. F. Silva","10.5151/CHEMENG-COBEQ2014-0637-24641-139268","https://scispace.com/pdf/calculo-de-viscosidade-de-liquidos-com-a-ede-cubic-plus-9nfh58eixc.pdf","RESUMO – A viscosidade e uma propriedade de transporte fundamental para o desenvolvimento de processos nas industrias petroquimica, petrolifera, quimica e de outras industrias que envolvem o transporte de fluidos. Calculos de viscosidade sao baseados no principio dos estados correspondentes ou na teoria de Eyring. Assim, o objetivo do presente trabalho e incorporar a equacao de estado Cubic-Plusassociation (EdE CPA) na teoria de Eyring para correlacionar e predizer a viscosidade dos componentes puros que formam ligacoes de hidrogenio metanol, etanol e 2-propanol e das misturas metanol+etanol, metanol+2-propanol e etanol+ 2propanol. A EdE CPA forneceu resultados satisfatorios tanto para componentes puros quanto para misturas binarios.","In this paper, a equacao de estado Cubic-Plus Association (EdE CPA) was incorporated into the teoria de Eyring for correlacionar and predizer a viscosidade dos componentes puros that formam ligacoes de hidrogenio metanol, etanol, 2-propanol, metanol+etanol, etc."
"Eyring-Theory-Based Model To Estimate Crude Oil Viscosity at Reservoir Conditions†","https://scispace.com/paper/eyring-theory-based-model-to-estimate-crude-oil-viscosity-at-3oh5oiu9g5","2009","Journal Article","Energy & Fuels","Ricardo Macías-Salinas
C. Duran-Valencia
Simón López-Ramírez
Christian Bouchot","10.1021/EF8003015","","The well-known absolute reaction rate theory of Eyring was successfully extended to the accurate estimation of crude oil viscosities over a wide pressure range: from dead to live oil conditions. Two simple cubic equations of state (Soave or Peng−Robinson) were incorporated into the viscosity model to calculate all of the thermodynamic properties required within the Eyring’s modeling framework. Satisfactory density and viscosity representations of various crude oils (with low-to-moderate molar masses) were achieved by using two tuning parameters valid over a wide pressure range.","In this article, the absolute reaction rate theory of Eyring was successfully extended to the accurate estimation of crude oil viscosities over a wide pressure range: from dead to live oil conditions."
"Modelación de la viscosidad dinámica de fluidos newtonianos a partir de la teoría de Eyring y la energía libre de Helmholtz residual","https://scispace.com/paper/modelacion-de-la-viscosidad-dinamica-de-fluidos-newtonianos-xg877oq0","2022","Journal Article","Revista EIA","Luis Fernando Cardona Palacio","10.24050/reia.v19i38.1535","","En este trabajo se modela la viscosidad dinámica de fluidos newtonianos a partir de la teoría de Eyring junto con la energía libre de Helmholtz residual. Para la estimación de esta energía se utiliza una versión modificada de la ecuación cúbica de estado de Peng-Robinson. Los parámetros ajustables del modelo se han determinado a partir de datos experimentales en la zona coexistencia líquido-vapor para n-alcanos y n-alcoholes. Posteriormente estos parámetros se han generalizado utilizando expresiones matemáticas simples que dependen del peso molecular de cada sustancia. Se evalúan las capacidades predictivas del modelo en condiciones de una sola fase. Las desviaciones absolutas durante el proceso de correlación son menores de 3,27%, mientras que en el proceso de predicción son menores de 5,60%. El modelo generalizado es extendido a mezclas binarias utilizando una regla de mezcla simple sin y con coeficientes de interacción, con desviaciones absolutas de 8,19% y 3,45%, respectivamente. Finalmente, el modelo es comparado con otros en la literatura y los resultados estadísticos muestran que proporciona resultados aceptables.","In this article , the viscosidad dinámica de fluidos newtonianos a partir de la teoría de Eyring junto with the energía libre de Helmholtz residual was modeled."
"Modified Eyring viscosity equation and calculation of activation energy based on the liquid quasi-lattice model","https://scispace.com/paper/modified-eyring-viscosity-equation-and-calculation-of-w1ae9h7lon","2010","Journal Article","Science China-physics Mechanics & Astronomy","GuangZe Han
ZengKe Fang
MingDong Chen","10.1007/S11433-010-4096-9","","Viscosity is an important physical parameter of fluid, and the Eyring viscosity equation is a popular viscosity theory. Based on the Eyring reaction rate equation and Boltzmann statistical theory, and including the probabilities of creating a hole in liquid and the transition to the neighboring hole, a modified Eyring viscosity equation was proposed. According to the structural characteristics of short-range order, liquid is treated as a quasi-lattice structure in a small region. The activation energy, which is the minimum energy needed for the molecule to jump to its neighboring hole because of the restriction of other molecules around it, was analytically calculated from an intermolecular Lennard-Jones potential function and a Stockmayer potential function. The viscosity values of 37 kinds of typical liquids at 25°C and the dependence of viscosity of three kinds of liquids on temperatures were calculated with this modified viscosity equation, and the calculated results agree with the experimental values to some extent. This work not only enriches the understanding of the mechanism of liquid viscosity, but also could provide some theoretical guides for the relevant studies and applications.","Based on the Eyring reaction rate equation and Boltzmann statistical theory, and including the probabilities of creating a hole in liquid and the transition to the neighboring hole, a modified Eyring viscosity equation was proposed in this paper."
"Cálculo de viscosidade de Líquidos com a EdE Cubic-Plus-Association incorporada ao modelo Eyring","https://scispace.com/paper/calculo-de-viscosidade-de-liquidos-com-a-ede-cubic-plus-3iwxzalx09","2014","","","Jose da Paixao Lopes dos Santos
Isabela Quintela Matos
Gabriel Francisco da Silva","","","RESUMO – A viscosidade e uma propriedade de transporte fundamental para o desenvolvimento de processos nas industrias petroquimica, petrolifera, quimica e de outras industrias que envolvem o transporte de fluidos. Calculos de viscosidade sao baseados no principio dos estados correspondentes ou na teoria de Eyring. Assim, o objetivo do presente trabalho e incorporar a equacao de estado Cubic-Plusassociation (EdE CPA) na teoria de Eyring para correlacionar e predizer a viscosidade dos componentes puros que formam ligacoes de hidrogenio metanol, etanol e 2-propanol e das misturas metanol+etanol, metanol+2-propanol e etanol+ 2propanol. A EdE CPA forneceu resultados satisfatorios tanto para componentes puros quanto para misturas binarios.","In this article, a equacao de estado Cubic-Plus Association (EdE CPA) was incorporated into the teoria de Eyring for correlacionar and predizer a viscosidade dos componentes puros that formam ligacoes de hidrogenio metanol, etanol, 2-propanol, metanol+etanol, etc."
"Relationship between the Macroscopic and Quantum Characteristics of Dynamic Viscosity for Hydrocarbons upon the Compensation Effect","https://scispace.com/paper/relationship-between-the-macroscopic-and-quantum-44yk17lxkk","2018","Journal Article","Russian Journal of Physical Chemistry A","M. Yu. Dolomatov
M. Yu. Dolomatov
Ella A. Kovaleva
D. A. Khamidullina","10.1134/S0036024418050084","","An approach that allows the calculation of dynamic viscosity for liquid hydrocarbons from quantum (ionization energies) and molecular (Wiener topological indices) parameters is proposed. A physical relationship is revealed between ionization and the energies of viscous flow activation. This relationship is due to the contribution from the dispersion component of Van der Waals forces to intermolecular interaction. A two-parameter dependence of the energy of viscous flow activation, energy of ionization, and Wiener topological indices is obtained. The dynamic viscosities of liquid hydrocarbons can be calculated from the kinetic compensation effect of dynamic viscosity, which indicates a relationship between the energy of activation and the Arrhenius pre-exponental factor of the Frenkel–Eyring hole model. Calculation results are confirmed through statistical processing of the experimental data.","In this paper, an approach that allows the calculation of dynamic viscosity for liquid hydrocarbons from quantum (ionization energies) and molecular (Wiener topological indices) parameters is proposed."
"Theory of the Viscosity of Liquids as a Function of Temperature and Pressure","https://scispace.com/paper/theory-of-the-viscosity-of-liquids-as-a-function-of-1bmnwpdb1n","1937","Journal Article","Journal of Chemical Physics","Raymond H. Ewell
Henry Eyring","10.1063/1.1750108","","An equation for the viscosity of a liquid in terms of the energy of vaporization and the molal volume is developed from the reaction rate theory of viscosity due to Eyring. The degree of freedom corresponding to flow is assumed to be a translational one, and the energy of activation for the elementary flow process is assumed to be some fraction, 1/n, of the energy of vaporization. On applying this equation to a large number of normal liquids it is found that molecules possessing spherical symmetry have n = 3, while nonspherical molecules have n greater than 3, usually about 4. It is shown that the ratio ΔEvap/ΔEvis,  where  ΔEvis=R(d ln η)/(d(1/T)), can be taken as an index of the size and shape of the molecule, or more precisely, of the unit of flow in the liquid. The activation energy for flow in liquid metals is a very small fraction of the energy of vaporization, ranging from 1/10 to 1/25, leading to the conclusion that the metal ions flow without their valence electrons. Viscosity data confirm the S8...","In this article, an equation for the viscosity of a liquid in terms of the energy of vaporization and the molal volume is developed from the reaction rate theory of viscosity due to Eyring."
"Thermodynamic activation functions of viscous flow of non-polar liquids","https://scispace.com/paper/thermodynamic-activation-functions-of-viscous-flow-of-non-4lmz6358z7","1986","Journal Article","Rheologica Acta","J. Kotas
M. Valešová","10.1007/BF01357960","","The thermodynamic activation function of viscous flow may be determined from the expression for the pre-exponential factor in the Eyring relationship (the viscosity coefficient), which is a function of density and relative permittivity, together with the thermal dependence of the viscosity coefficient. This method of determination is demonstrated for a series of n-alkanes C6–C20.","The thermodynamic activation function of viscous flow may be determined from the expression for the preexponential factor in the Eyring relationship (the viscosity coefficient), which is a function of density and relative permittivity as mentioned in this paper."
"Incremental viscosity by non-equilibrium molecular dynamics and the Eyring model.","https://scispace.com/paper/incremental-viscosity-by-non-equilibrium-molecular-dynamics-2um952okzw","2018","Journal Article","Journal of Chemical Physics","David M. Heyes
Daniele Dini
Edward Smith","10.1063/1.5027681","https://scispace.com/pdf/incremental-viscosity-by-non-equilibrium-molecular-dynamics-2um952okzw.pdf","The viscoelastic behavior of sheared fluids is calculated by Non-Equilibrium Molecular Dynamics (NEMD) simulation, and complementary analytic solutions of a time-dependent extension of Eyring’s model (EM) for shear thinning are derived. It is argued that an “incremental viscosity,” ηi, or IV which is the derivative of the steady state stress with respect to the shear rate is a better measure of the physical state of the system than the conventional definition of the shear rate dependent viscosity (i.e., the shear stress divided by the strain rate). The stress relaxation function, Ci(t), associated with ηi is consistent with Boltzmann’s superposition principle and is computed by NEMD and the EM. The IV of the Eyring model is shown to be a special case of the Carreau formula for shear thinning. An analytic solution for the transient time correlation function for the EM is derived. An extension of the EM to allow for significant local shear stress fluctuations on a molecular level, represented by a gaussian distribution, is shown to have the same analytic form as the original EM but with the EM stress replaced by its time and spatial average. Even at high shear rates and on small scales, the probability distribution function is almost gaussian (apart from in the wings) with the peak shifted by the shear. The Eyring formula approximately satisfies the Fluctuation Theorem, which may in part explain its success in representing the shear thinning curves of a wide range of different types of chemical systems.","The Eyring formula approximately satisfies the Fluctuation Theorem, which may in part explain its success in representing the shear thinning curves of a wide range of different types of chemical systems."
"Viscous behavior of linear and three-branch alkanes: Linking the equilibrium and transport theories","https://scispace.com/paper/viscous-behavior-of-linear-and-three-branch-alkanes-linking-3fsujyykn5ug","2022","Journal Article","","","10.1002/(sici)1099-0488(19990501)37:9&lt;879","","A new model for zero-shear viscosity, eta, is proposed. The model combines the Simha-Somcynsky (SS) statistical thermodynamic theory of liquids with the Eyring Significant Structure (ESS) transport theory. Using the new model, a successful linearization of the experimental viscosity vs, hole fraction data was obtained. A comparison between the new model and Utracki's relation, 1n eta = a(0) + a(1)/(h + a(2)) was also made. The former was found to be more successful for both linear and nonlinear structures, provided that an appropriate choice of the degrees of freedom of normal and activated states was made. The proportionality constant of the activation energy and transmission coefficient were also calculated for each species. (C) 1999 John Wiley &amp; Sons, Inc. ",""
"Détermination des variations de la viscosité de divers hydrocarbures en fonction de la pression et de la température. Etude critique de modles représentatifs.","https://scispace.com/paper/determination-des-variations-de-la-viscosite-de-divers-21tv9kpxq7","1991","Dissertation","","Aziz Ettahir","","","L'objectif de ce travail est de contribuer a mieux connaitre la viscosite des hydrocarbures et de leurs melanges dans de larges conditions de pression et de temperature. Nous avons d'abord choisi un ensemble de molecules modeles lourdes dotees de structures ramifiees ou polycycliques. Des determinations experimentales (t entre 25c et 90c et p inferieur a 1000 bars) de la viscosite et de la masse volumique relatives aux corps purs et a certains binaires (toluene et molecule modele) ont ete ainsi effectuees. Nous avons aussi realise une banque de donnees experimentales (environ 15500 points) relative a la viscosite et a la masse volumique, pour les hydrocarbures et leurs melanges. Nous avons compare et critique divers modeles et propose des ameliorations. Nous avons considere plus particulierement deux procedures frequemment utilisees en industrie petroliere. La premiere concerne une correlation basee sur la viscosite residuelle et la seconde concerne l'application du principe des etats correspondants avec double reference. Une methode mise au point au laboratoire (auto-reference) a ete aussi examinee et s'est revelee aussi performante que les deux premieres mais plus simple d'emploi.","In this article, an ensemble of molecules modeles lourdes dotees de structures ramifiees ou polycycliques was used to compare and critique divers modeles and propose des ameliorations."
"On the Role of Viscosity in the Eyring Equation","https://scispace.com/paper/on-the-role-of-viscosity-in-the-eyring-equation-1nujdn2nvd","2016","Journal Article","ChemPhysChem","Jos C. M. Kistemaker
Anouk S. Lubbe
Erik A. Bloemsma
Ben L. Feringa","10.1002/CPHC.201501177","","Transition-state theory allows for the characterization of kinetic processes in terms of enthalpy and entropy of activation by using the Eyring equation. However, for reactions in solution, it fails to take the change of viscosity of solvents with temperature into account. A second-generation unidirectional rotary molecular motor was used as a probe to study the effects of temperature-dependent viscosity changes upon unimolecular thermal isomerization processes. By combining the free-volume model with transition-state theory, a modified version of the Eyring equation was derived, in which the rate is expressed in terms of both temperature and viscosity.","By combining the free-volume model with transition-state theory, a modified version of the Eyring equation was derived, in which the rate is expressed in terms of both temperature and viscosity."
"Modified Eyring viscosity equation and calculation of activation energy based on the liquid quasi-lattice model","https://scispace.com/paper/modified-eyring-viscosity-equation-and-calculation-of-wqoe4l6rc5","2010","","","Han Guang","","","Viscosity is an important physical parameter of fluid,and the Eyring viscosity equation is a popular viscosity theoryBased on the Eyring reaction rate equation and Boltzmann statistical theory,and including the probabilities of creating a hole in liquid and the transition to the neighboring hole,a modified Eyring viscosity equation was proposedAccording to the structural characteristics of short-range order,liquid is treated as a quasi-lattice structure in a small regionThe activation energy,which is the minimum energy needed for the molecule to jump to its neighboring hole because of the restriction of other molecules around it,was analytically calculated from an intermolecular Lennard-Jones potential function and a Stockmayer potential functionThe viscosity values of 37 kinds of typical liquids at 25°C and the dependence of viscosity of three kinds of liquids on temperatures were calculated with this modified viscosity equation,and the calculated results agree with the experimental values to some extentThis work not only enriches the understanding of the mechanism of liquid viscosity,but also could provide some theoretical guides for the relevant studies and applications","Based on the Eyring reaction rate equation and Boltzmann statistical theory, and including the probabilities of creating a hole in liquid and the transition to the neighboring hole, a modified Eyring viscosity equation was proposed as discussed by the authors."
"Evaluation of the activation energy of viscous flow for a binary mixture in order to estimate the thermodiffusion coefficient","https://scispace.com/paper/evaluation-of-the-activation-energy-of-viscous-flow-for-a-1gt21qny1u","2011","Journal Article","Journal of Non-Equilibrium Thermodynamics","Alireza Abbasi
M. Ziad Saghir
Masahiro Kawaji","10.1515/JNETDY.2011.003","","The evaluation of the activation energy in Eyring’s viscosity theory is of great importance in estimating the thermodiffusion coefficient for associating and non-associating fluid mixtures. Several methods were used to estimate the activation energies of pure components and then extended to mixtures of linear hydrocarbon chains. Results show that the recent model of Abbasi et al. [1] gives a good outcome in determining the activation energy of the components of a binary mixture. The activation energy model for pure components is shown to be useful for obtaining the activation energy of the mixture. In this paper, the activation energy model using alternative forms of Eyring’s viscosity theory is used to estimate the thermodiffusion coefficient values for hydrocarbon binary mixtures. Comparisons of predicted thermodiffusion coefficients using different theoretical models with the experimental data show good capability of the activation energy model.","In this paper, the activation energy model using alternative forms of Eyring's viscosity theory is used to estimate the thermodiffusion coefficient values for hydrocarbon binary mixtures."
"Eyring黏度公式的几率修正及基于液体准晶模型分子活化能的计算","https://scispace.com/paper/eyringnian-du-gong-shi-de-ji-lu-xiu-zheng-ji-ji-yu-ye-ti-oa9fej0c4thi","","","","光泽 韩
明东 陈
增科 房","10.1360/2010-40-9-1092","","黏度是流体的重要物性参数,Eyring黏度公式是目前较为流行的黏度理论.利用Eyring反应速率方程,基于玻尔兹曼统计,考虑到液体中产生空位的几率和分子向邻近空位跃迁的几率,对Eyring黏度公式进行了几率修正.根据液体分子排列的短程有序结构,将液体视作具有简单立方系的准晶结构,利用分子之间的Lennard-Jones(L-J)势能模型和偶极分子间的Stockmayer势能函数,计算了液体分子向空位跃迁过程中必须克服周围其他分子束缚作用所需要的活化能.利用修正后的黏度公式计算了典型的37种常见液体在25℃时的黏度值以及三种液体的黏度值随温度的变化,计算结果与实验值基本相符.本工作丰富了对液体黏度产生机理的认识,对相关的研究和应用可能具有一定的理论指导意义.","This study revises the Eyring viscosity formula by incorporating probability corrections and calculates the activation energy for molecular hopping in liquids using a quasi-crystalline model, showing good agreement with experimental data for various liquids."
"Bestimmung der Aktivierungsenergie von Fluiden mit Hilfe der Viskositätsmessung","https://scispace.com/paper/bestimmung-der-aktivierungsenergie-von-fluiden-mit-hilfe-der-5dsd9x1ih7","2016","","","Mario Müller","","","Increasing the efficiency of modern drive technology can be carried out by minimizing the mechanical losses at the tribological contacts. The reliable function depends essentially on the thermophysical properties of the lubricant used. At the same time, higher power density ever higher demands are placed on the operational reliability of the drive train in case of malfunctions or other unforeseen operating situations. This also requires a continuous expansion of calculation and simulation methods. As the development trend leads to higher performance and power densities, the detailed account of thermophysical models of lubricants for reliable prediction of the operating performance of tribological contacts is essential. Eyring has placed with his kinetic theory the foundation for describing the viscosity by exchange processes. After Eyring the flow of a fluid based on the fact that particles can jump into an existing hole from the environment. Assuming that the internal friction is determined by the interaction between the molecules, existing interaction forces must be canceled and reformed. The energy required for this corresponds to the activation energy.","In this article, the authors present a detailed account of thermophysical models of lubricants for reliable prediction of the operating performance of tribological contacts, which is essential for the development trend of higher performance and power densities."
"Linking the viscous and vacancy behavior of high molecular weight hydrocarbons","https://scispace.com/paper/linking-the-viscous-and-vacancy-behavior-of-high-molecular-1plj5en1m6","2004","Journal Article","Rheologica Acta","Ugur Yahsi
Fatma Şahin","10.1007/S00397-003-0330-Y","","A new theoretical model that was recently purposed for zero-shear viscosity has now been extended to the three-branch alkanes with pentyl, hexyl, or phenyl attachments. The model links the equilibrium theory of Simha-Somcynsky (SS) statistical thermodynamics of liquids and the transport theory of Eyring Significant Structure (ESS). The predicted quantity of hole fraction as a measure of the free volume, computed from the SS equation of state, plays a primary role in the theory to combine the both theories. The experimental PVTη data from 310 to 408 K temperature and 0.1 to 344.5 MPa pressure range have been used. The proportionality constants of the activation energy and the transmission coefficient have been calculated for each species separately and they are in expected trend with the substituted ring structure. Satisfactory agreement in prediction of viscosity from the hole fraction has been obtained.","In this paper, a new theoretical model that was recently purposed for zero-shear viscosity has now been extended to the three-branch alkanes with pentyl, hexyl, or phenyl attachments."
"Viscosity of ternary liquid systems and the significant structure theory","https://scispace.com/paper/viscosity-of-ternary-liquid-systems-and-the-significant-240rt6vlsk","1994","","","J.D. Pandey
Abha Shukla
Shikha
Neelima Tripathi","","https://scispace.com/pdf/viscosity-of-ternary-liquid-systems-and-the-significant-240rt6vlsk.pdf","Significant structure theory (SST), developed by Eyring and coworkers, has been applied for the first time to evaluate the viscosity of carbon tetrachloride + cyclohexane +benzene ternary liquid mixture. The theoretical viscosity values obtained for this system are in agreement with those obtained from significant structure theory. Thus, it has been demonstrated that SST can be applied to multicomponent liquid systems.","Significant structure theory (SST) has been applied for the first time to evaluate the viscosity of carbon tetrachloride + cyclohexane +benzene ternary liquid mixture."
"Eyring Functions of Activation for the Viscous Flow of Some Higher Alcohols in Cyclohexane Solutions","https://scispace.com/paper/eyring-functions-of-activation-for-the-viscous-flow-of-some-413cso258r","1998","Journal Article","Monatshefte Fur Chemie","Helena Abramovič
Cveto Klofutar","10.1007/PL00013489","","The viscosities of solutions of 1-octanol, 1-nonanol, and 1-decanol in cyclohexane up to concentrations of 1.56 molċkg−1 were determined in the temperature range from 293.15 to 333.15 K. Applying Eyring’s transition state theory, the Eyring functions of activation for the viscous flow of binary mixtures, i.e. the molar Gibbs free energy, entropy, and enthalpy were estimated. The correlation coefficients β
 Y
 (Y=G, H, or S) were derived and used to discuss the initial effect of the solute on the activation parameters for the viscous flow. From the partial molar thermodynamic functions of activation and the partial molar volumetric data of solute and solvent at infinite dilution, the viscosity coefficient B was determined. For the interpretation of the experimental data, the Unified Interaction Parameter Formalism was used.","In this paper, the viscosities of solutions of 1-octanol, 1-nonanol, and 1-decanol in cyclohexane up to concentrations of 1.56 kg−1 were determined in the temperature range from 293.15 to 333.15"
"Activation Energy of the Eyring Theory of Liquid Viscosity and Diffusion","https://scispace.com/paper/activation-energy-of-the-eyring-theory-of-liquid-viscosity-3ec6q9j2lq","1957","Journal Article","Journal of Chemical Physics","F. C. Collins","10.1063/1.1743306","","The determination of the activation energy of the Eyring viscosity and diffusion theory from the isobaric temperature coefficient of the transport property is shown to be inconsistent with the assumed mechanism of the process. An alternative form of the Eyring theory makes use of an activation energy determined from the constant volume temperature coefficient of the transport property. Here the calculated viscosities and their isobaric temperature coefficients turn out to be in moderately satisfactory agreement with experiment in the case of several simple liquids.","In this paper, the activation energy of the Eyring viscosity and diffusion theory from the isobaric temperature coefficient of the transport property is shown to be inconsistent with the assumed mechanism of the process."
"On the Mechanism of Viscosity of Liquids","https://scispace.com/paper/on-the-mechanism-of-viscosity-of-liquids-2h3awfkbxn","1949","Journal Article","Journal of Chemical Physics","M. S. Telang","10.1063/1.1747315","","A new viscosity‐temperature relationship for liquids has been derived, and its application has been studied. The derivation is based upon the theory of viscosity by Eyring et al., rectifying the ``activation energy'' term. The ``activation energy'' term has been shown to be equivalent to the free energy of formation of a surface and the error committed by previous workers regarding the evaluation of ``activation energy'' has been discussed. The proposed equation is free from any arbitrary or empirical terms, and since, in particular, it does not involve any quantities derived from viscosity measurements, it makes a direct calculation of viscosity possible.","In this paper, a new viscosity-temperature relationship for liquids has been derived, and its application has been studied, based upon the theory of viscosities by Eyring et al., rectifying the activation energy term."
"Viscosité de mélanges d'alcanes et d'alkylbenzènes en fonction de la pression et de la température : Application aux coupes pétrolières","https://scispace.com/paper/viscosite-de-melanges-d-alcanes-et-d-alkylbenzenes-en-4c7elqil9a","1988","Dissertation","","Mohammed Kanti","","","La viscosite de melanges binaires ou ternaires d'alcanes purs et d'alkylbenzenes purs, ainsi que de coupes petrolieres est mesuree a des temperatures comprises entre 20 et 100**(o)c et a des pressions allant jusqu'a 1000 bars. Les resultats experimentaux sont confrontes aux calculs de diverses lois de melange. Pour les melanges binaires, les enthalpies libres molaires d'activation d'exces sont determinees a partir des mesures de viscosite et en fonction de la pression et de la temperature. L'utilisation des lois de melange, valables pour les melanges simples n'etant pas applicables aux melanges complexes comme les coupes petrolieres a rendu necessaire le developpement d'un modele base sur la seule connaissance, a pression atmospherique et a temperature donnee, de la viscosite du fluide considere.","In this paper, the authors investigate the applicability of various lois de melange, valables pour les melanges simples n'etant pas applicables aux melanges complexes comme les coupes petrolieres, to the developpement d'un modele base sur la seule connaissance, a pression atmospherique and a temperature donnee, de la viscosite du fluide considere."
"Linking the Viscous and Vacancy Behavior of Mixtures of High-Molecular-Weight Hydrocarbons","https://scispace.com/paper/linking-the-viscous-and-vacancy-behavior-of-mixtures-of-high-ze7t8pzab9","2006","Journal Article","International Journal of Thermophysics","Fatma Şahin
Cumali Tav
Ugur Yahsi","10.1007/S10765-006-0099-1","","A zero-shear viscosity model has now been extended to mixtures of three-branch alkanes with and without cyclopentyl or cyclohexyl attachments. The model links the equilibrium theory of Simha–Somcynsky (SS) statistical thermodynamics of liquids and the Eyring significant structure (ESS) transport theory. The predicted quantity of the hole fraction as a measure of the free volume, computed from the SS equation of state, plays a primary role in the approach to combine both theories. Experimental PVTη data from 310 to 408 K and 0.1 to 344.5 MPa have been used. The proportionality constant of the activation energy and the transmission coefficient have been calculated for each species separately, and they are in the expected trend with the fraction of mixtures. Satisfactory agreement in the prediction of viscosity from the hole fraction has been obtained. The volumetric and viscous data of physical mixtures are predicted from and compared with their chemical correspondence.","In this paper, a zero-shear viscosity model was extended to mixtures of three-branch alkanes with and without cyclopentyl or cyclohexyl attachments."
"Viscosity Calculations with the Eyring−Patel−Teja Model for Liquid Mixtures","https://scispace.com/paper/viscosity-calculations-with-the-eyring-patel-teja-model-for-1g0w4vcz6f","1999","Journal Article","Industrial & Engineering Chemistry Research","Ming-Jer Lee
Ju-Yin Chiu
Shou-Ming Hwang
Ho-mu Lin","10.1021/IE980751Y","","The Patel−Teja equation of state was incorporated with Eyring's theory to form the Eyring−Patel−Teja viscosity model, in which both the excess activation free energy of flow and the density of a li...","The Patel−Teja equation of state was incorporated with Eyring's theory to form the Eyring−Patel-Teja viscosity model as mentioned in this paper, in which both the excess activation free energy of flow and the density of a flow were taken into account."
"Prediction of the Kinematic Viscosity of Crude Oil Fractions","https://scispace.com/paper/prediction-of-the-kinematic-viscosity-of-crude-oil-fractions-1vlewruh9j","2010","Journal Article","Petroleum Science and Technology","A. Soltani
A. Nozarpour
Seyed Foad Aghamiri","10.1080/10916460902804580","","A generalized equation based on modified Eyring's theory for predicting kinematic viscosity of petroleum fractions is proposed in this work. The equation uses two reference fluids including a pair of (C6 and C10), (C10 and C14), or (C14 and C20) for petroleum fractions of molecular weight higher than 70 and lower than 300. Validity and accuracy of this equation have been confirmed by comparing the obtained results of this equation with experimental data. In contrast to other correlations that require so many specific parameters for oil viscosity prediction, this type of equation requires only molecular weight and true boiling point. The results obtained in this work are in agreement with experimental data with an average absolute deviation (AAD) of less than 5%.","In this article, a generalized equation based on modified Eyring's theory for predicting kinematic viscosity of petroleum fractions is proposed, which uses two reference fluids including a pair of (C6 and C10), (C10 and C14), or (C14 and C20) for petroleum fractions of molecular weight higher than 70 and lower than 300."
"High-Temperature Compensation Effect of Dynamic Viscosity in Multicomponent Hydrocarbon Media","https://scispace.com/paper/high-temperature-compensation-effect-of-dynamic-viscosity-in-5gpuxwyrme","2017","Journal Article","Journal of Engineering Physics","M. Yu. Dolomatov
G. I. Nizamova
N. A. Zhuravleva","10.1007/S10891-017-1652-4","","Linear dependences connecting the preexponent to the activation energy of viscous flow in the Frenkel–Eyring equation have been obtained for multicomponent hydrocarbon media (high-boiling distillate fractions). For these media, the kinetic compensation effect has been established whose distinctive feature is its action in the temperature range including the temperature of thermal destruction (400–450°C) of the indicated media. The obtained results have been confirmed by statistical-processing data and make it possible to predict the dynamic viscosity of multicomponent hydrocarbon systems, such as tars and other high-boiling oil distillates.","In this paper, linear dependences connecting the preexponent to the activation energy of viscous flow in the Frenkel-Eyring equation have been obtained for multicomponent hydrocarbon media (high-boiling distillate fractions)."
"Propagation of Viscous Waves and Activation Energy of Hydrocarbon Fluids","https://scispace.com/paper/propagation-of-viscous-waves-and-activation-energy-of-4tmbk7099h","2012","Journal Article","World Academy of Science, Engineering and Technology, International Journal of Mathematical, Computational, Physical, Electrical and Computer Engineering","Ram N. Singh
Abraham K. George
Dawood N. Al-Namaani","","","The Euler’s equation of motion is extended to include the viscosity stress tensor leading to the formulation of Navier– Stokes type equation. The latter is linearized and applied to investigate the rotational motion or vorticity in a viscous fluid. Relations for the velocity of viscous waves and attenuation parameter are obtained in terms of viscosity (μ) and the density (ρ) of the fluid. μ and ρ are measured experimentally as a function of temperature for two different samples of light and heavy crude oil. These data facilitated to determine the activation energy, velocity of viscous wave and the attenuation parameter. Shear wave velocity in heavy oil is found to be much larger than the light oil, whereas the attenuation parameter in heavy oil is quite low in comparison to light one. The activation energy of heavy oil is three times larger than light oil. Keywords—Activation Energy, Attenuation, Crude Oil, NavierStokes Equation, Viscosity.","In this article, the Euler's equation of motion is extended to include the viscosity stress tensor leading to the formulation of Navier-Stokes type equation, which is linearized and applied to investigate the rotational motion or vorticity in a viscous fluid."
"Propagation Of Viscous Waves And Activation Energy Of Hydrocarbon Fluids","https://scispace.com/paper/propagation-of-viscous-waves-and-activation-energy-of-110spjb03cva","2018","Repository","","Dawood N. Al-Namaani","10.5281/zenodo.1072250","","The Euler-s equation of motion is extended to include the viscosity stress tensor leading to the formulation of Navier– Stokes type equation. The latter is linearized and applied to investigate the rotational motion or vorticity in a viscous fluid. Relations for the velocity of viscous waves and attenuation parameter are obtained in terms of viscosity (μ) and the density (¤ü) of the fluid. μ and ¤ü are measured experimentally as a function of temperature for two different samples of light and heavy crude oil. These data facilitated to determine the activation energy, velocity of viscous wave and the attenuation parameter. Shear wave velocity in heavy oil is found to be much larger than the light oil, whereas the attenuation parameter in heavy oil is quite low in comparison to light one. The activation energy of heavy oil is three times larger than light oil. ",""
"Theoretical Calculation of the Pressure Dependence of Liquid Hydrocarbon Viscosities","https://scispace.com/paper/theoretical-calculation-of-the-pressure-dependence-of-liquid-5eop8j80jo","1969","Journal Article","Journal of Chemical Physics","Mu Shik Jhon
William L. Klotz
Henry Eyring","10.1063/1.1672580","","The extension of the significant structure theory of viscosity to the calculation of the viscosities of some selected liquid hydrocarbons such as n‐C12, n‐C15, and n‐C18, etc., has been made. In this derivation, the explicit functional expressions of the molar solidlike volume Vs and the intermolecular potential φ(a) were introduced. The agreement between theory and experiment over a wide temperature (35–135°C) and pressure range (1–3600 bars) is quite satisfactory. The advantage of this treatment is that thermodynamic as well as transport properties are calculated from this same model of the liquid state.","In this article, an extension of the significant structure theory of viscosity to the calculation of the viscosities of some selected liquid hydrocarbons such as n−C12, n•C15, and n‐C18 has been made."
"Molecular Shape Dependent Model of Self-Diffusion in, and the Viscosity of, Large Molecule Liquid Systems: Viscosity, Temperature, and Pressure Relationships for Model Liquid Hydrocarbons","https://scispace.com/paper/molecular-shape-dependent-model-of-self-diffusion-in-and-the-5dmt09erpe","1992","Journal Article","Journal of the American Chemical Society","Deyan Wang
Kenneth A. Mauritz","10.1021/JA00043A025","","Our earlier molecular shape dependent theoretical model for self-diffusion in, and the viscosity of, liquids of large (nonpolymeric) molecules was modified to incorporate the effect of an applied pressure. In this model, the pressure acts to increase the activation energy for the fundamental molecular hopping event. For large molecule liquids, significant pressure is viewed as causing molecules to crowd against each other as the free volume available for site-to-site hopping decreases and intermolecular interactions become stronger","In this paper, a molecular shape dependent theoretical model for self-diffusion in, and the viscosity of, liquids of large (nonpolymeric) molecules was modified to incorporate the effect of an applied pressure."
"Propagation of Viscous Waves and Activation Energy of Hydrocarbon Fluids","https://scispace.com/paper/propagation-of-viscous-waves-and-activation-energy-of-m43sdc9mncqi","","","","Ranjit Singh
A. K. George
Dawood N. Al-Namaani","10.5281/zenodo.1072251","","The Euler’s equation of motion is extended to include the viscosity stress tensor leading to the formulation of Navier– Stokes type equation. The latter is linearized and applied to investigate the rotational motion or vorticity in a viscous fluid. Relations for the velocity of viscous waves and attenuation parameter are obtained in terms of viscosity (μ) and the density (ρ) of the fluid. μ and ρ are measured experimentally as a function of temperature for two different samples of light and heavy crude oil. These data facilitated to determine the activation energy, velocity of viscous wave and the attenuation parameter. Shear wave velocity in heavy oil is found to be much larger than the light oil, whereas the attenuation parameter in heavy oil is quite low in comparison to light one. The activation energy of heavy oil is three times larger than light oil. Keywords—Activation Energy, Attenuation, Crude Oil, NavierStokes Equation, Viscosity.","Researchers extend Navier-Stokes equation to study viscous fluid motion, deriving relations for wave velocity and attenuation. Experimental data on light and heavy crude oil reveal differences in viscosity, density, and activation energy, with heavy oil exhibiting higher wave velocity and lower attenuation."
"On the pressure dependence of viscosity, especially for fluids that have a tendency to form glasses","https://scispace.com/paper/on-the-pressure-dependence-of-viscosity-especially-for-1slmpnv4k6ly","2024","Journal Article","Journal of Chemical Physics","Nicholas Hopper
Rosa M. Espinosa‐Marzal
Wilfred T. Tysoe","10.1063/5.0242497","","Understanding fluid viscosity is crucial for applications including lubrication and chemical kinetics. A commonality of molecular models is that they describe fluid flow based on the availability of vacant space. The proposed analysis builds on Goldstein’s idea that viscous transport must involve the concerted motion of a molecular ensemble, referred to as cooperatively rearranging regions (CRRs) by Adam and Gibbs in their entropy-based viscosity model for liquids close to their glass transition. The viscosity data for propylene carbonate reveal a non-monotonic trend of the activation volume with pressure, suggesting the existence of two types of CRR with different compressibility behaviors. This is proposed to result from a change in CRR free volume (&amp;lt;0.2 GPa) and a growth in its size (&amp;gt;0.2 GPa). We use Evans–Polanyi perturbation theory to develop an analytical model for the structural changes of the CRR in function of pressure and temperature and their effect on Eyring viscosity. This analysis shows that the activation energies and volumes scale with the CRR size. Using the compressibility data of propylene carbonate, we show that the activation volume of the CRR at low pressures depends on the compressibility of an ensemble comprised of the first coordination shell around a molecule. At higher pressures, we apply an Adam–Gibbs-type analysis to model the increase in CRR size and its effect on viscosity, where the increase in size is estimated from propylene carbonate’s heat capacity. However, this analysis also reveals deviations from the Adam and Gibbs model that will guide future improvements. ","Researchers investigate pressure-dependent viscosity in fluids prone to glass formation, proposing a model that explains non-monotonic trends in activation volume and size changes of cooperatively rearranging regions with pressure and temperature."
"Compensation effect of viscosity in multicomponent high-molecular-weight hydrocarbon systems","https://scispace.com/paper/compensation-effect-of-viscosity-in-multicomponent-high-k70orm78hu","2012","Journal Article","Journal of Engineering Physics","M. Yu. Dolomatov
S. V. Dezortsev","10.1007/S10891-012-0796-5","","The presence of the compensation effect of dynamic viscosity for multicomponent systems produced in different ways (physical mixing, chemical reactions) is established. The growth in the entropy term ΔS as part of the preexponent of the Frenkel equation is accompanied by the change in the activation energy E
 a of viscous flow. An analysis of the available results shows that this phenomenon is universal in character for hydrocarbon systems.","In this article, the authors established the presence of the compensation effect of dynamic viscosity for multicomponent systems produced in different ways (physical mixing, chemical reactions) and the growth in the entropy term ΔS as part of the preexponent of the Frenkel equation is accompanied by the change in the activation energy E of viscous flow."
"Viscosity of Several Liquid Hydrocarbons in the Temperature Range 298-453 K at Pressures up to 200 MPa","https://scispace.com/paper/viscosity-of-several-liquid-hydrocarbons-in-the-temperature-1q74eakump","1994","Journal Article","Journal of Chemical & Engineering Data","Ulrich G. Krahn
Gerhard Luft","10.1021/JE00016A006","","The viscosity of hydrocarbons under high pressure is of great importance for industrial processes involving polymerization or oil production. The viscosity of liquid 2,3,4-trimethylpentane, 2,2,4-trimethylpentane, 2,2,4,4,6,8,8-heptamethylnonane, squalane, polyisobutylene (M = 500 g/mol), ethylbenzene, and 1,2-diphenylethane at elevated pressures was determined with a rolling ball viscometer. The viscosity measurements were performed at 298, 353, and 453 K and pressures up to 200 MPa with an accuracy of [+-]2%. The results were described by an empirical equation as a function of pressure and temperature.","In this article, the viscosity of liquid 2,3,4-trimethylpentane, 2,2,4, 4,6,8,8-heptamethylnonane, squalane, polyisobutylene (M = 500 g/mol), ethylbenzene, and 1,2-diphenylethane at elevated pressures was determined with a rolling ball viscometer."
"Determination of pressure-viscosity relation of 2,2,4-trimethylhexane by all-atom molecular dynamics simulations","https://scispace.com/paper/determination-of-pressure-viscosity-relation-of-224-r4mavml1bqul","2022","Repository","","Robbins, Mark O.","10.48550/arxiv.1902.01493","","The Newtonian viscosity of 2,2,4-trimethylhexane at 293K is determined at pressures from 0.1MPa to 1000MPa. Non-equilibrium molecular dynamics simulations are performed using AIREBO-M, an all-atom potential for hydrocarbons especially parameterized for high pressures. The steady-state shear stress and viscosity are determined from simple shear simulations at rates between $10^7$ and $5\cdot 10^9\ \textrm{s}^{-1}$. At low pressures, simulation rates are low enough to reach the Newtonian regime. At high pressures, results are extrapolated to the Newtonian limit by fitting rate-dependent viscosities to Eyring theory. The resulting pressure dependent viscosity is typical of small molecules and fits to a common model are discussed. ",""
"Modeling of viscosity and thermal conductivity of hydrocarbons based on equation of state","https://scispace.com/paper/modeling-of-viscosity-and-thermal-conductivity-of-3dnakw1f","2023","Proceedings Article","Software Engineering Environments","C. Sun
S.-X. Rong
G.-J. Chen
Tian-Min Guo","10.1615/see2000.690","","Based on the geometric similarity of P-V-T, T-&#956;-P and T-&#955;-P diagrams, viscosity (&#956;) and thermal conductivity (&#955;) models can be derived from an equation of state (EOS). The advantages of an EOS-based viscosity / thermal conductivity model are simple in form, applicable to both gas / liquid, high-pressure / low-pressure, and smooth phase transition of &#956; / &#955; in the near-critical region could be achieved. In this work, a modified version of the viscosity model based on Peng-Robinson (PR) EOS, and a newly established thermal conductivity model based on PR EOS were developed. Simple mixing rules were used for extension to mixtures. Extensive tests have been performed on pure hydrocarbons, carbon dioxide and nitrogen, hydrocarbon mixtures containing defined components as well as complex reservoir fluids. The comparison with those typical viscosity / thermal conductivity correlations currently adapted in the petroleum industry shows the superiority of the proposed models. ","In this article , a modified version of the viscosity model based on Peng-Robinson (PR) EOS and a newly established thermal conductivity model were developed, and extensive tests have been performed on pure hydrocarbons, carbon dioxide and nitrogen, hydrocarbon mixtures containing defined components as well as complex reservoir fluids."
"Effect of Pressure on Viscosity of Higher Hydrocarbons and Their Mixtures","https://scispace.com/paper/effect-of-pressure-on-viscosity-of-higher-hydrocarbons-and-c6py4epwkz","1958","Journal Article","Journal of Chemical Physics","Edward M. Griest
Wayne Webb
Robert W. Schiessler","10.1063/1.1744579","","Using the rolling‐ball method the viscosity of seven pure hydrocarbons, having 25 or 26 carbon atoms, and three binary mixtures of them has been measured to 3450 bars at 37.8°, 60.0°, 98.8°, and 135°C. The compounds included isoparaffinic, cycloparaffinic, and aromatic types. The increase in viscosity with pressure was found to be strongly dependent on molecular structure. The viscosity‐temperature coefficient 1/η(∂η/∂T)p increased with increased pressure while the viscosity‐pressure coefficient 1/η(∂η/∂P)T decreased with increased temperature. The behavior of the binary mixtures corresponded within 5% over a range of 50–100 fold change in viscosity to that of the pure compounds equivalent to them in molecular weight and average molecular structure. This remarkable agreement is interpreted to mean that the viscosity of these compounds is some additive function of their constituent groups whether these groups are combined in the same or different molecules as long as the basic molecular symmetry is unchanged. The values of the Eyring theory ΔF±, ΔH±i, ΔS±, and ΔV± for these data are discussed. For the saturated compounds at constant temperature, an approximately linear relation was found between log η and [(v/v0)4—(v/v0)2] where v is the specific volume and η the absolute viscosity.","In this article, the rolling-ball method was used to measure the viscosity of seven pure hydrocarbons, having 25 or 26 carbon atoms, and three binary mixtures of them."
"A Model for the Estimation of Viscosity of Pure Hydrocarbon Liquids","https://scispace.com/paper/a-model-for-the-estimation-of-viscosity-of-pure-hydrocarbon-146fv12gs9","2015","Journal Article","Petroleum Science and Technology","Waqas Aleem
Nurhayati Mellon
Suriati Sufian
M. I. A. Mutalib
D. Subbarao","10.1080/10916466.2015.1105260","","A simple model is developed for the estimation of viscosity of hydrocarbon liquids considering that drag on molecular motion due to thermal energy is balanced by intermolecular attractions. The model equation is validated with National Institute of Standards and Technology data on hydrocarbon liquids (C3-C10 and C12) considering the effect of molecular shape on drag force. The molecular shape is correlated well with molecular weight of hydrocarbon liquids. The accuracy of the proposed model equation is compared with the correlation. The result showed that the proposed model is more accurate. The proposed model equation predicts the viscosity over a wide range of temperature for C3-C25 with overall absolute average deviation of 5.13%.","In this article, a simple model is developed for the estimation of viscosity of hydrocarbon liquids considering that drag on molecular motion due to thermal energy is balanced by intermolecular attractions."
"Statistical thermodynamic model for viscosity of pure liquids and liquid mixtures","https://scispace.com/paper/statistical-thermodynamic-model-for-viscosity-of-pure-208ct2cg5n","1992","Journal Article","Industrial & Engineering Chemistry Research","Weihong Cao
Aage Fredenslund
Peter Rasmussen","10.1021/IE00011A027","","On the basis of statistical thermodynamics, local compositions, and Eyring's absolute rate theory, a new viscosity model for pure liquids and liquid mixtures has been developed. The model can be used to describe the viscosity of pure liquids at different temperatures and of liquid mixtures at different compositions and temperatures. Correlation of viscosity data of 314 pure liquids and of 215 binary systems and prediction of viscosities for 14 ternary systems and 1 quaternary system have been carried out. The pure liquids include water, alcohols, organic acids, ketones, ethers, acetates, aldehydes, amines, aromatics, and other hydrocarbons, and the binary and multicomponent systems include mixtures with nonpolar+nonpolar, polar+polar, and nonpolar+polar components. The overall average MRSD (mean relative standard deviation) of the correlations of the pure liquid viscosities is 1.13%, and that of the binary systems is 0.80%. The overall average MRSD of the predictions of the multicomponent systems is 2.90%","In this article, a new viscosity model for pure liquids and liquid mixtures was developed on the basis of statistical thermodynamics, local compositions, and Eyring's absolute rate theory."
"Nonlinear compensation effect of dynamic viscosity of multicomponent hydrocarbon systems","https://scispace.com/paper/nonlinear-compensation-effect-of-dynamic-viscosity-of-1adyeyqup0","2011","Journal Article","Journal of Engineering Physics","M. Yu. Dolomatov
A. A. Ishkinin","10.1007/S10891-011-0614-5","","A nonlinear compensation effect determining the dependence of the energy of a flow of a Newtonian liquid on the preexponent of its viscosity was detected. Empirical dependences relating the softening temperature of a Newtonian high-molecular multicomponent hydrocarbon system with the activation energy of its viscous flow have been obtained. The results obtained are supported by the statistical data and allow one to predict the dynamic viscosity of oil and coal fractions and materials based on them.","In this article, a nonlinear compensation effect determining the dependence of the energy of a flow of a Newtonian liquid on the preexponent of its viscosity was detected, and empirical dependences relating the softening temperature of a high-molecular multicomponent hydrocarbon system with the activation energy of its viscous flow were obtained."
"Unified scaling model for viscosity of crude oil over extended temperature range","https://scispace.com/paper/unified-scaling-model-for-viscosity-of-crude-oil-over-m095jlwo0643","2024","Repository","","Mokshin, Anatolii","10.48550/arxiv.2409.05917","","The viscosity of crude oil is an important physical property that largely determines the fluidity of oil and its ability to seep through porous media such as geological rock. Predicting crude oil viscosity requires the development of reliable models that can reproduce viscosity over a wide range of temperatures and pressures. Such viscosity models must operate with a set of physical characteristics that are sufficient to describe the viscosity of an extremely complex multi-phase and multi-component system such as crude oil. The present work considers empirical data on the temperature dependence of the viscosity of crude oil samples from various fields in Russia, China, Saudi Arabia, Nigeria, Kuwait and the North Sea. For the first time, within the reduced temperature concept and using the universal scaling viscosity model, the viscosity of crude oil can be accurately determined over a wide temperature range: from low temperatures corresponding to the amorphous state to relatively high temperatures, at which all oil fractions appear as melts. A novel methodology for determining the glass transition temperature and the activation energy of viscous flow of crude oil is proposed. A relationship between the parameters of the universal scaling model for viscosity, the API gravity, the fragility index, the glass transition temperature and the activation energy of viscous has been established for the first time. It is shown that the accuracy of the results of the universal scaling model significantly exceeds the accuracy of known empirical equations, including those developed directly to describe the viscosity of petroleum products. ",""
"Entity-Based Eyring−NRTL Viscosity Model for Mixtures Containing Oils and Bitumens","https://scispace.com/paper/entity-based-eyring-nrtl-viscosity-model-for-mixtures-47hu3bi38p","2006","Journal Article","Industrial & Engineering Chemistry Research","Lawrence T. Novak","10.1021/IE060516C","","A segment-based Eyring−NRTL viscosity model was recently presented and evaluated using data from a variety of mixtures containing polymers. In this paper, the segment-based Eyring−NRTL viscosity model is modified to provide a practical theory-based model for the viscosity of liquid mixtures containing complex components that cannot be typically described by the segment-based approach. To reflect these changes, this new model is referred to as an entity-based Eyring−NRTL viscosity model, because entities are viewed as abstract segments that represent complex components but are not well-defined. The entity-based Eyring−NRTL viscosity model provides a theory-based equation for liquid mixture viscosity as a function of composition, temperature, pressure, and shear rate. The correlative and predictive capability of the entity-based Eyring−NRTL viscosity model is demonstrated using component and mixture viscosity data from the following systems:  lubricating oil blends, crude oil blends, bitumen−diluent mixture...","In this article, an entity-based Eyring−NRTL viscosity model is proposed to provide a theory-based equation for liquid mixture viscosities as a function of composition, temperature, pressure, and shear rate."
"Dynamic Viscosity and Compensation Effect in Hydrocarbon Media with a High Content of Resins and Paraffins","https://scispace.com/paper/dynamic-viscosity-and-compensation-effect-in-hydrocarbon-47r1xdnnoj","2017","Journal Article","Journal of Engineering Physics","A. A. Boitsova
N. K. Kondrasheva
M. Yu. Dolomatov","10.1007/S10891-017-1712-9","","Linear dependences have been obtained for multicomponent hydrocarbon media (oils and high-boiling fractions), which relate the preexponent and the activation energy of viscous flow in the Arrhenius equation. A distinctive feature of the established kinetic compensation effect is it existing before and after the phase-transition temperature. The obtained results have been confirmed by statistical data and make it possible to predict the dynamic viscosity of multicomponent hydrocarbon systems, such as oil and high-boiling fractions.","Linear dependences have been obtained for multicomponent hydrocarbon media (oils and high-boiling fractions), which relate the preexponent and the activation energy of viscous flow in the Arrhenius equation."
"Viscosities of cis‐ and trans‐ 1‐2‐dichloroethene, in connection with Eyring's theory of viscous flow","https://scispace.com/paper/viscosities-of-cis-and-trans-1-2-dichloroethene-in-3cuqyzl44a","2010","Journal Article","Recueil des Travaux Chimiques des Pays-Bas","J. A. A. Ketelaar
L.A. De Vries
P. F. van Velden
J. S. Kooy","10.1002/RECL.19470661203","","Using a modified form of the Ostwald viscosimeter, viscosity-measurements have been carried out over a temperature-range from the melting points up to about 20°C for the two isomers of 1,2-dichloroethene. Densitymeasurements were made over the same range of temperature. Special care has been taken in purifying the samples used. From the data obtained, values of the free energy, the energy and the entropy of activation for viscous flow have been calculated, using the theory of Eyring. It appears that the experimental quantity Evis, defined by 






, has a temperature-independent value of about the same magnitude for both isomers, whereas Eyring's “energy of activation for viscous flow” is temperature-dependent.



It is concluded that both isomers behave as normal unassociated substances, which conclusion is reached as well from consideration of the values of the “rheochor” and from the relation between the surface tension and Evis.","In this article, the free energy, the energy and the entropy of activation for viscous flow have been calculated, using the theory of Eyring, using a modified form of the Ostwald viscosimeter, over a temperature range from the melting points up to about 20°C for the two isomers of 1,2-dichloroethene."
"Viscosity of liquids","https://scispace.com/paper/viscosity-of-liquids-1iho9jh0y6","1956","Journal Article","Aiche Journal","Lyle F. Albright
John Lohrenz","10.1002/AIC.690020304","","Three viscosity correlations were tested for liquids at their boiling points Compounds studied included normal paraffins, branched-chain hydrocarbons, aromatics, halogenated methanes and ethanes, water, and aliphatic alcohols The correlations were tested for the most part with viscosity and thermodynamic data found in the literature Some experimental viscosity measurements were made, however, for normal paraffins from pentane to octane at temperatures up to about 300°F, which is higher than has previously been reported

Two correlations are based on Eyring's theory of absolute reaction rates The third is based on the compressibility factor of the saturated liquid, and this correlation is unique, as all available data for normal paraffins with eight or more carbon atoms are represented by a single curve The three correlations presented here can be used to extrapolate viscosity data over large temperature ranges up to the critical temperature Logical predictions of the viscosities of related compounds are possible","In this article, three viscosity correlations were tested for liquids at their boiling points, including normal paraffins, branched-chain hydrocarbons, aromatics, halogenated methanes and ethanes, water and aliphatic alcohols."
"Prediction of dynamic viscosities of carbon dioxide – organic solvent mixtures with combined equation of state and Eyring theory","https://scispace.com/paper/prediction-of-dynamic-viscosities-of-carbon-dioxide-organic-1f5rppdqib","2021","Journal Article","Journal of Supercritical Fluids","Norihiro Onodera
Junichi Sakabe
Toshitaka Funazukuri","10.1016/J.SUPFLU.2021.105345","","This study proposes a method without adjustable parameters for predicting the viscosities of CO2 expanded alkane or 1-alkanol ((1.0–120) MPa, (298−473) K) using the perturbed-chain statistical associating fluid theory (PC-SAFT) equation of state, and the Eyring kinetic theory equation. The accuracy in terms of average relative deviation (ARD) between the calculated results and experimental data was 19% for the present method, 15% for the ASOG-VISCO model, and 37% for the method based on the corresponding state principle. When the Eyring constant k was determined as an adjustable parameter in each system, the accuracy was improved to 12%. The Eyring k in CO2 + alkane and CO2 + alcohol systems were expressed by each linear relationship with the number of carbon atoms in solvent organic compounds.","In this article, the perturbed-chain statistical associating fluid theory (PC-SAFT) equation of state, and the Eyring kinetic theory equation were used to predict the viscosities of CO2 expanded alkane or 1-alkanol."
"Predicting the Viscosity of Hydrocarbon Mixtures and Diluted Heavy Oils Using the Expanded Fluid Model","https://scispace.com/paper/predicting-the-viscosity-of-hydrocarbon-mixtures-and-diluted-12b45rm947","2016","Journal Article","Energy & Fuels","F. Ramos-Pallares
F. F. Schoeggl
Shawn David Taylor
Marco A. Satyro
Harvey W. Yarranton","10.1021/ACS.ENERGYFUELS.5B01951","","The expanded fluid (EF) viscosity model was recently developed for petroleum applications. While petroleum fluids can be modeled as a single-component fluid, process calculations often require that the fluid be treated as a mixture of pseudo-components. For mixtures, the EF model mixing rules require binary interaction parameters, αij, between each component pair in the mixture, which are fitted to experimental data. In this study, a generalized correlation is developed for these interaction parameters as a function of the specific gravity and hydrogen/carbon ratio of the mixture components. The proposed correlation was developed on the basis of a data set that included viscosity and density literature data for pure hydrocarbon pairs at room temperature and atmospheric pressure and new data for pseudo-pairs of heavy oil/solvent at temperatures from 21 to 175 °C, pressures up to 10 MPa, and solvent contents up to 40 wt %. The correlation was assessed on a distinct test data set that included viscosity data...","In this article, a generalized correlation is developed for binary interaction parameters as a function of specific gravity and hydrogen/carbon ratio of the mixture components, which are fitted to experimental data and assessed on a distinct test data set that included viscosity data."
"Prediction the Liquid Petroleum Products Viscosity","https://scispace.com/paper/prediction-the-liquid-petroleum-products-viscosity-1dcpc3su","2022","Journal Article","IOP Conference Series: Earth and Environmental Science","D. V. Boldyrev
B.A. Grigoriev
A.A. Evdokimov
A.I. Koldaev","10.1088/1755-1315/979/1/012136","","Based on the principle of corresponding states, a method developed for prediction the viscosity of liquid petroleum products that differ significantly in physicochemical properties and fractional composition. New approaches to the determination of the reduced temperature and viscosity are proposed. The initial data for the computation are the molar mass, the average volume boiling point and the relative density at 20 °C. Testing of the new technique in the temperature range (0.4–0.7)Tpc at pressures up to 10 MPa showed that the deviation of the predicted viscosity values from the experimental data is comparable with the experimental error.","In this article , a method based on the principle of corresponding states was developed for predicting the viscosity of liquid petroleum products that differ significantly in physicochemical properties and fractional composition."
"A New Model for Calculating the Viscosity of Pure Liquids at High\nPressures","https://scispace.com/paper/a-new-model-for-calculating-the-viscosity-of-pure-liquids-at-jexm5lfejjko","2016","Repository","","","10.1021/ie021017o.s001","","In this paper we present a new model for correlating the dynamic viscosity of Newtonian liquids\nat high pressures. The proposed model is based on Eyring's absolute rate theory for liquid\nviscosity and considers the activation energy for viscous flow as being a thermodynamic free\nenergy. The viscosity of the system is described by a combination of a reference term, given by\nthe Chapman−Enskog theory, and a deviation contribution. A virial-type expansion in pressure\nand a term comprising an expression for the residual Helmholtz free energy of the system account\nfor the deviation from the nonattracting rigid sphere model viscosity behavior. Three cubic\nequations of state, Peng−Robinson, Soave−Redlich−Kwong, and Peng−Robinson−Stryjek−Vera,\nhave been tested for evaluating the residual Helmholtz free energy. The model requires only\ntwo adjustable parameters for each pure liquid, at each temperature. The parameters have been\ndetermined by fitting literature viscosity data of 49 different pure liquid compounds from\npressures of 0.1−250 MPa within the reduced temperature interval of 0.4−0.7. The performance\nof the model has been found to be insensitive to the choice of the equation of state, except at\npressures above 100 MPa for which only the Soave−Redlich−Kwong equation of state has been\nable to describe the volumetric behavior of the liquids. The studied liquids are &lt;i&gt;n&lt;/i&gt;-alkanes,\nsubstituted alkanes, &lt;i&gt;n&lt;/i&gt;-alkenes, cyclic alkanes, aromatics, alcohols, esters, 1-butylamine, argon,\nnitrogen, oxygen, ammonia, and water. The calculated values are in good agreement with the\nexperimental ones. The value of the overall average absolute deviation, for the 4380 data points\ncorrelated with the present model, is 1.22%. ","A new model for calculating the viscosity of pure liquids at high pressures is proposed, based on Eyring's absolute rate theory, requiring only two adjustable parameters per liquid, and shows good agreement with experimental data for 49 compounds."
"Dependence of dynamic viscosity of naphthenic hydrocarbons in cyclopentane series on quantum and structural parameters","https://scispace.com/paper/dependence-of-dynamic-viscosity-of-naphthenic-hydrocarbons-543rqizo4h","2020","Journal Article","","Ella A. Kovaleva
Mikhail Yu. Dolomatov","10.6060/IVKKT.20206304.6099","https://scispace.com/pdf/dependence-of-dynamic-viscosity-of-naphthenic-hydrocarbons-543rqizo4h.pdf","Рассмотрена взаимосвязь параметров вязкого течения ньютоновской жидкости моноциклических углеводородов с квантовыми и структурными (топологическими) характеристиками молекул. В качестве квантовых и топологических характеристик рассмотрены потенциалы ионизации и топологические индексы, соответственно. Вертикальные потенциалы ионизации рассчитывали по теореме Купманса квантово-химическими методами с полной оптимизацией геометрии молекул. В качестве топологических индексов, учитывающих размеры и форму графа, были исследованы индекс Винера, центрический индекс Балабана, индексы Рандича (индекс молекулярной связности), Гутмана (Сцегеда), Платта и Харари. Для углеводородов ряда циклопентана с боковыми цепями установлен кинетический компенсационный эффект динамической вязкости, который связывает энергию активации и предэкспоненту Аррениуса в рамках модели Френкеля-Эйринга. Установлено, что для соединений рядов пятичленных нафтенов кажущаяся энергия активации вязкого течения и связанная с ней предэкспонента Аррениуса зависят от квантовых параметров (потенциалов ионизации) и топологии молекул. В работе предложена регрессионная модель QSPR «структура-свойство», использующая в качестве дескрипторов для прогноза динамической вязкости потенциалы ионизации и топологические индексы. Для проверки прогностических возможностей предложенной модели и адекватности прогноза рассчитана динамическая вязкость углеводородов, не входящих в базовый ряд. Дано экспериментальное и теоретическое обоснование предложенной закономерности в рамках представления об энергии активации вязкого течения как меры межмолекулярного взаимодействия и преобладания дисперсионного взаимодействия в молекулах углеводородов ряда циклопентана. Полученное в ходе исследования уравнение может быть использовано для прогнозирования вязкостных характеристик синтезированных и природных пятичленных нафтенов.","In this paper, the authors propose a method to use the information of the user's interaction with the system to improve the performance of the system and the quality of the service provided by the user."
"The Activation Energy of the Viscous Flow of Layers of Saturated Hydrocarbons with Quasi Macroscopic Cross-Borderstructure","https://scispace.com/paper/the-activation-energy-of-the-viscous-flow-of-layers-of-t14j18h4o50f","","","","H. O. Shatahina
O. O. Shatahina
I. O. Shatahin
A. F. Butenko","10.18524/0367-1631.2015.52.159538","","Influence of temperature on the viscosity coefficient in shear flow micron layers of saturated hydrocarbons n-heptadecane, n-hexadecane and n-tridecane. Such heterophasic interlayers (which are including epitropnye liquid crystal layers) activation energy of viscous flow 2÷3 times higher than that of liquids in the ""volume"".","This study investigates the temperature-dependent viscosity coefficient in micron layers of saturated hydrocarbons, revealing a 2-3 times higher activation energy for viscous flow in heterophasic interlayers compared to bulk liquids."
"The Corresponding States Viscosity Model Applied to Heavy Oil Systems","https://scispace.com/paper/the-corresponding-states-viscosity-model-applied-to-heavy-4qkr88qlk4","2003","Journal Article","Journal of Canadian Petroleum Technology","N. Lindeloff
Karen Schou Pedersen
H.P. Ronningsen
J. Milter","10.2118/04-09-04","","The corresponding states viscosity model is widely accepted in the petroleum industry for calculating oil and gas viscosities. In its classical form, the model predicts the viscosities of complex mixtures using methane as a reference compound. As a result of the chosen reference compound, the corresponding states model has good predictive capabilities for gases and light oil systems, whereas the predictive performance deteriorates for heavier oil systems. The present work discusses how far the performance of the corresponding states model can be stretched in its classical form with methane as the reference compound. It further outlines a procedure based on a viscosity correlation for stable oil mixtures that may take over when the methane reference temperature becomes too low to apply methane as reference compound. In the temperature region where the new correlation is to take over from the classical corresponding states model, there is a smooth transition between the viscosity results obtained with either method. Therefore, the new correlation can be seen as an extrapolation of the corresponding states method to be applicable to heavy aromatic oil mixtures at relatively low temperature.","In this article, the authors discuss how far the performance of the corresponding states model can be stretched in its classical form with methane as the reference compound and outline a procedure based on a viscosity correlation for stable oil mixtures that may take over when the methane reference temperature becomes too low to apply methane as a reference compound."
"A new model for calculating the viscosity of pure liquids at high pressures","https://scispace.com/paper/a-new-model-for-calculating-the-viscosity-of-pure-liquids-at-4l18i9c2ck","2003","Journal Article","Industrial & Engineering Chemistry Research","Rosana J. Martins
Marcio J. E. De M. Cardoso
Oswaldo E. Barcia","10.1021/IE021017O","","In this paper we present a new model for correlating the dynamic viscosity of Newtonian liquids at high pressures. The proposed model is based on Eyring's absolute rate theory for liquid viscosity ...","In this paper, a new model for correlating the dynamic viscosity of Newtonian liquids at high pressures was proposed based on Eyring's absolute rate theory for liquid viscosities."
"Viscosity of defined and undefined hydrocarbon liquids calculated using an extended corresponding-states model","https://scispace.com/paper/viscosity-of-defined-and-undefined-hydrocarbon-liquids-79s1rdmvd3","1996","Journal Article","International Journal of Thermophysics","M. E. Baltatu
R. A. Chong
Marcia L. Huber","10.1007/BF01448223","","We predict the viscosity of petroleum fractions using extended corresponding states. Our model builds upon the TRAPP procedure, which is the most advanced approach to predict transport properties of straight-chain nonpolar hydrocarbons and their mixtures. We perform comparisons with experimental viscosity data for pure hydrocarbons, treating them as nonstandard components; we find deviations of 10–15%. We also extend the model to predict the transport properties of petroleum fractions and compare with an experimental database of more than 80 crude oils, including highly aromatic petroleum fractions. The model predicts the viscosity of the crude oil fractions within experimental uncertainty.","In this article, the authors predict the viscosity of petroleum fractions using extended corresponding states, which is the most advanced approach to predict transport properties of straight-chain nonpolar hydrocarbons and their mixtures."
"A correlation between surface, transport and thermo-elastic properties of liquid hydrocarbon: an experimental investigation","https://scispace.com/paper/a-correlation-between-surface-transport-and-thermo-elastic-56qgao93de","2006","Journal Article","Journal of Physics: Condensed Matter","Abraham K. George
Sayyadul Arafin
Ram N. Singh
C Carboni","10.1088/0953-8984/18/15/015","https://iopscience.iop.org/article/10.1088/0953-8984/18/15/015/pdf","The temperature dependence of surface tension and viscosity has been investigated in two multi-component liquid hydrocarbons, namely, crude oil samples with different API numbers. The surface tension is found to decrease linearly with temperature whereas viscosity exhibits Arrhenius type variation. These measured values along with the ultrasound velocity, density and the isothermal compressibility have been used to estimate a number of physical parameters such as the activation energy, attenuation factor and the shear wave velocity. Crude oil with larger API was found to have smaller activation energy. Shear velocity decreases exponentially with increasing temperature while the attenuation factor is found to increase linearly with temperature. The ratio of the surface tension to viscosity varies linearly as the square root of temperature. The product of the surface tension and the isothermal compressibility, often characterized as a fundamental or correlation length of the surface of the liquid, was found to yield a constant value for both samples.","In this paper, the authors investigated the temperature dependence of surface tension and viscosity in two multi-component liquid hydrocarbons, namely, crude oil samples with different API numbers."
"Dynamic thermodiffusion model for binary liquid mixtures.","https://scispace.com/paper/dynamic-thermodiffusion-model-for-binary-liquid-mixtures-3t5vpdfe4c","2009","Journal Article","Physical Review E","Morteza Eslamian
M. Ziad Saghir","10.1103/PHYSREVE.80.011201","","Following the nonequilibrium thermodynamics approach, we develop a dynamic model to emulate thermo-diffusion process and propose expressions for estimating the thermal diffusion factor in binary nonassociating liquid mixtures. Here, we correlate the net heat of transport in thermodiffusion with parameters, such as the mixture temperature and pressure, the size and shape of the molecules, and mobility of the components, because the molecules have to become activated before they can move. Based on this interpretation, the net heat of transport of each component can be somehow related to the viscosity and the activation energy of viscous flow of the same component defined in Eyring's reaction-rate theory [S. Glasstone, K. J. Laidler, and H. Eyring, The Theory of Rate Processes: The Kinetics of Chemical Reactions, Viscosity, Diffusion and Electrochemical Phenomena (McGraw-Hill, New York, 1941)]. This modeling approach is different from that of Haase and Kempers, in which thermodiffusion is considered as a function of the thermostatic properties of the mixture such as enthalpy. In simulating thermodiffusion, by correlating the net heat of transport with the activation energy of viscous flow, effects of the above mentioned parameters are accounted for, to some extent of course. The model developed here along with Haase-Kempers and Drickamer-Firoozabadi models linked with the Peng-Robinson equation of sate are evaluated against the experimental data for several recent nonassociating binary mixtures at various temperatures, pressures, and concentrations. Although the model prediction is still not perfect, the model is simple and easy to use, physically justified, and predicts the experimental data very good and much better than the existing models.","A dynamic model to emulate thermo-diffusion process and propose expressions for estimating the thermal diffusion factor in binary nonassociating liquid mixtures linked with the Peng-Robinson equation of sate predicts the experimental data very good and much better than the existing models."
"Viscosity Modeling and Prediction of Reservoir Fluids: From Natural Gas to Heavy Oils","https://scispace.com/paper/viscosity-modeling-and-prediction-of-reservoir-fluids-from-42zcjrdu50","2004","Journal Article","International Journal of Thermophysics","Sergio E. Quiñones-Cisneros
Claus K. Zéberg-Mikkelsen
A. Baylaucq
Christian Boned","10.1007/S10765-004-5743-Z","","Viscosity and density are key properties for the evaluation, simulation, and development of petroleum reservoirs. In previous work, the friction theory (f-theory) models have already been shown capable of providing simple but accurate viscosity modeling results of petroleum reservoir fluids with molar masses up to around 200 g · mol−1. As a base, the f-theory approach requires a compositional characterization procedure to be used in conjunction with a van der Waals type of equation of state (EOS). This is achieved using simple cubic EOS, which are widely used within the oil industry. In this work, the f-theory approach is further extended to the viscosity modeling of heavy reservoir fluids with viscosities up to thousands of mPa · s. Essential to the extended approach presented here is the achievement of accurate pvT results for the EOS characterized fluid. In particular, it has been found that for accurate viscosity modeling of heavy oils, a compressibility correction in the way the EOS is coupled to the viscosity model is required. With the approach presented in this work, the potential of the f-theory for viscosity modeling of reservoir fluids is extended to practically all kind of reservoir fluids, from light ones to heavy ones. Additionally, the approach has been completed with an accurate density modeling scheme.","In this paper, the authors further extended the f-theory approach to the viscosity modeling of heavy reservoir fluids with viscosities up to thousands of mPa · s."
"Friction Theory Modeling of the Non-Newtonian Viscosity of Crude Oils†","https://scispace.com/paper/friction-theory-modeling-of-the-non-newtonian-viscosity-of-3xv0tr37b0","2008","Journal Article","Energy & Fuels","Sergio E. Quiñones-Cisneros
Kurt A. G. Schmidt
Jefferson Creek
Ulrich K. Deiters","10.1021/EF7005063","","Rheological behavior is key for the evaluation, simulation, and development of petroleum reservoirs. In previous papers, friction theory models have been used to develop accurate, even reference qu...","In this article, friction theory models have been used to develop accurate, even reference quaternions for the evaluation, simulation, and development of petroleum reservoirs, and they have been applied to evaluate, simulate, and develop petroleum reservoirs."
"Calculation of Viscosities of Fluid Mixtures at Atmospheric Pressure by Molecular Thermodynamic Model for Chain-Like Fluids","https://scispace.com/paper/calculation-of-viscosities-of-fluid-mixtures-at-atmospheric-6f239fw5b6z2","","","","Yongxiang Zhou
Changjun Peng
Encheng Hei
Honglai Liu","10.3321/j.issn:1000-8144.2006.11.010","","By using molecular thermodynamic model for chain-like fluid,equation for calculating viscosities of fluid mixture at atmospheric pressure was established based on Eyring’s absolute rate theory.Key of the equation is that compressibility factor and excess Gibbs free energy are simultaneously calculated by using the thermodynamic model.The calculation results for viscosities of several binary fluid mixtures showed that the equation can be used to correlate the viscosity of binary fluid mixture with one adjustable temperature-irrelevant parameter,and average relative deviation of viscosity is 3.18%. By using two adjustable temperature-irrelevant parameters,average relative deviation of calculated viscosity can lower to 1.22%.If adjustable temperature-relevant parameter is introduced,average relative deviation of calculated viscosity reaches 2.79% for one-parameter,and 0.84% for two-parameters.The relative deviation of results predicted by the model is about 7%.Therefore,the viscosity model with adjustable temperature-irrelevant parameter is recommended at present stage.",""
"Viscous behavior of linear and three-branch alkanes : Linking the equilibrium and transport theories","https://scispace.com/paper/viscous-behavior-of-linear-and-three-branch-alkanes-linking-86u8jryx01","1999","Journal Article","Journal of Polymer Science Part B","Ugur Yahsi","10.1002/(SICI)1099-0488(19990501)37:9<879::AID-POLB2>3.0.CO;2-P","","A new model for zero-shear viscosity, η, is proposed. The model combines the Simha-Somcynsky (SS) statistical thermodynamic theory of liquids with the Eyring Significant Structure (ESS) transport theory. Using the new model, a successful linearization of the experimental viscosity vs. hole fraction data was obtained. A comparison between the new model and Utracki's relation, In η = α 0 + α 1 /(h + α 2 ) was also made. The former was found to be more successful for both linear and nonlinear structures, provided that an appropriate choice of the degrees of freedom of normal and activated states was made. The proportionality constant of the activation energy and transmission coefficient were also calculated for each species.","In this paper, a new model for zero-shear viscosity, η, was proposed, which combines the Simha-Somcynsky (SS) statistical thermodynamic theory of liquids with the Eyring Significant Structure (ESS) transport theory."
"Modelling of n-Alkane-Cyclohexane Binary Mixture Viscosity","https://scispace.com/paper/modelling-of-n-alkane-cyclohexane-binary-mixture-viscosity-1hohrwc0xr","2013","Dissertation","","Umair Tariq","","","Reservoir fluids are mixtures of various hydrocarbon fractions. Hydrocarbon mixture viscosities are traditionally estimated using empirical correlations. While these are easy to formulate and edit, they are only limited to the regions in which experimental data are available. With an increase in our understanding of the physical origins of viscosity, work is being undertaken to develop theoretical models to estimate hydrocarbon mixture viscosity. Although more difficult to formulate, such models enable accurate estimation of the viscosities of petroleum mixtures in regions where no experimental data exist. De Wijn et al. (2008 & 2012) had proposed an improved model to predict viscosity of binary mixtures of hydrocarbon chain molecules using the Vesovic-Wakeham (VW) method. Since petroleum fluids consist not only of chain molecules, this work aimed to explore the application of the VW method to binary mixtures of chain and cyclic (cyclohexane) molecules. Results from this method are presented for binary mixtures of c-hexane with nhexane, n-heptane, n-octane, n-nonane, n-decane, n-dodecane, n-tetradecane and n-hexadecane at temperatures from 298.15 to 348.15 K and pressures from 0.1 to 200 MPa. These indicate that the VW method is capable of representing the viscosity of mixtures of n-alkanes and c-hexane with reasonable accuracy, although certain trends and sensitivities can be observed. Additionally, a new correlation for c-hexane which was developed using data from 22 primary authors and is valid in the range of 283 to 700 K and saturation to 200 MPa, is proposed in this work. For the set of authors chosen as primary data, the Maximum Absolute Deviation (MAD) was 2.40% for 280-500 K up to 200 MPa and 4.64% for 500-673 K up to 110 MPa. The results, presented in the paper, suggest considerable improvement over the correlation currently available in REFPROP.","In this article, a new correlation for c-hexane which was developed using data from 22 primary authors and is valid in the range of 283 to 700 K and saturation to 200 MPa, is proposed."
"Quantitative Structure–Property Relationship Model for Hydrocarbon Liquid Viscosity Prediction","https://scispace.com/paper/quantitative-structure-property-relationship-model-for-1iwq7b0q8h","2018","Journal Article","Energy & Fuels","Guangqing Cai
Zhefu Liu
Zhefu Liu
Linzhou Zhang
Suoqi Zhao
Chunming Xu","10.1021/ACS.ENERGYFUELS.7B04075","","The liquid viscosity of hydrocarbon compounds is essential in the chemical engineering process design and optimization In this paper, we developed a quantitative structure–property relationship (QSPR) model to predict the hydrocarbon viscosity at different temperatures from the chemical structure We collected viscosity data at different temperatures of 261 hydrocarbon compounds (C3–C64), covering n-paraffins, isoparaffins, olefins, alkynes, monocyclic and polycyclic cycloalkanes, and aromatics We regressed the experimental data using an improved Andrade equation at first Hydrocarbon viscosity versus temperature curves were characterized by only two parameters (named B and T0) The QSPR model was then built to capture the complex dependence of the Andrade equation parameters upon the chemical structures A total of 36 key chemical features (including 15 basic groups, 20 united groups, and molecular weights) were manually selected through the trial-and-error process An artificial neural network was tra","In this paper, the authors developed a quantitative structure-property relationship (QSPR) model to predict the liquid viscosity of hydrocarbon compounds at different temperatures from the chemical structure."
"Elucidation of Correlation between Molecular Structure and Viscosity by Measuring Temperature Dependence of Dielectric Relaxation Spectra and Shear Viscosity","https://scispace.com/paper/elucidation-of-correlation-between-molecular-structure-and-xtxs1ssq5z","2023","Journal Article","IIP Joho, Chino, Seimitsu Kiki Bumon Koenkai koen ronbunshu","Kyosuke Uchida
Susumu Itoh
Kenji Fukuzawa
Nagao Azuma
Hedong ZHANG","10.1299/jsmeiip.2023.iipa-6-16","","Reducing lubricant viscosity is one effective way to improve the energy efficiency of automobiles. Designing a lubricant with the desired properties requires elucidating the relation between viscosity and molecule structure. In this study, we measured the temperature dependence of dielectric relaxation for lubricants with different molecular structures. The dielectric relaxation measurements can evaluate the motility of single molecules influenced by the ambient viscosity. Additionally, we measured the temperature dependence of lubricant viscosity with a rotational viscometer. By comparing the results of both flow viscosity and dielectric relaxation measurements, we find a correlation between flow activation energy and single-molecule mobility when viscosity is dependent on molecular weight, while there is no correlation between them when polarity dominantly affects viscosity. ","Elucidation of the correlation between molecular structure and viscosity through dielectric relaxation spectra and shear viscosity measurements. The results provide insights into the relationship between molecular structure and viscosity, which is valuable for designing lubricants with desired properties."
"Pathway of Oil-Soluble Additives to Reduce Heavy Crude Oil Viscosity Depends on the Molecular Characteristics of Asphaltene","https://scispace.com/paper/pathway-of-oil-soluble-additives-to-reduce-heavy-crude-oil-3tjzzczh89","2024","Journal Article","","Zhen Li
Tiankun Han
Jiawei Li
Bojin Zhu
Youguo Yan
Jun Zhang
Xiao Wang","10.1021/acs.energyfuels.3c04531","","The high viscosity of heavy crude oil hinders its efficient production and transportation. Oil-soluble viscosity reducers (VRs) are crucial for ensuring the world's energy needs are met; however, the molecular mechanism underlying the reduction of viscosity remains unclear, which obstructs the selection of VRs for specific heavy oil reservoirs and further development of VRs. In this work, using molecular dynamics (MD) and quantum mechanics (QM) simulations, modeled heavy oils and VRs were employed to explore the molecular pathways of VRs to reduce heavy oil viscosity. Taking structural analyses and interaction energy analyses together, for a small asphaltene surrogate whose molecules interact with each other via hydrogen bonds, VR molecules were interspersed within the spatial hydrogen bond network, leading to a relaxation of network configuration. However, for another asphaltene surrogate that tends to aggregate through face-to-face stacking, the viscosity reducer could adsorb onto the asphaltenes, resulting in a shielding effect on asphaltene nanoaggregates from other heavy oil components. Thus, the viscosity reduction pathways should be chosen according to the molecular characteristics of the asphaltenes. These molecular insights and implications are expected to facilitate the future design and application of oil-soluble VRs. ","Molecular dynamics and quantum mechanics simulations reveal that oil-soluble viscosity reducers interact with heavy crude oil asphaltenes via hydrogen bonds or adsorption, leading to viscosity reduction pathways dependent on asphaltene molecular characteristics."
"Revealing the Dependence of Lubricant Viscosity on Molecular Structure by Measuring the Temperature Dependence of Dielectric Relaxation and Viscosity","https://scispace.com/paper/revealing-the-dependence-of-lubricant-viscosity-on-molecular-1w5bq6l06z","2023","Journal Article","Tribology Online","Kyosuke Uchida
Shintaro Itoh
Kenji Fukuzawa
Nagao Azuma
Hedong Zhang","10.2474/trol.18.91","https://scispace.compdf/revealing-the-dependence-of-lubricant-viscosity-on-molecular-1w5bq6l06z.pdf","Reducing the viscosity of the lubricant is an effective way to improve the energy efficiency of automobiles. However, designing a lubricant with the desired properties requires elucidating the relationship between viscosity and molecular structure. In this study, we measured the temperature dependence of the dielectric relaxation of model lubricants with different molecular structures. Dielectric relaxation measurements were used to evaluate the influence of ambient viscosity on the motility of single molecules. In addition, we measured the temperature dependence of the lubricant viscosity using a rotational viscometer. By comparing the flow viscosity and dielectric relaxation measurement results, we showed that the activation volume and energy of the luburicant, which determine viscosity, can be resolved. As a result, we succeeded in quantitatively evaluating the contribution of molecular structure to changes in the activation energy, and elucidated the effect of the density of polar groups per molecule on changes in the activation volume. ","The viscosity of lubricants is influenced by molecular structure and can be accurately predicted by measuring the temperature dependence of dielectric relaxation and viscosity."
"Effective activation energies of chemical reactions and viscous flow of liquids depending on pressure in tribosystems with boundary and mixed friction","https://scispace.com/paper/effective-activation-energies-of-chemical-reactions-and-4xiy62yez5","2017","Journal Article","Journal of Friction and Wear","S. B. Bulgarevich
M. V. Boyko","10.3103/S1068366617020052","","This work presents a kinetic analysis of the probable chemical reactions in a frictional contact zone depending on their energetics, temperature, and pressure, as well as the impact of these factors on the viscous flow of liquids, which can be used as an oily base in tribosystems with mixed boundary friction The dependences of the effective activation energy and viscous flow of liquids on pressure have been analyzed It has generally been shown that the effective activation energy of thermally activated chemical reactions and viscous flow depends on the activation volume and consists of standard activation energy under standard conditions and additional components connected with the influence of pressure on these processes","In this paper, a kinetic analysis of the probable chemical reactions in a frictional contact zone depending on their energetics, temperature, and pressure, as well as the impact of these factors on the viscous flow of liquids, which can be used as an oily base in tribosystems with mixed boundary friction is presented."
"Temperature‐Pressure‐Structure Effects on the Viscosity of Several Higher Hydrocarbons","https://scispace.com/paper/temperature-pressure-structure-effects-on-the-viscosity-of-1vdbw1a31t","1959","Journal Article","Journal of Chemical Physics","D. A. Lowitz
J. W. Spencer
W. Webb
R. W. Schiessler","10.1063/1.1729946","","The viscosity of fourteen very pure high molecular weight hydrocarbon liquids has been determined at six temperatures, ranging from 37.78°C to 135°C, and at pressures ranging from atmospheric to 3400 bar, by use of a rolling‐ball viscometer. For nine of the liquids whose PVT data were not available, a flexible bellows piezometer was used to determine the density between the same limits of temperature and pressure as employed for the viscosity measurements. The hydrocarbons selected vary in molecular weight from 268.5 to 535.0 and comprise several structural symmetry families involving progressive cyclization to cyclohexyl, phenyl, and decalyl groups. Also included are an alkylnaphthalene, an alkyldecahydronaphthalene, two hydrochrysenes, an homologous series of branched paraffins, and a series of 1,1‐diphenylalkanes. Correlations are made of structure with viscosity, rate of change of viscosity with pressure, and enthalpy of activation for viscous flow. The effects of molecular weight and of molecular structure on viscosity are discussed.","In this article, the viscosity of fourteen very pure high molecular weight hydrocarbon liquids was determined at six temperatures, ranging from 37.78°C to 135°C, and at pressures ranging from atmospheric to 3400 bar, by use of a rolling-ball viscometer."
"Micromolecular processes in the viscous flow of hydrocarbons","https://scispace.com/paper/micromolecular-processes-in-the-viscous-flow-of-hydrocarbons-27qha5b87x","1988","Journal Article","Philosophical Magazine","David Tabor","10.1080/01418618808204511","","This paper discusses the viscous and diffusional properties of linear hydrocarbons in terms of simple molecular mechanisms. Making use of data obtained from the diffusion of hydrocarbons through molten polymers it suggests that in liquid hydrocarbons the micro-molecular process of flow and of diffusion involves a trans-gauche or crank-shaft type of rotation.","In this paper, the viscous and diffusional properties of linear hydrocarbons in terms of simple molecular mechanisms are discussed, and it is shown that the micro-molecular process of flow and diffusion involves a trans-gauche or crank-shaft type of rotation."
"Generalized one-parameter viscosity equation for light and medium liquid hydrocarbons","https://scispace.com/paper/generalized-one-parameter-viscosity-equation-for-light-and-1hy5o18u3o","1991","Journal Article","Industrial & Engineering Chemistry Research","Anil K. Mehrotra","10.1021/IE00054A044","","The applicability of a viscosity-temperature equation, proposed recently for heavy hydrocarbons, is extended to light and medium hydrocarbons. The one-parameter equation was developed for the viscosity of heavy hydrocarbons, including branched/unbranched paraffins/olefins and nonfused/fused aromatic/naphthenic compounds. This generalized equation is demonstrated to be capable of modeling the viscosity of light and medium hydrocarbons that belong to paraffin (alkane), olefin (alkene), (n-alkyl)cyclopentane, (n-alkyl)-cyclohexane, and aromatic families. The results of this study combined with those reported previously yield a generalized one-parameter method for predicting the viscosity of light, medium, and heavy liquid hydrocarbons","In this article, the applicability of a viscosity-temperature equation, proposed recently for heavy hydrocarbons, is extended to light and medium HBCs, including branched/unbranched paraffins/olefins and nonfused/fused aromatic/naphthenic compounds."
"Rheological behavior of high-pour-point oil: Insights into viscosity–temperature prediction and viscoelastic-yielding transition","https://scispace.com/paper/rheological-behavior-of-high-pour-point-oil-insights-into-4l84h2e1gr","2024","Journal Article","Physics of fluids","Xuechen Tang
Yiqiang Li
Zhongjie Hu
Chunxia Xiao
Zheyu Liu
Xiaolong Lv","10.1063/5.0201385","","The rheological characteristics of high-pour-point (high-PPT) oil are crucial for its economical and safe production and transportation. However, current research on the viscosity–temperature prediction and viscoelastic-yielding transition of high-PPT oil is insufficient. The Arrhenius formula faces challenges in accurately depicting the viscosity–temperature relationship, and there is a lack of a quantitative description of the viscoelastic-yielding transition behavior in gelled high-PPT oil. This study addresses these gaps through a series of rheological experiments. The results reveal that the viscosity–temperature relationship of high-PPT oil can be classified into three regions, each associated with a sequentially increasing activation energy Ea. Introducing two characteristic parameters, T0 and n, yields a modified Arrhenius formula with an extended range of applicability. Thixotropy and gelation process experiments demonstrate an exponential increase in thixotropic strength with a decreasing temperature below the wax appearance temperature, while an optimum cooling rate maximizes the gelation degree of high-PPT oil. A brittleness index BI was defined to quantitatively describe the fracture mode of gelled crude. Critical characteristic strains and BI exhibit a decrease with an increase in the reciprocal of the average free degree 1/wfree, where the diminishing trend of BI follows a robust power-law form. This comprehensive investigation contributes valuable insights into the rheological behavior of high-PPT oil, offering a foundation for more accurate modeling and control strategies in its production and transportation. ","The rheological behavior of high-pour-point oil is characterized by a complex viscosity–temperature relationship and a viscoelastic-yielding transition. The modified Arrhenius formula and the introduction of two characteristic parameters T0 and n extend the applicability of the model. The thixotropic strength and gelation process experiments reveal an exponential increase in thixotropic strength and an optimum cooling rate for maximizing gelation degree. The brittleness index exhibits a decreasing trend with increasing strain and decreasing temperature."
"On the Homographic Dependence of Activation Energy and Viscosity Arrhenius' Temperature for Some Pure Fluids","https://scispace.com/paper/on-the-homographic-dependence-of-activation-energy-and-c9cv6kdq8p","2018","Journal Article","Asian Journal of Chemistry","N.O. Alzamel
Fadi Alakhras
A.A. Al-Arfaj
M.A. Alkhaldi
Nuhad A. Alomair
Eman A. Alabbad
A. A. Wassel
Noureddine Ouerfelli","10.14233/AJCHEM.2018.21319","https://scispace.com/pdf/on-the-homographic-dependence-of-activation-energy-and-c9cv6kdq8p.pdf","Recently we have initiated a collaborating research axis on application of thermodynamic/transport properties of some engineering fluid systems in suggested correlation equations [1-11]. Considering the experimental values in the literature, here it is extended to investigate the viscosity Arrhenius behaviour along with a new parameter applied as Arrhenius temperature (TA), in some classical fluids at different temperatures. In addition, we add that correlation between Arrhenius parameters reveals interesting Arrhenius temperature which is closely related to the vaporization temperature in the liquid vapour equilibrium and the limiting corresponding partial molar properties can permit us to estimate the boiling points of the pure components. In conclusion, we can ascertain that with more mathematical handlings, we will be able to reveal some physical significances of the viscosity Arrhenius parameters and it definitely develops as well as improves the On the Homographic Dependence of Activation Energy and Viscosity Arrhenius' Temperature for Some Pure Fluids","In this paper, the authors investigated the viscosity Arrhenius behavior along with a new parameter applied as Arrinius temperature (TA), in some classical fluids at different temperatures."
"Empirical approach for predicting viscosities of liquid hydrocarbon systems: Defined compounds and coal liquids and fractions","https://scispace.com/paper/empirical-approach-for-predicting-viscosities-of-liquid-58cmxzvzg7","2010","Journal Article","Energy & Fuels","Vijayaragavan Krishnamoorthy
Sharon Falcone Miller
Bruce G. Miller","10.1021/EF100375K","","A single-parameter empirical method, based on the effective carbon number concept, was developed to predict the viscosities of defined (alkanes, alkenes, aromatics, alicyclics, and hydrocarbon mixtures) and undefined (coal liquids and coal liquid fractions) hydrocarbon liquids at various temperatures and for pressures up to 700 bar. The only parameter required for estimating the viscosities of a hydrocarbon system is the effective carbon number, which can be obtained from a single liquid viscosity datum of the compound using one of two proposed correlations, that is, n-alkane correlation or aromatic correlation. Also, experimental data on the viscosities of laboratory-generated coal liquid oils were generated and used in the evaluation of the model. The new method, when tested on viscosity data of defined and undefined hydrocarbon liquid compounds at various pressures and temperatures, yielded an overall average absolute deviation (AAD) of 4.11% and 9.99%, respectively. The model was also found to compare...","In this article, a single-parameter empirical method, based on the effective carbon number concept, was developed to predict the viscosities of defined (alkanes, alkenes, aromatics, alicyclics, and hydrocarbon mixtures) and undefined (coal liquids and coal liquid fractions) hydrocarbon liquids at various temperatures and for pressures up to 700 bar."
"A New Equation Relating the Viscosity Arrhenius Temperature and the Activation Energy for Some Newtonian Classical Solvents","https://scispace.com/paper/a-new-equation-relating-the-viscosity-arrhenius-temperature-3k0bz8a6fo","2015","Journal Article","Journal of Chemistry","A. Messaâdi
N. Dhouibi
Hatem Hamda
Fethi Bin Muhammad Belgacem
Yousry Hessein Adbelkader
Noureddine Ouerfelli
Ahmed Hichem Hamzaoui","10.1155/2015/163262","https://downloads.hindawi.com/journals/jchem/2015/163262.pdf","In transport phenomena, precise knowledge or estimation of fluids properties is necessary, for mass flow and heat transfer computations. Viscosity is one of the important properties which are affected by pressure and temperature. In the present work, based on statistical techniques for nonlinear regression analysis and correlation tests, we propose a novel equation modeling the relationship between the two parameters of viscosity Arrhenius-type equation, such as the energy () and the preexponential factor (). Then, we introduce a third parameter, the Arrhenius temperature (), to enrich the model and the discussion. Empirical validations using 75 data sets of viscosity of pure solvents studied at different temperature ranges are provided from previous works in the literature and give excellent statistical correlations, thus allowing us to rewrite the Arrhenius equation using a single parameter instead of two. In addition, the suggested model is very beneficial for engineering data since it would permit estimating the missing parameter value, if a well-established estimate of the other parameter is readily available.","Empirical validations using 75 data sets of viscosity of pure solvents studied at different temperature ranges are provided and give excellent statistical correlations, thus allowing the Arrhenius equation to be rewritten using a single parameter instead of two."
"Modelling Viscosity based on a Molecular Description","https://scispace.com/paper/modelling-viscosity-based-on-a-molecular-description-2par62ud5w","2014","","","Nicolas Riesco
Velisa Vesovic","","https://scispace.com/pdf/modelling-viscosity-based-on-a-molecular-description-2par62ud5w.pdf","In this paper, we illustrate that the modern trends for viscosity prediction are moving away from empirically based methods to those that make use of a sound theoretical framework and are validated against primary experimental data. The Vesovic-Wakeham (VW) method is in the forefront of these developments. It is founded on the kinetic theory of hard-sphere fluids that is appropriately modified to take into account the behaviour of real fluids. It makes use of mixing rules that are thermodynamically consistent and more importantly have no adjustable parameters. In this work the VW model has been used to predict the viscosity of reservoir fluids that are of interest to the oil and gas industry. In particular, we examined the predictive capabilities of VW model by comparing against accurate experimental data on natural gas and liquid alkane mixtures that form the main constitutes of oil. The natural gas data were reproduced with uncertainty of better than 1%, while the viscosities of liquid alkane mixtures were reproduced with the uncertainty of 4%.","In this article, the authors illustrate that the modern trends for viscosity prediction are moving away from empirically based methods to those that make use of a sound theoretical framework and are validated against primary experimental data."
"Temperature dependence of the viscosity of nonpolymeric liquids","https://scispace.com/paper/temperature-dependence-of-the-viscosity-of-nonpolymeric-5b6jgmu7mm","2003","Journal Article","Journal of Chemical Physics","Jyh-Ping Hsu
Sung-Hwa Lin","10.1063/1.1525282","","The temperature dependence of the viscosity of a normal nonpolymeric liquid is analyzed theoretically based on a free volume model. We show that the viscosity is mainly a function of the activation energy for molecular collision. The activation energy is closely related to the temperature, and the relation between the two can be derived based on a cell theory. The applicability of the result derived is justified by fitting it to the experimental data for n-paraffins. We show that, in addition to providing a physically more realistic analytical expression than those in the literature, the analytical result derived in our study is capable of improving the performance of the empirical relation proposed by Doolittle [J. Appl. Phys. 22, 1031 (1951)]. The applicability of the present model to predict the basic properties of glass-forming liquids is also illustrated.","In this paper, the activation energy of a normal nonpolymeric liquid is derived based on a cell theory and the relation between the two can be derived by fitting it to the experimental data for n-paraffins."
"Shear Thinning Behavior of Heavy Oil Samples: Laboratory Measurements And Modeling.","https://scispace.com/paper/shear-thinning-behavior-of-heavy-oil-samples-laboratory-55tvl8xtkl","2008","Proceedings Article","Seg Technical Program Expanded Abstracts","Azra N. Tutuncu
Maria Alejandra Rojas
John P. Castagna
Ramanan Krishnamoorti
De-hua Han","10.1190/1.3059238","https://scispace.com/pdf/shear-thinning-behavior-of-heavy-oil-samples-laboratory-55tvl8xtkl.pdf","Viscoelastic measurements of four heavy and extra-heavy oil samples were carried out to analyze the dependence of complex viscosity, loss and storage modulus with temperature and frequency. The dynamic rheological tests showed a shear thinning phenomenon typical of nonNewtonian fluids, highly pronounced for seismic and sonic frequencies and for temperatures below 50 C. The PowerLaw method that explains the shear thinning behavior was modified to incorporate the liquid crystal theory and the viscosity dependence on temperature based on the concept of activation energy. An expression was derived to predict complex viscosity based on frequency and temperature changes.","In this article, the dependence of complex viscosity, loss and storage modulus with temperature and frequency was analyzed for non-Newtonian fluids, highly pronounced for seismic and sonic frequencies and for temperatures below 50 C."
"Possibilities of the Molecular Modeling of Kinetic Processes under Supercritical Conditions","https://scispace.com/paper/possibilities-of-the-molecular-modeling-of-kinetic-processes-1kwuvy9f5y","2021","Journal Article","Russian Journal of Physical Chemistry A","Yu. K. Tovbin","10.1134/S0036024421030225","","Current possibilities of modeling the kinetics of supercritical processes are considered, based on the theory of an absolute rate of the reaction for non-ideal reaction systems, which considers intermolecular interactions that change the effective energy of activation of elementary stages. This allows the theory to describe the rates of elementary stages for arbitrary temperatures and densities of the reagent in different phases. Application of this theory in a wide range of state parameters (pressure and temperature) is examined while calculating elementary bimolecular reactions and dissipative coefficients under supercritical conditions. Generalized dependences within the law of corresponding states are calculated for the compressibility, viscosity, and thermal conductivity coefficients of pure substances and those of the compressibility, self- and mutual diffusion, and viscosity of binary mixtures. The effect density and temperature have on the rates of elementary stages under supercritical conditions is demonstrated for a reaction’s effective energies of activation, diffusion and share coefficients, and equilibrium constants of adsorption. Differences between models with effective parameters and the prospects for developing them by allowing for differences in size and contributions from the vibrational motions of components are described, along with ways of improving the accuracy of describing correlation effects.","In this paper, the authors considered the kinetics of supercritical processes based on the theory of an absolute rate of the reaction for non-ideal reaction systems, which considers intermolecular interactions that change the effective energy of activation of elementary stages."
"Viscosity Models Based on the Free Volume and Frictional Theories for Systems at Pressures to 276 MPa and Temperatures to 533 K","https://scispace.com/paper/viscosity-models-based-on-the-free-volume-and-frictional-4oylg552tr","2012","Journal Article","Industrial & Engineering Chemistry Research","Ward A. Burgess
Deepak Tapriyal
Isaac K. Gamwo
Bryan D. Morreale
Mark A. McHugh
Robert M. Enick","10.1021/IE301727K","","This study presents methods for accurate viscosity modeling using the frictional theory (f-theory) and the free volume theory (FV theory) of viscosity at temperatures to 533 K and pressures to 276 MPa, which are high-temperature, high-pressure (HTHP) conditions associated with ultradeep porous sandstone or carbonate layers that retain crude oil or natural gas. The perturbed-chain statistical associating fluid theory (PC-SAFT) equation of state (EoS), the HTHP-volume-translated (VT) Peng–Robinson EoS, and the HTHP-volume-translated-Soave–Redlich–Kwong EoS (HTHP-VT-PR and HTHP-VT-SRK, respectively) are used to provide input information for both the f-theory and the FV theory. Viscosity values returned by these models are compared to available experimental data for n-alkanes with carbon numbers 1–18, branched alkanes, single and double ring aromatics, and naphthenic compounds. As currently constituted, the f-theory model underpredicts viscosity by as much as 20% at pressures near 276 MPa, but this deficiency...","In this article, the authors presented methods for accurate viscosity modeling using the frictional theory (f-theory) and the free volume theory (FV theory) of visosity at temperatures to 533 K and pressures to 276 MPa, which are high-temperature, high pressure (HTHP) conditions associated with ultradeep porous sandstone or carbonate layers that retain crude oil or natural gas."
"A modified hard-sphere theory for transport properties of fluids over the whole density range: I. Viscosity coefficients of low molecular weight hydrocarbons","https://scispace.com/paper/a-modified-hard-sphere-theory-for-transport-properties-of-v1hoxegtph","1976","Journal Article","Principles and Practice of Constraint Programming","J.H. Dymond","10.1016/0301-0104(76)85010-0","","The rough hard-sphere model is used as a basis for the interpretation of viscosity coefficient data for liquid methane. It is found that effects of coupling of translational and rotational motions are absent and that the molecules behave like an assembly of smooth hard-spheres rather than rough hard-spheres. The effect of non-spherical molecular shape on the viscosity coefficient of C2 to C5 hydrocarbons at high density is investigated. Other work has shown that for a dilute assembly of spherocylinders the viscosty coefficient can have practically the same value as a hard-sphere gas with the same molecular volume. The hard-sphere theory is here applied to liquid hydrocarbon viscosity coefficient data and to the dense gas data and the results show that at these densities also the experimental data can be satisfactorily interpreted in terms of the smooth hard-sphere model. At lower densities the experimental results are lower than values calculated on the basis of the smooth hard-sphere theory, a consequence of the effect of intermolecular attractive forces in real fluids. These effects are taken into account by an empirical modification to the hard-sphere theory. The resulting expressions reproduce the experimental viscosity coefficient data for the C1-C5 hydrocarbons considered very satisfactorily over the whole density and temperature range.","In this paper, the rough hard-sphere model is used as a basis for the interpretation of viscosity coefficient data for liquid methane and it is found that effects of coupling of translational and rotational motions are absent and that the molecules behave like an assembly of smooth hard spheres rather than rough hardspheres."
"Molecular Dynamics Simulation Studies of Viscosity and Diffusion of n-Alkane Oligomers at High Temperatures","https://scispace.com/paper/molecular-dynamics-simulation-studies-of-viscosity-and-3d0lopxx55","2011","Journal Article","Bulletin of The Korean Chemical Society","Song Hi Lee","10.5012/BKCS.2011.32.11.3909","https://scispace.com/pdf/molecular-dynamics-simulation-studies-of-viscosity-and-3d0lopxx55.pdf","In this paper we have carried out molecular dynamics simulations (MD) for model systems of liquid n-alkane oligomers () at high temperatures (~2300 K) in a canonical ensemble to calculate viscosity , self-diffusion constants D, and monomeric friction constant . We found that the long chains of these n-alkanes at high temperatures show an abnormality in density and in monomeric friction constant. The behavior of both activation energies, and , and the mass and temperature dependence of , D, and are discussed.","In this paper, the authors carried out molecular dynamics simulations (MD) for model systems of liquid n-alkane oligomers at high temperatures (~2300 K) in a canonical ensemble to calculate viscosity, self-diffusion constants D, and monomeric friction constant."
"Predicting Fluid Viscosity of Nonassociating Molecules","https://scispace.com/paper/predicting-fluid-viscosity-of-nonassociating-molecules-5rwibmqgyv","2015","Journal Article","Industrial & Engineering Chemistry Research","Lawrence T. Novak","10.1021/ACS.IECR.5B01526","","Previous work by the author demonstrated that a new predictive corresponding-states viscosity model, based on entity Chapman–Enskog scaling, correlated pure n-alkane component viscosity data with entity scaled residual entropy. With five fitting constants, a 5.2% average absolute relative deviation (AARD) was obtained over the entire fluid region for a group of 17 n-alkanes, ranging from methane to 1280 Mw linear polyethylene. The work reported here demonstrates that this same model and fitting constants predicts fluid viscosity of other molecular classifications over a wide range of temperature and pressure. Molecular structure was incorporated to improve the predictability of the earlier corresponding-states viscosity model. With the inclusion of molecular structure, an AARD of 6.6% was obtained over the entire fluid region for ten classifications of nonassociating molecules and a wide range of temperature (60–800 K) and pressure (1–46 800 atm). Thus, a predictive corresponding-states fluid viscosity mo...","In this article, a new predictive corresponding-state viscosity model, based on entity Chapman-Enskog scaling, correlated pure n-alkane component visosity data with entity scaled residual entropy."
"Influence of excited molecules on the process of Frictional flow of Nonassociated liquids","https://scispace.com/paper/influence-of-excited-molecules-on-the-process-of-frictional-fy70492481","2004","Journal Article","Physics and Chemistry of Liquids","M. Yu. Gorbachev","10.1080/00319100442000201665","","It is shown that the viscosity of various nonassociated liquids can be described adequately by taking into account both the influence of the rate of the straight-line formation of holes’ volume caused by irregular jumpings of excited molecules and the increase in the number of bimolecular collisions which is connected with intramolecular conformational transitions in the liquid phase. The proposed equations allow the calculation of this transport property at different temperatures.","In this article, it is shown that the viscosity of various nonassociated liquids can be described adequately by taking into account both the influence of the rate of the straight-line formation of holes' volume caused by irregular jumpings of excited molecules and the increase in the number of bimolecular collisions which is connected with intramolecular conformational transitions in the liquid phase."
"Relation and Correlation between NMR Relaxation Times, Diffusion Coefficients, and Viscosity of Heavy Crude Oils","https://scispace.com/paper/relation-and-correlation-between-nmr-relaxation-times-51j74zns1p","2015","Journal Article","Journal of Physical Chemistry C","Jean-Pierre Korb
Nopparat Vorapalawut
Benjamin Nicot
Robert G. Bryant","10.1021/ACS.JPCC.5B07510","","We present a theory and experiments that relate the NMR longitudinal T1 and transverse T2 relaxation times to the viscosity η for heavy crude oils with different asphaltene concentrations. The nuclear magnetic relaxation equations are based on a one-dimensional (1D) hydrocarbon translational diffusion in a transient porous network of slowly rotating asphaltene macroaggregates containing paramagnetic species VO2+. For heavy crude oils with viscosity η above a certain threshold ηc, the effective 1D confinement causes a transition from the usual Stokes–Einstein relation for the translational diffusion coefficient D ∝ 1/η below ηc to a wetting behavior D ∼ Cte close to the asphaltene aggregates above ηc. The theory is compared successfully with the universal viscosity dependencies of relaxation times T1 and T2 observed over a large range of viscosities. The theory reproduces the relaxation features of the 2D correlation spectra T1–T2 and D–T2 for heavy crude oils when varying the asphaltene concentration. Thi...","In this paper, the nuclear magnetic relaxation equations are based on a one-dimensional hydrocarbon translational diffusion in a transient porous network of slowly rotating asphaltene macroaggregates containing paramagnetic species VO2+."
"On the shear-thinning of alkanes","https://scispace.com/paper/on-the-shear-thinning-of-alkanes-9nk9zpygzp","2023","Preprint","","Hongyu Gao
Martin H. Müser","10.48550/arxiv.2309.10627","","The approximate power-law dependence of the apparent viscosity of liquids on shear rate is often argued to arise from a distribution of energy barriers. However, recent work on the Prandtl model, which consists of a point mass being dragged by a damped, harmonic spring past a sinusoidal potential, revealed a similar dependence of the friction on velocity as that of many liquids. Here, we demonstrate that this correlation is not only qualitative but can also be made quantitative over a broad temperature range using merely three dimensionless parameters, at least for alkanes, in particular hexadecane, at elevated pressure p. These and other observations made on our all-atom alkane simulations at elevated pressure point to the existence of an elementary instability causing shear thinning. In addition, the equilibrium viscosity shows power law dependence on p near the cavitation pressure but an exponential dependence at large p, while the additional parameter(s) in the Carreau-Yasuda equation compared to other rheological models turn out justifiable. ","The shear thinning behavior of alkanes is caused by an elementary instability and can be described using a few dimensionless parameters."
"Modeling the Viscosity Versus Temperature and Pressure of Light Hydrocarbon Solvents","https://scispace.com/paper/modeling-the-viscosity-versus-temperature-and-pressure-of-vcdtohnn2p","2006","Journal Article","Journal of Materials Engineering and Performance","Adango Miadonye
Loree D’Orsay","10.1361/105994906X150894","","Our viscosity-temperature correlation (Miadonye and D’Orsay, J. Mater Eng. Perform., 2006, 15(1), p 13-18; Ref 1) has been extended in this work to estimate the viscosity of light hydrocarbons between a temperature range of 223.15 and 433.15 K and a pressure range from 0.1 to 240 MPa. The correlation was modified to include a pressure term that contains the pressure parameters and . The value for was obtained as a constant, and the value of the parameter was derived from viscosity-temperature-pressure relationship and is unique for each hydrocarbon sample. With the pressure parameter, , and the shape factor constant, , the model produces an average absolute deviation of 2.3% for a total number of 503 data points, an improvement of 46% on correlations with similar simple characteristics. The value of has been determined for several light hydrocarbon samples, including crude oil fractions.","In this article, the authors extended the viscosity-temperature correlation to include a pressure term that contains the pressure parameters and obtained an average absolute deviation of 2.3% for a total number of 503 data points, an improvement of 46% on correlations with similar simple characteristics."
"Predictive Corresponding-States Viscosity Model for the Entire Fluid Region: n-Alkanes","https://scispace.com/paper/predictive-corresponding-states-viscosity-model-for-the-484iblqbu1","2013","Journal Article","Industrial & Engineering Chemistry Research","Lawrence T. Novak","10.1021/IE400654P","","Previous work by the author demonstrated a novel approach for correlating the scaled self-diffusion coefficient, viscosity, and thermal conductivity with the residual entropy over the entire fluid ...","In this article, the authors demonstrated a novel approach for correlating the scaled self-diffusion coefficient, viscosity, and thermal conductivity with the residual entropy over the entire fluid."
"Fluid Viscosity-Residual Entropy Correlation","https://scispace.com/paper/fluid-viscosity-residual-entropy-correlation-2ce4pkehmz","2011","Journal Article","International Journal of Chemical Reactor Engineering","Lawrence T. Novak","10.2202/1542-6580.2839","","Chemical reaction engineering, process engineering, and product engineering models are used for design and analysis. Often, transport coefficient models are needed in equipment and in-situ models to account for the importance of momentum, heat, and mass transfer. Previous work+ demonstrated a novel component-based reference equation of state approach for correlating self-diffusion coefficient and viscosity over the entire fluid region (liquid, gas, and critical fluid). In this paper, a segment-based approach is used to extend the previous work+ from a limited number of individual component correlations to a predictive fluid viscosity correlation for a class of components consisting of n-alkanes, up to 1300 molecular weight, covering a wide range of components, temperatures, and pressures. A scaled segment viscosity-segment residual entropy correlation (V-S model) was introduced and evaluated here. PC-SAFT segment parameters and residual entropy were used in a correlation model linking viscosity to the PC-SAFT equation of state. Experimental evaluation of this V-S model used 3122 data points for eighteen n-alkanes, ranging from methane up to 2390 molecular weight linear polyethylene. Temperatures ranged from 96 °K to 650 °K, and pressures ranged from 10-4 atmospheres to 4990 atmospheres. The conditions studied are relevant to oil and gas reservoir engineering and other in-situ processes. Based on this work, covering the entire fluid region, the V-S model was found to result in a group correlation squared (R2) of -0.998 and group average absolute deviation (AAD) of 3.9%. Individual viscosity segment correlation parameters (Bseg and Aseg) were fitted to molecular weight and used in the predictive mode. In the predictive mode, a group AAD of 6.7% was obtained for n-alkanes from methane up to 1300 molecular weight linear polyethylene, over the entire fluid region. The scaled segment viscosity-segment residual entropy model introduced here has potential for a much broader range of applications. In addition, this model would be easy to embed in existing in-house and commercial simulators to provide predictive properties and rate-based modeling capability. + Novak, http://www.bepress.com/ijcre/vol9/A63","In this paper, a scaled segment viscosity-segment residual entropy correlation (V-S model) was introduced and evaluated for a class of n-alkanes up to 1300 molecular weight, covering a wide range of components, temperatures, and pressures."
"Possibility of Predicting Activation Energy for Viscous Flow in Five-Membered Naphthenes by Means of Structural Descriptors","https://scispace.com/paper/possibility-of-predicting-activation-energy-for-viscous-flow-47xp6kj6kz","2019","Journal Article","","Ella A. Kovaleva
Mikhail Yu. Dolomatov
Кamil Latypov
Oleg S. Koledin
Nataliya H Paymurzina","10.11648/J.AJPC.20190801.14","https://scispace.com/pdf/possibility-of-predicting-activation-energy-for-viscous-flow-47xp6kj6kz.pdf","In this paper, the possibility of predicting values apparent activation energy for viscous flow in five-membered naphthenes by the calculation method, namely, using the two-parameter dependence of structural descriptors, is investigated. We explore structural descriptors of the molecular graph, namely, a topological index and the sum of eigenvalues squares of the topological matrix. Interchangeability checking of topological descriptors was performed. We performed regression analysis, and constructed dependences of apparent activation energy on the sum of squares of eigenvalues and topological indices. This paper presents data for calculating apparent activation energy of viscous flow from the experimental data and from the dependence on the Wiener topological index and the squares sum of eigenvalues. It is shown that for compounds under consideration there is a kinetic compensation effect. Based on the studies carried out for compounds considered, it can be assumed that, the apparent activation energy of viscous flow and the associated Arrhenius constant (frequency factor) is determined by the topological characteristics of the molecules.","In this article, the authors investigated the possibility of predicting apparent activation energy for viscous flow in five-membered Naphthenes by the calculation method, namely, using the two-parameter dependence of structural descriptors."
"Viscosity of twelve hydrocarbon liquids in the temperature range 298–348 K at pressures up to 110 MPa","https://scispace.com/paper/viscosity-of-twelve-hydrocarbon-liquids-in-the-temperature-1e7y9uhdci","1982","Journal Article","International Journal of Thermophysics","H. Kashiwagi
T. Makita","10.1007/BF00502346","","New experimental data on the viscosity of 12 organic liquids are presented at temperatures of 25, 30, 50, and 75°C and at pressures up to 110 MPa. The liquids measured are five n-alkanes (C6, C7, C8, C10, C12), cyclohexane, and six aromatic hydrocarbons (benzene, toluene, ethylbenzene, o-, m-, p-xylenes). The measurements were performed using a torsionally vibrating crystal method on a relative basis with an uncertainty less than 2%. A linear relationship between fluidity and molar volume, which is predicted from the hard-sphere theory, fails at pressures above 50 MPa. The rough hard-sphere model proposed by Chandler provides a reasonable representation of the data for aromatic hydrocarbons, while for n-alkanes the agreement is not satisfactory because of an aspherical shape of molecules. The viscosity data can be correlated well with the molar volume by a free-volume expression and also can be represented as a function of pressure by a similar expression to the Tait equation.","In this article, the authors presented experimental data on the viscosity of 12 organic liquids at temperatures of 25, 30, 50, and 75°C and at pressures up to 110 MPa."
"Free volume vacancy behaviour and dynamic viscosity of diesel fuels with additives at elevated temperature and pressure: thermo-occupancy function","https://scispace.com/paper/free-volume-vacancy-behaviour-and-dynamic-viscosity-of-2w3qgjto","2022","Journal Article","International Journal of Oil, Gas and Coal Technology","Ugur Yahsi
C.J. Schaschke
Fatma Sahin Dinc","10.1504/ijogct.2022.10046420","https://myresearchspace.uws.ac.uk/ws/files/30750724/2021_05_14_Sahin_Dinc_et_al_Free_accepted.pdf","The reported pressure-volume-temperature (PVT) data of five different diesel fuels at T = 297.95-373.06 K and P = 0.1-457.2 MPa were described by the Simha-Somcynsky (SS) equation of state (eos). From the equilibrium condition imposed on the eos, the hole fraction, h = h (P, T), a form of free volume measure, was computed. Furthermore, our physically-based correlation implicating the thermo-occupancy function, Yh = Yh(h, T), in terms of a function of h = h (P, T) and T has been extended in this study to estimate the dynamic viscosity, η, for the mixtures of commercially available fuels. The model bridges a direct relation from an equilibrium property, h, to the transport process, η, of the system and predicts the viscosity with the range from 0.15% to 0.31%. Newly designates 'viscoholibility' function defined as the derivative of logarithm of viscosity with respect to hole fraction has been discussed. It has an exponential decaying behaviour with respect to h. [Received: February 24, 2021; Accepted: May 14, 2021] ","In this paper , a physically-based correlation implicating the thermo-occupancy function, Yh = Yh(h, T), in terms of a function of h = h (P, T) and T has been extended to estimate the dynamic viscosity, η, for the mixtures of commercially available fuels."
"Calculation of EHL traction with low-viscosity fluids by using an Eyring viscous solution.","https://scispace.com/paper/calculation-of-ehl-traction-with-low-viscosity-fluids-by-2efixxqoo2","1989","Journal Article","Transactions of the Japan Society of Mechanical Engineers. C","Masayoshi Muraki
Yoshitsugu Kimura","10.1299/KIKAIC.55.3048","","Analysis is present of EHL traction with low-viscosity lubricating oils, which is the case encountered at higher temperatures. Extension is made of the approximate formula already derived by the authors, where it is assumed that viscosity, instead of viscoelasticity, predominates when the limiting Newtonian viscosity in an EHL film falls below a critical value, 105 Pas, and an Eyring viscous solution is employed. The rheological parameters representing the traction characteristics of an oil then become the effective viscosity-pressure coefficient and the representative stress, and they are expressed as functions of mean Hertzian pressure and bulk temperature. Calculated results are compared with experimental data obtained on a four-roller machine for two diesters showing close agreement.","In this article, an analysis of EHL traction with low-viscosity lubricating oils is presented, where it is assumed that viscosity, instead of viscoelasticity, predominates when the limiting Newtonian viscoity in an EHL film falls below a critical value, 105 Pas, and an Eyring viscous solution is employed."
"Pressure and Temperature Effects on the Viscosity of Liquids","https://scispace.com/paper/pressure-and-temperature-effects-on-the-viscosity-of-liquids-4j42blr0ev","1940","Journal Article","Journal of Applied Physics","David Frisch
Henry Eyring
John F. Kincaid","10.1063/1.1712709","","The free energy of activation for viscous flow is related to an entropy and energy of activation by the same equations as any equilibrium. This, for the theory of viscosity is perfectly general and independent of the mechanism. The rolling over each other of pairs of molecules lying in adjoining layers is the mechanism which appears to be the most probable, and the equations for this bimolecular flow process are developed here. At low pressures the heat of activation for viscous flow is about one‐third the energy of vaporization, but as the pressure is raised, it increases rapidly because of the work term, P V/n′. Here P is the external pressure,V is molal volume and V/n′ is the extra volume required before the flow process can take place. Calculations made for n‐pentane, ether, benzene, iso‐pentane, water, and mercury over as extended a temperature and pressure range as the data permit are found to agree satisfactorily with the experimental viscosity. The results are interpreted in terms of the liquid structure and the mechanism of viscous flow. The results of applying our theory to the liquids for which the necessary data is available show that the effect of pressure on viscosity can be calculated a priori, with thermodynamic data only, with reasonable success.","In this paper, the free energy of activation for viscous flow is related to an entropy and energy of activations by the same equations as any equilibrium, and the results of applying their theory to the liquids for which the necessary data is available show that the effect of pressure on viscosity can be calculated a priori, with thermodynamic data only, with reasonable success."
"Viscosity, Plasticity, and Diffusion as Examples of Absolute Reaction Rates","https://scispace.com/paper/viscosity-plasticity-and-diffusion-as-examples-of-absolute-1coa4aglyh","1936","Journal Article","Journal of Chemical Physics","Henry Eyring","10.1063/1.1749836","","Since to form a hole the size of a molecule in a liquid requires almost the same increase in free energy as to vaporize a molecule, the concentration of vapor above the liquid is a measure of such ``molecular'' holes in the liquid. This provides an explanation of the law of rectilinear diameters of Cailletet and Mathias. The theory of reaction rates yields an equation for absolute viscosity applicable to cases involving activation energies where the usual theory of energy transfer does not apply. This equation reduces to a number of the successful empirical equations under the appropriate limiting conditions. The increase of viscosity with shearing stress is explained. The same theory yields an equation for the diffusion coefficient which when combined with the viscosity and applied to the results of Orr and Butler for the diffusion of heavy into light water gives a satisfactory and suggestive interpretation. The usual theories for diffusion coefficients and absolute electrical conductance should be replaced by those developed here when ion and solvent molecule are of about the same size.","The theory of reaction rates yields an equation for absolute viscosity applicable to cases involving activation energies where the usual theory of energy transfer does not apply as mentioned in this paper, which provides an explanation of the law of rectilinear diameters of Cailletet and Mathias."
"The Viscosity and the Energies of Activation for Selected Cyclic Compounds at Pressures up to 2 kbar","https://scispace.com/paper/the-viscosity-and-the-energies-of-activation-for-selected-4t39lxuz7n","1983","Journal Article","","E. Kuss","10.1002/BBPC.19830870110","","In order to investigate the relationship between the viscosity-pressure behavior and the structure of the molecule the viscosities η of Diphenyl-methane, Dicyclohexylmethane, Triphenylmethane, Tricyclohexylmethane as well as those of unhydrogenized and hydrogenized Bixylyltoluene and Terxylyltoluene were measured between 25 and 80°C up to 2 kbar. It is found, that in each case the viscosity-pressure dependence is strongly enhanced by hydrogenation. – Furthermore the pVT-data of unhydrogenized and hydrogenized Bixylyltoluene were measured and reproduced by the equation of Tait. The lg η-isotherms as-function of density ρ, the lg η-isochors as function of 1/T, the heat of activation Ep and the energy of activation Ev are discussed. Ep is diminished to higher temperatures and is enhanced with increasing pressure. However the ration Ep/Ev is approximately equal to 2, independent of temperature and pressure.","In this article, the relationship between the viscosity-pressure behavior and the structure of the molecule was investigated, and it was found that in each case the visco-pressure dependence is strongly enhanced by hydrogenation."
"Activation entropy, activation energy, and magnetic viscosity","https://scispace.com/paper/activation-entropy-activation-energy-and-magnetic-viscosity-1qpk7qpcw9","1999","Journal Article","Journal of Applied Physics","Ralph Skomski
Roger D. Kirby
David J. Sellmyer","10.1063/1.370093","https://scispace.com/pdf/activation-entropy-activation-energy-and-magnetic-viscosity-1qpk7qpcw9.pdf","Starting from an exact quantum-statistical description, the influence of the shape of the energy landscape on the magnetic viscosity is investigated. Magnetic phase-space analysis based on Kramers’ escape-rate theory of chemical reaction kinetics theory shows that the activation entropy associated with thermally activated hopping modifies the magnetic viscosity by reducing the attempt-frequency prefactor compared to an earlier prediction by Brown [W. F. Brown, Phys. Rev. 130, 1677 (1963)]. Energetic contributions are analyzed in terms of a model applicable to a range of coherent and noncoherent magnetization processes, and in the long-time limit deviations from the linear logarithmic magnetic-viscosity law are found.","In this article, the influence of the shape of the energy landscape on the magnetic viscosity is investigated based on Kramers' escape-rate theory of chemical reaction kinetics theory."
"A generalized viscosity equation for pure heavy hydrocarbons","https://scispace.com/paper/a-generalized-viscosity-equation-for-pure-heavy-hydrocarbons-3w2o9jlq42","1991","Journal Article","Industrial & Engineering Chemistry Research","Anil K. Mehrotra","10.1021/IE00050A021","","This paper presents a method for the correlation and prediction of the viscosity of pure heavy hydrocarbons listed in API Research Project 42. The 273 heavy hydrocarbons in the database include branched/unbranched paraffins and olefins together with a variety of complex nonfused/fused aromatic and naphthenic compounds. A generalized one-parameter viscosity-temperature equation, log ({mu} + 0.8) = 100(0.01T){sup b}, is proposed (overall AAD {lt} 7-10%) for all heavy hydrocarbons in the database. For each hydrocarbon, an optimum value of parameter b is provided. It is shown that parameter b varies linearly with the logarithm of molar mass as well as the inverse of boiling temperature (at 10 mmHg). This important observation leads to the development of a predictive method for the liquid-phase viscosity of pure heavy hydrocarbons.","In this article, a generalized one-parameter viscosity-temperature equation, log ({mu} + 0.8) = 100(0.01T ) b, is proposed for all heavy hydrocarbons in the database."
"On the temperature and pressure dependence of the dynamic viscosity of n-alkanes","https://scispace.com/paper/on-the-temperature-and-pressure-dependence-of-the-dynamic-4j1eemifal","2013","Journal Article","Moscow University Chemistry Bulletin","A. E. Zhirnov
G. M. Lukovkin
M. S. Arzhakov
S. A. Arzhakov","10.3103/S0027131413020107","","Isotherms of the coefficient of dynamic viscosity and isobars of n-alkanes are considered. One-parameter correlations for the isobars are constructed based on the literature data. A linear correlation is revealed between the boiling and melting temperatures and the found parameter of the baric dependence of viscosity for a homological series of alkanes.","In this paper, a linear correlation was revealed between boiling and melting temperatures and the found parameter of the baric dependence of viscosity for a homological series of alkanes."
"Shear viscosity calculated by perturbation theory and molecular dynamics for dense fluids","https://scispace.com/paper/shear-viscosity-calculated-by-perturbation-theory-and-2p5b5diaiz","2003","Journal Article","International Journal of Quantum Chemistry","Fabrício Da Costa Silva
Luiz A. F. Coelho
Frederico W. Tavares
Marcio J. E. De M. Cardoso","10.1002/QUA.10762","","In this work, we propose a new model to calculate viscosity of dense fluids based on the reference part of the Weeks–Chandler–Andersen perturbation theory. The reference fluid intermolecular interactions are given by a repulsive soft-sphere potential. The viscosity is calculated by means of a Chapman–Enskog equation corrected to high densities coupled with a density- and temperature-dependent effective diameter. The viscosity is also calculated by molecular dynamics simulations in a wide range of temperatures and densities for fluids interacting by repulsive soft-spheres potential. These results, obtained from molecular dynamics, are used to optimize the parameters of the effective diameter equation. To compute the contribution due to attractive intermolecular interactions, we use a temperature-dependent term, obtained by the Stokes–Einstein relation and the results published by Straub (1992) for the self-diffusion coefficient. The proposed model correlated experimental viscosity data from literature with absolute deviations less than 4%. © 2003 Wiley Periodicals, Inc. Int J Quantum Chem 95: 79–87, 2003","In this article, the authors proposed a new model to calculate viscosity of dense fluids based on the reference part of the Weeks-Chandler-Andersen perturbation theory."
"Estimation of Flow Activation Volume of Synthetic Ester Lubricants","https://scispace.com/paper/estimation-of-flow-activation-volume-of-synthetic-ester-58kermf1qm","1982","Journal Article","Journal of The Japan Petroleum Institute","Yasukatsu Tamai
Takashi Kyotani","10.1627/JPI1958.25.281","","A formula was proposed to estimate the atmospheric flow activation volumes of synthetic ester lubricants from their molecular structures based on the assumption of independent movement and contribution of each flow unit of the ester molecule. The estimated activation volumes were in good agreement with those of the experimental. Data, reported by other investigators for high pressure viscosities of several hydrocarbons, were used to test the applicability of the proposed formula. Limitations in its applicability were also discussed.","In this article, a formula was proposed to estimate the atmospheric flow activation volumes of synthetic ester lubricants from their molecular structures based on the assumption of independent movement and contribution of each flow unit of the ester molecule."