"#tblds_01_OilData.csv: Concentrations of volatile organic compounds in oil samples collected at the  National Crude Oil Spill Fate and Natural Attenuation Research Site near Bemidji, Minnesota, USA and an oil spill site near Cass Lake, Minnesota, USA between 1984 and 2010.",,,,,,,,,,,,,,,,
"#Data code definitions: refer to the metadata file, HistoricalData_metadata.xml, provided with this data release (https://doi.org/10.5066/P9FJ8I0P) and the data dictionary tables available at https://doi.org/10.5066/F7736PDR.  NOTE: An ""x"" was prepended to the values in the LocalSiteName, parm_cd, and meth_cd fields to prevent automatic truncation of leading 0's in the field by software programs used to open .csv files. Users can format this field as text and then use a ""Find and Replace"" tool to remove the x's.",,,,,,,,,,,,,,,,
dataset_id,LocalSiteName,OrigSiteName,sample_dt,Comments_sample_dt,medium_cd,sample_type_cd,lab_type_cd,lab_rep_cd,lab_run_cd,parm_cd,parm_shortname,remark_cd,result_va,meth_cd,pub,Comments
ds_01,x421B,B421-87A,7/15/1987,Estimated the sampling month and day to mid summer of the known sample collection year.,OW,9,L7,A,1,xLO036,Bz_mgG,,2.049,xLCA01,"Baedecker, M.J., Eaganhouse, R.P., Bekins, B.A., and Delin, G.N., 2011, Loss of volatile hydrocarbons from LNAPL oil source: Journal of Contaminant Hydrology, v. 126, pp. 140-152.",
ds_01,x421B,B421-87A,7/15/1987,Estimated the sampling month and day to mid summer of the known sample collection year.,OW,9,L7,A,2,xLO036,Bz_mgG,,2.053,xLCA01,"Baedecker, M.J., Eaganhouse, R.P., Bekins, B.A., and Delin, G.N., 2011, Loss of volatile hydrocarbons from LNAPL oil source: Journal of Contaminant Hydrology, v. 126, pp. 140-152.",
ds_01,x421B,B421-87B,7/15/1987,Estimated the sampling month and day to mid summer of the known sample collection year.,OW,9,L7,B,1,xLO036,Bz_mgG,,2.098,xLCA01,"Baedecker, M.J., Eaganhouse, R.P., Bekins, B.A., and Delin, G.N., 2011, Loss of volatile hydrocarbons from LNAPL oil source: Journal of Contaminant Hydrology, v. 126, pp. 140-152.",
ds_01,x421B,B421-87B,7/15/1987,Estimated the sampling month and day to mid summer of the known sample collection year.,OW,9,L7,B,2,xLO036,Bz_mgG,,2.104,xLCA01,"Baedecker, M.J., Eaganhouse, R.P., Bekins, B.A., and Delin, G.N., 2011, Loss of volatile hydrocarbons from LNAPL oil source: Journal of Contaminant Hydrology, v. 126, pp. 140-152.",
ds_01,x421B,B421-87C,7/15/1987,Estimated the sampling month and day to mid summer of the known sample collection year.,OW,9,L7,C,1,xLO036,Bz_mgG,,2.035,xLCA01,"Baedecker, M.J., Eaganhouse, R.P., Bekins, B.A., and Delin, G.N., 2011, Loss of volatile hydrocarbons from LNAPL oil source: Journal of Contaminant Hydrology, v. 126, pp. 140-152.",
ds_01,x421B,B421-87C,7/15/1987,Estimated the sampling month and day to mid summer of the known sample collection year.,OW,9,L7,C,2,xLO036,Bz_mgG,,2.05,xLCA01,"Baedecker, M.J., Eaganhouse, R.P., Bekins, B.A., and Delin, G.N., 2011, Loss of volatile hydrocarbons from LNAPL oil source: Journal of Contaminant Hydrology, v. 126, pp. 140-152.",
ds_01,x421B,B421-89,7/15/1989,Estimated the sampling month and day to mid summer of the known sample collection year.,OW,9,L9,A,1,xLO036,Bz_mgG,,2.017,xLCA01,"Baedecker, M.J., Eaganhouse, R.P., Bekins, B.A., and Delin, G.N., 2011, Loss of volatile hydrocarbons from LNAPL oil source: Journal of Contaminant Hydrology, v. 126, pp. 140-152.",
ds_01,x421B,B421-05A,7/15/2005,Estimated the sampling month and day to mid summer of the known sample collection year.,OW,9,L7,A,1,xLO036,Bz_mgG,,0.917,xLCA01,"Baedecker, M.J., Eaganhouse, R.P., Bekins, B.A., and Delin, G.N., 2011, Loss of volatile hydrocarbons from LNAPL oil source: Journal of Contaminant Hydrology, v. 126, pp. 140-152.",
ds_01,x421B,B421-05B,7/15/2005,Estimated the sampling month and day to mid summer of the known sample collection year.,OW,9,L7,B,1,xLO036,Bz_mgG,,0.92,xLCA01,"Baedecker, M.J., Eaganhouse, R.P., Bekins, B.A., and Delin, G.N., 2011, Loss of volatile hydrocarbons from LNAPL oil source: Journal of Contaminant Hydrology, v. 126, pp. 140-152.",
ds_01,x421B,B421-05C,7/15/2005,Estimated the sampling month and day to mid summer of the known sample collection year.,OW,9,L7,C,1,xLO036,Bz_mgG,,0.939,xLCA01,"Baedecker, M.J., Eaganhouse, R.P., Bekins, B.A., and Delin, G.N., 2011, Loss of volatile hydrocarbons from LNAPL oil source: Journal of Contaminant Hydrology, v. 126, pp. 140-152.",
ds_01,x421B,B421-08A,7/15/2008,Estimated the sampling month and day to mid summer of the known sample collection year.,OW,9,L7,A,1,xLO036,Bz_mgG,,0.842,xLCA01,"Baedecker, M.J., Eaganhouse, R.P., Bekins, B.A., and Delin, G.N., 2011, Loss of volatile hydrocarbons from LNAPL oil source: Journal of Contaminant Hydrology, v. 126, pp. 140-152.",
ds_01,x421B,B421-08B,7/15/2008,Estimated the sampling month and day to mid summer of the known sample collection year.,OW,9,L7,B,1,xLO036,Bz_mgG,,0.837,xLCA01,"Baedecker, M.J., Eaganhouse, R.P., Bekins, B.A., and Delin, G.N., 2011, Loss of volatile hydrocarbons from LNAPL oil source: Journal of Contaminant Hydrology, v. 126, pp. 140-152.",
ds_01,x421B,B421-08C,7/15/2008,Estimated the sampling month and day to mid summer of the known sample collection year.,OW,9,L7,C,1,xLO036,Bz_mgG,,0.862,xLCA01,"Baedecker, M.J., Eaganhouse, R.P., Bekins, B.A., and Delin, G.N., 2011, Loss of volatile hydrocarbons from LNAPL oil source: Journal of Contaminant Hydrology, v. 126, pp. 140-152.",
ds_01,x306,B306-89,7/15/2009,Estimated the sampling month and day to mid summer of the known sample collection year.,OW,9,L9,A,1,xLO036,Bz_mgG,,1.331,xLCA01,"Baedecker, M.J., Eaganhouse, R.P., Bekins, B.A., and Delin, G.N., 2011, Loss of volatile hydrocarbons from LNAPL oil source: Journal of Contaminant Hydrology, v. 126, pp. 140-152.",
ds_01,x306,B306-05,7/15/2005,Estimated the sampling month and day to mid summer of the known sample collection year.,OW,9,L9,A,1,xLO036,Bz_mgG,,0.488,xLCA01,"Baedecker, M.J., Eaganhouse, R.P., Bekins, B.A., and Delin, G.N., 2011, Loss of volatile hydrocarbons from LNAPL oil source: Journal of Contaminant Hydrology, v. 126, pp. 140-152.",
ds_01,x306,B306-08,7/15/2008,Estimated the sampling month and day to mid summer of the known sample collection year.,OW,9,L9,A,1,xLO036,Bz_mgG,,0.167,xLCA01,"Baedecker, M.J., Eaganhouse, R.P., Bekins, B.A., and Delin, G.N., 2011, Loss of volatile hydrocarbons from LNAPL oil source: Journal of Contaminant Hydrology, v. 126, pp. 140-152.",
ds_01,x423,B423-89,7/15/1989,Estimated the sampling month and day to mid summer of the known sample collection year.,OW,9,L7,A,1,xLO036,Bz_mgG,,1.232,xLCA01,"Baedecker, M.J., Eaganhouse, R.P., Bekins, B.A., and Delin, G.N., 2011, Loss of volatile hydrocarbons from LNAPL oil source: Journal of Contaminant Hydrology, v. 126, pp. 140-152.",
ds_01,x423,B423-89,7/15/1989,Estimated the sampling month and day to mid summer of the known sample collection year.,OW,9,L7,A,2,xLO036,Bz_mgG,,1.226,xLCA01,"Baedecker, M.J., Eaganhouse, R.P., Bekins, B.A., and Delin, G.N., 2011, Loss of volatile hydrocarbons from LNAPL oil source: Journal of Contaminant Hydrology, v. 126, pp. 140-152.",
ds_01,x423,B423-04,7/15/2004,Estimated the sampling month and day to mid summer of the known sample collection year.,OW,9,L9,A,1,xLO036,Bz_mgG,,1.419,xLCA01,"Baedecker, M.J., Eaganhouse, R.P., Bekins, B.A., and Delin, G.N., 2011, Loss of volatile hydrocarbons from LNAPL oil source: Journal of Contaminant Hydrology, v. 126, pp. 140-152.",
ds_01,x423,B423-08,7/15/2008,Estimated the sampling month and day to mid summer of the known sample collection year.,OW,9,L9,A,1,xLO036,Bz_mgG,,1.253,xLCA01,"Baedecker, M.J., Eaganhouse, R.P., Bekins, B.A., and Delin, G.N., 2011, Loss of volatile hydrocarbons from LNAPL oil source: Journal of Contaminant Hydrology, v. 126, pp. 140-152.",
ds_01,x319,B319-89,7/15/1989,Estimated the sampling month and day to mid summer of the known sample collection year.,OW,9,L9,A,1,xLO036,Bz_mgG,,2.204,xLCA01,"Baedecker, M.J., Eaganhouse, R.P., Bekins, B.A., and Delin, G.N., 2011, Loss of volatile hydrocarbons from LNAPL oil source: Journal of Contaminant Hydrology, v. 126, pp. 140-152.",
ds_01,x319,B319-04,7/15/2004,Estimated the sampling month and day to mid summer of the known sample collection year.,OW,9,L9,A,1,xLO036,Bz_mgG,,1.59,xLCA01,"Baedecker, M.J., Eaganhouse, R.P., Bekins, B.A., and Delin, G.N., 2011, Loss of volatile hydrocarbons from LNAPL oil source: Journal of Contaminant Hydrology, v. 126, pp. 140-152.",
ds_01,x319,B319-08,7/15/2008,Estimated the sampling month and day to mid summer of the known sample collection year.,OW,9,L9,A,1,xLO036,Bz_mgG,,1.381,xLCA01,"Baedecker, M.J., Eaganhouse, R.P., Bekins, B.A., and Delin, G.N., 2011, Loss of volatile hydrocarbons from LNAPL oil source: Journal of Contaminant Hydrology, v. 126, pp. 140-152.",
ds_01,x301A,B301-87,7/15/1987,Estimated the sampling month and day to mid summer of the known sample collection year.,OW,9,L9,A,1,xLO036,Bz_mgG,,1.09,xLCA01,"Baedecker, M.J., Eaganhouse, R.P., Bekins, B.A., and Delin, G.N., 2011, Loss of volatile hydrocarbons from LNAPL oil source: Journal of Contaminant Hydrology, v. 126, pp. 140-152.",
ds_01,x301A,B301-87,7/15/1987,Estimated the sampling month and day to mid summer of the known sample collection year.,OW,9,L9,A,1,xLO072,Tol_mgG,,3.389,xLCA01,"Baedecker, M.J., Eaganhouse, R.P., Bekins, B.A., and Delin, G.N., 2011, Loss of volatile hydrocarbons from LNAPL oil source: Journal of Contaminant Hydrology, v. 126, pp. 140-152.",
ds_01,x604A,B604-87,7/15/1987,Estimated the sampling month and day to mid summer of the known sample collection year.,OW,9,L9,A,1,xLO036,Bz_mgG,,1.119,xLCA01,"Baedecker, M.J., Eaganhouse, R.P., Bekins, B.A., and Delin, G.N., 2011, Loss of volatile hydrocarbons from LNAPL oil source: Journal of Contaminant Hydrology, v. 126, pp. 140-152.",
ds_01,x301A,B301-87,7/15/1987,Estimated the sampling month and day to mid summer of the known sample collection year.,OW,9,L9,A,1,xLO041,EtBz_mgG,,1.339,xLCA01,"Baedecker, M.J., Eaganhouse, R.P., Bekins, B.A., and Delin, G.N., 2011, Loss of volatile hydrocarbons from LNAPL oil source: Journal of Contaminant Hydrology, v. 126, pp. 140-152.",
ds_01,x301A,B301-87,7/15/1987,Estimated the sampling month and day to mid summer of the known sample collection year.,OW,9,L9,A,1,xLO053,mXyl_mgG,,2.692,xLCA01,"Baedecker, M.J., Eaganhouse, R.P., Bekins, B.A., and Delin, G.N., 2011, Loss of volatile hydrocarbons from LNAPL oil source: Journal of Contaminant Hydrology, v. 126, pp. 140-152.",
ds_01,x301A,B301-87,7/15/1987,Estimated the sampling month and day to mid summer of the known sample collection year.,OW,9,L9,A,1,xLO068,pXyl_mgG,,0.792,xLCA01,"Baedecker, M.J., Eaganhouse, R.P., Bekins, B.A., and Delin, G.N., 2011, Loss of volatile hydrocarbons from LNAPL oil source: Journal of Contaminant Hydrology, v. 126, pp. 140-152.",
ds_01,x301A,B301-87,7/15/1987,Estimated the sampling month and day to mid summer of the known sample collection year.,OW,9,L9,A,1,xLO066,oXyl_mgG,,1.69,xLCA01,"Baedecker, M.J., Eaganhouse, R.P., Bekins, B.A., and Delin, G.N., 2011, Loss of volatile hydrocarbons from LNAPL oil source: Journal of Contaminant Hydrology, v. 126, pp. 140-152.",
ds_01,x301A,B301-87,7/15/1987,Estimated the sampling month and day to mid summer of the known sample collection year.,OW,9,L9,A,1,xLO039,CyHex_dBz_mgG,,2.878,xLCA02,"Baedecker, M.J., Eaganhouse, R.P., Bekins, B.A., and Delin, G.N., 2011, Loss of volatile hydrocarbons from LNAPL oil source: Journal of Contaminant Hydrology, v. 126, pp. 140-152.",
ds_01,x421B,B421-87A,7/15/1987,Estimated the sampling month and day to mid summer of the known sample collection year.,OW,9,L7,A,1,xLO072,Tol_mgG,,3.442,xLCA01,"Baedecker, M.J., Eaganhouse, R.P., Bekins, B.A., and Delin, G.N., 2011, Loss of volatile hydrocarbons from LNAPL oil source: Journal of Contaminant Hydrology, v. 126, pp. 140-152.",
ds_01,x421B,B421-87A,7/15/1987,Estimated the sampling month and day to mid summer of the known sample collection year.,OW,9,L7,A,2,xLO072,Tol_mgG,,3.438,xLCA01,"Baedecker, M.J., Eaganhouse, R.P., Bekins, B.A., and Delin, G.N., 2011, Loss of volatile hydrocarbons from LNAPL oil source: Journal of Contaminant Hydrology, v. 126, pp. 140-152.",
ds_01,x421B,B421-87B,7/15/1987,Estimated the sampling month and day to mid summer of the known sample collection year.,OW,9,L7,B,1,xLO072,Tol_mgG,,3.523,xLCA01,"Baedecker, M.J., Eaganhouse, R.P., Bekins, B.A., and Delin, G.N., 2011, Loss of volatile hydrocarbons from LNAPL oil source: Journal of Contaminant Hydrology, v. 126, pp. 140-152.",
ds_01,x421B,B421-87B,7/15/1987,Estimated the sampling month and day to mid summer of the known sample collection year.,OW,9,L7,B,2,xLO072,Tol_mgG,,3.509,xLCA01,"Baedecker, M.J., Eaganhouse, R.P., Bekins, B.A., and Delin, G.N., 2011, Loss of volatile hydrocarbons from LNAPL oil source: Journal of Contaminant Hydrology, v. 126, pp. 140-152.",
ds_01,x421B,B421-87C,7/15/1987,Estimated the sampling month and day to mid summer of the known sample collection year.,OW,9,L7,C,1,xLO072,Tol_mgG,,3.44,xLCA01,"Baedecker, M.J., Eaganhouse, R.P., Bekins, B.A., and Delin, G.N., 2011, Loss of volatile hydrocarbons from LNAPL oil source: Journal of Contaminant Hydrology, v. 126, pp. 140-152.",
ds_01,x421B,B421-87C,7/15/1987,Estimated the sampling month and day to mid summer of the known sample collection year.,OW,9,L7,C,2,xLO072,Tol_mgG,,3.425,xLCA01,"Baedecker, M.J., Eaganhouse, R.P., Bekins, B.A., and Delin, G.N., 2011, Loss of volatile hydrocarbons from LNAPL oil source: Journal of Contaminant Hydrology, v. 126, pp. 140-152.",
ds_01,x421B,B421-89,7/15/1989,Estimated the sampling month and day to mid summer of the known sample collection year.,OW,9,L9,A,1,xLO072,Tol_mgG,,0.016,xLCA01,"Baedecker, M.J., Eaganhouse, R.P., Bekins, B.A., and Delin, G.N., 2011, Loss of volatile hydrocarbons from LNAPL oil source: Journal of Contaminant Hydrology, v. 126, pp. 140-152.",
ds_01,x421B,B421-05A,7/15/2005,Estimated the sampling month and day to mid summer of the known sample collection year.,OW,9,L7,A,1,xLO072,Tol_mgG,<,0.01,xLCA01,"Baedecker, M.J., Eaganhouse, R.P., Bekins, B.A., and Delin, G.N., 2011, Loss of volatile hydrocarbons from LNAPL oil source: Journal of Contaminant Hydrology, v. 126, pp. 140-152.",
ds_01,x421B,B421-05B,7/15/2005,Estimated the sampling month and day to mid summer of the known sample collection year.,OW,9,L7,B,1,xLO072,Tol_mgG,<,0.01,xLCA01,"Baedecker, M.J., Eaganhouse, R.P., Bekins, B.A., and Delin, G.N., 2011, Loss of volatile hydrocarbons from LNAPL oil source: Journal of Contaminant Hydrology, v. 126, pp. 140-152.",
ds_01,x421B,B421-05C,7/15/2005,Estimated the sampling month and day to mid summer of the known sample collection year.,OW,9,L7,C,1,xLO072,Tol_mgG,<,0.01,xLCA01,"Baedecker, M.J., Eaganhouse, R.P., Bekins, B.A., and Delin, G.N., 2011, Loss of volatile hydrocarbons from LNAPL oil source: Journal of Contaminant Hydrology, v. 126, pp. 140-152.",
ds_01,x421B,B421-08A,7/15/2008,Estimated the sampling month and day to mid summer of the known sample collection year.,OW,9,L7,A,1,xLO072,Tol_mgG,<,0.01,xLCA01,"Baedecker, M.J., Eaganhouse, R.P., Bekins, B.A., and Delin, G.N., 2011, Loss of volatile hydrocarbons from LNAPL oil source: Journal of Contaminant Hydrology, v. 126, pp. 140-152.",
ds_01,x421B,B421-08B,7/15/2008,Estimated the sampling month and day to mid summer of the known sample collection year.,OW,9,L7,B,1,xLO072,Tol_mgG,<,0.01,xLCA01,"Baedecker, M.J., Eaganhouse, R.P., Bekins, B.A., and Delin, G.N., 2011, Loss of volatile hydrocarbons from LNAPL oil source: Journal of Contaminant Hydrology, v. 126, pp. 140-152.",
ds_01,x421B,B421-08C,7/15/2008,Estimated the sampling month and day to mid summer of the known sample collection year.,OW,9,L7,C,1,xLO072,Tol_mgG,<,0.01,xLCA01,"Baedecker, M.J., Eaganhouse, R.P., Bekins, B.A., and Delin, G.N., 2011, Loss of volatile hydrocarbons from LNAPL oil source: Journal of Contaminant Hydrology, v. 126, pp. 140-152.",
ds_01,x306,B306-89,7/15/2009,Estimated the sampling month and day to mid summer of the known sample collection year.,OW,9,L9,A,1,xLO072,Tol_mgG,,1.667,xLCA01,"Baedecker, M.J., Eaganhouse, R.P., Bekins, B.A., and Delin, G.N., 2011, Loss of volatile hydrocarbons from LNAPL oil source: Journal of Contaminant Hydrology, v. 126, pp. 140-152.",
ds_01,x306,B306-05,7/15/2005,Estimated the sampling month and day to mid summer of the known sample collection year.,OW,9,L9,A,1,xLO072,Tol_mgG,,0.012,xLCA01,"Baedecker, M.J., Eaganhouse, R.P., Bekins, B.A., and Delin, G.N., 2011, Loss of volatile hydrocarbons from LNAPL oil source: Journal of Contaminant Hydrology, v. 126, pp. 140-152.",
ds_01,x306,B306-08,7/15/2008,Estimated the sampling month and day to mid summer of the known sample collection year.,OW,9,L9,A,1,xLO072,Tol_mgG,<,0.01,xLCA01,"Baedecker, M.J., Eaganhouse, R.P., Bekins, B.A., and Delin, G.N., 2011, Loss of volatile hydrocarbons from LNAPL oil source: Journal of Contaminant Hydrology, v. 126, pp. 140-152.",
ds_01,x423,B423-89,7/15/1989,Estimated the sampling month and day to mid summer of the known sample collection year.,OW,9,L7,A,1,xLO072,Tol_mgG,,3.951,xLCA01,"Baedecker, M.J., Eaganhouse, R.P., Bekins, B.A., and Delin, G.N., 2011, Loss of volatile hydrocarbons from LNAPL oil source: Journal of Contaminant Hydrology, v. 126, pp. 140-152.",
ds_01,x423,B423-89,7/15/1989,Estimated the sampling month and day to mid summer of the known sample collection year.,OW,9,L7,A,2,xLO072,Tol_mgG,,3.986,xLCA01,"Baedecker, M.J., Eaganhouse, R.P., Bekins, B.A., and Delin, G.N., 2011, Loss of volatile hydrocarbons from LNAPL oil source: Journal of Contaminant Hydrology, v. 126, pp. 140-152.",
ds_01,x423,B423-04,7/15/2004,Estimated the sampling month and day to mid summer of the known sample collection year.,OW,9,L9,A,1,xLO072,Tol_mgG,,0.982,xLCA01,"Baedecker, M.J., Eaganhouse, R.P., Bekins, B.A., and Delin, G.N., 2011, Loss of volatile hydrocarbons from LNAPL oil source: Journal of Contaminant Hydrology, v. 126, pp. 140-152.",
ds_01,x423,B423-08,7/15/2008,Estimated the sampling month and day to mid summer of the known sample collection year.,OW,9,L9,A,1,xLO072,Tol_mgG,,0.233,xLCA01,"Baedecker, M.J., Eaganhouse, R.P., Bekins, B.A., and Delin, G.N., 2011, Loss of volatile hydrocarbons from LNAPL oil source: Journal of Contaminant Hydrology, v. 126, pp. 140-152.",
ds_01,x319,B319-89,7/15/1989,Estimated the sampling month and day to mid summer of the known sample collection year.,OW,9,L9,A,1,xLO072,Tol_mgG,,1.832,xLCA01,"Baedecker, M.J., Eaganhouse, R.P., Bekins, B.A., and Delin, G.N., 2011, Loss of volatile hydrocarbons from LNAPL oil source: Journal of Contaminant Hydrology, v. 126, pp. 140-152.",
ds_01,x319,B319-04,7/15/2004,Estimated the sampling month and day to mid summer of the known sample collection year.,OW,9,L9,A,1,xLO072,Tol_mgG,,0.025,xLCA01,"Baedecker, M.J., Eaganhouse, R.P., Bekins, B.A., and Delin, G.N., 2011, Loss of volatile hydrocarbons from LNAPL oil source: Journal of Contaminant Hydrology, v. 126, pp. 140-152.",
ds_01,x319,B319-08,7/15/2008,Estimated the sampling month and day to mid summer of the known sample collection year.,OW,9,L9,A,1,xLO072,Tol_mgG,<,0.01,xLCA01,"Baedecker, M.J., Eaganhouse, R.P., Bekins, B.A., and Delin, G.N., 2011, Loss of volatile hydrocarbons from LNAPL oil source: Journal of Contaminant Hydrology, v. 126, pp. 140-152.",
ds_01,x301A,B301-87,7/15/1987,Estimated the sampling month and day to mid summer of the known sample collection year.,OW,9,L9,A,1,xLO051,MeCyHex_dTol_mgG,,6.095,xLCA02,"Baedecker, M.J., Eaganhouse, R.P., Bekins, B.A., and Delin, G.N., 2011, Loss of volatile hydrocarbons from LNAPL oil source: Journal of Contaminant Hydrology, v. 126, pp. 140-152.",
ds_01,x301A,B301-87,7/15/1987,Estimated the sampling month and day to mid summer of the known sample collection year.,OW,9,L9,A,1,xLO043,EtCyHex_dEtBz_mgG,,2.194,xLCA02,"Baedecker, M.J., Eaganhouse, R.P., Bekins, B.A., and Delin, G.N., 2011, Loss of volatile hydrocarbons from LNAPL oil source: Journal of Contaminant Hydrology, v. 126, pp. 140-152.",
ds_01,x604A,B604-87,7/15/1987,Estimated the sampling month and day to mid summer of the known sample collection year.,OW,9,L9,A,1,xLO072,Tol_mgG,,3.504,xLCA01,"Baedecker, M.J., Eaganhouse, R.P., Bekins, B.A., and Delin, G.N., 2011, Loss of volatile hydrocarbons from LNAPL oil source: Journal of Contaminant Hydrology, v. 126, pp. 140-152.",
ds_01,x301A,B301-87,7/15/1987,Estimated the sampling month and day to mid summer of the known sample collection year.,OW,9,L9,A,1,xLO014,135TMeBz_mgG,,0.937,xLCA01,"Baedecker, M.J., Eaganhouse, R.P., Bekins, B.A., and Delin, G.N., 2011, Loss of volatile hydrocarbons from LNAPL oil source: Journal of Contaminant Hydrology, v. 126, pp. 140-152.",
ds_01,x301A,B301-87,7/15/1987,Estimated the sampling month and day to mid summer of the known sample collection year.,OW,9,L9,A,1,xLO009,124TMeBz_mgG,,3.258,xLCA01,"Baedecker, M.J., Eaganhouse, R.P., Bekins, B.A., and Delin, G.N., 2011, Loss of volatile hydrocarbons from LNAPL oil source: Journal of Contaminant Hydrology, v. 126, pp. 140-152.",
ds_01,x301A,B301-87,7/15/1987,Estimated the sampling month and day to mid summer of the known sample collection year.,OW,9,L9,A,1,xLO005,123TMeBz_mgG,,1.25,xLCA01,"Baedecker, M.J., Eaganhouse, R.P., Bekins, B.A., and Delin, G.N., 2011, Loss of volatile hydrocarbons from LNAPL oil source: Journal of Contaminant Hydrology, v. 126, pp. 140-152.",
ds_01,x301A,B301-87,7/15/1987,Estimated the sampling month and day to mid summer of the known sample collection year.,OW,9,L9,A,1,xLO007,1245TMeBz_dNaph_mgG,,0.168,xLCA02,"Baedecker, M.J., Eaganhouse, R.P., Bekins, B.A., and Delin, G.N., 2011, Loss of volatile hydrocarbons from LNAPL oil source: Journal of Contaminant Hydrology, v. 126, pp. 140-152.",
ds_01,x301A,B301-87,7/15/1987,Estimated the sampling month and day to mid summer of the known sample collection year.,OW,9,L9,A,1,xLO003,1235TMeBz_d-Naph_mgG,,0.571,xLCA02,"Baedecker, M.J., Eaganhouse, R.P., Bekins, B.A., and Delin, G.N., 2011, Loss of volatile hydrocarbons from LNAPL oil source: Journal of Contaminant Hydrology, v. 126, pp. 140-152.",
ds_01,x421B,B421-87A,7/15/1987,Estimated the sampling month and day to mid summer of the known sample collection year.,OW,9,L7,A,1,xLO041,EtBz_mgG,,1.815,xLCA01,"Baedecker, M.J., Eaganhouse, R.P., Bekins, B.A., and Delin, G.N., 2011, Loss of volatile hydrocarbons from LNAPL oil source: Journal of Contaminant Hydrology, v. 126, pp. 140-152.",
ds_01,x421B,B421-87A,7/15/1987,Estimated the sampling month and day to mid summer of the known sample collection year.,OW,9,L7,A,2,xLO041,EtBz_mgG,,1.83,xLCA01,"Baedecker, M.J., Eaganhouse, R.P., Bekins, B.A., and Delin, G.N., 2011, Loss of volatile hydrocarbons from LNAPL oil source: Journal of Contaminant Hydrology, v. 126, pp. 140-152.",
ds_01,x421B,B421-87B,7/15/1987,Estimated the sampling month and day to mid summer of the known sample collection year.,OW,9,L7,B,1,xLO041,EtBz_mgG,,1.834,xLCA01,"Baedecker, M.J., Eaganhouse, R.P., Bekins, B.A., and Delin, G.N., 2011, Loss of volatile hydrocarbons from LNAPL oil source: Journal of Contaminant Hydrology, v. 126, pp. 140-152.",
ds_01,x421B,B421-87B,7/15/1987,Estimated the sampling month and day to mid summer of the known sample collection year.,OW,9,L7,B,2,xLO041,EtBz_mgG,,1.889,xLCA01,"Baedecker, M.J., Eaganhouse, R.P., Bekins, B.A., and Delin, G.N., 2011, Loss of volatile hydrocarbons from LNAPL oil source: Journal of Contaminant Hydrology, v. 126, pp. 140-152.",
ds_01,x421B,B421-87C,7/15/1987,Estimated the sampling month and day to mid summer of the known sample collection year.,OW,9,L7,C,1,xLO041,EtBz_mgG,,1.805,xLCA01,"Baedecker, M.J., Eaganhouse, R.P., Bekins, B.A., and Delin, G.N., 2011, Loss of volatile hydrocarbons from LNAPL oil source: Journal of Contaminant Hydrology, v. 126, pp. 140-152.",
ds_01,x421B,B421-87C,7/15/1987,Estimated the sampling month and day to mid summer of the known sample collection year.,OW,9,L7,C,2,xLO041,EtBz_mgG,,1.845,xLCA01,"Baedecker, M.J., Eaganhouse, R.P., Bekins, B.A., and Delin, G.N., 2011, Loss of volatile hydrocarbons from LNAPL oil source: Journal of Contaminant Hydrology, v. 126, pp. 140-152.",
ds_01,x421B,B421-89,7/15/1989,Estimated the sampling month and day to mid summer of the known sample collection year.,OW,9,L9,A,1,xLO041,EtBz_mgG,,1.846,xLCA01,"Baedecker, M.J., Eaganhouse, R.P., Bekins, B.A., and Delin, G.N., 2011, Loss of volatile hydrocarbons from LNAPL oil source: Journal of Contaminant Hydrology, v. 126, pp. 140-152.",
ds_01,x421B,B421-05A,7/15/2005,Estimated the sampling month and day to mid summer of the known sample collection year.,OW,9,L7,A,1,xLO041,EtBz_mgG,,1.843,xLCA01,"Baedecker, M.J., Eaganhouse, R.P., Bekins, B.A., and Delin, G.N., 2011, Loss of volatile hydrocarbons from LNAPL oil source: Journal of Contaminant Hydrology, v. 126, pp. 140-152.",
ds_01,x421B,B421-05B,7/15/2005,Estimated the sampling month and day to mid summer of the known sample collection year.,OW,9,L7,B,1,xLO041,EtBz_mgG,,1.861,xLCA01,"Baedecker, M.J., Eaganhouse, R.P., Bekins, B.A., and Delin, G.N., 2011, Loss of volatile hydrocarbons from LNAPL oil source: Journal of Contaminant Hydrology, v. 126, pp. 140-152.",
ds_01,x421B,B421-05C,7/15/2005,Estimated the sampling month and day to mid summer of the known sample collection year.,OW,9,L7,C,1,xLO041,EtBz_mgG,,1.915,xLCA01,"Baedecker, M.J., Eaganhouse, R.P., Bekins, B.A., and Delin, G.N., 2011, Loss of volatile hydrocarbons from LNAPL oil source: Journal of Contaminant Hydrology, v. 126, pp. 140-152.",
ds_01,x421B,B421-08A,7/15/2008,Estimated the sampling month and day to mid summer of the known sample collection year.,OW,9,L7,A,1,xLO041,EtBz_mgG,,1.72,xLCA01,"Baedecker, M.J., Eaganhouse, R.P., Bekins, B.A., and Delin, G.N., 2011, Loss of volatile hydrocarbons from LNAPL oil source: Journal of Contaminant Hydrology, v. 126, pp. 140-152.",
ds_01,x421B,B421-08B,7/15/2008,Estimated the sampling month and day to mid summer of the known sample collection year.,OW,9,L7,B,1,xLO041,EtBz_mgG,,1.73,xLCA01,"Baedecker, M.J., Eaganhouse, R.P., Bekins, B.A., and Delin, G.N., 2011, Loss of volatile hydrocarbons from LNAPL oil source: Journal of Contaminant Hydrology, v. 126, pp. 140-152.",
ds_01,x421B,B421-08C,7/15/2008,Estimated the sampling month and day to mid summer of the known sample collection year.,OW,9,L7,C,1,xLO041,EtBz_mgG,,1.782,xLCA01,"Baedecker, M.J., Eaganhouse, R.P., Bekins, B.A., and Delin, G.N., 2011, Loss of volatile hydrocarbons from LNAPL oil source: Journal of Contaminant Hydrology, v. 126, pp. 140-152.",
ds_01,x306,B306-89,7/15/2009,Estimated the sampling month and day to mid summer of the known sample collection year.,OW,9,L9,A,1,xLO041,EtBz_mgG,,2.108,xLCA01,"Baedecker, M.J., Eaganhouse, R.P., Bekins, B.A., and Delin, G.N., 2011, Loss of volatile hydrocarbons from LNAPL oil source: Journal of Contaminant Hydrology, v. 126, pp. 140-152.",
ds_01,x306,B306-05,7/15/2005,Estimated the sampling month and day to mid summer of the known sample collection year.,OW,9,L9,A,1,xLO041,EtBz_mgG,,1.542,xLCA01,"Baedecker, M.J., Eaganhouse, R.P., Bekins, B.A., and Delin, G.N., 2011, Loss of volatile hydrocarbons from LNAPL oil source: Journal of Contaminant Hydrology, v. 126, pp. 140-152.",
ds_01,x306,B306-08,7/15/2008,Estimated the sampling month and day to mid summer of the known sample collection year.,OW,9,L9,A,1,xLO041,EtBz_mgG,,0.738,xLCA01,"Baedecker, M.J., Eaganhouse, R.P., Bekins, B.A., and Delin, G.N., 2011, Loss of volatile hydrocarbons from LNAPL oil source: Journal of Contaminant Hydrology, v. 126, pp. 140-152.",
ds_01,x423,B423-89,7/15/1989,Estimated the sampling month and day to mid summer of the known sample collection year.,OW,9,L7,A,1,xLO041,EtBz_mgG,,1.513,xLCA01,"Baedecker, M.J., Eaganhouse, R.P., Bekins, B.A., and Delin, G.N., 2011, Loss of volatile hydrocarbons from LNAPL oil source: Journal of Contaminant Hydrology, v. 126, pp. 140-152.",
ds_01,x423,B423-89,7/15/1989,Estimated the sampling month and day to mid summer of the known sample collection year.,OW,9,L7,A,2,xLO041,EtBz_mgG,,1.54,xLCA01,"Baedecker, M.J., Eaganhouse, R.P., Bekins, B.A., and Delin, G.N., 2011, Loss of volatile hydrocarbons from LNAPL oil source: Journal of Contaminant Hydrology, v. 126, pp. 140-152.",
ds_01,x423,B423-04,7/15/2004,Estimated the sampling month and day to mid summer of the known sample collection year.,OW,9,L9,A,1,xLO041,EtBz_mgG,,1.721,xLCA01,"Baedecker, M.J., Eaganhouse, R.P., Bekins, B.A., and Delin, G.N., 2011, Loss of volatile hydrocarbons from LNAPL oil source: Journal of Contaminant Hydrology, v. 126, pp. 140-152.",
ds_01,x423,B423-08,7/15/2008,Estimated the sampling month and day to mid summer of the known sample collection year.,OW,9,L9,A,1,xLO041,EtBz_mgG,,1.703,xLCA01,"Baedecker, M.J., Eaganhouse, R.P., Bekins, B.A., and Delin, G.N., 2011, Loss of volatile hydrocarbons from LNAPL oil source: Journal of Contaminant Hydrology, v. 126, pp. 140-152.",
ds_01,x319,B319-89,7/15/1989,Estimated the sampling month and day to mid summer of the known sample collection year.,OW,9,L9,A,1,xLO041,EtBz_mgG,,1.695,xLCA01,"Baedecker, M.J., Eaganhouse, R.P., Bekins, B.A., and Delin, G.N., 2011, Loss of volatile hydrocarbons from LNAPL oil source: Journal of Contaminant Hydrology, v. 126, pp. 140-152.",
ds_01,x319,B319-04,7/15/2004,Estimated the sampling month and day to mid summer of the known sample collection year.,OW,9,L9,A,1,xLO041,EtBz_mgG,,2.032,xLCA01,"Baedecker, M.J., Eaganhouse, R.P., Bekins, B.A., and Delin, G.N., 2011, Loss of volatile hydrocarbons from LNAPL oil source: Journal of Contaminant Hydrology, v. 126, pp. 140-152.",
ds_01,x319,B319-08,7/15/2008,Estimated the sampling month and day to mid summer of the known sample collection year.,OW,9,L9,A,1,xLO041,EtBz_mgG,,1.898,xLCA01,"Baedecker, M.J., Eaganhouse, R.P., Bekins, B.A., and Delin, G.N., 2011, Loss of volatile hydrocarbons from LNAPL oil source: Journal of Contaminant Hydrology, v. 126, pp. 140-152.",
ds_01,x301A,B301-87,7/15/1987,Estimated the sampling month and day to mid summer of the known sample collection year.,OW,9,L9,A,1,xLO001,1234TMeBz_dNaph_mgG,,1.153,xLCA02,"Baedecker, M.J., Eaganhouse, R.P., Bekins, B.A., and Delin, G.N., 2011, Loss of volatile hydrocarbons from LNAPL oil source: Journal of Contaminant Hydrology, v. 126, pp. 140-152.",
ds_01,x301A,B301-87,7/15/1987,Estimated the sampling month and day to mid summer of the known sample collection year.,OW,9,L9,A,1,xLO054,Naph_mgG,,0.428,xLCA01,"Baedecker, M.J., Eaganhouse, R.P., Bekins, B.A., and Delin, G.N., 2011, Loss of volatile hydrocarbons from LNAPL oil source: Journal of Contaminant Hydrology, v. 126, pp. 140-152.",
ds_01,x604A,B604-87,7/15/1987,Estimated the sampling month and day to mid summer of the known sample collection year.,OW,9,L9,A,1,xLO041,EtBz_mgG,,1.764,xLCA01,"Baedecker, M.J., Eaganhouse, R.P., Bekins, B.A., and Delin, G.N., 2011, Loss of volatile hydrocarbons from LNAPL oil source: Journal of Contaminant Hydrology, v. 126, pp. 140-152.",
ds_01,x301A,B301-87,7/15/1987,Estimated the sampling month and day to mid summer of the known sample collection year.,OW,9,L9,A,1,xLO032,2Me_dNaph_mgG,,0.548,xLCA02,"Baedecker, M.J., Eaganhouse, R.P., Bekins, B.A., and Delin, G.N., 2011, Loss of volatile hydrocarbons from LNAPL oil source: Journal of Contaminant Hydrology, v. 126, pp. 140-152.",
ds_01,x301A,B301-87,7/15/1987,Estimated the sampling month and day to mid summer of the known sample collection year.,OW,9,L9,A,1,xLO022,1Me_dNaph_mgG,,0.367,xLCA02,"Baedecker, M.J., Eaganhouse, R.P., Bekins, B.A., and Delin, G.N., 2011, Loss of volatile hydrocarbons from LNAPL oil source: Journal of Contaminant Hydrology, v. 126, pp. 140-152.",
ds_01,x301A,B301-87,7/15/1987,Estimated the sampling month and day to mid summer of the known sample collection year.,OW,9,L9,A,1,xLO060,nC6_mgG,,8.724,xLCA01,"Baedecker, M.J., Eaganhouse, R.P., Bekins, B.A., and Delin, G.N., 2011, Loss of volatile hydrocarbons from LNAPL oil source: Journal of Contaminant Hydrology, v. 126, pp. 140-152.",
ds_01,x301A,B301-87,7/15/1987,Estimated the sampling month and day to mid summer of the known sample collection year.,OW,9,L9,A,1,xLO061,nC7_mgG,,15.71,xLCA01,"Baedecker, M.J., Eaganhouse, R.P., Bekins, B.A., and Delin, G.N., 2011, Loss of volatile hydrocarbons from LNAPL oil source: Journal of Contaminant Hydrology, v. 126, pp. 140-152.",
ds_01,x301A,B301-87,7/15/1987,Estimated the sampling month and day to mid summer of the known sample collection year.,OW,9,L9,A,1,xLO062,nC8_mgG,,9.163,xLCA01,"Baedecker, M.J., Eaganhouse, R.P., Bekins, B.A., and Delin, G.N., 2011, Loss of volatile hydrocarbons from LNAPL oil source: Journal of Contaminant Hydrology, v. 126, pp. 140-152.",
ds_01,x421B,B421-87A,7/15/1987,Estimated the sampling month and day to mid summer of the known sample collection year.,OW,9,L7,A,1,xLO053,mXyl_mgG,,3.323,xLCA01,"Baedecker, M.J., Eaganhouse, R.P., Bekins, B.A., and Delin, G.N., 2011, Loss of volatile hydrocarbons from LNAPL oil source: Journal of Contaminant Hydrology, v. 126, pp. 140-152.",
ds_01,x421B,B421-87A,7/15/1987,Estimated the sampling month and day to mid summer of the known sample collection year.,OW,9,L7,A,2,xLO053,mXyl_mgG,,3.356,xLCA01,"Baedecker, M.J., Eaganhouse, R.P., Bekins, B.A., and Delin, G.N., 2011, Loss of volatile hydrocarbons from LNAPL oil source: Journal of Contaminant Hydrology, v. 126, pp. 140-152.",
ds_01,x421B,B421-87B,7/15/1987,Estimated the sampling month and day to mid summer of the known sample collection year.,OW,9,L7,B,1,xLO053,mXyl_mgG,,3.413,xLCA01,"Baedecker, M.J., Eaganhouse, R.P., Bekins, B.A., and Delin, G.N., 2011, Loss of volatile hydrocarbons from LNAPL oil source: Journal of Contaminant Hydrology, v. 126, pp. 140-152.",
ds_01,x421B,B421-87B,7/15/1987,Estimated the sampling month and day to mid summer of the known sample collection year.,OW,9,L7,B,2,xLO053,mXyl_mgG,,3.489,xLCA01,"Baedecker, M.J., Eaganhouse, R.P., Bekins, B.A., and Delin, G.N., 2011, Loss of volatile hydrocarbons from LNAPL oil source: Journal of Contaminant Hydrology, v. 126, pp. 140-152.",
ds_01,x421B,B421-87C,7/15/1987,Estimated the sampling month and day to mid summer of the known sample collection year.,OW,9,L7,C,1,xLO053,mXyl_mgG,,3.292,xLCA01,"Baedecker, M.J., Eaganhouse, R.P., Bekins, B.A., and Delin, G.N., 2011, Loss of volatile hydrocarbons from LNAPL oil source: Journal of Contaminant Hydrology, v. 126, pp. 140-152.",
ds_01,x421B,B421-87C,7/15/1987,Estimated the sampling month and day to mid summer of the known sample collection year.,OW,9,L7,C,2,xLO053,mXyl_mgG,,3.396,xLCA01,"Baedecker, M.J., Eaganhouse, R.P., Bekins, B.A., and Delin, G.N., 2011, Loss of volatile hydrocarbons from LNAPL oil source: Journal of Contaminant Hydrology, v. 126, pp. 140-152.",
ds_01,x421B,B421-89,7/15/1989,Estimated the sampling month and day to mid summer of the known sample collection year.,OW,9,L9,A,1,xLO053,mXyl_mgG,,3.336,xLCA01,"Baedecker, M.J., Eaganhouse, R.P., Bekins, B.A., and Delin, G.N., 2011, Loss of volatile hydrocarbons from LNAPL oil source: Journal of Contaminant Hydrology, v. 126, pp. 140-152.",
ds_01,x421B,B421-05A,7/15/2005,Estimated the sampling month and day to mid summer of the known sample collection year.,OW,9,L7,A,1,xLO053,mXyl_mgG,,3.599,xLCA01,"Baedecker, M.J., Eaganhouse, R.P., Bekins, B.A., and Delin, G.N., 2011, Loss of volatile hydrocarbons from LNAPL oil source: Journal of Contaminant Hydrology, v. 126, pp. 140-152.",
ds_01,x421B,B421-05B,7/15/2005,Estimated the sampling month and day to mid summer of the known sample collection year.,OW,9,L7,B,1,xLO053,mXyl_mgG,,3.628,xLCA01,"Baedecker, M.J., Eaganhouse, R.P., Bekins, B.A., and Delin, G.N., 2011, Loss of volatile hydrocarbons from LNAPL oil source: Journal of Contaminant Hydrology, v. 126, pp. 140-152.",
ds_01,x421B,B421-05C,7/15/2005,Estimated the sampling month and day to mid summer of the known sample collection year.,OW,9,L7,C,1,xLO053,mXyl_mgG,,3.679,xLCA01,"Baedecker, M.J., Eaganhouse, R.P., Bekins, B.A., and Delin, G.N., 2011, Loss of volatile hydrocarbons from LNAPL oil source: Journal of Contaminant Hydrology, v. 126, pp. 140-152.",
ds_01,x421B,B421-08A,7/15/2008,Estimated the sampling month and day to mid summer of the known sample collection year.,OW,9,L7,A,1,xLO053,mXyl_mgG,,3.647,xLCA01,"Baedecker, M.J., Eaganhouse, R.P., Bekins, B.A., and Delin, G.N., 2011, Loss of volatile hydrocarbons from LNAPL oil source: Journal of Contaminant Hydrology, v. 126, pp. 140-152.",
ds_01,x421B,B421-08B,7/15/2008,Estimated the sampling month and day to mid summer of the known sample collection year.,OW,9,L7,B,1,xLO053,mXyl_mgG,,3.635,xLCA01,"Baedecker, M.J., Eaganhouse, R.P., Bekins, B.A., and Delin, G.N., 2011, Loss of volatile hydrocarbons from LNAPL oil source: Journal of Contaminant Hydrology, v. 126, pp. 140-152.",
ds_01,x421B,B421-08C,7/15/2008,Estimated the sampling month and day to mid summer of the known sample collection year.,OW,9,L7,C,1,xLO053,mXyl_mgG,,3.769,xLCA01,"Baedecker, M.J., Eaganhouse, R.P., Bekins, B.A., and Delin, G.N., 2011, Loss of volatile hydrocarbons from LNAPL oil source: Journal of Contaminant Hydrology, v. 126, pp. 140-152.",
ds_01,x306,B306-89,7/15/2009,Estimated the sampling month and day to mid summer of the known sample collection year.,OW,9,L9,A,1,xLO053,mXyl_mgG,,3.896,xLCA01,"Baedecker, M.J., Eaganhouse, R.P., Bekins, B.A., and Delin, G.N., 2011, Loss of volatile hydrocarbons from LNAPL oil source: Journal of Contaminant Hydrology, v. 126, pp. 140-152.",
ds_01,x306,B306-05,7/15/2005,Estimated the sampling month and day to mid summer of the known sample collection year.,OW,9,L9,A,1,xLO053,mXyl_mgG,,3.027,xLCA01,"Baedecker, M.J., Eaganhouse, R.P., Bekins, B.A., and Delin, G.N., 2011, Loss of volatile hydrocarbons from LNAPL oil source: Journal of Contaminant Hydrology, v. 126, pp. 140-152.",
ds_01,x306,B306-08,7/15/2008,Estimated the sampling month and day to mid summer of the known sample collection year.,OW,9,L9,A,1,xLO053,mXyl_mgG,,2.317,xLCA01,"Baedecker, M.J., Eaganhouse, R.P., Bekins, B.A., and Delin, G.N., 2011, Loss of volatile hydrocarbons from LNAPL oil source: Journal of Contaminant Hydrology, v. 126, pp. 140-152.",
ds_01,x423,B423-89,7/15/1989,Estimated the sampling month and day to mid summer of the known sample collection year.,OW,9,L7,A,1,xLO053,mXyl_mgG,,3.178,xLCA01,"Baedecker, M.J., Eaganhouse, R.P., Bekins, B.A., and Delin, G.N., 2011, Loss of volatile hydrocarbons from LNAPL oil source: Journal of Contaminant Hydrology, v. 126, pp. 140-152.",
ds_01,x423,B423-89,7/15/1989,Estimated the sampling month and day to mid summer of the known sample collection year.,OW,9,L7,A,2,xLO053,mXyl_mgG,,3.087,xLCA01,"Baedecker, M.J., Eaganhouse, R.P., Bekins, B.A., and Delin, G.N., 2011, Loss of volatile hydrocarbons from LNAPL oil source: Journal of Contaminant Hydrology, v. 126, pp. 140-152.",
ds_01,x423,B423-04,7/15/2004,Estimated the sampling month and day to mid summer of the known sample collection year.,OW,9,L9,A,1,xLO053,mXyl_mgG,,3.144,xLCA01,"Baedecker, M.J., Eaganhouse, R.P., Bekins, B.A., and Delin, G.N., 2011, Loss of volatile hydrocarbons from LNAPL oil source: Journal of Contaminant Hydrology, v. 126, pp. 140-152.",
ds_01,x423,B423-08,7/15/2008,Estimated the sampling month and day to mid summer of the known sample collection year.,OW,9,L9,A,1,xLO053,mXyl_mgG,,3.382,xLCA01,"Baedecker, M.J., Eaganhouse, R.P., Bekins, B.A., and Delin, G.N., 2011, Loss of volatile hydrocarbons from LNAPL oil source: Journal of Contaminant Hydrology, v. 126, pp. 140-152.",
ds_01,x319,B319-89,7/15/1989,Estimated the sampling month and day to mid summer of the known sample collection year.,OW,9,L9,A,1,xLO053,mXyl_mgG,,3.283,xLCA01,"Baedecker, M.J., Eaganhouse, R.P., Bekins, B.A., and Delin, G.N., 2011, Loss of volatile hydrocarbons from LNAPL oil source: Journal of Contaminant Hydrology, v. 126, pp. 140-152.",
ds_01,x319,B319-04,7/15/2004,Estimated the sampling month and day to mid summer of the known sample collection year.,OW,9,L9,A,1,xLO053,mXyl_mgG,,3.633,xLCA01,"Baedecker, M.J., Eaganhouse, R.P., Bekins, B.A., and Delin, G.N., 2011, Loss of volatile hydrocarbons from LNAPL oil source: Journal of Contaminant Hydrology, v. 126, pp. 140-152.",
ds_01,x319,B319-08,7/15/2008,Estimated the sampling month and day to mid summer of the known sample collection year.,OW,9,L9,A,1,xLO053,mXyl_mgG,,3.617,xLCA01,"Baedecker, M.J., Eaganhouse, R.P., Bekins, B.A., and Delin, G.N., 2011, Loss of volatile hydrocarbons from LNAPL oil source: Journal of Contaminant Hydrology, v. 126, pp. 140-152.",
ds_01,x301A,B301-87,7/15/1987,Estimated the sampling month and day to mid summer of the known sample collection year.,OW,9,L9,A,1,xLO063,nC9_mgG,,10.167,xLCA01,"Baedecker, M.J., Eaganhouse, R.P., Bekins, B.A., and Delin, G.N., 2011, Loss of volatile hydrocarbons from LNAPL oil source: Journal of Contaminant Hydrology, v. 126, pp. 140-152.",
ds_01,x301A,B301-87,7/15/1987,Estimated the sampling month and day to mid summer of the known sample collection year.,OW,9,L9,A,1,xLO057,nC10_mgG,,8.253,xLCA01,"Baedecker, M.J., Eaganhouse, R.P., Bekins, B.A., and Delin, G.N., 2011, Loss of volatile hydrocarbons from LNAPL oil source: Journal of Contaminant Hydrology, v. 126, pp. 140-152.",
ds_01,x604A,B604-87,7/15/1987,Estimated the sampling month and day to mid summer of the known sample collection year.,OW,9,L9,A,1,xLO053,mXyl_mgG,,2.864,xLCA01,"Baedecker, M.J., Eaganhouse, R.P., Bekins, B.A., and Delin, G.N., 2011, Loss of volatile hydrocarbons from LNAPL oil source: Journal of Contaminant Hydrology, v. 126, pp. 140-152.",
ds_01,x301A,B301-87,7/15/1987,Estimated the sampling month and day to mid summer of the known sample collection year.,OW,9,L9,A,1,xLO058,nC11_mgG,,8.097,xLCA01,"Baedecker, M.J., Eaganhouse, R.P., Bekins, B.A., and Delin, G.N., 2011, Loss of volatile hydrocarbons from LNAPL oil source: Journal of Contaminant Hydrology, v. 126, pp. 140-152.",
ds_01,x301A,B301-87,7/15/1987,Estimated the sampling month and day to mid summer of the known sample collection year.,OW,9,L9,A,1,xLO059,nC12_mgG,,7.692,xLCA01,"Baedecker, M.J., Eaganhouse, R.P., Bekins, B.A., and Delin, G.N., 2011, Loss of volatile hydrocarbons from LNAPL oil source: Journal of Contaminant Hydrology, v. 126, pp. 140-152.",
ds_01,x534B,B534B-87,7/15/1987,Estimated the sampling month and day to mid summer of the known sample collection year.,OW,9,L9,A,1,xLO036,Bz_mgG,,1.861,xLCA01,"Baedecker, M.J., Eaganhouse, R.P., Bekins, B.A., and Delin, G.N., 2011, Loss of volatile hydrocarbons from LNAPL oil source: Journal of Contaminant Hydrology, v. 126, pp. 140-152.",
ds_01,x534A,B534A-08,7/15/2008,Estimated the sampling month and day to mid summer of the known sample collection year.,OW,9,L9,A,1,xLO036,Bz_mgG,,0.923,xLCA01,"Baedecker, M.J., Eaganhouse, R.P., Bekins, B.A., and Delin, G.N., 2011, Loss of volatile hydrocarbons from LNAPL oil source: Journal of Contaminant Hydrology, v. 126, pp. 140-152.",
ds_01,x534B,B534B-87,7/15/1987,Estimated the sampling month and day to mid summer of the known sample collection year.,OW,9,L9,A,1,xLO072,Tol_mgG,,4.92,xLCA01,"Baedecker, M.J., Eaganhouse, R.P., Bekins, B.A., and Delin, G.N., 2011, Loss of volatile hydrocarbons from LNAPL oil source: Journal of Contaminant Hydrology, v. 126, pp. 140-152.",
ds_01,x421B,B421-87A,7/15/1987,Estimated the sampling month and day to mid summer of the known sample collection year.,OW,9,L7,A,1,xLO068,pXyl_mgG,,0.795,xLCA01,"Baedecker, M.J., Eaganhouse, R.P., Bekins, B.A., and Delin, G.N., 2011, Loss of volatile hydrocarbons from LNAPL oil source: Journal of Contaminant Hydrology, v. 126, pp. 140-152.",
ds_01,x421B,B421-87A,7/15/1987,Estimated the sampling month and day to mid summer of the known sample collection year.,OW,9,L7,A,2,xLO068,pXyl_mgG,,0.802,xLCA01,"Baedecker, M.J., Eaganhouse, R.P., Bekins, B.A., and Delin, G.N., 2011, Loss of volatile hydrocarbons from LNAPL oil source: Journal of Contaminant Hydrology, v. 126, pp. 140-152.",
ds_01,x421B,B421-87B,7/15/1987,Estimated the sampling month and day to mid summer of the known sample collection year.,OW,9,L7,B,1,xLO068,pXyl_mgG,,0.798,xLCA01,"Baedecker, M.J., Eaganhouse, R.P., Bekins, B.A., and Delin, G.N., 2011, Loss of volatile hydrocarbons from LNAPL oil source: Journal of Contaminant Hydrology, v. 126, pp. 140-152.",
ds_01,x421B,B421-87B,7/15/1987,Estimated the sampling month and day to mid summer of the known sample collection year.,OW,9,L7,B,2,xLO068,pXyl_mgG,,0.784,xLCA01,"Baedecker, M.J., Eaganhouse, R.P., Bekins, B.A., and Delin, G.N., 2011, Loss of volatile hydrocarbons from LNAPL oil source: Journal of Contaminant Hydrology, v. 126, pp. 140-152.",
ds_01,x421B,B421-87C,7/15/1987,Estimated the sampling month and day to mid summer of the known sample collection year.,OW,9,L7,C,1,xLO068,pXyl_mgG,,0.782,xLCA01,"Baedecker, M.J., Eaganhouse, R.P., Bekins, B.A., and Delin, G.N., 2011, Loss of volatile hydrocarbons from LNAPL oil source: Journal of Contaminant Hydrology, v. 126, pp. 140-152.",
ds_01,x421B,B421-87C,7/15/1987,Estimated the sampling month and day to mid summer of the known sample collection year.,OW,9,L7,C,2,xLO068,pXyl_mgG,,0.77,xLCA01,"Baedecker, M.J., Eaganhouse, R.P., Bekins, B.A., and Delin, G.N., 2011, Loss of volatile hydrocarbons from LNAPL oil source: Journal of Contaminant Hydrology, v. 126, pp. 140-152.",
ds_01,x421B,B421-89,7/15/1989,Estimated the sampling month and day to mid summer of the known sample collection year.,OW,9,L9,A,1,xLO068,pXyl_mgG,,0.792,xLCA01,"Baedecker, M.J., Eaganhouse, R.P., Bekins, B.A., and Delin, G.N., 2011, Loss of volatile hydrocarbons from LNAPL oil source: Journal of Contaminant Hydrology, v. 126, pp. 140-152.",
ds_01,x421B,B421-05A,7/15/2005,Estimated the sampling month and day to mid summer of the known sample collection year.,OW,9,L7,A,1,xLO068,pXyl_mgG,,0.778,xLCA01,"Baedecker, M.J., Eaganhouse, R.P., Bekins, B.A., and Delin, G.N., 2011, Loss of volatile hydrocarbons from LNAPL oil source: Journal of Contaminant Hydrology, v. 126, pp. 140-152.",
ds_01,x421B,B421-05B,7/15/2005,Estimated the sampling month and day to mid summer of the known sample collection year.,OW,9,L7,B,1,xLO068,pXyl_mgG,,0.792,xLCA01,"Baedecker, M.J., Eaganhouse, R.P., Bekins, B.A., and Delin, G.N., 2011, Loss of volatile hydrocarbons from LNAPL oil source: Journal of Contaminant Hydrology, v. 126, pp. 140-152.",
ds_01,x421B,B421-05C,7/15/2005,Estimated the sampling month and day to mid summer of the known sample collection year.,OW,9,L7,C,1,xLO068,pXyl_mgG,,0.814,xLCA01,"Baedecker, M.J., Eaganhouse, R.P., Bekins, B.A., and Delin, G.N., 2011, Loss of volatile hydrocarbons from LNAPL oil source: Journal of Contaminant Hydrology, v. 126, pp. 140-152.",
ds_01,x421B,B421-08A,7/15/2008,Estimated the sampling month and day to mid summer of the known sample collection year.,OW,9,L7,A,1,xLO068,pXyl_mgG,,0.818,xLCA01,"Baedecker, M.J., Eaganhouse, R.P., Bekins, B.A., and Delin, G.N., 2011, Loss of volatile hydrocarbons from LNAPL oil source: Journal of Contaminant Hydrology, v. 126, pp. 140-152.",
ds_01,x421B,B421-08B,7/15/2008,Estimated the sampling month and day to mid summer of the known sample collection year.,OW,9,L7,B,1,xLO068,pXyl_mgG,,0.817,xLCA01,"Baedecker, M.J., Eaganhouse, R.P., Bekins, B.A., and Delin, G.N., 2011, Loss of volatile hydrocarbons from LNAPL oil source: Journal of Contaminant Hydrology, v. 126, pp. 140-152.",
ds_01,x421B,B421-08C,7/15/2008,Estimated the sampling month and day to mid summer of the known sample collection year.,OW,9,L7,C,1,xLO068,pXyl_mgG,,0.789,xLCA01,"Baedecker, M.J., Eaganhouse, R.P., Bekins, B.A., and Delin, G.N., 2011, Loss of volatile hydrocarbons from LNAPL oil source: Journal of Contaminant Hydrology, v. 126, pp. 140-152.",
ds_01,x306,B306-89,7/15/2009,Estimated the sampling month and day to mid summer of the known sample collection year.,OW,9,L9,A,1,xLO068,pXyl_mgG,,0.788,xLCA01,"Baedecker, M.J., Eaganhouse, R.P., Bekins, B.A., and Delin, G.N., 2011, Loss of volatile hydrocarbons from LNAPL oil source: Journal of Contaminant Hydrology, v. 126, pp. 140-152.",
ds_01,x306,B306-05,7/15/2005,Estimated the sampling month and day to mid summer of the known sample collection year.,OW,9,L9,A,1,xLO068,pXyl_mgG,,0.842,xLCA01,"Baedecker, M.J., Eaganhouse, R.P., Bekins, B.A., and Delin, G.N., 2011, Loss of volatile hydrocarbons from LNAPL oil source: Journal of Contaminant Hydrology, v. 126, pp. 140-152.",
ds_01,x306,B306-08,7/15/2008,Estimated the sampling month and day to mid summer of the known sample collection year.,OW,9,L9,A,1,xLO068,pXyl_mgG,,0.824,xLCA01,"Baedecker, M.J., Eaganhouse, R.P., Bekins, B.A., and Delin, G.N., 2011, Loss of volatile hydrocarbons from LNAPL oil source: Journal of Contaminant Hydrology, v. 126, pp. 140-152.",
ds_01,x423,B423-89,7/15/1989,Estimated the sampling month and day to mid summer of the known sample collection year.,OW,9,L7,A,1,xLO068,pXyl_mgG,,0.718,xLCA01,"Baedecker, M.J., Eaganhouse, R.P., Bekins, B.A., and Delin, G.N., 2011, Loss of volatile hydrocarbons from LNAPL oil source: Journal of Contaminant Hydrology, v. 126, pp. 140-152.",
ds_01,x423,B423-89,7/15/1989,Estimated the sampling month and day to mid summer of the known sample collection year.,OW,9,L7,A,2,xLO068,pXyl_mgG,,0.728,xLCA01,"Baedecker, M.J., Eaganhouse, R.P., Bekins, B.A., and Delin, G.N., 2011, Loss of volatile hydrocarbons from LNAPL oil source: Journal of Contaminant Hydrology, v. 126, pp. 140-152.",
ds_01,x423,B423-04,7/15/2004,Estimated the sampling month and day to mid summer of the known sample collection year.,OW,9,L9,A,1,xLO068,pXyl_mgG,,0.746,xLCA01,"Baedecker, M.J., Eaganhouse, R.P., Bekins, B.A., and Delin, G.N., 2011, Loss of volatile hydrocarbons from LNAPL oil source: Journal of Contaminant Hydrology, v. 126, pp. 140-152.",
ds_01,x423,B423-08,7/15/2008,Estimated the sampling month and day to mid summer of the known sample collection year.,OW,9,L9,A,1,xLO068,pXyl_mgG,,0.74,xLCA01,"Baedecker, M.J., Eaganhouse, R.P., Bekins, B.A., and Delin, G.N., 2011, Loss of volatile hydrocarbons from LNAPL oil source: Journal of Contaminant Hydrology, v. 126, pp. 140-152.",
ds_01,x319,B319-89,7/15/1989,Estimated the sampling month and day to mid summer of the known sample collection year.,OW,9,L9,A,1,xLO068,pXyl_mgG,,0.779,xLCA01,"Baedecker, M.J., Eaganhouse, R.P., Bekins, B.A., and Delin, G.N., 2011, Loss of volatile hydrocarbons from LNAPL oil source: Journal of Contaminant Hydrology, v. 126, pp. 140-152.",
ds_01,x319,B319-04,7/15/2004,Estimated the sampling month and day to mid summer of the known sample collection year.,OW,9,L9,A,1,xLO068,pXyl_mgG,,0.728,xLCA01,"Baedecker, M.J., Eaganhouse, R.P., Bekins, B.A., and Delin, G.N., 2011, Loss of volatile hydrocarbons from LNAPL oil source: Journal of Contaminant Hydrology, v. 126, pp. 140-152.",
ds_01,x319,B319-08,7/15/2008,Estimated the sampling month and day to mid summer of the known sample collection year.,OW,9,L9,A,1,xLO068,pXyl_mgG,,0.78,xLCA01,"Baedecker, M.J., Eaganhouse, R.P., Bekins, B.A., and Delin, G.N., 2011, Loss of volatile hydrocarbons from LNAPL oil source: Journal of Contaminant Hydrology, v. 126, pp. 140-152.",
ds_01,x534A,B534A-08,7/15/2008,Estimated the sampling month and day to mid summer of the known sample collection year.,OW,9,L9,A,1,xLO072,Tol_mgG,,0.018,xLCA01,"Baedecker, M.J., Eaganhouse, R.P., Bekins, B.A., and Delin, G.N., 2011, Loss of volatile hydrocarbons from LNAPL oil source: Journal of Contaminant Hydrology, v. 126, pp. 140-152.",
ds_01,x534B,B534B-87,7/15/1987,Estimated the sampling month and day to mid summer of the known sample collection year.,OW,9,L9,A,1,xLO041,EtBz_mgG,,1.453,xLCA01,"Baedecker, M.J., Eaganhouse, R.P., Bekins, B.A., and Delin, G.N., 2011, Loss of volatile hydrocarbons from LNAPL oil source: Journal of Contaminant Hydrology, v. 126, pp. 140-152.",
ds_01,x604A,B604-87,7/15/1987,Estimated the sampling month and day to mid summer of the known sample collection year.,OW,9,L9,A,1,xLO068,pXyl_mgG,,0.836,xLCA01,"Baedecker, M.J., Eaganhouse, R.P., Bekins, B.A., and Delin, G.N., 2011, Loss of volatile hydrocarbons from LNAPL oil source: Journal of Contaminant Hydrology, v. 126, pp. 140-152.",
ds_01,x534A,B534A-08,7/15/2008,Estimated the sampling month and day to mid summer of the known sample collection year.,OW,9,L9,A,1,xLO041,EtBz_mgG,,1.443,xLCA01,"Baedecker, M.J., Eaganhouse, R.P., Bekins, B.A., and Delin, G.N., 2011, Loss of volatile hydrocarbons from LNAPL oil source: Journal of Contaminant Hydrology, v. 126, pp. 140-152.",
ds_01,x534B,B534B-87,7/15/1987,Estimated the sampling month and day to mid summer of the known sample collection year.,OW,9,L9,A,1,xLO053,mXyl_mgG,,3.312,xLCA01,"Baedecker, M.J., Eaganhouse, R.P., Bekins, B.A., and Delin, G.N., 2011, Loss of volatile hydrocarbons from LNAPL oil source: Journal of Contaminant Hydrology, v. 126, pp. 140-152.",
ds_01,x534A,B534A-08,7/15/2008,Estimated the sampling month and day to mid summer of the known sample collection year.,OW,9,L9,A,1,xLO053,mXyl_mgG,,2.947,xLCA01,"Baedecker, M.J., Eaganhouse, R.P., Bekins, B.A., and Delin, G.N., 2011, Loss of volatile hydrocarbons from LNAPL oil source: Journal of Contaminant Hydrology, v. 126, pp. 140-152.",
ds_01,x534B,B534B-87,7/15/1987,Estimated the sampling month and day to mid summer of the known sample collection year.,OW,9,L9,A,1,xLO068,pXyl_mgG,,0.81,xLCA01,"Baedecker, M.J., Eaganhouse, R.P., Bekins, B.A., and Delin, G.N., 2011, Loss of volatile hydrocarbons from LNAPL oil source: Journal of Contaminant Hydrology, v. 126, pp. 140-152.",
ds_01,x534A,B534A-08,7/15/2008,Estimated the sampling month and day to mid summer of the known sample collection year.,OW,9,L9,A,1,xLO068,pXyl_mgG,,0.819,xLCA01,"Baedecker, M.J., Eaganhouse, R.P., Bekins, B.A., and Delin, G.N., 2011, Loss of volatile hydrocarbons from LNAPL oil source: Journal of Contaminant Hydrology, v. 126, pp. 140-152.",
ds_01,x421B,B421-87A,7/15/1987,Estimated the sampling month and day to mid summer of the known sample collection year.,OW,9,L7,A,1,xLO066,oXyl_mgG,,1.866,xLCA01,"Baedecker, M.J., Eaganhouse, R.P., Bekins, B.A., and Delin, G.N., 2011, Loss of volatile hydrocarbons from LNAPL oil source: Journal of Contaminant Hydrology, v. 126, pp. 140-152.",
ds_01,x421B,B421-87A,7/15/1987,Estimated the sampling month and day to mid summer of the known sample collection year.,OW,9,L7,A,2,xLO066,oXyl_mgG,,1.862,xLCA01,"Baedecker, M.J., Eaganhouse, R.P., Bekins, B.A., and Delin, G.N., 2011, Loss of volatile hydrocarbons from LNAPL oil source: Journal of Contaminant Hydrology, v. 126, pp. 140-152.",
ds_01,x421B,B421-87B,7/15/1987,Estimated the sampling month and day to mid summer of the known sample collection year.,OW,9,L7,B,1,xLO066,oXyl_mgG,,1.916,xLCA01,"Baedecker, M.J., Eaganhouse, R.P., Bekins, B.A., and Delin, G.N., 2011, Loss of volatile hydrocarbons from LNAPL oil source: Journal of Contaminant Hydrology, v. 126, pp. 140-152.",
ds_01,x421B,B421-87B,7/15/1987,Estimated the sampling month and day to mid summer of the known sample collection year.,OW,9,L7,B,2,xLO066,oXyl_mgG,,1.938,xLCA01,"Baedecker, M.J., Eaganhouse, R.P., Bekins, B.A., and Delin, G.N., 2011, Loss of volatile hydrocarbons from LNAPL oil source: Journal of Contaminant Hydrology, v. 126, pp. 140-152.",
ds_01,x421B,B421-87C,7/15/1987,Estimated the sampling month and day to mid summer of the known sample collection year.,OW,9,L7,C,1,xLO066,oXyl_mgG,,1.837,xLCA01,"Baedecker, M.J., Eaganhouse, R.P., Bekins, B.A., and Delin, G.N., 2011, Loss of volatile hydrocarbons from LNAPL oil source: Journal of Contaminant Hydrology, v. 126, pp. 140-152.",
ds_01,x421B,B421-87C,7/15/1987,Estimated the sampling month and day to mid summer of the known sample collection year.,OW,9,L7,C,2,xLO066,oXyl_mgG,,1.88,xLCA01,"Baedecker, M.J., Eaganhouse, R.P., Bekins, B.A., and Delin, G.N., 2011, Loss of volatile hydrocarbons from LNAPL oil source: Journal of Contaminant Hydrology, v. 126, pp. 140-152.",
ds_01,x421B,B421-89,7/15/1989,Estimated the sampling month and day to mid summer of the known sample collection year.,OW,9,L9,A,1,xLO066,oXyl_mgG,,1.862,xLCA01,"Baedecker, M.J., Eaganhouse, R.P., Bekins, B.A., and Delin, G.N., 2011, Loss of volatile hydrocarbons from LNAPL oil source: Journal of Contaminant Hydrology, v. 126, pp. 140-152.",
ds_01,x421B,B421-05A,7/15/2005,Estimated the sampling month and day to mid summer of the known sample collection year.,OW,9,L7,A,1,xLO066,oXyl_mgG,,0.367,xLCA01,"Baedecker, M.J., Eaganhouse, R.P., Bekins, B.A., and Delin, G.N., 2011, Loss of volatile hydrocarbons from LNAPL oil source: Journal of Contaminant Hydrology, v. 126, pp. 140-152.",
ds_01,x421B,B421-05B,7/15/2005,Estimated the sampling month and day to mid summer of the known sample collection year.,OW,9,L7,B,1,xLO066,oXyl_mgG,,0.365,xLCA01,"Baedecker, M.J., Eaganhouse, R.P., Bekins, B.A., and Delin, G.N., 2011, Loss of volatile hydrocarbons from LNAPL oil source: Journal of Contaminant Hydrology, v. 126, pp. 140-152.",
ds_01,x421B,B421-05C,7/15/2005,Estimated the sampling month and day to mid summer of the known sample collection year.,OW,9,L7,C,1,xLO066,oXyl_mgG,,0.374,xLCA01,"Baedecker, M.J., Eaganhouse, R.P., Bekins, B.A., and Delin, G.N., 2011, Loss of volatile hydrocarbons from LNAPL oil source: Journal of Contaminant Hydrology, v. 126, pp. 140-152.",
ds_01,x421B,B421-08A,7/15/2008,Estimated the sampling month and day to mid summer of the known sample collection year.,OW,9,L7,A,1,xLO066,oXyl_mgG,,0.031,xLCA01,"Baedecker, M.J., Eaganhouse, R.P., Bekins, B.A., and Delin, G.N., 2011, Loss of volatile hydrocarbons from LNAPL oil source: Journal of Contaminant Hydrology, v. 126, pp. 140-152.",
ds_01,x421B,B421-08B,7/15/2008,Estimated the sampling month and day to mid summer of the known sample collection year.,OW,9,L7,B,1,xLO066,oXyl_mgG,,0.033,xLCA01,"Baedecker, M.J., Eaganhouse, R.P., Bekins, B.A., and Delin, G.N., 2011, Loss of volatile hydrocarbons from LNAPL oil source: Journal of Contaminant Hydrology, v. 126, pp. 140-152.",
ds_01,x421B,B421-08C,7/15/2008,Estimated the sampling month and day to mid summer of the known sample collection year.,OW,9,L7,C,1,xLO066,oXyl_mgG,,0.034,xLCA01,"Baedecker, M.J., Eaganhouse, R.P., Bekins, B.A., and Delin, G.N., 2011, Loss of volatile hydrocarbons from LNAPL oil source: Journal of Contaminant Hydrology, v. 126, pp. 140-152.",
ds_01,x306,B306-89,7/15/2009,Estimated the sampling month and day to mid summer of the known sample collection year.,OW,9,L9,A,1,xLO066,oXyl_mgG,,2.385,xLCA01,"Baedecker, M.J., Eaganhouse, R.P., Bekins, B.A., and Delin, G.N., 2011, Loss of volatile hydrocarbons from LNAPL oil source: Journal of Contaminant Hydrology, v. 126, pp. 140-152.",
ds_01,x306,B306-05,7/15/2005,Estimated the sampling month and day to mid summer of the known sample collection year.,OW,9,L9,A,1,xLO066,oXyl_mgG,,0.607,xLCA01,"Baedecker, M.J., Eaganhouse, R.P., Bekins, B.A., and Delin, G.N., 2011, Loss of volatile hydrocarbons from LNAPL oil source: Journal of Contaminant Hydrology, v. 126, pp. 140-152.",
ds_01,x306,B306-08,7/15/2008,Estimated the sampling month and day to mid summer of the known sample collection year.,OW,9,L9,A,1,xLO066,oXyl_mgG,,0.616,xLCA01,"Baedecker, M.J., Eaganhouse, R.P., Bekins, B.A., and Delin, G.N., 2011, Loss of volatile hydrocarbons from LNAPL oil source: Journal of Contaminant Hydrology, v. 126, pp. 140-152.",
ds_01,x423,B423-89,7/15/1989,Estimated the sampling month and day to mid summer of the known sample collection year.,OW,9,L7,A,1,xLO066,oXyl_mgG,,1.768,xLCA01,"Baedecker, M.J., Eaganhouse, R.P., Bekins, B.A., and Delin, G.N., 2011, Loss of volatile hydrocarbons from LNAPL oil source: Journal of Contaminant Hydrology, v. 126, pp. 140-152.",
ds_01,x423,B423-89,7/15/1989,Estimated the sampling month and day to mid summer of the known sample collection year.,OW,9,L7,A,2,xLO066,oXyl_mgG,,1.806,xLCA01,"Baedecker, M.J., Eaganhouse, R.P., Bekins, B.A., and Delin, G.N., 2011, Loss of volatile hydrocarbons from LNAPL oil source: Journal of Contaminant Hydrology, v. 126, pp. 140-152.",
ds_01,x423,B423-04,7/15/2004,Estimated the sampling month and day to mid summer of the known sample collection year.,OW,9,L9,A,1,xLO066,oXyl_mgG,,1.756,xLCA01,"Baedecker, M.J., Eaganhouse, R.P., Bekins, B.A., and Delin, G.N., 2011, Loss of volatile hydrocarbons from LNAPL oil source: Journal of Contaminant Hydrology, v. 126, pp. 140-152.",
ds_01,x423,B423-08,7/15/2008,Estimated the sampling month and day to mid summer of the known sample collection year.,OW,9,L9,A,1,xLO066,oXyl_mgG,,1.764,xLCA01,"Baedecker, M.J., Eaganhouse, R.P., Bekins, B.A., and Delin, G.N., 2011, Loss of volatile hydrocarbons from LNAPL oil source: Journal of Contaminant Hydrology, v. 126, pp. 140-152.",
ds_01,x319,B319-89,7/15/1989,Estimated the sampling month and day to mid summer of the known sample collection year.,OW,9,L9,A,1,xLO066,oXyl_mgG,,1.784,xLCA01,"Baedecker, M.J., Eaganhouse, R.P., Bekins, B.A., and Delin, G.N., 2011, Loss of volatile hydrocarbons from LNAPL oil source: Journal of Contaminant Hydrology, v. 126, pp. 140-152.",
ds_01,x319,B319-04,7/15/2004,Estimated the sampling month and day to mid summer of the known sample collection year.,OW,9,L9,A,1,xLO066,oXyl_mgG,,1.515,xLCA01,"Baedecker, M.J., Eaganhouse, R.P., Bekins, B.A., and Delin, G.N., 2011, Loss of volatile hydrocarbons from LNAPL oil source: Journal of Contaminant Hydrology, v. 126, pp. 140-152.",
ds_01,x319,B319-08,7/15/2008,Estimated the sampling month and day to mid summer of the known sample collection year.,OW,9,L9,A,1,xLO066,oXyl_mgG,,0.506,xLCA01,"Baedecker, M.J., Eaganhouse, R.P., Bekins, B.A., and Delin, G.N., 2011, Loss of volatile hydrocarbons from LNAPL oil source: Journal of Contaminant Hydrology, v. 126, pp. 140-152.",
ds_01,x534B,B534B-87,7/15/1987,Estimated the sampling month and day to mid summer of the known sample collection year.,OW,9,L9,A,1,xLO066,oXyl_mgG,,1.918,xLCA01,"Baedecker, M.J., Eaganhouse, R.P., Bekins, B.A., and Delin, G.N., 2011, Loss of volatile hydrocarbons from LNAPL oil source: Journal of Contaminant Hydrology, v. 126, pp. 140-152.",
ds_01,x534A,B534A-08,7/15/2008,Estimated the sampling month and day to mid summer of the known sample collection year.,OW,9,L9,A,1,xLO066,oXyl_mgG,,0.715,xLCA01,"Baedecker, M.J., Eaganhouse, R.P., Bekins, B.A., and Delin, G.N., 2011, Loss of volatile hydrocarbons from LNAPL oil source: Journal of Contaminant Hydrology, v. 126, pp. 140-152.",
ds_01,x604A,B604-87,7/15/1987,Estimated the sampling month and day to mid summer of the known sample collection year.,OW,9,L9,A,1,xLO066,oXyl_mgG,,1.837,xLCA01,"Baedecker, M.J., Eaganhouse, R.P., Bekins, B.A., and Delin, G.N., 2011, Loss of volatile hydrocarbons from LNAPL oil source: Journal of Contaminant Hydrology, v. 126, pp. 140-152.",
ds_01,x534B,B534B-87,7/15/1987,Estimated the sampling month and day to mid summer of the known sample collection year.,OW,9,L9,A,1,xLO039,CyHex_dBz_mgG,,3.355,xLCA02,"Baedecker, M.J., Eaganhouse, R.P., Bekins, B.A., and Delin, G.N., 2011, Loss of volatile hydrocarbons from LNAPL oil source: Journal of Contaminant Hydrology, v. 126, pp. 140-152.",
ds_01,x534A,B534A-08,7/15/2008,Estimated the sampling month and day to mid summer of the known sample collection year.,OW,9,L9,A,1,xLO039,CyHex_dBz_mgG,,2.834,xLCA02,"Baedecker, M.J., Eaganhouse, R.P., Bekins, B.A., and Delin, G.N., 2011, Loss of volatile hydrocarbons from LNAPL oil source: Journal of Contaminant Hydrology, v. 126, pp. 140-152.",
ds_01,x534B,B534B-87,7/15/1987,Estimated the sampling month and day to mid summer of the known sample collection year.,OW,9,L9,A,1,xLO051,MeCyHex_dTol_mgG,,6.493,xLCA02,"Baedecker, M.J., Eaganhouse, R.P., Bekins, B.A., and Delin, G.N., 2011, Loss of volatile hydrocarbons from LNAPL oil source: Journal of Contaminant Hydrology, v. 126, pp. 140-152.",
ds_01,x534A,B534A-08,7/15/2008,Estimated the sampling month and day to mid summer of the known sample collection year.,OW,9,L9,A,1,xLO051,MeCyHex_dTol_mgG,,6.422,xLCA02,"Baedecker, M.J., Eaganhouse, R.P., Bekins, B.A., and Delin, G.N., 2011, Loss of volatile hydrocarbons from LNAPL oil source: Journal of Contaminant Hydrology, v. 126, pp. 140-152.",
ds_01,x534B,B534B-87,7/15/1987,Estimated the sampling month and day to mid summer of the known sample collection year.,OW,9,L9,A,1,xLO043,EtCyHex_dEtBz_mgG,,2.102,xLCA02,"Baedecker, M.J., Eaganhouse, R.P., Bekins, B.A., and Delin, G.N., 2011, Loss of volatile hydrocarbons from LNAPL oil source: Journal of Contaminant Hydrology, v. 126, pp. 140-152.",
ds_01,x421B,B421-87A,7/15/1987,Estimated the sampling month and day to mid summer of the known sample collection year.,OW,9,L7,A,1,xLO039,CyHex_dBz_mgG,,3.176,xLCA02,"Baedecker, M.J., Eaganhouse, R.P., Bekins, B.A., and Delin, G.N., 2011, Loss of volatile hydrocarbons from LNAPL oil source: Journal of Contaminant Hydrology, v. 126, pp. 140-152.",
ds_01,x421B,B421-87A,7/15/1987,Estimated the sampling month and day to mid summer of the known sample collection year.,OW,9,L7,A,2,xLO039,CyHex_dBz_mgG,,3.198,xLCA02,"Baedecker, M.J., Eaganhouse, R.P., Bekins, B.A., and Delin, G.N., 2011, Loss of volatile hydrocarbons from LNAPL oil source: Journal of Contaminant Hydrology, v. 126, pp. 140-152.",
ds_01,x421B,B421-87B,7/15/1987,Estimated the sampling month and day to mid summer of the known sample collection year.,OW,9,L7,B,1,xLO039,CyHex_dBz_mgG,,3.264,xLCA02,"Baedecker, M.J., Eaganhouse, R.P., Bekins, B.A., and Delin, G.N., 2011, Loss of volatile hydrocarbons from LNAPL oil source: Journal of Contaminant Hydrology, v. 126, pp. 140-152.",
ds_01,x421B,B421-87B,7/15/1987,Estimated the sampling month and day to mid summer of the known sample collection year.,OW,9,L7,B,2,xLO039,CyHex_dBz_mgG,,3.157,xLCA02,"Baedecker, M.J., Eaganhouse, R.P., Bekins, B.A., and Delin, G.N., 2011, Loss of volatile hydrocarbons from LNAPL oil source: Journal of Contaminant Hydrology, v. 126, pp. 140-152.",
ds_01,x421B,B421-87C,7/15/1987,Estimated the sampling month and day to mid summer of the known sample collection year.,OW,9,L7,C,1,xLO039,CyHex_dBz_mgG,,3.193,xLCA02,"Baedecker, M.J., Eaganhouse, R.P., Bekins, B.A., and Delin, G.N., 2011, Loss of volatile hydrocarbons from LNAPL oil source: Journal of Contaminant Hydrology, v. 126, pp. 140-152.",
ds_01,x421B,B421-87C,7/15/1987,Estimated the sampling month and day to mid summer of the known sample collection year.,OW,9,L7,C,2,xLO039,CyHex_dBz_mgG,,3.039,xLCA02,"Baedecker, M.J., Eaganhouse, R.P., Bekins, B.A., and Delin, G.N., 2011, Loss of volatile hydrocarbons from LNAPL oil source: Journal of Contaminant Hydrology, v. 126, pp. 140-152.",
ds_01,x421B,B421-89,7/15/1989,Estimated the sampling month and day to mid summer of the known sample collection year.,OW,9,L9,A,1,xLO039,CyHex_dBz_mgG,,2.959,xLCA02,"Baedecker, M.J., Eaganhouse, R.P., Bekins, B.A., and Delin, G.N., 2011, Loss of volatile hydrocarbons from LNAPL oil source: Journal of Contaminant Hydrology, v. 126, pp. 140-152.",
ds_01,x421B,B421-05A,7/15/2005,Estimated the sampling month and day to mid summer of the known sample collection year.,OW,9,L7,A,1,xLO039,CyHex_dBz_mgG,,2.921,xLCA02,"Baedecker, M.J., Eaganhouse, R.P., Bekins, B.A., and Delin, G.N., 2011, Loss of volatile hydrocarbons from LNAPL oil source: Journal of Contaminant Hydrology, v. 126, pp. 140-152.",
ds_01,x421B,B421-05B,7/15/2005,Estimated the sampling month and day to mid summer of the known sample collection year.,OW,9,L7,B,1,xLO039,CyHex_dBz_mgG,,2.903,xLCA02,"Baedecker, M.J., Eaganhouse, R.P., Bekins, B.A., and Delin, G.N., 2011, Loss of volatile hydrocarbons from LNAPL oil source: Journal of Contaminant Hydrology, v. 126, pp. 140-152.",
ds_01,x421B,B421-05C,7/15/2005,Estimated the sampling month and day to mid summer of the known sample collection year.,OW,9,L7,C,1,xLO039,CyHex_dBz_mgG,,2.964,xLCA02,"Baedecker, M.J., Eaganhouse, R.P., Bekins, B.A., and Delin, G.N., 2011, Loss of volatile hydrocarbons from LNAPL oil source: Journal of Contaminant Hydrology, v. 126, pp. 140-152.",
ds_01,x421B,B421-08A,7/15/2008,Estimated the sampling month and day to mid summer of the known sample collection year.,OW,9,L7,A,1,xLO039,CyHex_dBz_mgG,,3.013,xLCA02,"Baedecker, M.J., Eaganhouse, R.P., Bekins, B.A., and Delin, G.N., 2011, Loss of volatile hydrocarbons from LNAPL oil source: Journal of Contaminant Hydrology, v. 126, pp. 140-152.",
ds_01,x421B,B421-08B,7/15/2008,Estimated the sampling month and day to mid summer of the known sample collection year.,OW,9,L7,B,1,xLO039,CyHex_dBz_mgG,,2.967,xLCA02,"Baedecker, M.J., Eaganhouse, R.P., Bekins, B.A., and Delin, G.N., 2011, Loss of volatile hydrocarbons from LNAPL oil source: Journal of Contaminant Hydrology, v. 126, pp. 140-152.",
ds_01,x421B,B421-08C,7/15/2008,Estimated the sampling month and day to mid summer of the known sample collection year.,OW,9,L7,C,1,xLO039,CyHex_dBz_mgG,,3.119,xLCA02,"Baedecker, M.J., Eaganhouse, R.P., Bekins, B.A., and Delin, G.N., 2011, Loss of volatile hydrocarbons from LNAPL oil source: Journal of Contaminant Hydrology, v. 126, pp. 140-152.",
ds_01,x306,B306-89,7/15/2009,Estimated the sampling month and day to mid summer of the known sample collection year.,OW,9,L9,A,1,xLO039,CyHex_dBz_mgG,,3.378,xLCA02,"Baedecker, M.J., Eaganhouse, R.P., Bekins, B.A., and Delin, G.N., 2011, Loss of volatile hydrocarbons from LNAPL oil source: Journal of Contaminant Hydrology, v. 126, pp. 140-152.",
ds_01,x306,B306-05,7/15/2005,Estimated the sampling month and day to mid summer of the known sample collection year.,OW,9,L9,A,1,xLO039,CyHex_dBz_mgG,,2.528,xLCA02,"Baedecker, M.J., Eaganhouse, R.P., Bekins, B.A., and Delin, G.N., 2011, Loss of volatile hydrocarbons from LNAPL oil source: Journal of Contaminant Hydrology, v. 126, pp. 140-152.",
ds_01,x306,B306-08,7/15/2008,Estimated the sampling month and day to mid summer of the known sample collection year.,OW,9,L9,A,1,xLO039,CyHex_dBz_mgG,,2.232,xLCA02,"Baedecker, M.J., Eaganhouse, R.P., Bekins, B.A., and Delin, G.N., 2011, Loss of volatile hydrocarbons from LNAPL oil source: Journal of Contaminant Hydrology, v. 126, pp. 140-152.",
ds_01,x423,B423-89,7/15/1989,Estimated the sampling month and day to mid summer of the known sample collection year.,OW,9,L7,A,1,xLO039,CyHex_dBz_mgG,,3.98,xLCA02,"Baedecker, M.J., Eaganhouse, R.P., Bekins, B.A., and Delin, G.N., 2011, Loss of volatile hydrocarbons from LNAPL oil source: Journal of Contaminant Hydrology, v. 126, pp. 140-152.",
ds_01,x423,B423-89,7/15/1989,Estimated the sampling month and day to mid summer of the known sample collection year.,OW,9,L7,A,2,xLO039,CyHex_dBz_mgG,,3.267,xLCA02,"Baedecker, M.J., Eaganhouse, R.P., Bekins, B.A., and Delin, G.N., 2011, Loss of volatile hydrocarbons from LNAPL oil source: Journal of Contaminant Hydrology, v. 126, pp. 140-152.",
ds_01,x423,B423-04,7/15/2004,Estimated the sampling month and day to mid summer of the known sample collection year.,OW,9,L9,A,1,xLO039,CyHex_dBz_mgG,,2.826,xLCA02,"Baedecker, M.J., Eaganhouse, R.P., Bekins, B.A., and Delin, G.N., 2011, Loss of volatile hydrocarbons from LNAPL oil source: Journal of Contaminant Hydrology, v. 126, pp. 140-152.",
ds_01,x423,B423-08,7/15/2008,Estimated the sampling month and day to mid summer of the known sample collection year.,OW,9,L9,A,1,xLO039,CyHex_dBz_mgG,,3.272,xLCA02,"Baedecker, M.J., Eaganhouse, R.P., Bekins, B.A., and Delin, G.N., 2011, Loss of volatile hydrocarbons from LNAPL oil source: Journal of Contaminant Hydrology, v. 126, pp. 140-152.",
ds_01,x319,B319-89,7/15/1989,Estimated the sampling month and day to mid summer of the known sample collection year.,OW,9,L9,A,1,xLO039,CyHex_dBz_mgG,,3.322,xLCA02,"Baedecker, M.J., Eaganhouse, R.P., Bekins, B.A., and Delin, G.N., 2011, Loss of volatile hydrocarbons from LNAPL oil source: Journal of Contaminant Hydrology, v. 126, pp. 140-152.",
ds_01,x319,B319-04,7/15/2004,Estimated the sampling month and day to mid summer of the known sample collection year.,OW,9,L9,A,1,xLO039,CyHex_dBz_mgG,,2.856,xLCA02,"Baedecker, M.J., Eaganhouse, R.P., Bekins, B.A., and Delin, G.N., 2011, Loss of volatile hydrocarbons from LNAPL oil source: Journal of Contaminant Hydrology, v. 126, pp. 140-152.",
ds_01,x319,B319-08,7/15/2008,Estimated the sampling month and day to mid summer of the known sample collection year.,OW,9,L9,A,1,xLO039,CyHex_dBz_mgG,,3.56,xLCA02,"Baedecker, M.J., Eaganhouse, R.P., Bekins, B.A., and Delin, G.N., 2011, Loss of volatile hydrocarbons from LNAPL oil source: Journal of Contaminant Hydrology, v. 126, pp. 140-152.",
ds_01,x534A,B534A-08,7/15/2008,Estimated the sampling month and day to mid summer of the known sample collection year.,OW,9,L9,A,1,xLO043,EtCyHex_dEtBz_mgG,,2.325,xLCA02,"Baedecker, M.J., Eaganhouse, R.P., Bekins, B.A., and Delin, G.N., 2011, Loss of volatile hydrocarbons from LNAPL oil source: Journal of Contaminant Hydrology, v. 126, pp. 140-152.",
ds_01,x534B,B534B-87,7/15/1987,Estimated the sampling month and day to mid summer of the known sample collection year.,OW,9,L9,A,1,xLO014,135TMeBz_mgG,,0.975,xLCA01,"Baedecker, M.J., Eaganhouse, R.P., Bekins, B.A., and Delin, G.N., 2011, Loss of volatile hydrocarbons from LNAPL oil source: Journal of Contaminant Hydrology, v. 126, pp. 140-152.",
ds_01,x604A,B604-87,7/15/1987,Estimated the sampling month and day to mid summer of the known sample collection year.,OW,9,L9,A,1,xLO039,CyHex_dBz_mgG,,3.201,xLCA02,"Baedecker, M.J., Eaganhouse, R.P., Bekins, B.A., and Delin, G.N., 2011, Loss of volatile hydrocarbons from LNAPL oil source: Journal of Contaminant Hydrology, v. 126, pp. 140-152.",
ds_01,x534A,B534A-08,7/15/2008,Estimated the sampling month and day to mid summer of the known sample collection year.,OW,9,L9,A,1,xLO014,135TMeBz_mgG,,1.071,xLCA01,"Baedecker, M.J., Eaganhouse, R.P., Bekins, B.A., and Delin, G.N., 2011, Loss of volatile hydrocarbons from LNAPL oil source: Journal of Contaminant Hydrology, v. 126, pp. 140-152.",
ds_01,x534B,B534B-87,7/15/1987,Estimated the sampling month and day to mid summer of the known sample collection year.,OW,9,L9,A,1,xLO009,124TMeBz_mgG,,3.575,xLCA01,"Baedecker, M.J., Eaganhouse, R.P., Bekins, B.A., and Delin, G.N., 2011, Loss of volatile hydrocarbons from LNAPL oil source: Journal of Contaminant Hydrology, v. 126, pp. 140-152.",
ds_01,x534A,B534A-08,7/15/2008,Estimated the sampling month and day to mid summer of the known sample collection year.,OW,9,L9,A,1,xLO009,124TMeBz_mgG,,3.864,xLCA01,"Baedecker, M.J., Eaganhouse, R.P., Bekins, B.A., and Delin, G.N., 2011, Loss of volatile hydrocarbons from LNAPL oil source: Journal of Contaminant Hydrology, v. 126, pp. 140-152.",
ds_01,x534B,B534B-87,7/15/1987,Estimated the sampling month and day to mid summer of the known sample collection year.,OW,9,L9,A,1,xLO005,123TMeBz_mgG,,1.293,xLCA01,"Baedecker, M.J., Eaganhouse, R.P., Bekins, B.A., and Delin, G.N., 2011, Loss of volatile hydrocarbons from LNAPL oil source: Journal of Contaminant Hydrology, v. 126, pp. 140-152.",
ds_01,x534A,B534A-08,7/15/2008,Estimated the sampling month and day to mid summer of the known sample collection year.,OW,9,L9,A,1,xLO005,123TMeBz_mgG,,1.528,xLCA01,"Baedecker, M.J., Eaganhouse, R.P., Bekins, B.A., and Delin, G.N., 2011, Loss of volatile hydrocarbons from LNAPL oil source: Journal of Contaminant Hydrology, v. 126, pp. 140-152.",
ds_01,x421B,B421-87A,7/15/1987,Estimated the sampling month and day to mid summer of the known sample collection year.,OW,9,L7,A,1,xLO051,MeCyHex_dTol_mgG,,6.279,xLCA02,"Baedecker, M.J., Eaganhouse, R.P., Bekins, B.A., and Delin, G.N., 2011, Loss of volatile hydrocarbons from LNAPL oil source: Journal of Contaminant Hydrology, v. 126, pp. 140-152.",
ds_01,x421B,B421-87A,7/15/1987,Estimated the sampling month and day to mid summer of the known sample collection year.,OW,9,L7,A,2,xLO051,MeCyHex_dTol_mgG,,6.173,xLCA02,"Baedecker, M.J., Eaganhouse, R.P., Bekins, B.A., and Delin, G.N., 2011, Loss of volatile hydrocarbons from LNAPL oil source: Journal of Contaminant Hydrology, v. 126, pp. 140-152.",
ds_01,x421B,B421-87B,7/15/1987,Estimated the sampling month and day to mid summer of the known sample collection year.,OW,9,L7,B,1,xLO051,MeCyHex_dTol_mgG,,6.491,xLCA02,"Baedecker, M.J., Eaganhouse, R.P., Bekins, B.A., and Delin, G.N., 2011, Loss of volatile hydrocarbons from LNAPL oil source: Journal of Contaminant Hydrology, v. 126, pp. 140-152.",
ds_01,x421B,B421-87B,7/15/1987,Estimated the sampling month and day to mid summer of the known sample collection year.,OW,9,L7,B,2,xLO051,MeCyHex_dTol_mgG,,6.132,xLCA02,"Baedecker, M.J., Eaganhouse, R.P., Bekins, B.A., and Delin, G.N., 2011, Loss of volatile hydrocarbons from LNAPL oil source: Journal of Contaminant Hydrology, v. 126, pp. 140-152.",
ds_01,x421B,B421-87C,7/15/1987,Estimated the sampling month and day to mid summer of the known sample collection year.,OW,9,L7,C,1,xLO051,MeCyHex_dTol_mgG,,6.298,xLCA02,"Baedecker, M.J., Eaganhouse, R.P., Bekins, B.A., and Delin, G.N., 2011, Loss of volatile hydrocarbons from LNAPL oil source: Journal of Contaminant Hydrology, v. 126, pp. 140-152.",
ds_01,x421B,B421-87C,7/15/1987,Estimated the sampling month and day to mid summer of the known sample collection year.,OW,9,L7,C,2,xLO051,MeCyHex_dTol_mgG,,6.003,xLCA02,"Baedecker, M.J., Eaganhouse, R.P., Bekins, B.A., and Delin, G.N., 2011, Loss of volatile hydrocarbons from LNAPL oil source: Journal of Contaminant Hydrology, v. 126, pp. 140-152.",
ds_01,x421B,B421-89,7/15/1989,Estimated the sampling month and day to mid summer of the known sample collection year.,OW,9,L9,A,1,xLO051,MeCyHex_dTol_mgG,,6.169,xLCA02,"Baedecker, M.J., Eaganhouse, R.P., Bekins, B.A., and Delin, G.N., 2011, Loss of volatile hydrocarbons from LNAPL oil source: Journal of Contaminant Hydrology, v. 126, pp. 140-152.",
ds_01,x421B,B421-05A,7/15/2005,Estimated the sampling month and day to mid summer of the known sample collection year.,OW,9,L7,A,1,xLO051,MeCyHex_dTol_mgG,,6.48,xLCA02,"Baedecker, M.J., Eaganhouse, R.P., Bekins, B.A., and Delin, G.N., 2011, Loss of volatile hydrocarbons from LNAPL oil source: Journal of Contaminant Hydrology, v. 126, pp. 140-152.",
ds_01,x421B,B421-05B,7/15/2005,Estimated the sampling month and day to mid summer of the known sample collection year.,OW,9,L7,B,1,xLO051,MeCyHex_dTol_mgG,,6.462,xLCA02,"Baedecker, M.J., Eaganhouse, R.P., Bekins, B.A., and Delin, G.N., 2011, Loss of volatile hydrocarbons from LNAPL oil source: Journal of Contaminant Hydrology, v. 126, pp. 140-152.",
ds_01,x421B,B421-05C,7/15/2005,Estimated the sampling month and day to mid summer of the known sample collection year.,OW,9,L7,C,1,xLO051,MeCyHex_dTol_mgG,,6.564,xLCA02,"Baedecker, M.J., Eaganhouse, R.P., Bekins, B.A., and Delin, G.N., 2011, Loss of volatile hydrocarbons from LNAPL oil source: Journal of Contaminant Hydrology, v. 126, pp. 140-152.",
ds_01,x421B,B421-08A,7/15/2008,Estimated the sampling month and day to mid summer of the known sample collection year.,OW,9,L7,A,1,xLO051,MeCyHex_dTol_mgG,,6.831,xLCA02,"Baedecker, M.J., Eaganhouse, R.P., Bekins, B.A., and Delin, G.N., 2011, Loss of volatile hydrocarbons from LNAPL oil source: Journal of Contaminant Hydrology, v. 126, pp. 140-152.",
ds_01,x421B,B421-08B,7/15/2008,Estimated the sampling month and day to mid summer of the known sample collection year.,OW,9,L7,B,1,xLO051,MeCyHex_dTol_mgG,,6.739,xLCA02,"Baedecker, M.J., Eaganhouse, R.P., Bekins, B.A., and Delin, G.N., 2011, Loss of volatile hydrocarbons from LNAPL oil source: Journal of Contaminant Hydrology, v. 126, pp. 140-152.",
ds_01,x421B,B421-08C,7/15/2008,Estimated the sampling month and day to mid summer of the known sample collection year.,OW,9,L7,C,1,xLO051,MeCyHex_dTol_mgG,,6.919,xLCA02,"Baedecker, M.J., Eaganhouse, R.P., Bekins, B.A., and Delin, G.N., 2011, Loss of volatile hydrocarbons from LNAPL oil source: Journal of Contaminant Hydrology, v. 126, pp. 140-152.",
ds_01,x306,B306-89,7/15/2009,Estimated the sampling month and day to mid summer of the known sample collection year.,OW,9,L9,A,1,xLO051,MeCyHex_dTol_mgG,,7.852,xLCA02,"Baedecker, M.J., Eaganhouse, R.P., Bekins, B.A., and Delin, G.N., 2011, Loss of volatile hydrocarbons from LNAPL oil source: Journal of Contaminant Hydrology, v. 126, pp. 140-152.",
ds_01,x306,B306-05,7/15/2005,Estimated the sampling month and day to mid summer of the known sample collection year.,OW,9,L9,A,1,xLO051,MeCyHex_dTol_mgG,,6.116,xLCA02,"Baedecker, M.J., Eaganhouse, R.P., Bekins, B.A., and Delin, G.N., 2011, Loss of volatile hydrocarbons from LNAPL oil source: Journal of Contaminant Hydrology, v. 126, pp. 140-152.",
ds_01,x306,B306-08,7/15/2008,Estimated the sampling month and day to mid summer of the known sample collection year.,OW,9,L9,A,1,xLO051,MeCyHex_dTol_mgG,,6.657,xLCA02,"Baedecker, M.J., Eaganhouse, R.P., Bekins, B.A., and Delin, G.N., 2011, Loss of volatile hydrocarbons from LNAPL oil source: Journal of Contaminant Hydrology, v. 126, pp. 140-152.",
ds_01,x423,B423-89,7/15/1989,Estimated the sampling month and day to mid summer of the known sample collection year.,OW,9,L7,A,1,xLO051,MeCyHex_dTol_mgG,,7.91,xLCA02,"Baedecker, M.J., Eaganhouse, R.P., Bekins, B.A., and Delin, G.N., 2011, Loss of volatile hydrocarbons from LNAPL oil source: Journal of Contaminant Hydrology, v. 126, pp. 140-152.",
ds_01,x423,B423-89,7/15/1989,Estimated the sampling month and day to mid summer of the known sample collection year.,OW,9,L7,A,2,xLO051,MeCyHex_dTol_mgG,,6.551,xLCA02,"Baedecker, M.J., Eaganhouse, R.P., Bekins, B.A., and Delin, G.N., 2011, Loss of volatile hydrocarbons from LNAPL oil source: Journal of Contaminant Hydrology, v. 126, pp. 140-152.",
ds_01,x423,B423-04,7/15/2004,Estimated the sampling month and day to mid summer of the known sample collection year.,OW,9,L9,A,1,xLO051,MeCyHex_dTol_mgG,,5.997,xLCA02,"Baedecker, M.J., Eaganhouse, R.P., Bekins, B.A., and Delin, G.N., 2011, Loss of volatile hydrocarbons from LNAPL oil source: Journal of Contaminant Hydrology, v. 126, pp. 140-152.",
ds_01,x423,B423-08,7/15/2008,Estimated the sampling month and day to mid summer of the known sample collection year.,OW,9,L9,A,1,xLO051,MeCyHex_dTol_mgG,,6.772,xLCA02,"Baedecker, M.J., Eaganhouse, R.P., Bekins, B.A., and Delin, G.N., 2011, Loss of volatile hydrocarbons from LNAPL oil source: Journal of Contaminant Hydrology, v. 126, pp. 140-152.",
ds_01,x319,B319-89,7/15/1989,Estimated the sampling month and day to mid summer of the known sample collection year.,OW,9,L9,A,1,xLO051,MeCyHex_dTol_mgG,,6.282,xLCA02,"Baedecker, M.J., Eaganhouse, R.P., Bekins, B.A., and Delin, G.N., 2011, Loss of volatile hydrocarbons from LNAPL oil source: Journal of Contaminant Hydrology, v. 126, pp. 140-152.",
ds_01,x319,B319-04,7/15/2004,Estimated the sampling month and day to mid summer of the known sample collection year.,OW,9,L9,A,1,xLO051,MeCyHex_dTol_mgG,,6.939,xLCA02,"Baedecker, M.J., Eaganhouse, R.P., Bekins, B.A., and Delin, G.N., 2011, Loss of volatile hydrocarbons from LNAPL oil source: Journal of Contaminant Hydrology, v. 126, pp. 140-152.",
ds_01,x319,B319-08,7/15/2008,Estimated the sampling month and day to mid summer of the known sample collection year.,OW,9,L9,A,1,xLO051,MeCyHex_dTol_mgG,,7.262,xLCA02,"Baedecker, M.J., Eaganhouse, R.P., Bekins, B.A., and Delin, G.N., 2011, Loss of volatile hydrocarbons from LNAPL oil source: Journal of Contaminant Hydrology, v. 126, pp. 140-152.",
ds_01,x534B,B534B-87,7/15/1987,Estimated the sampling month and day to mid summer of the known sample collection year.,OW,9,L9,A,1,xLO007,1245TMeBz_dNaph_mgG,,0.185,xLCA02,"Baedecker, M.J., Eaganhouse, R.P., Bekins, B.A., and Delin, G.N., 2011, Loss of volatile hydrocarbons from LNAPL oil source: Journal of Contaminant Hydrology, v. 126, pp. 140-152.",
ds_01,x534A,B534A-08,7/15/2008,Estimated the sampling month and day to mid summer of the known sample collection year.,OW,9,L9,A,1,xLO007,1245TMeBz_dNaph_mgG,,0.189,xLCA02,"Baedecker, M.J., Eaganhouse, R.P., Bekins, B.A., and Delin, G.N., 2011, Loss of volatile hydrocarbons from LNAPL oil source: Journal of Contaminant Hydrology, v. 126, pp. 140-152.",
ds_01,x604A,B604-87,7/15/1987,Estimated the sampling month and day to mid summer of the known sample collection year.,OW,9,L9,A,1,xLO051,MeCyHex_dTol_mgG,,6.386,xLCA02,"Baedecker, M.J., Eaganhouse, R.P., Bekins, B.A., and Delin, G.N., 2011, Loss of volatile hydrocarbons from LNAPL oil source: Journal of Contaminant Hydrology, v. 126, pp. 140-152.",
ds_01,x534B,B534B-87,7/15/1987,Estimated the sampling month and day to mid summer of the known sample collection year.,OW,9,L9,A,1,xLO003,1235TMeBz_d-Naph_mgG,,0.609,xLCA02,"Baedecker, M.J., Eaganhouse, R.P., Bekins, B.A., and Delin, G.N., 2011, Loss of volatile hydrocarbons from LNAPL oil source: Journal of Contaminant Hydrology, v. 126, pp. 140-152.",
ds_01,x534A,B534A-08,7/15/2008,Estimated the sampling month and day to mid summer of the known sample collection year.,OW,9,L9,A,1,xLO003,1235TMeBz_d-Naph_mgG,,0.637,xLCA02,"Baedecker, M.J., Eaganhouse, R.P., Bekins, B.A., and Delin, G.N., 2011, Loss of volatile hydrocarbons from LNAPL oil source: Journal of Contaminant Hydrology, v. 126, pp. 140-152.",
ds_01,x534B,B534B-87,7/15/1987,Estimated the sampling month and day to mid summer of the known sample collection year.,OW,9,L9,A,1,xLO001,1234TMeBz_dNaph_mgG,,1.149,xLCA02,"Baedecker, M.J., Eaganhouse, R.P., Bekins, B.A., and Delin, G.N., 2011, Loss of volatile hydrocarbons from LNAPL oil source: Journal of Contaminant Hydrology, v. 126, pp. 140-152.",
ds_01,x534A,B534A-08,7/15/2008,Estimated the sampling month and day to mid summer of the known sample collection year.,OW,9,L9,A,1,xLO001,1234TMeBz_dNaph_mgG,,1.287,xLCA02,"Baedecker, M.J., Eaganhouse, R.P., Bekins, B.A., and Delin, G.N., 2011, Loss of volatile hydrocarbons from LNAPL oil source: Journal of Contaminant Hydrology, v. 126, pp. 140-152.",
ds_01,x534B,B534B-87,7/15/1987,Estimated the sampling month and day to mid summer of the known sample collection year.,OW,9,L9,A,1,xLO054,Naph_mgG,,0.435,xLCA01,"Baedecker, M.J., Eaganhouse, R.P., Bekins, B.A., and Delin, G.N., 2011, Loss of volatile hydrocarbons from LNAPL oil source: Journal of Contaminant Hydrology, v. 126, pp. 140-152.",
ds_01,x421B,B421-87A,7/15/1987,Estimated the sampling month and day to mid summer of the known sample collection year.,OW,9,L7,A,1,xLO043,EtCyHex_dEtBz_mgG,,1.959,xLCA02,"Baedecker, M.J., Eaganhouse, R.P., Bekins, B.A., and Delin, G.N., 2011, Loss of volatile hydrocarbons from LNAPL oil source: Journal of Contaminant Hydrology, v. 126, pp. 140-152.",
ds_01,x421B,B421-87A,7/15/1987,Estimated the sampling month and day to mid summer of the known sample collection year.,OW,9,L7,A,2,xLO043,EtCyHex_dEtBz_mgG,,1.986,xLCA02,"Baedecker, M.J., Eaganhouse, R.P., Bekins, B.A., and Delin, G.N., 2011, Loss of volatile hydrocarbons from LNAPL oil source: Journal of Contaminant Hydrology, v. 126, pp. 140-152.",
ds_01,x421B,B421-87B,7/15/1987,Estimated the sampling month and day to mid summer of the known sample collection year.,OW,9,L7,B,1,xLO043,EtCyHex_dEtBz_mgG,,2.034,xLCA02,"Baedecker, M.J., Eaganhouse, R.P., Bekins, B.A., and Delin, G.N., 2011, Loss of volatile hydrocarbons from LNAPL oil source: Journal of Contaminant Hydrology, v. 126, pp. 140-152.",
ds_01,x421B,B421-87B,7/15/1987,Estimated the sampling month and day to mid summer of the known sample collection year.,OW,9,L7,B,2,xLO043,EtCyHex_dEtBz_mgG,,2.076,xLCA02,"Baedecker, M.J., Eaganhouse, R.P., Bekins, B.A., and Delin, G.N., 2011, Loss of volatile hydrocarbons from LNAPL oil source: Journal of Contaminant Hydrology, v. 126, pp. 140-152.",
ds_01,x421B,B421-87C,7/15/1987,Estimated the sampling month and day to mid summer of the known sample collection year.,OW,9,L7,C,1,xLO043,EtCyHex_dEtBz_mgG,,1.951,xLCA02,"Baedecker, M.J., Eaganhouse, R.P., Bekins, B.A., and Delin, G.N., 2011, Loss of volatile hydrocarbons from LNAPL oil source: Journal of Contaminant Hydrology, v. 126, pp. 140-152.",
ds_01,x421B,B421-87C,7/15/1987,Estimated the sampling month and day to mid summer of the known sample collection year.,OW,9,L7,C,2,xLO043,EtCyHex_dEtBz_mgG,,2.001,xLCA02,"Baedecker, M.J., Eaganhouse, R.P., Bekins, B.A., and Delin, G.N., 2011, Loss of volatile hydrocarbons from LNAPL oil source: Journal of Contaminant Hydrology, v. 126, pp. 140-152.",
ds_01,x421B,B421-89,7/15/1989,Estimated the sampling month and day to mid summer of the known sample collection year.,OW,9,L9,A,1,xLO043,EtCyHex_dEtBz_mgG,,1.969,xLCA02,"Baedecker, M.J., Eaganhouse, R.P., Bekins, B.A., and Delin, G.N., 2011, Loss of volatile hydrocarbons from LNAPL oil source: Journal of Contaminant Hydrology, v. 126, pp. 140-152.",
ds_01,x421B,B421-05A,7/15/2005,Estimated the sampling month and day to mid summer of the known sample collection year.,OW,9,L7,A,1,xLO043,EtCyHex_dEtBz_mgG,,2.258,xLCA02,"Baedecker, M.J., Eaganhouse, R.P., Bekins, B.A., and Delin, G.N., 2011, Loss of volatile hydrocarbons from LNAPL oil source: Journal of Contaminant Hydrology, v. 126, pp. 140-152.",
ds_01,x421B,B421-05B,7/15/2005,Estimated the sampling month and day to mid summer of the known sample collection year.,OW,9,L7,B,1,xLO043,EtCyHex_dEtBz_mgG,,2.225,xLCA02,"Baedecker, M.J., Eaganhouse, R.P., Bekins, B.A., and Delin, G.N., 2011, Loss of volatile hydrocarbons from LNAPL oil source: Journal of Contaminant Hydrology, v. 126, pp. 140-152.",
ds_01,x421B,B421-05C,7/15/2005,Estimated the sampling month and day to mid summer of the known sample collection year.,OW,9,L7,C,1,xLO043,EtCyHex_dEtBz_mgG,,2.271,xLCA02,"Baedecker, M.J., Eaganhouse, R.P., Bekins, B.A., and Delin, G.N., 2011, Loss of volatile hydrocarbons from LNAPL oil source: Journal of Contaminant Hydrology, v. 126, pp. 140-152.",
ds_01,x421B,B421-08A,7/15/2008,Estimated the sampling month and day to mid summer of the known sample collection year.,OW,9,L7,A,1,xLO043,EtCyHex_dEtBz_mgG,,2.325,xLCA02,"Baedecker, M.J., Eaganhouse, R.P., Bekins, B.A., and Delin, G.N., 2011, Loss of volatile hydrocarbons from LNAPL oil source: Journal of Contaminant Hydrology, v. 126, pp. 140-152.",
ds_01,x421B,B421-08B,7/15/2008,Estimated the sampling month and day to mid summer of the known sample collection year.,OW,9,L7,B,1,xLO043,EtCyHex_dEtBz_mgG,,2.291,xLCA02,"Baedecker, M.J., Eaganhouse, R.P., Bekins, B.A., and Delin, G.N., 2011, Loss of volatile hydrocarbons from LNAPL oil source: Journal of Contaminant Hydrology, v. 126, pp. 140-152.",
ds_01,x421B,B421-08C,7/15/2008,Estimated the sampling month and day to mid summer of the known sample collection year.,OW,9,L7,C,1,xLO043,EtCyHex_dEtBz_mgG,,2.424,xLCA02,"Baedecker, M.J., Eaganhouse, R.P., Bekins, B.A., and Delin, G.N., 2011, Loss of volatile hydrocarbons from LNAPL oil source: Journal of Contaminant Hydrology, v. 126, pp. 140-152.",
ds_01,x306,B306-89,7/15/2009,Estimated the sampling month and day to mid summer of the known sample collection year.,OW,9,L9,A,1,xLO043,EtCyHex_dEtBz_mgG,,2.73,xLCA02,"Baedecker, M.J., Eaganhouse, R.P., Bekins, B.A., and Delin, G.N., 2011, Loss of volatile hydrocarbons from LNAPL oil source: Journal of Contaminant Hydrology, v. 126, pp. 140-152.",
ds_01,x306,B306-05,7/15/2005,Estimated the sampling month and day to mid summer of the known sample collection year.,OW,9,L9,A,1,xLO043,EtCyHex_dEtBz_mgG,,2.25,xLCA02,"Baedecker, M.J., Eaganhouse, R.P., Bekins, B.A., and Delin, G.N., 2011, Loss of volatile hydrocarbons from LNAPL oil source: Journal of Contaminant Hydrology, v. 126, pp. 140-152.",
ds_01,x306,B306-08,7/15/2008,Estimated the sampling month and day to mid summer of the known sample collection year.,OW,9,L9,A,1,xLO043,EtCyHex_dEtBz_mgG,,2.54,xLCA02,"Baedecker, M.J., Eaganhouse, R.P., Bekins, B.A., and Delin, G.N., 2011, Loss of volatile hydrocarbons from LNAPL oil source: Journal of Contaminant Hydrology, v. 126, pp. 140-152.",
ds_01,x423,B423-89,7/15/1989,Estimated the sampling month and day to mid summer of the known sample collection year.,OW,9,L7,A,1,xLO043,EtCyHex_dEtBz_mgG,,2.384,xLCA02,"Baedecker, M.J., Eaganhouse, R.P., Bekins, B.A., and Delin, G.N., 2011, Loss of volatile hydrocarbons from LNAPL oil source: Journal of Contaminant Hydrology, v. 126, pp. 140-152.",
ds_01,x423,B423-89,7/15/1989,Estimated the sampling month and day to mid summer of the known sample collection year.,OW,9,L7,A,2,xLO043,EtCyHex_dEtBz_mgG,,2.08,xLCA02,"Baedecker, M.J., Eaganhouse, R.P., Bekins, B.A., and Delin, G.N., 2011, Loss of volatile hydrocarbons from LNAPL oil source: Journal of Contaminant Hydrology, v. 126, pp. 140-152.",
ds_01,x423,B423-04,7/15/2004,Estimated the sampling month and day to mid summer of the known sample collection year.,OW,9,L9,A,1,xLO043,EtCyHex_dEtBz_mgG,,1.946,xLCA02,"Baedecker, M.J., Eaganhouse, R.P., Bekins, B.A., and Delin, G.N., 2011, Loss of volatile hydrocarbons from LNAPL oil source: Journal of Contaminant Hydrology, v. 126, pp. 140-152.",
ds_01,x423,B423-08,7/15/2008,Estimated the sampling month and day to mid summer of the known sample collection year.,OW,9,L9,A,1,xLO043,EtCyHex_dEtBz_mgG,,2.262,xLCA02,"Baedecker, M.J., Eaganhouse, R.P., Bekins, B.A., and Delin, G.N., 2011, Loss of volatile hydrocarbons from LNAPL oil source: Journal of Contaminant Hydrology, v. 126, pp. 140-152.",
ds_01,x319,B319-89,7/15/1989,Estimated the sampling month and day to mid summer of the known sample collection year.,OW,9,L9,A,1,xLO043,EtCyHex_dEtBz_mgG,,2.024,xLCA02,"Baedecker, M.J., Eaganhouse, R.P., Bekins, B.A., and Delin, G.N., 2011, Loss of volatile hydrocarbons from LNAPL oil source: Journal of Contaminant Hydrology, v. 126, pp. 140-152.",
ds_01,x319,B319-04,7/15/2004,Estimated the sampling month and day to mid summer of the known sample collection year.,OW,9,L9,A,1,xLO043,EtCyHex_dEtBz_mgG,,2.292,xLCA02,"Baedecker, M.J., Eaganhouse, R.P., Bekins, B.A., and Delin, G.N., 2011, Loss of volatile hydrocarbons from LNAPL oil source: Journal of Contaminant Hydrology, v. 126, pp. 140-152.",
ds_01,x319,B319-08,7/15/2008,Estimated the sampling month and day to mid summer of the known sample collection year.,OW,9,L9,A,1,xLO043,EtCyHex_dEtBz_mgG,,2.41,xLCA02,"Baedecker, M.J., Eaganhouse, R.P., Bekins, B.A., and Delin, G.N., 2011, Loss of volatile hydrocarbons from LNAPL oil source: Journal of Contaminant Hydrology, v. 126, pp. 140-152.",
ds_01,x534A,B534A-08,7/15/2008,Estimated the sampling month and day to mid summer of the known sample collection year.,OW,9,L9,A,1,xLO054,Naph_mgG,,0.511,xLCA01,"Baedecker, M.J., Eaganhouse, R.P., Bekins, B.A., and Delin, G.N., 2011, Loss of volatile hydrocarbons from LNAPL oil source: Journal of Contaminant Hydrology, v. 126, pp. 140-152.",
ds_01,x534B,B534B-87,7/15/1987,Estimated the sampling month and day to mid summer of the known sample collection year.,OW,9,L9,A,1,xLO032,2Me_dNaph_mgG,,0.444,xLCA02,"Baedecker, M.J., Eaganhouse, R.P., Bekins, B.A., and Delin, G.N., 2011, Loss of volatile hydrocarbons from LNAPL oil source: Journal of Contaminant Hydrology, v. 126, pp. 140-152.",
ds_01,x604A,B604-87,7/15/1987,Estimated the sampling month and day to mid summer of the known sample collection year.,OW,9,L9,A,1,xLO043,EtCyHex_dEtBz_mgG,,2.075,xLCA02,"Baedecker, M.J., Eaganhouse, R.P., Bekins, B.A., and Delin, G.N., 2011, Loss of volatile hydrocarbons from LNAPL oil source: Journal of Contaminant Hydrology, v. 126, pp. 140-152.",
ds_01,x534A,B534A-08,7/15/2008,Estimated the sampling month and day to mid summer of the known sample collection year.,OW,9,L9,A,1,xLO032,2Me_dNaph_mgG,,0.667,xLCA02,"Baedecker, M.J., Eaganhouse, R.P., Bekins, B.A., and Delin, G.N., 2011, Loss of volatile hydrocarbons from LNAPL oil source: Journal of Contaminant Hydrology, v. 126, pp. 140-152.",
ds_01,x534B,B534B-87,7/15/1987,Estimated the sampling month and day to mid summer of the known sample collection year.,OW,9,L9,A,1,xLO022,1Me_dNaph_mgG,,0.316,xLCA02,"Baedecker, M.J., Eaganhouse, R.P., Bekins, B.A., and Delin, G.N., 2011, Loss of volatile hydrocarbons from LNAPL oil source: Journal of Contaminant Hydrology, v. 126, pp. 140-152.",
ds_01,x534A,B534A-08,7/15/2008,Estimated the sampling month and day to mid summer of the known sample collection year.,OW,9,L9,A,1,xLO022,1Me_dNaph_mgG,,0.432,xLCA02,"Baedecker, M.J., Eaganhouse, R.P., Bekins, B.A., and Delin, G.N., 2011, Loss of volatile hydrocarbons from LNAPL oil source: Journal of Contaminant Hydrology, v. 126, pp. 140-152.",
ds_01,x534B,B534B-87,7/15/1987,Estimated the sampling month and day to mid summer of the known sample collection year.,OW,9,L9,A,1,xLO060,nC6_mgG,,12.47,xLCA01,"Baedecker, M.J., Eaganhouse, R.P., Bekins, B.A., and Delin, G.N., 2011, Loss of volatile hydrocarbons from LNAPL oil source: Journal of Contaminant Hydrology, v. 126, pp. 140-152.",
ds_01,x534A,B534A-08,7/15/2008,Estimated the sampling month and day to mid summer of the known sample collection year.,OW,9,L9,A,1,xLO060,nC6_mgG,,7.768,xLCA01,"Baedecker, M.J., Eaganhouse, R.P., Bekins, B.A., and Delin, G.N., 2011, Loss of volatile hydrocarbons from LNAPL oil source: Journal of Contaminant Hydrology, v. 126, pp. 140-152.",
ds_01,x421B,B421-87A,7/15/1987,Estimated the sampling month and day to mid summer of the known sample collection year.,OW,9,L7,A,1,xLO014,135TMeBz_mgG,,0.964,xLCA01,"Baedecker, M.J., Eaganhouse, R.P., Bekins, B.A., and Delin, G.N., 2011, Loss of volatile hydrocarbons from LNAPL oil source: Journal of Contaminant Hydrology, v. 126, pp. 140-152.",
ds_01,x421B,B421-87A,7/15/1987,Estimated the sampling month and day to mid summer of the known sample collection year.,OW,9,L7,A,2,xLO014,135TMeBz_mgG,,0.942,xLCA01,"Baedecker, M.J., Eaganhouse, R.P., Bekins, B.A., and Delin, G.N., 2011, Loss of volatile hydrocarbons from LNAPL oil source: Journal of Contaminant Hydrology, v. 126, pp. 140-152.",
ds_01,x421B,B421-87B,7/15/1987,Estimated the sampling month and day to mid summer of the known sample collection year.,OW,9,L7,B,1,xLO014,135TMeBz_mgG,,0.989,xLCA01,"Baedecker, M.J., Eaganhouse, R.P., Bekins, B.A., and Delin, G.N., 2011, Loss of volatile hydrocarbons from LNAPL oil source: Journal of Contaminant Hydrology, v. 126, pp. 140-152.",
ds_01,x421B,B421-87B,7/15/1987,Estimated the sampling month and day to mid summer of the known sample collection year.,OW,9,L7,B,2,xLO014,135TMeBz_mgG,,0.98,xLCA01,"Baedecker, M.J., Eaganhouse, R.P., Bekins, B.A., and Delin, G.N., 2011, Loss of volatile hydrocarbons from LNAPL oil source: Journal of Contaminant Hydrology, v. 126, pp. 140-152.",
ds_01,x421B,B421-87C,7/15/1987,Estimated the sampling month and day to mid summer of the known sample collection year.,OW,9,L7,C,1,xLO014,135TMeBz_mgG,,0.949,xLCA01,"Baedecker, M.J., Eaganhouse, R.P., Bekins, B.A., and Delin, G.N., 2011, Loss of volatile hydrocarbons from LNAPL oil source: Journal of Contaminant Hydrology, v. 126, pp. 140-152.",
ds_01,x421B,B421-87C,7/15/1987,Estimated the sampling month and day to mid summer of the known sample collection year.,OW,9,L7,C,2,xLO014,135TMeBz_mgG,,0.956,xLCA01,"Baedecker, M.J., Eaganhouse, R.P., Bekins, B.A., and Delin, G.N., 2011, Loss of volatile hydrocarbons from LNAPL oil source: Journal of Contaminant Hydrology, v. 126, pp. 140-152.",
ds_01,x421B,B421-89,7/15/1989,Estimated the sampling month and day to mid summer of the known sample collection year.,OW,9,L9,A,1,xLO014,135TMeBz_mgG,,0.964,xLCA01,"Baedecker, M.J., Eaganhouse, R.P., Bekins, B.A., and Delin, G.N., 2011, Loss of volatile hydrocarbons from LNAPL oil source: Journal of Contaminant Hydrology, v. 126, pp. 140-152.",
ds_01,x421B,B421-05A,7/15/2005,Estimated the sampling month and day to mid summer of the known sample collection year.,OW,9,L7,A,1,xLO014,135TMeBz_mgG,,1.136,xLCA01,"Baedecker, M.J., Eaganhouse, R.P., Bekins, B.A., and Delin, G.N., 2011, Loss of volatile hydrocarbons from LNAPL oil source: Journal of Contaminant Hydrology, v. 126, pp. 140-152.",
ds_01,x421B,B421-05B,7/15/2005,Estimated the sampling month and day to mid summer of the known sample collection year.,OW,9,L7,B,1,xLO014,135TMeBz_mgG,,1.14,xLCA01,"Baedecker, M.J., Eaganhouse, R.P., Bekins, B.A., and Delin, G.N., 2011, Loss of volatile hydrocarbons from LNAPL oil source: Journal of Contaminant Hydrology, v. 126, pp. 140-152.",
ds_01,x421B,B421-05C,7/15/2005,Estimated the sampling month and day to mid summer of the known sample collection year.,OW,9,L7,C,1,xLO014,135TMeBz_mgG,,1.161,xLCA01,"Baedecker, M.J., Eaganhouse, R.P., Bekins, B.A., and Delin, G.N., 2011, Loss of volatile hydrocarbons from LNAPL oil source: Journal of Contaminant Hydrology, v. 126, pp. 140-152.",
ds_01,x421B,B421-08A,7/15/2008,Estimated the sampling month and day to mid summer of the known sample collection year.,OW,9,L7,A,1,xLO014,135TMeBz_mgG,,1.182,xLCA01,"Baedecker, M.J., Eaganhouse, R.P., Bekins, B.A., and Delin, G.N., 2011, Loss of volatile hydrocarbons from LNAPL oil source: Journal of Contaminant Hydrology, v. 126, pp. 140-152.",
ds_01,x421B,B421-08B,7/15/2008,Estimated the sampling month and day to mid summer of the known sample collection year.,OW,9,L7,B,1,xLO014,135TMeBz_mgG,,1.167,xLCA01,"Baedecker, M.J., Eaganhouse, R.P., Bekins, B.A., and Delin, G.N., 2011, Loss of volatile hydrocarbons from LNAPL oil source: Journal of Contaminant Hydrology, v. 126, pp. 140-152.",
ds_01,x421B,B421-08C,7/15/2008,Estimated the sampling month and day to mid summer of the known sample collection year.,OW,9,L7,C,1,xLO014,135TMeBz_mgG,,1.214,xLCA01,"Baedecker, M.J., Eaganhouse, R.P., Bekins, B.A., and Delin, G.N., 2011, Loss of volatile hydrocarbons from LNAPL oil source: Journal of Contaminant Hydrology, v. 126, pp. 140-152.",
ds_01,x306,B306-89,7/15/2009,Estimated the sampling month and day to mid summer of the known sample collection year.,OW,9,L9,A,1,xLO014,135TMeBz_mgG,,1.302,xLCA01,"Baedecker, M.J., Eaganhouse, R.P., Bekins, B.A., and Delin, G.N., 2011, Loss of volatile hydrocarbons from LNAPL oil source: Journal of Contaminant Hydrology, v. 126, pp. 140-152.",
ds_01,x306,B306-05,7/15/2005,Estimated the sampling month and day to mid summer of the known sample collection year.,OW,9,L9,A,1,xLO014,135TMeBz_mgG,,1.107,xLCA01,"Baedecker, M.J., Eaganhouse, R.P., Bekins, B.A., and Delin, G.N., 2011, Loss of volatile hydrocarbons from LNAPL oil source: Journal of Contaminant Hydrology, v. 126, pp. 140-152.",
ds_01,x306,B306-08,7/15/2008,Estimated the sampling month and day to mid summer of the known sample collection year.,OW,9,L9,A,1,xLO014,135TMeBz_mgG,,1.055,xLCA01,"Baedecker, M.J., Eaganhouse, R.P., Bekins, B.A., and Delin, G.N., 2011, Loss of volatile hydrocarbons from LNAPL oil source: Journal of Contaminant Hydrology, v. 126, pp. 140-152.",
ds_01,x423,B423-89,7/15/1989,Estimated the sampling month and day to mid summer of the known sample collection year.,OW,9,L7,A,1,xLO014,135TMeBz_mgG,,0.948,xLCA01,"Baedecker, M.J., Eaganhouse, R.P., Bekins, B.A., and Delin, G.N., 2011, Loss of volatile hydrocarbons from LNAPL oil source: Journal of Contaminant Hydrology, v. 126, pp. 140-152.",
ds_01,x423,B423-89,7/15/1989,Estimated the sampling month and day to mid summer of the known sample collection year.,OW,9,L7,A,2,xLO014,135TMeBz_mgG,,0.957,xLCA01,"Baedecker, M.J., Eaganhouse, R.P., Bekins, B.A., and Delin, G.N., 2011, Loss of volatile hydrocarbons from LNAPL oil source: Journal of Contaminant Hydrology, v. 126, pp. 140-152.",
ds_01,x423,B423-04,7/15/2004,Estimated the sampling month and day to mid summer of the known sample collection year.,OW,9,L9,A,1,xLO014,135TMeBz_mgG,,0.969,xLCA01,"Baedecker, M.J., Eaganhouse, R.P., Bekins, B.A., and Delin, G.N., 2011, Loss of volatile hydrocarbons from LNAPL oil source: Journal of Contaminant Hydrology, v. 126, pp. 140-152.",
ds_01,x423,B423-08,7/15/2008,Estimated the sampling month and day to mid summer of the known sample collection year.,OW,9,L9,A,1,xLO014,135TMeBz_mgG,,1.015,xLCA01,"Baedecker, M.J., Eaganhouse, R.P., Bekins, B.A., and Delin, G.N., 2011, Loss of volatile hydrocarbons from LNAPL oil source: Journal of Contaminant Hydrology, v. 126, pp. 140-152.",
ds_01,x319,B319-89,7/15/1989,Estimated the sampling month and day to mid summer of the known sample collection year.,OW,9,L9,A,1,xLO014,135TMeBz_mgG,,0.99,xLCA01,"Baedecker, M.J., Eaganhouse, R.P., Bekins, B.A., and Delin, G.N., 2011, Loss of volatile hydrocarbons from LNAPL oil source: Journal of Contaminant Hydrology, v. 126, pp. 140-152.",
ds_01,x319,B319-04,7/15/2004,Estimated the sampling month and day to mid summer of the known sample collection year.,OW,9,L9,A,1,xLO014,135TMeBz_mgG,,1.101,xLCA01,"Baedecker, M.J., Eaganhouse, R.P., Bekins, B.A., and Delin, G.N., 2011, Loss of volatile hydrocarbons from LNAPL oil source: Journal of Contaminant Hydrology, v. 126, pp. 140-152.",
ds_01,x319,B319-08,7/15/2008,Estimated the sampling month and day to mid summer of the known sample collection year.,OW,9,L9,A,1,xLO014,135TMeBz_mgG,,1.105,xLCA01,"Baedecker, M.J., Eaganhouse, R.P., Bekins, B.A., and Delin, G.N., 2011, Loss of volatile hydrocarbons from LNAPL oil source: Journal of Contaminant Hydrology, v. 126, pp. 140-152.",
ds_01,x534B,B534B-87,7/15/1987,Estimated the sampling month and day to mid summer of the known sample collection year.,OW,9,L9,A,1,xLO061,nC7_mgG,,20.148,xLCA01,"Baedecker, M.J., Eaganhouse, R.P., Bekins, B.A., and Delin, G.N., 2011, Loss of volatile hydrocarbons from LNAPL oil source: Journal of Contaminant Hydrology, v. 126, pp. 140-152.",
ds_01,x534A,B534A-08,7/15/2008,Estimated the sampling month and day to mid summer of the known sample collection year.,OW,9,L9,A,1,xLO061,nC7_mgG,,13.016,xLCA01,"Baedecker, M.J., Eaganhouse, R.P., Bekins, B.A., and Delin, G.N., 2011, Loss of volatile hydrocarbons from LNAPL oil source: Journal of Contaminant Hydrology, v. 126, pp. 140-152.",
ds_01,x604A,B604-87,7/15/1987,Estimated the sampling month and day to mid summer of the known sample collection year.,OW,9,L9,A,1,xLO014,135TMeBz_mgG,,0.994,xLCA01,"Baedecker, M.J., Eaganhouse, R.P., Bekins, B.A., and Delin, G.N., 2011, Loss of volatile hydrocarbons from LNAPL oil source: Journal of Contaminant Hydrology, v. 126, pp. 140-152.",
ds_01,x534B,B534B-87,7/15/1987,Estimated the sampling month and day to mid summer of the known sample collection year.,OW,9,L9,A,1,xLO062,nC8_mgG,,9.985,xLCA01,"Baedecker, M.J., Eaganhouse, R.P., Bekins, B.A., and Delin, G.N., 2011, Loss of volatile hydrocarbons from LNAPL oil source: Journal of Contaminant Hydrology, v. 126, pp. 140-152.",
ds_01,x534A,B534A-08,7/15/2008,Estimated the sampling month and day to mid summer of the known sample collection year.,OW,9,L9,A,1,xLO062,nC8_mgG,,5.804,xLCA01,"Baedecker, M.J., Eaganhouse, R.P., Bekins, B.A., and Delin, G.N., 2011, Loss of volatile hydrocarbons from LNAPL oil source: Journal of Contaminant Hydrology, v. 126, pp. 140-152.",
ds_01,x534B,B534B-87,7/15/1987,Estimated the sampling month and day to mid summer of the known sample collection year.,OW,9,L9,A,1,xLO063,nC9_mgG,,9.944,xLCA01,"Baedecker, M.J., Eaganhouse, R.P., Bekins, B.A., and Delin, G.N., 2011, Loss of volatile hydrocarbons from LNAPL oil source: Journal of Contaminant Hydrology, v. 126, pp. 140-152.",
ds_01,x534A,B534A-08,7/15/2008,Estimated the sampling month and day to mid summer of the known sample collection year.,OW,9,L9,A,1,xLO063,nC9_mgG,,6.002,xLCA01,"Baedecker, M.J., Eaganhouse, R.P., Bekins, B.A., and Delin, G.N., 2011, Loss of volatile hydrocarbons from LNAPL oil source: Journal of Contaminant Hydrology, v. 126, pp. 140-152.",
ds_01,x534B,B534B-87,7/15/1987,Estimated the sampling month and day to mid summer of the known sample collection year.,OW,9,L9,A,1,xLO057,nC10_mgG,,7.739,xLCA01,"Baedecker, M.J., Eaganhouse, R.P., Bekins, B.A., and Delin, G.N., 2011, Loss of volatile hydrocarbons from LNAPL oil source: Journal of Contaminant Hydrology, v. 126, pp. 140-152.",
ds_01,x421B,B421-87A,7/15/1987,Estimated the sampling month and day to mid summer of the known sample collection year.,OW,9,L7,A,1,xLO009,124TMeBz_mgG,,3.815,xLCA01,"Baedecker, M.J., Eaganhouse, R.P., Bekins, B.A., and Delin, G.N., 2011, Loss of volatile hydrocarbons from LNAPL oil source: Journal of Contaminant Hydrology, v. 126, pp. 140-152.",
ds_01,x421B,B421-87A,7/15/1987,Estimated the sampling month and day to mid summer of the known sample collection year.,OW,9,L7,A,2,xLO009,124TMeBz_mgG,,3.491,xLCA01,"Baedecker, M.J., Eaganhouse, R.P., Bekins, B.A., and Delin, G.N., 2011, Loss of volatile hydrocarbons from LNAPL oil source: Journal of Contaminant Hydrology, v. 126, pp. 140-152.",
ds_01,x421B,B421-87B,7/15/1987,Estimated the sampling month and day to mid summer of the known sample collection year.,OW,9,L7,B,1,xLO009,124TMeBz_mgG,,3.826,xLCA01,"Baedecker, M.J., Eaganhouse, R.P., Bekins, B.A., and Delin, G.N., 2011, Loss of volatile hydrocarbons from LNAPL oil source: Journal of Contaminant Hydrology, v. 126, pp. 140-152.",
ds_01,x421B,B421-87B,7/15/1987,Estimated the sampling month and day to mid summer of the known sample collection year.,OW,9,L7,B,2,xLO009,124TMeBz_mgG,,3.822,xLCA01,"Baedecker, M.J., Eaganhouse, R.P., Bekins, B.A., and Delin, G.N., 2011, Loss of volatile hydrocarbons from LNAPL oil source: Journal of Contaminant Hydrology, v. 126, pp. 140-152.",
ds_01,x421B,B421-87C,7/15/1987,Estimated the sampling month and day to mid summer of the known sample collection year.,OW,9,L7,C,1,xLO009,124TMeBz_mgG,,3.557,xLCA01,"Baedecker, M.J., Eaganhouse, R.P., Bekins, B.A., and Delin, G.N., 2011, Loss of volatile hydrocarbons from LNAPL oil source: Journal of Contaminant Hydrology, v. 126, pp. 140-152.",
ds_01,x421B,B421-87C,7/15/1987,Estimated the sampling month and day to mid summer of the known sample collection year.,OW,9,L7,C,2,xLO009,124TMeBz_mgG,,3.692,xLCA01,"Baedecker, M.J., Eaganhouse, R.P., Bekins, B.A., and Delin, G.N., 2011, Loss of volatile hydrocarbons from LNAPL oil source: Journal of Contaminant Hydrology, v. 126, pp. 140-152.",
ds_01,x421B,B421-89,7/15/1989,Estimated the sampling month and day to mid summer of the known sample collection year.,OW,9,L9,A,1,xLO009,124TMeBz_mgG,,3.815,xLCA01,"Baedecker, M.J., Eaganhouse, R.P., Bekins, B.A., and Delin, G.N., 2011, Loss of volatile hydrocarbons from LNAPL oil source: Journal of Contaminant Hydrology, v. 126, pp. 140-152.",
ds_01,x421B,B421-05A,7/15/2005,Estimated the sampling month and day to mid summer of the known sample collection year.,OW,9,L7,A,1,xLO009,124TMeBz_mgG,,4.36,xLCA01,"Baedecker, M.J., Eaganhouse, R.P., Bekins, B.A., and Delin, G.N., 2011, Loss of volatile hydrocarbons from LNAPL oil source: Journal of Contaminant Hydrology, v. 126, pp. 140-152.",
ds_01,x421B,B421-05B,7/15/2005,Estimated the sampling month and day to mid summer of the known sample collection year.,OW,9,L7,B,1,xLO009,124TMeBz_mgG,,4.337,xLCA01,"Baedecker, M.J., Eaganhouse, R.P., Bekins, B.A., and Delin, G.N., 2011, Loss of volatile hydrocarbons from LNAPL oil source: Journal of Contaminant Hydrology, v. 126, pp. 140-152.",
ds_01,x421B,B421-05C,7/15/2005,Estimated the sampling month and day to mid summer of the known sample collection year.,OW,9,L7,C,1,xLO009,124TMeBz_mgG,,4.463,xLCA01,"Baedecker, M.J., Eaganhouse, R.P., Bekins, B.A., and Delin, G.N., 2011, Loss of volatile hydrocarbons from LNAPL oil source: Journal of Contaminant Hydrology, v. 126, pp. 140-152.",
ds_01,x421B,B421-08A,7/15/2008,Estimated the sampling month and day to mid summer of the known sample collection year.,OW,9,L7,A,1,xLO009,124TMeBz_mgG,,4.467,xLCA01,"Baedecker, M.J., Eaganhouse, R.P., Bekins, B.A., and Delin, G.N., 2011, Loss of volatile hydrocarbons from LNAPL oil source: Journal of Contaminant Hydrology, v. 126, pp. 140-152.",
ds_01,x421B,B421-08B,7/15/2008,Estimated the sampling month and day to mid summer of the known sample collection year.,OW,9,L7,B,1,xLO009,124TMeBz_mgG,,4.167,xLCA01,"Baedecker, M.J., Eaganhouse, R.P., Bekins, B.A., and Delin, G.N., 2011, Loss of volatile hydrocarbons from LNAPL oil source: Journal of Contaminant Hydrology, v. 126, pp. 140-152.",
ds_01,x421B,B421-08C,7/15/2008,Estimated the sampling month and day to mid summer of the known sample collection year.,OW,9,L7,C,1,xLO009,124TMeBz_mgG,,4.534,xLCA01,"Baedecker, M.J., Eaganhouse, R.P., Bekins, B.A., and Delin, G.N., 2011, Loss of volatile hydrocarbons from LNAPL oil source: Journal of Contaminant Hydrology, v. 126, pp. 140-152.",
ds_01,x306,B306-89,7/15/2009,Estimated the sampling month and day to mid summer of the known sample collection year.,OW,9,L9,A,1,xLO009,124TMeBz_mgG,,4.913,xLCA01,"Baedecker, M.J., Eaganhouse, R.P., Bekins, B.A., and Delin, G.N., 2011, Loss of volatile hydrocarbons from LNAPL oil source: Journal of Contaminant Hydrology, v. 126, pp. 140-152.",
ds_01,x306,B306-05,7/15/2005,Estimated the sampling month and day to mid summer of the known sample collection year.,OW,9,L9,A,1,xLO009,124TMeBz_mgG,,3.873,xLCA01,"Baedecker, M.J., Eaganhouse, R.P., Bekins, B.A., and Delin, G.N., 2011, Loss of volatile hydrocarbons from LNAPL oil source: Journal of Contaminant Hydrology, v. 126, pp. 140-152.",
ds_01,x306,B306-08,7/15/2008,Estimated the sampling month and day to mid summer of the known sample collection year.,OW,9,L9,A,1,xLO009,124TMeBz_mgG,,3.391,xLCA01,"Baedecker, M.J., Eaganhouse, R.P., Bekins, B.A., and Delin, G.N., 2011, Loss of volatile hydrocarbons from LNAPL oil source: Journal of Contaminant Hydrology, v. 126, pp. 140-152.",
ds_01,x423,B423-89,7/15/1989,Estimated the sampling month and day to mid summer of the known sample collection year.,OW,9,L7,A,1,xLO009,124TMeBz_mgG,,3.552,xLCA01,"Baedecker, M.J., Eaganhouse, R.P., Bekins, B.A., and Delin, G.N., 2011, Loss of volatile hydrocarbons from LNAPL oil source: Journal of Contaminant Hydrology, v. 126, pp. 140-152.",
ds_01,x423,B423-89,7/15/1989,Estimated the sampling month and day to mid summer of the known sample collection year.,OW,9,L7,A,2,xLO009,124TMeBz_mgG,,3.401,xLCA01,"Baedecker, M.J., Eaganhouse, R.P., Bekins, B.A., and Delin, G.N., 2011, Loss of volatile hydrocarbons from LNAPL oil source: Journal of Contaminant Hydrology, v. 126, pp. 140-152.",
ds_01,x423,B423-04,7/15/2004,Estimated the sampling month and day to mid summer of the known sample collection year.,OW,9,L9,A,1,xLO009,124TMeBz_mgG,,3.505,xLCA01,"Baedecker, M.J., Eaganhouse, R.P., Bekins, B.A., and Delin, G.N., 2011, Loss of volatile hydrocarbons from LNAPL oil source: Journal of Contaminant Hydrology, v. 126, pp. 140-152.",
ds_01,x423,B423-08,7/15/2008,Estimated the sampling month and day to mid summer of the known sample collection year.,OW,9,L9,A,1,xLO009,124TMeBz_mgG,,3.683,xLCA01,"Baedecker, M.J., Eaganhouse, R.P., Bekins, B.A., and Delin, G.N., 2011, Loss of volatile hydrocarbons from LNAPL oil source: Journal of Contaminant Hydrology, v. 126, pp. 140-152.",
ds_01,x319,B319-89,7/15/1989,Estimated the sampling month and day to mid summer of the known sample collection year.,OW,9,L9,A,1,xLO009,124TMeBz_mgG,,3.871,xLCA01,"Baedecker, M.J., Eaganhouse, R.P., Bekins, B.A., and Delin, G.N., 2011, Loss of volatile hydrocarbons from LNAPL oil source: Journal of Contaminant Hydrology, v. 126, pp. 140-152.",
ds_01,x319,B319-04,7/15/2004,Estimated the sampling month and day to mid summer of the known sample collection year.,OW,9,L9,A,1,xLO009,124TMeBz_mgG,,4.269,xLCA01,"Baedecker, M.J., Eaganhouse, R.P., Bekins, B.A., and Delin, G.N., 2011, Loss of volatile hydrocarbons from LNAPL oil source: Journal of Contaminant Hydrology, v. 126, pp. 140-152.",
ds_01,x319,B319-08,7/15/2008,Estimated the sampling month and day to mid summer of the known sample collection year.,OW,9,L9,A,1,xLO009,124TMeBz_mgG,,4.016,xLCA01,"Baedecker, M.J., Eaganhouse, R.P., Bekins, B.A., and Delin, G.N., 2011, Loss of volatile hydrocarbons from LNAPL oil source: Journal of Contaminant Hydrology, v. 126, pp. 140-152.",
ds_01,x534A,B534A-08,7/15/2008,Estimated the sampling month and day to mid summer of the known sample collection year.,OW,9,L9,A,1,xLO057,nC10_mgG,,5.919,xLCA01,"Baedecker, M.J., Eaganhouse, R.P., Bekins, B.A., and Delin, G.N., 2011, Loss of volatile hydrocarbons from LNAPL oil source: Journal of Contaminant Hydrology, v. 126, pp. 140-152.",
ds_01,x534B,B534B-87,7/15/1987,Estimated the sampling month and day to mid summer of the known sample collection year.,OW,9,L9,A,1,xLO058,nC11_mgG,,6.602,xLCA01,"Baedecker, M.J., Eaganhouse, R.P., Bekins, B.A., and Delin, G.N., 2011, Loss of volatile hydrocarbons from LNAPL oil source: Journal of Contaminant Hydrology, v. 126, pp. 140-152.",
ds_01,x604A,B604-87,7/15/1987,Estimated the sampling month and day to mid summer of the known sample collection year.,OW,9,L9,A,1,xLO009,124TMeBz_mgG,,3.797,xLCA01,"Baedecker, M.J., Eaganhouse, R.P., Bekins, B.A., and Delin, G.N., 2011, Loss of volatile hydrocarbons from LNAPL oil source: Journal of Contaminant Hydrology, v. 126, pp. 140-152.",
ds_01,x534A,B534A-08,7/15/2008,Estimated the sampling month and day to mid summer of the known sample collection year.,OW,9,L9,A,1,xLO058,nC11_mgG,,4.679,xLCA01,"Baedecker, M.J., Eaganhouse, R.P., Bekins, B.A., and Delin, G.N., 2011, Loss of volatile hydrocarbons from LNAPL oil source: Journal of Contaminant Hydrology, v. 126, pp. 140-152.",
ds_01,x534B,B534B-87,7/15/1987,Estimated the sampling month and day to mid summer of the known sample collection year.,OW,9,L9,A,1,xLO059,nC12_mgG,,6.846,xLCA01,"Baedecker, M.J., Eaganhouse, R.P., Bekins, B.A., and Delin, G.N., 2011, Loss of volatile hydrocarbons from LNAPL oil source: Journal of Contaminant Hydrology, v. 126, pp. 140-152.",
ds_01,x534A,B534A-08,7/15/2008,Estimated the sampling month and day to mid summer of the known sample collection year.,OW,9,L9,A,1,xLO059,nC12_mgG,,2.69,xLCA01,"Baedecker, M.J., Eaganhouse, R.P., Bekins, B.A., and Delin, G.N., 2011, Loss of volatile hydrocarbons from LNAPL oil source: Journal of Contaminant Hydrology, v. 126, pp. 140-152.",
ds_01,xB-pipeline,B-pipeline-84,7/15/1984,Estimated the sampling month and day to mid summer of the known sample collection year.,OW,9,L9,A,1,xLO036,Bz_mgG,,2.254,xLCA01,"Baedecker, M.J., Eaganhouse, R.P., Bekins, B.A., and Delin, G.N., 2011, Loss of volatile hydrocarbons from LNAPL oil source: Journal of Contaminant Hydrology, v. 126, pp. 140-152.",
ds_01,xB-pipeline,B-pipeline-84,7/15/1984,Estimated the sampling month and day to mid summer of the known sample collection year.,OW,9,L9,A,1,xLO072,Tol_mgG,,5.732,xLCA01,"Baedecker, M.J., Eaganhouse, R.P., Bekins, B.A., and Delin, G.N., 2011, Loss of volatile hydrocarbons from LNAPL oil source: Journal of Contaminant Hydrology, v. 126, pp. 140-152.",
ds_01,x421B,B421-87A,7/15/1987,Estimated the sampling month and day to mid summer of the known sample collection year.,OW,9,L7,A,1,xLO005,123TMeBz_mgG,,1.431,xLCA01,"Baedecker, M.J., Eaganhouse, R.P., Bekins, B.A., and Delin, G.N., 2011, Loss of volatile hydrocarbons from LNAPL oil source: Journal of Contaminant Hydrology, v. 126, pp. 140-152.",
ds_01,x421B,B421-87A,7/15/1987,Estimated the sampling month and day to mid summer of the known sample collection year.,OW,9,L7,A,2,xLO005,123TMeBz_mgG,,1.173,xLCA01,"Baedecker, M.J., Eaganhouse, R.P., Bekins, B.A., and Delin, G.N., 2011, Loss of volatile hydrocarbons from LNAPL oil source: Journal of Contaminant Hydrology, v. 126, pp. 140-152.",
ds_01,x421B,B421-87B,7/15/1987,Estimated the sampling month and day to mid summer of the known sample collection year.,OW,9,L7,B,1,xLO005,123TMeBz_mgG,,1.403,xLCA01,"Baedecker, M.J., Eaganhouse, R.P., Bekins, B.A., and Delin, G.N., 2011, Loss of volatile hydrocarbons from LNAPL oil source: Journal of Contaminant Hydrology, v. 126, pp. 140-152.",
ds_01,x421B,B421-87B,7/15/1987,Estimated the sampling month and day to mid summer of the known sample collection year.,OW,9,L7,B,2,xLO005,123TMeBz_mgG,,1.384,xLCA01,"Baedecker, M.J., Eaganhouse, R.P., Bekins, B.A., and Delin, G.N., 2011, Loss of volatile hydrocarbons from LNAPL oil source: Journal of Contaminant Hydrology, v. 126, pp. 140-152.",
ds_01,x421B,B421-87C,7/15/1987,Estimated the sampling month and day to mid summer of the known sample collection year.,OW,9,L7,C,1,xLO005,123TMeBz_mgG,,1.236,xLCA01,"Baedecker, M.J., Eaganhouse, R.P., Bekins, B.A., and Delin, G.N., 2011, Loss of volatile hydrocarbons from LNAPL oil source: Journal of Contaminant Hydrology, v. 126, pp. 140-152.",
ds_01,x421B,B421-87C,7/15/1987,Estimated the sampling month and day to mid summer of the known sample collection year.,OW,9,L7,C,2,xLO005,123TMeBz_mgG,,1.311,xLCA01,"Baedecker, M.J., Eaganhouse, R.P., Bekins, B.A., and Delin, G.N., 2011, Loss of volatile hydrocarbons from LNAPL oil source: Journal of Contaminant Hydrology, v. 126, pp. 140-152.",
ds_01,x421B,B421-89,7/15/1989,Estimated the sampling month and day to mid summer of the known sample collection year.,OW,9,L9,A,1,xLO005,123TMeBz_mgG,,1.414,xLCA01,"Baedecker, M.J., Eaganhouse, R.P., Bekins, B.A., and Delin, G.N., 2011, Loss of volatile hydrocarbons from LNAPL oil source: Journal of Contaminant Hydrology, v. 126, pp. 140-152.",
ds_01,x421B,B421-05A,7/15/2005,Estimated the sampling month and day to mid summer of the known sample collection year.,OW,9,L7,A,1,xLO005,123TMeBz_mgG,,1.67,xLCA01,"Baedecker, M.J., Eaganhouse, R.P., Bekins, B.A., and Delin, G.N., 2011, Loss of volatile hydrocarbons from LNAPL oil source: Journal of Contaminant Hydrology, v. 126, pp. 140-152.",
ds_01,x421B,B421-05B,7/15/2005,Estimated the sampling month and day to mid summer of the known sample collection year.,OW,9,L7,B,1,xLO005,123TMeBz_mgG,,1.613,xLCA01,"Baedecker, M.J., Eaganhouse, R.P., Bekins, B.A., and Delin, G.N., 2011, Loss of volatile hydrocarbons from LNAPL oil source: Journal of Contaminant Hydrology, v. 126, pp. 140-152.",
ds_01,x421B,B421-05C,7/15/2005,Estimated the sampling month and day to mid summer of the known sample collection year.,OW,9,L7,C,1,xLO005,123TMeBz_mgG,,1.621,xLCA01,"Baedecker, M.J., Eaganhouse, R.P., Bekins, B.A., and Delin, G.N., 2011, Loss of volatile hydrocarbons from LNAPL oil source: Journal of Contaminant Hydrology, v. 126, pp. 140-152.",
ds_01,x421B,B421-08A,7/15/2008,Estimated the sampling month and day to mid summer of the known sample collection year.,OW,9,L7,A,1,xLO005,123TMeBz_mgG,,1.716,xLCA01,"Baedecker, M.J., Eaganhouse, R.P., Bekins, B.A., and Delin, G.N., 2011, Loss of volatile hydrocarbons from LNAPL oil source: Journal of Contaminant Hydrology, v. 126, pp. 140-152.",
ds_01,x421B,B421-08B,7/15/2008,Estimated the sampling month and day to mid summer of the known sample collection year.,OW,9,L7,B,1,xLO005,123TMeBz_mgG,,1.471,xLCA01,"Baedecker, M.J., Eaganhouse, R.P., Bekins, B.A., and Delin, G.N., 2011, Loss of volatile hydrocarbons from LNAPL oil source: Journal of Contaminant Hydrology, v. 126, pp. 140-152.",
ds_01,x421B,B421-08C,7/15/2008,Estimated the sampling month and day to mid summer of the known sample collection year.,OW,9,L7,C,1,xLO005,123TMeBz_mgG,,1.729,xLCA01,"Baedecker, M.J., Eaganhouse, R.P., Bekins, B.A., and Delin, G.N., 2011, Loss of volatile hydrocarbons from LNAPL oil source: Journal of Contaminant Hydrology, v. 126, pp. 140-152.",
ds_01,x306,B306-89,7/15/2009,Estimated the sampling month and day to mid summer of the known sample collection year.,OW,9,L9,A,1,xLO005,123TMeBz_mgG,,1.864,xLCA01,"Baedecker, M.J., Eaganhouse, R.P., Bekins, B.A., and Delin, G.N., 2011, Loss of volatile hydrocarbons from LNAPL oil source: Journal of Contaminant Hydrology, v. 126, pp. 140-152.",
ds_01,x306,B306-05,7/15/2005,Estimated the sampling month and day to mid summer of the known sample collection year.,OW,9,L9,A,1,xLO005,123TMeBz_mgG,,1.411,xLCA01,"Baedecker, M.J., Eaganhouse, R.P., Bekins, B.A., and Delin, G.N., 2011, Loss of volatile hydrocarbons from LNAPL oil source: Journal of Contaminant Hydrology, v. 126, pp. 140-152.",
ds_01,x306,B306-08,7/15/2008,Estimated the sampling month and day to mid summer of the known sample collection year.,OW,9,L9,A,1,xLO005,123TMeBz_mgG,,1.491,xLCA01,"Baedecker, M.J., Eaganhouse, R.P., Bekins, B.A., and Delin, G.N., 2011, Loss of volatile hydrocarbons from LNAPL oil source: Journal of Contaminant Hydrology, v. 126, pp. 140-152.",
ds_01,x423,B423-89,7/15/1989,Estimated the sampling month and day to mid summer of the known sample collection year.,OW,9,L7,A,1,xLO005,123TMeBz_mgG,,1.476,xLCA01,"Baedecker, M.J., Eaganhouse, R.P., Bekins, B.A., and Delin, G.N., 2011, Loss of volatile hydrocarbons from LNAPL oil source: Journal of Contaminant Hydrology, v. 126, pp. 140-152.",
ds_01,x423,B423-89,7/15/1989,Estimated the sampling month and day to mid summer of the known sample collection year.,OW,9,L7,A,2,xLO005,123TMeBz_mgG,,1.214,xLCA01,"Baedecker, M.J., Eaganhouse, R.P., Bekins, B.A., and Delin, G.N., 2011, Loss of volatile hydrocarbons from LNAPL oil source: Journal of Contaminant Hydrology, v. 126, pp. 140-152.",
ds_01,x423,B423-04,7/15/2004,Estimated the sampling month and day to mid summer of the known sample collection year.,OW,9,L9,A,1,xLO005,123TMeBz_mgG,,1.215,xLCA01,"Baedecker, M.J., Eaganhouse, R.P., Bekins, B.A., and Delin, G.N., 2011, Loss of volatile hydrocarbons from LNAPL oil source: Journal of Contaminant Hydrology, v. 126, pp. 140-152.",
ds_01,x423,B423-08,7/15/2008,Estimated the sampling month and day to mid summer of the known sample collection year.,OW,9,L9,A,1,xLO005,123TMeBz_mgG,,1.298,xLCA01,"Baedecker, M.J., Eaganhouse, R.P., Bekins, B.A., and Delin, G.N., 2011, Loss of volatile hydrocarbons from LNAPL oil source: Journal of Contaminant Hydrology, v. 126, pp. 140-152.",
ds_01,x319,B319-89,7/15/1989,Estimated the sampling month and day to mid summer of the known sample collection year.,OW,9,L9,A,1,xLO005,123TMeBz_mgG,,1.466,xLCA01,"Baedecker, M.J., Eaganhouse, R.P., Bekins, B.A., and Delin, G.N., 2011, Loss of volatile hydrocarbons from LNAPL oil source: Journal of Contaminant Hydrology, v. 126, pp. 140-152.",
ds_01,x319,B319-04,7/15/2004,Estimated the sampling month and day to mid summer of the known sample collection year.,OW,9,L9,A,1,xLO005,123TMeBz_mgG,,1.62,xLCA01,"Baedecker, M.J., Eaganhouse, R.P., Bekins, B.A., and Delin, G.N., 2011, Loss of volatile hydrocarbons from LNAPL oil source: Journal of Contaminant Hydrology, v. 126, pp. 140-152.",
ds_01,x319,B319-08,7/15/2008,Estimated the sampling month and day to mid summer of the known sample collection year.,OW,9,L9,A,1,xLO005,123TMeBz_mgG,,1.489,xLCA01,"Baedecker, M.J., Eaganhouse, R.P., Bekins, B.A., and Delin, G.N., 2011, Loss of volatile hydrocarbons from LNAPL oil source: Journal of Contaminant Hydrology, v. 126, pp. 140-152.",
ds_01,xB-pipeline,B-pipeline-84,7/15/1984,Estimated the sampling month and day to mid summer of the known sample collection year.,OW,9,L9,A,1,xLO041,EtBz_mgG,,1.568,xLCA01,"Baedecker, M.J., Eaganhouse, R.P., Bekins, B.A., and Delin, G.N., 2011, Loss of volatile hydrocarbons from LNAPL oil source: Journal of Contaminant Hydrology, v. 126, pp. 140-152.",
ds_01,xB-pipeline,B-pipeline-84,7/15/1984,Estimated the sampling month and day to mid summer of the known sample collection year.,OW,9,L9,A,1,xLO053,mXyl_mgG,,3.748,xLCA01,"Baedecker, M.J., Eaganhouse, R.P., Bekins, B.A., and Delin, G.N., 2011, Loss of volatile hydrocarbons from LNAPL oil source: Journal of Contaminant Hydrology, v. 126, pp. 140-152.",
ds_01,x604A,B604-87,7/15/1987,Estimated the sampling month and day to mid summer of the known sample collection year.,OW,9,L9,A,1,xLO005,123TMeBz_mgG,,1.442,xLCA01,"Baedecker, M.J., Eaganhouse, R.P., Bekins, B.A., and Delin, G.N., 2011, Loss of volatile hydrocarbons from LNAPL oil source: Journal of Contaminant Hydrology, v. 126, pp. 140-152.",
ds_01,xB-pipeline,B-pipeline-84,7/15/1984,Estimated the sampling month and day to mid summer of the known sample collection year.,OW,9,L9,A,1,xLO068,pXyl_mgG,,0.753,xLCA01,"Baedecker, M.J., Eaganhouse, R.P., Bekins, B.A., and Delin, G.N., 2011, Loss of volatile hydrocarbons from LNAPL oil source: Journal of Contaminant Hydrology, v. 126, pp. 140-152.",
ds_01,xB-pipeline,B-pipeline-84,7/15/1984,Estimated the sampling month and day to mid summer of the known sample collection year.,OW,9,L9,A,1,xLO066,oXyl_mgG,,1.874,xLCA01,"Baedecker, M.J., Eaganhouse, R.P., Bekins, B.A., and Delin, G.N., 2011, Loss of volatile hydrocarbons from LNAPL oil source: Journal of Contaminant Hydrology, v. 126, pp. 140-152.",
ds_01,xB-pipeline,B-pipeline-84,7/15/1984,Estimated the sampling month and day to mid summer of the known sample collection year.,OW,9,L9,A,1,xLO039,CyHex_dBz_mgG,,3.463,xLCA02,"Baedecker, M.J., Eaganhouse, R.P., Bekins, B.A., and Delin, G.N., 2011, Loss of volatile hydrocarbons from LNAPL oil source: Journal of Contaminant Hydrology, v. 126, pp. 140-152.",
ds_01,xB-pipeline,B-pipeline-84,7/15/1984,Estimated the sampling month and day to mid summer of the known sample collection year.,OW,9,L9,A,1,xLO051,MeCyHex_dTol_mgG,,6.741,xLCA02,"Baedecker, M.J., Eaganhouse, R.P., Bekins, B.A., and Delin, G.N., 2011, Loss of volatile hydrocarbons from LNAPL oil source: Journal of Contaminant Hydrology, v. 126, pp. 140-152.",
ds_01,xB-pipeline,B-pipeline-84,7/15/1984,Estimated the sampling month and day to mid summer of the known sample collection year.,OW,9,L9,A,1,xLO043,EtCyHex_dEtBz_mgG,,2.031,xLCA02,"Baedecker, M.J., Eaganhouse, R.P., Bekins, B.A., and Delin, G.N., 2011, Loss of volatile hydrocarbons from LNAPL oil source: Journal of Contaminant Hydrology, v. 126, pp. 140-152.",
ds_01,x421B,B421-87A,7/15/1987,Estimated the sampling month and day to mid summer of the known sample collection year.,OW,9,L7,A,1,xLO007,1245TMeBz_dNaph_mgG,,0.158,xLCA02,"Baedecker, M.J., Eaganhouse, R.P., Bekins, B.A., and Delin, G.N., 2011, Loss of volatile hydrocarbons from LNAPL oil source: Journal of Contaminant Hydrology, v. 126, pp. 140-152.",
ds_01,x421B,B421-87A,7/15/1987,Estimated the sampling month and day to mid summer of the known sample collection year.,OW,9,L7,A,2,xLO007,1245TMeBz_dNaph_mgG,,0.153,xLCA02,"Baedecker, M.J., Eaganhouse, R.P., Bekins, B.A., and Delin, G.N., 2011, Loss of volatile hydrocarbons from LNAPL oil source: Journal of Contaminant Hydrology, v. 126, pp. 140-152.",
ds_01,x421B,B421-87B,7/15/1987,Estimated the sampling month and day to mid summer of the known sample collection year.,OW,9,L7,B,1,xLO007,1245TMeBz_dNaph_mgG,,0.157,xLCA02,"Baedecker, M.J., Eaganhouse, R.P., Bekins, B.A., and Delin, G.N., 2011, Loss of volatile hydrocarbons from LNAPL oil source: Journal of Contaminant Hydrology, v. 126, pp. 140-152.",
ds_01,x421B,B421-87B,7/15/1987,Estimated the sampling month and day to mid summer of the known sample collection year.,OW,9,L7,B,2,xLO007,1245TMeBz_dNaph_mgG,,0.161,xLCA02,"Baedecker, M.J., Eaganhouse, R.P., Bekins, B.A., and Delin, G.N., 2011, Loss of volatile hydrocarbons from LNAPL oil source: Journal of Contaminant Hydrology, v. 126, pp. 140-152.",
ds_01,x421B,B421-87C,7/15/1987,Estimated the sampling month and day to mid summer of the known sample collection year.,OW,9,L7,C,1,xLO007,1245TMeBz_dNaph_mgG,,0.172,xLCA02,"Baedecker, M.J., Eaganhouse, R.P., Bekins, B.A., and Delin, G.N., 2011, Loss of volatile hydrocarbons from LNAPL oil source: Journal of Contaminant Hydrology, v. 126, pp. 140-152.",
ds_01,x421B,B421-87C,7/15/1987,Estimated the sampling month and day to mid summer of the known sample collection year.,OW,9,L7,C,2,xLO007,1245TMeBz_dNaph_mgG,,0.168,xLCA02,"Baedecker, M.J., Eaganhouse, R.P., Bekins, B.A., and Delin, G.N., 2011, Loss of volatile hydrocarbons from LNAPL oil source: Journal of Contaminant Hydrology, v. 126, pp. 140-152.",
ds_01,x421B,B421-89,7/15/1989,Estimated the sampling month and day to mid summer of the known sample collection year.,OW,9,L9,A,1,xLO007,1245TMeBz_dNaph_mgG,,0.163,xLCA02,"Baedecker, M.J., Eaganhouse, R.P., Bekins, B.A., and Delin, G.N., 2011, Loss of volatile hydrocarbons from LNAPL oil source: Journal of Contaminant Hydrology, v. 126, pp. 140-152.",
ds_01,x421B,B421-05A,7/15/2005,Estimated the sampling month and day to mid summer of the known sample collection year.,OW,9,L7,A,1,xLO007,1245TMeBz_dNaph_mgG,,0.187,xLCA02,"Baedecker, M.J., Eaganhouse, R.P., Bekins, B.A., and Delin, G.N., 2011, Loss of volatile hydrocarbons from LNAPL oil source: Journal of Contaminant Hydrology, v. 126, pp. 140-152.",
ds_01,x421B,B421-05B,7/15/2005,Estimated the sampling month and day to mid summer of the known sample collection year.,OW,9,L7,B,1,xLO007,1245TMeBz_dNaph_mgG,,0.186,xLCA02,"Baedecker, M.J., Eaganhouse, R.P., Bekins, B.A., and Delin, G.N., 2011, Loss of volatile hydrocarbons from LNAPL oil source: Journal of Contaminant Hydrology, v. 126, pp. 140-152.",
ds_01,x421B,B421-05C,7/15/2005,Estimated the sampling month and day to mid summer of the known sample collection year.,OW,9,L7,C,1,xLO007,1245TMeBz_dNaph_mgG,,0.193,xLCA02,"Baedecker, M.J., Eaganhouse, R.P., Bekins, B.A., and Delin, G.N., 2011, Loss of volatile hydrocarbons from LNAPL oil source: Journal of Contaminant Hydrology, v. 126, pp. 140-152.",
ds_01,x421B,B421-08A,7/15/2008,Estimated the sampling month and day to mid summer of the known sample collection year.,OW,9,L7,A,1,xLO007,1245TMeBz_dNaph_mgG,,0.193,xLCA02,"Baedecker, M.J., Eaganhouse, R.P., Bekins, B.A., and Delin, G.N., 2011, Loss of volatile hydrocarbons from LNAPL oil source: Journal of Contaminant Hydrology, v. 126, pp. 140-152.",
ds_01,x421B,B421-08B,7/15/2008,Estimated the sampling month and day to mid summer of the known sample collection year.,OW,9,L7,B,1,xLO007,1245TMeBz_dNaph_mgG,,0.206,xLCA02,"Baedecker, M.J., Eaganhouse, R.P., Bekins, B.A., and Delin, G.N., 2011, Loss of volatile hydrocarbons from LNAPL oil source: Journal of Contaminant Hydrology, v. 126, pp. 140-152.",
ds_01,x421B,B421-08C,7/15/2008,Estimated the sampling month and day to mid summer of the known sample collection year.,OW,9,L7,C,1,xLO007,1245TMeBz_dNaph_mgG,,0.197,xLCA02,"Baedecker, M.J., Eaganhouse, R.P., Bekins, B.A., and Delin, G.N., 2011, Loss of volatile hydrocarbons from LNAPL oil source: Journal of Contaminant Hydrology, v. 126, pp. 140-152.",
ds_01,x306,B306-89,7/15/2009,Estimated the sampling month and day to mid summer of the known sample collection year.,OW,9,L9,A,1,xLO007,1245TMeBz_dNaph_mgG,,0.229,xLCA02,"Baedecker, M.J., Eaganhouse, R.P., Bekins, B.A., and Delin, G.N., 2011, Loss of volatile hydrocarbons from LNAPL oil source: Journal of Contaminant Hydrology, v. 126, pp. 140-152.",
ds_01,x306,B306-05,7/15/2005,Estimated the sampling month and day to mid summer of the known sample collection year.,OW,9,L9,A,1,xLO007,1245TMeBz_dNaph_mgG,,0.185,xLCA02,"Baedecker, M.J., Eaganhouse, R.P., Bekins, B.A., and Delin, G.N., 2011, Loss of volatile hydrocarbons from LNAPL oil source: Journal of Contaminant Hydrology, v. 126, pp. 140-152.",
ds_01,x306,B306-08,7/15/2008,Estimated the sampling month and day to mid summer of the known sample collection year.,OW,9,L9,A,1,xLO007,1245TMeBz_dNaph_mgG,,0.208,xLCA02,"Baedecker, M.J., Eaganhouse, R.P., Bekins, B.A., and Delin, G.N., 2011, Loss of volatile hydrocarbons from LNAPL oil source: Journal of Contaminant Hydrology, v. 126, pp. 140-152.",
ds_01,x423,B423-89,7/15/1989,Estimated the sampling month and day to mid summer of the known sample collection year.,OW,9,L7,A,1,xLO007,1245TMeBz_dNaph_mgG,,0.175,xLCA02,"Baedecker, M.J., Eaganhouse, R.P., Bekins, B.A., and Delin, G.N., 2011, Loss of volatile hydrocarbons from LNAPL oil source: Journal of Contaminant Hydrology, v. 126, pp. 140-152.",
ds_01,x423,B423-89,7/15/1989,Estimated the sampling month and day to mid summer of the known sample collection year.,OW,9,L7,A,2,xLO007,1245TMeBz_dNaph_mgG,,0.147,xLCA02,"Baedecker, M.J., Eaganhouse, R.P., Bekins, B.A., and Delin, G.N., 2011, Loss of volatile hydrocarbons from LNAPL oil source: Journal of Contaminant Hydrology, v. 126, pp. 140-152.",
ds_01,x423,B423-04,7/15/2004,Estimated the sampling month and day to mid summer of the known sample collection year.,OW,9,L9,A,1,xLO007,1245TMeBz_dNaph_mgG,,0.162,xLCA02,"Baedecker, M.J., Eaganhouse, R.P., Bekins, B.A., and Delin, G.N., 2011, Loss of volatile hydrocarbons from LNAPL oil source: Journal of Contaminant Hydrology, v. 126, pp. 140-152.",
ds_01,x423,B423-08,7/15/2008,Estimated the sampling month and day to mid summer of the known sample collection year.,OW,9,L9,A,1,xLO007,1245TMeBz_dNaph_mgG,,0.189,xLCA02,"Baedecker, M.J., Eaganhouse, R.P., Bekins, B.A., and Delin, G.N., 2011, Loss of volatile hydrocarbons from LNAPL oil source: Journal of Contaminant Hydrology, v. 126, pp. 140-152.",
ds_01,x319,B319-89,7/15/1989,Estimated the sampling month and day to mid summer of the known sample collection year.,OW,9,L9,A,1,xLO007,1245TMeBz_dNaph_mgG,,0.158,xLCA02,"Baedecker, M.J., Eaganhouse, R.P., Bekins, B.A., and Delin, G.N., 2011, Loss of volatile hydrocarbons from LNAPL oil source: Journal of Contaminant Hydrology, v. 126, pp. 140-152.",
ds_01,x319,B319-04,7/15/2004,Estimated the sampling month and day to mid summer of the known sample collection year.,OW,9,L9,A,1,xLO007,1245TMeBz_dNaph_mgG,,0.181,xLCA02,"Baedecker, M.J., Eaganhouse, R.P., Bekins, B.A., and Delin, G.N., 2011, Loss of volatile hydrocarbons from LNAPL oil source: Journal of Contaminant Hydrology, v. 126, pp. 140-152.",
ds_01,x319,B319-08,7/15/2008,Estimated the sampling month and day to mid summer of the known sample collection year.,OW,9,L9,A,1,xLO007,1245TMeBz_dNaph_mgG,,0.192,xLCA02,"Baedecker, M.J., Eaganhouse, R.P., Bekins, B.A., and Delin, G.N., 2011, Loss of volatile hydrocarbons from LNAPL oil source: Journal of Contaminant Hydrology, v. 126, pp. 140-152.",
ds_01,xB-pipeline,B-pipeline-84,7/15/1984,Estimated the sampling month and day to mid summer of the known sample collection year.,OW,9,L9,A,1,xLO014,135TMeBz_mgG,,1.005,xLCA01,"Baedecker, M.J., Eaganhouse, R.P., Bekins, B.A., and Delin, G.N., 2011, Loss of volatile hydrocarbons from LNAPL oil source: Journal of Contaminant Hydrology, v. 126, pp. 140-152.",
ds_01,xB-pipeline,B-pipeline-84,7/15/1984,Estimated the sampling month and day to mid summer of the known sample collection year.,OW,9,L9,A,1,xLO009,124TMeBz_mgG,,4.25,xLCA01,"Baedecker, M.J., Eaganhouse, R.P., Bekins, B.A., and Delin, G.N., 2011, Loss of volatile hydrocarbons from LNAPL oil source: Journal of Contaminant Hydrology, v. 126, pp. 140-152.",
ds_01,x604A,B604-87,7/15/1987,Estimated the sampling month and day to mid summer of the known sample collection year.,OW,9,L9,A,1,xLO007,1245TMeBz_dNaph_mgG,,0.165,xLCA02,"Baedecker, M.J., Eaganhouse, R.P., Bekins, B.A., and Delin, G.N., 2011, Loss of volatile hydrocarbons from LNAPL oil source: Journal of Contaminant Hydrology, v. 126, pp. 140-152.",
ds_01,xB-pipeline,B-pipeline-84,7/15/1984,Estimated the sampling month and day to mid summer of the known sample collection year.,OW,9,L9,A,1,xLO005,123TMeBz_mgG,,1.495,xLCA01,"Baedecker, M.J., Eaganhouse, R.P., Bekins, B.A., and Delin, G.N., 2011, Loss of volatile hydrocarbons from LNAPL oil source: Journal of Contaminant Hydrology, v. 126, pp. 140-152.",
ds_01,xB-pipeline,B-pipeline-84,7/15/1984,Estimated the sampling month and day to mid summer of the known sample collection year.,OW,9,L9,A,1,xLO007,1245TMeBz_dNaph_mgG,,0.172,xLCA02,"Baedecker, M.J., Eaganhouse, R.P., Bekins, B.A., and Delin, G.N., 2011, Loss of volatile hydrocarbons from LNAPL oil source: Journal of Contaminant Hydrology, v. 126, pp. 140-152.",
ds_01,xB-pipeline,B-pipeline-84,7/15/1984,Estimated the sampling month and day to mid summer of the known sample collection year.,OW,9,L9,A,1,xLO003,1235TMeBz_d-Naph_mgG,,0.516,xLCA02,"Baedecker, M.J., Eaganhouse, R.P., Bekins, B.A., and Delin, G.N., 2011, Loss of volatile hydrocarbons from LNAPL oil source: Journal of Contaminant Hydrology, v. 126, pp. 140-152.",
ds_01,xB-pipeline,B-pipeline-84,7/15/1984,Estimated the sampling month and day to mid summer of the known sample collection year.,OW,9,L9,A,1,xLO001,1234TMeBz_dNaph_mgG,,1.055,xLCA02,"Baedecker, M.J., Eaganhouse, R.P., Bekins, B.A., and Delin, G.N., 2011, Loss of volatile hydrocarbons from LNAPL oil source: Journal of Contaminant Hydrology, v. 126, pp. 140-152.",
ds_01,xB-pipeline,B-pipeline-84,7/15/1984,Estimated the sampling month and day to mid summer of the known sample collection year.,OW,9,L9,A,1,xLO054,Naph_mgG,,0.444,xLCA01,"Baedecker, M.J., Eaganhouse, R.P., Bekins, B.A., and Delin, G.N., 2011, Loss of volatile hydrocarbons from LNAPL oil source: Journal of Contaminant Hydrology, v. 126, pp. 140-152.",
ds_01,x421B,B421-87A,7/15/1987,Estimated the sampling month and day to mid summer of the known sample collection year.,OW,9,L7,A,1,xLO003,1235TMeBz_d-Naph_mgG,,0.563,xLCA02,"Baedecker, M.J., Eaganhouse, R.P., Bekins, B.A., and Delin, G.N., 2011, Loss of volatile hydrocarbons from LNAPL oil source: Journal of Contaminant Hydrology, v. 126, pp. 140-152.",
ds_01,x421B,B421-87A,7/15/1987,Estimated the sampling month and day to mid summer of the known sample collection year.,OW,9,L7,A,2,xLO003,1235TMeBz_d-Naph_mgG,,0.526,xLCA02,"Baedecker, M.J., Eaganhouse, R.P., Bekins, B.A., and Delin, G.N., 2011, Loss of volatile hydrocarbons from LNAPL oil source: Journal of Contaminant Hydrology, v. 126, pp. 140-152.",
ds_01,x421B,B421-87B,7/15/1987,Estimated the sampling month and day to mid summer of the known sample collection year.,OW,9,L7,B,1,xLO003,1235TMeBz_d-Naph_mgG,,0.55,xLCA02,"Baedecker, M.J., Eaganhouse, R.P., Bekins, B.A., and Delin, G.N., 2011, Loss of volatile hydrocarbons from LNAPL oil source: Journal of Contaminant Hydrology, v. 126, pp. 140-152.",
ds_01,x421B,B421-87B,7/15/1987,Estimated the sampling month and day to mid summer of the known sample collection year.,OW,9,L7,B,2,xLO003,1235TMeBz_d-Naph_mgG,,0.551,xLCA02,"Baedecker, M.J., Eaganhouse, R.P., Bekins, B.A., and Delin, G.N., 2011, Loss of volatile hydrocarbons from LNAPL oil source: Journal of Contaminant Hydrology, v. 126, pp. 140-152.",
ds_01,x421B,B421-87C,7/15/1987,Estimated the sampling month and day to mid summer of the known sample collection year.,OW,9,L7,C,1,xLO003,1235TMeBz_d-Naph_mgG,,0.573,xLCA02,"Baedecker, M.J., Eaganhouse, R.P., Bekins, B.A., and Delin, G.N., 2011, Loss of volatile hydrocarbons from LNAPL oil source: Journal of Contaminant Hydrology, v. 126, pp. 140-152.",
ds_01,x421B,B421-87C,7/15/1987,Estimated the sampling month and day to mid summer of the known sample collection year.,OW,9,L7,C,2,xLO003,1235TMeBz_d-Naph_mgG,,0.572,xLCA02,"Baedecker, M.J., Eaganhouse, R.P., Bekins, B.A., and Delin, G.N., 2011, Loss of volatile hydrocarbons from LNAPL oil source: Journal of Contaminant Hydrology, v. 126, pp. 140-152.",
ds_01,x421B,B421-89,7/15/1989,Estimated the sampling month and day to mid summer of the known sample collection year.,OW,9,L9,A,1,xLO003,1235TMeBz_d-Naph_mgG,,0.563,xLCA02,"Baedecker, M.J., Eaganhouse, R.P., Bekins, B.A., and Delin, G.N., 2011, Loss of volatile hydrocarbons from LNAPL oil source: Journal of Contaminant Hydrology, v. 126, pp. 140-152.",
ds_01,x421B,B421-05A,7/15/2005,Estimated the sampling month and day to mid summer of the known sample collection year.,OW,9,L7,A,1,xLO003,1235TMeBz_d-Naph_mgG,,0.637,xLCA02,"Baedecker, M.J., Eaganhouse, R.P., Bekins, B.A., and Delin, G.N., 2011, Loss of volatile hydrocarbons from LNAPL oil source: Journal of Contaminant Hydrology, v. 126, pp. 140-152.",
ds_01,x421B,B421-05B,7/15/2005,Estimated the sampling month and day to mid summer of the known sample collection year.,OW,9,L7,B,1,xLO003,1235TMeBz_d-Naph_mgG,,0.639,xLCA02,"Baedecker, M.J., Eaganhouse, R.P., Bekins, B.A., and Delin, G.N., 2011, Loss of volatile hydrocarbons from LNAPL oil source: Journal of Contaminant Hydrology, v. 126, pp. 140-152.",
ds_01,x421B,B421-05C,7/15/2005,Estimated the sampling month and day to mid summer of the known sample collection year.,OW,9,L7,C,1,xLO003,1235TMeBz_d-Naph_mgG,,0.657,xLCA02,"Baedecker, M.J., Eaganhouse, R.P., Bekins, B.A., and Delin, G.N., 2011, Loss of volatile hydrocarbons from LNAPL oil source: Journal of Contaminant Hydrology, v. 126, pp. 140-152.",
ds_01,x421B,B421-08A,7/15/2008,Estimated the sampling month and day to mid summer of the known sample collection year.,OW,9,L7,A,1,xLO003,1235TMeBz_d-Naph_mgG,,0.662,xLCA02,"Baedecker, M.J., Eaganhouse, R.P., Bekins, B.A., and Delin, G.N., 2011, Loss of volatile hydrocarbons from LNAPL oil source: Journal of Contaminant Hydrology, v. 126, pp. 140-152.",
ds_01,x421B,B421-08B,7/15/2008,Estimated the sampling month and day to mid summer of the known sample collection year.,OW,9,L7,B,1,xLO003,1235TMeBz_d-Naph_mgG,,0.709,xLCA02,"Baedecker, M.J., Eaganhouse, R.P., Bekins, B.A., and Delin, G.N., 2011, Loss of volatile hydrocarbons from LNAPL oil source: Journal of Contaminant Hydrology, v. 126, pp. 140-152.",
ds_01,x421B,B421-08C,7/15/2008,Estimated the sampling month and day to mid summer of the known sample collection year.,OW,9,L7,C,1,xLO003,1235TMeBz_d-Naph_mgG,,0.681,xLCA02,"Baedecker, M.J., Eaganhouse, R.P., Bekins, B.A., and Delin, G.N., 2011, Loss of volatile hydrocarbons from LNAPL oil source: Journal of Contaminant Hydrology, v. 126, pp. 140-152.",
ds_01,x306,B306-89,7/15/2009,Estimated the sampling month and day to mid summer of the known sample collection year.,OW,9,L9,A,1,xLO003,1235TMeBz_d-Naph_mgG,,0.773,xLCA02,"Baedecker, M.J., Eaganhouse, R.P., Bekins, B.A., and Delin, G.N., 2011, Loss of volatile hydrocarbons from LNAPL oil source: Journal of Contaminant Hydrology, v. 126, pp. 140-152.",
ds_01,x306,B306-05,7/15/2005,Estimated the sampling month and day to mid summer of the known sample collection year.,OW,9,L9,A,1,xLO003,1235TMeBz_d-Naph_mgG,,0.641,xLCA02,"Baedecker, M.J., Eaganhouse, R.P., Bekins, B.A., and Delin, G.N., 2011, Loss of volatile hydrocarbons from LNAPL oil source: Journal of Contaminant Hydrology, v. 126, pp. 140-152.",
ds_01,x306,B306-08,7/15/2008,Estimated the sampling month and day to mid summer of the known sample collection year.,OW,9,L9,A,1,xLO003,1235TMeBz_d-Naph_mgG,,0.711,xLCA02,"Baedecker, M.J., Eaganhouse, R.P., Bekins, B.A., and Delin, G.N., 2011, Loss of volatile hydrocarbons from LNAPL oil source: Journal of Contaminant Hydrology, v. 126, pp. 140-152.",
ds_01,x423,B423-89,7/15/1989,Estimated the sampling month and day to mid summer of the known sample collection year.,OW,9,L7,A,1,xLO003,1235TMeBz_d-Naph_mgG,,0.598,xLCA02,"Baedecker, M.J., Eaganhouse, R.P., Bekins, B.A., and Delin, G.N., 2011, Loss of volatile hydrocarbons from LNAPL oil source: Journal of Contaminant Hydrology, v. 126, pp. 140-152.",
ds_01,x423,B423-89,7/15/1989,Estimated the sampling month and day to mid summer of the known sample collection year.,OW,9,L7,A,2,xLO003,1235TMeBz_d-Naph_mgG,,0.51,xLCA02,"Baedecker, M.J., Eaganhouse, R.P., Bekins, B.A., and Delin, G.N., 2011, Loss of volatile hydrocarbons from LNAPL oil source: Journal of Contaminant Hydrology, v. 126, pp. 140-152.",
ds_01,x423,B423-04,7/15/2004,Estimated the sampling month and day to mid summer of the known sample collection year.,OW,9,L9,A,1,xLO003,1235TMeBz_d-Naph_mgG,,0.554,xLCA02,"Baedecker, M.J., Eaganhouse, R.P., Bekins, B.A., and Delin, G.N., 2011, Loss of volatile hydrocarbons from LNAPL oil source: Journal of Contaminant Hydrology, v. 126, pp. 140-152.",
ds_01,x423,B423-08,7/15/2008,Estimated the sampling month and day to mid summer of the known sample collection year.,OW,9,L9,A,1,xLO003,1235TMeBz_d-Naph_mgG,,0.64,xLCA02,"Baedecker, M.J., Eaganhouse, R.P., Bekins, B.A., and Delin, G.N., 2011, Loss of volatile hydrocarbons from LNAPL oil source: Journal of Contaminant Hydrology, v. 126, pp. 140-152.",
ds_01,x319,B319-89,7/15/1989,Estimated the sampling month and day to mid summer of the known sample collection year.,OW,9,L9,A,1,xLO003,1235TMeBz_d-Naph_mgG,,0.541,xLCA02,"Baedecker, M.J., Eaganhouse, R.P., Bekins, B.A., and Delin, G.N., 2011, Loss of volatile hydrocarbons from LNAPL oil source: Journal of Contaminant Hydrology, v. 126, pp. 140-152.",
ds_01,x319,B319-04,7/15/2004,Estimated the sampling month and day to mid summer of the known sample collection year.,OW,9,L9,A,1,xLO003,1235TMeBz_d-Naph_mgG,,0.615,xLCA02,"Baedecker, M.J., Eaganhouse, R.P., Bekins, B.A., and Delin, G.N., 2011, Loss of volatile hydrocarbons from LNAPL oil source: Journal of Contaminant Hydrology, v. 126, pp. 140-152.",
ds_01,x319,B319-08,7/15/2008,Estimated the sampling month and day to mid summer of the known sample collection year.,OW,9,L9,A,1,xLO003,1235TMeBz_d-Naph_mgG,,0.658,xLCA02,"Baedecker, M.J., Eaganhouse, R.P., Bekins, B.A., and Delin, G.N., 2011, Loss of volatile hydrocarbons from LNAPL oil source: Journal of Contaminant Hydrology, v. 126, pp. 140-152.",
ds_01,xB-pipeline,B-pipeline-84,7/15/1984,Estimated the sampling month and day to mid summer of the known sample collection year.,OW,9,L9,A,1,xLO032,2Me_dNaph_mgG,,0.755,xLCA02,"Baedecker, M.J., Eaganhouse, R.P., Bekins, B.A., and Delin, G.N., 2011, Loss of volatile hydrocarbons from LNAPL oil source: Journal of Contaminant Hydrology, v. 126, pp. 140-152.",
ds_01,xB-pipeline,B-pipeline-84,7/15/1984,Estimated the sampling month and day to mid summer of the known sample collection year.,OW,9,L9,A,1,xLO022,1Me_dNaph_mgG,,0.475,xLCA02,"Baedecker, M.J., Eaganhouse, R.P., Bekins, B.A., and Delin, G.N., 2011, Loss of volatile hydrocarbons from LNAPL oil source: Journal of Contaminant Hydrology, v. 126, pp. 140-152.",
ds_01,x604A,B604-87,7/15/1987,Estimated the sampling month and day to mid summer of the known sample collection year.,OW,9,L9,A,1,xLO003,1235TMeBz_d-Naph_mgG,,0.568,xLCA02,"Baedecker, M.J., Eaganhouse, R.P., Bekins, B.A., and Delin, G.N., 2011, Loss of volatile hydrocarbons from LNAPL oil source: Journal of Contaminant Hydrology, v. 126, pp. 140-152.",
ds_01,xB-pipeline,B-pipeline-84,7/15/1984,Estimated the sampling month and day to mid summer of the known sample collection year.,OW,9,L9,A,1,xLO060,nC6_mgG,,14.978,xLCA01,"Baedecker, M.J., Eaganhouse, R.P., Bekins, B.A., and Delin, G.N., 2011, Loss of volatile hydrocarbons from LNAPL oil source: Journal of Contaminant Hydrology, v. 126, pp. 140-152.",
ds_01,xB-pipeline,B-pipeline-84,7/15/1984,Estimated the sampling month and day to mid summer of the known sample collection year.,OW,9,L9,A,1,xLO061,nC7_mgG,,19.373,xLCA01,"Baedecker, M.J., Eaganhouse, R.P., Bekins, B.A., and Delin, G.N., 2011, Loss of volatile hydrocarbons from LNAPL oil source: Journal of Contaminant Hydrology, v. 126, pp. 140-152.",
ds_01,xB-pipeline,B-pipeline-84,7/15/1984,Estimated the sampling month and day to mid summer of the known sample collection year.,OW,9,L9,A,1,xLO062,nC8_mgG,,8.425,xLCA01,"Baedecker, M.J., Eaganhouse, R.P., Bekins, B.A., and Delin, G.N., 2011, Loss of volatile hydrocarbons from LNAPL oil source: Journal of Contaminant Hydrology, v. 126, pp. 140-152.",
ds_01,xB-pipeline,B-pipeline-84,7/15/1984,Estimated the sampling month and day to mid summer of the known sample collection year.,OW,9,L9,A,1,xLO063,nC9_mgG,,9.628,xLCA01,"Baedecker, M.J., Eaganhouse, R.P., Bekins, B.A., and Delin, G.N., 2011, Loss of volatile hydrocarbons from LNAPL oil source: Journal of Contaminant Hydrology, v. 126, pp. 140-152.",
ds_01,xB-pipeline,B-pipeline-84,7/15/1984,Estimated the sampling month and day to mid summer of the known sample collection year.,OW,9,L9,A,1,xLO057,nC10_mgG,,10.061,xLCA01,"Baedecker, M.J., Eaganhouse, R.P., Bekins, B.A., and Delin, G.N., 2011, Loss of volatile hydrocarbons from LNAPL oil source: Journal of Contaminant Hydrology, v. 126, pp. 140-152.",
ds_01,x421B,B421-87A,7/15/1987,Estimated the sampling month and day to mid summer of the known sample collection year.,OW,9,L7,A,1,xLO001,1234TMeBz_dNaph_mgG,,1.129,xLCA02,"Baedecker, M.J., Eaganhouse, R.P., Bekins, B.A., and Delin, G.N., 2011, Loss of volatile hydrocarbons from LNAPL oil source: Journal of Contaminant Hydrology, v. 126, pp. 140-152.",
ds_01,x421B,B421-87A,7/15/1987,Estimated the sampling month and day to mid summer of the known sample collection year.,OW,9,L7,A,2,xLO001,1234TMeBz_dNaph_mgG,,1.094,xLCA02,"Baedecker, M.J., Eaganhouse, R.P., Bekins, B.A., and Delin, G.N., 2011, Loss of volatile hydrocarbons from LNAPL oil source: Journal of Contaminant Hydrology, v. 126, pp. 140-152.",
ds_01,x421B,B421-87B,7/15/1987,Estimated the sampling month and day to mid summer of the known sample collection year.,OW,9,L7,B,1,xLO001,1234TMeBz_dNaph_mgG,,1.197,xLCA02,"Baedecker, M.J., Eaganhouse, R.P., Bekins, B.A., and Delin, G.N., 2011, Loss of volatile hydrocarbons from LNAPL oil source: Journal of Contaminant Hydrology, v. 126, pp. 140-152.",
ds_01,x421B,B421-87B,7/15/1987,Estimated the sampling month and day to mid summer of the known sample collection year.,OW,9,L7,B,2,xLO001,1234TMeBz_dNaph_mgG,,1.107,xLCA02,"Baedecker, M.J., Eaganhouse, R.P., Bekins, B.A., and Delin, G.N., 2011, Loss of volatile hydrocarbons from LNAPL oil source: Journal of Contaminant Hydrology, v. 126, pp. 140-152.",
ds_01,x421B,B421-87C,7/15/1987,Estimated the sampling month and day to mid summer of the known sample collection year.,OW,9,L7,C,1,xLO001,1234TMeBz_dNaph_mgG,,1.077,xLCA02,"Baedecker, M.J., Eaganhouse, R.P., Bekins, B.A., and Delin, G.N., 2011, Loss of volatile hydrocarbons from LNAPL oil source: Journal of Contaminant Hydrology, v. 126, pp. 140-152.",
ds_01,x421B,B421-87C,7/15/1987,Estimated the sampling month and day to mid summer of the known sample collection year.,OW,9,L7,C,2,xLO001,1234TMeBz_dNaph_mgG,,1.098,xLCA02,"Baedecker, M.J., Eaganhouse, R.P., Bekins, B.A., and Delin, G.N., 2011, Loss of volatile hydrocarbons from LNAPL oil source: Journal of Contaminant Hydrology, v. 126, pp. 140-152.",
ds_01,x421B,B421-89,7/15/1989,Estimated the sampling month and day to mid summer of the known sample collection year.,OW,9,L9,A,1,xLO001,1234TMeBz_dNaph_mgG,,1.141,xLCA02,"Baedecker, M.J., Eaganhouse, R.P., Bekins, B.A., and Delin, G.N., 2011, Loss of volatile hydrocarbons from LNAPL oil source: Journal of Contaminant Hydrology, v. 126, pp. 140-152.",
ds_01,x421B,B421-05A,7/15/2005,Estimated the sampling month and day to mid summer of the known sample collection year.,OW,9,L7,A,1,xLO001,1234TMeBz_dNaph_mgG,,1.316,xLCA02,"Baedecker, M.J., Eaganhouse, R.P., Bekins, B.A., and Delin, G.N., 2011, Loss of volatile hydrocarbons from LNAPL oil source: Journal of Contaminant Hydrology, v. 126, pp. 140-152.",
ds_01,x421B,B421-05B,7/15/2005,Estimated the sampling month and day to mid summer of the known sample collection year.,OW,9,L7,B,1,xLO001,1234TMeBz_dNaph_mgG,,1.276,xLCA02,"Baedecker, M.J., Eaganhouse, R.P., Bekins, B.A., and Delin, G.N., 2011, Loss of volatile hydrocarbons from LNAPL oil source: Journal of Contaminant Hydrology, v. 126, pp. 140-152.",
ds_01,x421B,B421-05C,7/15/2005,Estimated the sampling month and day to mid summer of the known sample collection year.,OW,9,L7,C,1,xLO001,1234TMeBz_dNaph_mgG,,1.269,xLCA02,"Baedecker, M.J., Eaganhouse, R.P., Bekins, B.A., and Delin, G.N., 2011, Loss of volatile hydrocarbons from LNAPL oil source: Journal of Contaminant Hydrology, v. 126, pp. 140-152.",
ds_01,x421B,B421-08A,7/15/2008,Estimated the sampling month and day to mid summer of the known sample collection year.,OW,9,L7,A,1,xLO001,1234TMeBz_dNaph_mgG,,1.342,xLCA02,"Baedecker, M.J., Eaganhouse, R.P., Bekins, B.A., and Delin, G.N., 2011, Loss of volatile hydrocarbons from LNAPL oil source: Journal of Contaminant Hydrology, v. 126, pp. 140-152.",
ds_01,x421B,B421-08B,7/15/2008,Estimated the sampling month and day to mid summer of the known sample collection year.,OW,9,L7,B,1,xLO001,1234TMeBz_dNaph_mgG,,1.379,xLCA02,"Baedecker, M.J., Eaganhouse, R.P., Bekins, B.A., and Delin, G.N., 2011, Loss of volatile hydrocarbons from LNAPL oil source: Journal of Contaminant Hydrology, v. 126, pp. 140-152.",
ds_01,x421B,B421-08C,7/15/2008,Estimated the sampling month and day to mid summer of the known sample collection year.,OW,9,L7,C,1,xLO001,1234TMeBz_dNaph_mgG,,1.376,xLCA02,"Baedecker, M.J., Eaganhouse, R.P., Bekins, B.A., and Delin, G.N., 2011, Loss of volatile hydrocarbons from LNAPL oil source: Journal of Contaminant Hydrology, v. 126, pp. 140-152.",
ds_01,x306,B306-89,7/15/2009,Estimated the sampling month and day to mid summer of the known sample collection year.,OW,9,L9,A,1,xLO001,1234TMeBz_dNaph_mgG,,1.524,xLCA02,"Baedecker, M.J., Eaganhouse, R.P., Bekins, B.A., and Delin, G.N., 2011, Loss of volatile hydrocarbons from LNAPL oil source: Journal of Contaminant Hydrology, v. 126, pp. 140-152.",
ds_01,x306,B306-05,7/15/2005,Estimated the sampling month and day to mid summer of the known sample collection year.,OW,9,L9,A,1,xLO001,1234TMeBz_dNaph_mgG,,1.279,xLCA02,"Baedecker, M.J., Eaganhouse, R.P., Bekins, B.A., and Delin, G.N., 2011, Loss of volatile hydrocarbons from LNAPL oil source: Journal of Contaminant Hydrology, v. 126, pp. 140-152.",
ds_01,x306,B306-08,7/15/2008,Estimated the sampling month and day to mid summer of the known sample collection year.,OW,9,L9,A,1,xLO001,1234TMeBz_dNaph_mgG,,1.41,xLCA02,"Baedecker, M.J., Eaganhouse, R.P., Bekins, B.A., and Delin, G.N., 2011, Loss of volatile hydrocarbons from LNAPL oil source: Journal of Contaminant Hydrology, v. 126, pp. 140-152.",
ds_01,x423,B423-89,7/15/1989,Estimated the sampling month and day to mid summer of the known sample collection year.,OW,9,L7,A,1,xLO001,1234TMeBz_dNaph_mgG,,1.3,xLCA02,"Baedecker, M.J., Eaganhouse, R.P., Bekins, B.A., and Delin, G.N., 2011, Loss of volatile hydrocarbons from LNAPL oil source: Journal of Contaminant Hydrology, v. 126, pp. 140-152.",
ds_01,x423,B423-89,7/15/1989,Estimated the sampling month and day to mid summer of the known sample collection year.,OW,9,L7,A,2,xLO001,1234TMeBz_dNaph_mgG,,0.991,xLCA02,"Baedecker, M.J., Eaganhouse, R.P., Bekins, B.A., and Delin, G.N., 2011, Loss of volatile hydrocarbons from LNAPL oil source: Journal of Contaminant Hydrology, v. 126, pp. 140-152.",
ds_01,x423,B423-04,7/15/2004,Estimated the sampling month and day to mid summer of the known sample collection year.,OW,9,L9,A,1,xLO001,1234TMeBz_dNaph_mgG,,1.155,xLCA02,"Baedecker, M.J., Eaganhouse, R.P., Bekins, B.A., and Delin, G.N., 2011, Loss of volatile hydrocarbons from LNAPL oil source: Journal of Contaminant Hydrology, v. 126, pp. 140-152.",
ds_01,x423,B423-08,7/15/2008,Estimated the sampling month and day to mid summer of the known sample collection year.,OW,9,L9,A,1,xLO001,1234TMeBz_dNaph_mgG,,1.221,xLCA02,"Baedecker, M.J., Eaganhouse, R.P., Bekins, B.A., and Delin, G.N., 2011, Loss of volatile hydrocarbons from LNAPL oil source: Journal of Contaminant Hydrology, v. 126, pp. 140-152.",
ds_01,x319,B319-89,7/15/1989,Estimated the sampling month and day to mid summer of the known sample collection year.,OW,9,L9,A,1,xLO001,1234TMeBz_dNaph_mgG,,1.099,xLCA02,"Baedecker, M.J., Eaganhouse, R.P., Bekins, B.A., and Delin, G.N., 2011, Loss of volatile hydrocarbons from LNAPL oil source: Journal of Contaminant Hydrology, v. 126, pp. 140-152.",
ds_01,x319,B319-04,7/15/2004,Estimated the sampling month and day to mid summer of the known sample collection year.,OW,9,L9,A,1,xLO001,1234TMeBz_dNaph_mgG,,1.278,xLCA02,"Baedecker, M.J., Eaganhouse, R.P., Bekins, B.A., and Delin, G.N., 2011, Loss of volatile hydrocarbons from LNAPL oil source: Journal of Contaminant Hydrology, v. 126, pp. 140-152.",
ds_01,x319,B319-08,7/15/2008,Estimated the sampling month and day to mid summer of the known sample collection year.,OW,9,L9,A,1,xLO001,1234TMeBz_dNaph_mgG,,1.295,xLCA02,"Baedecker, M.J., Eaganhouse, R.P., Bekins, B.A., and Delin, G.N., 2011, Loss of volatile hydrocarbons from LNAPL oil source: Journal of Contaminant Hydrology, v. 126, pp. 140-152.",
ds_01,xB-pipeline,B-pipeline-84,7/15/1984,Estimated the sampling month and day to mid summer of the known sample collection year.,OW,9,L9,A,1,xLO058,nC11_mgG,,9.194,xLCA01,"Baedecker, M.J., Eaganhouse, R.P., Bekins, B.A., and Delin, G.N., 2011, Loss of volatile hydrocarbons from LNAPL oil source: Journal of Contaminant Hydrology, v. 126, pp. 140-152.",
ds_01,xB-pipeline,B-pipeline-84,7/15/1984,Estimated the sampling month and day to mid summer of the known sample collection year.,OW,9,L9,A,1,xLO059,nC12_mgG,,7.182,xLCA01,"Baedecker, M.J., Eaganhouse, R.P., Bekins, B.A., and Delin, G.N., 2011, Loss of volatile hydrocarbons from LNAPL oil source: Journal of Contaminant Hydrology, v. 126, pp. 140-152.",
ds_01,x604A,B604-87,7/15/1987,Estimated the sampling month and day to mid summer of the known sample collection year.,OW,9,L9,A,1,xLO001,1234TMeBz_dNaph_mgG,,1.184,xLCA02,"Baedecker, M.J., Eaganhouse, R.P., Bekins, B.A., and Delin, G.N., 2011, Loss of volatile hydrocarbons from LNAPL oil source: Journal of Contaminant Hydrology, v. 126, pp. 140-152.",
ds_01,xCL-MW3,CL-MW3-07-1,7/15/2001,Estimated the sampling month and day to mid summer of the known sample collection year.,OW,9,L9,A,1,xLO036,Bz_mgG,,0.131,xLCA01,"Baedecker, M.J., Eaganhouse, R.P., Bekins, B.A., and Delin, G.N., 2011, Loss of volatile hydrocarbons from LNAPL oil source: Journal of Contaminant Hydrology, v. 126, pp. 140-152.",
ds_01,xCL-MW3,CL-MW3-07-1,7/15/2001,Estimated the sampling month and day to mid summer of the known sample collection year.,OW,9,L9,A,1,xLO072,Tol_mgG,<,0.01,xLCA01,"Baedecker, M.J., Eaganhouse, R.P., Bekins, B.A., and Delin, G.N., 2011, Loss of volatile hydrocarbons from LNAPL oil source: Journal of Contaminant Hydrology, v. 126, pp. 140-152.",
ds_01,xCL-MW3,CL-MW3-07-1,7/15/2001,Estimated the sampling month and day to mid summer of the known sample collection year.,OW,9,L9,A,1,xLO041,EtBz_mgG,,0.516,xLCA01,"Baedecker, M.J., Eaganhouse, R.P., Bekins, B.A., and Delin, G.N., 2011, Loss of volatile hydrocarbons from LNAPL oil source: Journal of Contaminant Hydrology, v. 126, pp. 140-152.",
ds_01,xCL-MW3,CL-MW3-07-1,7/15/2001,Estimated the sampling month and day to mid summer of the known sample collection year.,OW,9,L9,A,1,xLO053,mXyl_mgG,,1.72,xLCA01,"Baedecker, M.J., Eaganhouse, R.P., Bekins, B.A., and Delin, G.N., 2011, Loss of volatile hydrocarbons from LNAPL oil source: Journal of Contaminant Hydrology, v. 126, pp. 140-152.",
ds_01,xCL-MW3,CL-MW3-07-1,7/15/2001,Estimated the sampling month and day to mid summer of the known sample collection year.,OW,9,L9,A,1,xLO068,pXyl_mgG,,0.463,xLCA01,"Baedecker, M.J., Eaganhouse, R.P., Bekins, B.A., and Delin, G.N., 2011, Loss of volatile hydrocarbons from LNAPL oil source: Journal of Contaminant Hydrology, v. 126, pp. 140-152.",
ds_01,x421B,B421-87A,7/15/1987,Estimated the sampling month and day to mid summer of the known sample collection year.,OW,9,L7,A,1,xLO054,Naph_mgG,,0.523,xLCA01,"Baedecker, M.J., Eaganhouse, R.P., Bekins, B.A., and Delin, G.N., 2011, Loss of volatile hydrocarbons from LNAPL oil source: Journal of Contaminant Hydrology, v. 126, pp. 140-152.",
ds_01,x421B,B421-87A,7/15/1987,Estimated the sampling month and day to mid summer of the known sample collection year.,OW,9,L7,A,2,xLO054,Naph_mgG,,0.535,xLCA01,"Baedecker, M.J., Eaganhouse, R.P., Bekins, B.A., and Delin, G.N., 2011, Loss of volatile hydrocarbons from LNAPL oil source: Journal of Contaminant Hydrology, v. 126, pp. 140-152.",
ds_01,x421B,B421-87B,7/15/1987,Estimated the sampling month and day to mid summer of the known sample collection year.,OW,9,L7,B,1,xLO054,Naph_mgG,,0.542,xLCA01,"Baedecker, M.J., Eaganhouse, R.P., Bekins, B.A., and Delin, G.N., 2011, Loss of volatile hydrocarbons from LNAPL oil source: Journal of Contaminant Hydrology, v. 126, pp. 140-152.",
ds_01,x421B,B421-87B,7/15/1987,Estimated the sampling month and day to mid summer of the known sample collection year.,OW,9,L7,B,2,xLO054,Naph_mgG,,0.544,xLCA01,"Baedecker, M.J., Eaganhouse, R.P., Bekins, B.A., and Delin, G.N., 2011, Loss of volatile hydrocarbons from LNAPL oil source: Journal of Contaminant Hydrology, v. 126, pp. 140-152.",
ds_01,x421B,B421-87C,7/15/1987,Estimated the sampling month and day to mid summer of the known sample collection year.,OW,9,L7,C,1,xLO054,Naph_mgG,,0.53,xLCA01,"Baedecker, M.J., Eaganhouse, R.P., Bekins, B.A., and Delin, G.N., 2011, Loss of volatile hydrocarbons from LNAPL oil source: Journal of Contaminant Hydrology, v. 126, pp. 140-152.",
ds_01,x421B,B421-87C,7/15/1987,Estimated the sampling month and day to mid summer of the known sample collection year.,OW,9,L7,C,2,xLO054,Naph_mgG,,0.529,xLCA01,"Baedecker, M.J., Eaganhouse, R.P., Bekins, B.A., and Delin, G.N., 2011, Loss of volatile hydrocarbons from LNAPL oil source: Journal of Contaminant Hydrology, v. 126, pp. 140-152.",
ds_01,x421B,B421-89,7/15/1989,Estimated the sampling month and day to mid summer of the known sample collection year.,OW,9,L9,A,1,xLO054,Naph_mgG,,0.528,xLCA01,"Baedecker, M.J., Eaganhouse, R.P., Bekins, B.A., and Delin, G.N., 2011, Loss of volatile hydrocarbons from LNAPL oil source: Journal of Contaminant Hydrology, v. 126, pp. 140-152.",
ds_01,x421B,B421-05A,7/15/2005,Estimated the sampling month and day to mid summer of the known sample collection year.,OW,9,L7,A,1,xLO054,Naph_mgG,,0.561,xLCA01,"Baedecker, M.J., Eaganhouse, R.P., Bekins, B.A., and Delin, G.N., 2011, Loss of volatile hydrocarbons from LNAPL oil source: Journal of Contaminant Hydrology, v. 126, pp. 140-152.",
ds_01,x421B,B421-05B,7/15/2005,Estimated the sampling month and day to mid summer of the known sample collection year.,OW,9,L7,B,1,xLO054,Naph_mgG,,0.564,xLCA01,"Baedecker, M.J., Eaganhouse, R.P., Bekins, B.A., and Delin, G.N., 2011, Loss of volatile hydrocarbons from LNAPL oil source: Journal of Contaminant Hydrology, v. 126, pp. 140-152.",
ds_01,x421B,B421-05C,7/15/2005,Estimated the sampling month and day to mid summer of the known sample collection year.,OW,9,L7,C,1,xLO054,Naph_mgG,,0.577,xLCA01,"Baedecker, M.J., Eaganhouse, R.P., Bekins, B.A., and Delin, G.N., 2011, Loss of volatile hydrocarbons from LNAPL oil source: Journal of Contaminant Hydrology, v. 126, pp. 140-152.",
ds_01,x421B,B421-08A,7/15/2008,Estimated the sampling month and day to mid summer of the known sample collection year.,OW,9,L7,A,1,xLO054,Naph_mgG,,0.584,xLCA01,"Baedecker, M.J., Eaganhouse, R.P., Bekins, B.A., and Delin, G.N., 2011, Loss of volatile hydrocarbons from LNAPL oil source: Journal of Contaminant Hydrology, v. 126, pp. 140-152.",
ds_01,x421B,B421-08B,7/15/2008,Estimated the sampling month and day to mid summer of the known sample collection year.,OW,9,L7,B,1,xLO054,Naph_mgG,,0.601,xLCA01,"Baedecker, M.J., Eaganhouse, R.P., Bekins, B.A., and Delin, G.N., 2011, Loss of volatile hydrocarbons from LNAPL oil source: Journal of Contaminant Hydrology, v. 126, pp. 140-152.",
ds_01,x421B,B421-08C,7/15/2008,Estimated the sampling month and day to mid summer of the known sample collection year.,OW,9,L7,C,1,xLO054,Naph_mgG,,0.605,xLCA01,"Baedecker, M.J., Eaganhouse, R.P., Bekins, B.A., and Delin, G.N., 2011, Loss of volatile hydrocarbons from LNAPL oil source: Journal of Contaminant Hydrology, v. 126, pp. 140-152.",
ds_01,x306,B306-89,7/15/2009,Estimated the sampling month and day to mid summer of the known sample collection year.,OW,9,L9,A,1,xLO054,Naph_mgG,,0.627,xLCA01,"Baedecker, M.J., Eaganhouse, R.P., Bekins, B.A., and Delin, G.N., 2011, Loss of volatile hydrocarbons from LNAPL oil source: Journal of Contaminant Hydrology, v. 126, pp. 140-152.",
ds_01,x306,B306-05,7/15/2005,Estimated the sampling month and day to mid summer of the known sample collection year.,OW,9,L9,A,1,xLO054,Naph_mgG,,0.508,xLCA01,"Baedecker, M.J., Eaganhouse, R.P., Bekins, B.A., and Delin, G.N., 2011, Loss of volatile hydrocarbons from LNAPL oil source: Journal of Contaminant Hydrology, v. 126, pp. 140-152.",
ds_01,x306,B306-08,7/15/2008,Estimated the sampling month and day to mid summer of the known sample collection year.,OW,9,L9,A,1,xLO054,Naph_mgG,,0.379,xLCA01,"Baedecker, M.J., Eaganhouse, R.P., Bekins, B.A., and Delin, G.N., 2011, Loss of volatile hydrocarbons from LNAPL oil source: Journal of Contaminant Hydrology, v. 126, pp. 140-152.",
ds_01,x423,B423-89,7/15/1989,Estimated the sampling month and day to mid summer of the known sample collection year.,OW,9,L7,A,1,xLO054,Naph_mgG,,0.475,xLCA01,"Baedecker, M.J., Eaganhouse, R.P., Bekins, B.A., and Delin, G.N., 2011, Loss of volatile hydrocarbons from LNAPL oil source: Journal of Contaminant Hydrology, v. 126, pp. 140-152.",
ds_01,x423,B423-89,7/15/1989,Estimated the sampling month and day to mid summer of the known sample collection year.,OW,9,L7,A,2,xLO054,Naph_mgG,,0.458,xLCA01,"Baedecker, M.J., Eaganhouse, R.P., Bekins, B.A., and Delin, G.N., 2011, Loss of volatile hydrocarbons from LNAPL oil source: Journal of Contaminant Hydrology, v. 126, pp. 140-152.",
ds_01,x423,B423-04,7/15/2004,Estimated the sampling month and day to mid summer of the known sample collection year.,OW,9,L9,A,1,xLO054,Naph_mgG,,0.525,xLCA01,"Baedecker, M.J., Eaganhouse, R.P., Bekins, B.A., and Delin, G.N., 2011, Loss of volatile hydrocarbons from LNAPL oil source: Journal of Contaminant Hydrology, v. 126, pp. 140-152.",
ds_01,x423,B423-08,7/15/2008,Estimated the sampling month and day to mid summer of the known sample collection year.,OW,9,L9,A,1,xLO054,Naph_mgG,,0.543,xLCA01,"Baedecker, M.J., Eaganhouse, R.P., Bekins, B.A., and Delin, G.N., 2011, Loss of volatile hydrocarbons from LNAPL oil source: Journal of Contaminant Hydrology, v. 126, pp. 140-152.",
ds_01,x319,B319-89,7/15/1989,Estimated the sampling month and day to mid summer of the known sample collection year.,OW,9,L9,A,1,xLO054,Naph_mgG,,0.461,xLCA01,"Baedecker, M.J., Eaganhouse, R.P., Bekins, B.A., and Delin, G.N., 2011, Loss of volatile hydrocarbons from LNAPL oil source: Journal of Contaminant Hydrology, v. 126, pp. 140-152.",
ds_01,x319,B319-04,7/15/2004,Estimated the sampling month and day to mid summer of the known sample collection year.,OW,9,L9,A,1,xLO054,Naph_mgG,,0.559,xLCA01,"Baedecker, M.J., Eaganhouse, R.P., Bekins, B.A., and Delin, G.N., 2011, Loss of volatile hydrocarbons from LNAPL oil source: Journal of Contaminant Hydrology, v. 126, pp. 140-152.",
ds_01,x319,B319-08,7/15/2008,Estimated the sampling month and day to mid summer of the known sample collection year.,OW,9,L9,A,1,xLO054,Naph_mgG,,0.544,xLCA01,"Baedecker, M.J., Eaganhouse, R.P., Bekins, B.A., and Delin, G.N., 2011, Loss of volatile hydrocarbons from LNAPL oil source: Journal of Contaminant Hydrology, v. 126, pp. 140-152.",
ds_01,xCL-MW3,CL-MW3-07-1,7/15/2001,Estimated the sampling month and day to mid summer of the known sample collection year.,OW,9,L9,A,1,xLO066,oXyl_mgG,,0.021,xLCA01,"Baedecker, M.J., Eaganhouse, R.P., Bekins, B.A., and Delin, G.N., 2011, Loss of volatile hydrocarbons from LNAPL oil source: Journal of Contaminant Hydrology, v. 126, pp. 140-152.",
ds_01,xCL-MW3,CL-MW3-07-1,7/15/2001,Estimated the sampling month and day to mid summer of the known sample collection year.,OW,9,L9,A,1,xLO039,CyHex_dBz_mgG,,0.585,xLCA02,"Baedecker, M.J., Eaganhouse, R.P., Bekins, B.A., and Delin, G.N., 2011, Loss of volatile hydrocarbons from LNAPL oil source: Journal of Contaminant Hydrology, v. 126, pp. 140-152.",
ds_01,x604A,B604-87,7/15/1987,Estimated the sampling month and day to mid summer of the known sample collection year.,OW,9,L9,A,1,xLO054,Naph_mgG,,0.508,xLCA01,"Baedecker, M.J., Eaganhouse, R.P., Bekins, B.A., and Delin, G.N., 2011, Loss of volatile hydrocarbons from LNAPL oil source: Journal of Contaminant Hydrology, v. 126, pp. 140-152.",
ds_01,xCL-MW3,CL-MW3-07-1,7/15/2001,Estimated the sampling month and day to mid summer of the known sample collection year.,OW,9,L9,A,1,xLO051,MeCyHex_dTol_mgG,,2.007,xLCA02,"Baedecker, M.J., Eaganhouse, R.P., Bekins, B.A., and Delin, G.N., 2011, Loss of volatile hydrocarbons from LNAPL oil source: Journal of Contaminant Hydrology, v. 126, pp. 140-152.",
ds_01,xCL-MW3,CL-MW3-07-1,7/15/2001,Estimated the sampling month and day to mid summer of the known sample collection year.,OW,9,L9,A,1,xLO043,EtCyHex_dEtBz_mgG,,0.987,xLCA02,"Baedecker, M.J., Eaganhouse, R.P., Bekins, B.A., and Delin, G.N., 2011, Loss of volatile hydrocarbons from LNAPL oil source: Journal of Contaminant Hydrology, v. 126, pp. 140-152.",
ds_01,xCL-MW3,CL-MW3-07-1,7/15/2001,Estimated the sampling month and day to mid summer of the known sample collection year.,OW,9,L9,A,1,xLO014,135TMeBz_mgG,,0.819,xLCA01,"Baedecker, M.J., Eaganhouse, R.P., Bekins, B.A., and Delin, G.N., 2011, Loss of volatile hydrocarbons from LNAPL oil source: Journal of Contaminant Hydrology, v. 126, pp. 140-152.",
ds_01,xCL-MW3,CL-MW3-07-1,7/15/2001,Estimated the sampling month and day to mid summer of the known sample collection year.,OW,9,L9,A,1,xLO009,124TMeBz_mgG,,2.195,xLCA01,"Baedecker, M.J., Eaganhouse, R.P., Bekins, B.A., and Delin, G.N., 2011, Loss of volatile hydrocarbons from LNAPL oil source: Journal of Contaminant Hydrology, v. 126, pp. 140-152.",
ds_01,xCL-MW3,CL-MW3-07-1,7/15/2001,Estimated the sampling month and day to mid summer of the known sample collection year.,OW,9,L9,A,1,xLO005,123TMeBz_mgG,,0.802,xLCA01,"Baedecker, M.J., Eaganhouse, R.P., Bekins, B.A., and Delin, G.N., 2011, Loss of volatile hydrocarbons from LNAPL oil source: Journal of Contaminant Hydrology, v. 126, pp. 140-152.",
ds_01,x421B,B421-87A,7/15/1987,Estimated the sampling month and day to mid summer of the known sample collection year.,OW,9,L7,A,1,xLO032,2Me_dNaph_mgG,,0.465,xLCA02,"Baedecker, M.J., Eaganhouse, R.P., Bekins, B.A., and Delin, G.N., 2011, Loss of volatile hydrocarbons from LNAPL oil source: Journal of Contaminant Hydrology, v. 126, pp. 140-152.",
ds_01,x421B,B421-87A,7/15/1987,Estimated the sampling month and day to mid summer of the known sample collection year.,OW,9,L7,A,2,xLO032,2Me_dNaph_mgG,,0.906,xLCA02,"Baedecker, M.J., Eaganhouse, R.P., Bekins, B.A., and Delin, G.N., 2011, Loss of volatile hydrocarbons from LNAPL oil source: Journal of Contaminant Hydrology, v. 126, pp. 140-152.",
ds_01,x421B,B421-87B,7/15/1987,Estimated the sampling month and day to mid summer of the known sample collection year.,OW,9,L7,B,1,xLO032,2Me_dNaph_mgG,,0.835,xLCA02,"Baedecker, M.J., Eaganhouse, R.P., Bekins, B.A., and Delin, G.N., 2011, Loss of volatile hydrocarbons from LNAPL oil source: Journal of Contaminant Hydrology, v. 126, pp. 140-152.",
ds_01,x421B,B421-87B,7/15/1987,Estimated the sampling month and day to mid summer of the known sample collection year.,OW,9,L7,B,2,xLO032,2Me_dNaph_mgG,,0.679,xLCA02,"Baedecker, M.J., Eaganhouse, R.P., Bekins, B.A., and Delin, G.N., 2011, Loss of volatile hydrocarbons from LNAPL oil source: Journal of Contaminant Hydrology, v. 126, pp. 140-152.",
ds_01,x421B,B421-87C,7/15/1987,Estimated the sampling month and day to mid summer of the known sample collection year.,OW,9,L7,C,1,xLO032,2Me_dNaph_mgG,,0.487,xLCA02,"Baedecker, M.J., Eaganhouse, R.P., Bekins, B.A., and Delin, G.N., 2011, Loss of volatile hydrocarbons from LNAPL oil source: Journal of Contaminant Hydrology, v. 126, pp. 140-152.",
ds_01,x421B,B421-87C,7/15/1987,Estimated the sampling month and day to mid summer of the known sample collection year.,OW,9,L7,C,2,xLO032,2Me_dNaph_mgG,,0.655,xLCA02,"Baedecker, M.J., Eaganhouse, R.P., Bekins, B.A., and Delin, G.N., 2011, Loss of volatile hydrocarbons from LNAPL oil source: Journal of Contaminant Hydrology, v. 126, pp. 140-152.",
ds_01,x421B,B421-89,7/15/1989,Estimated the sampling month and day to mid summer of the known sample collection year.,OW,9,L9,A,1,xLO032,2Me_dNaph_mgG,,0.56,xLCA02,"Baedecker, M.J., Eaganhouse, R.P., Bekins, B.A., and Delin, G.N., 2011, Loss of volatile hydrocarbons from LNAPL oil source: Journal of Contaminant Hydrology, v. 126, pp. 140-152.",
ds_01,x421B,B421-05A,7/15/2005,Estimated the sampling month and day to mid summer of the known sample collection year.,OW,9,L7,A,1,xLO032,2Me_dNaph_mgG,,0.81,xLCA02,"Baedecker, M.J., Eaganhouse, R.P., Bekins, B.A., and Delin, G.N., 2011, Loss of volatile hydrocarbons from LNAPL oil source: Journal of Contaminant Hydrology, v. 126, pp. 140-152.",
ds_01,x421B,B421-05B,7/15/2005,Estimated the sampling month and day to mid summer of the known sample collection year.,OW,9,L7,B,1,xLO032,2Me_dNaph_mgG,,0.646,xLCA02,"Baedecker, M.J., Eaganhouse, R.P., Bekins, B.A., and Delin, G.N., 2011, Loss of volatile hydrocarbons from LNAPL oil source: Journal of Contaminant Hydrology, v. 126, pp. 140-152.",
ds_01,x421B,B421-05C,7/15/2005,Estimated the sampling month and day to mid summer of the known sample collection year.,OW,9,L7,C,1,xLO032,2Me_dNaph_mgG,,0.6,xLCA02,"Baedecker, M.J., Eaganhouse, R.P., Bekins, B.A., and Delin, G.N., 2011, Loss of volatile hydrocarbons from LNAPL oil source: Journal of Contaminant Hydrology, v. 126, pp. 140-152.",
ds_01,x421B,B421-08A,7/15/2008,Estimated the sampling month and day to mid summer of the known sample collection year.,OW,9,L7,A,1,xLO032,2Me_dNaph_mgG,,0.715,xLCA02,"Baedecker, M.J., Eaganhouse, R.P., Bekins, B.A., and Delin, G.N., 2011, Loss of volatile hydrocarbons from LNAPL oil source: Journal of Contaminant Hydrology, v. 126, pp. 140-152.",
ds_01,x421B,B421-08B,7/15/2008,Estimated the sampling month and day to mid summer of the known sample collection year.,OW,9,L7,B,1,xLO032,2Me_dNaph_mgG,,0.697,xLCA02,"Baedecker, M.J., Eaganhouse, R.P., Bekins, B.A., and Delin, G.N., 2011, Loss of volatile hydrocarbons from LNAPL oil source: Journal of Contaminant Hydrology, v. 126, pp. 140-152.",
ds_01,x421B,B421-08C,7/15/2008,Estimated the sampling month and day to mid summer of the known sample collection year.,OW,9,L7,C,1,xLO032,2Me_dNaph_mgG,,0.659,xLCA02,"Baedecker, M.J., Eaganhouse, R.P., Bekins, B.A., and Delin, G.N., 2011, Loss of volatile hydrocarbons from LNAPL oil source: Journal of Contaminant Hydrology, v. 126, pp. 140-152.",
ds_01,x306,B306-89,7/15/2009,Estimated the sampling month and day to mid summer of the known sample collection year.,OW,9,L9,A,1,xLO032,2Me_dNaph_mgG,,0.734,xLCA02,"Baedecker, M.J., Eaganhouse, R.P., Bekins, B.A., and Delin, G.N., 2011, Loss of volatile hydrocarbons from LNAPL oil source: Journal of Contaminant Hydrology, v. 126, pp. 140-152.",
ds_01,x306,B306-05,7/15/2005,Estimated the sampling month and day to mid summer of the known sample collection year.,OW,9,L9,A,1,xLO032,2Me_dNaph_mgG,,0.647,xLCA02,"Baedecker, M.J., Eaganhouse, R.P., Bekins, B.A., and Delin, G.N., 2011, Loss of volatile hydrocarbons from LNAPL oil source: Journal of Contaminant Hydrology, v. 126, pp. 140-152.",
ds_01,x306,B306-08,7/15/2008,Estimated the sampling month and day to mid summer of the known sample collection year.,OW,9,L9,A,1,xLO032,2Me_dNaph_mgG,,0.686,xLCA02,"Baedecker, M.J., Eaganhouse, R.P., Bekins, B.A., and Delin, G.N., 2011, Loss of volatile hydrocarbons from LNAPL oil source: Journal of Contaminant Hydrology, v. 126, pp. 140-152.",
ds_01,x423,B423-89,7/15/1989,Estimated the sampling month and day to mid summer of the known sample collection year.,OW,9,L7,A,1,xLO032,2Me_dNaph_mgG,,0.736,xLCA02,"Baedecker, M.J., Eaganhouse, R.P., Bekins, B.A., and Delin, G.N., 2011, Loss of volatile hydrocarbons from LNAPL oil source: Journal of Contaminant Hydrology, v. 126, pp. 140-152.",
ds_01,x423,B423-89,7/15/1989,Estimated the sampling month and day to mid summer of the known sample collection year.,OW,9,L7,A,2,xLO032,2Me_dNaph_mgG,,0.542,xLCA02,"Baedecker, M.J., Eaganhouse, R.P., Bekins, B.A., and Delin, G.N., 2011, Loss of volatile hydrocarbons from LNAPL oil source: Journal of Contaminant Hydrology, v. 126, pp. 140-152.",
ds_01,x423,B423-04,7/15/2004,Estimated the sampling month and day to mid summer of the known sample collection year.,OW,9,L9,A,1,xLO032,2Me_dNaph_mgG,,1.047,xLCA02,"Baedecker, M.J., Eaganhouse, R.P., Bekins, B.A., and Delin, G.N., 2011, Loss of volatile hydrocarbons from LNAPL oil source: Journal of Contaminant Hydrology, v. 126, pp. 140-152.",
ds_01,x423,B423-08,7/15/2008,Estimated the sampling month and day to mid summer of the known sample collection year.,OW,9,L9,A,1,xLO032,2Me_dNaph_mgG,,0.503,xLCA02,"Baedecker, M.J., Eaganhouse, R.P., Bekins, B.A., and Delin, G.N., 2011, Loss of volatile hydrocarbons from LNAPL oil source: Journal of Contaminant Hydrology, v. 126, pp. 140-152.",
ds_01,x319,B319-89,7/15/1989,Estimated the sampling month and day to mid summer of the known sample collection year.,OW,9,L9,A,1,xLO032,2Me_dNaph_mgG,,0.669,xLCA02,"Baedecker, M.J., Eaganhouse, R.P., Bekins, B.A., and Delin, G.N., 2011, Loss of volatile hydrocarbons from LNAPL oil source: Journal of Contaminant Hydrology, v. 126, pp. 140-152.",
ds_01,x319,B319-04,7/15/2004,Estimated the sampling month and day to mid summer of the known sample collection year.,OW,9,L9,A,1,xLO032,2Me_dNaph_mgG,,0.835,xLCA02,"Baedecker, M.J., Eaganhouse, R.P., Bekins, B.A., and Delin, G.N., 2011, Loss of volatile hydrocarbons from LNAPL oil source: Journal of Contaminant Hydrology, v. 126, pp. 140-152.",
ds_01,x319,B319-08,7/15/2008,Estimated the sampling month and day to mid summer of the known sample collection year.,OW,9,L9,A,1,xLO032,2Me_dNaph_mgG,,0.486,xLCA02,"Baedecker, M.J., Eaganhouse, R.P., Bekins, B.A., and Delin, G.N., 2011, Loss of volatile hydrocarbons from LNAPL oil source: Journal of Contaminant Hydrology, v. 126, pp. 140-152.",
ds_01,xCL-MW3,CL-MW3-07-1,7/15/2001,Estimated the sampling month and day to mid summer of the known sample collection year.,OW,9,L9,A,1,xLO007,1245TMeBz_dNaph_mgG,,0.135,xLCA02,"Baedecker, M.J., Eaganhouse, R.P., Bekins, B.A., and Delin, G.N., 2011, Loss of volatile hydrocarbons from LNAPL oil source: Journal of Contaminant Hydrology, v. 126, pp. 140-152.",
ds_01,xCL-MW3,CL-MW3-07-1,7/15/2001,Estimated the sampling month and day to mid summer of the known sample collection year.,OW,9,L9,A,1,xLO003,1235TMeBz_d-Naph_mgG,,0.322,xLCA02,"Baedecker, M.J., Eaganhouse, R.P., Bekins, B.A., and Delin, G.N., 2011, Loss of volatile hydrocarbons from LNAPL oil source: Journal of Contaminant Hydrology, v. 126, pp. 140-152.",
ds_01,x604A,B604-87,7/15/1987,Estimated the sampling month and day to mid summer of the known sample collection year.,OW,9,L9,A,1,xLO032,2Me_dNaph_mgG,,0.768,xLCA02,"Baedecker, M.J., Eaganhouse, R.P., Bekins, B.A., and Delin, G.N., 2011, Loss of volatile hydrocarbons from LNAPL oil source: Journal of Contaminant Hydrology, v. 126, pp. 140-152.",
ds_01,xCL-MW3,CL-MW3-07-1,7/15/2001,Estimated the sampling month and day to mid summer of the known sample collection year.,OW,9,L9,A,1,xLO001,1234TMeBz_dNaph_mgG,,0.568,xLCA02,"Baedecker, M.J., Eaganhouse, R.P., Bekins, B.A., and Delin, G.N., 2011, Loss of volatile hydrocarbons from LNAPL oil source: Journal of Contaminant Hydrology, v. 126, pp. 140-152.",
ds_01,xCL-MW3,CL-MW3-07-1,7/15/2001,Estimated the sampling month and day to mid summer of the known sample collection year.,OW,9,L9,A,1,xLO054,Naph_mgG,,0.258,xLCA01,"Baedecker, M.J., Eaganhouse, R.P., Bekins, B.A., and Delin, G.N., 2011, Loss of volatile hydrocarbons from LNAPL oil source: Journal of Contaminant Hydrology, v. 126, pp. 140-152.",
ds_01,xCL-MW3,CL-MW3-07-1,7/15/2001,Estimated the sampling month and day to mid summer of the known sample collection year.,OW,9,L9,A,1,xLO032,2Me_dNaph_mgG,,0.459,xLCA02,"Baedecker, M.J., Eaganhouse, R.P., Bekins, B.A., and Delin, G.N., 2011, Loss of volatile hydrocarbons from LNAPL oil source: Journal of Contaminant Hydrology, v. 126, pp. 140-152.",
ds_01,xCL-MW3,CL-MW3-07-1,7/15/2001,Estimated the sampling month and day to mid summer of the known sample collection year.,OW,9,L9,A,1,xLO022,1Me_dNaph_mgG,,0.31,xLCA02,"Baedecker, M.J., Eaganhouse, R.P., Bekins, B.A., and Delin, G.N., 2011, Loss of volatile hydrocarbons from LNAPL oil source: Journal of Contaminant Hydrology, v. 126, pp. 140-152.",
ds_01,xCL-MW3,CL-MW3-07-1,7/15/2001,Estimated the sampling month and day to mid summer of the known sample collection year.,OW,9,L9,A,1,xLO060,nC6_mgG,<,0.01,xLCA01,"Baedecker, M.J., Eaganhouse, R.P., Bekins, B.A., and Delin, G.N., 2011, Loss of volatile hydrocarbons from LNAPL oil source: Journal of Contaminant Hydrology, v. 126, pp. 140-152.",
ds_01,x421B,B421-87A,7/15/1987,Estimated the sampling month and day to mid summer of the known sample collection year.,OW,9,L7,A,1,xLO022,1Me_dNaph_mgG,,0.301,xLCA02,"Baedecker, M.J., Eaganhouse, R.P., Bekins, B.A., and Delin, G.N., 2011, Loss of volatile hydrocarbons from LNAPL oil source: Journal of Contaminant Hydrology, v. 126, pp. 140-152.",
ds_01,x421B,B421-87A,7/15/1987,Estimated the sampling month and day to mid summer of the known sample collection year.,OW,9,L7,A,2,xLO022,1Me_dNaph_mgG,,0.584,xLCA02,"Baedecker, M.J., Eaganhouse, R.P., Bekins, B.A., and Delin, G.N., 2011, Loss of volatile hydrocarbons from LNAPL oil source: Journal of Contaminant Hydrology, v. 126, pp. 140-152.",
ds_01,x421B,B421-87B,7/15/1987,Estimated the sampling month and day to mid summer of the known sample collection year.,OW,9,L7,B,1,xLO022,1Me_dNaph_mgG,,0.575,xLCA02,"Baedecker, M.J., Eaganhouse, R.P., Bekins, B.A., and Delin, G.N., 2011, Loss of volatile hydrocarbons from LNAPL oil source: Journal of Contaminant Hydrology, v. 126, pp. 140-152.",
ds_01,x421B,B421-87B,7/15/1987,Estimated the sampling month and day to mid summer of the known sample collection year.,OW,9,L7,B,2,xLO022,1Me_dNaph_mgG,,0.438,xLCA02,"Baedecker, M.J., Eaganhouse, R.P., Bekins, B.A., and Delin, G.N., 2011, Loss of volatile hydrocarbons from LNAPL oil source: Journal of Contaminant Hydrology, v. 126, pp. 140-152.",
ds_01,x421B,B421-87C,7/15/1987,Estimated the sampling month and day to mid summer of the known sample collection year.,OW,9,L7,C,1,xLO022,1Me_dNaph_mgG,,0.326,xLCA02,"Baedecker, M.J., Eaganhouse, R.P., Bekins, B.A., and Delin, G.N., 2011, Loss of volatile hydrocarbons from LNAPL oil source: Journal of Contaminant Hydrology, v. 126, pp. 140-152.",
ds_01,x421B,B421-87C,7/15/1987,Estimated the sampling month and day to mid summer of the known sample collection year.,OW,9,L7,C,2,xLO022,1Me_dNaph_mgG,,0.44,xLCA02,"Baedecker, M.J., Eaganhouse, R.P., Bekins, B.A., and Delin, G.N., 2011, Loss of volatile hydrocarbons from LNAPL oil source: Journal of Contaminant Hydrology, v. 126, pp. 140-152.",
ds_01,x421B,B421-89,7/15/1989,Estimated the sampling month and day to mid summer of the known sample collection year.,OW,9,L9,A,1,xLO022,1Me_dNaph_mgG,,0.381,xLCA02,"Baedecker, M.J., Eaganhouse, R.P., Bekins, B.A., and Delin, G.N., 2011, Loss of volatile hydrocarbons from LNAPL oil source: Journal of Contaminant Hydrology, v. 126, pp. 140-152.",
ds_01,x421B,B421-05A,7/15/2005,Estimated the sampling month and day to mid summer of the known sample collection year.,OW,9,L7,A,1,xLO022,1Me_dNaph_mgG,,0.569,xLCA02,"Baedecker, M.J., Eaganhouse, R.P., Bekins, B.A., and Delin, G.N., 2011, Loss of volatile hydrocarbons from LNAPL oil source: Journal of Contaminant Hydrology, v. 126, pp. 140-152.",
ds_01,x421B,B421-05B,7/15/2005,Estimated the sampling month and day to mid summer of the known sample collection year.,OW,9,L7,B,1,xLO022,1Me_dNaph_mgG,,0.424,xLCA02,"Baedecker, M.J., Eaganhouse, R.P., Bekins, B.A., and Delin, G.N., 2011, Loss of volatile hydrocarbons from LNAPL oil source: Journal of Contaminant Hydrology, v. 126, pp. 140-152.",
ds_01,x421B,B421-05C,7/15/2005,Estimated the sampling month and day to mid summer of the known sample collection year.,OW,9,L7,C,1,xLO022,1Me_dNaph_mgG,,0.395,xLCA02,"Baedecker, M.J., Eaganhouse, R.P., Bekins, B.A., and Delin, G.N., 2011, Loss of volatile hydrocarbons from LNAPL oil source: Journal of Contaminant Hydrology, v. 126, pp. 140-152.",
ds_01,x421B,B421-08A,7/15/2008,Estimated the sampling month and day to mid summer of the known sample collection year.,OW,9,L7,A,1,xLO022,1Me_dNaph_mgG,,0.477,xLCA02,"Baedecker, M.J., Eaganhouse, R.P., Bekins, B.A., and Delin, G.N., 2011, Loss of volatile hydrocarbons from LNAPL oil source: Journal of Contaminant Hydrology, v. 126, pp. 140-152.",
ds_01,x421B,B421-08B,7/15/2008,Estimated the sampling month and day to mid summer of the known sample collection year.,OW,9,L7,B,1,xLO022,1Me_dNaph_mgG,,0.481,xLCA02,"Baedecker, M.J., Eaganhouse, R.P., Bekins, B.A., and Delin, G.N., 2011, Loss of volatile hydrocarbons from LNAPL oil source: Journal of Contaminant Hydrology, v. 126, pp. 140-152.",
ds_01,x421B,B421-08C,7/15/2008,Estimated the sampling month and day to mid summer of the known sample collection year.,OW,9,L7,C,1,xLO022,1Me_dNaph_mgG,,0.436,xLCA02,"Baedecker, M.J., Eaganhouse, R.P., Bekins, B.A., and Delin, G.N., 2011, Loss of volatile hydrocarbons from LNAPL oil source: Journal of Contaminant Hydrology, v. 126, pp. 140-152.",
ds_01,x306,B306-89,7/15/2009,Estimated the sampling month and day to mid summer of the known sample collection year.,OW,9,L9,A,1,xLO022,1Me_dNaph_mgG,,0.494,xLCA02,"Baedecker, M.J., Eaganhouse, R.P., Bekins, B.A., and Delin, G.N., 2011, Loss of volatile hydrocarbons from LNAPL oil source: Journal of Contaminant Hydrology, v. 126, pp. 140-152.",
ds_01,x306,B306-05,7/15/2005,Estimated the sampling month and day to mid summer of the known sample collection year.,OW,9,L9,A,1,xLO022,1Me_dNaph_mgG,,0.426,xLCA02,"Baedecker, M.J., Eaganhouse, R.P., Bekins, B.A., and Delin, G.N., 2011, Loss of volatile hydrocarbons from LNAPL oil source: Journal of Contaminant Hydrology, v. 126, pp. 140-152.",
ds_01,x306,B306-08,7/15/2008,Estimated the sampling month and day to mid summer of the known sample collection year.,OW,9,L9,A,1,xLO022,1Me_dNaph_mgG,,0.514,xLCA02,"Baedecker, M.J., Eaganhouse, R.P., Bekins, B.A., and Delin, G.N., 2011, Loss of volatile hydrocarbons from LNAPL oil source: Journal of Contaminant Hydrology, v. 126, pp. 140-152.",
ds_01,x423,B423-89,7/15/1989,Estimated the sampling month and day to mid summer of the known sample collection year.,OW,9,L7,A,1,xLO022,1Me_dNaph_mgG,,0.511,xLCA02,"Baedecker, M.J., Eaganhouse, R.P., Bekins, B.A., and Delin, G.N., 2011, Loss of volatile hydrocarbons from LNAPL oil source: Journal of Contaminant Hydrology, v. 126, pp. 140-152.",
ds_01,x423,B423-89,7/15/1989,Estimated the sampling month and day to mid summer of the known sample collection year.,OW,9,L7,A,2,xLO022,1Me_dNaph_mgG,,0.35,xLCA02,"Baedecker, M.J., Eaganhouse, R.P., Bekins, B.A., and Delin, G.N., 2011, Loss of volatile hydrocarbons from LNAPL oil source: Journal of Contaminant Hydrology, v. 126, pp. 140-152.",
ds_01,x423,B423-04,7/15/2004,Estimated the sampling month and day to mid summer of the known sample collection year.,OW,9,L9,A,1,xLO022,1Me_dNaph_mgG,,0.735,xLCA02,"Baedecker, M.J., Eaganhouse, R.P., Bekins, B.A., and Delin, G.N., 2011, Loss of volatile hydrocarbons from LNAPL oil source: Journal of Contaminant Hydrology, v. 126, pp. 140-152.",
ds_01,x423,B423-08,7/15/2008,Estimated the sampling month and day to mid summer of the known sample collection year.,OW,9,L9,A,1,xLO022,1Me_dNaph_mgG,,0.316,xLCA02,"Baedecker, M.J., Eaganhouse, R.P., Bekins, B.A., and Delin, G.N., 2011, Loss of volatile hydrocarbons from LNAPL oil source: Journal of Contaminant Hydrology, v. 126, pp. 140-152.",
ds_01,x319,B319-89,7/15/1989,Estimated the sampling month and day to mid summer of the known sample collection year.,OW,9,L9,A,1,xLO022,1Me_dNaph_mgG,,0.451,xLCA02,"Baedecker, M.J., Eaganhouse, R.P., Bekins, B.A., and Delin, G.N., 2011, Loss of volatile hydrocarbons from LNAPL oil source: Journal of Contaminant Hydrology, v. 126, pp. 140-152.",
ds_01,x319,B319-04,7/15/2004,Estimated the sampling month and day to mid summer of the known sample collection year.,OW,9,L9,A,1,xLO022,1Me_dNaph_mgG,,0.557,xLCA02,"Baedecker, M.J., Eaganhouse, R.P., Bekins, B.A., and Delin, G.N., 2011, Loss of volatile hydrocarbons from LNAPL oil source: Journal of Contaminant Hydrology, v. 126, pp. 140-152.",
ds_01,x319,B319-08,7/15/2008,Estimated the sampling month and day to mid summer of the known sample collection year.,OW,9,L9,A,1,xLO022,1Me_dNaph_mgG,,0.3,xLCA02,"Baedecker, M.J., Eaganhouse, R.P., Bekins, B.A., and Delin, G.N., 2011, Loss of volatile hydrocarbons from LNAPL oil source: Journal of Contaminant Hydrology, v. 126, pp. 140-152.",
ds_01,xCL-MW3,CL-MW3-07-1,7/15/2001,Estimated the sampling month and day to mid summer of the known sample collection year.,OW,9,L9,A,1,xLO061,nC7_mgG,<,0.01,xLCA01,"Baedecker, M.J., Eaganhouse, R.P., Bekins, B.A., and Delin, G.N., 2011, Loss of volatile hydrocarbons from LNAPL oil source: Journal of Contaminant Hydrology, v. 126, pp. 140-152.",
ds_01,xCL-MW3,CL-MW3-07-1,7/15/2001,Estimated the sampling month and day to mid summer of the known sample collection year.,OW,9,L9,A,1,xLO062,nC8_mgG,<,0.01,xLCA01,"Baedecker, M.J., Eaganhouse, R.P., Bekins, B.A., and Delin, G.N., 2011, Loss of volatile hydrocarbons from LNAPL oil source: Journal of Contaminant Hydrology, v. 126, pp. 140-152.",
ds_01,x604A,B604-87,7/15/1987,Estimated the sampling month and day to mid summer of the known sample collection year.,OW,9,L9,A,1,xLO022,1Me_dNaph_mgG,,0.518,xLCA02,"Baedecker, M.J., Eaganhouse, R.P., Bekins, B.A., and Delin, G.N., 2011, Loss of volatile hydrocarbons from LNAPL oil source: Journal of Contaminant Hydrology, v. 126, pp. 140-152.",
ds_01,xCL-MW3,CL-MW3-07-1,7/15/2001,Estimated the sampling month and day to mid summer of the known sample collection year.,OW,9,L9,A,1,xLO063,nC9_mgG,<,0.01,xLCA01,"Baedecker, M.J., Eaganhouse, R.P., Bekins, B.A., and Delin, G.N., 2011, Loss of volatile hydrocarbons from LNAPL oil source: Journal of Contaminant Hydrology, v. 126, pp. 140-152.",
ds_01,xCL-MW3,CL-MW3-07-1,7/15/2001,Estimated the sampling month and day to mid summer of the known sample collection year.,OW,9,L9,A,1,xLO057,nC10_mgG,<,0.01,xLCA01,"Baedecker, M.J., Eaganhouse, R.P., Bekins, B.A., and Delin, G.N., 2011, Loss of volatile hydrocarbons from LNAPL oil source: Journal of Contaminant Hydrology, v. 126, pp. 140-152.",
ds_01,xCL-MW3,CL-MW3-07-1,7/15/2001,Estimated the sampling month and day to mid summer of the known sample collection year.,OW,9,L9,A,1,xLO058,nC11_mgG,<,0.01,xLCA01,"Baedecker, M.J., Eaganhouse, R.P., Bekins, B.A., and Delin, G.N., 2011, Loss of volatile hydrocarbons from LNAPL oil source: Journal of Contaminant Hydrology, v. 126, pp. 140-152.",
ds_01,xCL-MW3,CL-MW3-07-1,7/15/2001,Estimated the sampling month and day to mid summer of the known sample collection year.,OW,9,L9,A,1,xLO059,nC12_mgG,<,0.01,xLCA01,"Baedecker, M.J., Eaganhouse, R.P., Bekins, B.A., and Delin, G.N., 2011, Loss of volatile hydrocarbons from LNAPL oil source: Journal of Contaminant Hydrology, v. 126, pp. 140-152.",
ds_01,xCL-MW3,CL-MW3-07-2,7/15/2002,Estimated the sampling month and day to mid summer of the known sample collection year.,OW,9,L9,B,1,xLO036,Bz_mgG,,0.133,xLCA01,"Baedecker, M.J., Eaganhouse, R.P., Bekins, B.A., and Delin, G.N., 2011, Loss of volatile hydrocarbons from LNAPL oil source: Journal of Contaminant Hydrology, v. 126, pp. 140-152.",
ds_01,x421B,B421-87A,7/15/1987,Estimated the sampling month and day to mid summer of the known sample collection year.,OW,9,L7,A,1,xLO060,nC6_mgG,,11.983,xLCA01,"Baedecker, M.J., Eaganhouse, R.P., Bekins, B.A., and Delin, G.N., 2011, Loss of volatile hydrocarbons from LNAPL oil source: Journal of Contaminant Hydrology, v. 126, pp. 140-152.",
ds_01,x421B,B421-87A,7/15/1987,Estimated the sampling month and day to mid summer of the known sample collection year.,OW,9,L7,A,2,xLO060,nC6_mgG,,12.171,xLCA01,"Baedecker, M.J., Eaganhouse, R.P., Bekins, B.A., and Delin, G.N., 2011, Loss of volatile hydrocarbons from LNAPL oil source: Journal of Contaminant Hydrology, v. 126, pp. 140-152.",
ds_01,x421B,B421-87B,7/15/1987,Estimated the sampling month and day to mid summer of the known sample collection year.,OW,9,L7,B,1,xLO060,nC6_mgG,,12.483,xLCA01,"Baedecker, M.J., Eaganhouse, R.P., Bekins, B.A., and Delin, G.N., 2011, Loss of volatile hydrocarbons from LNAPL oil source: Journal of Contaminant Hydrology, v. 126, pp. 140-152.",
ds_01,x421B,B421-87B,7/15/1987,Estimated the sampling month and day to mid summer of the known sample collection year.,OW,9,L7,B,2,xLO060,nC6_mgG,,12.637,xLCA01,"Baedecker, M.J., Eaganhouse, R.P., Bekins, B.A., and Delin, G.N., 2011, Loss of volatile hydrocarbons from LNAPL oil source: Journal of Contaminant Hydrology, v. 126, pp. 140-152.",
ds_01,x421B,B421-87C,7/15/1987,Estimated the sampling month and day to mid summer of the known sample collection year.,OW,9,L7,C,1,xLO060,nC6_mgG,,11.871,xLCA01,"Baedecker, M.J., Eaganhouse, R.P., Bekins, B.A., and Delin, G.N., 2011, Loss of volatile hydrocarbons from LNAPL oil source: Journal of Contaminant Hydrology, v. 126, pp. 140-152.",
ds_01,x421B,B421-87C,7/15/1987,Estimated the sampling month and day to mid summer of the known sample collection year.,OW,9,L7,C,2,xLO060,nC6_mgG,,12.255,xLCA01,"Baedecker, M.J., Eaganhouse, R.P., Bekins, B.A., and Delin, G.N., 2011, Loss of volatile hydrocarbons from LNAPL oil source: Journal of Contaminant Hydrology, v. 126, pp. 140-152.",
ds_01,x421B,B421-89,7/15/1989,Estimated the sampling month and day to mid summer of the known sample collection year.,OW,9,L9,A,1,xLO060,nC6_mgG,,12.581,xLCA01,"Baedecker, M.J., Eaganhouse, R.P., Bekins, B.A., and Delin, G.N., 2011, Loss of volatile hydrocarbons from LNAPL oil source: Journal of Contaminant Hydrology, v. 126, pp. 140-152.",
ds_01,x421B,B421-05A,7/15/2005,Estimated the sampling month and day to mid summer of the known sample collection year.,OW,9,L7,A,1,xLO060,nC6_mgG,,6.225,xLCA01,"Baedecker, M.J., Eaganhouse, R.P., Bekins, B.A., and Delin, G.N., 2011, Loss of volatile hydrocarbons from LNAPL oil source: Journal of Contaminant Hydrology, v. 126, pp. 140-152.",
ds_01,x421B,B421-05B,7/15/2005,Estimated the sampling month and day to mid summer of the known sample collection year.,OW,9,L7,B,1,xLO060,nC6_mgG,,6.455,xLCA01,"Baedecker, M.J., Eaganhouse, R.P., Bekins, B.A., and Delin, G.N., 2011, Loss of volatile hydrocarbons from LNAPL oil source: Journal of Contaminant Hydrology, v. 126, pp. 140-152.",
ds_01,x421B,B421-05C,7/15/2005,Estimated the sampling month and day to mid summer of the known sample collection year.,OW,9,L7,C,1,xLO060,nC6_mgG,,6.391,xLCA01,"Baedecker, M.J., Eaganhouse, R.P., Bekins, B.A., and Delin, G.N., 2011, Loss of volatile hydrocarbons from LNAPL oil source: Journal of Contaminant Hydrology, v. 126, pp. 140-152.",
ds_01,x421B,B421-08A,7/15/2008,Estimated the sampling month and day to mid summer of the known sample collection year.,OW,9,L7,A,1,xLO060,nC6_mgG,,4.554,xLCA01,"Baedecker, M.J., Eaganhouse, R.P., Bekins, B.A., and Delin, G.N., 2011, Loss of volatile hydrocarbons from LNAPL oil source: Journal of Contaminant Hydrology, v. 126, pp. 140-152.",
ds_01,x421B,B421-08B,7/15/2008,Estimated the sampling month and day to mid summer of the known sample collection year.,OW,9,L7,B,1,xLO060,nC6_mgG,,4.704,xLCA01,"Baedecker, M.J., Eaganhouse, R.P., Bekins, B.A., and Delin, G.N., 2011, Loss of volatile hydrocarbons from LNAPL oil source: Journal of Contaminant Hydrology, v. 126, pp. 140-152.",
ds_01,x421B,B421-08C,7/15/2008,Estimated the sampling month and day to mid summer of the known sample collection year.,OW,9,L7,C,1,xLO060,nC6_mgG,,4.66,xLCA01,"Baedecker, M.J., Eaganhouse, R.P., Bekins, B.A., and Delin, G.N., 2011, Loss of volatile hydrocarbons from LNAPL oil source: Journal of Contaminant Hydrology, v. 126, pp. 140-152.",
ds_01,x306,B306-89,7/15/2009,Estimated the sampling month and day to mid summer of the known sample collection year.,OW,9,L9,A,1,xLO060,nC6_mgG,,10.109,xLCA01,"Baedecker, M.J., Eaganhouse, R.P., Bekins, B.A., and Delin, G.N., 2011, Loss of volatile hydrocarbons from LNAPL oil source: Journal of Contaminant Hydrology, v. 126, pp. 140-152.",
ds_01,x306,B306-05,7/15/2005,Estimated the sampling month and day to mid summer of the known sample collection year.,OW,9,L9,A,1,xLO060,nC6_mgG,,3.368,xLCA01,"Baedecker, M.J., Eaganhouse, R.P., Bekins, B.A., and Delin, G.N., 2011, Loss of volatile hydrocarbons from LNAPL oil source: Journal of Contaminant Hydrology, v. 126, pp. 140-152.",
ds_01,x306,B306-08,7/15/2008,Estimated the sampling month and day to mid summer of the known sample collection year.,OW,9,L9,A,1,xLO060,nC6_mgG,,1.091,xLCA01,"Baedecker, M.J., Eaganhouse, R.P., Bekins, B.A., and Delin, G.N., 2011, Loss of volatile hydrocarbons from LNAPL oil source: Journal of Contaminant Hydrology, v. 126, pp. 140-152.",
ds_01,x423,B423-89,7/15/1989,Estimated the sampling month and day to mid summer of the known sample collection year.,OW,9,L7,A,1,xLO060,nC6_mgG,,12.788,xLCA01,"Baedecker, M.J., Eaganhouse, R.P., Bekins, B.A., and Delin, G.N., 2011, Loss of volatile hydrocarbons from LNAPL oil source: Journal of Contaminant Hydrology, v. 126, pp. 140-152.",
ds_01,x423,B423-89,7/15/1989,Estimated the sampling month and day to mid summer of the known sample collection year.,OW,9,L7,A,2,xLO060,nC6_mgG,,12.507,xLCA01,"Baedecker, M.J., Eaganhouse, R.P., Bekins, B.A., and Delin, G.N., 2011, Loss of volatile hydrocarbons from LNAPL oil source: Journal of Contaminant Hydrology, v. 126, pp. 140-152.",
ds_01,x423,B423-04,7/15/2004,Estimated the sampling month and day to mid summer of the known sample collection year.,OW,9,L9,A,1,xLO060,nC6_mgG,,10.872,xLCA01,"Baedecker, M.J., Eaganhouse, R.P., Bekins, B.A., and Delin, G.N., 2011, Loss of volatile hydrocarbons from LNAPL oil source: Journal of Contaminant Hydrology, v. 126, pp. 140-152.",
ds_01,x423,B423-08,7/15/2008,Estimated the sampling month and day to mid summer of the known sample collection year.,OW,9,L9,A,1,xLO060,nC6_mgG,,10.439,xLCA01,"Baedecker, M.J., Eaganhouse, R.P., Bekins, B.A., and Delin, G.N., 2011, Loss of volatile hydrocarbons from LNAPL oil source: Journal of Contaminant Hydrology, v. 126, pp. 140-152.",
ds_01,x319,B319-89,7/15/1989,Estimated the sampling month and day to mid summer of the known sample collection year.,OW,9,L9,A,1,xLO060,nC6_mgG,,13.297,xLCA01,"Baedecker, M.J., Eaganhouse, R.P., Bekins, B.A., and Delin, G.N., 2011, Loss of volatile hydrocarbons from LNAPL oil source: Journal of Contaminant Hydrology, v. 126, pp. 140-152.",
ds_01,x319,B319-04,7/15/2004,Estimated the sampling month and day to mid summer of the known sample collection year.,OW,9,L9,A,1,xLO060,nC6_mgG,,11.211,xLCA01,"Baedecker, M.J., Eaganhouse, R.P., Bekins, B.A., and Delin, G.N., 2011, Loss of volatile hydrocarbons from LNAPL oil source: Journal of Contaminant Hydrology, v. 126, pp. 140-152.",
ds_01,x319,B319-08,7/15/2008,Estimated the sampling month and day to mid summer of the known sample collection year.,OW,9,L9,A,1,xLO060,nC6_mgG,,9.495,xLCA01,"Baedecker, M.J., Eaganhouse, R.P., Bekins, B.A., and Delin, G.N., 2011, Loss of volatile hydrocarbons from LNAPL oil source: Journal of Contaminant Hydrology, v. 126, pp. 140-152.",
ds_01,xCL-MW3,CL-MW3-07-2,7/15/2002,Estimated the sampling month and day to mid summer of the known sample collection year.,OW,9,L9,B,1,xLO072,Tol_mgG,<,0.01,xLCA01,"Baedecker, M.J., Eaganhouse, R.P., Bekins, B.A., and Delin, G.N., 2011, Loss of volatile hydrocarbons from LNAPL oil source: Journal of Contaminant Hydrology, v. 126, pp. 140-152.",
ds_01,xCL-MW3,CL-MW3-07-2,7/15/2002,Estimated the sampling month and day to mid summer of the known sample collection year.,OW,9,L9,B,1,xLO041,EtBz_mgG,,0.513,xLCA01,"Baedecker, M.J., Eaganhouse, R.P., Bekins, B.A., and Delin, G.N., 2011, Loss of volatile hydrocarbons from LNAPL oil source: Journal of Contaminant Hydrology, v. 126, pp. 140-152.",
ds_01,x604A,B604-87,7/15/1987,Estimated the sampling month and day to mid summer of the known sample collection year.,OW,9,L9,A,1,xLO060,nC6_mgG,,11.438,xLCA01,"Baedecker, M.J., Eaganhouse, R.P., Bekins, B.A., and Delin, G.N., 2011, Loss of volatile hydrocarbons from LNAPL oil source: Journal of Contaminant Hydrology, v. 126, pp. 140-152.",
ds_01,xCL-MW3,CL-MW3-07-2,7/15/2002,Estimated the sampling month and day to mid summer of the known sample collection year.,OW,9,L9,B,1,xLO053,mXyl_mgG,,1.701,xLCA01,"Baedecker, M.J., Eaganhouse, R.P., Bekins, B.A., and Delin, G.N., 2011, Loss of volatile hydrocarbons from LNAPL oil source: Journal of Contaminant Hydrology, v. 126, pp. 140-152.",
ds_01,xCL-MW3,CL-MW3-07-2,7/15/2002,Estimated the sampling month and day to mid summer of the known sample collection year.,OW,9,L9,B,1,xLO068,pXyl_mgG,,0.51,xLCA01,"Baedecker, M.J., Eaganhouse, R.P., Bekins, B.A., and Delin, G.N., 2011, Loss of volatile hydrocarbons from LNAPL oil source: Journal of Contaminant Hydrology, v. 126, pp. 140-152.",
ds_01,xCL-MW3,CL-MW3-07-2,7/15/2002,Estimated the sampling month and day to mid summer of the known sample collection year.,OW,9,L9,B,1,xLO066,oXyl_mgG,,0.022,xLCA01,"Baedecker, M.J., Eaganhouse, R.P., Bekins, B.A., and Delin, G.N., 2011, Loss of volatile hydrocarbons from LNAPL oil source: Journal of Contaminant Hydrology, v. 126, pp. 140-152.",
ds_01,xCL-MW3,CL-MW3-07-2,7/15/2002,Estimated the sampling month and day to mid summer of the known sample collection year.,OW,9,L9,B,1,xLO039,CyHex_dBz_mgG,,0.584,xLCA02,"Baedecker, M.J., Eaganhouse, R.P., Bekins, B.A., and Delin, G.N., 2011, Loss of volatile hydrocarbons from LNAPL oil source: Journal of Contaminant Hydrology, v. 126, pp. 140-152.",
ds_01,xCL-MW3,CL-MW3-07-2,7/15/2002,Estimated the sampling month and day to mid summer of the known sample collection year.,OW,9,L9,B,1,xLO051,MeCyHex_dTol_mgG,,2.012,xLCA02,"Baedecker, M.J., Eaganhouse, R.P., Bekins, B.A., and Delin, G.N., 2011, Loss of volatile hydrocarbons from LNAPL oil source: Journal of Contaminant Hydrology, v. 126, pp. 140-152.",
ds_01,x421B,B421-87A,7/15/1987,Estimated the sampling month and day to mid summer of the known sample collection year.,OW,9,L7,A,1,xLO061,nC7_mgG,,18.719,xLCA01,"Baedecker, M.J., Eaganhouse, R.P., Bekins, B.A., and Delin, G.N., 2011, Loss of volatile hydrocarbons from LNAPL oil source: Journal of Contaminant Hydrology, v. 126, pp. 140-152.",
ds_01,x421B,B421-87A,7/15/1987,Estimated the sampling month and day to mid summer of the known sample collection year.,OW,9,L7,A,2,xLO061,nC7_mgG,,19.489,xLCA01,"Baedecker, M.J., Eaganhouse, R.P., Bekins, B.A., and Delin, G.N., 2011, Loss of volatile hydrocarbons from LNAPL oil source: Journal of Contaminant Hydrology, v. 126, pp. 140-152.",
ds_01,x421B,B421-87B,7/15/1987,Estimated the sampling month and day to mid summer of the known sample collection year.,OW,9,L7,B,1,xLO061,nC7_mgG,,19.05,xLCA01,"Baedecker, M.J., Eaganhouse, R.P., Bekins, B.A., and Delin, G.N., 2011, Loss of volatile hydrocarbons from LNAPL oil source: Journal of Contaminant Hydrology, v. 126, pp. 140-152.",
ds_01,x421B,B421-87B,7/15/1987,Estimated the sampling month and day to mid summer of the known sample collection year.,OW,9,L7,B,2,xLO061,nC7_mgG,,18.658,xLCA01,"Baedecker, M.J., Eaganhouse, R.P., Bekins, B.A., and Delin, G.N., 2011, Loss of volatile hydrocarbons from LNAPL oil source: Journal of Contaminant Hydrology, v. 126, pp. 140-152.",
ds_01,x421B,B421-87C,7/15/1987,Estimated the sampling month and day to mid summer of the known sample collection year.,OW,9,L7,C,1,xLO061,nC7_mgG,,18.887,xLCA01,"Baedecker, M.J., Eaganhouse, R.P., Bekins, B.A., and Delin, G.N., 2011, Loss of volatile hydrocarbons from LNAPL oil source: Journal of Contaminant Hydrology, v. 126, pp. 140-152.",
ds_01,x421B,B421-87C,7/15/1987,Estimated the sampling month and day to mid summer of the known sample collection year.,OW,9,L7,C,2,xLO061,nC7_mgG,,17.748,xLCA01,"Baedecker, M.J., Eaganhouse, R.P., Bekins, B.A., and Delin, G.N., 2011, Loss of volatile hydrocarbons from LNAPL oil source: Journal of Contaminant Hydrology, v. 126, pp. 140-152.",
ds_01,x421B,B421-89,7/15/1989,Estimated the sampling month and day to mid summer of the known sample collection year.,OW,9,L9,A,1,xLO061,nC7_mgG,,18.394,xLCA01,"Baedecker, M.J., Eaganhouse, R.P., Bekins, B.A., and Delin, G.N., 2011, Loss of volatile hydrocarbons from LNAPL oil source: Journal of Contaminant Hydrology, v. 126, pp. 140-152.",
ds_01,x421B,B421-05A,7/15/2005,Estimated the sampling month and day to mid summer of the known sample collection year.,OW,9,L7,A,1,xLO061,nC7_mgG,,8.207,xLCA01,"Baedecker, M.J., Eaganhouse, R.P., Bekins, B.A., and Delin, G.N., 2011, Loss of volatile hydrocarbons from LNAPL oil source: Journal of Contaminant Hydrology, v. 126, pp. 140-152.",
ds_01,x421B,B421-05B,7/15/2005,Estimated the sampling month and day to mid summer of the known sample collection year.,OW,9,L7,B,1,xLO061,nC7_mgG,,8.405,xLCA01,"Baedecker, M.J., Eaganhouse, R.P., Bekins, B.A., and Delin, G.N., 2011, Loss of volatile hydrocarbons from LNAPL oil source: Journal of Contaminant Hydrology, v. 126, pp. 140-152.",
ds_01,x421B,B421-05C,7/15/2005,Estimated the sampling month and day to mid summer of the known sample collection year.,OW,9,L7,C,1,xLO061,nC7_mgG,,8.431,xLCA01,"Baedecker, M.J., Eaganhouse, R.P., Bekins, B.A., and Delin, G.N., 2011, Loss of volatile hydrocarbons from LNAPL oil source: Journal of Contaminant Hydrology, v. 126, pp. 140-152.",
ds_01,x421B,B421-08A,7/15/2008,Estimated the sampling month and day to mid summer of the known sample collection year.,OW,9,L7,A,1,xLO061,nC7_mgG,,4.751,xLCA01,"Baedecker, M.J., Eaganhouse, R.P., Bekins, B.A., and Delin, G.N., 2011, Loss of volatile hydrocarbons from LNAPL oil source: Journal of Contaminant Hydrology, v. 126, pp. 140-152.",
ds_01,x421B,B421-08B,7/15/2008,Estimated the sampling month and day to mid summer of the known sample collection year.,OW,9,L7,B,1,xLO061,nC7_mgG,,4.91,xLCA01,"Baedecker, M.J., Eaganhouse, R.P., Bekins, B.A., and Delin, G.N., 2011, Loss of volatile hydrocarbons from LNAPL oil source: Journal of Contaminant Hydrology, v. 126, pp. 140-152.",
ds_01,x421B,B421-08C,7/15/2008,Estimated the sampling month and day to mid summer of the known sample collection year.,OW,9,L7,C,1,xLO061,nC7_mgG,,4.575,xLCA01,"Baedecker, M.J., Eaganhouse, R.P., Bekins, B.A., and Delin, G.N., 2011, Loss of volatile hydrocarbons from LNAPL oil source: Journal of Contaminant Hydrology, v. 126, pp. 140-152.",
ds_01,x306,B306-89,7/15/2009,Estimated the sampling month and day to mid summer of the known sample collection year.,OW,9,L9,A,1,xLO061,nC7_mgG,,21.928,xLCA01,"Baedecker, M.J., Eaganhouse, R.P., Bekins, B.A., and Delin, G.N., 2011, Loss of volatile hydrocarbons from LNAPL oil source: Journal of Contaminant Hydrology, v. 126, pp. 140-152.",
ds_01,x306,B306-05,7/15/2005,Estimated the sampling month and day to mid summer of the known sample collection year.,OW,9,L9,A,1,xLO061,nC7_mgG,,6.175,xLCA01,"Baedecker, M.J., Eaganhouse, R.P., Bekins, B.A., and Delin, G.N., 2011, Loss of volatile hydrocarbons from LNAPL oil source: Journal of Contaminant Hydrology, v. 126, pp. 140-152.",
ds_01,x306,B306-08,7/15/2008,Estimated the sampling month and day to mid summer of the known sample collection year.,OW,9,L9,A,1,xLO061,nC7_mgG,,3.636,xLCA01,"Baedecker, M.J., Eaganhouse, R.P., Bekins, B.A., and Delin, G.N., 2011, Loss of volatile hydrocarbons from LNAPL oil source: Journal of Contaminant Hydrology, v. 126, pp. 140-152.",
ds_01,x423,B423-89,7/15/1989,Estimated the sampling month and day to mid summer of the known sample collection year.,OW,9,L7,A,1,xLO061,nC7_mgG,,20.758,xLCA01,"Baedecker, M.J., Eaganhouse, R.P., Bekins, B.A., and Delin, G.N., 2011, Loss of volatile hydrocarbons from LNAPL oil source: Journal of Contaminant Hydrology, v. 126, pp. 140-152.",
ds_01,x423,B423-89,7/15/1989,Estimated the sampling month and day to mid summer of the known sample collection year.,OW,9,L7,A,2,xLO061,nC7_mgG,,18.174,xLCA01,"Baedecker, M.J., Eaganhouse, R.P., Bekins, B.A., and Delin, G.N., 2011, Loss of volatile hydrocarbons from LNAPL oil source: Journal of Contaminant Hydrology, v. 126, pp. 140-152.",
ds_01,x423,B423-04,7/15/2004,Estimated the sampling month and day to mid summer of the known sample collection year.,OW,9,L9,A,1,xLO061,nC7_mgG,,19.073,xLCA01,"Baedecker, M.J., Eaganhouse, R.P., Bekins, B.A., and Delin, G.N., 2011, Loss of volatile hydrocarbons from LNAPL oil source: Journal of Contaminant Hydrology, v. 126, pp. 140-152.",
ds_01,x423,B423-08,7/15/2008,Estimated the sampling month and day to mid summer of the known sample collection year.,OW,9,L9,A,1,xLO061,nC7_mgG,,19.403,xLCA01,"Baedecker, M.J., Eaganhouse, R.P., Bekins, B.A., and Delin, G.N., 2011, Loss of volatile hydrocarbons from LNAPL oil source: Journal of Contaminant Hydrology, v. 126, pp. 140-152.",
ds_01,x319,B319-89,7/15/1989,Estimated the sampling month and day to mid summer of the known sample collection year.,OW,9,L9,A,1,xLO061,nC7_mgG,,19.471,xLCA01,"Baedecker, M.J., Eaganhouse, R.P., Bekins, B.A., and Delin, G.N., 2011, Loss of volatile hydrocarbons from LNAPL oil source: Journal of Contaminant Hydrology, v. 126, pp. 140-152.",
ds_01,x319,B319-04,7/15/2004,Estimated the sampling month and day to mid summer of the known sample collection year.,OW,9,L9,A,1,xLO061,nC7_mgG,,20.21,xLCA01,"Baedecker, M.J., Eaganhouse, R.P., Bekins, B.A., and Delin, G.N., 2011, Loss of volatile hydrocarbons from LNAPL oil source: Journal of Contaminant Hydrology, v. 126, pp. 140-152.",
ds_01,x319,B319-08,7/15/2008,Estimated the sampling month and day to mid summer of the known sample collection year.,OW,9,L9,A,1,xLO061,nC7_mgG,,16.78,xLCA01,"Baedecker, M.J., Eaganhouse, R.P., Bekins, B.A., and Delin, G.N., 2011, Loss of volatile hydrocarbons from LNAPL oil source: Journal of Contaminant Hydrology, v. 126, pp. 140-152.",
ds_01,xCL-MW3,CL-MW3-07-2,7/15/2002,Estimated the sampling month and day to mid summer of the known sample collection year.,OW,9,L9,B,1,xLO043,EtCyHex_dEtBz_mgG,,0.974,xLCA02,"Baedecker, M.J., Eaganhouse, R.P., Bekins, B.A., and Delin, G.N., 2011, Loss of volatile hydrocarbons from LNAPL oil source: Journal of Contaminant Hydrology, v. 126, pp. 140-152.",
ds_01,xCL-MW3,CL-MW3-07-2,7/15/2002,Estimated the sampling month and day to mid summer of the known sample collection year.,OW,9,L9,B,1,xLO014,135TMeBz_mgG,,0.887,xLCA01,"Baedecker, M.J., Eaganhouse, R.P., Bekins, B.A., and Delin, G.N., 2011, Loss of volatile hydrocarbons from LNAPL oil source: Journal of Contaminant Hydrology, v. 126, pp. 140-152.",
ds_01,x604A,B604-87,7/15/1987,Estimated the sampling month and day to mid summer of the known sample collection year.,OW,9,L9,A,1,xLO061,nC7_mgG,,19.681,xLCA01,"Baedecker, M.J., Eaganhouse, R.P., Bekins, B.A., and Delin, G.N., 2011, Loss of volatile hydrocarbons from LNAPL oil source: Journal of Contaminant Hydrology, v. 126, pp. 140-152.",
ds_01,xCL-MW3,CL-MW3-07-2,7/15/2002,Estimated the sampling month and day to mid summer of the known sample collection year.,OW,9,L9,B,1,xLO009,124TMeBz_mgG,,2.444,xLCA01,"Baedecker, M.J., Eaganhouse, R.P., Bekins, B.A., and Delin, G.N., 2011, Loss of volatile hydrocarbons from LNAPL oil source: Journal of Contaminant Hydrology, v. 126, pp. 140-152.",
ds_01,xCL-MW3,CL-MW3-07-2,7/15/2002,Estimated the sampling month and day to mid summer of the known sample collection year.,OW,9,L9,B,1,xLO005,123TMeBz_mgG,,0.94,xLCA01,"Baedecker, M.J., Eaganhouse, R.P., Bekins, B.A., and Delin, G.N., 2011, Loss of volatile hydrocarbons from LNAPL oil source: Journal of Contaminant Hydrology, v. 126, pp. 140-152.",
ds_01,xCL-MW3,CL-MW3-07-2,7/15/2002,Estimated the sampling month and day to mid summer of the known sample collection year.,OW,9,L9,B,1,xLO007,1245TMeBz_dNaph_mgG,,0.214,xLCA02,"Baedecker, M.J., Eaganhouse, R.P., Bekins, B.A., and Delin, G.N., 2011, Loss of volatile hydrocarbons from LNAPL oil source: Journal of Contaminant Hydrology, v. 126, pp. 140-152.",
ds_01,xCL-MW3,CL-MW3-07-2,7/15/2002,Estimated the sampling month and day to mid summer of the known sample collection year.,OW,9,L9,B,1,xLO003,1235TMeBz_d-Naph_mgG,,0.512,xLCA02,"Baedecker, M.J., Eaganhouse, R.P., Bekins, B.A., and Delin, G.N., 2011, Loss of volatile hydrocarbons from LNAPL oil source: Journal of Contaminant Hydrology, v. 126, pp. 140-152.",
ds_01,xCL-MW3,CL-MW3-07-2,7/15/2002,Estimated the sampling month and day to mid summer of the known sample collection year.,OW,9,L9,B,1,xLO001,1234TMeBz_dNaph_mgG,,0.915,xLCA02,"Baedecker, M.J., Eaganhouse, R.P., Bekins, B.A., and Delin, G.N., 2011, Loss of volatile hydrocarbons from LNAPL oil source: Journal of Contaminant Hydrology, v. 126, pp. 140-152.",
ds_01,x421B,B421-87A,7/15/1987,Estimated the sampling month and day to mid summer of the known sample collection year.,OW,9,L7,A,1,xLO062,nC8_mgG,,8.762,xLCA01,"Baedecker, M.J., Eaganhouse, R.P., Bekins, B.A., and Delin, G.N., 2011, Loss of volatile hydrocarbons from LNAPL oil source: Journal of Contaminant Hydrology, v. 126, pp. 140-152.",
ds_01,x421B,B421-87A,7/15/1987,Estimated the sampling month and day to mid summer of the known sample collection year.,OW,9,L7,A,2,xLO062,nC8_mgG,,10.149,xLCA01,"Baedecker, M.J., Eaganhouse, R.P., Bekins, B.A., and Delin, G.N., 2011, Loss of volatile hydrocarbons from LNAPL oil source: Journal of Contaminant Hydrology, v. 126, pp. 140-152.",
ds_01,x421B,B421-87B,7/15/1987,Estimated the sampling month and day to mid summer of the known sample collection year.,OW,9,L7,B,1,xLO062,nC8_mgG,,9.186,xLCA01,"Baedecker, M.J., Eaganhouse, R.P., Bekins, B.A., and Delin, G.N., 2011, Loss of volatile hydrocarbons from LNAPL oil source: Journal of Contaminant Hydrology, v. 126, pp. 140-152.",
ds_01,x421B,B421-87B,7/15/1987,Estimated the sampling month and day to mid summer of the known sample collection year.,OW,9,L7,B,2,xLO062,nC8_mgG,,9.095,xLCA01,"Baedecker, M.J., Eaganhouse, R.P., Bekins, B.A., and Delin, G.N., 2011, Loss of volatile hydrocarbons from LNAPL oil source: Journal of Contaminant Hydrology, v. 126, pp. 140-152.",
ds_01,x421B,B421-87C,7/15/1987,Estimated the sampling month and day to mid summer of the known sample collection year.,OW,9,L7,C,1,xLO062,nC8_mgG,,9.215,xLCA01,"Baedecker, M.J., Eaganhouse, R.P., Bekins, B.A., and Delin, G.N., 2011, Loss of volatile hydrocarbons from LNAPL oil source: Journal of Contaminant Hydrology, v. 126, pp. 140-152.",
ds_01,x421B,B421-87C,7/15/1987,Estimated the sampling month and day to mid summer of the known sample collection year.,OW,9,L7,C,2,xLO062,nC8_mgG,,8.407,xLCA01,"Baedecker, M.J., Eaganhouse, R.P., Bekins, B.A., and Delin, G.N., 2011, Loss of volatile hydrocarbons from LNAPL oil source: Journal of Contaminant Hydrology, v. 126, pp. 140-152.",
ds_01,x421B,B421-89,7/15/1989,Estimated the sampling month and day to mid summer of the known sample collection year.,OW,9,L9,A,1,xLO062,nC8_mgG,,7.7,xLCA01,"Baedecker, M.J., Eaganhouse, R.P., Bekins, B.A., and Delin, G.N., 2011, Loss of volatile hydrocarbons from LNAPL oil source: Journal of Contaminant Hydrology, v. 126, pp. 140-152.",
ds_01,x421B,B421-05A,7/15/2005,Estimated the sampling month and day to mid summer of the known sample collection year.,OW,9,L7,A,1,xLO062,nC8_mgG,,2.563,xLCA01,"Baedecker, M.J., Eaganhouse, R.P., Bekins, B.A., and Delin, G.N., 2011, Loss of volatile hydrocarbons from LNAPL oil source: Journal of Contaminant Hydrology, v. 126, pp. 140-152.",
ds_01,x421B,B421-05B,7/15/2005,Estimated the sampling month and day to mid summer of the known sample collection year.,OW,9,L7,B,1,xLO062,nC8_mgG,,2.61,xLCA01,"Baedecker, M.J., Eaganhouse, R.P., Bekins, B.A., and Delin, G.N., 2011, Loss of volatile hydrocarbons from LNAPL oil source: Journal of Contaminant Hydrology, v. 126, pp. 140-152.",
ds_01,x421B,B421-05C,7/15/2005,Estimated the sampling month and day to mid summer of the known sample collection year.,OW,9,L7,C,1,xLO062,nC8_mgG,,2.692,xLCA01,"Baedecker, M.J., Eaganhouse, R.P., Bekins, B.A., and Delin, G.N., 2011, Loss of volatile hydrocarbons from LNAPL oil source: Journal of Contaminant Hydrology, v. 126, pp. 140-152.",
ds_01,x421B,B421-08A,7/15/2008,Estimated the sampling month and day to mid summer of the known sample collection year.,OW,9,L7,A,1,xLO062,nC8_mgG,,1.102,xLCA01,"Baedecker, M.J., Eaganhouse, R.P., Bekins, B.A., and Delin, G.N., 2011, Loss of volatile hydrocarbons from LNAPL oil source: Journal of Contaminant Hydrology, v. 126, pp. 140-152.",
ds_01,x421B,B421-08B,7/15/2008,Estimated the sampling month and day to mid summer of the known sample collection year.,OW,9,L7,B,1,xLO062,nC8_mgG,,1.182,xLCA01,"Baedecker, M.J., Eaganhouse, R.P., Bekins, B.A., and Delin, G.N., 2011, Loss of volatile hydrocarbons from LNAPL oil source: Journal of Contaminant Hydrology, v. 126, pp. 140-152.",
ds_01,x421B,B421-08C,7/15/2008,Estimated the sampling month and day to mid summer of the known sample collection year.,OW,9,L7,C,1,xLO062,nC8_mgG,,1.119,xLCA01,"Baedecker, M.J., Eaganhouse, R.P., Bekins, B.A., and Delin, G.N., 2011, Loss of volatile hydrocarbons from LNAPL oil source: Journal of Contaminant Hydrology, v. 126, pp. 140-152.",
ds_01,x306,B306-89,7/15/2009,Estimated the sampling month and day to mid summer of the known sample collection year.,OW,9,L9,A,1,xLO062,nC8_mgG,,12.423,xLCA01,"Baedecker, M.J., Eaganhouse, R.P., Bekins, B.A., and Delin, G.N., 2011, Loss of volatile hydrocarbons from LNAPL oil source: Journal of Contaminant Hydrology, v. 126, pp. 140-152.",
ds_01,x306,B306-05,7/15/2005,Estimated the sampling month and day to mid summer of the known sample collection year.,OW,9,L9,A,1,xLO062,nC8_mgG,,3.171,xLCA01,"Baedecker, M.J., Eaganhouse, R.P., Bekins, B.A., and Delin, G.N., 2011, Loss of volatile hydrocarbons from LNAPL oil source: Journal of Contaminant Hydrology, v. 126, pp. 140-152.",
ds_01,x306,B306-08,7/15/2008,Estimated the sampling month and day to mid summer of the known sample collection year.,OW,9,L9,A,1,xLO062,nC8_mgG,,2.926,xLCA01,"Baedecker, M.J., Eaganhouse, R.P., Bekins, B.A., and Delin, G.N., 2011, Loss of volatile hydrocarbons from LNAPL oil source: Journal of Contaminant Hydrology, v. 126, pp. 140-152.",
ds_01,x423,B423-89,7/15/1989,Estimated the sampling month and day to mid summer of the known sample collection year.,OW,9,L7,A,1,xLO062,nC8_mgG,,9.874,xLCA01,"Baedecker, M.J., Eaganhouse, R.P., Bekins, B.A., and Delin, G.N., 2011, Loss of volatile hydrocarbons from LNAPL oil source: Journal of Contaminant Hydrology, v. 126, pp. 140-152.",
ds_01,x423,B423-89,7/15/1989,Estimated the sampling month and day to mid summer of the known sample collection year.,OW,9,L7,A,2,xLO062,nC8_mgG,,8.852,xLCA01,"Baedecker, M.J., Eaganhouse, R.P., Bekins, B.A., and Delin, G.N., 2011, Loss of volatile hydrocarbons from LNAPL oil source: Journal of Contaminant Hydrology, v. 126, pp. 140-152.",
ds_01,x423,B423-04,7/15/2004,Estimated the sampling month and day to mid summer of the known sample collection year.,OW,9,L9,A,1,xLO062,nC8_mgG,,8.826,xLCA01,"Baedecker, M.J., Eaganhouse, R.P., Bekins, B.A., and Delin, G.N., 2011, Loss of volatile hydrocarbons from LNAPL oil source: Journal of Contaminant Hydrology, v. 126, pp. 140-152.",
ds_01,x423,B423-08,7/15/2008,Estimated the sampling month and day to mid summer of the known sample collection year.,OW,9,L9,A,1,xLO062,nC8_mgG,,10.946,xLCA01,"Baedecker, M.J., Eaganhouse, R.P., Bekins, B.A., and Delin, G.N., 2011, Loss of volatile hydrocarbons from LNAPL oil source: Journal of Contaminant Hydrology, v. 126, pp. 140-152.",
ds_01,x319,B319-89,7/15/1989,Estimated the sampling month and day to mid summer of the known sample collection year.,OW,9,L9,A,1,xLO062,nC8_mgG,,8.984,xLCA01,"Baedecker, M.J., Eaganhouse, R.P., Bekins, B.A., and Delin, G.N., 2011, Loss of volatile hydrocarbons from LNAPL oil source: Journal of Contaminant Hydrology, v. 126, pp. 140-152.",
ds_01,x319,B319-04,7/15/2004,Estimated the sampling month and day to mid summer of the known sample collection year.,OW,9,L9,A,1,xLO062,nC8_mgG,,9.517,xLCA01,"Baedecker, M.J., Eaganhouse, R.P., Bekins, B.A., and Delin, G.N., 2011, Loss of volatile hydrocarbons from LNAPL oil source: Journal of Contaminant Hydrology, v. 126, pp. 140-152.",
ds_01,x319,B319-08,7/15/2008,Estimated the sampling month and day to mid summer of the known sample collection year.,OW,9,L9,A,1,xLO062,nC8_mgG,,7.508,xLCA01,"Baedecker, M.J., Eaganhouse, R.P., Bekins, B.A., and Delin, G.N., 2011, Loss of volatile hydrocarbons from LNAPL oil source: Journal of Contaminant Hydrology, v. 126, pp. 140-152.",
ds_01,xCL-MW3,CL-MW3-07-2,7/15/2002,Estimated the sampling month and day to mid summer of the known sample collection year.,OW,9,L9,B,1,xLO054,Naph_mgG,,0.426,xLCA01,"Baedecker, M.J., Eaganhouse, R.P., Bekins, B.A., and Delin, G.N., 2011, Loss of volatile hydrocarbons from LNAPL oil source: Journal of Contaminant Hydrology, v. 126, pp. 140-152.",
ds_01,xCL-MW3,CL-MW3-07-2,7/15/2002,Estimated the sampling month and day to mid summer of the known sample collection year.,OW,9,L9,B,1,xLO032,2Me_dNaph_mgG,,0.841,xLCA02,"Baedecker, M.J., Eaganhouse, R.P., Bekins, B.A., and Delin, G.N., 2011, Loss of volatile hydrocarbons from LNAPL oil source: Journal of Contaminant Hydrology, v. 126, pp. 140-152.",
ds_01,x604A,B604-87,7/15/1987,Estimated the sampling month and day to mid summer of the known sample collection year.,OW,9,L9,A,1,xLO062,nC8_mgG,,9.296,xLCA01,"Baedecker, M.J., Eaganhouse, R.P., Bekins, B.A., and Delin, G.N., 2011, Loss of volatile hydrocarbons from LNAPL oil source: Journal of Contaminant Hydrology, v. 126, pp. 140-152.",
ds_01,xCL-MW3,CL-MW3-07-2,7/15/2002,Estimated the sampling month and day to mid summer of the known sample collection year.,OW,9,L9,B,1,xLO022,1Me_dNaph_mgG,,0.583,xLCA02,"Baedecker, M.J., Eaganhouse, R.P., Bekins, B.A., and Delin, G.N., 2011, Loss of volatile hydrocarbons from LNAPL oil source: Journal of Contaminant Hydrology, v. 126, pp. 140-152.",
ds_01,xCL-MW3,CL-MW3-07-2,7/15/2002,Estimated the sampling month and day to mid summer of the known sample collection year.,OW,9,L9,B,1,xLO060,nC6_mgG,<,0.01,xLCA01,"Baedecker, M.J., Eaganhouse, R.P., Bekins, B.A., and Delin, G.N., 2011, Loss of volatile hydrocarbons from LNAPL oil source: Journal of Contaminant Hydrology, v. 126, pp. 140-152.",
ds_01,xCL-MW3,CL-MW3-07-2,7/15/2002,Estimated the sampling month and day to mid summer of the known sample collection year.,OW,9,L9,B,1,xLO061,nC7_mgG,<,0.01,xLCA01,"Baedecker, M.J., Eaganhouse, R.P., Bekins, B.A., and Delin, G.N., 2011, Loss of volatile hydrocarbons from LNAPL oil source: Journal of Contaminant Hydrology, v. 126, pp. 140-152.",
ds_01,xCL-MW3,CL-MW3-07-2,7/15/2002,Estimated the sampling month and day to mid summer of the known sample collection year.,OW,9,L9,B,1,xLO062,nC8_mgG,<,0.01,xLCA01,"Baedecker, M.J., Eaganhouse, R.P., Bekins, B.A., and Delin, G.N., 2011, Loss of volatile hydrocarbons from LNAPL oil source: Journal of Contaminant Hydrology, v. 126, pp. 140-152.",
ds_01,xCL-MW3,CL-MW3-07-2,7/15/2002,Estimated the sampling month and day to mid summer of the known sample collection year.,OW,9,L9,B,1,xLO063,nC9_mgG,<,0.01,xLCA01,"Baedecker, M.J., Eaganhouse, R.P., Bekins, B.A., and Delin, G.N., 2011, Loss of volatile hydrocarbons from LNAPL oil source: Journal of Contaminant Hydrology, v. 126, pp. 140-152.",
ds_01,x421B,B421-87A,7/15/1987,Estimated the sampling month and day to mid summer of the known sample collection year.,OW,9,L7,A,1,xLO063,nC9_mgG,,9.67,xLCA01,"Baedecker, M.J., Eaganhouse, R.P., Bekins, B.A., and Delin, G.N., 2011, Loss of volatile hydrocarbons from LNAPL oil source: Journal of Contaminant Hydrology, v. 126, pp. 140-152.",
ds_01,x421B,B421-87A,7/15/1987,Estimated the sampling month and day to mid summer of the known sample collection year.,OW,9,L7,A,2,xLO063,nC9_mgG,,9.448,xLCA01,"Baedecker, M.J., Eaganhouse, R.P., Bekins, B.A., and Delin, G.N., 2011, Loss of volatile hydrocarbons from LNAPL oil source: Journal of Contaminant Hydrology, v. 126, pp. 140-152.",
ds_01,x421B,B421-87B,7/15/1987,Estimated the sampling month and day to mid summer of the known sample collection year.,OW,9,L7,B,1,xLO063,nC9_mgG,,9.8,xLCA01,"Baedecker, M.J., Eaganhouse, R.P., Bekins, B.A., and Delin, G.N., 2011, Loss of volatile hydrocarbons from LNAPL oil source: Journal of Contaminant Hydrology, v. 126, pp. 140-152.",
ds_01,x421B,B421-87B,7/15/1987,Estimated the sampling month and day to mid summer of the known sample collection year.,OW,9,L7,B,2,xLO063,nC9_mgG,,10.343,xLCA01,"Baedecker, M.J., Eaganhouse, R.P., Bekins, B.A., and Delin, G.N., 2011, Loss of volatile hydrocarbons from LNAPL oil source: Journal of Contaminant Hydrology, v. 126, pp. 140-152.",
ds_01,x421B,B421-87C,7/15/1987,Estimated the sampling month and day to mid summer of the known sample collection year.,OW,9,L7,C,1,xLO063,nC9_mgG,,9.562,xLCA01,"Baedecker, M.J., Eaganhouse, R.P., Bekins, B.A., and Delin, G.N., 2011, Loss of volatile hydrocarbons from LNAPL oil source: Journal of Contaminant Hydrology, v. 126, pp. 140-152.",
ds_01,x421B,B421-87C,7/15/1987,Estimated the sampling month and day to mid summer of the known sample collection year.,OW,9,L7,C,2,xLO063,nC9_mgG,,10.05,xLCA01,"Baedecker, M.J., Eaganhouse, R.P., Bekins, B.A., and Delin, G.N., 2011, Loss of volatile hydrocarbons from LNAPL oil source: Journal of Contaminant Hydrology, v. 126, pp. 140-152.",
ds_01,x421B,B421-89,7/15/1989,Estimated the sampling month and day to mid summer of the known sample collection year.,OW,9,L9,A,1,xLO063,nC9_mgG,,10.047,xLCA01,"Baedecker, M.J., Eaganhouse, R.P., Bekins, B.A., and Delin, G.N., 2011, Loss of volatile hydrocarbons from LNAPL oil source: Journal of Contaminant Hydrology, v. 126, pp. 140-152.",
ds_01,x421B,B421-05A,7/15/2005,Estimated the sampling month and day to mid summer of the known sample collection year.,OW,9,L7,A,1,xLO063,nC9_mgG,,1.844,xLCA01,"Baedecker, M.J., Eaganhouse, R.P., Bekins, B.A., and Delin, G.N., 2011, Loss of volatile hydrocarbons from LNAPL oil source: Journal of Contaminant Hydrology, v. 126, pp. 140-152.",
ds_01,x421B,B421-05B,7/15/2005,Estimated the sampling month and day to mid summer of the known sample collection year.,OW,9,L7,B,1,xLO063,nC9_mgG,,1.829,xLCA01,"Baedecker, M.J., Eaganhouse, R.P., Bekins, B.A., and Delin, G.N., 2011, Loss of volatile hydrocarbons from LNAPL oil source: Journal of Contaminant Hydrology, v. 126, pp. 140-152.",
ds_01,x421B,B421-05C,7/15/2005,Estimated the sampling month and day to mid summer of the known sample collection year.,OW,9,L7,C,1,xLO063,nC9_mgG,,2.066,xLCA01,"Baedecker, M.J., Eaganhouse, R.P., Bekins, B.A., and Delin, G.N., 2011, Loss of volatile hydrocarbons from LNAPL oil source: Journal of Contaminant Hydrology, v. 126, pp. 140-152.",
ds_01,x421B,B421-08A,7/15/2008,Estimated the sampling month and day to mid summer of the known sample collection year.,OW,9,L7,A,1,xLO063,nC9_mgG,,0.508,xLCA01,"Baedecker, M.J., Eaganhouse, R.P., Bekins, B.A., and Delin, G.N., 2011, Loss of volatile hydrocarbons from LNAPL oil source: Journal of Contaminant Hydrology, v. 126, pp. 140-152.",
ds_01,x421B,B421-08B,7/15/2008,Estimated the sampling month and day to mid summer of the known sample collection year.,OW,9,L7,B,1,xLO063,nC9_mgG,,0.46,xLCA01,"Baedecker, M.J., Eaganhouse, R.P., Bekins, B.A., and Delin, G.N., 2011, Loss of volatile hydrocarbons from LNAPL oil source: Journal of Contaminant Hydrology, v. 126, pp. 140-152.",
ds_01,x421B,B421-08C,7/15/2008,Estimated the sampling month and day to mid summer of the known sample collection year.,OW,9,L7,C,1,xLO063,nC9_mgG,,0.488,xLCA01,"Baedecker, M.J., Eaganhouse, R.P., Bekins, B.A., and Delin, G.N., 2011, Loss of volatile hydrocarbons from LNAPL oil source: Journal of Contaminant Hydrology, v. 126, pp. 140-152.",
ds_01,x306,B306-89,7/15/2009,Estimated the sampling month and day to mid summer of the known sample collection year.,OW,9,L9,A,1,xLO063,nC9_mgG,,13.797,xLCA01,"Baedecker, M.J., Eaganhouse, R.P., Bekins, B.A., and Delin, G.N., 2011, Loss of volatile hydrocarbons from LNAPL oil source: Journal of Contaminant Hydrology, v. 126, pp. 140-152.",
ds_01,x306,B306-05,7/15/2005,Estimated the sampling month and day to mid summer of the known sample collection year.,OW,9,L9,A,1,xLO063,nC9_mgG,,3.218,xLCA01,"Baedecker, M.J., Eaganhouse, R.P., Bekins, B.A., and Delin, G.N., 2011, Loss of volatile hydrocarbons from LNAPL oil source: Journal of Contaminant Hydrology, v. 126, pp. 140-152.",
ds_01,x306,B306-08,7/15/2008,Estimated the sampling month and day to mid summer of the known sample collection year.,OW,9,L9,A,1,xLO063,nC9_mgG,,4.582,xLCA01,"Baedecker, M.J., Eaganhouse, R.P., Bekins, B.A., and Delin, G.N., 2011, Loss of volatile hydrocarbons from LNAPL oil source: Journal of Contaminant Hydrology, v. 126, pp. 140-152.",
ds_01,x423,B423-89,7/15/1989,Estimated the sampling month and day to mid summer of the known sample collection year.,OW,9,L7,A,1,xLO063,nC9_mgG,,10.324,xLCA01,"Baedecker, M.J., Eaganhouse, R.P., Bekins, B.A., and Delin, G.N., 2011, Loss of volatile hydrocarbons from LNAPL oil source: Journal of Contaminant Hydrology, v. 126, pp. 140-152.",
ds_01,x423,B423-89,7/15/1989,Estimated the sampling month and day to mid summer of the known sample collection year.,OW,9,L7,A,2,xLO063,nC9_mgG,,9.248,xLCA01,"Baedecker, M.J., Eaganhouse, R.P., Bekins, B.A., and Delin, G.N., 2011, Loss of volatile hydrocarbons from LNAPL oil source: Journal of Contaminant Hydrology, v. 126, pp. 140-152.",
ds_01,x423,B423-04,7/15/2004,Estimated the sampling month and day to mid summer of the known sample collection year.,OW,9,L9,A,1,xLO063,nC9_mgG,,9.902,xLCA01,"Baedecker, M.J., Eaganhouse, R.P., Bekins, B.A., and Delin, G.N., 2011, Loss of volatile hydrocarbons from LNAPL oil source: Journal of Contaminant Hydrology, v. 126, pp. 140-152.",
ds_01,x423,B423-08,7/15/2008,Estimated the sampling month and day to mid summer of the known sample collection year.,OW,9,L9,A,1,xLO063,nC9_mgG,,10.105,xLCA01,"Baedecker, M.J., Eaganhouse, R.P., Bekins, B.A., and Delin, G.N., 2011, Loss of volatile hydrocarbons from LNAPL oil source: Journal of Contaminant Hydrology, v. 126, pp. 140-152.",
ds_01,x319,B319-89,7/15/1989,Estimated the sampling month and day to mid summer of the known sample collection year.,OW,9,L9,A,1,xLO063,nC9_mgG,,10.467,xLCA01,"Baedecker, M.J., Eaganhouse, R.P., Bekins, B.A., and Delin, G.N., 2011, Loss of volatile hydrocarbons from LNAPL oil source: Journal of Contaminant Hydrology, v. 126, pp. 140-152.",
ds_01,x319,B319-04,7/15/2004,Estimated the sampling month and day to mid summer of the known sample collection year.,OW,9,L9,A,1,xLO063,nC9_mgG,,9.16,xLCA01,"Baedecker, M.J., Eaganhouse, R.P., Bekins, B.A., and Delin, G.N., 2011, Loss of volatile hydrocarbons from LNAPL oil source: Journal of Contaminant Hydrology, v. 126, pp. 140-152.",
ds_01,x319,B319-08,7/15/2008,Estimated the sampling month and day to mid summer of the known sample collection year.,OW,9,L9,A,1,xLO063,nC9_mgG,,5.647,xLCA01,"Baedecker, M.J., Eaganhouse, R.P., Bekins, B.A., and Delin, G.N., 2011, Loss of volatile hydrocarbons from LNAPL oil source: Journal of Contaminant Hydrology, v. 126, pp. 140-152.",
ds_01,xCL-MW3,CL-MW3-07-2,7/15/2002,Estimated the sampling month and day to mid summer of the known sample collection year.,OW,9,L9,B,1,xLO057,nC10_mgG,<,0.01,xLCA01,"Baedecker, M.J., Eaganhouse, R.P., Bekins, B.A., and Delin, G.N., 2011, Loss of volatile hydrocarbons from LNAPL oil source: Journal of Contaminant Hydrology, v. 126, pp. 140-152.",
ds_01,xCL-MW3,CL-MW3-07-2,7/15/2002,Estimated the sampling month and day to mid summer of the known sample collection year.,OW,9,L9,B,1,xLO058,nC11_mgG,<,0.01,xLCA01,"Baedecker, M.J., Eaganhouse, R.P., Bekins, B.A., and Delin, G.N., 2011, Loss of volatile hydrocarbons from LNAPL oil source: Journal of Contaminant Hydrology, v. 126, pp. 140-152.",
ds_01,x604A,B604-87,7/15/1987,Estimated the sampling month and day to mid summer of the known sample collection year.,OW,9,L9,A,1,xLO063,nC9_mgG,,10.347,xLCA01,"Baedecker, M.J., Eaganhouse, R.P., Bekins, B.A., and Delin, G.N., 2011, Loss of volatile hydrocarbons from LNAPL oil source: Journal of Contaminant Hydrology, v. 126, pp. 140-152.",
ds_01,xCL-MW3,CL-MW3-07-2,7/15/2002,Estimated the sampling month and day to mid summer of the known sample collection year.,OW,9,L9,B,1,xLO059,nC12_mgG,<,0.01,xLCA01,"Baedecker, M.J., Eaganhouse, R.P., Bekins, B.A., and Delin, G.N., 2011, Loss of volatile hydrocarbons from LNAPL oil source: Journal of Contaminant Hydrology, v. 126, pp. 140-152.",
ds_01,xCL-pipeline,CL-pipeline-08,7/15/2008,Estimated the sampling month and day to mid summer of the known sample collection year.,OW,9,L9,A,1,xLO036,Bz_mgG,,1.186,xLCA01,"Baedecker, M.J., Eaganhouse, R.P., Bekins, B.A., and Delin, G.N., 2011, Loss of volatile hydrocarbons from LNAPL oil source: Journal of Contaminant Hydrology, v. 126, pp. 140-152.",
ds_01,xCL-pipeline,CL-pipeline-08,7/15/2008,Estimated the sampling month and day to mid summer of the known sample collection year.,OW,9,L9,A,1,xLO072,Tol_mgG,,4.025,xLCA01,"Baedecker, M.J., Eaganhouse, R.P., Bekins, B.A., and Delin, G.N., 2011, Loss of volatile hydrocarbons from LNAPL oil source: Journal of Contaminant Hydrology, v. 126, pp. 140-152.",
ds_01,xCL-pipeline,CL-pipeline-08,7/15/2008,Estimated the sampling month and day to mid summer of the known sample collection year.,OW,9,L9,A,1,xLO041,EtBz_mgG,,2.182,xLCA01,"Baedecker, M.J., Eaganhouse, R.P., Bekins, B.A., and Delin, G.N., 2011, Loss of volatile hydrocarbons from LNAPL oil source: Journal of Contaminant Hydrology, v. 126, pp. 140-152.",
ds_01,xCL-pipeline,CL-pipeline-08,7/15/2008,Estimated the sampling month and day to mid summer of the known sample collection year.,OW,9,L9,A,1,xLO053,mXyl_mgG,,2.089,xLCA01,"Baedecker, M.J., Eaganhouse, R.P., Bekins, B.A., and Delin, G.N., 2011, Loss of volatile hydrocarbons from LNAPL oil source: Journal of Contaminant Hydrology, v. 126, pp. 140-152.",
ds_01,x421B,B421-87A,7/15/1987,Estimated the sampling month and day to mid summer of the known sample collection year.,OW,9,L7,A,1,xLO057,nC10_mgG,,9.546,xLCA01,"Baedecker, M.J., Eaganhouse, R.P., Bekins, B.A., and Delin, G.N., 2011, Loss of volatile hydrocarbons from LNAPL oil source: Journal of Contaminant Hydrology, v. 126, pp. 140-152.",
ds_01,x421B,B421-87A,7/15/1987,Estimated the sampling month and day to mid summer of the known sample collection year.,OW,9,L7,A,2,xLO057,nC10_mgG,,6.027,xLCA01,"Baedecker, M.J., Eaganhouse, R.P., Bekins, B.A., and Delin, G.N., 2011, Loss of volatile hydrocarbons from LNAPL oil source: Journal of Contaminant Hydrology, v. 126, pp. 140-152.",
ds_01,x421B,B421-87B,7/15/1987,Estimated the sampling month and day to mid summer of the known sample collection year.,OW,9,L7,B,1,xLO057,nC10_mgG,,8.263,xLCA01,"Baedecker, M.J., Eaganhouse, R.P., Bekins, B.A., and Delin, G.N., 2011, Loss of volatile hydrocarbons from LNAPL oil source: Journal of Contaminant Hydrology, v. 126, pp. 140-152.",
ds_01,x421B,B421-87B,7/15/1987,Estimated the sampling month and day to mid summer of the known sample collection year.,OW,9,L7,B,2,xLO057,nC10_mgG,,9.379,xLCA01,"Baedecker, M.J., Eaganhouse, R.P., Bekins, B.A., and Delin, G.N., 2011, Loss of volatile hydrocarbons from LNAPL oil source: Journal of Contaminant Hydrology, v. 126, pp. 140-152.",
ds_01,x421B,B421-87C,7/15/1987,Estimated the sampling month and day to mid summer of the known sample collection year.,OW,9,L7,C,1,xLO057,nC10_mgG,,7.502,xLCA01,"Baedecker, M.J., Eaganhouse, R.P., Bekins, B.A., and Delin, G.N., 2011, Loss of volatile hydrocarbons from LNAPL oil source: Journal of Contaminant Hydrology, v. 126, pp. 140-152.",
ds_01,x421B,B421-87C,7/15/1987,Estimated the sampling month and day to mid summer of the known sample collection year.,OW,9,L7,C,2,xLO057,nC10_mgG,,9.009,xLCA01,"Baedecker, M.J., Eaganhouse, R.P., Bekins, B.A., and Delin, G.N., 2011, Loss of volatile hydrocarbons from LNAPL oil source: Journal of Contaminant Hydrology, v. 126, pp. 140-152.",
ds_01,x421B,B421-89,7/15/1989,Estimated the sampling month and day to mid summer of the known sample collection year.,OW,9,L9,A,1,xLO057,nC10_mgG,,9.471,xLCA01,"Baedecker, M.J., Eaganhouse, R.P., Bekins, B.A., and Delin, G.N., 2011, Loss of volatile hydrocarbons from LNAPL oil source: Journal of Contaminant Hydrology, v. 126, pp. 140-152.",
ds_01,x421B,B421-05A,7/15/2005,Estimated the sampling month and day to mid summer of the known sample collection year.,OW,9,L7,A,1,xLO057,nC10_mgG,,1.939,xLCA01,"Baedecker, M.J., Eaganhouse, R.P., Bekins, B.A., and Delin, G.N., 2011, Loss of volatile hydrocarbons from LNAPL oil source: Journal of Contaminant Hydrology, v. 126, pp. 140-152.",
ds_01,x421B,B421-05B,7/15/2005,Estimated the sampling month and day to mid summer of the known sample collection year.,OW,9,L7,B,1,xLO057,nC10_mgG,,1.865,xLCA01,"Baedecker, M.J., Eaganhouse, R.P., Bekins, B.A., and Delin, G.N., 2011, Loss of volatile hydrocarbons from LNAPL oil source: Journal of Contaminant Hydrology, v. 126, pp. 140-152.",
ds_01,x421B,B421-05C,7/15/2005,Estimated the sampling month and day to mid summer of the known sample collection year.,OW,9,L7,C,1,xLO057,nC10_mgG,,2.004,xLCA01,"Baedecker, M.J., Eaganhouse, R.P., Bekins, B.A., and Delin, G.N., 2011, Loss of volatile hydrocarbons from LNAPL oil source: Journal of Contaminant Hydrology, v. 126, pp. 140-152.",
ds_01,x421B,B421-08A,7/15/2008,Estimated the sampling month and day to mid summer of the known sample collection year.,OW,9,L7,A,1,xLO057,nC10_mgG,,0.609,xLCA01,"Baedecker, M.J., Eaganhouse, R.P., Bekins, B.A., and Delin, G.N., 2011, Loss of volatile hydrocarbons from LNAPL oil source: Journal of Contaminant Hydrology, v. 126, pp. 140-152.",
ds_01,x421B,B421-08B,7/15/2008,Estimated the sampling month and day to mid summer of the known sample collection year.,OW,9,L7,B,1,xLO057,nC10_mgG,,0.419,xLCA01,"Baedecker, M.J., Eaganhouse, R.P., Bekins, B.A., and Delin, G.N., 2011, Loss of volatile hydrocarbons from LNAPL oil source: Journal of Contaminant Hydrology, v. 126, pp. 140-152.",
ds_01,x421B,B421-08C,7/15/2008,Estimated the sampling month and day to mid summer of the known sample collection year.,OW,9,L7,C,1,xLO057,nC10_mgG,,0.543,xLCA01,"Baedecker, M.J., Eaganhouse, R.P., Bekins, B.A., and Delin, G.N., 2011, Loss of volatile hydrocarbons from LNAPL oil source: Journal of Contaminant Hydrology, v. 126, pp. 140-152.",
ds_01,x306,B306-89,7/15/2009,Estimated the sampling month and day to mid summer of the known sample collection year.,OW,9,L9,A,1,xLO057,nC10_mgG,,12.641,xLCA01,"Baedecker, M.J., Eaganhouse, R.P., Bekins, B.A., and Delin, G.N., 2011, Loss of volatile hydrocarbons from LNAPL oil source: Journal of Contaminant Hydrology, v. 126, pp. 140-152.",
ds_01,x306,B306-05,7/15/2005,Estimated the sampling month and day to mid summer of the known sample collection year.,OW,9,L9,A,1,xLO057,nC10_mgG,,2.538,xLCA01,"Baedecker, M.J., Eaganhouse, R.P., Bekins, B.A., and Delin, G.N., 2011, Loss of volatile hydrocarbons from LNAPL oil source: Journal of Contaminant Hydrology, v. 126, pp. 140-152.",
ds_01,x306,B306-08,7/15/2008,Estimated the sampling month and day to mid summer of the known sample collection year.,OW,9,L9,A,1,xLO057,nC10_mgG,,4.881,xLCA01,"Baedecker, M.J., Eaganhouse, R.P., Bekins, B.A., and Delin, G.N., 2011, Loss of volatile hydrocarbons from LNAPL oil source: Journal of Contaminant Hydrology, v. 126, pp. 140-152.",
ds_01,x423,B423-89,7/15/1989,Estimated the sampling month and day to mid summer of the known sample collection year.,OW,9,L7,A,1,xLO057,nC10_mgG,,10.127,xLCA01,"Baedecker, M.J., Eaganhouse, R.P., Bekins, B.A., and Delin, G.N., 2011, Loss of volatile hydrocarbons from LNAPL oil source: Journal of Contaminant Hydrology, v. 126, pp. 140-152.",
ds_01,x423,B423-89,7/15/1989,Estimated the sampling month and day to mid summer of the known sample collection year.,OW,9,L7,A,2,xLO057,nC10_mgG,,6.768,xLCA01,"Baedecker, M.J., Eaganhouse, R.P., Bekins, B.A., and Delin, G.N., 2011, Loss of volatile hydrocarbons from LNAPL oil source: Journal of Contaminant Hydrology, v. 126, pp. 140-152.",
ds_01,x423,B423-04,7/15/2004,Estimated the sampling month and day to mid summer of the known sample collection year.,OW,9,L9,A,1,xLO057,nC10_mgG,,6.566,xLCA01,"Baedecker, M.J., Eaganhouse, R.P., Bekins, B.A., and Delin, G.N., 2011, Loss of volatile hydrocarbons from LNAPL oil source: Journal of Contaminant Hydrology, v. 126, pp. 140-152.",
ds_01,x423,B423-08,7/15/2008,Estimated the sampling month and day to mid summer of the known sample collection year.,OW,9,L9,A,1,xLO057,nC10_mgG,,7.285,xLCA01,"Baedecker, M.J., Eaganhouse, R.P., Bekins, B.A., and Delin, G.N., 2011, Loss of volatile hydrocarbons from LNAPL oil source: Journal of Contaminant Hydrology, v. 126, pp. 140-152.",
ds_01,x319,B319-89,7/15/1989,Estimated the sampling month and day to mid summer of the known sample collection year.,OW,9,L9,A,1,xLO057,nC10_mgG,,10.8,xLCA01,"Baedecker, M.J., Eaganhouse, R.P., Bekins, B.A., and Delin, G.N., 2011, Loss of volatile hydrocarbons from LNAPL oil source: Journal of Contaminant Hydrology, v. 126, pp. 140-152.",
ds_01,x319,B319-04,7/15/2004,Estimated the sampling month and day to mid summer of the known sample collection year.,OW,9,L9,A,1,xLO057,nC10_mgG,,8.226,xLCA01,"Baedecker, M.J., Eaganhouse, R.P., Bekins, B.A., and Delin, G.N., 2011, Loss of volatile hydrocarbons from LNAPL oil source: Journal of Contaminant Hydrology, v. 126, pp. 140-152.",
ds_01,x319,B319-08,7/15/2008,Estimated the sampling month and day to mid summer of the known sample collection year.,OW,9,L9,A,1,xLO057,nC10_mgG,,3.698,xLCA01,"Baedecker, M.J., Eaganhouse, R.P., Bekins, B.A., and Delin, G.N., 2011, Loss of volatile hydrocarbons from LNAPL oil source: Journal of Contaminant Hydrology, v. 126, pp. 140-152.",
ds_01,xCL-pipeline,CL-pipeline-08,7/15/2008,Estimated the sampling month and day to mid summer of the known sample collection year.,OW,9,L9,A,1,xLO068,pXyl_mgG,,0.737,xLCA01,"Baedecker, M.J., Eaganhouse, R.P., Bekins, B.A., and Delin, G.N., 2011, Loss of volatile hydrocarbons from LNAPL oil source: Journal of Contaminant Hydrology, v. 126, pp. 140-152.",
ds_01,xCL-pipeline,CL-pipeline-08,7/15/2008,Estimated the sampling month and day to mid summer of the known sample collection year.,OW,9,L9,A,1,xLO066,oXyl_mgG,,1.231,xLCA01,"Baedecker, M.J., Eaganhouse, R.P., Bekins, B.A., and Delin, G.N., 2011, Loss of volatile hydrocarbons from LNAPL oil source: Journal of Contaminant Hydrology, v. 126, pp. 140-152.",
ds_01,x604A,B604-87,7/15/1987,Estimated the sampling month and day to mid summer of the known sample collection year.,OW,9,L9,A,1,xLO057,nC10_mgG,,9.24,xLCA01,"Baedecker, M.J., Eaganhouse, R.P., Bekins, B.A., and Delin, G.N., 2011, Loss of volatile hydrocarbons from LNAPL oil source: Journal of Contaminant Hydrology, v. 126, pp. 140-152.",
ds_01,xCL-pipeline,CL-pipeline-08,7/15/2008,Estimated the sampling month and day to mid summer of the known sample collection year.,OW,9,L9,A,1,xLO039,CyHex_dBz_mgG,,3.808,xLCA02,"Baedecker, M.J., Eaganhouse, R.P., Bekins, B.A., and Delin, G.N., 2011, Loss of volatile hydrocarbons from LNAPL oil source: Journal of Contaminant Hydrology, v. 126, pp. 140-152.",
ds_01,xCL-pipeline,CL-pipeline-08,7/15/2008,Estimated the sampling month and day to mid summer of the known sample collection year.,OW,9,L9,A,1,xLO051,MeCyHex_dTol_mgG,,5.326,xLCA02,"Baedecker, M.J., Eaganhouse, R.P., Bekins, B.A., and Delin, G.N., 2011, Loss of volatile hydrocarbons from LNAPL oil source: Journal of Contaminant Hydrology, v. 126, pp. 140-152.",
ds_01,xCL-pipeline,CL-pipeline-08,7/15/2008,Estimated the sampling month and day to mid summer of the known sample collection year.,OW,9,L9,A,1,xLO043,EtCyHex_dEtBz_mgG,,1.905,xLCA02,"Baedecker, M.J., Eaganhouse, R.P., Bekins, B.A., and Delin, G.N., 2011, Loss of volatile hydrocarbons from LNAPL oil source: Journal of Contaminant Hydrology, v. 126, pp. 140-152.",
ds_01,xCL-pipeline,CL-pipeline-08,7/15/2008,Estimated the sampling month and day to mid summer of the known sample collection year.,OW,9,L9,A,1,xLO014,135TMeBz_mgG,,0.602,xLCA01,"Baedecker, M.J., Eaganhouse, R.P., Bekins, B.A., and Delin, G.N., 2011, Loss of volatile hydrocarbons from LNAPL oil source: Journal of Contaminant Hydrology, v. 126, pp. 140-152.",
ds_01,xCL-pipeline,CL-pipeline-08,7/15/2008,Estimated the sampling month and day to mid summer of the known sample collection year.,OW,9,L9,A,1,xLO009,124TMeBz_mgG,,2.037,xLCA01,"Baedecker, M.J., Eaganhouse, R.P., Bekins, B.A., and Delin, G.N., 2011, Loss of volatile hydrocarbons from LNAPL oil source: Journal of Contaminant Hydrology, v. 126, pp. 140-152.",
ds_01,x421B,B421-87A,7/15/1987,Estimated the sampling month and day to mid summer of the known sample collection year.,OW,9,L7,A,1,xLO058,nC11_mgG,,10.941,xLCA01,"Baedecker, M.J., Eaganhouse, R.P., Bekins, B.A., and Delin, G.N., 2011, Loss of volatile hydrocarbons from LNAPL oil source: Journal of Contaminant Hydrology, v. 126, pp. 140-152.",
ds_01,x421B,B421-87A,7/15/1987,Estimated the sampling month and day to mid summer of the known sample collection year.,OW,9,L7,A,2,xLO058,nC11_mgG,,6.414,xLCA01,"Baedecker, M.J., Eaganhouse, R.P., Bekins, B.A., and Delin, G.N., 2011, Loss of volatile hydrocarbons from LNAPL oil source: Journal of Contaminant Hydrology, v. 126, pp. 140-152.",
ds_01,x421B,B421-87B,7/15/1987,Estimated the sampling month and day to mid summer of the known sample collection year.,OW,9,L7,B,1,xLO058,nC11_mgG,,9.148,xLCA01,"Baedecker, M.J., Eaganhouse, R.P., Bekins, B.A., and Delin, G.N., 2011, Loss of volatile hydrocarbons from LNAPL oil source: Journal of Contaminant Hydrology, v. 126, pp. 140-152.",
ds_01,x421B,B421-87B,7/15/1987,Estimated the sampling month and day to mid summer of the known sample collection year.,OW,9,L7,B,2,xLO058,nC11_mgG,,9.064,xLCA01,"Baedecker, M.J., Eaganhouse, R.P., Bekins, B.A., and Delin, G.N., 2011, Loss of volatile hydrocarbons from LNAPL oil source: Journal of Contaminant Hydrology, v. 126, pp. 140-152.",
ds_01,x421B,B421-87C,7/15/1987,Estimated the sampling month and day to mid summer of the known sample collection year.,OW,9,L7,C,1,xLO058,nC11_mgG,,6.235,xLCA01,"Baedecker, M.J., Eaganhouse, R.P., Bekins, B.A., and Delin, G.N., 2011, Loss of volatile hydrocarbons from LNAPL oil source: Journal of Contaminant Hydrology, v. 126, pp. 140-152.",
ds_01,x421B,B421-87C,7/15/1987,Estimated the sampling month and day to mid summer of the known sample collection year.,OW,9,L7,C,2,xLO058,nC11_mgG,,7.751,xLCA01,"Baedecker, M.J., Eaganhouse, R.P., Bekins, B.A., and Delin, G.N., 2011, Loss of volatile hydrocarbons from LNAPL oil source: Journal of Contaminant Hydrology, v. 126, pp. 140-152.",
ds_01,x421B,B421-89,7/15/1989,Estimated the sampling month and day to mid summer of the known sample collection year.,OW,9,L9,A,1,xLO058,nC11_mgG,,9.856,xLCA01,"Baedecker, M.J., Eaganhouse, R.P., Bekins, B.A., and Delin, G.N., 2011, Loss of volatile hydrocarbons from LNAPL oil source: Journal of Contaminant Hydrology, v. 126, pp. 140-152.",
ds_01,x421B,B421-05A,7/15/2005,Estimated the sampling month and day to mid summer of the known sample collection year.,OW,9,L7,A,1,xLO058,nC11_mgG,,1.126,xLCA01,"Baedecker, M.J., Eaganhouse, R.P., Bekins, B.A., and Delin, G.N., 2011, Loss of volatile hydrocarbons from LNAPL oil source: Journal of Contaminant Hydrology, v. 126, pp. 140-152.",
ds_01,x421B,B421-05B,7/15/2005,Estimated the sampling month and day to mid summer of the known sample collection year.,OW,9,L7,B,1,xLO058,nC11_mgG,,1.127,xLCA01,"Baedecker, M.J., Eaganhouse, R.P., Bekins, B.A., and Delin, G.N., 2011, Loss of volatile hydrocarbons from LNAPL oil source: Journal of Contaminant Hydrology, v. 126, pp. 140-152.",
ds_01,x421B,B421-05C,7/15/2005,Estimated the sampling month and day to mid summer of the known sample collection year.,OW,9,L7,C,1,xLO058,nC11_mgG,,1.056,xLCA01,"Baedecker, M.J., Eaganhouse, R.P., Bekins, B.A., and Delin, G.N., 2011, Loss of volatile hydrocarbons from LNAPL oil source: Journal of Contaminant Hydrology, v. 126, pp. 140-152.",
ds_01,x421B,B421-08A,7/15/2008,Estimated the sampling month and day to mid summer of the known sample collection year.,OW,9,L7,A,1,xLO058,nC11_mgG,,0.213,xLCA01,"Baedecker, M.J., Eaganhouse, R.P., Bekins, B.A., and Delin, G.N., 2011, Loss of volatile hydrocarbons from LNAPL oil source: Journal of Contaminant Hydrology, v. 126, pp. 140-152.",
ds_01,x421B,B421-08B,7/15/2008,Estimated the sampling month and day to mid summer of the known sample collection year.,OW,9,L7,B,1,xLO058,nC11_mgG,,0.138,xLCA01,"Baedecker, M.J., Eaganhouse, R.P., Bekins, B.A., and Delin, G.N., 2011, Loss of volatile hydrocarbons from LNAPL oil source: Journal of Contaminant Hydrology, v. 126, pp. 140-152.",
ds_01,x421B,B421-08C,7/15/2008,Estimated the sampling month and day to mid summer of the known sample collection year.,OW,9,L7,C,1,xLO058,nC11_mgG,,0.208,xLCA01,"Baedecker, M.J., Eaganhouse, R.P., Bekins, B.A., and Delin, G.N., 2011, Loss of volatile hydrocarbons from LNAPL oil source: Journal of Contaminant Hydrology, v. 126, pp. 140-152.",
ds_01,x306,B306-89,7/15/2009,Estimated the sampling month and day to mid summer of the known sample collection year.,OW,9,L9,A,1,xLO058,nC11_mgG,,11.948,xLCA01,"Baedecker, M.J., Eaganhouse, R.P., Bekins, B.A., and Delin, G.N., 2011, Loss of volatile hydrocarbons from LNAPL oil source: Journal of Contaminant Hydrology, v. 126, pp. 140-152.",
ds_01,x306,B306-05,7/15/2005,Estimated the sampling month and day to mid summer of the known sample collection year.,OW,9,L9,A,1,xLO058,nC11_mgG,,2.403,xLCA01,"Baedecker, M.J., Eaganhouse, R.P., Bekins, B.A., and Delin, G.N., 2011, Loss of volatile hydrocarbons from LNAPL oil source: Journal of Contaminant Hydrology, v. 126, pp. 140-152.",
ds_01,x306,B306-08,7/15/2008,Estimated the sampling month and day to mid summer of the known sample collection year.,OW,9,L9,A,1,xLO058,nC11_mgG,,3.799,xLCA01,"Baedecker, M.J., Eaganhouse, R.P., Bekins, B.A., and Delin, G.N., 2011, Loss of volatile hydrocarbons from LNAPL oil source: Journal of Contaminant Hydrology, v. 126, pp. 140-152.",
ds_01,x423,B423-89,7/15/1989,Estimated the sampling month and day to mid summer of the known sample collection year.,OW,9,L7,A,1,xLO058,nC11_mgG,,11.708,xLCA01,"Baedecker, M.J., Eaganhouse, R.P., Bekins, B.A., and Delin, G.N., 2011, Loss of volatile hydrocarbons from LNAPL oil source: Journal of Contaminant Hydrology, v. 126, pp. 140-152.",
ds_01,x423,B423-89,7/15/1989,Estimated the sampling month and day to mid summer of the known sample collection year.,OW,9,L7,A,2,xLO058,nC11_mgG,,6.574,xLCA01,"Baedecker, M.J., Eaganhouse, R.P., Bekins, B.A., and Delin, G.N., 2011, Loss of volatile hydrocarbons from LNAPL oil source: Journal of Contaminant Hydrology, v. 126, pp. 140-152.",
ds_01,x423,B423-04,7/15/2004,Estimated the sampling month and day to mid summer of the known sample collection year.,OW,9,L9,A,1,xLO058,nC11_mgG,,6.615,xLCA01,"Baedecker, M.J., Eaganhouse, R.P., Bekins, B.A., and Delin, G.N., 2011, Loss of volatile hydrocarbons from LNAPL oil source: Journal of Contaminant Hydrology, v. 126, pp. 140-152.",
ds_01,x423,B423-08,7/15/2008,Estimated the sampling month and day to mid summer of the known sample collection year.,OW,9,L9,A,1,xLO058,nC11_mgG,,6.195,xLCA01,"Baedecker, M.J., Eaganhouse, R.P., Bekins, B.A., and Delin, G.N., 2011, Loss of volatile hydrocarbons from LNAPL oil source: Journal of Contaminant Hydrology, v. 126, pp. 140-152.",
ds_01,x319,B319-89,7/15/1989,Estimated the sampling month and day to mid summer of the known sample collection year.,OW,9,L9,A,1,xLO058,nC11_mgG,,10.146,xLCA01,"Baedecker, M.J., Eaganhouse, R.P., Bekins, B.A., and Delin, G.N., 2011, Loss of volatile hydrocarbons from LNAPL oil source: Journal of Contaminant Hydrology, v. 126, pp. 140-152.",
ds_01,x319,B319-04,7/15/2004,Estimated the sampling month and day to mid summer of the known sample collection year.,OW,9,L9,A,1,xLO058,nC11_mgG,,6.632,xLCA01,"Baedecker, M.J., Eaganhouse, R.P., Bekins, B.A., and Delin, G.N., 2011, Loss of volatile hydrocarbons from LNAPL oil source: Journal of Contaminant Hydrology, v. 126, pp. 140-152.",
ds_01,x319,B319-08,7/15/2008,Estimated the sampling month and day to mid summer of the known sample collection year.,OW,9,L9,A,1,xLO058,nC11_mgG,,0.993,xLCA01,"Baedecker, M.J., Eaganhouse, R.P., Bekins, B.A., and Delin, G.N., 2011, Loss of volatile hydrocarbons from LNAPL oil source: Journal of Contaminant Hydrology, v. 126, pp. 140-152.",
ds_01,xCL-pipeline,CL-pipeline-08,7/15/2008,Estimated the sampling month and day to mid summer of the known sample collection year.,OW,9,L9,A,1,xLO005,123TMeBz_mgG,,0.97,xLCA01,"Baedecker, M.J., Eaganhouse, R.P., Bekins, B.A., and Delin, G.N., 2011, Loss of volatile hydrocarbons from LNAPL oil source: Journal of Contaminant Hydrology, v. 126, pp. 140-152.",
ds_01,xCL-pipeline,CL-pipeline-08,7/15/2008,Estimated the sampling month and day to mid summer of the known sample collection year.,OW,9,L9,A,1,xLO007,1245TMeBz_dNaph_mgG,,0.138,xLCA02,"Baedecker, M.J., Eaganhouse, R.P., Bekins, B.A., and Delin, G.N., 2011, Loss of volatile hydrocarbons from LNAPL oil source: Journal of Contaminant Hydrology, v. 126, pp. 140-152.",
ds_01,x604A,B604-87,7/15/1987,Estimated the sampling month and day to mid summer of the known sample collection year.,OW,9,L9,A,1,xLO058,nC11_mgG,,9.99,xLCA01,"Baedecker, M.J., Eaganhouse, R.P., Bekins, B.A., and Delin, G.N., 2011, Loss of volatile hydrocarbons from LNAPL oil source: Journal of Contaminant Hydrology, v. 126, pp. 140-152.",
ds_01,xCL-pipeline,CL-pipeline-08,7/15/2008,Estimated the sampling month and day to mid summer of the known sample collection year.,OW,9,L9,A,1,xLO003,1235TMeBz_d-Naph_mgG,,0.305,xLCA02,"Baedecker, M.J., Eaganhouse, R.P., Bekins, B.A., and Delin, G.N., 2011, Loss of volatile hydrocarbons from LNAPL oil source: Journal of Contaminant Hydrology, v. 126, pp. 140-152.",
ds_01,xCL-pipeline,CL-pipeline-08,7/15/2008,Estimated the sampling month and day to mid summer of the known sample collection year.,OW,9,L9,A,1,xLO001,1234TMeBz_dNaph_mgG,,0.439,xLCA02,"Baedecker, M.J., Eaganhouse, R.P., Bekins, B.A., and Delin, G.N., 2011, Loss of volatile hydrocarbons from LNAPL oil source: Journal of Contaminant Hydrology, v. 126, pp. 140-152.",
ds_01,xCL-pipeline,CL-pipeline-08,7/15/2008,Estimated the sampling month and day to mid summer of the known sample collection year.,OW,9,L9,A,1,xLO054,Naph_mgG,,0.36,xLCA01,"Baedecker, M.J., Eaganhouse, R.P., Bekins, B.A., and Delin, G.N., 2011, Loss of volatile hydrocarbons from LNAPL oil source: Journal of Contaminant Hydrology, v. 126, pp. 140-152.",
ds_01,xCL-pipeline,CL-pipeline-08,7/15/2008,Estimated the sampling month and day to mid summer of the known sample collection year.,OW,9,L9,A,1,xLO032,2Me_dNaph_mgG,,0.674,xLCA02,"Baedecker, M.J., Eaganhouse, R.P., Bekins, B.A., and Delin, G.N., 2011, Loss of volatile hydrocarbons from LNAPL oil source: Journal of Contaminant Hydrology, v. 126, pp. 140-152.",
ds_01,xCL-pipeline,CL-pipeline-08,7/15/2008,Estimated the sampling month and day to mid summer of the known sample collection year.,OW,9,L9,A,1,xLO022,1Me_dNaph_mgG,,0.522,xLCA02,"Baedecker, M.J., Eaganhouse, R.P., Bekins, B.A., and Delin, G.N., 2011, Loss of volatile hydrocarbons from LNAPL oil source: Journal of Contaminant Hydrology, v. 126, pp. 140-152.",
ds_01,x421B,B421-87A,7/15/1987,Estimated the sampling month and day to mid summer of the known sample collection year.,OW,9,L7,A,1,xLO059,nC12_mgG,,7.126,xLCA01,"Baedecker, M.J., Eaganhouse, R.P., Bekins, B.A., and Delin, G.N., 2011, Loss of volatile hydrocarbons from LNAPL oil source: Journal of Contaminant Hydrology, v. 126, pp. 140-152.",
ds_01,x421B,B421-87A,7/15/1987,Estimated the sampling month and day to mid summer of the known sample collection year.,OW,9,L7,A,2,xLO059,nC12_mgG,,7.657,xLCA01,"Baedecker, M.J., Eaganhouse, R.P., Bekins, B.A., and Delin, G.N., 2011, Loss of volatile hydrocarbons from LNAPL oil source: Journal of Contaminant Hydrology, v. 126, pp. 140-152.",
ds_01,x421B,B421-87B,7/15/1987,Estimated the sampling month and day to mid summer of the known sample collection year.,OW,9,L7,B,1,xLO059,nC12_mgG,,7.401,xLCA01,"Baedecker, M.J., Eaganhouse, R.P., Bekins, B.A., and Delin, G.N., 2011, Loss of volatile hydrocarbons from LNAPL oil source: Journal of Contaminant Hydrology, v. 126, pp. 140-152.",
ds_01,x421B,B421-87B,7/15/1987,Estimated the sampling month and day to mid summer of the known sample collection year.,OW,9,L7,B,2,xLO059,nC12_mgG,,7.431,xLCA01,"Baedecker, M.J., Eaganhouse, R.P., Bekins, B.A., and Delin, G.N., 2011, Loss of volatile hydrocarbons from LNAPL oil source: Journal of Contaminant Hydrology, v. 126, pp. 140-152.",
ds_01,x421B,B421-87C,7/15/1987,Estimated the sampling month and day to mid summer of the known sample collection year.,OW,9,L7,C,1,xLO059,nC12_mgG,,7.02,xLCA01,"Baedecker, M.J., Eaganhouse, R.P., Bekins, B.A., and Delin, G.N., 2011, Loss of volatile hydrocarbons from LNAPL oil source: Journal of Contaminant Hydrology, v. 126, pp. 140-152.",
ds_01,x421B,B421-87C,7/15/1987,Estimated the sampling month and day to mid summer of the known sample collection year.,OW,9,L7,C,2,xLO059,nC12_mgG,,7.124,xLCA01,"Baedecker, M.J., Eaganhouse, R.P., Bekins, B.A., and Delin, G.N., 2011, Loss of volatile hydrocarbons from LNAPL oil source: Journal of Contaminant Hydrology, v. 126, pp. 140-152.",
ds_01,x421B,B421-89,7/15/1989,Estimated the sampling month and day to mid summer of the known sample collection year.,OW,9,L9,A,1,xLO059,nC12_mgG,,6.964,xLCA01,"Baedecker, M.J., Eaganhouse, R.P., Bekins, B.A., and Delin, G.N., 2011, Loss of volatile hydrocarbons from LNAPL oil source: Journal of Contaminant Hydrology, v. 126, pp. 140-152.",
ds_01,x421B,B421-05A,7/15/2005,Estimated the sampling month and day to mid summer of the known sample collection year.,OW,9,L7,A,1,xLO059,nC12_mgG,<,0.01,xLCA01,"Baedecker, M.J., Eaganhouse, R.P., Bekins, B.A., and Delin, G.N., 2011, Loss of volatile hydrocarbons from LNAPL oil source: Journal of Contaminant Hydrology, v. 126, pp. 140-152.",
ds_01,x421B,B421-05B,7/15/2005,Estimated the sampling month and day to mid summer of the known sample collection year.,OW,9,L7,B,1,xLO059,nC12_mgG,<,0.01,xLCA01,"Baedecker, M.J., Eaganhouse, R.P., Bekins, B.A., and Delin, G.N., 2011, Loss of volatile hydrocarbons from LNAPL oil source: Journal of Contaminant Hydrology, v. 126, pp. 140-152.",
ds_01,x421B,B421-05C,7/15/2005,Estimated the sampling month and day to mid summer of the known sample collection year.,OW,9,L7,C,1,xLO059,nC12_mgG,<,0.01,xLCA01,"Baedecker, M.J., Eaganhouse, R.P., Bekins, B.A., and Delin, G.N., 2011, Loss of volatile hydrocarbons from LNAPL oil source: Journal of Contaminant Hydrology, v. 126, pp. 140-152.",
ds_01,x421B,B421-08A,7/15/2008,Estimated the sampling month and day to mid summer of the known sample collection year.,OW,9,L7,A,1,xLO059,nC12_mgG,<,0.01,xLCA01,"Baedecker, M.J., Eaganhouse, R.P., Bekins, B.A., and Delin, G.N., 2011, Loss of volatile hydrocarbons from LNAPL oil source: Journal of Contaminant Hydrology, v. 126, pp. 140-152.",
ds_01,x421B,B421-08B,7/15/2008,Estimated the sampling month and day to mid summer of the known sample collection year.,OW,9,L7,B,1,xLO059,nC12_mgG,<,0.01,xLCA01,"Baedecker, M.J., Eaganhouse, R.P., Bekins, B.A., and Delin, G.N., 2011, Loss of volatile hydrocarbons from LNAPL oil source: Journal of Contaminant Hydrology, v. 126, pp. 140-152.",
ds_01,x421B,B421-08C,7/15/2008,Estimated the sampling month and day to mid summer of the known sample collection year.,OW,9,L7,C,1,xLO059,nC12_mgG,<,0.01,xLCA01,"Baedecker, M.J., Eaganhouse, R.P., Bekins, B.A., and Delin, G.N., 2011, Loss of volatile hydrocarbons from LNAPL oil source: Journal of Contaminant Hydrology, v. 126, pp. 140-152.",
ds_01,x306,B306-89,7/15/2009,Estimated the sampling month and day to mid summer of the known sample collection year.,OW,9,L9,A,1,xLO059,nC12_mgG,,10.078,xLCA01,"Baedecker, M.J., Eaganhouse, R.P., Bekins, B.A., and Delin, G.N., 2011, Loss of volatile hydrocarbons from LNAPL oil source: Journal of Contaminant Hydrology, v. 126, pp. 140-152.",
ds_01,x306,B306-05,7/15/2005,Estimated the sampling month and day to mid summer of the known sample collection year.,OW,9,L9,A,1,xLO059,nC12_mgG,,1.777,xLCA01,"Baedecker, M.J., Eaganhouse, R.P., Bekins, B.A., and Delin, G.N., 2011, Loss of volatile hydrocarbons from LNAPL oil source: Journal of Contaminant Hydrology, v. 126, pp. 140-152.",
ds_01,x306,B306-08,7/15/2008,Estimated the sampling month and day to mid summer of the known sample collection year.,OW,9,L9,A,1,xLO059,nC12_mgG,,2.427,xLCA01,"Baedecker, M.J., Eaganhouse, R.P., Bekins, B.A., and Delin, G.N., 2011, Loss of volatile hydrocarbons from LNAPL oil source: Journal of Contaminant Hydrology, v. 126, pp. 140-152.",
ds_01,x423,B423-89,7/15/1989,Estimated the sampling month and day to mid summer of the known sample collection year.,OW,9,L7,A,1,xLO059,nC12_mgG,,7.727,xLCA01,"Baedecker, M.J., Eaganhouse, R.P., Bekins, B.A., and Delin, G.N., 2011, Loss of volatile hydrocarbons from LNAPL oil source: Journal of Contaminant Hydrology, v. 126, pp. 140-152.",
ds_01,x423,B423-89,7/15/1989,Estimated the sampling month and day to mid summer of the known sample collection year.,OW,9,L7,A,2,xLO059,nC12_mgG,,7.307,xLCA01,"Baedecker, M.J., Eaganhouse, R.P., Bekins, B.A., and Delin, G.N., 2011, Loss of volatile hydrocarbons from LNAPL oil source: Journal of Contaminant Hydrology, v. 126, pp. 140-152.",
ds_01,x423,B423-04,7/15/2004,Estimated the sampling month and day to mid summer of the known sample collection year.,OW,9,L9,A,1,xLO059,nC12_mgG,,8.152,xLCA01,"Baedecker, M.J., Eaganhouse, R.P., Bekins, B.A., and Delin, G.N., 2011, Loss of volatile hydrocarbons from LNAPL oil source: Journal of Contaminant Hydrology, v. 126, pp. 140-152.",
ds_01,x423,B423-08,7/15/2008,Estimated the sampling month and day to mid summer of the known sample collection year.,OW,9,L9,A,1,xLO059,nC12_mgG,,6.265,xLCA01,"Baedecker, M.J., Eaganhouse, R.P., Bekins, B.A., and Delin, G.N., 2011, Loss of volatile hydrocarbons from LNAPL oil source: Journal of Contaminant Hydrology, v. 126, pp. 140-152.",
ds_01,x319,B319-89,7/15/1989,Estimated the sampling month and day to mid summer of the known sample collection year.,OW,9,L9,A,1,xLO059,nC12_mgG,,7.759,xLCA01,"Baedecker, M.J., Eaganhouse, R.P., Bekins, B.A., and Delin, G.N., 2011, Loss of volatile hydrocarbons from LNAPL oil source: Journal of Contaminant Hydrology, v. 126, pp. 140-152.",
ds_01,x319,B319-04,7/15/2004,Estimated the sampling month and day to mid summer of the known sample collection year.,OW,9,L9,A,1,xLO059,nC12_mgG,,2.81,xLCA01,"Baedecker, M.J., Eaganhouse, R.P., Bekins, B.A., and Delin, G.N., 2011, Loss of volatile hydrocarbons from LNAPL oil source: Journal of Contaminant Hydrology, v. 126, pp. 140-152.",
ds_01,x319,B319-08,7/15/2008,Estimated the sampling month and day to mid summer of the known sample collection year.,OW,9,L9,A,1,xLO059,nC12_mgG,<,0.01,xLCA01,"Baedecker, M.J., Eaganhouse, R.P., Bekins, B.A., and Delin, G.N., 2011, Loss of volatile hydrocarbons from LNAPL oil source: Journal of Contaminant Hydrology, v. 126, pp. 140-152.",
ds_01,xCL-pipeline,CL-pipeline-08,7/15/2008,Estimated the sampling month and day to mid summer of the known sample collection year.,OW,9,L9,A,1,xLO060,nC6_mgG,,10.4,xLCA01,"Baedecker, M.J., Eaganhouse, R.P., Bekins, B.A., and Delin, G.N., 2011, Loss of volatile hydrocarbons from LNAPL oil source: Journal of Contaminant Hydrology, v. 126, pp. 140-152.",
ds_01,xCL-pipeline,CL-pipeline-08,7/15/2008,Estimated the sampling month and day to mid summer of the known sample collection year.,OW,9,L9,A,1,xLO061,nC7_mgG,,15.391,xLCA01,"Baedecker, M.J., Eaganhouse, R.P., Bekins, B.A., and Delin, G.N., 2011, Loss of volatile hydrocarbons from LNAPL oil source: Journal of Contaminant Hydrology, v. 126, pp. 140-152.",
ds_01,x604A,B604-87,7/15/1987,Estimated the sampling month and day to mid summer of the known sample collection year.,OW,9,L9,A,1,xLO059,nC12_mgG,,7.853,xLCA01,"Baedecker, M.J., Eaganhouse, R.P., Bekins, B.A., and Delin, G.N., 2011, Loss of volatile hydrocarbons from LNAPL oil source: Journal of Contaminant Hydrology, v. 126, pp. 140-152.",
ds_01,xCL-pipeline,CL-pipeline-08,7/15/2008,Estimated the sampling month and day to mid summer of the known sample collection year.,OW,9,L9,A,1,xLO062,nC8_mgG,,6.952,xLCA01,"Baedecker, M.J., Eaganhouse, R.P., Bekins, B.A., and Delin, G.N., 2011, Loss of volatile hydrocarbons from LNAPL oil source: Journal of Contaminant Hydrology, v. 126, pp. 140-152.",
ds_01,xCL-pipeline,CL-pipeline-08,7/15/2008,Estimated the sampling month and day to mid summer of the known sample collection year.,OW,9,L9,A,1,xLO063,nC9_mgG,,7.951,xLCA01,"Baedecker, M.J., Eaganhouse, R.P., Bekins, B.A., and Delin, G.N., 2011, Loss of volatile hydrocarbons from LNAPL oil source: Journal of Contaminant Hydrology, v. 126, pp. 140-152.",
ds_01,xCL-pipeline,CL-pipeline-08,7/15/2008,Estimated the sampling month and day to mid summer of the known sample collection year.,OW,9,L9,A,1,xLO057,nC10_mgG,,7.873,xLCA01,"Baedecker, M.J., Eaganhouse, R.P., Bekins, B.A., and Delin, G.N., 2011, Loss of volatile hydrocarbons from LNAPL oil source: Journal of Contaminant Hydrology, v. 126, pp. 140-152.",
ds_01,xCL-pipeline,CL-pipeline-08,7/15/2008,Estimated the sampling month and day to mid summer of the known sample collection year.,OW,9,L9,A,1,xLO058,nC11_mgG,,7.687,xLCA01,"Baedecker, M.J., Eaganhouse, R.P., Bekins, B.A., and Delin, G.N., 2011, Loss of volatile hydrocarbons from LNAPL oil source: Journal of Contaminant Hydrology, v. 126, pp. 140-152.",
ds_01,xCL-pipeline,CL-pipeline-08,7/15/2008,Estimated the sampling month and day to mid summer of the known sample collection year.,OW,9,L9,A,1,xLO059,nC12_mgG,,6.037,xLCA01,"Baedecker, M.J., Eaganhouse, R.P., Bekins, B.A., and Delin, G.N., 2011, Loss of volatile hydrocarbons from LNAPL oil source: Journal of Contaminant Hydrology, v. 126, pp. 140-152.",
