"#tblds_05_GrainSizeDist_1990s.csv: Masses of sediments within certain size classes from core samples collected with a fixed-piston, wireline core barrel at the National Crude Oil Spill Fate and Natural Attenuation Research Site near Bemidji, Minnesota, USA between 1990 and 1998. Sediments were separated into size fractions using sieve methods and hydrometer methods.",,,,,,,,,,,,,,,,
"#Data code definitions: refer to the metadata file, HistoricalData_metadata.xml, provided with this data release (https://doi.org/10.5066/P9FJ8I0P) and the data dictionary tables available at https://doi.org/10.5066/F7736PDR.  NOTE: An ""x"" was prepended to the values in the LocalSiteName, parm_cd, and meth_cd fields to prevent automatic truncation of leading 0's in the field by software programs used to open .csv files. Users can format this field as text and then use a ""Find and Replace"" tool to remove the x's if so desired.",,,,,,,,,,,,,,,,
dataset_id,LocalSiteName,OrigSiteName,sample_dt,Comments_sample_dt,medium_cd,TOS_mBLS,BOS_mBLS,min_diam_mm,max_diam_mm,parm_cd,parm_shortname,remark_cd,result_va,meth_cd,pub,comments
ds_05,x9802,9802.01,7/29/1998,NA,SC,5.18,5.26,1,,xLS010,diam_1mm_p,,1.19,xLSGS2,not previously published ,
ds_05,x9802,9802.02,7/29/1998,NA,SC,5.26,5.33,1,,xLS010,diam_1mm_p,,0.18,xLSGS2,not previously published ,
ds_05,x9802,9802.03,7/29/1998,NA,SC,5.34,5.41,1,,xLS010,diam_1mm_p,,1.05,xLSGS2,not previously published ,
ds_05,x9802,9802.04,7/29/1998,NA,SC,5.42,5.49,1,,xLS010,diam_1mm_p,,0.15,xLSGS2,not previously published ,
ds_05,x9802,9802.05,7/29/1998,NA,SC,5.49,5.57,1,,xLS010,diam_1mm_p,,0.42,xLSGS2,not previously published ,
ds_05,x9802,9802.06,7/29/1998,NA,SC,5.57,5.64,1,,xLS010,diam_1mm_p,,0.13,xLSGS2,not previously published ,
ds_05,x9802,9802.07,7/29/1998,NA,SC,5.65,5.72,1,,xLS010,diam_1mm_p,,7.56,xLSGS2,not previously published ,
ds_05,x9802,9802.08,7/29/1998,NA,SC,5.72,5.8,1,,xLS010,diam_1mm_p,,0.86,xLSGS2,not previously published ,
ds_05,x9802,9802.09,7/29/1998,NA,SC,5.8,5.87,1,,xLS010,diam_1mm_p,,0.51,xLSGS2,not previously published ,
ds_05,x9802,9802.1,7/29/1998,NA,SC,5.88,5.95,1,,xLS010,diam_1mm_p,,0.94,xLSGS2,not previously published ,
ds_05,x9802,9802.11,7/29/1998,NA,SC,5.95,6.03,1,,xLS010,diam_1mm_p,,0.18,xLSGS2,not previously published ,
ds_05,x9802,9802.12,7/29/1998,NA,SC,6.03,6.1,1,,xLS010,diam_1mm_p,,0.44,xLSGS2,not previously published ,
ds_05,x9802,9802.13,7/29/1998,NA,SC,6.11,6.18,1,,xLS010,diam_1mm_p,,0.07,xLSGS2,not previously published ,
ds_05,x9802,9802.14,7/29/1998,NA,SC,6.18,6.26,1,,xLS010,diam_1mm_p,,2.94,xLSGS2,not previously published ,
ds_05,x9802,9802.15,7/29/1998,NA,SC,6.26,6.34,1,,xLS010,diam_1mm_p,,1.03,xLSGS2,not previously published ,
ds_05,x9802,9802.16,7/29/1998,NA,SC,6.34,6.41,1,,xLS010,diam_1mm_p,,0.01,xLSGS2,not previously published ,
ds_05,x9802,9802.17,7/29/1998,NA,SC,6.42,6.49,1,,xLS010,diam_1mm_p,,0.02,xLSGS2,not previously published ,
ds_05,x9802,9802.18,7/29/1998,NA,SC,6.49,6.57,1,,xLS010,diam_1mm_p,,0,xLSGS2,not previously published ,
ds_05,x9802,9802.19,7/29/1998,NA,SC,6.57,6.64,1,,xLS010,diam_1mm_p,,0.09,xLSGS2,not previously published ,
ds_05,x9802,9802.2,7/29/1998,NA,SC,6.65,6.72,1,,xLS010,diam_1mm_p,,0.1,xLSGS2,not previously published ,
ds_05,x9802,9802.21,7/29/1998,NA,SC,6.72,6.8,1,,xLS010,diam_1mm_p,,0.04,xLSGS2,not previously published ,
ds_05,x9803,9803.01,7/29/1998,NA,SC,4.57,4.64,1,,xLS010,diam_1mm_p,,3.51,xLSGS2,not previously published ,
ds_05,x9803,9803.02,7/29/1998,NA,SC,4.65,4.72,1,,xLS010,diam_1mm_p,,3.78,xLSGS2,not previously published ,
ds_05,x9803,9803.03,7/29/1998,NA,SC,4.73,4.8,1,,xLS010,diam_1mm_p,,3.16,xLSGS2,not previously published ,
ds_05,x9803,9803.04,7/29/1998,NA,SC,4.8,4.87,1,,xLS010,diam_1mm_p,,0.79,xLSGS2,not previously published ,
ds_05,x9803,9803.05,7/29/1998,NA,SC,4.88,4.95,1,,xLS010,diam_1mm_p,,0.92,xLSGS2,not previously published ,
ds_05,x9803,9803.06,7/29/1998,NA,SC,4.95,5.03,1,,xLS010,diam_1mm_p,,1.39,xLSGS2,not previously published ,
ds_05,x9803,9803.07,7/29/1998,NA,SC,5.03,5.1,1,,xLS010,diam_1mm_p,,6.06,xLSGS2,not previously published ,
ds_05,x9803,9803.08,7/29/1998,NA,SC,5.11,5.18,1,,xLS010,diam_1mm_p,,4.33,xLSGS2,not previously published ,
ds_05,x9803,9803.09,7/29/1998,NA,SC,5.18,5.25,1,,xLS010,diam_1mm_p,,16.13,xLSGS2,not previously published ,
ds_05,x9803,9803.1,7/29/1998,NA,SC,5.26,5.33,1,,xLS010,diam_1mm_p,,1.4,xLSGS2,not previously published ,
ds_05,x9803,9803.11,7/29/1998,NA,SC,5.33,5.41,1,,xLS010,diam_1mm_p,,2.29,xLSGS2,not previously published ,
ds_05,x9803,9803.12,7/29/1998,NA,SC,5.41,5.48,1,,xLS010,diam_1mm_p,,12.56,xLSGS2,not previously published ,
ds_05,x9803,9803.13,7/29/1998,NA,SC,5.49,5.56,1,,xLS010,diam_1mm_p,,1.26,xLSGS2,not previously published ,
ds_05,x9803,9803.14,7/29/1998,NA,SC,5.57,5.64,1,,xLS010,diam_1mm_p,,1.7,xLSGS2,not previously published ,
ds_05,x9803,9803.15,7/29/1998,NA,SC,5.64,5.71,1,,xLS010,diam_1mm_p,,1.97,xLSGS2,not previously published ,
ds_05,x9803,9803.16,7/29/1998,NA,SC,5.72,5.79,1,,xLS010,diam_1mm_p,,1.57,xLSGS2,not previously published ,
ds_05,x9803,9803.17,7/29/1998,NA,SC,5.8,5.87,1,,xLS010,diam_1mm_p,,0.2,xLSGS2,not previously published ,
ds_05,x9803,9803.18,7/29/1998,NA,SC,5.87,5.95,1,,xLS010,diam_1mm_p,,0.17,xLSGS2,not previously published ,
ds_05,x9803,9803.19,7/29/1998,NA,SC,5.95,6.02,1,,xLS010,diam_1mm_p,,0.15,xLSGS2,not previously published ,
ds_05,x9803,9803.2,7/29/1998,NA,SC,6.03,6.1,1,,xLS010,diam_1mm_p,,0.45,xLSGS2,not previously published ,
ds_05,x9803,9803.21,7/29/1998,NA,SC,6.1,6.18,1,,xLS010,diam_1mm_p,,0.18,xLSGS2,not previously published ,
ds_05,x9804,9804.01,7/29/1998,NA,SC,4.88,4.95,1,,xLS010,diam_1mm_p,,0.97,xLSGS2,not previously published ,
ds_05,x9804,9804.02,7/29/1998,NA,SC,4.95,5.02,1,,xLS010,diam_1mm_p,,0.15,xLSGS2,not previously published ,
ds_05,x9804,9804.03,7/29/1998,NA,SC,5.03,5.1,1,,xLS010,diam_1mm_p,,0.37,xLSGS2,not previously published ,
ds_05,x9804,9804.04,7/29/1998,NA,SC,5.11,5.18,1,,xLS010,diam_1mm_p,,0.33,xLSGS2,not previously published ,
ds_05,x9804,9804.05,7/29/1998,NA,SC,5.18,5.25,1,,xLS010,diam_1mm_p,,1.74,xLSGS2,not previously published ,
ds_05,x9804,9804.06,7/29/1998,NA,SC,5.26,5.33,1,,xLS010,diam_1mm_p,,2.62,xLSGS2,not previously published ,
ds_05,x9804,9804.07,7/29/1998,NA,SC,5.34,5.41,1,,xLS010,diam_1mm_p,,1.56,xLSGS2,not previously published ,
ds_05,x9804,9804.08,7/29/1998,NA,SC,5.41,5.49,1,,xLS010,diam_1mm_p,,2.7,xLSGS2,not previously published ,
ds_05,x9804,9804.09,7/29/1998,NA,SC,5.49,5.57,1,,xLS010,diam_1mm_p,,0.55,xLSGS2,not previously published ,
ds_05,x9804,9804.1,7/29/1998,NA,SC,5.57,5.64,1,,xLS010,diam_1mm_p,,0.83,xLSGS2,not previously published ,
ds_05,x9804,9804.11,7/29/1998,NA,SC,5.65,5.72,1,,xLS010,diam_1mm_p,,1.48,xLSGS2,not previously published ,
ds_05,x9804,9804.12,7/29/1998,NA,SC,5.72,5.8,1,,xLS010,diam_1mm_p,,2.5,xLSGS2,not previously published ,
ds_05,x9804,9804.13,7/29/1998,NA,SC,5.8,5.87,1,,xLS010,diam_1mm_p,,2.43,xLSGS2,not previously published ,
ds_05,x9804,9804.14,7/29/1998,NA,SC,5.88,5.95,1,,xLS010,diam_1mm_p,,0.28,xLSGS2,not previously published ,
ds_05,x9804,9804.15,7/29/1998,NA,SC,5.95,6.03,1,,xLS010,diam_1mm_p,,0.14,xLSGS2,not previously published ,
ds_05,x9804,9804.16,7/29/1998,NA,SC,6.03,6.11,1,,xLS010,diam_1mm_p,,0,xLSGS2,not previously published ,
ds_05,x9804,9804.17,7/29/1998,NA,SC,6.11,6.18,1,,xLS010,diam_1mm_p,,0.05,xLSGS2,not previously published ,
ds_05,x9804,9804.18,7/29/1998,NA,SC,6.19,6.26,1,,xLS010,diam_1mm_p,,0,xLSGS2,not previously published ,
ds_05,x9804,9804.19,7/29/1998,NA,SC,6.26,6.34,1,,xLS010,diam_1mm_p,,0.02,xLSGS2,not previously published ,
ds_05,x9805,9805.01,7/29/1998,NA,SC,5.49,5.56,1,,xLS010,diam_1mm_p,,1.08,xLSGS2,not previously published ,
ds_05,x9805,9805.02,7/29/1998,NA,SC,5.56,5.64,1,,xLS010,diam_1mm_p,,0.23,xLSGS2,not previously published ,
ds_05,x9805,9805.03,7/29/1998,NA,SC,5.64,5.71,1,,xLS010,diam_1mm_p,,0.07,xLSGS2,not previously published ,
ds_05,x9805,9805.04,7/29/1998,NA,SC,5.72,5.79,1,,xLS010,diam_1mm_p,,0.73,xLSGS2,not previously published ,
ds_05,x9805,9805.05,7/29/1998,NA,SC,5.8,5.87,1,,xLS010,diam_1mm_p,,2.63,xLSGS2,not previously published ,
ds_05,x9805,9805.06,7/29/1998,NA,SC,5.87,5.95,1,,xLS010,diam_1mm_p,,3.78,xLSGS2,not previously published ,
ds_05,x9805,9805.07,7/29/1998,NA,SC,5.95,6.03,1,,xLS010,diam_1mm_p,,0.97,xLSGS2,not previously published ,
ds_05,x9805,9805.08,7/29/1998,NA,SC,6.03,6.1,1,,xLS010,diam_1mm_p,,0.54,xLSGS2,not previously published ,
ds_05,x9805,9805.09,7/29/1998,NA,SC,6.11,6.18,1,,xLS010,diam_1mm_p,,0.12,xLSGS2,not previously published ,
ds_05,x9805,9805.1,7/29/1998,NA,SC,6.19,6.26,1,,xLS010,diam_1mm_p,,2.7,xLSGS2,not previously published ,
ds_05,x9805,9805.11,7/29/1998,NA,SC,6.26,6.34,1,,xLS010,diam_1mm_p,,0.72,xLSGS2,not previously published ,
ds_05,x9805,9805.12,7/29/1998,NA,SC,6.34,6.41,1,,xLS010,diam_1mm_p,,0.55,xLSGS2,not previously published ,
ds_05,x9805,9805.13,7/29/1998,NA,SC,6.42,6.49,1,,xLS010,diam_1mm_p,,8.81,xLSGS2,not previously published ,
ds_05,x9805,9805.14,7/29/1998,NA,SC,6.5,6.57,1,,xLS010,diam_1mm_p,,9.94,xLSGS2,not previously published ,
ds_05,x9805,9805.15,7/29/1998,NA,SC,6.57,6.65,1,,xLS010,diam_1mm_p,,3.96,xLSGS2,not previously published ,
ds_05,x9805,9805.16,7/29/1998,NA,SC,6.65,6.72,1,,xLS010,diam_1mm_p,,5.46,xLSGS2,not previously published ,
ds_05,x9805,9805.17,7/29/1998,NA,SC,6.73,6.8,1,,xLS010,diam_1mm_p,,0.72,xLSGS2,not previously published ,
ds_05,x9805,9805.18,7/29/1998,NA,SC,6.81,6.88,1,,xLS010,diam_1mm_p,,6.67,xLSGS2,not previously published ,
ds_05,x9805,9805.19,7/29/1998,NA,SC,6.88,6.96,1,,xLS010,diam_1mm_p,,5.14,xLSGS2,not previously published ,
ds_05,x9805,9805.2,7/29/1998,NA,SC,6.96,7.03,1,,xLS010,diam_1mm_p,,1.64,xLSGS2,not previously published ,
ds_05,x9805,9805.21,7/29/1998,NA,SC,7.04,7.11,1,,xLS010,diam_1mm_p,,1.08,xLSGS2,not previously published ,
ds_05,x9805,9805.22,7/29/1998,NA,SC,7.11,7.19,1,,xLS010,diam_1mm_p,,0.15,xLSGS2,not previously published ,
ds_05,x9805,9805.23,7/29/1998,NA,SC,7.19,7.26,1,,xLS010,diam_1mm_p,,0,xLSGS2,not previously published ,
ds_05,x9805,9805.24,7/29/1998,NA,SC,7.27,7.34,1,,xLS010,diam_1mm_p,,0,xLSGS2,not previously published ,
ds_05,x9806,9806.01,7/29/1998,NA,SC,7.01,7.08,1,,xLS010,diam_1mm_p,,0.88,xLSGS2,not previously published ,
ds_05,x9806,9806.02,7/29/1998,NA,SC,7.09,7.16,1,,xLS010,diam_1mm_p,,0,xLSGS2,not previously published ,
ds_05,x9806,9806.03,7/29/1998,NA,SC,7.17,7.24,1,,xLS010,diam_1mm_p,,0.04,xLSGS2,not previously published ,
ds_05,x9806,9806.04,7/29/1998,NA,SC,7.24,7.31,1,,xLS010,diam_1mm_p,,2.83,xLSGS2,not previously published ,
ds_05,x9806,9806.05,7/29/1998,NA,SC,7.32,7.39,1,,xLS010,diam_1mm_p,,0.35,xLSGS2,not previously published ,
ds_05,x9806,9806.06,7/29/1998,NA,SC,7.39,7.46,1,,xLS010,diam_1mm_p,,0,xLSGS2,not previously published ,
ds_05,x9806,9806.07,7/29/1998,NA,SC,7.47,7.54,1,,xLS010,diam_1mm_p,,0,xLSGS2,not previously published ,
ds_05,x9806,9806.08,7/29/1998,NA,SC,7.54,7.62,1,,xLS010,diam_1mm_p,,0.03,xLSGS2,not previously published ,
ds_05,x9806,9806.09,7/29/1998,NA,SC,7.62,7.69,1,,xLS010,diam_1mm_p,,0.07,xLSGS2,not previously published ,
ds_05,x9806,9806.1,7/29/1998,NA,SC,7.7,7.77,1,,xLS010,diam_1mm_p,,0.49,xLSGS2,not previously published ,
ds_05,x9806,9806.11,7/29/1998,NA,SC,7.77,7.85,1,,xLS010,diam_1mm_p,,0.42,xLSGS2,not previously published ,
ds_05,x9806,9806.12,7/29/1998,NA,SC,7.85,7.92,1,,xLS010,diam_1mm_p,,0.52,xLSGS2,not previously published ,
ds_05,x9806,9806.13,7/29/1998,NA,SC,7.93,8,1,,xLS010,diam_1mm_p,,1.5,xLSGS2,not previously published ,
ds_05,x9806,9806.14,7/29/1998,NA,SC,8,8.08,1,,xLS010,diam_1mm_p,,3.08,xLSGS2,not previously published ,
ds_05,x9806,9806.15,7/29/1998,NA,SC,8.08,8.16,1,,xLS010,diam_1mm_p,,0.54,xLSGS2,not previously published ,
ds_05,x9806,9806.16,7/29/1998,NA,SC,8.16,8.23,1,,xLS010,diam_1mm_p,,0.64,xLSGS2,not previously published ,
ds_05,x9806,9806.17,7/29/1998,NA,SC,8.24,8.31,1,,xLS010,diam_1mm_p,,10.47,xLSGS2,not previously published ,
ds_05,x9806,9806.18,7/29/1998,NA,SC,8.32,8.39,1,,xLS010,diam_1mm_p,,8.41,xLSGS2,not previously published ,
ds_05,x9806,9806.19,7/29/1998,NA,SC,8.39,8.47,1,,xLS010,diam_1mm_p,,6.71,xLSGS2,not previously published ,
ds_05,x9806,9806.2,7/29/1998,NA,SC,8.47,8.55,1,,xLS010,diam_1mm_p,,20.03,xLSGS2,not previously published ,
ds_05,x9806,9806.21,7/29/1998,NA,SC,8.55,8.62,1,,xLS010,diam_1mm_p,,6.04,xLSGS2,not previously published ,
ds_05,x9806,9806.22,7/29/1998,NA,SC,8.63,8.68,1,,xLS010,diam_1mm_p,,2.75,xLSGS2,not previously published ,
ds_05,x9807,9807.01,7/29/1998,NA,SC,7.62,7.69,1,,xLS010,diam_1mm_p,,2.53,xLSGS2,not previously published ,
ds_05,x9807,9807.02,7/29/1998,NA,SC,7.7,7.77,1,,xLS010,diam_1mm_p,,3.1,xLSGS2,not previously published ,
ds_05,x9807,9807.03,7/29/1998,NA,SC,7.77,7.85,1,,xLS010,diam_1mm_p,,8.21,xLSGS2,not previously published ,
ds_05,x9807,9807.04,7/29/1998,NA,SC,7.85,7.92,1,,xLS010,diam_1mm_p,,13.3,xLSGS2,not previously published ,
ds_05,x9807,9807.05,7/29/1998,NA,SC,7.93,8,1,,xLS010,diam_1mm_p,,0.01,xLSGS2,not previously published ,
ds_05,x9807,9807.06,7/29/1998,NA,SC,8,8.07,1,,xLS010,diam_1mm_p,,0.29,xLSGS2,not previously published ,
ds_05,x9807,9807.07,7/29/1998,NA,SC,8.08,8.15,1,,xLS010,diam_1mm_p,,0.32,xLSGS2,not previously published ,
ds_05,x9807,9807.08,7/29/1998,NA,SC,8.15,8.23,1,,xLS010,diam_1mm_p,,1.24,xLSGS2,not previously published ,
ds_05,x9807,9807.09,7/29/1998,NA,SC,8.23,8.3,1,,xLS010,diam_1mm_p,,1.01,xLSGS2,not previously published ,
ds_05,x9807,9807.1,7/29/1998,NA,SC,8.31,8.38,1,,xLS010,diam_1mm_p,,0.44,xLSGS2,not previously published ,
ds_05,x9807,9807.11,7/29/1998,NA,SC,8.39,8.46,1,,xLS010,diam_1mm_p,,0.26,xLSGS2,not previously published ,
ds_05,x9807,9807.12,7/29/1998,NA,SC,8.46,8.54,1,,xLS010,diam_1mm_p,,0.44,xLSGS2,not previously published ,
ds_05,x9807,9807.13,7/29/1998,NA,SC,8.54,8.61,1,,xLS010,diam_1mm_p,,8.07,xLSGS2,not previously published ,
ds_05,x9807,9807.14,7/29/1998,NA,SC,8.62,8.69,1,,xLS010,diam_1mm_p,,4.73,xLSGS2,not previously published ,
ds_05,x9807,9807.15,7/29/1998,NA,SC,8.7,8.77,1,,xLS010,diam_1mm_p,,4.11,xLSGS2,not previously published ,
ds_05,x9807,9807.16,7/29/1998,NA,SC,8.77,8.85,1,,xLS010,diam_1mm_p,,16.53,xLSGS2,not previously published ,
ds_05,x9807,9807.17,7/29/1998,NA,SC,8.85,8.92,1,,xLS010,diam_1mm_p,,3.16,xLSGS2,not previously published ,
ds_05,x9807,9807.18,7/29/1998,NA,SC,8.93,9,1,,xLS010,diam_1mm_p,,0.96,xLSGS2,not previously published ,
ds_05,x9807,9807.19,7/29/1998,NA,SC,9.01,9.08,1,,xLS010,diam_1mm_p,,2.09,xLSGS2,not previously published ,
ds_05,x9807,9807.2,7/29/1998,NA,SC,9.08,9.16,1,,xLS010,diam_1mm_p,,1.6,xLSGS2,not previously published ,
ds_05,x9808,9808.01,7/29/1998,NA,SC,7.01,7.08,1,,xLS010,diam_1mm_p,,1.63,xLSGS2,not previously published ,
ds_05,x9808,9808.02,7/29/1998,NA,SC,7.09,7.16,1,,xLS010,diam_1mm_p,,0.23,xLSGS2,not previously published ,
ds_05,x9808,9808.03,7/29/1998,NA,SC,7.16,7.24,1,,xLS010,diam_1mm_p,,0,xLSGS2,not previously published ,
ds_05,x9808,9808.04,7/29/1998,NA,SC,7.24,7.31,1,,xLS010,diam_1mm_p,,0.13,xLSGS2,not previously published ,
ds_05,x9808,9808.05,7/29/1998,NA,SC,7.32,7.39,1,,xLS010,diam_1mm_p,,0.14,xLSGS2,not previously published ,
ds_05,x9808,9808.06,7/29/1998,NA,SC,7.4,7.47,1,,xLS010,diam_1mm_p,,0.14,xLSGS2,not previously published ,
ds_05,x9808,9808.07,7/29/1998,NA,SC,7.47,7.55,1,,xLS010,diam_1mm_p,,0.26,xLSGS2,not previously published ,
ds_05,x9808,9808.08,7/29/1998,NA,SC,7.55,7.62,1,,xLS010,diam_1mm_p,,0.28,xLSGS2,not previously published ,
ds_05,x9808,9808.09,7/29/1998,NA,SC,7.63,7.7,1,,xLS010,diam_1mm_p,,0.31,xLSGS2,not previously published ,
ds_05,x9808,9808.1,7/29/1998,NA,SC,7.71,7.78,1,,xLS010,diam_1mm_p,,0.47,xLSGS2,not previously published ,
ds_05,x9808,9808.11,7/29/1998,NA,SC,7.78,7.86,1,,xLS010,diam_1mm_p,,0.49,xLSGS2,not previously published ,
ds_05,x9808,9808.12,7/29/1998,NA,SC,7.86,7.93,1,,xLS010,diam_1mm_p,,1.01,xLSGS2,not previously published ,
ds_05,x9808,9808.13,7/29/1998,NA,SC,7.94,8.01,1,,xLS010,diam_1mm_p,,0.01,xLSGS2,not previously published ,
ds_05,x9808,9808.14,7/29/1998,NA,SC,8.02,8.09,1,,xLS010,diam_1mm_p,,0.02,xLSGS2,not previously published ,
ds_05,x9808,9808.15,7/29/1998,NA,SC,8.09,8.17,1,,xLS010,diam_1mm_p,,0,xLSGS2,not previously published ,
ds_05,x9808,9808.16,7/29/1998,NA,SC,8.17,8.25,1,,xLS010,diam_1mm_p,,0.02,xLSGS2,not previously published ,
ds_05,x9808,9808.17,7/29/1998,NA,SC,8.25,8.32,1,,xLS010,diam_1mm_p,,0.04,xLSGS2,not previously published ,
ds_05,x9808,9808.18,7/29/1998,NA,SC,8.33,8.4,1,,xLS010,diam_1mm_p,,6.67,xLSGS2,not previously published ,
ds_05,x9808,9808.19,7/29/1998,NA,SC,8.4,8.48,1,,xLS010,diam_1mm_p,,0.09,xLSGS2,not previously published ,
ds_05,x9808,9808.2,7/29/1998,NA,SC,8.48,8.55,1,,xLS010,diam_1mm_p,,0.08,xLSGS2,not previously published ,
ds_05,x9808,9808.21,7/29/1998,NA,SC,8.56,8.63,1,,xLS010,diam_1mm_p,,0,xLSGS2,not previously published ,
ds_05,x9808,9808.22,7/29/1998,NA,SC,8.64,8.71,1,,xLS010,diam_1mm_p,,0.36,xLSGS2,not previously published ,
ds_05,x9808,9808.23,7/29/1998,NA,SC,8.71,8.79,1,,xLS010,diam_1mm_p,,2.43,xLSGS2,not previously published ,
ds_05,x9808,9808.24,7/29/1998,NA,SC,8.79,8.87,1,,xLS010,diam_1mm_p,,0.1,xLSGS2,not previously published ,
ds_05,x9802,9802.01,7/29/1998,NA,SC,5.18,5.26,0.71,1,xLS011,diam_0.71_1mm_p,,1.71,xLSGS2,not previously published ,
ds_05,x9802,9802.02,7/29/1998,NA,SC,5.26,5.33,0.71,1,xLS011,diam_0.71_1mm_p,,1.07,xLSGS2,not previously published ,
ds_05,x9802,9802.03,7/29/1998,NA,SC,5.34,5.41,0.71,1,xLS011,diam_0.71_1mm_p,,2.85,xLSGS2,not previously published ,
ds_05,x9802,9802.04,7/29/1998,NA,SC,5.42,5.49,0.71,1,xLS011,diam_0.71_1mm_p,,0.65,xLSGS2,not previously published ,
ds_05,x9802,9802.05,7/29/1998,NA,SC,5.49,5.57,0.71,1,xLS011,diam_0.71_1mm_p,,0.92,xLSGS2,not previously published ,
ds_05,x9802,9802.06,7/29/1998,NA,SC,5.57,5.64,0.71,1,xLS011,diam_0.71_1mm_p,,0.32,xLSGS2,not previously published ,
ds_05,x9802,9802.07,7/29/1998,NA,SC,5.65,5.72,0.71,1,xLS011,diam_0.71_1mm_p,,1.19,xLSGS2,not previously published ,
ds_05,x9802,9802.08,7/29/1998,NA,SC,5.72,5.8,0.71,1,xLS011,diam_0.71_1mm_p,,0.6,xLSGS2,not previously published ,
ds_05,x9802,9802.09,7/29/1998,NA,SC,5.8,5.87,0.71,1,xLS011,diam_0.71_1mm_p,,0.99,xLSGS2,not previously published ,
ds_05,x9802,9802.1,7/29/1998,NA,SC,5.88,5.95,0.71,1,xLS011,diam_0.71_1mm_p,,0.85,xLSGS2,not previously published ,
ds_05,x9802,9802.11,7/29/1998,NA,SC,5.95,6.03,0.71,1,xLS011,diam_0.71_1mm_p,,0.15,xLSGS2,not previously published ,
ds_05,x9802,9802.12,7/29/1998,NA,SC,6.03,6.1,0.71,1,xLS011,diam_0.71_1mm_p,,0.27,xLSGS2,not previously published ,
ds_05,x9802,9802.13,7/29/1998,NA,SC,6.11,6.18,0.71,1,xLS011,diam_0.71_1mm_p,,0.06,xLSGS2,not previously published ,
ds_05,x9802,9802.14,7/29/1998,NA,SC,6.18,6.26,0.71,1,xLS011,diam_0.71_1mm_p,,4.33,xLSGS2,not previously published ,
ds_05,x9802,9802.15,7/29/1998,NA,SC,6.26,6.34,0.71,1,xLS011,diam_0.71_1mm_p,,1.45,xLSGS2,not previously published ,
ds_05,x9802,9802.16,7/29/1998,NA,SC,6.34,6.41,0.71,1,xLS011,diam_0.71_1mm_p,,0.14,xLSGS2,not previously published ,
ds_05,x9802,9802.17,7/29/1998,NA,SC,6.42,6.49,0.71,1,xLS011,diam_0.71_1mm_p,,0.06,xLSGS2,not previously published ,
ds_05,x9802,9802.18,7/29/1998,NA,SC,6.49,6.57,0.71,1,xLS011,diam_0.71_1mm_p,,0,xLSGS2,not previously published ,
ds_05,x9802,9802.19,7/29/1998,NA,SC,6.57,6.64,0.71,1,xLS011,diam_0.71_1mm_p,,0.16,xLSGS2,not previously published ,
ds_05,x9802,9802.2,7/29/1998,NA,SC,6.65,6.72,0.71,1,xLS011,diam_0.71_1mm_p,,0.11,xLSGS2,not previously published ,
ds_05,x9802,9802.21,7/29/1998,NA,SC,6.72,6.8,0.71,1,xLS011,diam_0.71_1mm_p,,0.12,xLSGS2,not previously published ,
ds_05,x9803,9803.01,7/29/1998,NA,SC,4.57,4.64,0.71,1,xLS011,diam_0.71_1mm_p,,5.18,xLSGS2,not previously published ,
ds_05,x9803,9803.02,7/29/1998,NA,SC,4.65,4.72,0.71,1,xLS011,diam_0.71_1mm_p,,4.21,xLSGS2,not previously published ,
ds_05,x9803,9803.03,7/29/1998,NA,SC,4.73,4.8,0.71,1,xLS011,diam_0.71_1mm_p,,3.14,xLSGS2,not previously published ,
ds_05,x9803,9803.04,7/29/1998,NA,SC,4.8,4.87,0.71,1,xLS011,diam_0.71_1mm_p,,2.02,xLSGS2,not previously published ,
ds_05,x9803,9803.05,7/29/1998,NA,SC,4.88,4.95,0.71,1,xLS011,diam_0.71_1mm_p,,1.9,xLSGS2,not previously published ,
ds_05,x9803,9803.06,7/29/1998,NA,SC,4.95,5.03,0.71,1,xLS011,diam_0.71_1mm_p,,2.42,xLSGS2,not previously published ,
ds_05,x9803,9803.07,7/29/1998,NA,SC,5.03,5.1,0.71,1,xLS011,diam_0.71_1mm_p,,6.45,xLSGS2,not previously published ,
ds_05,x9803,9803.08,7/29/1998,NA,SC,5.11,5.18,0.71,1,xLS011,diam_0.71_1mm_p,,5.85,xLSGS2,not previously published ,
ds_05,x9803,9803.09,7/29/1998,NA,SC,5.18,5.25,0.71,1,xLS011,diam_0.71_1mm_p,,5.18,xLSGS2,not previously published ,
ds_05,x9803,9803.1,7/29/1998,NA,SC,5.26,5.33,0.71,1,xLS011,diam_0.71_1mm_p,,1.68,xLSGS2,not previously published ,
ds_05,x9803,9803.11,7/29/1998,NA,SC,5.33,5.41,0.71,1,xLS011,diam_0.71_1mm_p,,3.04,xLSGS2,not previously published ,
ds_05,x9803,9803.12,7/29/1998,NA,SC,5.41,5.48,0.71,1,xLS011,diam_0.71_1mm_p,,3.96,xLSGS2,not previously published ,
ds_05,x9803,9803.13,7/29/1998,NA,SC,5.49,5.56,0.71,1,xLS011,diam_0.71_1mm_p,,0.65,xLSGS2,not previously published ,
ds_05,x9803,9803.14,7/29/1998,NA,SC,5.57,5.64,0.71,1,xLS011,diam_0.71_1mm_p,,0.83,xLSGS2,not previously published ,
ds_05,x9803,9803.15,7/29/1998,NA,SC,5.64,5.71,0.71,1,xLS011,diam_0.71_1mm_p,,1.24,xLSGS2,not previously published ,
ds_05,x9803,9803.16,7/29/1998,NA,SC,5.72,5.79,0.71,1,xLS011,diam_0.71_1mm_p,,1.69,xLSGS2,not previously published ,
ds_05,x9803,9803.17,7/29/1998,NA,SC,5.8,5.87,0.71,1,xLS011,diam_0.71_1mm_p,,0.16,xLSGS2,not previously published ,
ds_05,x9803,9803.18,7/29/1998,NA,SC,5.87,5.95,0.71,1,xLS011,diam_0.71_1mm_p,,0.26,xLSGS2,not previously published ,
ds_05,x9803,9803.19,7/29/1998,NA,SC,5.95,6.02,0.71,1,xLS011,diam_0.71_1mm_p,,0.48,xLSGS2,not previously published ,
ds_05,x9803,9803.2,7/29/1998,NA,SC,6.03,6.1,0.71,1,xLS011,diam_0.71_1mm_p,,0.51,xLSGS2,not previously published ,
ds_05,x9803,9803.21,7/29/1998,NA,SC,6.1,6.18,0.71,1,xLS011,diam_0.71_1mm_p,,0.1,xLSGS2,not previously published ,
ds_05,x9804,9804.01,7/29/1998,NA,SC,4.88,4.95,0.71,1,xLS011,diam_0.71_1mm_p,,1.25,xLSGS2,not previously published ,
ds_05,x9804,9804.02,7/29/1998,NA,SC,4.95,5.02,0.71,1,xLS011,diam_0.71_1mm_p,,0.18,xLSGS2,not previously published ,
ds_05,x9804,9804.03,7/29/1998,NA,SC,5.03,5.1,0.71,1,xLS011,diam_0.71_1mm_p,,0.66,xLSGS2,not previously published ,
ds_05,x9804,9804.04,7/29/1998,NA,SC,5.11,5.18,0.71,1,xLS011,diam_0.71_1mm_p,,1.47,xLSGS2,not previously published ,
ds_05,x9804,9804.05,7/29/1998,NA,SC,5.18,5.25,0.71,1,xLS011,diam_0.71_1mm_p,,0.7,xLSGS2,not previously published ,
ds_05,x9804,9804.06,7/29/1998,NA,SC,5.26,5.33,0.71,1,xLS011,diam_0.71_1mm_p,,0.69,xLSGS2,not previously published ,
ds_05,x9804,9804.07,7/29/1998,NA,SC,5.34,5.41,0.71,1,xLS011,diam_0.71_1mm_p,,1.11,xLSGS2,not previously published ,
ds_05,x9804,9804.08,7/29/1998,NA,SC,5.41,5.49,0.71,1,xLS011,diam_0.71_1mm_p,,2.99,xLSGS2,not previously published ,
ds_05,x9804,9804.09,7/29/1998,NA,SC,5.49,5.57,0.71,1,xLS011,diam_0.71_1mm_p,,1.16,xLSGS2,not previously published ,
ds_05,x9804,9804.1,7/29/1998,NA,SC,5.57,5.64,0.71,1,xLS011,diam_0.71_1mm_p,,1.7,xLSGS2,not previously published ,
ds_05,x9804,9804.11,7/29/1998,NA,SC,5.65,5.72,0.71,1,xLS011,diam_0.71_1mm_p,,3.67,xLSGS2,not previously published ,
ds_05,x9804,9804.12,7/29/1998,NA,SC,5.72,5.8,0.71,1,xLS011,diam_0.71_1mm_p,,4.18,xLSGS2,not previously published ,
ds_05,x9804,9804.13,7/29/1998,NA,SC,5.8,5.87,0.71,1,xLS011,diam_0.71_1mm_p,,3.99,xLSGS2,not previously published ,
ds_05,x9804,9804.14,7/29/1998,NA,SC,5.88,5.95,0.71,1,xLS011,diam_0.71_1mm_p,,0.37,xLSGS2,not previously published ,
ds_05,x9804,9804.15,7/29/1998,NA,SC,5.95,6.03,0.71,1,xLS011,diam_0.71_1mm_p,,0.2,xLSGS2,not previously published ,
ds_05,x9804,9804.16,7/29/1998,NA,SC,6.03,6.11,0.71,1,xLS011,diam_0.71_1mm_p,,0.01,xLSGS2,not previously published ,
ds_05,x9804,9804.17,7/29/1998,NA,SC,6.11,6.18,0.71,1,xLS011,diam_0.71_1mm_p,,0.14,xLSGS2,not previously published ,
ds_05,x9804,9804.18,7/29/1998,NA,SC,6.19,6.26,0.71,1,xLS011,diam_0.71_1mm_p,,0,xLSGS2,not previously published ,
ds_05,x9804,9804.19,7/29/1998,NA,SC,6.26,6.34,0.71,1,xLS011,diam_0.71_1mm_p,,0.06,xLSGS2,not previously published ,
ds_05,x9805,9805.01,7/29/1998,NA,SC,5.49,5.56,0.71,1,xLS011,diam_0.71_1mm_p,,1.72,xLSGS2,not previously published ,
ds_05,x9805,9805.02,7/29/1998,NA,SC,5.56,5.64,0.71,1,xLS011,diam_0.71_1mm_p,,0.8,xLSGS2,not previously published ,
ds_05,x9805,9805.03,7/29/1998,NA,SC,5.64,5.71,0.71,1,xLS011,diam_0.71_1mm_p,,0.27,xLSGS2,not previously published ,
ds_05,x9805,9805.04,7/29/1998,NA,SC,5.72,5.79,0.71,1,xLS011,diam_0.71_1mm_p,,1.75,xLSGS2,not previously published ,
ds_05,x9805,9805.05,7/29/1998,NA,SC,5.8,5.87,0.71,1,xLS011,diam_0.71_1mm_p,,3.98,xLSGS2,not previously published ,
ds_05,x9805,9805.06,7/29/1998,NA,SC,5.87,5.95,0.71,1,xLS011,diam_0.71_1mm_p,,3.43,xLSGS2,not previously published ,
ds_05,x9805,9805.07,7/29/1998,NA,SC,5.95,6.03,0.71,1,xLS011,diam_0.71_1mm_p,,0.91,xLSGS2,not previously published ,
ds_05,x9805,9805.08,7/29/1998,NA,SC,6.03,6.1,0.71,1,xLS011,diam_0.71_1mm_p,,0.79,xLSGS2,not previously published ,
ds_05,x9805,9805.09,7/29/1998,NA,SC,6.11,6.18,0.71,1,xLS011,diam_0.71_1mm_p,,0.58,xLSGS2,not previously published ,
ds_05,x9805,9805.1,7/29/1998,NA,SC,6.19,6.26,0.71,1,xLS011,diam_0.71_1mm_p,,2.34,xLSGS2,not previously published ,
ds_05,x9805,9805.11,7/29/1998,NA,SC,6.26,6.34,0.71,1,xLS011,diam_0.71_1mm_p,,2.51,xLSGS2,not previously published ,
ds_05,x9805,9805.12,7/29/1998,NA,SC,6.34,6.41,0.71,1,xLS011,diam_0.71_1mm_p,,2.62,xLSGS2,not previously published ,
ds_05,x9805,9805.13,7/29/1998,NA,SC,6.42,6.49,0.71,1,xLS011,diam_0.71_1mm_p,,15.8,xLSGS2,not previously published ,
ds_05,x9805,9805.14,7/29/1998,NA,SC,6.5,6.57,0.71,1,xLS011,diam_0.71_1mm_p,,12.34,xLSGS2,not previously published ,
ds_05,x9805,9805.15,7/29/1998,NA,SC,6.57,6.65,0.71,1,xLS011,diam_0.71_1mm_p,,6.07,xLSGS2,not previously published ,
ds_05,x9805,9805.16,7/29/1998,NA,SC,6.65,6.72,0.71,1,xLS011,diam_0.71_1mm_p,,6.01,xLSGS2,not previously published ,
ds_05,x9805,9805.17,7/29/1998,NA,SC,6.73,6.8,0.71,1,xLS011,diam_0.71_1mm_p,,1.48,xLSGS2,not previously published ,
ds_05,x9805,9805.18,7/29/1998,NA,SC,6.81,6.88,0.71,1,xLS011,diam_0.71_1mm_p,,4.2,xLSGS2,not previously published ,
ds_05,x9805,9805.19,7/29/1998,NA,SC,6.88,6.96,0.71,1,xLS011,diam_0.71_1mm_p,,4.66,xLSGS2,not previously published ,
ds_05,x9805,9805.2,7/29/1998,NA,SC,6.96,7.03,0.71,1,xLS011,diam_0.71_1mm_p,,4,xLSGS2,not previously published ,
ds_05,x9805,9805.21,7/29/1998,NA,SC,7.04,7.11,0.71,1,xLS011,diam_0.71_1mm_p,,2,xLSGS2,not previously published ,
ds_05,x9805,9805.22,7/29/1998,NA,SC,7.11,7.19,0.71,1,xLS011,diam_0.71_1mm_p,,0.43,xLSGS2,not previously published ,
ds_05,x9805,9805.23,7/29/1998,NA,SC,7.19,7.26,0.71,1,xLS011,diam_0.71_1mm_p,,0.03,xLSGS2,not previously published ,
ds_05,x9805,9805.24,7/29/1998,NA,SC,7.27,7.34,0.71,1,xLS011,diam_0.71_1mm_p,,0,xLSGS2,not previously published ,
ds_05,x9806,9806.01,7/29/1998,NA,SC,7.01,7.08,0.71,1,xLS011,diam_0.71_1mm_p,,0.73,xLSGS2,not previously published ,
ds_05,x9806,9806.02,7/29/1998,NA,SC,7.09,7.16,0.71,1,xLS011,diam_0.71_1mm_p,,0,xLSGS2,not previously published ,
ds_05,x9806,9806.03,7/29/1998,NA,SC,7.17,7.24,0.71,1,xLS011,diam_0.71_1mm_p,,0.03,xLSGS2,not previously published ,
ds_05,x9806,9806.04,7/29/1998,NA,SC,7.24,7.31,0.71,1,xLS011,diam_0.71_1mm_p,,0.12,xLSGS2,not previously published ,
ds_05,x9806,9806.05,7/29/1998,NA,SC,7.32,7.39,0.71,1,xLS011,diam_0.71_1mm_p,,0.08,xLSGS2,not previously published ,
ds_05,x9806,9806.06,7/29/1998,NA,SC,7.39,7.46,0.71,1,xLS011,diam_0.71_1mm_p,,0,xLSGS2,not previously published ,
ds_05,x9806,9806.07,7/29/1998,NA,SC,7.47,7.54,0.71,1,xLS011,diam_0.71_1mm_p,,0,xLSGS2,not previously published ,
ds_05,x9806,9806.08,7/29/1998,NA,SC,7.54,7.62,0.71,1,xLS011,diam_0.71_1mm_p,,0,xLSGS2,not previously published ,
ds_05,x9806,9806.09,7/29/1998,NA,SC,7.62,7.69,0.71,1,xLS011,diam_0.71_1mm_p,,0.03,xLSGS2,not previously published ,
ds_05,x9806,9806.1,7/29/1998,NA,SC,7.7,7.77,0.71,1,xLS011,diam_0.71_1mm_p,,0.08,xLSGS2,not previously published ,
ds_05,x9806,9806.11,7/29/1998,NA,SC,7.77,7.85,0.71,1,xLS011,diam_0.71_1mm_p,,0.48,xLSGS2,not previously published ,
ds_05,x9806,9806.12,7/29/1998,NA,SC,7.85,7.92,0.71,1,xLS011,diam_0.71_1mm_p,,0.97,xLSGS2,not previously published ,
ds_05,x9806,9806.13,7/29/1998,NA,SC,7.93,8,0.71,1,xLS011,diam_0.71_1mm_p,,1.35,xLSGS2,not previously published ,
ds_05,x9806,9806.14,7/29/1998,NA,SC,8,8.08,0.71,1,xLS011,diam_0.71_1mm_p,,1.77,xLSGS2,not previously published ,
ds_05,x9806,9806.15,7/29/1998,NA,SC,8.08,8.16,0.71,1,xLS011,diam_0.71_1mm_p,,0.63,xLSGS2,not previously published ,
ds_05,x9806,9806.16,7/29/1998,NA,SC,8.16,8.23,0.71,1,xLS011,diam_0.71_1mm_p,,0.79,xLSGS2,not previously published ,
ds_05,x9806,9806.17,7/29/1998,NA,SC,8.24,8.31,0.71,1,xLS011,diam_0.71_1mm_p,,7.68,xLSGS2,not previously published ,
ds_05,x9806,9806.18,7/29/1998,NA,SC,8.32,8.39,0.71,1,xLS011,diam_0.71_1mm_p,,2.95,xLSGS2,not previously published ,
ds_05,x9806,9806.19,7/29/1998,NA,SC,8.39,8.47,0.71,1,xLS011,diam_0.71_1mm_p,,8.34,xLSGS2,not previously published ,
ds_05,x9806,9806.2,7/29/1998,NA,SC,8.47,8.55,0.71,1,xLS011,diam_0.71_1mm_p,,13.57,xLSGS2,not previously published ,
ds_05,x9806,9806.21,7/29/1998,NA,SC,8.55,8.62,0.71,1,xLS011,diam_0.71_1mm_p,,4.89,xLSGS2,not previously published ,
ds_05,x9806,9806.22,7/29/1998,NA,SC,8.63,8.68,0.71,1,xLS011,diam_0.71_1mm_p,,7.43,xLSGS2,not previously published ,
ds_05,x9807,9807.01,7/29/1998,NA,SC,7.62,7.69,0.71,1,xLS011,diam_0.71_1mm_p,,3.92,xLSGS2,not previously published ,
ds_05,x9807,9807.02,7/29/1998,NA,SC,7.7,7.77,0.71,1,xLS011,diam_0.71_1mm_p,,3.36,xLSGS2,not previously published ,
ds_05,x9807,9807.03,7/29/1998,NA,SC,7.77,7.85,0.71,1,xLS011,diam_0.71_1mm_p,,8.44,xLSGS2,not previously published ,
ds_05,x9807,9807.04,7/29/1998,NA,SC,7.85,7.92,0.71,1,xLS011,diam_0.71_1mm_p,,7.2,xLSGS2,not previously published ,
ds_05,x9807,9807.05,7/29/1998,NA,SC,7.93,8,0.71,1,xLS011,diam_0.71_1mm_p,,0.04,xLSGS2,not previously published ,
ds_05,x9807,9807.06,7/29/1998,NA,SC,8,8.07,0.71,1,xLS011,diam_0.71_1mm_p,,0.27,xLSGS2,not previously published ,
ds_05,x9807,9807.07,7/29/1998,NA,SC,8.08,8.15,0.71,1,xLS011,diam_0.71_1mm_p,,0.23,xLSGS2,not previously published ,
ds_05,x9807,9807.08,7/29/1998,NA,SC,8.15,8.23,0.71,1,xLS011,diam_0.71_1mm_p,,0.16,xLSGS2,not previously published ,
ds_05,x9807,9807.09,7/29/1998,NA,SC,8.23,8.3,0.71,1,xLS011,diam_0.71_1mm_p,,0.29,xLSGS2,not previously published ,
ds_05,x9807,9807.1,7/29/1998,NA,SC,8.31,8.38,0.71,1,xLS011,diam_0.71_1mm_p,,0.16,xLSGS2,not previously published ,
ds_05,x9807,9807.11,7/29/1998,NA,SC,8.39,8.46,0.71,1,xLS011,diam_0.71_1mm_p,,0.31,xLSGS2,not previously published ,
ds_05,x9807,9807.12,7/29/1998,NA,SC,8.46,8.54,0.71,1,xLS011,diam_0.71_1mm_p,,0.63,xLSGS2,not previously published ,
ds_05,x9807,9807.13,7/29/1998,NA,SC,8.54,8.61,0.71,1,xLS011,diam_0.71_1mm_p,,3.72,xLSGS2,not previously published ,
ds_05,x9807,9807.14,7/29/1998,NA,SC,8.62,8.69,0.71,1,xLS011,diam_0.71_1mm_p,,3.51,xLSGS2,not previously published ,
ds_05,x9807,9807.15,7/29/1998,NA,SC,8.7,8.77,0.71,1,xLS011,diam_0.71_1mm_p,,2.68,xLSGS2,not previously published ,
ds_05,x9807,9807.16,7/29/1998,NA,SC,8.77,8.85,0.71,1,xLS011,diam_0.71_1mm_p,,8.95,xLSGS2,not previously published ,
ds_05,x9807,9807.17,7/29/1998,NA,SC,8.85,8.92,0.71,1,xLS011,diam_0.71_1mm_p,,2.32,xLSGS2,not previously published ,
ds_05,x9807,9807.18,7/29/1998,NA,SC,8.93,9,0.71,1,xLS011,diam_0.71_1mm_p,,0.87,xLSGS2,not previously published ,
ds_05,x9807,9807.19,7/29/1998,NA,SC,9.01,9.08,0.71,1,xLS011,diam_0.71_1mm_p,,1.42,xLSGS2,not previously published ,
ds_05,x9807,9807.2,7/29/1998,NA,SC,9.08,9.16,0.71,1,xLS011,diam_0.71_1mm_p,,1.24,xLSGS2,not previously published ,
ds_05,x9808,9808.01,7/29/1998,NA,SC,7.01,7.08,0.71,1,xLS011,diam_0.71_1mm_p,,3.05,xLSGS2,not previously published ,
ds_05,x9808,9808.02,7/29/1998,NA,SC,7.09,7.16,0.71,1,xLS011,diam_0.71_1mm_p,,0.8,xLSGS2,not previously published ,
ds_05,x9808,9808.03,7/29/1998,NA,SC,7.16,7.24,0.71,1,xLS011,diam_0.71_1mm_p,,0,xLSGS2,not previously published ,
ds_05,x9808,9808.04,7/29/1998,NA,SC,7.24,7.31,0.71,1,xLS011,diam_0.71_1mm_p,,0.11,xLSGS2,not previously published ,
ds_05,x9808,9808.05,7/29/1998,NA,SC,7.32,7.39,0.71,1,xLS011,diam_0.71_1mm_p,,0.15,xLSGS2,not previously published ,
ds_05,x9808,9808.06,7/29/1998,NA,SC,7.4,7.47,0.71,1,xLS011,diam_0.71_1mm_p,,0.19,xLSGS2,not previously published ,
ds_05,x9808,9808.07,7/29/1998,NA,SC,7.47,7.55,0.71,1,xLS011,diam_0.71_1mm_p,,0.33,xLSGS2,not previously published ,
ds_05,x9808,9808.08,7/29/1998,NA,SC,7.55,7.62,0.71,1,xLS011,diam_0.71_1mm_p,,0.52,xLSGS2,not previously published ,
ds_05,x9808,9808.09,7/29/1998,NA,SC,7.63,7.7,0.71,1,xLS011,diam_0.71_1mm_p,,0.58,xLSGS2,not previously published ,
ds_05,x9808,9808.1,7/29/1998,NA,SC,7.71,7.78,0.71,1,xLS011,diam_0.71_1mm_p,,0.72,xLSGS2,not previously published ,
ds_05,x9808,9808.11,7/29/1998,NA,SC,7.78,7.86,0.71,1,xLS011,diam_0.71_1mm_p,,0.57,xLSGS2,not previously published ,
ds_05,x9808,9808.12,7/29/1998,NA,SC,7.86,7.93,0.71,1,xLS011,diam_0.71_1mm_p,,0.36,xLSGS2,not previously published ,
ds_05,x9808,9808.13,7/29/1998,NA,SC,7.94,8.01,0.71,1,xLS011,diam_0.71_1mm_p,,0.02,xLSGS2,not previously published ,
ds_05,x9808,9808.14,7/29/1998,NA,SC,8.02,8.09,0.71,1,xLS011,diam_0.71_1mm_p,,0.02,xLSGS2,not previously published ,
ds_05,x9808,9808.15,7/29/1998,NA,SC,8.09,8.17,0.71,1,xLS011,diam_0.71_1mm_p,,0,xLSGS2,not previously published ,
ds_05,x9808,9808.16,7/29/1998,NA,SC,8.17,8.25,0.71,1,xLS011,diam_0.71_1mm_p,,0.04,xLSGS2,not previously published ,
ds_05,x9808,9808.17,7/29/1998,NA,SC,8.25,8.32,0.71,1,xLS011,diam_0.71_1mm_p,,0.04,xLSGS2,not previously published ,
ds_05,x9808,9808.18,7/29/1998,NA,SC,8.33,8.4,0.71,1,xLS011,diam_0.71_1mm_p,,4.2,xLSGS2,not previously published ,
ds_05,x9808,9808.19,7/29/1998,NA,SC,8.4,8.48,0.71,1,xLS011,diam_0.71_1mm_p,,0.04,xLSGS2,not previously published ,
ds_05,x9808,9808.2,7/29/1998,NA,SC,8.48,8.55,0.71,1,xLS011,diam_0.71_1mm_p,,0.02,xLSGS2,not previously published ,
ds_05,x9808,9808.21,7/29/1998,NA,SC,8.56,8.63,0.71,1,xLS011,diam_0.71_1mm_p,,0,xLSGS2,not previously published ,
ds_05,x9808,9808.22,7/29/1998,NA,SC,8.64,8.71,0.71,1,xLS011,diam_0.71_1mm_p,,0.55,xLSGS2,not previously published ,
ds_05,x9808,9808.23,7/29/1998,NA,SC,8.71,8.79,0.71,1,xLS011,diam_0.71_1mm_p,,2.73,xLSGS2,not previously published ,
ds_05,x9808,9808.24,7/29/1998,NA,SC,8.79,8.87,0.71,1,xLS011,diam_0.71_1mm_p,,0.43,xLSGS2,not previously published ,
ds_05,x9802,9802.01,7/29/1998,NA,SC,5.18,5.26,0.5,0.71,xLS012,diam_0.5_0.71mm_p,,7.85,xLSGS2,not previously published ,
ds_05,x9802,9802.02,7/29/1998,NA,SC,5.26,5.33,0.5,0.71,xLS012,diam_0.5_0.71mm_p,,7.51,xLSGS2,not previously published ,
ds_05,x9802,9802.03,7/29/1998,NA,SC,5.34,5.41,0.5,0.71,xLS012,diam_0.5_0.71mm_p,,12.48,xLSGS2,not previously published ,
ds_05,x9802,9802.04,7/29/1998,NA,SC,5.42,5.49,0.5,0.71,xLS012,diam_0.5_0.71mm_p,,5.25,xLSGS2,not previously published ,
ds_05,x9802,9802.05,7/29/1998,NA,SC,5.49,5.57,0.5,0.71,xLS012,diam_0.5_0.71mm_p,,6.27,xLSGS2,not previously published ,
ds_05,x9802,9802.06,7/29/1998,NA,SC,5.57,5.64,0.5,0.71,xLS012,diam_0.5_0.71mm_p,,3.08,xLSGS2,not previously published ,
ds_05,x9802,9802.07,7/29/1998,NA,SC,5.65,5.72,0.5,0.71,xLS012,diam_0.5_0.71mm_p,,8.34,xLSGS2,not previously published ,
ds_05,x9802,9802.08,7/29/1998,NA,SC,5.72,5.8,0.5,0.71,xLS012,diam_0.5_0.71mm_p,,7.57,xLSGS2,not previously published ,
ds_05,x9802,9802.09,7/29/1998,NA,SC,5.8,5.87,0.5,0.71,xLS012,diam_0.5_0.71mm_p,,10.94,xLSGS2,not previously published ,
ds_05,x9802,9802.1,7/29/1998,NA,SC,5.88,5.95,0.5,0.71,xLS012,diam_0.5_0.71mm_p,,3.35,xLSGS2,not previously published ,
ds_05,x9802,9802.11,7/29/1998,NA,SC,5.95,6.03,0.5,0.71,xLS012,diam_0.5_0.71mm_p,,0.19,xLSGS2,not previously published ,
ds_05,x9802,9802.12,7/29/1998,NA,SC,6.03,6.1,0.5,0.71,xLS012,diam_0.5_0.71mm_p,,0.41,xLSGS2,not previously published ,
ds_05,x9802,9802.13,7/29/1998,NA,SC,6.11,6.18,0.5,0.71,xLS012,diam_0.5_0.71mm_p,,0.11,xLSGS2,not previously published ,
ds_05,x9802,9802.14,7/29/1998,NA,SC,6.18,6.26,0.5,0.71,xLS012,diam_0.5_0.71mm_p,,9.67,xLSGS2,not previously published ,
ds_05,x9802,9802.15,7/29/1998,NA,SC,6.26,6.34,0.5,0.71,xLS012,diam_0.5_0.71mm_p,,3.96,xLSGS2,not previously published ,
ds_05,x9802,9802.16,7/29/1998,NA,SC,6.34,6.41,0.5,0.71,xLS012,diam_0.5_0.71mm_p,,0.21,xLSGS2,not previously published ,
ds_05,x9802,9802.17,7/29/1998,NA,SC,6.42,6.49,0.5,0.71,xLS012,diam_0.5_0.71mm_p,,0.08,xLSGS2,not previously published ,
ds_05,x9802,9802.18,7/29/1998,NA,SC,6.49,6.57,0.5,0.71,xLS012,diam_0.5_0.71mm_p,,0.04,xLSGS2,not previously published ,
ds_05,x9802,9802.19,7/29/1998,NA,SC,6.57,6.64,0.5,0.71,xLS012,diam_0.5_0.71mm_p,,0.2,xLSGS2,not previously published ,
ds_05,x9802,9802.2,7/29/1998,NA,SC,6.65,6.72,0.5,0.71,xLS012,diam_0.5_0.71mm_p,,0.13,xLSGS2,not previously published ,
ds_05,x9802,9802.21,7/29/1998,NA,SC,6.72,6.8,0.5,0.71,xLS012,diam_0.5_0.71mm_p,,0.16,xLSGS2,not previously published ,
ds_05,x9803,9803.01,7/29/1998,NA,SC,4.57,4.64,0.5,0.71,xLS012,diam_0.5_0.71mm_p,,16.44,xLSGS2,not previously published ,
ds_05,x9803,9803.02,7/29/1998,NA,SC,4.65,4.72,0.5,0.71,xLS012,diam_0.5_0.71mm_p,,13.75,xLSGS2,not previously published ,
ds_05,x9803,9803.03,7/29/1998,NA,SC,4.73,4.8,0.5,0.71,xLS012,diam_0.5_0.71mm_p,,12.7,xLSGS2,not previously published ,
ds_05,x9803,9803.04,7/29/1998,NA,SC,4.8,4.87,0.5,0.71,xLS012,diam_0.5_0.71mm_p,,16.29,xLSGS2,not previously published ,
ds_05,x9803,9803.05,7/29/1998,NA,SC,4.88,4.95,0.5,0.71,xLS012,diam_0.5_0.71mm_p,,15.34,xLSGS2,not previously published ,
ds_05,x9803,9803.06,7/29/1998,NA,SC,4.95,5.03,0.5,0.71,xLS012,diam_0.5_0.71mm_p,,10.28,xLSGS2,not previously published ,
ds_05,x9803,9803.07,7/29/1998,NA,SC,5.03,5.1,0.5,0.71,xLS012,diam_0.5_0.71mm_p,,16.32,xLSGS2,not previously published ,
ds_05,x9803,9803.08,7/29/1998,NA,SC,5.11,5.18,0.5,0.71,xLS012,diam_0.5_0.71mm_p,,13.28,xLSGS2,not previously published ,
ds_05,x9803,9803.09,7/29/1998,NA,SC,5.18,5.25,0.5,0.71,xLS012,diam_0.5_0.71mm_p,,11.19,xLSGS2,not previously published ,
ds_05,x9803,9803.1,7/29/1998,NA,SC,5.26,5.33,0.5,0.71,xLS012,diam_0.5_0.71mm_p,,4.78,xLSGS2,not previously published ,
ds_05,x9803,9803.11,7/29/1998,NA,SC,5.33,5.41,0.5,0.71,xLS012,diam_0.5_0.71mm_p,,7.87,xLSGS2,not previously published ,
ds_05,x9803,9803.12,7/29/1998,NA,SC,5.41,5.48,0.5,0.71,xLS012,diam_0.5_0.71mm_p,,4.09,xLSGS2,not previously published ,
ds_05,x9803,9803.13,7/29/1998,NA,SC,5.49,5.56,0.5,0.71,xLS012,diam_0.5_0.71mm_p,,1.17,xLSGS2,not previously published ,
ds_05,x9803,9803.14,7/29/1998,NA,SC,5.57,5.64,0.5,0.71,xLS012,diam_0.5_0.71mm_p,,2.84,xLSGS2,not previously published ,
ds_05,x9803,9803.15,7/29/1998,NA,SC,5.64,5.71,0.5,0.71,xLS012,diam_0.5_0.71mm_p,,2.73,xLSGS2,not previously published ,
ds_05,x9803,9803.16,7/29/1998,NA,SC,5.72,5.79,0.5,0.71,xLS012,diam_0.5_0.71mm_p,,1.42,xLSGS2,not previously published ,
ds_05,x9803,9803.17,7/29/1998,NA,SC,5.8,5.87,0.5,0.71,xLS012,diam_0.5_0.71mm_p,,0.15,xLSGS2,not previously published ,
ds_05,x9803,9803.18,7/29/1998,NA,SC,5.87,5.95,0.5,0.71,xLS012,diam_0.5_0.71mm_p,,0.16,xLSGS2,not previously published ,
ds_05,x9803,9803.19,7/29/1998,NA,SC,5.95,6.02,0.5,0.71,xLS012,diam_0.5_0.71mm_p,,0.25,xLSGS2,not previously published ,
ds_05,x9803,9803.2,7/29/1998,NA,SC,6.03,6.1,0.5,0.71,xLS012,diam_0.5_0.71mm_p,,0.22,xLSGS2,not previously published ,
ds_05,x9803,9803.21,7/29/1998,NA,SC,6.1,6.18,0.5,0.71,xLS012,diam_0.5_0.71mm_p,,0.14,xLSGS2,not previously published ,
ds_05,x9804,9804.01,7/29/1998,NA,SC,4.88,4.95,0.5,0.71,xLS012,diam_0.5_0.71mm_p,,4.64,xLSGS2,not previously published ,
ds_05,x9804,9804.02,7/29/1998,NA,SC,4.95,5.02,0.5,0.71,xLS012,diam_0.5_0.71mm_p,,4.84,xLSGS2,not previously published ,
ds_05,x9804,9804.03,7/29/1998,NA,SC,5.03,5.1,0.5,0.71,xLS012,diam_0.5_0.71mm_p,,6.78,xLSGS2,not previously published ,
ds_05,x9804,9804.04,7/29/1998,NA,SC,5.11,5.18,0.5,0.71,xLS012,diam_0.5_0.71mm_p,,10.33,xLSGS2,not previously published ,
ds_05,x9804,9804.05,7/29/1998,NA,SC,5.18,5.25,0.5,0.71,xLS012,diam_0.5_0.71mm_p,,8.58,xLSGS2,not previously published ,
ds_05,x9804,9804.06,7/29/1998,NA,SC,5.26,5.33,0.5,0.71,xLS012,diam_0.5_0.71mm_p,,14.23,xLSGS2,not previously published ,
ds_05,x9804,9804.07,7/29/1998,NA,SC,5.34,5.41,0.5,0.71,xLS012,diam_0.5_0.71mm_p,,10.21,xLSGS2,not previously published ,
ds_05,x9804,9804.08,7/29/1998,NA,SC,5.41,5.49,0.5,0.71,xLS012,diam_0.5_0.71mm_p,,8.96,xLSGS2,not previously published ,
ds_05,x9804,9804.09,7/29/1998,NA,SC,5.49,5.57,0.5,0.71,xLS012,diam_0.5_0.71mm_p,,5.35,xLSGS2,not previously published ,
ds_05,x9804,9804.1,7/29/1998,NA,SC,5.57,5.64,0.5,0.71,xLS012,diam_0.5_0.71mm_p,,7.04,xLSGS2,not previously published ,
ds_05,x9804,9804.11,7/29/1998,NA,SC,5.65,5.72,0.5,0.71,xLS012,diam_0.5_0.71mm_p,,9.06,xLSGS2,not previously published ,
ds_05,x9804,9804.12,7/29/1998,NA,SC,5.72,5.8,0.5,0.71,xLS012,diam_0.5_0.71mm_p,,9.24,xLSGS2,not previously published ,
ds_05,x9804,9804.13,7/29/1998,NA,SC,5.8,5.87,0.5,0.71,xLS012,diam_0.5_0.71mm_p,,6.97,xLSGS2,not previously published ,
ds_05,x9804,9804.14,7/29/1998,NA,SC,5.88,5.95,0.5,0.71,xLS012,diam_0.5_0.71mm_p,,0.68,xLSGS2,not previously published ,
ds_05,x9804,9804.15,7/29/1998,NA,SC,5.95,6.03,0.5,0.71,xLS012,diam_0.5_0.71mm_p,,0.3,xLSGS2,not previously published ,
ds_05,x9804,9804.16,7/29/1998,NA,SC,6.03,6.11,0.5,0.71,xLS012,diam_0.5_0.71mm_p,,0.03,xLSGS2,not previously published ,
ds_05,x9804,9804.17,7/29/1998,NA,SC,6.11,6.18,0.5,0.71,xLS012,diam_0.5_0.71mm_p,,0.28,xLSGS2,not previously published ,
ds_05,x9804,9804.18,7/29/1998,NA,SC,6.19,6.26,0.5,0.71,xLS012,diam_0.5_0.71mm_p,,0.03,xLSGS2,not previously published ,
ds_05,x9804,9804.19,7/29/1998,NA,SC,6.26,6.34,0.5,0.71,xLS012,diam_0.5_0.71mm_p,,0.1,xLSGS2,not previously published ,
ds_05,x9805,9805.01,7/29/1998,NA,SC,5.49,5.56,0.5,0.71,xLS012,diam_0.5_0.71mm_p,,5.89,xLSGS2,not previously published ,
ds_05,x9805,9805.02,7/29/1998,NA,SC,5.56,5.64,0.5,0.71,xLS012,diam_0.5_0.71mm_p,,4.56,xLSGS2,not previously published ,
ds_05,x9805,9805.03,7/29/1998,NA,SC,5.64,5.71,0.5,0.71,xLS012,diam_0.5_0.71mm_p,,2.6,xLSGS2,not previously published ,
ds_05,x9805,9805.04,7/29/1998,NA,SC,5.72,5.79,0.5,0.71,xLS012,diam_0.5_0.71mm_p,,7.46,xLSGS2,not previously published ,
ds_05,x9805,9805.05,7/29/1998,NA,SC,5.8,5.87,0.5,0.71,xLS012,diam_0.5_0.71mm_p,,10.14,xLSGS2,not previously published ,
ds_05,x9805,9805.06,7/29/1998,NA,SC,5.87,5.95,0.5,0.71,xLS012,diam_0.5_0.71mm_p,,7.81,xLSGS2,not previously published ,
ds_05,x9805,9805.07,7/29/1998,NA,SC,5.95,6.03,0.5,0.71,xLS012,diam_0.5_0.71mm_p,,2.21,xLSGS2,not previously published ,
ds_05,x9805,9805.08,7/29/1998,NA,SC,6.03,6.1,0.5,0.71,xLS012,diam_0.5_0.71mm_p,,5.61,xLSGS2,not previously published ,
ds_05,x9805,9805.09,7/29/1998,NA,SC,6.11,6.18,0.5,0.71,xLS012,diam_0.5_0.71mm_p,,5.99,xLSGS2,not previously published ,
ds_05,x9805,9805.1,7/29/1998,NA,SC,6.19,6.26,0.5,0.71,xLS012,diam_0.5_0.71mm_p,,11.36,xLSGS2,not previously published ,
ds_05,x9805,9805.11,7/29/1998,NA,SC,6.26,6.34,0.5,0.71,xLS012,diam_0.5_0.71mm_p,,15.65,xLSGS2,not previously published ,
ds_05,x9805,9805.12,7/29/1998,NA,SC,6.34,6.41,0.5,0.71,xLS012,diam_0.5_0.71mm_p,,18.68,xLSGS2,not previously published ,
ds_05,x9805,9805.13,7/29/1998,NA,SC,6.42,6.49,0.5,0.71,xLS012,diam_0.5_0.71mm_p,,26.21,xLSGS2,not previously published ,
ds_05,x9805,9805.14,7/29/1998,NA,SC,6.5,6.57,0.5,0.71,xLS012,diam_0.5_0.71mm_p,,22.5,xLSGS2,not previously published ,
ds_05,x9805,9805.15,7/29/1998,NA,SC,6.57,6.65,0.5,0.71,xLS012,diam_0.5_0.71mm_p,,15.95,xLSGS2,not previously published ,
ds_05,x9805,9805.16,7/29/1998,NA,SC,6.65,6.72,0.5,0.71,xLS012,diam_0.5_0.71mm_p,,21.61,xLSGS2,not previously published ,
ds_05,x9805,9805.17,7/29/1998,NA,SC,6.73,6.8,0.5,0.71,xLS012,diam_0.5_0.71mm_p,,6.25,xLSGS2,not previously published ,
ds_05,x9805,9805.18,7/29/1998,NA,SC,6.81,6.88,0.5,0.71,xLS012,diam_0.5_0.71mm_p,,9.72,xLSGS2,not previously published ,
ds_05,x9805,9805.19,7/29/1998,NA,SC,6.88,6.96,0.5,0.71,xLS012,diam_0.5_0.71mm_p,,11.6,xLSGS2,not previously published ,
ds_05,x9805,9805.2,7/29/1998,NA,SC,6.96,7.03,0.5,0.71,xLS012,diam_0.5_0.71mm_p,,14.78,xLSGS2,not previously published ,
ds_05,x9805,9805.21,7/29/1998,NA,SC,7.04,7.11,0.5,0.71,xLS012,diam_0.5_0.71mm_p,,3.67,xLSGS2,not previously published ,
ds_05,x9805,9805.22,7/29/1998,NA,SC,7.11,7.19,0.5,0.71,xLS012,diam_0.5_0.71mm_p,,0.6,xLSGS2,not previously published ,
ds_05,x9805,9805.23,7/29/1998,NA,SC,7.19,7.26,0.5,0.71,xLS012,diam_0.5_0.71mm_p,,0.05,xLSGS2,not previously published ,
ds_05,x9805,9805.24,7/29/1998,NA,SC,7.27,7.34,0.5,0.71,xLS012,diam_0.5_0.71mm_p,,0.05,xLSGS2,not previously published ,
ds_05,x9806,9806.01,7/29/1998,NA,SC,7.01,7.08,0.5,0.71,xLS012,diam_0.5_0.71mm_p,,1.94,xLSGS2,not previously published ,
ds_05,x9806,9806.02,7/29/1998,NA,SC,7.09,7.16,0.5,0.71,xLS012,diam_0.5_0.71mm_p,,0,xLSGS2,not previously published ,
ds_05,x9806,9806.03,7/29/1998,NA,SC,7.17,7.24,0.5,0.71,xLS012,diam_0.5_0.71mm_p,,0.04,xLSGS2,not previously published ,
ds_05,x9806,9806.04,7/29/1998,NA,SC,7.24,7.31,0.5,0.71,xLS012,diam_0.5_0.71mm_p,,0.27,xLSGS2,not previously published ,
ds_05,x9806,9806.05,7/29/1998,NA,SC,7.32,7.39,0.5,0.71,xLS012,diam_0.5_0.71mm_p,,0.14,xLSGS2,not previously published ,
ds_05,x9806,9806.06,7/29/1998,NA,SC,7.39,7.46,0.5,0.71,xLS012,diam_0.5_0.71mm_p,,0,xLSGS2,not previously published ,
ds_05,x9806,9806.07,7/29/1998,NA,SC,7.47,7.54,0.5,0.71,xLS012,diam_0.5_0.71mm_p,,0.01,xLSGS2,not previously published ,
ds_05,x9806,9806.08,7/29/1998,NA,SC,7.54,7.62,0.5,0.71,xLS012,diam_0.5_0.71mm_p,,0.01,xLSGS2,not previously published ,
ds_05,x9806,9806.09,7/29/1998,NA,SC,7.62,7.69,0.5,0.71,xLS012,diam_0.5_0.71mm_p,,0.07,xLSGS2,not previously published ,
ds_05,x9806,9806.1,7/29/1998,NA,SC,7.7,7.77,0.5,0.71,xLS012,diam_0.5_0.71mm_p,,0.14,xLSGS2,not previously published ,
ds_05,x9806,9806.11,7/29/1998,NA,SC,7.77,7.85,0.5,0.71,xLS012,diam_0.5_0.71mm_p,,1.47,xLSGS2,not previously published ,
ds_05,x9806,9806.12,7/29/1998,NA,SC,7.85,7.92,0.5,0.71,xLS012,diam_0.5_0.71mm_p,,2.11,xLSGS2,not previously published ,
ds_05,x9806,9806.13,7/29/1998,NA,SC,7.93,8,0.5,0.71,xLS012,diam_0.5_0.71mm_p,,2.02,xLSGS2,not previously published ,
ds_05,x9806,9806.14,7/29/1998,NA,SC,8,8.08,0.5,0.71,xLS012,diam_0.5_0.71mm_p,,3.48,xLSGS2,not previously published ,
ds_05,x9806,9806.15,7/29/1998,NA,SC,8.08,8.16,0.5,0.71,xLS012,diam_0.5_0.71mm_p,,1.33,xLSGS2,not previously published ,
ds_05,x9806,9806.16,7/29/1998,NA,SC,8.16,8.23,0.5,0.71,xLS012,diam_0.5_0.71mm_p,,2.1,xLSGS2,not previously published ,
ds_05,x9806,9806.17,7/29/1998,NA,SC,8.24,8.31,0.5,0.71,xLS012,diam_0.5_0.71mm_p,,13.48,xLSGS2,not previously published ,
ds_05,x9806,9806.18,7/29/1998,NA,SC,8.32,8.39,0.5,0.71,xLS012,diam_0.5_0.71mm_p,,4.88,xLSGS2,not previously published ,
ds_05,x9806,9806.19,7/29/1998,NA,SC,8.39,8.47,0.5,0.71,xLS012,diam_0.5_0.71mm_p,,12.56,xLSGS2,not previously published ,
ds_05,x9806,9806.2,7/29/1998,NA,SC,8.47,8.55,0.5,0.71,xLS012,diam_0.5_0.71mm_p,,14.62,xLSGS2,not previously published ,
ds_05,x9806,9806.21,7/29/1998,NA,SC,8.55,8.62,0.5,0.71,xLS012,diam_0.5_0.71mm_p,,4.82,xLSGS2,not previously published ,
ds_05,x9806,9806.22,7/29/1998,NA,SC,8.63,8.68,0.5,0.71,xLS012,diam_0.5_0.71mm_p,,17.88,xLSGS2,not previously published ,
ds_05,x9807,9807.01,7/29/1998,NA,SC,7.62,7.69,0.5,0.71,xLS012,diam_0.5_0.71mm_p,,8.38,xLSGS2,not previously published ,
ds_05,x9807,9807.02,7/29/1998,NA,SC,7.7,7.77,0.5,0.71,xLS012,diam_0.5_0.71mm_p,,12.98,xLSGS2,not previously published ,
ds_05,x9807,9807.03,7/29/1998,NA,SC,7.77,7.85,0.5,0.71,xLS012,diam_0.5_0.71mm_p,,24.43,xLSGS2,not previously published ,
ds_05,x9807,9807.04,7/29/1998,NA,SC,7.85,7.92,0.5,0.71,xLS012,diam_0.5_0.71mm_p,,15.7,xLSGS2,not previously published ,
ds_05,x9807,9807.05,7/29/1998,NA,SC,7.93,8,0.5,0.71,xLS012,diam_0.5_0.71mm_p,,0.09,xLSGS2,not previously published ,
ds_05,x9807,9807.06,7/29/1998,NA,SC,8,8.07,0.5,0.71,xLS012,diam_0.5_0.71mm_p,,0.44,xLSGS2,not previously published ,
ds_05,x9807,9807.07,7/29/1998,NA,SC,8.08,8.15,0.5,0.71,xLS012,diam_0.5_0.71mm_p,,0.36,xLSGS2,not previously published ,
ds_05,x9807,9807.08,7/29/1998,NA,SC,8.15,8.23,0.5,0.71,xLS012,diam_0.5_0.71mm_p,,0.28,xLSGS2,not previously published ,
ds_05,x9807,9807.09,7/29/1998,NA,SC,8.23,8.3,0.5,0.71,xLS012,diam_0.5_0.71mm_p,,0.54,xLSGS2,not previously published ,
ds_05,x9807,9807.1,7/29/1998,NA,SC,8.31,8.38,0.5,0.71,xLS012,diam_0.5_0.71mm_p,,0.37,xLSGS2,not previously published ,
ds_05,x9807,9807.11,7/29/1998,NA,SC,8.39,8.46,0.5,0.71,xLS012,diam_0.5_0.71mm_p,,0.7,xLSGS2,not previously published ,
ds_05,x9807,9807.12,7/29/1998,NA,SC,8.46,8.54,0.5,0.71,xLS012,diam_0.5_0.71mm_p,,1.03,xLSGS2,not previously published ,
ds_05,x9807,9807.13,7/29/1998,NA,SC,8.54,8.61,0.5,0.71,xLS012,diam_0.5_0.71mm_p,,3.23,xLSGS2,not previously published ,
ds_05,x9807,9807.14,7/29/1998,NA,SC,8.62,8.69,0.5,0.71,xLS012,diam_0.5_0.71mm_p,,5.67,xLSGS2,not previously published ,
ds_05,x9807,9807.15,7/29/1998,NA,SC,8.7,8.77,0.5,0.71,xLS012,diam_0.5_0.71mm_p,,2.07,xLSGS2,not previously published ,
ds_05,x9807,9807.16,7/29/1998,NA,SC,8.77,8.85,0.5,0.71,xLS012,diam_0.5_0.71mm_p,,6.83,xLSGS2,not previously published ,
ds_05,x9807,9807.17,7/29/1998,NA,SC,8.85,8.92,0.5,0.71,xLS012,diam_0.5_0.71mm_p,,3.53,xLSGS2,not previously published ,
ds_05,x9807,9807.18,7/29/1998,NA,SC,8.93,9,0.5,0.71,xLS012,diam_0.5_0.71mm_p,,0.73,xLSGS2,not previously published ,
ds_05,x9807,9807.19,7/29/1998,NA,SC,9.01,9.08,0.5,0.71,xLS012,diam_0.5_0.71mm_p,,1.16,xLSGS2,not previously published ,
ds_05,x9807,9807.2,7/29/1998,NA,SC,9.08,9.16,0.5,0.71,xLS012,diam_0.5_0.71mm_p,,1.07,xLSGS2,not previously published ,
ds_05,x9808,9808.01,7/29/1998,NA,SC,7.01,7.08,0.5,0.71,xLS012,diam_0.5_0.71mm_p,,6.85,xLSGS2,not previously published ,
ds_05,x9808,9808.02,7/29/1998,NA,SC,7.09,7.16,0.5,0.71,xLS012,diam_0.5_0.71mm_p,,4.56,xLSGS2,not previously published ,
ds_05,x9808,9808.03,7/29/1998,NA,SC,7.16,7.24,0.5,0.71,xLS012,diam_0.5_0.71mm_p,,0.02,xLSGS2,not previously published ,
ds_05,x9808,9808.04,7/29/1998,NA,SC,7.24,7.31,0.5,0.71,xLS012,diam_0.5_0.71mm_p,,0.47,xLSGS2,not previously published ,
ds_05,x9808,9808.05,7/29/1998,NA,SC,7.32,7.39,0.5,0.71,xLS012,diam_0.5_0.71mm_p,,1.58,xLSGS2,not previously published ,
ds_05,x9808,9808.06,7/29/1998,NA,SC,7.4,7.47,0.5,0.71,xLS012,diam_0.5_0.71mm_p,,1.59,xLSGS2,not previously published ,
ds_05,x9808,9808.07,7/29/1998,NA,SC,7.47,7.55,0.5,0.71,xLS012,diam_0.5_0.71mm_p,,2.21,xLSGS2,not previously published ,
ds_05,x9808,9808.08,7/29/1998,NA,SC,7.55,7.62,0.5,0.71,xLS012,diam_0.5_0.71mm_p,,4.81,xLSGS2,not previously published ,
ds_05,x9808,9808.09,7/29/1998,NA,SC,7.63,7.7,0.5,0.71,xLS012,diam_0.5_0.71mm_p,,4.45,xLSGS2,not previously published ,
ds_05,x9808,9808.1,7/29/1998,NA,SC,7.71,7.78,0.5,0.71,xLS012,diam_0.5_0.71mm_p,,2.59,xLSGS2,not previously published ,
ds_05,x9808,9808.11,7/29/1998,NA,SC,7.78,7.86,0.5,0.71,xLS012,diam_0.5_0.71mm_p,,0.3,xLSGS2,not previously published ,
ds_05,x9808,9808.12,7/29/1998,NA,SC,7.86,7.93,0.5,0.71,xLS012,diam_0.5_0.71mm_p,,0.2,xLSGS2,not previously published ,
ds_05,x9808,9808.13,7/29/1998,NA,SC,7.94,8.01,0.5,0.71,xLS012,diam_0.5_0.71mm_p,,0.06,xLSGS2,not previously published ,
ds_05,x9808,9808.14,7/29/1998,NA,SC,8.02,8.09,0.5,0.71,xLS012,diam_0.5_0.71mm_p,,0.04,xLSGS2,not previously published ,
ds_05,x9808,9808.15,7/29/1998,NA,SC,8.09,8.17,0.5,0.71,xLS012,diam_0.5_0.71mm_p,,0.03,xLSGS2,not previously published ,
ds_05,x9808,9808.16,7/29/1998,NA,SC,8.17,8.25,0.5,0.71,xLS012,diam_0.5_0.71mm_p,,0.09,xLSGS2,not previously published ,
ds_05,x9808,9808.17,7/29/1998,NA,SC,8.25,8.32,0.5,0.71,xLS012,diam_0.5_0.71mm_p,,0.14,xLSGS2,not previously published ,
ds_05,x9808,9808.18,7/29/1998,NA,SC,8.33,8.4,0.5,0.71,xLS012,diam_0.5_0.71mm_p,,9.72,xLSGS2,not previously published ,
ds_05,x9808,9808.19,7/29/1998,NA,SC,8.4,8.48,0.5,0.71,xLS012,diam_0.5_0.71mm_p,,0.1,xLSGS2,not previously published ,
ds_05,x9808,9808.2,7/29/1998,NA,SC,8.48,8.55,0.5,0.71,xLS012,diam_0.5_0.71mm_p,,0.06,xLSGS2,not previously published ,
ds_05,x9808,9808.21,7/29/1998,NA,SC,8.56,8.63,0.5,0.71,xLS012,diam_0.5_0.71mm_p,,0.04,xLSGS2,not previously published ,
ds_05,x9808,9808.22,7/29/1998,NA,SC,8.64,8.71,0.5,0.71,xLS012,diam_0.5_0.71mm_p,,0.96,xLSGS2,not previously published ,
ds_05,x9808,9808.23,7/29/1998,NA,SC,8.71,8.79,0.5,0.71,xLS012,diam_0.5_0.71mm_p,,4.84,xLSGS2,not previously published ,
ds_05,x9808,9808.24,7/29/1998,NA,SC,8.79,8.87,0.5,0.71,xLS012,diam_0.5_0.71mm_p,,1.1,xLSGS2,not previously published ,
ds_05,x9802,9802.01,7/29/1998,NA,SC,5.18,5.26,0.355,0.5,xLS013,diam_0.355_0.5mm_p,,24.57,xLSGS2,not previously published ,
ds_05,x9802,9802.02,7/29/1998,NA,SC,5.26,5.33,0.355,0.5,xLS013,diam_0.355_0.5mm_p,,31.55,xLSGS2,not previously published ,
ds_05,x9802,9802.03,7/29/1998,NA,SC,5.34,5.41,0.355,0.5,xLS013,diam_0.355_0.5mm_p,,27.3,xLSGS2,not previously published ,
ds_05,x9802,9802.04,7/29/1998,NA,SC,5.42,5.49,0.355,0.5,xLS013,diam_0.355_0.5mm_p,,18.6,xLSGS2,not previously published ,
ds_05,x9802,9802.05,7/29/1998,NA,SC,5.49,5.57,0.355,0.5,xLS013,diam_0.355_0.5mm_p,,23.42,xLSGS2,not previously published ,
ds_05,x9802,9802.06,7/29/1998,NA,SC,5.57,5.64,0.355,0.5,xLS013,diam_0.355_0.5mm_p,,14.8,xLSGS2,not previously published ,
ds_05,x9802,9802.07,7/29/1998,NA,SC,5.65,5.72,0.355,0.5,xLS013,diam_0.355_0.5mm_p,,32.59,xLSGS2,not previously published ,
ds_05,x9802,9802.08,7/29/1998,NA,SC,5.72,5.8,0.355,0.5,xLS013,diam_0.355_0.5mm_p,,42.74,xLSGS2,not previously published ,
ds_05,x9802,9802.09,7/29/1998,NA,SC,5.8,5.87,0.355,0.5,xLS013,diam_0.355_0.5mm_p,,43.91,xLSGS2,not previously published ,
ds_05,x9802,9802.1,7/29/1998,NA,SC,5.88,5.95,0.355,0.5,xLS013,diam_0.355_0.5mm_p,,8.92,xLSGS2,not previously published ,
ds_05,x9802,9802.11,7/29/1998,NA,SC,5.95,6.03,0.355,0.5,xLS013,diam_0.355_0.5mm_p,,5.23,xLSGS2,not previously published ,
ds_05,x9802,9802.12,7/29/1998,NA,SC,6.03,6.1,0.355,0.5,xLS013,diam_0.355_0.5mm_p,,7.01,xLSGS2,not previously published ,
ds_05,x9802,9802.13,7/29/1998,NA,SC,6.11,6.18,0.355,0.5,xLS013,diam_0.355_0.5mm_p,,5.99,xLSGS2,not previously published ,
ds_05,x9802,9802.14,7/29/1998,NA,SC,6.18,6.26,0.355,0.5,xLS013,diam_0.355_0.5mm_p,,20.33,xLSGS2,not previously published ,
ds_05,x9802,9802.15,7/29/1998,NA,SC,6.26,6.34,0.355,0.5,xLS013,diam_0.355_0.5mm_p,,7.23,xLSGS2,not previously published ,
ds_05,x9802,9802.16,7/29/1998,NA,SC,6.34,6.41,0.355,0.5,xLS013,diam_0.355_0.5mm_p,,0.27,xLSGS2,not previously published ,
ds_05,x9802,9802.17,7/29/1998,NA,SC,6.42,6.49,0.355,0.5,xLS013,diam_0.355_0.5mm_p,,0.19,xLSGS2,not previously published ,
ds_05,x9802,9802.18,7/29/1998,NA,SC,6.49,6.57,0.355,0.5,xLS013,diam_0.355_0.5mm_p,,0.06,xLSGS2,not previously published ,
ds_05,x9802,9802.19,7/29/1998,NA,SC,6.57,6.64,0.355,0.5,xLS013,diam_0.355_0.5mm_p,,0.21,xLSGS2,not previously published ,
ds_05,x9802,9802.2,7/29/1998,NA,SC,6.65,6.72,0.355,0.5,xLS013,diam_0.355_0.5mm_p,,0.23,xLSGS2,not previously published ,
ds_05,x9802,9802.21,7/29/1998,NA,SC,6.72,6.8,0.355,0.5,xLS013,diam_0.355_0.5mm_p,,0.16,xLSGS2,not previously published ,
ds_05,x9803,9803.01,7/29/1998,NA,SC,4.57,4.64,0.355,0.5,xLS013,diam_0.355_0.5mm_p,,22.28,xLSGS2,not previously published ,
ds_05,x9803,9803.02,7/29/1998,NA,SC,4.65,4.72,0.355,0.5,xLS013,diam_0.355_0.5mm_p,,20.05,xLSGS2,not previously published ,
ds_05,x9803,9803.03,7/29/1998,NA,SC,4.73,4.8,0.355,0.5,xLS013,diam_0.355_0.5mm_p,,34.92,xLSGS2,not previously published ,
ds_05,x9803,9803.04,7/29/1998,NA,SC,4.8,4.87,0.355,0.5,xLS013,diam_0.355_0.5mm_p,,41.13,xLSGS2,not previously published ,
ds_05,x9803,9803.05,7/29/1998,NA,SC,4.88,4.95,0.355,0.5,xLS013,diam_0.355_0.5mm_p,,48.59,xLSGS2,not previously published ,
ds_05,x9803,9803.06,7/29/1998,NA,SC,4.95,5.03,0.355,0.5,xLS013,diam_0.355_0.5mm_p,,34.48,xLSGS2,not previously published ,
ds_05,x9803,9803.07,7/29/1998,NA,SC,5.03,5.1,0.355,0.5,xLS013,diam_0.355_0.5mm_p,,27.92,xLSGS2,not previously published ,
ds_05,x9803,9803.08,7/29/1998,NA,SC,5.11,5.18,0.355,0.5,xLS013,diam_0.355_0.5mm_p,,20.83,xLSGS2,not previously published ,
ds_05,x9803,9803.09,7/29/1998,NA,SC,5.18,5.25,0.355,0.5,xLS013,diam_0.355_0.5mm_p,,18.73,xLSGS2,not previously published ,
ds_05,x9803,9803.1,7/29/1998,NA,SC,5.26,5.33,0.355,0.5,xLS013,diam_0.355_0.5mm_p,,14.99,xLSGS2,not previously published ,
ds_05,x9803,9803.11,7/29/1998,NA,SC,5.33,5.41,0.355,0.5,xLS013,diam_0.355_0.5mm_p,,20.01,xLSGS2,not previously published ,
ds_05,x9803,9803.12,7/29/1998,NA,SC,5.41,5.48,0.355,0.5,xLS013,diam_0.355_0.5mm_p,,5.6,xLSGS2,not previously published ,
ds_05,x9803,9803.13,7/29/1998,NA,SC,5.49,5.56,0.355,0.5,xLS013,diam_0.355_0.5mm_p,,5.6,xLSGS2,not previously published ,
ds_05,x9803,9803.14,7/29/1998,NA,SC,5.57,5.64,0.355,0.5,xLS013,diam_0.355_0.5mm_p,,17.84,xLSGS2,not previously published ,
ds_05,x9803,9803.15,7/29/1998,NA,SC,5.64,5.71,0.355,0.5,xLS013,diam_0.355_0.5mm_p,,14.07,xLSGS2,not previously published ,
ds_05,x9803,9803.16,7/29/1998,NA,SC,5.72,5.79,0.355,0.5,xLS013,diam_0.355_0.5mm_p,,1.83,xLSGS2,not previously published ,
ds_05,x9803,9803.17,7/29/1998,NA,SC,5.8,5.87,0.355,0.5,xLS013,diam_0.355_0.5mm_p,,0.15,xLSGS2,not previously published ,
ds_05,x9803,9803.18,7/29/1998,NA,SC,5.87,5.95,0.355,0.5,xLS013,diam_0.355_0.5mm_p,,0.11,xLSGS2,not previously published ,
ds_05,x9803,9803.19,7/29/1998,NA,SC,5.95,6.02,0.355,0.5,xLS013,diam_0.355_0.5mm_p,,0.16,xLSGS2,not previously published ,
ds_05,x9803,9803.2,7/29/1998,NA,SC,6.03,6.1,0.355,0.5,xLS013,diam_0.355_0.5mm_p,,0.12,xLSGS2,not previously published ,
ds_05,x9803,9803.21,7/29/1998,NA,SC,6.1,6.18,0.355,0.5,xLS013,diam_0.355_0.5mm_p,,0.18,xLSGS2,not previously published ,
ds_05,x9804,9804.01,7/29/1998,NA,SC,4.88,4.95,0.355,0.5,xLS013,diam_0.355_0.5mm_p,,19.37,xLSGS2,not previously published ,
ds_05,x9804,9804.02,7/29/1998,NA,SC,4.95,5.02,0.355,0.5,xLS013,diam_0.355_0.5mm_p,,35.54,xLSGS2,not previously published ,
ds_05,x9804,9804.03,7/29/1998,NA,SC,5.03,5.1,0.355,0.5,xLS013,diam_0.355_0.5mm_p,,36.47,xLSGS2,not previously published ,
ds_05,x9804,9804.04,7/29/1998,NA,SC,5.11,5.18,0.355,0.5,xLS013,diam_0.355_0.5mm_p,,34.13,xLSGS2,not previously published ,
ds_05,x9804,9804.05,7/29/1998,NA,SC,5.18,5.25,0.355,0.5,xLS013,diam_0.355_0.5mm_p,,47.69,xLSGS2,not previously published ,
ds_05,x9804,9804.06,7/29/1998,NA,SC,5.26,5.33,0.355,0.5,xLS013,diam_0.355_0.5mm_p,,51.19,xLSGS2,not previously published ,
ds_05,x9804,9804.07,7/29/1998,NA,SC,5.34,5.41,0.355,0.5,xLS013,diam_0.355_0.5mm_p,,48.07,xLSGS2,not previously published ,
ds_05,x9804,9804.08,7/29/1998,NA,SC,5.41,5.49,0.355,0.5,xLS013,diam_0.355_0.5mm_p,,24.79,xLSGS2,not previously published ,
ds_05,x9804,9804.09,7/29/1998,NA,SC,5.49,5.57,0.355,0.5,xLS013,diam_0.355_0.5mm_p,,19.26,xLSGS2,not previously published ,
ds_05,x9804,9804.1,7/29/1998,NA,SC,5.57,5.64,0.355,0.5,xLS013,diam_0.355_0.5mm_p,,20,xLSGS2,not previously published ,
ds_05,x9804,9804.11,7/29/1998,NA,SC,5.65,5.72,0.355,0.5,xLS013,diam_0.355_0.5mm_p,,20.35,xLSGS2,not previously published ,
ds_05,x9804,9804.12,7/29/1998,NA,SC,5.72,5.8,0.355,0.5,xLS013,diam_0.355_0.5mm_p,,18.85,xLSGS2,not previously published ,
ds_05,x9804,9804.13,7/29/1998,NA,SC,5.8,5.87,0.355,0.5,xLS013,diam_0.355_0.5mm_p,,16.78,xLSGS2,not previously published ,
ds_05,x9804,9804.14,7/29/1998,NA,SC,5.88,5.95,0.355,0.5,xLS013,diam_0.355_0.5mm_p,,1.41,xLSGS2,not previously published ,
ds_05,x9804,9804.15,7/29/1998,NA,SC,5.95,6.03,0.355,0.5,xLS013,diam_0.355_0.5mm_p,,0.51,xLSGS2,not previously published ,
ds_05,x9804,9804.16,7/29/1998,NA,SC,6.03,6.11,0.355,0.5,xLS013,diam_0.355_0.5mm_p,,0.05,xLSGS2,not previously published ,
ds_05,x9804,9804.17,7/29/1998,NA,SC,6.11,6.18,0.355,0.5,xLS013,diam_0.355_0.5mm_p,,0.58,xLSGS2,not previously published ,
ds_05,x9804,9804.18,7/29/1998,NA,SC,6.19,6.26,0.355,0.5,xLS013,diam_0.355_0.5mm_p,,0.09,xLSGS2,not previously published ,
ds_05,x9804,9804.19,7/29/1998,NA,SC,6.26,6.34,0.355,0.5,xLS013,diam_0.355_0.5mm_p,,0.12,xLSGS2,not previously published ,
ds_05,x9805,9805.01,7/29/1998,NA,SC,5.49,5.56,0.355,0.5,xLS013,diam_0.355_0.5mm_p,,18.17,xLSGS2,not previously published ,
ds_05,x9805,9805.02,7/29/1998,NA,SC,5.56,5.64,0.355,0.5,xLS013,diam_0.355_0.5mm_p,,15.78,xLSGS2,not previously published ,
ds_05,x9805,9805.03,7/29/1998,NA,SC,5.64,5.71,0.355,0.5,xLS013,diam_0.355_0.5mm_p,,15.59,xLSGS2,not previously published ,
ds_05,x9805,9805.04,7/29/1998,NA,SC,5.72,5.79,0.355,0.5,xLS013,diam_0.355_0.5mm_p,,20.29,xLSGS2,not previously published ,
ds_05,x9805,9805.05,7/29/1998,NA,SC,5.8,5.87,0.355,0.5,xLS013,diam_0.355_0.5mm_p,,22.09,xLSGS2,not previously published ,
ds_05,x9805,9805.06,7/29/1998,NA,SC,5.87,5.95,0.355,0.5,xLS013,diam_0.355_0.5mm_p,,20.02,xLSGS2,not previously published ,
ds_05,x9805,9805.07,7/29/1998,NA,SC,5.95,6.03,0.355,0.5,xLS013,diam_0.355_0.5mm_p,,7.06,xLSGS2,not previously published ,
ds_05,x9805,9805.08,7/29/1998,NA,SC,6.03,6.1,0.355,0.5,xLS013,diam_0.355_0.5mm_p,,32.67,xLSGS2,not previously published ,
ds_05,x9805,9805.09,7/29/1998,NA,SC,6.11,6.18,0.355,0.5,xLS013,diam_0.355_0.5mm_p,,35.93,xLSGS2,not previously published ,
ds_05,x9805,9805.1,7/29/1998,NA,SC,6.19,6.26,0.355,0.5,xLS013,diam_0.355_0.5mm_p,,35.99,xLSGS2,not previously published ,
ds_05,x9805,9805.11,7/29/1998,NA,SC,6.26,6.34,0.355,0.5,xLS013,diam_0.355_0.5mm_p,,37.65,xLSGS2,not previously published ,
ds_05,x9805,9805.12,7/29/1998,NA,SC,6.34,6.41,0.355,0.5,xLS013,diam_0.355_0.5mm_p,,43.12,xLSGS2,not previously published ,
ds_05,x9805,9805.13,7/29/1998,NA,SC,6.42,6.49,0.355,0.5,xLS013,diam_0.355_0.5mm_p,,23.44,xLSGS2,not previously published ,
ds_05,x9805,9805.14,7/29/1998,NA,SC,6.5,6.57,0.355,0.5,xLS013,diam_0.355_0.5mm_p,,24.75,xLSGS2,not previously published ,
ds_05,x9805,9805.15,7/29/1998,NA,SC,6.57,6.65,0.355,0.5,xLS013,diam_0.355_0.5mm_p,,34.55,xLSGS2,not previously published ,
ds_05,x9805,9805.16,7/29/1998,NA,SC,6.65,6.72,0.355,0.5,xLS013,diam_0.355_0.5mm_p,,35.76,xLSGS2,not previously published ,
ds_05,x9805,9805.17,7/29/1998,NA,SC,6.73,6.8,0.355,0.5,xLS013,diam_0.355_0.5mm_p,,16.91,xLSGS2,not previously published ,
ds_05,x9805,9805.18,7/29/1998,NA,SC,6.81,6.88,0.355,0.5,xLS013,diam_0.355_0.5mm_p,,20.8,xLSGS2,not previously published ,
ds_05,x9805,9805.19,7/29/1998,NA,SC,6.88,6.96,0.355,0.5,xLS013,diam_0.355_0.5mm_p,,27.29,xLSGS2,not previously published ,
ds_05,x9805,9805.2,7/29/1998,NA,SC,6.96,7.03,0.355,0.5,xLS013,diam_0.355_0.5mm_p,,28.94,xLSGS2,not previously published ,
ds_05,x9805,9805.21,7/29/1998,NA,SC,7.04,7.11,0.355,0.5,xLS013,diam_0.355_0.5mm_p,,3.64,xLSGS2,not previously published ,
ds_05,x9805,9805.22,7/29/1998,NA,SC,7.11,7.19,0.355,0.5,xLS013,diam_0.355_0.5mm_p,,0.46,xLSGS2,not previously published ,
ds_05,x9805,9805.23,7/29/1998,NA,SC,7.19,7.26,0.355,0.5,xLS013,diam_0.355_0.5mm_p,,0.12,xLSGS2,not previously published ,
ds_05,x9805,9805.24,7/29/1998,NA,SC,7.27,7.34,0.355,0.5,xLS013,diam_0.355_0.5mm_p,,0.12,xLSGS2,not previously published ,
ds_05,x9806,9806.01,7/29/1998,NA,SC,7.01,7.08,0.355,0.5,xLS013,diam_0.355_0.5mm_p,,8.88,xLSGS2,not previously published ,
ds_05,x9806,9806.02,7/29/1998,NA,SC,7.09,7.16,0.355,0.5,xLS013,diam_0.355_0.5mm_p,,0.07,xLSGS2,not previously published ,
ds_05,x9806,9806.03,7/29/1998,NA,SC,7.17,7.24,0.355,0.5,xLS013,diam_0.355_0.5mm_p,,0.17,xLSGS2,not previously published ,
ds_05,x9806,9806.04,7/29/1998,NA,SC,7.24,7.31,0.355,0.5,xLS013,diam_0.355_0.5mm_p,,1.03,xLSGS2,not previously published ,
ds_05,x9806,9806.05,7/29/1998,NA,SC,7.32,7.39,0.355,0.5,xLS013,diam_0.355_0.5mm_p,,0.7,xLSGS2,not previously published ,
ds_05,x9806,9806.06,7/29/1998,NA,SC,7.39,7.46,0.355,0.5,xLS013,diam_0.355_0.5mm_p,,0.01,xLSGS2,not previously published ,
ds_05,x9806,9806.07,7/29/1998,NA,SC,7.47,7.54,0.355,0.5,xLS013,diam_0.355_0.5mm_p,,0.13,xLSGS2,not previously published ,
ds_05,x9806,9806.08,7/29/1998,NA,SC,7.54,7.62,0.355,0.5,xLS013,diam_0.355_0.5mm_p,,0.22,xLSGS2,not previously published ,
ds_05,x9806,9806.09,7/29/1998,NA,SC,7.62,7.69,0.355,0.5,xLS013,diam_0.355_0.5mm_p,,0.29,xLSGS2,not previously published ,
ds_05,x9806,9806.1,7/29/1998,NA,SC,7.7,7.77,0.355,0.5,xLS013,diam_0.355_0.5mm_p,,0.45,xLSGS2,not previously published ,
ds_05,x9806,9806.11,7/29/1998,NA,SC,7.77,7.85,0.355,0.5,xLS013,diam_0.355_0.5mm_p,,3.41,xLSGS2,not previously published ,
ds_05,x9806,9806.12,7/29/1998,NA,SC,7.85,7.92,0.355,0.5,xLS013,diam_0.355_0.5mm_p,,3.89,xLSGS2,not previously published ,
ds_05,x9806,9806.13,7/29/1998,NA,SC,7.93,8,0.355,0.5,xLS013,diam_0.355_0.5mm_p,,3.96,xLSGS2,not previously published ,
ds_05,x9806,9806.14,7/29/1998,NA,SC,8,8.08,0.355,0.5,xLS013,diam_0.355_0.5mm_p,,4.75,xLSGS2,not previously published ,
ds_05,x9806,9806.15,7/29/1998,NA,SC,8.08,8.16,0.355,0.5,xLS013,diam_0.355_0.5mm_p,,2.8,xLSGS2,not previously published ,
ds_05,x9806,9806.16,7/29/1998,NA,SC,8.16,8.23,0.355,0.5,xLS013,diam_0.355_0.5mm_p,,5.03,xLSGS2,not previously published ,
ds_05,x9806,9806.17,7/29/1998,NA,SC,8.24,8.31,0.355,0.5,xLS013,diam_0.355_0.5mm_p,,12.78,xLSGS2,not previously published ,
ds_05,x9806,9806.18,7/29/1998,NA,SC,8.32,8.39,0.355,0.5,xLS013,diam_0.355_0.5mm_p,,6.9,xLSGS2,not previously published ,
ds_05,x9806,9806.19,7/29/1998,NA,SC,8.39,8.47,0.355,0.5,xLS013,diam_0.355_0.5mm_p,,11.59,xLSGS2,not previously published ,
ds_05,x9806,9806.2,7/29/1998,NA,SC,8.47,8.55,0.355,0.5,xLS013,diam_0.355_0.5mm_p,,10.29,xLSGS2,not previously published ,
ds_05,x9806,9806.21,7/29/1998,NA,SC,8.55,8.62,0.355,0.5,xLS013,diam_0.355_0.5mm_p,,2.87,xLSGS2,not previously published ,
ds_05,x9806,9806.22,7/29/1998,NA,SC,8.63,8.68,0.355,0.5,xLS013,diam_0.355_0.5mm_p,,23.4,xLSGS2,not previously published ,
ds_05,x9807,9807.01,7/29/1998,NA,SC,7.62,7.69,0.355,0.5,xLS013,diam_0.355_0.5mm_p,,18.87,xLSGS2,not previously published ,
ds_05,x9807,9807.02,7/29/1998,NA,SC,7.7,7.77,0.355,0.5,xLS013,diam_0.355_0.5mm_p,,19.59,xLSGS2,not previously published ,
ds_05,x9807,9807.03,7/29/1998,NA,SC,7.77,7.85,0.355,0.5,xLS013,diam_0.355_0.5mm_p,,32.31,xLSGS2,not previously published ,
ds_05,x9807,9807.04,7/29/1998,NA,SC,7.85,7.92,0.355,0.5,xLS013,diam_0.355_0.5mm_p,,18.27,xLSGS2,not previously published ,
ds_05,x9807,9807.05,7/29/1998,NA,SC,7.93,8,0.355,0.5,xLS013,diam_0.355_0.5mm_p,,0.38,xLSGS2,not previously published ,
ds_05,x9807,9807.06,7/29/1998,NA,SC,8,8.07,0.355,0.5,xLS013,diam_0.355_0.5mm_p,,0.95,xLSGS2,not previously published ,
ds_05,x9807,9807.07,7/29/1998,NA,SC,8.08,8.15,0.355,0.5,xLS013,diam_0.355_0.5mm_p,,0.83,xLSGS2,not previously published ,
ds_05,x9807,9807.08,7/29/1998,NA,SC,8.15,8.23,0.355,0.5,xLS013,diam_0.355_0.5mm_p,,0.74,xLSGS2,not previously published ,
ds_05,x9807,9807.09,7/29/1998,NA,SC,8.23,8.3,0.355,0.5,xLS013,diam_0.355_0.5mm_p,,1.45,xLSGS2,not previously published ,
ds_05,x9807,9807.1,7/29/1998,NA,SC,8.31,8.38,0.355,0.5,xLS013,diam_0.355_0.5mm_p,,1.19,xLSGS2,not previously published ,
ds_05,x9807,9807.11,7/29/1998,NA,SC,8.39,8.46,0.355,0.5,xLS013,diam_0.355_0.5mm_p,,1.77,xLSGS2,not previously published ,
ds_05,x9807,9807.12,7/29/1998,NA,SC,8.46,8.54,0.355,0.5,xLS013,diam_0.355_0.5mm_p,,1.51,xLSGS2,not previously published ,
ds_05,x9807,9807.13,7/29/1998,NA,SC,8.54,8.61,0.355,0.5,xLS013,diam_0.355_0.5mm_p,,2.69,xLSGS2,not previously published ,
ds_05,x9807,9807.14,7/29/1998,NA,SC,8.62,8.69,0.355,0.5,xLS013,diam_0.355_0.5mm_p,,9.4,xLSGS2,not previously published ,
ds_05,x9807,9807.15,7/29/1998,NA,SC,8.7,8.77,0.355,0.5,xLS013,diam_0.355_0.5mm_p,,2.51,xLSGS2,not previously published ,
ds_05,x9807,9807.16,7/29/1998,NA,SC,8.77,8.85,0.355,0.5,xLS013,diam_0.355_0.5mm_p,,4.57,xLSGS2,not previously published ,
ds_05,x9807,9807.17,7/29/1998,NA,SC,8.85,8.92,0.355,0.5,xLS013,diam_0.355_0.5mm_p,,6.64,xLSGS2,not previously published ,
ds_05,x9807,9807.18,7/29/1998,NA,SC,8.93,9,0.355,0.5,xLS013,diam_0.355_0.5mm_p,,1.64,xLSGS2,not previously published ,
ds_05,x9807,9807.19,7/29/1998,NA,SC,9.01,9.08,0.355,0.5,xLS013,diam_0.355_0.5mm_p,,0.98,xLSGS2,not previously published ,
ds_05,x9807,9807.2,7/29/1998,NA,SC,9.08,9.16,0.355,0.5,xLS013,diam_0.355_0.5mm_p,,0.99,xLSGS2,not previously published ,
ds_05,x9808,9808.01,7/29/1998,NA,SC,7.01,7.08,0.355,0.5,xLS013,diam_0.355_0.5mm_p,,15.92,xLSGS2,not previously published ,
ds_05,x9808,9808.02,7/29/1998,NA,SC,7.09,7.16,0.355,0.5,xLS013,diam_0.355_0.5mm_p,,15.78,xLSGS2,not previously published ,
ds_05,x9808,9808.03,7/29/1998,NA,SC,7.16,7.24,0.355,0.5,xLS013,diam_0.355_0.5mm_p,,0.04,xLSGS2,not previously published ,
ds_05,x9808,9808.04,7/29/1998,NA,SC,7.24,7.31,0.355,0.5,xLS013,diam_0.355_0.5mm_p,,5.07,xLSGS2,not previously published ,
ds_05,x9808,9808.05,7/29/1998,NA,SC,7.32,7.39,0.355,0.5,xLS013,diam_0.355_0.5mm_p,,21.35,xLSGS2,not previously published ,
ds_05,x9808,9808.06,7/29/1998,NA,SC,7.4,7.47,0.355,0.5,xLS013,diam_0.355_0.5mm_p,,18.35,xLSGS2,not previously published ,
ds_05,x9808,9808.07,7/29/1998,NA,SC,7.47,7.55,0.355,0.5,xLS013,diam_0.355_0.5mm_p,,23.55,xLSGS2,not previously published ,
ds_05,x9808,9808.08,7/29/1998,NA,SC,7.55,7.62,0.355,0.5,xLS013,diam_0.355_0.5mm_p,,30.91,xLSGS2,not previously published ,
ds_05,x9808,9808.09,7/29/1998,NA,SC,7.63,7.7,0.355,0.5,xLS013,diam_0.355_0.5mm_p,,33.65,xLSGS2,not previously published ,
ds_05,x9808,9808.1,7/29/1998,NA,SC,7.71,7.78,0.355,0.5,xLS013,diam_0.355_0.5mm_p,,8.26,xLSGS2,not previously published ,
ds_05,x9808,9808.11,7/29/1998,NA,SC,7.78,7.86,0.355,0.5,xLS013,diam_0.355_0.5mm_p,,0.35,xLSGS2,not previously published ,
ds_05,x9808,9808.12,7/29/1998,NA,SC,7.86,7.93,0.355,0.5,xLS013,diam_0.355_0.5mm_p,,0.15,xLSGS2,not previously published ,
ds_05,x9808,9808.13,7/29/1998,NA,SC,7.94,8.01,0.355,0.5,xLS013,diam_0.355_0.5mm_p,,0.17,xLSGS2,not previously published ,
ds_05,x9808,9808.14,7/29/1998,NA,SC,8.02,8.09,0.355,0.5,xLS013,diam_0.355_0.5mm_p,,0.18,xLSGS2,not previously published ,
ds_05,x9808,9808.15,7/29/1998,NA,SC,8.09,8.17,0.355,0.5,xLS013,diam_0.355_0.5mm_p,,0.09,xLSGS2,not previously published ,
ds_05,x9808,9808.16,7/29/1998,NA,SC,8.17,8.25,0.355,0.5,xLS013,diam_0.355_0.5mm_p,,0.32,xLSGS2,not previously published ,
ds_05,x9808,9808.17,7/29/1998,NA,SC,8.25,8.32,0.355,0.5,xLS013,diam_0.355_0.5mm_p,,0.4,xLSGS2,not previously published ,
ds_05,x9808,9808.18,7/29/1998,NA,SC,8.33,8.4,0.355,0.5,xLS013,diam_0.355_0.5mm_p,,20.8,xLSGS2,not previously published ,
ds_05,x9808,9808.19,7/29/1998,NA,SC,8.4,8.48,0.355,0.5,xLS013,diam_0.355_0.5mm_p,,0.3,xLSGS2,not previously published ,
ds_05,x9808,9808.2,7/29/1998,NA,SC,8.48,8.55,0.355,0.5,xLS013,diam_0.355_0.5mm_p,,0.31,xLSGS2,not previously published ,
ds_05,x9808,9808.21,7/29/1998,NA,SC,8.56,8.63,0.355,0.5,xLS013,diam_0.355_0.5mm_p,,0.1,xLSGS2,not previously published ,
ds_05,x9808,9808.22,7/29/1998,NA,SC,8.64,8.71,0.355,0.5,xLS013,diam_0.355_0.5mm_p,,1.79,xLSGS2,not previously published ,
ds_05,x9808,9808.23,7/29/1998,NA,SC,8.71,8.79,0.355,0.5,xLS013,diam_0.355_0.5mm_p,,5.61,xLSGS2,not previously published ,
ds_05,x9808,9808.24,7/29/1998,NA,SC,8.79,8.87,0.355,0.5,xLS013,diam_0.355_0.5mm_p,,1.71,xLSGS2,not previously published ,
ds_05,x9802,9802.01,7/29/1998,NA,SC,5.18,5.26,0.25,0.355,xLS014,diam_0.25_0.355mm_p,,25.76,xLSGS2,not previously published ,
ds_05,x9802,9802.02,7/29/1998,NA,SC,5.26,5.33,0.25,0.355,xLS014,diam_0.25_0.355mm_p,,27.56,xLSGS2,not previously published ,
ds_05,x9802,9802.03,7/29/1998,NA,SC,5.34,5.41,0.25,0.355,xLS014,diam_0.25_0.355mm_p,,23.84,xLSGS2,not previously published ,
ds_05,x9802,9802.04,7/29/1998,NA,SC,5.42,5.49,0.25,0.355,xLS014,diam_0.25_0.355mm_p,,16.14,xLSGS2,not previously published ,
ds_05,x9802,9802.05,7/29/1998,NA,SC,5.49,5.57,0.25,0.355,xLS014,diam_0.25_0.355mm_p,,15.5,xLSGS2,not previously published ,
ds_05,x9802,9802.06,7/29/1998,NA,SC,5.57,5.64,0.25,0.355,xLS014,diam_0.25_0.355mm_p,,17.25,xLSGS2,not previously published ,
ds_05,x9802,9802.07,7/29/1998,NA,SC,5.65,5.72,0.25,0.355,xLS014,diam_0.25_0.355mm_p,,28.04,xLSGS2,not previously published ,
ds_05,x9802,9802.08,7/29/1998,NA,SC,5.72,5.8,0.25,0.355,xLS014,diam_0.25_0.355mm_p,,28.99,xLSGS2,not previously published ,
ds_05,x9802,9802.09,7/29/1998,NA,SC,5.8,5.87,0.25,0.355,xLS014,diam_0.25_0.355mm_p,,29.06,xLSGS2,not previously published ,
ds_05,x9802,9802.1,7/29/1998,NA,SC,5.88,5.95,0.25,0.355,xLS014,diam_0.25_0.355mm_p,,38.43,xLSGS2,not previously published ,
ds_05,x9802,9802.11,7/29/1998,NA,SC,5.95,6.03,0.25,0.355,xLS014,diam_0.25_0.355mm_p,,53.54,xLSGS2,not previously published ,
ds_05,x9802,9802.12,7/29/1998,NA,SC,6.03,6.1,0.25,0.355,xLS014,diam_0.25_0.355mm_p,,52.38,xLSGS2,not previously published ,
ds_05,x9802,9802.13,7/29/1998,NA,SC,6.11,6.18,0.25,0.355,xLS014,diam_0.25_0.355mm_p,,51.23,xLSGS2,not previously published ,
ds_05,x9802,9802.14,7/29/1998,NA,SC,6.18,6.26,0.25,0.355,xLS014,diam_0.25_0.355mm_p,,27.71,xLSGS2,not previously published ,
ds_05,x9802,9802.15,7/29/1998,NA,SC,6.26,6.34,0.25,0.355,xLS014,diam_0.25_0.355mm_p,,14.39,xLSGS2,not previously published ,
ds_05,x9802,9802.16,7/29/1998,NA,SC,6.34,6.41,0.25,0.355,xLS014,diam_0.25_0.355mm_p,,0.36,xLSGS2,not previously published ,
ds_05,x9802,9802.17,7/29/1998,NA,SC,6.42,6.49,0.25,0.355,xLS014,diam_0.25_0.355mm_p,,0.29,xLSGS2,not previously published ,
ds_05,x9802,9802.18,7/29/1998,NA,SC,6.49,6.57,0.25,0.355,xLS014,diam_0.25_0.355mm_p,,0.13,xLSGS2,not previously published ,
ds_05,x9802,9802.19,7/29/1998,NA,SC,6.57,6.64,0.25,0.355,xLS014,diam_0.25_0.355mm_p,,0.36,xLSGS2,not previously published ,
ds_05,x9802,9802.2,7/29/1998,NA,SC,6.65,6.72,0.25,0.355,xLS014,diam_0.25_0.355mm_p,,1.32,xLSGS2,not previously published ,
ds_05,x9802,9802.21,7/29/1998,NA,SC,6.72,6.8,0.25,0.355,xLS014,diam_0.25_0.355mm_p,,0.17,xLSGS2,not previously published ,
ds_05,x9803,9803.01,7/29/1998,NA,SC,4.57,4.64,0.25,0.355,xLS014,diam_0.25_0.355mm_p,,20.17,xLSGS2,not previously published ,
ds_05,x9803,9803.02,7/29/1998,NA,SC,4.65,4.72,0.25,0.355,xLS014,diam_0.25_0.355mm_p,,19.89,xLSGS2,not previously published ,
ds_05,x9803,9803.03,7/29/1998,NA,SC,4.73,4.8,0.25,0.355,xLS014,diam_0.25_0.355mm_p,,24.01,xLSGS2,not previously published ,
ds_05,x9803,9803.04,7/29/1998,NA,SC,4.8,4.87,0.25,0.355,xLS014,diam_0.25_0.355mm_p,,20.88,xLSGS2,not previously published ,
ds_05,x9803,9803.05,7/29/1998,NA,SC,4.88,4.95,0.25,0.355,xLS014,diam_0.25_0.355mm_p,,23.7,xLSGS2,not previously published ,
ds_05,x9803,9803.06,7/29/1998,NA,SC,4.95,5.03,0.25,0.355,xLS014,diam_0.25_0.355mm_p,,25.46,xLSGS2,not previously published ,
ds_05,x9803,9803.07,7/29/1998,NA,SC,5.03,5.1,0.25,0.355,xLS014,diam_0.25_0.355mm_p,,18.94,xLSGS2,not previously published ,
ds_05,x9803,9803.08,7/29/1998,NA,SC,5.11,5.18,0.25,0.355,xLS014,diam_0.25_0.355mm_p,,18.33,xLSGS2,not previously published ,
ds_05,x9803,9803.09,7/29/1998,NA,SC,5.18,5.25,0.25,0.355,xLS014,diam_0.25_0.355mm_p,,19.24,xLSGS2,not previously published ,
ds_05,x9803,9803.1,7/29/1998,NA,SC,5.26,5.33,0.25,0.355,xLS014,diam_0.25_0.355mm_p,,35.04,xLSGS2,not previously published ,
ds_05,x9803,9803.11,7/29/1998,NA,SC,5.33,5.41,0.25,0.355,xLS014,diam_0.25_0.355mm_p,,31.85,xLSGS2,not previously published ,
ds_05,x9803,9803.12,7/29/1998,NA,SC,5.41,5.48,0.25,0.355,xLS014,diam_0.25_0.355mm_p,,16.36,xLSGS2,not previously published ,
ds_05,x9803,9803.13,7/29/1998,NA,SC,5.49,5.56,0.25,0.355,xLS014,diam_0.25_0.355mm_p,,21.4,xLSGS2,not previously published ,
ds_05,x9803,9803.14,7/29/1998,NA,SC,5.57,5.64,0.25,0.355,xLS014,diam_0.25_0.355mm_p,,42.66,xLSGS2,not previously published ,
ds_05,x9803,9803.15,7/29/1998,NA,SC,5.64,5.71,0.25,0.355,xLS014,diam_0.25_0.355mm_p,,37.96,xLSGS2,not previously published ,
ds_05,x9803,9803.16,7/29/1998,NA,SC,5.72,5.79,0.25,0.355,xLS014,diam_0.25_0.355mm_p,,3.9,xLSGS2,not previously published ,
ds_05,x9803,9803.17,7/29/1998,NA,SC,5.8,5.87,0.25,0.355,xLS014,diam_0.25_0.355mm_p,,0.24,xLSGS2,not previously published ,
ds_05,x9803,9803.18,7/29/1998,NA,SC,5.87,5.95,0.25,0.355,xLS014,diam_0.25_0.355mm_p,,0.34,xLSGS2,not previously published ,
ds_05,x9803,9803.19,7/29/1998,NA,SC,5.95,6.02,0.25,0.355,xLS014,diam_0.25_0.355mm_p,,0.48,xLSGS2,not previously published ,
ds_05,x9803,9803.2,7/29/1998,NA,SC,6.03,6.1,0.25,0.355,xLS014,diam_0.25_0.355mm_p,,0.09,xLSGS2,not previously published ,
ds_05,x9803,9803.21,7/29/1998,NA,SC,6.1,6.18,0.25,0.355,xLS014,diam_0.25_0.355mm_p,,0.28,xLSGS2,not previously published ,
ds_05,x9804,9804.01,7/29/1998,NA,SC,4.88,4.95,0.25,0.355,xLS014,diam_0.25_0.355mm_p,,30.18,xLSGS2,not previously published ,
ds_05,x9804,9804.02,7/29/1998,NA,SC,4.95,5.02,0.25,0.355,xLS014,diam_0.25_0.355mm_p,,34.86,xLSGS2,not previously published ,
ds_05,x9804,9804.03,7/29/1998,NA,SC,5.03,5.1,0.25,0.355,xLS014,diam_0.25_0.355mm_p,,23.48,xLSGS2,not previously published ,
ds_05,x9804,9804.04,7/29/1998,NA,SC,5.11,5.18,0.25,0.355,xLS014,diam_0.25_0.355mm_p,,22.63,xLSGS2,not previously published ,
ds_05,x9804,9804.05,7/29/1998,NA,SC,5.18,5.25,0.25,0.355,xLS014,diam_0.25_0.355mm_p,,19.3,xLSGS2,not previously published ,
ds_05,x9804,9804.06,7/29/1998,NA,SC,5.26,5.33,0.25,0.355,xLS014,diam_0.25_0.355mm_p,,18.24,xLSGS2,not previously published ,
ds_05,x9804,9804.07,7/29/1998,NA,SC,5.34,5.41,0.25,0.355,xLS014,diam_0.25_0.355mm_p,,22.19,xLSGS2,not previously published ,
ds_05,x9804,9804.08,7/29/1998,NA,SC,5.41,5.49,0.25,0.355,xLS014,diam_0.25_0.355mm_p,,17.14,xLSGS2,not previously published ,
ds_05,x9804,9804.09,7/29/1998,NA,SC,5.49,5.57,0.25,0.355,xLS014,diam_0.25_0.355mm_p,,43.63,xLSGS2,not previously published ,
ds_05,x9804,9804.1,7/29/1998,NA,SC,5.57,5.64,0.25,0.355,xLS014,diam_0.25_0.355mm_p,,42.14,xLSGS2,not previously published ,
ds_05,x9804,9804.11,7/29/1998,NA,SC,5.65,5.72,0.25,0.355,xLS014,diam_0.25_0.355mm_p,,38.74,xLSGS2,not previously published ,
ds_05,x9804,9804.12,7/29/1998,NA,SC,5.72,5.8,0.25,0.355,xLS014,diam_0.25_0.355mm_p,,37.32,xLSGS2,not previously published ,
ds_05,x9804,9804.13,7/29/1998,NA,SC,5.8,5.87,0.25,0.355,xLS014,diam_0.25_0.355mm_p,,38.76,xLSGS2,not previously published ,
ds_05,x9804,9804.14,7/29/1998,NA,SC,5.88,5.95,0.25,0.355,xLS014,diam_0.25_0.355mm_p,,3.71,xLSGS2,not previously published ,
ds_05,x9804,9804.15,7/29/1998,NA,SC,5.95,6.03,0.25,0.355,xLS014,diam_0.25_0.355mm_p,,0.59,xLSGS2,not previously published ,
ds_05,x9804,9804.16,7/29/1998,NA,SC,6.03,6.11,0.25,0.355,xLS014,diam_0.25_0.355mm_p,,0.11,xLSGS2,not previously published ,
ds_05,x9804,9804.17,7/29/1998,NA,SC,6.11,6.18,0.25,0.355,xLS014,diam_0.25_0.355mm_p,,4.75,xLSGS2,not previously published ,
ds_05,x9804,9804.18,7/29/1998,NA,SC,6.19,6.26,0.25,0.355,xLS014,diam_0.25_0.355mm_p,,1.45,xLSGS2,not previously published ,
ds_05,x9804,9804.19,7/29/1998,NA,SC,6.26,6.34,0.25,0.355,xLS014,diam_0.25_0.355mm_p,,0.26,xLSGS2,not previously published ,
ds_05,x9805,9805.01,7/29/1998,NA,SC,5.49,5.56,0.25,0.355,xLS014,diam_0.25_0.355mm_p,,28.4,xLSGS2,not previously published ,
ds_05,x9805,9805.02,7/29/1998,NA,SC,5.56,5.64,0.25,0.355,xLS014,diam_0.25_0.355mm_p,,29.86,xLSGS2,not previously published ,
ds_05,x9805,9805.03,7/29/1998,NA,SC,5.64,5.71,0.25,0.355,xLS014,diam_0.25_0.355mm_p,,46.87,xLSGS2,not previously published ,
ds_05,x9805,9805.04,7/29/1998,NA,SC,5.72,5.79,0.25,0.355,xLS014,diam_0.25_0.355mm_p,,40.78,xLSGS2,not previously published ,
ds_05,x9805,9805.05,7/29/1998,NA,SC,5.8,5.87,0.25,0.355,xLS014,diam_0.25_0.355mm_p,,35.44,xLSGS2,not previously published ,
ds_05,x9805,9805.06,7/29/1998,NA,SC,5.87,5.95,0.25,0.355,xLS014,diam_0.25_0.355mm_p,,39.95,xLSGS2,not previously published ,
ds_05,x9805,9805.07,7/29/1998,NA,SC,5.95,6.03,0.25,0.355,xLS014,diam_0.25_0.355mm_p,,10.96,xLSGS2,not previously published ,
ds_05,x9805,9805.08,7/29/1998,NA,SC,6.03,6.1,0.25,0.355,xLS014,diam_0.25_0.355mm_p,,37.24,xLSGS2,not previously published ,
ds_05,x9805,9805.09,7/29/1998,NA,SC,6.11,6.18,0.25,0.355,xLS014,diam_0.25_0.355mm_p,,38.03,xLSGS2,not previously published ,
ds_05,x9805,9805.1,7/29/1998,NA,SC,6.19,6.26,0.25,0.355,xLS014,diam_0.25_0.355mm_p,,23.15,xLSGS2,not previously published ,
ds_05,x9805,9805.11,7/29/1998,NA,SC,6.26,6.34,0.25,0.355,xLS014,diam_0.25_0.355mm_p,,20.95,xLSGS2,not previously published ,
ds_05,x9805,9805.12,7/29/1998,NA,SC,6.34,6.41,0.25,0.355,xLS014,diam_0.25_0.355mm_p,,19.71,xLSGS2,not previously published ,
ds_05,x9805,9805.13,7/29/1998,NA,SC,6.42,6.49,0.25,0.355,xLS014,diam_0.25_0.355mm_p,,9.8,xLSGS2,not previously published ,
ds_05,x9805,9805.14,7/29/1998,NA,SC,6.5,6.57,0.25,0.355,xLS014,diam_0.25_0.355mm_p,,12.83,xLSGS2,not previously published ,
ds_05,x9805,9805.15,7/29/1998,NA,SC,6.57,6.65,0.25,0.355,xLS014,diam_0.25_0.355mm_p,,22.78,xLSGS2,not previously published ,
ds_05,x9805,9805.16,7/29/1998,NA,SC,6.65,6.72,0.25,0.355,xLS014,diam_0.25_0.355mm_p,,15.95,xLSGS2,not previously published ,
ds_05,x9805,9805.17,7/29/1998,NA,SC,6.73,6.8,0.25,0.355,xLS014,diam_0.25_0.355mm_p,,20.11,xLSGS2,not previously published ,
ds_05,x9805,9805.18,7/29/1998,NA,SC,6.81,6.88,0.25,0.355,xLS014,diam_0.25_0.355mm_p,,29.98,xLSGS2,not previously published ,
ds_05,x9805,9805.19,7/29/1998,NA,SC,6.88,6.96,0.25,0.355,xLS014,diam_0.25_0.355mm_p,,29.06,xLSGS2,not previously published ,
ds_05,x9805,9805.2,7/29/1998,NA,SC,6.96,7.03,0.25,0.355,xLS014,diam_0.25_0.355mm_p,,26.9,xLSGS2,not previously published ,
ds_05,x9805,9805.21,7/29/1998,NA,SC,7.04,7.11,0.25,0.355,xLS014,diam_0.25_0.355mm_p,,2.19,xLSGS2,not previously published ,
ds_05,x9805,9805.22,7/29/1998,NA,SC,7.11,7.19,0.25,0.355,xLS014,diam_0.25_0.355mm_p,,0.36,xLSGS2,not previously published ,
ds_05,x9805,9805.23,7/29/1998,NA,SC,7.19,7.26,0.25,0.355,xLS014,diam_0.25_0.355mm_p,,0.33,xLSGS2,not previously published ,
ds_05,x9805,9805.24,7/29/1998,NA,SC,7.27,7.34,0.25,0.355,xLS014,diam_0.25_0.355mm_p,,2.45,xLSGS2,not previously published ,
ds_05,x9806,9806.01,7/29/1998,NA,SC,7.01,7.08,0.25,0.355,xLS014,diam_0.25_0.355mm_p,,14.12,xLSGS2,not previously published ,
ds_05,x9806,9806.02,7/29/1998,NA,SC,7.09,7.16,0.25,0.355,xLS014,diam_0.25_0.355mm_p,,0.64,xLSGS2,not previously published ,
ds_05,x9806,9806.03,7/29/1998,NA,SC,7.17,7.24,0.25,0.355,xLS014,diam_0.25_0.355mm_p,,1.67,xLSGS2,not previously published ,
ds_05,x9806,9806.04,7/29/1998,NA,SC,7.24,7.31,0.25,0.355,xLS014,diam_0.25_0.355mm_p,,8.68,xLSGS2,not previously published ,
ds_05,x9806,9806.05,7/29/1998,NA,SC,7.32,7.39,0.25,0.355,xLS014,diam_0.25_0.355mm_p,,6.85,xLSGS2,not previously published ,
ds_05,x9806,9806.06,7/29/1998,NA,SC,7.39,7.46,0.25,0.355,xLS014,diam_0.25_0.355mm_p,,1.15,xLSGS2,not previously published ,
ds_05,x9806,9806.07,7/29/1998,NA,SC,7.47,7.54,0.25,0.355,xLS014,diam_0.25_0.355mm_p,,3.09,xLSGS2,not previously published ,
ds_05,x9806,9806.08,7/29/1998,NA,SC,7.54,7.62,0.25,0.355,xLS014,diam_0.25_0.355mm_p,,11.89,xLSGS2,not previously published ,
ds_05,x9806,9806.09,7/29/1998,NA,SC,7.62,7.69,0.25,0.355,xLS014,diam_0.25_0.355mm_p,,5.2,xLSGS2,not previously published ,
ds_05,x9806,9806.1,7/29/1998,NA,SC,7.7,7.77,0.25,0.355,xLS014,diam_0.25_0.355mm_p,,8.88,xLSGS2,not previously published ,
ds_05,x9806,9806.11,7/29/1998,NA,SC,7.77,7.85,0.25,0.355,xLS014,diam_0.25_0.355mm_p,,21.25,xLSGS2,not previously published ,
ds_05,x9806,9806.12,7/29/1998,NA,SC,7.85,7.92,0.25,0.355,xLS014,diam_0.25_0.355mm_p,,26.22,xLSGS2,not previously published ,
ds_05,x9806,9806.13,7/29/1998,NA,SC,7.93,8,0.25,0.355,xLS014,diam_0.25_0.355mm_p,,44.38,xLSGS2,not previously published ,
ds_05,x9806,9806.14,7/29/1998,NA,SC,8,8.08,0.25,0.355,xLS014,diam_0.25_0.355mm_p,,29.54,xLSGS2,not previously published ,
ds_05,x9806,9806.15,7/29/1998,NA,SC,8.08,8.16,0.25,0.355,xLS014,diam_0.25_0.355mm_p,,17.48,xLSGS2,not previously published ,
ds_05,x9806,9806.16,7/29/1998,NA,SC,8.16,8.23,0.25,0.355,xLS014,diam_0.25_0.355mm_p,,27.17,xLSGS2,not previously published ,
ds_05,x9806,9806.17,7/29/1998,NA,SC,8.24,8.31,0.25,0.355,xLS014,diam_0.25_0.355mm_p,,11.51,xLSGS2,not previously published ,
ds_05,x9806,9806.18,7/29/1998,NA,SC,8.32,8.39,0.25,0.355,xLS014,diam_0.25_0.355mm_p,,14.87,xLSGS2,not previously published ,
ds_05,x9806,9806.19,7/29/1998,NA,SC,8.39,8.47,0.25,0.355,xLS014,diam_0.25_0.355mm_p,,14.06,xLSGS2,not previously published ,
ds_05,x9806,9806.2,7/29/1998,NA,SC,8.47,8.55,0.25,0.355,xLS014,diam_0.25_0.355mm_p,,10.14,xLSGS2,not previously published ,
ds_05,x9806,9806.21,7/29/1998,NA,SC,8.55,8.62,0.25,0.355,xLS014,diam_0.25_0.355mm_p,,1.64,xLSGS2,not previously published ,
ds_05,x9806,9806.22,7/29/1998,NA,SC,8.63,8.68,0.25,0.355,xLS014,diam_0.25_0.355mm_p,,9.62,xLSGS2,not previously published ,
ds_05,x9807,9807.01,7/29/1998,NA,SC,7.62,7.69,0.25,0.355,xLS014,diam_0.25_0.355mm_p,,24.64,xLSGS2,not previously published ,
ds_05,x9807,9807.02,7/29/1998,NA,SC,7.7,7.77,0.25,0.355,xLS014,diam_0.25_0.355mm_p,,17.37,xLSGS2,not previously published ,
ds_05,x9807,9807.03,7/29/1998,NA,SC,7.77,7.85,0.25,0.355,xLS014,diam_0.25_0.355mm_p,,7.24,xLSGS2,not previously published ,
ds_05,x9807,9807.04,7/29/1998,NA,SC,7.85,7.92,0.25,0.355,xLS014,diam_0.25_0.355mm_p,,8.17,xLSGS2,not previously published ,
ds_05,x9807,9807.05,7/29/1998,NA,SC,7.93,8,0.25,0.355,xLS014,diam_0.25_0.355mm_p,,12.15,xLSGS2,not previously published ,
ds_05,x9807,9807.06,7/29/1998,NA,SC,8,8.07,0.25,0.355,xLS014,diam_0.25_0.355mm_p,,13.18,xLSGS2,not previously published ,
ds_05,x9807,9807.07,7/29/1998,NA,SC,8.08,8.15,0.25,0.355,xLS014,diam_0.25_0.355mm_p,,6.82,xLSGS2,not previously published ,
ds_05,x9807,9807.08,7/29/1998,NA,SC,8.15,8.23,0.25,0.355,xLS014,diam_0.25_0.355mm_p,,7.38,xLSGS2,not previously published ,
ds_05,x9807,9807.09,7/29/1998,NA,SC,8.23,8.3,0.25,0.355,xLS014,diam_0.25_0.355mm_p,,17.7,xLSGS2,not previously published ,
ds_05,x9807,9807.1,7/29/1998,NA,SC,8.31,8.38,0.25,0.355,xLS014,diam_0.25_0.355mm_p,,14.49,xLSGS2,not previously published ,
ds_05,x9807,9807.11,7/29/1998,NA,SC,8.39,8.46,0.25,0.355,xLS014,diam_0.25_0.355mm_p,,16.07,xLSGS2,not previously published ,
ds_05,x9807,9807.12,7/29/1998,NA,SC,8.46,8.54,0.25,0.355,xLS014,diam_0.25_0.355mm_p,,13.77,xLSGS2,not previously published ,
ds_05,x9807,9807.13,7/29/1998,NA,SC,8.54,8.61,0.25,0.355,xLS014,diam_0.25_0.355mm_p,,11.22,xLSGS2,not previously published ,
ds_05,x9807,9807.14,7/29/1998,NA,SC,8.62,8.69,0.25,0.355,xLS014,diam_0.25_0.355mm_p,,21.28,xLSGS2,not previously published ,
ds_05,x9807,9807.15,7/29/1998,NA,SC,8.7,8.77,0.25,0.355,xLS014,diam_0.25_0.355mm_p,,7.17,xLSGS2,not previously published ,
ds_05,x9807,9807.16,7/29/1998,NA,SC,8.77,8.85,0.25,0.355,xLS014,diam_0.25_0.355mm_p,,7.84,xLSGS2,not previously published ,
ds_05,x9807,9807.17,7/29/1998,NA,SC,8.85,8.92,0.25,0.355,xLS014,diam_0.25_0.355mm_p,,22.3,xLSGS2,not previously published ,
ds_05,x9807,9807.18,7/29/1998,NA,SC,8.93,9,0.25,0.355,xLS014,diam_0.25_0.355mm_p,,10.5,xLSGS2,not previously published ,
ds_05,x9807,9807.19,7/29/1998,NA,SC,9.01,9.08,0.25,0.355,xLS014,diam_0.25_0.355mm_p,,1.96,xLSGS2,not previously published ,
ds_05,x9807,9807.2,7/29/1998,NA,SC,9.08,9.16,0.25,0.355,xLS014,diam_0.25_0.355mm_p,,1.85,xLSGS2,not previously published ,
ds_05,x9808,9808.01,7/29/1998,NA,SC,7.01,7.08,0.25,0.355,xLS014,diam_0.25_0.355mm_p,,20.88,xLSGS2,not previously published ,
ds_05,x9808,9808.02,7/29/1998,NA,SC,7.09,7.16,0.25,0.355,xLS014,diam_0.25_0.355mm_p,,29.86,xLSGS2,not previously published ,
ds_05,x9808,9808.03,7/29/1998,NA,SC,7.16,7.24,0.25,0.355,xLS014,diam_0.25_0.355mm_p,,1.57,xLSGS2,not previously published ,
ds_05,x9808,9808.04,7/29/1998,NA,SC,7.24,7.31,0.25,0.355,xLS014,diam_0.25_0.355mm_p,,11.39,xLSGS2,not previously published ,
ds_05,x9808,9808.05,7/29/1998,NA,SC,7.32,7.39,0.25,0.355,xLS014,diam_0.25_0.355mm_p,,50.24,xLSGS2,not previously published ,
ds_05,x9808,9808.06,7/29/1998,NA,SC,7.4,7.47,0.25,0.355,xLS014,diam_0.25_0.355mm_p,,50.13,xLSGS2,not previously published ,
ds_05,x9808,9808.07,7/29/1998,NA,SC,7.47,7.55,0.25,0.355,xLS014,diam_0.25_0.355mm_p,,45.51,xLSGS2,not previously published ,
ds_05,x9808,9808.08,7/29/1998,NA,SC,7.55,7.62,0.25,0.355,xLS014,diam_0.25_0.355mm_p,,43.23,xLSGS2,not previously published ,
ds_05,x9808,9808.09,7/29/1998,NA,SC,7.63,7.7,0.25,0.355,xLS014,diam_0.25_0.355mm_p,,43.19,xLSGS2,not previously published ,
ds_05,x9808,9808.1,7/29/1998,NA,SC,7.71,7.78,0.25,0.355,xLS014,diam_0.25_0.355mm_p,,7.6,xLSGS2,not previously published ,
ds_05,x9808,9808.11,7/29/1998,NA,SC,7.78,7.86,0.25,0.355,xLS014,diam_0.25_0.355mm_p,,0.72,xLSGS2,not previously published ,
ds_05,x9808,9808.12,7/29/1998,NA,SC,7.86,7.93,0.25,0.355,xLS014,diam_0.25_0.355mm_p,,0.45,xLSGS2,not previously published ,
ds_05,x9808,9808.13,7/29/1998,NA,SC,7.94,8.01,0.25,0.355,xLS014,diam_0.25_0.355mm_p,,0.37,xLSGS2,not previously published ,
ds_05,x9808,9808.14,7/29/1998,NA,SC,8.02,8.09,0.25,0.355,xLS014,diam_0.25_0.355mm_p,,1.62,xLSGS2,not previously published ,
ds_05,x9808,9808.15,7/29/1998,NA,SC,8.09,8.17,0.25,0.355,xLS014,diam_0.25_0.355mm_p,,7.19,xLSGS2,not previously published ,
ds_05,x9808,9808.16,7/29/1998,NA,SC,8.17,8.25,0.25,0.355,xLS014,diam_0.25_0.355mm_p,,8.45,xLSGS2,not previously published ,
ds_05,x9808,9808.17,7/29/1998,NA,SC,8.25,8.32,0.25,0.355,xLS014,diam_0.25_0.355mm_p,,4.95,xLSGS2,not previously published ,
ds_05,x9808,9808.18,7/29/1998,NA,SC,8.33,8.4,0.25,0.355,xLS014,diam_0.25_0.355mm_p,,29.98,xLSGS2,not previously published ,
ds_05,x9808,9808.19,7/29/1998,NA,SC,8.4,8.48,0.25,0.355,xLS014,diam_0.25_0.355mm_p,,6.16,xLSGS2,not previously published ,
ds_05,x9808,9808.2,7/29/1998,NA,SC,8.48,8.55,0.25,0.355,xLS014,diam_0.25_0.355mm_p,,9.76,xLSGS2,not previously published ,
ds_05,x9808,9808.21,7/29/1998,NA,SC,8.56,8.63,0.25,0.355,xLS014,diam_0.25_0.355mm_p,,10.3,xLSGS2,not previously published ,
ds_05,x9808,9808.22,7/29/1998,NA,SC,8.64,8.71,0.25,0.355,xLS014,diam_0.25_0.355mm_p,,16.5,xLSGS2,not previously published ,
ds_05,x9808,9808.23,7/29/1998,NA,SC,8.71,8.79,0.25,0.355,xLS014,diam_0.25_0.355mm_p,,25.63,xLSGS2,not previously published ,
ds_05,x9808,9808.24,7/29/1998,NA,SC,8.79,8.87,0.25,0.355,xLS014,diam_0.25_0.355mm_p,,14.6,xLSGS2,not previously published ,
ds_05,x9802,9802.01,7/29/1998,NA,SC,5.18,5.26,0.106,0.25,xLS015,diam_0.106_0.25mm_p,,19.66,xLSGS2,not previously published ,
ds_05,x9802,9802.02,7/29/1998,NA,SC,5.26,5.33,0.106,0.25,xLS015,diam_0.106_0.25mm_p,,19.33,xLSGS2,not previously published ,
ds_05,x9802,9802.03,7/29/1998,NA,SC,5.34,5.41,0.106,0.25,xLS015,diam_0.106_0.25mm_p,,25.63,xLSGS2,not previously published ,
ds_05,x9802,9802.04,7/29/1998,NA,SC,5.42,5.49,0.106,0.25,xLS015,diam_0.106_0.25mm_p,,50.73,xLSGS2,not previously published ,
ds_05,x9802,9802.05,7/29/1998,NA,SC,5.49,5.57,0.106,0.25,xLS015,diam_0.106_0.25mm_p,,44.67,xLSGS2,not previously published ,
ds_05,x9802,9802.06,7/29/1998,NA,SC,5.57,5.64,0.106,0.25,xLS015,diam_0.106_0.25mm_p,,51.61,xLSGS2,not previously published ,
ds_05,x9802,9802.07,7/29/1998,NA,SC,5.65,5.72,0.106,0.25,xLS015,diam_0.106_0.25mm_p,,18.34,xLSGS2,not previously published ,
ds_05,x9802,9802.08,7/29/1998,NA,SC,5.72,5.8,0.106,0.25,xLS015,diam_0.106_0.25mm_p,,16.8,xLSGS2,not previously published ,
ds_05,x9802,9802.09,7/29/1998,NA,SC,5.8,5.87,0.106,0.25,xLS015,diam_0.106_0.25mm_p,,13.02,xLSGS2,not previously published ,
ds_05,x9802,9802.1,7/29/1998,NA,SC,5.88,5.95,0.106,0.25,xLS015,diam_0.106_0.25mm_p,,44.6,xLSGS2,not previously published ,
ds_05,x9802,9802.11,7/29/1998,NA,SC,5.95,6.03,0.106,0.25,xLS015,diam_0.106_0.25mm_p,,38.62,xLSGS2,not previously published ,
ds_05,x9802,9802.12,7/29/1998,NA,SC,6.03,6.1,0.106,0.25,xLS015,diam_0.106_0.25mm_p,,37.39,xLSGS2,not previously published ,
ds_05,x9802,9802.13,7/29/1998,NA,SC,6.11,6.18,0.106,0.25,xLS015,diam_0.106_0.25mm_p,,39.38,xLSGS2,not previously published ,
ds_05,x9802,9802.14,7/29/1998,NA,SC,6.18,6.26,0.106,0.25,xLS015,diam_0.106_0.25mm_p,,29.89,xLSGS2,not previously published ,
ds_05,x9802,9802.15,7/29/1998,NA,SC,6.26,6.34,0.106,0.25,xLS015,diam_0.106_0.25mm_p,,45.52,xLSGS2,not previously published ,
ds_05,x9802,9802.16,7/29/1998,NA,SC,6.34,6.41,0.106,0.25,xLS015,diam_0.106_0.25mm_p,,47.93,xLSGS2,not previously published ,
ds_05,x9802,9802.17,7/29/1998,NA,SC,6.42,6.49,0.106,0.25,xLS015,diam_0.106_0.25mm_p,,37.15,xLSGS2,not previously published ,
ds_05,x9802,9802.18,7/29/1998,NA,SC,6.49,6.57,0.106,0.25,xLS015,diam_0.106_0.25mm_p,,2.22,xLSGS2,not previously published ,
ds_05,x9802,9802.19,7/29/1998,NA,SC,6.57,6.64,0.106,0.25,xLS015,diam_0.106_0.25mm_p,,2.06,xLSGS2,not previously published ,
ds_05,x9802,9802.2,7/29/1998,NA,SC,6.65,6.72,0.106,0.25,xLS015,diam_0.106_0.25mm_p,,20.51,xLSGS2,not previously published ,
ds_05,x9802,9802.21,7/29/1998,NA,SC,6.72,6.8,0.106,0.25,xLS015,diam_0.106_0.25mm_p,,2.1,xLSGS2,not previously published ,
ds_05,x9803,9803.01,7/29/1998,NA,SC,4.57,4.64,0.106,0.25,xLS015,diam_0.106_0.25mm_p,,22.27,xLSGS2,not previously published ,
ds_05,x9803,9803.02,7/29/1998,NA,SC,4.65,4.72,0.106,0.25,xLS015,diam_0.106_0.25mm_p,,22.6,xLSGS2,not previously published ,
ds_05,x9803,9803.03,7/29/1998,NA,SC,4.73,4.8,0.106,0.25,xLS015,diam_0.106_0.25mm_p,,16.33,xLSGS2,not previously published ,
ds_05,x9803,9803.04,7/29/1998,NA,SC,4.8,4.87,0.106,0.25,xLS015,diam_0.106_0.25mm_p,,15.46,xLSGS2,not previously published ,
ds_05,x9803,9803.05,7/29/1998,NA,SC,4.88,4.95,0.106,0.25,xLS015,diam_0.106_0.25mm_p,,8.07,xLSGS2,not previously published ,
ds_05,x9803,9803.06,7/29/1998,NA,SC,4.95,5.03,0.106,0.25,xLS015,diam_0.106_0.25mm_p,,19.62,xLSGS2,not previously published ,
ds_05,x9803,9803.07,7/29/1998,NA,SC,5.03,5.1,0.106,0.25,xLS015,diam_0.106_0.25mm_p,,21.42,xLSGS2,not previously published ,
ds_05,x9803,9803.08,7/29/1998,NA,SC,5.11,5.18,0.106,0.25,xLS015,diam_0.106_0.25mm_p,,32.26,xLSGS2,not previously published ,
ds_05,x9803,9803.09,7/29/1998,NA,SC,5.18,5.25,0.106,0.25,xLS015,diam_0.106_0.25mm_p,,24.94,xLSGS2,not previously published ,
ds_05,x9803,9803.1,7/29/1998,NA,SC,5.26,5.33,0.106,0.25,xLS015,diam_0.106_0.25mm_p,,37.56,xLSGS2,not previously published ,
ds_05,x9803,9803.11,7/29/1998,NA,SC,5.33,5.41,0.106,0.25,xLS015,diam_0.106_0.25mm_p,,31.68,xLSGS2,not previously published ,
ds_05,x9803,9803.12,7/29/1998,NA,SC,5.41,5.48,0.106,0.25,xLS015,diam_0.106_0.25mm_p,,50.49,xLSGS2,not previously published ,
ds_05,x9803,9803.13,7/29/1998,NA,SC,5.49,5.56,0.106,0.25,xLS015,diam_0.106_0.25mm_p,,60.76,xLSGS2,not previously published ,
ds_05,x9803,9803.14,7/29/1998,NA,SC,5.57,5.64,0.106,0.25,xLS015,diam_0.106_0.25mm_p,,31.77,xLSGS2,not previously published ,
ds_05,x9803,9803.15,7/29/1998,NA,SC,5.64,5.71,0.106,0.25,xLS015,diam_0.106_0.25mm_p,,38.76,xLSGS2,not previously published ,
ds_05,x9803,9803.16,7/29/1998,NA,SC,5.72,5.79,0.106,0.25,xLS015,diam_0.106_0.25mm_p,,24.71,xLSGS2,not previously published ,
ds_05,x9803,9803.17,7/29/1998,NA,SC,5.8,5.87,0.106,0.25,xLS015,diam_0.106_0.25mm_p,,60.76,xLSGS2,not previously published ,
ds_05,x9803,9803.18,7/29/1998,NA,SC,5.87,5.95,0.106,0.25,xLS015,diam_0.106_0.25mm_p,,77.38,xLSGS2,not previously published ,
ds_05,x9803,9803.19,7/29/1998,NA,SC,5.95,6.02,0.106,0.25,xLS015,diam_0.106_0.25mm_p,,71.98,xLSGS2,not previously published ,
ds_05,x9803,9803.2,7/29/1998,NA,SC,6.03,6.1,0.106,0.25,xLS015,diam_0.106_0.25mm_p,,28.66,xLSGS2,not previously published ,
ds_05,x9803,9803.21,7/29/1998,NA,SC,6.1,6.18,0.106,0.25,xLS015,diam_0.106_0.25mm_p,,8.99,xLSGS2,not previously published ,
ds_05,x9804,9804.01,7/29/1998,NA,SC,4.88,4.95,0.106,0.25,xLS015,diam_0.106_0.25mm_p,,35.49,xLSGS2,not previously published ,
ds_05,x9804,9804.02,7/29/1998,NA,SC,4.95,5.02,0.106,0.25,xLS015,diam_0.106_0.25mm_p,,20.65,xLSGS2,not previously published ,
ds_05,x9804,9804.03,7/29/1998,NA,SC,5.03,5.1,0.106,0.25,xLS015,diam_0.106_0.25mm_p,,25.06,xLSGS2,not previously published ,
ds_05,x9804,9804.04,7/29/1998,NA,SC,5.11,5.18,0.106,0.25,xLS015,diam_0.106_0.25mm_p,,25.31,xLSGS2,not previously published ,
ds_05,x9804,9804.05,7/29/1998,NA,SC,5.18,5.25,0.106,0.25,xLS015,diam_0.106_0.25mm_p,,17.26,xLSGS2,not previously published ,
ds_05,x9804,9804.06,7/29/1998,NA,SC,5.26,5.33,0.106,0.25,xLS015,diam_0.106_0.25mm_p,,10.21,xLSGS2,not previously published ,
ds_05,x9804,9804.07,7/29/1998,NA,SC,5.34,5.41,0.106,0.25,xLS015,diam_0.106_0.25mm_p,,14.08,xLSGS2,not previously published ,
ds_05,x9804,9804.08,7/29/1998,NA,SC,5.41,5.49,0.106,0.25,xLS015,diam_0.106_0.25mm_p,,34.79,xLSGS2,not previously published ,
ds_05,x9804,9804.09,7/29/1998,NA,SC,5.49,5.57,0.106,0.25,xLS015,diam_0.106_0.25mm_p,,27.11,xLSGS2,not previously published ,
ds_05,x9804,9804.1,7/29/1998,NA,SC,5.57,5.64,0.106,0.25,xLS015,diam_0.106_0.25mm_p,,26.04,xLSGS2,not previously published ,
ds_05,x9804,9804.11,7/29/1998,NA,SC,5.65,5.72,0.106,0.25,xLS015,diam_0.106_0.25mm_p,,24.17,xLSGS2,not previously published ,
ds_05,x9804,9804.12,7/29/1998,NA,SC,5.72,5.8,0.106,0.25,xLS015,diam_0.106_0.25mm_p,,25.27,xLSGS2,not previously published ,
ds_05,x9804,9804.13,7/29/1998,NA,SC,5.8,5.87,0.106,0.25,xLS015,diam_0.106_0.25mm_p,,28.32,xLSGS2,not previously published ,
ds_05,x9804,9804.14,7/29/1998,NA,SC,5.88,5.95,0.106,0.25,xLS015,diam_0.106_0.25mm_p,,21.32,xLSGS2,not previously published ,
ds_05,x9804,9804.15,7/29/1998,NA,SC,5.95,6.03,0.106,0.25,xLS015,diam_0.106_0.25mm_p,,26.14,xLSGS2,not previously published ,
ds_05,x9804,9804.16,7/29/1998,NA,SC,6.03,6.11,0.106,0.25,xLS015,diam_0.106_0.25mm_p,,15.45,xLSGS2,not previously published ,
ds_05,x9804,9804.17,7/29/1998,NA,SC,6.11,6.18,0.106,0.25,xLS015,diam_0.106_0.25mm_p,,54.99,xLSGS2,not previously published ,
ds_05,x9804,9804.18,7/29/1998,NA,SC,6.19,6.26,0.106,0.25,xLS015,diam_0.106_0.25mm_p,,67.56,xLSGS2,not previously published ,
ds_05,x9804,9804.19,7/29/1998,NA,SC,6.26,6.34,0.106,0.25,xLS015,diam_0.106_0.25mm_p,,52.97,xLSGS2,not previously published ,
ds_05,x9805,9805.01,7/29/1998,NA,SC,5.49,5.56,0.106,0.25,xLS015,diam_0.106_0.25mm_p,,38.77,xLSGS2,not previously published ,
ds_05,x9805,9805.02,7/29/1998,NA,SC,5.56,5.64,0.106,0.25,xLS015,diam_0.106_0.25mm_p,,44.63,xLSGS2,not previously published ,
ds_05,x9805,9805.03,7/29/1998,NA,SC,5.64,5.71,0.106,0.25,xLS015,diam_0.106_0.25mm_p,,32.33,xLSGS2,not previously published ,
ds_05,x9805,9805.04,7/29/1998,NA,SC,5.72,5.79,0.106,0.25,xLS015,diam_0.106_0.25mm_p,,28.03,xLSGS2,not previously published ,
ds_05,x9805,9805.05,7/29/1998,NA,SC,5.8,5.87,0.106,0.25,xLS015,diam_0.106_0.25mm_p,,23.72,xLSGS2,not previously published ,
ds_05,x9805,9805.06,7/29/1998,NA,SC,5.87,5.95,0.106,0.25,xLS015,diam_0.106_0.25mm_p,,22.59,xLSGS2,not previously published ,
ds_05,x9805,9805.07,7/29/1998,NA,SC,5.95,6.03,0.106,0.25,xLS015,diam_0.106_0.25mm_p,,68.29,xLSGS2,not previously published ,
ds_05,x9805,9805.08,7/29/1998,NA,SC,6.03,6.1,0.106,0.25,xLS015,diam_0.106_0.25mm_p,,19.26,xLSGS2,not previously published ,
ds_05,x9805,9805.09,7/29/1998,NA,SC,6.11,6.18,0.106,0.25,xLS015,diam_0.106_0.25mm_p,,15.78,xLSGS2,not previously published ,
ds_05,x9805,9805.1,7/29/1998,NA,SC,6.19,6.26,0.106,0.25,xLS015,diam_0.106_0.25mm_p,,19.19,xLSGS2,not previously published ,
ds_05,x9805,9805.11,7/29/1998,NA,SC,6.26,6.34,0.106,0.25,xLS015,diam_0.106_0.25mm_p,,18.12,xLSGS2,not previously published ,
ds_05,x9805,9805.12,7/29/1998,NA,SC,6.34,6.41,0.106,0.25,xLS015,diam_0.106_0.25mm_p,,11.84,xLSGS2,not previously published ,
ds_05,x9805,9805.13,7/29/1998,NA,SC,6.42,6.49,0.106,0.25,xLS015,diam_0.106_0.25mm_p,,12.22,xLSGS2,not previously published ,
ds_05,x9805,9805.14,7/29/1998,NA,SC,6.5,6.57,0.106,0.25,xLS015,diam_0.106_0.25mm_p,,13.69,xLSGS2,not previously published ,
ds_05,x9805,9805.15,7/29/1998,NA,SC,6.57,6.65,0.106,0.25,xLS015,diam_0.106_0.25mm_p,,13.71,xLSGS2,not previously published ,
ds_05,x9805,9805.16,7/29/1998,NA,SC,6.65,6.72,0.106,0.25,xLS015,diam_0.106_0.25mm_p,,13.21,xLSGS2,not previously published ,
ds_05,x9805,9805.17,7/29/1998,NA,SC,6.73,6.8,0.106,0.25,xLS015,diam_0.106_0.25mm_p,,47.04,xLSGS2,not previously published ,
ds_05,x9805,9805.18,7/29/1998,NA,SC,6.81,6.88,0.106,0.25,xLS015,diam_0.106_0.25mm_p,,24.72,xLSGS2,not previously published ,
ds_05,x9805,9805.19,7/29/1998,NA,SC,6.88,6.96,0.106,0.25,xLS015,diam_0.106_0.25mm_p,,20.01,xLSGS2,not previously published ,
ds_05,x9805,9805.2,7/29/1998,NA,SC,6.96,7.03,0.106,0.25,xLS015,diam_0.106_0.25mm_p,,21.34,xLSGS2,not previously published ,
ds_05,x9805,9805.21,7/29/1998,NA,SC,7.04,7.11,0.106,0.25,xLS015,diam_0.106_0.25mm_p,,15.12,xLSGS2,not previously published ,
ds_05,x9805,9805.22,7/29/1998,NA,SC,7.11,7.19,0.106,0.25,xLS015,diam_0.106_0.25mm_p,,8.05,xLSGS2,not previously published ,
ds_05,x9805,9805.23,7/29/1998,NA,SC,7.19,7.26,0.106,0.25,xLS015,diam_0.106_0.25mm_p,,36.62,xLSGS2,not previously published ,
ds_05,x9805,9805.24,7/29/1998,NA,SC,7.27,7.34,0.106,0.25,xLS015,diam_0.106_0.25mm_p,,77.51,xLSGS2,not previously published ,
ds_05,x9806,9806.01,7/29/1998,NA,SC,7.01,7.08,0.106,0.25,xLS015,diam_0.106_0.25mm_p,,39.3,xLSGS2,not previously published ,
ds_05,x9806,9806.02,7/29/1998,NA,SC,7.09,7.16,0.106,0.25,xLS015,diam_0.106_0.25mm_p,,80.29,xLSGS2,not previously published ,
ds_05,x9806,9806.03,7/29/1998,NA,SC,7.17,7.24,0.106,0.25,xLS015,diam_0.106_0.25mm_p,,73.16,xLSGS2,not previously published ,
ds_05,x9806,9806.04,7/29/1998,NA,SC,7.24,7.31,0.106,0.25,xLS015,diam_0.106_0.25mm_p,,66.48,xLSGS2,not previously published ,
ds_05,x9806,9806.05,7/29/1998,NA,SC,7.32,7.39,0.106,0.25,xLS015,diam_0.106_0.25mm_p,,85.8,xLSGS2,not previously published ,
ds_05,x9806,9806.06,7/29/1998,NA,SC,7.39,7.46,0.106,0.25,xLS015,diam_0.106_0.25mm_p,,77.2,xLSGS2,not previously published ,
ds_05,x9806,9806.07,7/29/1998,NA,SC,7.47,7.54,0.106,0.25,xLS015,diam_0.106_0.25mm_p,,80.96,xLSGS2,not previously published ,
ds_05,x9806,9806.08,7/29/1998,NA,SC,7.54,7.62,0.106,0.25,xLS015,diam_0.106_0.25mm_p,,79.28,xLSGS2,not previously published ,
ds_05,x9806,9806.09,7/29/1998,NA,SC,7.62,7.69,0.106,0.25,xLS015,diam_0.106_0.25mm_p,,54.65,xLSGS2,not previously published ,
ds_05,x9806,9806.1,7/29/1998,NA,SC,7.7,7.77,0.106,0.25,xLS015,diam_0.106_0.25mm_p,,70.56,xLSGS2,not previously published ,
ds_05,x9806,9806.11,7/29/1998,NA,SC,7.77,7.85,0.106,0.25,xLS015,diam_0.106_0.25mm_p,,67.89,xLSGS2,not previously published ,
ds_05,x9806,9806.12,7/29/1998,NA,SC,7.85,7.92,0.106,0.25,xLS015,diam_0.106_0.25mm_p,,63.19,xLSGS2,not previously published ,
ds_05,x9806,9806.13,7/29/1998,NA,SC,7.93,8,0.106,0.25,xLS015,diam_0.106_0.25mm_p,,43.69,xLSGS2,not previously published ,
ds_05,x9806,9806.14,7/29/1998,NA,SC,8,8.08,0.106,0.25,xLS015,diam_0.106_0.25mm_p,,55.77,xLSGS2,not previously published ,
ds_05,x9806,9806.15,7/29/1998,NA,SC,8.08,8.16,0.106,0.25,xLS015,diam_0.106_0.25mm_p,,72.25,xLSGS2,not previously published ,
ds_05,x9806,9806.16,7/29/1998,NA,SC,8.16,8.23,0.106,0.25,xLS015,diam_0.106_0.25mm_p,,61.58,xLSGS2,not previously published ,
ds_05,x9806,9806.17,7/29/1998,NA,SC,8.24,8.31,0.106,0.25,xLS015,diam_0.106_0.25mm_p,,39.17,xLSGS2,not previously published ,
ds_05,x9806,9806.18,7/29/1998,NA,SC,8.32,8.39,0.106,0.25,xLS015,diam_0.106_0.25mm_p,,58.42,xLSGS2,not previously published ,
ds_05,x9806,9806.19,7/29/1998,NA,SC,8.39,8.47,0.106,0.25,xLS015,diam_0.106_0.25mm_p,,43.49,xLSGS2,not previously published ,
ds_05,x9806,9806.2,7/29/1998,NA,SC,8.47,8.55,0.106,0.25,xLS015,diam_0.106_0.25mm_p,,27.93,xLSGS2,not previously published ,
ds_05,x9806,9806.21,7/29/1998,NA,SC,8.55,8.62,0.106,0.25,xLS015,diam_0.106_0.25mm_p,,34.44,xLSGS2,not previously published ,
ds_05,x9806,9806.22,7/29/1998,NA,SC,8.63,8.68,0.106,0.25,xLS015,diam_0.106_0.25mm_p,,17.31,xLSGS2,not previously published ,
ds_05,x9807,9807.01,7/29/1998,NA,SC,7.62,7.69,0.106,0.25,xLS015,diam_0.106_0.25mm_p,,29.22,xLSGS2,not previously published ,
ds_05,x9807,9807.02,7/29/1998,NA,SC,7.7,7.77,0.106,0.25,xLS015,diam_0.106_0.25mm_p,,29.98,xLSGS2,not previously published ,
ds_05,x9807,9807.03,7/29/1998,NA,SC,7.77,7.85,0.106,0.25,xLS015,diam_0.106_0.25mm_p,,16.32,xLSGS2,not previously published ,
ds_05,x9807,9807.04,7/29/1998,NA,SC,7.85,7.92,0.106,0.25,xLS015,diam_0.106_0.25mm_p,,27.79,xLSGS2,not previously published ,
ds_05,x9807,9807.05,7/29/1998,NA,SC,7.93,8,0.106,0.25,xLS015,diam_0.106_0.25mm_p,,78.8,xLSGS2,not previously published ,
ds_05,x9807,9807.06,7/29/1998,NA,SC,8,8.07,0.106,0.25,xLS015,diam_0.106_0.25mm_p,,74.76,xLSGS2,not previously published ,
ds_05,x9807,9807.07,7/29/1998,NA,SC,8.08,8.15,0.106,0.25,xLS015,diam_0.106_0.25mm_p,,77.77,xLSGS2,not previously published ,
ds_05,x9807,9807.08,7/29/1998,NA,SC,8.15,8.23,0.106,0.25,xLS015,diam_0.106_0.25mm_p,,80.12,xLSGS2,not previously published ,
ds_05,x9807,9807.09,7/29/1998,NA,SC,8.23,8.3,0.106,0.25,xLS015,diam_0.106_0.25mm_p,,72.11,xLSGS2,not previously published ,
ds_05,x9807,9807.1,7/29/1998,NA,SC,8.31,8.38,0.106,0.25,xLS015,diam_0.106_0.25mm_p,,73.57,xLSGS2,not previously published ,
ds_05,x9807,9807.11,7/29/1998,NA,SC,8.39,8.46,0.106,0.25,xLS015,diam_0.106_0.25mm_p,,69.07,xLSGS2,not previously published ,
ds_05,x9807,9807.12,7/29/1998,NA,SC,8.46,8.54,0.106,0.25,xLS015,diam_0.106_0.25mm_p,,70.39,xLSGS2,not previously published ,
ds_05,x9807,9807.13,7/29/1998,NA,SC,8.54,8.61,0.106,0.25,xLS015,diam_0.106_0.25mm_p,,60.69,xLSGS2,not previously published ,
ds_05,x9807,9807.14,7/29/1998,NA,SC,8.62,8.69,0.106,0.25,xLS015,diam_0.106_0.25mm_p,,50.63,xLSGS2,not previously published ,
ds_05,x9807,9807.15,7/29/1998,NA,SC,8.7,8.77,0.106,0.25,xLS015,diam_0.106_0.25mm_p,,73.75,xLSGS2,not previously published ,
ds_05,x9807,9807.16,7/29/1998,NA,SC,8.77,8.85,0.106,0.25,xLS015,diam_0.106_0.25mm_p,,48.58,xLSGS2,not previously published ,
ds_05,x9807,9807.17,7/29/1998,NA,SC,8.85,8.92,0.106,0.25,xLS015,diam_0.106_0.25mm_p,,52.86,xLSGS2,not previously published ,
ds_05,x9807,9807.18,7/29/1998,NA,SC,8.93,9,0.106,0.25,xLS015,diam_0.106_0.25mm_p,,51.9,xLSGS2,not previously published ,
ds_05,x9807,9807.19,7/29/1998,NA,SC,9.01,9.08,0.106,0.25,xLS015,diam_0.106_0.25mm_p,,36.08,xLSGS2,not previously published ,
ds_05,x9807,9807.2,7/29/1998,NA,SC,9.08,9.16,0.106,0.25,xLS015,diam_0.106_0.25mm_p,,34.95,xLSGS2,not previously published ,
ds_05,x9808,9808.01,7/29/1998,NA,SC,7.01,7.08,0.106,0.25,xLS015,diam_0.106_0.25mm_p,,39.39,xLSGS2,not previously published ,
ds_05,x9808,9808.02,7/29/1998,NA,SC,7.09,7.16,0.106,0.25,xLS015,diam_0.106_0.25mm_p,,44.63,xLSGS2,not previously published ,
ds_05,x9808,9808.03,7/29/1998,NA,SC,7.16,7.24,0.106,0.25,xLS015,diam_0.106_0.25mm_p,,78.49,xLSGS2,not previously published ,
ds_05,x9808,9808.04,7/29/1998,NA,SC,7.24,7.31,0.106,0.25,xLS015,diam_0.106_0.25mm_p,,66.86,xLSGS2,not previously published ,
ds_05,x9808,9808.05,7/29/1998,NA,SC,7.32,7.39,0.106,0.25,xLS015,diam_0.106_0.25mm_p,,23.99,xLSGS2,not previously published ,
ds_05,x9808,9808.06,7/29/1998,NA,SC,7.4,7.47,0.106,0.25,xLS015,diam_0.106_0.25mm_p,,27.31,xLSGS2,not previously published ,
ds_05,x9808,9808.07,7/29/1998,NA,SC,7.47,7.55,0.106,0.25,xLS015,diam_0.106_0.25mm_p,,26.11,xLSGS2,not previously published ,
ds_05,x9808,9808.08,7/29/1998,NA,SC,7.55,7.62,0.106,0.25,xLS015,diam_0.106_0.25mm_p,,18.51,xLSGS2,not previously published ,
ds_05,x9808,9808.09,7/29/1998,NA,SC,7.63,7.7,0.106,0.25,xLS015,diam_0.106_0.25mm_p,,15.97,xLSGS2,not previously published ,
ds_05,x9808,9808.1,7/29/1998,NA,SC,7.71,7.78,0.106,0.25,xLS015,diam_0.106_0.25mm_p,,42.98,xLSGS2,not previously published ,
ds_05,x9808,9808.11,7/29/1998,NA,SC,7.78,7.86,0.106,0.25,xLS015,diam_0.106_0.25mm_p,,21.82,xLSGS2,not previously published ,
ds_05,x9808,9808.12,7/29/1998,NA,SC,7.86,7.93,0.106,0.25,xLS015,diam_0.106_0.25mm_p,,11.2,xLSGS2,not previously published ,
ds_05,x9808,9808.13,7/29/1998,NA,SC,7.94,8.01,0.106,0.25,xLS015,diam_0.106_0.25mm_p,,45.74,xLSGS2,not previously published ,
ds_05,x9808,9808.14,7/29/1998,NA,SC,8.02,8.09,0.106,0.25,xLS015,diam_0.106_0.25mm_p,,78.32,xLSGS2,not previously published ,
ds_05,x9808,9808.15,7/29/1998,NA,SC,8.09,8.17,0.106,0.25,xLS015,diam_0.106_0.25mm_p,,88.09,xLSGS2,not previously published ,
ds_05,x9808,9808.16,7/29/1998,NA,SC,8.17,8.25,0.106,0.25,xLS015,diam_0.106_0.25mm_p,,86.38,xLSGS2,not previously published ,
ds_05,x9808,9808.17,7/29/1998,NA,SC,8.25,8.32,0.106,0.25,xLS015,diam_0.106_0.25mm_p,,87.32,xLSGS2,not previously published ,
ds_05,x9808,9808.18,7/29/1998,NA,SC,8.33,8.4,0.106,0.25,xLS015,diam_0.106_0.25mm_p,,24.72,xLSGS2,not previously published ,
ds_05,x9808,9808.19,7/29/1998,NA,SC,8.4,8.48,0.106,0.25,xLS015,diam_0.106_0.25mm_p,,76.05,xLSGS2,not previously published ,
ds_05,x9808,9808.2,7/29/1998,NA,SC,8.48,8.55,0.106,0.25,xLS015,diam_0.106_0.25mm_p,,79.09,xLSGS2,not previously published ,
ds_05,x9808,9808.21,7/29/1998,NA,SC,8.56,8.63,0.106,0.25,xLS015,diam_0.106_0.25mm_p,,84.43,xLSGS2,not previously published ,
ds_05,x9808,9808.22,7/29/1998,NA,SC,8.64,8.71,0.106,0.25,xLS015,diam_0.106_0.25mm_p,,71.47,xLSGS2,not previously published ,
ds_05,x9808,9808.23,7/29/1998,NA,SC,8.71,8.79,0.106,0.25,xLS015,diam_0.106_0.25mm_p,,53.69,xLSGS2,not previously published ,
ds_05,x9808,9808.24,7/29/1998,NA,SC,8.79,8.87,0.106,0.25,xLS015,diam_0.106_0.25mm_p,,76.21,xLSGS2,not previously published ,
ds_05,x9802,9802.01,7/29/1998,NA,SC,5.18,5.26,0.053,0.106,xLS016,diam_0.053_0.106mm_p,,13.01,xLSGS2,not previously published ,
ds_05,x9802,9802.02,7/29/1998,NA,SC,5.26,5.33,0.053,0.106,xLS016,diam_0.053_0.106mm_p,,8.87,xLSGS2,not previously published ,
ds_05,x9802,9802.03,7/29/1998,NA,SC,5.34,5.41,0.053,0.106,xLS016,diam_0.053_0.106mm_p,,5.54,xLSGS2,not previously published ,
ds_05,x9802,9802.04,7/29/1998,NA,SC,5.42,5.49,0.053,0.106,xLS016,diam_0.053_0.106mm_p,,6.7,xLSGS2,not previously published ,
ds_05,x9802,9802.05,7/29/1998,NA,SC,5.49,5.57,0.053,0.106,xLS016,diam_0.053_0.106mm_p,,7.57,xLSGS2,not previously published ,
ds_05,x9802,9802.06,7/29/1998,NA,SC,5.57,5.64,0.053,0.106,xLS016,diam_0.053_0.106mm_p,,10.78,xLSGS2,not previously published ,
ds_05,x9802,9802.07,7/29/1998,NA,SC,5.65,5.72,0.053,0.106,xLS016,diam_0.053_0.106mm_p,,2.69,xLSGS2,not previously published ,
ds_05,x9802,9802.08,7/29/1998,NA,SC,5.72,5.8,0.053,0.106,xLS016,diam_0.053_0.106mm_p,,1.85,xLSGS2,not previously published ,
ds_05,x9802,9802.09,7/29/1998,NA,SC,5.8,5.87,0.053,0.106,xLS016,diam_0.053_0.106mm_p,,1.1,xLSGS2,not previously published ,
ds_05,x9802,9802.1,7/29/1998,NA,SC,5.88,5.95,0.053,0.106,xLS016,diam_0.053_0.106mm_p,,1.53,xLSGS2,not previously published ,
ds_05,x9802,9802.11,7/29/1998,NA,SC,5.95,6.03,0.053,0.106,xLS016,diam_0.053_0.106mm_p,,1.72,xLSGS2,not previously published ,
ds_05,x9802,9802.12,7/29/1998,NA,SC,6.03,6.1,0.053,0.106,xLS016,diam_0.053_0.106mm_p,,1.85,xLSGS2,not previously published ,
ds_05,x9802,9802.13,7/29/1998,NA,SC,6.11,6.18,0.053,0.106,xLS016,diam_0.053_0.106mm_p,,2.71,xLSGS2,not previously published ,
ds_05,x9802,9802.14,7/29/1998,NA,SC,6.18,6.26,0.053,0.106,xLS016,diam_0.053_0.106mm_p,,4.3,xLSGS2,not previously published ,
ds_05,x9802,9802.15,7/29/1998,NA,SC,6.26,6.34,0.053,0.106,xLS016,diam_0.053_0.106mm_p,,22.2,xLSGS2,not previously published ,
ds_05,x9802,9802.16,7/29/1998,NA,SC,6.34,6.41,0.053,0.106,xLS016,diam_0.053_0.106mm_p,,41.77,xLSGS2,not previously published ,
ds_05,x9802,9802.17,7/29/1998,NA,SC,6.42,6.49,0.053,0.106,xLS016,diam_0.053_0.106mm_p,,47.25,xLSGS2,not previously published ,
ds_05,x9802,9802.18,7/29/1998,NA,SC,6.49,6.57,0.053,0.106,xLS016,diam_0.053_0.106mm_p,,42.92,xLSGS2,not previously published ,
ds_05,x9802,9802.19,7/29/1998,NA,SC,6.57,6.64,0.053,0.106,xLS016,diam_0.053_0.106mm_p,,23.8,xLSGS2,not previously published ,
ds_05,x9802,9802.2,7/29/1998,NA,SC,6.65,6.72,0.053,0.106,xLS016,diam_0.053_0.106mm_p,,36.35,xLSGS2,not previously published ,
ds_05,x9802,9802.21,7/29/1998,NA,SC,6.72,6.8,0.053,0.106,xLS016,diam_0.053_0.106mm_p,,23.36,xLSGS2,not previously published ,
ds_05,x9803,9803.01,7/29/1998,NA,SC,4.57,4.64,0.053,0.106,xLS016,diam_0.053_0.106mm_p,,5.32,xLSGS2,not previously published ,
ds_05,x9803,9803.02,7/29/1998,NA,SC,4.65,4.72,0.053,0.106,xLS016,diam_0.053_0.106mm_p,,6.26,xLSGS2,not previously published ,
ds_05,x9803,9803.03,7/29/1998,NA,SC,4.73,4.8,0.053,0.106,xLS016,diam_0.053_0.106mm_p,,2.33,xLSGS2,not previously published ,
ds_05,x9803,9803.04,7/29/1998,NA,SC,4.8,4.87,0.053,0.106,xLS016,diam_0.053_0.106mm_p,,2.55,xLSGS2,not previously published ,
ds_05,x9803,9803.05,7/29/1998,NA,SC,4.88,4.95,0.053,0.106,xLS016,diam_0.053_0.106mm_p,,1.03,xLSGS2,not previously published ,
ds_05,x9803,9803.06,7/29/1998,NA,SC,4.95,5.03,0.053,0.106,xLS016,diam_0.053_0.106mm_p,,4.35,xLSGS2,not previously published ,
ds_05,x9803,9803.07,7/29/1998,NA,SC,5.03,5.1,0.053,0.106,xLS016,diam_0.053_0.106mm_p,,2.2,xLSGS2,not previously published ,
ds_05,x9803,9803.08,7/29/1998,NA,SC,5.11,5.18,0.053,0.106,xLS016,diam_0.053_0.106mm_p,,4.05,xLSGS2,not previously published ,
ds_05,x9803,9803.09,7/29/1998,NA,SC,5.18,5.25,0.053,0.106,xLS016,diam_0.053_0.106mm_p,,2.97,xLSGS2,not previously published ,
ds_05,x9803,9803.1,7/29/1998,NA,SC,5.26,5.33,0.053,0.106,xLS016,diam_0.053_0.106mm_p,,3.88,xLSGS2,not previously published ,
ds_05,x9803,9803.11,7/29/1998,NA,SC,5.33,5.41,0.053,0.106,xLS016,diam_0.053_0.106mm_p,,2.36,xLSGS2,not previously published ,
ds_05,x9803,9803.12,7/29/1998,NA,SC,5.41,5.48,0.053,0.106,xLS016,diam_0.053_0.106mm_p,,5.61,xLSGS2,not previously published ,
ds_05,x9803,9803.13,7/29/1998,NA,SC,5.49,5.56,0.053,0.106,xLS016,diam_0.053_0.106mm_p,,8.17,xLSGS2,not previously published ,
ds_05,x9803,9803.14,7/29/1998,NA,SC,5.57,5.64,0.053,0.106,xLS016,diam_0.053_0.106mm_p,,1.73,xLSGS2,not previously published ,
ds_05,x9803,9803.15,7/29/1998,NA,SC,5.64,5.71,0.053,0.106,xLS016,diam_0.053_0.106mm_p,,1.84,xLSGS2,not previously published ,
ds_05,x9803,9803.16,7/29/1998,NA,SC,5.72,5.79,0.053,0.106,xLS016,diam_0.053_0.106mm_p,,33.94,xLSGS2,not previously published ,
ds_05,x9803,9803.17,7/29/1998,NA,SC,5.8,5.87,0.053,0.106,xLS016,diam_0.053_0.106mm_p,,33.51,xLSGS2,not previously published ,
ds_05,x9803,9803.18,7/29/1998,NA,SC,5.87,5.95,0.053,0.106,xLS016,diam_0.053_0.106mm_p,,17.8,xLSGS2,not previously published ,
ds_05,x9803,9803.19,7/29/1998,NA,SC,5.95,6.02,0.053,0.106,xLS016,diam_0.053_0.106mm_p,,21.97,xLSGS2,not previously published ,
ds_05,x9803,9803.2,7/29/1998,NA,SC,6.03,6.1,0.053,0.106,xLS016,diam_0.053_0.106mm_p,,52.25,xLSGS2,not previously published ,
ds_05,x9803,9803.21,7/29/1998,NA,SC,6.1,6.18,0.053,0.106,xLS016,diam_0.053_0.106mm_p,,57.72,xLSGS2,not previously published ,
ds_05,x9804,9804.01,7/29/1998,NA,SC,4.88,4.95,0.053,0.106,xLS016,diam_0.053_0.106mm_p,,5.21,xLSGS2,not previously published ,
ds_05,x9804,9804.02,7/29/1998,NA,SC,4.95,5.02,0.053,0.106,xLS016,diam_0.053_0.106mm_p,,2.93,xLSGS2,not previously published ,
ds_05,x9804,9804.03,7/29/1998,NA,SC,5.03,5.1,0.053,0.106,xLS016,diam_0.053_0.106mm_p,,5.85,xLSGS2,not previously published ,
ds_05,x9804,9804.04,7/29/1998,NA,SC,5.11,5.18,0.053,0.106,xLS016,diam_0.053_0.106mm_p,,4.69,xLSGS2,not previously published ,
ds_05,x9804,9804.05,7/29/1998,NA,SC,5.18,5.25,0.053,0.106,xLS016,diam_0.053_0.106mm_p,,3.73,xLSGS2,not previously published ,
ds_05,x9804,9804.06,7/29/1998,NA,SC,5.26,5.33,0.053,0.106,xLS016,diam_0.053_0.106mm_p,,2.1,xLSGS2,not previously published ,
ds_05,x9804,9804.07,7/29/1998,NA,SC,5.34,5.41,0.053,0.106,xLS016,diam_0.053_0.106mm_p,,2.12,xLSGS2,not previously published ,
ds_05,x9804,9804.08,7/29/1998,NA,SC,5.41,5.49,0.053,0.106,xLS016,diam_0.053_0.106mm_p,,7.6,xLSGS2,not previously published ,
ds_05,x9804,9804.09,7/29/1998,NA,SC,5.49,5.57,0.053,0.106,xLS016,diam_0.053_0.106mm_p,,2.37,xLSGS2,not previously published ,
ds_05,x9804,9804.1,7/29/1998,NA,SC,5.57,5.64,0.053,0.106,xLS016,diam_0.053_0.106mm_p,,1.67,xLSGS2,not previously published ,
ds_05,x9804,9804.11,7/29/1998,NA,SC,5.65,5.72,0.053,0.106,xLS016,diam_0.053_0.106mm_p,,1.81,xLSGS2,not previously published ,
ds_05,x9804,9804.12,7/29/1998,NA,SC,5.72,5.8,0.053,0.106,xLS016,diam_0.053_0.106mm_p,,1.86,xLSGS2,not previously published ,
ds_05,x9804,9804.13,7/29/1998,NA,SC,5.8,5.87,0.053,0.106,xLS016,diam_0.053_0.106mm_p,,1.98,xLSGS2,not previously published ,
ds_05,x9804,9804.14,7/29/1998,NA,SC,5.88,5.95,0.053,0.106,xLS016,diam_0.053_0.106mm_p,,26.5,xLSGS2,not previously published ,
ds_05,x9804,9804.15,7/29/1998,NA,SC,5.95,6.03,0.053,0.106,xLS016,diam_0.053_0.106mm_p,,44.21,xLSGS2,not previously published ,
ds_05,x9804,9804.16,7/29/1998,NA,SC,6.03,6.11,0.053,0.106,xLS016,diam_0.053_0.106mm_p,,55.53,xLSGS2,not previously published ,
ds_05,x9804,9804.17,7/29/1998,NA,SC,6.11,6.18,0.053,0.106,xLS016,diam_0.053_0.106mm_p,,26.05,xLSGS2,not previously published ,
ds_05,x9804,9804.18,7/29/1998,NA,SC,6.19,6.26,0.053,0.106,xLS016,diam_0.053_0.106mm_p,,20.19,xLSGS2,not previously published ,
ds_05,x9804,9804.19,7/29/1998,NA,SC,6.26,6.34,0.053,0.106,xLS016,diam_0.053_0.106mm_p,,29.36,xLSGS2,not previously published ,
ds_05,x9805,9805.01,7/29/1998,NA,SC,5.49,5.56,0.053,0.106,xLS016,diam_0.053_0.106mm_p,,4.14,xLSGS2,not previously published ,
ds_05,x9805,9805.02,7/29/1998,NA,SC,5.56,5.64,0.053,0.106,xLS016,diam_0.053_0.106mm_p,,3.84,xLSGS2,not previously published ,
ds_05,x9805,9805.03,7/29/1998,NA,SC,5.64,5.71,0.053,0.106,xLS016,diam_0.053_0.106mm_p,,1.85,xLSGS2,not previously published ,
ds_05,x9805,9805.04,7/29/1998,NA,SC,5.72,5.79,0.053,0.106,xLS016,diam_0.053_0.106mm_p,,0.62,xLSGS2,not previously published ,
ds_05,x9805,9805.05,7/29/1998,NA,SC,5.8,5.87,0.053,0.106,xLS016,diam_0.053_0.106mm_p,,1.66,xLSGS2,not previously published ,
ds_05,x9805,9805.06,7/29/1998,NA,SC,5.87,5.95,0.053,0.106,xLS016,diam_0.053_0.106mm_p,,1.93,xLSGS2,not previously published ,
ds_05,x9805,9805.07,7/29/1998,NA,SC,5.95,6.03,0.053,0.106,xLS016,diam_0.053_0.106mm_p,,8.68,xLSGS2,not previously published ,
ds_05,x9805,9805.08,7/29/1998,NA,SC,6.03,6.1,0.053,0.106,xLS016,diam_0.053_0.106mm_p,,3.14,xLSGS2,not previously published ,
ds_05,x9805,9805.09,7/29/1998,NA,SC,6.11,6.18,0.053,0.106,xLS016,diam_0.053_0.106mm_p,,1.69,xLSGS2,not previously published ,
ds_05,x9805,9805.1,7/29/1998,NA,SC,6.19,6.26,0.053,0.106,xLS016,diam_0.053_0.106mm_p,,4.23,xLSGS2,not previously published ,
ds_05,x9805,9805.11,7/29/1998,NA,SC,6.26,6.34,0.053,0.106,xLS016,diam_0.053_0.106mm_p,,3.72,xLSGS2,not previously published ,
ds_05,x9805,9805.12,7/29/1998,NA,SC,6.34,6.41,0.053,0.106,xLS016,diam_0.053_0.106mm_p,,2.61,xLSGS2,not previously published ,
ds_05,x9805,9805.13,7/29/1998,NA,SC,6.42,6.49,0.053,0.106,xLS016,diam_0.053_0.106mm_p,,2.86,xLSGS2,not previously published ,
ds_05,x9805,9805.14,7/29/1998,NA,SC,6.5,6.57,0.053,0.106,xLS016,diam_0.053_0.106mm_p,,2.91,xLSGS2,not previously published ,
ds_05,x9805,9805.15,7/29/1998,NA,SC,6.57,6.65,0.053,0.106,xLS016,diam_0.053_0.106mm_p,,2,xLSGS2,not previously published ,
ds_05,x9805,9805.16,7/29/1998,NA,SC,6.65,6.72,0.053,0.106,xLS016,diam_0.053_0.106mm_p,,1.44,xLSGS2,not previously published ,
ds_05,x9805,9805.17,7/29/1998,NA,SC,6.73,6.8,0.053,0.106,xLS016,diam_0.053_0.106mm_p,,6.51,xLSGS2,not previously published ,
ds_05,x9805,9805.18,7/29/1998,NA,SC,6.81,6.88,0.053,0.106,xLS016,diam_0.053_0.106mm_p,,3,xLSGS2,not previously published ,
ds_05,x9805,9805.19,7/29/1998,NA,SC,6.88,6.96,0.053,0.106,xLS016,diam_0.053_0.106mm_p,,1.76,xLSGS2,not previously published ,
ds_05,x9805,9805.2,7/29/1998,NA,SC,6.96,7.03,0.053,0.106,xLS016,diam_0.053_0.106mm_p,,1.73,xLSGS2,not previously published ,
ds_05,x9805,9805.21,7/29/1998,NA,SC,7.04,7.11,0.053,0.106,xLS016,diam_0.053_0.106mm_p,,52.99,xLSGS2,not previously published ,
ds_05,x9805,9805.22,7/29/1998,NA,SC,7.11,7.19,0.053,0.106,xLS016,diam_0.053_0.106mm_p,,54.93,xLSGS2,not previously published ,
ds_05,x9805,9805.23,7/29/1998,NA,SC,7.19,7.26,0.053,0.106,xLS016,diam_0.053_0.106mm_p,,41.51,xLSGS2,not previously published ,
ds_05,x9805,9805.24,7/29/1998,NA,SC,7.27,7.34,0.053,0.106,xLS016,diam_0.053_0.106mm_p,,15.7,xLSGS2,not previously published ,
ds_05,x9806,9806.01,7/29/1998,NA,SC,7.01,7.08,0.053,0.106,xLS016,diam_0.053_0.106mm_p,,23.38,xLSGS2,not previously published ,
ds_05,x9806,9806.02,7/29/1998,NA,SC,7.09,7.16,0.053,0.106,xLS016,diam_0.053_0.106mm_p,,15.47,xLSGS2,not previously published ,
ds_05,x9806,9806.03,7/29/1998,NA,SC,7.17,7.24,0.053,0.106,xLS016,diam_0.053_0.106mm_p,,18.53,xLSGS2,not previously published ,
ds_05,x9806,9806.04,7/29/1998,NA,SC,7.24,7.31,0.053,0.106,xLS016,diam_0.053_0.106mm_p,,14.22,xLSGS2,not previously published ,
ds_05,x9806,9806.05,7/29/1998,NA,SC,7.32,7.39,0.053,0.106,xLS016,diam_0.053_0.106mm_p,,5.1,xLSGS2,not previously published ,
ds_05,x9806,9806.06,7/29/1998,NA,SC,7.39,7.46,0.053,0.106,xLS016,diam_0.053_0.106mm_p,,16.71,xLSGS2,not previously published ,
ds_05,x9806,9806.07,7/29/1998,NA,SC,7.47,7.54,0.053,0.106,xLS016,diam_0.053_0.106mm_p,,12.22,xLSGS2,not previously published ,
ds_05,x9806,9806.08,7/29/1998,NA,SC,7.54,7.62,0.053,0.106,xLS016,diam_0.053_0.106mm_p,,7.08,xLSGS2,not previously published ,
ds_05,x9806,9806.09,7/29/1998,NA,SC,7.62,7.69,0.053,0.106,xLS016,diam_0.053_0.106mm_p,,27.46,xLSGS2,not previously published ,
ds_05,x9806,9806.1,7/29/1998,NA,SC,7.7,7.77,0.053,0.106,xLS016,diam_0.053_0.106mm_p,,14.14,xLSGS2,not previously published ,
ds_05,x9806,9806.11,7/29/1998,NA,SC,7.77,7.85,0.053,0.106,xLS016,diam_0.053_0.106mm_p,,3.66,xLSGS2,not previously published ,
ds_05,x9806,9806.12,7/29/1998,NA,SC,7.85,7.92,0.053,0.106,xLS016,diam_0.053_0.106mm_p,,1.98,xLSGS2,not previously published ,
ds_05,x9806,9806.13,7/29/1998,NA,SC,7.93,8,0.053,0.106,xLS016,diam_0.053_0.106mm_p,,2.48,xLSGS2,not previously published ,
ds_05,x9806,9806.14,7/29/1998,NA,SC,8,8.08,0.053,0.106,xLS016,diam_0.053_0.106mm_p,,1.37,xLSGS2,not previously published ,
ds_05,x9806,9806.15,7/29/1998,NA,SC,8.08,8.16,0.053,0.106,xLS016,diam_0.053_0.106mm_p,,3.42,xLSGS2,not previously published ,
ds_05,x9806,9806.16,7/29/1998,NA,SC,8.16,8.23,0.053,0.106,xLS016,diam_0.053_0.106mm_p,,1.96,xLSGS2,not previously published ,
ds_05,x9806,9806.17,7/29/1998,NA,SC,8.24,8.31,0.053,0.106,xLS016,diam_0.053_0.106mm_p,,3.62,xLSGS2,not previously published ,
ds_05,x9806,9806.18,7/29/1998,NA,SC,8.32,8.39,0.053,0.106,xLS016,diam_0.053_0.106mm_p,,2.24,xLSGS2,not previously published ,
ds_05,x9806,9806.19,7/29/1998,NA,SC,8.39,8.47,0.053,0.106,xLS016,diam_0.053_0.106mm_p,,2.52,xLSGS2,not previously published ,
ds_05,x9806,9806.2,7/29/1998,NA,SC,8.47,8.55,0.053,0.106,xLS016,diam_0.053_0.106mm_p,,2.54,xLSGS2,not previously published ,
ds_05,x9806,9806.21,7/29/1998,NA,SC,8.55,8.62,0.053,0.106,xLS016,diam_0.053_0.106mm_p,,37.25,xLSGS2,not previously published ,
ds_05,x9806,9806.22,7/29/1998,NA,SC,8.63,8.68,0.053,0.106,xLS016,diam_0.053_0.106mm_p,,16.12,xLSGS2,not previously published ,
ds_05,x9807,9807.01,7/29/1998,NA,SC,7.62,7.69,0.053,0.106,xLS016,diam_0.053_0.106mm_p,,5.87,xLSGS2,not previously published ,
ds_05,x9807,9807.02,7/29/1998,NA,SC,7.7,7.77,0.053,0.106,xLS016,diam_0.053_0.106mm_p,,6.06,xLSGS2,not previously published ,
ds_05,x9807,9807.03,7/29/1998,NA,SC,7.77,7.85,0.053,0.106,xLS016,diam_0.053_0.106mm_p,,1.49,xLSGS2,not previously published ,
ds_05,x9807,9807.04,7/29/1998,NA,SC,7.85,7.92,0.053,0.106,xLS016,diam_0.053_0.106mm_p,,6.66,xLSGS2,not previously published ,
ds_05,x9807,9807.05,7/29/1998,NA,SC,7.93,8,0.053,0.106,xLS016,diam_0.053_0.106mm_p,,6.63,xLSGS2,not previously published ,
ds_05,x9807,9807.06,7/29/1998,NA,SC,8,8.07,0.053,0.106,xLS016,diam_0.053_0.106mm_p,,5.31,xLSGS2,not previously published ,
ds_05,x9807,9807.07,7/29/1998,NA,SC,8.08,8.15,0.053,0.106,xLS016,diam_0.053_0.106mm_p,,10.45,xLSGS2,not previously published ,
ds_05,x9807,9807.08,7/29/1998,NA,SC,8.15,8.23,0.053,0.106,xLS016,diam_0.053_0.106mm_p,,8.16,xLSGS2,not previously published ,
ds_05,x9807,9807.09,7/29/1998,NA,SC,8.23,8.3,0.053,0.106,xLS016,diam_0.053_0.106mm_p,,4.31,xLSGS2,not previously published ,
ds_05,x9807,9807.1,7/29/1998,NA,SC,8.31,8.38,0.053,0.106,xLS016,diam_0.053_0.106mm_p,,7.68,xLSGS2,not previously published ,
ds_05,x9807,9807.11,7/29/1998,NA,SC,8.39,8.46,0.053,0.106,xLS016,diam_0.053_0.106mm_p,,9.24,xLSGS2,not previously published ,
ds_05,x9807,9807.12,7/29/1998,NA,SC,8.46,8.54,0.053,0.106,xLS016,diam_0.053_0.106mm_p,,7.76,xLSGS2,not previously published ,
ds_05,x9807,9807.13,7/29/1998,NA,SC,8.54,8.61,0.053,0.106,xLS016,diam_0.053_0.106mm_p,,7.78,xLSGS2,not previously published ,
ds_05,x9807,9807.14,7/29/1998,NA,SC,8.62,8.69,0.053,0.106,xLS016,diam_0.053_0.106mm_p,,3.1,xLSGS2,not previously published ,
ds_05,x9807,9807.15,7/29/1998,NA,SC,8.7,8.77,0.053,0.106,xLS016,diam_0.053_0.106mm_p,,3.02,xLSGS2,not previously published ,
ds_05,x9807,9807.16,7/29/1998,NA,SC,8.77,8.85,0.053,0.106,xLS016,diam_0.053_0.106mm_p,,4.48,xLSGS2,not previously published ,
ds_05,x9807,9807.17,7/29/1998,NA,SC,8.85,8.92,0.053,0.106,xLS016,diam_0.053_0.106mm_p,,6.91,xLSGS2,not previously published ,
ds_05,x9807,9807.18,7/29/1998,NA,SC,8.93,9,0.053,0.106,xLS016,diam_0.053_0.106mm_p,,26.3,xLSGS2,not previously published ,
ds_05,x9807,9807.19,7/29/1998,NA,SC,9.01,9.08,0.053,0.106,xLS016,diam_0.053_0.106mm_p,,45.65,xLSGS2,not previously published ,
ds_05,x9807,9807.2,7/29/1998,NA,SC,9.08,9.16,0.053,0.106,xLS016,diam_0.053_0.106mm_p,,48.63,xLSGS2,not previously published ,
ds_05,x9808,9808.01,7/29/1998,NA,SC,7.01,7.08,0.053,0.106,xLS016,diam_0.053_0.106mm_p,,6.9,xLSGS2,not previously published ,
ds_05,x9808,9808.02,7/29/1998,NA,SC,7.09,7.16,0.053,0.106,xLS016,diam_0.053_0.106mm_p,,3.84,xLSGS2,not previously published ,
ds_05,x9808,9808.03,7/29/1998,NA,SC,7.16,7.24,0.053,0.106,xLS016,diam_0.053_0.106mm_p,,17.14,xLSGS2,not previously published ,
ds_05,x9808,9808.04,7/29/1998,NA,SC,7.24,7.31,0.053,0.106,xLS016,diam_0.053_0.106mm_p,,13.61,xLSGS2,not previously published ,
ds_05,x9808,9808.05,7/29/1998,NA,SC,7.32,7.39,0.053,0.106,xLS016,diam_0.053_0.106mm_p,,2.03,xLSGS2,not previously published ,
ds_05,x9808,9808.06,7/29/1998,NA,SC,7.4,7.47,0.053,0.106,xLS016,diam_0.053_0.106mm_p,,1.55,xLSGS2,not previously published ,
ds_05,x9808,9808.07,7/29/1998,NA,SC,7.47,7.55,0.053,0.106,xLS016,diam_0.053_0.106mm_p,,1.63,xLSGS2,not previously published ,
ds_05,x9808,9808.08,7/29/1998,NA,SC,7.55,7.62,0.053,0.106,xLS016,diam_0.053_0.106mm_p,,1.35,xLSGS2,not previously published ,
ds_05,x9808,9808.09,7/29/1998,NA,SC,7.63,7.7,0.053,0.106,xLS016,diam_0.053_0.106mm_p,,1.27,xLSGS2,not previously published ,
ds_05,x9808,9808.1,7/29/1998,NA,SC,7.71,7.78,0.053,0.106,xLS016,diam_0.053_0.106mm_p,,31.45,xLSGS2,not previously published ,
ds_05,x9808,9808.11,7/29/1998,NA,SC,7.78,7.86,0.053,0.106,xLS016,diam_0.053_0.106mm_p,,56.88,xLSGS2,not previously published ,
ds_05,x9808,9808.12,7/29/1998,NA,SC,7.86,7.93,0.053,0.106,xLS016,diam_0.053_0.106mm_p,,62.9,xLSGS2,not previously published ,
ds_05,x9808,9808.13,7/29/1998,NA,SC,7.94,8.01,0.053,0.106,xLS016,diam_0.053_0.106mm_p,,38.8,xLSGS2,not previously published ,
ds_05,x9808,9808.14,7/29/1998,NA,SC,8.02,8.09,0.053,0.106,xLS016,diam_0.053_0.106mm_p,,16.31,xLSGS2,not previously published ,
ds_05,x9808,9808.15,7/29/1998,NA,SC,8.09,8.17,0.053,0.106,xLS016,diam_0.053_0.106mm_p,,3.28,xLSGS2,not previously published ,
ds_05,x9808,9808.16,7/29/1998,NA,SC,8.17,8.25,0.053,0.106,xLS016,diam_0.053_0.106mm_p,,3.72,xLSGS2,not previously published ,
ds_05,x9808,9808.17,7/29/1998,NA,SC,8.25,8.32,0.053,0.106,xLS016,diam_0.053_0.106mm_p,,5.5,xLSGS2,not previously published ,
ds_05,x9808,9808.18,7/29/1998,NA,SC,8.33,8.4,0.053,0.106,xLS016,diam_0.053_0.106mm_p,,3,xLSGS2,not previously published ,
ds_05,x9808,9808.19,7/29/1998,NA,SC,8.4,8.48,0.053,0.106,xLS016,diam_0.053_0.106mm_p,,12.49,xLSGS2,not previously published ,
ds_05,x9808,9808.2,7/29/1998,NA,SC,8.48,8.55,0.053,0.106,xLS016,diam_0.053_0.106mm_p,,7.64,xLSGS2,not previously published ,
ds_05,x9808,9808.21,7/29/1998,NA,SC,8.56,8.63,0.053,0.106,xLS016,diam_0.053_0.106mm_p,,3.13,xLSGS2,not previously published ,
ds_05,x9808,9808.22,7/29/1998,NA,SC,8.64,8.71,0.053,0.106,xLS016,diam_0.053_0.106mm_p,,5.91,xLSGS2,not previously published ,
ds_05,x9808,9808.23,7/29/1998,NA,SC,8.71,8.79,0.053,0.106,xLS016,diam_0.053_0.106mm_p,,3.02,xLSGS2,not previously published ,
ds_05,x9808,9808.24,7/29/1998,NA,SC,8.79,8.87,0.053,0.106,xLS016,diam_0.053_0.106mm_p,,3.52,xLSGS2,not previously published ,
ds_05,x9802,9802.01,7/29/1998,NA,SC,5.18,5.26,0,0.053,xLS017,pan_p,,6.25,xLSGS2,not previously published ,
ds_05,x9802,9802.02,7/29/1998,NA,SC,5.26,5.33,0,0.053,xLS017,pan_p,,3.94,xLSGS2,not previously published ,
ds_05,x9802,9802.03,7/29/1998,NA,SC,5.34,5.41,0,0.053,xLS017,pan_p,,1.32,xLSGS2,not previously published ,
ds_05,x9802,9802.04,7/29/1998,NA,SC,5.42,5.49,0,0.053,xLS017,pan_p,,1.79,xLSGS2,not previously published ,
ds_05,x9802,9802.05,7/29/1998,NA,SC,5.49,5.57,0,0.053,xLS017,pan_p,,1.23,xLSGS2,not previously published ,
ds_05,x9802,9802.06,7/29/1998,NA,SC,5.57,5.64,0,0.053,xLS017,pan_p,,2.04,xLSGS2,not previously published ,
ds_05,x9802,9802.07,7/29/1998,NA,SC,5.65,5.72,0,0.053,xLS017,pan_p,,1.26,xLSGS2,not previously published ,
ds_05,x9802,9802.08,7/29/1998,NA,SC,5.72,5.8,0,0.053,xLS017,pan_p,,0.59,xLSGS2,not previously published ,
ds_05,x9802,9802.09,7/29/1998,NA,SC,5.8,5.87,0,0.053,xLS017,pan_p,,0.47,xLSGS2,not previously published ,
ds_05,x9802,9802.1,7/29/1998,NA,SC,5.88,5.95,0,0.053,xLS017,pan_p,,1.38,xLSGS2,not previously published ,
ds_05,x9802,9802.11,7/29/1998,NA,SC,5.95,6.03,0,0.053,xLS017,pan_p,,0.37,xLSGS2,not previously published ,
ds_05,x9802,9802.12,7/29/1998,NA,SC,6.03,6.1,0,0.053,xLS017,pan_p,,0.24,xLSGS2,not previously published ,
ds_05,x9802,9802.13,7/29/1998,NA,SC,6.11,6.18,0,0.053,xLS017,pan_p,,0.45,xLSGS2,not previously published ,
ds_05,x9802,9802.14,7/29/1998,NA,SC,6.18,6.26,0,0.053,xLS017,pan_p,,0.84,xLSGS2,not previously published ,
ds_05,x9802,9802.15,7/29/1998,NA,SC,6.26,6.34,0,0.053,xLS017,pan_p,,4.23,xLSGS2,not previously published ,
ds_05,x9802,9802.16,7/29/1998,NA,SC,6.34,6.41,0,0.053,xLS017,pan_p,,9.32,xLSGS2,not previously published ,
ds_05,x9802,9802.17,7/29/1998,NA,SC,6.42,6.49,0,0.053,xLS017,pan_p,,14.95,xLSGS2,not previously published ,
ds_05,x9802,9802.18,7/29/1998,NA,SC,6.49,6.57,0,0.053,xLS017,pan_p,,54.63,xLSGS2,not previously published ,
ds_05,x9802,9802.19,7/29/1998,NA,SC,6.57,6.64,0,0.053,xLS017,pan_p,,73.1,xLSGS2,not previously published ,
ds_05,x9802,9802.2,7/29/1998,NA,SC,6.65,6.72,0,0.053,xLS017,pan_p,,41.23,xLSGS2,not previously published ,
ds_05,x9802,9802.21,7/29/1998,NA,SC,6.72,6.8,0,0.053,xLS017,pan_p,,73.87,xLSGS2,not previously published ,
ds_05,x9803,9803.01,7/29/1998,NA,SC,4.57,4.64,0,0.053,xLS017,pan_p,,4.83,xLSGS2,not previously published ,
ds_05,x9803,9803.02,7/29/1998,NA,SC,4.65,4.72,0,0.053,xLS017,pan_p,,9.46,xLSGS2,not previously published ,
ds_05,x9803,9803.03,7/29/1998,NA,SC,4.73,4.8,0,0.053,xLS017,pan_p,,3.41,xLSGS2,not previously published ,
ds_05,x9803,9803.04,7/29/1998,NA,SC,4.8,4.87,0,0.053,xLS017,pan_p,,0.88,xLSGS2,not previously published ,
ds_05,x9803,9803.05,7/29/1998,NA,SC,4.88,4.95,0,0.053,xLS017,pan_p,,0.45,xLSGS2,not previously published ,
ds_05,x9803,9803.06,7/29/1998,NA,SC,4.95,5.03,0,0.053,xLS017,pan_p,,2.01,xLSGS2,not previously published ,
ds_05,x9803,9803.07,7/29/1998,NA,SC,5.03,5.1,0,0.053,xLS017,pan_p,,0.68,xLSGS2,not previously published ,
ds_05,x9803,9803.08,7/29/1998,NA,SC,5.11,5.18,0,0.053,xLS017,pan_p,,1.08,xLSGS2,not previously published ,
ds_05,x9803,9803.09,7/29/1998,NA,SC,5.18,5.25,0,0.053,xLS017,pan_p,,1.62,xLSGS2,not previously published ,
ds_05,x9803,9803.1,7/29/1998,NA,SC,5.26,5.33,0,0.053,xLS017,pan_p,,0.69,xLSGS2,not previously published ,
ds_05,x9803,9803.11,7/29/1998,NA,SC,5.33,5.41,0,0.053,xLS017,pan_p,,0.89,xLSGS2,not previously published ,
ds_05,x9803,9803.12,7/29/1998,NA,SC,5.41,5.48,0,0.053,xLS017,pan_p,,1.35,xLSGS2,not previously published ,
ds_05,x9803,9803.13,7/29/1998,NA,SC,5.49,5.56,0,0.053,xLS017,pan_p,,0.99,xLSGS2,not previously published ,
ds_05,x9803,9803.14,7/29/1998,NA,SC,5.57,5.64,0,0.053,xLS017,pan_p,,0.63,xLSGS2,not previously published ,
ds_05,x9803,9803.15,7/29/1998,NA,SC,5.64,5.71,0,0.053,xLS017,pan_p,,1.43,xLSGS2,not previously published ,
ds_05,x9803,9803.16,7/29/1998,NA,SC,5.72,5.79,0,0.053,xLS017,pan_p,,30.95,xLSGS2,not previously published ,
ds_05,x9803,9803.17,7/29/1998,NA,SC,5.8,5.87,0,0.053,xLS017,pan_p,,4.83,xLSGS2,not previously published ,
ds_05,x9803,9803.18,7/29/1998,NA,SC,5.87,5.95,0,0.053,xLS017,pan_p,,3.77,xLSGS2,not previously published ,
ds_05,x9803,9803.19,7/29/1998,NA,SC,5.95,6.02,0,0.053,xLS017,pan_p,,4.54,xLSGS2,not previously published ,
ds_05,x9803,9803.2,7/29/1998,NA,SC,6.03,6.1,0,0.053,xLS017,pan_p,,17.71,xLSGS2,not previously published ,
ds_05,x9803,9803.21,7/29/1998,NA,SC,6.1,6.18,0,0.053,xLS017,pan_p,,32.41,xLSGS2,not previously published ,
ds_05,x9804,9804.01,7/29/1998,NA,SC,4.88,4.95,0,0.053,xLS017,pan_p,,2.87,xLSGS2,not previously published ,
ds_05,x9804,9804.02,7/29/1998,NA,SC,4.95,5.02,0,0.053,xLS017,pan_p,,0.84,xLSGS2,not previously published ,
ds_05,x9804,9804.03,7/29/1998,NA,SC,5.03,5.1,0,0.053,xLS017,pan_p,,1.34,xLSGS2,not previously published ,
ds_05,x9804,9804.04,7/29/1998,NA,SC,5.11,5.18,0,0.053,xLS017,pan_p,,1.12,xLSGS2,not previously published ,
ds_05,x9804,9804.05,7/29/1998,NA,SC,5.18,5.25,0,0.053,xLS017,pan_p,,1,xLSGS2,not previously published ,
ds_05,x9804,9804.06,7/29/1998,NA,SC,5.26,5.33,0,0.053,xLS017,pan_p,,0.72,xLSGS2,not previously published ,
ds_05,x9804,9804.07,7/29/1998,NA,SC,5.34,5.41,0,0.053,xLS017,pan_p,,0.66,xLSGS2,not previously published ,
ds_05,x9804,9804.08,7/29/1998,NA,SC,5.41,5.49,0,0.053,xLS017,pan_p,,1.01,xLSGS2,not previously published ,
ds_05,x9804,9804.09,7/29/1998,NA,SC,5.49,5.57,0,0.053,xLS017,pan_p,,0.55,xLSGS2,not previously published ,
ds_05,x9804,9804.1,7/29/1998,NA,SC,5.57,5.64,0,0.053,xLS017,pan_p,,0.58,xLSGS2,not previously published ,
ds_05,x9804,9804.11,7/29/1998,NA,SC,5.65,5.72,0,0.053,xLS017,pan_p,,0.72,xLSGS2,not previously published ,
ds_05,x9804,9804.12,7/29/1998,NA,SC,5.72,5.8,0,0.053,xLS017,pan_p,,0.78,xLSGS2,not previously published ,
ds_05,x9804,9804.13,7/29/1998,NA,SC,5.8,5.87,0,0.053,xLS017,pan_p,,0.76,xLSGS2,not previously published ,
ds_05,x9804,9804.14,7/29/1998,NA,SC,5.88,5.95,0,0.053,xLS017,pan_p,,45.74,xLSGS2,not previously published ,
ds_05,x9804,9804.15,7/29/1998,NA,SC,5.95,6.03,0,0.053,xLS017,pan_p,,27.9,xLSGS2,not previously published ,
ds_05,x9804,9804.16,7/29/1998,NA,SC,6.03,6.11,0,0.053,xLS017,pan_p,,28.83,xLSGS2,not previously published ,
ds_05,x9804,9804.17,7/29/1998,NA,SC,6.11,6.18,0,0.053,xLS017,pan_p,,13.17,xLSGS2,not previously published ,
ds_05,x9804,9804.18,7/29/1998,NA,SC,6.19,6.26,0,0.053,xLS017,pan_p,,10.68,xLSGS2,not previously published ,
ds_05,x9804,9804.19,7/29/1998,NA,SC,6.26,6.34,0,0.053,xLS017,pan_p,,17.12,xLSGS2,not previously published ,
ds_05,x9805,9805.01,7/29/1998,NA,SC,5.49,5.56,0,0.053,xLS017,pan_p,,1.82,xLSGS2,not previously published ,
ds_05,x9805,9805.02,7/29/1998,NA,SC,5.56,5.64,0,0.053,xLS017,pan_p,,0.29,xLSGS2,not previously published ,
ds_05,x9805,9805.03,7/29/1998,NA,SC,5.64,5.71,0,0.053,xLS017,pan_p,,0.42,xLSGS2,not previously published ,
ds_05,x9805,9805.04,7/29/1998,NA,SC,5.72,5.79,0,0.053,xLS017,pan_p,,0.33,xLSGS2,not previously published ,
ds_05,x9805,9805.05,7/29/1998,NA,SC,5.8,5.87,0,0.053,xLS017,pan_p,,0.35,xLSGS2,not previously published ,
ds_05,x9805,9805.06,7/29/1998,NA,SC,5.87,5.95,0,0.053,xLS017,pan_p,,0.49,xLSGS2,not previously published ,
ds_05,x9805,9805.07,7/29/1998,NA,SC,5.95,6.03,0,0.053,xLS017,pan_p,,0.92,xLSGS2,not previously published ,
ds_05,x9805,9805.08,7/29/1998,NA,SC,6.03,6.1,0,0.053,xLS017,pan_p,,0.76,xLSGS2,not previously published ,
ds_05,x9805,9805.09,7/29/1998,NA,SC,6.11,6.18,0,0.053,xLS017,pan_p,,1.88,xLSGS2,not previously published ,
ds_05,x9805,9805.1,7/29/1998,NA,SC,6.19,6.26,0,0.053,xLS017,pan_p,,1.03,xLSGS2,not previously published ,
ds_05,x9805,9805.11,7/29/1998,NA,SC,6.26,6.34,0,0.053,xLS017,pan_p,,0.69,xLSGS2,not previously published ,
ds_05,x9805,9805.12,7/29/1998,NA,SC,6.34,6.41,0,0.053,xLS017,pan_p,,0.88,xLSGS2,not previously published ,
ds_05,x9805,9805.13,7/29/1998,NA,SC,6.42,6.49,0,0.053,xLS017,pan_p,,0.86,xLSGS2,not previously published ,
ds_05,x9805,9805.14,7/29/1998,NA,SC,6.5,6.57,0,0.053,xLS017,pan_p,,1.05,xLSGS2,not previously published ,
ds_05,x9805,9805.15,7/29/1998,NA,SC,6.57,6.65,0,0.053,xLS017,pan_p,,0.98,xLSGS2,not previously published ,
ds_05,x9805,9805.16,7/29/1998,NA,SC,6.65,6.72,0,0.053,xLS017,pan_p,,0.55,xLSGS2,not previously published ,
ds_05,x9805,9805.17,7/29/1998,NA,SC,6.73,6.8,0,0.053,xLS017,pan_p,,0.98,xLSGS2,not previously published ,
ds_05,x9805,9805.18,7/29/1998,NA,SC,6.81,6.88,0,0.053,xLS017,pan_p,,0.91,xLSGS2,not previously published ,
ds_05,x9805,9805.19,7/29/1998,NA,SC,6.88,6.96,0,0.053,xLS017,pan_p,,0.48,xLSGS2,not previously published ,
ds_05,x9805,9805.2,7/29/1998,NA,SC,6.96,7.03,0,0.053,xLS017,pan_p,,0.67,xLSGS2,not previously published ,
ds_05,x9805,9805.21,7/29/1998,NA,SC,7.04,7.11,0,0.053,xLS017,pan_p,,19.3,xLSGS2,not previously published ,
ds_05,x9805,9805.22,7/29/1998,NA,SC,7.11,7.19,0,0.053,xLS017,pan_p,,35.02,xLSGS2,not previously published ,
ds_05,x9805,9805.23,7/29/1998,NA,SC,7.19,7.26,0,0.053,xLS017,pan_p,,21.34,xLSGS2,not previously published ,
ds_05,x9805,9805.24,7/29/1998,NA,SC,7.27,7.34,0,0.053,xLS017,pan_p,,4.21,xLSGS2,not previously published ,
ds_05,x9806,9806.01,7/29/1998,NA,SC,7.01,7.08,0,0.053,xLS017,pan_p,,10.78,xLSGS2,not previously published ,
ds_05,x9806,9806.02,7/29/1998,NA,SC,7.09,7.16,0,0.053,xLS017,pan_p,,3.54,xLSGS2,not previously published ,
ds_05,x9806,9806.03,7/29/1998,NA,SC,7.17,7.24,0,0.053,xLS017,pan_p,,6.36,xLSGS2,not previously published ,
ds_05,x9806,9806.04,7/29/1998,NA,SC,7.24,7.31,0,0.053,xLS017,pan_p,,6.38,xLSGS2,not previously published ,
ds_05,x9806,9806.05,7/29/1998,NA,SC,7.32,7.39,0,0.053,xLS017,pan_p,,0.98,xLSGS2,not previously published ,
ds_05,x9806,9806.06,7/29/1998,NA,SC,7.39,7.46,0,0.053,xLS017,pan_p,,4.95,xLSGS2,not previously published ,
ds_05,x9806,9806.07,7/29/1998,NA,SC,7.47,7.54,0,0.053,xLS017,pan_p,,3.6,xLSGS2,not previously published ,
ds_05,x9806,9806.08,7/29/1998,NA,SC,7.54,7.62,0,0.053,xLS017,pan_p,,1.49,xLSGS2,not previously published ,
ds_05,x9806,9806.09,7/29/1998,NA,SC,7.62,7.69,0,0.053,xLS017,pan_p,,12.22,xLSGS2,not previously published ,
ds_05,x9806,9806.1,7/29/1998,NA,SC,7.7,7.77,0,0.053,xLS017,pan_p,,5.27,xLSGS2,not previously published ,
ds_05,x9806,9806.11,7/29/1998,NA,SC,7.77,7.85,0,0.053,xLS017,pan_p,,1.42,xLSGS2,not previously published ,
ds_05,x9806,9806.12,7/29/1998,NA,SC,7.85,7.92,0,0.053,xLS017,pan_p,,1.12,xLSGS2,not previously published ,
ds_05,x9806,9806.13,7/29/1998,NA,SC,7.93,8,0,0.053,xLS017,pan_p,,0.62,xLSGS2,not previously published ,
ds_05,x9806,9806.14,7/29/1998,NA,SC,8,8.08,0,0.053,xLS017,pan_p,,0.26,xLSGS2,not previously published ,
ds_05,x9806,9806.15,7/29/1998,NA,SC,8.08,8.16,0,0.053,xLS017,pan_p,,1.54,xLSGS2,not previously published ,
ds_05,x9806,9806.16,7/29/1998,NA,SC,8.16,8.23,0,0.053,xLS017,pan_p,,0.73,xLSGS2,not previously published ,
ds_05,x9806,9806.17,7/29/1998,NA,SC,8.24,8.31,0,0.053,xLS017,pan_p,,1.29,xLSGS2,not previously published ,
ds_05,x9806,9806.18,7/29/1998,NA,SC,8.32,8.39,0,0.053,xLS017,pan_p,,1.34,xLSGS2,not previously published ,
ds_05,x9806,9806.19,7/29/1998,NA,SC,8.39,8.47,0,0.053,xLS017,pan_p,,0.73,xLSGS2,not previously published ,
ds_05,x9806,9806.2,7/29/1998,NA,SC,8.47,8.55,0,0.053,xLS017,pan_p,,0.87,xLSGS2,not previously published ,
ds_05,x9806,9806.21,7/29/1998,NA,SC,8.55,8.62,0,0.053,xLS017,pan_p,,8.06,xLSGS2,not previously published ,
ds_05,x9806,9806.22,7/29/1998,NA,SC,8.63,8.68,0,0.053,xLS017,pan_p,,5.49,xLSGS2,not previously published ,
ds_05,x9807,9807.01,7/29/1998,NA,SC,7.62,7.69,0,0.053,xLS017,pan_p,,6.56,xLSGS2,not previously published ,
ds_05,x9807,9807.02,7/29/1998,NA,SC,7.7,7.77,0,0.053,xLS017,pan_p,,7.56,xLSGS2,not previously published ,
ds_05,x9807,9807.03,7/29/1998,NA,SC,7.77,7.85,0,0.053,xLS017,pan_p,,1.56,xLSGS2,not previously published ,
ds_05,x9807,9807.04,7/29/1998,NA,SC,7.85,7.92,0,0.053,xLS017,pan_p,,2.92,xLSGS2,not previously published ,
ds_05,x9807,9807.05,7/29/1998,NA,SC,7.93,8,0,0.053,xLS017,pan_p,,1.9,xLSGS2,not previously published ,
ds_05,x9807,9807.06,7/29/1998,NA,SC,8,8.07,0,0.053,xLS017,pan_p,,4.81,xLSGS2,not previously published ,
ds_05,x9807,9807.07,7/29/1998,NA,SC,8.08,8.15,0,0.053,xLS017,pan_p,,3.23,xLSGS2,not previously published ,
ds_05,x9807,9807.08,7/29/1998,NA,SC,8.15,8.23,0,0.053,xLS017,pan_p,,1.91,xLSGS2,not previously published ,
ds_05,x9807,9807.09,7/29/1998,NA,SC,8.23,8.3,0,0.053,xLS017,pan_p,,2.58,xLSGS2,not previously published ,
ds_05,x9807,9807.1,7/29/1998,NA,SC,8.31,8.38,0,0.053,xLS017,pan_p,,2.11,xLSGS2,not previously published ,
ds_05,x9807,9807.11,7/29/1998,NA,SC,8.39,8.46,0,0.053,xLS017,pan_p,,2.58,xLSGS2,not previously published ,
ds_05,x9807,9807.12,7/29/1998,NA,SC,8.46,8.54,0,0.053,xLS017,pan_p,,4.48,xLSGS2,not previously published ,
ds_05,x9807,9807.13,7/29/1998,NA,SC,8.54,8.61,0,0.053,xLS017,pan_p,,2.6,xLSGS2,not previously published ,
ds_05,x9807,9807.14,7/29/1998,NA,SC,8.62,8.69,0,0.053,xLS017,pan_p,,1.68,xLSGS2,not previously published ,
ds_05,x9807,9807.15,7/29/1998,NA,SC,8.7,8.77,0,0.053,xLS017,pan_p,,4.7,xLSGS2,not previously published ,
ds_05,x9807,9807.16,7/29/1998,NA,SC,8.77,8.85,0,0.053,xLS017,pan_p,,2.23,xLSGS2,not previously published ,
ds_05,x9807,9807.17,7/29/1998,NA,SC,8.85,8.92,0,0.053,xLS017,pan_p,,2.27,xLSGS2,not previously published ,
ds_05,x9807,9807.18,7/29/1998,NA,SC,8.93,9,0,0.053,xLS017,pan_p,,7.1,xLSGS2,not previously published ,
ds_05,x9807,9807.19,7/29/1998,NA,SC,9.01,9.08,0,0.053,xLS017,pan_p,,10.66,xLSGS2,not previously published ,
ds_05,x9807,9807.2,7/29/1998,NA,SC,9.08,9.16,0,0.053,xLS017,pan_p,,9.67,xLSGS2,not previously published ,
ds_05,x9808,9808.01,7/29/1998,NA,SC,7.01,7.08,0,0.053,xLS017,pan_p,,5.39,xLSGS2,not previously published ,
ds_05,x9808,9808.02,7/29/1998,NA,SC,7.09,7.16,0,0.053,xLS017,pan_p,,0.29,xLSGS2,not previously published ,
ds_05,x9808,9808.03,7/29/1998,NA,SC,7.16,7.24,0,0.053,xLS017,pan_p,,2.82,xLSGS2,not previously published ,
ds_05,x9808,9808.04,7/29/1998,NA,SC,7.24,7.31,0,0.053,xLS017,pan_p,,2.37,xLSGS2,not previously published ,
ds_05,x9808,9808.05,7/29/1998,NA,SC,7.32,7.39,0,0.053,xLS017,pan_p,,0.51,xLSGS2,not previously published ,
ds_05,x9808,9808.06,7/29/1998,NA,SC,7.4,7.47,0,0.053,xLS017,pan_p,,0.75,xLSGS2,not previously published ,
ds_05,x9808,9808.07,7/29/1998,NA,SC,7.47,7.55,0,0.053,xLS017,pan_p,,0.42,xLSGS2,not previously published ,
ds_05,x9808,9808.08,7/29/1998,NA,SC,7.55,7.62,0,0.053,xLS017,pan_p,,0.38,xLSGS2,not previously published ,
ds_05,x9808,9808.09,7/29/1998,NA,SC,7.63,7.7,0,0.053,xLS017,pan_p,,0.56,xLSGS2,not previously published ,
ds_05,x9808,9808.1,7/29/1998,NA,SC,7.71,7.78,0,0.053,xLS017,pan_p,,5.94,xLSGS2,not previously published ,
ds_05,x9808,9808.11,7/29/1998,NA,SC,7.78,7.86,0,0.053,xLS017,pan_p,,18.88,xLSGS2,not previously published ,
ds_05,x9808,9808.12,7/29/1998,NA,SC,7.86,7.93,0,0.053,xLS017,pan_p,,23.72,xLSGS2,not previously published ,
ds_05,x9808,9808.13,7/29/1998,NA,SC,7.94,8.01,0,0.053,xLS017,pan_p,,14.82,xLSGS2,not previously published ,
ds_05,x9808,9808.14,7/29/1998,NA,SC,8.02,8.09,0,0.053,xLS017,pan_p,,3.49,xLSGS2,not previously published ,
ds_05,x9808,9808.15,7/29/1998,NA,SC,8.09,8.17,0,0.053,xLS017,pan_p,,1.37,xLSGS2,not previously published ,
ds_05,x9808,9808.16,7/29/1998,NA,SC,8.17,8.25,0,0.053,xLS017,pan_p,,0.97,xLSGS2,not previously published ,
ds_05,x9808,9808.17,7/29/1998,NA,SC,8.25,8.32,0,0.053,xLS017,pan_p,,1.6,xLSGS2,not previously published ,
ds_05,x9808,9808.18,7/29/1998,NA,SC,8.33,8.4,0,0.053,xLS017,pan_p,,0.91,xLSGS2,not previously published ,
ds_05,x9808,9808.19,7/29/1998,NA,SC,8.4,8.48,0,0.053,xLS017,pan_p,,4.79,xLSGS2,not previously published ,
ds_05,x9808,9808.2,7/29/1998,NA,SC,8.48,8.55,0,0.053,xLS017,pan_p,,3.04,xLSGS2,not previously published ,
ds_05,x9808,9808.21,7/29/1998,NA,SC,8.56,8.63,0,0.053,xLS017,pan_p,,2.06,xLSGS2,not previously published ,
ds_05,x9808,9808.22,7/29/1998,NA,SC,8.64,8.71,0,0.053,xLS017,pan_p,,2.46,xLSGS2,not previously published ,
ds_05,x9808,9808.23,7/29/1998,NA,SC,8.71,8.79,0,0.053,xLS017,pan_p,,2.05,xLSGS2,not previously published ,
ds_05,x9808,9808.24,7/29/1998,NA,SC,8.79,8.87,0,0.053,xLS017,pan_p,,2.33,xLSGS2,not previously published ,
ds_05,x9802,9802.01,7/29/1998,NA,SC,5.18,5.26,1,,xLS002,diam_1mm_g,,2.588012,xLSGS2,not previously published ,
ds_05,x9802,9802.02,7/29/1998,NA,SC,5.26,5.33,1,,xLS002,diam_1mm_g,,0.386802,xLSGS2,not previously published ,
ds_05,x9802,9802.03,7/29/1998,NA,SC,5.34,5.41,1,,xLS002,diam_1mm_g,,2.30517,xLSGS2,not previously published ,
ds_05,x9802,9802.04,7/29/1998,NA,SC,5.42,5.49,1,,xLS002,diam_1mm_g,,0.316005,xLSGS2,not previously published ,
ds_05,x9802,9802.05,7/29/1998,NA,SC,5.49,5.57,1,,xLS002,diam_1mm_g,,0.929796,xLSGS2,not previously published ,
ds_05,x9802,9802.06,7/29/1998,NA,SC,5.57,5.64,1,,xLS002,diam_1mm_g,,0.277745,xLSGS2,not previously published ,
ds_05,x9802,9802.07,7/29/1998,NA,SC,5.65,5.72,1,,xLS002,diam_1mm_g,,16.641072,xLSGS2,not previously published ,
ds_05,x9802,9802.08,7/29/1998,NA,SC,5.72,5.8,1,,xLS002,diam_1mm_g,,1.847366,xLSGS2,not previously published ,
ds_05,x9802,9802.09,7/29/1998,NA,SC,5.8,5.87,1,,xLS002,diam_1mm_g,,1.107108,xLSGS2,not previously published ,
ds_05,x9802,9802.1,7/29/1998,NA,SC,5.88,5.95,1,,xLS002,diam_1mm_g,,2.102216,xLSGS2,not previously published ,
ds_05,x9802,9802.11,7/29/1998,NA,SC,5.95,6.03,1,,xLS002,diam_1mm_g,,0.39006,xLSGS2,not previously published ,
ds_05,x9802,9802.12,7/29/1998,NA,SC,6.03,6.1,1,,xLS002,diam_1mm_g,,0.93346,xLSGS2,not previously published ,
ds_05,x9802,9802.13,7/29/1998,NA,SC,6.11,6.18,1,,xLS002,diam_1mm_g,,0.152243,xLSGS2,not previously published ,
ds_05,x9802,9802.14,7/29/1998,NA,SC,6.18,6.26,1,,xLS002,diam_1mm_g,,6.649104,xLSGS2,not previously published ,
ds_05,x9802,9802.15,7/29/1998,NA,SC,6.26,6.34,1,,xLS002,diam_1mm_g,,2.24849,xLSGS2,not previously published ,
ds_05,x9802,9802.16,7/29/1998,NA,SC,6.34,6.41,1,,xLS002,diam_1mm_g,,0.021951,xLSGS2,not previously published ,
ds_05,x9802,9802.17,7/29/1998,NA,SC,6.42,6.49,1,,xLS002,diam_1mm_g,,0.042802,xLSGS2,not previously published ,
ds_05,x9802,9802.18,7/29/1998,NA,SC,6.49,6.57,1,,xLS002,diam_1mm_g,,0,xLSGS2,not previously published ,
ds_05,x9802,9802.19,7/29/1998,NA,SC,6.57,6.64,1,,xLS002,diam_1mm_g,,0.181584,xLSGS2,not previously published ,
ds_05,x9802,9802.2,7/29/1998,NA,SC,6.65,6.72,1,,xLS002,diam_1mm_g,,0.21167,xLSGS2,not previously published ,
ds_05,x9802,9802.21,7/29/1998,NA,SC,6.72,6.8,1,,xLS002,diam_1mm_g,,0.08248,xLSGS2,not previously published ,
ds_05,x9803,9803.01,7/29/1998,NA,SC,4.57,4.64,1,,xLS002,diam_1mm_g,,6.857487,xLSGS2,not previously published ,
ds_05,x9803,9803.02,7/29/1998,NA,SC,4.65,4.72,1,,xLS002,diam_1mm_g,,8.870904,xLSGS2,not previously published ,
ds_05,x9803,9803.03,7/29/1998,NA,SC,4.73,4.8,1,,xLS002,diam_1mm_g,,6.677396,xLSGS2,not previously published ,
ds_05,x9803,9803.04,7/29/1998,NA,SC,4.8,4.87,1,,xLS002,diam_1mm_g,,1.566333,xLSGS2,not previously published ,
ds_05,x9803,9803.05,7/29/1998,NA,SC,4.88,4.95,1,,xLS002,diam_1mm_g,,1.707704,xLSGS2,not previously published ,
ds_05,x9803,9803.06,7/29/1998,NA,SC,4.95,5.03,1,,xLS002,diam_1mm_g,,2.767907,xLSGS2,not previously published ,
ds_05,x9803,9803.07,7/29/1998,NA,SC,5.03,5.1,1,,xLS002,diam_1mm_g,,12.198174,xLSGS2,not previously published ,
ds_05,x9803,9803.08,7/29/1998,NA,SC,5.11,5.18,1,,xLS002,diam_1mm_g,,8.783838,xLSGS2,not previously published ,
ds_05,x9803,9803.09,7/29/1998,NA,SC,5.18,5.25,1,,xLS002,diam_1mm_g,,33.822997,xLSGS2,not previously published ,
ds_05,x9803,9803.1,7/29/1998,NA,SC,5.26,5.33,1,,xLS002,diam_1mm_g,,2.87476,xLSGS2,not previously published ,
ds_05,x9803,9803.11,7/29/1998,NA,SC,5.33,5.41,1,,xLS002,diam_1mm_g,,4.807855,xLSGS2,not previously published ,
ds_05,x9803,9803.12,7/29/1998,NA,SC,5.41,5.48,1,,xLS002,diam_1mm_g,,28.012568,xLSGS2,not previously published ,
ds_05,x9803,9803.13,7/29/1998,NA,SC,5.49,5.56,1,,xLS002,diam_1mm_g,,2.709126,xLSGS2,not previously published ,
ds_05,x9803,9803.14,7/29/1998,NA,SC,5.57,5.64,1,,xLS002,diam_1mm_g,,3.60043,xLSGS2,not previously published ,
ds_05,x9803,9803.15,7/29/1998,NA,SC,5.64,5.71,1,,xLS002,diam_1mm_g,,4.279234,xLSGS2,not previously published ,
ds_05,x9803,9803.16,7/29/1998,NA,SC,5.72,5.79,1,,xLS002,diam_1mm_g,,3.168731,xLSGS2,not previously published ,
ds_05,x9803,9803.17,7/29/1998,NA,SC,5.8,5.87,1,,xLS002,diam_1mm_g,,0.44294,xLSGS2,not previously published ,
ds_05,x9803,9803.18,7/29/1998,NA,SC,5.87,5.95,1,,xLS002,diam_1mm_g,,0.3621,xLSGS2,not previously published ,
ds_05,x9803,9803.19,7/29/1998,NA,SC,5.95,6.02,1,,xLS002,diam_1mm_g,,0.32223,xLSGS2,not previously published ,
ds_05,x9803,9803.2,7/29/1998,NA,SC,6.03,6.1,1,,xLS002,diam_1mm_g,,0.972585,xLSGS2,not previously published ,
ds_05,x9803,9803.21,7/29/1998,NA,SC,6.1,6.18,1,,xLS002,diam_1mm_g,,0.373806,xLSGS2,not previously published ,
ds_05,x9804,9804.01,7/29/1998,NA,SC,4.88,4.95,1,,xLS002,diam_1mm_g,,2.055333,xLSGS2,not previously published ,
ds_05,x9804,9804.02,7/29/1998,NA,SC,4.95,5.02,1,,xLS002,diam_1mm_g,,0.30939,xLSGS2,not previously published ,
ds_05,x9804,9804.03,7/29/1998,NA,SC,5.03,5.1,1,,xLS002,diam_1mm_g,,0.782846,xLSGS2,not previously published ,
ds_05,x9804,9804.04,7/29/1998,NA,SC,5.11,5.18,1,,xLS002,diam_1mm_g,,0.711018,xLSGS2,not previously published ,
ds_05,x9804,9804.05,7/29/1998,NA,SC,5.18,5.25,1,,xLS002,diam_1mm_g,,3.860538,xLSGS2,not previously published ,
ds_05,x9804,9804.06,7/29/1998,NA,SC,5.26,5.33,1,,xLS002,diam_1mm_g,,5.827666,xLSGS2,not previously published ,
ds_05,x9804,9804.07,7/29/1998,NA,SC,5.34,5.41,1,,xLS002,diam_1mm_g,,3.426072,xLSGS2,not previously published ,
ds_05,x9804,9804.08,7/29/1998,NA,SC,5.41,5.49,1,,xLS002,diam_1mm_g,,6.00021,xLSGS2,not previously published ,
ds_05,x9804,9804.09,7/29/1998,NA,SC,5.49,5.57,1,,xLS002,diam_1mm_g,,1.139325,xLSGS2,not previously published ,
ds_05,x9804,9804.1,7/29/1998,NA,SC,5.57,5.64,1,,xLS002,diam_1mm_g,,1.76624,xLSGS2,not previously published ,
ds_05,x9804,9804.11,7/29/1998,NA,SC,5.65,5.72,1,,xLS002,diam_1mm_g,,3.133752,xLSGS2,not previously published ,
ds_05,x9804,9804.12,7/29/1998,NA,SC,5.72,5.8,1,,xLS002,diam_1mm_g,,5.3715,xLSGS2,not previously published ,
ds_05,x9804,9804.13,7/29/1998,NA,SC,5.8,5.87,1,,xLS002,diam_1mm_g,,5.35815,xLSGS2,not previously published ,
ds_05,x9804,9804.14,7/29/1998,NA,SC,5.88,5.95,1,,xLS002,diam_1mm_g,,0.632268,xLSGS2,not previously published ,
ds_05,x9804,9804.15,7/29/1998,NA,SC,5.95,6.03,1,,xLS002,diam_1mm_g,,0.308854,xLSGS2,not previously published ,
ds_05,x9804,9804.16,7/29/1998,NA,SC,6.03,6.11,1,,xLS002,diam_1mm_g,,0,xLSGS2,not previously published ,
ds_05,x9804,9804.17,7/29/1998,NA,SC,6.11,6.18,1,,xLS002,diam_1mm_g,,0.11316,xLSGS2,not previously published ,
ds_05,x9804,9804.18,7/29/1998,NA,SC,6.19,6.26,1,,xLS002,diam_1mm_g,,0,xLSGS2,not previously published ,
ds_05,x9804,9804.19,7/29/1998,NA,SC,6.26,6.34,1,,xLS002,diam_1mm_g,,0.042954,xLSGS2,not previously published ,
ds_05,x9805,9805.01,7/29/1998,NA,SC,5.49,5.56,1,,xLS002,diam_1mm_g,,2.207196,xLSGS2,not previously published ,
ds_05,x9805,9805.02,7/29/1998,NA,SC,5.56,5.64,1,,xLS002,diam_1mm_g,md,,xLSGS2,not previously published ,
ds_05,x9805,9805.03,7/29/1998,NA,SC,5.64,5.71,1,,xLS002,diam_1mm_g,,0.146783,xLSGS2,not previously published ,
ds_05,x9805,9805.04,7/29/1998,NA,SC,5.72,5.79,1,,xLS002,diam_1mm_g,,1.54614,xLSGS2,not previously published ,
ds_05,x9805,9805.05,7/29/1998,NA,SC,5.8,5.87,1,,xLS002,diam_1mm_g,,5.682904,xLSGS2,not previously published ,
ds_05,x9805,9805.06,7/29/1998,NA,SC,5.87,5.95,1,,xLS002,diam_1mm_g,,8.461152,xLSGS2,not previously published ,
ds_05,x9805,9805.07,7/29/1998,NA,SC,5.95,6.03,1,,xLS002,diam_1mm_g,,2.095588,xLSGS2,not previously published ,
ds_05,x9805,9805.08,7/29/1998,NA,SC,6.03,6.1,1,,xLS002,diam_1mm_g,,1.132812,xLSGS2,not previously published ,
ds_05,x9805,9805.09,7/29/1998,NA,SC,6.11,6.18,1,,xLS002,diam_1mm_g,,0.25062,xLSGS2,not previously published ,
ds_05,x9805,9805.1,7/29/1998,NA,SC,6.19,6.26,1,,xLS002,diam_1mm_g,,5.7645,xLSGS2,not previously published ,
ds_05,x9805,9805.11,7/29/1998,NA,SC,6.26,6.34,1,,xLS002,diam_1mm_g,,1.51344,xLSGS2,not previously published ,
ds_05,x9805,9805.12,7/29/1998,NA,SC,6.34,6.41,1,,xLS002,diam_1mm_g,,1.12266,xLSGS2,not previously published ,
ds_05,x9805,9805.13,7/29/1998,NA,SC,6.42,6.49,1,,xLS002,diam_1mm_g,,18.398804,xLSGS2,not previously published ,
ds_05,x9805,9805.14,7/29/1998,NA,SC,6.5,6.57,1,,xLS002,diam_1mm_g,,20.571824,xLSGS2,not previously published ,
ds_05,x9805,9805.15,7/29/1998,NA,SC,6.57,6.65,1,,xLS002,diam_1mm_g,,8.29422,xLSGS2,not previously published ,
ds_05,x9805,9805.16,7/29/1998,NA,SC,6.65,6.72,1,,xLS002,diam_1mm_g,,11.417406,xLSGS2,not previously published ,
ds_05,x9805,9805.17,7/29/1998,NA,SC,6.73,6.8,1,,xLS002,diam_1mm_g,,1.570464,xLSGS2,not previously published ,
ds_05,x9805,9805.18,7/29/1998,NA,SC,6.81,6.88,1,,xLS002,diam_1mm_g,,14.366513,xLSGS2,not previously published ,
ds_05,x9805,9805.19,7/29/1998,NA,SC,6.88,6.96,1,,xLS002,diam_1mm_g,,10.780636,xLSGS2,not previously published ,
ds_05,x9805,9805.2,7/29/1998,NA,SC,6.96,7.03,1,,xLS002,diam_1mm_g,,3.456628,xLSGS2,not previously published ,
ds_05,x9805,9805.21,7/29/1998,NA,SC,7.04,7.11,1,,xLS002,diam_1mm_g,,2.261412,xLSGS2,not previously published ,
ds_05,x9805,9805.22,7/29/1998,NA,SC,7.11,7.19,1,,xLS002,diam_1mm_g,,0.29727,xLSGS2,not previously published ,
ds_05,x9805,9805.23,7/29/1998,NA,SC,7.19,7.26,1,,xLS002,diam_1mm_g,,0,xLSGS2,not previously published ,
ds_05,x9805,9805.24,7/29/1998,NA,SC,7.27,7.34,1,,xLS002,diam_1mm_g,,0,xLSGS2,not previously published ,
ds_05,x9806,9806.01,7/29/1998,NA,SC,7.01,7.08,1,,xLS002,diam_1mm_g,,1.940752,xLSGS2,not previously published ,
ds_05,x9806,9806.02,7/29/1998,NA,SC,7.09,7.16,1,,xLS002,diam_1mm_g,,0,xLSGS2,not previously published ,
ds_05,x9806,9806.03,7/29/1998,NA,SC,7.17,7.24,1,,xLS002,diam_1mm_g,,0.08232,xLSGS2,not previously published ,
ds_05,x9806,9806.04,7/29/1998,NA,SC,7.24,7.31,1,,xLS002,diam_1mm_g,,5.708676,xLSGS2,not previously published ,
ds_05,x9806,9806.05,7/29/1998,NA,SC,7.32,7.39,1,,xLS002,diam_1mm_g,,0.674765,xLSGS2,not previously published ,
ds_05,x9806,9806.06,7/29/1998,NA,SC,7.39,7.46,1,,xLS002,diam_1mm_g,,0,xLSGS2,not previously published ,
ds_05,x9806,9806.07,7/29/1998,NA,SC,7.47,7.54,1,,xLS002,diam_1mm_g,,0,xLSGS2,not previously published ,
ds_05,x9806,9806.08,7/29/1998,NA,SC,7.54,7.62,1,,xLS002,diam_1mm_g,,0.062775,xLSGS2,not previously published ,
ds_05,x9806,9806.09,7/29/1998,NA,SC,7.62,7.69,1,,xLS002,diam_1mm_g,,0.149513,xLSGS2,not previously published ,
ds_05,x9806,9806.1,7/29/1998,NA,SC,7.7,7.77,1,,xLS002,diam_1mm_g,,1.060262,xLSGS2,not previously published ,
ds_05,x9806,9806.11,7/29/1998,NA,SC,7.77,7.85,1,,xLS002,diam_1mm_g,,0.833448,xLSGS2,not previously published ,
ds_05,x9806,9806.12,7/29/1998,NA,SC,7.85,7.92,1,,xLS002,diam_1mm_g,,1.095484,xLSGS2,not previously published ,
ds_05,x9806,9806.13,7/29/1998,NA,SC,7.93,8,1,,xLS002,diam_1mm_g,,3.2853,xLSGS2,not previously published ,
ds_05,x9806,9806.14,7/29/1998,NA,SC,8,8.08,1,,xLS002,diam_1mm_g,md,,xLSGS2,not previously published ,
ds_05,x9806,9806.15,7/29/1998,NA,SC,8.08,8.16,1,,xLS002,diam_1mm_g,,1.148742,xLSGS2,not previously published ,
ds_05,x9806,9806.16,7/29/1998,NA,SC,8.16,8.23,1,,xLS002,diam_1mm_g,,1.39904,xLSGS2,not previously published ,
ds_05,x9806,9806.17,7/29/1998,NA,SC,8.24,8.31,1,,xLS002,diam_1mm_g,,24.052731,xLSGS2,not previously published ,
ds_05,x9806,9806.18,7/29/1998,NA,SC,8.32,8.39,1,,xLS002,diam_1mm_g,,18.951094,xLSGS2,not previously published ,
ds_05,x9806,9806.19,7/29/1998,NA,SC,8.39,8.47,1,,xLS002,diam_1mm_g,,15.233713,xLSGS2,not previously published ,
ds_05,x9806,9806.2,7/29/1998,NA,SC,8.47,8.55,1,,xLS002,diam_1mm_g,,49.127581,xLSGS2,not previously published ,
ds_05,x9806,9806.21,7/29/1998,NA,SC,8.55,8.62,1,,xLS002,diam_1mm_g,,13.069352,xLSGS2,not previously published ,
ds_05,x9806,9806.22,7/29/1998,NA,SC,8.63,8.68,1,,xLS002,diam_1mm_g,,4.8466,xLSGS2,not previously published ,
ds_05,x9807,9807.01,7/29/1998,NA,SC,7.62,7.69,1,,xLS002,diam_1mm_g,,3.599684,xLSGS2,not previously published ,
ds_05,x9807,9807.02,7/29/1998,NA,SC,7.7,7.77,1,,xLS002,diam_1mm_g,,5.0003,xLSGS2,not previously published ,
ds_05,x9807,9807.03,7/29/1998,NA,SC,7.77,7.85,1,,xLS002,diam_1mm_g,,15.483239,xLSGS2,not previously published ,
ds_05,x9807,9807.04,7/29/1998,NA,SC,7.85,7.92,1,,xLS002,diam_1mm_g,,27.49376,xLSGS2,not previously published ,
ds_05,x9807,9807.05,7/29/1998,NA,SC,7.93,8,1,,xLS002,diam_1mm_g,,0.020491,xLSGS2,not previously published ,
ds_05,x9807,9807.06,7/29/1998,NA,SC,8,8.07,1,,xLS002,diam_1mm_g,,0.601431,xLSGS2,not previously published ,
ds_05,x9807,9807.07,7/29/1998,NA,SC,8.08,8.15,1,,xLS002,diam_1mm_g,,0.678496,xLSGS2,not previously published ,
ds_05,x9807,9807.08,7/29/1998,NA,SC,8.15,8.23,1,,xLS002,diam_1mm_g,,2.572256,xLSGS2,not previously published ,
ds_05,x9807,9807.09,7/29/1998,NA,SC,8.23,8.3,1,,xLS002,diam_1mm_g,,2.166147,xLSGS2,not previously published ,
ds_05,x9807,9807.1,7/29/1998,NA,SC,8.31,8.38,1,,xLS002,diam_1mm_g,,0.970288,xLSGS2,not previously published ,
ds_05,x9807,9807.11,7/29/1998,NA,SC,8.39,8.46,1,,xLS002,diam_1mm_g,,0.574028,xLSGS2,not previously published ,
ds_05,x9807,9807.12,7/29/1998,NA,SC,8.46,8.54,1,,xLS002,diam_1mm_g,,0.953436,xLSGS2,not previously published ,
ds_05,x9807,9807.13,7/29/1998,NA,SC,8.54,8.61,1,,xLS002,diam_1mm_g,,18.369741,xLSGS2,not previously published ,
ds_05,x9807,9807.14,7/29/1998,NA,SC,8.62,8.69,1,,xLS002,diam_1mm_g,,9.665282,xLSGS2,not previously published ,
ds_05,x9807,9807.15,7/29/1998,NA,SC,8.7,8.77,1,,xLS002,diam_1mm_g,,8.637165,xLSGS2,not previously published ,
ds_05,x9807,9807.16,7/29/1998,NA,SC,8.77,8.85,1,,xLS002,diam_1mm_g,,37.792539,xLSGS2,not previously published ,
ds_05,x9807,9807.17,7/29/1998,NA,SC,8.85,8.92,1,,xLS002,diam_1mm_g,,6.813276,xLSGS2,not previously published ,
ds_05,x9807,9807.18,7/29/1998,NA,SC,8.93,9,1,,xLS002,diam_1mm_g,,2.039904,xLSGS2,not previously published ,
ds_05,x9807,9807.19,7/29/1998,NA,SC,9.01,9.08,1,,xLS002,diam_1mm_g,,4.392762,xLSGS2,not previously published ,
ds_05,x9807,9807.2,7/29/1998,NA,SC,9.08,9.16,1,,xLS002,diam_1mm_g,,2.66976,xLSGS2,not previously published ,
ds_05,x9808,9808.01,7/29/1998,NA,SC,7.01,7.08,1,,xLS002,diam_1mm_g,,3.188443,xLSGS2,not previously published ,
ds_05,x9808,9808.02,7/29/1998,NA,SC,7.09,7.16,1,,xLS002,diam_1mm_g,,0.461679,xLSGS2,not previously published ,
ds_05,x9808,9808.03,7/29/1998,NA,SC,7.16,7.24,1,,xLS002,diam_1mm_g,,0,xLSGS2,not previously published ,
ds_05,x9808,9808.04,7/29/1998,NA,SC,7.24,7.31,1,,xLS002,diam_1mm_g,,0.278954,xLSGS2,not previously published ,
ds_05,x9808,9808.05,7/29/1998,NA,SC,7.32,7.39,1,,xLS002,diam_1mm_g,,0.310492,xLSGS2,not previously published ,
ds_05,x9808,9808.06,7/29/1998,NA,SC,7.4,7.47,1,,xLS002,diam_1mm_g,,0.300342,xLSGS2,not previously published ,
ds_05,x9808,9808.07,7/29/1998,NA,SC,7.47,7.55,1,,xLS002,diam_1mm_g,,0.550186,xLSGS2,not previously published ,
ds_05,x9808,9808.08,7/29/1998,NA,SC,7.55,7.62,1,,xLS002,diam_1mm_g,,0.590576,xLSGS2,not previously published ,
ds_05,x9808,9808.09,7/29/1998,NA,SC,7.63,7.7,1,,xLS002,diam_1mm_g,,0.665973,xLSGS2,not previously published ,
ds_05,x9808,9808.1,7/29/1998,NA,SC,7.71,7.78,1,,xLS002,diam_1mm_g,,1.022626,xLSGS2,not previously published ,
ds_05,x9808,9808.11,7/29/1998,NA,SC,7.78,7.86,1,,xLS002,diam_1mm_g,,1.129646,xLSGS2,not previously published ,
ds_05,x9808,9808.12,7/29/1998,NA,SC,7.86,7.93,1,,xLS002,diam_1mm_g,,2.125949,xLSGS2,not previously published ,
ds_05,x9808,9808.13,7/29/1998,NA,SC,7.94,8.01,1,,xLS002,diam_1mm_g,,0.022723,xLSGS2,not previously published ,
ds_05,x9808,9808.14,7/29/1998,NA,SC,8.02,8.09,1,,xLS002,diam_1mm_g,,0.04465,xLSGS2,not previously published ,
ds_05,x9808,9808.15,7/29/1998,NA,SC,8.09,8.17,1,,xLS002,diam_1mm_g,,0,xLSGS2,not previously published ,
ds_05,x9808,9808.16,7/29/1998,NA,SC,8.17,8.25,1,,xLS002,diam_1mm_g,,0.043124,xLSGS2,not previously published ,
ds_05,x9808,9808.17,7/29/1998,NA,SC,8.25,8.32,1,,xLS002,diam_1mm_g,,0.084932,xLSGS2,not previously published ,
ds_05,x9808,9808.18,7/29/1998,NA,SC,8.33,8.4,1,,xLS002,diam_1mm_g,,14.363845,xLSGS2,not previously published ,
ds_05,x9808,9808.19,7/29/1998,NA,SC,8.4,8.48,1,,xLS002,diam_1mm_g,,0.1998,xLSGS2,not previously published ,
ds_05,x9808,9808.2,7/29/1998,NA,SC,8.48,8.55,1,,xLS002,diam_1mm_g,,0.177072,xLSGS2,not previously published ,
ds_05,x9808,9808.21,7/29/1998,NA,SC,8.56,8.63,1,,xLS002,diam_1mm_g,,0,xLSGS2,not previously published ,
ds_05,x9808,9808.22,7/29/1998,NA,SC,8.64,8.71,1,,xLS002,diam_1mm_g,,0.76842,xLSGS2,not previously published ,
ds_05,x9808,9808.23,7/29/1998,NA,SC,8.71,8.79,1,,xLS002,diam_1mm_g,,5.400432,xLSGS2,not previously published ,
ds_05,x9808,9808.24,7/29/1998,NA,SC,8.79,8.87,1,,xLS002,diam_1mm_g,,0.2133,xLSGS2,not previously published ,
ds_05,x9802,9802.01,7/29/1998,NA,SC,5.18,5.26,0.71,1,xLS003,diam_0.71_1mm_g,,3.718908,xLSGS2,not previously published ,
ds_05,x9802,9802.02,7/29/1998,NA,SC,5.26,5.33,0.71,1,xLS003,diam_0.71_1mm_g,,2.299323,xLSGS2,not previously published ,
ds_05,x9802,9802.03,7/29/1998,NA,SC,5.34,5.41,0.71,1,xLS003,diam_0.71_1mm_g,,6.25689,xLSGS2,not previously published ,
ds_05,x9802,9802.04,7/29/1998,NA,SC,5.42,5.49,0.71,1,xLS003,diam_0.71_1mm_g,,1.369355,xLSGS2,not previously published ,
ds_05,x9802,9802.05,7/29/1998,NA,SC,5.49,5.57,0.71,1,xLS003,diam_0.71_1mm_g,,2.036696,xLSGS2,not previously published ,
ds_05,x9802,9802.06,7/29/1998,NA,SC,5.57,5.64,0.71,1,xLS003,diam_0.71_1mm_g,,0.68368,xLSGS2,not previously published ,
ds_05,x9802,9802.07,7/29/1998,NA,SC,5.65,5.72,0.71,1,xLS003,diam_0.71_1mm_g,,2.619428,xLSGS2,not previously published ,
ds_05,x9802,9802.08,7/29/1998,NA,SC,5.72,5.8,0.71,1,xLS003,diam_0.71_1mm_g,,1.28886,xLSGS2,not previously published ,
ds_05,x9802,9802.09,7/29/1998,NA,SC,5.8,5.87,0.71,1,xLS003,diam_0.71_1mm_g,,2.149092,xLSGS2,not previously published ,
ds_05,x9802,9802.1,7/29/1998,NA,SC,5.88,5.95,0.71,1,xLS003,diam_0.71_1mm_g,,1.90094,xLSGS2,not previously published ,
ds_05,x9802,9802.11,7/29/1998,NA,SC,5.95,6.03,0.71,1,xLS003,diam_0.71_1mm_g,,0.32505,xLSGS2,not previously published ,
ds_05,x9802,9802.12,7/29/1998,NA,SC,6.03,6.1,0.71,1,xLS003,diam_0.71_1mm_g,,0.572805,xLSGS2,not previously published ,
ds_05,x9802,9802.13,7/29/1998,NA,SC,6.11,6.18,0.71,1,xLS003,diam_0.71_1mm_g,,0.130494,xLSGS2,not previously published ,
ds_05,x9802,9802.14,7/29/1998,NA,SC,6.18,6.26,0.71,1,xLS003,diam_0.71_1mm_g,,9.792728,xLSGS2,not previously published ,
ds_05,x9802,9802.15,7/29/1998,NA,SC,6.26,6.34,0.71,1,xLS003,diam_0.71_1mm_g,,3.16535,xLSGS2,not previously published ,
ds_05,x9802,9802.16,7/29/1998,NA,SC,6.34,6.41,0.71,1,xLS003,diam_0.71_1mm_g,,0.307314,xLSGS2,not previously published ,
ds_05,x9802,9802.17,7/29/1998,NA,SC,6.42,6.49,0.71,1,xLS003,diam_0.71_1mm_g,,0.128406,xLSGS2,not previously published ,
ds_05,x9802,9802.18,7/29/1998,NA,SC,6.49,6.57,0.71,1,xLS003,diam_0.71_1mm_g,,0,xLSGS2,not previously published ,
ds_05,x9802,9802.19,7/29/1998,NA,SC,6.57,6.64,0.71,1,xLS003,diam_0.71_1mm_g,,0.322816,xLSGS2,not previously published ,
ds_05,x9802,9802.2,7/29/1998,NA,SC,6.65,6.72,0.71,1,xLS003,diam_0.71_1mm_g,,0.232837,xLSGS2,not previously published ,
ds_05,x9802,9802.21,7/29/1998,NA,SC,6.72,6.8,0.71,1,xLS003,diam_0.71_1mm_g,,0.24744,xLSGS2,not previously published ,
ds_05,x9803,9803.01,7/29/1998,NA,SC,4.57,4.64,0.71,1,xLS003,diam_0.71_1mm_g,,10.120166,xLSGS2,not previously published ,
ds_05,x9803,9803.02,7/29/1998,NA,SC,4.65,4.72,0.71,1,xLS003,diam_0.71_1mm_g,,9.880028,xLSGS2,not previously published ,
ds_05,x9803,9803.03,7/29/1998,NA,SC,4.73,4.8,0.71,1,xLS003,diam_0.71_1mm_g,,6.635134,xLSGS2,not previously published ,
ds_05,x9803,9803.04,7/29/1998,NA,SC,4.8,4.87,0.71,1,xLS003,diam_0.71_1mm_g,,4.005054,xLSGS2,not previously published ,
ds_05,x9803,9803.05,7/29/1998,NA,SC,4.88,4.95,0.71,1,xLS003,diam_0.71_1mm_g,,3.52678,xLSGS2,not previously published ,
ds_05,x9803,9803.06,7/29/1998,NA,SC,4.95,5.03,0.71,1,xLS003,diam_0.71_1mm_g,,4.818946,xLSGS2,not previously published ,
ds_05,x9803,9803.07,7/29/1998,NA,SC,5.03,5.1,0.71,1,xLS003,diam_0.71_1mm_g,,12.983205,xLSGS2,not previously published ,
ds_05,x9803,9803.08,7/29/1998,NA,SC,5.11,5.18,0.71,1,xLS003,diam_0.71_1mm_g,,11.86731,xLSGS2,not previously published ,
ds_05,x9803,9803.09,7/29/1998,NA,SC,5.18,5.25,0.71,1,xLS003,diam_0.71_1mm_g,,10.861942,xLSGS2,not previously published ,
ds_05,x9803,9803.1,7/29/1998,NA,SC,5.26,5.33,0.71,1,xLS003,diam_0.71_1mm_g,,3.449712,xLSGS2,not previously published ,
ds_05,x9803,9803.11,7/29/1998,NA,SC,5.33,5.41,0.71,1,xLS003,diam_0.71_1mm_g,,6.38248,xLSGS2,not previously published ,
ds_05,x9803,9803.12,7/29/1998,NA,SC,5.41,5.48,0.71,1,xLS003,diam_0.71_1mm_g,,8.831988,xLSGS2,not previously published ,
ds_05,x9803,9803.13,7/29/1998,NA,SC,5.49,5.56,0.71,1,xLS003,diam_0.71_1mm_g,,1.397565,xLSGS2,not previously published ,
ds_05,x9803,9803.14,7/29/1998,NA,SC,5.57,5.64,0.71,1,xLS003,diam_0.71_1mm_g,,1.757857,xLSGS2,not previously published ,
ds_05,x9803,9803.15,7/29/1998,NA,SC,5.64,5.71,0.71,1,xLS003,diam_0.71_1mm_g,,2.693528,xLSGS2,not previously published ,
ds_05,x9803,9803.16,7/29/1998,NA,SC,5.72,5.79,0.71,1,xLS003,diam_0.71_1mm_g,,3.410927,xLSGS2,not previously published ,
ds_05,x9803,9803.17,7/29/1998,NA,SC,5.8,5.87,0.71,1,xLS003,diam_0.71_1mm_g,,0.354352,xLSGS2,not previously published ,
ds_05,x9803,9803.18,7/29/1998,NA,SC,5.87,5.95,0.71,1,xLS003,diam_0.71_1mm_g,,0.5538,xLSGS2,not previously published ,
ds_05,x9803,9803.19,7/29/1998,NA,SC,5.95,6.02,0.71,1,xLS003,diam_0.71_1mm_g,,1.031136,xLSGS2,not previously published ,
ds_05,x9803,9803.2,7/29/1998,NA,SC,6.03,6.1,0.71,1,xLS003,diam_0.71_1mm_g,,1.102263,xLSGS2,not previously published ,
ds_05,x9803,9803.21,7/29/1998,NA,SC,6.1,6.18,0.71,1,xLS003,diam_0.71_1mm_g,,0.20767,xLSGS2,not previously published ,
ds_05,x9804,9804.01,7/29/1998,NA,SC,4.88,4.95,0.71,1,xLS003,diam_0.71_1mm_g,,2.648625,xLSGS2,not previously published ,
ds_05,x9804,9804.02,7/29/1998,NA,SC,4.95,5.02,0.71,1,xLS003,diam_0.71_1mm_g,,0.371268,xLSGS2,not previously published ,
ds_05,x9804,9804.03,7/29/1998,NA,SC,5.03,5.1,0.71,1,xLS003,diam_0.71_1mm_g,,1.396428,xLSGS2,not previously published ,
ds_05,x9804,9804.04,7/29/1998,NA,SC,5.11,5.18,0.71,1,xLS003,diam_0.71_1mm_g,,3.167262,xLSGS2,not previously published ,
ds_05,x9804,9804.05,7/29/1998,NA,SC,5.18,5.25,0.71,1,xLS003,diam_0.71_1mm_g,,1.55309,xLSGS2,not previously published ,
ds_05,x9804,9804.06,7/29/1998,NA,SC,5.26,5.33,0.71,1,xLS003,diam_0.71_1mm_g,,1.534767,xLSGS2,not previously published ,
ds_05,x9804,9804.07,7/29/1998,NA,SC,5.34,5.41,0.71,1,xLS003,diam_0.71_1mm_g,,2.437782,xLSGS2,not previously published ,
ds_05,x9804,9804.08,7/29/1998,NA,SC,5.41,5.49,0.71,1,xLS003,diam_0.71_1mm_g,,6.644677,xLSGS2,not previously published ,
ds_05,x9804,9804.09,7/29/1998,NA,SC,5.49,5.57,0.71,1,xLS003,diam_0.71_1mm_g,,2.40294,xLSGS2,not previously published ,
ds_05,x9804,9804.1,7/29/1998,NA,SC,5.57,5.64,0.71,1,xLS003,diam_0.71_1mm_g,,3.6176,xLSGS2,not previously published ,
ds_05,x9804,9804.11,7/29/1998,NA,SC,5.65,5.72,0.71,1,xLS003,diam_0.71_1mm_g,,7.770858,xLSGS2,not previously published ,
ds_05,x9804,9804.12,7/29/1998,NA,SC,5.72,5.8,0.71,1,xLS003,diam_0.71_1mm_g,,8.981148,xLSGS2,not previously published ,
ds_05,x9804,9804.13,7/29/1998,NA,SC,5.8,5.87,0.71,1,xLS003,diam_0.71_1mm_g,,8.79795,xLSGS2,not previously published ,
ds_05,x9804,9804.14,7/29/1998,NA,SC,5.88,5.95,0.71,1,xLS003,diam_0.71_1mm_g,,0.835497,xLSGS2,not previously published ,
ds_05,x9804,9804.15,7/29/1998,NA,SC,5.95,6.03,0.71,1,xLS003,diam_0.71_1mm_g,,0.44122,xLSGS2,not previously published ,
ds_05,x9804,9804.16,7/29/1998,NA,SC,6.03,6.11,0.71,1,xLS003,diam_0.71_1mm_g,,0.021822,xLSGS2,not previously published ,
ds_05,x9804,9804.17,7/29/1998,NA,SC,6.11,6.18,0.71,1,xLS003,diam_0.71_1mm_g,,0.316848,xLSGS2,not previously published ,
ds_05,x9804,9804.18,7/29/1998,NA,SC,6.19,6.26,0.71,1,xLS003,diam_0.71_1mm_g,,0,xLSGS2,not previously published ,
ds_05,x9804,9804.19,7/29/1998,NA,SC,6.26,6.34,0.71,1,xLS003,diam_0.71_1mm_g,,0.128862,xLSGS2,not previously published ,
ds_05,x9805,9805.01,7/29/1998,NA,SC,5.49,5.56,0.71,1,xLS003,diam_0.71_1mm_g,,3.515164,xLSGS2,not previously published ,
ds_05,x9805,9805.02,7/29/1998,NA,SC,5.56,5.64,0.71,1,xLS003,diam_0.71_1mm_g,md,,xLSGS2,not previously published ,
ds_05,x9805,9805.03,7/29/1998,NA,SC,5.64,5.71,0.71,1,xLS003,diam_0.71_1mm_g,,0.566163,xLSGS2,not previously published ,
ds_05,x9805,9805.04,7/29/1998,NA,SC,5.72,5.79,0.71,1,xLS003,diam_0.71_1mm_g,,3.7065,xLSGS2,not previously published ,
ds_05,x9805,9805.05,7/29/1998,NA,SC,5.8,5.87,0.71,1,xLS003,diam_0.71_1mm_g,,8.599984,xLSGS2,not previously published ,
ds_05,x9805,9805.06,7/29/1998,NA,SC,5.87,5.95,0.71,1,xLS003,diam_0.71_1mm_g,,7.677712,xLSGS2,not previously published ,
ds_05,x9805,9805.07,7/29/1998,NA,SC,5.95,6.03,0.71,1,xLS003,diam_0.71_1mm_g,,1.965964,xLSGS2,not previously published ,
ds_05,x9805,9805.08,7/29/1998,NA,SC,6.03,6.1,0.71,1,xLS003,diam_0.71_1mm_g,,1.657262,xLSGS2,not previously published ,
ds_05,x9805,9805.09,7/29/1998,NA,SC,6.11,6.18,0.71,1,xLS003,diam_0.71_1mm_g,,1.21133,xLSGS2,not previously published ,
ds_05,x9805,9805.1,7/29/1998,NA,SC,6.19,6.26,0.71,1,xLS003,diam_0.71_1mm_g,,4.9959,xLSGS2,not previously published ,
ds_05,x9805,9805.11,7/29/1998,NA,SC,6.26,6.34,0.71,1,xLS003,diam_0.71_1mm_g,,5.27602,xLSGS2,not previously published ,
ds_05,x9805,9805.12,7/29/1998,NA,SC,6.34,6.41,0.71,1,xLS003,diam_0.71_1mm_g,,5.347944,xLSGS2,not previously published ,
ds_05,x9805,9805.13,7/29/1998,NA,SC,6.42,6.49,0.71,1,xLS003,diam_0.71_1mm_g,,32.99672,xLSGS2,not previously published ,
ds_05,x9805,9805.14,7/29/1998,NA,SC,6.5,6.57,0.71,1,xLS003,diam_0.71_1mm_g,,25.538864,xLSGS2,not previously published ,
ds_05,x9805,9805.15,7/29/1998,NA,SC,6.57,6.65,0.71,1,xLS003,diam_0.71_1mm_g,,12.713615,xLSGS2,not previously published ,
ds_05,x9805,9805.16,7/29/1998,NA,SC,6.65,6.72,0.71,1,xLS003,diam_0.71_1mm_g,,12.567511,xLSGS2,not previously published ,
ds_05,x9805,9805.17,7/29/1998,NA,SC,6.73,6.8,0.71,1,xLS003,diam_0.71_1mm_g,,3.228176,xLSGS2,not previously published ,
ds_05,x9805,9805.18,7/29/1998,NA,SC,6.81,6.88,0.71,1,xLS003,diam_0.71_1mm_g,,9.04638,xLSGS2,not previously published ,
ds_05,x9805,9805.19,7/29/1998,NA,SC,6.88,6.96,0.71,1,xLS003,diam_0.71_1mm_g,,9.773884,xLSGS2,not previously published ,
ds_05,x9805,9805.2,7/29/1998,NA,SC,6.96,7.03,0.71,1,xLS003,diam_0.71_1mm_g,,8.4308,xLSGS2,not previously published ,
ds_05,x9805,9805.21,7/29/1998,NA,SC,7.04,7.11,0.71,1,xLS003,diam_0.71_1mm_g,,4.1878,xLSGS2,not previously published ,
ds_05,x9805,9805.22,7/29/1998,NA,SC,7.11,7.19,0.71,1,xLS003,diam_0.71_1mm_g,,0.852174,xLSGS2,not previously published ,
ds_05,x9805,9805.23,7/29/1998,NA,SC,7.19,7.26,0.71,1,xLS003,diam_0.71_1mm_g,,0.063051,xLSGS2,not previously published ,
ds_05,x9805,9805.24,7/29/1998,NA,SC,7.27,7.34,0.71,1,xLS003,diam_0.71_1mm_g,,0,xLSGS2,not previously published ,
ds_05,x9806,9806.01,7/29/1998,NA,SC,7.01,7.08,0.71,1,xLS003,diam_0.71_1mm_g,,1.609942,xLSGS2,not previously published ,
ds_05,x9806,9806.02,7/29/1998,NA,SC,7.09,7.16,0.71,1,xLS003,diam_0.71_1mm_g,,0,xLSGS2,not previously published ,
ds_05,x9806,9806.03,7/29/1998,NA,SC,7.17,7.24,0.71,1,xLS003,diam_0.71_1mm_g,,0.06174,xLSGS2,not previously published ,
ds_05,x9806,9806.04,7/29/1998,NA,SC,7.24,7.31,0.71,1,xLS003,diam_0.71_1mm_g,,0.242064,xLSGS2,not previously published ,
ds_05,x9806,9806.05,7/29/1998,NA,SC,7.32,7.39,0.71,1,xLS003,diam_0.71_1mm_g,,0.154232,xLSGS2,not previously published ,
ds_05,x9806,9806.06,7/29/1998,NA,SC,7.39,7.46,0.71,1,xLS003,diam_0.71_1mm_g,,0,xLSGS2,not previously published ,
ds_05,x9806,9806.07,7/29/1998,NA,SC,7.47,7.54,0.71,1,xLS003,diam_0.71_1mm_g,,0,xLSGS2,not previously published ,
ds_05,x9806,9806.08,7/29/1998,NA,SC,7.54,7.62,0.71,1,xLS003,diam_0.71_1mm_g,,0,xLSGS2,not previously published ,
ds_05,x9806,9806.09,7/29/1998,NA,SC,7.62,7.69,0.71,1,xLS003,diam_0.71_1mm_g,,0.064077,xLSGS2,not previously published ,
ds_05,x9806,9806.1,7/29/1998,NA,SC,7.7,7.77,0.71,1,xLS003,diam_0.71_1mm_g,,0.173104,xLSGS2,not previously published ,
ds_05,x9806,9806.11,7/29/1998,NA,SC,7.77,7.85,0.71,1,xLS003,diam_0.71_1mm_g,,0.952512,xLSGS2,not previously published ,
ds_05,x9806,9806.12,7/29/1998,NA,SC,7.85,7.92,0.71,1,xLS003,diam_0.71_1mm_g,,2.043499,xLSGS2,not previously published ,
ds_05,x9806,9806.13,7/29/1998,NA,SC,7.93,8,0.71,1,xLS003,diam_0.71_1mm_g,,2.95677,xLSGS2,not previously published ,
ds_05,x9806,9806.14,7/29/1998,NA,SC,8,8.08,0.71,1,xLS003,diam_0.71_1mm_g,md,,xLSGS2,not previously published ,
ds_05,x9806,9806.15,7/29/1998,NA,SC,8.08,8.16,0.71,1,xLS003,diam_0.71_1mm_g,,1.340199,xLSGS2,not previously published ,
ds_05,x9806,9806.16,7/29/1998,NA,SC,8.16,8.23,0.71,1,xLS003,diam_0.71_1mm_g,,1.72694,xLSGS2,not previously published ,
ds_05,x9806,9806.17,7/29/1998,NA,SC,8.24,8.31,0.71,1,xLS003,diam_0.71_1mm_g,,17.643264,xLSGS2,not previously published ,
ds_05,x9806,9806.18,7/29/1998,NA,SC,8.32,8.39,0.71,1,xLS003,diam_0.71_1mm_g,,6.64753,xLSGS2,not previously published ,
ds_05,x9806,9806.19,7/29/1998,NA,SC,8.39,8.47,0.71,1,xLS003,diam_0.71_1mm_g,,18.934302,xLSGS2,not previously published ,
ds_05,x9806,9806.2,7/29/1998,NA,SC,8.47,8.55,0.71,1,xLS003,diam_0.71_1mm_g,,33.283139,xLSGS2,not previously published ,
ds_05,x9806,9806.21,7/29/1998,NA,SC,8.55,8.62,0.71,1,xLS003,diam_0.71_1mm_g,,10.580982,xLSGS2,not previously published ,
ds_05,x9806,9806.22,7/29/1998,NA,SC,8.63,8.68,0.71,1,xLS003,diam_0.71_1mm_g,,13.094632,xLSGS2,not previously published ,
ds_05,x9807,9807.01,7/29/1998,NA,SC,7.62,7.69,0.71,1,xLS003,diam_0.71_1mm_g,,5.577376,xLSGS2,not previously published ,
ds_05,x9807,9807.02,7/29/1998,NA,SC,7.7,7.77,0.71,1,xLS003,diam_0.71_1mm_g,,5.41968,xLSGS2,not previously published ,
ds_05,x9807,9807.03,7/29/1998,NA,SC,7.77,7.85,0.71,1,xLS003,diam_0.71_1mm_g,,15.916996,xLSGS2,not previously published ,
ds_05,x9807,9807.04,7/29/1998,NA,SC,7.85,7.92,0.71,1,xLS003,diam_0.71_1mm_g,,14.88384,xLSGS2,not previously published ,
ds_05,x9807,9807.05,7/29/1998,NA,SC,7.93,8,0.71,1,xLS003,diam_0.71_1mm_g,,0.081964,xLSGS2,not previously published ,
ds_05,x9807,9807.06,7/29/1998,NA,SC,8,8.07,0.71,1,xLS003,diam_0.71_1mm_g,,0.559953,xLSGS2,not previously published ,
ds_05,x9807,9807.07,7/29/1998,NA,SC,8.08,8.15,0.71,1,xLS003,diam_0.71_1mm_g,,0.487669,xLSGS2,not previously published ,
ds_05,x9807,9807.08,7/29/1998,NA,SC,8.15,8.23,0.71,1,xLS003,diam_0.71_1mm_g,,0.331904,xLSGS2,not previously published ,
ds_05,x9807,9807.09,7/29/1998,NA,SC,8.23,8.3,0.71,1,xLS003,diam_0.71_1mm_g,,0.621963,xLSGS2,not previously published ,
ds_05,x9807,9807.1,7/29/1998,NA,SC,8.31,8.38,0.71,1,xLS003,diam_0.71_1mm_g,,0.352832,xLSGS2,not previously published ,
ds_05,x9807,9807.11,7/29/1998,NA,SC,8.39,8.46,0.71,1,xLS003,diam_0.71_1mm_g,,0.684418,xLSGS2,not previously published ,
ds_05,x9807,9807.12,7/29/1998,NA,SC,8.46,8.54,0.71,1,xLS003,diam_0.71_1mm_g,,1.365147,xLSGS2,not previously published ,
ds_05,x9807,9807.13,7/29/1998,NA,SC,8.54,8.61,0.71,1,xLS003,diam_0.71_1mm_g,,8.467836,xLSGS2,not previously published ,
ds_05,x9807,9807.14,7/29/1998,NA,SC,8.62,8.69,0.71,1,xLS003,diam_0.71_1mm_g,,7.172334,xLSGS2,not previously published ,
ds_05,x9807,9807.15,7/29/1998,NA,SC,8.7,8.77,0.71,1,xLS003,diam_0.71_1mm_g,,5.63202,xLSGS2,not previously published ,
ds_05,x9807,9807.16,7/29/1998,NA,SC,8.77,8.85,0.71,1,xLS003,diam_0.71_1mm_g,,20.462385,xLSGS2,not previously published ,
ds_05,x9807,9807.17,7/29/1998,NA,SC,8.85,8.92,0.71,1,xLS003,diam_0.71_1mm_g,,5.002152,xLSGS2,not previously published ,
ds_05,x9807,9807.18,7/29/1998,NA,SC,8.93,9,0.71,1,xLS003,diam_0.71_1mm_g,,1.848663,xLSGS2,not previously published ,
ds_05,x9807,9807.19,7/29/1998,NA,SC,9.01,9.08,0.71,1,xLS003,diam_0.71_1mm_g,,2.984556,xLSGS2,not previously published ,
ds_05,x9807,9807.2,7/29/1998,NA,SC,9.08,9.16,0.71,1,xLS003,diam_0.71_1mm_g,,2.069064,xLSGS2,not previously published ,
ds_05,x9808,9808.01,7/29/1998,NA,SC,7.01,7.08,0.71,1,xLS003,diam_0.71_1mm_g,,5.966105,xLSGS2,not previously published ,
ds_05,x9808,9808.02,7/29/1998,NA,SC,7.09,7.16,0.71,1,xLS003,diam_0.71_1mm_g,,1.60584,xLSGS2,not previously published ,
ds_05,x9808,9808.03,7/29/1998,NA,SC,7.16,7.24,0.71,1,xLS003,diam_0.71_1mm_g,,0,xLSGS2,not previously published ,
ds_05,x9808,9808.04,7/29/1998,NA,SC,7.24,7.31,0.71,1,xLS003,diam_0.71_1mm_g,,0.236038,xLSGS2,not previously published ,
ds_05,x9808,9808.05,7/29/1998,NA,SC,7.32,7.39,0.71,1,xLS003,diam_0.71_1mm_g,,0.33267,xLSGS2,not previously published ,
ds_05,x9808,9808.06,7/29/1998,NA,SC,7.4,7.47,0.71,1,xLS003,diam_0.71_1mm_g,,0.407607,xLSGS2,not previously published ,
ds_05,x9808,9808.07,7/29/1998,NA,SC,7.47,7.55,0.71,1,xLS003,diam_0.71_1mm_g,,0.698313,xLSGS2,not previously published ,
ds_05,x9808,9808.08,7/29/1998,NA,SC,7.55,7.62,0.71,1,xLS003,diam_0.71_1mm_g,,1.096784,xLSGS2,not previously published ,
ds_05,x9808,9808.09,7/29/1998,NA,SC,7.63,7.7,0.71,1,xLS003,diam_0.71_1mm_g,,1.246014,xLSGS2,not previously published ,
ds_05,x9808,9808.1,7/29/1998,NA,SC,7.71,7.78,0.71,1,xLS003,diam_0.71_1mm_g,,1.566576,xLSGS2,not previously published ,
ds_05,x9808,9808.11,7/29/1998,NA,SC,7.78,7.86,0.71,1,xLS003,diam_0.71_1mm_g,,1.314078,xLSGS2,not previously published ,
ds_05,x9808,9808.12,7/29/1998,NA,SC,7.86,7.93,0.71,1,xLS003,diam_0.71_1mm_g,,0.757764,xLSGS2,not previously published ,
ds_05,x9808,9808.13,7/29/1998,NA,SC,7.94,8.01,0.71,1,xLS003,diam_0.71_1mm_g,,0.045446,xLSGS2,not previously published ,
ds_05,x9808,9808.14,7/29/1998,NA,SC,8.02,8.09,0.71,1,xLS003,diam_0.71_1mm_g,,0.04465,xLSGS2,not previously published ,
ds_05,x9808,9808.15,7/29/1998,NA,SC,8.09,8.17,0.71,1,xLS003,diam_0.71_1mm_g,,0,xLSGS2,not previously published ,
ds_05,x9808,9808.16,7/29/1998,NA,SC,8.17,8.25,0.71,1,xLS003,diam_0.71_1mm_g,,0.086248,xLSGS2,not previously published ,
ds_05,x9808,9808.17,7/29/1998,NA,SC,8.25,8.32,0.71,1,xLS003,diam_0.71_1mm_g,,0.084932,xLSGS2,not previously published ,
ds_05,x9808,9808.18,7/29/1998,NA,SC,8.33,8.4,0.71,1,xLS003,diam_0.71_1mm_g,,9.0447,xLSGS2,not previously published ,
ds_05,x9808,9808.19,7/29/1998,NA,SC,8.4,8.48,0.71,1,xLS003,diam_0.71_1mm_g,,0.0888,xLSGS2,not previously published ,
ds_05,x9808,9808.2,7/29/1998,NA,SC,8.48,8.55,0.71,1,xLS003,diam_0.71_1mm_g,,0.044268,xLSGS2,not previously published ,
ds_05,x9808,9808.21,7/29/1998,NA,SC,8.56,8.63,0.71,1,xLS003,diam_0.71_1mm_g,,0,xLSGS2,not previously published ,
ds_05,x9808,9808.22,7/29/1998,NA,SC,8.64,8.71,0.71,1,xLS003,diam_0.71_1mm_g,,1.173975,xLSGS2,not previously published ,
ds_05,x9808,9808.23,7/29/1998,NA,SC,8.71,8.79,0.71,1,xLS003,diam_0.71_1mm_g,,6.067152,xLSGS2,not previously published ,
ds_05,x9808,9808.24,7/29/1998,NA,SC,8.79,8.87,0.71,1,xLS003,diam_0.71_1mm_g,,0.91719,xLSGS2,not previously published ,
ds_05,x9802,9802.01,7/29/1998,NA,SC,5.18,5.26,0.5,0.71,xLS004,diam_0.5_0.71mm_g,,17.07218,xLSGS2,not previously published ,
ds_05,x9802,9802.02,7/29/1998,NA,SC,5.26,5.33,0.5,0.71,xLS004,diam_0.5_0.71mm_g,,16.138239,xLSGS2,not previously published ,
ds_05,x9802,9802.03,7/29/1998,NA,SC,5.34,5.41,0.5,0.71,xLS004,diam_0.5_0.71mm_g,,27.398592,xLSGS2,not previously published ,
ds_05,x9802,9802.04,7/29/1998,NA,SC,5.42,5.49,0.5,0.71,xLS004,diam_0.5_0.71mm_g,,11.060175,xLSGS2,not previously published ,
ds_05,x9802,9802.05,7/29/1998,NA,SC,5.49,5.57,0.5,0.71,xLS004,diam_0.5_0.71mm_g,,13.880526,xLSGS2,not previously published ,
ds_05,x9802,9802.06,7/29/1998,NA,SC,5.57,5.64,0.5,0.71,xLS004,diam_0.5_0.71mm_g,,6.58042,xLSGS2,not previously published ,
ds_05,x9802,9802.07,7/29/1998,NA,SC,5.65,5.72,0.5,0.71,xLS004,diam_0.5_0.71mm_g,,18.358008,xLSGS2,not previously published ,
ds_05,x9802,9802.08,7/29/1998,NA,SC,5.72,5.8,0.5,0.71,xLS004,diam_0.5_0.71mm_g,,16.261117,xLSGS2,not previously published ,
ds_05,x9802,9802.09,7/29/1998,NA,SC,5.8,5.87,0.5,0.71,xLS004,diam_0.5_0.71mm_g,,23.748552,xLSGS2,not previously published ,
ds_05,x9802,9802.1,7/29/1998,NA,SC,5.88,5.95,0.5,0.71,xLS004,diam_0.5_0.71mm_g,,7.49194,xLSGS2,not previously published ,
ds_05,x9802,9802.11,7/29/1998,NA,SC,5.95,6.03,0.5,0.71,xLS004,diam_0.5_0.71mm_g,,0.41173,xLSGS2,not previously published ,
ds_05,x9802,9802.12,7/29/1998,NA,SC,6.03,6.1,0.5,0.71,xLS004,diam_0.5_0.71mm_g,,0.869815,xLSGS2,not previously published ,
ds_05,x9802,9802.13,7/29/1998,NA,SC,6.11,6.18,0.5,0.71,xLS004,diam_0.5_0.71mm_g,,0.239239,xLSGS2,not previously published ,
ds_05,x9802,9802.14,7/29/1998,NA,SC,6.18,6.26,0.5,0.71,xLS004,diam_0.5_0.71mm_g,,21.869672,xLSGS2,not previously published ,
ds_05,x9802,9802.15,7/29/1998,NA,SC,6.26,6.34,0.5,0.71,xLS004,diam_0.5_0.71mm_g,,8.64468,xLSGS2,not previously published ,
ds_05,x9802,9802.16,7/29/1998,NA,SC,6.34,6.41,0.5,0.71,xLS004,diam_0.5_0.71mm_g,,0.460971,xLSGS2,not previously published ,
ds_05,x9802,9802.17,7/29/1998,NA,SC,6.42,6.49,0.5,0.71,xLS004,diam_0.5_0.71mm_g,,0.171208,xLSGS2,not previously published ,
ds_05,x9802,9802.18,7/29/1998,NA,SC,6.49,6.57,0.5,0.71,xLS004,diam_0.5_0.71mm_g,,0.088772,xLSGS2,not previously published ,
ds_05,x9802,9802.19,7/29/1998,NA,SC,6.57,6.64,0.5,0.71,xLS004,diam_0.5_0.71mm_g,,0.40352,xLSGS2,not previously published ,
ds_05,x9802,9802.2,7/29/1998,NA,SC,6.65,6.72,0.5,0.71,xLS004,diam_0.5_0.71mm_g,,0.275171,xLSGS2,not previously published ,
ds_05,x9802,9802.21,7/29/1998,NA,SC,6.72,6.8,0.5,0.71,xLS004,diam_0.5_0.71mm_g,,0.32992,xLSGS2,not previously published ,
ds_05,x9803,9803.01,7/29/1998,NA,SC,4.57,4.64,0.5,0.71,xLS004,diam_0.5_0.71mm_g,,32.118828,xLSGS2,not previously published ,
ds_05,x9803,9803.02,7/29/1998,NA,SC,4.65,4.72,0.5,0.71,xLS004,diam_0.5_0.71mm_g,,32.2685,xLSGS2,not previously published ,
ds_05,x9803,9803.03,7/29/1998,NA,SC,4.73,4.8,0.5,0.71,xLS004,diam_0.5_0.71mm_g,,26.83637,xLSGS2,not previously published ,
ds_05,x9803,9803.04,7/29/1998,NA,SC,4.8,4.87,0.5,0.71,xLS004,diam_0.5_0.71mm_g,,32.298183,xLSGS2,not previously published ,
ds_05,x9803,9803.05,7/29/1998,NA,SC,4.88,4.95,0.5,0.71,xLS004,diam_0.5_0.71mm_g,,28.474108,xLSGS2,not previously published ,
ds_05,x9803,9803.06,7/29/1998,NA,SC,4.95,5.03,0.5,0.71,xLS004,diam_0.5_0.71mm_g,,20.470564,xLSGS2,not previously published ,
ds_05,x9803,9803.07,7/29/1998,NA,SC,5.03,5.1,0.5,0.71,xLS004,diam_0.5_0.71mm_g,,32.850528,xLSGS2,not previously published ,
ds_05,x9803,9803.08,7/29/1998,NA,SC,5.11,5.18,0.5,0.71,xLS004,diam_0.5_0.71mm_g,,26.939808,xLSGS2,not previously published ,
ds_05,x9803,9803.09,7/29/1998,NA,SC,5.18,5.25,0.5,0.71,xLS004,diam_0.5_0.71mm_g,,23.464311,xLSGS2,not previously published ,
ds_05,x9803,9803.1,7/29/1998,NA,SC,5.26,5.33,0.5,0.71,xLS004,diam_0.5_0.71mm_g,,9.815252,xLSGS2,not previously published ,
ds_05,x9803,9803.11,7/29/1998,NA,SC,5.33,5.41,0.5,0.71,xLS004,diam_0.5_0.71mm_g,,16.523065,xLSGS2,not previously published ,
ds_05,x9803,9803.12,7/29/1998,NA,SC,5.41,5.48,0.5,0.71,xLS004,diam_0.5_0.71mm_g,,9.121927,xLSGS2,not previously published ,
ds_05,x9803,9803.13,7/29/1998,NA,SC,5.49,5.56,0.5,0.71,xLS004,diam_0.5_0.71mm_g,,2.515617,xLSGS2,not previously published ,
ds_05,x9803,9803.14,7/29/1998,NA,SC,5.57,5.64,0.5,0.71,xLS004,diam_0.5_0.71mm_g,,6.014836,xLSGS2,not previously published ,
ds_05,x9803,9803.15,7/29/1998,NA,SC,5.64,5.71,0.5,0.71,xLS004,diam_0.5_0.71mm_g,,5.930106,xLSGS2,not previously published ,
ds_05,x9803,9803.16,7/29/1998,NA,SC,5.72,5.79,0.5,0.71,xLS004,diam_0.5_0.71mm_g,,2.865986,xLSGS2,not previously published ,
ds_05,x9803,9803.17,7/29/1998,NA,SC,5.8,5.87,0.5,0.71,xLS004,diam_0.5_0.71mm_g,,0.332205,xLSGS2,not previously published ,
ds_05,x9803,9803.18,7/29/1998,NA,SC,5.87,5.95,0.5,0.71,xLS004,diam_0.5_0.71mm_g,,0.3408,xLSGS2,not previously published ,
ds_05,x9803,9803.19,7/29/1998,NA,SC,5.95,6.02,0.5,0.71,xLS004,diam_0.5_0.71mm_g,,0.53705,xLSGS2,not previously published ,
ds_05,x9803,9803.2,7/29/1998,NA,SC,6.03,6.1,0.5,0.71,xLS004,diam_0.5_0.71mm_g,,0.475486,xLSGS2,not previously published ,
ds_05,x9803,9803.21,7/29/1998,NA,SC,6.1,6.18,0.5,0.71,xLS004,diam_0.5_0.71mm_g,,0.290738,xLSGS2,not previously published ,
ds_05,x9804,9804.01,7/29/1998,NA,SC,4.88,4.95,0.5,0.71,xLS004,diam_0.5_0.71mm_g,,9.831696,xLSGS2,not previously published ,
ds_05,x9804,9804.02,7/29/1998,NA,SC,4.95,5.02,0.5,0.71,xLS004,diam_0.5_0.71mm_g,,9.982984,xLSGS2,not previously published ,
ds_05,x9804,9804.03,7/29/1998,NA,SC,5.03,5.1,0.5,0.71,xLS004,diam_0.5_0.71mm_g,,14.345124,xLSGS2,not previously published ,
ds_05,x9804,9804.04,7/29/1998,NA,SC,5.11,5.18,0.5,0.71,xLS004,diam_0.5_0.71mm_g,,22.257018,xLSGS2,not previously published ,
ds_05,x9804,9804.05,7/29/1998,NA,SC,5.18,5.25,0.5,0.71,xLS004,diam_0.5_0.71mm_g,,19.036446,xLSGS2,not previously published ,
ds_05,x9804,9804.06,7/29/1998,NA,SC,5.26,5.33,0.5,0.71,xLS004,diam_0.5_0.71mm_g,,31.651789,xLSGS2,not previously published ,
ds_05,x9804,9804.07,7/29/1998,NA,SC,5.34,5.41,0.5,0.71,xLS004,diam_0.5_0.71mm_g,,22.423202,xLSGS2,not previously published ,
ds_05,x9804,9804.08,7/29/1998,NA,SC,5.41,5.49,0.5,0.71,xLS004,diam_0.5_0.71mm_g,,19.911808,xLSGS2,not previously published ,
ds_05,x9804,9804.09,7/29/1998,NA,SC,5.49,5.57,0.5,0.71,xLS004,diam_0.5_0.71mm_g,,11.082525,xLSGS2,not previously published ,
ds_05,x9804,9804.1,7/29/1998,NA,SC,5.57,5.64,0.5,0.71,xLS004,diam_0.5_0.71mm_g,,14.98112,xLSGS2,not previously published ,
ds_05,x9804,9804.11,7/29/1998,NA,SC,5.65,5.72,0.5,0.71,xLS004,diam_0.5_0.71mm_g,,19.183644,xLSGS2,not previously published ,
ds_05,x9804,9804.12,7/29/1998,NA,SC,5.72,5.8,0.5,0.71,xLS004,diam_0.5_0.71mm_g,,19.853064,xLSGS2,not previously published ,
ds_05,x9804,9804.13,7/29/1998,NA,SC,5.8,5.87,0.5,0.71,xLS004,diam_0.5_0.71mm_g,,15.36885,xLSGS2,not previously published ,
ds_05,x9804,9804.14,7/29/1998,NA,SC,5.88,5.95,0.5,0.71,xLS004,diam_0.5_0.71mm_g,,1.535508,xLSGS2,not previously published ,
ds_05,x9804,9804.15,7/29/1998,NA,SC,5.95,6.03,0.5,0.71,xLS004,diam_0.5_0.71mm_g,,0.66183,xLSGS2,not previously published ,
ds_05,x9804,9804.16,7/29/1998,NA,SC,6.03,6.11,0.5,0.71,xLS004,diam_0.5_0.71mm_g,,0.065466,xLSGS2,not previously published ,
ds_05,x9804,9804.17,7/29/1998,NA,SC,6.11,6.18,0.5,0.71,xLS004,diam_0.5_0.71mm_g,,0.633696,xLSGS2,not previously published ,
ds_05,x9804,9804.18,7/29/1998,NA,SC,6.19,6.26,0.5,0.71,xLS004,diam_0.5_0.71mm_g,,0.067035,xLSGS2,not previously published ,
ds_05,x9804,9804.19,7/29/1998,NA,SC,6.26,6.34,0.5,0.71,xLS004,diam_0.5_0.71mm_g,,0.21477,xLSGS2,not previously published ,
ds_05,x9805,9805.01,7/29/1998,NA,SC,5.49,5.56,0.5,0.71,xLS004,diam_0.5_0.71mm_g,,12.037393,xLSGS2,not previously published ,
ds_05,x9805,9805.02,7/29/1998,NA,SC,5.56,5.64,0.5,0.71,xLS004,diam_0.5_0.71mm_g,md,,xLSGS2,not previously published ,
ds_05,x9805,9805.03,7/29/1998,NA,SC,5.64,5.71,0.5,0.71,xLS004,diam_0.5_0.71mm_g,,5.45194,xLSGS2,not previously published ,
ds_05,x9805,9805.04,7/29/1998,NA,SC,5.72,5.79,0.5,0.71,xLS004,diam_0.5_0.71mm_g,,15.80028,xLSGS2,not previously published ,
ds_05,x9805,9805.05,7/29/1998,NA,SC,5.8,5.87,0.5,0.71,xLS004,diam_0.5_0.71mm_g,,21.910512,xLSGS2,not previously published ,
ds_05,x9805,9805.06,7/29/1998,NA,SC,5.87,5.95,0.5,0.71,xLS004,diam_0.5_0.71mm_g,,17.481904,xLSGS2,not previously published ,
ds_05,x9805,9805.07,7/29/1998,NA,SC,5.95,6.03,0.5,0.71,xLS004,diam_0.5_0.71mm_g,,4.774484,xLSGS2,not previously published ,
ds_05,x9805,9805.08,7/29/1998,NA,SC,6.03,6.1,0.5,0.71,xLS004,diam_0.5_0.71mm_g,,11.768658,xLSGS2,not previously published ,
ds_05,x9805,9805.09,7/29/1998,NA,SC,6.11,6.18,0.5,0.71,xLS004,diam_0.5_0.71mm_g,,12.510115,xLSGS2,not previously published ,
ds_05,x9805,9805.1,7/29/1998,NA,SC,6.19,6.26,0.5,0.71,xLS004,diam_0.5_0.71mm_g,,24.2536,xLSGS2,not previously published ,
ds_05,x9805,9805.11,7/29/1998,NA,SC,6.26,6.34,0.5,0.71,xLS004,diam_0.5_0.71mm_g,,32.8963,xLSGS2,not previously published ,
ds_05,x9805,9805.12,7/29/1998,NA,SC,6.34,6.41,0.5,0.71,xLS004,diam_0.5_0.71mm_g,,38.129616,xLSGS2,not previously published ,
ds_05,x9805,9805.13,7/29/1998,NA,SC,6.42,6.49,0.5,0.71,xLS004,diam_0.5_0.71mm_g,,54.736964,xLSGS2,not previously published ,
ds_05,x9805,9805.14,7/29/1998,NA,SC,6.5,6.57,0.5,0.71,xLS004,diam_0.5_0.71mm_g,,46.566,xLSGS2,not previously published ,
ds_05,x9805,9805.15,7/29/1998,NA,SC,6.57,6.65,0.5,0.71,xLS004,diam_0.5_0.71mm_g,,33.407275,xLSGS2,not previously published ,
ds_05,x9805,9805.16,7/29/1998,NA,SC,6.65,6.72,0.5,0.71,xLS004,diam_0.5_0.71mm_g,,45.188671,xLSGS2,not previously published ,
ds_05,x9805,9805.17,7/29/1998,NA,SC,6.73,6.8,0.5,0.71,xLS004,diam_0.5_0.71mm_g,,13.6325,xLSGS2,not previously published ,
ds_05,x9805,9805.18,7/29/1998,NA,SC,6.81,6.88,0.5,0.71,xLS004,diam_0.5_0.71mm_g,,20.935908,xLSGS2,not previously published ,
ds_05,x9805,9805.19,7/29/1998,NA,SC,6.88,6.96,0.5,0.71,xLS004,diam_0.5_0.71mm_g,,24.32984,xLSGS2,not previously published ,
ds_05,x9805,9805.2,7/29/1998,NA,SC,6.96,7.03,0.5,0.71,xLS004,diam_0.5_0.71mm_g,,31.151806,xLSGS2,not previously published ,
ds_05,x9805,9805.21,7/29/1998,NA,SC,7.04,7.11,0.5,0.71,xLS004,diam_0.5_0.71mm_g,,7.684613,xLSGS2,not previously published ,
ds_05,x9805,9805.22,7/29/1998,NA,SC,7.11,7.19,0.5,0.71,xLS004,diam_0.5_0.71mm_g,,1.18908,xLSGS2,not previously published ,
ds_05,x9805,9805.23,7/29/1998,NA,SC,7.19,7.26,0.5,0.71,xLS004,diam_0.5_0.71mm_g,,0.105085,xLSGS2,not previously published ,
ds_05,x9805,9805.24,7/29/1998,NA,SC,7.27,7.34,0.5,0.71,xLS004,diam_0.5_0.71mm_g,,0.106095,xLSGS2,not previously published ,
ds_05,x9806,9806.01,7/29/1998,NA,SC,7.01,7.08,0.5,0.71,xLS004,diam_0.5_0.71mm_g,,4.278476,xLSGS2,not previously published ,
ds_05,x9806,9806.02,7/29/1998,NA,SC,7.09,7.16,0.5,0.71,xLS004,diam_0.5_0.71mm_g,,0,xLSGS2,not previously published ,
ds_05,x9806,9806.03,7/29/1998,NA,SC,7.17,7.24,0.5,0.71,xLS004,diam_0.5_0.71mm_g,,0.08232,xLSGS2,not previously published ,
ds_05,x9806,9806.04,7/29/1998,NA,SC,7.24,7.31,0.5,0.71,xLS004,diam_0.5_0.71mm_g,,0.544644,xLSGS2,not previously published ,
ds_05,x9806,9806.05,7/29/1998,NA,SC,7.32,7.39,0.5,0.71,xLS004,diam_0.5_0.71mm_g,,0.269906,xLSGS2,not previously published ,
ds_05,x9806,9806.06,7/29/1998,NA,SC,7.39,7.46,0.5,0.71,xLS004,diam_0.5_0.71mm_g,,0,xLSGS2,not previously published ,
ds_05,x9806,9806.07,7/29/1998,NA,SC,7.47,7.54,0.5,0.71,xLS004,diam_0.5_0.71mm_g,,0.021208,xLSGS2,not previously published ,
ds_05,x9806,9806.08,7/29/1998,NA,SC,7.54,7.62,0.5,0.71,xLS004,diam_0.5_0.71mm_g,,0.020925,xLSGS2,not previously published ,
ds_05,x9806,9806.09,7/29/1998,NA,SC,7.62,7.69,0.5,0.71,xLS004,diam_0.5_0.71mm_g,,0.149513,xLSGS2,not previously published ,
ds_05,x9806,9806.1,7/29/1998,NA,SC,7.7,7.77,0.5,0.71,xLS004,diam_0.5_0.71mm_g,,0.302932,xLSGS2,not previously published ,
ds_05,x9806,9806.11,7/29/1998,NA,SC,7.77,7.85,0.5,0.71,xLS004,diam_0.5_0.71mm_g,,2.917068,xLSGS2,not previously published ,
ds_05,x9806,9806.12,7/29/1998,NA,SC,7.85,7.92,0.5,0.71,xLS004,diam_0.5_0.71mm_g,,4.445137,xLSGS2,not previously published ,
ds_05,x9806,9806.13,7/29/1998,NA,SC,7.93,8,0.5,0.71,xLS004,diam_0.5_0.71mm_g,,4.424204,xLSGS2,not previously published ,
ds_05,x9806,9806.14,7/29/1998,NA,SC,8,8.08,0.5,0.71,xLS004,diam_0.5_0.71mm_g,md,,xLSGS2,not previously published ,
ds_05,x9806,9806.15,7/29/1998,NA,SC,8.08,8.16,0.5,0.71,xLS004,diam_0.5_0.71mm_g,,2.829309,xLSGS2,not previously published ,
ds_05,x9806,9806.16,7/29/1998,NA,SC,8.16,8.23,0.5,0.71,xLS004,diam_0.5_0.71mm_g,,4.5906,xLSGS2,not previously published ,
ds_05,x9806,9806.17,7/29/1998,NA,SC,8.24,8.31,0.5,0.71,xLS004,diam_0.5_0.71mm_g,,30.967604,xLSGS2,not previously published ,
ds_05,x9806,9806.18,7/29/1998,NA,SC,8.32,8.39,0.5,0.71,xLS004,diam_0.5_0.71mm_g,,10.996592,xLSGS2,not previously published ,
ds_05,x9806,9806.19,7/29/1998,NA,SC,8.39,8.47,0.5,0.71,xLS004,diam_0.5_0.71mm_g,,28.514968,xLSGS2,not previously published ,
ds_05,x9806,9806.2,7/29/1998,NA,SC,8.47,8.55,0.5,0.71,xLS004,diam_0.5_0.71mm_g,,35.858474,xLSGS2,not previously published ,
ds_05,x9806,9806.21,7/29/1998,NA,SC,8.55,8.62,0.5,0.71,xLS004,diam_0.5_0.71mm_g,,10.429516,xLSGS2,not previously published ,
ds_05,x9806,9806.22,7/29/1998,NA,SC,8.63,8.68,0.5,0.71,xLS004,diam_0.5_0.71mm_g,,31.511712,xLSGS2,not previously published ,
ds_05,x9807,9807.01,7/29/1998,NA,SC,7.62,7.69,0.5,0.71,xLS004,diam_0.5_0.71mm_g,,11.923064,xLSGS2,not previously published ,
ds_05,x9807,9807.02,7/29/1998,NA,SC,7.7,7.77,0.5,0.71,xLS004,diam_0.5_0.71mm_g,,20.93674,xLSGS2,not previously published ,
ds_05,x9807,9807.03,7/29/1998,NA,SC,7.77,7.85,0.5,0.71,xLS004,diam_0.5_0.71mm_g,,46.072537,xLSGS2,not previously published ,
ds_05,x9807,9807.04,7/29/1998,NA,SC,7.85,7.92,0.5,0.71,xLS004,diam_0.5_0.71mm_g,,32.45504,xLSGS2,not previously published ,
ds_05,x9807,9807.05,7/29/1998,NA,SC,7.93,8,0.5,0.71,xLS004,diam_0.5_0.71mm_g,,0.184419,xLSGS2,not previously published ,
ds_05,x9807,9807.06,7/29/1998,NA,SC,8,8.07,0.5,0.71,xLS004,diam_0.5_0.71mm_g,,0.912516,xLSGS2,not previously published ,
ds_05,x9807,9807.07,7/29/1998,NA,SC,8.08,8.15,0.5,0.71,xLS004,diam_0.5_0.71mm_g,,0.763308,xLSGS2,not previously published ,
ds_05,x9807,9807.08,7/29/1998,NA,SC,8.15,8.23,0.5,0.71,xLS004,diam_0.5_0.71mm_g,,0.580832,xLSGS2,not previously published ,
ds_05,x9807,9807.09,7/29/1998,NA,SC,8.23,8.3,0.5,0.71,xLS004,diam_0.5_0.71mm_g,,1.158138,xLSGS2,not previously published ,
ds_05,x9807,9807.1,7/29/1998,NA,SC,8.31,8.38,0.5,0.71,xLS004,diam_0.5_0.71mm_g,,0.815924,xLSGS2,not previously published ,
ds_05,x9807,9807.11,7/29/1998,NA,SC,8.39,8.46,0.5,0.71,xLS004,diam_0.5_0.71mm_g,,1.54546,xLSGS2,not previously published ,
ds_05,x9807,9807.12,7/29/1998,NA,SC,8.46,8.54,0.5,0.71,xLS004,diam_0.5_0.71mm_g,,2.231907,xLSGS2,not previously published ,
ds_05,x9807,9807.13,7/29/1998,NA,SC,8.54,8.61,0.5,0.71,xLS004,diam_0.5_0.71mm_g,,7.352449,xLSGS2,not previously published ,
ds_05,x9807,9807.14,7/29/1998,NA,SC,8.62,8.69,0.5,0.71,xLS004,diam_0.5_0.71mm_g,,11.586078,xLSGS2,not previously published ,
ds_05,x9807,9807.15,7/29/1998,NA,SC,8.7,8.77,0.5,0.71,xLS004,diam_0.5_0.71mm_g,,4.350105,xLSGS2,not previously published ,
ds_05,x9807,9807.16,7/29/1998,NA,SC,8.77,8.85,0.5,0.71,xLS004,diam_0.5_0.71mm_g,,15.615429,xLSGS2,not previously published ,
ds_05,x9807,9807.17,7/29/1998,NA,SC,8.85,8.92,0.5,0.71,xLS004,diam_0.5_0.71mm_g,,7.611033,xLSGS2,not previously published ,
ds_05,x9807,9807.18,7/29/1998,NA,SC,8.93,9,0.5,0.71,xLS004,diam_0.5_0.71mm_g,,1.551177,xLSGS2,not previously published ,
ds_05,x9807,9807.19,7/29/1998,NA,SC,9.01,9.08,0.5,0.71,xLS004,diam_0.5_0.71mm_g,,2.438088,xLSGS2,not previously published ,
ds_05,x9807,9807.2,7/29/1998,NA,SC,9.08,9.16,0.5,0.71,xLS004,diam_0.5_0.71mm_g,,1.785402,xLSGS2,not previously published ,
ds_05,x9808,9808.01,7/29/1998,NA,SC,7.01,7.08,0.5,0.71,xLS004,diam_0.5_0.71mm_g,,13.399285,xLSGS2,not previously published ,
ds_05,x9808,9808.02,7/29/1998,NA,SC,7.09,7.16,0.5,0.71,xLS004,diam_0.5_0.71mm_g,,9.153288,xLSGS2,not previously published ,
ds_05,x9808,9808.03,7/29/1998,NA,SC,7.16,7.24,0.5,0.71,xLS004,diam_0.5_0.71mm_g,,0.043292,xLSGS2,not previously published ,
ds_05,x9808,9808.04,7/29/1998,NA,SC,7.24,7.31,0.5,0.71,xLS004,diam_0.5_0.71mm_g,,1.008526,xLSGS2,not previously published ,
ds_05,x9808,9808.05,7/29/1998,NA,SC,7.32,7.39,0.5,0.71,xLS004,diam_0.5_0.71mm_g,,3.504124,xLSGS2,not previously published ,
ds_05,x9808,9808.06,7/29/1998,NA,SC,7.4,7.47,0.5,0.71,xLS004,diam_0.5_0.71mm_g,,3.411027,xLSGS2,not previously published ,
ds_05,x9808,9808.07,7/29/1998,NA,SC,7.47,7.55,0.5,0.71,xLS004,diam_0.5_0.71mm_g,,4.676581,xLSGS2,not previously published ,
ds_05,x9808,9808.08,7/29/1998,NA,SC,7.55,7.62,0.5,0.71,xLS004,diam_0.5_0.71mm_g,,10.145252,xLSGS2,not previously published ,
ds_05,x9808,9808.09,7/29/1998,NA,SC,7.63,7.7,0.5,0.71,xLS004,diam_0.5_0.71mm_g,,9.559935,xLSGS2,not previously published ,
ds_05,x9808,9808.1,7/29/1998,NA,SC,7.71,7.78,0.5,0.71,xLS004,diam_0.5_0.71mm_g,,5.635322,xLSGS2,not previously published ,
ds_05,x9808,9808.11,7/29/1998,NA,SC,7.78,7.86,0.5,0.71,xLS004,diam_0.5_0.71mm_g,,0.69162,xLSGS2,not previously published ,
ds_05,x9808,9808.12,7/29/1998,NA,SC,7.86,7.93,0.5,0.71,xLS004,diam_0.5_0.71mm_g,,0.42098,xLSGS2,not previously published ,
ds_05,x9808,9808.13,7/29/1998,NA,SC,7.94,8.01,0.5,0.71,xLS004,diam_0.5_0.71mm_g,,0.136338,xLSGS2,not previously published ,
ds_05,x9808,9808.14,7/29/1998,NA,SC,8.02,8.09,0.5,0.71,xLS004,diam_0.5_0.71mm_g,,0.0893,xLSGS2,not previously published ,
ds_05,x9808,9808.15,7/29/1998,NA,SC,8.09,8.17,0.5,0.71,xLS004,diam_0.5_0.71mm_g,,0.065394,xLSGS2,not previously published ,
ds_05,x9808,9808.16,7/29/1998,NA,SC,8.17,8.25,0.5,0.71,xLS004,diam_0.5_0.71mm_g,,0.194058,xLSGS2,not previously published ,
ds_05,x9808,9808.17,7/29/1998,NA,SC,8.25,8.32,0.5,0.71,xLS004,diam_0.5_0.71mm_g,,0.297262,xLSGS2,not previously published ,
ds_05,x9808,9808.18,7/29/1998,NA,SC,8.33,8.4,0.5,0.71,xLS004,diam_0.5_0.71mm_g,,20.93202,xLSGS2,not previously published ,
ds_05,x9808,9808.19,7/29/1998,NA,SC,8.4,8.48,0.5,0.71,xLS004,diam_0.5_0.71mm_g,,0.222,xLSGS2,not previously published ,
ds_05,x9808,9808.2,7/29/1998,NA,SC,8.48,8.55,0.5,0.71,xLS004,diam_0.5_0.71mm_g,,0.132804,xLSGS2,not previously published ,
ds_05,x9808,9808.21,7/29/1998,NA,SC,8.56,8.63,0.5,0.71,xLS004,diam_0.5_0.71mm_g,,0.087352,xLSGS2,not previously published ,
ds_05,x9808,9808.22,7/29/1998,NA,SC,8.64,8.71,0.5,0.71,xLS004,diam_0.5_0.71mm_g,,2.04912,xLSGS2,not previously published ,
ds_05,x9808,9808.23,7/29/1998,NA,SC,8.71,8.79,0.5,0.71,xLS004,diam_0.5_0.71mm_g,,10.756416,xLSGS2,not previously published ,
ds_05,x9808,9808.24,7/29/1998,NA,SC,8.79,8.87,0.5,0.71,xLS004,diam_0.5_0.71mm_g,,2.3463,xLSGS2,not previously published ,
ds_05,x9802,9802.01,7/29/1998,NA,SC,5.18,5.26,0.355,0.5,xLS005,diam_0.355_0.5mm_g,,53.434836,xLSGS2,not previously published ,
ds_05,x9802,9802.02,7/29/1998,NA,SC,5.26,5.33,0.355,0.5,xLS005,diam_0.355_0.5mm_g,,67.797795,xLSGS2,not previously published ,
ds_05,x9802,9802.03,7/29/1998,NA,SC,5.34,5.41,0.355,0.5,xLS005,diam_0.355_0.5mm_g,,59.93442,xLSGS2,not previously published ,
ds_05,x9802,9802.04,7/29/1998,NA,SC,5.42,5.49,0.355,0.5,xLS005,diam_0.355_0.5mm_g,,39.18462,xLSGS2,not previously published ,
ds_05,x9802,9802.05,7/29/1998,NA,SC,5.49,5.57,0.355,0.5,xLS005,diam_0.355_0.5mm_g,,51.847196,xLSGS2,not previously published ,
ds_05,x9802,9802.06,7/29/1998,NA,SC,5.57,5.64,0.355,0.5,xLS005,diam_0.355_0.5mm_g,,31.6202,xLSGS2,not previously published ,
ds_05,x9802,9802.07,7/29/1998,NA,SC,5.65,5.72,0.355,0.5,xLS005,diam_0.355_0.5mm_g,,71.737108,xLSGS2,not previously published ,
ds_05,x9802,9802.08,7/29/1998,NA,SC,5.72,5.8,0.355,0.5,xLS005,diam_0.355_0.5mm_g,,91.809794,xLSGS2,not previously published ,
ds_05,x9802,9802.09,7/29/1998,NA,SC,5.8,5.87,0.355,0.5,xLS005,diam_0.355_0.5mm_g,,95.319828,xLSGS2,not previously published ,
ds_05,x9802,9802.1,7/29/1998,NA,SC,5.88,5.95,0.355,0.5,xLS005,diam_0.355_0.5mm_g,,19.948688,xLSGS2,not previously published ,
ds_05,x9802,9802.11,7/29/1998,NA,SC,5.95,6.03,0.355,0.5,xLS005,diam_0.355_0.5mm_g,,11.33341,xLSGS2,not previously published ,
ds_05,x9802,9802.12,7/29/1998,NA,SC,6.03,6.1,0.355,0.5,xLS005,diam_0.355_0.5mm_g,,14.871715,xLSGS2,not previously published ,
ds_05,x9802,9802.13,7/29/1998,NA,SC,6.11,6.18,0.355,0.5,xLS005,diam_0.355_0.5mm_g,,13.027651,xLSGS2,not previously published ,
ds_05,x9802,9802.14,7/29/1998,NA,SC,6.18,6.26,0.355,0.5,xLS005,diam_0.355_0.5mm_g,,45.978328,xLSGS2,not previously published ,
ds_05,x9802,9802.15,7/29/1998,NA,SC,6.26,6.34,0.355,0.5,xLS005,diam_0.355_0.5mm_g,,15.78309,xLSGS2,not previously published ,
ds_05,x9802,9802.16,7/29/1998,NA,SC,6.34,6.41,0.355,0.5,xLS005,diam_0.355_0.5mm_g,,0.592677,xLSGS2,not previously published ,
ds_05,x9802,9802.17,7/29/1998,NA,SC,6.42,6.49,0.355,0.5,xLS005,diam_0.355_0.5mm_g,,0.406619,xLSGS2,not previously published ,
ds_05,x9802,9802.18,7/29/1998,NA,SC,6.49,6.57,0.355,0.5,xLS005,diam_0.355_0.5mm_g,,0.133158,xLSGS2,not previously published ,
ds_05,x9802,9802.19,7/29/1998,NA,SC,6.57,6.64,0.355,0.5,xLS005,diam_0.355_0.5mm_g,,0.423696,xLSGS2,not previously published ,
ds_05,x9802,9802.2,7/29/1998,NA,SC,6.65,6.72,0.355,0.5,xLS005,diam_0.355_0.5mm_g,,0.486841,xLSGS2,not previously published ,
ds_05,x9802,9802.21,7/29/1998,NA,SC,6.72,6.8,0.355,0.5,xLS005,diam_0.355_0.5mm_g,,0.32992,xLSGS2,not previously published ,
ds_05,x9803,9803.01,7/29/1998,NA,SC,4.57,4.64,0.355,0.5,xLS005,diam_0.355_0.5mm_g,,43.528436,xLSGS2,not previously published ,
ds_05,x9803,9803.02,7/29/1998,NA,SC,4.65,4.72,0.355,0.5,xLS005,diam_0.355_0.5mm_g,,47.05334,xLSGS2,not previously published ,
ds_05,x9803,9803.03,7/29/1998,NA,SC,4.73,4.8,0.355,0.5,xLS005,diam_0.355_0.5mm_g,,73.789452,xLSGS2,not previously published ,
ds_05,x9803,9803.04,7/29/1998,NA,SC,4.8,4.87,0.355,0.5,xLS005,diam_0.355_0.5mm_g,,81.548451,xLSGS2,not previously published ,
ds_05,x9803,9803.05,7/29/1998,NA,SC,4.88,4.95,0.355,0.5,xLS005,diam_0.355_0.5mm_g,,90.192758,xLSGS2,not previously published ,
ds_05,x9803,9803.06,7/29/1998,NA,SC,4.95,5.03,0.355,0.5,xLS005,diam_0.355_0.5mm_g,,68.660024,xLSGS2,not previously published ,
ds_05,x9803,9803.07,7/29/1998,NA,SC,5.03,5.1,0.355,0.5,xLS005,diam_0.355_0.5mm_g,,56.200168,xLSGS2,not previously published ,
ds_05,x9803,9803.08,7/29/1998,NA,SC,5.11,5.18,0.355,0.5,xLS005,diam_0.355_0.5mm_g,,42.255738,xLSGS2,not previously published ,
ds_05,x9803,9803.09,7/29/1998,NA,SC,5.18,5.25,0.355,0.5,xLS005,diam_0.355_0.5mm_g,,39.274937,xLSGS2,not previously published ,
ds_05,x9803,9803.1,7/29/1998,NA,SC,5.26,5.33,0.355,0.5,xLS005,diam_0.355_0.5mm_g,,30.780466,xLSGS2,not previously published ,
ds_05,x9803,9803.11,7/29/1998,NA,SC,5.33,5.41,0.355,0.5,xLS005,diam_0.355_0.5mm_g,,42.010995,xLSGS2,not previously published ,
ds_05,x9803,9803.12,7/29/1998,NA,SC,5.41,5.48,0.355,0.5,xLS005,diam_0.355_0.5mm_g,,12.48968,xLSGS2,not previously published ,
ds_05,x9803,9803.13,7/29/1998,NA,SC,5.49,5.56,0.355,0.5,xLS005,diam_0.355_0.5mm_g,,12.04056,xLSGS2,not previously published ,
ds_05,x9803,9803.14,7/29/1998,NA,SC,5.57,5.64,0.355,0.5,xLS005,diam_0.355_0.5mm_g,,37.783336,xLSGS2,not previously published ,
ds_05,x9803,9803.15,7/29/1998,NA,SC,5.64,5.71,0.355,0.5,xLS005,diam_0.355_0.5mm_g,,30.562854,xLSGS2,not previously published ,
ds_05,x9803,9803.16,7/29/1998,NA,SC,5.72,5.79,0.355,0.5,xLS005,diam_0.355_0.5mm_g,,3.693489,xLSGS2,not previously published ,
ds_05,x9803,9803.17,7/29/1998,NA,SC,5.8,5.87,0.355,0.5,xLS005,diam_0.355_0.5mm_g,,0.332205,xLSGS2,not previously published ,
ds_05,x9803,9803.18,7/29/1998,NA,SC,5.87,5.95,0.355,0.5,xLS005,diam_0.355_0.5mm_g,,0.2343,xLSGS2,not previously published ,
ds_05,x9803,9803.19,7/29/1998,NA,SC,5.95,6.02,0.355,0.5,xLS005,diam_0.355_0.5mm_g,,0.343712,xLSGS2,not previously published ,
ds_05,x9803,9803.2,7/29/1998,NA,SC,6.03,6.1,0.355,0.5,xLS005,diam_0.355_0.5mm_g,,0.259356,xLSGS2,not previously published ,
ds_05,x9803,9803.21,7/29/1998,NA,SC,6.1,6.18,0.355,0.5,xLS005,diam_0.355_0.5mm_g,,0.373806,xLSGS2,not previously published ,
ds_05,x9804,9804.01,7/29/1998,NA,SC,4.88,4.95,0.355,0.5,xLS005,diam_0.355_0.5mm_g,,41.043093,xLSGS2,not previously published ,
ds_05,x9804,9804.02,7/29/1998,NA,SC,4.95,5.02,0.355,0.5,xLS005,diam_0.355_0.5mm_g,,73.304804,xLSGS2,not previously published ,
ds_05,x9804,9804.03,7/29/1998,NA,SC,5.03,5.1,0.355,0.5,xLS005,diam_0.355_0.5mm_g,,77.163226,xLSGS2,not previously published ,
ds_05,x9804,9804.04,7/29/1998,NA,SC,5.11,5.18,0.355,0.5,xLS005,diam_0.355_0.5mm_g,,73.536498,xLSGS2,not previously published ,
ds_05,x9804,9804.05,7/29/1998,NA,SC,5.18,5.25,0.355,0.5,xLS005,diam_0.355_0.5mm_g,,105.809803,xLSGS2,not previously published ,
ds_05,x9804,9804.06,7/29/1998,NA,SC,5.26,5.33,0.355,0.5,xLS005,diam_0.355_0.5mm_g,,113.861917,xLSGS2,not previously published ,
ds_05,x9804,9804.07,7/29/1998,NA,SC,5.34,5.41,0.355,0.5,xLS005,diam_0.355_0.5mm_g,,105.571334,xLSGS2,not previously published ,
ds_05,x9804,9804.08,7/29/1998,NA,SC,5.41,5.49,0.355,0.5,xLS005,diam_0.355_0.5mm_g,,55.090817,xLSGS2,not previously published ,
ds_05,x9804,9804.09,7/29/1998,NA,SC,5.49,5.57,0.355,0.5,xLS005,diam_0.355_0.5mm_g,,39.89709,xLSGS2,not previously published ,
ds_05,x9804,9804.1,7/29/1998,NA,SC,5.57,5.64,0.355,0.5,xLS005,diam_0.355_0.5mm_g,,42.56,xLSGS2,not previously published ,
ds_05,x9804,9804.11,7/29/1998,NA,SC,5.65,5.72,0.355,0.5,xLS005,diam_0.355_0.5mm_g,,43.08909,xLSGS2,not previously published ,
ds_05,x9804,9804.12,7/29/1998,NA,SC,5.72,5.8,0.355,0.5,xLS005,diam_0.355_0.5mm_g,,40.50111,xLSGS2,not previously published ,
ds_05,x9804,9804.13,7/29/1998,NA,SC,5.8,5.87,0.355,0.5,xLS005,diam_0.355_0.5mm_g,,36.9999,xLSGS2,not previously published ,
ds_05,x9804,9804.14,7/29/1998,NA,SC,5.88,5.95,0.355,0.5,xLS005,diam_0.355_0.5mm_g,,3.183921,xLSGS2,not previously published ,
ds_05,x9804,9804.15,7/29/1998,NA,SC,5.95,6.03,0.355,0.5,xLS005,diam_0.355_0.5mm_g,,1.125111,xLSGS2,not previously published ,
ds_05,x9804,9804.16,7/29/1998,NA,SC,6.03,6.11,0.355,0.5,xLS005,diam_0.355_0.5mm_g,,0.10911,xLSGS2,not previously published ,
ds_05,x9804,9804.17,7/29/1998,NA,SC,6.11,6.18,0.355,0.5,xLS005,diam_0.355_0.5mm_g,,1.312656,xLSGS2,not previously published ,
ds_05,x9804,9804.18,7/29/1998,NA,SC,6.19,6.26,0.355,0.5,xLS005,diam_0.355_0.5mm_g,,0.201105,xLSGS2,not previously published ,
ds_05,x9804,9804.19,7/29/1998,NA,SC,6.26,6.34,0.355,0.5,xLS005,diam_0.355_0.5mm_g,,0.257724,xLSGS2,not previously published ,
ds_05,x9805,9805.01,7/29/1998,NA,SC,5.49,5.56,0.355,0.5,xLS005,diam_0.355_0.5mm_g,,37.134029,xLSGS2,not previously published ,
ds_05,x9805,9805.02,7/29/1998,NA,SC,5.56,5.64,0.355,0.5,xLS005,diam_0.355_0.5mm_g,md,,xLSGS2,not previously published ,
ds_05,x9805,9805.03,7/29/1998,NA,SC,5.64,5.71,0.355,0.5,xLS005,diam_0.355_0.5mm_g,,32.690671,xLSGS2,not previously published ,
ds_05,x9805,9805.04,7/29/1998,NA,SC,5.72,5.79,0.355,0.5,xLS005,diam_0.355_0.5mm_g,,42.97422,xLSGS2,not previously published ,
ds_05,x9805,9805.05,7/29/1998,NA,SC,5.8,5.87,0.355,0.5,xLS005,diam_0.355_0.5mm_g,,47.732072,xLSGS2,not previously published ,
ds_05,x9805,9805.06,7/29/1998,NA,SC,5.87,5.95,0.355,0.5,xLS005,diam_0.355_0.5mm_g,,44.812768,xLSGS2,not previously published ,
ds_05,x9805,9805.07,7/29/1998,NA,SC,5.95,6.03,0.355,0.5,xLS005,diam_0.355_0.5mm_g,,15.252424,xLSGS2,not previously published ,
ds_05,x9805,9805.08,7/29/1998,NA,SC,6.03,6.1,0.355,0.5,xLS005,diam_0.355_0.5mm_g,,68.535126,xLSGS2,not previously published ,
ds_05,x9805,9805.09,7/29/1998,NA,SC,6.11,6.18,0.355,0.5,xLS005,diam_0.355_0.5mm_g,,75.039805,xLSGS2,not previously published ,
ds_05,x9805,9805.1,7/29/1998,NA,SC,6.19,6.26,0.355,0.5,xLS005,diam_0.355_0.5mm_g,,76.83865,xLSGS2,not previously published ,
ds_05,x9805,9805.11,7/29/1998,NA,SC,6.26,6.34,0.355,0.5,xLS005,diam_0.355_0.5mm_g,,79.1403,xLSGS2,not previously published ,
ds_05,x9805,9805.12,7/29/1998,NA,SC,6.34,6.41,0.355,0.5,xLS005,diam_0.355_0.5mm_g,,88.016544,xLSGS2,not previously published ,
ds_05,x9805,9805.13,7/29/1998,NA,SC,6.42,6.49,0.355,0.5,xLS005,diam_0.355_0.5mm_g,,48.952096,xLSGS2,not previously published ,
ds_05,x9805,9805.14,7/29/1998,NA,SC,6.5,6.57,0.355,0.5,xLS005,diam_0.355_0.5mm_g,,51.2226,xLSGS2,not previously published ,
ds_05,x9805,9805.15,7/29/1998,NA,SC,6.57,6.65,0.355,0.5,xLS005,diam_0.355_0.5mm_g,,72.364975,xLSGS2,not previously published ,
ds_05,x9805,9805.16,7/29/1998,NA,SC,6.65,6.72,0.355,0.5,xLS005,diam_0.355_0.5mm_g,,74.777736,xLSGS2,not previously published ,
ds_05,x9805,9805.17,7/29/1998,NA,SC,6.73,6.8,0.355,0.5,xLS005,diam_0.355_0.5mm_g,,36.884092,xLSGS2,not previously published ,
ds_05,x9805,9805.18,7/29/1998,NA,SC,6.81,6.88,0.355,0.5,xLS005,diam_0.355_0.5mm_g,,44.80112,xLSGS2,not previously published ,
ds_05,x9805,9805.19,7/29/1998,NA,SC,6.88,6.96,0.355,0.5,xLS005,diam_0.355_0.5mm_g,,57.238046,xLSGS2,not previously published ,
ds_05,x9805,9805.2,7/29/1998,NA,SC,6.96,7.03,0.355,0.5,xLS005,diam_0.355_0.5mm_g,,60.996838,xLSGS2,not previously published ,
ds_05,x9805,9805.21,7/29/1998,NA,SC,7.04,7.11,0.355,0.5,xLS005,diam_0.355_0.5mm_g,,7.621796,xLSGS2,not previously published ,
ds_05,x9805,9805.22,7/29/1998,NA,SC,7.11,7.19,0.355,0.5,xLS005,diam_0.355_0.5mm_g,,0.911628,xLSGS2,not previously published ,
ds_05,x9805,9805.23,7/29/1998,NA,SC,7.19,7.26,0.355,0.5,xLS005,diam_0.355_0.5mm_g,,0.252204,xLSGS2,not previously published ,
ds_05,x9805,9805.24,7/29/1998,NA,SC,7.27,7.34,0.355,0.5,xLS005,diam_0.355_0.5mm_g,,0.254628,xLSGS2,not previously published ,
ds_05,x9806,9806.01,7/29/1998,NA,SC,7.01,7.08,0.355,0.5,xLS005,diam_0.355_0.5mm_g,,19.583952,xLSGS2,not previously published ,
ds_05,x9806,9806.02,7/29/1998,NA,SC,7.09,7.16,0.355,0.5,xLS005,diam_0.355_0.5mm_g,,0.146678,xLSGS2,not previously published ,
ds_05,x9806,9806.03,7/29/1998,NA,SC,7.17,7.24,0.355,0.5,xLS005,diam_0.355_0.5mm_g,,0.34986,xLSGS2,not previously published ,
ds_05,x9806,9806.04,7/29/1998,NA,SC,7.24,7.31,0.355,0.5,xLS005,diam_0.355_0.5mm_g,,2.077716,xLSGS2,not previously published ,
ds_05,x9806,9806.05,7/29/1998,NA,SC,7.32,7.39,0.355,0.5,xLS005,diam_0.355_0.5mm_g,,1.34953,xLSGS2,not previously published ,
ds_05,x9806,9806.06,7/29/1998,NA,SC,7.39,7.46,0.355,0.5,xLS005,diam_0.355_0.5mm_g,,0.02114,xLSGS2,not previously published ,
ds_05,x9806,9806.07,7/29/1998,NA,SC,7.47,7.54,0.355,0.5,xLS005,diam_0.355_0.5mm_g,,0.275704,xLSGS2,not previously published ,
ds_05,x9806,9806.08,7/29/1998,NA,SC,7.54,7.62,0.355,0.5,xLS005,diam_0.355_0.5mm_g,,0.46035,xLSGS2,not previously published ,
ds_05,x9806,9806.09,7/29/1998,NA,SC,7.62,7.69,0.355,0.5,xLS005,diam_0.355_0.5mm_g,,0.619411,xLSGS2,not previously published ,
ds_05,x9806,9806.1,7/29/1998,NA,SC,7.7,7.77,0.355,0.5,xLS005,diam_0.355_0.5mm_g,,0.97371,xLSGS2,not previously published ,
ds_05,x9806,9806.11,7/29/1998,NA,SC,7.77,7.85,0.355,0.5,xLS005,diam_0.355_0.5mm_g,,6.766804,xLSGS2,not previously published ,
ds_05,x9806,9806.12,7/29/1998,NA,SC,7.85,7.92,0.355,0.5,xLS005,diam_0.355_0.5mm_g,,8.195063,xLSGS2,not previously published ,
ds_05,x9806,9806.13,7/29/1998,NA,SC,7.93,8,0.355,0.5,xLS005,diam_0.355_0.5mm_g,,8.673192,xLSGS2,not previously published ,
ds_05,x9806,9806.14,7/29/1998,NA,SC,8,8.08,0.355,0.5,xLS005,diam_0.355_0.5mm_g,md,,xLSGS2,not previously published ,
ds_05,x9806,9806.15,7/29/1998,NA,SC,8.08,8.16,0.355,0.5,xLS005,diam_0.355_0.5mm_g,,5.95644,xLSGS2,not previously published ,
ds_05,x9806,9806.16,7/29/1998,NA,SC,8.16,8.23,0.355,0.5,xLS005,diam_0.355_0.5mm_g,,10.99558,xLSGS2,not previously published ,
ds_05,x9806,9806.17,7/29/1998,NA,SC,8.24,8.31,0.355,0.5,xLS005,diam_0.355_0.5mm_g,,29.359494,xLSGS2,not previously published ,
ds_05,x9806,9806.18,7/29/1998,NA,SC,8.32,8.39,0.355,0.5,xLS005,diam_0.355_0.5mm_g,,15.54846,xLSGS2,not previously published ,
ds_05,x9806,9806.19,7/29/1998,NA,SC,8.39,8.47,0.355,0.5,xLS005,diam_0.355_0.5mm_g,,26.312777,xLSGS2,not previously published ,
ds_05,x9806,9806.2,7/29/1998,NA,SC,8.47,8.55,0.355,0.5,xLS005,diam_0.355_0.5mm_g,,25.238283,xLSGS2,not previously published ,
ds_05,x9806,9806.21,7/29/1998,NA,SC,8.55,8.62,0.355,0.5,xLS005,diam_0.355_0.5mm_g,,6.210106,xLSGS2,not previously published ,
ds_05,x9806,9806.22,7/29/1998,NA,SC,8.63,8.68,0.355,0.5,xLS005,diam_0.355_0.5mm_g,,41.24016,xLSGS2,not previously published ,
ds_05,x9807,9807.01,7/29/1998,NA,SC,7.62,7.69,0.355,0.5,xLS005,diam_0.355_0.5mm_g,,26.848236,xLSGS2,not previously published ,
ds_05,x9807,9807.02,7/29/1998,NA,SC,7.7,7.77,0.355,0.5,xLS005,diam_0.355_0.5mm_g,,31.59867,xLSGS2,not previously published ,
ds_05,x9807,9807.03,7/29/1998,NA,SC,7.77,7.85,0.355,0.5,xLS005,diam_0.355_0.5mm_g,,60.933429,xLSGS2,not previously published ,
ds_05,x9807,9807.04,7/29/1998,NA,SC,7.85,7.92,0.355,0.5,xLS005,diam_0.355_0.5mm_g,,37.767744,xLSGS2,not previously published ,
ds_05,x9807,9807.05,7/29/1998,NA,SC,7.93,8,0.355,0.5,xLS005,diam_0.355_0.5mm_g,,0.778658,xLSGS2,not previously published ,
ds_05,x9807,9807.06,7/29/1998,NA,SC,8,8.07,0.355,0.5,xLS005,diam_0.355_0.5mm_g,,1.970205,xLSGS2,not previously published ,
ds_05,x9807,9807.07,7/29/1998,NA,SC,8.08,8.15,0.355,0.5,xLS005,diam_0.355_0.5mm_g,,1.759849,xLSGS2,not previously published ,
ds_05,x9807,9807.08,7/29/1998,NA,SC,8.15,8.23,0.355,0.5,xLS005,diam_0.355_0.5mm_g,,1.535056,xLSGS2,not previously published ,
ds_05,x9807,9807.09,7/29/1998,NA,SC,8.23,8.3,0.355,0.5,xLS005,diam_0.355_0.5mm_g,,3.109815,xLSGS2,not previously published ,
ds_05,x9807,9807.1,7/29/1998,NA,SC,8.31,8.38,0.355,0.5,xLS005,diam_0.355_0.5mm_g,,2.624188,xLSGS2,not previously published ,
ds_05,x9807,9807.11,7/29/1998,NA,SC,8.39,8.46,0.355,0.5,xLS005,diam_0.355_0.5mm_g,,3.907806,xLSGS2,not previously published ,
ds_05,x9807,9807.12,7/29/1998,NA,SC,8.46,8.54,0.355,0.5,xLS005,diam_0.355_0.5mm_g,,3.272019,xLSGS2,not previously published ,
ds_05,x9807,9807.13,7/29/1998,NA,SC,8.54,8.61,0.355,0.5,xLS005,diam_0.355_0.5mm_g,,6.123247,xLSGS2,not previously published ,
ds_05,x9807,9807.14,7/29/1998,NA,SC,8.62,8.69,0.355,0.5,xLS005,diam_0.355_0.5mm_g,,19.20796,xLSGS2,not previously published ,
ds_05,x9807,9807.15,7/29/1998,NA,SC,8.7,8.77,0.355,0.5,xLS005,diam_0.355_0.5mm_g,,5.274765,xLSGS2,not previously published ,
ds_05,x9807,9807.16,7/29/1998,NA,SC,8.77,8.85,0.355,0.5,xLS005,diam_0.355_0.5mm_g,,10.448391,xLSGS2,not previously published ,
ds_05,x9807,9807.17,7/29/1998,NA,SC,8.85,8.92,0.355,0.5,xLS005,diam_0.355_0.5mm_g,,14.316504,xLSGS2,not previously published ,
ds_05,x9807,9807.18,7/29/1998,NA,SC,8.93,9,0.355,0.5,xLS005,diam_0.355_0.5mm_g,,3.484836,xLSGS2,not previously published ,
ds_05,x9807,9807.19,7/29/1998,NA,SC,9.01,9.08,0.355,0.5,xLS005,diam_0.355_0.5mm_g,,2.059764,xLSGS2,not previously published ,
ds_05,x9807,9807.2,7/29/1998,NA,SC,9.08,9.16,0.355,0.5,xLS005,diam_0.355_0.5mm_g,,1.651914,xLSGS2,not previously published ,
ds_05,x9808,9808.01,7/29/1998,NA,SC,7.01,7.08,0.355,0.5,xLS005,diam_0.355_0.5mm_g,,31.141112,xLSGS2,not previously published ,
ds_05,x9808,9808.02,7/29/1998,NA,SC,7.09,7.16,0.355,0.5,xLS005,diam_0.355_0.5mm_g,,31.675194,xLSGS2,not previously published ,
ds_05,x9808,9808.03,7/29/1998,NA,SC,7.16,7.24,0.355,0.5,xLS005,diam_0.355_0.5mm_g,,0.086584,xLSGS2,not previously published ,
ds_05,x9808,9808.04,7/29/1998,NA,SC,7.24,7.31,0.355,0.5,xLS005,diam_0.355_0.5mm_g,,10.879206,xLSGS2,not previously published ,
ds_05,x9808,9808.05,7/29/1998,NA,SC,7.32,7.39,0.355,0.5,xLS005,diam_0.355_0.5mm_g,,47.35003,xLSGS2,not previously published ,
ds_05,x9808,9808.06,7/29/1998,NA,SC,7.4,7.47,0.355,0.5,xLS005,diam_0.355_0.5mm_g,,39.366255,xLSGS2,not previously published ,
ds_05,x9808,9808.07,7/29/1998,NA,SC,7.47,7.55,0.355,0.5,xLS005,diam_0.355_0.5mm_g,,49.834155,xLSGS2,not previously published ,
ds_05,x9808,9808.08,7/29/1998,NA,SC,7.55,7.62,0.355,0.5,xLS005,diam_0.355_0.5mm_g,,65.195372,xLSGS2,not previously published ,
ds_05,x9808,9808.09,7/29/1998,NA,SC,7.63,7.7,0.355,0.5,xLS005,diam_0.355_0.5mm_g,,72.290295,xLSGS2,not previously published ,
ds_05,x9808,9808.1,7/29/1998,NA,SC,7.71,7.78,0.355,0.5,xLS005,diam_0.355_0.5mm_g,,17.972108,xLSGS2,not previously published ,
ds_05,x9808,9808.11,7/29/1998,NA,SC,7.78,7.86,0.355,0.5,xLS005,diam_0.355_0.5mm_g,,0.80689,xLSGS2,not previously published ,
ds_05,x9808,9808.12,7/29/1998,NA,SC,7.86,7.93,0.355,0.5,xLS005,diam_0.355_0.5mm_g,,0.315735,xLSGS2,not previously published ,
ds_05,x9808,9808.13,7/29/1998,NA,SC,7.94,8.01,0.355,0.5,xLS005,diam_0.355_0.5mm_g,,0.386291,xLSGS2,not previously published ,
ds_05,x9808,9808.14,7/29/1998,NA,SC,8.02,8.09,0.355,0.5,xLS005,diam_0.355_0.5mm_g,,0.40185,xLSGS2,not previously published ,
ds_05,x9808,9808.15,7/29/1998,NA,SC,8.09,8.17,0.355,0.5,xLS005,diam_0.355_0.5mm_g,,0.196182,xLSGS2,not previously published ,
ds_05,x9808,9808.16,7/29/1998,NA,SC,8.17,8.25,0.355,0.5,xLS005,diam_0.355_0.5mm_g,,0.689984,xLSGS2,not previously published ,
ds_05,x9808,9808.17,7/29/1998,NA,SC,8.25,8.32,0.355,0.5,xLS005,diam_0.355_0.5mm_g,,0.84932,xLSGS2,not previously published ,
ds_05,x9808,9808.18,7/29/1998,NA,SC,8.33,8.4,0.355,0.5,xLS005,diam_0.355_0.5mm_g,,44.7928,xLSGS2,not previously published ,
ds_05,x9808,9808.19,7/29/1998,NA,SC,8.4,8.48,0.355,0.5,xLS005,diam_0.355_0.5mm_g,,0.666,xLSGS2,not previously published ,
ds_05,x9808,9808.2,7/29/1998,NA,SC,8.48,8.55,0.355,0.5,xLS005,diam_0.355_0.5mm_g,,0.686154,xLSGS2,not previously published ,
ds_05,x9808,9808.21,7/29/1998,NA,SC,8.56,8.63,0.355,0.5,xLS005,diam_0.355_0.5mm_g,,0.21838,xLSGS2,not previously published ,
ds_05,x9808,9808.22,7/29/1998,NA,SC,8.64,8.71,0.355,0.5,xLS005,diam_0.355_0.5mm_g,,3.820755,xLSGS2,not previously published ,
ds_05,x9808,9808.23,7/29/1998,NA,SC,8.71,8.79,0.355,0.5,xLS005,diam_0.355_0.5mm_g,,12.467664,xLSGS2,not previously published ,
ds_05,x9808,9808.24,7/29/1998,NA,SC,8.79,8.87,0.355,0.5,xLS005,diam_0.355_0.5mm_g,,3.64743,xLSGS2,not previously published ,
ds_05,x9802,9802.01,7/29/1998,NA,SC,5.18,5.26,0.25,0.355,xLS006,diam_0.25_0.355mm_g,,56.022848,xLSGS2,not previously published ,
ds_05,x9802,9802.02,7/29/1998,NA,SC,5.26,5.33,0.25,0.355,xLS006,diam_0.25_0.355mm_g,,59.223684,xLSGS2,not previously published ,
ds_05,x9802,9802.03,7/29/1998,NA,SC,5.34,5.41,0.25,0.355,xLS006,diam_0.25_0.355mm_g,,52.338336,xLSGS2,not previously published ,
ds_05,x9802,9802.04,7/29/1998,NA,SC,5.42,5.49,0.25,0.355,xLS006,diam_0.25_0.355mm_g,,34.002138,xLSGS2,not previously published ,
ds_05,x9802,9802.05,7/29/1998,NA,SC,5.49,5.57,0.25,0.355,xLS006,diam_0.25_0.355mm_g,,34.3139,xLSGS2,not previously published ,
ds_05,x9802,9802.06,7/29/1998,NA,SC,5.57,5.64,0.25,0.355,xLS006,diam_0.25_0.355mm_g,,36.854625,xLSGS2,not previously published ,
ds_05,x9802,9802.07,7/29/1998,NA,SC,5.65,5.72,0.25,0.355,xLS006,diam_0.25_0.355mm_g,,61.721648,xLSGS2,not previously published ,
ds_05,x9802,9802.08,7/29/1998,NA,SC,5.72,5.8,0.25,0.355,xLS006,diam_0.25_0.355mm_g,,62.273419,xLSGS2,not previously published ,
ds_05,x9802,9802.09,7/29/1998,NA,SC,5.8,5.87,0.25,0.355,xLS006,diam_0.25_0.355mm_g,,63.083448,xLSGS2,not previously published ,
ds_05,x9802,9802.1,7/29/1998,NA,SC,5.88,5.95,0.25,0.355,xLS006,diam_0.25_0.355mm_g,,85.944852,xLSGS2,not previously published ,
ds_05,x9802,9802.11,7/29/1998,NA,SC,5.95,6.03,0.25,0.355,xLS006,diam_0.25_0.355mm_g,,116.02118,xLSGS2,not previously published ,
ds_05,x9802,9802.12,7/29/1998,NA,SC,6.03,6.1,0.25,0.355,xLS006,diam_0.25_0.355mm_g,,111.12417,xLSGS2,not previously published ,
ds_05,x9802,9802.13,7/29/1998,NA,SC,6.11,6.18,0.25,0.355,xLS006,diam_0.25_0.355mm_g,,111.420127,xLSGS2,not previously published ,
ds_05,x9802,9802.14,7/29/1998,NA,SC,6.18,6.26,0.25,0.355,xLS006,diam_0.25_0.355mm_g,,62.668936,xLSGS2,not previously published ,
ds_05,x9802,9802.15,7/29/1998,NA,SC,6.26,6.34,0.25,0.355,xLS006,diam_0.25_0.355mm_g,,31.41337,xLSGS2,not previously published ,
ds_05,x9802,9802.16,7/29/1998,NA,SC,6.34,6.41,0.25,0.355,xLS006,diam_0.25_0.355mm_g,,0.790236,xLSGS2,not previously published ,
ds_05,x9802,9802.17,7/29/1998,NA,SC,6.42,6.49,0.25,0.355,xLS006,diam_0.25_0.355mm_g,,0.620629,xLSGS2,not previously published ,
ds_05,x9802,9802.18,7/29/1998,NA,SC,6.49,6.57,0.25,0.355,xLS006,diam_0.25_0.355mm_g,,0.288509,xLSGS2,not previously published ,
ds_05,x9802,9802.19,7/29/1998,NA,SC,6.57,6.64,0.25,0.355,xLS006,diam_0.25_0.355mm_g,,0.726336,xLSGS2,not previously published ,
ds_05,x9802,9802.2,7/29/1998,NA,SC,6.65,6.72,0.25,0.355,xLS006,diam_0.25_0.355mm_g,,2.794044,xLSGS2,not previously published ,
ds_05,x9802,9802.21,7/29/1998,NA,SC,6.72,6.8,0.25,0.355,xLS006,diam_0.25_0.355mm_g,,0.35054,xLSGS2,not previously published ,
ds_05,x9803,9803.01,7/29/1998,NA,SC,4.57,4.64,0.25,0.355,xLS006,diam_0.25_0.355mm_g,,39.406129,xLSGS2,not previously published ,
ds_05,x9803,9803.02,7/29/1998,NA,SC,4.65,4.72,0.25,0.355,xLS006,diam_0.25_0.355mm_g,,46.677852,xLSGS2,not previously published ,
ds_05,x9803,9803.03,7/29/1998,NA,SC,4.73,4.8,0.25,0.355,xLS006,diam_0.25_0.355mm_g,,50.735531,xLSGS2,not previously published ,
ds_05,x9803,9803.04,7/29/1998,NA,SC,4.8,4.87,0.25,0.355,xLS006,diam_0.25_0.355mm_g,,41.398776,xLSGS2,not previously published ,
ds_05,x9803,9803.05,7/29/1998,NA,SC,4.88,4.95,0.25,0.355,xLS006,diam_0.25_0.355mm_g,,43.99194,xLSGS2,not previously published ,
ds_05,x9803,9803.06,7/29/1998,NA,SC,4.95,5.03,0.25,0.355,xLS006,diam_0.25_0.355mm_g,,50.698498,xLSGS2,not previously published ,
ds_05,x9803,9803.07,7/29/1998,NA,SC,5.03,5.1,0.25,0.355,xLS006,diam_0.25_0.355mm_g,,38.124326,xLSGS2,not previously published ,
ds_05,x9803,9803.08,7/29/1998,NA,SC,5.11,5.18,0.25,0.355,xLS006,diam_0.25_0.355mm_g,,37.184238,xLSGS2,not previously published ,
ds_05,x9803,9803.09,7/29/1998,NA,SC,5.18,5.25,0.25,0.355,xLS006,diam_0.25_0.355mm_g,,40.344356,xLSGS2,not previously published ,
ds_05,x9803,9803.1,7/29/1998,NA,SC,5.26,5.33,0.25,0.355,xLS006,diam_0.25_0.355mm_g,,71.951136,xLSGS2,not previously published ,
ds_05,x9803,9803.11,7/29/1998,NA,SC,5.33,5.41,0.25,0.355,xLS006,diam_0.25_0.355mm_g,,66.869075,xLSGS2,not previously published ,
ds_05,x9803,9803.12,7/29/1998,NA,SC,5.41,5.48,0.25,0.355,xLS006,diam_0.25_0.355mm_g,,36.487708,xLSGS2,not previously published ,
ds_05,x9803,9803.13,7/29/1998,NA,SC,5.49,5.56,0.25,0.355,xLS006,diam_0.25_0.355mm_g,,46.01214,xLSGS2,not previously published ,
ds_05,x9803,9803.14,7/29/1998,NA,SC,5.57,5.64,0.25,0.355,xLS006,diam_0.25_0.355mm_g,,90.349614,xLSGS2,not previously published ,
ds_05,x9803,9803.15,7/29/1998,NA,SC,5.64,5.71,0.25,0.355,xLS006,diam_0.25_0.355mm_g,,82.456712,xLSGS2,not previously published ,
ds_05,x9803,9803.16,7/29/1998,NA,SC,5.72,5.79,0.25,0.355,xLS006,diam_0.25_0.355mm_g,,7.87137,xLSGS2,not previously published ,
ds_05,x9803,9803.17,7/29/1998,NA,SC,5.8,5.87,0.25,0.355,xLS006,diam_0.25_0.355mm_g,,0.531528,xLSGS2,not previously published ,
ds_05,x9803,9803.18,7/29/1998,NA,SC,5.87,5.95,0.25,0.355,xLS006,diam_0.25_0.355mm_g,,0.7242,xLSGS2,not previously published ,
ds_05,x9803,9803.19,7/29/1998,NA,SC,5.95,6.02,0.25,0.355,xLS006,diam_0.25_0.355mm_g,,1.031136,xLSGS2,not previously published ,
ds_05,x9803,9803.2,7/29/1998,NA,SC,6.03,6.1,0.25,0.355,xLS006,diam_0.25_0.355mm_g,,0.194517,xLSGS2,not previously published ,
ds_05,x9803,9803.21,7/29/1998,NA,SC,6.1,6.18,0.25,0.355,xLS006,diam_0.25_0.355mm_g,,0.581476,xLSGS2,not previously published ,
ds_05,x9804,9804.01,7/29/1998,NA,SC,4.88,4.95,0.25,0.355,xLS006,diam_0.25_0.355mm_g,,63.948402,xLSGS2,not previously published ,
ds_05,x9804,9804.02,7/29/1998,NA,SC,4.95,5.02,0.25,0.355,xLS006,diam_0.25_0.355mm_g,,71.902236,xLSGS2,not previously published ,
ds_05,x9804,9804.03,7/29/1998,NA,SC,5.03,5.1,0.25,0.355,xLS006,diam_0.25_0.355mm_g,,49.678984,xLSGS2,not previously published ,
ds_05,x9804,9804.04,7/29/1998,NA,SC,5.11,5.18,0.25,0.355,xLS006,diam_0.25_0.355mm_g,,48.758598,xLSGS2,not previously published ,
ds_05,x9804,9804.05,7/29/1998,NA,SC,5.18,5.25,0.25,0.355,xLS006,diam_0.25_0.355mm_g,,42.82091,xLSGS2,not previously published ,
ds_05,x9804,9804.06,7/29/1998,NA,SC,5.26,5.33,0.25,0.355,xLS006,diam_0.25_0.355mm_g,,40.571232,xLSGS2,not previously published ,
ds_05,x9804,9804.07,7/29/1998,NA,SC,5.34,5.41,0.25,0.355,xLS006,diam_0.25_0.355mm_g,,48.733678,xLSGS2,not previously published ,
ds_05,x9804,9804.08,7/29/1998,NA,SC,5.41,5.49,0.25,0.355,xLS006,diam_0.25_0.355mm_g,,38.090222,xLSGS2,not previously published ,
ds_05,x9804,9804.09,7/29/1998,NA,SC,5.49,5.57,0.25,0.355,xLS006,diam_0.25_0.355mm_g,,90.379545,xLSGS2,not previously published ,
ds_05,x9804,9804.1,7/29/1998,NA,SC,5.57,5.64,0.25,0.355,xLS006,diam_0.25_0.355mm_g,,89.67392,xLSGS2,not previously published ,
ds_05,x9804,9804.11,7/29/1998,NA,SC,5.65,5.72,0.25,0.355,xLS006,diam_0.25_0.355mm_g,,82.028076,xLSGS2,not previously published ,
ds_05,x9804,9804.12,7/29/1998,NA,SC,5.72,5.8,0.25,0.355,xLS006,diam_0.25_0.355mm_g,,80.185752,xLSGS2,not previously published ,
ds_05,x9804,9804.13,7/29/1998,NA,SC,5.8,5.87,0.25,0.355,xLS006,diam_0.25_0.355mm_g,,85.4658,xLSGS2,not previously published ,
ds_05,x9804,9804.14,7/29/1998,NA,SC,5.88,5.95,0.25,0.355,xLS006,diam_0.25_0.355mm_g,,8.377551,xLSGS2,not previously published ,
ds_05,x9804,9804.15,7/29/1998,NA,SC,5.95,6.03,0.25,0.355,xLS006,diam_0.25_0.355mm_g,,1.301599,xLSGS2,not previously published ,
ds_05,x9804,9804.16,7/29/1998,NA,SC,6.03,6.11,0.25,0.355,xLS006,diam_0.25_0.355mm_g,,0.240042,xLSGS2,not previously published ,
ds_05,x9804,9804.17,7/29/1998,NA,SC,6.11,6.18,0.25,0.355,xLS006,diam_0.25_0.355mm_g,,10.7502,xLSGS2,not previously published ,
ds_05,x9804,9804.18,7/29/1998,NA,SC,6.19,6.26,0.25,0.355,xLS006,diam_0.25_0.355mm_g,,3.240025,xLSGS2,not previously published ,
ds_05,x9804,9804.19,7/29/1998,NA,SC,6.26,6.34,0.25,0.355,xLS006,diam_0.25_0.355mm_g,,0.558402,xLSGS2,not previously published ,
ds_05,x9805,9805.01,7/29/1998,NA,SC,5.49,5.56,0.25,0.355,xLS006,diam_0.25_0.355mm_g,,58.04108,xLSGS2,not previously published ,
ds_05,x9805,9805.02,7/29/1998,NA,SC,5.56,5.64,0.25,0.355,xLS006,diam_0.25_0.355mm_g,md,,xLSGS2,not previously published ,
ds_05,x9805,9805.03,7/29/1998,NA,SC,5.64,5.71,0.25,0.355,xLS006,diam_0.25_0.355mm_g,,98.281703,xLSGS2,not previously published ,
ds_05,x9805,9805.04,7/29/1998,NA,SC,5.72,5.79,0.25,0.355,xLS006,diam_0.25_0.355mm_g,,86.37204,xLSGS2,not previously published ,
ds_05,x9805,9805.05,7/29/1998,NA,SC,5.8,5.87,0.25,0.355,xLS006,diam_0.25_0.355mm_g,,76.578752,xLSGS2,not previously published ,
ds_05,x9805,9805.06,7/29/1998,NA,SC,5.87,5.95,0.25,0.355,xLS006,diam_0.25_0.355mm_g,,89.42408,xLSGS2,not previously published ,
ds_05,x9805,9805.07,7/29/1998,NA,SC,5.95,6.03,0.25,0.355,xLS006,diam_0.25_0.355mm_g,,23.677984,xLSGS2,not previously published ,
ds_05,x9805,9805.08,7/29/1998,NA,SC,6.03,6.1,0.25,0.355,xLS006,diam_0.25_0.355mm_g,,78.122072,xLSGS2,not previously published ,
ds_05,x9805,9805.09,7/29/1998,NA,SC,6.11,6.18,0.25,0.355,xLS006,diam_0.25_0.355mm_g,,79.425655,xLSGS2,not previously published ,
ds_05,x9805,9805.1,7/29/1998,NA,SC,6.19,6.26,0.25,0.355,xLS006,diam_0.25_0.355mm_g,,49.42525,xLSGS2,not previously published ,
ds_05,x9805,9805.11,7/29/1998,NA,SC,6.26,6.34,0.25,0.355,xLS006,diam_0.25_0.355mm_g,,44.0369,xLSGS2,not previously published ,
ds_05,x9805,9805.12,7/29/1998,NA,SC,6.34,6.41,0.25,0.355,xLS006,diam_0.25_0.355mm_g,,40.232052,xLSGS2,not previously published ,
ds_05,x9805,9805.13,7/29/1998,NA,SC,6.42,6.49,0.25,0.355,xLS006,diam_0.25_0.355mm_g,,20.46632,xLSGS2,not previously published ,
ds_05,x9805,9805.14,7/29/1998,NA,SC,6.5,6.57,0.25,0.355,xLS006,diam_0.25_0.355mm_g,,26.552968,xLSGS2,not previously published ,
ds_05,x9805,9805.15,7/29/1998,NA,SC,6.57,6.65,0.25,0.355,xLS006,diam_0.25_0.355mm_g,,47.71271,xLSGS2,not previously published ,
ds_05,x9805,9805.16,7/29/1998,NA,SC,6.65,6.72,0.25,0.355,xLS006,diam_0.25_0.355mm_g,,33.353045,xLSGS2,not previously published ,
ds_05,x9805,9805.17,7/29/1998,NA,SC,6.73,6.8,0.25,0.355,xLS006,diam_0.25_0.355mm_g,,43.863932,xLSGS2,not previously published ,
ds_05,x9805,9805.18,7/29/1998,NA,SC,6.81,6.88,0.25,0.355,xLS006,diam_0.25_0.355mm_g,,64.573922,xLSGS2,not previously published ,
ds_05,x9805,9805.19,7/29/1998,NA,SC,6.88,6.96,0.25,0.355,xLS006,diam_0.25_0.355mm_g,,60.950444,xLSGS2,not previously published ,
ds_05,x9805,9805.2,7/29/1998,NA,SC,6.96,7.03,0.25,0.355,xLS006,diam_0.25_0.355mm_g,,56.69713,xLSGS2,not previously published ,
ds_05,x9805,9805.21,7/29/1998,NA,SC,7.04,7.11,0.25,0.355,xLS006,diam_0.25_0.355mm_g,,4.585641,xLSGS2,not previously published ,
ds_05,x9805,9805.22,7/29/1998,NA,SC,7.11,7.19,0.25,0.355,xLS006,diam_0.25_0.355mm_g,,0.713448,xLSGS2,not previously published ,
ds_05,x9805,9805.23,7/29/1998,NA,SC,7.19,7.26,0.25,0.355,xLS006,diam_0.25_0.355mm_g,,0.693561,xLSGS2,not previously published ,
ds_05,x9805,9805.24,7/29/1998,NA,SC,7.27,7.34,0.25,0.355,xLS006,diam_0.25_0.355mm_g,,5.198655,xLSGS2,not previously published ,
ds_05,x9806,9806.01,7/29/1998,NA,SC,7.01,7.08,0.25,0.355,xLS006,diam_0.25_0.355mm_g,,31.140248,xLSGS2,not previously published ,
ds_05,x9806,9806.02,7/29/1998,NA,SC,7.09,7.16,0.25,0.355,xLS006,diam_0.25_0.355mm_g,,1.341056,xLSGS2,not previously published ,
ds_05,x9806,9806.03,7/29/1998,NA,SC,7.17,7.24,0.25,0.355,xLS006,diam_0.25_0.355mm_g,,3.43686,xLSGS2,not previously published ,
ds_05,x9806,9806.04,7/29/1998,NA,SC,7.24,7.31,0.25,0.355,xLS006,diam_0.25_0.355mm_g,,17.509296,xLSGS2,not previously published ,
ds_05,x9806,9806.05,7/29/1998,NA,SC,7.32,7.39,0.25,0.355,xLS006,diam_0.25_0.355mm_g,,13.206115,xLSGS2,not previously published ,
ds_05,x9806,9806.06,7/29/1998,NA,SC,7.39,7.46,0.25,0.355,xLS006,diam_0.25_0.355mm_g,,2.4311,xLSGS2,not previously published ,
ds_05,x9806,9806.07,7/29/1998,NA,SC,7.47,7.54,0.25,0.355,xLS006,diam_0.25_0.355mm_g,,6.553272,xLSGS2,not previously published ,
ds_05,x9806,9806.08,7/29/1998,NA,SC,7.54,7.62,0.25,0.355,xLS006,diam_0.25_0.355mm_g,,24.879825,xLSGS2,not previously published ,
ds_05,x9806,9806.09,7/29/1998,NA,SC,7.62,7.69,0.25,0.355,xLS006,diam_0.25_0.355mm_g,,11.10668,xLSGS2,not previously published ,
ds_05,x9806,9806.1,7/29/1998,NA,SC,7.7,7.77,0.25,0.355,xLS006,diam_0.25_0.355mm_g,,19.214544,xLSGS2,not previously published ,
ds_05,x9806,9806.11,7/29/1998,NA,SC,7.77,7.85,0.25,0.355,xLS006,diam_0.25_0.355mm_g,,42.1685,xLSGS2,not previously published ,
ds_05,x9806,9806.12,7/29/1998,NA,SC,7.85,7.92,0.25,0.355,xLS006,diam_0.25_0.355mm_g,,55.237674,xLSGS2,not previously published ,
ds_05,x9806,9806.13,7/29/1998,NA,SC,7.93,8,0.25,0.355,xLS006,diam_0.25_0.355mm_g,,97.201076,xLSGS2,not previously published ,
ds_05,x9806,9806.14,7/29/1998,NA,SC,8,8.08,0.25,0.355,xLS006,diam_0.25_0.355mm_g,md,,xLSGS2,not previously published ,
ds_05,x9806,9806.15,7/29/1998,NA,SC,8.08,8.16,0.25,0.355,xLS006,diam_0.25_0.355mm_g,,37.185204,xLSGS2,not previously published ,
ds_05,x9806,9806.16,7/29/1998,NA,SC,8.16,8.23,0.25,0.355,xLS006,diam_0.25_0.355mm_g,,59.39362,xLSGS2,not previously published ,
ds_05,x9806,9806.17,7/29/1998,NA,SC,8.24,8.31,0.25,0.355,xLS006,diam_0.25_0.355mm_g,,26.441923,xLSGS2,not previously published ,
ds_05,x9806,9806.18,7/29/1998,NA,SC,8.32,8.39,0.25,0.355,xLS006,diam_0.25_0.355mm_g,,33.508058,xLSGS2,not previously published ,
ds_05,x9806,9806.19,7/29/1998,NA,SC,8.39,8.47,0.25,0.355,xLS006,diam_0.25_0.355mm_g,,31.920418,xLSGS2,not previously published ,
ds_05,x9806,9806.2,7/29/1998,NA,SC,8.47,8.55,0.25,0.355,xLS006,diam_0.25_0.355mm_g,,24.870378,xLSGS2,not previously published ,
ds_05,x9806,9806.21,7/29/1998,NA,SC,8.55,8.62,0.25,0.355,xLS006,diam_0.25_0.355mm_g,,3.548632,xLSGS2,not previously published ,
ds_05,x9806,9806.22,7/29/1998,NA,SC,8.63,8.68,0.25,0.355,xLS006,diam_0.25_0.355mm_g,,16.954288,xLSGS2,not previously published ,
ds_05,x9807,9807.01,7/29/1998,NA,SC,7.62,7.69,0.25,0.355,xLS006,diam_0.25_0.355mm_g,,35.057792,xLSGS2,not previously published ,
ds_05,x9807,9807.02,7/29/1998,NA,SC,7.7,7.77,0.25,0.355,xLS006,diam_0.25_0.355mm_g,,28.01781,xLSGS2,not previously published ,
ds_05,x9807,9807.03,7/29/1998,NA,SC,7.77,7.85,0.25,0.355,xLS006,diam_0.25_0.355mm_g,,13.653916,xLSGS2,not previously published ,
ds_05,x9807,9807.04,7/29/1998,NA,SC,7.85,7.92,0.25,0.355,xLS006,diam_0.25_0.355mm_g,,16.889024,xLSGS2,not previously published ,
ds_05,x9807,9807.05,7/29/1998,NA,SC,7.93,8,0.25,0.355,xLS006,diam_0.25_0.355mm_g,,24.896565,xLSGS2,not previously published ,
ds_05,x9807,9807.06,7/29/1998,NA,SC,8,8.07,0.25,0.355,xLS006,diam_0.25_0.355mm_g,,27.334002,xLSGS2,not previously published ,
ds_05,x9807,9807.07,7/29/1998,NA,SC,8.08,8.15,0.25,0.355,xLS006,diam_0.25_0.355mm_g,,14.460446,xLSGS2,not previously published ,
ds_05,x9807,9807.08,7/29/1998,NA,SC,8.15,8.23,0.25,0.355,xLS006,diam_0.25_0.355mm_g,,15.309072,xLSGS2,not previously published ,
ds_05,x9807,9807.09,7/29/1998,NA,SC,8.23,8.3,0.25,0.355,xLS006,diam_0.25_0.355mm_g,,37.96119,xLSGS2,not previously published ,
ds_05,x9807,9807.1,7/29/1998,NA,SC,8.31,8.38,0.25,0.355,xLS006,diam_0.25_0.355mm_g,,31.953348,xLSGS2,not previously published ,
ds_05,x9807,9807.11,7/29/1998,NA,SC,8.39,8.46,0.25,0.355,xLS006,diam_0.25_0.355mm_g,,35.479346,xLSGS2,not previously published ,
ds_05,x9807,9807.12,7/29/1998,NA,SC,8.46,8.54,0.25,0.355,xLS006,diam_0.25_0.355mm_g,,29.838213,xLSGS2,not previously published ,
ds_05,x9807,9807.13,7/29/1998,NA,SC,8.54,8.61,0.25,0.355,xLS006,diam_0.25_0.355mm_g,,25.540086,xLSGS2,not previously published ,
ds_05,x9807,9807.14,7/29/1998,NA,SC,8.62,8.69,0.25,0.355,xLS006,diam_0.25_0.355mm_g,,43.483552,xLSGS2,not previously published ,
ds_05,x9807,9807.15,7/29/1998,NA,SC,8.7,8.77,0.25,0.355,xLS006,diam_0.25_0.355mm_g,,15.067755,xLSGS2,not previously published ,
ds_05,x9807,9807.16,7/29/1998,NA,SC,8.77,8.85,0.25,0.355,xLS006,diam_0.25_0.355mm_g,,17.924592,xLSGS2,not previously published ,
ds_05,x9807,9807.17,7/29/1998,NA,SC,8.85,8.92,0.25,0.355,xLS006,diam_0.25_0.355mm_g,,48.08103,xLSGS2,not previously published ,
ds_05,x9807,9807.18,7/29/1998,NA,SC,8.93,9,0.25,0.355,xLS006,diam_0.25_0.355mm_g,,22.31145,xLSGS2,not previously published ,
ds_05,x9807,9807.19,7/29/1998,NA,SC,9.01,9.08,0.25,0.355,xLS006,diam_0.25_0.355mm_g,,4.119528,xLSGS2,not previously published ,
ds_05,x9807,9807.2,7/29/1998,NA,SC,9.08,9.16,0.25,0.355,xLS006,diam_0.25_0.355mm_g,,3.08691,xLSGS2,not previously published ,
ds_05,x9808,9808.01,7/29/1998,NA,SC,7.01,7.08,0.25,0.355,xLS006,diam_0.25_0.355mm_g,,40.843368,xLSGS2,not previously published ,
ds_05,x9808,9808.02,7/29/1998,NA,SC,7.09,7.16,0.25,0.355,xLS006,diam_0.25_0.355mm_g,,59.937978,xLSGS2,not previously published ,
ds_05,x9808,9808.03,7/29/1998,NA,SC,7.16,7.24,0.25,0.355,xLS006,diam_0.25_0.355mm_g,,3.398422,xLSGS2,not previously published ,
ds_05,x9808,9808.04,7/29/1998,NA,SC,7.24,7.31,0.25,0.355,xLS006,diam_0.25_0.355mm_g,,24.440662,xLSGS2,not previously published ,
ds_05,x9808,9808.05,7/29/1998,NA,SC,7.32,7.39,0.25,0.355,xLS006,diam_0.25_0.355mm_g,,111.422272,xLSGS2,not previously published ,
ds_05,x9808,9808.06,7/29/1998,NA,SC,7.4,7.47,0.25,0.355,xLS006,diam_0.25_0.355mm_g,,107.543889,xLSGS2,not previously published ,
ds_05,x9808,9808.07,7/29/1998,NA,SC,7.47,7.55,0.25,0.355,xLS006,diam_0.25_0.355mm_g,,96.303711,xLSGS2,not previously published ,
ds_05,x9808,9808.08,7/29/1998,NA,SC,7.55,7.62,0.25,0.355,xLS006,diam_0.25_0.355mm_g,,91.180716,xLSGS2,not previously published ,
ds_05,x9808,9808.09,7/29/1998,NA,SC,7.63,7.7,0.25,0.355,xLS006,diam_0.25_0.355mm_g,,92.785077,xLSGS2,not previously published ,
ds_05,x9808,9808.1,7/29/1998,NA,SC,7.71,7.78,0.25,0.355,xLS006,diam_0.25_0.355mm_g,,16.53608,xLSGS2,not previously published ,
ds_05,x9808,9808.11,7/29/1998,NA,SC,7.78,7.86,0.25,0.355,xLS006,diam_0.25_0.355mm_g,,1.659888,xLSGS2,not previously published ,
ds_05,x9808,9808.12,7/29/1998,NA,SC,7.86,7.93,0.25,0.355,xLS006,diam_0.25_0.355mm_g,,0.947205,xLSGS2,not previously published ,
ds_05,x9808,9808.13,7/29/1998,NA,SC,7.94,8.01,0.25,0.355,xLS006,diam_0.25_0.355mm_g,,0.840751,xLSGS2,not previously published ,
ds_05,x9808,9808.14,7/29/1998,NA,SC,8.02,8.09,0.25,0.355,xLS006,diam_0.25_0.355mm_g,,3.61665,xLSGS2,not previously published ,
ds_05,x9808,9808.15,7/29/1998,NA,SC,8.09,8.17,0.25,0.355,xLS006,diam_0.25_0.355mm_g,,15.672762,xLSGS2,not previously published ,
ds_05,x9808,9808.16,7/29/1998,NA,SC,8.17,8.25,0.25,0.355,xLS006,diam_0.25_0.355mm_g,,18.21989,xLSGS2,not previously published ,
ds_05,x9808,9808.17,7/29/1998,NA,SC,8.25,8.32,0.25,0.355,xLS006,diam_0.25_0.355mm_g,,10.510335,xLSGS2,not previously published ,
ds_05,x9808,9808.18,7/29/1998,NA,SC,8.33,8.4,0.25,0.355,xLS006,diam_0.25_0.355mm_g,,64.56193,xLSGS2,not previously published ,
ds_05,x9808,9808.19,7/29/1998,NA,SC,8.4,8.48,0.25,0.355,xLS006,diam_0.25_0.355mm_g,,13.6752,xLSGS2,not previously published ,
ds_05,x9808,9808.2,7/29/1998,NA,SC,8.48,8.55,0.25,0.355,xLS006,diam_0.25_0.355mm_g,,21.602784,xLSGS2,not previously published ,
ds_05,x9808,9808.21,7/29/1998,NA,SC,8.56,8.63,0.25,0.355,xLS006,diam_0.25_0.355mm_g,,22.49314,xLSGS2,not previously published ,
ds_05,x9808,9808.22,7/29/1998,NA,SC,8.64,8.71,0.25,0.355,xLS006,diam_0.25_0.355mm_g,,35.21925,xLSGS2,not previously published ,
ds_05,x9808,9808.23,7/29/1998,NA,SC,8.71,8.79,0.25,0.355,xLS006,diam_0.25_0.355mm_g,,56.960112,xLSGS2,not previously published ,
ds_05,x9808,9808.24,7/29/1998,NA,SC,8.79,8.87,0.25,0.355,xLS006,diam_0.25_0.355mm_g,,31.1418,xLSGS2,not previously published ,
ds_05,x9802,9802.01,7/29/1998,NA,SC,5.18,5.26,0.106,0.25,xLS007,diam_0.106_0.25mm_g,,42.756568,xLSGS2,not previously published ,
ds_05,x9802,9802.02,7/29/1998,NA,SC,5.26,5.33,0.106,0.25,xLS007,diam_0.106_0.25mm_g,,41.538237,xLSGS2,not previously published ,
ds_05,x9802,9802.03,7/29/1998,NA,SC,5.34,5.41,0.106,0.25,xLS007,diam_0.106_0.25mm_g,,56.268102,xLSGS2,not previously published ,
ds_05,x9802,9802.04,7/29/1998,NA,SC,5.42,5.49,0.106,0.25,xLS007,diam_0.106_0.25mm_g,,106.872891,xLSGS2,not previously published ,
ds_05,x9802,9802.05,7/29/1998,NA,SC,5.49,5.57,0.106,0.25,xLS007,diam_0.106_0.25mm_g,,98.890446,xLSGS2,not previously published ,
ds_05,x9802,9802.06,7/29/1998,NA,SC,5.57,5.64,0.106,0.25,xLS007,diam_0.106_0.25mm_g,,110.264765,xLSGS2,not previously published ,
ds_05,x9802,9802.07,7/29/1998,NA,SC,5.65,5.72,0.106,0.25,xLS007,diam_0.106_0.25mm_g,,40.370008,xLSGS2,not previously published ,
ds_05,x9802,9802.08,7/29/1998,NA,SC,5.72,5.8,0.106,0.25,xLS007,diam_0.106_0.25mm_g,,36.08808,xLSGS2,not previously published ,
ds_05,x9802,9802.09,7/29/1998,NA,SC,5.8,5.87,0.106,0.25,xLS007,diam_0.106_0.25mm_g,,28.263816,xLSGS2,not previously published ,
ds_05,x9802,9802.1,7/29/1998,NA,SC,5.88,5.95,0.106,0.25,xLS007,diam_0.106_0.25mm_g,,99.74344,xLSGS2,not previously published ,
ds_05,x9802,9802.11,7/29/1998,NA,SC,5.95,6.03,0.106,0.25,xLS007,diam_0.106_0.25mm_g,,83.68954,xLSGS2,not previously published ,
ds_05,x9802,9802.12,7/29/1998,NA,SC,6.03,6.1,0.106,0.25,xLS007,diam_0.106_0.25mm_g,,79.322885,xLSGS2,not previously published ,
ds_05,x9802,9802.13,7/29/1998,NA,SC,6.11,6.18,0.106,0.25,xLS007,diam_0.106_0.25mm_g,,85.647562,xLSGS2,not previously published ,
ds_05,x9802,9802.14,7/29/1998,NA,SC,6.18,6.26,0.106,0.25,xLS007,diam_0.106_0.25mm_g,,67.599224,xLSGS2,not previously published ,
ds_05,x9802,9802.15,7/29/1998,NA,SC,6.26,6.34,0.106,0.25,xLS007,diam_0.106_0.25mm_g,,99.37016,xLSGS2,not previously published ,
ds_05,x9802,9802.16,7/29/1998,NA,SC,6.34,6.41,0.106,0.25,xLS007,diam_0.106_0.25mm_g,,105.211143,xLSGS2,not previously published ,
ds_05,x9802,9802.17,7/29/1998,NA,SC,6.42,6.49,0.106,0.25,xLS007,diam_0.106_0.25mm_g,,79.504715,xLSGS2,not previously published ,
ds_05,x9802,9802.18,7/29/1998,NA,SC,6.49,6.57,0.106,0.25,xLS007,diam_0.106_0.25mm_g,,4.926846,xLSGS2,not previously published ,
ds_05,x9802,9802.19,7/29/1998,NA,SC,6.57,6.64,0.106,0.25,xLS007,diam_0.106_0.25mm_g,,4.156256,xLSGS2,not previously published ,
ds_05,x9802,9802.2,7/29/1998,NA,SC,6.65,6.72,0.106,0.25,xLS007,diam_0.106_0.25mm_g,,43.413517,xLSGS2,not previously published ,
ds_05,x9802,9802.21,7/29/1998,NA,SC,6.72,6.8,0.106,0.25,xLS007,diam_0.106_0.25mm_g,,4.3302,xLSGS2,not previously published ,
ds_05,x9803,9803.01,7/29/1998,NA,SC,4.57,4.64,0.106,0.25,xLS007,diam_0.106_0.25mm_g,,43.508899,xLSGS2,not previously published ,
ds_05,x9803,9803.02,7/29/1998,NA,SC,4.65,4.72,0.106,0.25,xLS007,diam_0.106_0.25mm_g,,53.03768,xLSGS2,not previously published ,
ds_05,x9803,9803.03,7/29/1998,NA,SC,4.73,4.8,0.106,0.25,xLS007,diam_0.106_0.25mm_g,,34.506923,xLSGS2,not previously published ,
ds_05,x9803,9803.04,7/29/1998,NA,SC,4.8,4.87,0.106,0.25,xLS007,diam_0.106_0.25mm_g,,30.652542,xLSGS2,not previously published ,
ds_05,x9803,9803.05,7/29/1998,NA,SC,4.88,4.95,0.106,0.25,xLS007,diam_0.106_0.25mm_g,,14.979534,xLSGS2,not previously published ,
ds_05,x9803,9803.06,7/29/1998,NA,SC,4.95,5.03,0.106,0.25,xLS007,diam_0.106_0.25mm_g,,39.069306,xLSGS2,not previously published ,
ds_05,x9803,9803.07,7/29/1998,NA,SC,5.03,5.1,0.106,0.25,xLS007,diam_0.106_0.25mm_g,,43.116318,xLSGS2,not previously published ,
ds_05,x9803,9803.08,7/29/1998,NA,SC,5.11,5.18,0.106,0.25,xLS007,diam_0.106_0.25mm_g,,65.442636,xLSGS2,not previously published ,
ds_05,x9803,9803.09,7/29/1998,NA,SC,5.18,5.25,0.106,0.25,xLS007,diam_0.106_0.25mm_g,,52.296686,xLSGS2,not previously published ,
ds_05,x9803,9803.1,7/29/1998,NA,SC,5.26,5.33,0.106,0.25,xLS007,diam_0.106_0.25mm_g,,77.125704,xLSGS2,not previously published ,
ds_05,x9803,9803.11,7/29/1998,NA,SC,5.33,5.41,0.106,0.25,xLS007,diam_0.106_0.25mm_g,,66.51216,xLSGS2,not previously published ,
ds_05,x9803,9803.12,7/29/1998,NA,SC,5.41,5.48,0.106,0.25,xLS007,diam_0.106_0.25mm_g,,112.607847,xLSGS2,not previously published ,
ds_05,x9803,9803.13,7/29/1998,NA,SC,5.49,5.56,0.106,0.25,xLS007,diam_0.106_0.25mm_g,,130.640076,xLSGS2,not previously published ,
ds_05,x9803,9803.14,7/29/1998,NA,SC,5.57,5.64,0.106,0.25,xLS007,diam_0.106_0.25mm_g,,67.285683,xLSGS2,not previously published ,
ds_05,x9803,9803.15,7/29/1998,NA,SC,5.64,5.71,0.106,0.25,xLS007,diam_0.106_0.25mm_g,,84.194472,xLSGS2,not previously published ,
ds_05,x9803,9803.16,7/29/1998,NA,SC,5.72,5.79,0.106,0.25,xLS007,diam_0.106_0.25mm_g,,49.872193,xLSGS2,not previously published ,
ds_05,x9803,9803.17,7/29/1998,NA,SC,5.8,5.87,0.106,0.25,xLS007,diam_0.106_0.25mm_g,,134.565172,xLSGS2,not previously published ,
ds_05,x9803,9803.18,7/29/1998,NA,SC,5.87,5.95,0.106,0.25,xLS007,diam_0.106_0.25mm_g,,164.8194,xLSGS2,not previously published ,
ds_05,x9803,9803.19,7/29/1998,NA,SC,5.95,6.02,0.106,0.25,xLS007,diam_0.106_0.25mm_g,,154.627436,xLSGS2,not previously published ,
ds_05,x9803,9803.2,7/29/1998,NA,SC,6.03,6.1,0.106,0.25,xLS007,diam_0.106_0.25mm_g,,61.942858,xLSGS2,not previously published ,
ds_05,x9803,9803.21,7/29/1998,NA,SC,6.1,6.18,0.106,0.25,xLS007,diam_0.106_0.25mm_g,,18.669533,xLSGS2,not previously published ,
ds_05,x9804,9804.01,7/29/1998,NA,SC,4.88,4.95,0.106,0.25,xLS007,diam_0.106_0.25mm_g,,75.199761,xLSGS2,not previously published ,
ds_05,x9804,9804.02,7/29/1998,NA,SC,4.95,5.02,0.106,0.25,xLS007,diam_0.106_0.25mm_g,,42.59269,xLSGS2,not previously published ,
ds_05,x9804,9804.03,7/29/1998,NA,SC,5.03,5.1,0.106,0.25,xLS007,diam_0.106_0.25mm_g,,53.021948,xLSGS2,not previously published ,
ds_05,x9804,9804.04,7/29/1998,NA,SC,5.11,5.18,0.106,0.25,xLS007,diam_0.106_0.25mm_g,,54.532926,xLSGS2,not previously published ,
ds_05,x9804,9804.05,7/29/1998,NA,SC,5.18,5.25,0.106,0.25,xLS007,diam_0.106_0.25mm_g,,38.294762,xLSGS2,not previously published ,
ds_05,x9804,9804.06,7/29/1998,NA,SC,5.26,5.33,0.106,0.25,xLS007,diam_0.106_0.25mm_g,,22.710103,xLSGS2,not previously published ,
ds_05,x9804,9804.07,7/29/1998,NA,SC,5.34,5.41,0.106,0.25,xLS007,diam_0.106_0.25mm_g,,30.922496,xLSGS2,not previously published ,
ds_05,x9804,9804.08,7/29/1998,NA,SC,5.41,5.49,0.106,0.25,xLS007,diam_0.106_0.25mm_g,,77.313817,xLSGS2,not previously published ,
ds_05,x9804,9804.09,7/29/1998,NA,SC,5.49,5.57,0.106,0.25,xLS007,diam_0.106_0.25mm_g,,56.158365,xLSGS2,not previously published ,
ds_05,x9804,9804.1,7/29/1998,NA,SC,5.57,5.64,0.106,0.25,xLS007,diam_0.106_0.25mm_g,,55.41312,xLSGS2,not previously published ,
ds_05,x9804,9804.11,7/29/1998,NA,SC,5.65,5.72,0.106,0.25,xLS007,diam_0.106_0.25mm_g,,51.177558,xLSGS2,not previously published ,
ds_05,x9804,9804.12,7/29/1998,NA,SC,5.72,5.8,0.106,0.25,xLS007,diam_0.106_0.25mm_g,,54.295122,xLSGS2,not previously published ,
ds_05,x9804,9804.13,7/29/1998,NA,SC,5.8,5.87,0.106,0.25,xLS007,diam_0.106_0.25mm_g,,62.4456,xLSGS2,not previously published ,
ds_05,x9804,9804.14,7/29/1998,NA,SC,5.88,5.95,0.106,0.25,xLS007,diam_0.106_0.25mm_g,,48.142692,xLSGS2,not previously published ,
ds_05,x9804,9804.15,7/29/1998,NA,SC,5.95,6.03,0.106,0.25,xLS007,diam_0.106_0.25mm_g,,57.667454,xLSGS2,not previously published ,
ds_05,x9804,9804.16,7/29/1998,NA,SC,6.03,6.11,0.106,0.25,xLS007,diam_0.106_0.25mm_g,,33.71499,xLSGS2,not previously published ,
ds_05,x9804,9804.17,7/29/1998,NA,SC,6.11,6.18,0.106,0.25,xLS007,diam_0.106_0.25mm_g,,124.453368,xLSGS2,not previously published ,
ds_05,x9804,9804.18,7/29/1998,NA,SC,6.19,6.26,0.106,0.25,xLS007,diam_0.106_0.25mm_g,,150.96282,xLSGS2,not previously published ,
ds_05,x9804,9804.19,7/29/1998,NA,SC,6.26,6.34,0.106,0.25,xLS007,diam_0.106_0.25mm_g,,113.763669,xLSGS2,not previously published ,
ds_05,x9805,9805.01,7/29/1998,NA,SC,5.49,5.56,0.106,0.25,xLS007,diam_0.106_0.25mm_g,,79.234249,xLSGS2,not previously published ,
ds_05,x9805,9805.02,7/29/1998,NA,SC,5.56,5.64,0.106,0.25,xLS007,diam_0.106_0.25mm_g,md,,xLSGS2,not previously published ,
ds_05,x9805,9805.03,7/29/1998,NA,SC,5.64,5.71,0.106,0.25,xLS007,diam_0.106_0.25mm_g,,67.792777,xLSGS2,not previously published ,
ds_05,x9805,9805.04,7/29/1998,NA,SC,5.72,5.79,0.106,0.25,xLS007,diam_0.106_0.25mm_g,,59.36754,xLSGS2,not previously published ,
ds_05,x9805,9805.05,7/29/1998,NA,SC,5.8,5.87,0.106,0.25,xLS007,diam_0.106_0.25mm_g,,51.254176,xLSGS2,not previously published ,
ds_05,x9805,9805.06,7/29/1998,NA,SC,5.87,5.95,0.106,0.25,xLS007,diam_0.106_0.25mm_g,,50.565456,xLSGS2,not previously published ,
ds_05,x9805,9805.07,7/29/1998,NA,SC,5.95,6.03,0.106,0.25,xLS007,diam_0.106_0.25mm_g,,147.533716,xLSGS2,not previously published ,
ds_05,x9805,9805.08,7/29/1998,NA,SC,6.03,6.1,0.106,0.25,xLS007,diam_0.106_0.25mm_g,,40.403628,xLSGS2,not previously published ,
ds_05,x9805,9805.09,7/29/1998,NA,SC,6.11,6.18,0.106,0.25,xLS007,diam_0.106_0.25mm_g,,32.95653,xLSGS2,not previously published ,
ds_05,x9805,9805.1,7/29/1998,NA,SC,6.19,6.26,0.106,0.25,xLS007,diam_0.106_0.25mm_g,,40.97065,xLSGS2,not previously published ,
ds_05,x9805,9805.11,7/29/1998,NA,SC,6.26,6.34,0.106,0.25,xLS007,diam_0.106_0.25mm_g,,38.08824,xLSGS2,not previously published ,
ds_05,x9805,9805.12,7/29/1998,NA,SC,6.34,6.41,0.106,0.25,xLS007,diam_0.106_0.25mm_g,,24.167808,xLSGS2,not previously published ,
ds_05,x9805,9805.13,7/29/1998,NA,SC,6.42,6.49,0.106,0.25,xLS007,diam_0.106_0.25mm_g,,25.520248,xLSGS2,not previously published ,
ds_05,x9805,9805.14,7/29/1998,NA,SC,6.5,6.57,0.106,0.25,xLS007,diam_0.106_0.25mm_g,,28.332824,xLSGS2,not previously published ,
ds_05,x9805,9805.15,7/29/1998,NA,SC,6.57,6.65,0.106,0.25,xLS007,diam_0.106_0.25mm_g,,28.715595,xLSGS2,not previously published ,
ds_05,x9805,9805.16,7/29/1998,NA,SC,6.65,6.72,0.106,0.25,xLS007,diam_0.106_0.25mm_g,,27.623431,xLSGS2,not previously published ,
ds_05,x9805,9805.17,7/29/1998,NA,SC,6.73,6.8,0.106,0.25,xLS007,diam_0.106_0.25mm_g,,102.603648,xLSGS2,not previously published ,
ds_05,x9805,9805.18,7/29/1998,NA,SC,6.81,6.88,0.106,0.25,xLS007,diam_0.106_0.25mm_g,,53.244408,xLSGS2,not previously published ,
ds_05,x9805,9805.19,7/29/1998,NA,SC,6.88,6.96,0.106,0.25,xLS007,diam_0.106_0.25mm_g,,41.968974,xLSGS2,not previously published ,
ds_05,x9805,9805.2,7/29/1998,NA,SC,6.96,7.03,0.106,0.25,xLS007,diam_0.106_0.25mm_g,,44.978318,xLSGS2,not previously published ,
ds_05,x9805,9805.21,7/29/1998,NA,SC,7.04,7.11,0.106,0.25,xLS007,diam_0.106_0.25mm_g,,31.659768,xLSGS2,not previously published ,
ds_05,x9805,9805.22,7/29/1998,NA,SC,7.11,7.19,0.106,0.25,xLS007,diam_0.106_0.25mm_g,,15.95349,xLSGS2,not previously published ,
ds_05,x9805,9805.23,7/29/1998,NA,SC,7.19,7.26,0.106,0.25,xLS007,diam_0.106_0.25mm_g,,76.964254,xLSGS2,not previously published ,
ds_05,x9805,9805.24,7/29/1998,NA,SC,7.27,7.34,0.106,0.25,xLS007,diam_0.106_0.25mm_g,,164.468469,xLSGS2,not previously published ,
ds_05,x9806,9806.01,7/29/1998,NA,SC,7.01,7.08,0.106,0.25,xLS007,diam_0.106_0.25mm_g,,86.67222,xLSGS2,not previously published ,
ds_05,x9806,9806.02,7/29/1998,NA,SC,7.09,7.16,0.106,0.25,xLS007,diam_0.106_0.25mm_g,,168.239666,xLSGS2,not previously published ,
ds_05,x9806,9806.03,7/29/1998,NA,SC,7.17,7.24,0.106,0.25,xLS007,diam_0.106_0.25mm_g,,150.56328,xLSGS2,not previously published ,
ds_05,x9806,9806.04,7/29/1998,NA,SC,7.24,7.31,0.106,0.25,xLS007,diam_0.106_0.25mm_g,,134.103456,xLSGS2,not previously published ,
ds_05,x9806,9806.05,7/29/1998,NA,SC,7.32,7.39,0.106,0.25,xLS007,diam_0.106_0.25mm_g,,165.41382,xLSGS2,not previously published ,
ds_05,x9806,9806.06,7/29/1998,NA,SC,7.39,7.46,0.106,0.25,xLS007,diam_0.106_0.25mm_g,,163.2008,xLSGS2,not previously published ,
ds_05,x9806,9806.07,7/29/1998,NA,SC,7.47,7.54,0.106,0.25,xLS007,diam_0.106_0.25mm_g,,171.699968,xLSGS2,not previously published ,
ds_05,x9806,9806.08,7/29/1998,NA,SC,7.54,7.62,0.106,0.25,xLS007,diam_0.106_0.25mm_g,,165.8934,xLSGS2,not previously published ,
ds_05,x9806,9806.09,7/29/1998,NA,SC,7.62,7.69,0.106,0.25,xLS007,diam_0.106_0.25mm_g,,116.726935,xLSGS2,not previously published ,
ds_05,x9806,9806.1,7/29/1998,NA,SC,7.7,7.77,0.106,0.25,xLS007,diam_0.106_0.25mm_g,,152.677728,xLSGS2,not previously published ,
ds_05,x9806,9806.11,7/29/1998,NA,SC,7.77,7.85,0.106,0.25,xLS007,diam_0.106_0.25mm_g,,134.720916,xLSGS2,not previously published ,
ds_05,x9806,9806.12,7/29/1998,NA,SC,7.85,7.92,0.106,0.25,xLS007,diam_0.106_0.25mm_g,,133.122373,xLSGS2,not previously published ,
ds_05,x9806,9806.13,7/29/1998,NA,SC,7.93,8,0.106,0.25,xLS007,diam_0.106_0.25mm_g,,95.689838,xLSGS2,not previously published ,
ds_05,x9806,9806.14,7/29/1998,NA,SC,8,8.08,0.106,0.25,xLS007,diam_0.106_0.25mm_g,md,,xLSGS2,not previously published ,
ds_05,x9806,9806.15,7/29/1998,NA,SC,8.08,8.16,0.106,0.25,xLS007,diam_0.106_0.25mm_g,,153.697425,xLSGS2,not previously published ,
ds_05,x9806,9806.16,7/29/1998,NA,SC,8.16,8.23,0.106,0.25,xLS007,diam_0.106_0.25mm_g,,134.61388,xLSGS2,not previously published ,
ds_05,x9806,9806.17,7/29/1998,NA,SC,8.24,8.31,0.106,0.25,xLS007,diam_0.106_0.25mm_g,,89.985241,xLSGS2,not previously published ,
ds_05,x9806,9806.18,7/29/1998,NA,SC,8.32,8.39,0.106,0.25,xLS007,diam_0.106_0.25mm_g,,131.643628,xLSGS2,not previously published ,
ds_05,x9806,9806.19,7/29/1998,NA,SC,8.39,8.47,0.106,0.25,xLS007,diam_0.106_0.25mm_g,,98.735347,xLSGS2,not previously published ,
ds_05,x9806,9806.2,7/29/1998,NA,SC,8.47,8.55,0.106,0.25,xLS007,diam_0.106_0.25mm_g,,68.503911,xLSGS2,not previously published ,
ds_05,x9806,9806.21,7/29/1998,NA,SC,8.55,8.62,0.106,0.25,xLS007,diam_0.106_0.25mm_g,,74.521272,xLSGS2,not previously published ,
ds_05,x9806,9806.22,7/29/1998,NA,SC,8.63,8.68,0.106,0.25,xLS007,diam_0.106_0.25mm_g,,30.507144,xLSGS2,not previously published ,
ds_05,x9807,9807.01,7/29/1998,NA,SC,7.62,7.69,0.106,0.25,xLS007,diam_0.106_0.25mm_g,,41.574216,xLSGS2,not previously published ,
ds_05,x9807,9807.02,7/29/1998,NA,SC,7.7,7.77,0.106,0.25,xLS007,diam_0.106_0.25mm_g,,48.35774,xLSGS2,not previously published ,
ds_05,x9807,9807.03,7/29/1998,NA,SC,7.77,7.85,0.106,0.25,xLS007,diam_0.106_0.25mm_g,,30.777888,xLSGS2,not previously published ,
ds_05,x9807,9807.04,7/29/1998,NA,SC,7.85,7.92,0.106,0.25,xLS007,diam_0.106_0.25mm_g,,57.447488,xLSGS2,not previously published ,
ds_05,x9807,9807.05,7/29/1998,NA,SC,7.93,8,0.106,0.25,xLS007,diam_0.106_0.25mm_g,,161.46908,xLSGS2,not previously published ,
ds_05,x9807,9807.06,7/29/1998,NA,SC,8,8.07,0.106,0.25,xLS007,diam_0.106_0.25mm_g,,155.044764,xLSGS2,not previously published ,
ds_05,x9807,9807.07,7/29/1998,NA,SC,8.08,8.15,0.106,0.25,xLS007,diam_0.106_0.25mm_g,,164.895731,xLSGS2,not previously published ,
ds_05,x9807,9807.08,7/29/1998,NA,SC,8.15,8.23,0.106,0.25,xLS007,diam_0.106_0.25mm_g,,166.200928,xLSGS2,not previously published ,
ds_05,x9807,9807.09,7/29/1998,NA,SC,8.23,8.3,0.106,0.25,xLS007,diam_0.106_0.25mm_g,,154.654317,xLSGS2,not previously published ,
ds_05,x9807,9807.1,7/29/1998,NA,SC,8.31,8.38,0.106,0.25,xLS007,diam_0.106_0.25mm_g,,162.236564,xLSGS2,not previously published ,
ds_05,x9807,9807.11,7/29/1998,NA,SC,8.39,8.46,0.106,0.25,xLS007,diam_0.106_0.25mm_g,,152.492746,xLSGS2,not previously published ,
ds_05,x9807,9807.12,7/29/1998,NA,SC,8.46,8.54,0.106,0.25,xLS007,diam_0.106_0.25mm_g,,152.528091,xLSGS2,not previously published ,
ds_05,x9807,9807.13,7/29/1998,NA,SC,8.54,8.61,0.106,0.25,xLS007,diam_0.106_0.25mm_g,,138.148647,xLSGS2,not previously published ,
ds_05,x9807,9807.14,7/29/1998,NA,SC,8.62,8.69,0.106,0.25,xLS007,diam_0.106_0.25mm_g,,103.457342,xLSGS2,not previously published ,
ds_05,x9807,9807.15,7/29/1998,NA,SC,8.7,8.77,0.106,0.25,xLS007,diam_0.106_0.25mm_g,,154.985625,xLSGS2,not previously published ,
ds_05,x9807,9807.16,7/29/1998,NA,SC,8.77,8.85,0.106,0.25,xLS007,diam_0.106_0.25mm_g,,111.068454,xLSGS2,not previously published ,
ds_05,x9807,9807.17,7/29/1998,NA,SC,8.85,8.92,0.106,0.25,xLS007,diam_0.106_0.25mm_g,,113.971446,xLSGS2,not previously published ,
ds_05,x9807,9807.18,7/29/1998,NA,SC,8.93,9,0.106,0.25,xLS007,diam_0.106_0.25mm_g,,110.28231,xLSGS2,not previously published ,
ds_05,x9807,9807.19,7/29/1998,NA,SC,9.01,9.08,0.106,0.25,xLS007,diam_0.106_0.25mm_g,,75.832944,xLSGS2,not previously published ,
ds_05,x9807,9807.2,7/29/1998,NA,SC,9.08,9.16,0.106,0.25,xLS007,diam_0.106_0.25mm_g,,58.31757,xLSGS2,not previously published ,
ds_05,x9808,9808.01,7/29/1998,NA,SC,7.01,7.08,0.106,0.25,xLS007,diam_0.106_0.25mm_g,,77.050779,xLSGS2,not previously published ,
ds_05,x9808,9808.02,7/29/1998,NA,SC,7.09,7.16,0.106,0.25,xLS007,diam_0.106_0.25mm_g,,89.585799,xLSGS2,not previously published ,
ds_05,x9808,9808.03,7/29/1998,NA,SC,7.16,7.24,0.106,0.25,xLS007,diam_0.106_0.25mm_g,,169.899454,xLSGS2,not previously published ,
ds_05,x9808,9808.04,7/29/1998,NA,SC,7.24,7.31,0.106,0.25,xLS007,diam_0.106_0.25mm_g,,143.468188,xLSGS2,not previously published ,
ds_05,x9808,9808.05,7/29/1998,NA,SC,7.32,7.39,0.106,0.25,xLS007,diam_0.106_0.25mm_g,,53.205022,xLSGS2,not previously published ,
ds_05,x9808,9808.06,7/29/1998,NA,SC,7.4,7.47,0.106,0.25,xLS007,diam_0.106_0.25mm_g,,58.588143,xLSGS2,not previously published ,
ds_05,x9808,9808.07,7/29/1998,NA,SC,7.47,7.55,0.106,0.25,xLS007,diam_0.106_0.25mm_g,,55.251371,xLSGS2,not previously published ,
ds_05,x9808,9808.08,7/29/1998,NA,SC,7.55,7.62,0.106,0.25,xLS007,diam_0.106_0.25mm_g,,39.041292,xLSGS2,not previously published ,
ds_05,x9808,9808.09,7/29/1998,NA,SC,7.63,7.7,0.106,0.25,xLS007,diam_0.106_0.25mm_g,,34.308351,xLSGS2,not previously published ,
ds_05,x9808,9808.1,7/29/1998,NA,SC,7.71,7.78,0.106,0.25,xLS007,diam_0.106_0.25mm_g,,93.515884,xLSGS2,not previously published ,
ds_05,x9808,9808.11,7/29/1998,NA,SC,7.78,7.86,0.106,0.25,xLS007,diam_0.106_0.25mm_g,,50.303828,xLSGS2,not previously published ,
ds_05,x9808,9808.12,7/29/1998,NA,SC,7.86,7.93,0.106,0.25,xLS007,diam_0.106_0.25mm_g,,23.57488,xLSGS2,not previously published ,
ds_05,x9808,9808.13,7/29/1998,NA,SC,7.94,8.01,0.106,0.25,xLS007,diam_0.106_0.25mm_g,,103.935002,xLSGS2,not previously published ,
ds_05,x9808,9808.14,7/29/1998,NA,SC,8.02,8.09,0.106,0.25,xLS007,diam_0.106_0.25mm_g,,174.8494,xLSGS2,not previously published ,
ds_05,x9808,9808.15,7/29/1998,NA,SC,8.09,8.17,0.106,0.25,xLS007,diam_0.106_0.25mm_g,,192.018582,xLSGS2,not previously published ,
ds_05,x9808,9808.16,7/29/1998,NA,SC,8.17,8.25,0.106,0.25,xLS007,diam_0.106_0.25mm_g,,186.252556,xLSGS2,not previously published ,
ds_05,x9808,9808.17,7/29/1998,NA,SC,8.25,8.32,0.106,0.25,xLS007,diam_0.106_0.25mm_g,,185.406556,xLSGS2,not previously published ,
ds_05,x9808,9808.18,7/29/1998,NA,SC,8.33,8.4,0.106,0.25,xLS007,diam_0.106_0.25mm_g,,53.23452,xLSGS2,not previously published ,
ds_05,x9808,9808.19,7/29/1998,NA,SC,8.4,8.48,0.106,0.25,xLS007,diam_0.106_0.25mm_g,,168.831,xLSGS2,not previously published ,
ds_05,x9808,9808.2,7/29/1998,NA,SC,8.48,8.55,0.106,0.25,xLS007,diam_0.106_0.25mm_g,,175.057806,xLSGS2,not previously published ,
ds_05,x9808,9808.21,7/29/1998,NA,SC,8.56,8.63,0.106,0.25,xLS007,diam_0.106_0.25mm_g,,184.378234,xLSGS2,not previously published ,
ds_05,x9808,9808.22,7/29/1998,NA,SC,8.64,8.71,0.106,0.25,xLS007,diam_0.106_0.25mm_g,,152.552715,xLSGS2,not previously published ,
ds_05,x9808,9808.23,7/29/1998,NA,SC,8.71,8.79,0.106,0.25,xLS007,diam_0.106_0.25mm_g,,119.320656,xLSGS2,not previously published ,
ds_05,x9808,9808.24,7/29/1998,NA,SC,8.79,8.87,0.106,0.25,xLS007,diam_0.106_0.25mm_g,,162.55593,xLSGS2,not previously published ,
ds_05,x9802,9802.01,7/29/1998,NA,SC,5.18,5.26,0.053,0.106,xLS008,diam_0.053_0.106mm_g,,28.294148,xLSGS2,not previously published ,
ds_05,x9802,9802.02,7/29/1998,NA,SC,5.26,5.33,0.053,0.106,xLS008,diam_0.053_0.106mm_g,,19.060743,xLSGS2,not previously published ,
ds_05,x9802,9802.03,7/29/1998,NA,SC,5.34,5.41,0.053,0.106,xLS008,diam_0.053_0.106mm_g,,12.162516,xLSGS2,not previously published ,
ds_05,x9802,9802.04,7/29/1998,NA,SC,5.42,5.49,0.053,0.106,xLS008,diam_0.053_0.106mm_g,,14.11489,xLSGS2,not previously published ,
ds_05,x9802,9802.05,7/29/1998,NA,SC,5.49,5.57,0.053,0.106,xLS008,diam_0.053_0.106mm_g,,16.758466,xLSGS2,not previously published ,
ds_05,x9802,9802.06,7/29/1998,NA,SC,5.57,5.64,0.053,0.106,xLS008,diam_0.053_0.106mm_g,,23.03147,xLSGS2,not previously published ,
ds_05,x9802,9802.07,7/29/1998,NA,SC,5.65,5.72,0.053,0.106,xLS008,diam_0.053_0.106mm_g,,5.921228,xLSGS2,not previously published ,
ds_05,x9802,9802.08,7/29/1998,NA,SC,5.72,5.8,0.053,0.106,xLS008,diam_0.053_0.106mm_g,,3.973985,xLSGS2,not previously published ,
ds_05,x9802,9802.09,7/29/1998,NA,SC,5.8,5.87,0.053,0.106,xLS008,diam_0.053_0.106mm_g,,2.38788,xLSGS2,not previously published ,
ds_05,x9802,9802.1,7/29/1998,NA,SC,5.88,5.95,0.053,0.106,xLS008,diam_0.053_0.106mm_g,,3.421692,xLSGS2,not previously published ,
ds_05,x9802,9802.11,7/29/1998,NA,SC,5.95,6.03,0.053,0.106,xLS008,diam_0.053_0.106mm_g,,3.72724,xLSGS2,not previously published ,
ds_05,x9802,9802.12,7/29/1998,NA,SC,6.03,6.1,0.053,0.106,xLS008,diam_0.053_0.106mm_g,,3.924775,xLSGS2,not previously published ,
ds_05,x9802,9802.13,7/29/1998,NA,SC,6.11,6.18,0.053,0.106,xLS008,diam_0.053_0.106mm_g,,5.893979,xLSGS2,not previously published ,
ds_05,x9802,9802.14,7/29/1998,NA,SC,6.18,6.26,0.053,0.106,xLS008,diam_0.053_0.106mm_g,,9.72488,xLSGS2,not previously published ,
ds_05,x9802,9802.15,7/29/1998,NA,SC,6.26,6.34,0.053,0.106,xLS008,diam_0.053_0.106mm_g,,48.4626,xLSGS2,not previously published ,
ds_05,x9802,9802.16,7/29/1998,NA,SC,6.34,6.41,0.053,0.106,xLS008,diam_0.053_0.106mm_g,,91.689327,xLSGS2,not previously published ,
ds_05,x9802,9802.17,7/29/1998,NA,SC,6.42,6.49,0.053,0.106,xLS008,diam_0.053_0.106mm_g,,101.119725,xLSGS2,not previously published ,
ds_05,x9802,9802.18,7/29/1998,NA,SC,6.49,6.57,0.053,0.106,xLS008,diam_0.053_0.106mm_g,,95.252356,xLSGS2,not previously published ,
ds_05,x9802,9802.19,7/29/1998,NA,SC,6.57,6.64,0.053,0.106,xLS008,diam_0.053_0.106mm_g,,48.01888,xLSGS2,not previously published ,
ds_05,x9802,9802.2,7/29/1998,NA,SC,6.65,6.72,0.053,0.106,xLS008,diam_0.053_0.106mm_g,,76.942045,xLSGS2,not previously published ,
ds_05,x9802,9802.21,7/29/1998,NA,SC,6.72,6.8,0.053,0.106,xLS008,diam_0.053_0.106mm_g,,48.16832,xLSGS2,not previously published ,
ds_05,x9803,9803.01,7/29/1998,NA,SC,4.57,4.64,0.053,0.106,xLS008,diam_0.053_0.106mm_g,,10.393684,xLSGS2,not previously published ,
ds_05,x9803,9803.02,7/29/1998,NA,SC,4.65,4.72,0.053,0.106,xLS008,diam_0.053_0.106mm_g,,14.690968,xLSGS2,not previously published ,
ds_05,x9803,9803.03,7/29/1998,NA,SC,4.73,4.8,0.053,0.106,xLS008,diam_0.053_0.106mm_g,,4.923523,xLSGS2,not previously published ,
ds_05,x9803,9803.04,7/29/1998,NA,SC,4.8,4.87,0.053,0.106,xLS008,diam_0.053_0.106mm_g,,5.055885,xLSGS2,not previously published ,
ds_05,x9803,9803.05,7/29/1998,NA,SC,4.88,4.95,0.053,0.106,xLS008,diam_0.053_0.106mm_g,,1.911886,xLSGS2,not previously published ,
ds_05,x9803,9803.06,7/29/1998,NA,SC,4.95,5.03,0.053,0.106,xLS008,diam_0.053_0.106mm_g,,8.662155,xLSGS2,not previously published ,
ds_05,x9803,9803.07,7/29/1998,NA,SC,5.03,5.1,0.053,0.106,xLS008,diam_0.053_0.106mm_g,,4.42838,xLSGS2,not previously published ,
ds_05,x9803,9803.08,7/29/1998,NA,SC,5.11,5.18,0.053,0.106,xLS008,diam_0.053_0.106mm_g,,8.21583,xLSGS2,not previously published ,
ds_05,x9803,9803.09,7/29/1998,NA,SC,5.18,5.25,0.053,0.106,xLS008,diam_0.053_0.106mm_g,,6.227793,xLSGS2,not previously published ,
ds_05,x9803,9803.1,7/29/1998,NA,SC,5.26,5.33,0.053,0.106,xLS008,diam_0.053_0.106mm_g,,7.967192,xLSGS2,not previously published ,
ds_05,x9803,9803.11,7/29/1998,NA,SC,5.33,5.41,0.053,0.106,xLS008,diam_0.053_0.106mm_g,,4.95482,xLSGS2,not previously published ,
ds_05,x9803,9803.12,7/29/1998,NA,SC,5.41,5.48,0.053,0.106,xLS008,diam_0.053_0.106mm_g,,12.511983,xLSGS2,not previously published ,
ds_05,x9803,9803.13,7/29/1998,NA,SC,5.49,5.56,0.053,0.106,xLS008,diam_0.053_0.106mm_g,,17.566317,xLSGS2,not previously published ,
ds_05,x9803,9803.14,7/29/1998,NA,SC,5.57,5.64,0.053,0.106,xLS008,diam_0.053_0.106mm_g,,3.663967,xLSGS2,not previously published ,
ds_05,x9803,9803.15,7/29/1998,NA,SC,5.64,5.71,0.053,0.106,xLS008,diam_0.053_0.106mm_g,,3.996848,xLSGS2,not previously published ,
ds_05,x9803,9803.16,7/29/1998,NA,SC,5.72,5.79,0.053,0.106,xLS008,diam_0.053_0.106mm_g,,68.501102,xLSGS2,not previously published ,
ds_05,x9803,9803.17,7/29/1998,NA,SC,5.8,5.87,0.053,0.106,xLS008,diam_0.053_0.106mm_g,,74.214597,xLSGS2,not previously published ,
ds_05,x9803,9803.18,7/29/1998,NA,SC,5.87,5.95,0.053,0.106,xLS008,diam_0.053_0.106mm_g,,37.914,xLSGS2,not previously published ,
ds_05,x9803,9803.19,7/29/1998,NA,SC,5.95,6.02,0.053,0.106,xLS008,diam_0.053_0.106mm_g,,47.195954,xLSGS2,not previously published ,
ds_05,x9803,9803.2,7/29/1998,NA,SC,6.03,6.1,0.053,0.106,xLS008,diam_0.053_0.106mm_g,,112.927925,xLSGS2,not previously published ,
ds_05,x9803,9803.21,7/29/1998,NA,SC,6.1,6.18,0.053,0.106,xLS008,diam_0.053_0.106mm_g,,119.867124,xLSGS2,not previously published ,
ds_05,x9804,9804.01,7/29/1998,NA,SC,4.88,4.95,0.053,0.106,xLS008,diam_0.053_0.106mm_g,,11.039469,xLSGS2,not previously published ,
ds_05,x9804,9804.02,7/29/1998,NA,SC,4.95,5.02,0.053,0.106,xLS008,diam_0.053_0.106mm_g,,6.043418,xLSGS2,not previously published ,
ds_05,x9804,9804.03,7/29/1998,NA,SC,5.03,5.1,0.053,0.106,xLS008,diam_0.053_0.106mm_g,,12.37743,xLSGS2,not previously published ,
ds_05,x9804,9804.04,7/29/1998,NA,SC,5.11,5.18,0.053,0.106,xLS008,diam_0.053_0.106mm_g,,10.105074,xLSGS2,not previously published ,
ds_05,x9804,9804.05,7/29/1998,NA,SC,5.18,5.25,0.053,0.106,xLS008,diam_0.053_0.106mm_g,,8.275751,xLSGS2,not previously published ,
ds_05,x9804,9804.06,7/29/1998,NA,SC,5.26,5.33,0.053,0.106,xLS008,diam_0.053_0.106mm_g,,4.67103,xLSGS2,not previously published ,
ds_05,x9804,9804.07,7/29/1998,NA,SC,5.34,5.41,0.053,0.106,xLS008,diam_0.053_0.106mm_g,,4.655944,xLSGS2,not previously published ,
ds_05,x9804,9804.08,7/29/1998,NA,SC,5.41,5.49,0.053,0.106,xLS008,diam_0.053_0.106mm_g,,16.88948,xLSGS2,not previously published ,
ds_05,x9804,9804.09,7/29/1998,NA,SC,5.49,5.57,0.053,0.106,xLS008,diam_0.053_0.106mm_g,,4.909455,xLSGS2,not previously published ,
ds_05,x9804,9804.1,7/29/1998,NA,SC,5.57,5.64,0.053,0.106,xLS008,diam_0.053_0.106mm_g,,3.55376,xLSGS2,not previously published ,
ds_05,x9804,9804.11,7/29/1998,NA,SC,5.65,5.72,0.053,0.106,xLS008,diam_0.053_0.106mm_g,,3.832494,xLSGS2,not previously published ,
ds_05,x9804,9804.12,7/29/1998,NA,SC,5.72,5.8,0.053,0.106,xLS008,diam_0.053_0.106mm_g,,3.996396,xLSGS2,not previously published ,
ds_05,x9804,9804.13,7/29/1998,NA,SC,5.8,5.87,0.053,0.106,xLS008,diam_0.053_0.106mm_g,,4.3659,xLSGS2,not previously published ,
ds_05,x9804,9804.14,7/29/1998,NA,SC,5.88,5.95,0.053,0.106,xLS008,diam_0.053_0.106mm_g,,59.83965,xLSGS2,not previously published ,
ds_05,x9804,9804.15,7/29/1998,NA,SC,5.95,6.03,0.053,0.106,xLS008,diam_0.053_0.106mm_g,,97.531681,xLSGS2,not previously published ,
ds_05,x9804,9804.16,7/29/1998,NA,SC,6.03,6.11,0.053,0.106,xLS008,diam_0.053_0.106mm_g,,121.177566,xLSGS2,not previously published ,
ds_05,x9804,9804.17,7/29/1998,NA,SC,6.11,6.18,0.053,0.106,xLS008,diam_0.053_0.106mm_g,,58.95636,xLSGS2,not previously published ,
ds_05,x9804,9804.18,7/29/1998,NA,SC,6.19,6.26,0.053,0.106,xLS008,diam_0.053_0.106mm_g,,45.114555,xLSGS2,not previously published ,
ds_05,x9804,9804.19,7/29/1998,NA,SC,6.26,6.34,0.053,0.106,xLS008,diam_0.053_0.106mm_g,,63.056472,xLSGS2,not previously published ,
ds_05,x9805,9805.01,7/29/1998,NA,SC,5.49,5.56,0.053,0.106,xLS008,diam_0.053_0.106mm_g,,8.460918,xLSGS2,not previously published ,
ds_05,x9805,9805.02,7/29/1998,NA,SC,5.56,5.64,0.053,0.106,xLS008,diam_0.053_0.106mm_g,md,,xLSGS2,not previously published ,
ds_05,x9805,9805.03,7/29/1998,NA,SC,5.64,5.71,0.053,0.106,xLS008,diam_0.053_0.106mm_g,,3.879265,xLSGS2,not previously published ,
ds_05,x9805,9805.04,7/29/1998,NA,SC,5.72,5.79,0.053,0.106,xLS008,diam_0.053_0.106mm_g,,1.31316,xLSGS2,not previously published ,
ds_05,x9805,9805.05,7/29/1998,NA,SC,5.8,5.87,0.053,0.106,xLS008,diam_0.053_0.106mm_g,,3.586928,xLSGS2,not previously published ,
ds_05,x9805,9805.06,7/29/1998,NA,SC,5.87,5.95,0.053,0.106,xLS008,diam_0.053_0.106mm_g,,4.320112,xLSGS2,not previously published ,
ds_05,x9805,9805.07,7/29/1998,NA,SC,5.95,6.03,0.053,0.106,xLS008,diam_0.053_0.106mm_g,,18.752272,xLSGS2,not previously published ,
ds_05,x9805,9805.08,7/29/1998,NA,SC,6.03,6.1,0.053,0.106,xLS008,diam_0.053_0.106mm_g,,6.587092,xLSGS2,not previously published ,
ds_05,x9805,9805.09,7/29/1998,NA,SC,6.11,6.18,0.053,0.106,xLS008,diam_0.053_0.106mm_g,,3.529565,xLSGS2,not previously published ,
ds_05,x9805,9805.1,7/29/1998,NA,SC,6.19,6.26,0.053,0.106,xLS008,diam_0.053_0.106mm_g,,9.03105,xLSGS2,not previously published ,
ds_05,x9805,9805.11,7/29/1998,NA,SC,6.26,6.34,0.053,0.106,xLS008,diam_0.053_0.106mm_g,,7.81944,xLSGS2,not previously published ,
ds_05,x9805,9805.12,7/29/1998,NA,SC,6.34,6.41,0.053,0.106,xLS008,diam_0.053_0.106mm_g,,5.327532,xLSGS2,not previously published ,
ds_05,x9805,9805.13,7/29/1998,NA,SC,6.42,6.49,0.053,0.106,xLS008,diam_0.053_0.106mm_g,,5.972824,xLSGS2,not previously published ,
ds_05,x9805,9805.14,7/29/1998,NA,SC,6.5,6.57,0.053,0.106,xLS008,diam_0.053_0.106mm_g,,6.022536,xLSGS2,not previously published ,
ds_05,x9805,9805.15,7/29/1998,NA,SC,6.57,6.65,0.053,0.106,xLS008,diam_0.053_0.106mm_g,,4.189,xLSGS2,not previously published ,
ds_05,x9805,9805.16,7/29/1998,NA,SC,6.65,6.72,0.053,0.106,xLS008,diam_0.053_0.106mm_g,,3.011184,xLSGS2,not previously published ,
ds_05,x9805,9805.17,7/29/1998,NA,SC,6.73,6.8,0.053,0.106,xLS008,diam_0.053_0.106mm_g,,14.199612,xLSGS2,not previously published ,
ds_05,x9805,9805.18,7/29/1998,NA,SC,6.81,6.88,0.053,0.106,xLS008,diam_0.053_0.106mm_g,,6.4617,xLSGS2,not previously published ,
ds_05,x9805,9805.19,7/29/1998,NA,SC,6.88,6.96,0.053,0.106,xLS008,diam_0.053_0.106mm_g,,3.691424,xLSGS2,not previously published ,
ds_05,x9805,9805.2,7/29/1998,NA,SC,6.96,7.03,0.053,0.106,xLS008,diam_0.053_0.106mm_g,,3.646321,xLSGS2,not previously published ,
ds_05,x9805,9805.21,7/29/1998,NA,SC,7.04,7.11,0.053,0.106,xLS008,diam_0.053_0.106mm_g,,110.955761,xLSGS2,not previously published ,
ds_05,x9805,9805.22,7/29/1998,NA,SC,7.11,7.19,0.053,0.106,xLS008,diam_0.053_0.106mm_g,,108.860274,xLSGS2,not previously published ,
ds_05,x9805,9805.23,7/29/1998,NA,SC,7.19,7.26,0.053,0.106,xLS008,diam_0.053_0.106mm_g,,87.241567,xLSGS2,not previously published ,
ds_05,x9805,9805.24,7/29/1998,NA,SC,7.27,7.34,0.053,0.106,xLS008,diam_0.053_0.106mm_g,,33.31383,xLSGS2,not previously published ,
ds_05,x9806,9806.01,7/29/1998,NA,SC,7.01,7.08,0.053,0.106,xLS008,diam_0.053_0.106mm_g,,51.562252,xLSGS2,not previously published ,
ds_05,x9806,9806.02,7/29/1998,NA,SC,7.09,7.16,0.053,0.106,xLS008,diam_0.053_0.106mm_g,,32.415838,xLSGS2,not previously published ,
ds_05,x9806,9806.03,7/29/1998,NA,SC,7.17,7.24,0.053,0.106,xLS008,diam_0.053_0.106mm_g,,38.13474,xLSGS2,not previously published ,
ds_05,x9806,9806.04,7/29/1998,NA,SC,7.24,7.31,0.053,0.106,xLS008,diam_0.053_0.106mm_g,,28.684584,xLSGS2,not previously published ,
ds_05,x9806,9806.05,7/29/1998,NA,SC,7.32,7.39,0.053,0.106,xLS008,diam_0.053_0.106mm_g,,9.83229,xLSGS2,not previously published ,
ds_05,x9806,9806.06,7/29/1998,NA,SC,7.39,7.46,0.053,0.106,xLS008,diam_0.053_0.106mm_g,,35.32494,xLSGS2,not previously published ,
ds_05,x9806,9806.07,7/29/1998,NA,SC,7.47,7.54,0.053,0.106,xLS008,diam_0.053_0.106mm_g,,25.916176,xLSGS2,not previously published ,
ds_05,x9806,9806.08,7/29/1998,NA,SC,7.54,7.62,0.053,0.106,xLS008,diam_0.053_0.106mm_g,,14.8149,xLSGS2,not previously published ,
ds_05,x9806,9806.09,7/29/1998,NA,SC,7.62,7.69,0.053,0.106,xLS008,diam_0.053_0.106mm_g,,58.651814,xLSGS2,not previously published ,
ds_05,x9806,9806.1,7/29/1998,NA,SC,7.7,7.77,0.053,0.106,xLS008,diam_0.053_0.106mm_g,,30.596132,xLSGS2,not previously published ,
ds_05,x9806,9806.11,7/29/1998,NA,SC,7.77,7.85,0.053,0.106,xLS008,diam_0.053_0.106mm_g,,7.262904,xLSGS2,not previously published ,
ds_05,x9806,9806.12,7/29/1998,NA,SC,7.85,7.92,0.053,0.106,xLS008,diam_0.053_0.106mm_g,,4.171266,xLSGS2,not previously published ,
ds_05,x9806,9806.13,7/29/1998,NA,SC,7.93,8,0.053,0.106,xLS008,diam_0.053_0.106mm_g,,5.431696,xLSGS2,not previously published ,
ds_05,x9806,9806.14,7/29/1998,NA,SC,8,8.08,0.053,0.106,xLS008,diam_0.053_0.106mm_g,md,,xLSGS2,not previously published ,
ds_05,x9806,9806.15,7/29/1998,NA,SC,8.08,8.16,0.053,0.106,xLS008,diam_0.053_0.106mm_g,,7.275366,xLSGS2,not previously published ,
ds_05,x9806,9806.16,7/29/1998,NA,SC,8.16,8.23,0.053,0.106,xLS008,diam_0.053_0.106mm_g,,4.28456,xLSGS2,not previously published ,
ds_05,x9806,9806.17,7/29/1998,NA,SC,8.24,8.31,0.053,0.106,xLS008,diam_0.053_0.106mm_g,,8.316226,xLSGS2,not previously published ,
ds_05,x9806,9806.18,7/29/1998,NA,SC,8.32,8.39,0.053,0.106,xLS008,diam_0.053_0.106mm_g,,5.047616,xLSGS2,not previously published ,
ds_05,x9806,9806.19,7/29/1998,NA,SC,8.39,8.47,0.053,0.106,xLS008,diam_0.053_0.106mm_g,,5.721156,xLSGS2,not previously published ,
ds_05,x9806,9806.2,7/29/1998,NA,SC,8.47,8.55,0.053,0.106,xLS008,diam_0.053_0.106mm_g,,6.229858,xLSGS2,not previously published ,
ds_05,x9806,9806.21,7/29/1998,NA,SC,8.55,8.62,0.053,0.106,xLS008,diam_0.053_0.106mm_g,,80.60155,xLSGS2,not previously published ,
ds_05,x9806,9806.22,7/29/1998,NA,SC,8.63,8.68,0.053,0.106,xLS008,diam_0.053_0.106mm_g,,28.409888,xLSGS2,not previously published ,
ds_05,x9807,9807.01,7/29/1998,NA,SC,7.62,7.69,0.053,0.106,xLS008,diam_0.053_0.106mm_g,,8.351836,xLSGS2,not previously published ,
ds_05,x9807,9807.02,7/29/1998,NA,SC,7.7,7.77,0.053,0.106,xLS008,diam_0.053_0.106mm_g,,9.77478,xLSGS2,not previously published ,
ds_05,x9807,9807.03,7/29/1998,NA,SC,7.77,7.85,0.053,0.106,xLS008,diam_0.053_0.106mm_g,,2.809991,xLSGS2,not previously published ,
ds_05,x9807,9807.04,7/29/1998,NA,SC,7.85,7.92,0.053,0.106,xLS008,diam_0.053_0.106mm_g,,13.767552,xLSGS2,not previously published ,
ds_05,x9807,9807.05,7/29/1998,NA,SC,7.93,8,0.053,0.106,xLS008,diam_0.053_0.106mm_g,,13.585533,xLSGS2,not previously published ,
ds_05,x9807,9807.06,7/29/1998,NA,SC,8,8.07,0.053,0.106,xLS008,diam_0.053_0.106mm_g,,11.012409,xLSGS2,not previously published ,
ds_05,x9807,9807.07,7/29/1998,NA,SC,8.08,8.15,0.053,0.106,xLS008,diam_0.053_0.106mm_g,,22.157135,xLSGS2,not previously published ,
ds_05,x9807,9807.08,7/29/1998,NA,SC,8.15,8.23,0.053,0.106,xLS008,diam_0.053_0.106mm_g,,16.927104,xLSGS2,not previously published ,
ds_05,x9807,9807.09,7/29/1998,NA,SC,8.23,8.3,0.053,0.106,xLS008,diam_0.053_0.106mm_g,,9.243657,xLSGS2,not previously published ,
ds_05,x9807,9807.1,7/29/1998,NA,SC,8.31,8.38,0.053,0.106,xLS008,diam_0.053_0.106mm_g,,16.935936,xLSGS2,not previously published ,
ds_05,x9807,9807.11,7/29/1998,NA,SC,8.39,8.46,0.053,0.106,xLS008,diam_0.053_0.106mm_g,,20.400072,xLSGS2,not previously published ,
ds_05,x9807,9807.12,7/29/1998,NA,SC,8.46,8.54,0.053,0.106,xLS008,diam_0.053_0.106mm_g,,16.815144,xLSGS2,not previously published ,
ds_05,x9807,9807.13,7/29/1998,NA,SC,8.54,8.61,0.053,0.106,xLS008,diam_0.053_0.106mm_g,,17.709614,xLSGS2,not previously published ,
ds_05,x9807,9807.14,7/29/1998,NA,SC,8.62,8.69,0.053,0.106,xLS008,diam_0.053_0.106mm_g,,6.33454,xLSGS2,not previously published ,
ds_05,x9807,9807.15,7/29/1998,NA,SC,8.7,8.77,0.053,0.106,xLS008,diam_0.053_0.106mm_g,,6.34653,xLSGS2,not previously published ,
ds_05,x9807,9807.16,7/29/1998,NA,SC,8.77,8.85,0.053,0.106,xLS008,diam_0.053_0.106mm_g,,10.242624,xLSGS2,not previously published ,
ds_05,x9807,9807.17,7/29/1998,NA,SC,8.85,8.92,0.053,0.106,xLS008,diam_0.053_0.106mm_g,,14.898651,xLSGS2,not previously published ,
ds_05,x9807,9807.18,7/29/1998,NA,SC,8.93,9,0.053,0.106,xLS008,diam_0.053_0.106mm_g,,55.88487,xLSGS2,not previously published ,
ds_05,x9807,9807.19,7/29/1998,NA,SC,9.01,9.08,0.053,0.106,xLS008,diam_0.053_0.106mm_g,,95.94717,xLSGS2,not previously published ,
ds_05,x9807,9807.2,7/29/1998,NA,SC,9.08,9.16,0.053,0.106,xLS008,diam_0.053_0.106mm_g,,81.144018,xLSGS2,not previously published ,
ds_05,x9808,9808.01,7/29/1998,NA,SC,7.01,7.08,0.053,0.106,xLS008,diam_0.053_0.106mm_g,,13.49709,xLSGS2,not previously published ,
ds_05,x9808,9808.02,7/29/1998,NA,SC,7.09,7.16,0.053,0.106,xLS008,diam_0.053_0.106mm_g,,7.708032,xLSGS2,not previously published ,
ds_05,x9808,9808.03,7/29/1998,NA,SC,7.16,7.24,0.053,0.106,xLS008,diam_0.053_0.106mm_g,,37.101244,xLSGS2,not previously published ,
ds_05,x9808,9808.04,7/29/1998,NA,SC,7.24,7.31,0.053,0.106,xLS008,diam_0.053_0.106mm_g,,29.204338,xLSGS2,not previously published ,
ds_05,x9808,9808.05,7/29/1998,NA,SC,7.32,7.39,0.053,0.106,xLS008,diam_0.053_0.106mm_g,,4.502134,xLSGS2,not previously published ,
ds_05,x9808,9808.06,7/29/1998,NA,SC,7.4,7.47,0.053,0.106,xLS008,diam_0.053_0.106mm_g,,3.325215,xLSGS2,not previously published ,
ds_05,x9808,9808.07,7/29/1998,NA,SC,7.47,7.55,0.053,0.106,xLS008,diam_0.053_0.106mm_g,,3.449243,xLSGS2,not previously published ,
ds_05,x9808,9808.08,7/29/1998,NA,SC,7.55,7.62,0.053,0.106,xLS008,diam_0.053_0.106mm_g,,2.84742,xLSGS2,not previously published ,
ds_05,x9808,9808.09,7/29/1998,NA,SC,7.63,7.7,0.053,0.106,xLS008,diam_0.053_0.106mm_g,,2.728341,xLSGS2,not previously published ,
ds_05,x9808,9808.1,7/29/1998,NA,SC,7.71,7.78,0.053,0.106,xLS008,diam_0.053_0.106mm_g,,68.42891,xLSGS2,not previously published ,
ds_05,x9808,9808.11,7/29/1998,NA,SC,7.78,7.86,0.053,0.106,xLS008,diam_0.053_0.106mm_g,,131.131152,xLSGS2,not previously published ,
ds_05,x9808,9808.12,7/29/1998,NA,SC,7.86,7.93,0.053,0.106,xLS008,diam_0.053_0.106mm_g,,132.39821,xLSGS2,not previously published ,
ds_05,x9808,9808.13,7/29/1998,NA,SC,7.94,8.01,0.053,0.106,xLS008,diam_0.053_0.106mm_g,,88.16524,xLSGS2,not previously published ,
ds_05,x9808,9808.14,7/29/1998,NA,SC,8.02,8.09,0.053,0.106,xLS008,diam_0.053_0.106mm_g,,36.412075,xLSGS2,not previously published ,
ds_05,x9808,9808.15,7/29/1998,NA,SC,8.09,8.17,0.053,0.106,xLS008,diam_0.053_0.106mm_g,,7.149744,xLSGS2,not previously published ,
ds_05,x9808,9808.16,7/29/1998,NA,SC,8.17,8.25,0.053,0.106,xLS008,diam_0.053_0.106mm_g,,8.021064,xLSGS2,not previously published ,
ds_05,x9808,9808.17,7/29/1998,NA,SC,8.25,8.32,0.053,0.106,xLS008,diam_0.053_0.106mm_g,,11.67815,xLSGS2,not previously published ,
ds_05,x9808,9808.18,7/29/1998,NA,SC,8.33,8.4,0.053,0.106,xLS008,diam_0.053_0.106mm_g,,6.4605,xLSGS2,not previously published ,
ds_05,x9808,9808.19,7/29/1998,NA,SC,8.4,8.48,0.053,0.106,xLS008,diam_0.053_0.106mm_g,,27.7278,xLSGS2,not previously published ,
ds_05,x9808,9808.2,7/29/1998,NA,SC,8.48,8.55,0.053,0.106,xLS008,diam_0.053_0.106mm_g,,16.910376,xLSGS2,not previously published ,
ds_05,x9808,9808.21,7/29/1998,NA,SC,8.56,8.63,0.053,0.106,xLS008,diam_0.053_0.106mm_g,,6.835294,xLSGS2,not previously published ,
ds_05,x9808,9808.22,7/29/1998,NA,SC,8.64,8.71,0.053,0.106,xLS008,diam_0.053_0.106mm_g,,12.614895,xLSGS2,not previously published ,
ds_05,x9808,9808.23,7/29/1998,NA,SC,8.71,8.79,0.053,0.106,xLS008,diam_0.053_0.106mm_g,,6.711648,xLSGS2,not previously published ,
ds_05,x9808,9808.24,7/29/1998,NA,SC,8.79,8.87,0.053,0.106,xLS008,diam_0.053_0.106mm_g,,7.50816,xLSGS2,not previously published ,
ds_05,x9802,9802.01,7/29/1998,NA,SC,5.18,5.26,0,0.053,xLS009,pan_g,,13.5925,xLSGS2,not previously published ,
ds_05,x9802,9802.02,7/29/1998,NA,SC,5.26,5.33,0,0.053,xLS009,pan_g,,8.466666,xLSGS2,not previously published ,
ds_05,x9802,9802.03,7/29/1998,NA,SC,5.34,5.41,0,0.053,xLS009,pan_g,,2.897928,xLSGS2,not previously published ,
ds_05,x9802,9802.04,7/29/1998,NA,SC,5.42,5.49,0,0.053,xLS009,pan_g,,3.770993,xLSGS2,not previously published ,
ds_05,x9802,9802.05,7/29/1998,NA,SC,5.49,5.57,0,0.053,xLS009,pan_g,,2.722974,xLSGS2,not previously published ,
ds_05,x9802,9802.06,7/29/1998,NA,SC,5.57,5.64,0,0.053,xLS009,pan_g,,4.35846,xLSGS2,not previously published ,
ds_05,x9802,9802.07,7/29/1998,NA,SC,5.65,5.72,0,0.053,xLS009,pan_g,,2.773512,xLSGS2,not previously published ,
ds_05,x9802,9802.08,7/29/1998,NA,SC,5.72,5.8,0,0.053,xLS009,pan_g,,1.267379,xLSGS2,not previously published ,
ds_05,x9802,9802.09,7/29/1998,NA,SC,5.8,5.87,0,0.053,xLS009,pan_g,,1.020276,xLSGS2,not previously published ,
ds_05,x9802,9802.1,7/29/1998,NA,SC,5.88,5.95,0,0.053,xLS009,pan_g,,3.086232,xLSGS2,not previously published ,
ds_05,x9802,9802.11,7/29/1998,NA,SC,5.95,6.03,0,0.053,xLS009,pan_g,,0.80179,xLSGS2,not previously published ,
ds_05,x9802,9802.12,7/29/1998,NA,SC,6.03,6.1,0,0.053,xLS009,pan_g,,0.50916,xLSGS2,not previously published ,
ds_05,x9802,9802.13,7/29/1998,NA,SC,6.11,6.18,0,0.053,xLS009,pan_g,,0.978705,xLSGS2,not previously published ,
ds_05,x9802,9802.14,7/29/1998,NA,SC,6.18,6.26,0,0.053,xLS009,pan_g,,1.899744,xLSGS2,not previously published ,
ds_05,x9802,9802.15,7/29/1998,NA,SC,6.26,6.34,0,0.053,xLS009,pan_g,,9.23409,xLSGS2,not previously published ,
ds_05,x9802,9802.16,7/29/1998,NA,SC,6.34,6.41,0,0.053,xLS009,pan_g,,20.458332,xLSGS2,not previously published ,
ds_05,x9802,9802.17,7/29/1998,NA,SC,6.42,6.49,0,0.053,xLS009,pan_g,,31.994495,xLSGS2,not previously published ,
ds_05,x9802,9802.18,7/29/1998,NA,SC,6.49,6.57,0,0.053,xLS009,pan_g,,121.240359,xLSGS2,not previously published ,
ds_05,x9802,9802.19,7/29/1998,NA,SC,6.57,6.64,0,0.053,xLS009,pan_g,,147.48656,xLSGS2,not previously published ,
ds_05,x9802,9802.2,7/29/1998,NA,SC,6.65,6.72,0,0.053,xLS009,pan_g,,87.271541,xLSGS2,not previously published ,
ds_05,x9802,9802.21,7/29/1998,NA,SC,6.72,6.8,0,0.053,xLS009,pan_g,,152.31994,xLSGS2,not previously published ,
ds_05,x9803,9803.01,7/29/1998,NA,SC,4.57,4.64,0,0.053,xLS009,pan_g,,9.436371,xLSGS2,not previously published ,
ds_05,x9803,9803.02,7/29/1998,NA,SC,4.65,4.72,0,0.053,xLS009,pan_g,,22.200728,xLSGS2,not previously published ,
ds_05,x9803,9803.03,7/29/1998,NA,SC,4.73,4.8,0,0.053,xLS009,pan_g,,7.205671,xLSGS2,not previously published ,
ds_05,x9803,9803.04,7/29/1998,NA,SC,4.8,4.87,0,0.053,xLS009,pan_g,,1.744776,xLSGS2,not previously published ,
ds_05,x9803,9803.05,7/29/1998,NA,SC,4.88,4.95,0,0.053,xLS009,pan_g,,0.83529,xLSGS2,not previously published ,
ds_05,x9803,9803.06,7/29/1998,NA,SC,4.95,5.03,0,0.053,xLS009,pan_g,,4.002513,xLSGS2,not previously published ,
ds_05,x9803,9803.07,7/29/1998,NA,SC,5.03,5.1,0,0.053,xLS009,pan_g,,1.368772,xLSGS2,not previously published ,
ds_05,x9803,9803.08,7/29/1998,NA,SC,5.11,5.18,0,0.053,xLS009,pan_g,,2.190888,xLSGS2,not previously published ,
ds_05,x9803,9803.09,7/29/1998,NA,SC,5.18,5.25,0,0.053,xLS009,pan_g,,3.396978,xLSGS2,not previously published ,
ds_05,x9803,9803.1,7/29/1998,NA,SC,5.26,5.33,0,0.053,xLS009,pan_g,,1.416846,xLSGS2,not previously published ,
ds_05,x9803,9803.11,7/29/1998,NA,SC,5.33,5.41,0,0.053,xLS009,pan_g,,1.868555,xLSGS2,not previously published ,
ds_05,x9803,9803.12,7/29/1998,NA,SC,5.41,5.48,0,0.053,xLS009,pan_g,,3.010905,xLSGS2,not previously published ,
ds_05,x9803,9803.13,7/29/1998,NA,SC,5.49,5.56,0,0.053,xLS009,pan_g,,2.128599,xLSGS2,not previously published ,
ds_05,x9803,9803.14,7/29/1998,NA,SC,5.57,5.64,0,0.053,xLS009,pan_g,,1.334277,xLSGS2,not previously published ,
ds_05,x9803,9803.15,7/29/1998,NA,SC,5.64,5.71,0,0.053,xLS009,pan_g,,3.106246,xLSGS2,not previously published ,
ds_05,x9803,9803.16,7/29/1998,NA,SC,5.72,5.79,0,0.053,xLS009,pan_g,,62.466385,xLSGS2,not previously published ,
ds_05,x9803,9803.17,7/29/1998,NA,SC,5.8,5.87,0,0.053,xLS009,pan_g,,10.697001,xLSGS2,not previously published ,
ds_05,x9803,9803.18,7/29/1998,NA,SC,5.87,5.95,0,0.053,xLS009,pan_g,,8.0301,xLSGS2,not previously published ,
ds_05,x9803,9803.19,7/29/1998,NA,SC,5.95,6.02,0,0.053,xLS009,pan_g,,9.752828,xLSGS2,not previously published ,
ds_05,x9803,9803.2,7/29/1998,NA,SC,6.03,6.1,0,0.053,xLS009,pan_g,,38.276623,xLSGS2,not previously published ,
ds_05,x9803,9803.21,7/29/1998,NA,SC,6.1,6.18,0,0.053,xLS009,pan_g,,67.305847,xLSGS2,not previously published ,
ds_05,x9804,9804.01,7/29/1998,NA,SC,4.88,4.95,0,0.053,xLS009,pan_g,,6.081243,xLSGS2,not previously published ,
ds_05,x9804,9804.02,7/29/1998,NA,SC,4.95,5.02,0,0.053,xLS009,pan_g,,1.732584,xLSGS2,not previously published ,
ds_05,x9804,9804.03,7/29/1998,NA,SC,5.03,5.1,0,0.053,xLS009,pan_g,,2.835172,xLSGS2,not previously published ,
ds_05,x9804,9804.04,7/29/1998,NA,SC,5.11,5.18,0,0.053,xLS009,pan_g,,2.413152,xLSGS2,not previously published ,
ds_05,x9804,9804.05,7/29/1998,NA,SC,5.18,5.25,0,0.053,xLS009,pan_g,,2.2187,xLSGS2,not previously published ,
ds_05,x9804,9804.06,7/29/1998,NA,SC,5.26,5.33,0,0.053,xLS009,pan_g,,1.601496,xLSGS2,not previously published ,
ds_05,x9804,9804.07,7/29/1998,NA,SC,5.34,5.41,0,0.053,xLS009,pan_g,,1.449492,xLSGS2,not previously published ,
ds_05,x9804,9804.08,7/29/1998,NA,SC,5.41,5.49,0,0.053,xLS009,pan_g,,2.244523,xLSGS2,not previously published ,
ds_05,x9804,9804.09,7/29/1998,NA,SC,5.49,5.57,0,0.053,xLS009,pan_g,,1.139325,xLSGS2,not previously published ,
ds_05,x9804,9804.1,7/29/1998,NA,SC,5.57,5.64,0,0.053,xLS009,pan_g,,1.23424,xLSGS2,not previously published ,
ds_05,x9804,9804.11,7/29/1998,NA,SC,5.65,5.72,0,0.053,xLS009,pan_g,,1.524528,xLSGS2,not previously published ,
ds_05,x9804,9804.12,7/29/1998,NA,SC,5.72,5.8,0,0.053,xLS009,pan_g,,1.675908,xLSGS2,not previously published ,
ds_05,x9804,9804.13,7/29/1998,NA,SC,5.8,5.87,0,0.053,xLS009,pan_g,,1.6758,xLSGS2,not previously published ,
ds_05,x9804,9804.14,7/29/1998,NA,SC,5.88,5.95,0,0.053,xLS009,pan_g,,103.285494,xLSGS2,not previously published ,
ds_05,x9804,9804.15,7/29/1998,NA,SC,5.95,6.03,0,0.053,xLS009,pan_g,,61.55019,xLSGS2,not previously published ,
ds_05,x9804,9804.16,7/29/1998,NA,SC,6.03,6.11,0,0.053,xLS009,pan_g,,62.912826,xLSGS2,not previously published ,
ds_05,x9804,9804.17,7/29/1998,NA,SC,6.11,6.18,0,0.053,xLS009,pan_g,,29.806344,xLSGS2,not previously published ,
ds_05,x9804,9804.18,7/29/1998,NA,SC,6.19,6.26,0,0.053,xLS009,pan_g,,23.86446,xLSGS2,not previously published ,
ds_05,x9804,9804.19,7/29/1998,NA,SC,6.26,6.34,0,0.053,xLS009,pan_g,,36.768624,xLSGS2,not previously published ,
ds_05,x9805,9805.01,7/29/1998,NA,SC,5.49,5.56,0,0.053,xLS009,pan_g,,3.719534,xLSGS2,not previously published ,
ds_05,x9805,9805.02,7/29/1998,NA,SC,5.56,5.64,0,0.053,xLS009,pan_g,md,,xLSGS2,not previously published ,
ds_05,x9805,9805.03,7/29/1998,NA,SC,5.64,5.71,0,0.053,xLS009,pan_g,,0.880698,xLSGS2,not previously published ,
ds_05,x9805,9805.04,7/29/1998,NA,SC,5.72,5.79,0,0.053,xLS009,pan_g,,0.69894,xLSGS2,not previously published ,
ds_05,x9805,9805.05,7/29/1998,NA,SC,5.8,5.87,0,0.053,xLS009,pan_g,,0.75628,xLSGS2,not previously published ,
ds_05,x9805,9805.06,7/29/1998,NA,SC,5.87,5.95,0,0.053,xLS009,pan_g,,1.096816,xLSGS2,not previously published ,
ds_05,x9805,9805.07,7/29/1998,NA,SC,5.95,6.03,0,0.053,xLS009,pan_g,,1.987568,xLSGS2,not previously published ,
ds_05,x9805,9805.08,7/29/1998,NA,SC,6.03,6.1,0,0.053,xLS009,pan_g,,1.594328,xLSGS2,not previously published ,
ds_05,x9805,9805.09,7/29/1998,NA,SC,6.11,6.18,0,0.053,xLS009,pan_g,,3.92638,xLSGS2,not previously published ,
ds_05,x9805,9805.1,7/29/1998,NA,SC,6.19,6.26,0,0.053,xLS009,pan_g,,2.19905,xLSGS2,not previously published ,
ds_05,x9805,9805.11,7/29/1998,NA,SC,6.26,6.34,0,0.053,xLS009,pan_g,,1.45038,xLSGS2,not previously published ,
ds_05,x9805,9805.12,7/29/1998,NA,SC,6.34,6.41,0,0.053,xLS009,pan_g,,1.796256,xLSGS2,not previously published ,
ds_05,x9805,9805.13,7/29/1998,NA,SC,6.42,6.49,0,0.053,xLS009,pan_g,,1.796024,xLSGS2,not previously published ,
ds_05,x9805,9805.14,7/29/1998,NA,SC,6.5,6.57,0,0.053,xLS009,pan_g,,2.17308,xLSGS2,not previously published ,
ds_05,x9805,9805.15,7/29/1998,NA,SC,6.57,6.65,0,0.053,xLS009,pan_g,,2.05261,xLSGS2,not previously published ,
ds_05,x9805,9805.16,7/29/1998,NA,SC,6.65,6.72,0,0.053,xLS009,pan_g,,1.150105,xLSGS2,not previously published ,
ds_05,x9805,9805.17,7/29/1998,NA,SC,6.73,6.8,0,0.053,xLS009,pan_g,,2.137576,xLSGS2,not previously published ,
ds_05,x9805,9805.18,7/29/1998,NA,SC,6.81,6.88,0,0.053,xLS009,pan_g,,1.960049,xLSGS2,not previously published ,
ds_05,x9805,9805.19,7/29/1998,NA,SC,6.88,6.96,0,0.053,xLS009,pan_g,,1.006752,xLSGS2,not previously published ,
ds_05,x9805,9805.2,7/29/1998,NA,SC,6.96,7.03,0,0.053,xLS009,pan_g,,1.412159,xLSGS2,not previously published ,
ds_05,x9805,9805.21,7/29/1998,NA,SC,7.04,7.11,0,0.053,xLS009,pan_g,,40.41227,xLSGS2,not previously published ,
ds_05,x9805,9805.22,7/29/1998,NA,SC,7.11,7.19,0,0.053,xLS009,pan_g,,69.402636,xLSGS2,not previously published ,
ds_05,x9805,9805.23,7/29/1998,NA,SC,7.19,7.26,0,0.053,xLS009,pan_g,,44.850278,xLSGS2,not previously published ,
ds_05,x9805,9805.24,7/29/1998,NA,SC,7.27,7.34,0,0.053,xLS009,pan_g,,8.933199,xLSGS2,not previously published ,
ds_05,x9806,9806.01,7/29/1998,NA,SC,7.01,7.08,0,0.053,xLS009,pan_g,,23.774212,xLSGS2,not previously published ,
ds_05,x9806,9806.02,7/29/1998,NA,SC,7.09,7.16,0,0.053,xLS009,pan_g,,7.417716,xLSGS2,not previously published ,
ds_05,x9806,9806.03,7/29/1998,NA,SC,7.17,7.24,0,0.053,xLS009,pan_g,,13.08888,xLSGS2,not previously published ,
ds_05,x9806,9806.04,7/29/1998,NA,SC,7.24,7.31,0,0.053,xLS009,pan_g,,12.869736,xLSGS2,not previously published ,
ds_05,x9806,9806.05,7/29/1998,NA,SC,7.32,7.39,0,0.053,xLS009,pan_g,,1.889342,xLSGS2,not previously published ,
ds_05,x9806,9806.06,7/29/1998,NA,SC,7.39,7.46,0,0.053,xLS009,pan_g,,10.4643,xLSGS2,not previously published ,
ds_05,x9806,9806.07,7/29/1998,NA,SC,7.47,7.54,0,0.053,xLS009,pan_g,,7.63488,xLSGS2,not previously published ,
ds_05,x9806,9806.08,7/29/1998,NA,SC,7.54,7.62,0,0.053,xLS009,pan_g,,3.117825,xLSGS2,not previously published ,
ds_05,x9806,9806.09,7/29/1998,NA,SC,7.62,7.69,0,0.053,xLS009,pan_g,,26.100698,xLSGS2,not previously published ,
ds_05,x9806,9806.1,7/29/1998,NA,SC,7.7,7.77,0,0.053,xLS009,pan_g,,11.403226,xLSGS2,not previously published ,
ds_05,x9806,9806.11,7/29/1998,NA,SC,7.77,7.85,0,0.053,xLS009,pan_g,,2.817848,xLSGS2,not previously published ,
ds_05,x9806,9806.12,7/29/1998,NA,SC,7.85,7.92,0,0.053,xLS009,pan_g,,2.359504,xLSGS2,not previously published ,
ds_05,x9806,9806.13,7/29/1998,NA,SC,7.93,8,0,0.053,xLS009,pan_g,,1.357924,xLSGS2,not previously published ,
ds_05,x9806,9806.14,7/29/1998,NA,SC,8,8.08,0,0.053,xLS009,pan_g,md,,xLSGS2,not previously published ,
ds_05,x9806,9806.15,7/29/1998,NA,SC,8.08,8.16,0,0.053,xLS009,pan_g,,3.276042,xLSGS2,not previously published ,
ds_05,x9806,9806.16,7/29/1998,NA,SC,8.16,8.23,0,0.053,xLS009,pan_g,,1.59578,xLSGS2,not previously published ,
ds_05,x9806,9806.17,7/29/1998,NA,SC,8.24,8.31,0,0.053,xLS009,pan_g,,2.963517,xLSGS2,not previously published ,
ds_05,x9806,9806.18,7/29/1998,NA,SC,8.32,8.39,0,0.053,xLS009,pan_g,,3.019556,xLSGS2,not previously published ,
ds_05,x9806,9806.19,7/29/1998,NA,SC,8.39,8.47,0,0.053,xLS009,pan_g,,1.657319,xLSGS2,not previously published ,
ds_05,x9806,9806.2,7/29/1998,NA,SC,8.47,8.55,0,0.053,xLS009,pan_g,,2.133849,xLSGS2,not previously published ,
ds_05,x9806,9806.21,7/29/1998,NA,SC,8.55,8.62,0,0.053,xLS009,pan_g,,17.440228,xLSGS2,not previously published ,
ds_05,x9806,9806.22,7/29/1998,NA,SC,8.63,8.68,0,0.053,xLS009,pan_g,,9.675576,xLSGS2,not previously published ,
ds_05,x9807,9807.01,7/29/1998,NA,SC,7.62,7.69,0,0.053,xLS009,pan_g,,9.333568,xLSGS2,not previously published ,
ds_05,x9807,9807.02,7/29/1998,NA,SC,7.7,7.77,0,0.053,xLS009,pan_g,,12.19428,xLSGS2,not previously published ,
ds_05,x9807,9807.03,7/29/1998,NA,SC,7.77,7.85,0,0.053,xLS009,pan_g,,2.942004,xLSGS2,not previously published ,
ds_05,x9807,9807.04,7/29/1998,NA,SC,7.85,7.92,0,0.053,xLS009,pan_g,,6.036224,xLSGS2,not previously published ,
ds_05,x9807,9807.05,7/29/1998,NA,SC,7.93,8,0,0.053,xLS009,pan_g,,3.89329,xLSGS2,not previously published ,
ds_05,x9807,9807.06,7/29/1998,NA,SC,8,8.07,0,0.053,xLS009,pan_g,,9.975459,xLSGS2,not previously published ,
ds_05,x9807,9807.07,7/29/1998,NA,SC,8.08,8.15,0,0.053,xLS009,pan_g,,6.848569,xLSGS2,not previously published ,
ds_05,x9807,9807.08,7/29/1998,NA,SC,8.15,8.23,0,0.053,xLS009,pan_g,,3.962104,xLSGS2,not previously published ,
ds_05,x9807,9807.09,7/29/1998,NA,SC,8.23,8.3,0,0.053,xLS009,pan_g,,5.533326,xLSGS2,not previously published ,
ds_05,x9807,9807.1,7/29/1998,NA,SC,8.31,8.38,0,0.053,xLS009,pan_g,,4.652972,xLSGS2,not previously published ,
ds_05,x9807,9807.11,7/29/1998,NA,SC,8.39,8.46,0,0.053,xLS009,pan_g,,5.696124,xLSGS2,not previously published ,
ds_05,x9807,9807.12,7/29/1998,NA,SC,8.46,8.54,0,0.053,xLS009,pan_g,,9.707712,xLSGS2,not previously published ,
ds_05,x9807,9807.13,7/29/1998,NA,SC,8.54,8.61,0,0.053,xLS009,pan_g,,5.91838,xLSGS2,not previously published ,
ds_05,x9807,9807.14,7/29/1998,NA,SC,8.62,8.69,0,0.053,xLS009,pan_g,,3.432912,xLSGS2,not previously published ,
ds_05,x9807,9807.15,7/29/1998,NA,SC,8.7,8.77,0,0.053,xLS009,pan_g,,9.87705,xLSGS2,not previously published ,
ds_05,x9807,9807.16,7/29/1998,NA,SC,8.77,8.85,0,0.053,xLS009,pan_g,,5.098449,xLSGS2,not previously published ,
ds_05,x9807,9807.17,7/29/1998,NA,SC,8.85,8.92,0,0.053,xLS009,pan_g,,4.894347,xLSGS2,not previously published ,
ds_05,x9807,9807.18,7/29/1998,NA,SC,8.93,9,0,0.053,xLS009,pan_g,,15.08679,xLSGS2,not previously published ,
ds_05,x9807,9807.19,7/29/1998,NA,SC,9.01,9.08,0,0.053,xLS009,pan_g,,22.405188,xLSGS2,not previously published ,
ds_05,x9807,9807.2,7/29/1998,NA,SC,9.08,9.16,0,0.053,xLS009,pan_g,,16.135362,xLSGS2,not previously published ,
ds_05,x9808,9808.01,7/29/1998,NA,SC,7.01,7.08,0,0.053,xLS009,pan_g,,10.543379,xLSGS2,not previously published ,
ds_05,x9808,9808.02,7/29/1998,NA,SC,7.09,7.16,0,0.053,xLS009,pan_g,,0.582117,xLSGS2,not previously published ,
ds_05,x9808,9808.03,7/29/1998,NA,SC,7.16,7.24,0,0.053,xLS009,pan_g,,6.104172,xLSGS2,not previously published ,
ds_05,x9808,9808.04,7/29/1998,NA,SC,7.24,7.31,0,0.053,xLS009,pan_g,,5.085546,xLSGS2,not previously published ,
ds_05,x9808,9808.05,7/29/1998,NA,SC,7.32,7.39,0,0.053,xLS009,pan_g,,1.131078,xLSGS2,not previously published ,
ds_05,x9808,9808.06,7/29/1998,NA,SC,7.4,7.47,0,0.053,xLS009,pan_g,,1.608975,xLSGS2,not previously published ,
ds_05,x9808,9808.07,7/29/1998,NA,SC,7.47,7.55,0,0.053,xLS009,pan_g,,0.888762,xLSGS2,not previously published ,
ds_05,x9808,9808.08,7/29/1998,NA,SC,7.55,7.62,0,0.053,xLS009,pan_g,,0.801496,xLSGS2,not previously published ,
ds_05,x9808,9808.09,7/29/1998,NA,SC,7.63,7.7,0,0.053,xLS009,pan_g,,1.203048,xLSGS2,not previously published ,
ds_05,x9808,9808.1,7/29/1998,NA,SC,7.71,7.78,0,0.053,xLS009,pan_g,,12.924252,xLSGS2,not previously published ,
ds_05,x9808,9808.11,7/29/1998,NA,SC,7.78,7.86,0,0.053,xLS009,pan_g,,43.525952,xLSGS2,not previously published ,
ds_05,x9808,9808.12,7/29/1998,NA,SC,7.86,7.93,0,0.053,xLS009,pan_g,,49.928228,xLSGS2,not previously published ,
ds_05,x9808,9808.13,7/29/1998,NA,SC,7.94,8.01,0,0.053,xLS009,pan_g,,33.675486,xLSGS2,not previously published ,
ds_05,x9808,9808.14,7/29/1998,NA,SC,8.02,8.09,0,0.053,xLS009,pan_g,,7.791425,xLSGS2,not previously published ,
ds_05,x9808,9808.15,7/29/1998,NA,SC,8.09,8.17,0,0.053,xLS009,pan_g,,2.986326,xLSGS2,not previously published ,
ds_05,x9808,9808.16,7/29/1998,NA,SC,8.17,8.25,0,0.053,xLS009,pan_g,,2.091514,xLSGS2,not previously published ,
ds_05,x9808,9808.17,7/29/1998,NA,SC,8.25,8.32,0,0.053,xLS009,pan_g,,3.39728,xLSGS2,not previously published ,
ds_05,x9808,9808.18,7/29/1998,NA,SC,8.33,8.4,0,0.053,xLS009,pan_g,,1.959685,xLSGS2,not previously published ,
ds_05,x9808,9808.19,7/29/1998,NA,SC,8.4,8.48,0,0.053,xLS009,pan_g,,10.6338,xLSGS2,not previously published ,
ds_05,x9808,9808.2,7/29/1998,NA,SC,8.48,8.55,0,0.053,xLS009,pan_g,,6.728736,xLSGS2,not previously published ,
ds_05,x9808,9808.21,7/29/1998,NA,SC,8.56,8.63,0,0.053,xLS009,pan_g,,4.498628,xLSGS2,not previously published ,
ds_05,x9808,9808.22,7/29/1998,NA,SC,8.64,8.71,0,0.053,xLS009,pan_g,,5.25087,xLSGS2,not previously published ,
ds_05,x9808,9808.23,7/29/1998,NA,SC,8.71,8.79,0,0.053,xLS009,pan_g,,4.55592,xLSGS2,not previously published ,
ds_05,x9808,9808.24,7/29/1998,NA,SC,8.79,8.87,0,0.053,xLS009,pan_g,,4.96989,xLSGS2,not previously published ,
ds_05,x9802,9802.01,7/29/1998,NA,SC,5.18,5.26,,,xLS001,tot_samp_wt_g,,217.48,xLSGS1,not previously published ,
ds_05,x9802,9802.02,7/29/1998,NA,SC,5.26,5.33,,,xLS001,tot_samp_wt_g,,214.89,xLSGS1,not previously published ,
ds_05,x9802,9802.03,7/29/1998,NA,SC,5.34,5.41,,,xLS001,tot_samp_wt_g,,219.54,xLSGS1,not previously published ,
ds_05,x9802,9802.04,7/29/1998,NA,SC,5.42,5.49,,,xLS001,tot_samp_wt_g,,210.67,xLSGS1,not previously published ,
ds_05,x9802,9802.05,7/29/1998,NA,SC,5.49,5.57,,,xLS001,tot_samp_wt_g,,221.38,xLSGS1,not previously published ,
ds_05,x9802,9802.06,7/29/1998,NA,SC,5.57,5.64,,,xLS001,tot_samp_wt_g,,213.65,xLSGS1,not previously published ,
ds_05,x9802,9802.07,7/29/1998,NA,SC,5.65,5.72,,,xLS001,tot_samp_wt_g,,220.12,xLSGS1,not previously published ,
ds_05,x9802,9802.08,7/29/1998,NA,SC,5.72,5.8,,,xLS001,tot_samp_wt_g,,214.81,xLSGS1,not previously published ,
ds_05,x9802,9802.09,7/29/1998,NA,SC,5.8,5.87,,,xLS001,tot_samp_wt_g,,217.08,xLSGS1,not previously published ,
ds_05,x9802,9802.1,7/29/1998,NA,SC,5.88,5.95,,,xLS001,tot_samp_wt_g,,223.64,xLSGS1,not previously published ,
ds_05,x9802,9802.11,7/29/1998,NA,SC,5.95,6.03,,,xLS001,tot_samp_wt_g,,216.7,xLSGS1,not previously published ,
ds_05,x9802,9802.12,7/29/1998,NA,SC,6.03,6.1,,,xLS001,tot_samp_wt_g,,212.15,xLSGS1,not previously published ,
ds_05,x9802,9802.13,7/29/1998,NA,SC,6.11,6.18,,,xLS001,tot_samp_wt_g,,217.49,xLSGS1,not previously published ,
ds_05,x9802,9802.14,7/29/1998,NA,SC,6.18,6.26,,,xLS001,tot_samp_wt_g,,226.16,xLSGS1,not previously published ,
ds_05,x9802,9802.15,7/29/1998,NA,SC,6.26,6.34,,,xLS001,tot_samp_wt_g,,218.3,xLSGS1,not previously published ,
ds_05,x9802,9802.16,7/29/1998,NA,SC,6.34,6.41,,,xLS001,tot_samp_wt_g,,219.51,xLSGS1,not previously published ,
ds_05,x9802,9802.17,7/29/1998,NA,SC,6.42,6.49,,,xLS001,tot_samp_wt_g,,214.01,xLSGS1,not previously published ,
ds_05,x9802,9802.18,7/29/1998,NA,SC,6.49,6.57,,,xLS001,tot_samp_wt_g,,221.93,xLSGS1,not previously published ,
ds_05,x9802,9802.19,7/29/1998,NA,SC,6.57,6.64,,,xLS001,tot_samp_wt_g,,201.76,xLSGS1,not previously published ,
ds_05,x9802,9802.2,7/29/1998,NA,SC,6.65,6.72,,,xLS001,tot_samp_wt_g,,211.67,xLSGS1,not previously published ,
ds_05,x9802,9802.21,7/29/1998,NA,SC,6.72,6.8,,,xLS001,tot_samp_wt_g,,206.2,xLSGS1,not previously published ,
ds_05,x9803,9803.01,7/29/1998,NA,SC,4.57,4.64,,,xLS001,tot_samp_wt_g,,195.37,xLSGS1,not previously published ,
ds_05,x9803,9803.02,7/29/1998,NA,SC,4.65,4.72,,,xLS001,tot_samp_wt_g,,234.68,xLSGS1,not previously published ,
ds_05,x9803,9803.03,7/29/1998,NA,SC,4.73,4.8,,,xLS001,tot_samp_wt_g,,211.31,xLSGS1,not previously published ,
ds_05,x9803,9803.04,7/29/1998,NA,SC,4.8,4.87,,,xLS001,tot_samp_wt_g,,198.27,xLSGS1,not previously published ,
ds_05,x9803,9803.05,7/29/1998,NA,SC,4.88,4.95,,,xLS001,tot_samp_wt_g,,185.62,xLSGS1,not previously published ,
ds_05,x9803,9803.06,7/29/1998,NA,SC,4.95,5.03,,,xLS001,tot_samp_wt_g,,199.13,xLSGS1,not previously published ,
ds_05,x9803,9803.07,7/29/1998,NA,SC,5.03,5.1,,,xLS001,tot_samp_wt_g,,201.29,xLSGS1,not previously published ,
ds_05,x9803,9803.08,7/29/1998,NA,SC,5.11,5.18,,,xLS001,tot_samp_wt_g,,202.86,xLSGS1,not previously published ,
ds_05,x9803,9803.09,7/29/1998,NA,SC,5.18,5.25,,,xLS001,tot_samp_wt_g,,209.69,xLSGS1,not previously published ,
ds_05,x9803,9803.1,7/29/1998,NA,SC,5.26,5.33,,,xLS001,tot_samp_wt_g,,205.34,xLSGS1,not previously published ,
ds_05,x9803,9803.11,7/29/1998,NA,SC,5.33,5.41,,,xLS001,tot_samp_wt_g,,209.95,xLSGS1,not previously published ,
ds_05,x9803,9803.12,7/29/1998,NA,SC,5.41,5.48,,,xLS001,tot_samp_wt_g,,223.03,xLSGS1,not previously published ,
ds_05,x9803,9803.13,7/29/1998,NA,SC,5.49,5.56,,,xLS001,tot_samp_wt_g,,215.01,xLSGS1,not previously published ,
ds_05,x9803,9803.14,7/29/1998,NA,SC,5.57,5.64,,,xLS001,tot_samp_wt_g,,211.79,xLSGS1,not previously published ,
ds_05,x9803,9803.15,7/29/1998,NA,SC,5.64,5.71,,,xLS001,tot_samp_wt_g,,217.22,xLSGS1,not previously published ,
ds_05,x9803,9803.16,7/29/1998,NA,SC,5.72,5.79,,,xLS001,tot_samp_wt_g,,201.83,xLSGS1,not previously published ,
ds_05,x9803,9803.17,7/29/1998,NA,SC,5.8,5.87,,,xLS001,tot_samp_wt_g,,221.47,xLSGS1,not previously published ,
ds_05,x9803,9803.18,7/29/1998,NA,SC,5.87,5.95,,,xLS001,tot_samp_wt_g,,213,xLSGS1,not previously published ,
ds_05,x9803,9803.19,7/29/1998,NA,SC,5.95,6.02,,,xLS001,tot_samp_wt_g,,214.82,xLSGS1,not previously published ,
ds_05,x9803,9803.2,7/29/1998,NA,SC,6.03,6.1,,,xLS001,tot_samp_wt_g,,216.13,xLSGS1,not previously published ,
ds_05,x9803,9803.21,7/29/1998,NA,SC,6.1,6.18,,,xLS001,tot_samp_wt_g,,207.67,xLSGS1,not previously published ,
ds_05,x9804,9804.01,7/29/1998,NA,SC,4.88,4.95,,,xLS001,tot_samp_wt_g,,211.89,xLSGS1,not previously published ,
ds_05,x9804,9804.02,7/29/1998,NA,SC,4.95,5.02,,,xLS001,tot_samp_wt_g,,206.26,xLSGS1,not previously published ,
ds_05,x9804,9804.03,7/29/1998,NA,SC,5.03,5.1,,,xLS001,tot_samp_wt_g,,211.58,xLSGS1,not previously published ,
ds_05,x9804,9804.04,7/29/1998,NA,SC,5.11,5.18,,,xLS001,tot_samp_wt_g,,215.46,xLSGS1,not previously published ,
ds_05,x9804,9804.05,7/29/1998,NA,SC,5.18,5.25,,,xLS001,tot_samp_wt_g,,221.87,xLSGS1,not previously published ,
ds_05,x9804,9804.06,7/29/1998,NA,SC,5.26,5.33,,,xLS001,tot_samp_wt_g,,222.43,xLSGS1,not previously published ,
ds_05,x9804,9804.07,7/29/1998,NA,SC,5.34,5.41,,,xLS001,tot_samp_wt_g,,219.62,xLSGS1,not previously published ,
ds_05,x9804,9804.08,7/29/1998,NA,SC,5.41,5.49,,,xLS001,tot_samp_wt_g,,222.23,xLSGS1,not previously published ,
ds_05,x9804,9804.09,7/29/1998,NA,SC,5.49,5.57,,,xLS001,tot_samp_wt_g,,207.15,xLSGS1,not previously published ,
ds_05,x9804,9804.1,7/29/1998,NA,SC,5.57,5.64,,,xLS001,tot_samp_wt_g,,212.8,xLSGS1,not previously published ,
ds_05,x9804,9804.11,7/29/1998,NA,SC,5.65,5.72,,,xLS001,tot_samp_wt_g,,211.74,xLSGS1,not previously published ,
ds_05,x9804,9804.12,7/29/1998,NA,SC,5.72,5.8,,,xLS001,tot_samp_wt_g,,214.86,xLSGS1,not previously published ,
ds_05,x9804,9804.13,7/29/1998,NA,SC,5.8,5.87,,,xLS001,tot_samp_wt_g,,220.5,xLSGS1,not previously published ,
ds_05,x9804,9804.14,7/29/1998,NA,SC,5.88,5.95,,,xLS001,tot_samp_wt_g,,225.81,xLSGS1,not previously published ,
ds_05,x9804,9804.15,7/29/1998,NA,SC,5.95,6.03,,,xLS001,tot_samp_wt_g,,220.61,xLSGS1,not previously published ,
ds_05,x9804,9804.16,7/29/1998,NA,SC,6.03,6.11,,,xLS001,tot_samp_wt_g,,218.22,xLSGS1,not previously published ,
ds_05,x9804,9804.17,7/29/1998,NA,SC,6.11,6.18,,,xLS001,tot_samp_wt_g,,226.32,xLSGS1,not previously published ,
ds_05,x9804,9804.18,7/29/1998,NA,SC,6.19,6.26,,,xLS001,tot_samp_wt_g,,223.45,xLSGS1,not previously published ,
ds_05,x9804,9804.19,7/29/1998,NA,SC,6.26,6.34,,,xLS001,tot_samp_wt_g,,214.77,xLSGS1,not previously published ,
ds_05,x9805,9805.01,7/29/1998,NA,SC,5.49,5.56,,,xLS001,tot_samp_wt_g,,204.37,xLSGS1,not previously published ,
ds_05,x9805,9805.02,7/29/1998,NA,SC,5.56,5.64,,,xLS001,tot_samp_wt_g,md,,xLSGS1,not previously published ,
ds_05,x9805,9805.03,7/29/1998,NA,SC,5.64,5.71,,,xLS001,tot_samp_wt_g,,209.69,xLSGS1,not previously published ,
ds_05,x9805,9805.04,7/29/1998,NA,SC,5.72,5.79,,,xLS001,tot_samp_wt_g,,211.8,xLSGS1,not previously published ,
ds_05,x9805,9805.05,7/29/1998,NA,SC,5.8,5.87,,,xLS001,tot_samp_wt_g,,216.08,xLSGS1,not previously published ,
ds_05,x9805,9805.06,7/29/1998,NA,SC,5.87,5.95,,,xLS001,tot_samp_wt_g,,223.84,xLSGS1,not previously published ,
ds_05,x9805,9805.07,7/29/1998,NA,SC,5.95,6.03,,,xLS001,tot_samp_wt_g,,216.04,xLSGS1,not previously published ,
ds_05,x9805,9805.08,7/29/1998,NA,SC,6.03,6.1,,,xLS001,tot_samp_wt_g,,209.78,xLSGS1,not previously published ,
ds_05,x9805,9805.09,7/29/1998,NA,SC,6.11,6.18,,,xLS001,tot_samp_wt_g,,208.85,xLSGS1,not previously published ,
ds_05,x9805,9805.1,7/29/1998,NA,SC,6.19,6.26,,,xLS001,tot_samp_wt_g,,213.5,xLSGS1,not previously published ,
ds_05,x9805,9805.11,7/29/1998,NA,SC,6.26,6.34,,,xLS001,tot_samp_wt_g,,210.2,xLSGS1,not previously published ,
ds_05,x9805,9805.12,7/29/1998,NA,SC,6.34,6.41,,,xLS001,tot_samp_wt_g,,204.12,xLSGS1,not previously published ,
ds_05,x9805,9805.13,7/29/1998,NA,SC,6.42,6.49,,,xLS001,tot_samp_wt_g,,208.84,xLSGS1,not previously published ,
ds_05,x9805,9805.14,7/29/1998,NA,SC,6.5,6.57,,,xLS001,tot_samp_wt_g,,206.96,xLSGS1,not previously published ,
ds_05,x9805,9805.15,7/29/1998,NA,SC,6.57,6.65,,,xLS001,tot_samp_wt_g,,209.45,xLSGS1,not previously published ,
ds_05,x9805,9805.16,7/29/1998,NA,SC,6.65,6.72,,,xLS001,tot_samp_wt_g,,209.11,xLSGS1,not previously published ,
ds_05,x9805,9805.17,7/29/1998,NA,SC,6.73,6.8,,,xLS001,tot_samp_wt_g,,218.12,xLSGS1,not previously published ,
ds_05,x9805,9805.18,7/29/1998,NA,SC,6.81,6.88,,,xLS001,tot_samp_wt_g,,215.39,xLSGS1,not previously published ,
ds_05,x9805,9805.19,7/29/1998,NA,SC,6.88,6.96,,,xLS001,tot_samp_wt_g,,209.74,xLSGS1,not previously published ,
ds_05,x9805,9805.2,7/29/1998,NA,SC,6.96,7.03,,,xLS001,tot_samp_wt_g,,210.77,xLSGS1,not previously published ,
ds_05,x9805,9805.21,7/29/1998,NA,SC,7.04,7.11,,,xLS001,tot_samp_wt_g,,209.39,xLSGS1,not previously published ,
ds_05,x9805,9805.22,7/29/1998,NA,SC,7.11,7.19,,,xLS001,tot_samp_wt_g,,198.18,xLSGS1,not previously published ,
ds_05,x9805,9805.23,7/29/1998,NA,SC,7.19,7.26,,,xLS001,tot_samp_wt_g,,210.17,xLSGS1,not previously published ,
ds_05,x9805,9805.24,7/29/1998,NA,SC,7.27,7.34,,,xLS001,tot_samp_wt_g,,212.19,xLSGS1,not previously published ,
ds_05,x9806,9806.01,7/29/1998,NA,SC,7.01,7.08,,,xLS001,tot_samp_wt_g,,220.54,xLSGS1,not previously published ,
ds_05,x9806,9806.02,7/29/1998,NA,SC,7.09,7.16,,,xLS001,tot_samp_wt_g,,209.54,xLSGS1,not previously published ,
ds_05,x9806,9806.03,7/29/1998,NA,SC,7.17,7.24,,,xLS001,tot_samp_wt_g,,205.8,xLSGS1,not previously published ,
ds_05,x9806,9806.04,7/29/1998,NA,SC,7.24,7.31,,,xLS001,tot_samp_wt_g,,201.72,xLSGS1,not previously published ,
ds_05,x9806,9806.05,7/29/1998,NA,SC,7.32,7.39,,,xLS001,tot_samp_wt_g,,192.79,xLSGS1,not previously published ,
ds_05,x9806,9806.06,7/29/1998,NA,SC,7.39,7.46,,,xLS001,tot_samp_wt_g,,211.4,xLSGS1,not previously published ,
ds_05,x9806,9806.07,7/29/1998,NA,SC,7.47,7.54,,,xLS001,tot_samp_wt_g,,212.08,xLSGS1,not previously published ,
ds_05,x9806,9806.08,7/29/1998,NA,SC,7.54,7.62,,,xLS001,tot_samp_wt_g,,209.25,xLSGS1,not previously published ,
ds_05,x9806,9806.09,7/29/1998,NA,SC,7.62,7.69,,,xLS001,tot_samp_wt_g,,213.59,xLSGS1,not previously published ,
ds_05,x9806,9806.1,7/29/1998,NA,SC,7.7,7.77,,,xLS001,tot_samp_wt_g,,216.38,xLSGS1,not previously published ,
ds_05,x9806,9806.11,7/29/1998,NA,SC,7.77,7.85,,,xLS001,tot_samp_wt_g,,198.44,xLSGS1,not previously published ,
ds_05,x9806,9806.12,7/29/1998,NA,SC,7.85,7.92,,,xLS001,tot_samp_wt_g,,210.67,xLSGS1,not previously published ,
ds_05,x9806,9806.13,7/29/1998,NA,SC,7.93,8,,,xLS001,tot_samp_wt_g,,219.02,xLSGS1,not previously published ,
ds_05,x9806,9806.14,7/29/1998,NA,SC,8,8.08,,,xLS001,tot_samp_wt_g,md,,xLSGS1,not previously published ,
ds_05,x9806,9806.15,7/29/1998,NA,SC,8.08,8.16,,,xLS001,tot_samp_wt_g,,212.73,xLSGS1,not previously published ,
ds_05,x9806,9806.16,7/29/1998,NA,SC,8.16,8.23,,,xLS001,tot_samp_wt_g,,218.6,xLSGS1,not previously published ,
ds_05,x9806,9806.17,7/29/1998,NA,SC,8.24,8.31,,,xLS001,tot_samp_wt_g,,229.73,xLSGS1,not previously published ,
ds_05,x9806,9806.18,7/29/1998,NA,SC,8.32,8.39,,,xLS001,tot_samp_wt_g,,225.34,xLSGS1,not previously published ,
ds_05,x9806,9806.19,7/29/1998,NA,SC,8.39,8.47,,,xLS001,tot_samp_wt_g,,227.03,xLSGS1,not previously published ,
ds_05,x9806,9806.2,7/29/1998,NA,SC,8.47,8.55,,,xLS001,tot_samp_wt_g,,245.27,xLSGS1,not previously published ,
ds_05,x9806,9806.21,7/29/1998,NA,SC,8.55,8.62,,,xLS001,tot_samp_wt_g,,216.38,xLSGS1,not previously published ,
ds_05,x9806,9806.22,7/29/1998,NA,SC,8.63,8.68,,,xLS001,tot_samp_wt_g,,176.24,xLSGS1,not previously published ,
ds_05,x9807,9807.01,7/29/1998,NA,SC,7.62,7.69,,,xLS001,tot_samp_wt_g,,142.28,xLSGS1,not previously published ,
ds_05,x9807,9807.02,7/29/1998,NA,SC,7.7,7.77,,,xLS001,tot_samp_wt_g,,161.3,xLSGS1,not previously published ,
ds_05,x9807,9807.03,7/29/1998,NA,SC,7.77,7.85,,,xLS001,tot_samp_wt_g,,188.59,xLSGS1,not previously published ,
ds_05,x9807,9807.04,7/29/1998,NA,SC,7.85,7.92,,,xLS001,tot_samp_wt_g,,206.72,xLSGS1,not previously published ,
ds_05,x9807,9807.05,7/29/1998,NA,SC,7.93,8,,,xLS001,tot_samp_wt_g,,204.91,xLSGS1,not previously published ,
ds_05,x9807,9807.06,7/29/1998,NA,SC,8,8.07,,,xLS001,tot_samp_wt_g,,207.39,xLSGS1,not previously published ,
ds_05,x9807,9807.07,7/29/1998,NA,SC,8.08,8.15,,,xLS001,tot_samp_wt_g,,212.03,xLSGS1,not previously published ,
ds_05,x9807,9807.08,7/29/1998,NA,SC,8.15,8.23,,,xLS001,tot_samp_wt_g,,207.44,xLSGS1,not previously published ,
ds_05,x9807,9807.09,7/29/1998,NA,SC,8.23,8.3,,,xLS001,tot_samp_wt_g,,214.47,xLSGS1,not previously published ,
ds_05,x9807,9807.1,7/29/1998,NA,SC,8.31,8.38,,,xLS001,tot_samp_wt_g,,220.52,xLSGS1,not previously published ,
ds_05,x9807,9807.11,7/29/1998,NA,SC,8.39,8.46,,,xLS001,tot_samp_wt_g,,220.78,xLSGS1,not previously published ,
ds_05,x9807,9807.12,7/29/1998,NA,SC,8.46,8.54,,,xLS001,tot_samp_wt_g,,216.69,xLSGS1,not previously published ,
ds_05,x9807,9807.13,7/29/1998,NA,SC,8.54,8.61,,,xLS001,tot_samp_wt_g,,227.63,xLSGS1,not previously published ,
ds_05,x9807,9807.14,7/29/1998,NA,SC,8.62,8.69,,,xLS001,tot_samp_wt_g,,204.34,xLSGS1,not previously published ,
ds_05,x9807,9807.15,7/29/1998,NA,SC,8.7,8.77,,,xLS001,tot_samp_wt_g,,210.15,xLSGS1,not previously published ,
ds_05,x9807,9807.16,7/29/1998,NA,SC,8.77,8.85,,,xLS001,tot_samp_wt_g,,228.63,xLSGS1,not previously published ,
ds_05,x9807,9807.17,7/29/1998,NA,SC,8.85,8.92,,,xLS001,tot_samp_wt_g,,215.61,xLSGS1,not previously published ,
ds_05,x9807,9807.18,7/29/1998,NA,SC,8.93,9,,,xLS001,tot_samp_wt_g,,212.49,xLSGS1,not previously published ,
ds_05,x9807,9807.19,7/29/1998,NA,SC,9.01,9.08,,,xLS001,tot_samp_wt_g,,210.18,xLSGS1,not previously published ,
ds_05,x9807,9807.2,7/29/1998,NA,SC,9.08,9.16,,,xLS001,tot_samp_wt_g,,166.86,xLSGS1,not previously published ,
ds_05,x9808,9808.01,7/29/1998,NA,SC,7.01,7.08,,,xLS001,tot_samp_wt_g,,195.61,xLSGS1,not previously published ,
ds_05,x9808,9808.02,7/29/1998,NA,SC,7.09,7.16,,,xLS001,tot_samp_wt_g,,200.73,xLSGS1,not previously published ,
ds_05,x9808,9808.03,7/29/1998,NA,SC,7.16,7.24,,,xLS001,tot_samp_wt_g,,216.46,xLSGS1,not previously published ,
ds_05,x9808,9808.04,7/29/1998,NA,SC,7.24,7.31,,,xLS001,tot_samp_wt_g,,214.58,xLSGS1,not previously published ,
ds_05,x9808,9808.05,7/29/1998,NA,SC,7.32,7.39,,,xLS001,tot_samp_wt_g,,221.78,xLSGS1,not previously published ,
ds_05,x9808,9808.06,7/29/1998,NA,SC,7.4,7.47,,,xLS001,tot_samp_wt_g,,214.53,xLSGS1,not previously published ,
ds_05,x9808,9808.07,7/29/1998,NA,SC,7.47,7.55,,,xLS001,tot_samp_wt_g,,211.61,xLSGS1,not previously published ,
ds_05,x9808,9808.08,7/29/1998,NA,SC,7.55,7.62,,,xLS001,tot_samp_wt_g,,210.92,xLSGS1,not previously published ,
ds_05,x9808,9808.09,7/29/1998,NA,SC,7.63,7.7,,,xLS001,tot_samp_wt_g,,214.83,xLSGS1,not previously published ,
ds_05,x9808,9808.1,7/29/1998,NA,SC,7.71,7.78,,,xLS001,tot_samp_wt_g,,217.58,xLSGS1,not previously published ,
ds_05,x9808,9808.11,7/29/1998,NA,SC,7.78,7.86,,,xLS001,tot_samp_wt_g,,230.54,xLSGS1,not previously published ,
ds_05,x9808,9808.12,7/29/1998,NA,SC,7.86,7.93,,,xLS001,tot_samp_wt_g,,210.49,xLSGS1,not previously published ,
ds_05,x9808,9808.13,7/29/1998,NA,SC,7.94,8.01,,,xLS001,tot_samp_wt_g,,227.23,xLSGS1,not previously published ,
ds_05,x9808,9808.14,7/29/1998,NA,SC,8.02,8.09,,,xLS001,tot_samp_wt_g,,223.25,xLSGS1,not previously published ,
ds_05,x9808,9808.15,7/29/1998,NA,SC,8.09,8.17,,,xLS001,tot_samp_wt_g,,217.98,xLSGS1,not previously published ,
ds_05,x9808,9808.16,7/29/1998,NA,SC,8.17,8.25,,,xLS001,tot_samp_wt_g,,215.62,xLSGS1,not previously published ,
ds_05,x9808,9808.17,7/29/1998,NA,SC,8.25,8.32,,,xLS001,tot_samp_wt_g,,212.33,xLSGS1,not previously published ,
ds_05,x9808,9808.18,7/29/1998,NA,SC,8.33,8.4,,,xLS001,tot_samp_wt_g,,215.35,xLSGS1,not previously published ,
ds_05,x9808,9808.19,7/29/1998,NA,SC,8.4,8.48,,,xLS001,tot_samp_wt_g,,222,xLSGS1,not previously published ,
ds_05,x9808,9808.2,7/29/1998,NA,SC,8.48,8.55,,,xLS001,tot_samp_wt_g,,221.34,xLSGS1,not previously published ,
ds_05,x9808,9808.21,7/29/1998,NA,SC,8.56,8.63,,,xLS001,tot_samp_wt_g,,218.38,xLSGS1,not previously published ,
ds_05,x9808,9808.22,7/29/1998,NA,SC,8.64,8.71,,,xLS001,tot_samp_wt_g,,213.45,xLSGS1,not previously published ,
ds_05,x9808,9808.23,7/29/1998,NA,SC,8.71,8.79,,,xLS001,tot_samp_wt_g,,222.24,xLSGS1,not previously published ,
ds_05,x9808,9808.24,7/29/1998,NA,SC,8.79,8.87,,,xLS001,tot_samp_wt_g,,213.3,xLSGS1,not previously published ,
ds_05,x9802,9802.01,7/29/1998,NA,SC,5.18,5.26,,,xLS018,porosity,,0.384433885,xLSGS2,not previously published ,
ds_05,x9802,9802.02,7/29/1998,NA,SC,5.26,5.33,,,xLS018,porosity,,0.388490266,xLSGS2,not previously published ,
ds_05,x9802,9802.03,7/29/1998,NA,SC,5.34,5.41,,,xLS018,porosity,,0.367597493,xLSGS2,not previously published ,
ds_05,x9802,9802.04,7/29/1998,NA,SC,5.42,5.49,,,xLS018,porosity,,0.376149588,xLSGS2,not previously published ,
ds_05,x9802,9802.05,7/29/1998,NA,SC,5.49,5.57,,,xLS018,porosity,,0.364893031,xLSGS2,not previously published ,
ds_05,x9802,9802.06,7/29/1998,NA,SC,5.57,5.64,,,xLS018,porosity,,0.373467484,xLSGS2,not previously published ,
ds_05,x9802,9802.07,7/29/1998,NA,SC,5.65,5.72,,,xLS018,porosity,,0.372763126,xLSGS2,not previously published ,
ds_05,x9802,9802.08,7/29/1998,NA,SC,5.72,5.8,,,xLS018,porosity,,0.374404153,xLSGS2,not previously published ,
ds_05,x9802,9802.09,7/29/1998,NA,SC,5.8,5.87,,,xLS018,porosity,,0.366046755,xLSGS2,not previously published ,
ds_05,x9802,9802.1,7/29/1998,NA,SC,5.88,5.95,,,xLS018,porosity,,0.355787116,xLSGS2,not previously published ,
ds_05,x9802,9802.11,7/29/1998,NA,SC,5.95,6.03,,,xLS018,porosity,,0.374926742,xLSGS2,not previously published ,
ds_05,x9802,9802.12,7/29/1998,NA,SC,6.03,6.1,,,xLS018,porosity,,0.372645559,xLSGS2,not previously published ,
ds_05,x9802,9802.13,7/29/1998,NA,SC,6.11,6.18,,,xLS018,porosity,,0.375205121,xLSGS2,not previously published ,
ds_05,x9802,9802.14,7/29/1998,NA,SC,6.18,6.26,,,xLS018,porosity,,0.344958345,xLSGS2,not previously published ,
ds_05,x9802,9802.15,7/29/1998,NA,SC,6.26,6.34,,,xLS018,porosity,,0.38128465,xLSGS2,not previously published ,
ds_05,x9802,9802.16,7/29/1998,NA,SC,6.34,6.41,,,xLS018,porosity,,0.367683911,xLSGS2,not previously published ,
ds_05,x9802,9802.17,7/29/1998,NA,SC,6.42,6.49,,,xLS018,porosity,,0.371540127,xLSGS2,not previously published ,
ds_05,x9802,9802.18,7/29/1998,NA,SC,6.49,6.57,,,xLS018,porosity,,0.364177878,xLSGS2,not previously published ,
ds_05,x9802,9802.19,7/29/1998,NA,SC,6.57,6.64,,,xLS018,porosity,,0.407513369,xLSGS2,not previously published ,
ds_05,x9802,9802.2,7/29/1998,NA,SC,6.65,6.72,,,xLS018,porosity,,0.382698566,xLSGS2,not previously published ,
ds_05,x9802,9802.21,7/29/1998,NA,SC,6.72,6.8,,,xLS018,porosity,,0.393632727,xLSGS2,not previously published ,
ds_05,x9803,9803.01,7/29/1998,NA,SC,4.57,4.64,,,xLS018,porosity,,0.429211405,xLSGS2,not previously published ,
ds_05,x9803,9803.02,7/29/1998,NA,SC,4.65,4.72,,,xLS018,porosity,,0.317194671,xLSGS2,not previously published ,
ds_05,x9803,9803.03,7/29/1998,NA,SC,4.73,4.8,,,xLS018,porosity,,0.382897272,xLSGS2,not previously published ,
ds_05,x9803,9803.04,7/29/1998,NA,SC,4.8,4.87,,,xLS018,porosity,,0.420418487,xLSGS2,not previously published ,
ds_05,x9803,9803.05,7/29/1998,NA,SC,4.88,4.95,,,xLS018,porosity,,0.453239292,xLSGS2,not previously published ,
ds_05,x9803,9803.06,7/29/1998,NA,SC,4.95,5.03,,,xLS018,porosity,,0.414341848,xLSGS2,not previously published ,
ds_05,x9803,9803.07,7/29/1998,NA,SC,5.03,5.1,,,xLS018,porosity,,0.420404968,xLSGS2,not previously published ,
ds_05,x9803,9803.08,7/29/1998,NA,SC,5.11,5.18,,,xLS018,porosity,,0.396487752,xLSGS2,not previously published ,
ds_05,x9803,9803.09,7/29/1998,NA,SC,5.18,5.25,,,xLS018,porosity,,0.381735971,xLSGS2,not previously published ,
ds_05,x9803,9803.1,7/29/1998,NA,SC,5.26,5.33,,,xLS018,porosity,,0.389796582,xLSGS2,not previously published ,
ds_05,x9803,9803.11,7/29/1998,NA,SC,5.33,5.41,,,xLS018,porosity,,0.392074959,xLSGS2,not previously published ,
ds_05,x9803,9803.12,7/29/1998,NA,SC,5.41,5.48,,,xLS018,porosity,,0.365070007,xLSGS2,not previously published ,
ds_05,x9803,9803.13,7/29/1998,NA,SC,5.49,5.56,,,xLS018,porosity,,0.377849385,xLSGS2,not previously published ,
ds_05,x9803,9803.14,7/29/1998,NA,SC,5.57,5.64,,,xLS018,porosity,,0.375108483,xLSGS2,not previously published ,
ds_05,x9803,9803.15,7/29/1998,NA,SC,5.64,5.71,,,xLS018,porosity,,0.373341304,xLSGS2,not previously published ,
ds_05,x9803,9803.16,7/29/1998,NA,SC,5.72,5.79,,,xLS018,porosity,,0.416386244,xLSGS2,not previously published ,
ds_05,x9803,9803.17,7/29/1998,NA,SC,5.8,5.87,,,xLS018,porosity,,0.371963349,xLSGS2,not previously published ,
ds_05,x9803,9803.18,7/29/1998,NA,SC,5.87,5.95,,,xLS018,porosity,,0.377359851,xLSGS2,not previously published ,
ds_05,x9803,9803.19,7/29/1998,NA,SC,5.95,6.02,,,xLS018,porosity,,0.3776326,xLSGS2,not previously published ,
ds_05,x9803,9803.2,7/29/1998,NA,SC,6.03,6.1,,,xLS018,porosity,,0.376060184,xLSGS2,not previously published ,
ds_05,x9803,9803.21,7/29/1998,NA,SC,6.1,6.18,,,xLS018,porosity,,0.39908833,xLSGS2,not previously published ,
ds_05,x9804,9804.01,7/29/1998,NA,SC,4.88,4.95,,,xLS018,porosity,,0.387045156,xLSGS2,not previously published ,
ds_05,x9804,9804.02,7/29/1998,NA,SC,4.95,5.02,,,xLS018,porosity,,0.382550007,xLSGS2,not previously published ,
ds_05,x9804,9804.03,7/29/1998,NA,SC,5.03,5.1,,,xLS018,porosity,,0.386515018,xLSGS2,not previously published ,
ds_05,x9804,9804.04,7/29/1998,NA,SC,5.11,5.18,,,xLS018,porosity,,0.366049388,xLSGS2,not previously published ,
ds_05,x9804,9804.05,7/29/1998,NA,SC,5.18,5.25,,,xLS018,porosity,,0.356590502,xLSGS2,not previously published ,
ds_05,x9804,9804.06,7/29/1998,NA,SC,5.26,5.33,,,xLS018,porosity,,0.361013725,xLSGS2,not previously published ,
ds_05,x9804,9804.07,7/29/1998,NA,SC,5.34,5.41,,,xLS018,porosity,,0.365378451,xLSGS2,not previously published ,
ds_05,x9804,9804.08,7/29/1998,NA,SC,5.41,5.49,,,xLS018,porosity,,0.371830174,xLSGS2,not previously published ,
ds_05,x9804,9804.09,7/29/1998,NA,SC,5.49,5.57,,,xLS018,porosity,,0.405636182,xLSGS2,not previously published ,
ds_05,x9804,9804.1,7/29/1998,NA,SC,5.57,5.64,,,xLS018,porosity,,0.381025244,xLSGS2,not previously published ,
ds_05,x9804,9804.11,7/29/1998,NA,SC,5.65,5.72,,,xLS018,porosity,,0.375430324,xLSGS2,not previously published ,
ds_05,x9804,9804.12,7/29/1998,NA,SC,5.72,5.8,,,xLS018,porosity,,0.380825539,xLSGS2,not previously published ,
ds_05,x9804,9804.13,7/29/1998,NA,SC,5.8,5.87,,,xLS018,porosity,,0.373453552,xLSGS2,not previously published ,
ds_05,x9804,9804.14,7/29/1998,NA,SC,5.88,5.95,,,xLS018,porosity,,0.345164742,xLSGS2,not previously published ,
ds_05,x9804,9804.15,7/29/1998,NA,SC,5.95,6.03,,,xLS018,porosity,,0.374569872,xLSGS2,not previously published ,
ds_05,x9804,9804.16,7/29/1998,NA,SC,6.03,6.11,,,xLS018,porosity,,0.362717536,xLSGS2,not previously published ,
ds_05,x9804,9804.17,7/29/1998,NA,SC,6.11,6.18,,,xLS018,porosity,,0.348067162,xLSGS2,not previously published ,
ds_05,x9804,9804.18,7/29/1998,NA,SC,6.19,6.26,,,xLS018,porosity,,0.35510438,xLSGS2,not previously published ,
ds_05,x9804,9804.19,7/29/1998,NA,SC,6.26,6.34,,,xLS018,porosity,,0.38100053,xLSGS2,not previously published ,
ds_05,x9805,9805.01,7/29/1998,NA,SC,5.49,5.56,,,xLS018,porosity,,0.415990246,xLSGS2,not previously published ,
ds_05,x9805,9805.02,7/29/1998,NA,SC,5.56,5.64,,,xLS018,porosity,md,,xLSGS2,not previously published ,
ds_05,x9805,9805.03,7/29/1998,NA,SC,5.64,5.71,,,xLS018,porosity,,0.397858026,xLSGS2,not previously published ,
ds_05,x9805,9805.04,7/29/1998,NA,SC,5.72,5.79,,,xLS018,porosity,,0.393610826,xLSGS2,not previously published ,
ds_05,x9805,9805.05,7/29/1998,NA,SC,5.8,5.87,,,xLS018,porosity,,0.382944619,xLSGS2,not previously published ,
ds_05,x9805,9805.06,7/29/1998,NA,SC,5.87,5.95,,,xLS018,porosity,,0.360439019,xLSGS2,not previously published ,
ds_05,x9805,9805.07,7/29/1998,NA,SC,5.95,6.03,,,xLS018,porosity,,0.388591581,xLSGS2,not previously published ,
ds_05,x9805,9805.08,7/29/1998,NA,SC,6.03,6.1,,,xLS018,porosity,,0.396123313,xLSGS2,not previously published ,
ds_05,x9805,9805.09,7/29/1998,NA,SC,6.11,6.18,,,xLS018,porosity,,0.401327162,xLSGS2,not previously published ,
ds_05,x9805,9805.1,7/29/1998,NA,SC,6.19,6.26,,,xLS018,porosity,,0.386250452,xLSGS2,not previously published ,
ds_05,x9805,9805.11,7/29/1998,NA,SC,6.26,6.34,,,xLS018,porosity,,0.391684298,xLSGS2,not previously published ,
ds_05,x9805,9805.12,7/29/1998,NA,SC,6.34,6.41,,,xLS018,porosity,,0.413852736,xLSGS2,not previously published ,
ds_05,x9805,9805.13,7/29/1998,NA,SC,6.42,6.49,,,xLS018,porosity,,0.398009623,xLSGS2,not previously published ,
ds_05,x9805,9805.14,7/29/1998,NA,SC,6.5,6.57,,,xLS018,porosity,,0.403266096,xLSGS2,not previously published ,
ds_05,x9805,9805.15,7/29/1998,NA,SC,6.57,6.65,,,xLS018,porosity,,0.400338941,xLSGS2,not previously published ,
ds_05,x9805,9805.16,7/29/1998,NA,SC,6.65,6.72,,,xLS018,porosity,,0.394673035,xLSGS2,not previously published ,
ds_05,x9805,9805.17,7/29/1998,NA,SC,6.73,6.8,,,xLS018,porosity,,0.370659022,xLSGS2,not previously published ,
ds_05,x9805,9805.18,7/29/1998,NA,SC,6.81,6.88,,,xLS018,porosity,,0.385496012,xLSGS2,not previously published ,
ds_05,x9805,9805.19,7/29/1998,NA,SC,6.88,6.96,,,xLS018,porosity,,0.393430649,xLSGS2,not previously published ,
ds_05,x9805,9805.2,7/29/1998,NA,SC,6.96,7.03,,,xLS018,porosity,,0.389031219,xLSGS2,not previously published ,
ds_05,x9805,9805.21,7/29/1998,NA,SC,7.04,7.11,,,xLS018,porosity,,0.388926388,xLSGS2,not previously published ,
ds_05,x9805,9805.22,7/29/1998,NA,SC,7.11,7.19,,,xLS018,porosity,,0.419718852,xLSGS2,not previously published ,
ds_05,x9805,9805.23,7/29/1998,NA,SC,7.19,7.26,,,xLS018,porosity,,0.401196576,xLSGS2,not previously published ,
ds_05,x9805,9805.24,7/29/1998,NA,SC,7.27,7.34,,,xLS018,porosity,,0.392082657,xLSGS2,not previously published ,
ds_05,x9806,9806.01,7/29/1998,NA,SC,7.01,7.08,,,xLS018,porosity,,0.369697505,xLSGS2,not previously published ,
ds_05,x9806,9806.02,7/29/1998,NA,SC,7.09,7.16,,,xLS018,porosity,,0.399186353,xLSGS2,not previously published ,
ds_05,x9806,9806.03,7/29/1998,NA,SC,7.17,7.24,,,xLS018,porosity,,0.393036224,xLSGS2,not previously published ,
ds_05,x9806,9806.04,7/29/1998,NA,SC,7.24,7.31,,,xLS018,porosity,,0.413253817,xLSGS2,not previously published ,
ds_05,x9806,9806.05,7/29/1998,NA,SC,7.32,7.39,,,xLS018,porosity,,0.413574026,xLSGS2,not previously published ,
ds_05,x9806,9806.06,7/29/1998,NA,SC,7.39,7.46,,,xLS018,porosity,,0.380838528,xLSGS2,not previously published ,
ds_05,x9806,9806.07,7/29/1998,NA,SC,7.47,7.54,,,xLS018,porosity,,0.377121237,xLSGS2,not previously published ,
ds_05,x9806,9806.08,7/29/1998,NA,SC,7.54,7.62,,,xLS018,porosity,,0.382861175,xLSGS2,not previously published ,
ds_05,x9806,9806.09,7/29/1998,NA,SC,7.62,7.69,,,xLS018,porosity,,0.370851096,xLSGS2,not previously published ,
ds_05,x9806,9806.1,7/29/1998,NA,SC,7.7,7.77,,,xLS018,porosity,,0.381670351,xLSGS2,not previously published ,
ds_05,x9806,9806.11,7/29/1998,NA,SC,7.77,7.85,,,xLS018,porosity,,0.412941448,xLSGS2,not previously published ,
ds_05,x9806,9806.12,7/29/1998,NA,SC,7.85,7.92,,,xLS018,porosity,,0.393726427,xLSGS2,not previously published ,
ds_05,x9806,9806.13,7/29/1998,NA,SC,7.93,8,,,xLS018,porosity,,0.376065777,xLSGS2,not previously published ,
ds_05,x9806,9806.14,7/29/1998,NA,SC,8,8.08,,,xLS018,porosity,md,,xLSGS2,not previously published ,
ds_05,x9806,9806.15,7/29/1998,NA,SC,8.08,8.16,,,xLS018,porosity,,0.376424863,xLSGS2,not previously published ,
ds_05,x9806,9806.16,7/29/1998,NA,SC,8.16,8.23,,,xLS018,porosity,,0.376926456,xLSGS2,not previously published ,
ds_05,x9806,9806.17,7/29/1998,NA,SC,8.24,8.31,,,xLS018,porosity,,0.345555616,xLSGS2,not previously published ,
ds_05,x9806,9806.18,7/29/1998,NA,SC,8.32,8.39,,,xLS018,porosity,,0.349827177,xLSGS2,not previously published ,
ds_05,x9806,9806.19,7/29/1998,NA,SC,8.39,8.47,,,xLS018,porosity,,0.344414247,xLSGS2,not previously published ,
ds_05,x9806,9806.2,7/29/1998,NA,SC,8.47,8.55,,,xLS018,porosity,,0.305775699,xLSGS2,not previously published ,
ds_05,x9806,9806.21,7/29/1998,NA,SC,8.55,8.62,,,xLS018,porosity,,0.366077168,xLSGS2,not previously published ,
ds_05,x9806,9806.22,7/29/1998,NA,SC,8.63,8.68,,,xLS018,porosity,,0.323102136,xLSGS2,not previously published ,
ds_05,x9807,9807.01,7/29/1998,NA,SC,7.62,7.69,,,xLS018,porosity,md,,xLSGS2,not previously published ,
ds_05,x9807,9807.02,7/29/1998,NA,SC,7.7,7.77,,,xLS018,porosity,,0.531983052,xLSGS2,not previously published ,
ds_05,x9807,9807.03,7/29/1998,NA,SC,7.77,7.85,,,xLS018,porosity,,0.441925203,xLSGS2,not previously published ,
ds_05,x9807,9807.04,7/29/1998,NA,SC,7.85,7.92,,,xLS018,porosity,,0.395466765,xLSGS2,not previously published ,
ds_05,x9807,9807.05,7/29/1998,NA,SC,7.93,8,,,xLS018,porosity,,0.39817952,xLSGS2,not previously published ,
ds_05,x9807,9807.06,7/29/1998,NA,SC,8,8.07,,,xLS018,porosity,,0.391487454,xLSGS2,not previously published ,
ds_05,x9807,9807.07,7/29/1998,NA,SC,8.08,8.15,,,xLS018,porosity,,0.378390593,xLSGS2,not previously published ,
ds_05,x9807,9807.08,7/29/1998,NA,SC,8.15,8.23,,,xLS018,porosity,,0.402289646,xLSGS2,not previously published ,
ds_05,x9807,9807.09,7/29/1998,NA,SC,8.23,8.3,,,xLS018,porosity,,0.373409275,xLSGS2,not previously published ,
ds_05,x9807,9807.1,7/29/1998,NA,SC,8.31,8.38,,,xLS018,porosity,,0.370180334,xLSGS2,not previously published ,
ds_05,x9807,9807.11,7/29/1998,NA,SC,8.39,8.46,,,xLS018,porosity,,0.360014768,xLSGS2,not previously published ,
ds_05,x9807,9807.12,7/29/1998,NA,SC,8.46,8.54,,,xLS018,porosity,,0.36840701,xLSGS2,not previously published ,
ds_05,x9807,9807.13,7/29/1998,NA,SC,8.54,8.61,,,xLS018,porosity,,0.342322361,xLSGS2,not previously published ,
ds_05,x9807,9807.14,7/29/1998,NA,SC,8.62,8.69,,,xLS018,porosity,,0.419995454,xLSGS2,not previously published ,
ds_05,x9807,9807.15,7/29/1998,NA,SC,8.7,8.77,,,xLS018,porosity,,0.401737264,xLSGS2,not previously published ,
ds_05,x9807,9807.16,7/29/1998,NA,SC,8.77,8.85,,,xLS018,porosity,,0.338981483,xLSGS2,not previously published ,
ds_05,x9807,9807.17,7/29/1998,NA,SC,8.85,8.92,,,xLS018,porosity,,0.381194433,xLSGS2,not previously published ,
ds_05,x9807,9807.18,7/29/1998,NA,SC,8.93,9,,,xLS018,porosity,,0.395970283,xLSGS2,not previously published ,
ds_05,x9807,9807.19,7/29/1998,NA,SC,9.01,9.08,,,xLS018,porosity,,0.398330402,xLSGS2,not previously published ,
ds_05,x9807,9807.2,7/29/1998,NA,SC,9.08,9.16,,,xLS018,porosity,md,,xLSGS2,not previously published ,
ds_05,x9808,9808.01,7/29/1998,NA,SC,7.01,7.08,,,xLS018,porosity,,0.435298814,xLSGS2,not previously published ,
ds_05,x9808,9808.02,7/29/1998,NA,SC,7.09,7.16,,,xLS018,porosity,,0.40683075,xLSGS2,not previously published ,
ds_05,x9808,9808.03,7/29/1998,NA,SC,7.16,7.24,,,xLS018,porosity,,0.381023458,xLSGS2,not previously published ,
ds_05,x9808,9808.04,7/29/1998,NA,SC,7.24,7.31,,,xLS018,porosity,,0.374815646,xLSGS2,not previously published ,
ds_05,x9808,9808.05,7/29/1998,NA,SC,7.32,7.39,,,xLS018,porosity,,0.376187875,xLSGS2,not previously published ,
ds_05,x9808,9808.06,7/29/1998,NA,SC,7.4,7.47,,,xLS018,porosity,,0.38362472,xLSGS2,not previously published ,
ds_05,x9808,9808.07,7/29/1998,NA,SC,7.47,7.55,,,xLS018,porosity,,0.389358975,xLSGS2,not previously published ,
ds_05,x9808,9808.08,7/29/1998,NA,SC,7.55,7.62,,,xLS018,porosity,,0.389182604,xLSGS2,not previously published ,
ds_05,x9808,9808.09,7/29/1998,NA,SC,7.63,7.7,,,xLS018,porosity,,0.385352,xLSGS2,not previously published ,
ds_05,x9808,9808.1,7/29/1998,NA,SC,7.71,7.78,,,xLS018,porosity,,0.360256818,xLSGS2,not previously published ,
ds_05,x9808,9808.11,7/29/1998,NA,SC,7.78,7.86,,,xLS018,porosity,,0.337625708,xLSGS2,not previously published ,
ds_05,x9808,9808.12,7/29/1998,NA,SC,7.86,7.93,,,xLS018,porosity,,0.397116484,xLSGS2,not previously published ,
ds_05,x9808,9808.13,7/29/1998,NA,SC,7.94,8.01,,,xLS018,porosity,,0.357439136,xLSGS2,not previously published ,
ds_05,x9808,9808.14,7/29/1998,NA,SC,8.02,8.09,,,xLS018,porosity,,0.354447946,xLSGS2,not previously published ,
ds_05,x9808,9808.15,7/29/1998,NA,SC,8.09,8.17,,,xLS018,porosity,,0.382522695,xLSGS2,not previously published ,
ds_05,x9808,9808.16,7/29/1998,NA,SC,8.17,8.25,,,xLS018,porosity,,0.376084296,xLSGS2,not previously published ,
ds_05,x9808,9808.17,7/29/1998,NA,SC,8.25,8.32,,,xLS018,porosity,,0.38298652,xLSGS2,not previously published ,
ds_05,x9808,9808.18,7/29/1998,NA,SC,8.33,8.4,,,xLS018,porosity,,0.380089406,xLSGS2,not previously published ,
ds_05,x9808,9808.19,7/29/1998,NA,SC,8.4,8.48,,,xLS018,porosity,,0.36371868,xLSGS2,not previously published ,
ds_05,x9808,9808.2,7/29/1998,NA,SC,8.48,8.55,,,xLS018,porosity,,0.36197783,xLSGS2,not previously published ,
ds_05,x9808,9808.21,7/29/1998,NA,SC,8.56,8.63,,,xLS018,porosity,,0.385178697,xLSGS2,not previously published ,
ds_05,x9808,9808.22,7/29/1998,NA,SC,8.64,8.71,,,xLS018,porosity,,0.376216897,xLSGS2,not previously published ,
ds_05,x9808,9808.23,7/29/1998,NA,SC,8.71,8.79,,,xLS018,porosity,,0.361472791,xLSGS2,not previously published ,
ds_05,x9808,9808.24,7/29/1998,NA,SC,8.79,8.87,,,xLS018,porosity,,0.387325196,xLSGS2,not previously published ,
ds_05,x9013,132530.03,6/27/1990,NA,SC,7.77,7.85,1,,xLS010,diam_1mm_p,,0.01,xLSGS2,not previously published ,
ds_05,x9013,132530.04,6/27/1990,NA,SC,7.85,7.93,1,,xLS010,diam_1mm_p,,0.01,xLSGS2,not previously published ,
ds_05,x9013,132530.01,6/27/1990,NA,SC,7.62,7.69,1,,xLS010,diam_1mm_p,,19.99,xLSGS2,not previously published ,
ds_05,x9013,132530.02,6/27/1990,NA,SC,7.69,7.77,1,,xLS010,diam_1mm_p,,0.01,xLSGS2,not previously published ,
ds_05,x9013,133035.03,6/27/1990,NA,SC,9.31,9.38,1,,xLS010,diam_1mm_p,,13.08,xLSGS2,not previously published ,
ds_05,x9013,133035.04,6/27/1990,NA,SC,9.39,9.46,1,,xLS010,diam_1mm_p,,7.91,xLSGS2,not previously published ,
ds_05,x9013,132530.05,6/27/1990,NA,SC,7.94,8.01,1,,xLS010,diam_1mm_p,,1.81,xLSGS2,not previously published ,
ds_05,x9013,132530.06,6/27/1990,NA,SC,8.02,8.09,1,,xLS010,diam_1mm_p,,0.05,xLSGS2,not previously published ,
ds_05,x9013,132530.07,6/27/1990,NA,SC,8.1,8.17,1,,xLS010,diam_1mm_p,,1.24,xLSGS2,not previously published ,
ds_05,x9013,132530.08,6/27/1990,NA,SC,8.18,8.25,1,,xLS010,diam_1mm_p,,13.41,xLSGS2,not previously published ,
ds_05,x9013,132530.09,6/27/1990,NA,SC,8.26,8.33,1,,xLS010,diam_1mm_p,,7.14,xLSGS2,not previously published ,
ds_05,x9013,132530.1,6/27/1990,NA,SC,8.34,8.42,1,,xLS010,diam_1mm_p,,9.08,xLSGS2,not previously published ,
ds_05,x9013,132530.11,6/27/1990,NA,SC,8.42,8.5,1,,xLS010,diam_1mm_p,,2.85,xLSGS2,not previously published ,
ds_05,x9013,132530.12,6/27/1990,NA,SC,8.5,8.54,1,,xLS010,diam_1mm_p,,7.17,xLSGS2,not previously published ,
ds_05,x9013,132530.14,6/27/1990,NA,SC,8.58,8.66,1,,xLS010,diam_1mm_p,,2.1,xLSGS2,not previously published ,
ds_05,x9013,133035.01,6/27/1990,NA,SC,9.14,9.22,1,,xLS010,diam_1mm_p,,3.04,xLSGS2,not previously published ,
ds_05,x9013,133035.02,6/27/1990,NA,SC,9.22,9.3,1,,xLS010,diam_1mm_p,,13.95,xLSGS2,not previously published ,
ds_05,x9014,142025.07,6/27/1990,NA,SC,6.59,6.67,1,,xLS010,diam_1mm_p,,40.638,xLSGS2,not previously published ,
ds_05,x9014,142025.08,6/27/1990,NA,SC,6.67,6.76,1,,xLS010,diam_1mm_p,,22.795,xLSGS2,not previously published ,
ds_05,x9014,142025.09,6/27/1990,NA,SC,6.76,6.84,1,,xLS010,diam_1mm_p,,0.031,xLSGS2,not previously published ,
ds_05,x9014,142025.1,6/27/1990,NA,SC,6.84,6.92,1,,xLS010,diam_1mm_p,,0.05,xLSGS2,not previously published ,
ds_05,x9014,142025.11,6/27/1990,NA,SC,6.93,6.98,1,,xLS010,diam_1mm_p,,0.183,xLSGS2,not previously published ,
ds_05,x9014,142530.01,6/27/1990,NA,SC,7.62,7.69,1,,xLS010,diam_1mm_p,,2.062,xLSGS2,not previously published ,
ds_05,x9014,142530.02,6/27/1990,NA,SC,7.7,7.78,1,,xLS010,diam_1mm_p,,0.613,xLSGS2,not previously published ,
ds_05,x9014,142530.03,6/27/1990,NA,SC,7.78,7.85,1,,xLS010,diam_1mm_p,,1.029,xLSGS2,not previously published ,
ds_05,x9014,142530.04,6/27/1990,NA,SC,7.86,7.93,1,,xLS010,diam_1mm_p,,6.006,xLSGS2,not previously published ,
ds_05,x9014,142530.05,6/27/1990,NA,SC,7.94,8.01,1,,xLS010,diam_1mm_p,,1.149,xLSGS2,not previously published ,
ds_05,x9014,142530.06,6/27/1990,NA,SC,8.02,8.07,1,,xLS010,diam_1mm_p,,0.317,xLSGS2,not previously published ,
ds_05,x9014,142530.07,6/27/1990,NA,SC,8.09,8.16,1,,xLS010,diam_1mm_p,,0.607,xLSGS2,not previously published ,
ds_05,x9014,142530.08,6/27/1990,NA,SC,8.17,8.24,1,,xLS010,diam_1mm_p,,0.082,xLSGS2,not previously published ,
ds_05,x9014,142530.09,6/27/1990,NA,SC,8.25,8.32,1,,xLS010,diam_1mm_p,,0.405,xLSGS2,not previously published ,
ds_05,x9014,142530.1,6/27/1990,NA,SC,8.33,8.4,1,,xLS010,diam_1mm_p,,1.166,xLSGS2,not previously published ,
ds_05,x9014,142530.11,6/27/1990,NA,SC,8.41,8.48,1,,xLS010,diam_1mm_p,,2.878,xLSGS2,not previously published ,
ds_05,x9014,142530.12,6/27/1990,NA,SC,8.48,8.56,1,,xLS010,diam_1mm_p,,0.998,xLSGS2,not previously published ,
ds_05,x9014,142530.13,6/27/1990,NA,SC,8.56,8.64,1,,xLS010,diam_1mm_p,,0.352,xLSGS2,not previously published ,
ds_05,x9014,142530.14,6/27/1990,NA,SC,8.64,8.72,1,,xLS010,diam_1mm_p,,4.644,xLSGS2,not previously published ,
ds_05,x9014,142530.15,6/27/1990,NA,SC,8.73,8.78,1,,xLS010,diam_1mm_p,,9.944,xLSGS2,not previously published ,
ds_05,x9014,143035.01,6/27/1990,NA,SC,9.14,9.22,1,,xLS010,diam_1mm_p,,37.396,xLSGS2,not previously published ,
ds_05,x9014,143035.02,6/27/1990,NA,SC,9.22,9.3,1,,xLS010,diam_1mm_p,,65.433,xLSGS2,not previously published ,
ds_05,x9014,143035.03,6/27/1990,NA,SC,9.3,9.38,1,,xLS010,diam_1mm_p,,41.525,xLSGS2,not previously published ,
ds_05,x9014,143035.04,6/27/1990,NA,SC,9.38,9.46,1,,xLS010,diam_1mm_p,,64.517,xLSGS2,not previously published ,
ds_05,x9014,143035.05,6/27/1990,NA,SC,9.46,9.54,1,,xLS010,diam_1mm_p,,40.034,xLSGS2,not previously published ,
ds_05,x9014,143035.06,6/27/1990,NA,SC,9.54,9.61,1,,xLS010,diam_1mm_p,,44.389,xLSGS2,not previously published ,
ds_05,x9014,143035.07,6/27/1990,NA,SC,9.62,9.69,1,,xLS010,diam_1mm_p,,34.125,xLSGS2,not previously published ,
ds_05,x9014,143035.08,6/27/1990,NA,SC,9.7,9.77,1,,xLS010,diam_1mm_p,,45.231,xLSGS2,not previously published ,
ds_05,x9014,143035.09,6/27/1990,NA,SC,9.77,9.85,1,,xLS010,diam_1mm_p,,27.196,xLSGS2,not previously published ,
ds_05,x9014,143035.1,6/27/1990,NA,SC,9.85,9.92,1,,xLS010,diam_1mm_p,,18.138,xLSGS2,not previously published ,
ds_05,x9014,143035.11,6/27/1990,NA,SC,9.93,10.01,1,,xLS010,diam_1mm_p,,21.584,xLSGS2,not previously published ,
ds_05,x9014,143035.12,6/27/1990,NA,SC,10.02,10.1,1,,xLS010,diam_1mm_p,,14.292,xLSGS2,not previously published ,
ds_05,x9014,143035.13,6/27/1990,NA,SC,10.1,10.19,1,,xLS010,diam_1mm_p,,18.957,xLSGS2,not previously published ,
ds_05,x9014,143035.14,6/27/1990,NA,SC,10.19,10.27,1,,xLS010,diam_1mm_p,,7.485,xLSGS2,not previously published ,
ds_05,x9014,142025.01,6/27/1990,NA,SC,6.1,6.18,1,,xLS010,diam_1mm_p,,0.839,xLSGS2,not previously published ,
ds_05,x9014,142025.02,6/27/1990,NA,SC,6.18,6.26,1,,xLS010,diam_1mm_p,,0.019,xLSGS2,not previously published ,
ds_05,x9014,142025.03,6/27/1990,NA,SC,6.26,6.34,1,,xLS010,diam_1mm_p,,0.018,xLSGS2,not previously published ,
ds_05,x9014,142025.04,6/27/1990,NA,SC,6.34,6.42,1,,xLS010,diam_1mm_p,,0.004,xLSGS2,not previously published ,
ds_05,x9014,142025.05,6/27/1990,NA,SC,6.43,6.5,1,,xLS010,diam_1mm_p,,0.013,xLSGS2,not previously published ,
ds_05,x9014,142025.06,6/27/1990,NA,SC,6.51,6.59,1,,xLS010,diam_1mm_p,,7.594,xLSGS2,not previously published ,
ds_05,x9014,143035.15,6/27/1990,NA,SC,10.27,10.35,1,,xLS010,diam_1mm_p,,0.279,xLSGS2,not previously published ,
ds_05,x9014,143035.16,6/27/1990,NA,SC,10.35,10.44,1,,xLS010,diam_1mm_p,,10.976,xLSGS2,not previously published ,
ds_05,x9014,143035.17,6/27/1990,NA,SC,10.44,10.52,1,,xLS010,diam_1mm_p,,6.602,xLSGS2,not previously published ,
ds_05,x9015,150105.04,6/27/1990,NA,SC,0.56,0.63,1,,xLS010,diam_1mm_p,,3.097,xLSGS2,not previously published ,
ds_05,x9015,150105.05,6/27/1990,NA,SC,0.65,0.73,1,,xLS010,diam_1mm_p,,2.678,xLSGS2,not previously published ,
ds_05,x9015,150105.06,6/27/1990,NA,SC,0.74,0.82,1,,xLS010,diam_1mm_p,,2.834,xLSGS2,not previously published ,
ds_05,x9015,150105.07,6/27/1990,NA,SC,0.82,0.9,1,,xLS010,diam_1mm_p,,2.713,xLSGS2,not previously published ,
ds_05,x9015,150105.08,6/27/1990,NA,SC,0.9,0.98,1,,xLS010,diam_1mm_p,,2.384,xLSGS2,not previously published ,
ds_05,x9015,150105.09,6/27/1990,NA,SC,0.98,1.06,1,,xLS010,diam_1mm_p,,2.107,xLSGS2,not previously published ,
ds_05,x9015,150105.1,6/27/1990,NA,SC,1.06,1.14,1,,xLS010,diam_1mm_p,,2.795,xLSGS2,not previously published ,
ds_05,x9015,150105.11,6/27/1990,NA,SC,1.14,1.21,1,,xLS010,diam_1mm_p,,5.576,xLSGS2,not previously published ,
ds_05,x9015,150510.01,6/27/1990,NA,SC,1.52,1.6,1,,xLS010,diam_1mm_p,,14.757,xLSGS2,not previously published ,
ds_05,x9015,150510.02,6/27/1990,NA,SC,1.61,1.68,1,,xLS010,diam_1mm_p,,31.302,xLSGS2,not previously published ,
ds_05,x9015,150510.03,6/27/1990,NA,SC,1.69,1.76,1,,xLS010,diam_1mm_p,,17.873,xLSGS2,not previously published ,
ds_05,x9015,150510.04,6/27/1990,NA,SC,1.77,1.85,1,,xLS010,diam_1mm_p,,15.22,xLSGS2,not previously published ,
ds_05,x9015,150510.05,6/27/1990,NA,SC,1.85,1.93,1,,xLS010,diam_1mm_p,,13.592,xLSGS2,not previously published ,
ds_05,x9015,150510.06,6/27/1990,NA,SC,1.93,2.01,1,,xLS010,diam_1mm_p,,31.548,xLSGS2,not previously published ,
ds_05,x9015,150510.07,6/27/1990,NA,SC,2.01,2.09,1,,xLS010,diam_1mm_p,,41.42,xLSGS2,not previously published ,
ds_05,x9015,150510.08,6/27/1990,NA,SC,2.1,2.17,1,,xLS010,diam_1mm_p,,42.199,xLSGS2,not previously published ,
ds_05,x9015,150510.09,6/27/1990,NA,SC,2.18,2.23,1,,xLS010,diam_1mm_p,,26.448,xLSGS2,not previously published ,
ds_05,x9015,150510.1,6/27/1990,NA,SC,2.24,2.32,1,,xLS010,diam_1mm_p,,43.921,xLSGS2,not previously published ,
ds_05,x9015,150510.11,6/27/1990,NA,SC,2.33,2.44,1,,xLS010,diam_1mm_p,,30.794,xLSGS2,not previously published ,
ds_05,x9015,151015.01,6/27/1990,NA,SC,3.05,3.12,1,,xLS010,diam_1mm_p,,2.076,xLSGS2,not previously published ,
ds_05,x9015,151015.02,6/27/1990,NA,SC,3.13,3.21,1,,xLS010,diam_1mm_p,,12.217,xLSGS2,not previously published ,
ds_05,x9015,151015.03,6/27/1990,NA,SC,3.21,3.28,1,,xLS010,diam_1mm_p,,18.398,xLSGS2,not previously published ,
ds_05,x9015,151015.04,6/27/1990,NA,SC,3.29,3.37,1,,xLS010,diam_1mm_p,,17.102,xLSGS2,not previously published ,
ds_05,x9015,151015.05,6/27/1990,NA,SC,3.37,3.45,1,,xLS010,diam_1mm_p,,41.902,xLSGS2,not previously published ,
ds_05,x9015,151015.06,6/27/1990,NA,SC,3.45,3.53,1,,xLS010,diam_1mm_p,,37.315,xLSGS2,not previously published ,
ds_05,x9015,151015.07,6/27/1990,NA,SC,3.54,3.61,1,,xLS010,diam_1mm_p,,18.727,xLSGS2,not previously published ,
ds_05,x9015,151015.08,6/27/1990,NA,SC,3.62,3.69,1,,xLS010,diam_1mm_p,,1.696,xLSGS2,not previously published ,
ds_05,x9015,151015.09,6/27/1990,NA,SC,3.7,3.77,1,,xLS010,diam_1mm_p,,13.244,xLSGS2,not previously published ,
ds_05,x9015,151015.1,6/27/1990,NA,SC,3.78,3.85,1,,xLS010,diam_1mm_p,,26.331,xLSGS2,not previously published ,
ds_05,x9015,151015.11,6/27/1990,NA,SC,3.85,3.93,1,,xLS010,diam_1mm_p,,5.611,xLSGS2,not previously published ,
ds_05,x9015,151015.12,6/27/1990,NA,SC,3.94,4.01,1,,xLS010,diam_1mm_p,,3.61,xLSGS2,not previously published ,
ds_05,x9015,151015.13,6/27/1990,NA,SC,4.03,4.11,1,,xLS010,diam_1mm_p,,12.315,xLSGS2,not previously published ,
ds_05,x9015,151015.14,6/27/1990,NA,SC,4.11,4.15,1,,xLS010,diam_1mm_p,,30.442,xLSGS2,not previously published ,
ds_05,x9015,151520.01,6/27/1990,NA,SC,4.57,4.65,1,,xLS010,diam_1mm_p,,1.08,xLSGS2,not previously published ,
ds_05,x9015,150105.01,6/27/1990,NA,SC,0.3,0.38,1,,xLS010,diam_1mm_p,,8.357,xLSGS2,not previously published ,
ds_05,x9015,150105.02,6/27/1990,NA,SC,0.38,0.47,1,,xLS010,diam_1mm_p,,3.321,xLSGS2,not previously published ,
ds_05,x9015,150105.03,6/27/1990,NA,SC,0.47,0.55,1,,xLS010,diam_1mm_p,,2.884,xLSGS2,not previously published ,
ds_05,x9015,151520.13,6/27/1990,NA,SC,5.53,5.6,1,,xLS010,diam_1mm_p,,0.608,xLSGS2,not previously published ,
ds_05,x9015,151520.14,6/27/1990,NA,SC,5.61,5.68,1,,xLS010,diam_1mm_p,,0.219,xLSGS2,not previously published ,
ds_05,x9015,151520.15,6/27/1990,NA,SC,5.68,5.76,1,,xLS010,diam_1mm_p,,0.844,xLSGS2,not previously published ,
ds_05,x9015,151520.16,6/27/1990,NA,SC,5.76,5.86,1,,xLS010,diam_1mm_p,,0.252,xLSGS2,not previously published ,
ds_05,x9015,152025.01,6/27/1990,NA,SC,6.1,6.17,1,,xLS010,diam_1mm_p,,9.966,xLSGS2,not previously published ,
ds_05,x9015,152025.02,6/27/1990,NA,SC,6.18,6.25,1,,xLS010,diam_1mm_p,,0.918,xLSGS2,not previously published ,
ds_05,x9015,152025.03,6/27/1990,NA,SC,6.26,6.33,1,,xLS010,diam_1mm_p,,4.583,xLSGS2,not previously published ,
ds_05,x9015,152025.04,6/27/1990,NA,SC,6.34,6.42,1,,xLS010,diam_1mm_p,,1.301,xLSGS2,not previously published ,
ds_05,x9015,152025.05,6/27/1990,NA,SC,6.42,6.49,1,,xLS010,diam_1mm_p,,3.032,xLSGS2,not previously published ,
ds_05,x9015,152025.06,6/27/1990,NA,SC,6.51,6.59,1,,xLS010,diam_1mm_p,,3.858,xLSGS2,not previously published ,
ds_05,x9015,152025.07,6/27/1990,NA,SC,6.59,6.67,1,,xLS010,diam_1mm_p,,8.818,xLSGS2,not previously published ,
ds_05,x9015,152025.08,6/27/1990,NA,SC,6.67,6.75,1,,xLS010,diam_1mm_p,,7.981,xLSGS2,not previously published ,
ds_05,x9015,152025.09,6/27/1990,NA,SC,6.75,6.83,1,,xLS010,diam_1mm_p,,1.456,xLSGS2,not previously published ,
ds_05,x9015,152025.1,6/27/1990,NA,SC,6.83,6.91,1,,xLS010,diam_1mm_p,,0.645,xLSGS2,not previously published ,
ds_05,x9015,152025.11,6/27/1990,NA,SC,6.91,6.99,1,,xLS010,diam_1mm_p,,0.033,xLSGS2,not previously published ,
ds_05,x9015,152025.12,6/27/1990,NA,SC,7,7.07,1,,xLS010,diam_1mm_p,,0.017,xLSGS2,not previously published ,
ds_05,x9015,152025.13,6/27/1990,NA,SC,7.09,7.17,1,,xLS010,diam_1mm_p,,0.009,xLSGS2,not previously published ,
ds_05,x9015,152530.01,6/27/1990,NA,SC,7.62,7.7,1,,xLS010,diam_1mm_p,,10.464,xLSGS2,not previously published ,
ds_05,x9015,152530.02,6/27/1990,NA,SC,7.7,7.78,1,,xLS010,diam_1mm_p,,10.644,xLSGS2,not previously published ,
ds_05,x9015,152530.03,6/27/1990,NA,SC,7.78,7.85,1,,xLS010,diam_1mm_p,,1.136,xLSGS2,not previously published ,
ds_05,x9015,152530.04,6/27/1990,NA,SC,7.86,7.93,1,,xLS010,diam_1mm_p,,0.014,xLSGS2,not previously published ,
ds_05,x9015,152530.05,6/27/1990,NA,SC,7.94,8.01,1,,xLS010,diam_1mm_p,,0.037,xLSGS2,not previously published ,
ds_05,x9015,152530.06,6/27/1990,NA,SC,8.01,8.09,1,,xLS010,diam_1mm_p,,0.045,xLSGS2,not previously published ,
ds_05,x9015,152530.07,6/27/1990,NA,SC,8.09,8.17,1,,xLS010,diam_1mm_p,,0.004,xLSGS2,not previously published ,
ds_05,x9015,151520.02,6/27/1990,NA,SC,4.66,4.73,1,,xLS010,diam_1mm_p,,0.081,xLSGS2,not previously published ,
ds_05,x9015,151520.03,6/27/1990,NA,SC,4.73,4.81,1,,xLS010,diam_1mm_p,,0.081,xLSGS2,not previously published ,
ds_05,x9015,151520.04,6/27/1990,NA,SC,4.81,4.89,1,,xLS010,diam_1mm_p,,0.022,xLSGS2,not previously published ,
ds_05,x9015,151520.05,6/27/1990,NA,SC,4.89,4.97,1,,xLS010,diam_1mm_p,,0.425,xLSGS2,not previously published ,
ds_05,x9015,151520.06,6/27/1990,NA,SC,4.97,5.05,1,,xLS010,diam_1mm_p,,0.78,xLSGS2,not previously published ,
ds_05,x9015,151520.07,6/27/1990,NA,SC,5.05,5.12,1,,xLS010,diam_1mm_p,,0.371,xLSGS2,not previously published ,
ds_05,x9015,151520.08,6/27/1990,NA,SC,5.13,5.2,1,,xLS010,diam_1mm_p,,0.425,xLSGS2,not previously published ,
ds_05,x9015,151520.09,6/27/1990,NA,SC,5.21,5.28,1,,xLS010,diam_1mm_p,,0.256,xLSGS2,not previously published ,
ds_05,x9015,151520.1,6/27/1990,NA,SC,5.28,5.36,1,,xLS010,diam_1mm_p,,0.273,xLSGS2,not previously published ,
ds_05,x9015,151520.11,6/27/1990,NA,SC,5.36,5.44,1,,xLS010,diam_1mm_p,,0.211,xLSGS2,not previously published ,
ds_05,x9015,151520.12,6/27/1990,NA,SC,5.44,5.52,1,,xLS010,diam_1mm_p,,0.455,xLSGS2,not previously published ,
ds_05,x9016,160510.01,6/28/1990,NA,SC,1.52,1.6,1,,xLS010,diam_1mm_p,,21.753,xLSGS2,not previously published ,
ds_05,x9016,160510.02,6/28/1990,NA,SC,1.6,1.68,1,,xLS010,diam_1mm_p,,24.285,xLSGS2,not previously published ,
ds_05,x9016,160510.03,6/28/1990,NA,SC,1.69,1.76,1,,xLS010,diam_1mm_p,,22.687,xLSGS2,not previously published ,
ds_05,x9016,160510.04,6/28/1990,NA,SC,1.77,1.84,1,,xLS010,diam_1mm_p,,21.993,xLSGS2,not previously published ,
ds_05,x9016,160510.05,6/28/1990,NA,SC,1.85,1.92,1,,xLS010,diam_1mm_p,,22.324,xLSGS2,not previously published ,
ds_05,x9016,160510.12,6/28/1990,NA,SC,2.4,2.47,1,,xLS010,diam_1mm_p,,25.598,xLSGS2,not previously published ,
ds_05,x9016,160510.13,6/28/1990,NA,SC,2.48,2.58,1,,xLS010,diam_1mm_p,,26.058,xLSGS2,not previously published ,
ds_05,x9016,161013.01,6/28/1990,NA,SC,3.05,3.12,1,,xLS010,diam_1mm_p,,22.08,xLSGS2,not previously published ,
ds_05,x9016,161013.02,6/28/1990,NA,SC,3.13,3.2,1,,xLS010,diam_1mm_p,,24.517,xLSGS2,not previously published ,
ds_05,x9016,161013.03,6/28/1990,NA,SC,3.21,3.28,1,,xLS010,diam_1mm_p,,22.824,xLSGS2,not previously published ,
ds_05,x9016,161013.04,6/28/1990,NA,SC,3.29,3.36,1,,xLS010,diam_1mm_p,,14.294,xLSGS2,not previously published ,
ds_05,x9016,161013.05,6/28/1990,NA,SC,3.36,3.43,1,,xLS010,diam_1mm_p,,21.339,xLSGS2,not previously published ,
ds_05,x9016,161013.06,6/28/1990,NA,SC,3.45,3.53,1,,xLS010,diam_1mm_p,,21.148,xLSGS2,not previously published ,
ds_05,x9016,161013.07,6/28/1990,NA,SC,3.53,3.56,1,,xLS010,diam_1mm_p,,23.795,xLSGS2,not previously published ,
ds_05,x9016,161013.08,6/28/1990,NA,SC,3.56,3.64,1,,xLS010,diam_1mm_p,,25.588,xLSGS2,not previously published ,
ds_05,x9016,161013.09,6/28/1990,NA,SC,3.64,3.72,1,,xLS010,diam_1mm_p,,0.084,xLSGS2,not previously published ,
ds_05,x9016,161013.1,6/28/1990,NA,SC,3.72,3.81,1,,xLS010,diam_1mm_p,,0.46,xLSGS2,not previously published ,
ds_05,x9016,161418.01,6/28/1990,NA,SC,4.27,4.35,1,,xLS010,diam_1mm_p,,0.087,xLSGS2,not previously published ,
ds_05,x9016,161418.02,6/28/1990,NA,SC,4.35,4.42,1,,xLS010,diam_1mm_p,,0.197,xLSGS2,not previously published ,
ds_05,x9016,161418.03,6/28/1990,NA,SC,4.43,4.51,1,,xLS010,diam_1mm_p,,0.018,xLSGS2,not previously published ,
ds_05,x9016,161418.04,6/28/1990,NA,SC,4.51,4.59,1,,xLS010,diam_1mm_p,,0.005,xLSGS2,not previously published ,
ds_05,x9016,161418.05,6/28/1990,NA,SC,4.59,4.67,1,,xLS010,diam_1mm_p,,0.009,xLSGS2,not previously published ,
ds_05,x9016,161418.06,6/28/1990,NA,SC,4.67,4.75,1,,xLS010,diam_1mm_p,,0.063,xLSGS2,not previously published ,
ds_05,x9016,161418.07,6/28/1990,NA,SC,4.75,4.82,1,,xLS010,diam_1mm_p,,0.328,xLSGS2,not previously published ,
ds_05,x9016,161418.08,6/28/1990,NA,SC,4.83,4.9,1,,xLS010,diam_1mm_p,,0.044,xLSGS2,not previously published ,
ds_05,x9016,161418.09,6/28/1990,NA,SC,4.9,4.98,1,,xLS010,diam_1mm_p,,0.014,xLSGS2,not previously published ,
ds_05,x9016,161418.1,6/28/1990,NA,SC,4.98,5.06,1,,xLS010,diam_1mm_p,,0.009,xLSGS2,not previously published ,
ds_05,x9016,161418.11,6/28/1990,NA,SC,5.06,5.14,1,,xLS010,diam_1mm_p,,3.097,xLSGS2,not previously published ,
ds_05,x9016,161418.12,6/28/1990,NA,SC,5.14,5.22,1,,xLS010,diam_1mm_p,,0.098,xLSGS2,not previously published ,
ds_05,x9016,161418.13,6/28/1990,NA,SC,5.22,5.3,1,,xLS010,diam_1mm_p,,0.73,xLSGS2,not previously published ,
ds_05,x9016,161418.14,6/28/1990,NA,SC,5.3,5.37,1,,xLS010,diam_1mm_p,,6.243,xLSGS2,not previously published ,
ds_05,x9016,161924.01,6/28/1990,NA,SC,5.79,5.9,1,,xLS010,diam_1mm_p,,0.395,xLSGS2,not previously published ,
ds_05,x9016,161924.02,6/28/1990,NA,SC,5.9,5.96,1,,xLS010,diam_1mm_p,,1.182,xLSGS2,not previously published ,
ds_05,x9016,161924.03,6/28/1990,NA,SC,5.96,6.04,1,,xLS010,diam_1mm_p,,1.618,xLSGS2,not previously published ,
ds_05,x9016,161924.04,6/28/1990,NA,SC,6.06,6.14,1,,xLS010,diam_1mm_p,,0.036,xLSGS2,not previously published ,
ds_05,x9016,161924.05,6/28/1990,NA,SC,6.14,6.22,1,,xLS010,diam_1mm_p,,0.65,xLSGS2,not previously published ,
ds_05,x9016,161924.06,6/28/1990,NA,SC,6.22,6.3,1,,xLS010,diam_1mm_p,,0.743,xLSGS2,not previously published ,
ds_05,x9016,161924.07,6/28/1990,NA,SC,6.3,6.38,1,,xLS010,diam_1mm_p,,0.653,xLSGS2,not previously published ,
ds_05,x9016,161924.08,6/28/1990,NA,SC,6.38,6.46,1,,xLS010,diam_1mm_p,,0.974,xLSGS2,not previously published ,
ds_05,x9016,160510.06,6/28/1990,NA,SC,1.92,2,1,,xLS010,diam_1mm_p,,25.496,xLSGS2,not previously published ,
ds_05,x9016,160510.07,6/28/1990,NA,SC,2,2.08,1,,xLS010,diam_1mm_p,,19.9,xLSGS2,not previously published ,
ds_05,x9016,160510.08,6/28/1990,NA,SC,2.08,2.15,1,,xLS010,diam_1mm_p,,23.205,xLSGS2,not previously published ,
ds_05,x9016,160510.09,6/28/1990,NA,SC,2.16,2.23,1,,xLS010,diam_1mm_p,,23.933,xLSGS2,not previously published ,
ds_05,x9016,160510.1,6/28/1990,NA,SC,2.24,2.31,1,,xLS010,diam_1mm_p,,26.499,xLSGS2,not previously published ,
ds_05,x9016,160510.11,6/28/1990,NA,SC,2.32,2.39,1,,xLS010,diam_1mm_p,,28.505,xLSGS2,not previously published ,
ds_05,x9016,161924.09,6/28/1990,NA,SC,6.48,6.56,1,,xLS010,diam_1mm_p,,2.865,xLSGS2,not previously published ,
ds_05,x9016,161924.1,6/28/1990,NA,SC,6.56,6.62,1,,xLS010,diam_1mm_p,,0.15,xLSGS2,not previously published ,
ds_05,x9016,161924.11,6/28/1990,NA,SC,6.62,6.65,1,,xLS010,diam_1mm_p,,0.042,xLSGS2,not previously published ,
ds_05,x9016,161924.12,6/28/1990,NA,SC,6.65,6.73,1,,xLS010,diam_1mm_p,,0.014,xLSGS2,not previously published ,
ds_05,x9016,161924.13,6/28/1990,NA,SC,6.75,6.83,1,,xLS010,diam_1mm_p,,0.004,xLSGS2,not previously published ,
ds_05,x9016,161924.14,6/28/1990,NA,SC,6.83,6.91,1,,xLS010,diam_1mm_p,,0.026,xLSGS2,not previously published ,
ds_05,x9016,161924.15,6/28/1990,NA,SC,6.91,6.99,1,,xLS010,diam_1mm_p,,0.013,xLSGS2,not previously published ,
ds_05,x9016,161924.16,6/28/1990,NA,SC,6.99,7.07,1,,xLS010,diam_1mm_p,,0.265,xLSGS2,not previously published ,
ds_05,x9016,161924.17,6/28/1990,NA,SC,7.07,7.15,1,,xLS010,diam_1mm_p,,0.022,xLSGS2,not previously published ,
ds_05,x9016,161924.18,6/28/1990,NA,SC,7.15,7.24,1,,xLS010,diam_1mm_p,,0.026,xLSGS2,not previously published ,
ds_05,x9017,171419.13,6/29/1990,NA,SC,5.27,5.34,1,,xLS010,diam_1mm_p,,12.047,xLSGS2,not previously published ,
ds_05,x9017,171419.14,6/29/1990,NA,SC,5.35,5.42,1,,xLS010,diam_1mm_p,,3.122,xLSGS2,not previously published ,
ds_05,x9017,171419.15,6/29/1990,NA,SC,5.43,5.49,1,,xLS010,diam_1mm_p,,18.777,xLSGS2,not previously published ,
ds_05,x9017,171419.16,6/29/1990,NA,SC,5.49,5.55,1,,xLS010,diam_1mm_p,,8.41,xLSGS2,not previously published ,
ds_05,x9017,170914.01,6/29/1990,NA,SC,2.74,2.82,1,,xLS010,diam_1mm_p,,0.033,xLSGS2,not previously published ,
ds_05,x9017,170914.02,6/29/1990,NA,SC,2.82,2.9,1,,xLS010,diam_1mm_p,,0.105,xLSGS2,not previously published ,
ds_05,x9017,170914.03,6/29/1990,NA,SC,2.91,2.98,1,,xLS010,diam_1mm_p,,0.63,xLSGS2,not previously published ,
ds_05,x9017,170914.04,6/29/1990,NA,SC,2.99,3.06,1,,xLS010,diam_1mm_p,,2.206,xLSGS2,not previously published ,
ds_05,x9017,170914.05,6/29/1990,NA,SC,3.06,3.14,1,,xLS010,diam_1mm_p,,0.087,xLSGS2,not previously published ,
ds_05,x9017,170914.06,6/29/1990,NA,SC,3.14,3.21,1,,xLS010,diam_1mm_p,,0.005,xLSGS2,not previously published ,
ds_05,x9017,170914.07,6/29/1990,NA,SC,3.22,3.29,1,,xLS010,diam_1mm_p,,0.009,xLSGS2,not previously published ,
ds_05,x9017,170914.08,6/29/1990,NA,SC,3.3,3.37,1,,xLS010,diam_1mm_p,,0.004,xLSGS2,not previously published ,
ds_05,x9017,170914.09,6/29/1990,NA,SC,3.37,3.45,1,,xLS010,diam_1mm_p,,0.005,xLSGS2,not previously published ,
ds_05,x9017,170914.1,6/29/1990,NA,SC,3.45,3.53,1,,xLS010,diam_1mm_p,,0.007,xLSGS2,not previously published ,
ds_05,x9017,170914.11,6/29/1990,NA,SC,3.53,3.6,1,,xLS010,diam_1mm_p,,0.923,xLSGS2,not previously published ,
ds_05,x9017,170914.12,6/29/1990,NA,SC,3.61,3.69,1,,xLS010,diam_1mm_p,,0.323,xLSGS2,not previously published ,
ds_05,x9017,170914.13,6/29/1990,NA,SC,3.69,3.76,1,,xLS010,diam_1mm_p,,0.129,xLSGS2,not previously published ,
ds_05,x9017,170914.14,6/29/1990,NA,SC,3.77,3.84,1,,xLS010,diam_1mm_p,,0.614,xLSGS2,not previously published ,
ds_05,x9017,171419.01,6/29/1990,NA,SC,4.27,4.34,1,,xLS010,diam_1mm_p,,2.997,xLSGS2,not previously published ,
ds_05,x9017,171419.02,6/29/1990,NA,SC,4.35,4.42,1,,xLS010,diam_1mm_p,,5.794,xLSGS2,not previously published ,
ds_05,x9017,171419.03,6/29/1990,NA,SC,4.43,4.51,1,,xLS010,diam_1mm_p,,1.878,xLSGS2,not previously published ,
ds_05,x9017,171419.04,6/29/1990,NA,SC,4.51,4.59,1,,xLS010,diam_1mm_p,,0.124,xLSGS2,not previously published ,
ds_05,x9017,171419.05,6/29/1990,NA,SC,4.59,4.67,1,,xLS010,diam_1mm_p,,0.435,xLSGS2,not previously published ,
ds_05,x9017,171419.06,6/29/1990,NA,SC,4.67,4.75,1,,xLS010,diam_1mm_p,,3.27,xLSGS2,not previously published ,
ds_05,x9017,171419.07,6/29/1990,NA,SC,4.76,4.83,1,,xLS010,diam_1mm_p,,0.479,xLSGS2,not previously published ,
ds_05,x9017,171419.08,6/29/1990,NA,SC,4.84,4.92,1,,xLS010,diam_1mm_p,,3.319,xLSGS2,not previously published ,
ds_05,x9017,171419.09,6/29/1990,NA,SC,4.92,5,1,,xLS010,diam_1mm_p,,1.145,xLSGS2,not previously published ,
ds_05,x9017,171419.1,6/29/1990,NA,SC,5.01,5.09,1,,xLS010,diam_1mm_p,,4.434,xLSGS2,not previously published ,
ds_05,x9017,171419.11,6/29/1990,NA,SC,5.09,5.18,1,,xLS010,diam_1mm_p,,4.777,xLSGS2,not previously published ,
ds_05,x9017,171419.12,6/29/1990,NA,SC,5.18,5.26,1,,xLS010,diam_1mm_p,,5.487,xLSGS2,not previously published ,
ds_05,x9017,171924.01,6/29/1990,NA,SC,5.79,5.87,1,,xLS010,diam_1mm_p,,0.137,xLSGS2,not previously published ,
ds_05,x9017,171924.02,6/29/1990,NA,SC,5.87,5.95,1,,xLS010,diam_1mm_p,,0.286,xLSGS2,not previously published ,
ds_05,x9017,171924.03,6/29/1990,NA,SC,5.95,6.03,1,,xLS010,diam_1mm_p,,0.027,xLSGS2,not previously published ,
ds_05,x9017,171924.04,6/29/1990,NA,SC,6.03,6.11,1,,xLS010,diam_1mm_p,,0.008,xLSGS2,not previously published ,
ds_05,x9017,171924.05,6/29/1990,NA,SC,6.11,6.19,1,,xLS010,diam_1mm_p,,0.009,xLSGS2,not previously published ,
ds_05,x9017,171924.06,6/29/1990,NA,SC,6.19,6.27,1,,xLS010,diam_1mm_p,,0.009,xLSGS2,not previously published ,
ds_05,x9017,171924.07,6/29/1990,NA,SC,6.27,6.35,1,,xLS010,diam_1mm_p,,0.009,xLSGS2,not previously published ,
ds_05,x9017,171924.08,6/29/1990,NA,SC,6.36,6.43,1,,xLS010,diam_1mm_p,,0.009,xLSGS2,not previously published ,
ds_05,x9017,171924.09,6/29/1990,NA,SC,6.44,6.52,1,,xLS010,diam_1mm_p,,0.828,xLSGS2,not previously published ,
ds_05,x9017,171924.1,6/29/1990,NA,SC,6.52,6.59,1,,xLS010,diam_1mm_p,,0.01,xLSGS2,not previously published ,
ds_05,x9017,171924.11,6/29/1990,NA,SC,6.6,6.67,1,,xLS010,diam_1mm_p,,0.004,xLSGS2,not previously published ,
ds_05,x9017,171924.12,6/29/1990,NA,SC,6.68,6.76,1,,xLS010,diam_1mm_p,,0.082,xLSGS2,not previously published ,
ds_05,x9017,171924.13,6/29/1990,NA,SC,6.76,6.84,1,,xLS010,diam_1mm_p,,0.091,xLSGS2,not previously published ,
ds_05,x9017,171924.14,6/29/1990,NA,SC,6.84,6.9,1,,xLS010,diam_1mm_p,,0.017,xLSGS2,not previously published ,
ds_05,x9018,181419.03,6/29/1990,NA,SC,4.43,4.51,1,,xLS010,diam_1mm_p,,0.532,xLSGS2,not previously published ,
ds_05,x9018,181419.04,6/29/1990,NA,SC,4.51,4.58,1,,xLS010,diam_1mm_p,,0.307,xLSGS2,not previously published ,
ds_05,x9018,181419.05,6/29/1990,NA,SC,4.59,4.66,1,,xLS010,diam_1mm_p,,0.161,xLSGS2,not previously published ,
ds_05,x9018,181419.06,6/29/1990,NA,SC,4.67,4.74,1,,xLS010,diam_1mm_p,,1.305,xLSGS2,not previously published ,
ds_05,x9018,181419.07,6/29/1990,NA,SC,4.75,4.82,1,,xLS010,diam_1mm_p,,0.096,xLSGS2,not previously published ,
ds_05,x9018,181419.08,6/29/1990,NA,SC,4.82,4.9,1,,xLS010,diam_1mm_p,,0.075,xLSGS2,not previously published ,
ds_05,x9018,181419.09,6/29/1990,NA,SC,4.9,4.97,1,,xLS010,diam_1mm_p,,0.531,xLSGS2,not previously published ,
ds_05,x9018,181419.1,6/29/1990,NA,SC,4.98,5.06,1,,xLS010,diam_1mm_p,,0.521,xLSGS2,not previously published ,
ds_05,x9018,180914.01,6/29/1990,NA,SC,2.74,2.82,1,,xLS010,diam_1mm_p,,75.769,xLSGS2,not previously published ,
ds_05,x9018,180914.02,6/29/1990,NA,SC,2.83,2.9,1,,xLS010,diam_1mm_p,,78.099,xLSGS2,not previously published ,
ds_05,x9018,180914.03,6/29/1990,NA,SC,2.9,2.98,1,,xLS010,diam_1mm_p,,26.549,xLSGS2,not previously published ,
ds_05,x9018,180914.04,6/29/1990,NA,SC,2.98,3.06,1,,xLS010,diam_1mm_p,,4.973,xLSGS2,not previously published ,
ds_05,x9018,180914.05,6/29/1990,NA,SC,3.06,3.13,1,,xLS010,diam_1mm_p,,0.1,xLSGS2,not previously published ,
ds_05,x9018,180914.06,6/29/1990,NA,SC,3.14,3.21,1,,xLS010,diam_1mm_p,,0.134,xLSGS2,not previously published ,
ds_05,x9018,180914.07,6/29/1990,NA,SC,3.21,3.29,1,,xLS010,diam_1mm_p,,0.962,xLSGS2,not previously published ,
ds_05,x9018,180914.08,6/29/1990,NA,SC,3.29,3.37,1,,xLS010,diam_1mm_p,,1.492,xLSGS2,not previously published ,
ds_05,x9018,180914.09,6/29/1990,NA,SC,3.37,3.45,1,,xLS010,diam_1mm_p,,0.537,xLSGS2,not previously published ,
ds_05,x9018,180914.1,6/29/1990,NA,SC,3.45,3.53,1,,xLS010,diam_1mm_p,,0.385,xLSGS2,not previously published ,
ds_05,x9018,180914.11,6/29/1990,NA,SC,3.53,3.61,1,,xLS010,diam_1mm_p,,0.26,xLSGS2,not previously published ,
ds_05,x9018,180914.12,6/29/1990,NA,SC,3.61,3.69,1,,xLS010,diam_1mm_p,,0.855,xLSGS2,not previously published ,
ds_05,x9018,180914.13,6/29/1990,NA,SC,3.69,3.77,1,,xLS010,diam_1mm_p,,0.464,xLSGS2,not previously published ,
ds_05,x9018,180914.14,6/29/1990,NA,SC,3.77,3.85,1,,xLS010,diam_1mm_p,,0.114,xLSGS2,not previously published ,
ds_05,x9018,180914.15,6/29/1990,NA,SC,3.85,3.93,1,,xLS010,diam_1mm_p,,3.58,xLSGS2,not previously published ,
ds_05,x9018,180914.16,6/29/1990,NA,SC,3.93,4.01,1,,xLS010,diam_1mm_p,,0.167,xLSGS2,not previously published ,
ds_05,x9018,181419.01,6/29/1990,NA,SC,4.27,4.34,1,,xLS010,diam_1mm_p,,2.68,xLSGS2,not previously published ,
ds_05,x9018,181419.02,6/29/1990,NA,SC,4.35,4.42,1,,xLS010,diam_1mm_p,,1.683,xLSGS2,not previously published ,
ds_05,x9018,181924.02,6/29/1990,NA,SC,5.87,5.95,1,,xLS010,diam_1mm_p,,1.193,xLSGS2,not previously published ,
ds_05,x9018,181924.03,6/29/1990,NA,SC,5.95,6.03,1,,xLS010,diam_1mm_p,,4.108,xLSGS2,not previously published ,
ds_05,x9018,181924.05,6/29/1990,NA,SC,6.12,6.2,1,,xLS010,diam_1mm_p,,5.269,xLSGS2,not previously published ,
ds_05,x9018,181419.14,6/29/1990,NA,SC,5.31,5.4,1,,xLS010,diam_1mm_p,,3.676,xLSGS2,not previously published ,
ds_05,x9018,181924.06,6/29/1990,NA,SC,6.2,6.26,1,,xLS010,diam_1mm_p,,6.52,xLSGS2,not previously published ,
ds_05,x9018,181924.07,6/29/1990,NA,SC,6.26,6.34,1,,xLS010,diam_1mm_p,,0.009,xLSGS2,not previously published ,
ds_05,x9018,181924.08,6/29/1990,NA,SC,6.35,6.4,1,,xLS010,diam_1mm_p,,0.019,xLSGS2,not previously published ,
ds_05,x9018,181924.04,6/29/1990,NA,SC,6.03,6.11,1,,xLS010,diam_1mm_p,,9.205,xLSGS2,not previously published ,
ds_05,x9018,181419.11,6/29/1990,NA,SC,5.06,5.14,1,,xLS010,diam_1mm_p,,1.946,xLSGS2,not previously published ,
ds_05,x9018,181419.12,6/29/1990,NA,SC,5.14,5.22,1,,xLS010,diam_1mm_p,,1.008,xLSGS2,not previously published ,
ds_05,x9018,181419.13,6/29/1990,NA,SC,5.23,5.3,1,,xLS010,diam_1mm_p,,0.375,xLSGS2,not previously published ,
ds_05,x9018,181924.01,6/29/1990,NA,SC,5.79,5.87,1,,xLS010,diam_1mm_p,,0.809,xLSGS2,not previously published ,
ds_05,x9013,132530.03,6/27/1990,NA,SC,7.77,7.85,0.71,1,xLS011,diam_0.71_1mm_p,,0.06,xLSGS2,not previously published ,
ds_05,x9013,132530.04,6/27/1990,NA,SC,7.85,7.93,0.71,1,xLS011,diam_0.71_1mm_p,,0.02,xLSGS2,not previously published ,
ds_05,x9013,132530.01,6/27/1990,NA,SC,7.62,7.69,0.71,1,xLS011,diam_0.71_1mm_p,,3.91,xLSGS2,not previously published ,
ds_05,x9013,132530.02,6/27/1990,NA,SC,7.69,7.77,0.71,1,xLS011,diam_0.71_1mm_p,,0.01,xLSGS2,not previously published ,
ds_05,x9013,133035.03,6/27/1990,NA,SC,9.31,9.38,0.71,1,xLS011,diam_0.71_1mm_p,,10.19,xLSGS2,not previously published ,
ds_05,x9013,133035.04,6/27/1990,NA,SC,9.39,9.46,0.71,1,xLS011,diam_0.71_1mm_p,,4.11,xLSGS2,not previously published ,
ds_05,x9013,132530.05,6/27/1990,NA,SC,7.94,8.01,0.71,1,xLS011,diam_0.71_1mm_p,,0.96,xLSGS2,not previously published ,
ds_05,x9013,132530.06,6/27/1990,NA,SC,8.02,8.09,0.71,1,xLS011,diam_0.71_1mm_p,,0.05,xLSGS2,not previously published ,
ds_05,x9013,132530.07,6/27/1990,NA,SC,8.1,8.17,0.71,1,xLS011,diam_0.71_1mm_p,,0.68,xLSGS2,not previously published ,
ds_05,x9013,132530.08,6/27/1990,NA,SC,8.18,8.25,0.71,1,xLS011,diam_0.71_1mm_p,,5.87,xLSGS2,not previously published ,
ds_05,x9013,132530.09,6/27/1990,NA,SC,8.26,8.33,0.71,1,xLS011,diam_0.71_1mm_p,,4.87,xLSGS2,not previously published ,
ds_05,x9013,132530.1,6/27/1990,NA,SC,8.34,8.42,0.71,1,xLS011,diam_0.71_1mm_p,,6.38,xLSGS2,not previously published ,
ds_05,x9013,132530.11,6/27/1990,NA,SC,8.42,8.5,0.71,1,xLS011,diam_0.71_1mm_p,,1.24,xLSGS2,not previously published ,
ds_05,x9013,132530.12,6/27/1990,NA,SC,8.5,8.54,0.71,1,xLS011,diam_0.71_1mm_p,,5.57,xLSGS2,not previously published ,
ds_05,x9013,132530.14,6/27/1990,NA,SC,8.58,8.66,0.71,1,xLS011,diam_0.71_1mm_p,,0.42,xLSGS2,not previously published ,
ds_05,x9013,133035.01,6/27/1990,NA,SC,9.14,9.22,0.71,1,xLS011,diam_0.71_1mm_p,,2.57,xLSGS2,not previously published ,
ds_05,x9013,133035.02,6/27/1990,NA,SC,9.22,9.3,0.71,1,xLS011,diam_0.71_1mm_p,,2.1,xLSGS2,not previously published ,
ds_05,x9014,142025.07,6/27/1990,NA,SC,6.59,6.67,0.71,1,xLS011,diam_0.71_1mm_p,,17.023,xLSGS2,not previously published ,
ds_05,x9014,142025.08,6/27/1990,NA,SC,6.67,6.76,0.71,1,xLS011,diam_0.71_1mm_p,,1.876,xLSGS2,not previously published ,
ds_05,x9014,142025.09,6/27/1990,NA,SC,6.76,6.84,0.71,1,xLS011,diam_0.71_1mm_p,,0.022,xLSGS2,not previously published ,
ds_05,x9014,142025.1,6/27/1990,NA,SC,6.84,6.92,0.71,1,xLS011,diam_0.71_1mm_p,,0.068,xLSGS2,not previously published ,
ds_05,x9014,142025.11,6/27/1990,NA,SC,6.93,6.98,0.71,1,xLS011,diam_0.71_1mm_p,,0.046,xLSGS2,not previously published ,
ds_05,x9014,142530.01,6/27/1990,NA,SC,7.62,7.69,0.71,1,xLS011,diam_0.71_1mm_p,,1.325,xLSGS2,not previously published ,
ds_05,x9014,142530.02,6/27/1990,NA,SC,7.7,7.78,0.71,1,xLS011,diam_0.71_1mm_p,,0.659,xLSGS2,not previously published ,
ds_05,x9014,142530.03,6/27/1990,NA,SC,7.78,7.85,0.71,1,xLS011,diam_0.71_1mm_p,,1.408,xLSGS2,not previously published ,
ds_05,x9014,142530.04,6/27/1990,NA,SC,7.86,7.93,0.71,1,xLS011,diam_0.71_1mm_p,,2.331,xLSGS2,not previously published ,
ds_05,x9014,142530.05,6/27/1990,NA,SC,7.94,8.01,0.71,1,xLS011,diam_0.71_1mm_p,,1.435,xLSGS2,not previously published ,
ds_05,x9014,142530.06,6/27/1990,NA,SC,8.02,8.07,0.71,1,xLS011,diam_0.71_1mm_p,,0.291,xLSGS2,not previously published ,
ds_05,x9014,142530.07,6/27/1990,NA,SC,8.09,8.16,0.71,1,xLS011,diam_0.71_1mm_p,,0.299,xLSGS2,not previously published ,
ds_05,x9014,142530.08,6/27/1990,NA,SC,8.17,8.24,0.71,1,xLS011,diam_0.71_1mm_p,,0.059,xLSGS2,not previously published ,
ds_05,x9014,142530.09,6/27/1990,NA,SC,8.25,8.32,0.71,1,xLS011,diam_0.71_1mm_p,,0.209,xLSGS2,not previously published ,
ds_05,x9014,142530.1,6/27/1990,NA,SC,8.33,8.4,0.71,1,xLS011,diam_0.71_1mm_p,,0.569,xLSGS2,not previously published ,
ds_05,x9014,142530.11,6/27/1990,NA,SC,8.41,8.48,0.71,1,xLS011,diam_0.71_1mm_p,,1.785,xLSGS2,not previously published ,
ds_05,x9014,142530.12,6/27/1990,NA,SC,8.48,8.56,0.71,1,xLS011,diam_0.71_1mm_p,,0.051,xLSGS2,not previously published ,
ds_05,x9014,142530.13,6/27/1990,NA,SC,8.56,8.64,0.71,1,xLS011,diam_0.71_1mm_p,,0.023,xLSGS2,not previously published ,
ds_05,x9014,142530.14,6/27/1990,NA,SC,8.64,8.72,0.71,1,xLS011,diam_0.71_1mm_p,,4.162,xLSGS2,not previously published ,
ds_05,x9014,142530.15,6/27/1990,NA,SC,8.73,8.78,0.71,1,xLS011,diam_0.71_1mm_p,,9.424,xLSGS2,not previously published ,
ds_05,x9014,143035.01,6/27/1990,NA,SC,9.14,9.22,0.71,1,xLS011,diam_0.71_1mm_p,,6.175,xLSGS2,not previously published ,
ds_05,x9014,143035.02,6/27/1990,NA,SC,9.22,9.3,0.71,1,xLS011,diam_0.71_1mm_p,,5.662,xLSGS2,not previously published ,
ds_05,x9014,143035.03,6/27/1990,NA,SC,9.3,9.38,0.71,1,xLS011,diam_0.71_1mm_p,,7.079,xLSGS2,not previously published ,
ds_05,x9014,143035.04,6/27/1990,NA,SC,9.38,9.46,0.71,1,xLS011,diam_0.71_1mm_p,,8.491,xLSGS2,not previously published ,
ds_05,x9014,143035.05,6/27/1990,NA,SC,9.46,9.54,0.71,1,xLS011,diam_0.71_1mm_p,,14.43,xLSGS2,not previously published ,
ds_05,x9014,143035.06,6/27/1990,NA,SC,9.54,9.61,0.71,1,xLS011,diam_0.71_1mm_p,,13.222,xLSGS2,not previously published ,
ds_05,x9014,143035.07,6/27/1990,NA,SC,9.62,9.69,0.71,1,xLS011,diam_0.71_1mm_p,,16.139,xLSGS2,not previously published ,
ds_05,x9014,143035.08,6/27/1990,NA,SC,9.7,9.77,0.71,1,xLS011,diam_0.71_1mm_p,,12.555,xLSGS2,not previously published ,
ds_05,x9014,143035.09,6/27/1990,NA,SC,9.77,9.85,0.71,1,xLS011,diam_0.71_1mm_p,,13.311,xLSGS2,not previously published ,
ds_05,x9014,143035.1,6/27/1990,NA,SC,9.85,9.92,0.71,1,xLS011,diam_0.71_1mm_p,,10.621,xLSGS2,not previously published ,
ds_05,x9014,143035.11,6/27/1990,NA,SC,9.93,10.01,0.71,1,xLS011,diam_0.71_1mm_p,,7.683,xLSGS2,not previously published ,
ds_05,x9014,143035.12,6/27/1990,NA,SC,10.02,10.1,0.71,1,xLS011,diam_0.71_1mm_p,,11.139,xLSGS2,not previously published ,
ds_05,x9014,143035.13,6/27/1990,NA,SC,10.1,10.19,0.71,1,xLS011,diam_0.71_1mm_p,,10.113,xLSGS2,not previously published ,
ds_05,x9014,143035.14,6/27/1990,NA,SC,10.19,10.27,0.71,1,xLS011,diam_0.71_1mm_p,,7.477,xLSGS2,not previously published ,
ds_05,x9014,142025.01,6/27/1990,NA,SC,6.1,6.18,0.71,1,xLS011,diam_0.71_1mm_p,,1.474,xLSGS2,not previously published ,
ds_05,x9014,142025.02,6/27/1990,NA,SC,6.18,6.26,0.71,1,xLS011,diam_0.71_1mm_p,,0.023,xLSGS2,not previously published ,
ds_05,x9014,142025.03,6/27/1990,NA,SC,6.26,6.34,0.71,1,xLS011,diam_0.71_1mm_p,,0.009,xLSGS2,not previously published ,
ds_05,x9014,142025.04,6/27/1990,NA,SC,6.34,6.42,0.71,1,xLS011,diam_0.71_1mm_p,,0.009,xLSGS2,not previously published ,
ds_05,x9014,142025.05,6/27/1990,NA,SC,6.43,6.5,0.71,1,xLS011,diam_0.71_1mm_p,,0.004,xLSGS2,not previously published ,
ds_05,x9014,142025.06,6/27/1990,NA,SC,6.51,6.59,0.71,1,xLS011,diam_0.71_1mm_p,,4.406,xLSGS2,not previously published ,
ds_05,x9014,143035.15,6/27/1990,NA,SC,10.27,10.35,0.71,1,xLS011,diam_0.71_1mm_p,,0.325,xLSGS2,not previously published ,
ds_05,x9014,143035.16,6/27/1990,NA,SC,10.35,10.44,0.71,1,xLS011,diam_0.71_1mm_p,,5.029,xLSGS2,not previously published ,
ds_05,x9014,143035.17,6/27/1990,NA,SC,10.44,10.52,0.71,1,xLS011,diam_0.71_1mm_p,,5.767,xLSGS2,not previously published ,
ds_05,x9015,150105.04,6/27/1990,NA,SC,0.56,0.63,0.71,1,xLS011,diam_0.71_1mm_p,,7.262,xLSGS2,not previously published ,
ds_05,x9015,150105.05,6/27/1990,NA,SC,0.65,0.73,0.71,1,xLS011,diam_0.71_1mm_p,,5.465,xLSGS2,not previously published ,
ds_05,x9015,150105.06,6/27/1990,NA,SC,0.74,0.82,0.71,1,xLS011,diam_0.71_1mm_p,,4.759,xLSGS2,not previously published ,
ds_05,x9015,150105.07,6/27/1990,NA,SC,0.82,0.9,0.71,1,xLS011,diam_0.71_1mm_p,,4.388,xLSGS2,not previously published ,
ds_05,x9015,150105.08,6/27/1990,NA,SC,0.9,0.98,0.71,1,xLS011,diam_0.71_1mm_p,,4.108,xLSGS2,not previously published ,
ds_05,x9015,150105.09,6/27/1990,NA,SC,0.98,1.06,0.71,1,xLS011,diam_0.71_1mm_p,,4.517,xLSGS2,not previously published ,
ds_05,x9015,150105.1,6/27/1990,NA,SC,1.06,1.14,0.71,1,xLS011,diam_0.71_1mm_p,,3.754,xLSGS2,not previously published ,
ds_05,x9015,150105.11,6/27/1990,NA,SC,1.14,1.21,0.71,1,xLS011,diam_0.71_1mm_p,,3.741,xLSGS2,not previously published ,
ds_05,x9015,150510.01,6/27/1990,NA,SC,1.52,1.6,0.71,1,xLS011,diam_0.71_1mm_p,,5.936,xLSGS2,not previously published ,
ds_05,x9015,150510.02,6/27/1990,NA,SC,1.61,1.68,0.71,1,xLS011,diam_0.71_1mm_p,,9.558,xLSGS2,not previously published ,
ds_05,x9015,150510.03,6/27/1990,NA,SC,1.69,1.76,0.71,1,xLS011,diam_0.71_1mm_p,,5.642,xLSGS2,not previously published ,
ds_05,x9015,150510.04,6/27/1990,NA,SC,1.77,1.85,0.71,1,xLS011,diam_0.71_1mm_p,,12.469,xLSGS2,not previously published ,
ds_05,x9015,150510.05,6/27/1990,NA,SC,1.85,1.93,0.71,1,xLS011,diam_0.71_1mm_p,,11.018,xLSGS2,not previously published ,
ds_05,x9015,150510.06,6/27/1990,NA,SC,1.93,2.01,0.71,1,xLS011,diam_0.71_1mm_p,,10.613,xLSGS2,not previously published ,
ds_05,x9015,150510.07,6/27/1990,NA,SC,2.01,2.09,0.71,1,xLS011,diam_0.71_1mm_p,,11.114,xLSGS2,not previously published ,
ds_05,x9015,150510.08,6/27/1990,NA,SC,2.1,2.17,0.71,1,xLS011,diam_0.71_1mm_p,,8.847,xLSGS2,not previously published ,
ds_05,x9015,150510.09,6/27/1990,NA,SC,2.18,2.23,0.71,1,xLS011,diam_0.71_1mm_p,,17.707,xLSGS2,not previously published ,
ds_05,x9015,150510.1,6/27/1990,NA,SC,2.24,2.32,0.71,1,xLS011,diam_0.71_1mm_p,,15.446,xLSGS2,not previously published ,
ds_05,x9015,150510.11,6/27/1990,NA,SC,2.33,2.44,0.71,1,xLS011,diam_0.71_1mm_p,,12.05,xLSGS2,not previously published ,
ds_05,x9015,151015.01,6/27/1990,NA,SC,3.05,3.12,0.71,1,xLS011,diam_0.71_1mm_p,,1.947,xLSGS2,not previously published ,
ds_05,x9015,151015.02,6/27/1990,NA,SC,3.13,3.21,0.71,1,xLS011,diam_0.71_1mm_p,,2.356,xLSGS2,not previously published ,
ds_05,x9015,151015.03,6/27/1990,NA,SC,3.21,3.28,0.71,1,xLS011,diam_0.71_1mm_p,,7.125,xLSGS2,not previously published ,
ds_05,x9015,151015.04,6/27/1990,NA,SC,3.29,3.37,0.71,1,xLS011,diam_0.71_1mm_p,,7.283,xLSGS2,not previously published ,
ds_05,x9015,151015.05,6/27/1990,NA,SC,3.37,3.45,0.71,1,xLS011,diam_0.71_1mm_p,,11.924,xLSGS2,not previously published ,
ds_05,x9015,151015.06,6/27/1990,NA,SC,3.45,3.53,0.71,1,xLS011,diam_0.71_1mm_p,,6.58,xLSGS2,not previously published ,
ds_05,x9015,151015.07,6/27/1990,NA,SC,3.54,3.61,0.71,1,xLS011,diam_0.71_1mm_p,,7.654,xLSGS2,not previously published ,
ds_05,x9015,151015.08,6/27/1990,NA,SC,3.62,3.69,0.71,1,xLS011,diam_0.71_1mm_p,,2.787,xLSGS2,not previously published ,
ds_05,x9015,151015.09,6/27/1990,NA,SC,3.7,3.77,0.71,1,xLS011,diam_0.71_1mm_p,,11.218,xLSGS2,not previously published ,
ds_05,x9015,151015.1,6/27/1990,NA,SC,3.78,3.85,0.71,1,xLS011,diam_0.71_1mm_p,,6.381,xLSGS2,not previously published ,
ds_05,x9015,151015.11,6/27/1990,NA,SC,3.85,3.93,0.71,1,xLS011,diam_0.71_1mm_p,,4.972,xLSGS2,not previously published ,
ds_05,x9015,151015.12,6/27/1990,NA,SC,3.94,4.01,0.71,1,xLS011,diam_0.71_1mm_p,,3.758,xLSGS2,not previously published ,
ds_05,x9015,151015.13,6/27/1990,NA,SC,4.03,4.11,0.71,1,xLS011,diam_0.71_1mm_p,,10.748,xLSGS2,not previously published ,
ds_05,x9015,151015.14,6/27/1990,NA,SC,4.11,4.15,0.71,1,xLS011,diam_0.71_1mm_p,,4.571,xLSGS2,not previously published ,
ds_05,x9015,151520.01,6/27/1990,NA,SC,4.57,4.65,0.71,1,xLS011,diam_0.71_1mm_p,,0.43,xLSGS2,not previously published ,
ds_05,x9015,150105.01,6/27/1990,NA,SC,0.3,0.38,0.71,1,xLS011,diam_0.71_1mm_p,,7.107,xLSGS2,not previously published ,
ds_05,x9015,150105.02,6/27/1990,NA,SC,0.38,0.47,0.71,1,xLS011,diam_0.71_1mm_p,,6.696,xLSGS2,not previously published ,
ds_05,x9015,150105.03,6/27/1990,NA,SC,0.47,0.55,0.71,1,xLS011,diam_0.71_1mm_p,,6.448,xLSGS2,not previously published ,
ds_05,x9015,151520.13,6/27/1990,NA,SC,5.53,5.6,0.71,1,xLS011,diam_0.71_1mm_p,,1.272,xLSGS2,not previously published ,
ds_05,x9015,151520.14,6/27/1990,NA,SC,5.61,5.68,0.71,1,xLS011,diam_0.71_1mm_p,,0.257,xLSGS2,not previously published ,
ds_05,x9015,151520.15,6/27/1990,NA,SC,5.68,5.76,0.71,1,xLS011,diam_0.71_1mm_p,,1.666,xLSGS2,not previously published ,
ds_05,x9015,151520.16,6/27/1990,NA,SC,5.76,5.86,0.71,1,xLS011,diam_0.71_1mm_p,,0.284,xLSGS2,not previously published ,
ds_05,x9015,152025.01,6/27/1990,NA,SC,6.1,6.17,0.71,1,xLS011,diam_0.71_1mm_p,,3.786,xLSGS2,not previously published ,
ds_05,x9015,152025.02,6/27/1990,NA,SC,6.18,6.25,0.71,1,xLS011,diam_0.71_1mm_p,,1.062,xLSGS2,not previously published ,
ds_05,x9015,152025.03,6/27/1990,NA,SC,6.26,6.33,0.71,1,xLS011,diam_0.71_1mm_p,,2.359,xLSGS2,not previously published ,
ds_05,x9015,152025.04,6/27/1990,NA,SC,6.34,6.42,0.71,1,xLS011,diam_0.71_1mm_p,,1.385,xLSGS2,not previously published ,
ds_05,x9015,152025.05,6/27/1990,NA,SC,6.42,6.49,0.71,1,xLS011,diam_0.71_1mm_p,,3.992,xLSGS2,not previously published ,
ds_05,x9015,152025.06,6/27/1990,NA,SC,6.51,6.59,0.71,1,xLS011,diam_0.71_1mm_p,,5.254,xLSGS2,not previously published ,
ds_05,x9015,152025.07,6/27/1990,NA,SC,6.59,6.67,0.71,1,xLS011,diam_0.71_1mm_p,,3.081,xLSGS2,not previously published ,
ds_05,x9015,152025.08,6/27/1990,NA,SC,6.67,6.75,0.71,1,xLS011,diam_0.71_1mm_p,,3.094,xLSGS2,not previously published ,
ds_05,x9015,152025.09,6/27/1990,NA,SC,6.75,6.83,0.71,1,xLS011,diam_0.71_1mm_p,,0.905,xLSGS2,not previously published ,
ds_05,x9015,152025.1,6/27/1990,NA,SC,6.83,6.91,0.71,1,xLS011,diam_0.71_1mm_p,,0.43,xLSGS2,not previously published ,
ds_05,x9015,152025.11,6/27/1990,NA,SC,6.91,6.99,0.71,1,xLS011,diam_0.71_1mm_p,,0.029,xLSGS2,not previously published ,
ds_05,x9015,152025.12,6/27/1990,NA,SC,7,7.07,0.71,1,xLS011,diam_0.71_1mm_p,,0.025,xLSGS2,not previously published ,
ds_05,x9015,152025.13,6/27/1990,NA,SC,7.09,7.17,0.71,1,xLS011,diam_0.71_1mm_p,,0.026,xLSGS2,not previously published ,
ds_05,x9015,152530.01,6/27/1990,NA,SC,7.62,7.7,0.71,1,xLS011,diam_0.71_1mm_p,,4.347,xLSGS2,not previously published ,
ds_05,x9015,152530.02,6/27/1990,NA,SC,7.7,7.78,0.71,1,xLS011,diam_0.71_1mm_p,,4.424,xLSGS2,not previously published ,
ds_05,x9015,152530.03,6/27/1990,NA,SC,7.78,7.85,0.71,1,xLS011,diam_0.71_1mm_p,,0.93,xLSGS2,not previously published ,
ds_05,x9015,152530.04,6/27/1990,NA,SC,7.86,7.93,0.71,1,xLS011,diam_0.71_1mm_p,,0.019,xLSGS2,not previously published ,
ds_05,x9015,152530.05,6/27/1990,NA,SC,7.94,8.01,0.71,1,xLS011,diam_0.71_1mm_p,,0.014,xLSGS2,not previously published ,
ds_05,x9015,152530.06,6/27/1990,NA,SC,8.01,8.09,0.71,1,xLS011,diam_0.71_1mm_p,,0.023,xLSGS2,not previously published ,
ds_05,x9015,152530.07,6/27/1990,NA,SC,8.09,8.17,0.71,1,xLS011,diam_0.71_1mm_p,,0.009,xLSGS2,not previously published ,
ds_05,x9015,151520.02,6/27/1990,NA,SC,4.66,4.73,0.71,1,xLS011,diam_0.71_1mm_p,,0.124,xLSGS2,not previously published ,
ds_05,x9015,151520.03,6/27/1990,NA,SC,4.73,4.81,0.71,1,xLS011,diam_0.71_1mm_p,,0.142,xLSGS2,not previously published ,
ds_05,x9015,151520.04,6/27/1990,NA,SC,4.81,4.89,0.71,1,xLS011,diam_0.71_1mm_p,,0.022,xLSGS2,not previously published ,
ds_05,x9015,151520.05,6/27/1990,NA,SC,4.89,4.97,0.71,1,xLS011,diam_0.71_1mm_p,,0.079,xLSGS2,not previously published ,
ds_05,x9015,151520.06,6/27/1990,NA,SC,4.97,5.05,0.71,1,xLS011,diam_0.71_1mm_p,,0.354,xLSGS2,not previously published ,
ds_05,x9015,151520.07,6/27/1990,NA,SC,5.05,5.12,0.71,1,xLS011,diam_0.71_1mm_p,,0.264,xLSGS2,not previously published ,
ds_05,x9015,151520.08,6/27/1990,NA,SC,5.13,5.2,0.71,1,xLS011,diam_0.71_1mm_p,,0.548,xLSGS2,not previously published ,
ds_05,x9015,151520.09,6/27/1990,NA,SC,5.21,5.28,0.71,1,xLS011,diam_0.71_1mm_p,,0.377,xLSGS2,not previously published ,
ds_05,x9015,151520.1,6/27/1990,NA,SC,5.28,5.36,0.71,1,xLS011,diam_0.71_1mm_p,,0.531,xLSGS2,not previously published ,
ds_05,x9015,151520.11,6/27/1990,NA,SC,5.36,5.44,0.71,1,xLS011,diam_0.71_1mm_p,,0.619,xLSGS2,not previously published ,
ds_05,x9015,151520.12,6/27/1990,NA,SC,5.44,5.52,0.71,1,xLS011,diam_0.71_1mm_p,,1.398,xLSGS2,not previously published ,
ds_05,x9016,160510.01,6/28/1990,NA,SC,1.52,1.6,0.71,1,xLS011,diam_0.71_1mm_p,,7.688,xLSGS2,not previously published ,
ds_05,x9016,160510.02,6/28/1990,NA,SC,1.6,1.68,0.71,1,xLS011,diam_0.71_1mm_p,,8.848,xLSGS2,not previously published ,
ds_05,x9016,160510.03,6/28/1990,NA,SC,1.69,1.76,0.71,1,xLS011,diam_0.71_1mm_p,,8.395,xLSGS2,not previously published ,
ds_05,x9016,160510.04,6/28/1990,NA,SC,1.77,1.84,0.71,1,xLS011,diam_0.71_1mm_p,,8.33,xLSGS2,not previously published ,
ds_05,x9016,160510.05,6/28/1990,NA,SC,1.85,1.92,0.71,1,xLS011,diam_0.71_1mm_p,,8.001,xLSGS2,not previously published ,
ds_05,x9016,160510.12,6/28/1990,NA,SC,2.4,2.47,0.71,1,xLS011,diam_0.71_1mm_p,,8.641,xLSGS2,not previously published ,
ds_05,x9016,160510.13,6/28/1990,NA,SC,2.48,2.58,0.71,1,xLS011,diam_0.71_1mm_p,,8.625,xLSGS2,not previously published ,
ds_05,x9016,161013.01,6/28/1990,NA,SC,3.05,3.12,0.71,1,xLS011,diam_0.71_1mm_p,,6.076,xLSGS2,not previously published ,
ds_05,x9016,161013.02,6/28/1990,NA,SC,3.13,3.2,0.71,1,xLS011,diam_0.71_1mm_p,,5.276,xLSGS2,not previously published ,
ds_05,x9016,161013.03,6/28/1990,NA,SC,3.21,3.28,0.71,1,xLS011,diam_0.71_1mm_p,,8.261,xLSGS2,not previously published ,
ds_05,x9016,161013.04,6/28/1990,NA,SC,3.29,3.36,0.71,1,xLS011,diam_0.71_1mm_p,,6.523,xLSGS2,not previously published ,
ds_05,x9016,161013.05,6/28/1990,NA,SC,3.36,3.43,0.71,1,xLS011,diam_0.71_1mm_p,,7.191,xLSGS2,not previously published ,
ds_05,x9016,161013.06,6/28/1990,NA,SC,3.45,3.53,0.71,1,xLS011,diam_0.71_1mm_p,,6.485,xLSGS2,not previously published ,
ds_05,x9016,161013.07,6/28/1990,NA,SC,3.53,3.56,0.71,1,xLS011,diam_0.71_1mm_p,,7.318,xLSGS2,not previously published ,
ds_05,x9016,161013.08,6/28/1990,NA,SC,3.56,3.64,0.71,1,xLS011,diam_0.71_1mm_p,,7.601,xLSGS2,not previously published ,
ds_05,x9016,161013.09,6/28/1990,NA,SC,3.64,3.72,0.71,1,xLS011,diam_0.71_1mm_p,,0.08,xLSGS2,not previously published ,
ds_05,x9016,161013.1,6/28/1990,NA,SC,3.72,3.81,0.71,1,xLS011,diam_0.71_1mm_p,,0.28,xLSGS2,not previously published ,
ds_05,x9016,161418.01,6/28/1990,NA,SC,4.27,4.35,0.71,1,xLS011,diam_0.71_1mm_p,,0.101,xLSGS2,not previously published ,
ds_05,x9016,161418.02,6/28/1990,NA,SC,4.35,4.42,0.71,1,xLS011,diam_0.71_1mm_p,,0.394,xLSGS2,not previously published ,
ds_05,x9016,161418.03,6/28/1990,NA,SC,4.43,4.51,0.71,1,xLS011,diam_0.71_1mm_p,,0.014,xLSGS2,not previously published ,
ds_05,x9016,161418.04,6/28/1990,NA,SC,4.51,4.59,0.71,1,xLS011,diam_0.71_1mm_p,,0.009,xLSGS2,not previously published ,
ds_05,x9016,161418.05,6/28/1990,NA,SC,4.59,4.67,0.71,1,xLS011,diam_0.71_1mm_p,,0.005,xLSGS2,not previously published ,
ds_05,x9016,161418.06,6/28/1990,NA,SC,4.67,4.75,0.71,1,xLS011,diam_0.71_1mm_p,,0.095,xLSGS2,not previously published ,
ds_05,x9016,161418.07,6/28/1990,NA,SC,4.75,4.82,0.71,1,xLS011,diam_0.71_1mm_p,,0.109,xLSGS2,not previously published ,
ds_05,x9016,161418.08,6/28/1990,NA,SC,4.83,4.9,0.71,1,xLS011,diam_0.71_1mm_p,,0.049,xLSGS2,not previously published ,
ds_05,x9016,161418.09,6/28/1990,NA,SC,4.9,4.98,0.71,1,xLS011,diam_0.71_1mm_p,,0.01,xLSGS2,not previously published ,
ds_05,x9016,161418.1,6/28/1990,NA,SC,4.98,5.06,0.71,1,xLS011,diam_0.71_1mm_p,,0.014,xLSGS2,not previously published ,
ds_05,x9016,161418.11,6/28/1990,NA,SC,5.06,5.14,0.71,1,xLS011,diam_0.71_1mm_p,,0.136,xLSGS2,not previously published ,
ds_05,x9016,161418.12,6/28/1990,NA,SC,5.14,5.22,0.71,1,xLS011,diam_0.71_1mm_p,,0.196,xLSGS2,not previously published ,
ds_05,x9016,161418.13,6/28/1990,NA,SC,5.22,5.3,0.71,1,xLS011,diam_0.71_1mm_p,,1.546,xLSGS2,not previously published ,
ds_05,x9016,161418.14,6/28/1990,NA,SC,5.3,5.37,0.71,1,xLS011,diam_0.71_1mm_p,,8.244,xLSGS2,not previously published ,
ds_05,x9016,161924.01,6/28/1990,NA,SC,5.79,5.9,0.71,1,xLS011,diam_0.71_1mm_p,,0.485,xLSGS2,not previously published ,
ds_05,x9016,161924.02,6/28/1990,NA,SC,5.9,5.96,0.71,1,xLS011,diam_0.71_1mm_p,,2.957,xLSGS2,not previously published ,
ds_05,x9016,161924.03,6/28/1990,NA,SC,5.96,6.04,0.71,1,xLS011,diam_0.71_1mm_p,,3.173,xLSGS2,not previously published ,
ds_05,x9016,161924.04,6/28/1990,NA,SC,6.06,6.14,0.71,1,xLS011,diam_0.71_1mm_p,,0.036,xLSGS2,not previously published ,
ds_05,x9016,161924.05,6/28/1990,NA,SC,6.14,6.22,0.71,1,xLS011,diam_0.71_1mm_p,,0.29,xLSGS2,not previously published ,
ds_05,x9016,161924.06,6/28/1990,NA,SC,6.22,6.3,0.71,1,xLS011,diam_0.71_1mm_p,,0.606,xLSGS2,not previously published ,
ds_05,x9016,161924.07,6/28/1990,NA,SC,6.3,6.38,0.71,1,xLS011,diam_0.71_1mm_p,,1.159,xLSGS2,not previously published ,
ds_05,x9016,161924.08,6/28/1990,NA,SC,6.38,6.46,0.71,1,xLS011,diam_0.71_1mm_p,,1.887,xLSGS2,not previously published ,
ds_05,x9016,160510.06,6/28/1990,NA,SC,1.92,2,0.71,1,xLS011,diam_0.71_1mm_p,,8.49,xLSGS2,not previously published ,
ds_05,x9016,160510.07,6/28/1990,NA,SC,2,2.08,0.71,1,xLS011,diam_0.71_1mm_p,,8.057,xLSGS2,not previously published ,
ds_05,x9016,160510.08,6/28/1990,NA,SC,2.08,2.15,0.71,1,xLS011,diam_0.71_1mm_p,,8.908,xLSGS2,not previously published ,
ds_05,x9016,160510.09,6/28/1990,NA,SC,2.16,2.23,0.71,1,xLS011,diam_0.71_1mm_p,,8.669,xLSGS2,not previously published ,
ds_05,x9016,160510.1,6/28/1990,NA,SC,2.24,2.31,0.71,1,xLS011,diam_0.71_1mm_p,,9.128,xLSGS2,not previously published ,
ds_05,x9016,160510.11,6/28/1990,NA,SC,2.32,2.39,0.71,1,xLS011,diam_0.71_1mm_p,,9.218,xLSGS2,not previously published ,
ds_05,x9016,161924.09,6/28/1990,NA,SC,6.48,6.56,0.71,1,xLS011,diam_0.71_1mm_p,,3.585,xLSGS2,not previously published ,
ds_05,x9016,161924.1,6/28/1990,NA,SC,6.56,6.62,0.71,1,xLS011,diam_0.71_1mm_p,,0.224,xLSGS2,not previously published ,
ds_05,x9016,161924.11,6/28/1990,NA,SC,6.62,6.65,0.71,1,xLS011,diam_0.71_1mm_p,,0.095,xLSGS2,not previously published ,
ds_05,x9016,161924.12,6/28/1990,NA,SC,6.65,6.73,0.71,1,xLS011,diam_0.71_1mm_p,,0.014,xLSGS2,not previously published ,
ds_05,x9016,161924.13,6/28/1990,NA,SC,6.75,6.83,0.71,1,xLS011,diam_0.71_1mm_p,,0.021,xLSGS2,not previously published ,
ds_05,x9016,161924.14,6/28/1990,NA,SC,6.83,6.91,0.71,1,xLS011,diam_0.71_1mm_p,,0.06,xLSGS2,not previously published ,
ds_05,x9016,161924.15,6/28/1990,NA,SC,6.91,6.99,0.71,1,xLS011,diam_0.71_1mm_p,,0.018,xLSGS2,not previously published ,
ds_05,x9016,161924.16,6/28/1990,NA,SC,6.99,7.07,0.71,1,xLS011,diam_0.71_1mm_p,,0.169,xLSGS2,not previously published ,
ds_05,x9016,161924.17,6/28/1990,NA,SC,7.07,7.15,0.71,1,xLS011,diam_0.71_1mm_p,,0.067,xLSGS2,not previously published ,
ds_05,x9016,161924.18,6/28/1990,NA,SC,7.15,7.24,0.71,1,xLS011,diam_0.71_1mm_p,,0.03,xLSGS2,not previously published ,
ds_05,x9017,171419.13,6/29/1990,NA,SC,5.27,5.34,0.71,1,xLS011,diam_0.71_1mm_p,,2.038,xLSGS2,not previously published ,
ds_05,x9017,171419.14,6/29/1990,NA,SC,5.35,5.42,0.71,1,xLS011,diam_0.71_1mm_p,,3.538,xLSGS2,not previously published ,
ds_05,x9017,171419.15,6/29/1990,NA,SC,5.43,5.49,0.71,1,xLS011,diam_0.71_1mm_p,,6.212,xLSGS2,not previously published ,
ds_05,x9017,171419.16,6/29/1990,NA,SC,5.49,5.55,0.71,1,xLS011,diam_0.71_1mm_p,,2.186,xLSGS2,not previously published ,
ds_05,x9017,170914.01,6/29/1990,NA,SC,2.74,2.82,0.71,1,xLS011,diam_0.71_1mm_p,,0.117,xLSGS2,not previously published ,
ds_05,x9017,170914.02,6/29/1990,NA,SC,2.82,2.9,0.71,1,xLS011,diam_0.71_1mm_p,,0.105,xLSGS2,not previously published ,
ds_05,x9017,170914.03,6/29/1990,NA,SC,2.91,2.98,0.71,1,xLS011,diam_0.71_1mm_p,,0.611,xLSGS2,not previously published ,
ds_05,x9017,170914.04,6/29/1990,NA,SC,2.99,3.06,0.71,1,xLS011,diam_0.71_1mm_p,,1.139,xLSGS2,not previously published ,
ds_05,x9017,170914.05,6/29/1990,NA,SC,3.06,3.14,0.71,1,xLS011,diam_0.71_1mm_p,,0.111,xLSGS2,not previously published ,
ds_05,x9017,170914.06,6/29/1990,NA,SC,3.14,3.21,0.71,1,xLS011,diam_0.71_1mm_p,,0.009,xLSGS2,not previously published ,
ds_05,x9017,170914.07,6/29/1990,NA,SC,3.22,3.29,0.71,1,xLS011,diam_0.71_1mm_p,,0.009,xLSGS2,not previously published ,
ds_05,x9017,170914.08,6/29/1990,NA,SC,3.3,3.37,0.71,1,xLS011,diam_0.71_1mm_p,,0.013,xLSGS2,not previously published ,
ds_05,x9017,170914.09,6/29/1990,NA,SC,3.37,3.45,0.71,1,xLS011,diam_0.71_1mm_p,,0.009,xLSGS2,not previously published ,
ds_05,x9017,170914.1,6/29/1990,NA,SC,3.45,3.53,0.71,1,xLS011,diam_0.71_1mm_p,,0.014,xLSGS2,not previously published ,
ds_05,x9017,170914.11,6/29/1990,NA,SC,3.53,3.6,0.71,1,xLS011,diam_0.71_1mm_p,,0.296,xLSGS2,not previously published ,
ds_05,x9017,170914.12,6/29/1990,NA,SC,3.61,3.69,0.71,1,xLS011,diam_0.71_1mm_p,,0.246,xLSGS2,not previously published ,
ds_05,x9017,170914.13,6/29/1990,NA,SC,3.69,3.76,0.71,1,xLS011,diam_0.71_1mm_p,,0.457,xLSGS2,not previously published ,
ds_05,x9017,170914.14,6/29/1990,NA,SC,3.77,3.84,0.71,1,xLS011,diam_0.71_1mm_p,,1.271,xLSGS2,not previously published ,
ds_05,x9017,171419.01,6/29/1990,NA,SC,4.27,4.34,0.71,1,xLS011,diam_0.71_1mm_p,,4.248,xLSGS2,not previously published ,
ds_05,x9017,171419.02,6/29/1990,NA,SC,4.35,4.42,0.71,1,xLS011,diam_0.71_1mm_p,,5.628,xLSGS2,not previously published ,
ds_05,x9017,171419.03,6/29/1990,NA,SC,4.43,4.51,0.71,1,xLS011,diam_0.71_1mm_p,,1.546,xLSGS2,not previously published ,
ds_05,x9017,171419.04,6/29/1990,NA,SC,4.51,4.59,0.71,1,xLS011,diam_0.71_1mm_p,,0.488,xLSGS2,not previously published ,
ds_05,x9017,171419.05,6/29/1990,NA,SC,4.59,4.67,0.71,1,xLS011,diam_0.71_1mm_p,,1.287,xLSGS2,not previously published ,
ds_05,x9017,171419.06,6/29/1990,NA,SC,4.67,4.75,0.71,1,xLS011,diam_0.71_1mm_p,,6.818,xLSGS2,not previously published ,
ds_05,x9017,171419.07,6/29/1990,NA,SC,4.76,4.83,0.71,1,xLS011,diam_0.71_1mm_p,,1.395,xLSGS2,not previously published ,
ds_05,x9017,171419.08,6/29/1990,NA,SC,4.84,4.92,0.71,1,xLS011,diam_0.71_1mm_p,,1.81,xLSGS2,not previously published ,
ds_05,x9017,171419.09,6/29/1990,NA,SC,4.92,5,0.71,1,xLS011,diam_0.71_1mm_p,,2.639,xLSGS2,not previously published ,
ds_05,x9017,171419.1,6/29/1990,NA,SC,5.01,5.09,0.71,1,xLS011,diam_0.71_1mm_p,,6.789,xLSGS2,not previously published ,
ds_05,x9017,171419.11,6/29/1990,NA,SC,5.09,5.18,0.71,1,xLS011,diam_0.71_1mm_p,,3.467,xLSGS2,not previously published ,
ds_05,x9017,171419.12,6/29/1990,NA,SC,5.18,5.26,0.71,1,xLS011,diam_0.71_1mm_p,,1.425,xLSGS2,not previously published ,
ds_05,x9017,171924.01,6/29/1990,NA,SC,5.79,5.87,0.71,1,xLS011,diam_0.71_1mm_p,,0.333,xLSGS2,not previously published ,
ds_05,x9017,171924.02,6/29/1990,NA,SC,5.87,5.95,0.71,1,xLS011,diam_0.71_1mm_p,,0.189,xLSGS2,not previously published ,
ds_05,x9017,171924.03,6/29/1990,NA,SC,5.95,6.03,0.71,1,xLS011,diam_0.71_1mm_p,,0.018,xLSGS2,not previously published ,
ds_05,x9017,171924.04,6/29/1990,NA,SC,6.03,6.11,0.71,1,xLS011,diam_0.71_1mm_p,,0.004,xLSGS2,not previously published ,
ds_05,x9017,171924.05,6/29/1990,NA,SC,6.11,6.19,0.71,1,xLS011,diam_0.71_1mm_p,,0.004,xLSGS2,not previously published ,
ds_05,x9017,171924.06,6/29/1990,NA,SC,6.19,6.27,0.71,1,xLS011,diam_0.71_1mm_p,,0.009,xLSGS2,not previously published ,
ds_05,x9017,171924.07,6/29/1990,NA,SC,6.27,6.35,0.71,1,xLS011,diam_0.71_1mm_p,,0.007,xLSGS2,not previously published ,
ds_05,x9017,171924.08,6/29/1990,NA,SC,6.36,6.43,0.71,1,xLS011,diam_0.71_1mm_p,,0.004,xLSGS2,not previously published ,
ds_05,x9017,171924.09,6/29/1990,NA,SC,6.44,6.52,0.71,1,xLS011,diam_0.71_1mm_p,,0.062,xLSGS2,not previously published ,
ds_05,x9017,171924.1,6/29/1990,NA,SC,6.52,6.59,0.71,1,xLS011,diam_0.71_1mm_p,,0.005,xLSGS2,not previously published ,
ds_05,x9017,171924.11,6/29/1990,NA,SC,6.6,6.67,0.71,1,xLS011,diam_0.71_1mm_p,,0.004,xLSGS2,not previously published ,
ds_05,x9017,171924.12,6/29/1990,NA,SC,6.68,6.76,0.71,1,xLS011,diam_0.71_1mm_p,,0.09,xLSGS2,not previously published ,
ds_05,x9017,171924.13,6/29/1990,NA,SC,6.76,6.84,0.71,1,xLS011,diam_0.71_1mm_p,,0.091,xLSGS2,not previously published ,
ds_05,x9017,171924.14,6/29/1990,NA,SC,6.84,6.9,0.71,1,xLS011,diam_0.71_1mm_p,,0.009,xLSGS2,not previously published ,
ds_05,x9018,181419.03,6/29/1990,NA,SC,4.43,4.51,0.71,1,xLS011,diam_0.71_1mm_p,,0.675,xLSGS2,not previously published ,
ds_05,x9018,181419.04,6/29/1990,NA,SC,4.51,4.58,0.71,1,xLS011,diam_0.71_1mm_p,,0.458,xLSGS2,not previously published ,
ds_05,x9018,181419.05,6/29/1990,NA,SC,4.59,4.66,0.71,1,xLS011,diam_0.71_1mm_p,,0.591,xLSGS2,not previously published ,
ds_05,x9018,181419.06,6/29/1990,NA,SC,4.67,4.74,0.71,1,xLS011,diam_0.71_1mm_p,,1.319,xLSGS2,not previously published ,
ds_05,x9018,181419.07,6/29/1990,NA,SC,4.75,4.82,0.71,1,xLS011,diam_0.71_1mm_p,,0.284,xLSGS2,not previously published ,
ds_05,x9018,181419.08,6/29/1990,NA,SC,4.82,4.9,0.71,1,xLS011,diam_0.71_1mm_p,,0.268,xLSGS2,not previously published ,
ds_05,x9018,181419.09,6/29/1990,NA,SC,4.9,4.97,0.71,1,xLS011,diam_0.71_1mm_p,,0.722,xLSGS2,not previously published ,
ds_05,x9018,181419.1,6/29/1990,NA,SC,4.98,5.06,0.71,1,xLS011,diam_0.71_1mm_p,,0.407,xLSGS2,not previously published ,
ds_05,x9018,180914.01,6/29/1990,NA,SC,2.74,2.82,0.71,1,xLS011,diam_0.71_1mm_p,,6.19,xLSGS2,not previously published ,
ds_05,x9018,180914.02,6/29/1990,NA,SC,2.83,2.9,0.71,1,xLS011,diam_0.71_1mm_p,,4.386,xLSGS2,not previously published ,
ds_05,x9018,180914.03,6/29/1990,NA,SC,2.9,2.98,0.71,1,xLS011,diam_0.71_1mm_p,,8.215,xLSGS2,not previously published ,
ds_05,x9018,180914.04,6/29/1990,NA,SC,2.98,3.06,0.71,1,xLS011,diam_0.71_1mm_p,,1.061,xLSGS2,not previously published ,
ds_05,x9018,180914.05,6/29/1990,NA,SC,3.06,3.13,0.71,1,xLS011,diam_0.71_1mm_p,,0.138,xLSGS2,not previously published ,
ds_05,x9018,180914.06,6/29/1990,NA,SC,3.14,3.21,0.71,1,xLS011,diam_0.71_1mm_p,,0.143,xLSGS2,not previously published ,
ds_05,x9018,180914.07,6/29/1990,NA,SC,3.21,3.29,0.71,1,xLS011,diam_0.71_1mm_p,,0.653,xLSGS2,not previously published ,
ds_05,x9018,180914.08,6/29/1990,NA,SC,3.29,3.37,0.71,1,xLS011,diam_0.71_1mm_p,,0.399,xLSGS2,not previously published ,
ds_05,x9018,180914.09,6/29/1990,NA,SC,3.37,3.45,0.71,1,xLS011,diam_0.71_1mm_p,,0.763,xLSGS2,not previously published ,
ds_05,x9018,180914.1,6/29/1990,NA,SC,3.45,3.53,0.71,1,xLS011,diam_0.71_1mm_p,,0.634,xLSGS2,not previously published ,
ds_05,x9018,180914.11,6/29/1990,NA,SC,3.53,3.61,0.71,1,xLS011,diam_0.71_1mm_p,,0.762,xLSGS2,not previously published ,
ds_05,x9018,180914.12,6/29/1990,NA,SC,3.61,3.69,0.71,1,xLS011,diam_0.71_1mm_p,,2.328,xLSGS2,not previously published ,
ds_05,x9018,180914.13,6/29/1990,NA,SC,3.69,3.77,0.71,1,xLS011,diam_0.71_1mm_p,,1.004,xLSGS2,not previously published ,
ds_05,x9018,180914.14,6/29/1990,NA,SC,3.77,3.85,0.71,1,xLS011,diam_0.71_1mm_p,,0.191,xLSGS2,not previously published ,
ds_05,x9018,180914.15,6/29/1990,NA,SC,3.85,3.93,0.71,1,xLS011,diam_0.71_1mm_p,,2.132,xLSGS2,not previously published ,
ds_05,x9018,180914.16,6/29/1990,NA,SC,3.93,4.01,0.71,1,xLS011,diam_0.71_1mm_p,,0.112,xLSGS2,not previously published ,
ds_05,x9018,181419.01,6/29/1990,NA,SC,4.27,4.34,0.71,1,xLS011,diam_0.71_1mm_p,,2.244,xLSGS2,not previously published ,
ds_05,x9018,181419.02,6/29/1990,NA,SC,4.35,4.42,0.71,1,xLS011,diam_0.71_1mm_p,,2.709,xLSGS2,not previously published ,
ds_05,x9018,181924.02,6/29/1990,NA,SC,5.87,5.95,0.71,1,xLS011,diam_0.71_1mm_p,,0.384,xLSGS2,not previously published ,
ds_05,x9018,181924.03,6/29/1990,NA,SC,5.95,6.03,0.71,1,xLS011,diam_0.71_1mm_p,,3.071,xLSGS2,not previously published ,
ds_05,x9018,181924.05,6/29/1990,NA,SC,6.12,6.2,0.71,1,xLS011,diam_0.71_1mm_p,,3.44,xLSGS2,not previously published ,
ds_05,x9018,181419.14,6/29/1990,NA,SC,5.31,5.4,0.71,1,xLS011,diam_0.71_1mm_p,,0.357,xLSGS2,not previously published ,
ds_05,x9018,181924.06,6/29/1990,NA,SC,6.2,6.26,0.71,1,xLS011,diam_0.71_1mm_p,,3.945,xLSGS2,not previously published ,
ds_05,x9018,181924.07,6/29/1990,NA,SC,6.26,6.34,0.71,1,xLS011,diam_0.71_1mm_p,,0.009,xLSGS2,not previously published ,
ds_05,x9018,181924.08,6/29/1990,NA,SC,6.35,6.4,0.71,1,xLS011,diam_0.71_1mm_p,,0.013,xLSGS2,not previously published ,
ds_05,x9018,181924.04,6/29/1990,NA,SC,6.03,6.11,0.71,1,xLS011,diam_0.71_1mm_p,,6.426,xLSGS2,not previously published ,
ds_05,x9018,181419.11,6/29/1990,NA,SC,5.06,5.14,0.71,1,xLS011,diam_0.71_1mm_p,,1.722,xLSGS2,not previously published ,
ds_05,x9018,181419.12,6/29/1990,NA,SC,5.14,5.22,0.71,1,xLS011,diam_0.71_1mm_p,,0.13,xLSGS2,not previously published ,
ds_05,x9018,181419.13,6/29/1990,NA,SC,5.23,5.3,0.71,1,xLS011,diam_0.71_1mm_p,,0.965,xLSGS2,not previously published ,
ds_05,x9018,181924.01,6/29/1990,NA,SC,5.79,5.87,0.71,1,xLS011,diam_0.71_1mm_p,,0.395,xLSGS2,not previously published ,
ds_05,x9013,132530.03,6/27/1990,NA,SC,7.77,7.85,0.5,0.71,xLS012,diam_0.5_0.71mm_p,,0.31,xLSGS2,not previously published ,
ds_05,x9013,132530.04,6/27/1990,NA,SC,7.85,7.93,0.5,0.71,xLS012,diam_0.5_0.71mm_p,,0.07,xLSGS2,not previously published ,
ds_05,x9013,132530.01,6/27/1990,NA,SC,7.62,7.69,0.5,0.71,xLS012,diam_0.5_0.71mm_p,,9.91,xLSGS2,not previously published ,
ds_05,x9013,132530.02,6/27/1990,NA,SC,7.69,7.77,0.5,0.71,xLS012,diam_0.5_0.71mm_p,,0.05,xLSGS2,not previously published ,
ds_05,x9013,133035.03,6/27/1990,NA,SC,9.31,9.38,0.5,0.71,xLS012,diam_0.5_0.71mm_p,,10.9,xLSGS2,not previously published ,
ds_05,x9013,133035.04,6/27/1990,NA,SC,9.39,9.46,0.5,0.71,xLS012,diam_0.5_0.71mm_p,,4.4,xLSGS2,not previously published ,
ds_05,x9013,132530.05,6/27/1990,NA,SC,7.94,8.01,0.5,0.71,xLS012,diam_0.5_0.71mm_p,,1.81,xLSGS2,not previously published ,
ds_05,x9013,132530.06,6/27/1990,NA,SC,8.02,8.09,0.5,0.71,xLS012,diam_0.5_0.71mm_p,,0.11,xLSGS2,not previously published ,
ds_05,x9013,132530.07,6/27/1990,NA,SC,8.1,8.17,0.5,0.71,xLS012,diam_0.5_0.71mm_p,,1.33,xLSGS2,not previously published ,
ds_05,x9013,132530.08,6/27/1990,NA,SC,8.18,8.25,0.5,0.71,xLS012,diam_0.5_0.71mm_p,,6.2,xLSGS2,not previously published ,
ds_05,x9013,132530.09,6/27/1990,NA,SC,8.26,8.33,0.5,0.71,xLS012,diam_0.5_0.71mm_p,,7.26,xLSGS2,not previously published ,
ds_05,x9013,132530.1,6/27/1990,NA,SC,8.34,8.42,0.5,0.71,xLS012,diam_0.5_0.71mm_p,,6.63,xLSGS2,not previously published ,
ds_05,x9013,132530.11,6/27/1990,NA,SC,8.42,8.5,0.5,0.71,xLS012,diam_0.5_0.71mm_p,,1.88,xLSGS2,not previously published ,
ds_05,x9013,132530.12,6/27/1990,NA,SC,8.5,8.54,0.5,0.71,xLS012,diam_0.5_0.71mm_p,,11.45,xLSGS2,not previously published ,
ds_05,x9013,132530.14,6/27/1990,NA,SC,8.58,8.66,0.5,0.71,xLS012,diam_0.5_0.71mm_p,,0.57,xLSGS2,not previously published ,
ds_05,x9013,133035.01,6/27/1990,NA,SC,9.14,9.22,0.5,0.71,xLS012,diam_0.5_0.71mm_p,,5.58,xLSGS2,not previously published ,
ds_05,x9013,133035.02,6/27/1990,NA,SC,9.22,9.3,0.5,0.71,xLS012,diam_0.5_0.71mm_p,,3.1,xLSGS2,not previously published ,
ds_05,x9014,142025.07,6/27/1990,NA,SC,6.59,6.67,0.5,0.71,xLS012,diam_0.5_0.71mm_p,,16.487,xLSGS2,not previously published ,
ds_05,x9014,142025.08,6/27/1990,NA,SC,6.67,6.76,0.5,0.71,xLS012,diam_0.5_0.71mm_p,,1.868,xLSGS2,not previously published ,
ds_05,x9014,142025.09,6/27/1990,NA,SC,6.76,6.84,0.5,0.71,xLS012,diam_0.5_0.71mm_p,,0.04,xLSGS2,not previously published ,
ds_05,x9014,142025.1,6/27/1990,NA,SC,6.84,6.92,0.5,0.71,xLS012,diam_0.5_0.71mm_p,,0.264,xLSGS2,not previously published ,
ds_05,x9014,142025.11,6/27/1990,NA,SC,6.93,6.98,0.5,0.71,xLS012,diam_0.5_0.71mm_p,,0.091,xLSGS2,not previously published ,
ds_05,x9014,142530.01,6/27/1990,NA,SC,7.62,7.69,0.5,0.71,xLS012,diam_0.5_0.71mm_p,,8.937,xLSGS2,not previously published ,
ds_05,x9014,142530.02,6/27/1990,NA,SC,7.7,7.78,0.5,0.71,xLS012,diam_0.5_0.71mm_p,,3.691,xLSGS2,not previously published ,
ds_05,x9014,142530.03,6/27/1990,NA,SC,7.78,7.85,0.5,0.71,xLS012,diam_0.5_0.71mm_p,,3.849,xLSGS2,not previously published ,
ds_05,x9014,142530.04,6/27/1990,NA,SC,7.86,7.93,0.5,0.71,xLS012,diam_0.5_0.71mm_p,,3.752,xLSGS2,not previously published ,
ds_05,x9014,142530.05,6/27/1990,NA,SC,7.94,8.01,0.5,0.71,xLS012,diam_0.5_0.71mm_p,,3.081,xLSGS2,not previously published ,
ds_05,x9014,142530.06,6/27/1990,NA,SC,8.02,8.07,0.5,0.71,xLS012,diam_0.5_0.71mm_p,,0.692,xLSGS2,not previously published ,
ds_05,x9014,142530.07,6/27/1990,NA,SC,8.09,8.16,0.5,0.71,xLS012,diam_0.5_0.71mm_p,,0.49,xLSGS2,not previously published ,
ds_05,x9014,142530.08,6/27/1990,NA,SC,8.17,8.24,0.5,0.71,xLS012,diam_0.5_0.71mm_p,,0.197,xLSGS2,not previously published ,
ds_05,x9014,142530.09,6/27/1990,NA,SC,8.25,8.32,0.5,0.71,xLS012,diam_0.5_0.71mm_p,,0.737,xLSGS2,not previously published ,
ds_05,x9014,142530.1,6/27/1990,NA,SC,8.33,8.4,0.5,0.71,xLS012,diam_0.5_0.71mm_p,,1.639,xLSGS2,not previously published ,
ds_05,x9014,142530.11,6/27/1990,NA,SC,8.41,8.48,0.5,0.71,xLS012,diam_0.5_0.71mm_p,,3.867,xLSGS2,not previously published ,
ds_05,x9014,142530.12,6/27/1990,NA,SC,8.48,8.56,0.5,0.71,xLS012,diam_0.5_0.71mm_p,,0.084,xLSGS2,not previously published ,
ds_05,x9014,142530.13,6/27/1990,NA,SC,8.56,8.64,0.5,0.71,xLS012,diam_0.5_0.71mm_p,,0.032,xLSGS2,not previously published ,
ds_05,x9014,142530.14,6/27/1990,NA,SC,8.64,8.72,0.5,0.71,xLS012,diam_0.5_0.71mm_p,,11.588,xLSGS2,not previously published ,
ds_05,x9014,142530.15,6/27/1990,NA,SC,8.73,8.78,0.5,0.71,xLS012,diam_0.5_0.71mm_p,,19.029,xLSGS2,not previously published ,
ds_05,x9014,143035.01,6/27/1990,NA,SC,9.14,9.22,0.5,0.71,xLS012,diam_0.5_0.71mm_p,,7.613,xLSGS2,not previously published ,
ds_05,x9014,143035.02,6/27/1990,NA,SC,9.22,9.3,0.5,0.71,xLS012,diam_0.5_0.71mm_p,,4.858,xLSGS2,not previously published ,
ds_05,x9014,143035.03,6/27/1990,NA,SC,9.3,9.38,0.5,0.71,xLS012,diam_0.5_0.71mm_p,,6.331,xLSGS2,not previously published ,
ds_05,x9014,143035.04,6/27/1990,NA,SC,9.38,9.46,0.5,0.71,xLS012,diam_0.5_0.71mm_p,,6.592,xLSGS2,not previously published ,
ds_05,x9014,143035.05,6/27/1990,NA,SC,9.46,9.54,0.5,0.71,xLS012,diam_0.5_0.71mm_p,,13.747,xLSGS2,not previously published ,
ds_05,x9014,143035.06,6/27/1990,NA,SC,9.54,9.61,0.5,0.71,xLS012,diam_0.5_0.71mm_p,,12.999,xLSGS2,not previously published ,
ds_05,x9014,143035.07,6/27/1990,NA,SC,9.62,9.69,0.5,0.71,xLS012,diam_0.5_0.71mm_p,,20.415,xLSGS2,not previously published ,
ds_05,x9014,143035.08,6/27/1990,NA,SC,9.7,9.77,0.5,0.71,xLS012,diam_0.5_0.71mm_p,,14.348,xLSGS2,not previously published ,
ds_05,x9014,143035.09,6/27/1990,NA,SC,9.77,9.85,0.5,0.71,xLS012,diam_0.5_0.71mm_p,,17.135,xLSGS2,not previously published ,
ds_05,x9014,143035.1,6/27/1990,NA,SC,9.85,9.92,0.5,0.71,xLS012,diam_0.5_0.71mm_p,,18.347,xLSGS2,not previously published ,
ds_05,x9014,143035.11,6/27/1990,NA,SC,9.93,10.01,0.5,0.71,xLS012,diam_0.5_0.71mm_p,,17.131,xLSGS2,not previously published ,
ds_05,x9014,143035.12,6/27/1990,NA,SC,10.02,10.1,0.5,0.71,xLS012,diam_0.5_0.71mm_p,,16.223,xLSGS2,not previously published ,
ds_05,x9014,143035.13,6/27/1990,NA,SC,10.1,10.19,0.5,0.71,xLS012,diam_0.5_0.71mm_p,,13.616,xLSGS2,not previously published ,
ds_05,x9014,143035.14,6/27/1990,NA,SC,10.19,10.27,0.5,0.71,xLS012,diam_0.5_0.71mm_p,,12.287,xLSGS2,not previously published ,
ds_05,x9014,142025.01,6/27/1990,NA,SC,6.1,6.18,0.5,0.71,xLS012,diam_0.5_0.71mm_p,,10.351,xLSGS2,not previously published ,
ds_05,x9014,142025.02,6/27/1990,NA,SC,6.18,6.26,0.5,0.71,xLS012,diam_0.5_0.71mm_p,,0.093,xLSGS2,not previously published ,
ds_05,x9014,142025.03,6/27/1990,NA,SC,6.26,6.34,0.5,0.71,xLS012,diam_0.5_0.71mm_p,,0.014,xLSGS2,not previously published ,
ds_05,x9014,142025.04,6/27/1990,NA,SC,6.34,6.42,0.5,0.71,xLS012,diam_0.5_0.71mm_p,,0.013,xLSGS2,not previously published ,
ds_05,x9014,142025.05,6/27/1990,NA,SC,6.43,6.5,0.5,0.71,xLS012,diam_0.5_0.71mm_p,,0.009,xLSGS2,not previously published ,
ds_05,x9014,142025.06,6/27/1990,NA,SC,6.51,6.59,0.5,0.71,xLS012,diam_0.5_0.71mm_p,,5.688,xLSGS2,not previously published ,
ds_05,x9014,143035.15,6/27/1990,NA,SC,10.27,10.35,0.5,0.71,xLS012,diam_0.5_0.71mm_p,,0.587,xLSGS2,not previously published ,
ds_05,x9014,143035.16,6/27/1990,NA,SC,10.35,10.44,0.5,0.71,xLS012,diam_0.5_0.71mm_p,,8.535,xLSGS2,not previously published ,
ds_05,x9014,143035.17,6/27/1990,NA,SC,10.44,10.52,0.5,0.71,xLS012,diam_0.5_0.71mm_p,,15.273,xLSGS2,not previously published ,
ds_05,x9015,150105.04,6/27/1990,NA,SC,0.56,0.63,0.5,0.71,xLS012,diam_0.5_0.71mm_p,,19.075,xLSGS2,not previously published ,
ds_05,x9015,150105.05,6/27/1990,NA,SC,0.65,0.73,0.5,0.71,xLS012,diam_0.5_0.71mm_p,,15.839,xLSGS2,not previously published ,
ds_05,x9015,150105.06,6/27/1990,NA,SC,0.74,0.82,0.5,0.71,xLS012,diam_0.5_0.71mm_p,,16.144,xLSGS2,not previously published ,
ds_05,x9015,150105.07,6/27/1990,NA,SC,0.82,0.9,0.5,0.71,xLS012,diam_0.5_0.71mm_p,,14.727,xLSGS2,not previously published ,
ds_05,x9015,150105.08,6/27/1990,NA,SC,0.9,0.98,0.5,0.71,xLS012,diam_0.5_0.71mm_p,,15.036,xLSGS2,not previously published ,
ds_05,x9015,150105.09,6/27/1990,NA,SC,0.98,1.06,0.5,0.71,xLS012,diam_0.5_0.71mm_p,,19.224,xLSGS2,not previously published ,
ds_05,x9015,150105.1,6/27/1990,NA,SC,1.06,1.14,0.5,0.71,xLS012,diam_0.5_0.71mm_p,,13.568,xLSGS2,not previously published ,
ds_05,x9015,150105.11,6/27/1990,NA,SC,1.14,1.21,0.5,0.71,xLS012,diam_0.5_0.71mm_p,,11.526,xLSGS2,not previously published ,
ds_05,x9015,150510.01,6/27/1990,NA,SC,1.52,1.6,0.5,0.71,xLS012,diam_0.5_0.71mm_p,,12.016,xLSGS2,not previously published ,
ds_05,x9015,150510.02,6/27/1990,NA,SC,1.61,1.68,0.5,0.71,xLS012,diam_0.5_0.71mm_p,,15.391,xLSGS2,not previously published ,
ds_05,x9015,150510.03,6/27/1990,NA,SC,1.69,1.76,0.5,0.71,xLS012,diam_0.5_0.71mm_p,,14.204,xLSGS2,not previously published ,
ds_05,x9015,150510.04,6/27/1990,NA,SC,1.77,1.85,0.5,0.71,xLS012,diam_0.5_0.71mm_p,,20.805,xLSGS2,not previously published ,
ds_05,x9015,150510.05,6/27/1990,NA,SC,1.85,1.93,0.5,0.71,xLS012,diam_0.5_0.71mm_p,,20.846,xLSGS2,not previously published ,
ds_05,x9015,150510.06,6/27/1990,NA,SC,1.93,2.01,0.5,0.71,xLS012,diam_0.5_0.71mm_p,,15.589,xLSGS2,not previously published ,
ds_05,x9015,150510.07,6/27/1990,NA,SC,2.01,2.09,0.5,0.71,xLS012,diam_0.5_0.71mm_p,,13.496,xLSGS2,not previously published ,
ds_05,x9015,150510.08,6/27/1990,NA,SC,2.1,2.17,0.5,0.71,xLS012,diam_0.5_0.71mm_p,,12.031,xLSGS2,not previously published ,
ds_05,x9015,150510.09,6/27/1990,NA,SC,2.18,2.23,0.5,0.71,xLS012,diam_0.5_0.71mm_p,,24.296,xLSGS2,not previously published ,
ds_05,x9015,150510.1,6/27/1990,NA,SC,2.24,2.32,0.5,0.71,xLS012,diam_0.5_0.71mm_p,,17.415,xLSGS2,not previously published ,
ds_05,x9015,150510.11,6/27/1990,NA,SC,2.33,2.44,0.5,0.71,xLS012,diam_0.5_0.71mm_p,,19.2,xLSGS2,not previously published ,
ds_05,x9015,151015.01,6/27/1990,NA,SC,3.05,3.12,0.5,0.71,xLS012,diam_0.5_0.71mm_p,,7.828,xLSGS2,not previously published ,
ds_05,x9015,151015.02,6/27/1990,NA,SC,3.13,3.21,0.5,0.71,xLS012,diam_0.5_0.71mm_p,,6.535,xLSGS2,not previously published ,
ds_05,x9015,151015.03,6/27/1990,NA,SC,3.21,3.28,0.5,0.71,xLS012,diam_0.5_0.71mm_p,,15.16,xLSGS2,not previously published ,
ds_05,x9015,151015.04,6/27/1990,NA,SC,3.29,3.37,0.5,0.71,xLS012,diam_0.5_0.71mm_p,,14.85,xLSGS2,not previously published ,
ds_05,x9015,151015.05,6/27/1990,NA,SC,3.37,3.45,0.5,0.71,xLS012,diam_0.5_0.71mm_p,,14.196,xLSGS2,not previously published ,
ds_05,x9015,151015.06,6/27/1990,NA,SC,3.45,3.53,0.5,0.71,xLS012,diam_0.5_0.71mm_p,,8.508,xLSGS2,not previously published ,
ds_05,x9015,151015.07,6/27/1990,NA,SC,3.54,3.61,0.5,0.71,xLS012,diam_0.5_0.71mm_p,,13.811,xLSGS2,not previously published ,
ds_05,x9015,151015.08,6/27/1990,NA,SC,3.62,3.69,0.5,0.71,xLS012,diam_0.5_0.71mm_p,,7.878,xLSGS2,not previously published ,
ds_05,x9015,151015.09,6/27/1990,NA,SC,3.7,3.77,0.5,0.71,xLS012,diam_0.5_0.71mm_p,,16.656,xLSGS2,not previously published ,
ds_05,x9015,151015.1,6/27/1990,NA,SC,3.78,3.85,0.5,0.71,xLS012,diam_0.5_0.71mm_p,,12.012,xLSGS2,not previously published ,
ds_05,x9015,151015.11,6/27/1990,NA,SC,3.85,3.93,0.5,0.71,xLS012,diam_0.5_0.71mm_p,,15.249,xLSGS2,not previously published ,
ds_05,x9015,151015.12,6/27/1990,NA,SC,3.94,4.01,0.5,0.71,xLS012,diam_0.5_0.71mm_p,,9.379,xLSGS2,not previously published ,
ds_05,x9015,151015.13,6/27/1990,NA,SC,4.03,4.11,0.5,0.71,xLS012,diam_0.5_0.71mm_p,,20.574,xLSGS2,not previously published ,
ds_05,x9015,151015.14,6/27/1990,NA,SC,4.11,4.15,0.5,0.71,xLS012,diam_0.5_0.71mm_p,,6.797,xLSGS2,not previously published ,
ds_05,x9015,151520.01,6/27/1990,NA,SC,4.57,4.65,0.5,0.71,xLS012,diam_0.5_0.71mm_p,,1.045,xLSGS2,not previously published ,
ds_05,x9015,150105.01,6/27/1990,NA,SC,0.3,0.38,0.5,0.71,xLS012,diam_0.5_0.71mm_p,,17.945,xLSGS2,not previously published ,
ds_05,x9015,150105.02,6/27/1990,NA,SC,0.38,0.47,0.5,0.71,xLS012,diam_0.5_0.71mm_p,,17.508,xLSGS2,not previously published ,
ds_05,x9015,150105.03,6/27/1990,NA,SC,0.47,0.55,0.5,0.71,xLS012,diam_0.5_0.71mm_p,,18.699,xLSGS2,not previously published ,
ds_05,x9015,151520.13,6/27/1990,NA,SC,5.53,5.6,0.5,0.71,xLS012,diam_0.5_0.71mm_p,,13.704,xLSGS2,not previously published ,
ds_05,x9015,151520.14,6/27/1990,NA,SC,5.61,5.68,0.5,0.71,xLS012,diam_0.5_0.71mm_p,,6.194,xLSGS2,not previously published ,
ds_05,x9015,151520.15,6/27/1990,NA,SC,5.68,5.76,0.5,0.71,xLS012,diam_0.5_0.71mm_p,,9.903,xLSGS2,not previously published ,
ds_05,x9015,151520.16,6/27/1990,NA,SC,5.76,5.86,0.5,0.71,xLS012,diam_0.5_0.71mm_p,,2.152,xLSGS2,not previously published ,
ds_05,x9015,152025.01,6/27/1990,NA,SC,6.1,6.17,0.5,0.71,xLS012,diam_0.5_0.71mm_p,,7.618,xLSGS2,not previously published ,
ds_05,x9015,152025.02,6/27/1990,NA,SC,6.18,6.25,0.5,0.71,xLS012,diam_0.5_0.71mm_p,,5.848,xLSGS2,not previously published ,
ds_05,x9015,152025.03,6/27/1990,NA,SC,6.26,6.33,0.5,0.71,xLS012,diam_0.5_0.71mm_p,,12.557,xLSGS2,not previously published ,
ds_05,x9015,152025.04,6/27/1990,NA,SC,6.34,6.42,0.5,0.71,xLS012,diam_0.5_0.71mm_p,,8.169,xLSGS2,not previously published ,
ds_05,x9015,152025.05,6/27/1990,NA,SC,6.42,6.49,0.5,0.71,xLS012,diam_0.5_0.71mm_p,,13.256,xLSGS2,not previously published ,
ds_05,x9015,152025.06,6/27/1990,NA,SC,6.51,6.59,0.5,0.71,xLS012,diam_0.5_0.71mm_p,,14.767,xLSGS2,not previously published ,
ds_05,x9015,152025.07,6/27/1990,NA,SC,6.59,6.67,0.5,0.71,xLS012,diam_0.5_0.71mm_p,,8.922,xLSGS2,not previously published ,
ds_05,x9015,152025.08,6/27/1990,NA,SC,6.67,6.75,0.5,0.71,xLS012,diam_0.5_0.71mm_p,,10.128,xLSGS2,not previously published ,
ds_05,x9015,152025.09,6/27/1990,NA,SC,6.75,6.83,0.5,0.71,xLS012,diam_0.5_0.71mm_p,,7.217,xLSGS2,not previously published ,
ds_05,x9015,152025.1,6/27/1990,NA,SC,6.83,6.91,0.5,0.71,xLS012,diam_0.5_0.71mm_p,,1.657,xLSGS2,not previously published ,
ds_05,x9015,152025.11,6/27/1990,NA,SC,6.91,6.99,0.5,0.71,xLS012,diam_0.5_0.71mm_p,,0.169,xLSGS2,not previously published ,
ds_05,x9015,152025.12,6/27/1990,NA,SC,7,7.07,0.5,0.71,xLS012,diam_0.5_0.71mm_p,,0.25,xLSGS2,not previously published ,
ds_05,x9015,152025.13,6/27/1990,NA,SC,7.09,7.17,0.5,0.71,xLS012,diam_0.5_0.71mm_p,,0.24,xLSGS2,not previously published ,
ds_05,x9015,152530.01,6/27/1990,NA,SC,7.62,7.7,0.5,0.71,xLS012,diam_0.5_0.71mm_p,,8.569,xLSGS2,not previously published ,
ds_05,x9015,152530.02,6/27/1990,NA,SC,7.7,7.78,0.5,0.71,xLS012,diam_0.5_0.71mm_p,,7.559,xLSGS2,not previously published ,
ds_05,x9015,152530.03,6/27/1990,NA,SC,7.78,7.85,0.5,0.71,xLS012,diam_0.5_0.71mm_p,,1.806,xLSGS2,not previously published ,
ds_05,x9015,152530.04,6/27/1990,NA,SC,7.86,7.93,0.5,0.71,xLS012,diam_0.5_0.71mm_p,,0.056,xLSGS2,not previously published ,
ds_05,x9015,152530.05,6/27/1990,NA,SC,7.94,8.01,0.5,0.71,xLS012,diam_0.5_0.71mm_p,,0.021,xLSGS2,not previously published ,
ds_05,x9015,152530.06,6/27/1990,NA,SC,8.01,8.09,0.5,0.71,xLS012,diam_0.5_0.71mm_p,,0.027,xLSGS2,not previously published ,
ds_05,x9015,152530.07,6/27/1990,NA,SC,8.09,8.17,0.5,0.71,xLS012,diam_0.5_0.71mm_p,,0.004,xLSGS2,not previously published ,
ds_05,x9015,151520.02,6/27/1990,NA,SC,4.66,4.73,0.5,0.71,xLS012,diam_0.5_0.71mm_p,,0.789,xLSGS2,not previously published ,
ds_05,x9015,151520.03,6/27/1990,NA,SC,4.73,4.81,0.5,0.71,xLS012,diam_0.5_0.71mm_p,,1.048,xLSGS2,not previously published ,
ds_05,x9015,151520.04,6/27/1990,NA,SC,4.81,4.89,0.5,0.71,xLS012,diam_0.5_0.71mm_p,,0.088,xLSGS2,not previously published ,
ds_05,x9015,151520.05,6/27/1990,NA,SC,4.89,4.97,0.5,0.71,xLS012,diam_0.5_0.71mm_p,,0.513,xLSGS2,not previously published ,
ds_05,x9015,151520.06,6/27/1990,NA,SC,4.97,5.05,0.5,0.71,xLS012,diam_0.5_0.71mm_p,,2.982,xLSGS2,not previously published ,
ds_05,x9015,151520.07,6/27/1990,NA,SC,5.05,5.12,0.5,0.71,xLS012,diam_0.5_0.71mm_p,,2.106,xLSGS2,not previously published ,
ds_05,x9015,151520.08,6/27/1990,NA,SC,5.13,5.2,0.5,0.71,xLS012,diam_0.5_0.71mm_p,,4.066,xLSGS2,not previously published ,
ds_05,x9015,151520.09,6/27/1990,NA,SC,5.21,5.28,0.5,0.71,xLS012,diam_0.5_0.71mm_p,,2.61,xLSGS2,not previously published ,
ds_05,x9015,151520.1,6/27/1990,NA,SC,5.28,5.36,0.5,0.71,xLS012,diam_0.5_0.71mm_p,,3.944,xLSGS2,not previously published ,
ds_05,x9015,151520.11,6/27/1990,NA,SC,5.36,5.44,0.5,0.71,xLS012,diam_0.5_0.71mm_p,,4.9,xLSGS2,not previously published ,
ds_05,x9015,151520.12,6/27/1990,NA,SC,5.44,5.52,0.5,0.71,xLS012,diam_0.5_0.71mm_p,,8.762,xLSGS2,not previously published ,
ds_05,x9016,160510.01,6/28/1990,NA,SC,1.52,1.6,0.5,0.71,xLS012,diam_0.5_0.71mm_p,,13.242,xLSGS2,not previously published ,
ds_05,x9016,160510.02,6/28/1990,NA,SC,1.6,1.68,0.5,0.71,xLS012,diam_0.5_0.71mm_p,,15.34,xLSGS2,not previously published ,
ds_05,x9016,160510.03,6/28/1990,NA,SC,1.69,1.76,0.5,0.71,xLS012,diam_0.5_0.71mm_p,,14.945,xLSGS2,not previously published ,
ds_05,x9016,160510.04,6/28/1990,NA,SC,1.77,1.84,0.5,0.71,xLS012,diam_0.5_0.71mm_p,,14.484,xLSGS2,not previously published ,
ds_05,x9016,160510.05,6/28/1990,NA,SC,1.85,1.92,0.5,0.71,xLS012,diam_0.5_0.71mm_p,,14.413,xLSGS2,not previously published ,
ds_05,x9016,160510.12,6/28/1990,NA,SC,2.4,2.47,0.5,0.71,xLS012,diam_0.5_0.71mm_p,,15.336,xLSGS2,not previously published ,
ds_05,x9016,160510.13,6/28/1990,NA,SC,2.48,2.58,0.5,0.71,xLS012,diam_0.5_0.71mm_p,,14.088,xLSGS2,not previously published ,
ds_05,x9016,161013.01,6/28/1990,NA,SC,3.05,3.12,0.5,0.71,xLS012,diam_0.5_0.71mm_p,,12.54,xLSGS2,not previously published ,
ds_05,x9016,161013.02,6/28/1990,NA,SC,3.13,3.2,0.5,0.71,xLS012,diam_0.5_0.71mm_p,,10.818,xLSGS2,not previously published ,
ds_05,x9016,161013.03,6/28/1990,NA,SC,3.21,3.28,0.5,0.71,xLS012,diam_0.5_0.71mm_p,,14.633,xLSGS2,not previously published ,
ds_05,x9016,161013.04,6/28/1990,NA,SC,3.29,3.36,0.5,0.71,xLS012,diam_0.5_0.71mm_p,,12.672,xLSGS2,not previously published ,
ds_05,x9016,161013.05,6/28/1990,NA,SC,3.36,3.43,0.5,0.71,xLS012,diam_0.5_0.71mm_p,,12.52,xLSGS2,not previously published ,
ds_05,x9016,161013.06,6/28/1990,NA,SC,3.45,3.53,0.5,0.71,xLS012,diam_0.5_0.71mm_p,,12.774,xLSGS2,not previously published ,
ds_05,x9016,161013.07,6/28/1990,NA,SC,3.53,3.56,0.5,0.71,xLS012,diam_0.5_0.71mm_p,,13.011,xLSGS2,not previously published ,
ds_05,x9016,161013.08,6/28/1990,NA,SC,3.56,3.64,0.5,0.71,xLS012,diam_0.5_0.71mm_p,,12.342,xLSGS2,not previously published ,
ds_05,x9016,161013.09,6/28/1990,NA,SC,3.64,3.72,0.5,0.71,xLS012,diam_0.5_0.71mm_p,,0.384,xLSGS2,not previously published ,
ds_05,x9016,161013.1,6/28/1990,NA,SC,3.72,3.81,0.5,0.71,xLS012,diam_0.5_0.71mm_p,,0.93,xLSGS2,not previously published ,
ds_05,x9016,161418.01,6/28/1990,NA,SC,4.27,4.35,0.5,0.71,xLS012,diam_0.5_0.71mm_p,,0.634,xLSGS2,not previously published ,
ds_05,x9016,161418.02,6/28/1990,NA,SC,4.35,4.42,0.5,0.71,xLS012,diam_0.5_0.71mm_p,,1.786,xLSGS2,not previously published ,
ds_05,x9016,161418.03,6/28/1990,NA,SC,4.43,4.51,0.5,0.71,xLS012,diam_0.5_0.71mm_p,,0.037,xLSGS2,not previously published ,
ds_05,x9016,161418.04,6/28/1990,NA,SC,4.51,4.59,0.5,0.71,xLS012,diam_0.5_0.71mm_p,,0.009,xLSGS2,not previously published ,
ds_05,x9016,161418.05,6/28/1990,NA,SC,4.59,4.67,0.5,0.71,xLS012,diam_0.5_0.71mm_p,,0.009,xLSGS2,not previously published ,
ds_05,x9016,161418.06,6/28/1990,NA,SC,4.67,4.75,0.5,0.71,xLS012,diam_0.5_0.71mm_p,,0.226,xLSGS2,not previously published ,
ds_05,x9016,161418.07,6/28/1990,NA,SC,4.75,4.82,0.5,0.71,xLS012,diam_0.5_0.71mm_p,,0.746,xLSGS2,not previously published ,
ds_05,x9016,161418.08,6/28/1990,NA,SC,4.83,4.9,0.5,0.71,xLS012,diam_0.5_0.71mm_p,,0.054,xLSGS2,not previously published ,
ds_05,x9016,161418.09,6/28/1990,NA,SC,4.9,4.98,0.5,0.71,xLS012,diam_0.5_0.71mm_p,,0.019,xLSGS2,not previously published ,
ds_05,x9016,161418.1,6/28/1990,NA,SC,4.98,5.06,0.5,0.71,xLS012,diam_0.5_0.71mm_p,,0.054,xLSGS2,not previously published ,
ds_05,x9016,161418.11,6/28/1990,NA,SC,5.06,5.14,0.5,0.71,xLS012,diam_0.5_0.71mm_p,,1.442,xLSGS2,not previously published ,
ds_05,x9016,161418.12,6/28/1990,NA,SC,5.14,5.22,0.5,0.71,xLS012,diam_0.5_0.71mm_p,,2.006,xLSGS2,not previously published ,
ds_05,x9016,161418.13,6/28/1990,NA,SC,5.22,5.3,0.5,0.71,xLS012,diam_0.5_0.71mm_p,,7.704,xLSGS2,not previously published ,
ds_05,x9016,161418.14,6/28/1990,NA,SC,5.3,5.37,0.5,0.71,xLS012,diam_0.5_0.71mm_p,,17.823,xLSGS2,not previously published ,
ds_05,x9016,161924.01,6/28/1990,NA,SC,5.79,5.9,0.5,0.71,xLS012,diam_0.5_0.71mm_p,,6.415,xLSGS2,not previously published ,
ds_05,x9016,161924.02,6/28/1990,NA,SC,5.9,5.96,0.5,0.71,xLS012,diam_0.5_0.71mm_p,,17.876,xLSGS2,not previously published ,
ds_05,x9016,161924.03,6/28/1990,NA,SC,5.96,6.04,0.5,0.71,xLS012,diam_0.5_0.71mm_p,,16.709,xLSGS2,not previously published ,
ds_05,x9016,161924.04,6/28/1990,NA,SC,6.06,6.14,0.5,0.71,xLS012,diam_0.5_0.71mm_p,,0.058,xLSGS2,not previously published ,
ds_05,x9016,161924.05,6/28/1990,NA,SC,6.14,6.22,0.5,0.71,xLS012,diam_0.5_0.71mm_p,,1.22,xLSGS2,not previously published ,
ds_05,x9016,161924.06,6/28/1990,NA,SC,6.22,6.3,0.5,0.71,xLS012,diam_0.5_0.71mm_p,,3.759,xLSGS2,not previously published ,
ds_05,x9016,161924.07,6/28/1990,NA,SC,6.3,6.38,0.5,0.71,xLS012,diam_0.5_0.71mm_p,,5.139,xLSGS2,not previously published ,
ds_05,x9016,161924.08,6/28/1990,NA,SC,6.38,6.46,0.5,0.71,xLS012,diam_0.5_0.71mm_p,,7.839,xLSGS2,not previously published ,
ds_05,x9016,160510.06,6/28/1990,NA,SC,1.92,2,0.5,0.71,xLS012,diam_0.5_0.71mm_p,,14.407,xLSGS2,not previously published ,
ds_05,x9016,160510.07,6/28/1990,NA,SC,2,2.08,0.5,0.71,xLS012,diam_0.5_0.71mm_p,,13.915,xLSGS2,not previously published ,
ds_05,x9016,160510.08,6/28/1990,NA,SC,2.08,2.15,0.5,0.71,xLS012,diam_0.5_0.71mm_p,,16.189,xLSGS2,not previously published ,
ds_05,x9016,160510.09,6/28/1990,NA,SC,2.16,2.23,0.5,0.71,xLS012,diam_0.5_0.71mm_p,,14.371,xLSGS2,not previously published ,
ds_05,x9016,160510.1,6/28/1990,NA,SC,2.24,2.31,0.5,0.71,xLS012,diam_0.5_0.71mm_p,,14.891,xLSGS2,not previously published ,
ds_05,x9016,160510.11,6/28/1990,NA,SC,2.32,2.39,0.5,0.71,xLS012,diam_0.5_0.71mm_p,,14.611,xLSGS2,not previously published ,
ds_05,x9016,161924.09,6/28/1990,NA,SC,6.48,6.56,0.5,0.71,xLS012,diam_0.5_0.71mm_p,,10.941,xLSGS2,not previously published ,
ds_05,x9016,161924.1,6/28/1990,NA,SC,6.56,6.62,0.5,0.71,xLS012,diam_0.5_0.71mm_p,,0.512,xLSGS2,not previously published ,
ds_05,x9016,161924.11,6/28/1990,NA,SC,6.62,6.65,0.5,0.71,xLS012,diam_0.5_0.71mm_p,,0.423,xLSGS2,not previously published ,
ds_05,x9016,161924.12,6/28/1990,NA,SC,6.65,6.73,0.5,0.71,xLS012,diam_0.5_0.71mm_p,,0.018,xLSGS2,not previously published ,
ds_05,x9016,161924.13,6/28/1990,NA,SC,6.75,6.83,0.5,0.71,xLS012,diam_0.5_0.71mm_p,,0.025,xLSGS2,not previously published ,
ds_05,x9016,161924.14,6/28/1990,NA,SC,6.83,6.91,0.5,0.71,xLS012,diam_0.5_0.71mm_p,,0.149,xLSGS2,not previously published ,
ds_05,x9016,161924.15,6/28/1990,NA,SC,6.91,6.99,0.5,0.71,xLS012,diam_0.5_0.71mm_p,,0.018,xLSGS2,not previously published ,
ds_05,x9016,161924.16,6/28/1990,NA,SC,6.99,7.07,0.5,0.71,xLS012,diam_0.5_0.71mm_p,,0.365,xLSGS2,not previously published ,
ds_05,x9016,161924.17,6/28/1990,NA,SC,7.07,7.15,0.5,0.71,xLS012,diam_0.5_0.71mm_p,,0.072,xLSGS2,not previously published ,
ds_05,x9016,161924.18,6/28/1990,NA,SC,7.15,7.24,0.5,0.71,xLS012,diam_0.5_0.71mm_p,,0.022,xLSGS2,not previously published ,
ds_05,x9017,171419.13,6/29/1990,NA,SC,5.27,5.34,0.5,0.71,xLS012,diam_0.5_0.71mm_p,,6.07,xLSGS2,not previously published ,
ds_05,x9017,171419.14,6/29/1990,NA,SC,5.35,5.42,0.5,0.71,xLS012,diam_0.5_0.71mm_p,,8.357,xLSGS2,not previously published ,
ds_05,x9017,171419.15,6/29/1990,NA,SC,5.43,5.49,0.5,0.71,xLS012,diam_0.5_0.71mm_p,,8.281,xLSGS2,not previously published ,
ds_05,x9017,171419.16,6/29/1990,NA,SC,5.49,5.55,0.5,0.71,xLS012,diam_0.5_0.71mm_p,,2.383,xLSGS2,not previously published ,
ds_05,x9017,170914.01,6/29/1990,NA,SC,2.74,2.82,0.5,0.71,xLS012,diam_0.5_0.71mm_p,,0.819,xLSGS2,not previously published ,
ds_05,x9017,170914.02,6/29/1990,NA,SC,2.82,2.9,0.5,0.71,xLS012,diam_0.5_0.71mm_p,,0.469,xLSGS2,not previously published ,
ds_05,x9017,170914.03,6/29/1990,NA,SC,2.91,2.98,0.5,0.71,xLS012,diam_0.5_0.71mm_p,,2.521,xLSGS2,not previously published ,
ds_05,x9017,170914.04,6/29/1990,NA,SC,2.99,3.06,0.5,0.71,xLS012,diam_0.5_0.71mm_p,,5.103,xLSGS2,not previously published ,
ds_05,x9017,170914.05,6/29/1990,NA,SC,3.06,3.14,0.5,0.71,xLS012,diam_0.5_0.71mm_p,,0.395,xLSGS2,not previously published ,
ds_05,x9017,170914.06,6/29/1990,NA,SC,3.14,3.21,0.5,0.71,xLS012,diam_0.5_0.71mm_p,,0.033,xLSGS2,not previously published ,
ds_05,x9017,170914.07,6/29/1990,NA,SC,3.22,3.29,0.5,0.71,xLS012,diam_0.5_0.71mm_p,,0.155,xLSGS2,not previously published ,
ds_05,x9017,170914.08,6/29/1990,NA,SC,3.3,3.37,0.5,0.71,xLS012,diam_0.5_0.71mm_p,,0.399,xLSGS2,not previously published ,
ds_05,x9017,170914.09,6/29/1990,NA,SC,3.37,3.45,0.5,0.71,xLS012,diam_0.5_0.71mm_p,,0.047,xLSGS2,not previously published ,
ds_05,x9017,170914.1,6/29/1990,NA,SC,3.45,3.53,0.5,0.71,xLS012,diam_0.5_0.71mm_p,,0.732,xLSGS2,not previously published ,
ds_05,x9017,170914.11,6/29/1990,NA,SC,3.53,3.6,0.5,0.71,xLS012,diam_0.5_0.71mm_p,,3.675,xLSGS2,not previously published ,
ds_05,x9017,170914.12,6/29/1990,NA,SC,3.61,3.69,0.5,0.71,xLS012,diam_0.5_0.71mm_p,,2.709,xLSGS2,not previously published ,
ds_05,x9017,170914.13,6/29/1990,NA,SC,3.69,3.76,0.5,0.71,xLS012,diam_0.5_0.71mm_p,,4.181,xLSGS2,not previously published ,
ds_05,x9017,170914.14,6/29/1990,NA,SC,3.77,3.84,0.5,0.71,xLS012,diam_0.5_0.71mm_p,,6.465,xLSGS2,not previously published ,
ds_05,x9017,171419.01,6/29/1990,NA,SC,4.27,4.34,0.5,0.71,xLS012,diam_0.5_0.71mm_p,,20.259,xLSGS2,not previously published ,
ds_05,x9017,171419.02,6/29/1990,NA,SC,4.35,4.42,0.5,0.71,xLS012,diam_0.5_0.71mm_p,,23.535,xLSGS2,not previously published ,
ds_05,x9017,171419.03,6/29/1990,NA,SC,4.43,4.51,0.5,0.71,xLS012,diam_0.5_0.71mm_p,,6.575,xLSGS2,not previously published ,
ds_05,x9017,171419.04,6/29/1990,NA,SC,4.51,4.59,0.5,0.71,xLS012,diam_0.5_0.71mm_p,,6.375,xLSGS2,not previously published ,
ds_05,x9017,171419.05,6/29/1990,NA,SC,4.59,4.67,0.5,0.71,xLS012,diam_0.5_0.71mm_p,,17.581,xLSGS2,not previously published ,
ds_05,x9017,171419.06,6/29/1990,NA,SC,4.67,4.75,0.5,0.71,xLS012,diam_0.5_0.71mm_p,,24.396,xLSGS2,not previously published ,
ds_05,x9017,171419.07,6/29/1990,NA,SC,4.76,4.83,0.5,0.71,xLS012,diam_0.5_0.71mm_p,,11.277,xLSGS2,not previously published ,
ds_05,x9017,171419.08,6/29/1990,NA,SC,4.84,4.92,0.5,0.71,xLS012,diam_0.5_0.71mm_p,,4.319,xLSGS2,not previously published ,
ds_05,x9017,171419.09,6/29/1990,NA,SC,4.92,5,0.5,0.71,xLS012,diam_0.5_0.71mm_p,,12.388,xLSGS2,not previously published ,
ds_05,x9017,171419.1,6/29/1990,NA,SC,5.01,5.09,0.5,0.71,xLS012,diam_0.5_0.71mm_p,,17.999,xLSGS2,not previously published ,
ds_05,x9017,171419.11,6/29/1990,NA,SC,5.09,5.18,0.5,0.71,xLS012,diam_0.5_0.71mm_p,,6.5,xLSGS2,not previously published ,
ds_05,x9017,171419.12,6/29/1990,NA,SC,5.18,5.26,0.5,0.71,xLS012,diam_0.5_0.71mm_p,,6.067,xLSGS2,not previously published ,
ds_05,x9017,171924.01,6/29/1990,NA,SC,5.79,5.87,0.5,0.71,xLS012,diam_0.5_0.71mm_p,,1.792,xLSGS2,not previously published ,
ds_05,x9017,171924.02,6/29/1990,NA,SC,5.87,5.95,0.5,0.71,xLS012,diam_0.5_0.71mm_p,,0.35,xLSGS2,not previously published ,
ds_05,x9017,171924.03,6/29/1990,NA,SC,5.95,6.03,0.5,0.71,xLS012,diam_0.5_0.71mm_p,,0.03,xLSGS2,not previously published ,
ds_05,x9017,171924.04,6/29/1990,NA,SC,6.03,6.11,0.5,0.71,xLS012,diam_0.5_0.71mm_p,,0.008,xLSGS2,not previously published ,
ds_05,x9017,171924.05,6/29/1990,NA,SC,6.11,6.19,0.5,0.71,xLS012,diam_0.5_0.71mm_p,,0.009,xLSGS2,not previously published ,
ds_05,x9017,171924.06,6/29/1990,NA,SC,6.19,6.27,0.5,0.71,xLS012,diam_0.5_0.71mm_p,,0.004,xLSGS2,not previously published ,
ds_05,x9017,171924.07,6/29/1990,NA,SC,6.27,6.35,0.5,0.71,xLS012,diam_0.5_0.71mm_p,,0.009,xLSGS2,not previously published ,
ds_05,x9017,171924.08,6/29/1990,NA,SC,6.36,6.43,0.5,0.71,xLS012,diam_0.5_0.71mm_p,,0.009,xLSGS2,not previously published ,
ds_05,x9017,171924.09,6/29/1990,NA,SC,6.44,6.52,0.5,0.71,xLS012,diam_0.5_0.71mm_p,,0.075,xLSGS2,not previously published ,
ds_05,x9017,171924.1,6/29/1990,NA,SC,6.52,6.59,0.5,0.71,xLS012,diam_0.5_0.71mm_p,,0.01,xLSGS2,not previously published ,
ds_05,x9017,171924.11,6/29/1990,NA,SC,6.6,6.67,0.5,0.71,xLS012,diam_0.5_0.71mm_p,,0.009,xLSGS2,not previously published ,
ds_05,x9017,171924.12,6/29/1990,NA,SC,6.68,6.76,0.5,0.71,xLS012,diam_0.5_0.71mm_p,,0.164,xLSGS2,not previously published ,
ds_05,x9017,171924.13,6/29/1990,NA,SC,6.76,6.84,0.5,0.71,xLS012,diam_0.5_0.71mm_p,,0.178,xLSGS2,not previously published ,
ds_05,x9017,171924.14,6/29/1990,NA,SC,6.84,6.9,0.5,0.71,xLS012,diam_0.5_0.71mm_p,,0.013,xLSGS2,not previously published ,
ds_05,x9018,181419.03,6/29/1990,NA,SC,4.43,4.51,0.5,0.71,xLS012,diam_0.5_0.71mm_p,,3.883,xLSGS2,not previously published ,
ds_05,x9018,181419.04,6/29/1990,NA,SC,4.51,4.58,0.5,0.71,xLS012,diam_0.5_0.71mm_p,,3.321,xLSGS2,not previously published ,
ds_05,x9018,181419.05,6/29/1990,NA,SC,4.59,4.66,0.5,0.71,xLS012,diam_0.5_0.71mm_p,,5.864,xLSGS2,not previously published ,
ds_05,x9018,181419.06,6/29/1990,NA,SC,4.67,4.74,0.5,0.71,xLS012,diam_0.5_0.71mm_p,,8.637,xLSGS2,not previously published ,
ds_05,x9018,181419.07,6/29/1990,NA,SC,4.75,4.82,0.5,0.71,xLS012,diam_0.5_0.71mm_p,,4.792,xLSGS2,not previously published ,
ds_05,x9018,181419.08,6/29/1990,NA,SC,4.82,4.9,0.5,0.71,xLS012,diam_0.5_0.71mm_p,,3.707,xLSGS2,not previously published ,
ds_05,x9018,181419.09,6/29/1990,NA,SC,4.9,4.97,0.5,0.71,xLS012,diam_0.5_0.71mm_p,,8.06,xLSGS2,not previously published ,
ds_05,x9018,181419.1,6/29/1990,NA,SC,4.98,5.06,0.5,0.71,xLS012,diam_0.5_0.71mm_p,,6.588,xLSGS2,not previously published ,
ds_05,x9018,180914.01,6/29/1990,NA,SC,2.74,2.82,0.5,0.71,xLS012,diam_0.5_0.71mm_p,,5.538,xLSGS2,not previously published ,
ds_05,x9018,180914.02,6/29/1990,NA,SC,2.83,2.9,0.5,0.71,xLS012,diam_0.5_0.71mm_p,,6.451,xLSGS2,not previously published ,
ds_05,x9018,180914.03,6/29/1990,NA,SC,2.9,2.98,0.5,0.71,xLS012,diam_0.5_0.71mm_p,,14.443,xLSGS2,not previously published ,
ds_05,x9018,180914.04,6/29/1990,NA,SC,2.98,3.06,0.5,0.71,xLS012,diam_0.5_0.71mm_p,,2.104,xLSGS2,not previously published ,
ds_05,x9018,180914.05,6/29/1990,NA,SC,3.06,3.13,0.5,0.71,xLS012,diam_0.5_0.71mm_p,,0.593,xLSGS2,not previously published ,
ds_05,x9018,180914.06,6/29/1990,NA,SC,3.14,3.21,0.5,0.71,xLS012,diam_0.5_0.71mm_p,,0.941,xLSGS2,not previously published ,
ds_05,x9018,180914.07,6/29/1990,NA,SC,3.21,3.29,0.5,0.71,xLS012,diam_0.5_0.71mm_p,,3.455,xLSGS2,not previously published ,
ds_05,x9018,180914.08,6/29/1990,NA,SC,3.29,3.37,0.5,0.71,xLS012,diam_0.5_0.71mm_p,,2.754,xLSGS2,not previously published ,
ds_05,x9018,180914.09,6/29/1990,NA,SC,3.37,3.45,0.5,0.71,xLS012,diam_0.5_0.71mm_p,,3.819,xLSGS2,not previously published ,
ds_05,x9018,180914.1,6/29/1990,NA,SC,3.45,3.53,0.5,0.71,xLS012,diam_0.5_0.71mm_p,,3.385,xLSGS2,not previously published ,
ds_05,x9018,180914.11,6/29/1990,NA,SC,3.53,3.61,0.5,0.71,xLS012,diam_0.5_0.71mm_p,,4.172,xLSGS2,not previously published ,
ds_05,x9018,180914.12,6/29/1990,NA,SC,3.61,3.69,0.5,0.71,xLS012,diam_0.5_0.71mm_p,,9.012,xLSGS2,not previously published ,
ds_05,x9018,180914.13,6/29/1990,NA,SC,3.69,3.77,0.5,0.71,xLS012,diam_0.5_0.71mm_p,,9.64,xLSGS2,not previously published ,
ds_05,x9018,180914.14,6/29/1990,NA,SC,3.77,3.85,0.5,0.71,xLS012,diam_0.5_0.71mm_p,,0.687,xLSGS2,not previously published ,
ds_05,x9018,180914.15,6/29/1990,NA,SC,3.85,3.93,0.5,0.71,xLS012,diam_0.5_0.71mm_p,,7.706,xLSGS2,not previously published ,
ds_05,x9018,180914.16,6/29/1990,NA,SC,3.93,4.01,0.5,0.71,xLS012,diam_0.5_0.71mm_p,,0.967,xLSGS2,not previously published ,
ds_05,x9018,181419.01,6/29/1990,NA,SC,4.27,4.34,0.5,0.71,xLS012,diam_0.5_0.71mm_p,,6.579,xLSGS2,not previously published ,
ds_05,x9018,181419.02,6/29/1990,NA,SC,4.35,4.42,0.5,0.71,xLS012,diam_0.5_0.71mm_p,,8.342,xLSGS2,not previously published ,
ds_05,x9018,181924.02,6/29/1990,NA,SC,5.87,5.95,0.5,0.71,xLS012,diam_0.5_0.71mm_p,,2.131,xLSGS2,not previously published ,
ds_05,x9018,181924.03,6/29/1990,NA,SC,5.95,6.03,0.5,0.71,xLS012,diam_0.5_0.71mm_p,,5.118,xLSGS2,not previously published ,
ds_05,x9018,181924.05,6/29/1990,NA,SC,6.12,6.2,0.5,0.71,xLS012,diam_0.5_0.71mm_p,,7.111,xLSGS2,not previously published ,
ds_05,x9018,181419.14,6/29/1990,NA,SC,5.31,5.4,0.5,0.71,xLS012,diam_0.5_0.71mm_p,,1.346,xLSGS2,not previously published ,
ds_05,x9018,181924.06,6/29/1990,NA,SC,6.2,6.26,0.5,0.71,xLS012,diam_0.5_0.71mm_p,,6.335,xLSGS2,not previously published ,
ds_05,x9018,181924.07,6/29/1990,NA,SC,6.26,6.34,0.5,0.71,xLS012,diam_0.5_0.71mm_p,,0.018,xLSGS2,not previously published ,
ds_05,x9018,181924.08,6/29/1990,NA,SC,6.35,6.4,0.5,0.71,xLS012,diam_0.5_0.71mm_p,,0.006,xLSGS2,not previously published ,
ds_05,x9018,181924.04,6/29/1990,NA,SC,6.03,6.11,0.5,0.71,xLS012,diam_0.5_0.71mm_p,,9.093,xLSGS2,not previously published ,
ds_05,x9018,181419.11,6/29/1990,NA,SC,5.06,5.14,0.5,0.71,xLS012,diam_0.5_0.71mm_p,,10.616,xLSGS2,not previously published ,
ds_05,x9018,181419.12,6/29/1990,NA,SC,5.14,5.22,0.5,0.71,xLS012,diam_0.5_0.71mm_p,,2.861,xLSGS2,not previously published ,
ds_05,x9018,181419.13,6/29/1990,NA,SC,5.23,5.3,0.5,0.71,xLS012,diam_0.5_0.71mm_p,,3.496,xLSGS2,not previously published ,
ds_05,x9018,181924.01,6/29/1990,NA,SC,5.79,5.87,0.5,0.71,xLS012,diam_0.5_0.71mm_p,,2.604,xLSGS2,not previously published ,
ds_05,x9013,132530.03,6/27/1990,NA,SC,7.77,7.85,0.355,0.5,xLS013,diam_0.355_0.5mm_p,,0.67,xLSGS2,not previously published ,
ds_05,x9013,132530.04,6/27/1990,NA,SC,7.85,7.93,0.355,0.5,xLS013,diam_0.355_0.5mm_p,,0.23,xLSGS2,not previously published ,
ds_05,x9013,132530.01,6/27/1990,NA,SC,7.62,7.69,0.355,0.5,xLS013,diam_0.355_0.5mm_p,,11.87,xLSGS2,not previously published ,
ds_05,x9013,132530.02,6/27/1990,NA,SC,7.69,7.77,0.355,0.5,xLS013,diam_0.355_0.5mm_p,,0.08,xLSGS2,not previously published ,
ds_05,x9013,133035.03,6/27/1990,NA,SC,9.31,9.38,0.355,0.5,xLS013,diam_0.355_0.5mm_p,,8.32,xLSGS2,not previously published ,
ds_05,x9013,133035.04,6/27/1990,NA,SC,9.39,9.46,0.355,0.5,xLS013,diam_0.355_0.5mm_p,,4.03,xLSGS2,not previously published ,
ds_05,x9013,132530.05,6/27/1990,NA,SC,7.94,8.01,0.355,0.5,xLS013,diam_0.355_0.5mm_p,,3,xLSGS2,not previously published ,
ds_05,x9013,132530.06,6/27/1990,NA,SC,8.02,8.09,0.355,0.5,xLS013,diam_0.355_0.5mm_p,,0.23,xLSGS2,not previously published ,
ds_05,x9013,132530.07,6/27/1990,NA,SC,8.1,8.17,0.355,0.5,xLS013,diam_0.355_0.5mm_p,,2.72,xLSGS2,not previously published ,
ds_05,x9013,132530.08,6/27/1990,NA,SC,8.18,8.25,0.355,0.5,xLS013,diam_0.355_0.5mm_p,,6.34,xLSGS2,not previously published ,
ds_05,x9013,132530.09,6/27/1990,NA,SC,8.26,8.33,0.355,0.5,xLS013,diam_0.355_0.5mm_p,,8.23,xLSGS2,not previously published ,
ds_05,x9013,132530.1,6/27/1990,NA,SC,8.34,8.42,0.355,0.5,xLS013,diam_0.355_0.5mm_p,,6.07,xLSGS2,not previously published ,
ds_05,x9013,132530.11,6/27/1990,NA,SC,8.42,8.5,0.355,0.5,xLS013,diam_0.355_0.5mm_p,,2.67,xLSGS2,not previously published ,
ds_05,x9013,132530.12,6/27/1990,NA,SC,8.5,8.54,0.355,0.5,xLS013,diam_0.355_0.5mm_p,,21.55,xLSGS2,not previously published ,
ds_05,x9013,132530.14,6/27/1990,NA,SC,8.58,8.66,0.355,0.5,xLS013,diam_0.355_0.5mm_p,,0.77,xLSGS2,not previously published ,
ds_05,x9013,133035.01,6/27/1990,NA,SC,9.14,9.22,0.355,0.5,xLS013,diam_0.355_0.5mm_p,,8.59,xLSGS2,not previously published ,
ds_05,x9013,133035.02,6/27/1990,NA,SC,9.22,9.3,0.355,0.5,xLS013,diam_0.355_0.5mm_p,,3.91,xLSGS2,not previously published ,
ds_05,x9014,142025.07,6/27/1990,NA,SC,6.59,6.67,0.355,0.5,xLS013,diam_0.355_0.5mm_p,,7.783,xLSGS2,not previously published ,
ds_05,x9014,142025.08,6/27/1990,NA,SC,6.67,6.76,0.355,0.5,xLS013,diam_0.355_0.5mm_p,,1.256,xLSGS2,not previously published ,
ds_05,x9014,142025.09,6/27/1990,NA,SC,6.76,6.84,0.355,0.5,xLS013,diam_0.355_0.5mm_p,,0.128,xLSGS2,not previously published ,
ds_05,x9014,142025.1,6/27/1990,NA,SC,6.84,6.92,0.355,0.5,xLS013,diam_0.355_0.5mm_p,,0.564,xLSGS2,not previously published ,
ds_05,x9014,142025.11,6/27/1990,NA,SC,6.93,6.98,0.355,0.5,xLS013,diam_0.355_0.5mm_p,,0.259,xLSGS2,not previously published ,
ds_05,x9014,142530.01,6/27/1990,NA,SC,7.62,7.69,0.355,0.5,xLS013,diam_0.355_0.5mm_p,,26.525,xLSGS2,not previously published ,
ds_05,x9014,142530.02,6/27/1990,NA,SC,7.7,7.78,0.355,0.5,xLS013,diam_0.355_0.5mm_p,,9.457,xLSGS2,not previously published ,
ds_05,x9014,142530.03,6/27/1990,NA,SC,7.78,7.85,0.355,0.5,xLS013,diam_0.355_0.5mm_p,,7.045,xLSGS2,not previously published ,
ds_05,x9014,142530.04,6/27/1990,NA,SC,7.86,7.93,0.355,0.5,xLS013,diam_0.355_0.5mm_p,,3.69,xLSGS2,not previously published ,
ds_05,x9014,142530.05,6/27/1990,NA,SC,7.94,8.01,0.355,0.5,xLS013,diam_0.355_0.5mm_p,,4.097,xLSGS2,not previously published ,
ds_05,x9014,142530.06,6/27/1990,NA,SC,8.02,8.07,0.355,0.5,xLS013,diam_0.355_0.5mm_p,,1.817,xLSGS2,not previously published ,
ds_05,x9014,142530.07,6/27/1990,NA,SC,8.09,8.16,0.355,0.5,xLS013,diam_0.355_0.5mm_p,,1.326,xLSGS2,not previously published ,
ds_05,x9014,142530.08,6/27/1990,NA,SC,8.17,8.24,0.355,0.5,xLS013,diam_0.355_0.5mm_p,,1.161,xLSGS2,not previously published ,
ds_05,x9014,142530.09,6/27/1990,NA,SC,8.25,8.32,0.355,0.5,xLS013,diam_0.355_0.5mm_p,,2.698,xLSGS2,not previously published ,
ds_05,x9014,142530.1,6/27/1990,NA,SC,8.33,8.4,0.355,0.5,xLS013,diam_0.355_0.5mm_p,,4.343,xLSGS2,not previously published ,
ds_05,x9014,142530.11,6/27/1990,NA,SC,8.41,8.48,0.355,0.5,xLS013,diam_0.355_0.5mm_p,,4.38,xLSGS2,not previously published ,
ds_05,x9014,142530.12,6/27/1990,NA,SC,8.48,8.56,0.355,0.5,xLS013,diam_0.355_0.5mm_p,,0.517,xLSGS2,not previously published ,
ds_05,x9014,142530.13,6/27/1990,NA,SC,8.56,8.64,0.355,0.5,xLS013,diam_0.355_0.5mm_p,,0.198,xLSGS2,not previously published ,
ds_05,x9014,142530.14,6/27/1990,NA,SC,8.64,8.72,0.355,0.5,xLS013,diam_0.355_0.5mm_p,,12.249,xLSGS2,not previously published ,
ds_05,x9014,142530.15,6/27/1990,NA,SC,8.73,8.78,0.355,0.5,xLS013,diam_0.355_0.5mm_p,,13.91,xLSGS2,not previously published ,
ds_05,x9014,143035.01,6/27/1990,NA,SC,9.14,9.22,0.355,0.5,xLS013,diam_0.355_0.5mm_p,,8.739,xLSGS2,not previously published ,
ds_05,x9014,143035.02,6/27/1990,NA,SC,9.22,9.3,0.355,0.5,xLS013,diam_0.355_0.5mm_p,,5.682,xLSGS2,not previously published ,
ds_05,x9014,143035.03,6/27/1990,NA,SC,9.3,9.38,0.355,0.5,xLS013,diam_0.355_0.5mm_p,,6.174,xLSGS2,not previously published ,
ds_05,x9014,143035.04,6/27/1990,NA,SC,9.38,9.46,0.355,0.5,xLS013,diam_0.355_0.5mm_p,,4.438,xLSGS2,not previously published ,
ds_05,x9014,143035.05,6/27/1990,NA,SC,9.46,9.54,0.355,0.5,xLS013,diam_0.355_0.5mm_p,,7.536,xLSGS2,not previously published ,
ds_05,x9014,143035.06,6/27/1990,NA,SC,9.54,9.61,0.355,0.5,xLS013,diam_0.355_0.5mm_p,,8.071,xLSGS2,not previously published ,
ds_05,x9014,143035.07,6/27/1990,NA,SC,9.62,9.69,0.355,0.5,xLS013,diam_0.355_0.5mm_p,,13.814,xLSGS2,not previously published ,
ds_05,x9014,143035.08,6/27/1990,NA,SC,9.7,9.77,0.355,0.5,xLS013,diam_0.355_0.5mm_p,,10.172,xLSGS2,not previously published ,
ds_05,x9014,143035.09,6/27/1990,NA,SC,9.77,9.85,0.355,0.5,xLS013,diam_0.355_0.5mm_p,,17.346,xLSGS2,not previously published ,
ds_05,x9014,143035.1,6/27/1990,NA,SC,9.85,9.92,0.355,0.5,xLS013,diam_0.355_0.5mm_p,,20.947,xLSGS2,not previously published ,
ds_05,x9014,143035.11,6/27/1990,NA,SC,9.93,10.01,0.355,0.5,xLS013,diam_0.355_0.5mm_p,,23.113,xLSGS2,not previously published ,
ds_05,x9014,143035.12,6/27/1990,NA,SC,10.02,10.1,0.355,0.5,xLS013,diam_0.355_0.5mm_p,,16.694,xLSGS2,not previously published ,
ds_05,x9014,143035.13,6/27/1990,NA,SC,10.1,10.19,0.355,0.5,xLS013,diam_0.355_0.5mm_p,,16.383,xLSGS2,not previously published ,
ds_05,x9014,143035.14,6/27/1990,NA,SC,10.19,10.27,0.355,0.5,xLS013,diam_0.355_0.5mm_p,,14.882,xLSGS2,not previously published ,
ds_05,x9014,142025.01,6/27/1990,NA,SC,6.1,6.18,0.355,0.5,xLS013,diam_0.355_0.5mm_p,,26.39,xLSGS2,not previously published ,
ds_05,x9014,142025.02,6/27/1990,NA,SC,6.18,6.26,0.355,0.5,xLS013,diam_0.355_0.5mm_p,,0.218,xLSGS2,not previously published ,
ds_05,x9014,142025.03,6/27/1990,NA,SC,6.26,6.34,0.355,0.5,xLS013,diam_0.355_0.5mm_p,,0.064,xLSGS2,not previously published ,
ds_05,x9014,142025.04,6/27/1990,NA,SC,6.34,6.42,0.355,0.5,xLS013,diam_0.355_0.5mm_p,,0.045,xLSGS2,not previously published ,
ds_05,x9014,142025.05,6/27/1990,NA,SC,6.43,6.5,0.355,0.5,xLS013,diam_0.355_0.5mm_p,,0.054,xLSGS2,not previously published ,
ds_05,x9014,142025.06,6/27/1990,NA,SC,6.51,6.59,0.355,0.5,xLS013,diam_0.355_0.5mm_p,,3.521,xLSGS2,not previously published ,
ds_05,x9014,143035.15,6/27/1990,NA,SC,10.27,10.35,0.355,0.5,xLS013,diam_0.355_0.5mm_p,,0.758,xLSGS2,not previously published ,
ds_05,x9014,143035.16,6/27/1990,NA,SC,10.35,10.44,0.355,0.5,xLS013,diam_0.355_0.5mm_p,,8.837,xLSGS2,not previously published ,
ds_05,x9014,143035.17,6/27/1990,NA,SC,10.44,10.52,0.355,0.5,xLS013,diam_0.355_0.5mm_p,,23.456,xLSGS2,not previously published ,
ds_05,x9015,150105.04,6/27/1990,NA,SC,0.56,0.63,0.355,0.5,xLS013,diam_0.355_0.5mm_p,,23.316,xLSGS2,not previously published ,
ds_05,x9015,150105.05,6/27/1990,NA,SC,0.65,0.73,0.355,0.5,xLS013,diam_0.355_0.5mm_p,,22.129,xLSGS2,not previously published ,
ds_05,x9015,150105.06,6/27/1990,NA,SC,0.74,0.82,0.355,0.5,xLS013,diam_0.355_0.5mm_p,,22.898,xLSGS2,not previously published ,
ds_05,x9015,150105.07,6/27/1990,NA,SC,0.82,0.9,0.355,0.5,xLS013,diam_0.355_0.5mm_p,,22.336,xLSGS2,not previously published ,
ds_05,x9015,150105.08,6/27/1990,NA,SC,0.9,0.98,0.355,0.5,xLS013,diam_0.355_0.5mm_p,,22.05,xLSGS2,not previously published ,
ds_05,x9015,150105.09,6/27/1990,NA,SC,0.98,1.06,0.355,0.5,xLS013,diam_0.355_0.5mm_p,,22.377,xLSGS2,not previously published ,
ds_05,x9015,150105.1,6/27/1990,NA,SC,1.06,1.14,0.355,0.5,xLS013,diam_0.355_0.5mm_p,,21.524,xLSGS2,not previously published ,
ds_05,x9015,150105.11,6/27/1990,NA,SC,1.14,1.21,0.355,0.5,xLS013,diam_0.355_0.5mm_p,,20.369,xLSGS2,not previously published ,
ds_05,x9015,150510.01,6/27/1990,NA,SC,1.52,1.6,0.355,0.5,xLS013,diam_0.355_0.5mm_p,,16.271,xLSGS2,not previously published ,
ds_05,x9015,150510.02,6/27/1990,NA,SC,1.61,1.68,0.355,0.5,xLS013,diam_0.355_0.5mm_p,,15.139,xLSGS2,not previously published ,
ds_05,x9015,150510.03,6/27/1990,NA,SC,1.69,1.76,0.355,0.5,xLS013,diam_0.355_0.5mm_p,,21.776,xLSGS2,not previously published ,
ds_05,x9015,150510.04,6/27/1990,NA,SC,1.77,1.85,0.355,0.5,xLS013,diam_0.355_0.5mm_p,,22.728,xLSGS2,not previously published ,
ds_05,x9015,150510.05,6/27/1990,NA,SC,1.85,1.93,0.355,0.5,xLS013,diam_0.355_0.5mm_p,,26.051,xLSGS2,not previously published ,
ds_05,x9015,150510.06,6/27/1990,NA,SC,1.93,2.01,0.355,0.5,xLS013,diam_0.355_0.5mm_p,,15.459,xLSGS2,not previously published ,
ds_05,x9015,150510.07,6/27/1990,NA,SC,2.01,2.09,0.355,0.5,xLS013,diam_0.355_0.5mm_p,,12.741,xLSGS2,not previously published ,
ds_05,x9015,150510.08,6/27/1990,NA,SC,2.1,2.17,0.355,0.5,xLS013,diam_0.355_0.5mm_p,,11.959,xLSGS2,not previously published ,
ds_05,x9015,150510.09,6/27/1990,NA,SC,2.18,2.23,0.355,0.5,xLS013,diam_0.355_0.5mm_p,,15.317,xLSGS2,not previously published ,
ds_05,x9015,150510.1,6/27/1990,NA,SC,2.24,2.32,0.355,0.5,xLS013,diam_0.355_0.5mm_p,,9.046,xLSGS2,not previously published ,
ds_05,x9015,150510.11,6/27/1990,NA,SC,2.33,2.44,0.355,0.5,xLS013,diam_0.355_0.5mm_p,,16.061,xLSGS2,not previously published ,
ds_05,x9015,151015.01,6/27/1990,NA,SC,3.05,3.12,0.355,0.5,xLS013,diam_0.355_0.5mm_p,,13.923,xLSGS2,not previously published ,
ds_05,x9015,151015.02,6/27/1990,NA,SC,3.13,3.21,0.355,0.5,xLS013,diam_0.355_0.5mm_p,,8.975,xLSGS2,not previously published ,
ds_05,x9015,151015.03,6/27/1990,NA,SC,3.21,3.28,0.355,0.5,xLS013,diam_0.355_0.5mm_p,,20.29,xLSGS2,not previously published ,
ds_05,x9015,151015.04,6/27/1990,NA,SC,3.29,3.37,0.355,0.5,xLS013,diam_0.355_0.5mm_p,,20.635,xLSGS2,not previously published ,
ds_05,x9015,151015.05,6/27/1990,NA,SC,3.37,3.45,0.355,0.5,xLS013,diam_0.355_0.5mm_p,,11.936,xLSGS2,not previously published ,
ds_05,x9015,151015.06,6/27/1990,NA,SC,3.45,3.53,0.355,0.5,xLS013,diam_0.355_0.5mm_p,,8.923,xLSGS2,not previously published ,
ds_05,x9015,151015.07,6/27/1990,NA,SC,3.54,3.61,0.355,0.5,xLS013,diam_0.355_0.5mm_p,,11.962,xLSGS2,not previously published ,
ds_05,x9015,151015.08,6/27/1990,NA,SC,3.62,3.69,0.355,0.5,xLS013,diam_0.355_0.5mm_p,,13.594,xLSGS2,not previously published ,
ds_05,x9015,151015.09,6/27/1990,NA,SC,3.7,3.77,0.355,0.5,xLS013,diam_0.355_0.5mm_p,,14.981,xLSGS2,not previously published ,
ds_05,x9015,151015.1,6/27/1990,NA,SC,3.78,3.85,0.355,0.5,xLS013,diam_0.355_0.5mm_p,,17.634,xLSGS2,not previously published ,
ds_05,x9015,151015.11,6/27/1990,NA,SC,3.85,3.93,0.355,0.5,xLS013,diam_0.355_0.5mm_p,,23.294,xLSGS2,not previously published ,
ds_05,x9015,151015.12,6/27/1990,NA,SC,3.94,4.01,0.355,0.5,xLS013,diam_0.355_0.5mm_p,,13.004,xLSGS2,not previously published ,
ds_05,x9015,151015.13,6/27/1990,NA,SC,4.03,4.11,0.355,0.5,xLS013,diam_0.355_0.5mm_p,,18.204,xLSGS2,not previously published ,
ds_05,x9015,151015.14,6/27/1990,NA,SC,4.11,4.15,0.355,0.5,xLS013,diam_0.355_0.5mm_p,,9.151,xLSGS2,not previously published ,
ds_05,x9015,151520.01,6/27/1990,NA,SC,4.57,4.65,0.355,0.5,xLS013,diam_0.355_0.5mm_p,,4.747,xLSGS2,not previously published ,
ds_05,x9015,150105.01,6/27/1990,NA,SC,0.3,0.38,0.355,0.5,xLS013,diam_0.355_0.5mm_p,,21.272,xLSGS2,not previously published ,
ds_05,x9015,150105.02,6/27/1990,NA,SC,0.38,0.47,0.355,0.5,xLS013,diam_0.355_0.5mm_p,,22.403,xLSGS2,not previously published ,
ds_05,x9015,150105.03,6/27/1990,NA,SC,0.47,0.55,0.355,0.5,xLS013,diam_0.355_0.5mm_p,,24.515,xLSGS2,not previously published ,
ds_05,x9015,151520.13,6/27/1990,NA,SC,5.53,5.6,0.355,0.5,xLS013,diam_0.355_0.5mm_p,,29.241,xLSGS2,not previously published ,
ds_05,x9015,151520.14,6/27/1990,NA,SC,5.61,5.68,0.355,0.5,xLS013,diam_0.355_0.5mm_p,,28.3,xLSGS2,not previously published ,
ds_05,x9015,151520.15,6/27/1990,NA,SC,5.68,5.76,0.355,0.5,xLS013,diam_0.355_0.5mm_p,,29.659,xLSGS2,not previously published ,
ds_05,x9015,151520.16,6/27/1990,NA,SC,5.76,5.86,0.355,0.5,xLS013,diam_0.355_0.5mm_p,,10.912,xLSGS2,not previously published ,
ds_05,x9015,152025.01,6/27/1990,NA,SC,6.1,6.17,0.355,0.5,xLS013,diam_0.355_0.5mm_p,,11.659,xLSGS2,not previously published ,
ds_05,x9015,152025.02,6/27/1990,NA,SC,6.18,6.25,0.355,0.5,xLS013,diam_0.355_0.5mm_p,,21.808,xLSGS2,not previously published ,
ds_05,x9015,152025.03,6/27/1990,NA,SC,6.26,6.33,0.355,0.5,xLS013,diam_0.355_0.5mm_p,,31.182,xLSGS2,not previously published ,
ds_05,x9015,152025.04,6/27/1990,NA,SC,6.34,6.42,0.355,0.5,xLS013,diam_0.355_0.5mm_p,,31.799,xLSGS2,not previously published ,
ds_05,x9015,152025.05,6/27/1990,NA,SC,6.42,6.49,0.355,0.5,xLS013,diam_0.355_0.5mm_p,,33.124,xLSGS2,not previously published ,
ds_05,x9015,152025.06,6/27/1990,NA,SC,6.51,6.59,0.355,0.5,xLS013,diam_0.355_0.5mm_p,,30.382,xLSGS2,not previously published ,
ds_05,x9015,152025.07,6/27/1990,NA,SC,6.59,6.67,0.355,0.5,xLS013,diam_0.355_0.5mm_p,,23.58,xLSGS2,not previously published ,
ds_05,x9015,152025.08,6/27/1990,NA,SC,6.67,6.75,0.355,0.5,xLS013,diam_0.355_0.5mm_p,,25.295,xLSGS2,not previously published ,
ds_05,x9015,152025.09,6/27/1990,NA,SC,6.75,6.83,0.355,0.5,xLS013,diam_0.355_0.5mm_p,,25.363,xLSGS2,not previously published ,
ds_05,x9015,152025.1,6/27/1990,NA,SC,6.83,6.91,0.355,0.5,xLS013,diam_0.355_0.5mm_p,,5.896,xLSGS2,not previously published ,
ds_05,x9015,152025.11,6/27/1990,NA,SC,6.91,6.99,0.355,0.5,xLS013,diam_0.355_0.5mm_p,,1.745,xLSGS2,not previously published ,
ds_05,x9015,152025.12,6/27/1990,NA,SC,7,7.07,0.355,0.5,xLS013,diam_0.355_0.5mm_p,,3.055,xLSGS2,not previously published ,
ds_05,x9015,152025.13,6/27/1990,NA,SC,7.09,7.17,0.355,0.5,xLS013,diam_0.355_0.5mm_p,,3.533,xLSGS2,not previously published ,
ds_05,x9015,152530.01,6/27/1990,NA,SC,7.62,7.7,0.355,0.5,xLS013,diam_0.355_0.5mm_p,,14.301,xLSGS2,not previously published ,
ds_05,x9015,152530.02,6/27/1990,NA,SC,7.7,7.78,0.355,0.5,xLS013,diam_0.355_0.5mm_p,,13.072,xLSGS2,not previously published ,
ds_05,x9015,152530.03,6/27/1990,NA,SC,7.78,7.85,0.355,0.5,xLS013,diam_0.355_0.5mm_p,,3.562,xLSGS2,not previously published ,
ds_05,x9015,152530.04,6/27/1990,NA,SC,7.86,7.93,0.355,0.5,xLS013,diam_0.355_0.5mm_p,,0.135,xLSGS2,not previously published ,
ds_05,x9015,152530.05,6/27/1990,NA,SC,7.94,8.01,0.355,0.5,xLS013,diam_0.355_0.5mm_p,,0.061,xLSGS2,not previously published ,
ds_05,x9015,152530.06,6/27/1990,NA,SC,8.01,8.09,0.355,0.5,xLS013,diam_0.355_0.5mm_p,,0.041,xLSGS2,not previously published ,
ds_05,x9015,152530.07,6/27/1990,NA,SC,8.09,8.17,0.355,0.5,xLS013,diam_0.355_0.5mm_p,,0.027,xLSGS2,not previously published ,
ds_05,x9015,151520.02,6/27/1990,NA,SC,4.66,4.73,0.355,0.5,xLS013,diam_0.355_0.5mm_p,,4.545,xLSGS2,not previously published ,
ds_05,x9015,151520.03,6/27/1990,NA,SC,4.73,4.81,0.355,0.5,xLS013,diam_0.355_0.5mm_p,,5.769,xLSGS2,not previously published ,
ds_05,x9015,151520.04,6/27/1990,NA,SC,4.81,4.89,0.355,0.5,xLS013,diam_0.355_0.5mm_p,,1.306,xLSGS2,not previously published ,
ds_05,x9015,151520.05,6/27/1990,NA,SC,4.89,4.97,0.355,0.5,xLS013,diam_0.355_0.5mm_p,,4.021,xLSGS2,not previously published ,
ds_05,x9015,151520.06,6/27/1990,NA,SC,4.97,5.05,0.355,0.5,xLS013,diam_0.355_0.5mm_p,,15.136,xLSGS2,not previously published ,
ds_05,x9015,151520.07,6/27/1990,NA,SC,5.05,5.12,0.355,0.5,xLS013,diam_0.355_0.5mm_p,,13.206,xLSGS2,not previously published ,
ds_05,x9015,151520.08,6/27/1990,NA,SC,5.13,5.2,0.355,0.5,xLS013,diam_0.355_0.5mm_p,,17.085,xLSGS2,not previously published ,
ds_05,x9015,151520.09,6/27/1990,NA,SC,5.21,5.28,0.355,0.5,xLS013,diam_0.355_0.5mm_p,,13.348,xLSGS2,not previously published ,
ds_05,x9015,151520.1,6/27/1990,NA,SC,5.28,5.36,0.355,0.5,xLS013,diam_0.355_0.5mm_p,,14.552,xLSGS2,not previously published ,
ds_05,x9015,151520.11,6/27/1990,NA,SC,5.36,5.44,0.355,0.5,xLS013,diam_0.355_0.5mm_p,,15.055,xLSGS2,not previously published ,
ds_05,x9015,151520.12,6/27/1990,NA,SC,5.44,5.52,0.355,0.5,xLS013,diam_0.355_0.5mm_p,,20.891,xLSGS2,not previously published ,
ds_05,x9016,160510.01,6/28/1990,NA,SC,1.52,1.6,0.355,0.5,xLS013,diam_0.355_0.5mm_p,,15.543,xLSGS2,not previously published ,
ds_05,x9016,160510.02,6/28/1990,NA,SC,1.6,1.68,0.355,0.5,xLS013,diam_0.355_0.5mm_p,,15.836,xLSGS2,not previously published ,
ds_05,x9016,160510.03,6/28/1990,NA,SC,1.69,1.76,0.355,0.5,xLS013,diam_0.355_0.5mm_p,,15.984,xLSGS2,not previously published ,
ds_05,x9016,160510.04,6/28/1990,NA,SC,1.77,1.84,0.355,0.5,xLS013,diam_0.355_0.5mm_p,,15.813,xLSGS2,not previously published ,
ds_05,x9016,160510.05,6/28/1990,NA,SC,1.85,1.92,0.355,0.5,xLS013,diam_0.355_0.5mm_p,,16.028,xLSGS2,not previously published ,
ds_05,x9016,160510.12,6/28/1990,NA,SC,2.4,2.47,0.355,0.5,xLS013,diam_0.355_0.5mm_p,,16.14,xLSGS2,not previously published ,
ds_05,x9016,160510.13,6/28/1990,NA,SC,2.48,2.58,0.355,0.5,xLS013,diam_0.355_0.5mm_p,,14.487,xLSGS2,not previously published ,
ds_05,x9016,161013.01,6/28/1990,NA,SC,3.05,3.12,0.355,0.5,xLS013,diam_0.355_0.5mm_p,,16.131,xLSGS2,not previously published ,
ds_05,x9016,161013.02,6/28/1990,NA,SC,3.13,3.2,0.355,0.5,xLS013,diam_0.355_0.5mm_p,,15.303,xLSGS2,not previously published ,
ds_05,x9016,161013.03,6/28/1990,NA,SC,3.21,3.28,0.355,0.5,xLS013,diam_0.355_0.5mm_p,,16.128,xLSGS2,not previously published ,
ds_05,x9016,161013.04,6/28/1990,NA,SC,3.29,3.36,0.355,0.5,xLS013,diam_0.355_0.5mm_p,,16.495,xLSGS2,not previously published ,
ds_05,x9016,161013.05,6/28/1990,NA,SC,3.36,3.43,0.355,0.5,xLS013,diam_0.355_0.5mm_p,,15.177,xLSGS2,not previously published ,
ds_05,x9016,161013.06,6/28/1990,NA,SC,3.45,3.53,0.355,0.5,xLS013,diam_0.355_0.5mm_p,,15.803,xLSGS2,not previously published ,
ds_05,x9016,161013.07,6/28/1990,NA,SC,3.53,3.56,0.355,0.5,xLS013,diam_0.355_0.5mm_p,,14.367,xLSGS2,not previously published ,
ds_05,x9016,161013.08,6/28/1990,NA,SC,3.56,3.64,0.355,0.5,xLS013,diam_0.355_0.5mm_p,,14.501,xLSGS2,not previously published ,
ds_05,x9016,161013.09,6/28/1990,NA,SC,3.64,3.72,0.355,0.5,xLS013,diam_0.355_0.5mm_p,,3.296,xLSGS2,not previously published ,
ds_05,x9016,161013.1,6/28/1990,NA,SC,3.72,3.81,0.355,0.5,xLS013,diam_0.355_0.5mm_p,,2.53,xLSGS2,not previously published ,
ds_05,x9016,161418.01,6/28/1990,NA,SC,4.27,4.35,0.355,0.5,xLS013,diam_0.355_0.5mm_p,,5.068,xLSGS2,not previously published ,
ds_05,x9016,161418.02,6/28/1990,NA,SC,4.35,4.42,0.355,0.5,xLS013,diam_0.355_0.5mm_p,,5.76,xLSGS2,not previously published ,
ds_05,x9016,161418.03,6/28/1990,NA,SC,4.43,4.51,0.355,0.5,xLS013,diam_0.355_0.5mm_p,,0.516,xLSGS2,not previously published ,
ds_05,x9016,161418.04,6/28/1990,NA,SC,4.51,4.59,0.355,0.5,xLS013,diam_0.355_0.5mm_p,,0.101,xLSGS2,not previously published ,
ds_05,x9016,161418.05,6/28/1990,NA,SC,4.59,4.67,0.355,0.5,xLS013,diam_0.355_0.5mm_p,,0.06,xLSGS2,not previously published ,
ds_05,x9016,161418.06,6/28/1990,NA,SC,4.67,4.75,0.355,0.5,xLS013,diam_0.355_0.5mm_p,,0.446,xLSGS2,not previously published ,
ds_05,x9016,161418.07,6/28/1990,NA,SC,4.75,4.82,0.355,0.5,xLS013,diam_0.355_0.5mm_p,,3.213,xLSGS2,not previously published ,
ds_05,x9016,161418.08,6/28/1990,NA,SC,4.83,4.9,0.355,0.5,xLS013,diam_0.355_0.5mm_p,,0.229,xLSGS2,not previously published ,
ds_05,x9016,161418.09,6/28/1990,NA,SC,4.9,4.98,0.355,0.5,xLS013,diam_0.355_0.5mm_p,,0.105,xLSGS2,not previously published ,
ds_05,x9016,161418.1,6/28/1990,NA,SC,4.98,5.06,0.355,0.5,xLS013,diam_0.355_0.5mm_p,,0.489,xLSGS2,not previously published ,
ds_05,x9016,161418.11,6/28/1990,NA,SC,5.06,5.14,0.355,0.5,xLS013,diam_0.355_0.5mm_p,,10.16,xLSGS2,not previously published ,
ds_05,x9016,161418.12,6/28/1990,NA,SC,5.14,5.22,0.355,0.5,xLS013,diam_0.355_0.5mm_p,,10.663,xLSGS2,not previously published ,
ds_05,x9016,161418.13,6/28/1990,NA,SC,5.22,5.3,0.355,0.5,xLS013,diam_0.355_0.5mm_p,,16.068,xLSGS2,not previously published ,
ds_05,x9016,161418.14,6/28/1990,NA,SC,5.3,5.37,0.355,0.5,xLS013,diam_0.355_0.5mm_p,,18.597,xLSGS2,not previously published ,
ds_05,x9016,161924.01,6/28/1990,NA,SC,5.79,5.9,0.355,0.5,xLS013,diam_0.355_0.5mm_p,,33.087,xLSGS2,not previously published ,
ds_05,x9016,161924.02,6/28/1990,NA,SC,5.9,5.96,0.355,0.5,xLS013,diam_0.355_0.5mm_p,,39.072,xLSGS2,not previously published ,
ds_05,x9016,161924.03,6/28/1990,NA,SC,5.96,6.04,0.355,0.5,xLS013,diam_0.355_0.5mm_p,,21.447,xLSGS2,not previously published ,
ds_05,x9016,161924.04,6/28/1990,NA,SC,6.06,6.14,0.355,0.5,xLS013,diam_0.355_0.5mm_p,,0.09,xLSGS2,not previously published ,
ds_05,x9016,161924.05,6/28/1990,NA,SC,6.14,6.22,0.355,0.5,xLS013,diam_0.355_0.5mm_p,,5.94,xLSGS2,not previously published ,
ds_05,x9016,161924.06,6/28/1990,NA,SC,6.22,6.3,0.355,0.5,xLS013,diam_0.355_0.5mm_p,,16.555,xLSGS2,not previously published ,
ds_05,x9016,161924.07,6/28/1990,NA,SC,6.3,6.38,0.355,0.5,xLS013,diam_0.355_0.5mm_p,,18.256,xLSGS2,not previously published ,
ds_05,x9016,161924.08,6/28/1990,NA,SC,6.38,6.46,0.355,0.5,xLS013,diam_0.355_0.5mm_p,,22.194,xLSGS2,not previously published ,
ds_05,x9016,160510.06,6/28/1990,NA,SC,1.92,2,0.355,0.5,xLS013,diam_0.355_0.5mm_p,,15.216,xLSGS2,not previously published ,
ds_05,x9016,160510.07,6/28/1990,NA,SC,2,2.08,0.355,0.5,xLS013,diam_0.355_0.5mm_p,,16.069,xLSGS2,not previously published ,
ds_05,x9016,160510.08,6/28/1990,NA,SC,2.08,2.15,0.355,0.5,xLS013,diam_0.355_0.5mm_p,,16.254,xLSGS2,not previously published ,
ds_05,x9016,160510.09,6/28/1990,NA,SC,2.16,2.23,0.355,0.5,xLS013,diam_0.355_0.5mm_p,,15.277,xLSGS2,not previously published ,
ds_05,x9016,160510.1,6/28/1990,NA,SC,2.24,2.31,0.355,0.5,xLS013,diam_0.355_0.5mm_p,,15.086,xLSGS2,not previously published ,
ds_05,x9016,160510.11,6/28/1990,NA,SC,2.32,2.39,0.355,0.5,xLS013,diam_0.355_0.5mm_p,,15.31,xLSGS2,not previously published ,
ds_05,x9016,161924.09,6/28/1990,NA,SC,6.48,6.56,0.355,0.5,xLS013,diam_0.355_0.5mm_p,,22.614,xLSGS2,not previously published ,
ds_05,x9016,161924.1,6/28/1990,NA,SC,6.56,6.62,0.355,0.5,xLS013,diam_0.355_0.5mm_p,,0.903,xLSGS2,not previously published ,
ds_05,x9016,161924.11,6/28/1990,NA,SC,6.62,6.65,0.355,0.5,xLS013,diam_0.355_0.5mm_p,,0.856,xLSGS2,not previously published ,
ds_05,x9016,161924.12,6/28/1990,NA,SC,6.65,6.73,0.355,0.5,xLS013,diam_0.355_0.5mm_p,,0.018,xLSGS2,not previously published ,
ds_05,x9016,161924.13,6/28/1990,NA,SC,6.75,6.83,0.355,0.5,xLS013,diam_0.355_0.5mm_p,,0.07,xLSGS2,not previously published ,
ds_05,x9016,161924.14,6/28/1990,NA,SC,6.83,6.91,0.355,0.5,xLS013,diam_0.355_0.5mm_p,,0.311,xLSGS2,not previously published ,
ds_05,x9016,161924.15,6/28/1990,NA,SC,6.91,6.99,0.355,0.5,xLS013,diam_0.355_0.5mm_p,,0.018,xLSGS2,not previously published ,
ds_05,x9016,161924.16,6/28/1990,NA,SC,6.99,7.07,0.355,0.5,xLS013,diam_0.355_0.5mm_p,,0.886,xLSGS2,not previously published ,
ds_05,x9016,161924.17,6/28/1990,NA,SC,7.07,7.15,0.355,0.5,xLS013,diam_0.355_0.5mm_p,,0.26,xLSGS2,not previously published ,
ds_05,x9016,161924.18,6/28/1990,NA,SC,7.15,7.24,0.355,0.5,xLS013,diam_0.355_0.5mm_p,,0.048,xLSGS2,not previously published ,
ds_05,x9017,171419.13,6/29/1990,NA,SC,5.27,5.34,0.355,0.5,xLS013,diam_0.355_0.5mm_p,,17.056,xLSGS2,not previously published ,
ds_05,x9017,171419.14,6/29/1990,NA,SC,5.35,5.42,0.355,0.5,xLS013,diam_0.355_0.5mm_p,,21.344,xLSGS2,not previously published ,
ds_05,x9017,171419.15,6/29/1990,NA,SC,5.43,5.49,0.355,0.5,xLS013,diam_0.355_0.5mm_p,,15.454,xLSGS2,not previously published ,
ds_05,x9017,171419.16,6/29/1990,NA,SC,5.49,5.55,0.355,0.5,xLS013,diam_0.355_0.5mm_p,,3.342,xLSGS2,not previously published ,
ds_05,x9017,170914.01,6/29/1990,NA,SC,2.74,2.82,0.355,0.5,xLS013,diam_0.355_0.5mm_p,,4.353,xLSGS2,not previously published ,
ds_05,x9017,170914.02,6/29/1990,NA,SC,2.82,2.9,0.355,0.5,xLS013,diam_0.355_0.5mm_p,,2.382,xLSGS2,not previously published ,
ds_05,x9017,170914.03,6/29/1990,NA,SC,2.91,2.98,0.355,0.5,xLS013,diam_0.355_0.5mm_p,,8.008,xLSGS2,not previously published ,
ds_05,x9017,170914.04,6/29/1990,NA,SC,2.99,3.06,0.355,0.5,xLS013,diam_0.355_0.5mm_p,,11.355,xLSGS2,not previously published ,
ds_05,x9017,170914.05,6/29/1990,NA,SC,3.06,3.14,0.355,0.5,xLS013,diam_0.355_0.5mm_p,,1.624,xLSGS2,not previously published ,
ds_05,x9017,170914.06,6/29/1990,NA,SC,3.14,3.21,0.355,0.5,xLS013,diam_0.355_0.5mm_p,,0.306,xLSGS2,not previously published ,
ds_05,x9017,170914.07,6/29/1990,NA,SC,3.22,3.29,0.355,0.5,xLS013,diam_0.355_0.5mm_p,,1.95,xLSGS2,not previously published ,
ds_05,x9017,170914.08,6/29/1990,NA,SC,3.3,3.37,0.355,0.5,xLS013,diam_0.355_0.5mm_p,,6.903,xLSGS2,not previously published ,
ds_05,x9017,170914.09,6/29/1990,NA,SC,3.37,3.45,0.355,0.5,xLS013,diam_0.355_0.5mm_p,,3.035,xLSGS2,not previously published ,
ds_05,x9017,170914.1,6/29/1990,NA,SC,3.45,3.53,0.355,0.5,xLS013,diam_0.355_0.5mm_p,,7.927,xLSGS2,not previously published ,
ds_05,x9017,170914.11,6/29/1990,NA,SC,3.53,3.6,0.355,0.5,xLS013,diam_0.355_0.5mm_p,,15.729,xLSGS2,not previously published ,
ds_05,x9017,170914.12,6/29/1990,NA,SC,3.61,3.69,0.355,0.5,xLS013,diam_0.355_0.5mm_p,,14.981,xLSGS2,not previously published ,
ds_05,x9017,170914.13,6/29/1990,NA,SC,3.69,3.76,0.355,0.5,xLS013,diam_0.355_0.5mm_p,,16.927,xLSGS2,not previously published ,
ds_05,x9017,170914.14,6/29/1990,NA,SC,3.77,3.84,0.355,0.5,xLS013,diam_0.355_0.5mm_p,,18.555,xLSGS2,not previously published ,
ds_05,x9017,171419.01,6/29/1990,NA,SC,4.27,4.34,0.355,0.5,xLS013,diam_0.355_0.5mm_p,,31.205,xLSGS2,not previously published ,
ds_05,x9017,171419.02,6/29/1990,NA,SC,4.35,4.42,0.355,0.5,xLS013,diam_0.355_0.5mm_p,,28.233,xLSGS2,not previously published ,
ds_05,x9017,171419.03,6/29/1990,NA,SC,4.43,4.51,0.355,0.5,xLS013,diam_0.355_0.5mm_p,,16.424,xLSGS2,not previously published ,
ds_05,x9017,171419.04,6/29/1990,NA,SC,4.51,4.59,0.355,0.5,xLS013,diam_0.355_0.5mm_p,,24.128,xLSGS2,not previously published ,
ds_05,x9017,171419.05,6/29/1990,NA,SC,4.59,4.67,0.355,0.5,xLS013,diam_0.355_0.5mm_p,,45.34,xLSGS2,not previously published ,
ds_05,x9017,171419.06,6/29/1990,NA,SC,4.67,4.75,0.355,0.5,xLS013,diam_0.355_0.5mm_p,,32.524,xLSGS2,not previously published ,
ds_05,x9017,171419.07,6/29/1990,NA,SC,4.76,4.83,0.355,0.5,xLS013,diam_0.355_0.5mm_p,,36.895,xLSGS2,not previously published ,
ds_05,x9017,171419.08,6/29/1990,NA,SC,4.84,4.92,0.355,0.5,xLS013,diam_0.355_0.5mm_p,,12.719,xLSGS2,not previously published ,
ds_05,x9017,171419.09,6/29/1990,NA,SC,4.92,5,0.355,0.5,xLS013,diam_0.355_0.5mm_p,,25.662,xLSGS2,not previously published ,
ds_05,x9017,171419.1,6/29/1990,NA,SC,5.01,5.09,0.355,0.5,xLS013,diam_0.355_0.5mm_p,,19.795,xLSGS2,not previously published ,
ds_05,x9017,171419.11,6/29/1990,NA,SC,5.09,5.18,0.355,0.5,xLS013,diam_0.355_0.5mm_p,,12.305,xLSGS2,not previously published ,
ds_05,x9017,171419.12,6/29/1990,NA,SC,5.18,5.26,0.355,0.5,xLS013,diam_0.355_0.5mm_p,,21.349,xLSGS2,not previously published ,
ds_05,x9017,171924.01,6/29/1990,NA,SC,5.79,5.87,0.355,0.5,xLS013,diam_0.355_0.5mm_p,,4.005,xLSGS2,not previously published ,
ds_05,x9017,171924.02,6/29/1990,NA,SC,5.87,5.95,0.355,0.5,xLS013,diam_0.355_0.5mm_p,,0.447,xLSGS2,not previously published ,
ds_05,x9017,171924.03,6/29/1990,NA,SC,5.95,6.03,0.355,0.5,xLS013,diam_0.355_0.5mm_p,,0.02,xLSGS2,not previously published ,
ds_05,x9017,171924.04,6/29/1990,NA,SC,6.03,6.11,0.355,0.5,xLS013,diam_0.355_0.5mm_p,,0.013,xLSGS2,not previously published ,
ds_05,x9017,171924.05,6/29/1990,NA,SC,6.11,6.19,0.355,0.5,xLS013,diam_0.355_0.5mm_p,,0.013,xLSGS2,not previously published ,
ds_05,x9017,171924.06,6/29/1990,NA,SC,6.19,6.27,0.355,0.5,xLS013,diam_0.355_0.5mm_p,,0.021,xLSGS2,not previously published ,
ds_05,x9017,171924.07,6/29/1990,NA,SC,6.27,6.35,0.355,0.5,xLS013,diam_0.355_0.5mm_p,,0.025,xLSGS2,not previously published ,
ds_05,x9017,171924.08,6/29/1990,NA,SC,6.36,6.43,0.355,0.5,xLS013,diam_0.355_0.5mm_p,,0.026,xLSGS2,not previously published ,
ds_05,x9017,171924.09,6/29/1990,NA,SC,6.44,6.52,0.355,0.5,xLS013,diam_0.355_0.5mm_p,,0.137,xLSGS2,not previously published ,
ds_05,x9017,171924.1,6/29/1990,NA,SC,6.52,6.59,0.355,0.5,xLS013,diam_0.355_0.5mm_p,,0.015,xLSGS2,not previously published ,
ds_05,x9017,171924.11,6/29/1990,NA,SC,6.6,6.67,0.355,0.5,xLS013,diam_0.355_0.5mm_p,,0.027,xLSGS2,not previously published ,
ds_05,x9017,171924.12,6/29/1990,NA,SC,6.68,6.76,0.355,0.5,xLS013,diam_0.355_0.5mm_p,,0.218,xLSGS2,not previously published ,
ds_05,x9017,171924.13,6/29/1990,NA,SC,6.76,6.84,0.355,0.5,xLS013,diam_0.355_0.5mm_p,,0.217,xLSGS2,not previously published ,
ds_05,x9017,171924.14,6/29/1990,NA,SC,6.84,6.9,0.355,0.5,xLS013,diam_0.355_0.5mm_p,,0.017,xLSGS2,not previously published ,
ds_05,x9018,181419.03,6/29/1990,NA,SC,4.43,4.51,0.355,0.5,xLS013,diam_0.355_0.5mm_p,,12.378,xLSGS2,not previously published ,
ds_05,x9018,181419.04,6/29/1990,NA,SC,4.51,4.58,0.355,0.5,xLS013,diam_0.355_0.5mm_p,,12.744,xLSGS2,not previously published ,
ds_05,x9018,181419.05,6/29/1990,NA,SC,4.59,4.66,0.355,0.5,xLS013,diam_0.355_0.5mm_p,,18.276,xLSGS2,not previously published ,
ds_05,x9018,181419.06,6/29/1990,NA,SC,4.67,4.74,0.355,0.5,xLS013,diam_0.355_0.5mm_p,,26.993,xLSGS2,not previously published ,
ds_05,x9018,181419.07,6/29/1990,NA,SC,4.75,4.82,0.355,0.5,xLS013,diam_0.355_0.5mm_p,,17.99,xLSGS2,not previously published ,
ds_05,x9018,181419.08,6/29/1990,NA,SC,4.82,4.9,0.355,0.5,xLS013,diam_0.355_0.5mm_p,,12.801,xLSGS2,not previously published ,
ds_05,x9018,181419.09,6/29/1990,NA,SC,4.9,4.97,0.355,0.5,xLS013,diam_0.355_0.5mm_p,,27.056,xLSGS2,not previously published ,
ds_05,x9018,181419.1,6/29/1990,NA,SC,4.98,5.06,0.355,0.5,xLS013,diam_0.355_0.5mm_p,,38.167,xLSGS2,not previously published ,
ds_05,x9018,180914.01,6/29/1990,NA,SC,2.74,2.82,0.355,0.5,xLS013,diam_0.355_0.5mm_p,,2.966,xLSGS2,not previously published ,
ds_05,x9018,180914.02,6/29/1990,NA,SC,2.83,2.9,0.355,0.5,xLS013,diam_0.355_0.5mm_p,,4.401,xLSGS2,not previously published ,
ds_05,x9018,180914.03,6/29/1990,NA,SC,2.9,2.98,0.355,0.5,xLS013,diam_0.355_0.5mm_p,,17.995,xLSGS2,not previously published ,
ds_05,x9018,180914.04,6/29/1990,NA,SC,2.98,3.06,0.355,0.5,xLS013,diam_0.355_0.5mm_p,,2.091,xLSGS2,not previously published ,
ds_05,x9018,180914.05,6/29/1990,NA,SC,3.06,3.13,0.355,0.5,xLS013,diam_0.355_0.5mm_p,,2.597,xLSGS2,not previously published ,
ds_05,x9018,180914.06,6/29/1990,NA,SC,3.14,3.21,0.355,0.5,xLS013,diam_0.355_0.5mm_p,,5.242,xLSGS2,not previously published ,
ds_05,x9018,180914.07,6/29/1990,NA,SC,3.21,3.29,0.355,0.5,xLS013,diam_0.355_0.5mm_p,,9.583,xLSGS2,not previously published ,
ds_05,x9018,180914.08,6/29/1990,NA,SC,3.29,3.37,0.355,0.5,xLS013,diam_0.355_0.5mm_p,,12.809,xLSGS2,not previously published ,
ds_05,x9018,180914.09,6/29/1990,NA,SC,3.37,3.45,0.355,0.5,xLS013,diam_0.355_0.5mm_p,,12.09,xLSGS2,not previously published ,
ds_05,x9018,180914.1,6/29/1990,NA,SC,3.45,3.53,0.355,0.5,xLS013,diam_0.355_0.5mm_p,,11.481,xLSGS2,not previously published ,
ds_05,x9018,180914.11,6/29/1990,NA,SC,3.53,3.61,0.355,0.5,xLS013,diam_0.355_0.5mm_p,,17.53,xLSGS2,not previously published ,
ds_05,x9018,180914.12,6/29/1990,NA,SC,3.61,3.69,0.355,0.5,xLS013,diam_0.355_0.5mm_p,,16.723,xLSGS2,not previously published ,
ds_05,x9018,180914.13,6/29/1990,NA,SC,3.69,3.77,0.355,0.5,xLS013,diam_0.355_0.5mm_p,,25.035,xLSGS2,not previously published ,
ds_05,x9018,180914.14,6/29/1990,NA,SC,3.77,3.85,0.355,0.5,xLS013,diam_0.355_0.5mm_p,,2.142,xLSGS2,not previously published ,
ds_05,x9018,180914.15,6/29/1990,NA,SC,3.85,3.93,0.355,0.5,xLS013,diam_0.355_0.5mm_p,,21.104,xLSGS2,not previously published ,
ds_05,x9018,180914.16,6/29/1990,NA,SC,3.93,4.01,0.355,0.5,xLS013,diam_0.355_0.5mm_p,,7.277,xLSGS2,not previously published ,
ds_05,x9018,181419.01,6/29/1990,NA,SC,4.27,4.34,0.355,0.5,xLS013,diam_0.355_0.5mm_p,,14.944,xLSGS2,not previously published ,
ds_05,x9018,181419.02,6/29/1990,NA,SC,4.35,4.42,0.355,0.5,xLS013,diam_0.355_0.5mm_p,,17.489,xLSGS2,not previously published ,
ds_05,x9018,181924.02,6/29/1990,NA,SC,5.87,5.95,0.355,0.5,xLS013,diam_0.355_0.5mm_p,,14.111,xLSGS2,not previously published ,
ds_05,x9018,181924.03,6/29/1990,NA,SC,5.95,6.03,0.355,0.5,xLS013,diam_0.355_0.5mm_p,,15.42,xLSGS2,not previously published ,
ds_05,x9018,181924.05,6/29/1990,NA,SC,6.12,6.2,0.355,0.5,xLS013,diam_0.355_0.5mm_p,,16.034,xLSGS2,not previously published ,
ds_05,x9018,181419.14,6/29/1990,NA,SC,5.31,5.4,0.355,0.5,xLS013,diam_0.355_0.5mm_p,,7.21,xLSGS2,not previously published ,
ds_05,x9018,181924.06,6/29/1990,NA,SC,6.2,6.26,0.355,0.5,xLS013,diam_0.355_0.5mm_p,,13.943,xLSGS2,not previously published ,
ds_05,x9018,181924.07,6/29/1990,NA,SC,6.26,6.34,0.355,0.5,xLS013,diam_0.355_0.5mm_p,,0.082,xLSGS2,not previously published ,
ds_05,x9018,181924.08,6/29/1990,NA,SC,6.35,6.4,0.355,0.5,xLS013,diam_0.355_0.5mm_p,,0.013,xLSGS2,not previously published ,
ds_05,x9018,181924.04,6/29/1990,NA,SC,6.03,6.11,0.355,0.5,xLS013,diam_0.355_0.5mm_p,,13.851,xLSGS2,not previously published ,
ds_05,x9018,181419.11,6/29/1990,NA,SC,5.06,5.14,0.355,0.5,xLS013,diam_0.355_0.5mm_p,,36.375,xLSGS2,not previously published ,
ds_05,x9018,181419.12,6/29/1990,NA,SC,5.14,5.22,0.355,0.5,xLS013,diam_0.355_0.5mm_p,,24.948,xLSGS2,not previously published ,
ds_05,x9018,181419.13,6/29/1990,NA,SC,5.23,5.3,0.355,0.5,xLS013,diam_0.355_0.5mm_p,,10.874,xLSGS2,not previously published ,
ds_05,x9018,181924.01,6/29/1990,NA,SC,5.79,5.87,0.355,0.5,xLS013,diam_0.355_0.5mm_p,,11.694,xLSGS2,not previously published ,
ds_05,x9013,132530.03,6/27/1990,NA,SC,7.77,7.85,0.25,0.355,xLS014,diam_0.25_0.355mm_p,,2.82,xLSGS2,not previously published ,
ds_05,x9013,132530.04,6/27/1990,NA,SC,7.85,7.93,0.25,0.355,xLS014,diam_0.25_0.355mm_p,,1.7,xLSGS2,not previously published ,
ds_05,x9013,132530.01,6/27/1990,NA,SC,7.62,7.69,0.25,0.355,xLS014,diam_0.25_0.355mm_p,,5.6,xLSGS2,not previously published ,
ds_05,x9013,132530.02,6/27/1990,NA,SC,7.69,7.77,0.25,0.355,xLS014,diam_0.25_0.355mm_p,,0.37,xLSGS2,not previously published ,
ds_05,x9013,133035.03,6/27/1990,NA,SC,9.31,9.38,0.25,0.355,xLS014,diam_0.25_0.355mm_p,,14.22,xLSGS2,not previously published ,
ds_05,x9013,133035.04,6/27/1990,NA,SC,9.39,9.46,0.25,0.355,xLS014,diam_0.25_0.355mm_p,,8.73,xLSGS2,not previously published ,
ds_05,x9013,132530.05,6/27/1990,NA,SC,7.94,8.01,0.25,0.355,xLS014,diam_0.25_0.355mm_p,,13.18,xLSGS2,not previously published ,
ds_05,x9013,132530.06,6/27/1990,NA,SC,8.02,8.09,0.25,0.355,xLS014,diam_0.25_0.355mm_p,,1,xLSGS2,not previously published ,
ds_05,x9013,132530.07,6/27/1990,NA,SC,8.1,8.17,0.25,0.355,xLS014,diam_0.25_0.355mm_p,,21.16,xLSGS2,not previously published ,
ds_05,x9013,132530.08,6/27/1990,NA,SC,8.18,8.25,0.25,0.355,xLS014,diam_0.25_0.355mm_p,,18.98,xLSGS2,not previously published ,
ds_05,x9013,132530.09,6/27/1990,NA,SC,8.26,8.33,0.25,0.355,xLS014,diam_0.25_0.355mm_p,,21.91,xLSGS2,not previously published ,
ds_05,x9013,132530.1,6/27/1990,NA,SC,8.34,8.42,0.25,0.355,xLS014,diam_0.25_0.355mm_p,,19.94,xLSGS2,not previously published ,
ds_05,x9013,132530.11,6/27/1990,NA,SC,8.42,8.5,0.25,0.355,xLS014,diam_0.25_0.355mm_p,,9.13,xLSGS2,not previously published ,
ds_05,x9013,132530.12,6/27/1990,NA,SC,8.5,8.54,0.25,0.355,xLS014,diam_0.25_0.355mm_p,,29.32,xLSGS2,not previously published ,
ds_05,x9013,132530.14,6/27/1990,NA,SC,8.58,8.66,0.25,0.355,xLS014,diam_0.25_0.355mm_p,,4.15,xLSGS2,not previously published ,
ds_05,x9013,133035.01,6/27/1990,NA,SC,9.14,9.22,0.25,0.355,xLS014,diam_0.25_0.355mm_p,,14.58,xLSGS2,not previously published ,
ds_05,x9013,133035.02,6/27/1990,NA,SC,9.22,9.3,0.25,0.355,xLS014,diam_0.25_0.355mm_p,,11.58,xLSGS2,not previously published ,
ds_05,x9014,142025.07,6/27/1990,NA,SC,6.59,6.67,0.25,0.355,xLS014,diam_0.25_0.355mm_p,,5.244,xLSGS2,not previously published ,
ds_05,x9014,142025.08,6/27/1990,NA,SC,6.67,6.76,0.25,0.355,xLS014,diam_0.25_0.355mm_p,,1.742,xLSGS2,not previously published ,
ds_05,x9014,142025.09,6/27/1990,NA,SC,6.76,6.84,0.25,0.355,xLS014,diam_0.25_0.355mm_p,,0.457,xLSGS2,not previously published ,
ds_05,x9014,142025.1,6/27/1990,NA,SC,6.84,6.92,0.25,0.355,xLS014,diam_0.25_0.355mm_p,,1.087,xLSGS2,not previously published ,
ds_05,x9014,142025.11,6/27/1990,NA,SC,6.93,6.98,0.25,0.355,xLS014,diam_0.25_0.355mm_p,,1.723,xLSGS2,not previously published ,
ds_05,x9014,142530.01,6/27/1990,NA,SC,7.62,7.69,0.25,0.355,xLS014,diam_0.25_0.355mm_p,,37.75,xLSGS2,not previously published ,
ds_05,x9014,142530.02,6/27/1990,NA,SC,7.7,7.78,0.25,0.355,xLS014,diam_0.25_0.355mm_p,,21.94,xLSGS2,not previously published ,
ds_05,x9014,142530.03,6/27/1990,NA,SC,7.78,7.85,0.25,0.355,xLS014,diam_0.25_0.355mm_p,,33.486,xLSGS2,not previously published ,
ds_05,x9014,142530.04,6/27/1990,NA,SC,7.86,7.93,0.25,0.355,xLS014,diam_0.25_0.355mm_p,,19.364,xLSGS2,not previously published ,
ds_05,x9014,142530.05,6/27/1990,NA,SC,7.94,8.01,0.25,0.355,xLS014,diam_0.25_0.355mm_p,,19.257,xLSGS2,not previously published ,
ds_05,x9014,142530.06,6/27/1990,NA,SC,8.02,8.07,0.25,0.355,xLS014,diam_0.25_0.355mm_p,,17.229,xLSGS2,not previously published ,
ds_05,x9014,142530.07,6/27/1990,NA,SC,8.09,8.16,0.25,0.355,xLS014,diam_0.25_0.355mm_p,,22.369,xLSGS2,not previously published ,
ds_05,x9014,142530.08,6/27/1990,NA,SC,8.17,8.24,0.25,0.355,xLS014,diam_0.25_0.355mm_p,,24.472,xLSGS2,not previously published ,
ds_05,x9014,142530.09,6/27/1990,NA,SC,8.25,8.32,0.25,0.355,xLS014,diam_0.25_0.355mm_p,,18.593,xLSGS2,not previously published ,
ds_05,x9014,142530.1,6/27/1990,NA,SC,8.33,8.4,0.25,0.355,xLS014,diam_0.25_0.355mm_p,,28.029,xLSGS2,not previously published ,
ds_05,x9014,142530.11,6/27/1990,NA,SC,8.41,8.48,0.25,0.355,xLS014,diam_0.25_0.355mm_p,,21.358,xLSGS2,not previously published ,
ds_05,x9014,142530.12,6/27/1990,NA,SC,8.48,8.56,0.25,0.355,xLS014,diam_0.25_0.355mm_p,,23.45,xLSGS2,not previously published ,
ds_05,x9014,142530.13,6/27/1990,NA,SC,8.56,8.64,0.25,0.355,xLS014,diam_0.25_0.355mm_p,,15.631,xLSGS2,not previously published ,
ds_05,x9014,142530.14,6/27/1990,NA,SC,8.64,8.72,0.25,0.355,xLS014,diam_0.25_0.355mm_p,,15.87,xLSGS2,not previously published ,
ds_05,x9014,142530.15,6/27/1990,NA,SC,8.73,8.78,0.25,0.355,xLS014,diam_0.25_0.355mm_p,,6.898,xLSGS2,not previously published ,
ds_05,x9014,143035.01,6/27/1990,NA,SC,9.14,9.22,0.25,0.355,xLS014,diam_0.25_0.355mm_p,,12.386,xLSGS2,not previously published ,
ds_05,x9014,143035.02,6/27/1990,NA,SC,9.22,9.3,0.25,0.355,xLS014,diam_0.25_0.355mm_p,,7.4,xLSGS2,not previously published ,
ds_05,x9014,143035.03,6/27/1990,NA,SC,9.3,9.38,0.25,0.355,xLS014,diam_0.25_0.355mm_p,,17.444,xLSGS2,not previously published ,
ds_05,x9014,143035.04,6/27/1990,NA,SC,9.38,9.46,0.25,0.355,xLS014,diam_0.25_0.355mm_p,,6.019,xLSGS2,not previously published ,
ds_05,x9014,143035.05,6/27/1990,NA,SC,9.46,9.54,0.25,0.355,xLS014,diam_0.25_0.355mm_p,,4.328,xLSGS2,not previously published ,
ds_05,x9014,143035.06,6/27/1990,NA,SC,9.54,9.61,0.25,0.355,xLS014,diam_0.25_0.355mm_p,,6.109,xLSGS2,not previously published ,
ds_05,x9014,143035.07,6/27/1990,NA,SC,9.62,9.69,0.25,0.355,xLS014,diam_0.25_0.355mm_p,,6.822,xLSGS2,not previously published ,
ds_05,x9014,143035.08,6/27/1990,NA,SC,9.7,9.77,0.25,0.355,xLS014,diam_0.25_0.355mm_p,,7.104,xLSGS2,not previously published ,
ds_05,x9014,143035.09,6/27/1990,NA,SC,9.77,9.85,0.25,0.355,xLS014,diam_0.25_0.355mm_p,,16.802,xLSGS2,not previously published ,
ds_05,x9014,143035.1,6/27/1990,NA,SC,9.85,9.92,0.25,0.355,xLS014,diam_0.25_0.355mm_p,,21.415,xLSGS2,not previously published ,
ds_05,x9014,143035.11,6/27/1990,NA,SC,9.93,10.01,0.25,0.355,xLS014,diam_0.25_0.355mm_p,,21.987,xLSGS2,not previously published ,
ds_05,x9014,143035.12,6/27/1990,NA,SC,10.02,10.1,0.25,0.355,xLS014,diam_0.25_0.355mm_p,,26.729,xLSGS2,not previously published ,
ds_05,x9014,143035.13,6/27/1990,NA,SC,10.1,10.19,0.25,0.355,xLS014,diam_0.25_0.355mm_p,,27.22,xLSGS2,not previously published ,
ds_05,x9014,143035.14,6/27/1990,NA,SC,10.19,10.27,0.25,0.355,xLS014,diam_0.25_0.355mm_p,,29.55,xLSGS2,not previously published ,
ds_05,x9014,142025.01,6/27/1990,NA,SC,6.1,6.18,0.25,0.355,xLS014,diam_0.25_0.355mm_p,,36.215,xLSGS2,not previously published ,
ds_05,x9014,142025.02,6/27/1990,NA,SC,6.18,6.26,0.25,0.355,xLS014,diam_0.25_0.355mm_p,,2.436,xLSGS2,not previously published ,
ds_05,x9014,142025.03,6/27/1990,NA,SC,6.26,6.34,0.25,0.355,xLS014,diam_0.25_0.355mm_p,,2.958,xLSGS2,not previously published ,
ds_05,x9014,142025.04,6/27/1990,NA,SC,6.34,6.42,0.25,0.355,xLS014,diam_0.25_0.355mm_p,,2.582,xLSGS2,not previously published ,
ds_05,x9014,142025.05,6/27/1990,NA,SC,6.43,6.5,0.25,0.355,xLS014,diam_0.25_0.355mm_p,,1.915,xLSGS2,not previously published ,
ds_05,x9014,142025.06,6/27/1990,NA,SC,6.51,6.59,0.25,0.355,xLS014,diam_0.25_0.355mm_p,,4.859,xLSGS2,not previously published ,
ds_05,x9014,143035.15,6/27/1990,NA,SC,10.27,10.35,0.25,0.355,xLS014,diam_0.25_0.355mm_p,,2.486,xLSGS2,not previously published ,
ds_05,x9014,143035.16,6/27/1990,NA,SC,10.35,10.44,0.25,0.355,xLS014,diam_0.25_0.355mm_p,,7.494,xLSGS2,not previously published ,
ds_05,x9014,143035.17,6/27/1990,NA,SC,10.44,10.52,0.25,0.355,xLS014,diam_0.25_0.355mm_p,,26.386,xLSGS2,not previously published ,
ds_05,x9015,150105.04,6/27/1990,NA,SC,0.56,0.63,0.25,0.355,xLS014,diam_0.25_0.355mm_p,,23.53,xLSGS2,not previously published ,
ds_05,x9015,150105.05,6/27/1990,NA,SC,0.65,0.73,0.25,0.355,xLS014,diam_0.25_0.355mm_p,,25.396,xLSGS2,not previously published ,
ds_05,x9015,150105.06,6/27/1990,NA,SC,0.74,0.82,0.25,0.355,xLS014,diam_0.25_0.355mm_p,,26.142,xLSGS2,not previously published ,
ds_05,x9015,150105.07,6/27/1990,NA,SC,0.82,0.9,0.25,0.355,xLS014,diam_0.25_0.355mm_p,,27.134,xLSGS2,not previously published ,
ds_05,x9015,150105.08,6/27/1990,NA,SC,0.9,0.98,0.25,0.355,xLS014,diam_0.25_0.355mm_p,,26.039,xLSGS2,not previously published ,
ds_05,x9015,150105.09,6/27/1990,NA,SC,0.98,1.06,0.25,0.355,xLS014,diam_0.25_0.355mm_p,,24.795,xLSGS2,not previously published ,
ds_05,x9015,150105.1,6/27/1990,NA,SC,1.06,1.14,0.25,0.355,xLS014,diam_0.25_0.355mm_p,,27.687,xLSGS2,not previously published ,
ds_05,x9015,150105.11,6/27/1990,NA,SC,1.14,1.21,0.25,0.355,xLS014,diam_0.25_0.355mm_p,,28.023,xLSGS2,not previously published ,
ds_05,x9015,150510.01,6/27/1990,NA,SC,1.52,1.6,0.25,0.355,xLS014,diam_0.25_0.355mm_p,,21.337,xLSGS2,not previously published ,
ds_05,x9015,150510.02,6/27/1990,NA,SC,1.61,1.68,0.25,0.355,xLS014,diam_0.25_0.355mm_p,,14.521,xLSGS2,not previously published ,
ds_05,x9015,150510.03,6/27/1990,NA,SC,1.69,1.76,0.25,0.355,xLS014,diam_0.25_0.355mm_p,,25.312,xLSGS2,not previously published ,
ds_05,x9015,150510.04,6/27/1990,NA,SC,1.77,1.85,0.25,0.355,xLS014,diam_0.25_0.355mm_p,,18.562,xLSGS2,not previously published ,
ds_05,x9015,150510.05,6/27/1990,NA,SC,1.85,1.93,0.25,0.355,xLS014,diam_0.25_0.355mm_p,,18.276,xLSGS2,not previously published ,
ds_05,x9015,150510.06,6/27/1990,NA,SC,1.93,2.01,0.25,0.355,xLS014,diam_0.25_0.355mm_p,,15.161,xLSGS2,not previously published ,
ds_05,x9015,150510.07,6/27/1990,NA,SC,2.01,2.09,0.25,0.355,xLS014,diam_0.25_0.355mm_p,,12.492,xLSGS2,not previously published ,
ds_05,x9015,150510.08,6/27/1990,NA,SC,2.1,2.17,0.25,0.355,xLS014,diam_0.25_0.355mm_p,,13.566,xLSGS2,not previously published ,
ds_05,x9015,150510.09,6/27/1990,NA,SC,2.18,2.23,0.25,0.355,xLS014,diam_0.25_0.355mm_p,,8.727,xLSGS2,not previously published ,
ds_05,x9015,150510.1,6/27/1990,NA,SC,2.24,2.32,0.25,0.355,xLS014,diam_0.25_0.355mm_p,,5.603,xLSGS2,not previously published ,
ds_05,x9015,150510.11,6/27/1990,NA,SC,2.33,2.44,0.25,0.355,xLS014,diam_0.25_0.355mm_p,,12.63,xLSGS2,not previously published ,
ds_05,x9015,151015.01,6/27/1990,NA,SC,3.05,3.12,0.25,0.355,xLS014,diam_0.25_0.355mm_p,,26.3,xLSGS2,not previously published ,
ds_05,x9015,151015.02,6/27/1990,NA,SC,3.13,3.21,0.25,0.355,xLS014,diam_0.25_0.355mm_p,,10.658,xLSGS2,not previously published ,
ds_05,x9015,151015.03,6/27/1990,NA,SC,3.21,3.28,0.25,0.355,xLS014,diam_0.25_0.355mm_p,,22.653,xLSGS2,not previously published ,
ds_05,x9015,151015.04,6/27/1990,NA,SC,3.29,3.37,0.25,0.355,xLS014,diam_0.25_0.355mm_p,,23.532,xLSGS2,not previously published ,
ds_05,x9015,151015.05,6/27/1990,NA,SC,3.37,3.45,0.25,0.355,xLS014,diam_0.25_0.355mm_p,,9.159,xLSGS2,not previously published ,
ds_05,x9015,151015.06,6/27/1990,NA,SC,3.45,3.53,0.25,0.355,xLS014,diam_0.25_0.355mm_p,,12.604,xLSGS2,not previously published ,
ds_05,x9015,151015.07,6/27/1990,NA,SC,3.54,3.61,0.25,0.355,xLS014,diam_0.25_0.355mm_p,,17.59,xLSGS2,not previously published ,
ds_05,x9015,151015.08,6/27/1990,NA,SC,3.62,3.69,0.25,0.355,xLS014,diam_0.25_0.355mm_p,,26.382,xLSGS2,not previously published ,
ds_05,x9015,151015.09,6/27/1990,NA,SC,3.7,3.77,0.25,0.355,xLS014,diam_0.25_0.355mm_p,,20.044,xLSGS2,not previously published ,
ds_05,x9015,151015.1,6/27/1990,NA,SC,3.78,3.85,0.25,0.355,xLS014,diam_0.25_0.355mm_p,,19.863,xLSGS2,not previously published ,
ds_05,x9015,151015.11,6/27/1990,NA,SC,3.85,3.93,0.25,0.355,xLS014,diam_0.25_0.355mm_p,,26.38,xLSGS2,not previously published ,
ds_05,x9015,151015.12,6/27/1990,NA,SC,3.94,4.01,0.25,0.355,xLS014,diam_0.25_0.355mm_p,,21.47,xLSGS2,not previously published ,
ds_05,x9015,151015.13,6/27/1990,NA,SC,4.03,4.11,0.25,0.355,xLS014,diam_0.25_0.355mm_p,,15.35,xLSGS2,not previously published ,
ds_05,x9015,151015.14,6/27/1990,NA,SC,4.11,4.15,0.25,0.355,xLS014,diam_0.25_0.355mm_p,,12.802,xLSGS2,not previously published ,
ds_05,x9015,151520.01,6/27/1990,NA,SC,4.57,4.65,0.25,0.355,xLS014,diam_0.25_0.355mm_p,,17.658,xLSGS2,not previously published ,
ds_05,x9015,150105.01,6/27/1990,NA,SC,0.3,0.38,0.25,0.355,xLS014,diam_0.25_0.355mm_p,,22.014,xLSGS2,not previously published ,
ds_05,x9015,150105.02,6/27/1990,NA,SC,0.38,0.47,0.25,0.355,xLS014,diam_0.25_0.355mm_p,,25.41,xLSGS2,not previously published ,
ds_05,x9015,150105.03,6/27/1990,NA,SC,0.47,0.55,0.25,0.355,xLS014,diam_0.25_0.355mm_p,,24.005,xLSGS2,not previously published ,
ds_05,x9015,151520.13,6/27/1990,NA,SC,5.53,5.6,0.25,0.355,xLS014,diam_0.25_0.355mm_p,,24.879,xLSGS2,not previously published ,
ds_05,x9015,151520.14,6/27/1990,NA,SC,5.61,5.68,0.25,0.355,xLS014,diam_0.25_0.355mm_p,,40.902,xLSGS2,not previously published ,
ds_05,x9015,151520.15,6/27/1990,NA,SC,5.68,5.76,0.25,0.355,xLS014,diam_0.25_0.355mm_p,,35.244,xLSGS2,not previously published ,
ds_05,x9015,151520.16,6/27/1990,NA,SC,5.76,5.86,0.25,0.355,xLS014,diam_0.25_0.355mm_p,,41.766,xLSGS2,not previously published ,
ds_05,x9015,152025.01,6/27/1990,NA,SC,6.1,6.17,0.25,0.355,xLS014,diam_0.25_0.355mm_p,,18.63,xLSGS2,not previously published ,
ds_05,x9015,152025.02,6/27/1990,NA,SC,6.18,6.25,0.25,0.355,xLS014,diam_0.25_0.355mm_p,,24.67,xLSGS2,not previously published ,
ds_05,x9015,152025.03,6/27/1990,NA,SC,6.26,6.33,0.25,0.355,xLS014,diam_0.25_0.355mm_p,,25.298,xLSGS2,not previously published ,
ds_05,x9015,152025.04,6/27/1990,NA,SC,6.34,6.42,0.25,0.355,xLS014,diam_0.25_0.355mm_p,,33.457,xLSGS2,not previously published ,
ds_05,x9015,152025.05,6/27/1990,NA,SC,6.42,6.49,0.25,0.355,xLS014,diam_0.25_0.355mm_p,,26.565,xLSGS2,not previously published ,
ds_05,x9015,152025.06,6/27/1990,NA,SC,6.51,6.59,0.25,0.355,xLS014,diam_0.25_0.355mm_p,,26.064,xLSGS2,not previously published ,
ds_05,x9015,152025.07,6/27/1990,NA,SC,6.59,6.67,0.25,0.355,xLS014,diam_0.25_0.355mm_p,,28.406,xLSGS2,not previously published ,
ds_05,x9015,152025.08,6/27/1990,NA,SC,6.67,6.75,0.25,0.355,xLS014,diam_0.25_0.355mm_p,,26.003,xLSGS2,not previously published ,
ds_05,x9015,152025.09,6/27/1990,NA,SC,6.75,6.83,0.25,0.355,xLS014,diam_0.25_0.355mm_p,,28.873,xLSGS2,not previously published ,
ds_05,x9015,152025.1,6/27/1990,NA,SC,6.83,6.91,0.25,0.355,xLS014,diam_0.25_0.355mm_p,,14.313,xLSGS2,not previously published ,
ds_05,x9015,152025.11,6/27/1990,NA,SC,6.91,6.99,0.25,0.355,xLS014,diam_0.25_0.355mm_p,,12.897,xLSGS2,not previously published ,
ds_05,x9015,152025.12,6/27/1990,NA,SC,7,7.07,0.25,0.355,xLS014,diam_0.25_0.355mm_p,,17.216,xLSGS2,not previously published ,
ds_05,x9015,152025.13,6/27/1990,NA,SC,7.09,7.17,0.25,0.355,xLS014,diam_0.25_0.355mm_p,,16.612,xLSGS2,not previously published ,
ds_05,x9015,152530.01,6/27/1990,NA,SC,7.62,7.7,0.25,0.355,xLS014,diam_0.25_0.355mm_p,,25.518,xLSGS2,not previously published ,
ds_05,x9015,152530.02,6/27/1990,NA,SC,7.7,7.78,0.25,0.355,xLS014,diam_0.25_0.355mm_p,,24.076,xLSGS2,not previously published ,
ds_05,x9015,152530.03,6/27/1990,NA,SC,7.78,7.85,0.25,0.355,xLS014,diam_0.25_0.355mm_p,,6.5,xLSGS2,not previously published ,
ds_05,x9015,152530.04,6/27/1990,NA,SC,7.86,7.93,0.25,0.355,xLS014,diam_0.25_0.355mm_p,,0.603,xLSGS2,not previously published ,
ds_05,x9015,152530.05,6/27/1990,NA,SC,7.94,8.01,0.25,0.355,xLS014,diam_0.25_0.355mm_p,,0.684,xLSGS2,not previously published ,
ds_05,x9015,152530.06,6/27/1990,NA,SC,8.01,8.09,0.25,0.355,xLS014,diam_0.25_0.355mm_p,,1.04,xLSGS2,not previously published ,
ds_05,x9015,152530.07,6/27/1990,NA,SC,8.09,8.17,0.25,0.355,xLS014,diam_0.25_0.355mm_p,,3.255,xLSGS2,not previously published ,
ds_05,x9015,151520.02,6/27/1990,NA,SC,4.66,4.73,0.25,0.355,xLS014,diam_0.25_0.355mm_p,,15.636,xLSGS2,not previously published ,
ds_05,x9015,151520.03,6/27/1990,NA,SC,4.73,4.81,0.25,0.355,xLS014,diam_0.25_0.355mm_p,,24.364,xLSGS2,not previously published ,
ds_05,x9015,151520.04,6/27/1990,NA,SC,4.81,4.89,0.25,0.355,xLS014,diam_0.25_0.355mm_p,,16.39,xLSGS2,not previously published ,
ds_05,x9015,151520.05,6/27/1990,NA,SC,4.89,4.97,0.25,0.355,xLS014,diam_0.25_0.355mm_p,,29.242,xLSGS2,not previously published ,
ds_05,x9015,151520.06,6/27/1990,NA,SC,4.97,5.05,0.25,0.355,xLS014,diam_0.25_0.355mm_p,,48.485,xLSGS2,not previously published ,
ds_05,x9015,151520.07,6/27/1990,NA,SC,5.05,5.12,0.25,0.355,xLS014,diam_0.25_0.355mm_p,,46.756,xLSGS2,not previously published ,
ds_05,x9015,151520.08,6/27/1990,NA,SC,5.13,5.2,0.25,0.355,xLS014,diam_0.25_0.355mm_p,,42.357,xLSGS2,not previously published ,
ds_05,x9015,151520.09,6/27/1990,NA,SC,5.21,5.28,0.25,0.355,xLS014,diam_0.25_0.355mm_p,,40.777,xLSGS2,not previously published ,
ds_05,x9015,151520.1,6/27/1990,NA,SC,5.28,5.36,0.25,0.355,xLS014,diam_0.25_0.355mm_p,,34.303,xLSGS2,not previously published ,
ds_05,x9015,151520.11,6/27/1990,NA,SC,5.36,5.44,0.25,0.355,xLS014,diam_0.25_0.355mm_p,,35.165,xLSGS2,not previously published ,
ds_05,x9015,151520.12,6/27/1990,NA,SC,5.44,5.52,0.25,0.355,xLS014,diam_0.25_0.355mm_p,,30.967,xLSGS2,not previously published ,
ds_05,x9016,160510.01,6/28/1990,NA,SC,1.52,1.6,0.25,0.355,xLS014,diam_0.25_0.355mm_p,,17.811,xLSGS2,not previously published ,
ds_05,x9016,160510.02,6/28/1990,NA,SC,1.6,1.68,0.25,0.355,xLS014,diam_0.25_0.355mm_p,,15.984,xLSGS2,not previously published ,
ds_05,x9016,160510.03,6/28/1990,NA,SC,1.69,1.76,0.25,0.355,xLS014,diam_0.25_0.355mm_p,,16.352,xLSGS2,not previously published ,
ds_05,x9016,160510.04,6/28/1990,NA,SC,1.77,1.84,0.25,0.355,xLS014,diam_0.25_0.355mm_p,,17.372,xLSGS2,not previously published ,
ds_05,x9016,160510.05,6/28/1990,NA,SC,1.85,1.92,0.25,0.355,xLS014,diam_0.25_0.355mm_p,,17.29,xLSGS2,not previously published ,
ds_05,x9016,160510.12,6/28/1990,NA,SC,2.4,2.47,0.25,0.355,xLS014,diam_0.25_0.355mm_p,,16.042,xLSGS2,not previously published ,
ds_05,x9016,160510.13,6/28/1990,NA,SC,2.48,2.58,0.25,0.355,xLS014,diam_0.25_0.355mm_p,,14.868,xLSGS2,not previously published ,
ds_05,x9016,161013.01,6/28/1990,NA,SC,3.05,3.12,0.25,0.355,xLS014,diam_0.25_0.355mm_p,,20.496,xLSGS2,not previously published ,
ds_05,x9016,161013.02,6/28/1990,NA,SC,3.13,3.2,0.25,0.355,xLS014,diam_0.25_0.355mm_p,,19.791,xLSGS2,not previously published ,
ds_05,x9016,161013.03,6/28/1990,NA,SC,3.21,3.28,0.25,0.355,xLS014,diam_0.25_0.355mm_p,,18.482,xLSGS2,not previously published ,
ds_05,x9016,161013.04,6/28/1990,NA,SC,3.29,3.36,0.25,0.355,xLS014,diam_0.25_0.355mm_p,,21.429,xLSGS2,not previously published ,
ds_05,x9016,161013.05,6/28/1990,NA,SC,3.36,3.43,0.25,0.355,xLS014,diam_0.25_0.355mm_p,,18.793,xLSGS2,not previously published ,
ds_05,x9016,161013.06,6/28/1990,NA,SC,3.45,3.53,0.25,0.355,xLS014,diam_0.25_0.355mm_p,,20.558,xLSGS2,not previously published ,
ds_05,x9016,161013.07,6/28/1990,NA,SC,3.53,3.56,0.25,0.355,xLS014,diam_0.25_0.355mm_p,,17.882,xLSGS2,not previously published ,
ds_05,x9016,161013.08,6/28/1990,NA,SC,3.56,3.64,0.25,0.355,xLS014,diam_0.25_0.355mm_p,,17.564,xLSGS2,not previously published ,
ds_05,x9016,161013.09,6/28/1990,NA,SC,3.64,3.72,0.25,0.355,xLS014,diam_0.25_0.355mm_p,,27.918,xLSGS2,not previously published ,
ds_05,x9016,161013.1,6/28/1990,NA,SC,3.72,3.81,0.25,0.355,xLS014,diam_0.25_0.355mm_p,,6.15,xLSGS2,not previously published ,
ds_05,x9016,161418.01,6/28/1990,NA,SC,4.27,4.35,0.25,0.355,xLS014,diam_0.25_0.355mm_p,,33.93,xLSGS2,not previously published ,
ds_05,x9016,161418.02,6/28/1990,NA,SC,4.35,4.42,0.25,0.355,xLS014,diam_0.25_0.355mm_p,,24.247,xLSGS2,not previously published ,
ds_05,x9016,161418.03,6/28/1990,NA,SC,4.43,4.51,0.25,0.355,xLS014,diam_0.25_0.355mm_p,,8.236,xLSGS2,not previously published ,
ds_05,x9016,161418.04,6/28/1990,NA,SC,4.51,4.59,0.25,0.355,xLS014,diam_0.25_0.355mm_p,,4.603,xLSGS2,not previously published ,
ds_05,x9016,161418.05,6/28/1990,NA,SC,4.59,4.67,0.25,0.355,xLS014,diam_0.25_0.355mm_p,,1.336,xLSGS2,not previously published ,
ds_05,x9016,161418.06,6/28/1990,NA,SC,4.67,4.75,0.25,0.355,xLS014,diam_0.25_0.355mm_p,,0.882,xLSGS2,not previously published ,
ds_05,x9016,161418.07,6/28/1990,NA,SC,4.75,4.82,0.25,0.355,xLS014,diam_0.25_0.355mm_p,,6.988,xLSGS2,not previously published ,
ds_05,x9016,161418.08,6/28/1990,NA,SC,4.83,4.9,0.25,0.355,xLS014,diam_0.25_0.355mm_p,,1.452,xLSGS2,not previously published ,
ds_05,x9016,161418.09,6/28/1990,NA,SC,4.9,4.98,0.25,0.355,xLS014,diam_0.25_0.355mm_p,,0.352,xLSGS2,not previously published ,
ds_05,x9016,161418.1,6/28/1990,NA,SC,4.98,5.06,0.25,0.355,xLS014,diam_0.25_0.355mm_p,,2.792,xLSGS2,not previously published ,
ds_05,x9016,161418.11,6/28/1990,NA,SC,5.06,5.14,0.25,0.355,xLS014,diam_0.25_0.355mm_p,,34.785,xLSGS2,not previously published ,
ds_05,x9016,161418.12,6/28/1990,NA,SC,5.14,5.22,0.25,0.355,xLS014,diam_0.25_0.355mm_p,,35.675,xLSGS2,not previously published ,
ds_05,x9016,161418.13,6/28/1990,NA,SC,5.22,5.3,0.25,0.355,xLS014,diam_0.25_0.355mm_p,,32.824,xLSGS2,not previously published ,
ds_05,x9016,161418.14,6/28/1990,NA,SC,5.3,5.37,0.25,0.355,xLS014,diam_0.25_0.355mm_p,,16.499,xLSGS2,not previously published ,
ds_05,x9016,161924.01,6/28/1990,NA,SC,5.79,5.9,0.25,0.355,xLS014,diam_0.25_0.355mm_p,,27.235,xLSGS2,not previously published ,
ds_05,x9016,161924.02,6/28/1990,NA,SC,5.9,5.96,0.25,0.355,xLS014,diam_0.25_0.355mm_p,,20.968,xLSGS2,not previously published ,
ds_05,x9016,161924.03,6/28/1990,NA,SC,5.96,6.04,0.25,0.355,xLS014,diam_0.25_0.355mm_p,,8.617,xLSGS2,not previously published ,
ds_05,x9016,161924.04,6/28/1990,NA,SC,6.06,6.14,0.25,0.355,xLS014,diam_0.25_0.355mm_p,,0.292,xLSGS2,not previously published ,
ds_05,x9016,161924.05,6/28/1990,NA,SC,6.14,6.22,0.25,0.355,xLS014,diam_0.25_0.355mm_p,,18.37,xLSGS2,not previously published ,
ds_05,x9016,161924.06,6/28/1990,NA,SC,6.22,6.3,0.25,0.355,xLS014,diam_0.25_0.355mm_p,,49.929,xLSGS2,not previously published ,
ds_05,x9016,161924.07,6/28/1990,NA,SC,6.3,6.38,0.25,0.355,xLS014,diam_0.25_0.355mm_p,,46.717,xLSGS2,not previously published ,
ds_05,x9016,161924.08,6/28/1990,NA,SC,6.38,6.46,0.25,0.355,xLS014,diam_0.25_0.355mm_p,,42.776,xLSGS2,not previously published ,
ds_05,x9016,160510.06,6/28/1990,NA,SC,1.92,2,0.25,0.355,xLS014,diam_0.25_0.355mm_p,,16.084,xLSGS2,not previously published ,
ds_05,x9016,160510.07,6/28/1990,NA,SC,2,2.08,0.25,0.355,xLS014,diam_0.25_0.355mm_p,,18.263,xLSGS2,not previously published ,
ds_05,x9016,160510.08,6/28/1990,NA,SC,2.08,2.15,0.25,0.355,xLS014,diam_0.25_0.355mm_p,,15.941,xLSGS2,not previously published ,
ds_05,x9016,160510.09,6/28/1990,NA,SC,2.16,2.23,0.25,0.355,xLS014,diam_0.25_0.355mm_p,,15.948,xLSGS2,not previously published ,
ds_05,x9016,160510.1,6/28/1990,NA,SC,2.24,2.31,0.25,0.355,xLS014,diam_0.25_0.355mm_p,,15.411,xLSGS2,not previously published ,
ds_05,x9016,160510.11,6/28/1990,NA,SC,2.32,2.39,0.25,0.355,xLS014,diam_0.25_0.355mm_p,,15.457,xLSGS2,not previously published ,
ds_05,x9016,161924.09,6/28/1990,NA,SC,6.48,6.56,0.25,0.355,xLS014,diam_0.25_0.355mm_p,,36.09,xLSGS2,not previously published ,
ds_05,x9016,161924.1,6/28/1990,NA,SC,6.56,6.62,0.25,0.355,xLS014,diam_0.25_0.355mm_p,,1.484,xLSGS2,not previously published ,
ds_05,x9016,161924.11,6/28/1990,NA,SC,6.62,6.65,0.25,0.355,xLS014,diam_0.25_0.355mm_p,,2.187,xLSGS2,not previously published ,
ds_05,x9016,161924.12,6/28/1990,NA,SC,6.65,6.73,0.25,0.355,xLS014,diam_0.25_0.355mm_p,,0.036,xLSGS2,not previously published ,
ds_05,x9016,161924.13,6/28/1990,NA,SC,6.75,6.83,0.25,0.355,xLS014,diam_0.25_0.355mm_p,,0.211,xLSGS2,not previously published ,
ds_05,x9016,161924.14,6/28/1990,NA,SC,6.83,6.91,0.25,0.355,xLS014,diam_0.25_0.355mm_p,,2.534,xLSGS2,not previously published ,
ds_05,x9016,161924.15,6/28/1990,NA,SC,6.91,6.99,0.25,0.355,xLS014,diam_0.25_0.355mm_p,,0.026,xLSGS2,not previously published ,
ds_05,x9016,161924.16,6/28/1990,NA,SC,6.99,7.07,0.25,0.355,xLS014,diam_0.25_0.355mm_p,,8.088,xLSGS2,not previously published ,
ds_05,x9016,161924.17,6/28/1990,NA,SC,7.07,7.15,0.25,0.355,xLS014,diam_0.25_0.355mm_p,,0.699,xLSGS2,not previously published ,
ds_05,x9016,161924.18,6/28/1990,NA,SC,7.15,7.24,0.25,0.355,xLS014,diam_0.25_0.355mm_p,,0.227,xLSGS2,not previously published ,
ds_05,x9017,171419.13,6/29/1990,NA,SC,5.27,5.34,0.25,0.355,xLS014,diam_0.25_0.355mm_p,,28.952,xLSGS2,not previously published ,
ds_05,x9017,171419.14,6/29/1990,NA,SC,5.35,5.42,0.25,0.355,xLS014,diam_0.25_0.355mm_p,,28.4,xLSGS2,not previously published ,
ds_05,x9017,171419.15,6/29/1990,NA,SC,5.43,5.49,0.25,0.355,xLS014,diam_0.25_0.355mm_p,,18.426,xLSGS2,not previously published ,
ds_05,x9017,171419.16,6/29/1990,NA,SC,5.49,5.55,0.25,0.355,xLS014,diam_0.25_0.355mm_p,,15.205,xLSGS2,not previously published ,
ds_05,x9017,170914.01,6/29/1990,NA,SC,2.74,2.82,0.25,0.355,xLS014,diam_0.25_0.355mm_p,,19.831,xLSGS2,not previously published ,
ds_05,x9017,170914.02,6/29/1990,NA,SC,2.82,2.9,0.25,0.355,xLS014,diam_0.25_0.355mm_p,,9.674,xLSGS2,not previously published ,
ds_05,x9017,170914.03,6/29/1990,NA,SC,2.91,2.98,0.25,0.355,xLS014,diam_0.25_0.355mm_p,,21.135,xLSGS2,not previously published ,
ds_05,x9017,170914.04,6/29/1990,NA,SC,2.99,3.06,0.25,0.355,xLS014,diam_0.25_0.355mm_p,,22.54,xLSGS2,not previously published ,
ds_05,x9017,170914.05,6/29/1990,NA,SC,3.06,3.14,0.25,0.355,xLS014,diam_0.25_0.355mm_p,,11.683,xLSGS2,not previously published ,
ds_05,x9017,170914.06,6/29/1990,NA,SC,3.14,3.21,0.25,0.355,xLS014,diam_0.25_0.355mm_p,,4.518,xLSGS2,not previously published ,
ds_05,x9017,170914.07,6/29/1990,NA,SC,3.22,3.29,0.25,0.355,xLS014,diam_0.25_0.355mm_p,,10.409,xLSGS2,not previously published ,
ds_05,x9017,170914.08,6/29/1990,NA,SC,3.3,3.37,0.25,0.355,xLS014,diam_0.25_0.355mm_p,,25.67,xLSGS2,not previously published ,
ds_05,x9017,170914.09,6/29/1990,NA,SC,3.37,3.45,0.25,0.355,xLS014,diam_0.25_0.355mm_p,,33.369,xLSGS2,not previously published ,
ds_05,x9017,170914.1,6/29/1990,NA,SC,3.45,3.53,0.25,0.355,xLS014,diam_0.25_0.355mm_p,,39.382,xLSGS2,not previously published ,
ds_05,x9017,170914.11,6/29/1990,NA,SC,3.53,3.6,0.25,0.355,xLS014,diam_0.25_0.355mm_p,,32.105,xLSGS2,not previously published ,
ds_05,x9017,170914.12,6/29/1990,NA,SC,3.61,3.69,0.25,0.355,xLS014,diam_0.25_0.355mm_p,,38.734,xLSGS2,not previously published ,
ds_05,x9017,170914.13,6/29/1990,NA,SC,3.69,3.76,0.25,0.355,xLS014,diam_0.25_0.355mm_p,,35.992,xLSGS2,not previously published ,
ds_05,x9017,170914.14,6/29/1990,NA,SC,3.77,3.84,0.25,0.355,xLS014,diam_0.25_0.355mm_p,,33.072,xLSGS2,not previously published ,
ds_05,x9017,171419.01,6/29/1990,NA,SC,4.27,4.34,0.25,0.355,xLS014,diam_0.25_0.355mm_p,,23.369,xLSGS2,not previously published ,
ds_05,x9017,171419.02,6/29/1990,NA,SC,4.35,4.42,0.25,0.355,xLS014,diam_0.25_0.355mm_p,,21.547,xLSGS2,not previously published ,
ds_05,x9017,171419.03,6/29/1990,NA,SC,4.43,4.51,0.25,0.355,xLS014,diam_0.25_0.355mm_p,,38.684,xLSGS2,not previously published ,
ds_05,x9017,171419.04,6/29/1990,NA,SC,4.51,4.59,0.25,0.355,xLS014,diam_0.25_0.355mm_p,,31.24,xLSGS2,not previously published ,
ds_05,x9017,171419.05,6/29/1990,NA,SC,4.59,4.67,0.25,0.355,xLS014,diam_0.25_0.355mm_p,,20.33,xLSGS2,not previously published ,
ds_05,x9017,171419.06,6/29/1990,NA,SC,4.67,4.75,0.25,0.355,xLS014,diam_0.25_0.355mm_p,,16.416,xLSGS2,not previously published ,
ds_05,x9017,171419.07,6/29/1990,NA,SC,4.76,4.83,0.25,0.355,xLS014,diam_0.25_0.355mm_p,,27.628,xLSGS2,not previously published ,
ds_05,x9017,171419.08,6/29/1990,NA,SC,4.84,4.92,0.25,0.355,xLS014,diam_0.25_0.355mm_p,,19.118,xLSGS2,not previously published ,
ds_05,x9017,171419.09,6/29/1990,NA,SC,4.92,5,0.25,0.355,xLS014,diam_0.25_0.355mm_p,,24.64,xLSGS2,not previously published ,
ds_05,x9017,171419.1,6/29/1990,NA,SC,5.01,5.09,0.25,0.355,xLS014,diam_0.25_0.355mm_p,,14.567,xLSGS2,not previously published ,
ds_05,x9017,171419.11,6/29/1990,NA,SC,5.09,5.18,0.25,0.355,xLS014,diam_0.25_0.355mm_p,,30.044,xLSGS2,not previously published ,
ds_05,x9017,171419.12,6/29/1990,NA,SC,5.18,5.26,0.25,0.355,xLS014,diam_0.25_0.355mm_p,,38.201,xLSGS2,not previously published ,
ds_05,x9017,171924.01,6/29/1990,NA,SC,5.79,5.87,0.25,0.355,xLS014,diam_0.25_0.355mm_p,,8.605,xLSGS2,not previously published ,
ds_05,x9017,171924.02,6/29/1990,NA,SC,5.87,5.95,0.25,0.355,xLS014,diam_0.25_0.355mm_p,,0.927,xLSGS2,not previously published ,
ds_05,x9017,171924.03,6/29/1990,NA,SC,5.95,6.03,0.25,0.355,xLS014,diam_0.25_0.355mm_p,,0.068,xLSGS2,not previously published ,
ds_05,x9017,171924.04,6/29/1990,NA,SC,6.03,6.11,0.25,0.355,xLS014,diam_0.25_0.355mm_p,,0.21,xLSGS2,not previously published ,
ds_05,x9017,171924.05,6/29/1990,NA,SC,6.11,6.19,0.25,0.355,xLS014,diam_0.25_0.355mm_p,,0.162,xLSGS2,not previously published ,
ds_05,x9017,171924.06,6/29/1990,NA,SC,6.19,6.27,0.25,0.355,xLS014,diam_0.25_0.355mm_p,,0.085,xLSGS2,not previously published ,
ds_05,x9017,171924.07,6/29/1990,NA,SC,6.27,6.35,0.25,0.355,xLS014,diam_0.25_0.355mm_p,,0.087,xLSGS2,not previously published ,
ds_05,x9017,171924.08,6/29/1990,NA,SC,6.36,6.43,0.25,0.355,xLS014,diam_0.25_0.355mm_p,,0.549,xLSGS2,not previously published ,
ds_05,x9017,171924.09,6/29/1990,NA,SC,6.44,6.52,0.25,0.355,xLS014,diam_0.25_0.355mm_p,,2.439,xLSGS2,not previously published ,
ds_05,x9017,171924.1,6/29/1990,NA,SC,6.52,6.59,0.25,0.355,xLS014,diam_0.25_0.355mm_p,,0.107,xLSGS2,not previously published ,
ds_05,x9017,171924.11,6/29/1990,NA,SC,6.6,6.67,0.25,0.355,xLS014,diam_0.25_0.355mm_p,,0.173,xLSGS2,not previously published ,
ds_05,x9017,171924.12,6/29/1990,NA,SC,6.68,6.76,0.25,0.355,xLS014,diam_0.25_0.355mm_p,,1.361,xLSGS2,not previously published ,
ds_05,x9017,171924.13,6/29/1990,NA,SC,6.76,6.84,0.25,0.355,xLS014,diam_0.25_0.355mm_p,,1.451,xLSGS2,not previously published ,
ds_05,x9017,171924.14,6/29/1990,NA,SC,6.84,6.9,0.25,0.355,xLS014,diam_0.25_0.355mm_p,,0.05,xLSGS2,not previously published ,
ds_05,x9018,181419.03,6/29/1990,NA,SC,4.43,4.51,0.25,0.355,xLS014,diam_0.25_0.355mm_p,,22.62,xLSGS2,not previously published ,
ds_05,x9018,181419.04,6/29/1990,NA,SC,4.51,4.58,0.25,0.355,xLS014,diam_0.25_0.355mm_p,,24.475,xLSGS2,not previously published ,
ds_05,x9018,181419.05,6/29/1990,NA,SC,4.59,4.66,0.25,0.355,xLS014,diam_0.25_0.355mm_p,,19.684,xLSGS2,not previously published ,
ds_05,x9018,181419.06,6/29/1990,NA,SC,4.67,4.74,0.25,0.355,xLS014,diam_0.25_0.355mm_p,,28.547,xLSGS2,not previously published ,
ds_05,x9018,181419.07,6/29/1990,NA,SC,4.75,4.82,0.25,0.355,xLS014,diam_0.25_0.355mm_p,,24.608,xLSGS2,not previously published ,
ds_05,x9018,181419.08,6/29/1990,NA,SC,4.82,4.9,0.25,0.355,xLS014,diam_0.25_0.355mm_p,,11.44,xLSGS2,not previously published ,
ds_05,x9018,181419.09,6/29/1990,NA,SC,4.9,4.97,0.25,0.355,xLS014,diam_0.25_0.355mm_p,,16.559,xLSGS2,not previously published ,
ds_05,x9018,181419.1,6/29/1990,NA,SC,4.98,5.06,0.25,0.355,xLS014,diam_0.25_0.355mm_p,,28.742,xLSGS2,not previously published ,
ds_05,x9018,180914.01,6/29/1990,NA,SC,2.74,2.82,0.25,0.355,xLS014,diam_0.25_0.355mm_p,,3.315,xLSGS2,not previously published ,
ds_05,x9018,180914.02,6/29/1990,NA,SC,2.83,2.9,0.25,0.355,xLS014,diam_0.25_0.355mm_p,,2.223,xLSGS2,not previously published ,
ds_05,x9018,180914.03,6/29/1990,NA,SC,2.9,2.98,0.25,0.355,xLS014,diam_0.25_0.355mm_p,,21.45,xLSGS2,not previously published ,
ds_05,x9018,180914.04,6/29/1990,NA,SC,2.98,3.06,0.25,0.355,xLS014,diam_0.25_0.355mm_p,,2.222,xLSGS2,not previously published ,
ds_05,x9018,180914.05,6/29/1990,NA,SC,3.06,3.13,0.25,0.355,xLS014,diam_0.25_0.355mm_p,,12.843,xLSGS2,not previously published ,
ds_05,x9018,180914.06,6/29/1990,NA,SC,3.14,3.21,0.25,0.355,xLS014,diam_0.25_0.355mm_p,,30.779,xLSGS2,not previously published ,
ds_05,x9018,180914.07,6/29/1990,NA,SC,3.21,3.29,0.25,0.355,xLS014,diam_0.25_0.355mm_p,,29.815,xLSGS2,not previously published ,
ds_05,x9018,180914.08,6/29/1990,NA,SC,3.29,3.37,0.25,0.355,xLS014,diam_0.25_0.355mm_p,,37.109,xLSGS2,not previously published ,
ds_05,x9018,180914.09,6/29/1990,NA,SC,3.37,3.45,0.25,0.355,xLS014,diam_0.25_0.355mm_p,,27.432,xLSGS2,not previously published ,
ds_05,x9018,180914.1,6/29/1990,NA,SC,3.45,3.53,0.25,0.355,xLS014,diam_0.25_0.355mm_p,,27.135,xLSGS2,not previously published ,
ds_05,x9018,180914.11,6/29/1990,NA,SC,3.53,3.61,0.25,0.355,xLS014,diam_0.25_0.355mm_p,,34.951,xLSGS2,not previously published ,
ds_05,x9018,180914.12,6/29/1990,NA,SC,3.61,3.69,0.25,0.355,xLS014,diam_0.25_0.355mm_p,,26.03,xLSGS2,not previously published ,
ds_05,x9018,180914.13,6/29/1990,NA,SC,3.69,3.77,0.25,0.355,xLS014,diam_0.25_0.355mm_p,,34.331,xLSGS2,not previously published ,
ds_05,x9018,180914.14,6/29/1990,NA,SC,3.77,3.85,0.25,0.355,xLS014,diam_0.25_0.355mm_p,,7.197,xLSGS2,not previously published ,
ds_05,x9018,180914.15,6/29/1990,NA,SC,3.85,3.93,0.25,0.355,xLS014,diam_0.25_0.355mm_p,,30.559,xLSGS2,not previously published ,
ds_05,x9018,180914.16,6/29/1990,NA,SC,3.93,4.01,0.25,0.355,xLS014,diam_0.25_0.355mm_p,,34.428,xLSGS2,not previously published ,
ds_05,x9018,181419.01,6/29/1990,NA,SC,4.27,4.34,0.25,0.355,xLS014,diam_0.25_0.355mm_p,,35,xLSGS2,not previously published ,
ds_05,x9018,181419.02,6/29/1990,NA,SC,4.35,4.42,0.25,0.355,xLS014,diam_0.25_0.355mm_p,,32.648,xLSGS2,not previously published ,
ds_05,x9018,181924.02,6/29/1990,NA,SC,5.87,5.95,0.25,0.355,xLS014,diam_0.25_0.355mm_p,,43.515,xLSGS2,not previously published ,
ds_05,x9018,181924.03,6/29/1990,NA,SC,5.95,6.03,0.25,0.355,xLS014,diam_0.25_0.355mm_p,,38.151,xLSGS2,not previously published ,
ds_05,x9018,181924.05,6/29/1990,NA,SC,6.12,6.2,0.25,0.355,xLS014,diam_0.25_0.355mm_p,,32.018,xLSGS2,not previously published ,
ds_05,x9018,181419.14,6/29/1990,NA,SC,5.31,5.4,0.25,0.355,xLS014,diam_0.25_0.355mm_p,,33.749,xLSGS2,not previously published ,
ds_05,x9018,181924.06,6/29/1990,NA,SC,6.2,6.26,0.25,0.355,xLS014,diam_0.25_0.355mm_p,,25.554,xLSGS2,not previously published ,
ds_05,x9018,181924.07,6/29/1990,NA,SC,6.26,6.34,0.25,0.355,xLS014,diam_0.25_0.355mm_p,,0.177,xLSGS2,not previously published ,
ds_05,x9018,181924.08,6/29/1990,NA,SC,6.35,6.4,0.25,0.355,xLS014,diam_0.25_0.355mm_p,,0.032,xLSGS2,not previously published ,
ds_05,x9018,181924.04,6/29/1990,NA,SC,6.03,6.11,0.25,0.355,xLS014,diam_0.25_0.355mm_p,,24.143,xLSGS2,not previously published ,
ds_05,x9018,181419.11,6/29/1990,NA,SC,5.06,5.14,0.25,0.355,xLS014,diam_0.25_0.355mm_p,,23.777,xLSGS2,not previously published ,
ds_05,x9018,181419.12,6/29/1990,NA,SC,5.14,5.22,0.25,0.355,xLS014,diam_0.25_0.355mm_p,,33.09,xLSGS2,not previously published ,
ds_05,x9018,181419.13,6/29/1990,NA,SC,5.23,5.3,0.25,0.355,xLS014,diam_0.25_0.355mm_p,,29.65,xLSGS2,not previously published ,
ds_05,x9018,181924.01,6/29/1990,NA,SC,5.79,5.87,0.25,0.355,xLS014,diam_0.25_0.355mm_p,,33.818,xLSGS2,not previously published ,
ds_05,x9013,132530.03,6/27/1990,NA,SC,7.77,7.85,0.106,0.25,xLS015,diam_0.106_0.25mm_p,,65.79,xLSGS2,not previously published ,
ds_05,x9013,132530.04,6/27/1990,NA,SC,7.85,7.93,0.106,0.25,xLS015,diam_0.106_0.25mm_p,,61.67,xLSGS2,not previously published ,
ds_05,x9013,132530.01,6/27/1990,NA,SC,7.62,7.69,0.106,0.25,xLS015,diam_0.106_0.25mm_p,,23.47,xLSGS2,not previously published ,
ds_05,x9013,132530.02,6/27/1990,NA,SC,7.69,7.77,0.106,0.25,xLS015,diam_0.106_0.25mm_p,,63.12,xLSGS2,not previously published ,
ds_05,x9013,133035.03,6/27/1990,NA,SC,9.31,9.38,0.106,0.25,xLS015,diam_0.106_0.25mm_p,,39.64,xLSGS2,not previously published ,
ds_05,x9013,133035.04,6/27/1990,NA,SC,9.39,9.46,0.106,0.25,xLS015,diam_0.106_0.25mm_p,,53.4,xLSGS2,not previously published ,
ds_05,x9013,132530.05,6/27/1990,NA,SC,7.94,8.01,0.106,0.25,xLS015,diam_0.106_0.25mm_p,,63.17,xLSGS2,not previously published ,
ds_05,x9013,132530.06,6/27/1990,NA,SC,8.02,8.09,0.106,0.25,xLS015,diam_0.106_0.25mm_p,,45.57,xLSGS2,not previously published ,
ds_05,x9013,132530.07,6/27/1990,NA,SC,8.1,8.17,0.106,0.25,xLS015,diam_0.106_0.25mm_p,,68.04,xLSGS2,not previously published ,
ds_05,x9013,132530.08,6/27/1990,NA,SC,8.18,8.25,0.106,0.25,xLS015,diam_0.106_0.25mm_p,,43.56,xLSGS2,not previously published ,
ds_05,x9013,132530.09,6/27/1990,NA,SC,8.26,8.33,0.106,0.25,xLS015,diam_0.106_0.25mm_p,,47.1,xLSGS2,not previously published ,
ds_05,x9013,132530.1,6/27/1990,NA,SC,8.34,8.42,0.106,0.25,xLS015,diam_0.106_0.25mm_p,,45.44,xLSGS2,not previously published ,
ds_05,x9013,132530.11,6/27/1990,NA,SC,8.42,8.5,0.106,0.25,xLS015,diam_0.106_0.25mm_p,,78.76,xLSGS2,not previously published ,
ds_05,x9013,132530.12,6/27/1990,NA,SC,8.5,8.54,0.106,0.25,xLS015,diam_0.106_0.25mm_p,,23.6,xLSGS2,not previously published ,
ds_05,x9013,132530.14,6/27/1990,NA,SC,8.58,8.66,0.106,0.25,xLS015,diam_0.106_0.25mm_p,,85.7,xLSGS2,not previously published ,
ds_05,x9013,133035.01,6/27/1990,NA,SC,9.14,9.22,0.106,0.25,xLS015,diam_0.106_0.25mm_p,,53.82,xLSGS2,not previously published ,
ds_05,x9013,133035.02,6/27/1990,NA,SC,9.22,9.3,0.106,0.25,xLS015,diam_0.106_0.25mm_p,,56.97,xLSGS2,not previously published ,
ds_05,x9014,142025.07,6/27/1990,NA,SC,6.59,6.67,0.106,0.25,xLS015,diam_0.106_0.25mm_p,,9.804,xLSGS2,not previously published ,
ds_05,x9014,142025.08,6/27/1990,NA,SC,6.67,6.76,0.106,0.25,xLS015,diam_0.106_0.25mm_p,,12.836,xLSGS2,not previously published ,
ds_05,x9014,142025.09,6/27/1990,NA,SC,6.76,6.84,0.106,0.25,xLS015,diam_0.106_0.25mm_p,,9.115,xLSGS2,not previously published ,
ds_05,x9014,142025.1,6/27/1990,NA,SC,6.84,6.92,0.106,0.25,xLS015,diam_0.106_0.25mm_p,,56.107,xLSGS2,not previously published ,
ds_05,x9014,142025.11,6/27/1990,NA,SC,6.93,6.98,0.106,0.25,xLS015,diam_0.106_0.25mm_p,,74.337,xLSGS2,not previously published ,
ds_05,x9014,142530.01,6/27/1990,NA,SC,7.62,7.69,0.106,0.25,xLS015,diam_0.106_0.25mm_p,,19.881,xLSGS2,not previously published ,
ds_05,x9014,142530.02,6/27/1990,NA,SC,7.7,7.78,0.106,0.25,xLS015,diam_0.106_0.25mm_p,,53.747,xLSGS2,not previously published ,
ds_05,x9014,142530.03,6/27/1990,NA,SC,7.78,7.85,0.106,0.25,xLS015,diam_0.106_0.25mm_p,,51.261,xLSGS2,not previously published ,
ds_05,x9014,142530.04,6/27/1990,NA,SC,7.86,7.93,0.106,0.25,xLS015,diam_0.106_0.25mm_p,,61.101,xLSGS2,not previously published ,
ds_05,x9014,142530.05,6/27/1990,NA,SC,7.94,8.01,0.106,0.25,xLS015,diam_0.106_0.25mm_p,,66.525,xLSGS2,not previously published ,
ds_05,x9014,142530.06,6/27/1990,NA,SC,8.02,8.07,0.106,0.25,xLS015,diam_0.106_0.25mm_p,,74.45,xLSGS2,not previously published ,
ds_05,x9014,142530.07,6/27/1990,NA,SC,8.09,8.16,0.106,0.25,xLS015,diam_0.106_0.25mm_p,,70.492,xLSGS2,not previously published ,
ds_05,x9014,142530.08,6/27/1990,NA,SC,8.17,8.24,0.106,0.25,xLS015,diam_0.106_0.25mm_p,,70.366,xLSGS2,not previously published ,
ds_05,x9014,142530.09,6/27/1990,NA,SC,8.25,8.32,0.106,0.25,xLS015,diam_0.106_0.25mm_p,,72.233,xLSGS2,not previously published ,
ds_05,x9014,142530.1,6/27/1990,NA,SC,8.33,8.4,0.106,0.25,xLS015,diam_0.106_0.25mm_p,,61.664,xLSGS2,not previously published ,
ds_05,x9014,142530.11,6/27/1990,NA,SC,8.41,8.48,0.106,0.25,xLS015,diam_0.106_0.25mm_p,,62.846,xLSGS2,not previously published ,
ds_05,x9014,142530.12,6/27/1990,NA,SC,8.48,8.56,0.106,0.25,xLS015,diam_0.106_0.25mm_p,,72.322,xLSGS2,not previously published ,
ds_05,x9014,142530.13,6/27/1990,NA,SC,8.56,8.64,0.106,0.25,xLS015,diam_0.106_0.25mm_p,,79.257,xLSGS2,not previously published ,
ds_05,x9014,142530.14,6/27/1990,NA,SC,8.64,8.72,0.106,0.25,xLS015,diam_0.106_0.25mm_p,,46.388,xLSGS2,not previously published ,
ds_05,x9014,142530.15,6/27/1990,NA,SC,8.73,8.78,0.106,0.25,xLS015,diam_0.106_0.25mm_p,,20.303,xLSGS2,not previously published ,
ds_05,x9014,143035.01,6/27/1990,NA,SC,9.14,9.22,0.106,0.25,xLS015,diam_0.106_0.25mm_p,,18.464,xLSGS2,not previously published ,
ds_05,x9014,143035.02,6/27/1990,NA,SC,9.22,9.3,0.106,0.25,xLS015,diam_0.106_0.25mm_p,,5.709,xLSGS2,not previously published ,
ds_05,x9014,143035.03,6/27/1990,NA,SC,9.3,9.38,0.106,0.25,xLS015,diam_0.106_0.25mm_p,,18.353,xLSGS2,not previously published ,
ds_05,x9014,143035.04,6/27/1990,NA,SC,9.38,9.46,0.106,0.25,xLS015,diam_0.106_0.25mm_p,,7.132,xLSGS2,not previously published ,
ds_05,x9014,143035.05,6/27/1990,NA,SC,9.46,9.54,0.106,0.25,xLS015,diam_0.106_0.25mm_p,,12.94,xLSGS2,not previously published ,
ds_05,x9014,143035.06,6/27/1990,NA,SC,9.54,9.61,0.106,0.25,xLS015,diam_0.106_0.25mm_p,,9.21,xLSGS2,not previously published ,
ds_05,x9014,143035.07,6/27/1990,NA,SC,9.62,9.69,0.106,0.25,xLS015,diam_0.106_0.25mm_p,,5.422,xLSGS2,not previously published ,
ds_05,x9014,143035.08,6/27/1990,NA,SC,9.7,9.77,0.106,0.25,xLS015,diam_0.106_0.25mm_p,,6.594,xLSGS2,not previously published ,
ds_05,x9014,143035.09,6/27/1990,NA,SC,9.77,9.85,0.106,0.25,xLS015,diam_0.106_0.25mm_p,,5.785,xLSGS2,not previously published ,
ds_05,x9014,143035.1,6/27/1990,NA,SC,9.85,9.92,0.106,0.25,xLS015,diam_0.106_0.25mm_p,,8.862,xLSGS2,not previously published ,
ds_05,x9014,143035.11,6/27/1990,NA,SC,9.93,10.01,0.106,0.25,xLS015,diam_0.106_0.25mm_p,,6.978,xLSGS2,not previously published ,
ds_05,x9014,143035.12,6/27/1990,NA,SC,10.02,10.1,0.106,0.25,xLS015,diam_0.106_0.25mm_p,,13.323,xLSGS2,not previously published ,
ds_05,x9014,143035.13,6/27/1990,NA,SC,10.1,10.19,0.106,0.25,xLS015,diam_0.106_0.25mm_p,,12.429,xLSGS2,not previously published ,
ds_05,x9014,143035.14,6/27/1990,NA,SC,10.19,10.27,0.106,0.25,xLS015,diam_0.106_0.25mm_p,,24.898,xLSGS2,not previously published ,
ds_05,x9014,142025.01,6/27/1990,NA,SC,6.1,6.18,0.106,0.25,xLS015,diam_0.106_0.25mm_p,,21.721,xLSGS2,not previously published ,
ds_05,x9014,142025.02,6/27/1990,NA,SC,6.18,6.26,0.106,0.25,xLS015,diam_0.106_0.25mm_p,,81.202,xLSGS2,not previously published ,
ds_05,x9014,142025.03,6/27/1990,NA,SC,6.26,6.34,0.106,0.25,xLS015,diam_0.106_0.25mm_p,,81.454,xLSGS2,not previously published ,
ds_05,x9014,142025.04,6/27/1990,NA,SC,6.34,6.42,0.106,0.25,xLS015,diam_0.106_0.25mm_p,,82.35,xLSGS2,not previously published ,
ds_05,x9014,142025.05,6/27/1990,NA,SC,6.43,6.5,0.106,0.25,xLS015,diam_0.106_0.25mm_p,,81.844,xLSGS2,not previously published ,
ds_05,x9014,142025.06,6/27/1990,NA,SC,6.51,6.59,0.106,0.25,xLS015,diam_0.106_0.25mm_p,,59.115,xLSGS2,not previously published ,
ds_05,x9014,143035.15,6/27/1990,NA,SC,10.27,10.35,0.106,0.25,xLS015,diam_0.106_0.25mm_p,,78.248,xLSGS2,not previously published ,
ds_05,x9014,143035.16,6/27/1990,NA,SC,10.35,10.44,0.106,0.25,xLS015,diam_0.106_0.25mm_p,,51.623,xLSGS2,not previously published ,
ds_05,x9014,143035.17,6/27/1990,NA,SC,10.44,10.52,0.106,0.25,xLS015,diam_0.106_0.25mm_p,,19.906,xLSGS2,not previously published ,
ds_05,x9015,150105.04,6/27/1990,NA,SC,0.56,0.63,0.106,0.25,xLS015,diam_0.106_0.25mm_p,,16.76,xLSGS2,not previously published ,
ds_05,x9015,150105.05,6/27/1990,NA,SC,0.65,0.73,0.106,0.25,xLS015,diam_0.106_0.25mm_p,,20.722,xLSGS2,not previously published ,
ds_05,x9015,150105.06,6/27/1990,NA,SC,0.74,0.82,0.106,0.25,xLS015,diam_0.106_0.25mm_p,,21.397,xLSGS2,not previously published ,
ds_05,x9015,150105.07,6/27/1990,NA,SC,0.82,0.9,0.106,0.25,xLS015,diam_0.106_0.25mm_p,,22.764,xLSGS2,not previously published ,
ds_05,x9015,150105.08,6/27/1990,NA,SC,0.9,0.98,0.106,0.25,xLS015,diam_0.106_0.25mm_p,,23.103,xLSGS2,not previously published ,
ds_05,x9015,150105.09,6/27/1990,NA,SC,0.98,1.06,0.106,0.25,xLS015,diam_0.106_0.25mm_p,,21.409,xLSGS2,not previously published ,
ds_05,x9015,150105.1,6/27/1990,NA,SC,1.06,1.14,0.106,0.25,xLS015,diam_0.106_0.25mm_p,,25.511,xLSGS2,not previously published ,
ds_05,x9015,150105.11,6/27/1990,NA,SC,1.14,1.21,0.106,0.25,xLS015,diam_0.106_0.25mm_p,,26.172,xLSGS2,not previously published ,
ds_05,x9015,150510.01,6/27/1990,NA,SC,1.52,1.6,0.106,0.25,xLS015,diam_0.106_0.25mm_p,,24.567,xLSGS2,not previously published ,
ds_05,x9015,150510.02,6/27/1990,NA,SC,1.61,1.68,0.106,0.25,xLS015,diam_0.106_0.25mm_p,,10.442,xLSGS2,not previously published ,
ds_05,x9015,150510.03,6/27/1990,NA,SC,1.69,1.76,0.106,0.25,xLS015,diam_0.106_0.25mm_p,,13.584,xLSGS2,not previously published ,
ds_05,x9015,150510.04,6/27/1990,NA,SC,1.77,1.85,0.106,0.25,xLS015,diam_0.106_0.25mm_p,,9.057,xLSGS2,not previously published ,
ds_05,x9015,150510.05,6/27/1990,NA,SC,1.85,1.93,0.106,0.25,xLS015,diam_0.106_0.25mm_p,,7.559,xLSGS2,not previously published ,
ds_05,x9015,150510.06,6/27/1990,NA,SC,1.93,2.01,0.106,0.25,xLS015,diam_0.106_0.25mm_p,,7.292,xLSGS2,not previously published ,
ds_05,x9015,150510.07,6/27/1990,NA,SC,2.01,2.09,0.106,0.25,xLS015,diam_0.106_0.25mm_p,,5.921,xLSGS2,not previously published ,
ds_05,x9015,150510.08,6/27/1990,NA,SC,2.1,2.17,0.106,0.25,xLS015,diam_0.106_0.25mm_p,,8.071,xLSGS2,not previously published ,
ds_05,x9015,150510.09,6/27/1990,NA,SC,2.18,2.23,0.106,0.25,xLS015,diam_0.106_0.25mm_p,,3.812,xLSGS2,not previously published ,
ds_05,x9015,150510.1,6/27/1990,NA,SC,2.24,2.32,0.106,0.25,xLS015,diam_0.106_0.25mm_p,,3.409,xLSGS2,not previously published ,
ds_05,x9015,150510.11,6/27/1990,NA,SC,2.33,2.44,0.106,0.25,xLS015,diam_0.106_0.25mm_p,,5.957,xLSGS2,not previously published ,
ds_05,x9015,151015.01,6/27/1990,NA,SC,3.05,3.12,0.106,0.25,xLS015,diam_0.106_0.25mm_p,,34.426,xLSGS2,not previously published ,
ds_05,x9015,151015.02,6/27/1990,NA,SC,3.13,3.21,0.106,0.25,xLS015,diam_0.106_0.25mm_p,,29.782,xLSGS2,not previously published ,
ds_05,x9015,151015.03,6/27/1990,NA,SC,3.21,3.28,0.106,0.25,xLS015,diam_0.106_0.25mm_p,,13.302,xLSGS2,not previously published ,
ds_05,x9015,151015.04,6/27/1990,NA,SC,3.29,3.37,0.106,0.25,xLS015,diam_0.106_0.25mm_p,,14.163,xLSGS2,not previously published ,
ds_05,x9015,151015.05,6/27/1990,NA,SC,3.37,3.45,0.106,0.25,xLS015,diam_0.106_0.25mm_p,,8.092,xLSGS2,not previously published ,
ds_05,x9015,151015.06,6/27/1990,NA,SC,3.45,3.53,0.106,0.25,xLS015,diam_0.106_0.25mm_p,,22.635,xLSGS2,not previously published ,
ds_05,x9015,151015.07,6/27/1990,NA,SC,3.54,3.61,0.106,0.25,xLS015,diam_0.106_0.25mm_p,,25.385,xLSGS2,not previously published ,
ds_05,x9015,151015.08,6/27/1990,NA,SC,3.62,3.69,0.106,0.25,xLS015,diam_0.106_0.25mm_p,,43.82,xLSGS2,not previously published ,
ds_05,x9015,151015.09,6/27/1990,NA,SC,3.7,3.77,0.106,0.25,xLS015,diam_0.106_0.25mm_p,,20.765,xLSGS2,not previously published ,
ds_05,x9015,151015.1,6/27/1990,NA,SC,3.78,3.85,0.106,0.25,xLS015,diam_0.106_0.25mm_p,,14.884,xLSGS2,not previously published ,
ds_05,x9015,151015.11,6/27/1990,NA,SC,3.85,3.93,0.106,0.25,xLS015,diam_0.106_0.25mm_p,,22.745,xLSGS2,not previously published ,
ds_05,x9015,151015.12,6/27/1990,NA,SC,3.94,4.01,0.106,0.25,xLS015,diam_0.106_0.25mm_p,,44.568,xLSGS2,not previously published ,
ds_05,x9015,151015.13,6/27/1990,NA,SC,4.03,4.11,0.106,0.25,xLS015,diam_0.106_0.25mm_p,,19.107,xLSGS2,not previously published ,
ds_05,x9015,151015.14,6/27/1990,NA,SC,4.11,4.15,0.106,0.25,xLS015,diam_0.106_0.25mm_p,,30.911,xLSGS2,not previously published ,
ds_05,x9015,151520.01,6/27/1990,NA,SC,4.57,4.65,0.106,0.25,xLS015,diam_0.106_0.25mm_p,,58.157,xLSGS2,not previously published ,
ds_05,x9015,150105.01,6/27/1990,NA,SC,0.3,0.38,0.106,0.25,xLS015,diam_0.106_0.25mm_p,,14.934,xLSGS2,not previously published ,
ds_05,x9015,150105.02,6/27/1990,NA,SC,0.38,0.47,0.106,0.25,xLS015,diam_0.106_0.25mm_p,,16.702,xLSGS2,not previously published ,
ds_05,x9015,150105.03,6/27/1990,NA,SC,0.47,0.55,0.106,0.25,xLS015,diam_0.106_0.25mm_p,,16.01,xLSGS2,not previously published ,
ds_05,x9015,151520.13,6/27/1990,NA,SC,5.53,5.6,0.106,0.25,xLS015,diam_0.106_0.25mm_p,,27.206,xLSGS2,not previously published ,
ds_05,x9015,151520.14,6/27/1990,NA,SC,5.61,5.68,0.106,0.25,xLS015,diam_0.106_0.25mm_p,,21.773,xLSGS2,not previously published ,
ds_05,x9015,151520.15,6/27/1990,NA,SC,5.68,5.76,0.106,0.25,xLS015,diam_0.106_0.25mm_p,,20.123,xLSGS2,not previously published ,
ds_05,x9015,151520.16,6/27/1990,NA,SC,5.76,5.86,0.106,0.25,xLS015,diam_0.106_0.25mm_p,,41.375,xLSGS2,not previously published ,
ds_05,x9015,152025.01,6/27/1990,NA,SC,6.1,6.17,0.106,0.25,xLS015,diam_0.106_0.25mm_p,,41.952,xLSGS2,not previously published ,
ds_05,x9015,152025.02,6/27/1990,NA,SC,6.18,6.25,0.106,0.25,xLS015,diam_0.106_0.25mm_p,,39.121,xLSGS2,not previously published ,
ds_05,x9015,152025.03,6/27/1990,NA,SC,6.26,6.33,0.106,0.25,xLS015,diam_0.106_0.25mm_p,,19.244,xLSGS2,not previously published ,
ds_05,x9015,152025.04,6/27/1990,NA,SC,6.34,6.42,0.106,0.25,xLS015,diam_0.106_0.25mm_p,,20.139,xLSGS2,not previously published ,
ds_05,x9015,152025.05,6/27/1990,NA,SC,6.42,6.49,0.106,0.25,xLS015,diam_0.106_0.25mm_p,,15.924,xLSGS2,not previously published ,
ds_05,x9015,152025.06,6/27/1990,NA,SC,6.51,6.59,0.106,0.25,xLS015,diam_0.106_0.25mm_p,,15.952,xLSGS2,not previously published ,
ds_05,x9015,152025.07,6/27/1990,NA,SC,6.59,6.67,0.106,0.25,xLS015,diam_0.106_0.25mm_p,,22.191,xLSGS2,not previously published ,
ds_05,x9015,152025.08,6/27/1990,NA,SC,6.67,6.75,0.106,0.25,xLS015,diam_0.106_0.25mm_p,,21.797,xLSGS2,not previously published ,
ds_05,x9015,152025.09,6/27/1990,NA,SC,6.75,6.83,0.106,0.25,xLS015,diam_0.106_0.25mm_p,,30.186,xLSGS2,not previously published ,
ds_05,x9015,152025.1,6/27/1990,NA,SC,6.83,6.91,0.106,0.25,xLS015,diam_0.106_0.25mm_p,,64.149,xLSGS2,not previously published ,
ds_05,x9015,152025.11,6/27/1990,NA,SC,6.91,6.99,0.106,0.25,xLS015,diam_0.106_0.25mm_p,,72.404,xLSGS2,not previously published ,
ds_05,x9015,152025.12,6/27/1990,NA,SC,7,7.07,0.106,0.25,xLS015,diam_0.106_0.25mm_p,,68.504,xLSGS2,not previously published ,
ds_05,x9015,152025.13,6/27/1990,NA,SC,7.09,7.17,0.106,0.25,xLS015,diam_0.106_0.25mm_p,,68.03,xLSGS2,not previously published ,
ds_05,x9015,152530.01,6/27/1990,NA,SC,7.62,7.7,0.106,0.25,xLS015,diam_0.106_0.25mm_p,,30.748,xLSGS2,not previously published ,
ds_05,x9015,152530.02,6/27/1990,NA,SC,7.7,7.78,0.106,0.25,xLS015,diam_0.106_0.25mm_p,,31.768,xLSGS2,not previously published ,
ds_05,x9015,152530.03,6/27/1990,NA,SC,7.78,7.85,0.106,0.25,xLS015,diam_0.106_0.25mm_p,,40.594,xLSGS2,not previously published ,
ds_05,x9015,152530.04,6/27/1990,NA,SC,7.86,7.93,0.106,0.25,xLS015,diam_0.106_0.25mm_p,,27.36,xLSGS2,not previously published ,
ds_05,x9015,152530.05,6/27/1990,NA,SC,7.94,8.01,0.106,0.25,xLS015,diam_0.106_0.25mm_p,,26.547,xLSGS2,not previously published ,
ds_05,x9015,152530.06,6/27/1990,NA,SC,8.01,8.09,0.106,0.25,xLS015,diam_0.106_0.25mm_p,,42.156,xLSGS2,not previously published ,
ds_05,x9015,152530.07,6/27/1990,NA,SC,8.09,8.17,0.106,0.25,xLS015,diam_0.106_0.25mm_p,,68.838,xLSGS2,not previously published ,
ds_05,x9015,151520.02,6/27/1990,NA,SC,4.66,4.73,0.106,0.25,xLS015,diam_0.106_0.25mm_p,,66.174,xLSGS2,not previously published ,
ds_05,x9015,151520.03,6/27/1990,NA,SC,4.73,4.81,0.106,0.25,xLS015,diam_0.106_0.25mm_p,,58.491,xLSGS2,not previously published ,
ds_05,x9015,151520.04,6/27/1990,NA,SC,4.81,4.89,0.106,0.25,xLS015,diam_0.106_0.25mm_p,,73.121,xLSGS2,not previously published ,
ds_05,x9015,151520.05,6/27/1990,NA,SC,4.89,4.97,0.106,0.25,xLS015,diam_0.106_0.25mm_p,,62.015,xLSGS2,not previously published ,
ds_05,x9015,151520.06,6/27/1990,NA,SC,4.97,5.05,0.106,0.25,xLS015,diam_0.106_0.25mm_p,,31.056,xLSGS2,not previously published ,
ds_05,x9015,151520.07,6/27/1990,NA,SC,5.05,5.12,0.106,0.25,xLS015,diam_0.106_0.25mm_p,,35.587,xLSGS2,not previously published ,
ds_05,x9015,151520.08,6/27/1990,NA,SC,5.13,5.2,0.106,0.25,xLS015,diam_0.106_0.25mm_p,,33.22,xLSGS2,not previously published ,
ds_05,x9015,151520.09,6/27/1990,NA,SC,5.21,5.28,0.106,0.25,xLS015,diam_0.106_0.25mm_p,,40.299,xLSGS2,not previously published ,
ds_05,x9015,151520.1,6/27/1990,NA,SC,5.28,5.36,0.106,0.25,xLS015,diam_0.106_0.25mm_p,,43.116,xLSGS2,not previously published ,
ds_05,x9015,151520.11,6/27/1990,NA,SC,5.36,5.44,0.106,0.25,xLS015,diam_0.106_0.25mm_p,,41.293,xLSGS2,not previously published ,
ds_05,x9015,151520.12,6/27/1990,NA,SC,5.44,5.52,0.106,0.25,xLS015,diam_0.106_0.25mm_p,,35.271,xLSGS2,not previously published ,
ds_05,x9016,160510.01,6/28/1990,NA,SC,1.52,1.6,0.106,0.25,xLS015,diam_0.106_0.25mm_p,,16.133,xLSGS2,not previously published ,
ds_05,x9016,160510.02,6/28/1990,NA,SC,1.6,1.68,0.106,0.25,xLS015,diam_0.106_0.25mm_p,,14.368,xLSGS2,not previously published ,
ds_05,x9016,160510.03,6/28/1990,NA,SC,1.69,1.76,0.106,0.25,xLS015,diam_0.106_0.25mm_p,,15.475,xLSGS2,not previously published ,
ds_05,x9016,160510.04,6/28/1990,NA,SC,1.77,1.84,0.106,0.25,xLS015,diam_0.106_0.25mm_p,,14.638,xLSGS2,not previously published ,
ds_05,x9016,160510.05,6/28/1990,NA,SC,1.85,1.92,0.106,0.25,xLS015,diam_0.106_0.25mm_p,,15.205,xLSGS2,not previously published ,
ds_05,x9016,160510.12,6/28/1990,NA,SC,2.4,2.47,0.106,0.25,xLS015,diam_0.106_0.25mm_p,,13.364,xLSGS2,not previously published ,
ds_05,x9016,160510.13,6/28/1990,NA,SC,2.48,2.58,0.106,0.25,xLS015,diam_0.106_0.25mm_p,,15.022,xLSGS2,not previously published ,
ds_05,x9016,161013.01,6/28/1990,NA,SC,3.05,3.12,0.106,0.25,xLS015,diam_0.106_0.25mm_p,,17.427,xLSGS2,not previously published ,
ds_05,x9016,161013.02,6/28/1990,NA,SC,3.13,3.2,0.106,0.25,xLS015,diam_0.106_0.25mm_p,,18.086,xLSGS2,not previously published ,
ds_05,x9016,161013.03,6/28/1990,NA,SC,3.21,3.28,0.106,0.25,xLS015,diam_0.106_0.25mm_p,,14.846,xLSGS2,not previously published ,
ds_05,x9016,161013.04,6/28/1990,NA,SC,3.29,3.36,0.106,0.25,xLS015,diam_0.106_0.25mm_p,,20.567,xLSGS2,not previously published ,
ds_05,x9016,161013.05,6/28/1990,NA,SC,3.36,3.43,0.106,0.25,xLS015,diam_0.106_0.25mm_p,,17.6,xLSGS2,not previously published ,
ds_05,x9016,161013.06,6/28/1990,NA,SC,3.45,3.53,0.106,0.25,xLS015,diam_0.106_0.25mm_p,,16.813,xLSGS2,not previously published ,
ds_05,x9016,161013.07,6/28/1990,NA,SC,3.53,3.56,0.106,0.25,xLS015,diam_0.106_0.25mm_p,,16.734,xLSGS2,not previously published ,
ds_05,x9016,161013.08,6/28/1990,NA,SC,3.56,3.64,0.106,0.25,xLS015,diam_0.106_0.25mm_p,,16.56,xLSGS2,not previously published ,
ds_05,x9016,161013.09,6/28/1990,NA,SC,3.64,3.72,0.106,0.25,xLS015,diam_0.106_0.25mm_p,,50.951,xLSGS2,not previously published ,
ds_05,x9016,161013.1,6/28/1990,NA,SC,3.72,3.81,0.106,0.25,xLS015,diam_0.106_0.25mm_p,,14.15,xLSGS2,not previously published ,
ds_05,x9016,161418.01,6/28/1990,NA,SC,4.27,4.35,0.106,0.25,xLS015,diam_0.106_0.25mm_p,,57.784,xLSGS2,not previously published ,
ds_05,x9016,161418.02,6/28/1990,NA,SC,4.35,4.42,0.106,0.25,xLS015,diam_0.106_0.25mm_p,,63.136,xLSGS2,not previously published ,
ds_05,x9016,161418.03,6/28/1990,NA,SC,4.43,4.51,0.106,0.25,xLS015,diam_0.106_0.25mm_p,,80.837,xLSGS2,not previously published ,
ds_05,x9016,161418.04,6/28/1990,NA,SC,4.51,4.59,0.106,0.25,xLS015,diam_0.106_0.25mm_p,,84.127,xLSGS2,not previously published ,
ds_05,x9016,161418.05,6/28/1990,NA,SC,4.59,4.67,0.106,0.25,xLS015,diam_0.106_0.25mm_p,,83.019,xLSGS2,not previously published ,
ds_05,x9016,161418.06,6/28/1990,NA,SC,4.67,4.75,0.106,0.25,xLS015,diam_0.106_0.25mm_p,,72.999,xLSGS2,not previously published ,
ds_05,x9016,161418.07,6/28/1990,NA,SC,4.75,4.82,0.106,0.25,xLS015,diam_0.106_0.25mm_p,,77.468,xLSGS2,not previously published ,
ds_05,x9016,161418.08,6/28/1990,NA,SC,4.83,4.9,0.106,0.25,xLS015,diam_0.106_0.25mm_p,,76.776,xLSGS2,not previously published ,
ds_05,x9016,161418.09,6/28/1990,NA,SC,4.9,4.98,0.106,0.25,xLS015,diam_0.106_0.25mm_p,,57.038,xLSGS2,not previously published ,
ds_05,x9016,161418.1,6/28/1990,NA,SC,4.98,5.06,0.106,0.25,xLS015,diam_0.106_0.25mm_p,,58.636,xLSGS2,not previously published ,
ds_05,x9016,161418.11,6/28/1990,NA,SC,5.06,5.14,0.106,0.25,xLS015,diam_0.106_0.25mm_p,,42.743,xLSGS2,not previously published ,
ds_05,x9016,161418.12,6/28/1990,NA,SC,5.14,5.22,0.106,0.25,xLS015,diam_0.106_0.25mm_p,,41.739,xLSGS2,not previously published ,
ds_05,x9016,161418.13,6/28/1990,NA,SC,5.22,5.3,0.106,0.25,xLS015,diam_0.106_0.25mm_p,,35.095,xLSGS2,not previously published ,
ds_05,x9016,161418.14,6/28/1990,NA,SC,5.3,5.37,0.106,0.25,xLS015,diam_0.106_0.25mm_p,,24.687,xLSGS2,not previously published ,
ds_05,x9016,161924.01,6/28/1990,NA,SC,5.79,5.9,0.106,0.25,xLS015,diam_0.106_0.25mm_p,,25.171,xLSGS2,not previously published ,
ds_05,x9016,161924.02,6/28/1990,NA,SC,5.9,5.96,0.106,0.25,xLS015,diam_0.106_0.25mm_p,,13.667,xLSGS2,not previously published ,
ds_05,x9016,161924.03,6/28/1990,NA,SC,5.96,6.04,0.106,0.25,xLS015,diam_0.106_0.25mm_p,,37.768,xLSGS2,not previously published ,
ds_05,x9016,161924.04,6/28/1990,NA,SC,6.06,6.14,0.106,0.25,xLS015,diam_0.106_0.25mm_p,,71.193,xLSGS2,not previously published ,
ds_05,x9016,161924.05,6/28/1990,NA,SC,6.14,6.22,0.106,0.25,xLS015,diam_0.106_0.25mm_p,,59.97,xLSGS2,not previously published ,
ds_05,x9016,161924.06,6/28/1990,NA,SC,6.22,6.3,0.106,0.25,xLS015,diam_0.106_0.25mm_p,,26.899,xLSGS2,not previously published ,
ds_05,x9016,161924.07,6/28/1990,NA,SC,6.3,6.38,0.106,0.25,xLS015,diam_0.106_0.25mm_p,,26.23,xLSGS2,not previously published ,
ds_05,x9016,161924.08,6/28/1990,NA,SC,6.38,6.46,0.106,0.25,xLS015,diam_0.106_0.25mm_p,,22.635,xLSGS2,not previously published ,
ds_05,x9016,160510.06,6/28/1990,NA,SC,1.92,2,0.106,0.25,xLS015,diam_0.106_0.25mm_p,,14.134,xLSGS2,not previously published ,
ds_05,x9016,160510.07,6/28/1990,NA,SC,2,2.08,0.106,0.25,xLS015,diam_0.106_0.25mm_p,,16.429,xLSGS2,not previously published ,
ds_05,x9016,160510.08,6/28/1990,NA,SC,2.08,2.15,0.106,0.25,xLS015,diam_0.106_0.25mm_p,,13.647,xLSGS2,not previously published ,
ds_05,x9016,160510.09,6/28/1990,NA,SC,2.16,2.23,0.106,0.25,xLS015,diam_0.106_0.25mm_p,,15.32,xLSGS2,not previously published ,
ds_05,x9016,160510.1,6/28/1990,NA,SC,2.24,2.31,0.106,0.25,xLS015,diam_0.106_0.25mm_p,,13.637,xLSGS2,not previously published ,
ds_05,x9016,160510.11,6/28/1990,NA,SC,2.32,2.39,0.106,0.25,xLS015,diam_0.106_0.25mm_p,,12.577,xLSGS2,not previously published ,
ds_05,x9016,161924.09,6/28/1990,NA,SC,6.48,6.56,0.106,0.25,xLS015,diam_0.106_0.25mm_p,,21.066,xLSGS2,not previously published ,
ds_05,x9016,161924.1,6/28/1990,NA,SC,6.56,6.62,0.106,0.25,xLS015,diam_0.106_0.25mm_p,,43.749,xLSGS2,not previously published ,
ds_05,x9016,161924.11,6/28/1990,NA,SC,6.62,6.65,0.106,0.25,xLS015,diam_0.106_0.25mm_p,,13.049,xLSGS2,not previously published ,
ds_05,x9016,161924.12,6/28/1990,NA,SC,6.65,6.73,0.106,0.25,xLS015,diam_0.106_0.25mm_p,,10.914,xLSGS2,not previously published ,
ds_05,x9016,161924.13,6/28/1990,NA,SC,6.75,6.83,0.106,0.25,xLS015,diam_0.106_0.25mm_p,,14.831,xLSGS2,not previously published ,
ds_05,x9016,161924.14,6/28/1990,NA,SC,6.83,6.91,0.106,0.25,xLS015,diam_0.106_0.25mm_p,,34.878,xLSGS2,not previously published ,
ds_05,x9016,161924.15,6/28/1990,NA,SC,6.91,6.99,0.106,0.25,xLS015,diam_0.106_0.25mm_p,,10.527,xLSGS2,not previously published ,
ds_05,x9016,161924.16,6/28/1990,NA,SC,6.99,7.07,0.106,0.25,xLS015,diam_0.106_0.25mm_p,,71.863,xLSGS2,not previously published ,
ds_05,x9016,161924.17,6/28/1990,NA,SC,7.07,7.15,0.106,0.25,xLS015,diam_0.106_0.25mm_p,,67.86,xLSGS2,not previously published ,
ds_05,x9016,161924.18,6/28/1990,NA,SC,7.15,7.24,0.106,0.25,xLS015,diam_0.106_0.25mm_p,,42.903,xLSGS2,not previously published ,
ds_05,x9017,171419.13,6/29/1990,NA,SC,5.27,5.34,0.106,0.25,xLS015,diam_0.106_0.25mm_p,,28.925,xLSGS2,not previously published ,
ds_05,x9017,171419.14,6/29/1990,NA,SC,5.35,5.42,0.106,0.25,xLS015,diam_0.106_0.25mm_p,,29.676,xLSGS2,not previously published ,
ds_05,x9017,171419.15,6/29/1990,NA,SC,5.43,5.49,0.106,0.25,xLS015,diam_0.106_0.25mm_p,,26.244,xLSGS2,not previously published ,
ds_05,x9017,171419.16,6/29/1990,NA,SC,5.49,5.55,0.106,0.25,xLS015,diam_0.106_0.25mm_p,,55.876,xLSGS2,not previously published ,
ds_05,x9017,170914.01,6/29/1990,NA,SC,2.74,2.82,0.106,0.25,xLS015,diam_0.106_0.25mm_p,,56.206,xLSGS2,not previously published ,
ds_05,x9017,170914.02,6/29/1990,NA,SC,2.82,2.9,0.106,0.25,xLS015,diam_0.106_0.25mm_p,,55.741,xLSGS2,not previously published ,
ds_05,x9017,170914.03,6/29/1990,NA,SC,2.91,2.98,0.106,0.25,xLS015,diam_0.106_0.25mm_p,,55.398,xLSGS2,not previously published ,
ds_05,x9017,170914.04,6/29/1990,NA,SC,2.99,3.06,0.106,0.25,xLS015,diam_0.106_0.25mm_p,,53.786,xLSGS2,not previously published ,
ds_05,x9017,170914.05,6/29/1990,NA,SC,3.06,3.14,0.106,0.25,xLS015,diam_0.106_0.25mm_p,,78.941,xLSGS2,not previously published ,
ds_05,x9017,170914.06,6/29/1990,NA,SC,3.14,3.21,0.106,0.25,xLS015,diam_0.106_0.25mm_p,,87.036,xLSGS2,not previously published ,
ds_05,x9017,170914.07,6/29/1990,NA,SC,3.22,3.29,0.106,0.25,xLS015,diam_0.106_0.25mm_p,,76.983,xLSGS2,not previously published ,
ds_05,x9017,170914.08,6/29/1990,NA,SC,3.3,3.37,0.106,0.25,xLS015,diam_0.106_0.25mm_p,,54.53,xLSGS2,not previously published ,
ds_05,x9017,170914.09,6/29/1990,NA,SC,3.37,3.45,0.106,0.25,xLS015,diam_0.106_0.25mm_p,,56.327,xLSGS2,not previously published ,
ds_05,x9017,170914.1,6/29/1990,NA,SC,3.45,3.53,0.106,0.25,xLS015,diam_0.106_0.25mm_p,,46.635,xLSGS2,not previously published ,
ds_05,x9017,170914.11,6/29/1990,NA,SC,3.53,3.6,0.106,0.25,xLS015,diam_0.106_0.25mm_p,,40.318,xLSGS2,not previously published ,
ds_05,x9017,170914.12,6/29/1990,NA,SC,3.61,3.69,0.106,0.25,xLS015,diam_0.106_0.25mm_p,,37.774,xLSGS2,not previously published ,
ds_05,x9017,170914.13,6/29/1990,NA,SC,3.69,3.76,0.106,0.25,xLS015,diam_0.106_0.25mm_p,,36.12,xLSGS2,not previously published ,
ds_05,x9017,170914.14,6/29/1990,NA,SC,3.77,3.84,0.106,0.25,xLS015,diam_0.106_0.25mm_p,,32.391,xLSGS2,not previously published ,
ds_05,x9017,171419.01,6/29/1990,NA,SC,4.27,4.34,0.106,0.25,xLS015,diam_0.106_0.25mm_p,,14.604,xLSGS2,not previously published ,
ds_05,x9017,171419.02,6/29/1990,NA,SC,4.35,4.42,0.106,0.25,xLS015,diam_0.106_0.25mm_p,,13.115,xLSGS2,not previously published ,
ds_05,x9017,171419.03,6/29/1990,NA,SC,4.43,4.51,0.106,0.25,xLS015,diam_0.106_0.25mm_p,,31.447,xLSGS2,not previously published ,
ds_05,x9017,171419.04,6/29/1990,NA,SC,4.51,4.59,0.106,0.25,xLS015,diam_0.106_0.25mm_p,,33.212,xLSGS2,not previously published ,
ds_05,x9017,171419.05,6/29/1990,NA,SC,4.59,4.67,0.106,0.25,xLS015,diam_0.106_0.25mm_p,,11.583,xLSGS2,not previously published ,
ds_05,x9017,171419.06,6/29/1990,NA,SC,4.67,4.75,0.106,0.25,xLS015,diam_0.106_0.25mm_p,,12.759,xLSGS2,not previously published ,
ds_05,x9017,171419.07,6/29/1990,NA,SC,4.76,4.83,0.106,0.25,xLS015,diam_0.106_0.25mm_p,,19.084,xLSGS2,not previously published ,
ds_05,x9017,171419.08,6/29/1990,NA,SC,4.84,4.92,0.106,0.25,xLS015,diam_0.106_0.25mm_p,,48.688,xLSGS2,not previously published ,
ds_05,x9017,171419.09,6/29/1990,NA,SC,4.92,5,0.106,0.25,xLS015,diam_0.106_0.25mm_p,,28.351,xLSGS2,not previously published ,
ds_05,x9017,171419.1,6/29/1990,NA,SC,5.01,5.09,0.106,0.25,xLS015,diam_0.106_0.25mm_p,,29.316,xLSGS2,not previously published ,
ds_05,x9017,171419.11,6/29/1990,NA,SC,5.09,5.18,0.106,0.25,xLS015,diam_0.106_0.25mm_p,,35.527,xLSGS2,not previously published ,
ds_05,x9017,171419.12,6/29/1990,NA,SC,5.18,5.26,0.106,0.25,xLS015,diam_0.106_0.25mm_p,,23.132,xLSGS2,not previously published ,
ds_05,x9017,171924.01,6/29/1990,NA,SC,5.79,5.87,0.106,0.25,xLS015,diam_0.106_0.25mm_p,,22.804,xLSGS2,not previously published ,
ds_05,x9017,171924.02,6/29/1990,NA,SC,5.87,5.95,0.106,0.25,xLS015,diam_0.106_0.25mm_p,,25.787,xLSGS2,not previously published ,
ds_05,x9017,171924.03,6/29/1990,NA,SC,5.95,6.03,0.106,0.25,xLS015,diam_0.106_0.25mm_p,,41.162,xLSGS2,not previously published ,
ds_05,x9017,171924.04,6/29/1990,NA,SC,6.03,6.11,0.106,0.25,xLS015,diam_0.106_0.25mm_p,,69.489,xLSGS2,not previously published ,
ds_05,x9017,171924.05,6/29/1990,NA,SC,6.11,6.19,0.106,0.25,xLS015,diam_0.106_0.25mm_p,,67.788,xLSGS2,not previously published ,
ds_05,x9017,171924.06,6/29/1990,NA,SC,6.19,6.27,0.106,0.25,xLS015,diam_0.106_0.25mm_p,,36.756,xLSGS2,not previously published ,
ds_05,x9017,171924.07,6/29/1990,NA,SC,6.27,6.35,0.106,0.25,xLS015,diam_0.106_0.25mm_p,,10.906,xLSGS2,not previously published ,
ds_05,x9017,171924.08,6/29/1990,NA,SC,6.36,6.43,0.106,0.25,xLS015,diam_0.106_0.25mm_p,,14.21,xLSGS2,not previously published ,
ds_05,x9017,171924.09,6/29/1990,NA,SC,6.44,6.52,0.106,0.25,xLS015,diam_0.106_0.25mm_p,,58.459,xLSGS2,not previously published ,
ds_05,x9017,171924.1,6/29/1990,NA,SC,6.52,6.59,0.106,0.25,xLS015,diam_0.106_0.25mm_p,,46.253,xLSGS2,not previously published ,
ds_05,x9017,171924.11,6/29/1990,NA,SC,6.6,6.67,0.106,0.25,xLS015,diam_0.106_0.25mm_p,,34.622,xLSGS2,not previously published ,
ds_05,x9017,171924.12,6/29/1990,NA,SC,6.68,6.76,0.106,0.25,xLS015,diam_0.106_0.25mm_p,,69.214,xLSGS2,not previously published ,
ds_05,x9017,171924.13,6/29/1990,NA,SC,6.76,6.84,0.106,0.25,xLS015,diam_0.106_0.25mm_p,,68.887,xLSGS2,not previously published ,
ds_05,x9017,171924.14,6/29/1990,NA,SC,6.84,6.9,0.106,0.25,xLS015,diam_0.106_0.25mm_p,,6.211,xLSGS2,not previously published ,
ds_05,x9018,181419.03,6/29/1990,NA,SC,4.43,4.51,0.106,0.25,xLS015,diam_0.106_0.25mm_p,,55.756,xLSGS2,not previously published ,
ds_05,x9018,181419.04,6/29/1990,NA,SC,4.51,4.58,0.106,0.25,xLS015,diam_0.106_0.25mm_p,,54.142,xLSGS2,not previously published ,
ds_05,x9018,181419.05,6/29/1990,NA,SC,4.59,4.66,0.106,0.25,xLS015,diam_0.106_0.25mm_p,,50.539,xLSGS2,not previously published ,
ds_05,x9018,181419.06,6/29/1990,NA,SC,4.67,4.74,0.106,0.25,xLS015,diam_0.106_0.25mm_p,,28.528,xLSGS2,not previously published ,
ds_05,x9018,181419.07,6/29/1990,NA,SC,4.75,4.82,0.106,0.25,xLS015,diam_0.106_0.25mm_p,,50.115,xLSGS2,not previously published ,
ds_05,x9018,181419.08,6/29/1990,NA,SC,4.82,4.9,0.106,0.25,xLS015,diam_0.106_0.25mm_p,,61.28,xLSGS2,not previously published ,
ds_05,x9018,181419.09,6/29/1990,NA,SC,4.9,4.97,0.106,0.25,xLS015,diam_0.106_0.25mm_p,,37.886,xLSGS2,not previously published ,
ds_05,x9018,181419.1,6/29/1990,NA,SC,4.98,5.06,0.106,0.25,xLS015,diam_0.106_0.25mm_p,,19.869,xLSGS2,not previously published ,
ds_05,x9018,180914.01,6/29/1990,NA,SC,2.74,2.82,0.106,0.25,xLS015,diam_0.106_0.25mm_p,,4.42,xLSGS2,not previously published ,
ds_05,x9018,180914.02,6/29/1990,NA,SC,2.83,2.9,0.106,0.25,xLS015,diam_0.106_0.25mm_p,,3.097,xLSGS2,not previously published ,
ds_05,x9018,180914.03,6/29/1990,NA,SC,2.9,2.98,0.106,0.25,xLS015,diam_0.106_0.25mm_p,,10.475,xLSGS2,not previously published ,
ds_05,x9018,180914.04,6/29/1990,NA,SC,2.98,3.06,0.106,0.25,xLS015,diam_0.106_0.25mm_p,,20.119,xLSGS2,not previously published ,
ds_05,x9018,180914.05,6/29/1990,NA,SC,3.06,3.13,0.106,0.25,xLS015,diam_0.106_0.25mm_p,,64.315,xLSGS2,not previously published ,
ds_05,x9018,180914.06,6/29/1990,NA,SC,3.14,3.21,0.106,0.25,xLS015,diam_0.106_0.25mm_p,,58.679,xLSGS2,not previously published ,
ds_05,x9018,180914.07,6/29/1990,NA,SC,3.21,3.29,0.106,0.25,xLS015,diam_0.106_0.25mm_p,,50.297,xLSGS2,not previously published ,
ds_05,x9018,180914.08,6/29/1990,NA,SC,3.29,3.37,0.106,0.25,xLS015,diam_0.106_0.25mm_p,,41.759,xLSGS2,not previously published ,
ds_05,x9018,180914.09,6/29/1990,NA,SC,3.37,3.45,0.106,0.25,xLS015,diam_0.106_0.25mm_p,,49.487,xLSGS2,not previously published ,
ds_05,x9018,180914.1,6/29/1990,NA,SC,3.45,3.53,0.106,0.25,xLS015,diam_0.106_0.25mm_p,,51.224,xLSGS2,not previously published ,
ds_05,x9018,180914.11,6/29/1990,NA,SC,3.53,3.61,0.106,0.25,xLS015,diam_0.106_0.25mm_p,,36.138,xLSGS2,not previously published ,
ds_05,x9018,180914.12,6/29/1990,NA,SC,3.61,3.69,0.106,0.25,xLS015,diam_0.106_0.25mm_p,,35.522,xLSGS2,not previously published ,
ds_05,x9018,180914.13,6/29/1990,NA,SC,3.69,3.77,0.106,0.25,xLS015,diam_0.106_0.25mm_p,,24.671,xLSGS2,not previously published ,
ds_05,x9018,180914.14,6/29/1990,NA,SC,3.77,3.85,0.106,0.25,xLS015,diam_0.106_0.25mm_p,,40.838,xLSGS2,not previously published ,
ds_05,x9018,180914.15,6/29/1990,NA,SC,3.85,3.93,0.106,0.25,xLS015,diam_0.106_0.25mm_p,,26.984,xLSGS2,not previously published ,
ds_05,x9018,180914.16,6/29/1990,NA,SC,3.93,4.01,0.106,0.25,xLS015,diam_0.106_0.25mm_p,,53.188,xLSGS2,not previously published ,
ds_05,x9018,181419.01,6/29/1990,NA,SC,4.27,4.34,0.106,0.25,xLS015,diam_0.106_0.25mm_p,,36.64,xLSGS2,not previously published ,
ds_05,x9018,181419.02,6/29/1990,NA,SC,4.35,4.42,0.106,0.25,xLS015,diam_0.106_0.25mm_p,,35.419,xLSGS2,not previously published ,
ds_05,x9018,181924.02,6/29/1990,NA,SC,5.87,5.95,0.106,0.25,xLS015,diam_0.106_0.25mm_p,,33.944,xLSGS2,not previously published ,
ds_05,x9018,181924.03,6/29/1990,NA,SC,5.95,6.03,0.106,0.25,xLS015,diam_0.106_0.25mm_p,,29.512,xLSGS2,not previously published ,
ds_05,x9018,181924.05,6/29/1990,NA,SC,6.12,6.2,0.106,0.25,xLS015,diam_0.106_0.25mm_p,,30.85,xLSGS2,not previously published ,
ds_05,x9018,181419.14,6/29/1990,NA,SC,5.31,5.4,0.106,0.25,xLS015,diam_0.106_0.25mm_p,,46.819,xLSGS2,not previously published ,
ds_05,x9018,181924.06,6/29/1990,NA,SC,6.2,6.26,0.106,0.25,xLS015,diam_0.106_0.25mm_p,,32.552,xLSGS2,not previously published ,
ds_05,x9018,181924.07,6/29/1990,NA,SC,6.26,6.34,0.106,0.25,xLS015,diam_0.106_0.25mm_p,,43.596,xLSGS2,not previously published ,
ds_05,x9018,181924.08,6/29/1990,NA,SC,6.35,6.4,0.106,0.25,xLS015,diam_0.106_0.25mm_p,,32.725,xLSGS2,not previously published ,
ds_05,x9018,181924.04,6/29/1990,NA,SC,6.03,6.11,0.106,0.25,xLS015,diam_0.106_0.25mm_p,,31.588,xLSGS2,not previously published ,
ds_05,x9018,181419.11,6/29/1990,NA,SC,5.06,5.14,0.106,0.25,xLS015,diam_0.106_0.25mm_p,,20.264,xLSGS2,not previously published ,
ds_05,x9018,181419.12,6/29/1990,NA,SC,5.14,5.22,0.106,0.25,xLS015,diam_0.106_0.25mm_p,,30.452,xLSGS2,not previously published ,
ds_05,x9018,181419.13,6/29/1990,NA,SC,5.23,5.3,0.106,0.25,xLS015,diam_0.106_0.25mm_p,,47.367,xLSGS2,not previously published ,
ds_05,x9018,181924.01,6/29/1990,NA,SC,5.79,5.87,0.106,0.25,xLS015,diam_0.106_0.25mm_p,,46.037,xLSGS2,not previously published ,
ds_05,x9013,132530.03,6/27/1990,NA,SC,7.77,7.85,0.053,0.106,xLS016,diam_0.053_0.106mm_p,,24.41,xLSGS2,not previously published ,
ds_05,x9013,132530.04,6/27/1990,NA,SC,7.85,7.93,0.053,0.106,xLS016,diam_0.053_0.106mm_p,,29.48,xLSGS2,not previously published ,
ds_05,x9013,132530.01,6/27/1990,NA,SC,7.62,7.69,0.053,0.106,xLS016,diam_0.053_0.106mm_p,,19.78,xLSGS2,not previously published ,
ds_05,x9013,132530.02,6/27/1990,NA,SC,7.69,7.77,0.053,0.106,xLS016,diam_0.053_0.106mm_p,,29.93,xLSGS2,not previously published ,
ds_05,x9013,133035.03,6/27/1990,NA,SC,9.31,9.38,0.053,0.106,xLS016,diam_0.053_0.106mm_p,,2.94,xLSGS2,not previously published ,
ds_05,x9013,133035.04,6/27/1990,NA,SC,9.39,9.46,0.053,0.106,xLS016,diam_0.053_0.106mm_p,,14.27,xLSGS2,not previously published ,
ds_05,x9013,132530.05,6/27/1990,NA,SC,7.94,8.01,0.053,0.106,xLS016,diam_0.053_0.106mm_p,,13,xLSGS2,not previously published ,
ds_05,x9013,132530.06,6/27/1990,NA,SC,8.02,8.09,0.053,0.106,xLS016,diam_0.053_0.106mm_p,,40.23,xLSGS2,not previously published ,
ds_05,x9013,132530.07,6/27/1990,NA,SC,8.1,8.17,0.053,0.106,xLS016,diam_0.053_0.106mm_p,,4,xLSGS2,not previously published ,
ds_05,x9013,132530.08,6/27/1990,NA,SC,8.18,8.25,0.053,0.106,xLS016,diam_0.053_0.106mm_p,,4.43,xLSGS2,not previously published ,
ds_05,x9013,132530.09,6/27/1990,NA,SC,8.26,8.33,0.053,0.106,xLS016,diam_0.053_0.106mm_p,,2.55,xLSGS2,not previously published ,
ds_05,x9013,132530.1,6/27/1990,NA,SC,8.34,8.42,0.053,0.106,xLS016,diam_0.053_0.106mm_p,,4.75,xLSGS2,not previously published ,
ds_05,x9013,132530.11,6/27/1990,NA,SC,8.42,8.5,0.053,0.106,xLS016,diam_0.053_0.106mm_p,,2.54,xLSGS2,not previously published ,
ds_05,x9013,132530.12,6/27/1990,NA,SC,8.5,8.54,0.053,0.106,xLS016,diam_0.053_0.106mm_p,,0.83,xLSGS2,not previously published ,
ds_05,x9013,132530.14,6/27/1990,NA,SC,8.58,8.66,0.053,0.106,xLS016,diam_0.053_0.106mm_p,,4.82,xLSGS2,not previously published ,
ds_05,x9013,133035.01,6/27/1990,NA,SC,9.14,9.22,0.053,0.106,xLS016,diam_0.053_0.106mm_p,,9.59,xLSGS2,not previously published ,
ds_05,x9013,133035.02,6/27/1990,NA,SC,9.22,9.3,0.053,0.106,xLS016,diam_0.053_0.106mm_p,,7.13,xLSGS2,not previously published ,
ds_05,x9014,142025.07,6/27/1990,NA,SC,6.59,6.67,0.053,0.106,xLS016,diam_0.053_0.106mm_p,,1.591,xLSGS2,not previously published ,
ds_05,x9014,142025.08,6/27/1990,NA,SC,6.67,6.76,0.053,0.106,xLS016,diam_0.053_0.106mm_p,,42.089,xLSGS2,not previously published ,
ds_05,x9014,142025.09,6/27/1990,NA,SC,6.76,6.84,0.053,0.106,xLS016,diam_0.053_0.106mm_p,,61.013,xLSGS2,not previously published ,
ds_05,x9014,142025.1,6/27/1990,NA,SC,6.84,6.92,0.053,0.106,xLS016,diam_0.053_0.106mm_p,,29.646,xLSGS2,not previously published ,
ds_05,x9014,142025.11,6/27/1990,NA,SC,6.93,6.98,0.053,0.106,xLS016,diam_0.053_0.106mm_p,,18.148,xLSGS2,not previously published ,
ds_05,x9014,142530.01,6/27/1990,NA,SC,7.62,7.69,0.053,0.106,xLS016,diam_0.053_0.106mm_p,,2.013,xLSGS2,not previously published ,
ds_05,x9014,142530.02,6/27/1990,NA,SC,7.7,7.78,0.053,0.106,xLS016,diam_0.053_0.106mm_p,,7.341,xLSGS2,not previously published ,
ds_05,x9014,142530.03,6/27/1990,NA,SC,7.78,7.85,0.053,0.106,xLS016,diam_0.053_0.106mm_p,,1.483,xLSGS2,not previously published ,
ds_05,x9014,142530.04,6/27/1990,NA,SC,7.86,7.93,0.053,0.106,xLS016,diam_0.053_0.106mm_p,,2.965,xLSGS2,not previously published ,
ds_05,x9014,142530.05,6/27/1990,NA,SC,7.94,8.01,0.053,0.106,xLS016,diam_0.053_0.106mm_p,,3.431,xLSGS2,not previously published ,
ds_05,x9014,142530.06,6/27/1990,NA,SC,8.02,8.07,0.053,0.106,xLS016,diam_0.053_0.106mm_p,,4.377,xLSGS2,not previously published ,
ds_05,x9014,142530.07,6/27/1990,NA,SC,8.09,8.16,0.053,0.106,xLS016,diam_0.053_0.106mm_p,,3.796,xLSGS2,not previously published ,
ds_05,x9014,142530.08,6/27/1990,NA,SC,8.17,8.24,0.053,0.106,xLS016,diam_0.053_0.106mm_p,,3.118,xLSGS2,not previously published ,
ds_05,x9014,142530.09,6/27/1990,NA,SC,8.25,8.32,0.053,0.106,xLS016,diam_0.053_0.106mm_p,,3.909,xLSGS2,not previously published ,
ds_05,x9014,142530.1,6/27/1990,NA,SC,8.33,8.4,0.053,0.106,xLS016,diam_0.053_0.106mm_p,,1.942,xLSGS2,not previously published ,
ds_05,x9014,142530.11,6/27/1990,NA,SC,8.41,8.48,0.053,0.106,xLS016,diam_0.053_0.106mm_p,,1.987,xLSGS2,not previously published ,
ds_05,x9014,142530.12,6/27/1990,NA,SC,8.48,8.56,0.053,0.106,xLS016,diam_0.053_0.106mm_p,,1.566,xLSGS2,not previously published ,
ds_05,x9014,142530.13,6/27/1990,NA,SC,8.56,8.64,0.053,0.106,xLS016,diam_0.053_0.106mm_p,,3.042,xLSGS2,not previously published ,
ds_05,x9014,142530.14,6/27/1990,NA,SC,8.64,8.72,0.053,0.106,xLS016,diam_0.053_0.106mm_p,,3.428,xLSGS2,not previously published ,
ds_05,x9014,142530.15,6/27/1990,NA,SC,8.73,8.78,0.053,0.106,xLS016,diam_0.053_0.106mm_p,,15.983,xLSGS2,not previously published ,
ds_05,x9014,143035.01,6/27/1990,NA,SC,9.14,9.22,0.053,0.106,xLS016,diam_0.053_0.106mm_p,,5.837,xLSGS2,not previously published ,
ds_05,x9014,143035.02,6/27/1990,NA,SC,9.22,9.3,0.053,0.106,xLS016,diam_0.053_0.106mm_p,,2.797,xLSGS2,not previously published ,
ds_05,x9014,143035.03,6/27/1990,NA,SC,9.3,9.38,0.053,0.106,xLS016,diam_0.053_0.106mm_p,,1.709,xLSGS2,not previously published ,
ds_05,x9014,143035.04,6/27/1990,NA,SC,9.38,9.46,0.053,0.106,xLS016,diam_0.053_0.106mm_p,,1.223,xLSGS2,not previously published ,
ds_05,x9014,143035.05,6/27/1990,NA,SC,9.46,9.54,0.053,0.106,xLS016,diam_0.053_0.106mm_p,,4.774,xLSGS2,not previously published ,
ds_05,x9014,143035.06,6/27/1990,NA,SC,9.54,9.61,0.053,0.106,xLS016,diam_0.053_0.106mm_p,,3.668,xLSGS2,not previously published ,
ds_05,x9014,143035.07,6/27/1990,NA,SC,9.62,9.69,0.053,0.106,xLS016,diam_0.053_0.106mm_p,,1.441,xLSGS2,not previously published ,
ds_05,x9014,143035.08,6/27/1990,NA,SC,9.7,9.77,0.053,0.106,xLS016,diam_0.053_0.106mm_p,,2.128,xLSGS2,not previously published ,
ds_05,x9014,143035.09,6/27/1990,NA,SC,9.77,9.85,0.053,0.106,xLS016,diam_0.053_0.106mm_p,,0.882,xLSGS2,not previously published ,
ds_05,x9014,143035.1,6/27/1990,NA,SC,9.85,9.92,0.053,0.106,xLS016,diam_0.053_0.106mm_p,,0.664,xLSGS2,not previously published ,
ds_05,x9014,143035.11,6/27/1990,NA,SC,9.93,10.01,0.053,0.106,xLS016,diam_0.053_0.106mm_p,,0.59,xLSGS2,not previously published ,
ds_05,x9014,143035.12,6/27/1990,NA,SC,10.02,10.1,0.053,0.106,xLS016,diam_0.053_0.106mm_p,,0.673,xLSGS2,not previously published ,
ds_05,x9014,143035.13,6/27/1990,NA,SC,10.1,10.19,0.053,0.106,xLS016,diam_0.053_0.106mm_p,,0.501,xLSGS2,not previously published ,
ds_05,x9014,143035.14,6/27/1990,NA,SC,10.19,10.27,0.053,0.106,xLS016,diam_0.053_0.106mm_p,,2.313,xLSGS2,not previously published ,
ds_05,x9014,142025.01,6/27/1990,NA,SC,6.1,6.18,0.053,0.106,xLS016,diam_0.053_0.106mm_p,,2.213,xLSGS2,not previously published ,
ds_05,x9014,142025.02,6/27/1990,NA,SC,6.18,6.26,0.053,0.106,xLS016,diam_0.053_0.106mm_p,,14.385,xLSGS2,not previously published ,
ds_05,x9014,142025.03,6/27/1990,NA,SC,6.26,6.34,0.053,0.106,xLS016,diam_0.053_0.106mm_p,,13.799,xLSGS2,not previously published ,
ds_05,x9014,142025.04,6/27/1990,NA,SC,6.34,6.42,0.053,0.106,xLS016,diam_0.053_0.106mm_p,,13.271,xLSGS2,not previously published ,
ds_05,x9014,142025.05,6/27/1990,NA,SC,6.43,6.5,0.053,0.106,xLS016,diam_0.053_0.106mm_p,,14.157,xLSGS2,not previously published ,
ds_05,x9014,142025.06,6/27/1990,NA,SC,6.51,6.59,0.053,0.106,xLS016,diam_0.053_0.106mm_p,,12.538,xLSGS2,not previously published ,
ds_05,x9014,143035.15,6/27/1990,NA,SC,10.27,10.35,0.053,0.106,xLS016,diam_0.053_0.106mm_p,,14.761,xLSGS2,not previously published ,
ds_05,x9014,143035.16,6/27/1990,NA,SC,10.35,10.44,0.053,0.106,xLS016,diam_0.053_0.106mm_p,,6.417,xLSGS2,not previously published ,
ds_05,x9014,143035.17,6/27/1990,NA,SC,10.44,10.52,0.053,0.106,xLS016,diam_0.053_0.106mm_p,,1.636,xLSGS2,not previously published ,
ds_05,x9015,150105.04,6/27/1990,NA,SC,0.56,0.63,0.053,0.106,xLS016,diam_0.053_0.106mm_p,,2.74,xLSGS2,not previously published ,
ds_05,x9015,150105.05,6/27/1990,NA,SC,0.65,0.73,0.053,0.106,xLS016,diam_0.053_0.106mm_p,,3.377,xLSGS2,not previously published ,
ds_05,x9015,150105.06,6/27/1990,NA,SC,0.74,0.82,0.053,0.106,xLS016,diam_0.053_0.106mm_p,,3.059,xLSGS2,not previously published ,
ds_05,x9015,150105.07,6/27/1990,NA,SC,0.82,0.9,0.053,0.106,xLS016,diam_0.053_0.106mm_p,,3.013,xLSGS2,not previously published ,
ds_05,x9015,150105.08,6/27/1990,NA,SC,0.9,0.98,0.053,0.106,xLS016,diam_0.053_0.106mm_p,,3.808,xLSGS2,not previously published ,
ds_05,x9015,150105.09,6/27/1990,NA,SC,0.98,1.06,0.053,0.106,xLS016,diam_0.053_0.106mm_p,,3.001,xLSGS2,not previously published ,
ds_05,x9015,150105.1,6/27/1990,NA,SC,1.06,1.14,0.053,0.106,xLS016,diam_0.053_0.106mm_p,,3.096,xLSGS2,not previously published ,
ds_05,x9015,150105.11,6/27/1990,NA,SC,1.14,1.21,0.053,0.106,xLS016,diam_0.053_0.106mm_p,,2.692,xLSGS2,not previously published ,
ds_05,x9015,150510.01,6/27/1990,NA,SC,1.52,1.6,0.053,0.106,xLS016,diam_0.053_0.106mm_p,,3.028,xLSGS2,not previously published ,
ds_05,x9015,150510.02,6/27/1990,NA,SC,1.61,1.68,0.053,0.106,xLS016,diam_0.053_0.106mm_p,,1.722,xLSGS2,not previously published ,
ds_05,x9015,150510.03,6/27/1990,NA,SC,1.69,1.76,0.053,0.106,xLS016,diam_0.053_0.106mm_p,,1.082,xLSGS2,not previously published ,
ds_05,x9015,150510.04,6/27/1990,NA,SC,1.77,1.85,0.053,0.106,xLS016,diam_0.053_0.106mm_p,,0.707,xLSGS2,not previously published ,
ds_05,x9015,150510.05,6/27/1990,NA,SC,1.85,1.93,0.053,0.106,xLS016,diam_0.053_0.106mm_p,,0.976,xLSGS2,not previously published ,
ds_05,x9015,150510.06,6/27/1990,NA,SC,1.93,2.01,0.053,0.106,xLS016,diam_0.053_0.106mm_p,,1.311,xLSGS2,not previously published ,
ds_05,x9015,150510.07,6/27/1990,NA,SC,2.01,2.09,0.053,0.106,xLS016,diam_0.053_0.106mm_p,,1,xLSGS2,not previously published ,
ds_05,x9015,150510.08,6/27/1990,NA,SC,2.1,2.17,0.053,0.106,xLS016,diam_0.053_0.106mm_p,,1.304,xLSGS2,not previously published ,
ds_05,x9015,150510.09,6/27/1990,NA,SC,2.18,2.23,0.053,0.106,xLS016,diam_0.053_0.106mm_p,,1.269,xLSGS2,not previously published ,
ds_05,x9015,150510.1,6/27/1990,NA,SC,2.24,2.32,0.053,0.106,xLS016,diam_0.053_0.106mm_p,,1.985,xLSGS2,not previously published ,
ds_05,x9015,150510.11,6/27/1990,NA,SC,2.33,2.44,0.053,0.106,xLS016,diam_0.053_0.106mm_p,,1.305,xLSGS2,not previously published ,
ds_05,x9015,151015.01,6/27/1990,NA,SC,3.05,3.12,0.053,0.106,xLS016,diam_0.053_0.106mm_p,,6.362,xLSGS2,not previously published ,
ds_05,x9015,151015.02,6/27/1990,NA,SC,3.13,3.21,0.053,0.106,xLS016,diam_0.053_0.106mm_p,,16.341,xLSGS2,not previously published ,
ds_05,x9015,151015.03,6/27/1990,NA,SC,3.21,3.28,0.053,0.106,xLS016,diam_0.053_0.106mm_p,,1.508,xLSGS2,not previously published ,
ds_05,x9015,151015.04,6/27/1990,NA,SC,3.29,3.37,0.053,0.106,xLS016,diam_0.053_0.106mm_p,,1.128,xLSGS2,not previously published ,
ds_05,x9015,151015.05,6/27/1990,NA,SC,3.37,3.45,0.053,0.106,xLS016,diam_0.053_0.106mm_p,,1.039,xLSGS2,not previously published ,
ds_05,x9015,151015.06,6/27/1990,NA,SC,3.45,3.53,0.053,0.106,xLS016,diam_0.053_0.106mm_p,,2.172,xLSGS2,not previously published ,
ds_05,x9015,151015.07,6/27/1990,NA,SC,3.54,3.61,0.053,0.106,xLS016,diam_0.053_0.106mm_p,,2.613,xLSGS2,not previously published ,
ds_05,x9015,151015.08,6/27/1990,NA,SC,3.62,3.69,0.053,0.106,xLS016,diam_0.053_0.106mm_p,,2.703,xLSGS2,not previously published ,
ds_05,x9015,151015.09,6/27/1990,NA,SC,3.7,3.77,0.053,0.106,xLS016,diam_0.053_0.106mm_p,,1.927,xLSGS2,not previously published ,
ds_05,x9015,151015.1,6/27/1990,NA,SC,3.78,3.85,0.053,0.106,xLS016,diam_0.053_0.106mm_p,,1.732,xLSGS2,not previously published ,
ds_05,x9015,151015.11,6/27/1990,NA,SC,3.85,3.93,0.053,0.106,xLS016,diam_0.053_0.106mm_p,,1.188,xLSGS2,not previously published ,
ds_05,x9015,151015.12,6/27/1990,NA,SC,3.94,4.01,0.053,0.106,xLS016,diam_0.053_0.106mm_p,,3.674,xLSGS2,not previously published ,
ds_05,x9015,151015.13,6/27/1990,NA,SC,4.03,4.11,0.053,0.106,xLS016,diam_0.053_0.106mm_p,,3.048,xLSGS2,not previously published ,
ds_05,x9015,151015.14,6/27/1990,NA,SC,4.11,4.15,0.053,0.106,xLS016,diam_0.053_0.106mm_p,,3.596,xLSGS2,not previously published ,
ds_05,x9015,151520.01,6/27/1990,NA,SC,4.57,4.65,0.053,0.106,xLS016,diam_0.053_0.106mm_p,,12.274,xLSGS2,not previously published ,
ds_05,x9015,150105.01,6/27/1990,NA,SC,0.3,0.38,0.053,0.106,xLS016,diam_0.053_0.106mm_p,,3.422,xLSGS2,not previously published ,
ds_05,x9015,150105.02,6/27/1990,NA,SC,0.38,0.47,0.053,0.106,xLS016,diam_0.053_0.106mm_p,,2.643,xLSGS2,not previously published ,
ds_05,x9015,150105.03,6/27/1990,NA,SC,0.47,0.55,0.053,0.106,xLS016,diam_0.053_0.106mm_p,,3.118,xLSGS2,not previously published ,
ds_05,x9015,151520.13,6/27/1990,NA,SC,5.53,5.6,0.053,0.106,xLS016,diam_0.053_0.106mm_p,,2.473,xLSGS2,not previously published ,
ds_05,x9015,151520.14,6/27/1990,NA,SC,5.61,5.68,0.053,0.106,xLS016,diam_0.053_0.106mm_p,,1.694,xLSGS2,not previously published ,
ds_05,x9015,151520.15,6/27/1990,NA,SC,5.68,5.76,0.053,0.106,xLS016,diam_0.053_0.106mm_p,,1.619,xLSGS2,not previously published ,
ds_05,x9015,151520.16,6/27/1990,NA,SC,5.76,5.86,0.053,0.106,xLS016,diam_0.053_0.106mm_p,,2.558,xLSGS2,not previously published ,
ds_05,x9015,152025.01,6/27/1990,NA,SC,6.1,6.17,0.053,0.106,xLS016,diam_0.053_0.106mm_p,,4.771,xLSGS2,not previously published ,
ds_05,x9015,152025.02,6/27/1990,NA,SC,6.18,6.25,0.053,0.106,xLS016,diam_0.053_0.106mm_p,,5.829,xLSGS2,not previously published ,
ds_05,x9015,152025.03,6/27/1990,NA,SC,6.26,6.33,0.053,0.106,xLS016,diam_0.053_0.106mm_p,,3.772,xLSGS2,not previously published ,
ds_05,x9015,152025.04,6/27/1990,NA,SC,6.34,6.42,0.053,0.106,xLS016,diam_0.053_0.106mm_p,,2.95,xLSGS2,not previously published ,
ds_05,x9015,152025.05,6/27/1990,NA,SC,6.42,6.49,0.053,0.106,xLS016,diam_0.053_0.106mm_p,,2.773,xLSGS2,not previously published ,
ds_05,x9015,152025.06,6/27/1990,NA,SC,6.51,6.59,0.053,0.106,xLS016,diam_0.053_0.106mm_p,,2.687,xLSGS2,not previously published ,
ds_05,x9015,152025.07,6/27/1990,NA,SC,6.59,6.67,0.053,0.106,xLS016,diam_0.053_0.106mm_p,,3.865,xLSGS2,not previously published ,
ds_05,x9015,152025.08,6/27/1990,NA,SC,6.67,6.75,0.053,0.106,xLS016,diam_0.053_0.106mm_p,,4.432,xLSGS2,not previously published ,
ds_05,x9015,152025.09,6/27/1990,NA,SC,6.75,6.83,0.053,0.106,xLS016,diam_0.053_0.106mm_p,,4.834,xLSGS2,not previously published ,
ds_05,x9015,152025.1,6/27/1990,NA,SC,6.83,6.91,0.053,0.106,xLS016,diam_0.053_0.106mm_p,,11.731,xLSGS2,not previously published ,
ds_05,x9015,152025.11,6/27/1990,NA,SC,6.91,6.99,0.053,0.106,xLS016,diam_0.053_0.106mm_p,,11.74,xLSGS2,not previously published ,
ds_05,x9015,152025.12,6/27/1990,NA,SC,7,7.07,0.053,0.106,xLS016,diam_0.053_0.106mm_p,,9.989,xLSGS2,not previously published ,
ds_05,x9015,152025.13,6/27/1990,NA,SC,7.09,7.17,0.053,0.106,xLS016,diam_0.053_0.106mm_p,,10.628,xLSGS2,not previously published ,
ds_05,x9015,152530.01,6/27/1990,NA,SC,7.62,7.7,0.053,0.106,xLS016,diam_0.053_0.106mm_p,,4.533,xLSGS2,not previously published ,
ds_05,x9015,152530.02,6/27/1990,NA,SC,7.7,7.78,0.053,0.106,xLS016,diam_0.053_0.106mm_p,,6.665,xLSGS2,not previously published ,
ds_05,x9015,152530.03,6/27/1990,NA,SC,7.78,7.85,0.053,0.106,xLS016,diam_0.053_0.106mm_p,,37.611,xLSGS2,not previously published ,
ds_05,x9015,152530.04,6/27/1990,NA,SC,7.86,7.93,0.053,0.106,xLS016,diam_0.053_0.106mm_p,,52.822,xLSGS2,not previously published ,
ds_05,x9015,152530.05,6/27/1990,NA,SC,7.94,8.01,0.053,0.106,xLS016,diam_0.053_0.106mm_p,,42.747,xLSGS2,not previously published ,
ds_05,x9015,152530.06,6/27/1990,NA,SC,8.01,8.09,0.053,0.106,xLS016,diam_0.053_0.106mm_p,,40.402,xLSGS2,not previously published ,
ds_05,x9015,152530.07,6/27/1990,NA,SC,8.09,8.17,0.053,0.106,xLS016,diam_0.053_0.106mm_p,,20.705,xLSGS2,not previously published ,
ds_05,x9015,151520.02,6/27/1990,NA,SC,4.66,4.73,0.053,0.106,xLS016,diam_0.053_0.106mm_p,,11.712,xLSGS2,not previously published ,
ds_05,x9015,151520.03,6/27/1990,NA,SC,4.73,4.81,0.053,0.106,xLS016,diam_0.053_0.106mm_p,,9.388,xLSGS2,not previously published ,
ds_05,x9015,151520.04,6/27/1990,NA,SC,4.81,4.89,0.053,0.106,xLS016,diam_0.053_0.106mm_p,,8.504,xLSGS2,not previously published ,
ds_05,x9015,151520.05,6/27/1990,NA,SC,4.89,4.97,0.053,0.106,xLS016,diam_0.053_0.106mm_p,,3.462,xLSGS2,not previously published ,
ds_05,x9015,151520.06,6/27/1990,NA,SC,4.97,5.05,0.053,0.106,xLS016,diam_0.053_0.106mm_p,,1.072,xLSGS2,not previously published ,
ds_05,x9015,151520.07,6/27/1990,NA,SC,5.05,5.12,0.053,0.106,xLS016,diam_0.053_0.106mm_p,,1.583,xLSGS2,not previously published ,
ds_05,x9015,151520.08,6/27/1990,NA,SC,5.13,5.2,0.053,0.106,xLS016,diam_0.053_0.106mm_p,,2.111,xLSGS2,not previously published ,
ds_05,x9015,151520.09,6/27/1990,NA,SC,5.21,5.28,0.053,0.106,xLS016,diam_0.053_0.106mm_p,,2.175,xLSGS2,not previously published ,
ds_05,x9015,151520.1,6/27/1990,NA,SC,5.28,5.36,0.053,0.106,xLS016,diam_0.053_0.106mm_p,,2.994,xLSGS2,not previously published ,
ds_05,x9015,151520.11,6/27/1990,NA,SC,5.36,5.44,0.053,0.106,xLS016,diam_0.053_0.106mm_p,,2.494,xLSGS2,not previously published ,
ds_05,x9015,151520.12,6/27/1990,NA,SC,5.44,5.52,0.053,0.106,xLS016,diam_0.053_0.106mm_p,,1.987,xLSGS2,not previously published ,
ds_05,x9016,160510.01,6/28/1990,NA,SC,1.52,1.6,0.053,0.106,xLS016,diam_0.053_0.106mm_p,,3.656,xLSGS2,not previously published ,
ds_05,x9016,160510.02,6/28/1990,NA,SC,1.6,1.68,0.053,0.106,xLS016,diam_0.053_0.106mm_p,,2.785,xLSGS2,not previously published ,
ds_05,x9016,160510.03,6/28/1990,NA,SC,1.69,1.76,0.053,0.106,xLS016,diam_0.053_0.106mm_p,,2.95,xLSGS2,not previously published ,
ds_05,x9016,160510.04,6/28/1990,NA,SC,1.77,1.84,0.053,0.106,xLS016,diam_0.053_0.106mm_p,,2.971,xLSGS2,not previously published ,
ds_05,x9016,160510.05,6/28/1990,NA,SC,1.85,1.92,0.053,0.106,xLS016,diam_0.053_0.106mm_p,,2.864,xLSGS2,not previously published ,
ds_05,x9016,160510.12,6/28/1990,NA,SC,2.4,2.47,0.053,0.106,xLS016,diam_0.053_0.106mm_p,,2.378,xLSGS2,not previously published ,
ds_05,x9016,160510.13,6/28/1990,NA,SC,2.48,2.58,0.053,0.106,xLS016,diam_0.053_0.106mm_p,,3.587,xLSGS2,not previously published ,
ds_05,x9016,161013.01,6/28/1990,NA,SC,3.05,3.12,0.053,0.106,xLS016,diam_0.053_0.106mm_p,,2.896,xLSGS2,not previously published ,
ds_05,x9016,161013.02,6/28/1990,NA,SC,3.13,3.2,0.053,0.106,xLS016,diam_0.053_0.106mm_p,,3.07,xLSGS2,not previously published ,
ds_05,x9016,161013.03,6/28/1990,NA,SC,3.21,3.28,0.053,0.106,xLS016,diam_0.053_0.106mm_p,,2.305,xLSGS2,not previously published ,
ds_05,x9016,161013.04,6/28/1990,NA,SC,3.29,3.36,0.053,0.106,xLS016,diam_0.053_0.106mm_p,,4.489,xLSGS2,not previously published ,
ds_05,x9016,161013.05,6/28/1990,NA,SC,3.36,3.43,0.053,0.106,xLS016,diam_0.053_0.106mm_p,,3.673,xLSGS2,not previously published ,
ds_05,x9016,161013.06,6/28/1990,NA,SC,3.45,3.53,0.053,0.106,xLS016,diam_0.053_0.106mm_p,,3.241,xLSGS2,not previously published ,
ds_05,x9016,161013.07,6/28/1990,NA,SC,3.53,3.56,0.053,0.106,xLS016,diam_0.053_0.106mm_p,,3.11,xLSGS2,not previously published ,
ds_05,x9016,161013.08,6/28/1990,NA,SC,3.56,3.64,0.053,0.106,xLS016,diam_0.053_0.106mm_p,,3.301,xLSGS2,not previously published ,
ds_05,x9016,161013.09,6/28/1990,NA,SC,3.64,3.72,0.053,0.106,xLS016,diam_0.053_0.106mm_p,,13.038,xLSGS2,not previously published ,
ds_05,x9016,161013.1,6/28/1990,NA,SC,3.72,3.81,0.053,0.106,xLS016,diam_0.053_0.106mm_p,,45.33,xLSGS2,not previously published ,
ds_05,x9016,161418.01,6/28/1990,NA,SC,4.27,4.35,0.053,0.106,xLS016,diam_0.053_0.106mm_p,,2.034,xLSGS2,not previously published ,
ds_05,x9016,161418.02,6/28/1990,NA,SC,4.35,4.42,0.053,0.106,xLS016,diam_0.053_0.106mm_p,,3.82,xLSGS2,not previously published ,
ds_05,x9016,161418.03,6/28/1990,NA,SC,4.43,4.51,0.053,0.106,xLS016,diam_0.053_0.106mm_p,,9.065,xLSGS2,not previously published ,
ds_05,x9016,161418.04,6/28/1990,NA,SC,4.51,4.59,0.053,0.106,xLS016,diam_0.053_0.106mm_p,,9.749,xLSGS2,not previously published ,
ds_05,x9016,161418.05,6/28/1990,NA,SC,4.59,4.67,0.053,0.106,xLS016,diam_0.053_0.106mm_p,,14.134,xLSGS2,not previously published ,
ds_05,x9016,161418.06,6/28/1990,NA,SC,4.67,4.75,0.053,0.106,xLS016,diam_0.053_0.106mm_p,,23.114,xLSGS2,not previously published ,
ds_05,x9016,161418.07,6/28/1990,NA,SC,4.75,4.82,0.053,0.106,xLS016,diam_0.053_0.106mm_p,,10.258,xLSGS2,not previously published ,
ds_05,x9016,161418.08,6/28/1990,NA,SC,4.83,4.9,0.053,0.106,xLS016,diam_0.053_0.106mm_p,,19.032,xLSGS2,not previously published ,
ds_05,x9016,161418.09,6/28/1990,NA,SC,4.9,4.98,0.053,0.106,xLS016,diam_0.053_0.106mm_p,,37.204,xLSGS2,not previously published ,
ds_05,x9016,161418.1,6/28/1990,NA,SC,4.98,5.06,0.053,0.106,xLS016,diam_0.053_0.106mm_p,,33.436,xLSGS2,not previously published ,
ds_05,x9016,161418.11,6/28/1990,NA,SC,5.06,5.14,0.053,0.106,xLS016,diam_0.053_0.106mm_p,,6.276,xLSGS2,not previously published ,
ds_05,x9016,161418.12,6/28/1990,NA,SC,5.14,5.22,0.053,0.106,xLS016,diam_0.053_0.106mm_p,,7.781,xLSGS2,not previously published ,
ds_05,x9016,161418.13,6/28/1990,NA,SC,5.22,5.3,0.053,0.106,xLS016,diam_0.053_0.106mm_p,,4.152,xLSGS2,not previously published ,
ds_05,x9016,161418.14,6/28/1990,NA,SC,5.3,5.37,0.053,0.106,xLS016,diam_0.053_0.106mm_p,,5.031,xLSGS2,not previously published ,
ds_05,x9016,161924.01,6/28/1990,NA,SC,5.79,5.9,0.053,0.106,xLS016,diam_0.053_0.106mm_p,,5.677,xLSGS2,not previously published ,
ds_05,x9016,161924.02,6/28/1990,NA,SC,5.9,5.96,0.053,0.106,xLS016,diam_0.053_0.106mm_p,,3.368,xLSGS2,not previously published ,
ds_05,x9016,161924.03,6/28/1990,NA,SC,5.96,6.04,0.053,0.106,xLS016,diam_0.053_0.106mm_p,,9.533,xLSGS2,not previously published ,
ds_05,x9016,161924.04,6/28/1990,NA,SC,6.06,6.14,0.053,0.106,xLS016,diam_0.053_0.106mm_p,,26.17,xLSGS2,not previously published ,
ds_05,x9016,161924.05,6/28/1990,NA,SC,6.14,6.22,0.053,0.106,xLS016,diam_0.053_0.106mm_p,,12.81,xLSGS2,not previously published ,
ds_05,x9016,161924.06,6/28/1990,NA,SC,6.22,6.3,0.053,0.106,xLS016,diam_0.053_0.106mm_p,,1.194,xLSGS2,not previously published ,
ds_05,x9016,161924.07,6/28/1990,NA,SC,6.3,6.38,0.053,0.106,xLS016,diam_0.053_0.106mm_p,,1.334,xLSGS2,not previously published ,
ds_05,x9016,161924.08,6/28/1990,NA,SC,6.38,6.46,0.053,0.106,xLS016,diam_0.053_0.106mm_p,,1.176,xLSGS2,not previously published ,
ds_05,x9016,160510.06,6/28/1990,NA,SC,1.92,2,0.053,0.106,xLS016,diam_0.053_0.106mm_p,,2.628,xLSGS2,not previously published ,
ds_05,x9016,160510.07,6/28/1990,NA,SC,2,2.08,0.053,0.106,xLS016,diam_0.053_0.106mm_p,,3.401,xLSGS2,not previously published ,
ds_05,x9016,160510.08,6/28/1990,NA,SC,2.08,2.15,0.053,0.106,xLS016,diam_0.053_0.106mm_p,,2.624,xLSGS2,not previously published ,
ds_05,x9016,160510.09,6/28/1990,NA,SC,2.16,2.23,0.053,0.106,xLS016,diam_0.053_0.106mm_p,,3.076,xLSGS2,not previously published ,
ds_05,x9016,160510.1,6/28/1990,NA,SC,2.24,2.31,0.053,0.106,xLS016,diam_0.053_0.106mm_p,,2.573,xLSGS2,not previously published ,
ds_05,x9016,160510.11,6/28/1990,NA,SC,2.32,2.39,0.053,0.106,xLS016,diam_0.053_0.106mm_p,,2.237,xLSGS2,not previously published ,
ds_05,x9016,161924.09,6/28/1990,NA,SC,6.48,6.56,0.053,0.106,xLS016,diam_0.053_0.106mm_p,,1.855,xLSGS2,not previously published ,
ds_05,x9016,161924.1,6/28/1990,NA,SC,6.56,6.62,0.053,0.106,xLS016,diam_0.053_0.106mm_p,,33.675,xLSGS2,not previously published ,
ds_05,x9016,161924.11,6/28/1990,NA,SC,6.62,6.65,0.053,0.106,xLS016,diam_0.053_0.106mm_p,,18.861,xLSGS2,not previously published ,
ds_05,x9016,161924.12,6/28/1990,NA,SC,6.65,6.73,0.053,0.106,xLS016,diam_0.053_0.106mm_p,,41.809,xLSGS2,not previously published ,
ds_05,x9016,161924.13,6/28/1990,NA,SC,6.75,6.83,0.053,0.106,xLS016,diam_0.053_0.106mm_p,,56.697,xLSGS2,not previously published ,
ds_05,x9016,161924.14,6/28/1990,NA,SC,6.83,6.91,0.053,0.106,xLS016,diam_0.053_0.106mm_p,,41.452,xLSGS2,not previously published ,
ds_05,x9016,161924.15,6/28/1990,NA,SC,6.91,6.99,0.053,0.106,xLS016,diam_0.053_0.106mm_p,,60.766,xLSGS2,not previously published ,
ds_05,x9016,161924.16,6/28/1990,NA,SC,6.99,7.07,0.053,0.106,xLS016,diam_0.053_0.106mm_p,,12.764,xLSGS2,not previously published ,
ds_05,x9016,161924.17,6/28/1990,NA,SC,7.07,7.15,0.053,0.106,xLS016,diam_0.053_0.106mm_p,,22.205,xLSGS2,not previously published ,
ds_05,x9016,161924.18,6/28/1990,NA,SC,7.15,7.24,0.053,0.106,xLS016,diam_0.053_0.106mm_p,,40.949,xLSGS2,not previously published ,
ds_05,x9017,171419.13,6/29/1990,NA,SC,5.27,5.34,0.053,0.106,xLS016,diam_0.053_0.106mm_p,,3.671,xLSGS2,not previously published ,
ds_05,x9017,171419.14,6/29/1990,NA,SC,5.35,5.42,0.053,0.106,xLS016,diam_0.053_0.106mm_p,,3.644,xLSGS2,not previously published ,
ds_05,x9017,171419.15,6/29/1990,NA,SC,5.43,5.49,0.053,0.106,xLS016,diam_0.053_0.106mm_p,,3.944,xLSGS2,not previously published ,
ds_05,x9017,171419.16,6/29/1990,NA,SC,5.49,5.55,0.053,0.106,xLS016,diam_0.053_0.106mm_p,,9.861,xLSGS2,not previously published ,
ds_05,x9017,170914.01,6/29/1990,NA,SC,2.74,2.82,0.053,0.106,xLS016,diam_0.053_0.106mm_p,,12.501,xLSGS2,not previously published ,
ds_05,x9017,170914.02,6/29/1990,NA,SC,2.82,2.9,0.053,0.106,xLS016,diam_0.053_0.106mm_p,,25.885,xLSGS2,not previously published ,
ds_05,x9017,170914.03,6/29/1990,NA,SC,2.91,2.98,0.053,0.106,xLS016,diam_0.053_0.106mm_p,,10.238,xLSGS2,not previously published ,
ds_05,x9017,170914.04,6/29/1990,NA,SC,2.99,3.06,0.053,0.106,xLS016,diam_0.053_0.106mm_p,,3.525,xLSGS2,not previously published ,
ds_05,x9017,170914.05,6/29/1990,NA,SC,3.06,3.14,0.053,0.106,xLS016,diam_0.053_0.106mm_p,,6.519,xLSGS2,not previously published ,
ds_05,x9017,170914.06,6/29/1990,NA,SC,3.14,3.21,0.053,0.106,xLS016,diam_0.053_0.106mm_p,,7.452,xLSGS2,not previously published ,
ds_05,x9017,170914.07,6/29/1990,NA,SC,3.22,3.29,0.053,0.106,xLS016,diam_0.053_0.106mm_p,,9.628,xLSGS2,not previously published ,
ds_05,x9017,170914.08,6/29/1990,NA,SC,3.3,3.37,0.053,0.106,xLS016,diam_0.053_0.106mm_p,,11.196,xLSGS2,not previously published ,
ds_05,x9017,170914.09,6/29/1990,NA,SC,3.37,3.45,0.053,0.106,xLS016,diam_0.053_0.106mm_p,,6.438,xLSGS2,not previously published ,
ds_05,x9017,170914.1,6/29/1990,NA,SC,3.45,3.53,0.053,0.106,xLS016,diam_0.053_0.106mm_p,,4.481,xLSGS2,not previously published ,
ds_05,x9017,170914.11,6/29/1990,NA,SC,3.53,3.6,0.053,0.106,xLS016,diam_0.053_0.106mm_p,,5.696,xLSGS2,not previously published ,
ds_05,x9017,170914.12,6/29/1990,NA,SC,3.61,3.69,0.053,0.106,xLS016,diam_0.053_0.106mm_p,,4.156,xLSGS2,not previously published ,
ds_05,x9017,170914.13,6/29/1990,NA,SC,3.69,3.76,0.053,0.106,xLS016,diam_0.053_0.106mm_p,,5.147,xLSGS2,not previously published ,
ds_05,x9017,170914.14,6/29/1990,NA,SC,3.77,3.84,0.053,0.106,xLS016,diam_0.053_0.106mm_p,,5.285,xLSGS2,not previously published ,
ds_05,x9017,171419.01,6/29/1990,NA,SC,4.27,4.34,0.053,0.106,xLS016,diam_0.053_0.106mm_p,,2.322,xLSGS2,not previously published ,
ds_05,x9017,171419.02,6/29/1990,NA,SC,4.35,4.42,0.053,0.106,xLS016,diam_0.053_0.106mm_p,,1.732,xLSGS2,not previously published ,
ds_05,x9017,171419.03,6/29/1990,NA,SC,4.43,4.51,0.053,0.106,xLS016,diam_0.053_0.106mm_p,,2.85,xLSGS2,not previously published ,
ds_05,x9017,171419.04,6/29/1990,NA,SC,4.51,4.59,0.053,0.106,xLS016,diam_0.053_0.106mm_p,,3.736,xLSGS2,not previously published ,
ds_05,x9017,171419.05,6/29/1990,NA,SC,4.59,4.67,0.053,0.106,xLS016,diam_0.053_0.106mm_p,,2.631,xLSGS2,not previously published ,
ds_05,x9017,171419.06,6/29/1990,NA,SC,4.67,4.75,0.053,0.106,xLS016,diam_0.053_0.106mm_p,,2.819,xLSGS2,not previously published ,
ds_05,x9017,171419.07,6/29/1990,NA,SC,4.76,4.83,0.053,0.106,xLS016,diam_0.053_0.106mm_p,,2.501,xLSGS2,not previously published ,
ds_05,x9017,171419.08,6/29/1990,NA,SC,4.84,4.92,0.053,0.106,xLS016,diam_0.053_0.106mm_p,,8.174,xLSGS2,not previously published ,
ds_05,x9017,171419.09,6/29/1990,NA,SC,4.92,5,0.053,0.106,xLS016,diam_0.053_0.106mm_p,,4.166,xLSGS2,not previously published ,
ds_05,x9017,171419.1,6/29/1990,NA,SC,5.01,5.09,0.053,0.106,xLS016,diam_0.053_0.106mm_p,,6.065,xLSGS2,not previously published ,
ds_05,x9017,171419.11,6/29/1990,NA,SC,5.09,5.18,0.053,0.106,xLS016,diam_0.053_0.106mm_p,,6.14,xLSGS2,not previously published ,
ds_05,x9017,171419.12,6/29/1990,NA,SC,5.18,5.26,0.053,0.106,xLS016,diam_0.053_0.106mm_p,,3.396,xLSGS2,not previously published ,
ds_05,x9017,171924.01,6/29/1990,NA,SC,5.79,5.87,0.053,0.106,xLS016,diam_0.053_0.106mm_p,,32.206,xLSGS2,not previously published ,
ds_05,x9017,171924.02,6/29/1990,NA,SC,5.87,5.95,0.053,0.106,xLS016,diam_0.053_0.106mm_p,,46.723,xLSGS2,not previously published ,
ds_05,x9017,171924.03,6/29/1990,NA,SC,5.95,6.03,0.053,0.106,xLS016,diam_0.053_0.106mm_p,,50.186,xLSGS2,not previously published ,
ds_05,x9017,171924.04,6/29/1990,NA,SC,6.03,6.11,0.053,0.106,xLS016,diam_0.053_0.106mm_p,,26.718,xLSGS2,not previously published ,
ds_05,x9017,171924.05,6/29/1990,NA,SC,6.11,6.19,0.053,0.106,xLS016,diam_0.053_0.106mm_p,,27.826,xLSGS2,not previously published ,
ds_05,x9017,171924.06,6/29/1990,NA,SC,6.19,6.27,0.053,0.106,xLS016,diam_0.053_0.106mm_p,,50.17,xLSGS2,not previously published ,
ds_05,x9017,171924.07,6/29/1990,NA,SC,6.27,6.35,0.053,0.106,xLS016,diam_0.053_0.106mm_p,,57.212,xLSGS2,not previously published ,
ds_05,x9017,171924.08,6/29/1990,NA,SC,6.36,6.43,0.053,0.106,xLS016,diam_0.053_0.106mm_p,,56.263,xLSGS2,not previously published ,
ds_05,x9017,171924.09,6/29/1990,NA,SC,6.44,6.52,0.053,0.106,xLS016,diam_0.053_0.106mm_p,,27.691,xLSGS2,not previously published ,
ds_05,x9017,171924.1,6/29/1990,NA,SC,6.52,6.59,0.053,0.106,xLS016,diam_0.053_0.106mm_p,,38.255,xLSGS2,not previously published ,
ds_05,x9017,171924.11,6/29/1990,NA,SC,6.6,6.67,0.053,0.106,xLS016,diam_0.053_0.106mm_p,,41.093,xLSGS2,not previously published ,
ds_05,x9017,171924.12,6/29/1990,NA,SC,6.68,6.76,0.053,0.106,xLS016,diam_0.053_0.106mm_p,,21.246,xLSGS2,not previously published ,
ds_05,x9017,171924.13,6/29/1990,NA,SC,6.76,6.84,0.053,0.106,xLS016,diam_0.053_0.106mm_p,,22.279,xLSGS2,not previously published ,
ds_05,x9017,171924.14,6/29/1990,NA,SC,6.84,6.9,0.053,0.106,xLS016,diam_0.053_0.106mm_p,,26.155,xLSGS2,not previously published ,
ds_05,x9018,181419.03,6/29/1990,NA,SC,4.43,4.51,0.053,0.106,xLS016,diam_0.053_0.106mm_p,,3.677,xLSGS2,not previously published ,
ds_05,x9018,181419.04,6/29/1990,NA,SC,4.51,4.58,0.053,0.106,xLS016,diam_0.053_0.106mm_p,,3.944,xLSGS2,not previously published ,
ds_05,x9018,181419.05,6/29/1990,NA,SC,4.59,4.66,0.053,0.106,xLS016,diam_0.053_0.106mm_p,,4.314,xLSGS2,not previously published ,
ds_05,x9018,181419.06,6/29/1990,NA,SC,4.67,4.74,0.053,0.106,xLS016,diam_0.053_0.106mm_p,,4.019,xLSGS2,not previously published ,
ds_05,x9018,181419.07,6/29/1990,NA,SC,4.75,4.82,0.053,0.106,xLS016,diam_0.053_0.106mm_p,,1.807,xLSGS2,not previously published ,
ds_05,x9018,181419.08,6/29/1990,NA,SC,4.82,4.9,0.053,0.106,xLS016,diam_0.053_0.106mm_p,,9.109,xLSGS2,not previously published ,
ds_05,x9018,181419.09,6/29/1990,NA,SC,4.9,4.97,0.053,0.106,xLS016,diam_0.053_0.106mm_p,,7.67,xLSGS2,not previously published ,
ds_05,x9018,181419.1,6/29/1990,NA,SC,4.98,5.06,0.053,0.106,xLS016,diam_0.053_0.106mm_p,,4.363,xLSGS2,not previously published ,
ds_05,x9018,180914.01,6/29/1990,NA,SC,2.74,2.82,0.053,0.106,xLS016,diam_0.053_0.106mm_p,,0.842,xLSGS2,not previously published ,
ds_05,x9018,180914.02,6/29/1990,NA,SC,2.83,2.9,0.053,0.106,xLS016,diam_0.053_0.106mm_p,,0.751,xLSGS2,not previously published ,
ds_05,x9018,180914.03,6/29/1990,NA,SC,2.9,2.98,0.053,0.106,xLS016,diam_0.053_0.106mm_p,,0.534,xLSGS2,not previously published ,
ds_05,x9018,180914.04,6/29/1990,NA,SC,2.98,3.06,0.053,0.106,xLS016,diam_0.053_0.106mm_p,,30.423,xLSGS2,not previously published ,
ds_05,x9018,180914.05,6/29/1990,NA,SC,3.06,3.13,0.053,0.106,xLS016,diam_0.053_0.106mm_p,,15.549,xLSGS2,not previously published ,
ds_05,x9018,180914.06,6/29/1990,NA,SC,3.14,3.21,0.053,0.106,xLS016,diam_0.053_0.106mm_p,,3.137,xLSGS2,not previously published ,
ds_05,x9018,180914.07,6/29/1990,NA,SC,3.21,3.29,0.053,0.106,xLS016,diam_0.053_0.106mm_p,,3.965,xLSGS2,not previously published ,
ds_05,x9018,180914.08,6/29/1990,NA,SC,3.29,3.37,0.053,0.106,xLS016,diam_0.053_0.106mm_p,,2.662,xLSGS2,not previously published ,
ds_05,x9018,180914.09,6/29/1990,NA,SC,3.37,3.45,0.053,0.106,xLS016,diam_0.053_0.106mm_p,,4.548,xLSGS2,not previously published ,
ds_05,x9018,180914.1,6/29/1990,NA,SC,3.45,3.53,0.053,0.106,xLS016,diam_0.053_0.106mm_p,,4.15,xLSGS2,not previously published ,
ds_05,x9018,180914.11,6/29/1990,NA,SC,3.53,3.61,0.053,0.106,xLS016,diam_0.053_0.106mm_p,,5.496,xLSGS2,not previously published ,
ds_05,x9018,180914.12,6/29/1990,NA,SC,3.61,3.69,0.053,0.106,xLS016,diam_0.053_0.106mm_p,,6.86,xLSGS2,not previously published ,
ds_05,x9018,180914.13,6/29/1990,NA,SC,3.69,3.77,0.053,0.106,xLS016,diam_0.053_0.106mm_p,,3.274,xLSGS2,not previously published ,
ds_05,x9018,180914.14,6/29/1990,NA,SC,3.77,3.85,0.053,0.106,xLS016,diam_0.053_0.106mm_p,,25.761,xLSGS2,not previously published ,
ds_05,x9018,180914.15,6/29/1990,NA,SC,3.85,3.93,0.053,0.106,xLS016,diam_0.053_0.106mm_p,,4.548,xLSGS2,not previously published ,
ds_05,x9018,180914.16,6/29/1990,NA,SC,3.93,4.01,0.053,0.106,xLS016,diam_0.053_0.106mm_p,,2.635,xLSGS2,not previously published ,
ds_05,x9018,181419.01,6/29/1990,NA,SC,4.27,4.34,0.053,0.106,xLS016,diam_0.053_0.106mm_p,,1.442,xLSGS2,not previously published ,
ds_05,x9018,181419.02,6/29/1990,NA,SC,4.35,4.42,0.053,0.106,xLS016,diam_0.053_0.106mm_p,,1.4,xLSGS2,not previously published ,
ds_05,x9018,181924.02,6/29/1990,NA,SC,5.87,5.95,0.053,0.106,xLS016,diam_0.053_0.106mm_p,,4.285,xLSGS2,not previously published ,
ds_05,x9018,181924.03,6/29/1990,NA,SC,5.95,6.03,0.053,0.106,xLS016,diam_0.053_0.106mm_p,,4.236,xLSGS2,not previously published ,
ds_05,x9018,181924.05,6/29/1990,NA,SC,6.12,6.2,0.053,0.106,xLS016,diam_0.053_0.106mm_p,,4.83,xLSGS2,not previously published ,
ds_05,x9018,181419.14,6/29/1990,NA,SC,5.31,5.4,0.053,0.106,xLS016,diam_0.053_0.106mm_p,,5.142,xLSGS2,not previously published ,
ds_05,x9018,181924.06,6/29/1990,NA,SC,6.2,6.26,0.053,0.106,xLS016,diam_0.053_0.106mm_p,,10.05,xLSGS2,not previously published ,
ds_05,x9018,181924.07,6/29/1990,NA,SC,6.26,6.34,0.053,0.106,xLS016,diam_0.053_0.106mm_p,,47.053,xLSGS2,not previously published ,
ds_05,x9018,181924.08,6/29/1990,NA,SC,6.35,6.4,0.053,0.106,xLS016,diam_0.053_0.106mm_p,,57.133,xLSGS2,not previously published ,
ds_05,x9018,181924.04,6/29/1990,NA,SC,6.03,6.11,0.053,0.106,xLS016,diam_0.053_0.106mm_p,,5.217,xLSGS2,not previously published ,
ds_05,x9018,181419.11,6/29/1990,NA,SC,5.06,5.14,0.053,0.106,xLS016,diam_0.053_0.106mm_p,,3.653,xLSGS2,not previously published ,
ds_05,x9018,181419.12,6/29/1990,NA,SC,5.14,5.22,0.053,0.106,xLS016,diam_0.053_0.106mm_p,,5.393,xLSGS2,not previously published ,
ds_05,x9018,181419.13,6/29/1990,NA,SC,5.23,5.3,0.053,0.106,xLS016,diam_0.053_0.106mm_p,,5.452,xLSGS2,not previously published ,
ds_05,x9018,181924.01,6/29/1990,NA,SC,5.79,5.87,0.053,0.106,xLS016,diam_0.053_0.106mm_p,,4.139,xLSGS2,not previously published ,
ds_05,x9013,132530.03,6/27/1990,NA,SC,7.77,7.85,0,0.053,xLS017,pan_p,,5.92,xLSGS2,not previously published ,
ds_05,x9013,132530.04,6/27/1990,NA,SC,7.85,7.93,0,0.053,xLS017,pan_p,,6.83,xLSGS2,not previously published ,
ds_05,x9013,132530.01,6/27/1990,NA,SC,7.62,7.69,0,0.053,xLS017,pan_p,,5.47,xLSGS2,not previously published ,
ds_05,x9013,132530.02,6/27/1990,NA,SC,7.69,7.77,0,0.053,xLS017,pan_p,,6.41,xLSGS2,not previously published ,
ds_05,x9013,133035.03,6/27/1990,NA,SC,9.31,9.38,0,0.053,xLS017,pan_p,,0.71,xLSGS2,not previously published ,
ds_05,x9013,133035.04,6/27/1990,NA,SC,9.39,9.46,0,0.053,xLS017,pan_p,,3.15,xLSGS2,not previously published ,
ds_05,x9013,132530.05,6/27/1990,NA,SC,7.94,8.01,0,0.053,xLS017,pan_p,,3.07,xLSGS2,not previously published ,
ds_05,x9013,132530.06,6/27/1990,NA,SC,8.02,8.09,0,0.053,xLS017,pan_p,,12.77,xLSGS2,not previously published ,
ds_05,x9013,132530.07,6/27/1990,NA,SC,8.1,8.17,0,0.053,xLS017,pan_p,,0.82,xLSGS2,not previously published ,
ds_05,x9013,132530.08,6/27/1990,NA,SC,8.18,8.25,0,0.053,xLS017,pan_p,,1.21,xLSGS2,not previously published ,
ds_05,x9013,132530.09,6/27/1990,NA,SC,8.26,8.33,0,0.053,xLS017,pan_p,,0.94,xLSGS2,not previously published ,
ds_05,x9013,132530.1,6/27/1990,NA,SC,8.34,8.42,0,0.053,xLS017,pan_p,,1.71,xLSGS2,not previously published ,
ds_05,x9013,132530.11,6/27/1990,NA,SC,8.42,8.5,0,0.053,xLS017,pan_p,,0.94,xLSGS2,not previously published ,
ds_05,x9013,132530.12,6/27/1990,NA,SC,8.5,8.54,0,0.053,xLS017,pan_p,,0.5,xLSGS2,not previously published ,
ds_05,x9013,132530.14,6/27/1990,NA,SC,8.58,8.66,0,0.053,xLS017,pan_p,,1.46,xLSGS2,not previously published ,
ds_05,x9013,133035.01,6/27/1990,NA,SC,9.14,9.22,0,0.053,xLS017,pan_p,,2.22,xLSGS2,not previously published ,
ds_05,x9013,133035.02,6/27/1990,NA,SC,9.22,9.3,0,0.053,xLS017,pan_p,,1.26,xLSGS2,not previously published ,
ds_05,x9014,142025.07,6/27/1990,NA,SC,6.59,6.67,0,0.053,xLS017,pan_p,,1.43,xLSGS2,not previously published ,
ds_05,x9014,142025.08,6/27/1990,NA,SC,6.67,6.76,0,0.053,xLS017,pan_p,,15.537,xLSGS2,not previously published ,
ds_05,x9014,142025.09,6/27/1990,NA,SC,6.76,6.84,0,0.053,xLS017,pan_p,,29.195,xLSGS2,not previously published ,
ds_05,x9014,142025.1,6/27/1990,NA,SC,6.84,6.92,0,0.053,xLS017,pan_p,,12.214,xLSGS2,not previously published ,
ds_05,x9014,142025.11,6/27/1990,NA,SC,6.93,6.98,0,0.053,xLS017,pan_p,,5.213,xLSGS2,not previously published ,
ds_05,x9014,142530.01,6/27/1990,NA,SC,7.62,7.69,0,0.053,xLS017,pan_p,,1.507,xLSGS2,not previously published ,
ds_05,x9014,142530.02,6/27/1990,NA,SC,7.7,7.78,0,0.053,xLS017,pan_p,,2.551,xLSGS2,not previously published ,
ds_05,x9014,142530.03,6/27/1990,NA,SC,7.78,7.85,0,0.053,xLS017,pan_p,,0.439,xLSGS2,not previously published ,
ds_05,x9014,142530.04,6/27/1990,NA,SC,7.86,7.93,0,0.053,xLS017,pan_p,,0.791,xLSGS2,not previously published ,
ds_05,x9014,142530.05,6/27/1990,NA,SC,7.94,8.01,0,0.053,xLS017,pan_p,,1.025,xLSGS2,not previously published ,
ds_05,x9014,142530.06,6/27/1990,NA,SC,8.02,8.07,0,0.053,xLS017,pan_p,,0.828,xLSGS2,not previously published ,
ds_05,x9014,142530.07,6/27/1990,NA,SC,8.09,8.16,0,0.053,xLS017,pan_p,,0.621,xLSGS2,not previously published ,
ds_05,x9014,142530.08,6/27/1990,NA,SC,8.17,8.24,0,0.053,xLS017,pan_p,,0.544,xLSGS2,not previously published ,
ds_05,x9014,142530.09,6/27/1990,NA,SC,8.25,8.32,0,0.053,xLS017,pan_p,,1.215,xLSGS2,not previously published ,
ds_05,x9014,142530.1,6/27/1990,NA,SC,8.33,8.4,0,0.053,xLS017,pan_p,,0.647,xLSGS2,not previously published ,
ds_05,x9014,142530.11,6/27/1990,NA,SC,8.41,8.48,0,0.053,xLS017,pan_p,,0.9,xLSGS2,not previously published ,
ds_05,x9014,142530.12,6/27/1990,NA,SC,8.48,8.56,0,0.053,xLS017,pan_p,,1.012,xLSGS2,not previously published ,
ds_05,x9014,142530.13,6/27/1990,NA,SC,8.56,8.64,0,0.053,xLS017,pan_p,,1.465,xLSGS2,not previously published ,
ds_05,x9014,142530.14,6/27/1990,NA,SC,8.64,8.72,0,0.053,xLS017,pan_p,,1.67,xLSGS2,not previously published ,
ds_05,x9014,142530.15,6/27/1990,NA,SC,8.73,8.78,0,0.053,xLS017,pan_p,,4.508,xLSGS2,not previously published ,
ds_05,x9014,143035.01,6/27/1990,NA,SC,9.14,9.22,0,0.053,xLS017,pan_p,,3.39,xLSGS2,not previously published ,
ds_05,x9014,143035.02,6/27/1990,NA,SC,9.22,9.3,0,0.053,xLS017,pan_p,,2.459,xLSGS2,not previously published ,
ds_05,x9014,143035.03,6/27/1990,NA,SC,9.3,9.38,0,0.053,xLS017,pan_p,,1.384,xLSGS2,not previously published ,
ds_05,x9014,143035.04,6/27/1990,NA,SC,9.38,9.46,0,0.053,xLS017,pan_p,,1.589,xLSGS2,not previously published ,
ds_05,x9014,143035.05,6/27/1990,NA,SC,9.46,9.54,0,0.053,xLS017,pan_p,,2.211,xLSGS2,not previously published ,
ds_05,x9014,143035.06,6/27/1990,NA,SC,9.54,9.61,0,0.053,xLS017,pan_p,,2.332,xLSGS2,not previously published ,
ds_05,x9014,143035.07,6/27/1990,NA,SC,9.62,9.69,0,0.053,xLS017,pan_p,,1.823,xLSGS2,not previously published ,
ds_05,x9014,143035.08,6/27/1990,NA,SC,9.7,9.77,0,0.053,xLS017,pan_p,,1.869,xLSGS2,not previously published ,
ds_05,x9014,143035.09,6/27/1990,NA,SC,9.77,9.85,0,0.053,xLS017,pan_p,,1.544,xLSGS2,not previously published ,
ds_05,x9014,143035.1,6/27/1990,NA,SC,9.85,9.92,0,0.053,xLS017,pan_p,,1.004,xLSGS2,not previously published ,
ds_05,x9014,143035.11,6/27/1990,NA,SC,9.93,10.01,0,0.053,xLS017,pan_p,,0.935,xLSGS2,not previously published ,
ds_05,x9014,143035.12,6/27/1990,NA,SC,10.02,10.1,0,0.053,xLS017,pan_p,,0.926,xLSGS2,not previously published ,
ds_05,x9014,143035.13,6/27/1990,NA,SC,10.1,10.19,0,0.053,xLS017,pan_p,,0.782,xLSGS2,not previously published ,
ds_05,x9014,143035.14,6/27/1990,NA,SC,10.19,10.27,0,0.053,xLS017,pan_p,,1.108,xLSGS2,not previously published ,
ds_05,x9014,142025.01,6/27/1990,NA,SC,6.1,6.18,0,0.053,xLS017,pan_p,,0.796,xLSGS2,not previously published ,
ds_05,x9014,142025.02,6/27/1990,NA,SC,6.18,6.26,0,0.053,xLS017,pan_p,,1.624,xLSGS2,not previously published ,
ds_05,x9014,142025.03,6/27/1990,NA,SC,6.26,6.34,0,0.053,xLS017,pan_p,,1.683,xLSGS2,not previously published ,
ds_05,x9014,142025.04,6/27/1990,NA,SC,6.34,6.42,0,0.053,xLS017,pan_p,,1.726,xLSGS2,not previously published ,
ds_05,x9014,142025.05,6/27/1990,NA,SC,6.43,6.5,0,0.053,xLS017,pan_p,,2.004,xLSGS2,not previously published ,
ds_05,x9014,142025.06,6/27/1990,NA,SC,6.51,6.59,0,0.053,xLS017,pan_p,,2.278,xLSGS2,not previously published ,
ds_05,x9014,143035.15,6/27/1990,NA,SC,10.27,10.35,0,0.053,xLS017,pan_p,,2.557,xLSGS2,not previously published ,
ds_05,x9014,143035.16,6/27/1990,NA,SC,10.35,10.44,0,0.053,xLS017,pan_p,,1.09,xLSGS2,not previously published ,
ds_05,x9014,143035.17,6/27/1990,NA,SC,10.44,10.52,0,0.053,xLS017,pan_p,,0.974,xLSGS2,not previously published ,
ds_05,x9015,150105.04,6/27/1990,NA,SC,0.56,0.63,0,0.053,xLS017,pan_p,,4.219,xLSGS2,not previously published ,
ds_05,x9015,150105.05,6/27/1990,NA,SC,0.65,0.73,0,0.053,xLS017,pan_p,,4.395,xLSGS2,not previously published ,
ds_05,x9015,150105.06,6/27/1990,NA,SC,0.74,0.82,0,0.053,xLS017,pan_p,,2.768,xLSGS2,not previously published ,
ds_05,x9015,150105.07,6/27/1990,NA,SC,0.82,0.9,0,0.053,xLS017,pan_p,,2.925,xLSGS2,not previously published ,
ds_05,x9015,150105.08,6/27/1990,NA,SC,0.9,0.98,0,0.053,xLS017,pan_p,,3.472,xLSGS2,not previously published ,
ds_05,x9015,150105.09,6/27/1990,NA,SC,0.98,1.06,0,0.053,xLS017,pan_p,,2.569,xLSGS2,not previously published ,
ds_05,x9015,150105.1,6/27/1990,NA,SC,1.06,1.14,0,0.053,xLS017,pan_p,,2.064,xLSGS2,not previously published ,
ds_05,x9015,150105.11,6/27/1990,NA,SC,1.14,1.21,0,0.053,xLS017,pan_p,,1.901,xLSGS2,not previously published ,
ds_05,x9015,150510.01,6/27/1990,NA,SC,1.52,1.6,0,0.053,xLS017,pan_p,,2.088,xLSGS2,not previously published ,
ds_05,x9015,150510.02,6/27/1990,NA,SC,1.61,1.68,0,0.053,xLS017,pan_p,,1.925,xLSGS2,not previously published ,
ds_05,x9015,150510.03,6/27/1990,NA,SC,1.69,1.76,0,0.053,xLS017,pan_p,,0.528,xLSGS2,not previously published ,
ds_05,x9015,150510.04,6/27/1990,NA,SC,1.77,1.85,0,0.053,xLS017,pan_p,,0.451,xLSGS2,not previously published ,
ds_05,x9015,150510.05,6/27/1990,NA,SC,1.85,1.93,0,0.053,xLS017,pan_p,,1.68,xLSGS2,not previously published ,
ds_05,x9015,150510.06,6/27/1990,NA,SC,1.93,2.01,0,0.053,xLS017,pan_p,,3.026,xLSGS2,not previously published ,
ds_05,x9015,150510.07,6/27/1990,NA,SC,2.01,2.09,0,0.053,xLS017,pan_p,,1.816,xLSGS2,not previously published ,
ds_05,x9015,150510.08,6/27/1990,NA,SC,2.1,2.17,0,0.053,xLS017,pan_p,,2.024,xLSGS2,not previously published ,
ds_05,x9015,150510.09,6/27/1990,NA,SC,2.18,2.23,0,0.053,xLS017,pan_p,,2.426,xLSGS2,not previously published ,
ds_05,x9015,150510.1,6/27/1990,NA,SC,2.24,2.32,0,0.053,xLS017,pan_p,,3.176,xLSGS2,not previously published ,
ds_05,x9015,150510.11,6/27/1990,NA,SC,2.33,2.44,0,0.053,xLS017,pan_p,,2.002,xLSGS2,not previously published ,
ds_05,x9015,151015.01,6/27/1990,NA,SC,3.05,3.12,0,0.053,xLS017,pan_p,,7.137,xLSGS2,not previously published ,
ds_05,x9015,151015.02,6/27/1990,NA,SC,3.13,3.21,0,0.053,xLS017,pan_p,,13.136,xLSGS2,not previously published ,
ds_05,x9015,151015.03,6/27/1990,NA,SC,3.21,3.28,0,0.053,xLS017,pan_p,,1.563,xLSGS2,not previously published ,
ds_05,x9015,151015.04,6/27/1990,NA,SC,3.29,3.37,0,0.053,xLS017,pan_p,,1.307,xLSGS2,not previously published ,
ds_05,x9015,151015.05,6/27/1990,NA,SC,3.37,3.45,0,0.053,xLS017,pan_p,,1.752,xLSGS2,not previously published ,
ds_05,x9015,151015.06,6/27/1990,NA,SC,3.45,3.53,0,0.053,xLS017,pan_p,,1.264,xLSGS2,not previously published ,
ds_05,x9015,151015.07,6/27/1990,NA,SC,3.54,3.61,0,0.053,xLS017,pan_p,,2.258,xLSGS2,not previously published ,
ds_05,x9015,151015.08,6/27/1990,NA,SC,3.62,3.69,0,0.053,xLS017,pan_p,,1.14,xLSGS2,not previously published ,
ds_05,x9015,151015.09,6/27/1990,NA,SC,3.7,3.77,0,0.053,xLS017,pan_p,,1.167,xLSGS2,not previously published ,
ds_05,x9015,151015.1,6/27/1990,NA,SC,3.78,3.85,0,0.053,xLS017,pan_p,,1.162,xLSGS2,not previously published ,
ds_05,x9015,151015.11,6/27/1990,NA,SC,3.85,3.93,0,0.053,xLS017,pan_p,,0.562,xLSGS2,not previously published ,
ds_05,x9015,151015.12,6/27/1990,NA,SC,3.94,4.01,0,0.053,xLS017,pan_p,,0.538,xLSGS2,not previously published ,
ds_05,x9015,151015.13,6/27/1990,NA,SC,4.03,4.11,0,0.053,xLS017,pan_p,,0.655,xLSGS2,not previously published ,
ds_05,x9015,151015.14,6/27/1990,NA,SC,4.11,4.15,0,0.053,xLS017,pan_p,,1.729,xLSGS2,not previously published ,
ds_05,x9015,151520.01,6/27/1990,NA,SC,4.57,4.65,0,0.053,xLS017,pan_p,,4.608,xLSGS2,not previously published ,
ds_05,x9015,150105.01,6/27/1990,NA,SC,0.3,0.38,0,0.053,xLS017,pan_p,,4.948,xLSGS2,not previously published ,
ds_05,x9015,150105.02,6/27/1990,NA,SC,0.38,0.47,0,0.053,xLS017,pan_p,,5.317,xLSGS2,not previously published ,
ds_05,x9015,150105.03,6/27/1990,NA,SC,0.47,0.55,0,0.053,xLS017,pan_p,,4.32,xLSGS2,not previously published ,
ds_05,x9015,151520.13,6/27/1990,NA,SC,5.53,5.6,0,0.053,xLS017,pan_p,,0.617,xLSGS2,not previously published ,
ds_05,x9015,151520.14,6/27/1990,NA,SC,5.61,5.68,0,0.053,xLS017,pan_p,,0.661,xLSGS2,not previously published ,
ds_05,x9015,151520.15,6/27/1990,NA,SC,5.68,5.76,0,0.053,xLS017,pan_p,,0.942,xLSGS2,not previously published ,
ds_05,x9015,151520.16,6/27/1990,NA,SC,5.76,5.86,0,0.053,xLS017,pan_p,,0.701,xLSGS2,not previously published ,
ds_05,x9015,152025.01,6/27/1990,NA,SC,6.1,6.17,0,0.053,xLS017,pan_p,,1.618,xLSGS2,not previously published ,
ds_05,x9015,152025.02,6/27/1990,NA,SC,6.18,6.25,0,0.053,xLS017,pan_p,,0.743,xLSGS2,not previously published ,
ds_05,x9015,152025.03,6/27/1990,NA,SC,6.26,6.33,0,0.053,xLS017,pan_p,,1.005,xLSGS2,not previously published ,
ds_05,x9015,152025.04,6/27/1990,NA,SC,6.34,6.42,0,0.053,xLS017,pan_p,,0.801,xLSGS2,not previously published ,
ds_05,x9015,152025.05,6/27/1990,NA,SC,6.42,6.49,0,0.053,xLS017,pan_p,,1.334,xLSGS2,not previously published ,
ds_05,x9015,152025.06,6/27/1990,NA,SC,6.51,6.59,0,0.053,xLS017,pan_p,,1.037,xLSGS2,not previously published ,
ds_05,x9015,152025.07,6/27/1990,NA,SC,6.59,6.67,0,0.053,xLS017,pan_p,,1.137,xLSGS2,not previously published ,
ds_05,x9015,152025.08,6/27/1990,NA,SC,6.67,6.75,0,0.053,xLS017,pan_p,,1.269,xLSGS2,not previously published ,
ds_05,x9015,152025.09,6/27/1990,NA,SC,6.75,6.83,0,0.053,xLS017,pan_p,,1.165,xLSGS2,not previously published ,
ds_05,x9015,152025.1,6/27/1990,NA,SC,6.83,6.91,0,0.053,xLS017,pan_p,,1.179,xLSGS2,not previously published ,
ds_05,x9015,152025.11,6/27/1990,NA,SC,6.91,6.99,0,0.053,xLS017,pan_p,,0.983,xLSGS2,not previously published ,
ds_05,x9015,152025.12,6/27/1990,NA,SC,7,7.07,0,0.053,xLS017,pan_p,,0.942,xLSGS2,not previously published ,
ds_05,x9015,152025.13,6/27/1990,NA,SC,7.09,7.17,0,0.053,xLS017,pan_p,,0.924,xLSGS2,not previously published ,
ds_05,x9015,152530.01,6/27/1990,NA,SC,7.62,7.7,0,0.053,xLS017,pan_p,,1.518,xLSGS2,not previously published ,
ds_05,x9015,152530.02,6/27/1990,NA,SC,7.7,7.78,0,0.053,xLS017,pan_p,,1.792,xLSGS2,not previously published ,
ds_05,x9015,152530.03,6/27/1990,NA,SC,7.78,7.85,0,0.053,xLS017,pan_p,,7.861,xLSGS2,not previously published ,
ds_05,x9015,152530.04,6/27/1990,NA,SC,7.86,7.93,0,0.053,xLS017,pan_p,,18.992,xLSGS2,not previously published ,
ds_05,x9015,152530.05,6/27/1990,NA,SC,7.94,8.01,0,0.053,xLS017,pan_p,,29.889,xLSGS2,not previously published ,
ds_05,x9015,152530.06,6/27/1990,NA,SC,8.01,8.09,0,0.053,xLS017,pan_p,,16.266,xLSGS2,not previously published ,
ds_05,x9015,152530.07,6/27/1990,NA,SC,8.09,8.17,0,0.053,xLS017,pan_p,,7.157,xLSGS2,not previously published ,
ds_05,x9015,151520.02,6/27/1990,NA,SC,4.66,4.73,0,0.053,xLS017,pan_p,,0.938,xLSGS2,not previously published ,
ds_05,x9015,151520.03,6/27/1990,NA,SC,4.73,4.81,0,0.053,xLS017,pan_p,,0.716,xLSGS2,not previously published ,
ds_05,x9015,151520.04,6/27/1990,NA,SC,4.81,4.89,0,0.053,xLS017,pan_p,,0.547,xLSGS2,not previously published ,
ds_05,x9015,151520.05,6/27/1990,NA,SC,4.89,4.97,0,0.053,xLS017,pan_p,,0.243,xLSGS2,not previously published ,
ds_05,x9015,151520.06,6/27/1990,NA,SC,4.97,5.05,0,0.053,xLS017,pan_p,,0.134,xLSGS2,not previously published ,
ds_05,x9015,151520.07,6/27/1990,NA,SC,5.05,5.12,0,0.053,xLS017,pan_p,,0.127,xLSGS2,not previously published ,
ds_05,x9015,151520.08,6/27/1990,NA,SC,5.13,5.2,0,0.053,xLS017,pan_p,,0.189,xLSGS2,not previously published ,
ds_05,x9015,151520.09,6/27/1990,NA,SC,5.21,5.28,0,0.053,xLS017,pan_p,,0.159,xLSGS2,not previously published ,
ds_05,x9015,151520.1,6/27/1990,NA,SC,5.28,5.36,0,0.053,xLS017,pan_p,,0.287,xLSGS2,not previously published ,
ds_05,x9015,151520.11,6/27/1990,NA,SC,5.36,5.44,0,0.053,xLS017,pan_p,,0.263,xLSGS2,not previously published ,
ds_05,x9015,151520.12,6/27/1990,NA,SC,5.44,5.52,0,0.053,xLS017,pan_p,,0.269,xLSGS2,not previously published ,
ds_05,x9016,160510.01,6/28/1990,NA,SC,1.52,1.6,0,0.053,xLS017,pan_p,,4.175,xLSGS2,not previously published ,
ds_05,x9016,160510.02,6/28/1990,NA,SC,1.6,1.68,0,0.053,xLS017,pan_p,,2.554,xLSGS2,not previously published ,
ds_05,x9016,160510.03,6/28/1990,NA,SC,1.69,1.76,0,0.053,xLS017,pan_p,,3.211,xLSGS2,not previously published ,
ds_05,x9016,160510.04,6/28/1990,NA,SC,1.77,1.84,0,0.053,xLS017,pan_p,,4.4,xLSGS2,not previously published ,
ds_05,x9016,160510.05,6/28/1990,NA,SC,1.85,1.92,0,0.053,xLS017,pan_p,,3.876,xLSGS2,not previously published ,
ds_05,x9016,160510.12,6/28/1990,NA,SC,2.4,2.47,0,0.053,xLS017,pan_p,,2.501,xLSGS2,not previously published ,
ds_05,x9016,160510.13,6/28/1990,NA,SC,2.48,2.58,0,0.053,xLS017,pan_p,,3.265,xLSGS2,not previously published ,
ds_05,x9016,161013.01,6/28/1990,NA,SC,3.05,3.12,0,0.053,xLS017,pan_p,,2.355,xLSGS2,not previously published ,
ds_05,x9016,161013.02,6/28/1990,NA,SC,3.13,3.2,0,0.053,xLS017,pan_p,,3.139,xLSGS2,not previously published ,
ds_05,x9016,161013.03,6/28/1990,NA,SC,3.21,3.28,0,0.053,xLS017,pan_p,,2.522,xLSGS2,not previously published ,
ds_05,x9016,161013.04,6/28/1990,NA,SC,3.29,3.36,0,0.053,xLS017,pan_p,,3.532,xLSGS2,not previously published ,
ds_05,x9016,161013.05,6/28/1990,NA,SC,3.36,3.43,0,0.053,xLS017,pan_p,,3.706,xLSGS2,not previously published ,
ds_05,x9016,161013.06,6/28/1990,NA,SC,3.45,3.53,0,0.053,xLS017,pan_p,,3.178,xLSGS2,not previously published ,
ds_05,x9016,161013.07,6/28/1990,NA,SC,3.53,3.56,0,0.053,xLS017,pan_p,,3.784,xLSGS2,not previously published ,
ds_05,x9016,161013.08,6/28/1990,NA,SC,3.56,3.64,0,0.053,xLS017,pan_p,,2.544,xLSGS2,not previously published ,
ds_05,x9016,161013.09,6/28/1990,NA,SC,3.64,3.72,0,0.053,xLS017,pan_p,,4.249,xLSGS2,not previously published ,
ds_05,x9016,161013.1,6/28/1990,NA,SC,3.72,3.81,0,0.053,xLS017,pan_p,,30.18,xLSGS2,not previously published ,
ds_05,x9016,161418.01,6/28/1990,NA,SC,4.27,4.35,0,0.053,xLS017,pan_p,,0.363,xLSGS2,not previously published ,
ds_05,x9016,161418.02,6/28/1990,NA,SC,4.35,4.42,0,0.053,xLS017,pan_p,,0.661,xLSGS2,not previously published ,
ds_05,x9016,161418.03,6/28/1990,NA,SC,4.43,4.51,0,0.053,xLS017,pan_p,,1.277,xLSGS2,not previously published ,
ds_05,x9016,161418.04,6/28/1990,NA,SC,4.51,4.59,0,0.053,xLS017,pan_p,,1.396,xLSGS2,not previously published ,
ds_05,x9016,161418.05,6/28/1990,NA,SC,4.59,4.67,0,0.053,xLS017,pan_p,,1.428,xLSGS2,not previously published ,
ds_05,x9016,161418.06,6/28/1990,NA,SC,4.67,4.75,0,0.053,xLS017,pan_p,,2.174,xLSGS2,not previously published ,
ds_05,x9016,161418.07,6/28/1990,NA,SC,4.75,4.82,0,0.053,xLS017,pan_p,,0.889,xLSGS2,not previously published ,
ds_05,x9016,161418.08,6/28/1990,NA,SC,4.83,4.9,0,0.053,xLS017,pan_p,,2.364,xLSGS2,not previously published ,
ds_05,x9016,161418.09,6/28/1990,NA,SC,4.9,4.98,0,0.053,xLS017,pan_p,,5.259,xLSGS2,not previously published ,
ds_05,x9016,161418.1,6/28/1990,NA,SC,4.98,5.06,0,0.053,xLS017,pan_p,,4.57,xLSGS2,not previously published ,
ds_05,x9016,161418.11,6/28/1990,NA,SC,5.06,5.14,0,0.053,xLS017,pan_p,,1.361,xLSGS2,not previously published ,
ds_05,x9016,161418.12,6/28/1990,NA,SC,5.14,5.22,0,0.053,xLS017,pan_p,,1.843,xLSGS2,not previously published ,
ds_05,x9016,161418.13,6/28/1990,NA,SC,5.22,5.3,0,0.053,xLS017,pan_p,,1.881,xLSGS2,not previously published ,
ds_05,x9016,161418.14,6/28/1990,NA,SC,5.3,5.37,0,0.053,xLS017,pan_p,,2.877,xLSGS2,not previously published ,
ds_05,x9016,161924.01,6/28/1990,NA,SC,5.79,5.9,0,0.053,xLS017,pan_p,,1.533,xLSGS2,not previously published ,
ds_05,x9016,161924.02,6/28/1990,NA,SC,5.9,5.96,0,0.053,xLS017,pan_p,,0.911,xLSGS2,not previously published ,
ds_05,x9016,161924.03,6/28/1990,NA,SC,5.96,6.04,0,0.053,xLS017,pan_p,,1.135,xLSGS2,not previously published ,
ds_05,x9016,161924.04,6/28/1990,NA,SC,6.06,6.14,0,0.053,xLS017,pan_p,,2.124,xLSGS2,not previously published ,
ds_05,x9016,161924.05,6/28/1990,NA,SC,6.14,6.22,0,0.053,xLS017,pan_p,,0.76,xLSGS2,not previously published ,
ds_05,x9016,161924.06,6/28/1990,NA,SC,6.22,6.3,0,0.053,xLS017,pan_p,,0.314,xLSGS2,not previously published ,
ds_05,x9016,161924.07,6/28/1990,NA,SC,6.3,6.38,0,0.053,xLS017,pan_p,,0.511,xLSGS2,not previously published ,
ds_05,x9016,161924.08,6/28/1990,NA,SC,6.38,6.46,0,0.053,xLS017,pan_p,,0.519,xLSGS2,not previously published ,
ds_05,x9016,160510.06,6/28/1990,NA,SC,1.92,2,0,0.053,xLS017,pan_p,,3.545,xLSGS2,not previously published ,
ds_05,x9016,160510.07,6/28/1990,NA,SC,2,2.08,0,0.053,xLS017,pan_p,,3.967,xLSGS2,not previously published ,
ds_05,x9016,160510.08,6/28/1990,NA,SC,2.08,2.15,0,0.053,xLS017,pan_p,,3.232,xLSGS2,not previously published ,
ds_05,x9016,160510.09,6/28/1990,NA,SC,2.16,2.23,0,0.053,xLS017,pan_p,,3.405,xLSGS2,not previously published ,
ds_05,x9016,160510.1,6/28/1990,NA,SC,2.24,2.31,0,0.053,xLS017,pan_p,,2.776,xLSGS2,not previously published ,
ds_05,x9016,160510.11,6/28/1990,NA,SC,2.32,2.39,0,0.053,xLS017,pan_p,,2.085,xLSGS2,not previously published ,
ds_05,x9016,161924.09,6/28/1990,NA,SC,6.48,6.56,0,0.053,xLS017,pan_p,,0.984,xLSGS2,not previously published ,
ds_05,x9016,161924.1,6/28/1990,NA,SC,6.56,6.62,0,0.053,xLS017,pan_p,,19.303,xLSGS2,not previously published ,
ds_05,x9016,161924.11,6/28/1990,NA,SC,6.62,6.65,0,0.053,xLS017,pan_p,,64.486,xLSGS2,not previously published ,
ds_05,x9016,161924.12,6/28/1990,NA,SC,6.65,6.73,0,0.053,xLS017,pan_p,,47.178,xLSGS2,not previously published ,
ds_05,x9016,161924.13,6/28/1990,NA,SC,6.75,6.83,0,0.053,xLS017,pan_p,,28.141,xLSGS2,not previously published ,
ds_05,x9016,161924.14,6/28/1990,NA,SC,6.83,6.91,0,0.053,xLS017,pan_p,,20.59,xLSGS2,not previously published ,
ds_05,x9016,161924.15,6/28/1990,NA,SC,6.91,6.99,0,0.053,xLS017,pan_p,,28.615,xLSGS2,not previously published ,
ds_05,x9016,161924.16,6/28/1990,NA,SC,6.99,7.07,0,0.053,xLS017,pan_p,,5.6,xLSGS2,not previously published ,
ds_05,x9016,161924.17,6/28/1990,NA,SC,7.07,7.15,0,0.053,xLS017,pan_p,,8.816,xLSGS2,not previously published ,
ds_05,x9016,161924.18,6/28/1990,NA,SC,7.15,7.24,0,0.053,xLS017,pan_p,,15.794,xLSGS2,not previously published ,
ds_05,x9017,171419.13,6/29/1990,NA,SC,5.27,5.34,0,0.053,xLS017,pan_p,,1.24,xLSGS2,not previously published ,
ds_05,x9017,171419.14,6/29/1990,NA,SC,5.35,5.42,0,0.053,xLS017,pan_p,,1.919,xLSGS2,not previously published ,
ds_05,x9017,171419.15,6/29/1990,NA,SC,5.43,5.49,0,0.053,xLS017,pan_p,,2.661,xLSGS2,not previously published ,
ds_05,x9017,171419.16,6/29/1990,NA,SC,5.49,5.55,0,0.053,xLS017,pan_p,,2.738,xLSGS2,not previously published ,
ds_05,x9017,170914.01,6/29/1990,NA,SC,2.74,2.82,0,0.053,xLS017,pan_p,,6.141,xLSGS2,not previously published ,
ds_05,x9017,170914.02,6/29/1990,NA,SC,2.82,2.9,0,0.053,xLS017,pan_p,,5.639,xLSGS2,not previously published ,
ds_05,x9017,170914.03,6/29/1990,NA,SC,2.91,2.98,0,0.053,xLS017,pan_p,,1.459,xLSGS2,not previously published ,
ds_05,x9017,170914.04,6/29/1990,NA,SC,2.99,3.06,0,0.053,xLS017,pan_p,,0.346,xLSGS2,not previously published ,
ds_05,x9017,170914.05,6/29/1990,NA,SC,3.06,3.14,0,0.053,xLS017,pan_p,,0.641,xLSGS2,not previously published ,
ds_05,x9017,170914.06,6/29/1990,NA,SC,3.14,3.21,0,0.053,xLS017,pan_p,,0.641,xLSGS2,not previously published ,
ds_05,x9017,170914.07,6/29/1990,NA,SC,3.22,3.29,0,0.053,xLS017,pan_p,,0.856,xLSGS2,not previously published ,
ds_05,x9017,170914.08,6/29/1990,NA,SC,3.3,3.37,0,0.053,xLS017,pan_p,,1.285,xLSGS2,not previously published ,
ds_05,x9017,170914.09,6/29/1990,NA,SC,3.37,3.45,0,0.053,xLS017,pan_p,,0.768,xLSGS2,not previously published ,
ds_05,x9017,170914.1,6/29/1990,NA,SC,3.45,3.53,0,0.053,xLS017,pan_p,,0.821,xLSGS2,not previously published ,
ds_05,x9017,170914.11,6/29/1990,NA,SC,3.53,3.6,0,0.053,xLS017,pan_p,,1.259,xLSGS2,not previously published ,
ds_05,x9017,170914.12,6/29/1990,NA,SC,3.61,3.69,0,0.053,xLS017,pan_p,,1.077,xLSGS2,not previously published ,
ds_05,x9017,170914.13,6/29/1990,NA,SC,3.69,3.76,0,0.053,xLS017,pan_p,,1.048,xLSGS2,not previously published ,
ds_05,x9017,170914.14,6/29/1990,NA,SC,3.77,3.84,0,0.053,xLS017,pan_p,,2.348,xLSGS2,not previously published ,
ds_05,x9017,171419.01,6/29/1990,NA,SC,4.27,4.34,0,0.053,xLS017,pan_p,,0.996,xLSGS2,not previously published ,
ds_05,x9017,171419.02,6/29/1990,NA,SC,4.35,4.42,0,0.053,xLS017,pan_p,,0.418,xLSGS2,not previously published ,
ds_05,x9017,171419.03,6/29/1990,NA,SC,4.43,4.51,0,0.053,xLS017,pan_p,,0.597,xLSGS2,not previously published ,
ds_05,x9017,171419.04,6/29/1990,NA,SC,4.51,4.59,0,0.053,xLS017,pan_p,,0.696,xLSGS2,not previously published ,
ds_05,x9017,171419.05,6/29/1990,NA,SC,4.59,4.67,0,0.053,xLS017,pan_p,,0.814,xLSGS2,not previously published ,
ds_05,x9017,171419.06,6/29/1990,NA,SC,4.67,4.75,0,0.053,xLS017,pan_p,,0.998,xLSGS2,not previously published ,
ds_05,x9017,171419.07,6/29/1990,NA,SC,4.76,4.83,0,0.053,xLS017,pan_p,,0.741,xLSGS2,not previously published ,
ds_05,x9017,171419.08,6/29/1990,NA,SC,4.84,4.92,0,0.053,xLS017,pan_p,,1.854,xLSGS2,not previously published ,
ds_05,x9017,171419.09,6/29/1990,NA,SC,4.92,5,0,0.053,xLS017,pan_p,,1.009,xLSGS2,not previously published ,
ds_05,x9017,171419.1,6/29/1990,NA,SC,5.01,5.09,0,0.053,xLS017,pan_p,,1.036,xLSGS2,not previously published ,
ds_05,x9017,171419.11,6/29/1990,NA,SC,5.09,5.18,0,0.053,xLS017,pan_p,,1.24,xLSGS2,not previously published ,
ds_05,x9017,171419.12,6/29/1990,NA,SC,5.18,5.26,0,0.053,xLS017,pan_p,,0.943,xLSGS2,not previously published ,
ds_05,x9017,171924.01,6/29/1990,NA,SC,5.79,5.87,0,0.053,xLS017,pan_p,,30.119,xLSGS2,not previously published ,
ds_05,x9017,171924.02,6/29/1990,NA,SC,5.87,5.95,0,0.053,xLS017,pan_p,,25.291,xLSGS2,not previously published ,
ds_05,x9017,171924.03,6/29/1990,NA,SC,5.95,6.03,0,0.053,xLS017,pan_p,,8.488,xLSGS2,not previously published ,
ds_05,x9017,171924.04,6/29/1990,NA,SC,6.03,6.11,0,0.053,xLS017,pan_p,,3.549,xLSGS2,not previously published ,
ds_05,x9017,171924.05,6/29/1990,NA,SC,6.11,6.19,0,0.053,xLS017,pan_p,,4.189,xLSGS2,not previously published ,
ds_05,x9017,171924.06,6/29/1990,NA,SC,6.19,6.27,0,0.053,xLS017,pan_p,,12.947,xLSGS2,not previously published ,
ds_05,x9017,171924.07,6/29/1990,NA,SC,6.27,6.35,0,0.053,xLS017,pan_p,,31.745,xLSGS2,not previously published ,
ds_05,x9017,171924.08,6/29/1990,NA,SC,6.36,6.43,0,0.053,xLS017,pan_p,,28.929,xLSGS2,not previously published ,
ds_05,x9017,171924.09,6/29/1990,NA,SC,6.44,6.52,0,0.053,xLS017,pan_p,,10.307,xLSGS2,not previously published ,
ds_05,x9017,171924.1,6/29/1990,NA,SC,6.52,6.59,0,0.053,xLS017,pan_p,,15.347,xLSGS2,not previously published ,
ds_05,x9017,171924.11,6/29/1990,NA,SC,6.6,6.67,0,0.053,xLS017,pan_p,,24.068,xLSGS2,not previously published ,
ds_05,x9017,171924.12,6/29/1990,NA,SC,6.68,6.76,0,0.053,xLS017,pan_p,,7.625,xLSGS2,not previously published ,
ds_05,x9017,171924.13,6/29/1990,NA,SC,6.76,6.84,0,0.053,xLS017,pan_p,,6.805,xLSGS2,not previously published ,
ds_05,x9017,171924.14,6/29/1990,NA,SC,6.84,6.9,0,0.053,xLS017,pan_p,,67.528,xLSGS2,not previously published ,
ds_05,x9018,181419.03,6/29/1990,NA,SC,4.43,4.51,0,0.053,xLS017,pan_p,,0.479,xLSGS2,not previously published ,
ds_05,x9018,181419.04,6/29/1990,NA,SC,4.51,4.58,0,0.053,xLS017,pan_p,,0.609,xLSGS2,not previously published ,
ds_05,x9018,181419.05,6/29/1990,NA,SC,4.59,4.66,0,0.053,xLS017,pan_p,,0.572,xLSGS2,not previously published ,
ds_05,x9018,181419.06,6/29/1990,NA,SC,4.67,4.74,0,0.053,xLS017,pan_p,,0.65,xLSGS2,not previously published ,
ds_05,x9018,181419.07,6/29/1990,NA,SC,4.75,4.82,0,0.053,xLS017,pan_p,,0.308,xLSGS2,not previously published ,
ds_05,x9018,181419.08,6/29/1990,NA,SC,4.82,4.9,0,0.053,xLS017,pan_p,,1.319,xLSGS2,not previously published ,
ds_05,x9018,181419.09,6/29/1990,NA,SC,4.9,4.97,0,0.053,xLS017,pan_p,,1.516,xLSGS2,not previously published ,
ds_05,x9018,181419.1,6/29/1990,NA,SC,4.98,5.06,0,0.053,xLS017,pan_p,,1.343,xLSGS2,not previously published ,
ds_05,x9018,180914.01,6/29/1990,NA,SC,2.74,2.82,0,0.053,xLS017,pan_p,,0.96,xLSGS2,not previously published ,
ds_05,x9018,180914.02,6/29/1990,NA,SC,2.83,2.9,0,0.053,xLS017,pan_p,,0.593,xLSGS2,not previously published ,
ds_05,x9018,180914.03,6/29/1990,NA,SC,2.9,2.98,0,0.053,xLS017,pan_p,,0.339,xLSGS2,not previously published ,
ds_05,x9018,180914.04,6/29/1990,NA,SC,2.98,3.06,0,0.053,xLS017,pan_p,,37.007,xLSGS2,not previously published ,
ds_05,x9018,180914.05,6/29/1990,NA,SC,3.06,3.13,0,0.053,xLS017,pan_p,,3.865,xLSGS2,not previously published ,
ds_05,x9018,180914.06,6/29/1990,NA,SC,3.14,3.21,0,0.053,xLS017,pan_p,,0.945,xLSGS2,not previously published ,
ds_05,x9018,180914.07,6/29/1990,NA,SC,3.21,3.29,0,0.053,xLS017,pan_p,,1.271,xLSGS2,not previously published ,
ds_05,x9018,180914.08,6/29/1990,NA,SC,3.29,3.37,0,0.053,xLS017,pan_p,,1.017,xLSGS2,not previously published ,
ds_05,x9018,180914.09,6/29/1990,NA,SC,3.37,3.45,0,0.053,xLS017,pan_p,,1.324,xLSGS2,not previously published ,
ds_05,x9018,180914.1,6/29/1990,NA,SC,3.45,3.53,0,0.053,xLS017,pan_p,,1.607,xLSGS2,not previously published ,
ds_05,x9018,180914.11,6/29/1990,NA,SC,3.53,3.61,0,0.053,xLS017,pan_p,,0.691,xLSGS2,not previously published ,
ds_05,x9018,180914.12,6/29/1990,NA,SC,3.61,3.69,0,0.053,xLS017,pan_p,,2.67,xLSGS2,not previously published ,
ds_05,x9018,180914.13,6/29/1990,NA,SC,3.69,3.77,0,0.053,xLS017,pan_p,,1.582,xLSGS2,not previously published ,
ds_05,x9018,180914.14,6/29/1990,NA,SC,3.77,3.85,0,0.053,xLS017,pan_p,,23.071,xLSGS2,not previously published ,
ds_05,x9018,180914.15,6/29/1990,NA,SC,3.85,3.93,0,0.053,xLS017,pan_p,,3.388,xLSGS2,not previously published ,
ds_05,x9018,180914.16,6/29/1990,NA,SC,3.93,4.01,0,0.053,xLS017,pan_p,,1.227,xLSGS2,not previously published ,
ds_05,x9018,181419.01,6/29/1990,NA,SC,4.27,4.34,0,0.053,xLS017,pan_p,,0.472,xLSGS2,not previously published ,
ds_05,x9018,181419.02,6/29/1990,NA,SC,4.35,4.42,0,0.053,xLS017,pan_p,,0.312,xLSGS2,not previously published ,
ds_05,x9018,181924.02,6/29/1990,NA,SC,5.87,5.95,0,0.053,xLS017,pan_p,,0.435,xLSGS2,not previously published ,
ds_05,x9018,181924.03,6/29/1990,NA,SC,5.95,6.03,0,0.053,xLS017,pan_p,,0.384,xLSGS2,not previously published ,
ds_05,x9018,181924.05,6/29/1990,NA,SC,6.12,6.2,0,0.053,xLS017,pan_p,,0.448,xLSGS2,not previously published ,
ds_05,x9018,181419.14,6/29/1990,NA,SC,5.31,5.4,0,0.053,xLS017,pan_p,,1.702,xLSGS2,not previously published ,
ds_05,x9018,181924.06,6/29/1990,NA,SC,6.2,6.26,0,0.053,xLS017,pan_p,,1.1,xLSGS2,not previously published ,
ds_05,x9018,181924.07,6/29/1990,NA,SC,6.26,6.34,0,0.053,xLS017,pan_p,,9.057,xLSGS2,not previously published ,
ds_05,x9018,181924.08,6/29/1990,NA,SC,6.35,6.4,0,0.053,xLS017,pan_p,,10.058,xLSGS2,not previously published ,
ds_05,x9018,181924.04,6/29/1990,NA,SC,6.03,6.11,0,0.053,xLS017,pan_p,,0.478,xLSGS2,not previously published ,
ds_05,x9018,181419.11,6/29/1990,NA,SC,5.06,5.14,0,0.053,xLS017,pan_p,,1.647,xLSGS2,not previously published ,
ds_05,x9018,181419.12,6/29/1990,NA,SC,5.14,5.22,0,0.053,xLS017,pan_p,,2.118,xLSGS2,not previously published ,
ds_05,x9018,181419.13,6/29/1990,NA,SC,5.23,5.3,0,0.053,xLS017,pan_p,,1.821,xLSGS2,not previously published ,
ds_05,x9018,181924.01,6/29/1990,NA,SC,5.79,5.87,0,0.053,xLS017,pan_p,,0.505,xLSGS2,not previously published ,
ds_05,x9013,132530.03,6/27/1990,NA,SC,7.77,7.85,1,,xLS002,diam_1mm_g,,0.021905439,xLSGS2,not previously published ,
ds_05,x9013,132530.04,6/27/1990,NA,SC,7.85,7.93,1,,xLS002,diam_1mm_g,,0.019424279,xLSGS2,not previously published ,
ds_05,x9013,132530.01,6/27/1990,NA,SC,7.62,7.69,1,,xLS002,diam_1mm_g,,38.8113997,xLSGS2,not previously published ,
ds_05,x9013,132530.02,6/27/1990,NA,SC,7.69,7.77,1,,xLS002,diam_1mm_g,,0.021413062,xLSGS2,not previously published ,
ds_05,x9013,133035.03,6/27/1990,NA,SC,9.31,9.38,1,,xLS002,diam_1mm_g,,32.55221048,xLSGS2,not previously published ,
ds_05,x9013,133035.04,6/27/1990,NA,SC,9.39,9.46,1,,xLS002,diam_1mm_g,,18.94415259,xLSGS2,not previously published ,
ds_05,x9013,132530.05,6/27/1990,NA,SC,7.94,8.01,1,,xLS002,diam_1mm_g,,3.940486078,xLSGS2,not previously published ,
ds_05,x9013,132530.06,6/27/1990,NA,SC,8.02,8.09,1,,xLS002,diam_1mm_g,,0.109488006,xLSGS2,not previously published ,
ds_05,x9013,132530.07,6/27/1990,NA,SC,8.1,8.17,1,,xLS002,diam_1mm_g,,2.526600467,xLSGS2,not previously published ,
ds_05,x9013,132530.08,6/27/1990,NA,SC,8.18,8.25,1,,xLS002,diam_1mm_g,,29.17376646,xLSGS2,not previously published ,
ds_05,x9013,132530.09,6/27/1990,NA,SC,8.26,8.33,1,,xLS002,diam_1mm_g,,15.6901011,xLSGS2,not previously published ,
ds_05,x9013,132530.1,6/27/1990,NA,SC,8.34,8.42,1,,xLS002,diam_1mm_g,,20.47082333,xLSGS2,not previously published ,
ds_05,x9013,132530.11,6/27/1990,NA,SC,8.42,8.5,1,,xLS002,diam_1mm_g,,6.265876281,xLSGS2,not previously published ,
ds_05,x9013,132530.12,6/27/1990,NA,SC,8.5,8.54,1,,xLS002,diam_1mm_g,,7.723023941,xLSGS2,not previously published ,
ds_05,x9013,132530.14,6/27/1990,NA,SC,8.58,8.66,1,,xLS002,diam_1mm_g,,4.166561424,xLSGS2,not previously published ,
ds_05,x9013,133035.01,6/27/1990,NA,SC,9.14,9.22,1,,xLS002,diam_1mm_g,,6.953923694,xLSGS2,not previously published ,
ds_05,x9013,133035.02,6/27/1990,NA,SC,9.22,9.3,1,,xLS002,diam_1mm_g,,36.23283477,xLSGS2,not previously published ,
ds_05,x9014,142025.07,6/27/1990,NA,SC,6.59,6.67,1,,xLS002,diam_1mm_g,,88.80250963,xLSGS2,not previously published ,
ds_05,x9014,142025.08,6/27/1990,NA,SC,6.67,6.76,1,,xLS002,diam_1mm_g,,54.50456375,xLSGS2,not previously published ,
ds_05,x9014,142025.09,6/27/1990,NA,SC,6.76,6.84,1,,xLS002,diam_1mm_g,,0.070516434,xLSGS2,not previously published ,
ds_05,x9014,142025.1,6/27/1990,NA,SC,6.84,6.92,1,,xLS002,diam_1mm_g,,0.110190231,xLSGS2,not previously published ,
ds_05,x9014,142025.11,6/27/1990,NA,SC,6.93,6.98,1,,xLS002,diam_1mm_g,,0.240624739,xLSGS2,not previously published ,
ds_05,x9014,142530.01,6/27/1990,NA,SC,7.62,7.69,1,,xLS002,diam_1mm_g,,3.759598421,xLSGS2,not previously published ,
ds_05,x9014,142530.02,6/27/1990,NA,SC,7.7,7.78,1,,xLS002,diam_1mm_g,,1.200110366,xLSGS2,not previously published ,
ds_05,x9014,142530.03,6/27/1990,NA,SC,7.78,7.85,1,,xLS002,diam_1mm_g,,2.063246967,xLSGS2,not previously published ,
ds_05,x9014,142530.04,6/27/1990,NA,SC,7.86,7.93,1,,xLS002,diam_1mm_g,,12.68273857,xLSGS2,not previously published ,
ds_05,x9014,142530.05,6/27/1990,NA,SC,7.94,8.01,1,,xLS002,diam_1mm_g,,2.331159358,xLSGS2,not previously published ,
ds_05,x9014,142530.06,6/27/1990,NA,SC,8.02,8.07,1,,xLS002,diam_1mm_g,,0.491107545,xLSGS2,not previously published ,
ds_05,x9014,142530.07,6/27/1990,NA,SC,8.09,8.16,1,,xLS002,diam_1mm_g,,1.306217458,xLSGS2,not previously published ,
ds_05,x9014,142530.08,6/27/1990,NA,SC,8.17,8.24,1,,xLS002,diam_1mm_g,,0.179893964,xLSGS2,not previously published ,
ds_05,x9014,142530.09,6/27/1990,NA,SC,8.25,8.32,1,,xLS002,diam_1mm_g,,0.892772465,xLSGS2,not previously published ,
ds_05,x9014,142530.1,6/27/1990,NA,SC,8.33,8.4,1,,xLS002,diam_1mm_g,,2.545491931,xLSGS2,not previously published ,
ds_05,x9014,142530.11,6/27/1990,NA,SC,8.41,8.48,1,,xLS002,diam_1mm_g,,6.130380144,xLSGS2,not previously published ,
ds_05,x9014,142530.12,6/27/1990,NA,SC,8.48,8.56,1,,xLS002,diam_1mm_g,,2.144934954,xLSGS2,not previously published ,
ds_05,x9014,142530.13,6/27/1990,NA,SC,8.56,8.64,1,,xLS002,diam_1mm_g,,0.7821828,xLSGS2,not previously published ,
ds_05,x9014,142530.14,6/27/1990,NA,SC,8.64,8.72,1,,xLS002,diam_1mm_g,,10.14421254,xLSGS2,not previously published ,
ds_05,x9014,142530.15,6/27/1990,NA,SC,8.73,8.78,1,,xLS002,diam_1mm_g,,13.22908893,xLSGS2,not previously published ,
ds_05,x9014,143035.01,6/27/1990,NA,SC,9.14,9.22,1,,xLS002,diam_1mm_g,,96.18893893,xLSGS2,not previously published ,
ds_05,x9014,143035.02,6/27/1990,NA,SC,9.22,9.3,1,,xLS002,diam_1mm_g,,166.0354608,xLSGS2,not previously published ,
ds_05,x9014,143035.03,6/27/1990,NA,SC,9.3,9.38,1,,xLS002,diam_1mm_g,,103.3308861,xLSGS2,not previously published ,
ds_05,x9014,143035.04,6/27/1990,NA,SC,9.38,9.46,1,,xLS002,diam_1mm_g,,171.0078079,xLSGS2,not previously published ,
ds_05,x9014,143035.05,6/27/1990,NA,SC,9.46,9.54,1,,xLS002,diam_1mm_g,,105.8950876,xLSGS2,not previously published ,
ds_05,x9014,143035.06,6/27/1990,NA,SC,9.54,9.61,1,,xLS002,diam_1mm_g,,105.6766011,xLSGS2,not previously published ,
ds_05,x9014,143035.07,6/27/1990,NA,SC,9.62,9.69,1,,xLS002,diam_1mm_g,,82.25295324,xLSGS2,not previously published ,
ds_05,x9014,143035.08,6/27/1990,NA,SC,9.7,9.77,1,,xLS002,diam_1mm_g,,113.7943101,xLSGS2,not previously published ,
ds_05,x9014,143035.09,6/27/1990,NA,SC,9.77,9.85,1,,xLS002,diam_1mm_g,,62.1999451,xLSGS2,not previously published ,
ds_05,x9014,143035.1,6/27/1990,NA,SC,9.85,9.92,1,,xLS002,diam_1mm_g,,39.94850442,xLSGS2,not previously published ,
ds_05,x9014,143035.11,6/27/1990,NA,SC,9.93,10.01,1,,xLS002,diam_1mm_g,,60.06557578,xLSGS2,not previously published ,
ds_05,x9014,143035.12,6/27/1990,NA,SC,10.02,10.1,1,,xLS002,diam_1mm_g,,36.13995864,xLSGS2,not previously published ,
ds_05,x9014,143035.13,6/27/1990,NA,SC,10.1,10.19,1,,xLS002,diam_1mm_g,,49.30628187,xLSGS2,not previously published ,
ds_05,x9014,143035.14,6/27/1990,NA,SC,10.19,10.27,1,,xLS002,diam_1mm_g,,17.84853125,xLSGS2,not previously published ,
ds_05,x9014,142025.01,6/27/1990,NA,SC,6.1,6.18,1,,xLS002,diam_1mm_g,,1.772832305,xLSGS2,not previously published ,
ds_05,x9014,142025.02,6/27/1990,NA,SC,6.18,6.26,1,,xLS002,diam_1mm_g,,0.040998846,xLSGS2,not previously published ,
ds_05,x9014,142025.03,6/27/1990,NA,SC,6.26,6.34,1,,xLS002,diam_1mm_g,,0.039331351,xLSGS2,not previously published ,
ds_05,x9014,142025.04,6/27/1990,NA,SC,6.34,6.42,1,,xLS002,diam_1mm_g,,0.008935584,xLSGS2,not previously published ,
ds_05,x9014,142025.05,6/27/1990,NA,SC,6.43,6.5,1,,xLS002,diam_1mm_g,,0.028963855,xLSGS2,not previously published ,
ds_05,x9014,142025.06,6/27/1990,NA,SC,6.51,6.59,1,,xLS002,diam_1mm_g,,17.81354148,xLSGS2,not previously published ,
ds_05,x9014,143035.15,6/27/1990,NA,SC,10.27,10.35,1,,xLS002,diam_1mm_g,,0.63021956,xLSGS2,not previously published ,
ds_05,x9014,143035.16,6/27/1990,NA,SC,10.35,10.44,1,,xLS002,diam_1mm_g,,26.91310255,xLSGS2,not previously published ,
ds_05,x9014,143035.17,6/27/1990,NA,SC,10.44,10.52,1,,xLS002,diam_1mm_g,,15.69532194,xLSGS2,not previously published ,
ds_05,x9015,150105.04,6/27/1990,NA,SC,0.56,0.63,1,,xLS002,diam_1mm_g,,7.396278184,xLSGS2,not previously published ,
ds_05,x9015,150105.05,6/27/1990,NA,SC,0.65,0.73,1,,xLS002,diam_1mm_g,,6.392566135,xLSGS2,not previously published ,
ds_05,x9015,150105.06,6/27/1990,NA,SC,0.74,0.82,1,,xLS002,diam_1mm_g,,6.446329645,xLSGS2,not previously published ,
ds_05,x9015,150105.07,6/27/1990,NA,SC,0.82,0.9,1,,xLS002,diam_1mm_g,,6.167884318,xLSGS2,not previously published ,
ds_05,x9015,150105.08,6/27/1990,NA,SC,0.9,0.98,1,,xLS002,diam_1mm_g,,5.420354938,xLSGS2,not previously published ,
ds_05,x9015,150105.09,6/27/1990,NA,SC,0.98,1.06,1,,xLS002,diam_1mm_g,,4.877192874,xLSGS2,not previously published ,
ds_05,x9015,150105.1,6/27/1990,NA,SC,1.06,1.14,1,,xLS002,diam_1mm_g,,6.50946309,xLSGS2,not previously published ,
ds_05,x9015,150105.11,6/27/1990,NA,SC,1.14,1.21,1,,xLS002,diam_1mm_g,,11.08872069,xLSGS2,not previously published ,
ds_05,x9015,150510.01,6/27/1990,NA,SC,1.52,1.6,1,,xLS002,diam_1mm_g,,29.91358895,xLSGS2,not previously published ,
ds_05,x9015,150510.02,6/27/1990,NA,SC,1.61,1.68,1,,xLS002,diam_1mm_g,,71.13163615,xLSGS2,not previously published ,
ds_05,x9015,150510.03,6/27/1990,NA,SC,1.69,1.76,1,,xLS002,diam_1mm_g,,43.01300697,xLSGS2,not previously published ,
ds_05,x9015,150510.04,6/27/1990,NA,SC,1.77,1.85,1,,xLS002,diam_1mm_g,,35.17811024,xLSGS2,not previously published ,
ds_05,x9015,150510.05,6/27/1990,NA,SC,1.85,1.93,1,,xLS002,diam_1mm_g,,31.38140277,xLSGS2,not previously published ,
ds_05,x9015,150510.06,6/27/1990,NA,SC,1.93,2.01,1,,xLS002,diam_1mm_g,,75.26122696,xLSGS2,not previously published ,
ds_05,x9015,150510.07,6/27/1990,NA,SC,2.01,2.09,1,,xLS002,diam_1mm_g,,103.4750542,xLSGS2,not previously published ,
ds_05,x9015,150510.08,6/27/1990,NA,SC,2.1,2.17,1,,xLS002,diam_1mm_g,,105.7589723,xLSGS2,not previously published ,
ds_05,x9015,150510.09,6/27/1990,NA,SC,2.18,2.23,1,,xLS002,diam_1mm_g,,46.3519855,xLSGS2,not previously published ,
ds_05,x9015,150510.1,6/27/1990,NA,SC,2.24,2.32,1,,xLS002,diam_1mm_g,,115.1120056,xLSGS2,not previously published ,
ds_05,x9015,150510.11,6/27/1990,NA,SC,2.33,2.44,1,,xLS002,diam_1mm_g,,104.599861,xLSGS2,not previously published ,
ds_05,x9015,151015.01,6/27/1990,NA,SC,3.05,3.12,1,,xLS002,diam_1mm_g,,4.667907756,xLSGS2,not previously published ,
ds_05,x9015,151015.02,6/27/1990,NA,SC,3.13,3.21,1,,xLS002,diam_1mm_g,,29.26480529,xLSGS2,not previously published ,
ds_05,x9015,151015.03,6/27/1990,NA,SC,3.21,3.28,1,,xLS002,diam_1mm_g,,43.15185774,xLSGS2,not previously published ,
ds_05,x9015,151015.04,6/27/1990,NA,SC,3.29,3.37,1,,xLS002,diam_1mm_g,,41.23576018,xLSGS2,not previously published ,
ds_05,x9015,151015.05,6/27/1990,NA,SC,3.37,3.45,1,,xLS002,diam_1mm_g,,101.2816881,xLSGS2,not previously published ,
ds_05,x9015,151015.06,6/27/1990,NA,SC,3.45,3.53,1,,xLS002,diam_1mm_g,,100.8826221,xLSGS2,not previously published ,
ds_05,x9015,151015.07,6/27/1990,NA,SC,3.54,3.61,1,,xLS002,diam_1mm_g,,45.38869363,xLSGS2,not previously published ,
ds_05,x9015,151015.08,6/27/1990,NA,SC,3.62,3.69,1,,xLS002,diam_1mm_g,,3.455673967,xLSGS2,not previously published ,
ds_05,x9015,151015.09,6/27/1990,NA,SC,3.7,3.77,1,,xLS002,diam_1mm_g,,27.98433445,xLSGS2,not previously published ,
ds_05,x9015,151015.1,6/27/1990,NA,SC,3.78,3.85,1,,xLS002,diam_1mm_g,,58.43650768,xLSGS2,not previously published ,
ds_05,x9015,151015.11,6/27/1990,NA,SC,3.85,3.93,1,,xLS002,diam_1mm_g,,12.49719717,xLSGS2,not previously published ,
ds_05,x9015,151015.12,6/27/1990,NA,SC,3.94,4.01,1,,xLS002,diam_1mm_g,,7.713909762,xLSGS2,not previously published ,
ds_05,x9015,151015.13,6/27/1990,NA,SC,4.03,4.11,1,,xLS002,diam_1mm_g,,27.29289252,xLSGS2,not previously published ,
ds_05,x9015,151015.14,6/27/1990,NA,SC,4.11,4.15,1,,xLS002,diam_1mm_g,,33.23663081,xLSGS2,not previously published ,
ds_05,x9015,151520.01,6/27/1990,NA,SC,4.57,4.65,1,,xLS002,diam_1mm_g,,2.421211305,xLSGS2,not previously published ,
ds_05,x9015,150105.01,6/27/1990,NA,SC,0.3,0.38,1,,xLS002,diam_1mm_g,,18.61882624,xLSGS2,not previously published ,
ds_05,x9015,150105.02,6/27/1990,NA,SC,0.38,0.47,1,,xLS002,diam_1mm_g,,8.605661515,xLSGS2,not previously published ,
ds_05,x9015,150105.03,6/27/1990,NA,SC,0.47,0.55,1,,xLS002,diam_1mm_g,,6.816322078,xLSGS2,not previously published ,
ds_05,x9015,151520.13,6/27/1990,NA,SC,5.53,5.6,1,,xLS002,diam_1mm_g,,1.295632276,xLSGS2,not previously published ,
ds_05,x9015,151520.14,6/27/1990,NA,SC,5.61,5.68,1,,xLS002,diam_1mm_g,,0.461528222,xLSGS2,not previously published ,
ds_05,x9015,151520.15,6/27/1990,NA,SC,5.68,5.76,1,,xLS002,diam_1mm_g,,1.730539044,xLSGS2,not previously published ,
ds_05,x9015,151520.16,6/27/1990,NA,SC,5.76,5.86,1,,xLS002,diam_1mm_g,,0.702643824,xLSGS2,not previously published ,
ds_05,x9015,152025.01,6/27/1990,NA,SC,6.1,6.17,1,,xLS002,diam_1mm_g,,21.47411818,xLSGS2,not previously published ,
ds_05,x9015,152025.02,6/27/1990,NA,SC,6.18,6.25,1,,xLS002,diam_1mm_g,,1.990484384,xLSGS2,not previously published ,
ds_05,x9015,152025.03,6/27/1990,NA,SC,6.26,6.33,1,,xLS002,diam_1mm_g,,10.24679495,xLSGS2,not previously published ,
ds_05,x9015,152025.04,6/27/1990,NA,SC,6.34,6.42,1,,xLS002,diam_1mm_g,,2.817798999,xLSGS2,not previously published ,
ds_05,x9015,152025.05,6/27/1990,NA,SC,6.42,6.49,1,,xLS002,diam_1mm_g,,6.337048366,xLSGS2,not previously published ,
ds_05,x9015,152025.06,6/27/1990,NA,SC,6.51,6.59,1,,xLS002,diam_1mm_g,,8.398336814,xLSGS2,not previously published ,
ds_05,x9015,152025.07,6/27/1990,NA,SC,6.59,6.67,1,,xLS002,diam_1mm_g,,19.60202945,xLSGS2,not previously published ,
ds_05,x9015,152025.08,6/27/1990,NA,SC,6.67,6.75,1,,xLS002,diam_1mm_g,,17.40385356,xLSGS2,not previously published ,
ds_05,x9015,152025.09,6/27/1990,NA,SC,6.75,6.83,1,,xLS002,diam_1mm_g,,2.758616921,xLSGS2,not previously published ,
ds_05,x9015,152025.1,6/27/1990,NA,SC,6.83,6.91,1,,xLS002,diam_1mm_g,,1.500741797,xLSGS2,not previously published ,
ds_05,x9015,152025.11,6/27/1990,NA,SC,6.91,6.99,1,,xLS002,diam_1mm_g,,0.08032952,xLSGS2,not previously published ,
ds_05,x9015,152025.12,6/27/1990,NA,SC,7,7.07,1,,xLS002,diam_1mm_g,,0.040125282,xLSGS2,not previously published ,
ds_05,x9015,152025.13,6/27/1990,NA,SC,7.09,7.17,1,,xLS002,diam_1mm_g,,0.021093149,xLSGS2,not previously published ,
ds_05,x9015,152530.01,6/27/1990,NA,SC,7.62,7.7,1,,xLS002,diam_1mm_g,,24.18985321,xLSGS2,not previously published ,
ds_05,x9015,152530.02,6/27/1990,NA,SC,7.7,7.78,1,,xLS002,diam_1mm_g,,23.99776515,xLSGS2,not previously published ,
ds_05,x9015,152530.03,6/27/1990,NA,SC,7.78,7.85,1,,xLS002,diam_1mm_g,,2.533535004,xLSGS2,not previously published ,
ds_05,x9015,152530.04,6/27/1990,NA,SC,7.86,7.93,1,,xLS002,diam_1mm_g,,0.030196608,xLSGS2,not previously published ,
ds_05,x9015,152530.05,6/27/1990,NA,SC,7.94,8.01,1,,xLS002,diam_1mm_g,,0.079557888,xLSGS2,not previously published ,
ds_05,x9015,152530.06,6/27/1990,NA,SC,8.01,8.09,1,,xLS002,diam_1mm_g,,0.099714471,xLSGS2,not previously published ,
ds_05,x9015,152530.07,6/27/1990,NA,SC,8.09,8.17,1,,xLS002,diam_1mm_g,,0.009058343,xLSGS2,not previously published ,
ds_05,x9015,151520.02,6/27/1990,NA,SC,4.66,4.73,1,,xLS002,diam_1mm_g,,0.169667639,xLSGS2,not previously published ,
ds_05,x9015,151520.03,6/27/1990,NA,SC,4.73,4.81,1,,xLS002,diam_1mm_g,,0.171339416,xLSGS2,not previously published ,
ds_05,x9015,151520.04,6/27/1990,NA,SC,4.81,4.89,1,,xLS002,diam_1mm_g,,0.050078683,xLSGS2,not previously published ,
ds_05,x9015,151520.05,6/27/1990,NA,SC,4.89,4.97,1,,xLS002,diam_1mm_g,,0.911832039,xLSGS2,not previously published ,
ds_05,x9015,151520.06,6/27/1990,NA,SC,4.97,5.05,1,,xLS002,diam_1mm_g,,1.63090193,xLSGS2,not previously published ,
ds_05,x9015,151520.07,6/27/1990,NA,SC,5.05,5.12,1,,xLS002,diam_1mm_g,,0.762197949,xLSGS2,not previously published ,
ds_05,x9015,151520.08,6/27/1990,NA,SC,5.13,5.2,1,,xLS002,diam_1mm_g,,0.903023271,xLSGS2,not previously published ,
ds_05,x9015,151520.09,6/27/1990,NA,SC,5.21,5.28,1,,xLS002,diam_1mm_g,,0.530747405,xLSGS2,not previously published ,
ds_05,x9015,151520.1,6/27/1990,NA,SC,5.28,5.36,1,,xLS002,diam_1mm_g,,0.581781228,xLSGS2,not previously published ,
ds_05,x9015,151520.11,6/27/1990,NA,SC,5.36,5.44,1,,xLS002,diam_1mm_g,,0.451391627,xLSGS2,not previously published ,
ds_05,x9015,151520.12,6/27/1990,NA,SC,5.44,5.52,1,,xLS002,diam_1mm_g,,0.980973131,xLSGS2,not previously published ,
ds_05,x9016,160510.01,6/28/1990,NA,SC,1.52,1.6,1,,xLS002,diam_1mm_g,,45.8311716,xLSGS2,not previously published ,
ds_05,x9016,160510.02,6/28/1990,NA,SC,1.6,1.68,1,,xLS002,diam_1mm_g,,57.87804186,xLSGS2,not previously published ,
ds_05,x9016,160510.03,6/28/1990,NA,SC,1.69,1.76,1,,xLS002,diam_1mm_g,,54.89417162,xLSGS2,not previously published ,
ds_05,x9016,160510.04,6/28/1990,NA,SC,1.77,1.84,1,,xLS002,diam_1mm_g,,52.74951075,xLSGS2,not previously published ,
ds_05,x9016,160510.05,6/28/1990,NA,SC,1.85,1.92,1,,xLS002,diam_1mm_g,,51.96466071,xLSGS2,not previously published ,
ds_05,x9016,160510.12,6/28/1990,NA,SC,2.4,2.47,1,,xLS002,diam_1mm_g,,60.65854357,xLSGS2,not previously published ,
ds_05,x9016,160510.13,6/28/1990,NA,SC,2.48,2.58,1,,xLS002,diam_1mm_g,,81.08042686,xLSGS2,not previously published ,
ds_05,x9016,161013.01,6/28/1990,NA,SC,3.05,3.12,1,,xLS002,diam_1mm_g,,56.08331568,xLSGS2,not previously published ,
ds_05,x9016,161013.02,6/28/1990,NA,SC,3.13,3.2,1,,xLS002,diam_1mm_g,,60.82868953,xLSGS2,not previously published ,
ds_05,x9016,161013.03,6/28/1990,NA,SC,3.21,3.28,1,,xLS002,diam_1mm_g,,57.11481878,xLSGS2,not previously published ,
ds_05,x9016,161013.04,6/28/1990,NA,SC,3.29,3.36,1,,xLS002,diam_1mm_g,,34.49779912,xLSGS2,not previously published ,
ds_05,x9016,161013.05,6/28/1990,NA,SC,3.36,3.43,1,,xLS002,diam_1mm_g,,52.3215353,xLSGS2,not previously published ,
ds_05,x9016,161013.06,6/28/1990,NA,SC,3.45,3.53,1,,xLS002,diam_1mm_g,,54.02766111,xLSGS2,not previously published ,
ds_05,x9016,161013.07,6/28/1990,NA,SC,3.53,3.56,1,,xLS002,diam_1mm_g,,22.257396,xLSGS2,not previously published ,
ds_05,x9016,161013.08,6/28/1990,NA,SC,3.56,3.64,1,,xLS002,diam_1mm_g,,65.48671776,xLSGS2,not previously published ,
ds_05,x9016,161013.09,6/28/1990,NA,SC,3.64,3.72,1,,xLS002,diam_1mm_g,,0.199836094,xLSGS2,not previously published ,
ds_05,x9016,161013.1,6/28/1990,NA,SC,3.72,3.81,1,,xLS002,diam_1mm_g,,1.238822711,xLSGS2,not previously published ,
ds_05,x9016,161418.01,6/28/1990,NA,SC,4.27,4.35,1,,xLS002,diam_1mm_g,,0.370477144,xLSGS2,not previously published ,
ds_05,x9016,161418.02,6/28/1990,NA,SC,4.35,4.42,1,,xLS002,diam_1mm_g,,0.838737445,xLSGS2,not previously published ,
ds_05,x9016,161418.03,6/28/1990,NA,SC,4.43,4.51,1,,xLS002,diam_1mm_g,,0.076621518,xLSGS2,not previously published ,
ds_05,x9016,161418.04,6/28/1990,NA,SC,4.51,4.59,1,,xLS002,diam_1mm_g,,0.02127974,xLSGS2,not previously published ,
ds_05,x9016,161418.05,6/28/1990,NA,SC,4.59,4.67,1,,xLS002,diam_1mm_g,,0.0382963,xLSGS2,not previously published ,
ds_05,x9016,161418.06,6/28/1990,NA,SC,4.67,4.75,1,,xLS002,diam_1mm_g,,0.268023576,xLSGS2,not previously published ,
ds_05,x9016,161418.07,6/28/1990,NA,SC,4.75,4.82,1,,xLS002,diam_1mm_g,,1.395166854,xLSGS2,not previously published ,
ds_05,x9016,161418.08,6/28/1990,NA,SC,4.83,4.9,1,,xLS002,diam_1mm_g,,0.187122825,xLSGS2,not previously published ,
ds_05,x9016,161418.09,6/28/1990,NA,SC,4.9,4.98,1,,xLS002,diam_1mm_g,,0.059528287,xLSGS2,not previously published ,
ds_05,x9016,161418.1,6/28/1990,NA,SC,4.98,5.06,1,,xLS002,diam_1mm_g,,0.038261061,xLSGS2,not previously published ,
ds_05,x9016,161418.11,6/28/1990,NA,SC,5.06,5.14,1,,xLS002,diam_1mm_g,,13.1635832,xLSGS2,not previously published ,
ds_05,x9016,161418.12,6/28/1990,NA,SC,5.14,5.22,1,,xLS002,diam_1mm_g,,0.416464865,xLSGS2,not previously published ,
ds_05,x9016,161418.13,6/28/1990,NA,SC,5.22,5.3,1,,xLS002,diam_1mm_g,,3.101659756,xLSGS2,not previously published ,
ds_05,x9016,161418.14,6/28/1990,NA,SC,5.3,5.37,1,,xLS002,diam_1mm_g,,26.52064158,xLSGS2,not previously published ,
ds_05,x9016,161924.01,6/28/1990,NA,SC,5.79,5.9,1,,xLS002,diam_1mm_g,,1.675977217,xLSGS2,not previously published ,
ds_05,x9016,161924.02,6/28/1990,NA,SC,5.9,5.96,1,,xLS002,diam_1mm_g,,5.014197419,xLSGS2,not previously published ,
ds_05,x9016,161924.03,6/28/1990,NA,SC,5.96,6.04,1,,xLS002,diam_1mm_g,,6.862593769,xLSGS2,not previously published ,
ds_05,x9016,161924.04,6/28/1990,NA,SC,6.06,6.14,1,,xLS002,diam_1mm_g,,0.152656067,xLSGS2,not previously published ,
ds_05,x9016,161924.05,6/28/1990,NA,SC,6.14,6.22,1,,xLS002,diam_1mm_g,,2.755766192,xLSGS2,not previously published ,
ds_05,x9016,161924.06,6/28/1990,NA,SC,6.22,6.3,1,,xLS002,diam_1mm_g,,3.149445337,xLSGS2,not previously published ,
ds_05,x9016,161924.07,6/28/1990,NA,SC,6.3,6.38,1,,xLS002,diam_1mm_g,,2.767423335,xLSGS2,not previously published ,
ds_05,x9016,161924.08,6/28/1990,NA,SC,6.38,6.46,1,,xLS002,diam_1mm_g,,4.127049159,xLSGS2,not previously published ,
ds_05,x9016,160510.06,6/28/1990,NA,SC,1.92,2,1,,xLS002,diam_1mm_g,,61.93889999,xLSGS2,not previously published ,
ds_05,x9016,160510.07,6/28/1990,NA,SC,2,2.08,1,,xLS002,diam_1mm_g,,45.50511717,xLSGS2,not previously published ,
ds_05,x9016,160510.08,6/28/1990,NA,SC,2.08,2.15,1,,xLS002,diam_1mm_g,,54.27678261,xLSGS2,not previously published ,
ds_05,x9016,160510.09,6/28/1990,NA,SC,2.16,2.23,1,,xLS002,diam_1mm_g,,55.36889292,xLSGS2,not previously published ,
ds_05,x9016,160510.1,6/28/1990,NA,SC,2.24,2.31,1,,xLS002,diam_1mm_g,,65.41235944,xLSGS2,not previously published ,
ds_05,x9016,160510.11,6/28/1990,NA,SC,2.32,2.39,1,,xLS002,diam_1mm_g,,66.21572825,xLSGS2,not previously published ,
ds_05,x9016,161924.09,6/28/1990,NA,SC,6.48,6.56,1,,xLS002,diam_1mm_g,,12.1368485,xLSGS2,not previously published ,
ds_05,x9016,161924.1,6/28/1990,NA,SC,6.56,6.62,1,,xLS002,diam_1mm_g,,0.635330594,xLSGS2,not previously published ,
ds_05,x9016,161924.11,6/28/1990,NA,SC,6.62,6.65,1,,xLS002,diam_1mm_g,,0.177872805,xLSGS2,not previously published ,
ds_05,x9016,161924.12,6/28/1990,NA,SC,6.65,6.73,1,,xLS002,diam_1mm_g,,0.059282815,xLSGS2,not previously published ,
ds_05,x9016,161924.13,6/28/1990,NA,SC,6.75,6.83,1,,xLS002,diam_1mm_g,,0.016934085,xLSGS2,not previously published ,
ds_05,x9016,161924.14,6/28/1990,NA,SC,6.83,6.91,1,,xLS002,diam_1mm_g,,0.11005013,xLSGS2,not previously published ,
ds_05,x9016,161924.15,6/28/1990,NA,SC,6.91,6.99,1,,xLS002,diam_1mm_g,,0.055014619,xLSGS2,not previously published ,
ds_05,x9016,161924.16,6/28/1990,NA,SC,6.99,7.07,1,,xLS002,diam_1mm_g,,1.121242241,xLSGS2,not previously published ,
ds_05,x9016,161924.17,6/28/1990,NA,SC,7.07,7.15,1,,xLS002,diam_1mm_g,,0.093066937,xLSGS2,not previously published ,
ds_05,x9016,161924.18,6/28/1990,NA,SC,7.15,7.24,1,,xLS002,diam_1mm_g,,0.109966475,xLSGS2,not previously published ,
ds_05,x9017,171419.13,6/29/1990,NA,SC,5.27,5.34,1,,xLS002,diam_1mm_g,,27.04634417,xLSGS2,not previously published ,
ds_05,x9017,171419.14,6/29/1990,NA,SC,5.35,5.42,1,,xLS002,diam_1mm_g,,6.477769295,xLSGS2,not previously published ,
ds_05,x9017,171419.15,6/29/1990,NA,SC,5.43,5.49,1,,xLS002,diam_1mm_g,,32.12791409,xLSGS2,not previously published ,
ds_05,x9017,171419.16,6/29/1990,NA,SC,5.49,5.55,1,,xLS002,diam_1mm_g,,12.8999869,xLSGS2,not previously published ,
ds_05,x9017,170914.01,6/29/1990,NA,SC,2.74,2.82,1,,xLS002,diam_1mm_g,,0.070649878,xLSGS2,not previously published ,
ds_05,x9017,170914.02,6/29/1990,NA,SC,2.82,2.9,1,,xLS002,diam_1mm_g,,0.230676739,xLSGS2,not previously published ,
ds_05,x9017,170914.03,6/29/1990,NA,SC,2.91,2.98,1,,xLS002,diam_1mm_g,,1.300201586,xLSGS2,not previously published ,
ds_05,x9017,170914.04,6/29/1990,NA,SC,2.99,3.06,1,,xLS002,diam_1mm_g,,4.53491649,xLSGS2,not previously published ,
ds_05,x9017,170914.05,6/29/1990,NA,SC,3.06,3.14,1,,xLS002,diam_1mm_g,,0.180701298,xLSGS2,not previously published ,
ds_05,x9017,170914.06,6/29/1990,NA,SC,3.14,3.21,1,,xLS002,diam_1mm_g,,0.010787139,xLSGS2,not previously published ,
ds_05,x9017,170914.07,6/29/1990,NA,SC,3.22,3.29,1,,xLS002,diam_1mm_g,,0.019158117,xLSGS2,not previously published ,
ds_05,x9017,170914.08,6/29/1990,NA,SC,3.3,3.37,1,,xLS002,diam_1mm_g,,0.009041969,xLSGS2,not previously published ,
ds_05,x9017,170914.09,6/29/1990,NA,SC,3.37,3.45,1,,xLS002,diam_1mm_g,,0.010618619,xLSGS2,not previously published ,
ds_05,x9017,170914.1,6/29/1990,NA,SC,3.45,3.53,1,,xLS002,diam_1mm_g,,0.014532289,xLSGS2,not previously published ,
ds_05,x9017,170914.11,6/29/1990,NA,SC,3.53,3.6,1,,xLS002,diam_1mm_g,,1.844663932,xLSGS2,not previously published ,
ds_05,x9017,170914.12,6/29/1990,NA,SC,3.61,3.69,1,,xLS002,diam_1mm_g,,0.631106268,xLSGS2,not previously published ,
ds_05,x9017,170914.13,6/29/1990,NA,SC,3.69,3.76,1,,xLS002,diam_1mm_g,,0.220684981,xLSGS2,not previously published ,
ds_05,x9017,170914.14,6/29/1990,NA,SC,3.77,3.84,1,,xLS002,diam_1mm_g,,1.012431506,xLSGS2,not previously published ,
ds_05,x9017,171419.01,6/29/1990,NA,SC,4.27,4.34,1,,xLS002,diam_1mm_g,,6.360636136,xLSGS2,not previously published ,
ds_05,x9017,171419.02,6/29/1990,NA,SC,4.35,4.42,1,,xLS002,diam_1mm_g,,12.22877709,xLSGS2,not previously published ,
ds_05,x9017,171419.03,6/29/1990,NA,SC,4.43,4.51,1,,xLS002,diam_1mm_g,,4.255086704,xLSGS2,not previously published ,
ds_05,x9017,171419.04,6/29/1990,NA,SC,4.51,4.59,1,,xLS002,diam_1mm_g,,0.269541778,xLSGS2,not previously published ,
ds_05,x9017,171419.05,6/29/1990,NA,SC,4.59,4.67,1,,xLS002,diam_1mm_g,,0.933072262,xLSGS2,not previously published ,
ds_05,x9017,171419.06,6/29/1990,NA,SC,4.67,4.75,1,,xLS002,diam_1mm_g,,6.862686991,xLSGS2,not previously published ,
ds_05,x9017,171419.07,6/29/1990,NA,SC,4.76,4.83,1,,xLS002,diam_1mm_g,,0.986366192,xLSGS2,not previously published ,
ds_05,x9017,171419.08,6/29/1990,NA,SC,4.84,4.92,1,,xLS002,diam_1mm_g,,7.492333033,xLSGS2,not previously published ,
ds_05,x9017,171419.09,6/29/1990,NA,SC,4.92,5,1,,xLS002,diam_1mm_g,,2.701050496,xLSGS2,not previously published ,
ds_05,x9017,171419.1,6/29/1990,NA,SC,5.01,5.09,1,,xLS002,diam_1mm_g,,10.79748162,xLSGS2,not previously published ,
ds_05,x9017,171419.11,6/29/1990,NA,SC,5.09,5.18,1,,xLS002,diam_1mm_g,,11.5756144,xLSGS2,not previously published ,
ds_05,x9017,171419.12,6/29/1990,NA,SC,5.18,5.26,1,,xLS002,diam_1mm_g,,12.85543033,xLSGS2,not previously published ,
ds_05,x9017,171924.01,6/29/1990,NA,SC,5.79,5.87,1,,xLS002,diam_1mm_g,,0.251672373,xLSGS2,not previously published ,
ds_05,x9017,171924.02,6/29/1990,NA,SC,5.87,5.95,1,,xLS002,diam_1mm_g,,0.53206321,xLSGS2,not previously published ,
ds_05,x9017,171924.03,6/29/1990,NA,SC,5.95,6.03,1,,xLS002,diam_1mm_g,,0.059426538,xLSGS2,not previously published ,
ds_05,x9017,171924.04,6/29/1990,NA,SC,6.03,6.11,1,,xLS002,diam_1mm_g,,0.019062905,xLSGS2,not previously published ,
ds_05,x9017,171924.05,6/29/1990,NA,SC,6.11,6.19,1,,xLS002,diam_1mm_g,,0.021086351,xLSGS2,not previously published ,
ds_05,x9017,171924.06,6/29/1990,NA,SC,6.19,6.27,1,,xLS002,diam_1mm_g,,0.021202298,xLSGS2,not previously published ,
ds_05,x9017,171924.07,6/29/1990,NA,SC,6.27,6.35,1,,xLS002,diam_1mm_g,,0.020367548,xLSGS2,not previously published ,
ds_05,x9017,171924.08,6/29/1990,NA,SC,6.36,6.43,1,,xLS002,diam_1mm_g,,0.020532299,xLSGS2,not previously published ,
ds_05,x9017,171924.09,6/29/1990,NA,SC,6.44,6.52,1,,xLS002,diam_1mm_g,,1.99209713,xLSGS2,not previously published ,
ds_05,x9017,171924.1,6/29/1990,NA,SC,6.52,6.59,1,,xLS002,diam_1mm_g,,0.020661011,xLSGS2,not previously published ,
ds_05,x9017,171924.11,6/29/1990,NA,SC,6.6,6.67,1,,xLS002,diam_1mm_g,,0.009029527,xLSGS2,not previously published ,
ds_05,x9017,171924.12,6/29/1990,NA,SC,6.68,6.76,1,,xLS002,diam_1mm_g,,0.199809875,xLSGS2,not previously published ,
ds_05,x9017,171924.13,6/29/1990,NA,SC,6.76,6.84,1,,xLS002,diam_1mm_g,,0.209526614,xLSGS2,not previously published ,
ds_05,x9017,171924.14,6/29/1990,NA,SC,6.84,6.9,1,,xLS002,diam_1mm_g,,0.026295933,xLSGS2,not previously published ,
ds_05,x9018,181419.03,6/29/1990,NA,SC,4.43,4.51,1,,xLS002,diam_1mm_g,,1.111398731,xLSGS2,not previously published ,
ds_05,x9018,181419.04,6/29/1990,NA,SC,4.51,4.58,1,,xLS002,diam_1mm_g,,0.63113477,xLSGS2,not previously published ,
ds_05,x9018,181419.05,6/29/1990,NA,SC,4.59,4.66,1,,xLS002,diam_1mm_g,,0.341167541,xLSGS2,not previously published ,
ds_05,x9018,181419.06,6/29/1990,NA,SC,4.67,4.74,1,,xLS002,diam_1mm_g,,2.79421864,xLSGS2,not previously published ,
ds_05,x9018,181419.07,6/29/1990,NA,SC,4.75,4.82,1,,xLS002,diam_1mm_g,,0.199966064,xLSGS2,not previously published ,
ds_05,x9018,181419.08,6/29/1990,NA,SC,4.82,4.9,1,,xLS002,diam_1mm_g,,0.159292517,xLSGS2,not previously published ,
ds_05,x9018,181419.09,6/29/1990,NA,SC,4.9,4.97,1,,xLS002,diam_1mm_g,,1.091263375,xLSGS2,not previously published ,
ds_05,x9018,181419.1,6/29/1990,NA,SC,4.98,5.06,1,,xLS002,diam_1mm_g,,1.143619643,xLSGS2,not previously published ,
ds_05,x9018,180914.01,6/29/1990,NA,SC,2.74,2.82,1,,xLS002,diam_1mm_g,,167.8163743,xLSGS2,not previously published ,
ds_05,x9018,180914.02,6/29/1990,NA,SC,2.83,2.9,1,,xLS002,diam_1mm_g,,158.2775603,xLSGS2,not previously published ,
ds_05,x9018,180914.03,6/29/1990,NA,SC,2.9,2.98,1,,xLS002,diam_1mm_g,,62.72158864,xLSGS2,not previously published ,
ds_05,x9018,180914.04,6/29/1990,NA,SC,2.98,3.06,1,,xLS002,diam_1mm_g,,11.48406296,xLSGS2,not previously published ,
ds_05,x9018,180914.05,6/29/1990,NA,SC,3.06,3.13,1,,xLS002,diam_1mm_g,,0.210927677,xLSGS2,not previously published ,
ds_05,x9018,180914.06,6/29/1990,NA,SC,3.14,3.21,1,,xLS002,diam_1mm_g,,0.281145918,xLSGS2,not previously published ,
ds_05,x9018,180914.07,6/29/1990,NA,SC,3.21,3.29,1,,xLS002,diam_1mm_g,,1.95957714,xLSGS2,not previously published ,
ds_05,x9018,180914.08,6/29/1990,NA,SC,3.29,3.37,1,,xLS002,diam_1mm_g,,2.924329967,xLSGS2,not previously published ,
ds_05,x9018,180914.09,6/29/1990,NA,SC,3.37,3.45,1,,xLS002,diam_1mm_g,,1.121795421,xLSGS2,not previously published ,
ds_05,x9018,180914.1,6/29/1990,NA,SC,3.45,3.53,1,,xLS002,diam_1mm_g,,0.85171016,xLSGS2,not previously published ,
ds_05,x9018,180914.11,6/29/1990,NA,SC,3.53,3.61,1,,xLS002,diam_1mm_g,,0.550246082,xLSGS2,not previously published ,
ds_05,x9018,180914.12,6/29/1990,NA,SC,3.61,3.69,1,,xLS002,diam_1mm_g,,1.804054579,xLSGS2,not previously published ,
ds_05,x9018,180914.13,6/29/1990,NA,SC,3.69,3.77,1,,xLS002,diam_1mm_g,,0.971773658,xLSGS2,not previously published ,
ds_05,x9018,180914.14,6/29/1990,NA,SC,3.77,3.85,1,,xLS002,diam_1mm_g,,0.239204961,xLSGS2,not previously published ,
ds_05,x9018,180914.15,6/29/1990,NA,SC,3.85,3.93,1,,xLS002,diam_1mm_g,,7.488329768,xLSGS2,not previously published ,
ds_05,x9018,180914.16,6/29/1990,NA,SC,3.93,4.01,1,,xLS002,diam_1mm_g,,0.359660358,xLSGS2,not previously published ,
ds_05,x9018,181419.01,6/29/1990,NA,SC,4.27,4.34,1,,xLS002,diam_1mm_g,,5.2806893,xLSGS2,not previously published ,
ds_05,x9018,181419.02,6/29/1990,NA,SC,4.35,4.42,1,,xLS002,diam_1mm_g,,3.5159295,xLSGS2,not previously published ,
ds_05,x9018,181924.02,6/29/1990,NA,SC,5.87,5.95,1,,xLS002,diam_1mm_g,,2.114149245,xLSGS2,not previously published ,
ds_05,x9018,181924.03,6/29/1990,NA,SC,5.95,6.03,1,,xLS002,diam_1mm_g,,8.683269725,xLSGS2,not previously published ,
ds_05,x9018,181924.05,6/29/1990,NA,SC,6.12,6.2,1,,xLS002,diam_1mm_g,,11.67535336,xLSGS2,not previously published ,
ds_05,x9018,181419.14,6/29/1990,NA,SC,5.31,5.4,1,,xLS002,diam_1mm_g,,8.564170965,xLSGS2,not previously published ,
ds_05,x9018,181924.06,6/29/1990,NA,SC,6.2,6.26,1,,xLS002,diam_1mm_g,,11.35486498,xLSGS2,not previously published ,
ds_05,x9018,181924.07,6/29/1990,NA,SC,6.26,6.34,1,,xLS002,diam_1mm_g,,0.019891927,xLSGS2,not previously published ,
ds_05,x9018,181924.08,6/29/1990,NA,SC,6.35,6.4,1,,xLS002,diam_1mm_g,,0.029389978,xLSGS2,not previously published ,
ds_05,x9018,181924.04,6/29/1990,NA,SC,6.03,6.11,1,,xLS002,diam_1mm_g,,18.95865841,xLSGS2,not previously published ,
ds_05,x9018,181419.11,6/29/1990,NA,SC,5.06,5.14,1,,xLS002,diam_1mm_g,,3.907354985,xLSGS2,not previously published ,
ds_05,x9018,181419.12,6/29/1990,NA,SC,5.14,5.22,1,,xLS002,diam_1mm_g,,2.17578978,xLSGS2,not previously published ,
ds_05,x9018,181419.13,6/29/1990,NA,SC,5.23,5.3,1,,xLS002,diam_1mm_g,,0.750504636,xLSGS2,not previously published ,
ds_05,x9018,181924.01,6/29/1990,NA,SC,5.79,5.87,1,,xLS002,diam_1mm_g,,1.683211078,xLSGS2,not previously published ,
ds_05,x9013,132530.03,6/27/1990,NA,SC,7.77,7.85,0.71,1,xLS003,diam_0.71_1mm_g,,0.131432636,xLSGS2,not previously published ,
ds_05,x9013,132530.04,6/27/1990,NA,SC,7.85,7.93,0.71,1,xLS003,diam_0.71_1mm_g,,0.038848558,xLSGS2,not previously published ,
ds_05,x9013,132530.01,6/27/1990,NA,SC,7.62,7.69,0.71,1,xLS003,diam_0.71_1mm_g,,7.591424353,xLSGS2,not previously published ,
ds_05,x9013,132530.02,6/27/1990,NA,SC,7.69,7.77,0.71,1,xLS003,diam_0.71_1mm_g,,0.021413062,xLSGS2,not previously published ,
ds_05,x9013,133035.03,6/27/1990,NA,SC,9.31,9.38,0.71,1,xLS003,diam_0.71_1mm_g,,25.35986428,xLSGS2,not previously published ,
ds_05,x9013,133035.04,6/27/1990,NA,SC,9.39,9.46,0.71,1,xLS003,diam_0.71_1mm_g,,9.843295467,xLSGS2,not previously published ,
ds_05,x9013,132530.05,6/27/1990,NA,SC,7.94,8.01,0.71,1,xLS003,diam_0.71_1mm_g,,2.089981566,xLSGS2,not previously published ,
ds_05,x9013,132530.06,6/27/1990,NA,SC,8.02,8.09,0.71,1,xLS003,diam_0.71_1mm_g,,0.109488006,xLSGS2,not previously published ,
ds_05,x9013,132530.07,6/27/1990,NA,SC,8.1,8.17,0.71,1,xLS003,diam_0.71_1mm_g,,1.385555095,xLSGS2,not previously published ,
ds_05,x9013,132530.08,6/27/1990,NA,SC,8.18,8.25,0.71,1,xLS003,diam_0.71_1mm_g,,12.77032134,xLSGS2,not previously published ,
ds_05,x9013,132530.09,6/27/1990,NA,SC,8.26,8.33,0.71,1,xLS003,diam_0.71_1mm_g,,10.70179165,xLSGS2,not previously published ,
ds_05,x9013,132530.1,6/27/1990,NA,SC,8.34,8.42,0.71,1,xLS003,diam_0.71_1mm_g,,14.38368424,xLSGS2,not previously published ,
ds_05,x9013,132530.11,6/27/1990,NA,SC,8.42,8.5,0.71,1,xLS003,diam_0.71_1mm_g,,2.726205821,xLSGS2,not previously published ,
ds_05,x9013,132530.12,6/27/1990,NA,SC,8.5,8.54,0.71,1,xLS003,diam_0.71_1mm_g,,5.99961553,xLSGS2,not previously published ,
ds_05,x9013,132530.14,6/27/1990,NA,SC,8.58,8.66,0.71,1,xLS003,diam_0.71_1mm_g,,0.833312285,xLSGS2,not previously published ,
ds_05,x9013,133035.01,6/27/1990,NA,SC,9.14,9.22,0.71,1,xLS003,diam_0.71_1mm_g,,5.878810492,xLSGS2,not previously published ,
ds_05,x9013,133035.02,6/27/1990,NA,SC,9.22,9.3,0.71,1,xLS003,diam_0.71_1mm_g,,5.454405234,xLSGS2,not previously published ,
ds_05,x9014,142025.07,6/27/1990,NA,SC,6.59,6.67,0.71,1,xLS003,diam_0.71_1mm_g,,37.19880706,xLSGS2,not previously published ,
ds_05,x9014,142025.08,6/27/1990,NA,SC,6.67,6.76,0.71,1,xLS003,diam_0.71_1mm_g,,4.485657451,xLSGS2,not previously published ,
ds_05,x9014,142025.09,6/27/1990,NA,SC,6.76,6.84,0.71,1,xLS003,diam_0.71_1mm_g,,0.050043921,xLSGS2,not previously published ,
ds_05,x9014,142025.1,6/27/1990,NA,SC,6.84,6.92,0.71,1,xLS003,diam_0.71_1mm_g,,0.149858715,xLSGS2,not previously published ,
ds_05,x9014,142025.11,6/27/1990,NA,SC,6.93,6.98,0.71,1,xLS003,diam_0.71_1mm_g,,0.060484907,xLSGS2,not previously published ,
ds_05,x9014,142530.01,6/27/1990,NA,SC,7.62,7.69,0.71,1,xLS003,diam_0.71_1mm_g,,2.415842826,xLSGS2,not previously published ,
ds_05,x9014,142530.02,6/27/1990,NA,SC,7.7,7.78,0.71,1,xLS003,diam_0.71_1mm_g,,1.290167588,xLSGS2,not previously published ,
ds_05,x9014,142530.03,6/27/1990,NA,SC,7.78,7.85,0.71,1,xLS003,diam_0.71_1mm_g,,2.823179523,xLSGS2,not previously published ,
ds_05,x9014,142530.04,6/27/1990,NA,SC,7.86,7.93,0.71,1,xLS003,diam_0.71_1mm_g,,4.922321613,xLSGS2,not previously published ,
ds_05,x9014,142530.05,6/27/1990,NA,SC,7.94,8.01,0.71,1,xLS003,diam_0.71_1mm_g,,2.911413123,xLSGS2,not previously published ,
ds_05,x9014,142530.06,6/27/1990,NA,SC,8.02,8.07,0.71,1,xLS003,diam_0.71_1mm_g,,0.450827431,xLSGS2,not previously published ,
ds_05,x9014,142530.07,6/27/1990,NA,SC,8.09,8.16,0.71,1,xLS003,diam_0.71_1mm_g,,0.643425074,xLSGS2,not previously published ,
ds_05,x9014,142530.08,6/27/1990,NA,SC,8.17,8.24,0.71,1,xLS003,diam_0.71_1mm_g,,0.129435901,xLSGS2,not previously published ,
ds_05,x9014,142530.09,6/27/1990,NA,SC,8.25,8.32,0.71,1,xLS003,diam_0.71_1mm_g,,0.460714679,xLSGS2,not previously published ,
ds_05,x9014,142530.1,6/27/1990,NA,SC,8.33,8.4,0.71,1,xLS003,diam_0.71_1mm_g,,1.242182598,xLSGS2,not previously published ,
ds_05,x9014,142530.11,6/27/1990,NA,SC,8.41,8.48,0.71,1,xLS003,diam_0.71_1mm_g,,3.802198943,xLSGS2,not previously published ,
ds_05,x9014,142530.12,6/27/1990,NA,SC,8.48,8.56,0.71,1,xLS003,diam_0.71_1mm_g,,0.109610904,xLSGS2,not previously published ,
ds_05,x9014,142530.13,6/27/1990,NA,SC,8.56,8.64,0.71,1,xLS003,diam_0.71_1mm_g,,0.051108535,xLSGS2,not previously published ,
ds_05,x9014,142530.14,6/27/1990,NA,SC,8.64,8.72,0.71,1,xLS003,diam_0.71_1mm_g,,9.091346384,xLSGS2,not previously published ,
ds_05,x9014,142530.15,6/27/1990,NA,SC,8.73,8.78,0.71,1,xLS003,diam_0.71_1mm_g,,12.5373023,xLSGS2,not previously published ,
ds_05,x9014,143035.01,6/27/1990,NA,SC,9.14,9.22,0.71,1,xLS003,diam_0.71_1mm_g,,15.88316124,xLSGS2,not previously published ,
ds_05,x9014,143035.02,6/27/1990,NA,SC,9.22,9.3,0.71,1,xLS003,diam_0.71_1mm_g,,14.36725779,xLSGS2,not previously published ,
ds_05,x9014,143035.03,6/27/1990,NA,SC,9.3,9.38,0.71,1,xLS003,diam_0.71_1mm_g,,17.61539658,xLSGS2,not previously published ,
ds_05,x9014,143035.04,6/27/1990,NA,SC,9.38,9.46,0.71,1,xLS003,diam_0.71_1mm_g,,22.50611927,xLSGS2,not previously published ,
ds_05,x9014,143035.05,6/27/1990,NA,SC,9.46,9.54,0.71,1,xLS003,diam_0.71_1mm_g,,38.16920904,xLSGS2,not previously published ,
ds_05,x9014,143035.06,6/27/1990,NA,SC,9.54,9.61,0.71,1,xLS003,diam_0.71_1mm_g,,31.47752865,xLSGS2,not previously published ,
ds_05,x9014,143035.07,6/27/1990,NA,SC,9.62,9.69,0.71,1,xLS003,diam_0.71_1mm_g,,38.9005249,xLSGS2,not previously published ,
ds_05,x9014,143035.08,6/27/1990,NA,SC,9.7,9.77,0.71,1,xLS003,diam_0.71_1mm_g,,31.58646866,xLSGS2,not previously published ,
ds_05,x9014,143035.09,6/27/1990,NA,SC,9.77,9.85,0.71,1,xLS003,diam_0.71_1mm_g,,30.44357513,xLSGS2,not previously published ,
ds_05,x9014,143035.1,6/27/1990,NA,SC,9.85,9.92,0.71,1,xLS003,diam_0.71_1mm_g,,23.39249451,xLSGS2,not previously published ,
ds_05,x9014,143035.11,6/27/1990,NA,SC,9.93,10.01,0.71,1,xLS003,diam_0.71_1mm_g,,21.38082926,xLSGS2,not previously published ,
ds_05,x9014,143035.12,6/27/1990,NA,SC,10.02,10.1,0.71,1,xLS003,diam_0.71_1mm_g,,28.16701646,xLSGS2,not previously published ,
ds_05,x9014,143035.13,6/27/1990,NA,SC,10.1,10.19,0.71,1,xLS003,diam_0.71_1mm_g,,26.30344614,xLSGS2,not previously published ,
ds_05,x9014,143035.14,6/27/1990,NA,SC,10.19,10.27,0.71,1,xLS003,diam_0.71_1mm_g,,17.82945467,xLSGS2,not previously published ,
ds_05,x9014,142025.01,6/27/1990,NA,SC,6.1,6.18,0.71,1,xLS003,diam_0.71_1mm_g,,3.114606458,xLSGS2,not previously published ,
ds_05,x9014,142025.02,6/27/1990,NA,SC,6.18,6.26,0.71,1,xLS003,diam_0.71_1mm_g,,0.049630182,xLSGS2,not previously published ,
ds_05,x9014,142025.03,6/27/1990,NA,SC,6.26,6.34,0.71,1,xLS003,diam_0.71_1mm_g,,0.019665676,xLSGS2,not previously published ,
ds_05,x9014,142025.04,6/27/1990,NA,SC,6.34,6.42,0.71,1,xLS003,diam_0.71_1mm_g,,0.020105063,xLSGS2,not previously published ,
ds_05,x9014,142025.05,6/27/1990,NA,SC,6.43,6.5,0.71,1,xLS003,diam_0.71_1mm_g,,0.008911955,xLSGS2,not previously published ,
ds_05,x9014,142025.06,6/27/1990,NA,SC,6.51,6.59,0.71,1,xLS003,diam_0.71_1mm_g,,10.33532575,xLSGS2,not previously published ,
ds_05,x9014,143035.15,6/27/1990,NA,SC,10.27,10.35,0.71,1,xLS003,diam_0.71_1mm_g,,0.734126727,xLSGS2,not previously published ,
ds_05,x9014,143035.16,6/27/1990,NA,SC,10.35,10.44,0.71,1,xLS003,diam_0.71_1mm_g,,12.33108534,xLSGS2,not previously published ,
ds_05,x9014,143035.17,6/27/1990,NA,SC,10.44,10.52,0.71,1,xLS003,diam_0.71_1mm_g,,13.71022745,xLSGS2,not previously published ,
ds_05,x9015,150105.04,6/27/1990,NA,SC,0.56,0.63,0.71,1,xLS003,diam_0.71_1mm_g,,17.34316182,xLSGS2,not previously published ,
ds_05,x9015,150105.05,6/27/1990,NA,SC,0.65,0.73,0.71,1,xLS003,diam_0.71_1mm_g,,13.0453226,xLSGS2,not previously published ,
ds_05,x9015,150105.06,6/27/1990,NA,SC,0.74,0.82,0.71,1,xLS003,diam_0.71_1mm_g,,10.82501157,xLSGS2,not previously published ,
ds_05,x9015,150105.07,6/27/1990,NA,SC,0.82,0.9,0.71,1,xLS003,diam_0.71_1mm_g,,9.975922,xLSGS2,not previously published ,
ds_05,x9015,150105.08,6/27/1990,NA,SC,0.9,0.98,0.71,1,xLS003,diam_0.71_1mm_g,,9.340108257,xLSGS2,not previously published ,
ds_05,x9015,150105.09,6/27/1990,NA,SC,0.98,1.06,0.71,1,xLS003,diam_0.71_1mm_g,,10.4557571,xLSGS2,not previously published ,
ds_05,x9015,150105.1,6/27/1990,NA,SC,1.06,1.14,0.71,1,xLS003,diam_0.71_1mm_g,,8.742942555,xLSGS2,not previously published ,
ds_05,x9015,150105.11,6/27/1990,NA,SC,1.14,1.21,0.71,1,xLS003,diam_0.71_1mm_g,,7.439545213,xLSGS2,not previously published ,
ds_05,x9015,150510.01,6/27/1990,NA,SC,1.52,1.6,0.71,1,xLS003,diam_0.71_1mm_g,,12.03273457,xLSGS2,not previously published ,
ds_05,x9015,150510.02,6/27/1990,NA,SC,1.61,1.68,0.71,1,xLS003,diam_0.71_1mm_g,,21.7198958,xLSGS2,not previously published ,
ds_05,x9015,150510.03,6/27/1990,NA,SC,1.69,1.76,0.71,1,xLS003,diam_0.71_1mm_g,,13.57798833,xLSGS2,not previously published ,
ds_05,x9015,150510.04,6/27/1990,NA,SC,1.77,1.85,0.71,1,xLS003,diam_0.71_1mm_g,,28.81970148,xLSGS2,not previously published ,
ds_05,x9015,150510.05,6/27/1990,NA,SC,1.85,1.93,0.71,1,xLS003,diam_0.71_1mm_g,,25.43851499,xLSGS2,not previously published ,
ds_05,x9015,150510.06,6/27/1990,NA,SC,1.93,2.01,0.71,1,xLS003,diam_0.71_1mm_g,,25.31847983,xLSGS2,not previously published ,
ds_05,x9015,150510.07,6/27/1990,NA,SC,2.01,2.09,0.71,1,xLS003,diam_0.71_1mm_g,,27.76489022,xLSGS2,not previously published ,
ds_05,x9015,150510.08,6/27/1990,NA,SC,2.1,2.17,0.71,1,xLS003,diam_0.71_1mm_g,,22.17231754,xLSGS2,not previously published ,
ds_05,x9015,150510.09,6/27/1990,NA,SC,2.18,2.23,0.71,1,xLS003,diam_0.71_1mm_g,,31.03276646,xLSGS2,not previously published ,
ds_05,x9015,150510.1,6/27/1990,NA,SC,2.24,2.32,0.71,1,xLS003,diam_0.71_1mm_g,,40.48223032,xLSGS2,not previously published ,
ds_05,x9015,150510.11,6/27/1990,NA,SC,2.33,2.44,0.71,1,xLS003,diam_0.71_1mm_g,,40.93097113,xLSGS2,not previously published ,
ds_05,x9015,151015.01,6/27/1990,NA,SC,3.05,3.12,0.71,1,xLS003,diam_0.71_1mm_g,,4.377849904,xLSGS2,not previously published ,
ds_05,x9015,151015.02,6/27/1990,NA,SC,3.13,3.21,0.71,1,xLS003,diam_0.71_1mm_g,,5.643601642,xLSGS2,not previously published ,
ds_05,x9015,151015.03,6/27/1990,NA,SC,3.21,3.28,0.71,1,xLS003,diam_0.71_1mm_g,,16.71143529,xLSGS2,not previously published ,
ds_05,x9015,151015.04,6/27/1990,NA,SC,3.29,3.37,0.71,1,xLS003,diam_0.71_1mm_g,,17.56052166,xLSGS2,not previously published ,
ds_05,x9015,151015.05,6/27/1990,NA,SC,3.37,3.45,0.71,1,xLS003,diam_0.71_1mm_g,,28.82160395,xLSGS2,not previously published ,
ds_05,x9015,151015.06,6/27/1990,NA,SC,3.45,3.53,0.71,1,xLS003,diam_0.71_1mm_g,,17.78929796,xLSGS2,not previously published ,
ds_05,x9015,151015.07,6/27/1990,NA,SC,3.54,3.61,0.71,1,xLS003,diam_0.71_1mm_g,,18.55102585,xLSGS2,not previously published ,
ds_05,x9015,151015.08,6/27/1990,NA,SC,3.62,3.69,0.71,1,xLS003,diam_0.71_1mm_g,,5.678634048,xLSGS2,not previously published ,
ds_05,x9015,151015.09,6/27/1990,NA,SC,3.7,3.77,0.71,1,xLS003,diam_0.71_1mm_g,,23.70343279,xLSGS2,not previously published ,
ds_05,x9015,151015.1,6/27/1990,NA,SC,3.78,3.85,0.71,1,xLS003,diam_0.71_1mm_g,,14.16138223,xLSGS2,not previously published ,
ds_05,x9015,151015.11,6/27/1990,NA,SC,3.85,3.93,0.71,1,xLS003,diam_0.71_1mm_g,,11.07397333,xLSGS2,not previously published ,
ds_05,x9015,151015.12,6/27/1990,NA,SC,3.94,4.01,0.71,1,xLS003,diam_0.71_1mm_g,,8.030158694,xLSGS2,not previously published ,
ds_05,x9015,151015.13,6/27/1990,NA,SC,4.03,4.11,0.71,1,xLS003,diam_0.71_1mm_g,,23.82005756,xLSGS2,not previously published ,
ds_05,x9015,151015.14,6/27/1990,NA,SC,4.11,4.15,0.71,1,xLS003,diam_0.71_1mm_g,,4.990626089,xLSGS2,not previously published ,
ds_05,x9015,151520.01,6/27/1990,NA,SC,4.57,4.65,0.71,1,xLS003,diam_0.71_1mm_g,,0.964000797,xLSGS2,not previously published ,
ds_05,x9015,150105.01,6/27/1990,NA,SC,0.3,0.38,0.71,1,xLS003,diam_0.71_1mm_g,,15.83391146,xLSGS2,not previously published ,
ds_05,x9015,150105.02,6/27/1990,NA,SC,0.38,0.47,0.71,1,xLS003,diam_0.71_1mm_g,,17.35125249,xLSGS2,not previously published ,
ds_05,x9015,150105.03,6/27/1990,NA,SC,0.47,0.55,0.71,1,xLS003,diam_0.71_1mm_g,,15.23982135,xLSGS2,not previously published ,
ds_05,x9015,151520.13,6/27/1990,NA,SC,5.53,5.6,0.71,1,xLS003,diam_0.71_1mm_g,,2.710599103,xLSGS2,not previously published ,
ds_05,x9015,151520.14,6/27/1990,NA,SC,5.61,5.68,0.71,1,xLS003,diam_0.71_1mm_g,,0.541610745,xLSGS2,not previously published ,
ds_05,x9015,151520.15,6/27/1990,NA,SC,5.68,5.76,0.71,1,xLS003,diam_0.71_1mm_g,,3.41596925,xLSGS2,not previously published ,
ds_05,x9015,151520.16,6/27/1990,NA,SC,5.76,5.86,0.71,1,xLS003,diam_0.71_1mm_g,,0.791868436,xLSGS2,not previously published ,
ds_05,x9015,152025.01,6/27/1990,NA,SC,6.1,6.17,0.71,1,xLS003,diam_0.71_1mm_g,,8.157837792,xLSGS2,not previously published ,
ds_05,x9015,152025.02,6/27/1990,NA,SC,6.18,6.25,0.71,1,xLS003,diam_0.71_1mm_g,,2.302717229,xLSGS2,not previously published ,
ds_05,x9015,152025.03,6/27/1990,NA,SC,6.26,6.33,0.71,1,xLS003,diam_0.71_1mm_g,,5.274315795,xLSGS2,not previously published ,
ds_05,x9015,152025.04,6/27/1990,NA,SC,6.34,6.42,0.71,1,xLS003,diam_0.71_1mm_g,,2.999732216,xLSGS2,not previously published ,
ds_05,x9015,152025.05,6/27/1990,NA,SC,6.42,6.49,0.71,1,xLS003,diam_0.71_1mm_g,,8.343501675,xLSGS2,not previously published ,
ds_05,x9015,152025.06,6/27/1990,NA,SC,6.51,6.59,0.71,1,xLS003,diam_0.71_1mm_g,,11.43723733,xLSGS2,not previously published ,
ds_05,x9015,152025.07,6/27/1990,NA,SC,6.59,6.67,0.71,1,xLS003,diam_0.71_1mm_g,,6.848928639,xLSGS2,not previously published ,
ds_05,x9015,152025.08,6/27/1990,NA,SC,6.67,6.75,0.71,1,xLS003,diam_0.71_1mm_g,,6.746964407,xLSGS2,not previously published ,
ds_05,x9015,152025.09,6/27/1990,NA,SC,6.75,6.83,0.71,1,xLS003,diam_0.71_1mm_g,,1.714662303,xLSGS2,not previously published ,
ds_05,x9015,152025.1,6/27/1990,NA,SC,6.83,6.91,0.71,1,xLS003,diam_0.71_1mm_g,,1.000494531,xLSGS2,not previously published ,
ds_05,x9015,152025.11,6/27/1990,NA,SC,6.91,6.99,0.71,1,xLS003,diam_0.71_1mm_g,,0.070592608,xLSGS2,not previously published ,
ds_05,x9015,152025.12,6/27/1990,NA,SC,7,7.07,0.71,1,xLS003,diam_0.71_1mm_g,,0.059007768,xLSGS2,not previously published ,
ds_05,x9015,152025.13,6/27/1990,NA,SC,7.09,7.17,0.71,1,xLS003,diam_0.71_1mm_g,,0.060935763,xLSGS2,not previously published ,
ds_05,x9015,152530.01,6/27/1990,NA,SC,7.62,7.7,0.71,1,xLS003,diam_0.71_1mm_g,,10.04905313,xLSGS2,not previously published ,
ds_05,x9015,152530.02,6/27/1990,NA,SC,7.7,7.78,0.71,1,xLS003,diam_0.71_1mm_g,,9.974268418,xLSGS2,not previously published ,
ds_05,x9015,152530.03,6/27/1990,NA,SC,7.78,7.85,0.71,1,xLS003,diam_0.71_1mm_g,,2.074108762,xLSGS2,not previously published ,
ds_05,x9015,152530.04,6/27/1990,NA,SC,7.86,7.93,0.71,1,xLS003,diam_0.71_1mm_g,,0.04098111,xLSGS2,not previously published ,
ds_05,x9015,152530.05,6/27/1990,NA,SC,7.94,8.01,0.71,1,xLS003,diam_0.71_1mm_g,,0.030102985,xLSGS2,not previously published ,
ds_05,x9015,152530.06,6/27/1990,NA,SC,8.01,8.09,0.71,1,xLS003,diam_0.71_1mm_g,,0.050965174,xLSGS2,not previously published ,
ds_05,x9015,152530.07,6/27/1990,NA,SC,8.09,8.17,0.71,1,xLS003,diam_0.71_1mm_g,,0.020381272,xLSGS2,not previously published ,
ds_05,x9015,151520.02,6/27/1990,NA,SC,4.66,4.73,0.71,1,xLS003,diam_0.71_1mm_g,,0.259738114,xLSGS2,not previously published ,
ds_05,x9015,151520.03,6/27/1990,NA,SC,4.73,4.81,0.71,1,xLS003,diam_0.71_1mm_g,,0.300372804,xLSGS2,not previously published ,
ds_05,x9015,151520.04,6/27/1990,NA,SC,4.81,4.89,0.71,1,xLS003,diam_0.71_1mm_g,,0.050078683,xLSGS2,not previously published ,
ds_05,x9015,151520.05,6/27/1990,NA,SC,4.89,4.97,0.71,1,xLS003,diam_0.71_1mm_g,,0.169493485,xLSGS2,not previously published ,
ds_05,x9015,151520.06,6/27/1990,NA,SC,4.97,5.05,0.71,1,xLS003,diam_0.71_1mm_g,,0.740178568,xLSGS2,not previously published ,
ds_05,x9015,151520.07,6/27/1990,NA,SC,5.05,5.12,0.71,1,xLS003,diam_0.71_1mm_g,,0.542372665,xLSGS2,not previously published ,
ds_05,x9015,151520.08,6/27/1990,NA,SC,5.13,5.2,0.71,1,xLS003,diam_0.71_1mm_g,,1.164368829,xLSGS2,not previously published ,
ds_05,x9015,151520.09,6/27/1990,NA,SC,5.21,5.28,0.71,1,xLS003,diam_0.71_1mm_g,,0.781608483,xLSGS2,not previously published ,
ds_05,x9015,151520.1,6/27/1990,NA,SC,5.28,5.36,0.71,1,xLS003,diam_0.71_1mm_g,,1.131596455,xLSGS2,not previously published ,
ds_05,x9015,151520.11,6/27/1990,NA,SC,5.36,5.44,0.71,1,xLS003,diam_0.71_1mm_g,,1.324224724,xLSGS2,not previously published ,
ds_05,x9015,151520.12,6/27/1990,NA,SC,5.44,5.52,0.71,1,xLS003,diam_0.71_1mm_g,,3.014066894,xLSGS2,not previously published ,
ds_05,x9016,160510.01,6/28/1990,NA,SC,1.52,1.6,0.71,1,xLS003,diam_0.71_1mm_g,,16.197768,xLSGS2,not previously published ,
ds_05,x9016,160510.02,6/28/1990,NA,SC,1.6,1.68,0.71,1,xLS003,diam_0.71_1mm_g,,21.08729316,xLSGS2,not previously published ,
ds_05,x9016,160510.03,6/28/1990,NA,SC,1.69,1.76,0.71,1,xLS003,diam_0.71_1mm_g,,20.3128034,xLSGS2,not previously published ,
ds_05,x9016,160510.04,6/28/1990,NA,SC,1.77,1.84,0.71,1,xLS003,diam_0.71_1mm_g,,19.97923997,xLSGS2,not previously published ,
ds_05,x9016,160510.05,6/28/1990,NA,SC,1.85,1.92,0.71,1,xLS003,diam_0.71_1mm_g,,18.62431689,xLSGS2,not previously published ,
ds_05,x9016,160510.12,6/28/1990,NA,SC,2.4,2.47,0.71,1,xLS003,diam_0.71_1mm_g,,20.47622763,xLSGS2,not previously published ,
ds_05,x9016,160510.13,6/28/1990,NA,SC,2.48,2.58,0.71,1,xLS003,diam_0.71_1mm_g,,26.83700521,xLSGS2,not previously published ,
ds_05,x9016,161013.01,6/28/1990,NA,SC,3.05,3.12,0.71,1,xLS003,diam_0.71_1mm_g,,15.43307183,xLSGS2,not previously published ,
ds_05,x9016,161013.02,6/28/1990,NA,SC,3.13,3.2,0.71,1,xLS003,diam_0.71_1mm_g,,13.09018909,xLSGS2,not previously published ,
ds_05,x9016,161013.03,6/28/1990,NA,SC,3.21,3.28,0.71,1,xLS003,diam_0.71_1mm_g,,20.67234131,xLSGS2,not previously published ,
ds_05,x9016,161013.04,6/28/1990,NA,SC,3.29,3.36,0.71,1,xLS003,diam_0.71_1mm_g,,15.74290917,xLSGS2,not previously published ,
ds_05,x9016,161013.05,6/28/1990,NA,SC,3.36,3.43,0.71,1,xLS003,diam_0.71_1mm_g,,17.63176158,xLSGS2,not previously published ,
ds_05,x9016,161013.06,6/28/1990,NA,SC,3.45,3.53,0.71,1,xLS003,diam_0.71_1mm_g,,16.56749491,xLSGS2,not previously published ,
ds_05,x9016,161013.07,6/28/1990,NA,SC,3.53,3.56,0.71,1,xLS003,diam_0.71_1mm_g,,6.845119729,xLSGS2,not previously published ,
ds_05,x9016,161013.08,6/28/1990,NA,SC,3.56,3.64,0.71,1,xLS003,diam_0.71_1mm_g,,19.45304603,xLSGS2,not previously published ,
ds_05,x9016,161013.09,6/28/1990,NA,SC,3.64,3.72,0.71,1,xLS003,diam_0.71_1mm_g,,0.190320089,xLSGS2,not previously published ,
ds_05,x9016,161013.1,6/28/1990,NA,SC,3.72,3.81,0.71,1,xLS003,diam_0.71_1mm_g,,0.754065998,xLSGS2,not previously published ,
ds_05,x9016,161418.01,6/28/1990,NA,SC,4.27,4.35,0.71,1,xLS003,diam_0.71_1mm_g,,0.430094156,xLSGS2,not previously published ,
ds_05,x9016,161418.02,6/28/1990,NA,SC,4.35,4.42,0.71,1,xLS003,diam_0.71_1mm_g,,1.67747489,xLSGS2,not previously published ,
ds_05,x9016,161418.03,6/28/1990,NA,SC,4.43,4.51,0.71,1,xLS003,diam_0.71_1mm_g,,0.059594514,xLSGS2,not previously published ,
ds_05,x9016,161418.04,6/28/1990,NA,SC,4.51,4.59,0.71,1,xLS003,diam_0.71_1mm_g,,0.038303532,xLSGS2,not previously published ,
ds_05,x9016,161418.05,6/28/1990,NA,SC,4.59,4.67,0.71,1,xLS003,diam_0.71_1mm_g,,0.021275722,xLSGS2,not previously published ,
ds_05,x9016,161418.06,6/28/1990,NA,SC,4.67,4.75,0.71,1,xLS003,diam_0.71_1mm_g,,0.404162536,xLSGS2,not previously published ,
ds_05,x9016,161418.07,6/28/1990,NA,SC,4.75,4.82,0.71,1,xLS003,diam_0.71_1mm_g,,0.463637765,xLSGS2,not previously published ,
ds_05,x9016,161418.08,6/28/1990,NA,SC,4.83,4.9,0.71,1,xLS003,diam_0.71_1mm_g,,0.208386783,xLSGS2,not previously published ,
ds_05,x9016,161418.09,6/28/1990,NA,SC,4.9,4.98,0.71,1,xLS003,diam_0.71_1mm_g,,0.042520205,xLSGS2,not previously published ,
ds_05,x9016,161418.1,6/28/1990,NA,SC,4.98,5.06,0.71,1,xLS003,diam_0.71_1mm_g,,0.059517206,xLSGS2,not previously published ,
ds_05,x9016,161418.11,6/28/1990,NA,SC,5.06,5.14,0.71,1,xLS003,diam_0.71_1mm_g,,0.578058545,xLSGS2,not previously published ,
ds_05,x9016,161418.12,6/28/1990,NA,SC,5.14,5.22,0.71,1,xLS003,diam_0.71_1mm_g,,0.83292973,xLSGS2,not previously published ,
ds_05,x9016,161418.13,6/28/1990,NA,SC,5.22,5.3,0.71,1,xLS003,diam_0.71_1mm_g,,6.568720525,xLSGS2,not previously published ,
ds_05,x9016,161418.14,6/28/1990,NA,SC,5.3,5.37,0.71,1,xLS003,diam_0.71_1mm_g,,35.02101061,xLSGS2,not previously published ,
ds_05,x9016,161924.01,6/28/1990,NA,SC,5.79,5.9,0.71,1,xLS003,diam_0.71_1mm_g,,2.057845443,xLSGS2,not previously published ,
ds_05,x9016,161924.02,6/28/1990,NA,SC,5.9,5.96,0.71,1,xLS003,diam_0.71_1mm_g,,12.54397781,xLSGS2,not previously published ,
ds_05,x9016,161924.03,6/28/1990,NA,SC,5.96,6.04,0.71,1,xLS003,diam_0.71_1mm_g,,13.457979,xLSGS2,not previously published ,
ds_05,x9016,161924.04,6/28/1990,NA,SC,6.06,6.14,0.71,1,xLS003,diam_0.71_1mm_g,,0.152656067,xLSGS2,not previously published ,
ds_05,x9016,161924.05,6/28/1990,NA,SC,6.14,6.22,0.71,1,xLS003,diam_0.71_1mm_g,,1.229495686,xLSGS2,not previously published ,
ds_05,x9016,161924.06,6/28/1990,NA,SC,6.22,6.3,0.71,1,xLS003,diam_0.71_1mm_g,,2.568726614,xLSGS2,not previously published ,
ds_05,x9016,161924.07,6/28/1990,NA,SC,6.3,6.38,0.71,1,xLS003,diam_0.71_1mm_g,,4.911858569,xLSGS2,not previously published ,
ds_05,x9016,161924.08,6/28/1990,NA,SC,6.38,6.46,0.71,1,xLS003,diam_0.71_1mm_g,,7.995628094,xLSGS2,not previously published ,
ds_05,x9016,160510.06,6/28/1990,NA,SC,1.92,2,0.71,1,xLS003,diam_0.71_1mm_g,,20.62524557,xLSGS2,not previously published ,
ds_05,x9016,160510.07,6/28/1990,NA,SC,2,2.08,0.71,1,xLS003,diam_0.71_1mm_g,,18.42385573,xLSGS2,not previously published ,
ds_05,x9016,160510.08,6/28/1990,NA,SC,2.08,2.15,0.71,1,xLS003,diam_0.71_1mm_g,,20.83592241,xLSGS2,not previously published ,
ds_05,x9016,160510.09,6/28/1990,NA,SC,2.16,2.23,0.71,1,xLS003,diam_0.71_1mm_g,,20.05569434,xLSGS2,not previously published ,
ds_05,x9016,160510.1,6/28/1990,NA,SC,2.24,2.31,0.71,1,xLS003,diam_0.71_1mm_g,,22.53232261,xLSGS2,not previously published ,
ds_05,x9016,160510.11,6/28/1990,NA,SC,2.32,2.39,0.71,1,xLS003,diam_0.71_1mm_g,,21.41296555,xLSGS2,not previously published ,
ds_05,x9016,161924.09,6/28/1990,NA,SC,6.48,6.56,0.71,1,xLS003,diam_0.71_1mm_g,,15.18694656,xLSGS2,not previously published ,
ds_05,x9016,161924.1,6/28/1990,NA,SC,6.56,6.62,0.71,1,xLS003,diam_0.71_1mm_g,,0.948760354,xLSGS2,not previously published ,
ds_05,x9016,161924.11,6/28/1990,NA,SC,6.62,6.65,0.71,1,xLS003,diam_0.71_1mm_g,,0.402331346,xLSGS2,not previously published ,
ds_05,x9016,161924.12,6/28/1990,NA,SC,6.65,6.73,0.71,1,xLS003,diam_0.71_1mm_g,,0.059282815,xLSGS2,not previously published ,
ds_05,x9016,161924.13,6/28/1990,NA,SC,6.75,6.83,0.71,1,xLS003,diam_0.71_1mm_g,,0.088903947,xLSGS2,not previously published ,
ds_05,x9016,161924.14,6/28/1990,NA,SC,6.83,6.91,0.71,1,xLS003,diam_0.71_1mm_g,,0.253961838,xLSGS2,not previously published ,
ds_05,x9016,161924.15,6/28/1990,NA,SC,6.91,6.99,0.71,1,xLS003,diam_0.71_1mm_g,,0.076174088,xLSGS2,not previously published ,
ds_05,x9016,161924.16,6/28/1990,NA,SC,6.99,7.07,0.71,1,xLS003,diam_0.71_1mm_g,,0.715056372,xLSGS2,not previously published ,
ds_05,x9016,161924.17,6/28/1990,NA,SC,7.07,7.15,0.71,1,xLS003,diam_0.71_1mm_g,,0.283431125,xLSGS2,not previously published ,
ds_05,x9016,161924.18,6/28/1990,NA,SC,7.15,7.24,0.71,1,xLS003,diam_0.71_1mm_g,,0.126884394,xLSGS2,not previously published ,
ds_05,x9017,171419.13,6/29/1990,NA,SC,5.27,5.34,0.71,1,xLS003,diam_0.71_1mm_g,,4.575450271,xLSGS2,not previously published ,
ds_05,x9017,171419.14,6/29/1990,NA,SC,5.35,5.42,0.71,1,xLS003,diam_0.71_1mm_g,,7.340918566,xLSGS2,not previously published ,
ds_05,x9017,171419.15,6/29/1990,NA,SC,5.43,5.49,0.71,1,xLS003,diam_0.71_1mm_g,,10.62888653,xLSGS2,not previously published ,
ds_05,x9017,171419.16,6/29/1990,NA,SC,5.49,5.55,0.71,1,xLS003,diam_0.71_1mm_g,,3.353076263,xLSGS2,not previously published ,
ds_05,x9017,170914.01,6/29/1990,NA,SC,2.74,2.82,0.71,1,xLS003,diam_0.71_1mm_g,,0.250485933,xLSGS2,not previously published ,
ds_05,x9017,170914.02,6/29/1990,NA,SC,2.82,2.9,0.71,1,xLS003,diam_0.71_1mm_g,,0.230676739,xLSGS2,not previously published ,
ds_05,x9017,170914.03,6/29/1990,NA,SC,2.91,2.98,0.71,1,xLS003,diam_0.71_1mm_g,,1.260989157,xLSGS2,not previously published ,
ds_05,x9017,170914.04,6/29/1990,NA,SC,2.99,3.06,0.71,1,xLS003,diam_0.71_1mm_g,,2.341464135,xLSGS2,not previously published ,
ds_05,x9017,170914.05,6/29/1990,NA,SC,3.06,3.14,0.71,1,xLS003,diam_0.71_1mm_g,,0.230549932,xLSGS2,not previously published ,
ds_05,x9017,170914.06,6/29/1990,NA,SC,3.14,3.21,0.71,1,xLS003,diam_0.71_1mm_g,,0.01941685,xLSGS2,not previously published ,
ds_05,x9017,170914.07,6/29/1990,NA,SC,3.22,3.29,0.71,1,xLS003,diam_0.71_1mm_g,,0.019158117,xLSGS2,not previously published ,
ds_05,x9017,170914.08,6/29/1990,NA,SC,3.3,3.37,0.71,1,xLS003,diam_0.71_1mm_g,,0.029386398,xLSGS2,not previously published ,
ds_05,x9017,170914.09,6/29/1990,NA,SC,3.37,3.45,0.71,1,xLS003,diam_0.71_1mm_g,,0.019113515,xLSGS2,not previously published ,
ds_05,x9017,170914.1,6/29/1990,NA,SC,3.45,3.53,0.71,1,xLS003,diam_0.71_1mm_g,,0.029064578,xLSGS2,not previously published ,
ds_05,x9017,170914.11,6/29/1990,NA,SC,3.53,3.6,0.71,1,xLS003,diam_0.71_1mm_g,,0.591571532,xLSGS2,not previously published ,
ds_05,x9017,170914.12,6/29/1990,NA,SC,3.61,3.69,0.71,1,xLS003,diam_0.71_1mm_g,,0.480656786,xLSGS2,not previously published ,
ds_05,x9017,170914.13,6/29/1990,NA,SC,3.69,3.76,0.71,1,xLS003,diam_0.71_1mm_g,,0.781806485,xLSGS2,not previously published ,
ds_05,x9017,170914.14,6/29/1990,NA,SC,3.77,3.84,0.71,1,xLS003,diam_0.71_1mm_g,,2.095766196,xLSGS2,not previously published ,
ds_05,x9017,171419.01,6/29/1990,NA,SC,4.27,4.34,0.71,1,xLS003,diam_0.71_1mm_g,,9.015676444,xLSGS2,not previously published ,
ds_05,x9017,171419.02,6/29/1990,NA,SC,4.35,4.42,0.71,1,xLS003,diam_0.71_1mm_g,,11.87841861,xLSGS2,not previously published ,
ds_05,x9017,171419.03,6/29/1990,NA,SC,4.43,4.51,0.71,1,xLS003,diam_0.71_1mm_g,,3.502856254,xLSGS2,not previously published ,
ds_05,x9017,171419.04,6/29/1990,NA,SC,4.51,4.59,0.71,1,xLS003,diam_0.71_1mm_g,,1.060777321,xLSGS2,not previously published ,
ds_05,x9017,171419.05,6/29/1990,NA,SC,4.59,4.67,0.71,1,xLS003,diam_0.71_1mm_g,,2.760606898,xLSGS2,not previously published ,
ds_05,x9017,171419.06,6/29/1990,NA,SC,4.67,4.75,0.71,1,xLS003,diam_0.71_1mm_g,,14.30880731,xLSGS2,not previously published ,
ds_05,x9017,171419.07,6/29/1990,NA,SC,4.76,4.83,0.71,1,xLS003,diam_0.71_1mm_g,,2.872611354,xLSGS2,not previously published ,
ds_05,x9017,171419.08,6/29/1990,NA,SC,4.84,4.92,0.71,1,xLS003,diam_0.71_1mm_g,,4.085906234,xLSGS2,not previously published ,
ds_05,x9017,171419.09,6/29/1990,NA,SC,4.92,5,0.71,1,xLS003,diam_0.71_1mm_g,,6.225390619,xLSGS2,not previously published ,
ds_05,x9017,171419.1,6/29/1990,NA,SC,5.01,5.09,0.71,1,xLS003,diam_0.71_1mm_g,,16.53227396,xLSGS2,not previously published ,
ds_05,x9017,171419.11,6/29/1990,NA,SC,5.09,5.18,0.71,1,xLS003,diam_0.71_1mm_g,,8.401225689,xLSGS2,not previously published ,
ds_05,x9017,171419.12,6/29/1990,NA,SC,5.18,5.26,0.71,1,xLS003,diam_0.71_1mm_g,,3.338616407,xLSGS2,not previously published ,
ds_05,x9017,171924.01,6/29/1990,NA,SC,5.79,5.87,0.71,1,xLS003,diam_0.71_1mm_g,,0.611729198,xLSGS2,not previously published ,
ds_05,x9017,171924.02,6/29/1990,NA,SC,5.87,5.95,0.71,1,xLS003,diam_0.71_1mm_g,,0.351608205,xLSGS2,not previously published ,
ds_05,x9017,171924.03,6/29/1990,NA,SC,5.95,6.03,0.71,1,xLS003,diam_0.71_1mm_g,,0.039617692,xLSGS2,not previously published ,
ds_05,x9017,171924.04,6/29/1990,NA,SC,6.03,6.11,0.71,1,xLS003,diam_0.71_1mm_g,,0.009531453,xLSGS2,not previously published ,
ds_05,x9017,171924.05,6/29/1990,NA,SC,6.11,6.19,0.71,1,xLS003,diam_0.71_1mm_g,,0.009371712,xLSGS2,not previously published ,
ds_05,x9017,171924.06,6/29/1990,NA,SC,6.19,6.27,0.71,1,xLS003,diam_0.71_1mm_g,,0.021202298,xLSGS2,not previously published ,
ds_05,x9017,171924.07,6/29/1990,NA,SC,6.27,6.35,0.71,1,xLS003,diam_0.71_1mm_g,,0.015841426,xLSGS2,not previously published ,
ds_05,x9017,171924.08,6/29/1990,NA,SC,6.36,6.43,0.71,1,xLS003,diam_0.71_1mm_g,,0.009125466,xLSGS2,not previously published ,
ds_05,x9017,171924.09,6/29/1990,NA,SC,6.44,6.52,0.71,1,xLS003,diam_0.71_1mm_g,,0.149166693,xLSGS2,not previously published ,
ds_05,x9017,171924.1,6/29/1990,NA,SC,6.52,6.59,0.71,1,xLS003,diam_0.71_1mm_g,,0.010330506,xLSGS2,not previously published ,
ds_05,x9017,171924.11,6/29/1990,NA,SC,6.6,6.67,0.71,1,xLS003,diam_0.71_1mm_g,,0.009029527,xLSGS2,not previously published ,
ds_05,x9017,171924.12,6/29/1990,NA,SC,6.68,6.76,0.71,1,xLS003,diam_0.71_1mm_g,,0.219303521,xLSGS2,not previously published ,
ds_05,x9017,171924.13,6/29/1990,NA,SC,6.76,6.84,0.71,1,xLS003,diam_0.71_1mm_g,,0.209526614,xLSGS2,not previously published ,
ds_05,x9017,171924.14,6/29/1990,NA,SC,6.84,6.9,0.71,1,xLS003,diam_0.71_1mm_g,,0.013921376,xLSGS2,not previously published ,
ds_05,x9018,181419.03,6/29/1990,NA,SC,4.43,4.51,0.71,1,xLS003,diam_0.71_1mm_g,,1.410139367,xLSGS2,not previously published ,
ds_05,x9018,181419.04,6/29/1990,NA,SC,4.51,4.58,0.71,1,xLS003,diam_0.71_1mm_g,,0.941562622,xLSGS2,not previously published ,
ds_05,x9018,181419.05,6/29/1990,NA,SC,4.59,4.66,0.71,1,xLS003,diam_0.71_1mm_g,,1.252360354,xLSGS2,not previously published ,
ds_05,x9018,181419.06,6/29/1990,NA,SC,4.67,4.74,0.71,1,xLS003,diam_0.71_1mm_g,,2.824194932,xLSGS2,not previously published ,
ds_05,x9018,181419.07,6/29/1990,NA,SC,4.75,4.82,0.71,1,xLS003,diam_0.71_1mm_g,,0.591566273,xLSGS2,not previously published ,
ds_05,x9018,181419.08,6/29/1990,NA,SC,4.82,4.9,0.71,1,xLS003,diam_0.71_1mm_g,,0.56920526,xLSGS2,not previously published ,
ds_05,x9018,181419.09,6/29/1990,NA,SC,4.9,4.97,0.71,1,xLS003,diam_0.71_1mm_g,,1.483789372,xLSGS2,not previously published ,
ds_05,x9018,181419.1,6/29/1990,NA,SC,4.98,5.06,0.71,1,xLS003,diam_0.71_1mm_g,,0.893384251,xLSGS2,not previously published ,
ds_05,x9018,180914.01,6/29/1990,NA,SC,2.74,2.82,0.71,1,xLS003,diam_0.71_1mm_g,,13.70987287,xLSGS2,not previously published ,
ds_05,x9018,180914.02,6/29/1990,NA,SC,2.83,2.9,0.71,1,xLS003,diam_0.71_1mm_g,,8.888787046,xLSGS2,not previously published ,
ds_05,x9018,180914.03,6/29/1990,NA,SC,2.9,2.98,0.71,1,xLS003,diam_0.71_1mm_g,,19.40780635,xLSGS2,not previously published ,
ds_05,x9018,180914.04,6/29/1990,NA,SC,2.98,3.06,0.71,1,xLS003,diam_0.71_1mm_g,,2.450148964,xLSGS2,not previously published ,
ds_05,x9018,180914.05,6/29/1990,NA,SC,3.06,3.13,0.71,1,xLS003,diam_0.71_1mm_g,,0.291080194,xLSGS2,not previously published ,
ds_05,x9018,180914.06,6/29/1990,NA,SC,3.14,3.21,0.71,1,xLS003,diam_0.71_1mm_g,,0.300028853,xLSGS2,not previously published ,
ds_05,x9018,180914.07,6/29/1990,NA,SC,3.21,3.29,0.71,1,xLS003,diam_0.71_1mm_g,,1.330149555,xLSGS2,not previously published ,
ds_05,x9018,180914.08,6/29/1990,NA,SC,3.29,3.37,0.71,1,xLS003,diam_0.71_1mm_g,,0.782042665,xLSGS2,not previously published ,
ds_05,x9018,180914.09,6/29/1990,NA,SC,3.37,3.45,0.71,1,xLS003,diam_0.71_1mm_g,,1.593910439,xLSGS2,not previously published ,
ds_05,x9018,180914.1,6/29/1990,NA,SC,3.45,3.53,0.71,1,xLS003,diam_0.71_1mm_g,,1.402556472,xLSGS2,not previously published ,
ds_05,x9018,180914.11,6/29/1990,NA,SC,3.53,3.61,0.71,1,xLS003,diam_0.71_1mm_g,,1.612644286,xLSGS2,not previously published ,
ds_05,x9018,180914.12,6/29/1990,NA,SC,3.61,3.69,0.71,1,xLS003,diam_0.71_1mm_g,,4.912092467,xLSGS2,not previously published ,
ds_05,x9018,180914.13,6/29/1990,NA,SC,3.69,3.77,0.71,1,xLS003,diam_0.71_1mm_g,,2.10271714,xLSGS2,not previously published ,
ds_05,x9018,180914.14,6/29/1990,NA,SC,3.77,3.85,0.71,1,xLS003,diam_0.71_1mm_g,,0.400773224,xLSGS2,not previously published ,
ds_05,x9018,180914.15,6/29/1990,NA,SC,3.85,3.93,0.71,1,xLS003,diam_0.71_1mm_g,,4.459530465,xLSGS2,not previously published ,
ds_05,x9018,180914.16,6/29/1990,NA,SC,3.93,4.01,0.71,1,xLS003,diam_0.71_1mm_g,,0.241209342,xLSGS2,not previously published ,
ds_05,x9018,181419.01,6/29/1990,NA,SC,4.27,4.34,0.71,1,xLS003,diam_0.71_1mm_g,,4.421592085,xLSGS2,not previously published ,
ds_05,x9018,181419.02,6/29/1990,NA,SC,4.35,4.42,0.71,1,xLS003,diam_0.71_1mm_g,,5.659330372,xLSGS2,not previously published ,
ds_05,x9018,181924.02,6/29/1990,NA,SC,5.87,5.95,0.71,1,xLS003,diam_0.71_1mm_g,,0.680497326,xLSGS2,not previously published ,
ds_05,x9018,181924.03,6/29/1990,NA,SC,5.95,6.03,0.71,1,xLS003,diam_0.71_1mm_g,,6.491314831,xLSGS2,not previously published ,
ds_05,x9018,181924.05,6/29/1990,NA,SC,6.12,6.2,0.71,1,xLS003,diam_0.71_1mm_g,,7.622549928,xLSGS2,not previously published ,
ds_05,x9018,181419.14,6/29/1990,NA,SC,5.31,5.4,0.71,1,xLS003,diam_0.71_1mm_g,,0.831721718,xLSGS2,not previously published ,
ds_05,x9018,181924.06,6/29/1990,NA,SC,6.2,6.26,0.71,1,xLS003,diam_0.71_1mm_g,,6.870389932,xLSGS2,not previously published ,
ds_05,x9018,181924.07,6/29/1990,NA,SC,6.26,6.34,0.71,1,xLS003,diam_0.71_1mm_g,,0.019891927,xLSGS2,not previously published ,
ds_05,x9018,181924.08,6/29/1990,NA,SC,6.35,6.4,0.71,1,xLS003,diam_0.71_1mm_g,,0.020108933,xLSGS2,not previously published ,
ds_05,x9018,181924.04,6/29/1990,NA,SC,6.03,6.11,0.71,1,xLS003,diam_0.71_1mm_g,,13.23501781,xLSGS2,not previously published ,
ds_05,x9018,181419.11,6/29/1990,NA,SC,5.06,5.14,0.71,1,xLS003,diam_0.71_1mm_g,,3.457587504,xLSGS2,not previously published ,
ds_05,x9018,181419.12,6/29/1990,NA,SC,5.14,5.22,0.71,1,xLS003,diam_0.71_1mm_g,,0.280607809,xLSGS2,not previously published ,
ds_05,x9018,181419.13,6/29/1990,NA,SC,5.23,5.3,0.71,1,xLS003,diam_0.71_1mm_g,,1.931298598,xLSGS2,not previously published ,
ds_05,x9018,181924.01,6/29/1990,NA,SC,5.79,5.87,0.71,1,xLS003,diam_0.71_1mm_g,,0.821839772,xLSGS2,not previously published ,
ds_05,x9013,132530.03,6/27/1990,NA,SC,7.77,7.85,0.5,0.71,xLS004,diam_0.5_0.71mm_g,,0.67906862,xLSGS2,not previously published ,
ds_05,x9013,132530.04,6/27/1990,NA,SC,7.85,7.93,0.5,0.71,xLS004,diam_0.5_0.71mm_g,,0.135969952,xLSGS2,not previously published ,
ds_05,x9013,132530.01,6/27/1990,NA,SC,7.62,7.69,0.5,0.71,xLS004,diam_0.5_0.71mm_g,,19.24066888,xLSGS2,not previously published ,
ds_05,x9013,132530.02,6/27/1990,NA,SC,7.69,7.77,0.5,0.71,xLS004,diam_0.5_0.71mm_g,,0.107065311,xLSGS2,not previously published ,
ds_05,x9013,133035.03,6/27/1990,NA,SC,9.31,9.38,0.5,0.71,xLS004,diam_0.5_0.71mm_g,,27.12684207,xLSGS2,not previously published ,
ds_05,x9013,133035.04,6/27/1990,NA,SC,9.39,9.46,0.5,0.71,xLS004,diam_0.5_0.71mm_g,,10.53783456,xLSGS2,not previously published ,
ds_05,x9013,132530.05,6/27/1990,NA,SC,7.94,8.01,0.5,0.71,xLS004,diam_0.5_0.71mm_g,,3.940486078,xLSGS2,not previously published ,
ds_05,x9013,132530.06,6/27/1990,NA,SC,8.02,8.09,0.5,0.71,xLS004,diam_0.5_0.71mm_g,,0.240873614,xLSGS2,not previously published ,
ds_05,x9013,132530.07,6/27/1990,NA,SC,8.1,8.17,0.5,0.71,xLS004,diam_0.5_0.71mm_g,,2.709982759,xLSGS2,not previously published ,
ds_05,x9013,132530.08,6/27/1990,NA,SC,8.18,8.25,0.5,0.71,xLS004,diam_0.5_0.71mm_g,,13.488244,xLSGS2,not previously published ,
ds_05,x9013,132530.09,6/27/1990,NA,SC,8.26,8.33,0.5,0.71,xLS004,diam_0.5_0.71mm_g,,15.95380028,xLSGS2,not previously published ,
ds_05,x9013,132530.1,6/27/1990,NA,SC,8.34,8.42,0.5,0.71,xLS004,diam_0.5_0.71mm_g,,14.94730823,xLSGS2,not previously published ,
ds_05,x9013,132530.11,6/27/1990,NA,SC,8.42,8.5,0.5,0.71,xLS004,diam_0.5_0.71mm_g,,4.133279792,xLSGS2,not previously published ,
ds_05,x9013,132530.12,6/27/1990,NA,SC,8.5,8.54,0.5,0.71,xLS004,diam_0.5_0.71mm_g,,12.33314144,xLSGS2,not previously published ,
ds_05,x9013,132530.14,6/27/1990,NA,SC,8.58,8.66,0.5,0.71,xLS004,diam_0.5_0.71mm_g,,1.130923815,xLSGS2,not previously published ,
ds_05,x9013,133035.01,6/27/1990,NA,SC,9.14,9.22,0.5,0.71,xLS004,diam_0.5_0.71mm_g,,12.76410994,xLSGS2,not previously published ,
ds_05,x9013,133035.02,6/27/1990,NA,SC,9.22,9.3,0.5,0.71,xLS004,diam_0.5_0.71mm_g,,8.05174106,xLSGS2,not previously published ,
ds_05,x9014,142025.07,6/27/1990,NA,SC,6.59,6.67,0.5,0.71,xLS004,diam_0.5_0.71mm_g,,36.02753522,xLSGS2,not previously published ,
ds_05,x9014,142025.08,6/27/1990,NA,SC,6.67,6.76,0.5,0.71,xLS004,diam_0.5_0.71mm_g,,4.466528847,xLSGS2,not previously published ,
ds_05,x9014,142025.09,6/27/1990,NA,SC,6.76,6.84,0.5,0.71,xLS004,diam_0.5_0.71mm_g,,0.090988947,xLSGS2,not previously published ,
ds_05,x9014,142025.1,6/27/1990,NA,SC,6.84,6.92,0.5,0.71,xLS004,diam_0.5_0.71mm_g,,0.581804422,xLSGS2,not previously published ,
ds_05,x9014,142025.11,6/27/1990,NA,SC,6.93,6.98,0.5,0.71,xLS004,diam_0.5_0.71mm_g,,0.119654925,xLSGS2,not previously published ,
ds_05,x9014,142530.01,6/27/1990,NA,SC,7.62,7.69,0.5,0.71,xLS004,diam_0.5_0.71mm_g,,16.29463195,xLSGS2,not previously published ,
ds_05,x9014,142530.02,6/27/1990,NA,SC,7.7,7.78,0.5,0.71,xLS004,diam_0.5_0.71mm_g,,7.226113151,xLSGS2,not previously published ,
ds_05,x9014,142530.03,6/27/1990,NA,SC,7.78,7.85,0.5,0.71,xLS004,diam_0.5_0.71mm_g,,7.71762641,xLSGS2,not previously published ,
ds_05,x9014,142530.04,6/27/1990,NA,SC,7.86,7.93,0.5,0.71,xLS004,diam_0.5_0.71mm_g,,7.92301617,xLSGS2,not previously published ,
ds_05,x9014,142530.05,6/27/1990,NA,SC,7.94,8.01,0.5,0.71,xLS004,diam_0.5_0.71mm_g,,6.250915563,xLSGS2,not previously published ,
ds_05,x9014,142530.06,6/27/1990,NA,SC,8.02,8.07,0.5,0.71,xLS004,diam_0.5_0.71mm_g,,1.072070729,xLSGS2,not previously published ,
ds_05,x9014,142530.07,6/27/1990,NA,SC,8.09,8.16,0.5,0.71,xLS004,diam_0.5_0.71mm_g,,1.054442429,xLSGS2,not previously published ,
ds_05,x9014,142530.08,6/27/1990,NA,SC,8.17,8.24,0.5,0.71,xLS004,diam_0.5_0.71mm_g,,0.432184279,xLSGS2,not previously published ,
ds_05,x9014,142530.09,6/27/1990,NA,SC,8.25,8.32,0.5,0.71,xLS004,diam_0.5_0.71mm_g,,1.624625448,xLSGS2,not previously published ,
ds_05,x9014,142530.1,6/27/1990,NA,SC,8.33,8.4,0.5,0.71,xLS004,diam_0.5_0.71mm_g,,3.578097149,xLSGS2,not previously published ,
ds_05,x9014,142530.11,6/27/1990,NA,SC,8.41,8.48,0.5,0.71,xLS004,diam_0.5_0.71mm_g,,8.237032667,xLSGS2,not previously published ,
ds_05,x9014,142530.12,6/27/1990,NA,SC,8.48,8.56,0.5,0.71,xLS004,diam_0.5_0.71mm_g,,0.180535607,xLSGS2,not previously published ,
ds_05,x9014,142530.13,6/27/1990,NA,SC,8.56,8.64,0.5,0.71,xLS004,diam_0.5_0.71mm_g,,0.071107527,xLSGS2,not previously published ,
ds_05,x9014,142530.14,6/27/1990,NA,SC,8.64,8.72,0.5,0.71,xLS004,diam_0.5_0.71mm_g,,25.31247523,xLSGS2,not previously published ,
ds_05,x9014,142530.15,6/27/1990,NA,SC,8.73,8.78,0.5,0.71,xLS004,diam_0.5_0.71mm_g,,25.31539956,xLSGS2,not previously published ,
ds_05,x9014,143035.01,6/27/1990,NA,SC,9.14,9.22,0.5,0.71,xLS004,diam_0.5_0.71mm_g,,19.58194438,xLSGS2,not previously published ,
ds_05,x9014,143035.02,6/27/1990,NA,SC,9.22,9.3,0.5,0.71,xLS004,diam_0.5_0.71mm_g,,12.32711734,xLSGS2,not previously published ,
ds_05,x9014,143035.03,6/27/1990,NA,SC,9.3,9.38,0.5,0.71,xLS004,diam_0.5_0.71mm_g,,15.754072,xLSGS2,not previously published ,
ds_05,x9014,143035.04,6/27/1990,NA,SC,9.38,9.46,0.5,0.71,xLS004,diam_0.5_0.71mm_g,,17.4726579,xLSGS2,not previously published ,
ds_05,x9014,143035.05,6/27/1990,NA,SC,9.46,9.54,0.5,0.71,xLS004,diam_0.5_0.71mm_g,,36.36258605,xLSGS2,not previously published ,
ds_05,x9014,143035.06,6/27/1990,NA,SC,9.54,9.61,0.5,0.71,xLS004,diam_0.5_0.71mm_g,,30.94663401,xLSGS2,not previously published ,
ds_05,x9014,143035.07,6/27/1990,NA,SC,9.62,9.69,0.5,0.71,xLS004,diam_0.5_0.71mm_g,,49.20715137,xLSGS2,not previously published ,
ds_05,x9014,143035.08,6/27/1990,NA,SC,9.7,9.77,0.5,0.71,xLS004,diam_0.5_0.71mm_g,,36.09738369,xLSGS2,not previously published ,
ds_05,x9014,143035.09,6/27/1990,NA,SC,9.77,9.85,0.5,0.71,xLS004,diam_0.5_0.71mm_g,,39.1894418,xLSGS2,not previously published ,
ds_05,x9014,143035.1,6/27/1990,NA,SC,9.85,9.92,0.5,0.71,xLS004,diam_0.5_0.71mm_g,,40.40882184,xLSGS2,not previously published ,
ds_05,x9014,143035.11,6/27/1990,NA,SC,9.93,10.01,0.5,0.71,xLS004,diam_0.5_0.71mm_g,,47.67343304,xLSGS2,not previously published ,
ds_05,x9014,143035.12,6/27/1990,NA,SC,10.02,10.1,0.5,0.71,xLS004,diam_0.5_0.71mm_g,,41.02284838,xLSGS2,not previously published ,
ds_05,x9014,143035.13,6/27/1990,NA,SC,10.1,10.19,0.5,0.71,xLS004,diam_0.5_0.71mm_g,,35.41458743,xLSGS2,not previously published ,
ds_05,x9014,143035.14,6/27/1990,NA,SC,10.19,10.27,0.5,0.71,xLS004,diam_0.5_0.71mm_g,,29.29925231,xLSGS2,not previously published ,
ds_05,x9014,142025.01,6/27/1990,NA,SC,6.1,6.18,0.5,0.71,xLS004,diam_0.5_0.71mm_g,,21.8719752,xLSGS2,not previously published ,
ds_05,x9014,142025.02,6/27/1990,NA,SC,6.18,6.26,0.5,0.71,xLS004,diam_0.5_0.71mm_g,,0.200678561,xLSGS2,not previously published ,
ds_05,x9014,142025.03,6/27/1990,NA,SC,6.26,6.34,0.5,0.71,xLS004,diam_0.5_0.71mm_g,,0.030591051,xLSGS2,not previously published ,
ds_05,x9014,142025.04,6/27/1990,NA,SC,6.34,6.42,0.5,0.71,xLS004,diam_0.5_0.71mm_g,,0.029040647,xLSGS2,not previously published ,
ds_05,x9014,142025.05,6/27/1990,NA,SC,6.43,6.5,0.5,0.71,xLS004,diam_0.5_0.71mm_g,,0.020051899,xLSGS2,not previously published ,
ds_05,x9014,142025.06,6/27/1990,NA,SC,6.51,6.59,0.5,0.71,xLS004,diam_0.5_0.71mm_g,,13.34256307,xLSGS2,not previously published ,
ds_05,x9014,143035.15,6/27/1990,NA,SC,10.27,10.35,0.5,0.71,xLS004,diam_0.5_0.71mm_g,,1.325945812,xLSGS2,not previously published ,
ds_05,x9014,143035.16,6/27/1990,NA,SC,10.35,10.44,0.5,0.71,xLS004,diam_0.5_0.71mm_g,,20.92778154,xLSGS2,not previously published ,
ds_05,x9014,143035.17,6/27/1990,NA,SC,10.44,10.52,0.5,0.71,xLS004,diam_0.5_0.71mm_g,,36.30939897,xLSGS2,not previously published ,
ds_05,x9015,150105.04,6/27/1990,NA,SC,0.56,0.63,0.5,0.71,xLS004,diam_0.5_0.71mm_g,,45.55505533,xLSGS2,not previously published ,
ds_05,x9015,150105.05,6/27/1990,NA,SC,0.65,0.73,0.5,0.71,xLS004,diam_0.5_0.71mm_g,,37.80875841,xLSGS2,not previously published ,
ds_05,x9015,150105.06,6/27/1990,NA,SC,0.74,0.82,0.5,0.71,xLS004,diam_0.5_0.71mm_g,,36.7217875,xLSGS2,not previously published ,
ds_05,x9015,150105.07,6/27/1990,NA,SC,0.82,0.9,0.5,0.71,xLS004,diam_0.5_0.71mm_g,,33.48117669,xLSGS2,not previously published ,
ds_05,x9015,150105.08,6/27/1990,NA,SC,0.9,0.98,0.5,0.71,xLS004,diam_0.5_0.71mm_g,,34.18643324,xLSGS2,not previously published ,
ds_05,x9015,150105.09,6/27/1990,NA,SC,0.98,1.06,0.5,0.71,xLS004,diam_0.5_0.71mm_g,,44.49888743,xLSGS2,not previously published ,
ds_05,x9015,150105.1,6/27/1990,NA,SC,1.06,1.14,0.5,0.71,xLS004,diam_0.5_0.71mm_g,,31.59942584,xLSGS2,not previously published ,
ds_05,x9015,150105.11,6/27/1990,NA,SC,1.14,1.21,0.5,0.71,xLS004,diam_0.5_0.71mm_g,,22.92119704,xLSGS2,not previously published ,
ds_05,x9015,150510.01,6/27/1990,NA,SC,1.52,1.6,0.5,0.71,xLS004,diam_0.5_0.71mm_g,,24.35736836,xLSGS2,not previously published ,
ds_05,x9015,150510.02,6/27/1990,NA,SC,1.61,1.68,0.5,0.71,xLS004,diam_0.5_0.71mm_g,,34.97498601,xLSGS2,not previously published ,
ds_05,x9015,150510.03,6/27/1990,NA,SC,1.69,1.76,0.5,0.71,xLS004,diam_0.5_0.71mm_g,,34.18322336,xLSGS2,not previously published ,
ds_05,x9015,150510.04,6/27/1990,NA,SC,1.77,1.85,0.5,0.71,xLS004,diam_0.5_0.71mm_g,,48.08676633,xLSGS2,not previously published ,
ds_05,x9015,150510.05,6/27/1990,NA,SC,1.85,1.93,0.5,0.71,xLS004,diam_0.5_0.71mm_g,,48.12954106,xLSGS2,not previously published ,
ds_05,x9015,150510.06,6/27/1990,NA,SC,1.93,2.01,0.5,0.71,xLS004,diam_0.5_0.71mm_g,,37.18927561,xLSGS2,not previously published ,
ds_05,x9015,150510.07,6/27/1990,NA,SC,2.01,2.09,0.5,0.71,xLS004,diam_0.5_0.71mm_g,,33.7155802,xLSGS2,not previously published ,
ds_05,x9015,150510.08,6/27/1990,NA,SC,2.1,2.17,0.5,0.71,xLS004,diam_0.5_0.71mm_g,,30.15204615,xLSGS2,not previously published ,
ds_05,x9015,150510.09,6/27/1990,NA,SC,2.18,2.23,0.5,0.71,xLS004,diam_0.5_0.71mm_g,,42.58045371,xLSGS2,not previously published ,
ds_05,x9015,150510.1,6/27/1990,NA,SC,2.24,2.32,0.5,0.71,xLS004,diam_0.5_0.71mm_g,,45.64275806,xLSGS2,not previously published ,
ds_05,x9015,150510.11,6/27/1990,NA,SC,2.33,2.44,0.5,0.71,xLS004,diam_0.5_0.71mm_g,,65.21781293,xLSGS2,not previously published ,
ds_05,x9015,151015.01,6/27/1990,NA,SC,3.05,3.12,0.5,0.71,xLS004,diam_0.5_0.71mm_g,,17.60134004,xLSGS2,not previously published ,
ds_05,x9015,151015.02,6/27/1990,NA,SC,3.13,3.21,0.5,0.71,xLS004,diam_0.5_0.71mm_g,,15.65404785,xLSGS2,not previously published ,
ds_05,x9015,151015.03,6/27/1990,NA,SC,3.21,3.28,0.5,0.71,xLS004,diam_0.5_0.71mm_g,,35.55724336,xLSGS2,not previously published ,
ds_05,x9015,151015.04,6/27/1990,NA,SC,3.29,3.37,0.5,0.71,xLS004,diam_0.5_0.71mm_g,,35.80581444,xLSGS2,not previously published ,
ds_05,x9015,151015.05,6/27/1990,NA,SC,3.37,3.45,0.5,0.71,xLS004,diam_0.5_0.71mm_g,,34.31327488,xLSGS2,not previously published ,
ds_05,x9015,151015.06,6/27/1990,NA,SC,3.45,3.53,0.5,0.71,xLS004,diam_0.5_0.71mm_g,,23.00172448,xLSGS2,not previously published ,
ds_05,x9015,151015.07,6/27/1990,NA,SC,3.54,3.61,0.5,0.71,xLS004,diam_0.5_0.71mm_g,,33.4737677,xLSGS2,not previously published ,
ds_05,x9015,151015.08,6/27/1990,NA,SC,3.62,3.69,0.5,0.71,xLS004,diam_0.5_0.71mm_g,,16.05176858,xLSGS2,not previously published ,
ds_05,x9015,151015.09,6/27/1990,NA,SC,3.7,3.77,0.5,0.71,xLS004,diam_0.5_0.71mm_g,,35.19382925,xLSGS2,not previously published ,
ds_05,x9015,151015.1,6/27/1990,NA,SC,3.78,3.85,0.5,0.71,xLS004,diam_0.5_0.71mm_g,,26.65828606,xLSGS2,not previously published ,
ds_05,x9015,151015.11,6/27/1990,NA,SC,3.85,3.93,0.5,0.71,xLS004,diam_0.5_0.71mm_g,,33.96360001,xLSGS2,not previously published ,
ds_05,x9015,151015.12,6/27/1990,NA,SC,3.94,4.01,0.5,0.71,xLS004,diam_0.5_0.71mm_g,,20.04120766,xLSGS2,not previously published ,
ds_05,x9015,151015.13,6/27/1990,NA,SC,4.03,4.11,0.5,0.71,xLS004,diam_0.5_0.71mm_g,,45.59674955,xLSGS2,not previously published ,
ds_05,x9015,151015.14,6/27/1990,NA,SC,4.11,4.15,0.5,0.71,xLS004,diam_0.5_0.71mm_g,,7.420976926,xLSGS2,not previously published ,
ds_05,x9015,151520.01,6/27/1990,NA,SC,4.57,4.65,0.5,0.71,xLS004,diam_0.5_0.71mm_g,,2.342746124,xLSGS2,not previously published ,
ds_05,x9015,150105.01,6/27/1990,NA,SC,0.3,0.38,0.5,0.71,xLS004,diam_0.5_0.71mm_g,,39.98023655,xLSGS2,not previously published ,
ds_05,x9015,150105.02,6/27/1990,NA,SC,0.38,0.47,0.5,0.71,xLS004,diam_0.5_0.71mm_g,,45.36823903,xLSGS2,not previously published ,
ds_05,x9015,150105.03,6/27/1990,NA,SC,0.47,0.55,0.5,0.71,xLS004,diam_0.5_0.71mm_g,,44.1950092,xLSGS2,not previously published ,
ds_05,x9015,151520.13,6/27/1990,NA,SC,5.53,5.6,0.5,0.71,xLS004,diam_0.5_0.71mm_g,,29.20286959,xLSGS2,not previously published ,
ds_05,x9015,151520.14,6/27/1990,NA,SC,5.61,5.68,0.5,0.71,xLS004,diam_0.5_0.71mm_g,,13.05345118,xLSGS2,not previously published ,
ds_05,x9015,151520.15,6/27/1990,NA,SC,5.68,5.76,0.5,0.71,xLS004,diam_0.5_0.71mm_g,,20.30512814,xLSGS2,not previously published ,
ds_05,x9015,151520.16,6/27/1990,NA,SC,5.76,5.86,0.5,0.71,xLS004,diam_0.5_0.71mm_g,,6.000355193,xLSGS2,not previously published ,
ds_05,x9015,152025.01,6/27/1990,NA,SC,6.1,6.17,0.5,0.71,xLS004,diam_0.5_0.71mm_g,,16.41479353,xLSGS2,not previously published ,
ds_05,x9015,152025.02,6/27/1990,NA,SC,6.18,6.25,0.5,0.71,xLS004,diam_0.5_0.71mm_g,,12.68012274,xLSGS2,not previously published ,
ds_05,x9015,152025.03,6/27/1990,NA,SC,6.26,6.33,0.5,0.71,xLS004,diam_0.5_0.71mm_g,,28.07527911,xLSGS2,not previously published ,
ds_05,x9015,152025.04,6/27/1990,NA,SC,6.34,6.42,0.5,0.71,xLS004,diam_0.5_0.71mm_g,,17.6930054,xLSGS2,not previously published ,
ds_05,x9015,152025.05,6/27/1990,NA,SC,6.42,6.49,0.5,0.71,xLS004,diam_0.5_0.71mm_g,,27.7057761,xLSGS2,not previously published ,
ds_05,x9015,152025.06,6/27/1990,NA,SC,6.51,6.59,0.5,0.71,xLS004,diam_0.5_0.71mm_g,,32.14573347,xLSGS2,not previously published ,
ds_05,x9015,152025.07,6/27/1990,NA,SC,6.59,6.67,0.5,0.71,xLS004,diam_0.5_0.71mm_g,,19.83321691,xLSGS2,not previously published ,
ds_05,x9015,152025.08,6/27/1990,NA,SC,6.67,6.75,0.5,0.71,xLS004,diam_0.5_0.71mm_g,,22.08573223,xLSGS2,not previously published ,
ds_05,x9015,152025.09,6/27/1990,NA,SC,6.75,6.83,0.5,0.71,xLS004,diam_0.5_0.71mm_g,,13.67372137,xLSGS2,not previously published ,
ds_05,x9015,152025.1,6/27/1990,NA,SC,6.83,6.91,0.5,0.71,xLS004,diam_0.5_0.71mm_g,,3.855394042,xLSGS2,not previously published ,
ds_05,x9015,152025.11,6/27/1990,NA,SC,6.91,6.99,0.5,0.71,xLS004,diam_0.5_0.71mm_g,,0.411384511,xLSGS2,not previously published ,
ds_05,x9015,152025.12,6/27/1990,NA,SC,7,7.07,0.5,0.71,xLS004,diam_0.5_0.71mm_g,,0.590077684,xLSGS2,not previously published ,
ds_05,x9015,152025.13,6/27/1990,NA,SC,7.09,7.17,0.5,0.71,xLS004,diam_0.5_0.71mm_g,,0.56248397,xLSGS2,not previously published ,
ds_05,x9015,152530.01,6/27/1990,NA,SC,7.62,7.7,0.5,0.71,xLS004,diam_0.5_0.71mm_g,,19.80914107,xLSGS2,not previously published ,
ds_05,x9015,152530.02,6/27/1990,NA,SC,7.7,7.78,0.5,0.71,xLS004,diam_0.5_0.71mm_g,,17.04238132,xLSGS2,not previously published ,
ds_05,x9015,152530.03,6/27/1990,NA,SC,7.78,7.85,0.5,0.71,xLS004,diam_0.5_0.71mm_g,,4.027785403,xLSGS2,not previously published ,
ds_05,x9015,152530.04,6/27/1990,NA,SC,7.86,7.93,0.5,0.71,xLS004,diam_0.5_0.71mm_g,,0.12078643,xLSGS2,not previously published ,
ds_05,x9015,152530.05,6/27/1990,NA,SC,7.94,8.01,0.5,0.71,xLS004,diam_0.5_0.71mm_g,,0.045154477,xLSGS2,not previously published ,
ds_05,x9015,152530.06,6/27/1990,NA,SC,8.01,8.09,0.5,0.71,xLS004,diam_0.5_0.71mm_g,,0.059828683,xLSGS2,not previously published ,
ds_05,x9015,152530.07,6/27/1990,NA,SC,8.09,8.17,0.5,0.71,xLS004,diam_0.5_0.71mm_g,,0.009058343,xLSGS2,not previously published ,
ds_05,x9015,151520.02,6/27/1990,NA,SC,4.66,4.73,0.5,0.71,xLS004,diam_0.5_0.71mm_g,,1.652688486,xLSGS2,not previously published ,
ds_05,x9015,151520.03,6/27/1990,NA,SC,4.73,4.81,0.5,0.71,xLS004,diam_0.5_0.71mm_g,,2.216835907,xLSGS2,not previously published ,
ds_05,x9015,151520.04,6/27/1990,NA,SC,4.81,4.89,0.5,0.71,xLS004,diam_0.5_0.71mm_g,,0.200314733,xLSGS2,not previously published ,
ds_05,x9015,151520.05,6/27/1990,NA,SC,4.89,4.97,0.5,0.71,xLS004,diam_0.5_0.71mm_g,,1.100634908,xLSGS2,not previously published ,
ds_05,x9015,151520.06,6/27/1990,NA,SC,4.97,5.05,0.5,0.71,xLS004,diam_0.5_0.71mm_g,,6.235063532,xLSGS2,not previously published ,
ds_05,x9015,151520.07,6/27/1990,NA,SC,5.05,5.12,0.5,0.71,xLS004,diam_0.5_0.71mm_g,,4.326654665,xLSGS2,not previously published ,
ds_05,x9015,151520.08,6/27/1990,NA,SC,5.13,5.2,0.5,0.71,xLS004,diam_0.5_0.71mm_g,,8.639276752,xLSGS2,not previously published ,
ds_05,x9015,151520.09,6/27/1990,NA,SC,5.21,5.28,0.5,0.71,xLS004,diam_0.5_0.71mm_g,,5.41113565,xLSGS2,not previously published ,
ds_05,x9015,151520.1,6/27/1990,NA,SC,5.28,5.36,0.5,0.71,xLS004,diam_0.5_0.71mm_g,,8.404927343,xLSGS2,not previously published ,
ds_05,x9015,151520.11,6/27/1990,NA,SC,5.36,5.44,0.5,0.71,xLS004,diam_0.5_0.71mm_g,,10.48255436,xLSGS2,not previously published ,
ds_05,x9015,151520.12,6/27/1990,NA,SC,5.44,5.52,0.5,0.71,xLS004,diam_0.5_0.71mm_g,,18.89073972,xLSGS2,not previously published ,
ds_05,x9016,160510.01,6/28/1990,NA,SC,1.52,1.6,0.5,0.71,xLS004,diam_0.5_0.71mm_g,,27.89943338,xLSGS2,not previously published ,
ds_05,x9016,160510.02,6/28/1990,NA,SC,1.6,1.68,0.5,0.71,xLS004,diam_0.5_0.71mm_g,,36.55957019,xLSGS2,not previously published ,
ds_05,x9016,160510.03,6/28/1990,NA,SC,1.69,1.76,0.5,0.71,xLS004,diam_0.5_0.71mm_g,,36.16138735,xLSGS2,not previously published ,
ds_05,x9016,160510.04,6/28/1990,NA,SC,1.77,1.84,0.5,0.71,xLS004,diam_0.5_0.71mm_g,,34.73941316,xLSGS2,not previously published ,
ds_05,x9016,160510.05,6/28/1990,NA,SC,1.85,1.92,0.5,0.71,xLS004,diam_0.5_0.71mm_g,,33.5498412,xLSGS2,not previously published ,
ds_05,x9016,160510.12,6/28/1990,NA,SC,2.4,2.47,0.5,0.71,xLS004,diam_0.5_0.71mm_g,,36.3410979,xLSGS2,not previously published ,
ds_05,x9016,160510.13,6/28/1990,NA,SC,2.48,2.58,0.5,0.71,xLS004,diam_0.5_0.71mm_g,,43.83533094,xLSGS2,not previously published ,
ds_05,x9016,161013.01,6/28/1990,NA,SC,3.05,3.12,0.5,0.71,xLS004,diam_0.5_0.71mm_g,,31.8516657,xLSGS2,not previously published ,
ds_05,x9016,161013.02,6/28/1990,NA,SC,3.13,3.2,0.5,0.71,xLS004,diam_0.5_0.71mm_g,,26.84034602,xLSGS2,not previously published ,
ds_05,x9016,161013.03,6/28/1990,NA,SC,3.21,3.28,0.5,0.71,xLS004,diam_0.5_0.71mm_g,,36.6176456,xLSGS2,not previously published ,
ds_05,x9016,161013.04,6/28/1990,NA,SC,3.29,3.36,0.5,0.71,xLS004,diam_0.5_0.71mm_g,,30.58318948,xLSGS2,not previously published ,
ds_05,x9016,161013.05,6/28/1990,NA,SC,3.36,3.43,0.5,0.71,xLS004,diam_0.5_0.71mm_g,,30.69804686,xLSGS2,not previously published ,
ds_05,x9016,161013.06,6/28/1990,NA,SC,3.45,3.53,0.5,0.71,xLS004,diam_0.5_0.71mm_g,,32.63426059,xLSGS2,not previously published ,
ds_05,x9016,161013.07,6/28/1990,NA,SC,3.53,3.56,0.5,0.71,xLS004,diam_0.5_0.71mm_g,,12.17024498,xLSGS2,not previously published ,
ds_05,x9016,161013.08,6/28/1990,NA,SC,3.56,3.64,0.5,0.71,xLS004,diam_0.5_0.71mm_g,,31.58656678,xLSGS2,not previously published ,
ds_05,x9016,161013.09,6/28/1990,NA,SC,3.64,3.72,0.5,0.71,xLS004,diam_0.5_0.71mm_g,,0.913536428,xLSGS2,not previously published ,
ds_05,x9016,161013.1,6/28/1990,NA,SC,3.72,3.81,0.5,0.71,xLS004,diam_0.5_0.71mm_g,,2.504576351,xLSGS2,not previously published ,
ds_05,x9016,161418.01,6/28/1990,NA,SC,4.27,4.35,0.5,0.71,xLS004,diam_0.5_0.71mm_g,,2.69979896,xLSGS2,not previously published ,
ds_05,x9016,161418.02,6/28/1990,NA,SC,4.35,4.42,0.5,0.71,xLS004,diam_0.5_0.71mm_g,,7.603985159,xLSGS2,not previously published ,
ds_05,x9016,161418.03,6/28/1990,NA,SC,4.43,4.51,0.5,0.71,xLS004,diam_0.5_0.71mm_g,,0.157499786,xLSGS2,not previously published ,
ds_05,x9016,161418.04,6/28/1990,NA,SC,4.51,4.59,0.5,0.71,xLS004,diam_0.5_0.71mm_g,,0.038303532,xLSGS2,not previously published ,
ds_05,x9016,161418.05,6/28/1990,NA,SC,4.59,4.67,0.5,0.71,xLS004,diam_0.5_0.71mm_g,,0.0382963,xLSGS2,not previously published ,
ds_05,x9016,161418.06,6/28/1990,NA,SC,4.67,4.75,0.5,0.71,xLS004,diam_0.5_0.71mm_g,,0.961481401,xLSGS2,not previously published ,
ds_05,x9016,161418.07,6/28/1990,NA,SC,4.75,4.82,0.5,0.71,xLS004,diam_0.5_0.71mm_g,,3.173153881,xLSGS2,not previously published ,
ds_05,x9016,161418.08,6/28/1990,NA,SC,4.83,4.9,0.5,0.71,xLS004,diam_0.5_0.71mm_g,,0.22965074,xLSGS2,not previously published ,
ds_05,x9016,161418.09,6/28/1990,NA,SC,4.9,4.98,0.5,0.71,xLS004,diam_0.5_0.71mm_g,,0.080788389,xLSGS2,not previously published ,
ds_05,x9016,161418.1,6/28/1990,NA,SC,4.98,5.06,0.5,0.71,xLS004,diam_0.5_0.71mm_g,,0.229566365,xLSGS2,not previously published ,
ds_05,x9016,161418.11,6/28/1990,NA,SC,5.06,5.14,0.5,0.71,xLS004,diam_0.5_0.71mm_g,,6.129120754,xLSGS2,not previously published ,
ds_05,x9016,161418.12,6/28/1990,NA,SC,5.14,5.22,0.5,0.71,xLS004,diam_0.5_0.71mm_g,,8.524780811,xLSGS2,not previously published ,
ds_05,x9016,161418.13,6/28/1990,NA,SC,5.22,5.3,0.5,0.71,xLS004,diam_0.5_0.71mm_g,,32.73313255,xLSGS2,not previously published ,
ds_05,x9016,161418.14,6/28/1990,NA,SC,5.3,5.37,0.5,0.71,xLS004,diam_0.5_0.71mm_g,,75.71318195,xLSGS2,not previously published ,
ds_05,x9016,161924.01,6/28/1990,NA,SC,5.79,5.9,0.5,0.71,xLS004,diam_0.5_0.71mm_g,,27.2187186,xLSGS2,not previously published ,
ds_05,x9016,161924.02,6/28/1990,NA,SC,5.9,5.96,0.5,0.71,xLS004,diam_0.5_0.71mm_g,,75.83231223,xLSGS2,not previously published ,
ds_05,x9016,161924.03,6/28/1990,NA,SC,5.96,6.04,0.5,0.71,xLS004,diam_0.5_0.71mm_g,,70.86964109,xLSGS2,not previously published ,
ds_05,x9016,161924.04,6/28/1990,NA,SC,6.06,6.14,0.5,0.71,xLS004,diam_0.5_0.71mm_g,,0.245945885,xLSGS2,not previously published ,
ds_05,x9016,161924.05,6/28/1990,NA,SC,6.14,6.22,0.5,0.71,xLS004,diam_0.5_0.71mm_g,,5.172361161,xLSGS2,not previously published ,
ds_05,x9016,161924.06,6/28/1990,NA,SC,6.22,6.3,0.5,0.71,xLS004,diam_0.5_0.71mm_g,,15.93373489,xLSGS2,not previously published ,
ds_05,x9016,161924.07,6/28/1990,NA,SC,6.3,6.38,0.5,0.71,xLS004,diam_0.5_0.71mm_g,,21.77915547,xLSGS2,not previously published ,
ds_05,x9016,161924.08,6/28/1990,NA,SC,6.38,6.46,0.5,0.71,xLS004,diam_0.5_0.71mm_g,,33.21554246,xLSGS2,not previously published ,
ds_05,x9016,160510.06,6/28/1990,NA,SC,1.92,2,0.5,0.71,xLS004,diam_0.5_0.71mm_g,,34.99975417,xLSGS2,not previously published ,
ds_05,x9016,160510.07,6/28/1990,NA,SC,2,2.08,0.5,0.71,xLS004,diam_0.5_0.71mm_g,,31.81928168,xLSGS2,not previously published ,
ds_05,x9016,160510.08,6/28/1990,NA,SC,2.08,2.15,0.5,0.71,xLS004,diam_0.5_0.71mm_g,,37.86627165,xLSGS2,not previously published ,
ds_05,x9016,160510.09,6/28/1990,NA,SC,2.16,2.23,0.5,0.71,xLS004,diam_0.5_0.71mm_g,,33.24724691,xLSGS2,not previously published ,
ds_05,x9016,160510.1,6/28/1990,NA,SC,2.24,2.31,0.5,0.71,xLS004,diam_0.5_0.71mm_g,,36.75819632,xLSGS2,not previously published ,
ds_05,x9016,160510.11,6/28/1990,NA,SC,2.32,2.39,0.5,0.71,xLS004,diam_0.5_0.71mm_g,,33.94064218,xLSGS2,not previously published ,
ds_05,x9016,161924.09,6/28/1990,NA,SC,6.48,6.56,0.5,0.71,xLS004,diam_0.5_0.71mm_g,,46.34878166,xLSGS2,not previously published ,
ds_05,x9016,161924.1,6/28/1990,NA,SC,6.56,6.62,0.5,0.71,xLS004,diam_0.5_0.71mm_g,,2.168595095,xLSGS2,not previously published ,
ds_05,x9016,161924.11,6/28/1990,NA,SC,6.62,6.65,0.5,0.71,xLS004,diam_0.5_0.71mm_g,,1.791433255,xLSGS2,not previously published ,
ds_05,x9016,161924.12,6/28/1990,NA,SC,6.65,6.73,0.5,0.71,xLS004,diam_0.5_0.71mm_g,,0.076220762,xLSGS2,not previously published ,
ds_05,x9016,161924.13,6/28/1990,NA,SC,6.75,6.83,0.5,0.71,xLS004,diam_0.5_0.71mm_g,,0.105838032,xLSGS2,not previously published ,
ds_05,x9016,161924.14,6/28/1990,NA,SC,6.83,6.91,0.5,0.71,xLS004,diam_0.5_0.71mm_g,,0.630671897,xLSGS2,not previously published ,
ds_05,x9016,161924.15,6/28/1990,NA,SC,6.91,6.99,0.5,0.71,xLS004,diam_0.5_0.71mm_g,,0.076174088,xLSGS2,not previously published ,
ds_05,x9016,161924.16,6/28/1990,NA,SC,6.99,7.07,0.5,0.71,xLS004,diam_0.5_0.71mm_g,,1.54435252,xLSGS2,not previously published ,
ds_05,x9016,161924.17,6/28/1990,NA,SC,7.07,7.15,0.5,0.71,xLS004,diam_0.5_0.71mm_g,,0.304582701,xLSGS2,not previously published ,
ds_05,x9016,161924.18,6/28/1990,NA,SC,7.15,7.24,0.5,0.71,xLS004,diam_0.5_0.71mm_g,,0.093048556,xLSGS2,not previously published ,
ds_05,x9017,171419.13,6/29/1990,NA,SC,5.27,5.34,0.5,0.71,xLS004,diam_0.5_0.71mm_g,,13.62756778,xLSGS2,not previously published ,
ds_05,x9017,171419.14,6/29/1990,NA,SC,5.35,5.42,0.5,0.71,xLS004,diam_0.5_0.71mm_g,,17.33975592,xLSGS2,not previously published ,
ds_05,x9017,171419.15,6/29/1990,NA,SC,5.43,5.49,0.5,0.71,xLS004,diam_0.5_0.71mm_g,,14.168997,xLSGS2,not previously published ,
ds_05,x9017,171419.16,6/29/1990,NA,SC,5.49,5.55,0.5,0.71,xLS004,diam_0.5_0.71mm_g,,3.655251937,xLSGS2,not previously published ,
ds_05,x9017,170914.01,6/29/1990,NA,SC,2.74,2.82,0.5,0.71,xLS004,diam_0.5_0.71mm_g,,1.753401528,xLSGS2,not previously published ,
ds_05,x9017,170914.02,6/29/1990,NA,SC,2.82,2.9,0.5,0.71,xLS004,diam_0.5_0.71mm_g,,1.030356101,xLSGS2,not previously published ,
ds_05,x9017,170914.03,6/29/1990,NA,SC,2.91,2.98,0.5,0.71,xLS004,diam_0.5_0.71mm_g,,5.202870155,xLSGS2,not previously published ,
ds_05,x9017,170914.04,6/29/1990,NA,SC,2.99,3.06,0.5,0.71,xLS004,diam_0.5_0.71mm_g,,10.49033493,xLSGS2,not previously published ,
ds_05,x9017,170914.05,6/29/1990,NA,SC,3.06,3.14,0.5,0.71,xLS004,diam_0.5_0.71mm_g,,0.820425435,xLSGS2,not previously published ,
ds_05,x9017,170914.06,6/29/1990,NA,SC,3.14,3.21,0.5,0.71,xLS004,diam_0.5_0.71mm_g,,0.071195118,xLSGS2,not previously published ,
ds_05,x9017,170914.07,6/29/1990,NA,SC,3.22,3.29,0.5,0.71,xLS004,diam_0.5_0.71mm_g,,0.329945354,xLSGS2,not previously published ,
ds_05,x9017,170914.08,6/29/1990,NA,SC,3.3,3.37,0.5,0.71,xLS004,diam_0.5_0.71mm_g,,0.901936361,xLSGS2,not previously published ,
ds_05,x9017,170914.09,6/29/1990,NA,SC,3.37,3.45,0.5,0.71,xLS004,diam_0.5_0.71mm_g,,0.099815022,xLSGS2,not previously published ,
ds_05,x9017,170914.1,6/29/1990,NA,SC,3.45,3.53,0.5,0.71,xLS004,diam_0.5_0.71mm_g,,1.519662237,xLSGS2,not previously published ,
ds_05,x9017,170914.11,6/29/1990,NA,SC,3.53,3.6,0.5,0.71,xLS004,diam_0.5_0.71mm_g,,7.344680335,xLSGS2,not previously published ,
ds_05,x9017,170914.12,6/29/1990,NA,SC,3.61,3.69,0.5,0.71,xLS004,diam_0.5_0.71mm_g,,5.293086316,xLSGS2,not previously published ,
ds_05,x9017,170914.13,6/29/1990,NA,SC,3.69,3.76,0.5,0.71,xLS004,diam_0.5_0.71mm_g,,7.152588429,xLSGS2,not previously published ,
ds_05,x9017,170914.14,6/29/1990,NA,SC,3.77,3.84,0.5,0.71,xLS004,diam_0.5_0.71mm_g,,10.66021122,xLSGS2,not previously published ,
ds_05,x9017,171419.01,6/29/1990,NA,SC,4.27,4.34,0.5,0.71,xLS004,diam_0.5_0.71mm_g,,42.9963722,xLSGS2,not previously published ,
ds_05,x9017,171419.02,6/29/1990,NA,SC,4.35,4.42,0.5,0.71,xLS004,diam_0.5_0.71mm_g,,49.67281132,xLSGS2,not previously published ,
ds_05,x9017,171419.03,6/29/1990,NA,SC,4.43,4.51,0.5,0.71,xLS004,diam_0.5_0.71mm_g,,14.89733497,xLSGS2,not previously published ,
ds_05,x9017,171419.04,6/29/1990,NA,SC,4.51,4.59,0.5,0.71,xLS004,diam_0.5_0.71mm_g,,13.85749062,xLSGS2,not previously published ,
ds_05,x9017,171419.05,6/29/1990,NA,SC,4.59,4.67,0.5,0.71,xLS004,diam_0.5_0.71mm_g,,37.71113432,xLSGS2,not previously published ,
ds_05,x9017,171419.06,6/29/1990,NA,SC,4.67,4.75,0.5,0.71,xLS004,diam_0.5_0.71mm_g,,51.19942258,xLSGS2,not previously published ,
ds_05,x9017,171419.07,6/29/1990,NA,SC,4.76,4.83,0.5,0.71,xLS004,diam_0.5_0.71mm_g,,23.22181953,xLSGS2,not previously published ,
ds_05,x9017,171419.08,6/29/1990,NA,SC,4.84,4.92,0.5,0.71,xLS004,diam_0.5_0.71mm_g,,9.749739792,xLSGS2,not previously published ,
ds_05,x9017,171419.09,6/29/1990,NA,SC,4.92,5,0.5,0.71,xLS004,diam_0.5_0.71mm_g,,29.22324327,xLSGS2,not previously published ,
ds_05,x9017,171419.1,6/29/1990,NA,SC,5.01,5.09,0.5,0.71,xLS004,diam_0.5_0.71mm_g,,43.83037252,xLSGS2,not previously published ,
ds_05,x9017,171419.11,6/29/1990,NA,SC,5.09,5.18,0.5,0.71,xLS004,diam_0.5_0.71mm_g,,15.75078367,xLSGS2,not previously published ,
ds_05,x9017,171419.12,6/29/1990,NA,SC,5.18,5.26,0.5,0.71,xLS004,diam_0.5_0.71mm_g,,14.21430578,xLSGS2,not previously published ,
ds_05,x9017,171924.01,6/29/1990,NA,SC,5.79,5.87,0.5,0.71,xLS004,diam_0.5_0.71mm_g,,3.291948116,xLSGS2,not previously published ,
ds_05,x9017,171924.02,6/29/1990,NA,SC,5.87,5.95,0.5,0.71,xLS004,diam_0.5_0.71mm_g,,0.651126305,xLSGS2,not previously published ,
ds_05,x9017,171924.03,6/29/1990,NA,SC,5.95,6.03,0.5,0.71,xLS004,diam_0.5_0.71mm_g,,0.066029487,xLSGS2,not previously published ,
ds_05,x9017,171924.04,6/29/1990,NA,SC,6.03,6.11,0.5,0.71,xLS004,diam_0.5_0.71mm_g,,0.019062905,xLSGS2,not previously published ,
ds_05,x9017,171924.05,6/29/1990,NA,SC,6.11,6.19,0.5,0.71,xLS004,diam_0.5_0.71mm_g,,0.021086351,xLSGS2,not previously published ,
ds_05,x9017,171924.06,6/29/1990,NA,SC,6.19,6.27,0.5,0.71,xLS004,diam_0.5_0.71mm_g,,0.009423244,xLSGS2,not previously published ,
ds_05,x9017,171924.07,6/29/1990,NA,SC,6.27,6.35,0.5,0.71,xLS004,diam_0.5_0.71mm_g,,0.020367548,xLSGS2,not previously published ,
ds_05,x9017,171924.08,6/29/1990,NA,SC,6.36,6.43,0.5,0.71,xLS004,diam_0.5_0.71mm_g,,0.020532299,xLSGS2,not previously published ,
ds_05,x9017,171924.09,6/29/1990,NA,SC,6.44,6.52,0.5,0.71,xLS004,diam_0.5_0.71mm_g,,0.180443581,xLSGS2,not previously published ,
ds_05,x9017,171924.1,6/29/1990,NA,SC,6.52,6.59,0.5,0.71,xLS004,diam_0.5_0.71mm_g,,0.020661011,xLSGS2,not previously published ,
ds_05,x9017,171924.11,6/29/1990,NA,SC,6.6,6.67,0.5,0.71,xLS004,diam_0.5_0.71mm_g,,0.020316436,xLSGS2,not previously published ,
ds_05,x9017,171924.12,6/29/1990,NA,SC,6.68,6.76,0.5,0.71,xLS004,diam_0.5_0.71mm_g,,0.39961975,xLSGS2,not previously published ,
ds_05,x9017,171924.13,6/29/1990,NA,SC,6.76,6.84,0.5,0.71,xLS004,diam_0.5_0.71mm_g,,0.409843267,xLSGS2,not previously published ,
ds_05,x9017,171924.14,6/29/1990,NA,SC,6.84,6.9,0.5,0.71,xLS004,diam_0.5_0.71mm_g,,0.020108655,xLSGS2,not previously published ,
ds_05,x9018,181419.03,6/29/1990,NA,SC,4.43,4.51,0.5,0.71,xLS004,diam_0.5_0.71mm_g,,8.111957277,xLSGS2,not previously published ,
ds_05,x9018,181419.04,6/29/1990,NA,SC,4.51,4.58,0.5,0.71,xLS004,diam_0.5_0.71mm_g,,6.827356913,xLSGS2,not previously published ,
ds_05,x9018,181419.05,6/29/1990,NA,SC,4.59,4.66,0.5,0.71,xLS004,diam_0.5_0.71mm_g,,12.4261271,xLSGS2,not previously published ,
ds_05,x9018,181419.06,6/29/1990,NA,SC,4.67,4.74,0.5,0.71,xLS004,diam_0.5_0.71mm_g,,18.49323095,xLSGS2,not previously published ,
ds_05,x9018,181419.07,6/29/1990,NA,SC,4.75,4.82,0.5,0.71,xLS004,diam_0.5_0.71mm_g,,9.981639368,xLSGS2,not previously published ,
ds_05,x9018,181419.08,6/29/1990,NA,SC,4.82,4.9,0.5,0.71,xLS004,diam_0.5_0.71mm_g,,7.873298132,xLSGS2,not previously published ,
ds_05,x9018,181419.09,6/29/1990,NA,SC,4.9,4.97,0.5,0.71,xLS004,diam_0.5_0.71mm_g,,16.56418607,xLSGS2,not previously published ,
ds_05,x9018,181419.1,6/29/1990,NA,SC,4.98,5.06,0.5,0.71,xLS004,diam_0.5_0.71mm_g,,14.4609716,xLSGS2,not previously published ,
ds_05,x9018,180914.01,6/29/1990,NA,SC,2.74,2.82,0.5,0.71,xLS004,diam_0.5_0.71mm_g,,12.26579579,xLSGS2,not previously published ,
ds_05,x9018,180914.02,6/29/1990,NA,SC,2.83,2.9,0.5,0.71,xLS004,diam_0.5_0.71mm_g,,13.07377228,xLSGS2,not previously published ,
ds_05,x9018,180914.03,6/29/1990,NA,SC,2.9,2.98,0.5,0.71,xLS004,diam_0.5_0.71mm_g,,34.12135691,xLSGS2,not previously published ,
ds_05,x9018,180914.04,6/29/1990,NA,SC,2.98,3.06,0.5,0.71,xLS004,diam_0.5_0.71mm_g,,4.85873084,xLSGS2,not previously published ,
ds_05,x9018,180914.05,6/29/1990,NA,SC,3.06,3.13,0.5,0.71,xLS004,diam_0.5_0.71mm_g,,1.250801122,xLSGS2,not previously published ,
ds_05,x9018,180914.06,6/29/1990,NA,SC,3.14,3.21,0.5,0.71,xLS004,diam_0.5_0.71mm_g,,1.974315737,xLSGS2,not previously published ,
ds_05,x9018,180914.07,6/29/1990,NA,SC,3.21,3.29,0.5,0.71,xLS004,diam_0.5_0.71mm_g,,7.037774447,xLSGS2,not previously published ,
ds_05,x9018,180914.08,6/29/1990,NA,SC,3.29,3.37,0.5,0.71,xLS004,diam_0.5_0.71mm_g,,5.397858397,xLSGS2,not previously published ,
ds_05,x9018,180914.09,6/29/1990,NA,SC,3.37,3.45,0.5,0.71,xLS004,diam_0.5_0.71mm_g,,7.977908214,xLSGS2,not previously published ,
ds_05,x9018,180914.1,6/29/1990,NA,SC,3.45,3.53,0.5,0.71,xLS004,diam_0.5_0.71mm_g,,7.488412709,xLSGS2,not previously published ,
ds_05,x9018,180914.11,6/29/1990,NA,SC,3.53,3.61,0.5,0.71,xLS004,diam_0.5_0.71mm_g,,8.829333281,xLSGS2,not previously published ,
ds_05,x9018,180914.12,6/29/1990,NA,SC,3.61,3.69,0.5,0.71,xLS004,diam_0.5_0.71mm_g,,19.01536826,xLSGS2,not previously published ,
ds_05,x9018,180914.13,6/29/1990,NA,SC,3.69,3.77,0.5,0.71,xLS004,diam_0.5_0.71mm_g,,20.18943549,xLSGS2,not previously published ,
ds_05,x9018,180914.14,6/29/1990,NA,SC,3.77,3.85,0.5,0.71,xLS004,diam_0.5_0.71mm_g,,1.441524633,xLSGS2,not previously published ,
ds_05,x9018,180914.15,6/29/1990,NA,SC,3.85,3.93,0.5,0.71,xLS004,diam_0.5_0.71mm_g,,16.11873441,xLSGS2,not previously published ,
ds_05,x9018,180914.16,6/29/1990,NA,SC,3.93,4.01,0.5,0.71,xLS004,diam_0.5_0.71mm_g,,2.08258423,xLSGS2,not previously published ,
ds_05,x9018,181419.01,6/29/1990,NA,SC,4.27,4.34,0.5,0.71,xLS004,diam_0.5_0.71mm_g,,12.96330407,xLSGS2,not previously published ,
ds_05,x9018,181419.02,6/29/1990,NA,SC,4.35,4.42,0.5,0.71,xLS004,diam_0.5_0.71mm_g,,17.42714432,xLSGS2,not previously published ,
ds_05,x9018,181924.02,6/29/1990,NA,SC,5.87,5.95,0.5,0.71,xLS004,diam_0.5_0.71mm_g,,3.776405735,xLSGS2,not previously published ,
ds_05,x9018,181924.03,6/29/1990,NA,SC,5.95,6.03,0.5,0.71,xLS004,diam_0.5_0.71mm_g,,10.81815347,xLSGS2,not previously published ,
ds_05,x9018,181924.05,6/29/1990,NA,SC,6.12,6.2,0.5,0.71,xLS004,diam_0.5_0.71mm_g,,15.75696295,xLSGS2,not previously published ,
ds_05,x9018,181419.14,6/29/1990,NA,SC,5.31,5.4,0.5,0.71,xLS004,diam_0.5_0.71mm_g,,3.135847149,xLSGS2,not previously published ,
ds_05,x9018,181924.06,6/29/1990,NA,SC,6.2,6.26,0.5,0.71,xLS004,diam_0.5_0.71mm_g,,11.0326794,xLSGS2,not previously published ,
ds_05,x9018,181924.07,6/29/1990,NA,SC,6.26,6.34,0.5,0.71,xLS004,diam_0.5_0.71mm_g,,0.039783853,xLSGS2,not previously published ,
ds_05,x9018,181924.08,6/29/1990,NA,SC,6.35,6.4,0.5,0.71,xLS004,diam_0.5_0.71mm_g,,0.009281046,xLSGS2,not previously published ,
ds_05,x9018,181924.04,6/29/1990,NA,SC,6.03,6.11,0.5,0.71,xLS004,diam_0.5_0.71mm_g,,18.72798271,xLSGS2,not previously published ,
ds_05,x9018,181419.11,6/29/1990,NA,SC,5.06,5.14,0.5,0.71,xLS004,diam_0.5_0.71mm_g,,21.31576594,xLSGS2,not previously published ,
ds_05,x9018,181419.12,6/29/1990,NA,SC,5.14,5.22,0.5,0.71,xLS004,diam_0.5_0.71mm_g,,6.175530317,xLSGS2,not previously published ,
ds_05,x9018,181419.13,6/29/1990,NA,SC,5.23,5.3,0.5,0.71,xLS004,diam_0.5_0.71mm_g,,6.996704557,xLSGS2,not previously published ,
ds_05,x9018,181924.01,6/29/1990,NA,SC,5.79,5.87,0.5,0.71,xLS004,diam_0.5_0.71mm_g,,5.417900677,xLSGS2,not previously published ,
ds_05,x9013,132530.03,6/27/1990,NA,SC,7.77,7.85,0.355,0.5,xLS005,diam_0.355_0.5mm_g,,1.467664437,xLSGS2,not previously published ,
ds_05,x9013,132530.04,6/27/1990,NA,SC,7.85,7.93,0.355,0.5,xLS005,diam_0.355_0.5mm_g,,0.446758414,xLSGS2,not previously published ,
ds_05,x9013,132530.01,6/27/1990,NA,SC,7.62,7.69,0.355,0.5,xLS005,diam_0.355_0.5mm_g,,23.04608876,xLSGS2,not previously published ,
ds_05,x9013,132530.02,6/27/1990,NA,SC,7.69,7.77,0.355,0.5,xLS005,diam_0.355_0.5mm_g,,0.171304498,xLSGS2,not previously published ,
ds_05,x9013,133035.03,6/27/1990,NA,SC,9.31,9.38,0.355,0.5,xLS005,diam_0.355_0.5mm_g,,20.70599321,xLSGS2,not previously published ,
ds_05,x9013,133035.04,6/27/1990,NA,SC,9.39,9.46,0.355,0.5,xLS005,diam_0.355_0.5mm_g,,9.651698475,xLSGS2,not previously published ,
ds_05,x9013,132530.05,6/27/1990,NA,SC,7.94,8.01,0.355,0.5,xLS005,diam_0.355_0.5mm_g,,6.531192394,xLSGS2,not previously published ,
ds_05,x9013,132530.06,6/27/1990,NA,SC,8.02,8.09,0.355,0.5,xLS005,diam_0.355_0.5mm_g,,0.503644828,xLSGS2,not previously published ,
ds_05,x9013,132530.07,6/27/1990,NA,SC,8.1,8.17,0.355,0.5,xLS005,diam_0.355_0.5mm_g,,5.54222038,xLSGS2,not previously published ,
ds_05,x9013,132530.08,6/27/1990,NA,SC,8.18,8.25,0.355,0.5,xLS005,diam_0.355_0.5mm_g,,13.79281725,xLSGS2,not previously published ,
ds_05,x9013,132530.09,6/27/1990,NA,SC,8.26,8.33,0.355,0.5,xLS005,diam_0.355_0.5mm_g,,18.08536864,xLSGS2,not previously published ,
ds_05,x9013,132530.1,6/27/1990,NA,SC,8.34,8.42,0.355,0.5,xLS005,diam_0.355_0.5mm_g,,13.68479049,xLSGS2,not previously published ,
ds_05,x9013,132530.11,6/27/1990,NA,SC,8.42,8.5,0.355,0.5,xLS005,diam_0.355_0.5mm_g,,5.870136726,xLSGS2,not previously published ,
ds_05,x9013,132530.12,6/27/1990,NA,SC,8.5,8.54,0.355,0.5,xLS005,diam_0.355_0.5mm_g,,23.21215703,xLSGS2,not previously published ,
ds_05,x9013,132530.14,6/27/1990,NA,SC,8.58,8.66,0.355,0.5,xLS005,diam_0.355_0.5mm_g,,1.527739189,xLSGS2,not previously published ,
ds_05,x9013,133035.01,6/27/1990,NA,SC,9.14,9.22,0.355,0.5,xLS005,diam_0.355_0.5mm_g,,19.64940939,xLSGS2,not previously published ,
ds_05,x9013,133035.02,6/27/1990,NA,SC,9.22,9.3,0.355,0.5,xLS005,diam_0.355_0.5mm_g,,10.15558308,xLSGS2,not previously published ,
ds_05,x9014,142025.07,6/27/1990,NA,SC,6.59,6.67,0.355,0.5,xLS005,diam_0.355_0.5mm_g,,17.00747902,xLSGS2,not previously published ,
ds_05,x9014,142025.08,6/27/1990,NA,SC,6.67,6.76,0.355,0.5,xLS005,diam_0.355_0.5mm_g,,3.003190703,xLSGS2,not previously published ,
ds_05,x9014,142025.09,6/27/1990,NA,SC,6.76,6.84,0.355,0.5,xLS005,diam_0.355_0.5mm_g,,0.291164632,xLSGS2,not previously published ,
ds_05,x9014,142025.1,6/27/1990,NA,SC,6.84,6.92,0.355,0.5,xLS005,diam_0.355_0.5mm_g,,1.242945811,xLSGS2,not previously published ,
ds_05,x9014,142025.11,6/27/1990,NA,SC,6.93,6.98,0.355,0.5,xLS005,diam_0.355_0.5mm_g,,0.340556324,xLSGS2,not previously published ,
ds_05,x9014,142530.01,6/27/1990,NA,SC,7.62,7.69,0.355,0.5,xLS005,diam_0.355_0.5mm_g,,48.36243847,xLSGS2,not previously published ,
ds_05,x9014,142530.02,6/27/1990,NA,SC,7.7,7.78,0.355,0.5,xLS005,diam_0.355_0.5mm_g,,18.5145901,xLSGS2,not previously published ,
ds_05,x9014,142530.03,6/27/1990,NA,SC,7.78,7.85,0.355,0.5,xLS005,diam_0.355_0.5mm_g,,14.12592311,xLSGS2,not previously published ,
ds_05,x9014,142530.04,6/27/1990,NA,SC,7.86,7.93,0.355,0.5,xLS005,diam_0.355_0.5mm_g,,7.792092129,xLSGS2,not previously published ,
ds_05,x9014,142530.05,6/27/1990,NA,SC,7.94,8.01,0.355,0.5,xLS005,diam_0.355_0.5mm_g,,8.312236632,xLSGS2,not previously published ,
ds_05,x9014,142530.06,6/27/1990,NA,SC,8.02,8.07,0.355,0.5,xLS005,diam_0.355_0.5mm_g,,2.814960281,xLSGS2,not previously published ,
ds_05,x9014,142530.07,6/27/1990,NA,SC,8.09,8.16,0.355,0.5,xLS005,diam_0.355_0.5mm_g,,2.853450329,xLSGS2,not previously published ,
ds_05,x9014,142530.08,6/27/1990,NA,SC,8.17,8.24,0.355,0.5,xLS005,diam_0.355_0.5mm_g,,2.547035266,xLSGS2,not previously published ,
ds_05,x9014,142530.09,6/27/1990,NA,SC,8.25,8.32,0.355,0.5,xLS005,diam_0.355_0.5mm_g,,5.947407679,xLSGS2,not previously published ,
ds_05,x9014,142530.1,6/27/1990,NA,SC,8.33,8.4,0.355,0.5,xLS005,diam_0.355_0.5mm_g,,9.48119336,xLSGS2,not previously published ,
ds_05,x9014,142530.11,6/27/1990,NA,SC,8.41,8.48,0.355,0.5,xLS005,diam_0.355_0.5mm_g,,9.329765473,xLSGS2,not previously published ,
ds_05,x9014,142530.12,6/27/1990,NA,SC,8.48,8.56,0.355,0.5,xLS005,diam_0.355_0.5mm_g,,1.111153679,xLSGS2,not previously published ,
ds_05,x9014,142530.13,6/27/1990,NA,SC,8.56,8.64,0.355,0.5,xLS005,diam_0.355_0.5mm_g,,0.439977825,xLSGS2,not previously published ,
ds_05,x9014,142530.14,6/27/1990,NA,SC,8.64,8.72,0.355,0.5,xLS005,diam_0.355_0.5mm_g,,26.75634355,xLSGS2,not previously published ,
ds_05,x9014,142530.15,6/27/1990,NA,SC,8.73,8.78,0.355,0.5,xLS005,diam_0.355_0.5mm_g,,18.50529234,xLSGS2,not previously published ,
ds_05,x9014,143035.01,6/27/1990,NA,SC,9.14,9.22,0.355,0.5,xLS005,diam_0.355_0.5mm_g,,22.4782099,xLSGS2,not previously published ,
ds_05,x9014,143035.02,6/27/1990,NA,SC,9.22,9.3,0.355,0.5,xLS005,diam_0.355_0.5mm_g,,14.41800756,xLSGS2,not previously published ,
ds_05,x9014,143035.03,6/27/1990,NA,SC,9.3,9.38,0.355,0.5,xLS005,diam_0.355_0.5mm_g,,15.36339292,xLSGS2,not previously published ,
ds_05,x9014,143035.04,6/27/1990,NA,SC,9.38,9.46,0.355,0.5,xLS005,diam_0.355_0.5mm_g,,11.76329729,xLSGS2,not previously published ,
ds_05,x9014,143035.05,6/27/1990,NA,SC,9.46,9.54,0.355,0.5,xLS005,diam_0.355_0.5mm_g,,19.93369087,xLSGS2,not previously published ,
ds_05,x9014,143035.06,6/27/1990,NA,SC,9.54,9.61,0.355,0.5,xLS005,diam_0.355_0.5mm_g,,19.21457675,xLSGS2,not previously published ,
ds_05,x9014,143035.07,6/27/1990,NA,SC,9.62,9.69,0.355,0.5,xLS005,diam_0.355_0.5mm_g,,33.29647754,xLSGS2,not previously published ,
ds_05,x9014,143035.08,6/27/1990,NA,SC,9.7,9.77,0.355,0.5,xLS005,diam_0.355_0.5mm_g,,25.59120344,xLSGS2,not previously published ,
ds_05,x9014,143035.09,6/27/1990,NA,SC,9.77,9.85,0.355,0.5,xLS005,diam_0.355_0.5mm_g,,39.6720197,xLSGS2,not previously published ,
ds_05,x9014,143035.1,6/27/1990,NA,SC,9.85,9.92,0.355,0.5,xLS005,diam_0.355_0.5mm_g,,46.13525869,xLSGS2,not previously published ,
ds_05,x9014,143035.11,6/27/1990,NA,SC,9.93,10.01,0.355,0.5,xLS005,diam_0.355_0.5mm_g,,64.32059178,xLSGS2,not previously published ,
ds_05,x9014,143035.12,6/27/1990,NA,SC,10.02,10.1,0.355,0.5,xLS005,diam_0.355_0.5mm_g,,42.21385877,xLSGS2,not previously published ,
ds_05,x9014,143035.13,6/27/1990,NA,SC,10.1,10.19,0.355,0.5,xLS005,diam_0.355_0.5mm_g,,42.61142669,xLSGS2,not previously published ,
ds_05,x9014,143035.14,6/27/1990,NA,SC,10.19,10.27,0.355,0.5,xLS005,diam_0.355_0.5mm_g,,35.48722006,xLSGS2,not previously published ,
ds_05,x9014,142025.01,6/27/1990,NA,SC,6.1,6.18,0.355,0.5,xLS005,diam_0.355_0.5mm_g,,55.76286596,xLSGS2,not previously published ,
ds_05,x9014,142025.02,6/27/1990,NA,SC,6.18,6.26,0.355,0.5,xLS005,diam_0.355_0.5mm_g,,0.47040781,xLSGS2,not previously published ,
ds_05,x9014,142025.03,6/27/1990,NA,SC,6.26,6.34,0.355,0.5,xLS005,diam_0.355_0.5mm_g,,0.139844804,xLSGS2,not previously published ,
ds_05,x9014,142025.04,6/27/1990,NA,SC,6.34,6.42,0.355,0.5,xLS005,diam_0.355_0.5mm_g,,0.100525317,xLSGS2,not previously published ,
ds_05,x9014,142025.05,6/27/1990,NA,SC,6.43,6.5,0.355,0.5,xLS005,diam_0.355_0.5mm_g,,0.120311397,xLSGS2,not previously published ,
ds_05,x9014,142025.06,6/27/1990,NA,SC,6.51,6.59,0.355,0.5,xLS005,diam_0.355_0.5mm_g,,8.259346794,xLSGS2,not previously published ,
ds_05,x9014,143035.15,6/27/1990,NA,SC,10.27,10.35,0.355,0.5,xLS005,diam_0.355_0.5mm_g,,1.712209414,xLSGS2,not previously published ,
ds_05,x9014,143035.16,6/27/1990,NA,SC,10.35,10.44,0.355,0.5,xLS005,diam_0.355_0.5mm_g,,21.66828418,xLSGS2,not previously published ,
ds_05,x9014,143035.17,6/27/1990,NA,SC,10.44,10.52,0.355,0.5,xLS005,diam_0.355_0.5mm_g,,55.76332497,xLSGS2,not previously published ,
ds_05,x9015,150105.04,6/27/1990,NA,SC,0.56,0.63,0.355,0.5,xLS005,diam_0.355_0.5mm_g,,55.68344273,xLSGS2,not previously published ,
ds_05,x9015,150105.05,6/27/1990,NA,SC,0.65,0.73,0.355,0.5,xLS005,diam_0.355_0.5mm_g,,52.8234115,xLSGS2,not previously published ,
ds_05,x9015,150105.06,6/27/1990,NA,SC,0.74,0.82,0.355,0.5,xLS005,diam_0.355_0.5mm_g,,52.08470579,xLSGS2,not previously published ,
ds_05,x9015,150105.07,6/27/1990,NA,SC,0.82,0.9,0.355,0.5,xLS005,diam_0.355_0.5mm_g,,50.77989831,xLSGS2,not previously published ,
ds_05,x9015,150105.08,6/27/1990,NA,SC,0.9,0.98,0.355,0.5,xLS005,diam_0.355_0.5mm_g,,50.1337359,xLSGS2,not previously published ,
ds_05,x9015,150105.09,6/27/1990,NA,SC,0.98,1.06,0.355,0.5,xLS005,diam_0.355_0.5mm_g,,51.79731606,xLSGS2,not previously published ,
ds_05,x9015,150105.1,6/27/1990,NA,SC,1.06,1.14,0.355,0.5,xLS005,diam_0.355_0.5mm_g,,50.12868821,xLSGS2,not previously published ,
ds_05,x9015,150105.11,6/27/1990,NA,SC,1.14,1.21,0.355,0.5,xLS005,diam_0.355_0.5mm_g,,40.50684214,xLSGS2,not previously published ,
ds_05,x9015,150510.01,6/27/1990,NA,SC,1.52,1.6,0.355,0.5,xLS005,diam_0.355_0.5mm_g,,32.98258493,xLSGS2,not previously published ,
ds_05,x9015,150510.02,6/27/1990,NA,SC,1.61,1.68,0.355,0.5,xLS005,diam_0.355_0.5mm_g,,34.40233339,xLSGS2,not previously published ,
ds_05,x9015,150510.03,6/27/1990,NA,SC,1.69,1.76,0.355,0.5,xLS005,diam_0.355_0.5mm_g,,52.40593296,xLSGS2,not previously published ,
ds_05,x9015,150510.04,6/27/1990,NA,SC,1.77,1.85,0.355,0.5,xLS005,diam_0.355_0.5mm_g,,52.53141193,xLSGS2,not previously published ,
ds_05,x9015,150510.05,6/27/1990,NA,SC,1.85,1.93,0.355,0.5,xLS005,diam_0.355_0.5mm_g,,60.14691904,xLSGS2,not previously published ,
ds_05,x9015,150510.06,6/27/1990,NA,SC,1.93,2.01,0.355,0.5,xLS005,diam_0.355_0.5mm_g,,36.8791463,xLSGS2,not previously published ,
ds_05,x9015,150510.07,6/27/1990,NA,SC,2.01,2.09,0.355,0.5,xLS005,diam_0.355_0.5mm_g,,31.82944631,xLSGS2,not previously published ,
ds_05,x9015,150510.08,6/27/1990,NA,SC,2.1,2.17,0.355,0.5,xLS005,diam_0.355_0.5mm_g,,29.97160003,xLSGS2,not previously published ,
ds_05,x9015,150510.09,6/27/1990,NA,SC,2.18,2.23,0.355,0.5,xLS005,diam_0.355_0.5mm_g,,26.84412288,xLSGS2,not previously published ,
ds_05,x9015,150510.1,6/27/1990,NA,SC,2.24,2.32,0.355,0.5,xLS005,diam_0.355_0.5mm_g,,23.70854949,xLSGS2,not previously published ,
ds_05,x9015,150510.11,6/27/1990,NA,SC,2.33,2.44,0.355,0.5,xLS005,diam_0.355_0.5mm_g,,54.55537987,xLSGS2,not previously published ,
ds_05,x9015,151015.01,6/27/1990,NA,SC,3.05,3.12,0.355,0.5,xLS005,diam_0.355_0.5mm_g,,31.30601141,xLSGS2,not previously published ,
ds_05,x9015,151015.02,6/27/1990,NA,SC,3.13,3.21,0.355,0.5,xLS005,diam_0.355_0.5mm_g,,21.49886449,xLSGS2,not previously published ,
ds_05,x9015,151015.03,6/27/1990,NA,SC,3.21,3.28,0.355,0.5,xLS005,diam_0.355_0.5mm_g,,47.58947676,xLSGS2,not previously published ,
ds_05,x9015,151015.04,6/27/1990,NA,SC,3.29,3.37,0.355,0.5,xLS005,diam_0.355_0.5mm_g,,49.7544095,xLSGS2,not previously published ,
ds_05,x9015,151015.05,6/27/1990,NA,SC,3.37,3.45,0.355,0.5,xLS005,diam_0.355_0.5mm_g,,28.85060926,xLSGS2,not previously published ,
ds_05,x9015,151015.06,6/27/1990,NA,SC,3.45,3.53,0.355,0.5,xLS005,diam_0.355_0.5mm_g,,24.12369388,xLSGS2,not previously published ,
ds_05,x9015,151015.07,6/27/1990,NA,SC,3.54,3.61,0.355,0.5,xLS005,diam_0.355_0.5mm_g,,28.99234011,xLSGS2,not previously published ,
ds_05,x9015,151015.08,6/27/1990,NA,SC,3.62,3.69,0.355,0.5,xLS005,diam_0.355_0.5mm_g,,27.69836787,xLSGS2,not previously published ,
ds_05,x9015,151015.09,6/27/1990,NA,SC,3.7,3.77,0.355,0.5,xLS005,diam_0.355_0.5mm_g,,31.6545843,xLSGS2,not previously published ,
ds_05,x9015,151015.1,6/27/1990,NA,SC,3.78,3.85,0.355,0.5,xLS005,diam_0.355_0.5mm_g,,39.13521615,xLSGS2,not previously published ,
ds_05,x9015,151015.11,6/27/1990,NA,SC,3.85,3.93,0.355,0.5,xLS005,diam_0.355_0.5mm_g,,51.88196594,xLSGS2,not previously published ,
ds_05,x9015,151015.12,6/27/1990,NA,SC,3.94,4.01,0.355,0.5,xLS005,diam_0.355_0.5mm_g,,27.78716968,xLSGS2,not previously published ,
ds_05,x9015,151015.13,6/27/1990,NA,SC,4.03,4.11,0.355,0.5,xLS005,diam_0.355_0.5mm_g,,40.34428059,xLSGS2,not previously published ,
ds_05,x9015,151015.14,6/27/1990,NA,SC,4.11,4.15,0.355,0.5,xLS005,diam_0.355_0.5mm_g,,9.991078395,xLSGS2,not previously published ,
ds_05,x9015,151520.01,6/27/1990,NA,SC,4.57,4.65,0.355,0.5,xLS005,diam_0.355_0.5mm_g,,10.64212043,xLSGS2,not previously published ,
ds_05,x9015,150105.01,6/27/1990,NA,SC,0.3,0.38,0.355,0.5,xLS005,diam_0.355_0.5mm_g,,47.39256572,xLSGS2,not previously published ,
ds_05,x9015,150105.02,6/27/1990,NA,SC,0.38,0.47,0.355,0.5,xLS005,diam_0.355_0.5mm_g,,58.05258504,xLSGS2,not previously published ,
ds_05,x9015,150105.03,6/27/1990,NA,SC,0.47,0.55,0.355,0.5,xLS005,diam_0.355_0.5mm_g,,57.94110116,xLSGS2,not previously published ,
ds_05,x9015,151520.13,6/27/1990,NA,SC,5.53,5.6,0.355,0.5,xLS005,diam_0.355_0.5mm_g,,62.31181477,xLSGS2,not previously published ,
ds_05,x9015,151520.14,6/27/1990,NA,SC,5.61,5.68,0.355,0.5,xLS005,diam_0.355_0.5mm_g,,59.64040497,xLSGS2,not previously published ,
ds_05,x9015,151520.15,6/27/1990,NA,SC,5.68,5.76,0.355,0.5,xLS005,diam_0.355_0.5mm_g,,60.81286434,xLSGS2,not previously published ,
ds_05,x9015,151520.16,6/27/1990,NA,SC,5.76,5.86,0.355,0.5,xLS005,diam_0.355_0.5mm_g,,30.42559288,xLSGS2,not previously published ,
ds_05,x9015,152025.01,6/27/1990,NA,SC,6.1,6.17,0.355,0.5,xLS005,diam_0.355_0.5mm_g,,25.12208949,xLSGS2,not previously published ,
ds_05,x9015,152025.02,6/27/1990,NA,SC,6.18,6.25,0.355,0.5,xLS005,diam_0.355_0.5mm_g,,47.28592969,xLSGS2,not previously published ,
ds_05,x9015,152025.03,6/27/1990,NA,SC,6.26,6.33,0.355,0.5,xLS005,diam_0.355_0.5mm_g,,69.71755621,xLSGS2,not previously published ,
ds_05,x9015,152025.04,6/27/1990,NA,SC,6.34,6.42,0.355,0.5,xLS005,diam_0.355_0.5mm_g,,68.87255216,xLSGS2,not previously published ,
ds_05,x9015,152025.05,6/27/1990,NA,SC,6.42,6.49,0.355,0.5,xLS005,diam_0.355_0.5mm_g,,69.23099937,xLSGS2,not previously published ,
ds_05,x9015,152025.06,6/27/1990,NA,SC,6.51,6.59,0.355,0.5,xLS005,diam_0.355_0.5mm_g,,66.13744662,xLSGS2,not previously published ,
ds_05,x9015,152025.07,6/27/1990,NA,SC,6.59,6.67,0.355,0.5,xLS005,diam_0.355_0.5mm_g,,52.41731168,xLSGS2,not previously published ,
ds_05,x9015,152025.08,6/27/1990,NA,SC,6.67,6.75,0.355,0.5,xLS005,diam_0.355_0.5mm_g,,55.15981405,xLSGS2,not previously published ,
ds_05,x9015,152025.09,6/27/1990,NA,SC,6.75,6.83,0.355,0.5,xLS005,diam_0.355_0.5mm_g,,48.05412154,xLSGS2,not previously published ,
ds_05,x9015,152025.1,6/27/1990,NA,SC,6.83,6.91,0.355,0.5,xLS005,diam_0.355_0.5mm_g,,13.71840873,xLSGS2,not previously published ,
ds_05,x9015,152025.11,6/27/1990,NA,SC,6.91,6.99,0.355,0.5,xLS005,diam_0.355_0.5mm_g,,4.247727643,xLSGS2,not previously published ,
ds_05,x9015,152025.12,6/27/1990,NA,SC,7,7.07,0.355,0.5,xLS005,diam_0.355_0.5mm_g,,7.210749295,xLSGS2,not previously published ,
ds_05,x9015,152025.13,6/27/1990,NA,SC,7.09,7.17,0.355,0.5,xLS005,diam_0.355_0.5mm_g,,8.280232774,xLSGS2,not previously published ,
ds_05,x9015,152530.01,6/27/1990,NA,SC,7.62,7.7,0.355,0.5,xLS005,diam_0.355_0.5mm_g,,33.0599284,xLSGS2,not previously published ,
ds_05,x9015,152530.02,6/27/1990,NA,SC,7.7,7.78,0.355,0.5,xLS005,diam_0.355_0.5mm_g,,29.47188896,xLSGS2,not previously published ,
ds_05,x9015,152530.03,6/27/1990,NA,SC,7.78,7.85,0.355,0.5,xLS005,diam_0.355_0.5mm_g,,7.944059583,xLSGS2,not previously published ,
ds_05,x9015,152530.04,6/27/1990,NA,SC,7.86,7.93,0.355,0.5,xLS005,diam_0.355_0.5mm_g,,0.291181573,xLSGS2,not previously published ,
ds_05,x9015,152530.05,6/27/1990,NA,SC,7.94,8.01,0.355,0.5,xLS005,diam_0.355_0.5mm_g,,0.131163004,xLSGS2,not previously published ,
ds_05,x9015,152530.06,6/27/1990,NA,SC,8.01,8.09,0.355,0.5,xLS005,diam_0.355_0.5mm_g,,0.090850962,xLSGS2,not previously published ,
ds_05,x9015,152530.07,6/27/1990,NA,SC,8.09,8.17,0.355,0.5,xLS005,diam_0.355_0.5mm_g,,0.061143816,xLSGS2,not previously published ,
ds_05,x9015,151520.02,6/27/1990,NA,SC,4.66,4.73,0.355,0.5,xLS005,diam_0.355_0.5mm_g,,9.520239759,xLSGS2,not previously published ,
ds_05,x9015,151520.03,6/27/1990,NA,SC,4.73,4.81,0.355,0.5,xLS005,diam_0.355_0.5mm_g,,12.203174,xLSGS2,not previously published ,
ds_05,x9015,151520.04,6/27/1990,NA,SC,4.81,4.89,0.355,0.5,xLS005,diam_0.355_0.5mm_g,,2.972852738,xLSGS2,not previously published ,
ds_05,x9015,151520.05,6/27/1990,NA,SC,4.89,4.97,0.355,0.5,xLS005,diam_0.355_0.5mm_g,,8.627003833,xLSGS2,not previously published ,
ds_05,x9015,151520.06,6/27/1990,NA,SC,4.97,5.05,0.355,0.5,xLS005,diam_0.355_0.5mm_g,,31.64786104,xLSGS2,not previously published ,
ds_05,x9015,151520.07,6/27/1990,NA,SC,5.05,5.12,0.355,0.5,xLS005,diam_0.355_0.5mm_g,,27.13095988,xLSGS2,not previously published ,
ds_05,x9015,151520.08,6/27/1990,NA,SC,5.13,5.2,0.355,0.5,xLS005,diam_0.355_0.5mm_g,,36.30153549,xLSGS2,not previously published ,
ds_05,x9015,151520.09,6/27/1990,NA,SC,5.21,5.28,0.355,0.5,xLS005,diam_0.355_0.5mm_g,,27.6735014,xLSGS2,not previously published ,
ds_05,x9015,151520.1,6/27/1990,NA,SC,5.28,5.36,0.355,0.5,xLS005,diam_0.355_0.5mm_g,,31.01128364,xLSGS2,not previously published ,
ds_05,x9015,151520.11,6/27/1990,NA,SC,5.36,5.44,0.355,0.5,xLS005,diam_0.355_0.5mm_g,,32.20711345,xLSGS2,not previously published ,
ds_05,x9015,151520.12,6/27/1990,NA,SC,5.44,5.52,0.355,0.5,xLS005,diam_0.355_0.5mm_g,,45.0406806,xLSGS2,not previously published ,
ds_05,x9016,160510.01,6/28/1990,NA,SC,1.52,1.6,0.355,0.5,xLS005,diam_0.355_0.5mm_g,,32.74738658,xLSGS2,not previously published ,
ds_05,x9016,160510.02,6/28/1990,NA,SC,1.6,1.68,0.355,0.5,xLS005,diam_0.355_0.5mm_g,,37.74167885,xLSGS2,not previously published ,
ds_05,x9016,160510.03,6/28/1990,NA,SC,1.69,1.76,0.355,0.5,xLS005,diam_0.355_0.5mm_g,,38.6753841,xLSGS2,not previously published ,
ds_05,x9016,160510.04,6/28/1990,NA,SC,1.77,1.84,0.355,0.5,xLS005,diam_0.355_0.5mm_g,,37.92697738,xLSGS2,not previously published ,
ds_05,x9016,160510.05,6/28/1990,NA,SC,1.85,1.92,0.355,0.5,xLS005,diam_0.355_0.5mm_g,,37.30915525,xLSGS2,not previously published ,
ds_05,x9016,160510.12,6/28/1990,NA,SC,2.4,2.47,0.355,0.5,xLS005,diam_0.355_0.5mm_g,,38.24630413,xLSGS2,not previously published ,
ds_05,x9016,160510.13,6/28/1990,NA,SC,2.48,2.58,0.355,0.5,xLS005,diam_0.355_0.5mm_g,,45.07683414,xLSGS2,not previously published ,
ds_05,x9016,161013.01,6/28/1990,NA,SC,3.05,3.12,0.355,0.5,xLS005,diam_0.355_0.5mm_g,,40.97282452,xLSGS2,not previously published ,
ds_05,x9016,161013.02,6/28/1990,NA,SC,3.13,3.2,0.355,0.5,xLS005,diam_0.355_0.5mm_g,,37.96799918,xLSGS2,not previously published ,
ds_05,x9016,161013.03,6/28/1990,NA,SC,3.21,3.28,0.355,0.5,xLS005,diam_0.355_0.5mm_g,,40.3587363,xLSGS2,not previously published ,
ds_05,x9016,161013.04,6/28/1990,NA,SC,3.29,3.36,0.355,0.5,xLS005,diam_0.355_0.5mm_g,,39.80979407,xLSGS2,not previously published ,
ds_05,x9016,161013.05,6/28/1990,NA,SC,3.36,3.43,0.355,0.5,xLS005,diam_0.355_0.5mm_g,,37.2128001,xLSGS2,not previously published ,
ds_05,x9016,161013.06,6/28/1990,NA,SC,3.45,3.53,0.355,0.5,xLS005,diam_0.355_0.5mm_g,,40.37257086,xLSGS2,not previously published ,
ds_05,x9016,161013.07,6/28/1990,NA,SC,3.53,3.56,0.355,0.5,xLS005,diam_0.355_0.5mm_g,,13.43862191,xLSGS2,not previously published ,
ds_05,x9016,161013.08,6/28/1990,NA,SC,3.56,3.64,0.355,0.5,xLS005,diam_0.355_0.5mm_g,,37.11204058,xLSGS2,not previously published ,
ds_05,x9016,161013.09,6/28/1990,NA,SC,3.64,3.72,0.355,0.5,xLS005,diam_0.355_0.5mm_g,,7.841187675,xLSGS2,not previously published ,
ds_05,x9016,161013.1,6/28/1990,NA,SC,3.72,3.81,0.355,0.5,xLS005,diam_0.355_0.5mm_g,,6.813524913,xLSGS2,not previously published ,
ds_05,x9016,161418.01,6/28/1990,NA,SC,4.27,4.35,0.355,0.5,xLS005,diam_0.355_0.5mm_g,,21.58135825,xLSGS2,not previously published ,
ds_05,x9016,161418.02,6/28/1990,NA,SC,4.35,4.42,0.355,0.5,xLS005,diam_0.355_0.5mm_g,,24.52349077,xLSGS2,not previously published ,
ds_05,x9016,161418.03,6/28/1990,NA,SC,4.43,4.51,0.355,0.5,xLS005,diam_0.355_0.5mm_g,,2.196483506,xLSGS2,not previously published ,
ds_05,x9016,161418.04,6/28/1990,NA,SC,4.51,4.59,0.355,0.5,xLS005,diam_0.355_0.5mm_g,,0.429850746,xLSGS2,not previously published ,
ds_05,x9016,161418.05,6/28/1990,NA,SC,4.59,4.67,0.355,0.5,xLS005,diam_0.355_0.5mm_g,,0.255308669,xLSGS2,not previously published ,
ds_05,x9016,161418.06,6/28/1990,NA,SC,4.67,4.75,0.355,0.5,xLS005,diam_0.355_0.5mm_g,,1.897436747,xLSGS2,not previously published ,
ds_05,x9016,161418.07,6/28/1990,NA,SC,4.75,4.82,0.355,0.5,xLS005,diam_0.355_0.5mm_g,,13.66668019,xLSGS2,not previously published ,
ds_05,x9016,161418.08,6/28/1990,NA,SC,4.83,4.9,0.355,0.5,xLS005,diam_0.355_0.5mm_g,,0.973889249,xLSGS2,not previously published ,
ds_05,x9016,161418.09,6/28/1990,NA,SC,4.9,4.98,0.355,0.5,xLS005,diam_0.355_0.5mm_g,,0.446462151,xLSGS2,not previously published ,
ds_05,x9016,161418.1,6/28/1990,NA,SC,4.98,5.06,0.355,0.5,xLS005,diam_0.355_0.5mm_g,,2.078850972,xLSGS2,not previously published ,
ds_05,x9016,161418.11,6/28/1990,NA,SC,5.06,5.14,0.355,0.5,xLS005,diam_0.355_0.5mm_g,,43.18437369,xLSGS2,not previously published ,
ds_05,x9016,161418.12,6/28/1990,NA,SC,5.14,5.22,0.355,0.5,xLS005,diam_0.355_0.5mm_g,,45.31392711,xLSGS2,not previously published ,
ds_05,x9016,161418.13,6/28/1990,NA,SC,5.22,5.3,0.355,0.5,xLS005,diam_0.355_0.5mm_g,,68.27050543,xLSGS2,not previously published ,
ds_05,x9016,161418.14,6/28/1990,NA,SC,5.3,5.37,0.355,0.5,xLS005,diam_0.355_0.5mm_g,,79.00118077,xLSGS2,not previously published ,
ds_05,x9016,161924.01,6/28/1990,NA,SC,5.79,5.9,0.355,0.5,xLS005,diam_0.355_0.5mm_g,,140.387489,xLSGS2,not previously published ,
ds_05,x9016,161924.02,6/28/1990,NA,SC,5.9,5.96,0.355,0.5,xLS005,diam_0.355_0.5mm_g,,165.7484954,xLSGS2,not previously published ,
ds_05,x9016,161924.03,6/28/1990,NA,SC,5.96,6.04,0.355,0.5,xLS005,diam_0.355_0.5mm_g,,90.96541938,xLSGS2,not previously published ,
ds_05,x9016,161924.04,6/28/1990,NA,SC,6.06,6.14,0.355,0.5,xLS005,diam_0.355_0.5mm_g,,0.381640167,xLSGS2,not previously published ,
ds_05,x9016,161924.05,6/28/1990,NA,SC,6.14,6.22,0.355,0.5,xLS005,diam_0.355_0.5mm_g,,25.18346336,xLSGS2,not previously published ,
ds_05,x9016,161924.06,6/28/1990,NA,SC,6.22,6.3,0.355,0.5,xLS005,diam_0.355_0.5mm_g,,70.17371138,xLSGS2,not previously published ,
ds_05,x9016,161924.07,6/28/1990,NA,SC,6.3,6.38,0.355,0.5,xLS005,diam_0.355_0.5mm_g,,77.36918898,xLSGS2,not previously published ,
ds_05,x9016,161924.08,6/28/1990,NA,SC,6.38,6.46,0.355,0.5,xLS005,diam_0.355_0.5mm_g,,94.04078957,xLSGS2,not previously published ,
ds_05,x9016,160510.06,6/28/1990,NA,SC,1.92,2,0.355,0.5,xLS005,diam_0.355_0.5mm_g,,36.96510442,xLSGS2,not previously published ,
ds_05,x9016,160510.07,6/28/1990,NA,SC,2,2.08,0.355,0.5,xLS005,diam_0.355_0.5mm_g,,36.74481044,xLSGS2,not previously published ,
ds_05,x9016,160510.08,6/28/1990,NA,SC,2.08,2.15,0.355,0.5,xLS005,diam_0.355_0.5mm_g,,38.01830746,xLSGS2,not previously published ,
ds_05,x9016,160510.09,6/28/1990,NA,SC,2.16,2.23,0.355,0.5,xLS005,diam_0.355_0.5mm_g,,35.34327402,xLSGS2,not previously published ,
ds_05,x9016,160510.1,6/28/1990,NA,SC,2.24,2.31,0.355,0.5,xLS005,diam_0.355_0.5mm_g,,37.23955072,xLSGS2,not previously published ,
ds_05,x9016,160510.11,6/28/1990,NA,SC,2.32,2.39,0.355,0.5,xLS005,diam_0.355_0.5mm_g,,35.56438518,xLSGS2,not previously published ,
ds_05,x9016,161924.09,6/28/1990,NA,SC,6.48,6.56,0.355,0.5,xLS005,diam_0.355_0.5mm_g,,95.79849635,xLSGS2,not previously published ,
ds_05,x9016,161924.1,6/28/1990,NA,SC,6.56,6.62,0.355,0.5,xLS005,diam_0.355_0.5mm_g,,3.824690178,xLSGS2,not previously published ,
ds_05,x9016,161924.11,6/28/1990,NA,SC,6.62,6.65,0.355,0.5,xLS005,diam_0.355_0.5mm_g,,3.625217177,xLSGS2,not previously published ,
ds_05,x9016,161924.12,6/28/1990,NA,SC,6.65,6.73,0.355,0.5,xLS005,diam_0.355_0.5mm_g,,0.076220762,xLSGS2,not previously published ,
ds_05,x9016,161924.13,6/28/1990,NA,SC,6.75,6.83,0.355,0.5,xLS005,diam_0.355_0.5mm_g,,0.296346491,xLSGS2,not previously published ,
ds_05,x9016,161924.14,6/28/1990,NA,SC,6.83,6.91,0.355,0.5,xLS005,diam_0.355_0.5mm_g,,1.316368859,xLSGS2,not previously published ,
ds_05,x9016,161924.15,6/28/1990,NA,SC,6.91,6.99,0.355,0.5,xLS005,diam_0.355_0.5mm_g,,0.076174088,xLSGS2,not previously published ,
ds_05,x9016,161924.16,6/28/1990,NA,SC,6.99,7.07,0.355,0.5,xLS005,diam_0.355_0.5mm_g,,3.748757077,xLSGS2,not previously published ,
ds_05,x9016,161924.17,6/28/1990,NA,SC,7.07,7.15,0.355,0.5,xLS005,diam_0.355_0.5mm_g,,1.099881977,xLSGS2,not previously published ,
ds_05,x9016,161924.18,6/28/1990,NA,SC,7.15,7.24,0.355,0.5,xLS005,diam_0.355_0.5mm_g,,0.20301503,xLSGS2,not previously published ,
ds_05,x9017,171419.13,6/29/1990,NA,SC,5.27,5.34,0.355,0.5,xLS005,diam_0.355_0.5mm_g,,38.29189392,xLSGS2,not previously published ,
ds_05,x9017,171419.14,6/29/1990,NA,SC,5.35,5.42,0.355,0.5,xLS005,diam_0.355_0.5mm_g,,44.28619725,xLSGS2,not previously published ,
ds_05,x9017,171419.15,6/29/1990,NA,SC,5.43,5.49,0.355,0.5,xLS005,diam_0.355_0.5mm_g,,26.44217843,xLSGS2,not previously published ,
ds_05,x9017,171419.16,6/29/1990,NA,SC,5.49,5.55,0.355,0.5,xLS005,diam_0.355_0.5mm_g,,5.126249254,xLSGS2,not previously published ,
ds_05,x9017,170914.01,6/29/1990,NA,SC,2.74,2.82,0.355,0.5,xLS005,diam_0.355_0.5mm_g,,9.319361235,xLSGS2,not previously published ,
ds_05,x9017,170914.02,6/29/1990,NA,SC,2.82,2.9,0.355,0.5,xLS005,diam_0.355_0.5mm_g,,5.233066595,xLSGS2,not previously published ,
ds_05,x9017,170914.03,6/29/1990,NA,SC,2.91,2.98,0.355,0.5,xLS005,diam_0.355_0.5mm_g,,16.52700682,xLSGS2,not previously published ,
ds_05,x9017,170914.04,6/29/1990,NA,SC,2.99,3.06,0.355,0.5,xLS005,diam_0.355_0.5mm_g,,23.34269118,xLSGS2,not previously published ,
ds_05,x9017,170914.05,6/29/1990,NA,SC,3.06,3.14,0.355,0.5,xLS005,diam_0.355_0.5mm_g,,3.373090902,xLSGS2,not previously published ,
ds_05,x9017,170914.06,6/29/1990,NA,SC,3.14,3.21,0.355,0.5,xLS005,diam_0.355_0.5mm_g,,0.660172916,xLSGS2,not previously published ,
ds_05,x9017,170914.07,6/29/1990,NA,SC,3.22,3.29,0.355,0.5,xLS005,diam_0.355_0.5mm_g,,4.150925421,xLSGS2,not previously published ,
ds_05,x9017,170914.08,6/29/1990,NA,SC,3.3,3.37,0.355,0.5,xLS005,diam_0.355_0.5mm_g,,15.60417719,xLSGS2,not previously published ,
ds_05,x9017,170914.09,6/29/1990,NA,SC,3.37,3.45,0.355,0.5,xLS005,diam_0.355_0.5mm_g,,6.445501935,xLSGS2,not previously published ,
ds_05,x9017,170914.1,6/29/1990,NA,SC,3.45,3.53,0.355,0.5,xLS005,diam_0.355_0.5mm_g,,16.45677944,xLSGS2,not previously published ,
ds_05,x9017,170914.11,6/29/1990,NA,SC,3.53,3.6,0.355,0.5,xLS005,diam_0.355_0.5mm_g,,31.43523183,xLSGS2,not previously published ,
ds_05,x9017,170914.12,6/29/1990,NA,SC,3.61,3.69,0.355,0.5,xLS005,diam_0.355_0.5mm_g,,29.27121672,xLSGS2,not previously published ,
ds_05,x9017,170914.13,6/29/1990,NA,SC,3.69,3.76,0.355,0.5,xLS005,diam_0.355_0.5mm_g,,28.95763318,xLSGS2,not previously published ,
ds_05,x9017,170914.14,6/29/1990,NA,SC,3.77,3.84,0.355,0.5,xLS005,diam_0.355_0.5mm_g,,30.59554821,xLSGS2,not previously published ,
ds_05,x9017,171419.01,6/29/1990,NA,SC,4.27,4.34,0.355,0.5,xLS005,diam_0.355_0.5mm_g,,66.22744431,xLSGS2,not previously published ,
ds_05,x9017,171419.02,6/29/1990,NA,SC,4.35,4.42,0.355,0.5,xLS005,diam_0.355_0.5mm_g,,59.58837824,xLSGS2,not previously published ,
ds_05,x9017,171419.03,6/29/1990,NA,SC,4.43,4.51,0.355,0.5,xLS005,diam_0.355_0.5mm_g,,37.21274975,xLSGS2,not previously published ,
ds_05,x9017,171419.04,6/29/1990,NA,SC,4.51,4.59,0.355,0.5,xLS005,diam_0.355_0.5mm_g,,52.44761312,xLSGS2,not previously published ,
ds_05,x9017,171419.05,6/29/1990,NA,SC,4.59,4.67,0.355,0.5,xLS005,diam_0.355_0.5mm_g,,97.25401457,xLSGS2,not previously published ,
ds_05,x9017,171419.06,6/29/1990,NA,SC,4.67,4.75,0.355,0.5,xLS005,diam_0.355_0.5mm_g,,68.25750204,xLSGS2,not previously published ,
ds_05,x9017,171419.07,6/29/1990,NA,SC,4.76,4.83,0.355,0.5,xLS005,diam_0.355_0.5mm_g,,75.97490746,xLSGS2,not previously published ,
ds_05,x9017,171419.08,6/29/1990,NA,SC,4.84,4.92,0.355,0.5,xLS005,diam_0.355_0.5mm_g,,28.71195657,xLSGS2,not previously published ,
ds_05,x9017,171419.09,6/29/1990,NA,SC,4.92,5,0.355,0.5,xLS005,diam_0.355_0.5mm_g,,60.53655705,xLSGS2,not previously published ,
ds_05,x9017,171419.1,6/29/1990,NA,SC,5.01,5.09,0.355,0.5,xLS005,diam_0.355_0.5mm_g,,48.20391266,xLSGS2,not previously published ,
ds_05,x9017,171419.11,6/29/1990,NA,SC,5.09,5.18,0.355,0.5,xLS005,diam_0.355_0.5mm_g,,29.81744508,xLSGS2,not previously published ,
ds_05,x9017,171419.12,6/29/1990,NA,SC,5.18,5.26,0.355,0.5,xLS005,diam_0.355_0.5mm_g,,50.01833099,xLSGS2,not previously published ,
ds_05,x9017,171924.01,6/29/1990,NA,SC,5.79,5.87,0.355,0.5,xLS005,diam_0.355_0.5mm_g,,7.357283596,xLSGS2,not previously published ,
ds_05,x9017,171924.02,6/29/1990,NA,SC,5.87,5.95,0.355,0.5,xLS005,diam_0.355_0.5mm_g,,0.83158131,xLSGS2,not previously published ,
ds_05,x9017,171924.03,6/29/1990,NA,SC,5.95,6.03,0.355,0.5,xLS005,diam_0.355_0.5mm_g,,0.044019658,xLSGS2,not previously published ,
ds_05,x9017,171924.04,6/29/1990,NA,SC,6.03,6.11,0.355,0.5,xLS005,diam_0.355_0.5mm_g,,0.030977221,xLSGS2,not previously published ,
ds_05,x9017,171924.05,6/29/1990,NA,SC,6.11,6.19,0.355,0.5,xLS005,diam_0.355_0.5mm_g,,0.030458063,xLSGS2,not previously published ,
ds_05,x9017,171924.06,6/29/1990,NA,SC,6.19,6.27,0.355,0.5,xLS005,diam_0.355_0.5mm_g,,0.04947203,xLSGS2,not previously published ,
ds_05,x9017,171924.07,6/29/1990,NA,SC,6.27,6.35,0.355,0.5,xLS005,diam_0.355_0.5mm_g,,0.056576523,xLSGS2,not previously published ,
ds_05,x9017,171924.08,6/29/1990,NA,SC,6.36,6.43,0.355,0.5,xLS005,diam_0.355_0.5mm_g,,0.059315529,xLSGS2,not previously published ,
ds_05,x9017,171924.09,6/29/1990,NA,SC,6.44,6.52,0.355,0.5,xLS005,diam_0.355_0.5mm_g,,0.329610274,xLSGS2,not previously published ,
ds_05,x9017,171924.1,6/29/1990,NA,SC,6.52,6.59,0.355,0.5,xLS005,diam_0.355_0.5mm_g,,0.030991517,xLSGS2,not previously published ,
ds_05,x9017,171924.11,6/29/1990,NA,SC,6.6,6.67,0.355,0.5,xLS005,diam_0.355_0.5mm_g,,0.060949309,xLSGS2,not previously published ,
ds_05,x9017,171924.12,6/29/1990,NA,SC,6.68,6.76,0.355,0.5,xLS005,diam_0.355_0.5mm_g,,0.531201863,xLSGS2,not previously published ,
ds_05,x9017,171924.13,6/29/1990,NA,SC,6.76,6.84,0.355,0.5,xLS005,diam_0.355_0.5mm_g,,0.499640388,xLSGS2,not previously published ,
ds_05,x9017,171924.14,6/29/1990,NA,SC,6.84,6.9,0.355,0.5,xLS005,diam_0.355_0.5mm_g,,0.026295933,xLSGS2,not previously published ,
ds_05,x9018,181419.03,6/29/1990,NA,SC,4.43,4.51,0.355,0.5,xLS005,diam_0.355_0.5mm_g,,25.85882235,xLSGS2,not previously published ,
ds_05,x9018,181419.04,6/29/1990,NA,SC,4.51,4.58,0.355,0.5,xLS005,diam_0.355_0.5mm_g,,26.19928832,xLSGS2,not previously published ,
ds_05,x9018,181419.05,6/29/1990,NA,SC,4.59,4.66,0.355,0.5,xLS005,diam_0.355_0.5mm_g,,38.72781359,xLSGS2,not previously published ,
ds_05,x9018,181419.06,6/29/1990,NA,SC,4.67,4.74,0.355,0.5,xLS005,diam_0.355_0.5mm_g,,57.79643199,xLSGS2,not previously published ,
ds_05,x9018,181419.07,6/29/1990,NA,SC,4.75,4.82,0.355,0.5,xLS005,diam_0.355_0.5mm_g,,37.47280723,xLSGS2,not previously published ,
ds_05,x9018,181419.08,6/29/1990,NA,SC,4.82,4.9,0.355,0.5,xLS005,diam_0.355_0.5mm_g,,27.18804677,xLSGS2,not previously published ,
ds_05,x9018,181419.09,6/29/1990,NA,SC,4.9,4.97,0.355,0.5,xLS005,diam_0.355_0.5mm_g,,55.60305437,xLSGS2,not previously published ,
ds_05,x9018,181419.1,6/29/1990,NA,SC,4.98,5.06,0.355,0.5,xLS005,diam_0.355_0.5mm_g,,83.77837025,xLSGS2,not previously published ,
ds_05,x9018,180914.01,6/29/1990,NA,SC,2.74,2.82,0.355,0.5,xLS005,diam_0.355_0.5mm_g,,6.569221796,xLSGS2,not previously published ,
ds_05,x9018,180914.02,6/29/1990,NA,SC,2.83,2.9,0.355,0.5,xLS005,diam_0.355_0.5mm_g,,8.919186454,xLSGS2,not previously published ,
ds_05,x9018,180914.03,6/29/1990,NA,SC,2.9,2.98,0.355,0.5,xLS005,diam_0.355_0.5mm_g,,42.51290021,xLSGS2,not previously published ,
ds_05,x9018,180914.04,6/29/1990,NA,SC,2.98,3.06,0.355,0.5,xLS005,diam_0.355_0.5mm_g,,4.828710164,xLSGS2,not previously published ,
ds_05,x9018,180914.05,6/29/1990,NA,SC,3.06,3.13,0.355,0.5,xLS005,diam_0.355_0.5mm_g,,5.47779176,xLSGS2,not previously published ,
ds_05,x9018,180914.06,6/29/1990,NA,SC,3.14,3.21,0.355,0.5,xLS005,diam_0.355_0.5mm_g,,10.99826046,xLSGS2,not previously published ,
ds_05,x9018,180914.07,6/29/1990,NA,SC,3.21,3.29,0.355,0.5,xLS005,diam_0.355_0.5mm_g,,19.52040305,xLSGS2,not previously published ,
ds_05,x9018,180914.08,6/29/1990,NA,SC,3.29,3.37,0.355,0.5,xLS005,diam_0.355_0.5mm_g,,25.10572556,xLSGS2,not previously published ,
ds_05,x9018,180914.09,6/29/1990,NA,SC,3.37,3.45,0.355,0.5,xLS005,diam_0.355_0.5mm_g,,25.2560645,xLSGS2,not previously published ,
ds_05,x9018,180914.1,6/29/1990,NA,SC,3.45,3.53,0.355,0.5,xLS005,diam_0.355_0.5mm_g,,25.39866065,xLSGS2,not previously published ,
ds_05,x9018,180914.11,6/29/1990,NA,SC,3.53,3.61,0.355,0.5,xLS005,diam_0.355_0.5mm_g,,37.09928389,xLSGS2,not previously published ,
ds_05,x9018,180914.12,6/29/1990,NA,SC,3.61,3.69,0.355,0.5,xLS005,diam_0.355_0.5mm_g,,35.28561956,xLSGS2,not previously published ,
ds_05,x9018,180914.13,6/29/1990,NA,SC,3.69,3.77,0.355,0.5,xLS005,diam_0.355_0.5mm_g,,52.43179642,xLSGS2,not previously published ,
ds_05,x9018,180914.14,6/29/1990,NA,SC,3.77,3.85,0.355,0.5,xLS005,diam_0.355_0.5mm_g,,4.494535317,xLSGS2,not previously published ,
ds_05,x9018,180914.15,6/29/1990,NA,SC,3.85,3.93,0.355,0.5,xLS005,diam_0.355_0.5mm_g,,44.14349481,xLSGS2,not previously published ,
ds_05,x9018,180914.16,6/29/1990,NA,SC,3.93,4.01,0.355,0.5,xLS005,diam_0.355_0.5mm_g,,15.67214627,xLSGS2,not previously published ,
ds_05,x9018,181419.01,6/29/1990,NA,SC,4.27,4.34,0.355,0.5,xLS005,diam_0.355_0.5mm_g,,29.44575407,xLSGS2,not previously published ,
ds_05,x9018,181419.02,6/29/1990,NA,SC,4.35,4.42,0.355,0.5,xLS005,diam_0.355_0.5mm_g,,36.5360018,xLSGS2,not previously published ,
ds_05,x9018,181924.02,6/29/1990,NA,SC,5.87,5.95,0.355,0.5,xLS005,diam_0.355_0.5mm_g,,25.00650461,xLSGS2,not previously published ,
ds_05,x9018,181924.03,6/29/1990,NA,SC,5.95,6.03,0.355,0.5,xLS005,diam_0.355_0.5mm_g,,32.59396766,xLSGS2,not previously published ,
ds_05,x9018,181924.05,6/29/1990,NA,SC,6.12,6.2,0.355,0.5,xLS005,diam_0.355_0.5mm_g,,35.52905975,xLSGS2,not previously published ,
ds_05,x9018,181419.14,6/29/1990,NA,SC,5.31,5.4,0.355,0.5,xLS005,diam_0.355_0.5mm_g,,16.79751705,xLSGS2,not previously published ,
ds_05,x9018,181924.06,6/29/1990,NA,SC,6.2,6.26,0.355,0.5,xLS005,diam_0.355_0.5mm_g,,24.28234393,xLSGS2,not previously published ,
ds_05,x9018,181924.07,6/29/1990,NA,SC,6.26,6.34,0.355,0.5,xLS005,diam_0.355_0.5mm_g,,0.181237555,xLSGS2,not previously published ,
ds_05,x9018,181924.08,6/29/1990,NA,SC,6.35,6.4,0.355,0.5,xLS005,diam_0.355_0.5mm_g,,0.020108933,xLSGS2,not previously published ,
ds_05,x9018,181924.04,6/29/1990,NA,SC,6.03,6.11,0.355,0.5,xLS005,diam_0.355_0.5mm_g,,28.5275804,xLSGS2,not previously published ,
ds_05,x9018,181419.11,6/29/1990,NA,SC,5.06,5.14,0.355,0.5,xLS005,diam_0.355_0.5mm_g,,73.03701827,xLSGS2,not previously published ,
ds_05,x9018,181419.12,6/29/1990,NA,SC,5.14,5.22,0.355,0.5,xLS005,diam_0.355_0.5mm_g,,53.85079705,xLSGS2,not previously published ,
ds_05,x9018,181419.13,6/29/1990,NA,SC,5.23,5.3,0.355,0.5,xLS005,diam_0.355_0.5mm_g,,21.76263311,xLSGS2,not previously published ,
ds_05,x9018,181924.01,6/29/1990,NA,SC,5.79,5.87,0.355,0.5,xLS005,diam_0.355_0.5mm_g,,24.33061848,xLSGS2,not previously published ,
ds_05,x9013,132530.03,6/27/1990,NA,SC,7.77,7.85,0.25,0.355,xLS006,diam_0.25_0.355mm_g,,6.177333899,xLSGS2,not previously published ,
ds_05,x9013,132530.04,6/27/1990,NA,SC,7.85,7.93,0.25,0.355,xLS006,diam_0.25_0.355mm_g,,3.302127411,xLSGS2,not previously published ,
ds_05,x9013,132530.01,6/27/1990,NA,SC,7.62,7.69,0.25,0.355,xLS006,diam_0.25_0.355mm_g,,10.87262823,xLSGS2,not previously published ,
ds_05,x9013,132530.02,6/27/1990,NA,SC,7.69,7.77,0.25,0.355,xLS006,diam_0.25_0.355mm_g,,0.792283301,xLSGS2,not previously published ,
ds_05,x9013,133035.03,6/27/1990,NA,SC,9.31,9.38,0.25,0.355,xLS006,diam_0.25_0.355mm_g,,35.38932974,xLSGS2,not previously published ,
ds_05,x9013,133035.04,6/27/1990,NA,SC,9.39,9.46,0.25,0.355,xLS006,diam_0.25_0.355mm_g,,20.90802176,xLSGS2,not previously published ,
ds_05,x9013,132530.05,6/27/1990,NA,SC,7.94,8.01,0.25,0.355,xLS006,diam_0.25_0.355mm_g,,28.69370525,xLSGS2,not previously published ,
ds_05,x9013,132530.06,6/27/1990,NA,SC,8.02,8.09,0.25,0.355,xLS006,diam_0.25_0.355mm_g,,2.189760123,xLSGS2,not previously published ,
ds_05,x9013,132530.07,6/27/1990,NA,SC,8.1,8.17,0.25,0.355,xLS006,diam_0.25_0.355mm_g,,43.11521442,xLSGS2,not previously published ,
ds_05,x9013,132530.08,6/27/1990,NA,SC,8.18,8.25,0.25,0.355,xLS006,diam_0.25_0.355mm_g,,41.29143083,xLSGS2,not previously published ,
ds_05,x9013,132530.09,6/27/1990,NA,SC,8.26,8.33,0.25,0.355,xLS006,diam_0.25_0.355mm_g,,48.14707496,xLSGS2,not previously published ,
ds_05,x9013,132530.1,6/27/1990,NA,SC,8.34,8.42,0.25,0.355,xLS006,diam_0.25_0.355mm_g,,44.95464948,xLSGS2,not previously published ,
ds_05,x9013,132530.11,6/27/1990,NA,SC,8.42,8.5,0.25,0.355,xLS006,diam_0.25_0.355mm_g,,20.07278963,xLSGS2,not previously published ,
ds_05,x9013,132530.12,6/27/1990,NA,SC,8.5,8.54,0.25,0.355,xLS006,diam_0.25_0.355mm_g,,31.58145913,xLSGS2,not previously published ,
ds_05,x9013,132530.14,6/27/1990,NA,SC,8.58,8.66,0.25,0.355,xLS006,diam_0.25_0.355mm_g,,8.233919005,xLSGS2,not previously published ,
ds_05,x9013,133035.01,6/27/1990,NA,SC,9.14,9.22,0.25,0.355,xLS006,diam_0.25_0.355mm_g,,33.35138403,xLSGS2,not previously published ,
ds_05,x9013,133035.02,6/27/1990,NA,SC,9.22,9.3,0.25,0.355,xLS006,diam_0.25_0.355mm_g,,30.07714886,xLSGS2,not previously published ,
ds_05,x9014,142025.07,6/27/1990,NA,SC,6.59,6.67,0.25,0.355,xLS006,diam_0.25_0.355mm_g,,11.45923423,xLSGS2,not previously published ,
ds_05,x9014,142025.08,6/27/1990,NA,SC,6.67,6.76,0.25,0.355,xLS006,diam_0.25_0.355mm_g,,4.165253347,xLSGS2,not previously published ,
ds_05,x9014,142025.09,6/27/1990,NA,SC,6.76,6.84,0.25,0.355,xLS006,diam_0.25_0.355mm_g,,1.039548724,xLSGS2,not previously published ,
ds_05,x9014,142025.1,6/27/1990,NA,SC,6.84,6.92,0.25,0.355,xLS006,diam_0.25_0.355mm_g,,2.395535632,xLSGS2,not previously published ,
ds_05,x9014,142025.11,6/27/1990,NA,SC,6.93,6.98,0.25,0.355,xLS006,diam_0.25_0.355mm_g,,2.265554233,xLSGS2,not previously published ,
ds_05,x9014,142530.01,6/27/1990,NA,SC,7.62,7.69,0.25,0.355,xLS006,diam_0.25_0.355mm_g,,68.82872958,xLSGS2,not previously published ,
ds_05,x9014,142530.02,6/27/1990,NA,SC,7.7,7.78,0.25,0.355,xLS006,diam_0.25_0.355mm_g,,42.95337917,xLSGS2,not previously published ,
ds_05,x9014,142530.03,6/27/1990,NA,SC,7.78,7.85,0.25,0.355,xLS006,diam_0.25_0.355mm_g,,67.14274823,xLSGS2,not previously published ,
ds_05,x9014,142530.04,6/27/1990,NA,SC,7.86,7.93,0.25,0.355,xLS006,diam_0.25_0.355mm_g,,40.89053441,xLSGS2,not previously published ,
ds_05,x9014,142530.05,6/27/1990,NA,SC,7.94,8.01,0.25,0.355,xLS006,diam_0.25_0.355mm_g,,39.06974391,xLSGS2,not previously published ,
ds_05,x9014,142530.06,6/27/1990,NA,SC,8.02,8.07,0.25,0.355,xLS006,diam_0.25_0.355mm_g,,26.69177252,xLSGS2,not previously published ,
ds_05,x9014,142530.07,6/27/1990,NA,SC,8.09,8.16,0.25,0.355,xLS006,diam_0.25_0.355mm_g,,48.13637286,xLSGS2,not previously published ,
ds_05,x9014,142530.08,6/27/1990,NA,SC,8.17,8.24,0.25,0.355,xLS006,diam_0.25_0.355mm_g,,53.68737902,xLSGS2,not previously published ,
ds_05,x9014,142530.09,6/27/1990,NA,SC,8.25,8.32,0.25,0.355,xLS006,diam_0.25_0.355mm_g,,40.98597145,xLSGS2,not previously published ,
ds_05,x9014,142530.1,6/27/1990,NA,SC,8.33,8.4,0.25,0.355,xLS006,diam_0.25_0.355mm_g,,61.19004575,xLSGS2,not previously published ,
ds_05,x9014,142530.11,6/27/1990,NA,SC,8.41,8.48,0.25,0.355,xLS006,diam_0.25_0.355mm_g,,45.49432214,xLSGS2,not previously published ,
ds_05,x9014,142530.12,6/27/1990,NA,SC,8.48,8.56,0.25,0.355,xLS006,diam_0.25_0.355mm_g,,50.39952373,xLSGS2,not previously published ,
ds_05,x9014,142530.13,6/27/1990,NA,SC,8.56,8.64,0.25,0.355,xLS006,diam_0.25_0.355mm_g,,34.73380498,xLSGS2,not previously published ,
ds_05,x9014,142530.14,6/27/1990,NA,SC,8.64,8.72,0.25,0.355,xLS006,diam_0.25_0.355mm_g,,34.66594597,xLSGS2,not previously published ,
ds_05,x9014,142530.15,6/27/1990,NA,SC,8.73,8.78,0.25,0.355,xLS006,diam_0.25_0.355mm_g,,9.176815712,xLSGS2,not previously published ,
ds_05,x9014,143035.01,6/27/1990,NA,SC,9.14,9.22,0.25,0.355,xLS006,diam_0.25_0.355mm_g,,31.85892068,xLSGS2,not previously published ,
ds_05,x9014,143035.02,6/27/1990,NA,SC,9.22,9.3,0.25,0.355,xLS006,diam_0.25_0.355mm_g,,18.77741216,xLSGS2,not previously published ,
ds_05,x9014,143035.03,6/27/1990,NA,SC,9.3,9.38,0.25,0.355,xLS006,diam_0.25_0.355mm_g,,43.40768157,xLSGS2,not previously published ,
ds_05,x9014,143035.04,6/27/1990,NA,SC,9.38,9.46,0.25,0.355,xLS006,diam_0.25_0.355mm_g,,15.95387256,xLSGS2,not previously published ,
ds_05,x9014,143035.05,6/27/1990,NA,SC,9.46,9.54,0.25,0.355,xLS006,diam_0.25_0.355mm_g,,11.44811758,xLSGS2,not previously published ,
ds_05,x9014,143035.06,6/27/1990,NA,SC,9.54,9.61,0.25,0.355,xLS006,diam_0.25_0.355mm_g,,14.54365622,xLSGS2,not previously published ,
ds_05,x9014,143035.07,6/27/1990,NA,SC,9.62,9.69,0.25,0.355,xLS006,diam_0.25_0.355mm_g,,16.44335962,xLSGS2,not previously published ,
ds_05,x9014,143035.08,6/27/1990,NA,SC,9.7,9.77,0.25,0.355,xLS006,diam_0.25_0.355mm_g,,17.8725825,xLSGS2,not previously published ,
ds_05,x9014,143035.09,6/27/1990,NA,SC,9.77,9.85,0.25,0.355,xLS006,diam_0.25_0.355mm_g,,38.42783783,xLSGS2,not previously published ,
ds_05,x9014,143035.1,6/27/1990,NA,SC,9.85,9.92,0.25,0.355,xLS006,diam_0.25_0.355mm_g,,47.16601732,xLSGS2,not previously published ,
ds_05,x9014,143035.11,6/27/1990,NA,SC,9.93,10.01,0.25,0.355,xLS006,diam_0.25_0.355mm_g,,61.18707444,xLSGS2,not previously published ,
ds_05,x9014,143035.12,6/27/1990,NA,SC,10.02,10.1,0.25,0.355,xLS006,diam_0.25_0.355mm_g,,67.58920757,xLSGS2,not previously published ,
ds_05,x9014,143035.13,6/27/1990,NA,SC,10.1,10.19,0.25,0.355,xLS006,diam_0.25_0.355mm_g,,70.79796341,xLSGS2,not previously published ,
ds_05,x9014,143035.14,6/27/1990,NA,SC,10.19,10.27,0.25,0.355,xLS006,diam_0.25_0.355mm_g,,70.46414143,xLSGS2,not previously published ,
ds_05,x9014,142025.01,6/27/1990,NA,SC,6.1,6.18,0.25,0.355,xLS006,diam_0.25_0.355mm_g,,76.5233873,xLSGS2,not previously published ,
ds_05,x9014,142025.02,6/27/1990,NA,SC,6.18,6.26,0.25,0.355,xLS006,diam_0.25_0.355mm_g,,5.256483597,xLSGS2,not previously published ,
ds_05,x9014,142025.03,6/27/1990,NA,SC,6.26,6.34,0.25,0.355,xLS006,diam_0.25_0.355mm_g,,6.463452021,xLSGS2,not previously published ,
ds_05,x9014,142025.04,6/27/1990,NA,SC,6.34,6.42,0.25,0.355,xLS006,diam_0.25_0.355mm_g,,5.767919285,xLSGS2,not previously published ,
ds_05,x9014,142025.05,6/27/1990,NA,SC,6.43,6.5,0.25,0.355,xLS006,diam_0.25_0.355mm_g,,4.266598604,xLSGS2,not previously published ,
ds_05,x9014,142025.06,6/27/1990,NA,SC,6.51,6.59,0.25,0.355,xLS006,diam_0.25_0.355mm_g,,11.39794549,xLSGS2,not previously published ,
ds_05,x9014,143035.15,6/27/1990,NA,SC,10.27,10.35,0.25,0.355,xLS006,diam_0.25_0.355mm_g,,5.615504752,xLSGS2,not previously published ,
ds_05,x9014,143035.16,6/27/1990,NA,SC,10.35,10.44,0.25,0.355,xLS006,diam_0.25_0.355mm_g,,18.37525424,xLSGS2,not previously published ,
ds_05,x9014,143035.17,6/27/1990,NA,SC,10.44,10.52,0.25,0.355,xLS006,diam_0.25_0.355mm_g,,62.72898588,xLSGS2,not previously published ,
ds_05,x9015,150105.04,6/27/1990,NA,SC,0.56,0.63,0.25,0.355,xLS006,diam_0.25_0.355mm_g,,56.1945191,xLSGS2,not previously published ,
ds_05,x9015,150105.05,6/27/1990,NA,SC,0.65,0.73,0.25,0.355,xLS006,diam_0.25_0.355mm_g,,60.62196026,xLSGS2,not previously published ,
ds_05,x9015,150105.06,6/27/1990,NA,SC,0.74,0.82,0.25,0.355,xLS006,diam_0.25_0.355mm_g,,59.46363782,xLSGS2,not previously published ,
ds_05,x9015,150105.07,6/27/1990,NA,SC,0.82,0.9,0.25,0.355,xLS006,diam_0.25_0.355mm_g,,61.687937,xLSGS2,not previously published ,
ds_05,x9015,150105.08,6/27/1990,NA,SC,0.9,0.98,0.25,0.355,xLS006,diam_0.25_0.355mm_g,,59.20328114,xLSGS2,not previously published ,
ds_05,x9015,150105.09,6/27/1990,NA,SC,0.98,1.06,0.25,0.355,xLS006,diam_0.25_0.355mm_g,,57.39439834,xLSGS2,not previously published ,
ds_05,x9015,150105.1,6/27/1990,NA,SC,1.06,1.14,0.25,0.355,xLS006,diam_0.25_0.355mm_g,,64.48211255,xLSGS2,not previously published ,
ds_05,x9015,150105.11,6/27/1990,NA,SC,1.14,1.21,0.25,0.355,xLS006,diam_0.25_0.355mm_g,,55.72798062,xLSGS2,not previously published ,
ds_05,x9015,150510.01,6/27/1990,NA,SC,1.52,1.6,0.25,0.355,xLS006,diam_0.25_0.355mm_g,,43.25176171,xLSGS2,not previously published ,
ds_05,x9015,150510.02,6/27/1990,NA,SC,1.61,1.68,0.25,0.355,xLS006,diam_0.25_0.355mm_g,,32.99797101,xLSGS2,not previously published ,
ds_05,x9015,150510.03,6/27/1990,NA,SC,1.69,1.76,0.25,0.355,xLS006,diam_0.25_0.355mm_g,,60.91563993,xLSGS2,not previously published ,
ds_05,x9015,150510.04,6/27/1990,NA,SC,1.77,1.85,0.25,0.355,xLS006,diam_0.25_0.355mm_g,,42.90250212,xLSGS2,not previously published ,
ds_05,x9015,150510.05,6/27/1990,NA,SC,1.85,1.93,0.25,0.355,xLS006,diam_0.25_0.355mm_g,,42.19588854,xLSGS2,not previously published ,
ds_05,x9015,150510.06,6/27/1990,NA,SC,1.93,2.01,0.25,0.355,xLS006,diam_0.25_0.355mm_g,,36.1682345,xLSGS2,not previously published ,
ds_05,x9015,150510.07,6/27/1990,NA,SC,2.01,2.09,0.25,0.355,xLS006,diam_0.25_0.355mm_g,,31.20739685,xLSGS2,not previously published ,
ds_05,x9015,150510.08,6/27/1990,NA,SC,2.1,2.17,0.25,0.355,xLS006,diam_0.25_0.355mm_g,,33.99905728,xLSGS2,not previously published ,
ds_05,x9015,150510.09,6/27/1990,NA,SC,2.18,2.23,0.25,0.355,xLS006,diam_0.25_0.355mm_g,,15.29468306,xLSGS2,not previously published ,
ds_05,x9015,150510.1,6/27/1990,NA,SC,2.24,2.32,0.25,0.355,xLS006,diam_0.25_0.355mm_g,,14.68483339,xLSGS2,not previously published ,
ds_05,x9015,150510.11,6/27/1990,NA,SC,2.33,2.44,0.25,0.355,xLS006,diam_0.25_0.355mm_g,,42.90109257,xLSGS2,not previously published ,
ds_05,x9015,151015.01,6/27/1990,NA,SC,3.05,3.12,0.25,0.355,xLS006,diam_0.25_0.355mm_g,,59.13582562,xLSGS2,not previously published ,
ds_05,x9015,151015.02,6/27/1990,NA,SC,3.13,3.21,0.25,0.355,xLS006,diam_0.25_0.355mm_g,,25.53035072,xLSGS2,not previously published ,
ds_05,x9015,151015.03,6/27/1990,NA,SC,3.21,3.28,0.25,0.355,xLS006,diam_0.25_0.355mm_g,,53.13180962,xLSGS2,not previously published ,
ds_05,x9015,151015.04,6/27/1990,NA,SC,3.29,3.37,0.25,0.355,xLS006,diam_0.25_0.355mm_g,,56.73955727,xLSGS2,not previously published ,
ds_05,x9015,151015.05,6/27/1990,NA,SC,3.37,3.45,0.25,0.355,xLS006,diam_0.25_0.355mm_g,,22.13829844,xLSGS2,not previously published ,
ds_05,x9015,151015.06,6/27/1990,NA,SC,3.45,3.53,0.25,0.355,xLS006,diam_0.25_0.355mm_g,,34.07542728,xLSGS2,not previously published ,
ds_05,x9015,151015.07,6/27/1990,NA,SC,3.54,3.61,0.25,0.355,xLS006,diam_0.25_0.355mm_g,,42.63294286,xLSGS2,not previously published ,
ds_05,x9015,151015.08,6/27/1990,NA,SC,3.62,3.69,0.25,0.355,xLS006,diam_0.25_0.355mm_g,,53.75447559,xLSGS2,not previously published ,
ds_05,x9015,151015.09,6/27/1990,NA,SC,3.7,3.77,0.25,0.355,xLS006,diam_0.25_0.355mm_g,,42.35261249,xLSGS2,not previously published ,
ds_05,x9015,151015.1,6/27/1990,NA,SC,3.78,3.85,0.25,0.355,xLS006,diam_0.25_0.355mm_g,,44.08204595,xLSGS2,not previously published ,
ds_05,x9015,151015.11,6/27/1990,NA,SC,3.85,3.93,0.25,0.355,xLS006,diam_0.25_0.355mm_g,,58.75531302,xLSGS2,not previously published ,
ds_05,x9015,151015.12,6/27/1990,NA,SC,3.94,4.01,0.25,0.355,xLS006,diam_0.25_0.355mm_g,,45.87746332,xLSGS2,not previously published ,
ds_05,x9015,151015.13,6/27/1990,NA,SC,4.03,4.11,0.25,0.355,xLS006,diam_0.25_0.355mm_g,,34.01915552,xLSGS2,not previously published ,
ds_05,x9015,151015.14,6/27/1990,NA,SC,4.11,4.15,0.25,0.355,xLS006,diam_0.25_0.355mm_g,,13.97724682,xLSGS2,not previously published ,
ds_05,x9015,151520.01,6/27/1990,NA,SC,4.57,4.65,0.25,0.355,xLS006,diam_0.25_0.355mm_g,,39.58680484,xLSGS2,not previously published ,
ds_05,x9015,150105.01,6/27/1990,NA,SC,0.3,0.38,0.25,0.355,xLS006,diam_0.25_0.355mm_g,,49.04569114,xLSGS2,not previously published ,
ds_05,x9015,150105.02,6/27/1990,NA,SC,0.38,0.47,0.25,0.355,xLS006,diam_0.25_0.355mm_g,,65.84458268,xLSGS2,not previously published ,
ds_05,x9015,150105.03,6/27/1990,NA,SC,0.47,0.55,0.25,0.355,xLS006,diam_0.25_0.355mm_g,,56.73571827,xLSGS2,not previously published ,
ds_05,x9015,151520.13,6/27/1990,NA,SC,5.53,5.6,0.25,0.355,xLS006,diam_0.25_0.355mm_g,,53.01650558,xLSGS2,not previously published ,
ds_05,x9015,151520.14,6/27/1990,NA,SC,5.61,5.68,0.25,0.355,xLS006,diam_0.25_0.355mm_g,,86.19829837,xLSGS2,not previously published ,
ds_05,x9015,151520.15,6/27/1990,NA,SC,5.68,5.76,0.25,0.355,xLS006,diam_0.25_0.355mm_g,,72.2643579,xLSGS2,not previously published ,
ds_05,x9015,151520.16,6/27/1990,NA,SC,5.76,5.86,0.25,0.355,xLS006,diam_0.25_0.355mm_g,,116.454849,xLSGS2,not previously published ,
ds_05,x9015,152025.01,6/27/1990,NA,SC,6.1,6.17,0.25,0.355,xLS006,diam_0.25_0.355mm_g,,40.14276758,xLSGS2,not previously published ,
ds_05,x9015,152025.02,6/27/1990,NA,SC,6.18,6.25,0.25,0.355,xLS006,diam_0.25_0.355mm_g,,53.49155747,xLSGS2,not previously published ,
ds_05,x9015,152025.03,6/27/1990,NA,SC,6.26,6.33,0.25,0.355,xLS006,diam_0.25_0.355mm_g,,56.56195039,xLSGS2,not previously published ,
ds_05,x9015,152025.04,6/27/1990,NA,SC,6.34,6.42,0.25,0.355,xLS006,diam_0.25_0.355mm_g,,72.46356733,xLSGS2,not previously published ,
ds_05,x9015,152025.05,6/27/1990,NA,SC,6.42,6.49,0.25,0.355,xLS006,diam_0.25_0.355mm_g,,55.52232515,xLSGS2,not previously published ,
ds_05,x9015,152025.06,6/27/1990,NA,SC,6.51,6.59,0.25,0.355,xLS006,diam_0.25_0.355mm_g,,56.73775291,xLSGS2,not previously published ,
ds_05,x9015,152025.07,6/27/1990,NA,SC,6.59,6.67,0.25,0.355,xLS006,diam_0.25_0.355mm_g,,63.14529922,xLSGS2,not previously published ,
ds_05,x9015,152025.08,6/27/1990,NA,SC,6.67,6.75,0.25,0.355,xLS006,diam_0.25_0.355mm_g,,56.70372187,xLSGS2,not previously published ,
ds_05,x9015,152025.09,6/27/1990,NA,SC,6.75,6.83,0.25,0.355,xLS006,diam_0.25_0.355mm_g,,54.70435876,xLSGS2,not previously published ,
ds_05,x9015,152025.1,6/27/1990,NA,SC,6.83,6.91,0.25,0.355,xLS006,diam_0.25_0.355mm_g,,33.3025075,xLSGS2,not previously published ,
ds_05,x9015,152025.11,6/27/1990,NA,SC,6.91,6.99,0.25,0.355,xLS006,diam_0.25_0.355mm_g,,31.39423691,xLSGS2,not previously published ,
ds_05,x9015,152025.12,6/27/1990,NA,SC,7,7.07,0.25,0.355,xLS006,diam_0.25_0.355mm_g,,40.63510961,xLSGS2,not previously published ,
ds_05,x9015,152025.13,6/27/1990,NA,SC,7.09,7.17,0.25,0.355,xLS006,diam_0.25_0.355mm_g,,38.93326545,xLSGS2,not previously published ,
ds_05,x9015,152530.01,6/27/1990,NA,SC,7.62,7.7,0.25,0.355,xLS006,diam_0.25_0.355mm_g,,58.99050786,xLSGS2,not previously published ,
ds_05,x9015,152530.02,6/27/1990,NA,SC,7.7,7.78,0.25,0.355,xLS006,diam_0.25_0.355mm_g,,54.28130344,xLSGS2,not previously published ,
ds_05,x9015,152530.03,6/27/1990,NA,SC,7.78,7.85,0.25,0.355,xLS006,diam_0.25_0.355mm_g,,14.49645909,xLSGS2,not previously published ,
ds_05,x9015,152530.04,6/27/1990,NA,SC,7.86,7.93,0.25,0.355,xLS006,diam_0.25_0.355mm_g,,1.300611025,xLSGS2,not previously published ,
ds_05,x9015,152530.05,6/27/1990,NA,SC,7.94,8.01,0.25,0.355,xLS006,diam_0.25_0.355mm_g,,1.47074582,xLSGS2,not previously published ,
ds_05,x9015,152530.06,6/27/1990,NA,SC,8.01,8.09,0.25,0.355,xLS006,diam_0.25_0.355mm_g,,2.304512218,xLSGS2,not previously published ,
ds_05,x9015,152530.07,6/27/1990,NA,SC,8.09,8.17,0.25,0.355,xLS006,diam_0.25_0.355mm_g,,7.371226696,xLSGS2,not previously published ,
ds_05,x9015,151520.02,6/27/1990,NA,SC,4.66,4.73,0.25,0.355,xLS006,diam_0.25_0.355mm_g,,32.75213837,xLSGS2,not previously published ,
ds_05,x9015,151520.03,6/27/1990,NA,SC,4.73,4.81,0.25,0.355,xLS006,diam_0.25_0.355mm_g,,51.53720424,xLSGS2,not previously published ,
ds_05,x9015,151520.04,6/27/1990,NA,SC,4.81,4.89,0.25,0.355,xLS006,diam_0.25_0.355mm_g,,37.30861897,xLSGS2,not previously published ,
ds_05,x9015,151520.05,6/27/1990,NA,SC,4.89,4.97,0.25,0.355,xLS006,diam_0.25_0.355mm_g,,62.73833526,xLSGS2,not previously published ,
ds_05,x9015,151520.06,6/27/1990,NA,SC,4.97,5.05,0.25,0.355,xLS006,diam_0.25_0.355mm_g,,101.3772821,xLSGS2,not previously published ,
ds_05,x9015,151520.07,6/27/1990,NA,SC,5.05,5.12,0.25,0.355,xLS006,diam_0.25_0.355mm_g,,96.057486,xLSGS2,not previously published ,
ds_05,x9015,151520.08,6/27/1990,NA,SC,5.13,5.2,0.25,0.355,xLS006,diam_0.25_0.355mm_g,,89.99848632,xLSGS2,not previously published ,
ds_05,x9015,151520.09,6/27/1990,NA,SC,5.21,5.28,0.25,0.355,xLS006,diam_0.25_0.355mm_g,,84.54018329,xLSGS2,not previously published ,
ds_05,x9015,151520.1,6/27/1990,NA,SC,5.28,5.36,0.25,0.355,xLS006,diam_0.25_0.355mm_g,,73.10198343,xLSGS2,not previously published ,
ds_05,x9015,151520.11,6/27/1990,NA,SC,5.36,5.44,0.25,0.355,xLS006,diam_0.25_0.355mm_g,,75.22837226,xLSGS2,not previously published ,
ds_05,x9015,151520.12,6/27/1990,NA,SC,5.44,5.52,0.25,0.355,xLS006,diam_0.25_0.355mm_g,,66.76438447,xLSGS2,not previously published ,
ds_05,x9016,160510.01,6/28/1990,NA,SC,1.52,1.6,0.25,0.355,xLS006,diam_0.25_0.355mm_g,,37.52581241,xLSGS2,not previously published ,
ds_05,x9016,160510.02,6/28/1990,NA,SC,1.6,1.68,0.25,0.355,xLS006,diam_0.25_0.355mm_g,,38.09440482,xLSGS2,not previously published ,
ds_05,x9016,160510.03,6/28/1990,NA,SC,1.69,1.76,0.25,0.355,xLS006,diam_0.25_0.355mm_g,,39.56580836,xLSGS2,not previously published ,
ds_05,x9016,160510.04,6/28/1990,NA,SC,1.77,1.84,0.25,0.355,xLS006,diam_0.25_0.355mm_g,,41.66618928,xLSGS2,not previously published ,
ds_05,x9016,160510.05,6/28/1990,NA,SC,1.85,1.92,0.25,0.355,xLS006,diam_0.25_0.355mm_g,,40.24677404,xLSGS2,not previously published ,
ds_05,x9016,160510.12,6/28/1990,NA,SC,2.4,2.47,0.25,0.355,xLS006,diam_0.25_0.355mm_g,,38.0140775,xLSGS2,not previously published ,
ds_05,x9016,160510.13,6/28/1990,NA,SC,2.48,2.58,0.25,0.355,xLS006,diam_0.25_0.355mm_g,,46.26232967,xLSGS2,not previously published ,
ds_05,x9016,161013.01,6/28/1990,NA,SC,3.05,3.12,0.25,0.355,xLS006,diam_0.25_0.355mm_g,,52.05994739,xLSGS2,not previously published ,
ds_05,x9016,161013.02,6/28/1990,NA,SC,3.13,3.2,0.25,0.355,xLS006,diam_0.25_0.355mm_g,,49.10309559,xLSGS2,not previously published ,
ds_05,x9016,161013.03,6/28/1990,NA,SC,3.21,3.28,0.25,0.355,xLS006,diam_0.25_0.355mm_g,,46.24939015,xLSGS2,not previously published ,
ds_05,x9016,161013.04,6/28/1990,NA,SC,3.29,3.36,0.25,0.355,xLS006,diam_0.25_0.355mm_g,,51.71773732,xLSGS2,not previously published ,
ds_05,x9016,161013.05,6/28/1990,NA,SC,3.36,3.43,0.25,0.355,xLS006,diam_0.25_0.355mm_g,,46.07894526,xLSGS2,not previously published ,
ds_05,x9016,161013.06,6/28/1990,NA,SC,3.45,3.53,0.25,0.355,xLS006,diam_0.25_0.355mm_g,,52.52036396,xLSGS2,not previously published ,
ds_05,x9016,161013.07,6/28/1990,NA,SC,3.53,3.56,0.25,0.355,xLS006,diam_0.25_0.355mm_g,,16.72648688,xLSGS2,not previously published ,
ds_05,x9016,161013.08,6/28/1990,NA,SC,3.56,3.64,0.25,0.355,xLS006,diam_0.25_0.355mm_g,,44.95109859,xLSGS2,not previously published ,
ds_05,x9016,161013.09,6/28/1990,NA,SC,3.64,3.72,0.25,0.355,xLS006,diam_0.25_0.355mm_g,,66.41695313,xLSGS2,not previously published ,
ds_05,x9016,161013.1,6/28/1990,NA,SC,3.72,3.81,0.25,0.355,xLS006,diam_0.25_0.355mm_g,,16.56252103,xLSGS2,not previously published ,
ds_05,x9016,161418.01,6/28/1990,NA,SC,4.27,4.35,0.25,0.355,xLS006,diam_0.25_0.355mm_g,,144.4860863,xLSGS2,not previously published ,
ds_05,x9016,161418.02,6/28/1990,NA,SC,4.35,4.42,0.25,0.355,xLS006,diam_0.25_0.355mm_g,,103.2328265,xLSGS2,not previously published ,
ds_05,x9016,161418.03,6/28/1990,NA,SC,4.43,4.51,0.25,0.355,xLS006,diam_0.25_0.355mm_g,,35.05860108,xLSGS2,not previously published ,
ds_05,x9016,161418.04,6/28/1990,NA,SC,4.51,4.59,0.25,0.355,xLS006,diam_0.25_0.355mm_g,,19.59012856,xLSGS2,not previously published ,
ds_05,x9016,161418.05,6/28/1990,NA,SC,4.59,4.67,0.25,0.355,xLS006,diam_0.25_0.355mm_g,,5.684873027,xLSGS2,not previously published ,
ds_05,x9016,161418.06,6/28/1990,NA,SC,4.67,4.75,0.25,0.355,xLS006,diam_0.25_0.355mm_g,,3.752330068,xLSGS2,not previously published ,
ds_05,x9016,161418.07,6/28/1990,NA,SC,4.75,4.82,0.25,0.355,xLS006,diam_0.25_0.355mm_g,,29.72385968,xLSGS2,not previously published ,
ds_05,x9016,161418.08,6/28/1990,NA,SC,4.83,4.9,0.25,0.355,xLS006,diam_0.25_0.355mm_g,,6.175053231,xLSGS2,not previously published ,
ds_05,x9016,161418.09,6/28/1990,NA,SC,4.9,4.98,0.25,0.355,xLS006,diam_0.25_0.355mm_g,,1.496711209,xLSGS2,not previously published ,
ds_05,x9016,161418.1,6/28/1990,NA,SC,4.98,5.06,0.25,0.355,xLS006,diam_0.25_0.355mm_g,,11.86943132,xLSGS2,not previously published ,
ds_05,x9016,161418.11,6/28/1990,NA,SC,5.06,5.14,0.25,0.355,xLS006,diam_0.25_0.355mm_g,,147.8512243,xLSGS2,not previously published ,
ds_05,x9016,161418.12,6/28/1990,NA,SC,5.14,5.22,0.25,0.355,xLS006,diam_0.25_0.355mm_g,,151.6059598,xLSGS2,not previously published ,
ds_05,x9016,161418.13,6/28/1990,NA,SC,5.22,5.3,0.25,0.355,xLS006,diam_0.25_0.355mm_g,,139.464219,xLSGS2,not previously published ,
ds_05,x9016,161418.14,6/28/1990,NA,SC,5.3,5.37,0.25,0.355,xLS006,diam_0.25_0.355mm_g,,70.08874988,xLSGS2,not previously published ,
ds_05,x9016,161924.01,6/28/1990,NA,SC,5.79,5.9,0.25,0.355,xLS006,diam_0.25_0.355mm_g,,115.5575684,xLSGS2,not previously published ,
ds_05,x9016,161924.02,6/28/1990,NA,SC,5.9,5.96,0.25,0.355,xLS006,diam_0.25_0.355mm_g,,88.94897756,xLSGS2,not previously published ,
ds_05,x9016,161924.03,6/28/1990,NA,SC,5.96,6.04,0.25,0.355,xLS006,diam_0.25_0.355mm_g,,36.54818943,xLSGS2,not previously published ,
ds_05,x9016,161924.04,6/28/1990,NA,SC,6.06,6.14,0.25,0.355,xLS006,diam_0.25_0.355mm_g,,1.238210318,xLSGS2,not previously published ,
ds_05,x9016,161924.05,6/28/1990,NA,SC,6.14,6.22,0.25,0.355,xLS006,diam_0.25_0.355mm_g,,77.88219223,xLSGS2,not previously published ,
ds_05,x9016,161924.06,6/28/1990,NA,SC,6.22,6.3,0.25,0.355,xLS006,diam_0.25_0.355mm_g,,211.6401834,xLSGS2,not previously published ,
ds_05,x9016,161924.07,6/28/1990,NA,SC,6.3,6.38,0.25,0.355,xLS006,diam_0.25_0.355mm_g,,197.9873139,xLSGS2,not previously published ,
ds_05,x9016,161924.08,6/28/1990,NA,SC,6.38,6.46,0.25,0.355,xLS006,diam_0.25_0.355mm_g,,181.2511857,xLSGS2,not previously published ,
ds_05,x9016,160510.06,6/28/1990,NA,SC,1.92,2,0.25,0.355,xLS006,diam_0.25_0.355mm_g,,39.07378677,xLSGS2,not previously published ,
ds_05,x9016,160510.07,6/28/1990,NA,SC,2,2.08,0.25,0.355,xLS006,diam_0.25_0.355mm_g,,41.76180678,xLSGS2,not previously published ,
ds_05,x9016,160510.08,6/28/1990,NA,SC,2.08,2.15,0.25,0.355,xLS006,diam_0.25_0.355mm_g,,37.28619658,xLSGS2,not previously published ,
ds_05,x9016,160510.09,6/28/1990,NA,SC,2.16,2.23,0.25,0.355,xLS006,diam_0.25_0.355mm_g,,36.89562965,xLSGS2,not previously published ,
ds_05,x9016,160510.1,6/28/1990,NA,SC,2.24,2.31,0.25,0.355,xLS006,diam_0.25_0.355mm_g,,38.04180804,xLSGS2,not previously published ,
ds_05,x9016,160510.11,6/28/1990,NA,SC,2.32,2.39,0.25,0.355,xLS006,diam_0.25_0.355mm_g,,35.90585903,xLSGS2,not previously published ,
ds_05,x9016,161924.09,6/28/1990,NA,SC,6.48,6.56,0.25,0.355,xLS006,diam_0.25_0.355mm_g,,152.8861649,xLSGS2,not previously published ,
ds_05,x9016,161924.1,6/28/1990,NA,SC,6.56,6.62,0.25,0.355,xLS006,diam_0.25_0.355mm_g,,6.285537347,xLSGS2,not previously published ,
ds_05,x9016,161924.11,6/28/1990,NA,SC,6.62,6.65,0.25,0.355,xLS006,diam_0.25_0.355mm_g,,9.262091082,xLSGS2,not previously published ,
ds_05,x9016,161924.12,6/28/1990,NA,SC,6.65,6.73,0.25,0.355,xLS006,diam_0.25_0.355mm_g,,0.152441525,xLSGS2,not previously published ,
ds_05,x9016,161924.13,6/28/1990,NA,SC,6.75,6.83,0.25,0.355,xLS006,diam_0.25_0.355mm_g,,0.893272993,xLSGS2,not previously published ,
ds_05,x9016,161924.14,6/28/1990,NA,SC,6.83,6.91,0.25,0.355,xLS006,diam_0.25_0.355mm_g,,10.72565495,xLSGS2,not previously published ,
ds_05,x9016,161924.15,6/28/1990,NA,SC,6.91,6.99,0.25,0.355,xLS006,diam_0.25_0.355mm_g,,0.110029239,xLSGS2,not previously published ,
ds_05,x9016,161924.16,6/28/1990,NA,SC,6.99,7.07,0.25,0.355,xLS006,diam_0.25_0.355mm_g,,34.22115941,xLSGS2,not previously published ,
ds_05,x9016,161924.17,6/28/1990,NA,SC,7.07,7.15,0.25,0.355,xLS006,diam_0.25_0.355mm_g,,2.956990392,xLSGS2,not previously published ,
ds_05,x9016,161924.18,6/28/1990,NA,SC,7.15,7.24,0.25,0.355,xLS006,diam_0.25_0.355mm_g,,0.960091914,xLSGS2,not previously published ,
ds_05,x9017,171419.13,6/29/1990,NA,SC,5.27,5.34,0.25,0.355,xLS006,diam_0.25_0.355mm_g,,64.9992327,xLSGS2,not previously published ,
ds_05,x9017,171419.14,6/29/1990,NA,SC,5.35,5.42,0.25,0.355,xLS006,diam_0.25_0.355mm_g,,58.92653683,xLSGS2,not previously published ,
ds_05,x9017,171419.15,6/29/1990,NA,SC,5.43,5.49,0.25,0.355,xLS006,diam_0.25_0.355mm_g,,31.52734436,xLSGS2,not previously published ,
ds_05,x9017,171419.16,6/29/1990,NA,SC,5.49,5.55,0.25,0.355,xLS006,diam_0.25_0.355mm_g,,23.32274683,xLSGS2,not previously published ,
ds_05,x9017,170914.01,6/29/1990,NA,SC,2.74,2.82,0.25,0.355,xLS006,diam_0.25_0.355mm_g,,42.45629512,xLSGS2,not previously published ,
ds_05,x9017,170914.02,6/29/1990,NA,SC,2.82,2.9,0.25,0.355,xLS006,diam_0.25_0.355mm_g,,21.25301689,xLSGS2,not previously published ,
ds_05,x9017,170914.03,6/29/1990,NA,SC,2.91,2.98,0.25,0.355,xLS006,diam_0.25_0.355mm_g,,43.61866748,xLSGS2,not previously published ,
ds_05,x9017,170914.04,6/29/1990,NA,SC,2.99,3.06,0.25,0.355,xLS006,diam_0.25_0.355mm_g,,46.3359101,xLSGS2,not previously published ,
ds_05,x9017,170914.05,6/29/1990,NA,SC,3.06,3.14,0.25,0.355,xLS006,diam_0.25_0.355mm_g,,24.26589964,xLSGS2,not previously published ,
ds_05,x9017,170914.06,6/29/1990,NA,SC,3.14,3.21,0.25,0.355,xLS006,diam_0.25_0.355mm_g,,9.747258941,xLSGS2,not previously published ,
ds_05,x9017,170914.07,6/29/1990,NA,SC,3.22,3.29,0.25,0.355,xLS006,diam_0.25_0.355mm_g,,22.15742703,xLSGS2,not previously published ,
ds_05,x9017,170914.08,6/29/1990,NA,SC,3.3,3.37,0.25,0.355,xLS006,diam_0.25_0.355mm_g,,58.02683304,xLSGS2,not previously published ,
ds_05,x9017,170914.09,6/29/1990,NA,SC,3.37,3.45,0.25,0.355,xLS006,diam_0.25_0.355mm_g,,70.8665417,xLSGS2,not previously published ,
ds_05,x9017,170914.1,6/29/1990,NA,SC,3.45,3.53,0.25,0.355,xLS006,diam_0.25_0.355mm_g,,81.75865876,xLSGS2,not previously published ,
ds_05,x9017,170914.11,6/29/1990,NA,SC,3.53,3.6,0.25,0.355,xLS006,diam_0.25_0.355mm_g,,64.16352712,xLSGS2,not previously published ,
ds_05,x9017,170914.12,6/29/1990,NA,SC,3.61,3.69,0.25,0.355,xLS006,diam_0.25_0.355mm_g,,75.68195104,xLSGS2,not previously published ,
ds_05,x9017,170914.13,6/29/1990,NA,SC,3.69,3.76,0.25,0.355,xLS006,diam_0.25_0.355mm_g,,61.57282056,xLSGS2,not previously published ,
ds_05,x9017,170914.14,6/29/1990,NA,SC,3.77,3.84,0.25,0.355,xLS006,diam_0.25_0.355mm_g,,54.53279279,xLSGS2,not previously published ,
ds_05,x9017,171419.01,6/29/1990,NA,SC,4.27,4.34,0.25,0.355,xLS006,diam_0.25_0.355mm_g,,49.59683212,xLSGS2,not previously published ,
ds_05,x9017,171419.02,6/29/1990,NA,SC,4.35,4.42,0.25,0.355,xLS006,diam_0.25_0.355mm_g,,45.47695201,xLSGS2,not previously published ,
ds_05,x9017,171419.03,6/29/1990,NA,SC,4.43,4.51,0.25,0.355,xLS006,diam_0.25_0.355mm_g,,87.648442,xLSGS2,not previously published ,
ds_05,x9017,171419.04,6/29/1990,NA,SC,4.51,4.59,0.25,0.355,xLS006,diam_0.25_0.355mm_g,,67.90713834,xLSGS2,not previously published ,
ds_05,x9017,171419.05,6/29/1990,NA,SC,4.59,4.67,0.25,0.355,xLS006,diam_0.25_0.355mm_g,,43.60772202,xLSGS2,not previously published ,
ds_05,x9017,171419.06,6/29/1990,NA,SC,4.67,4.75,0.25,0.355,xLS006,diam_0.25_0.355mm_g,,34.4519479,xLSGS2,not previously published ,
ds_05,x9017,171419.07,6/29/1990,NA,SC,4.76,4.83,0.25,0.355,xLS006,diam_0.25_0.355mm_g,,56.89211934,xLSGS2,not previously published ,
ds_05,x9017,171419.08,6/29/1990,NA,SC,4.84,4.92,0.25,0.355,xLS006,diam_0.25_0.355mm_g,,43.15710242,xLSGS2,not previously published ,
ds_05,x9017,171419.09,6/29/1990,NA,SC,4.92,5,0.25,0.355,xLS006,diam_0.25_0.355mm_g,,58.12566307,xLSGS2,not previously published ,
ds_05,x9017,171419.1,6/29/1990,NA,SC,5.01,5.09,0.25,0.355,xLS006,diam_0.25_0.355mm_g,,35.47291719,xLSGS2,not previously published ,
ds_05,x9017,171419.11,6/29/1990,NA,SC,5.09,5.18,0.25,0.355,xLS006,diam_0.25_0.355mm_g,,72.80254531,xLSGS2,not previously published ,
ds_05,x9017,171419.12,6/29/1990,NA,SC,5.18,5.26,0.25,0.355,xLS006,diam_0.25_0.355mm_g,,89.50069148,xLSGS2,not previously published ,
ds_05,x9017,171924.01,6/29/1990,NA,SC,5.79,5.87,0.25,0.355,xLS006,diam_0.25_0.355mm_g,,15.80759684,xLSGS2,not previously published ,
ds_05,x9017,171924.02,6/29/1990,NA,SC,5.87,5.95,0.25,0.355,xLS006,diam_0.25_0.355mm_g,,1.724554529,xLSGS2,not previously published ,
ds_05,x9017,171924.03,6/29/1990,NA,SC,5.95,6.03,0.25,0.355,xLS006,diam_0.25_0.355mm_g,,0.149666837,xLSGS2,not previously published ,
ds_05,x9017,171924.04,6/29/1990,NA,SC,6.03,6.11,0.25,0.355,xLS006,diam_0.25_0.355mm_g,,0.500401267,xLSGS2,not previously published ,
ds_05,x9017,171924.05,6/29/1990,NA,SC,6.11,6.19,0.25,0.355,xLS006,diam_0.25_0.355mm_g,,0.379554319,xLSGS2,not previously published ,
ds_05,x9017,171924.06,6/29/1990,NA,SC,6.19,6.27,0.25,0.355,xLS006,diam_0.25_0.355mm_g,,0.200243929,xLSGS2,not previously published ,
ds_05,x9017,171924.07,6/29/1990,NA,SC,6.27,6.35,0.25,0.355,xLS006,diam_0.25_0.355mm_g,,0.196886298,xLSGS2,not previously published ,
ds_05,x9017,171924.08,6/29/1990,NA,SC,6.36,6.43,0.25,0.355,xLS006,diam_0.25_0.355mm_g,,1.252470209,xLSGS2,not previously published ,
ds_05,x9017,171924.09,6/29/1990,NA,SC,6.44,6.52,0.25,0.355,xLS006,diam_0.25_0.355mm_g,,5.868025241,xLSGS2,not previously published ,
ds_05,x9017,171924.1,6/29/1990,NA,SC,6.52,6.59,0.25,0.355,xLS006,diam_0.25_0.355mm_g,,0.221072821,xLSGS2,not previously published ,
ds_05,x9017,171924.11,6/29/1990,NA,SC,6.6,6.67,0.25,0.355,xLS006,diam_0.25_0.355mm_g,,0.390527055,xLSGS2,not previously published ,
ds_05,x9017,171924.12,6/29/1990,NA,SC,6.68,6.76,0.25,0.355,xLS006,diam_0.25_0.355mm_g,,3.316356586,xLSGS2,not previously published ,
ds_05,x9017,171924.13,6/29/1990,NA,SC,6.76,6.84,0.25,0.355,xLS006,diam_0.25_0.355mm_g,,3.340913375,xLSGS2,not previously published ,
ds_05,x9017,171924.14,6/29/1990,NA,SC,6.84,6.9,0.25,0.355,xLS006,diam_0.25_0.355mm_g,,0.077340979,xLSGS2,not previously published ,
ds_05,x9018,181419.03,6/29/1990,NA,SC,4.43,4.51,0.25,0.355,xLS006,diam_0.25_0.355mm_g,,47.25533701,xLSGS2,not previously published ,
ds_05,x9018,181419.04,6/29/1990,NA,SC,4.51,4.58,0.25,0.355,xLS006,diam_0.25_0.355mm_g,,50.31603747,xLSGS2,not previously published ,
ds_05,x9018,181419.05,6/29/1990,NA,SC,4.59,4.66,0.25,0.355,xLS006,diam_0.25_0.355mm_g,,41.71144029,xLSGS2,not previously published ,
ds_05,x9018,181419.06,6/29/1990,NA,SC,4.67,4.74,0.25,0.355,xLS006,diam_0.25_0.355mm_g,,61.12380039,xLSGS2,not previously published ,
ds_05,x9018,181419.07,6/29/1990,NA,SC,4.75,4.82,0.25,0.355,xLS006,diam_0.25_0.355mm_g,,51.25796777,xLSGS2,not previously published ,
ds_05,x9018,181419.08,6/29/1990,NA,SC,4.82,4.9,0.25,0.355,xLS006,diam_0.25_0.355mm_g,,24.29741857,xLSGS2,not previously published ,
ds_05,x9018,181419.09,6/29/1990,NA,SC,4.9,4.97,0.25,0.355,xLS006,diam_0.25_0.355mm_g,,34.03056539,xLSGS2,not previously published ,
ds_05,x9018,181419.1,6/29/1990,NA,SC,4.98,5.06,0.25,0.355,xLS006,diam_0.25_0.355mm_g,,63.09004946,xLSGS2,not previously published ,
ds_05,x9018,180914.01,6/29/1990,NA,SC,2.74,2.82,0.25,0.355,xLS006,diam_0.25_0.355mm_g,,7.342201704,xLSGS2,not previously published ,
ds_05,x9018,180914.02,6/29/1990,NA,SC,2.83,2.9,0.25,0.355,xLS006,diam_0.25_0.355mm_g,,4.50519234,xLSGS2,not previously published ,
ds_05,x9018,180914.03,6/29/1990,NA,SC,2.9,2.98,0.25,0.355,xLS006,diam_0.25_0.355mm_g,,50.67528255,xLSGS2,not previously published ,
ds_05,x9018,180914.04,6/29/1990,NA,SC,2.98,3.06,0.25,0.355,xLS006,diam_0.25_0.355mm_g,,5.1312262,xLSGS2,not previously published ,
ds_05,x9018,180914.05,6/29/1990,NA,SC,3.06,3.13,0.25,0.355,xLS006,diam_0.25_0.355mm_g,,27.0894415,xLSGS2,not previously published ,
ds_05,x9018,180914.06,6/29/1990,NA,SC,3.14,3.21,0.25,0.355,xLS006,diam_0.25_0.355mm_g,,64.57753887,xLSGS2,not previously published ,
ds_05,x9018,180914.07,6/29/1990,NA,SC,3.21,3.29,0.25,0.355,xLS006,diam_0.25_0.355mm_g,,60.73263245,xLSGS2,not previously published ,
ds_05,x9018,180914.08,6/29/1990,NA,SC,3.29,3.37,0.25,0.355,xLS006,diam_0.25_0.355mm_g,,72.73388789,xLSGS2,not previously published ,
ds_05,x9018,180914.09,6/29/1990,NA,SC,3.37,3.45,0.25,0.355,xLS006,diam_0.25_0.355mm_g,,57.30557165,xLSGS2,not previously published ,
ds_05,x9018,180914.1,6/29/1990,NA,SC,3.45,3.53,0.25,0.355,xLS006,diam_0.25_0.355mm_g,,60.02897456,xLSGS2,not previously published ,
ds_05,x9018,180914.11,6/29/1990,NA,SC,3.53,3.61,0.25,0.355,xLS006,diam_0.25_0.355mm_g,,73.9678877,xLSGS2,not previously published ,
ds_05,x9018,180914.12,6/29/1990,NA,SC,3.61,3.69,0.25,0.355,xLS006,diam_0.25_0.355mm_g,,54.9234394,xLSGS2,not previously published ,
ds_05,x9018,180914.13,6/29/1990,NA,SC,3.69,3.77,0.25,0.355,xLS006,diam_0.25_0.355mm_g,,71.90077902,xLSGS2,not previously published ,
ds_05,x9018,180914.14,6/29/1990,NA,SC,3.77,3.85,0.25,0.355,xLS006,diam_0.25_0.355mm_g,,15.10138687,xLSGS2,not previously published ,
ds_05,x9018,180914.15,6/29/1990,NA,SC,3.85,3.93,0.25,0.355,xLS006,diam_0.25_0.355mm_g,,63.9206339,xLSGS2,not previously published ,
ds_05,x9018,180914.16,6/29/1990,NA,SC,3.93,4.01,0.25,0.355,xLS006,diam_0.25_0.355mm_g,,74.14602882,xLSGS2,not previously published ,
ds_05,x9018,181419.01,6/29/1990,NA,SC,4.27,4.34,0.25,0.355,xLS006,diam_0.25_0.355mm_g,,68.96422593,xLSGS2,not previously published ,
ds_05,x9018,181419.02,6/29/1990,NA,SC,4.35,4.42,0.25,0.355,xLS006,diam_0.25_0.355mm_g,,68.20443631,xLSGS2,not previously published ,
ds_05,x9018,181924.02,6/29/1990,NA,SC,5.87,5.95,0.25,0.355,xLS006,diam_0.25_0.355mm_g,,77.11416966,xLSGS2,not previously published ,
ds_05,x9018,181924.03,6/29/1990,NA,SC,5.95,6.03,0.25,0.355,xLS006,diam_0.25_0.355mm_g,,80.64153439,xLSGS2,not previously published ,
ds_05,x9018,181924.05,6/29/1990,NA,SC,6.12,6.2,0.25,0.355,xLS006,diam_0.25_0.355mm_g,,70.94732663,xLSGS2,not previously published ,
ds_05,x9018,181419.14,6/29/1990,NA,SC,5.31,5.4,0.25,0.355,xLS006,diam_0.25_0.355mm_g,,78.62682424,xLSGS2,not previously published ,
ds_05,x9018,181924.06,6/29/1990,NA,SC,6.2,6.26,0.25,0.355,xLS006,diam_0.25_0.355mm_g,,44.50340794,xLSGS2,not previously published ,
ds_05,x9018,181924.07,6/29/1990,NA,SC,6.26,6.34,0.25,0.355,xLS006,diam_0.25_0.355mm_g,,0.391207893,xLSGS2,not previously published ,
ds_05,x9018,181924.08,6/29/1990,NA,SC,6.35,6.4,0.25,0.355,xLS006,diam_0.25_0.355mm_g,,0.049498911,xLSGS2,not previously published ,
ds_05,x9018,181924.04,6/29/1990,NA,SC,6.03,6.11,0.25,0.355,xLS006,diam_0.25_0.355mm_g,,49.72502878,xLSGS2,not previously published ,
ds_05,x9018,181419.11,6/29/1990,NA,SC,5.06,5.14,0.25,0.355,xLS006,diam_0.25_0.355mm_g,,47.74161329,xLSGS2,not previously published ,
ds_05,x9018,181419.12,6/29/1990,NA,SC,5.14,5.22,0.25,0.355,xLS006,diam_0.25_0.355mm_g,,71.42547997,xLSGS2,not previously published ,
ds_05,x9018,181419.13,6/29/1990,NA,SC,5.23,5.3,0.25,0.355,xLS006,diam_0.25_0.355mm_g,,59.33989992,xLSGS2,not previously published ,
ds_05,x9018,181924.01,6/29/1990,NA,SC,5.79,5.87,0.25,0.355,xLS006,diam_0.25_0.355mm_g,,70.36196816,xLSGS2,not previously published ,
ds_05,x9013,132530.03,6/27/1990,NA,SC,7.77,7.85,0.106,0.25,xLS007,diam_0.106_0.25mm_g,,144.1158855,xLSGS2,not previously published ,
ds_05,x9013,132530.04,6/27/1990,NA,SC,7.85,7.93,0.106,0.25,xLS007,diam_0.106_0.25mm_g,,119.7895279,xLSGS2,not previously published ,
ds_05,x9013,132530.01,6/27/1990,NA,SC,7.62,7.69,0.106,0.25,xLS007,diam_0.106_0.25mm_g,,45.56796152,xLSGS2,not previously published ,
ds_05,x9013,132530.02,6/27/1990,NA,SC,7.69,7.77,0.106,0.25,xLS007,diam_0.106_0.25mm_g,,135.1592486,xLSGS2,not previously published ,
ds_05,x9013,133035.03,6/27/1990,NA,SC,9.31,9.38,0.106,0.25,xLS007,diam_0.106_0.25mm_g,,98.65211189,xLSGS2,not previously published ,
ds_05,x9013,133035.04,6/27/1990,NA,SC,9.39,9.46,0.106,0.25,xLS007,diam_0.106_0.25mm_g,,127.8909922,xLSGS2,not previously published ,
ds_05,x9013,132530.05,6/27/1990,NA,SC,7.94,8.01,0.106,0.25,xLS007,diam_0.106_0.25mm_g,,137.5251412,xLSGS2,not previously published ,
ds_05,x9013,132530.06,6/27/1990,NA,SC,8.02,8.09,0.106,0.25,xLS007,diam_0.106_0.25mm_g,,99.7873688,xLSGS2,not previously published ,
ds_05,x9013,132530.07,6/27/1990,NA,SC,8.1,8.17,0.106,0.25,xLS007,diam_0.106_0.25mm_g,,138.6370127,xLSGS2,not previously published ,
ds_05,x9013,132530.08,6/27/1990,NA,SC,8.18,8.25,0.106,0.25,xLS007,diam_0.106_0.25mm_g,,94.76579173,xLSGS2,not previously published ,
ds_05,x9013,132530.09,6/27/1990,NA,SC,8.26,8.33,0.106,0.25,xLS007,diam_0.106_0.25mm_g,,103.5019275,xLSGS2,not previously published ,
ds_05,x9013,132530.1,6/27/1990,NA,SC,8.34,8.42,0.106,0.25,xLS007,diam_0.106_0.25mm_g,,102.4442965,xLSGS2,not previously published ,
ds_05,x9013,132530.11,6/27/1990,NA,SC,8.42,8.5,0.106,0.25,xLS007,diam_0.106_0.25mm_g,,173.1580407,xLSGS2,not previously published ,
ds_05,x9013,132530.12,6/27/1990,NA,SC,8.5,8.54,0.106,0.25,xLS007,diam_0.106_0.25mm_g,,25.42027406,xLSGS2,not previously published ,
ds_05,x9013,132530.14,6/27/1990,NA,SC,8.58,8.66,0.106,0.25,xLS007,diam_0.106_0.25mm_g,,170.0353876,xLSGS2,not previously published ,
ds_05,x9013,133035.01,6/27/1990,NA,SC,9.14,9.22,0.106,0.25,xLS007,diam_0.106_0.25mm_g,,123.1118991,xLSGS2,not previously published ,
ds_05,x9013,133035.02,6/27/1990,NA,SC,9.22,9.3,0.106,0.25,xLS007,diam_0.106_0.25mm_g,,147.970222,xLSGS2,not previously published ,
ds_05,x9014,142025.07,6/27/1990,NA,SC,6.59,6.67,0.106,0.25,xLS007,diam_0.106_0.25mm_g,,21.42378573,xLSGS2,not previously published ,
ds_05,x9014,142025.08,6/27/1990,NA,SC,6.67,6.76,0.106,0.25,xLS007,diam_0.106_0.25mm_g,,30.69184384,xLSGS2,not previously published ,
ds_05,x9014,142025.09,6/27/1990,NA,SC,6.76,6.84,0.106,0.25,xLS007,diam_0.106_0.25mm_g,,20.73410639,xLSGS2,not previously published ,
ds_05,x9014,142025.1,6/27/1990,NA,SC,6.84,6.92,0.106,0.25,xLS007,diam_0.106_0.25mm_g,,123.6488663,xLSGS2,not previously published ,
ds_05,x9014,142025.11,6/27/1990,NA,SC,6.93,6.98,0.106,0.25,xLS007,diam_0.106_0.25mm_g,,97.74492455,xLSGS2,not previously published ,
ds_05,x9014,142530.01,6/27/1990,NA,SC,7.62,7.69,0.106,0.25,xLS007,diam_0.106_0.25mm_g,,36.24858206,xLSGS2,not previously published ,
ds_05,x9014,142530.02,6/27/1990,NA,SC,7.7,7.78,0.106,0.25,xLS007,diam_0.106_0.25mm_g,,105.2240324,xLSGS2,not previously published ,
ds_05,x9014,142530.03,6/27/1990,NA,SC,7.78,7.85,0.106,0.25,xLS007,diam_0.106_0.25mm_g,,102.7833846,xLSGS2,not previously published ,
ds_05,x9014,142530.04,6/27/1990,NA,SC,7.86,7.93,0.106,0.25,xLS007,diam_0.106_0.25mm_g,,129.0256426,xLSGS2,not previously published ,
ds_05,x9014,142530.05,6/27/1990,NA,SC,7.94,8.01,0.106,0.25,xLS007,diam_0.106_0.25mm_g,,134.9698662,xLSGS2,not previously published ,
ds_05,x9014,142530.06,6/27/1990,NA,SC,8.02,8.07,0.106,0.25,xLS007,diam_0.106_0.25mm_g,,115.3405575,xLSGS2,not previously published ,
ds_05,x9014,142530.07,6/27/1990,NA,SC,8.09,8.16,0.106,0.25,xLS007,diam_0.106_0.25mm_g,,151.693379,xLSGS2,not previously published ,
ds_05,x9014,142530.08,6/27/1990,NA,SC,8.17,8.24,0.106,0.25,xLS007,diam_0.106_0.25mm_g,,154.3709591,xLSGS2,not previously published ,
ds_05,x9014,142530.09,6/27/1990,NA,SC,8.25,8.32,0.106,0.25,xLS007,diam_0.106_0.25mm_g,,159.2287246,xLSGS2,not previously published ,
ds_05,x9014,142530.1,6/27/1990,NA,SC,8.33,8.4,0.106,0.25,xLS007,diam_0.106_0.25mm_g,,134.6185373,xLSGS2,not previously published ,
ds_05,x9014,142530.11,6/27/1990,NA,SC,8.41,8.48,0.106,0.25,xLS007,diam_0.106_0.25mm_g,,133.8672239,xLSGS2,not previously published ,
ds_05,x9014,142530.12,6/27/1990,NA,SC,8.48,8.56,0.106,0.25,xLS007,diam_0.106_0.25mm_g,,155.4368595,xLSGS2,not previously published ,
ds_05,x9014,142530.13,6/27/1990,NA,SC,8.56,8.64,0.106,0.25,xLS007,diam_0.106_0.25mm_g,,176.1177904,xLSGS2,not previously published ,
ds_05,x9014,142530.14,6/27/1990,NA,SC,8.64,8.72,0.106,0.25,xLS007,diam_0.106_0.25mm_g,,101.3285382,xLSGS2,not previously published ,
ds_05,x9014,142530.15,6/27/1990,NA,SC,8.73,8.78,0.106,0.25,xLS007,diam_0.106_0.25mm_g,,27.01027681,xLSGS2,not previously published ,
ds_05,x9014,143035.01,6/27/1990,NA,SC,9.14,9.22,0.106,0.25,xLS007,diam_0.106_0.25mm_g,,47.49258125,xLSGS2,not previously published ,
ds_05,x9014,143035.02,6/27/1990,NA,SC,9.22,9.3,0.106,0.25,xLS007,diam_0.106_0.25mm_g,,14.48651974,xLSGS2,not previously published ,
ds_05,x9014,143035.03,6/27/1990,NA,SC,9.3,9.38,0.106,0.25,xLS007,diam_0.106_0.25mm_g,,45.66963884,xLSGS2,not previously published ,
ds_05,x9014,143035.04,6/27/1990,NA,SC,9.38,9.46,0.106,0.25,xLS007,diam_0.106_0.25mm_g,,18.90397393,xLSGS2,not previously published ,
ds_05,x9014,143035.05,6/27/1990,NA,SC,9.46,9.54,0.106,0.25,xLS007,diam_0.106_0.25mm_g,,34.22796708,xLSGS2,not previously published ,
ds_05,x9014,143035.06,6/27/1990,NA,SC,9.54,9.61,0.106,0.25,xLS007,diam_0.106_0.25mm_g,,21.92618657,xLSGS2,not previously published ,
ds_05,x9014,143035.07,6/27/1990,NA,SC,9.62,9.69,0.106,0.25,xLS007,diam_0.106_0.25mm_g,,13.06887949,xLSGS2,not previously published ,
ds_05,x9014,143035.08,6/27/1990,NA,SC,9.7,9.77,0.106,0.25,xLS007,diam_0.106_0.25mm_g,,16.58950014,xLSGS2,not previously published ,
ds_05,x9014,143035.09,6/27/1990,NA,SC,9.77,9.85,0.106,0.25,xLS007,diam_0.106_0.25mm_g,,13.23086786,xLSGS2,not previously published ,
ds_05,x9014,143035.1,6/27/1990,NA,SC,9.85,9.92,0.106,0.25,xLS007,diam_0.106_0.25mm_g,,19.51833974,xLSGS2,not previously published ,
ds_05,x9014,143035.11,6/27/1990,NA,SC,9.93,10.01,0.106,0.25,xLS007,diam_0.106_0.25mm_g,,19.41890232,xLSGS2,not previously published ,
ds_05,x9014,143035.12,6/27/1990,NA,SC,10.02,10.1,0.106,0.25,xLS007,diam_0.106_0.25mm_g,,33.68966338,xLSGS2,not previously published ,
ds_05,x9014,143035.13,6/27/1990,NA,SC,10.1,10.19,0.106,0.25,xLS007,diam_0.106_0.25mm_g,,32.32725523,xLSGS2,not previously published ,
ds_05,x9014,143035.14,6/27/1990,NA,SC,10.19,10.27,0.106,0.25,xLS007,diam_0.106_0.25mm_g,,59.37110637,xLSGS2,not previously published ,
ds_05,x9014,142025.01,6/27/1990,NA,SC,6.1,6.18,0.106,0.25,xLS007,diam_0.106_0.25mm_g,,45.89712814,xLSGS2,not previously published ,
ds_05,x9014,142025.02,6/27/1990,NA,SC,6.18,6.26,0.106,0.25,xLS007,diam_0.106_0.25mm_g,,175.2204356,xLSGS2,not previously published ,
ds_05,x9014,142025.03,6/27/1990,NA,SC,6.26,6.34,0.106,0.25,xLS007,diam_0.106_0.25mm_g,,177.9831038,xLSGS2,not previously published ,
ds_05,x9014,142025.04,6/27/1990,NA,SC,6.34,6.42,0.106,0.25,xLS007,diam_0.106_0.25mm_g,,183.9613296,xLSGS2,not previously published ,
ds_05,x9014,142025.05,6/27/1990,NA,SC,6.43,6.5,0.106,0.25,xLS007,diam_0.106_0.25mm_g,,182.3475176,xLSGS2,not previously published ,
ds_05,x9014,142025.06,6/27/1990,NA,SC,6.51,6.59,0.106,0.25,xLS007,diam_0.106_0.25mm_g,,138.6683572,xLSGS2,not previously published ,
ds_05,x9014,143035.15,6/27/1990,NA,SC,10.27,10.35,0.106,0.25,xLS007,diam_0.106_0.25mm_g,,176.7506097,xLSGS2,not previously published ,
ds_05,x9014,143035.16,6/27/1990,NA,SC,10.35,10.44,0.106,0.25,xLS007,diam_0.106_0.25mm_g,,126.5793634,xLSGS2,not previously published ,
ds_05,x9014,143035.17,6/27/1990,NA,SC,10.44,10.52,0.106,0.25,xLS007,diam_0.106_0.25mm_g,,47.32370169,xLSGS2,not previously published ,
ds_05,x9015,150105.04,6/27/1990,NA,SC,0.56,0.63,0.106,0.25,xLS007,diam_0.106_0.25mm_g,,40.0263553,xLSGS2,not previously published ,
ds_05,x9015,150105.05,6/27/1990,NA,SC,0.65,0.73,0.106,0.25,xLS007,diam_0.106_0.25mm_g,,49.46480786,xLSGS2,not previously published ,
ds_05,x9015,150105.06,6/27/1990,NA,SC,0.74,0.82,0.106,0.25,xLS007,diam_0.106_0.25mm_g,,48.67047121,xLSGS2,not previously published ,
ds_05,x9015,150105.07,6/27/1990,NA,SC,0.82,0.9,0.106,0.25,xLS007,diam_0.106_0.25mm_g,,51.75293719,xLSGS2,not previously published ,
ds_05,x9015,150105.08,6/27/1990,NA,SC,0.9,0.98,0.106,0.25,xLS007,diam_0.106_0.25mm_g,,52.52787757,xLSGS2,not previously published ,
ds_05,x9015,150105.09,6/27/1990,NA,SC,0.98,1.06,0.106,0.25,xLS007,diam_0.106_0.25mm_g,,49.55663134,xLSGS2,not previously published ,
ds_05,x9015,150105.1,6/27/1990,NA,SC,1.06,1.14,0.106,0.25,xLS007,diam_0.106_0.25mm_g,,59.41428011,xLSGS2,not previously published ,
ds_05,x9015,150105.11,6/27/1990,NA,SC,1.14,1.21,0.106,0.25,xLS007,diam_0.106_0.25mm_g,,52.04698672,xLSGS2,not previously published ,
ds_05,x9015,150510.01,6/27/1990,NA,SC,1.52,1.6,0.106,0.25,xLS007,diam_0.106_0.25mm_g,,49.79922341,xLSGS2,not previously published ,
ds_05,x9015,150510.02,6/27/1990,NA,SC,1.61,1.68,0.106,0.25,xLS007,diam_0.106_0.25mm_g,,23.72872483,xLSGS2,not previously published ,
ds_05,x9015,150510.03,6/27/1990,NA,SC,1.69,1.76,0.106,0.25,xLS007,diam_0.106_0.25mm_g,,32.69113673,xLSGS2,not previously published ,
ds_05,x9015,150510.04,6/27/1990,NA,SC,1.77,1.85,0.106,0.25,xLS007,diam_0.106_0.25mm_g,,20.93351803,xLSGS2,not previously published ,
ds_05,x9015,150510.05,6/27/1990,NA,SC,1.85,1.93,0.106,0.25,xLS007,diam_0.106_0.25mm_g,,17.45232663,xLSGS2,not previously published ,
ds_05,x9015,150510.06,6/27/1990,NA,SC,1.93,2.01,0.106,0.25,xLS007,diam_0.106_0.25mm_g,,17.39586874,xLSGS2,not previously published ,
ds_05,x9015,150510.07,6/27/1990,NA,SC,2.01,2.09,0.106,0.25,xLS007,diam_0.106_0.25mm_g,,14.79178648,xLSGS2,not previously published ,
ds_05,x9015,150510.08,6/27/1990,NA,SC,2.1,2.17,0.106,0.25,xLS007,diam_0.106_0.25mm_g,,20.22750931,xLSGS2,not previously published ,
ds_05,x9015,150510.09,6/27/1990,NA,SC,2.18,2.23,0.106,0.25,xLS007,diam_0.106_0.25mm_g,,6.680798878,xLSGS2,not previously published ,
ds_05,x9015,150510.1,6/27/1990,NA,SC,2.24,2.32,0.106,0.25,xLS007,diam_0.106_0.25mm_g,,8.934605927,xLSGS2,not previously published ,
ds_05,x9015,150510.11,6/27/1990,NA,SC,2.33,2.44,0.106,0.25,xLS007,diam_0.106_0.25mm_g,,20.23450581,xLSGS2,not previously published ,
ds_05,x9015,151015.01,6/27/1990,NA,SC,3.05,3.12,0.106,0.25,xLS007,diam_0.106_0.25mm_g,,77.40722178,xLSGS2,not previously published ,
ds_05,x9015,151015.02,6/27/1990,NA,SC,3.13,3.21,0.106,0.25,xLS007,diam_0.106_0.25mm_g,,71.34029885,xLSGS2,not previously published ,
ds_05,x9015,151015.03,6/27/1990,NA,SC,3.21,3.28,0.106,0.25,xLS007,diam_0.106_0.25mm_g,,31.19937013,xLSGS2,not previously published ,
ds_05,x9015,151015.04,6/27/1990,NA,SC,3.29,3.37,0.106,0.25,xLS007,diam_0.106_0.25mm_g,,34.14934343,xLSGS2,not previously published ,
ds_05,x9015,151015.05,6/27/1990,NA,SC,3.37,3.45,0.106,0.25,xLS007,diam_0.106_0.25mm_g,,19.55924347,xLSGS2,not previously published ,
ds_05,x9015,151015.06,6/27/1990,NA,SC,3.45,3.53,0.106,0.25,xLS007,diam_0.106_0.25mm_g,,61.19464428,xLSGS2,not previously published ,
ds_05,x9015,151015.07,6/27/1990,NA,SC,3.54,3.61,0.106,0.25,xLS007,diam_0.106_0.25mm_g,,61.52571089,xLSGS2,not previously published ,
ds_05,x9015,151015.08,6/27/1990,NA,SC,3.62,3.69,0.106,0.25,xLS007,diam_0.106_0.25mm_g,,89.28516111,xLSGS2,not previously published ,
ds_05,x9015,151015.09,6/27/1990,NA,SC,3.7,3.77,0.106,0.25,xLS007,diam_0.106_0.25mm_g,,43.87607255,xLSGS2,not previously published ,
ds_05,x9015,151015.1,6/27/1990,NA,SC,3.78,3.85,0.106,0.25,xLS007,diam_0.106_0.25mm_g,,33.03212868,xLSGS2,not previously published ,
ds_05,x9015,151015.11,6/27/1990,NA,SC,3.85,3.93,0.106,0.25,xLS007,diam_0.106_0.25mm_g,,50.65919616,xLSGS2,not previously published ,
ds_05,x9015,151015.12,6/27/1990,NA,SC,3.94,4.01,0.106,0.25,xLS007,diam_0.106_0.25mm_g,,95.23366489,xLSGS2,not previously published ,
ds_05,x9015,151015.13,6/27/1990,NA,SC,4.03,4.11,0.106,0.25,xLS007,diam_0.106_0.25mm_g,,42.34553775,xLSGS2,not previously published ,
ds_05,x9015,151015.14,6/27/1990,NA,SC,4.11,4.15,0.106,0.25,xLS007,diam_0.106_0.25mm_g,,33.74868586,xLSGS2,not previously published ,
ds_05,x9015,151520.01,6/27/1990,NA,SC,4.57,4.65,0.106,0.25,xLS007,diam_0.106_0.25mm_g,,130.3799869,xLSGS2,not previously published ,
ds_05,x9015,150105.01,6/27/1990,NA,SC,0.3,0.38,0.106,0.25,xLS007,diam_0.106_0.25mm_g,,33.27193383,xLSGS2,not previously published ,
ds_05,x9015,150105.02,6/27/1990,NA,SC,0.38,0.47,0.106,0.25,xLS007,diam_0.106_0.25mm_g,,43.27966234,xLSGS2,not previously published ,
ds_05,x9015,150105.03,6/27/1990,NA,SC,0.47,0.55,0.106,0.25,xLS007,diam_0.106_0.25mm_g,,37.83956882,xLSGS2,not previously published ,
ds_05,x9015,151520.13,6/27/1990,NA,SC,5.53,5.6,0.106,0.25,xLS007,diam_0.106_0.25mm_g,,57.9752824,xLSGS2,not previously published ,
ds_05,x9015,151520.14,6/27/1990,NA,SC,5.61,5.68,0.106,0.25,xLS007,diam_0.106_0.25mm_g,,45.885178,xLSGS2,not previously published ,
ds_05,x9015,151520.15,6/27/1990,NA,SC,5.68,5.76,0.106,0.25,xLS007,diam_0.106_0.25mm_g,,41.26023363,xLSGS2,not previously published ,
ds_05,x9015,151520.16,6/27/1990,NA,SC,5.76,5.86,0.106,0.25,xLS007,diam_0.106_0.25mm_g,,115.3646357,xLSGS2,not previously published ,
ds_05,x9015,152025.01,6/27/1990,NA,SC,6.1,6.17,0.106,0.25,xLS007,diam_0.106_0.25mm_g,,90.39556551,xLSGS2,not previously published ,
ds_05,x9015,152025.02,6/27/1990,NA,SC,6.18,6.25,0.106,0.25,xLS007,diam_0.106_0.25mm_g,,84.8254244,xLSGS2,not previously published ,
ds_05,x9015,152025.03,6/27/1990,NA,SC,6.26,6.33,0.106,0.25,xLS007,diam_0.106_0.25mm_g,,43.02625398,xLSGS2,not previously published ,
ds_05,x9015,152025.04,6/27/1990,NA,SC,6.34,6.42,0.106,0.25,xLS007,diam_0.106_0.25mm_g,,43.61848888,xLSGS2,not previously published ,
ds_05,x9015,152025.05,6/27/1990,NA,SC,6.42,6.49,0.106,0.25,xLS007,diam_0.106_0.25mm_g,,33.28204425,xLSGS2,not previously published ,
ds_05,x9015,152025.06,6/27/1990,NA,SC,6.51,6.59,0.106,0.25,xLS007,diam_0.106_0.25mm_g,,34.72531593,xLSGS2,not previously published ,
ds_05,x9015,152025.07,6/27/1990,NA,SC,6.59,6.67,0.106,0.25,xLS007,diam_0.106_0.25mm_g,,49.32962526,xLSGS2,not previously published ,
ds_05,x9015,152025.08,6/27/1990,NA,SC,6.67,6.75,0.106,0.25,xLS007,diam_0.106_0.25mm_g,,47.53186269,xLSGS2,not previously published ,
ds_05,x9015,152025.09,6/27/1990,NA,SC,6.75,6.83,0.106,0.25,xLS007,diam_0.106_0.25mm_g,,57.1920401,xLSGS2,not previously published ,
ds_05,x9015,152025.1,6/27/1990,NA,SC,6.83,6.91,0.106,0.25,xLS007,diam_0.106_0.25mm_g,,149.2574969,xLSGS2,not previously published ,
ds_05,x9015,152025.11,6/27/1990,NA,SC,6.91,6.99,0.106,0.25,xLS007,diam_0.106_0.25mm_g,,176.2478351,xLSGS2,not previously published ,
ds_05,x9015,152025.12,6/27/1990,NA,SC,7,7.07,0.106,0.25,xLS007,diam_0.106_0.25mm_g,,161.6907266,xLSGS2,not previously published ,
ds_05,x9015,152025.13,6/27/1990,NA,SC,7.09,7.17,0.106,0.25,xLS007,diam_0.106_0.25mm_g,,159.4407686,xLSGS2,not previously published ,
ds_05,x9015,152530.01,6/27/1990,NA,SC,7.62,7.7,0.106,0.25,xLS007,diam_0.106_0.25mm_g,,71.08081103,xLSGS2,not previously published ,
ds_05,x9015,152530.02,6/27/1990,NA,SC,7.7,7.78,0.106,0.25,xLS007,diam_0.106_0.25mm_g,,71.6235441,xLSGS2,not previously published ,
ds_05,x9015,152530.03,6/27/1990,NA,SC,7.78,7.85,0.106,0.25,xLS007,diam_0.106_0.25mm_g,,90.53373237,xLSGS2,not previously published ,
ds_05,x9015,152530.04,6/27/1990,NA,SC,7.86,7.93,0.106,0.25,xLS007,diam_0.106_0.25mm_g,,59.01279874,xLSGS2,not previously published ,
ds_05,x9015,152530.05,6/27/1990,NA,SC,7.94,8.01,0.106,0.25,xLS007,diam_0.106_0.25mm_g,,57.08170949,xLSGS2,not previously published ,
ds_05,x9015,152530.06,6/27/1990,NA,SC,8.01,8.09,0.106,0.25,xLS007,diam_0.106_0.25mm_g,,93.4125164,xLSGS2,not previously published ,
ds_05,x9015,152530.07,6/27/1990,NA,SC,8.09,8.17,0.106,0.25,xLS007,diam_0.106_0.25mm_g,,155.8895556,xLSGS2,not previously published ,
ds_05,x9015,151520.02,6/27/1990,NA,SC,4.66,4.73,0.106,0.25,xLS007,diam_0.106_0.25mm_g,,138.6121773,xLSGS2,not previously published ,
ds_05,x9015,151520.03,6/27/1990,NA,SC,4.73,4.81,0.106,0.25,xLS007,diam_0.106_0.25mm_g,,123.7260964,xLSGS2,not previously published ,
ds_05,x9015,151520.04,6/27/1990,NA,SC,4.81,4.89,0.106,0.25,xLS007,diam_0.106_0.25mm_g,,166.4456088,xLSGS2,not previously published ,
ds_05,x9015,151520.05,6/27/1990,NA,SC,4.89,4.97,0.106,0.25,xLS007,diam_0.106_0.25mm_g,,133.0523856,xLSGS2,not previously published ,
ds_05,x9015,151520.06,6/27/1990,NA,SC,4.97,5.05,0.106,0.25,xLS007,diam_0.106_0.25mm_g,,64.93498761,xLSGS2,not previously published ,
ds_05,x9015,151520.07,6/27/1990,NA,SC,5.05,5.12,0.106,0.25,xLS007,diam_0.106_0.25mm_g,,73.11142429,xLSGS2,not previously published ,
ds_05,x9015,151520.08,6/27/1990,NA,SC,5.13,5.2,0.106,0.25,xLS007,diam_0.106_0.25mm_g,,70.58454838,xLSGS2,not previously published ,
ds_05,x9015,151520.09,6/27/1990,NA,SC,5.21,5.28,0.106,0.25,xLS007,diam_0.106_0.25mm_g,,83.54917837,xLSGS2,not previously published ,
ds_05,x9015,151520.1,6/27/1990,NA,SC,5.28,5.36,0.106,0.25,xLS007,diam_0.106_0.25mm_g,,91.88307487,xLSGS2,not previously published ,
ds_05,x9015,151520.11,6/27/1990,NA,SC,5.36,5.44,0.106,0.25,xLS007,diam_0.106_0.25mm_g,,88.33798311,xLSGS2,not previously published ,
ds_05,x9015,151520.12,6/27/1990,NA,SC,5.44,5.52,0.106,0.25,xLS007,diam_0.106_0.25mm_g,,76.04374349,xLSGS2,not previously published ,
ds_05,x9016,160510.01,6/28/1990,NA,SC,1.52,1.6,0.106,0.25,xLS007,diam_0.106_0.25mm_g,,33.9904515,xLSGS2,not previously published ,
ds_05,x9016,160510.02,6/28/1990,NA,SC,1.6,1.68,0.106,0.25,xLS007,diam_0.106_0.25mm_g,,34.24301855,xLSGS2,not previously published ,
ds_05,x9016,160510.03,6/28/1990,NA,SC,1.69,1.76,0.106,0.25,xLS007,diam_0.106_0.25mm_g,,37.44379186,xLSGS2,not previously published ,
ds_05,x9016,160510.04,6/28/1990,NA,SC,1.77,1.84,0.106,0.25,xLS007,diam_0.106_0.25mm_g,,35.10877726,xLSGS2,not previously published ,
ds_05,x9016,160510.05,6/28/1990,NA,SC,1.85,1.92,0.106,0.25,xLS007,diam_0.106_0.25mm_g,,35.39341812,xLSGS2,not previously published ,
ds_05,x9016,160510.12,6/28/1990,NA,SC,2.4,2.47,0.106,0.25,xLS007,diam_0.106_0.25mm_g,,31.66812939,xLSGS2,not previously published ,
ds_05,x9016,160510.13,6/28/1990,NA,SC,2.48,2.58,0.106,0.25,xLS007,diam_0.106_0.25mm_g,,46.74150634,xLSGS2,not previously published ,
ds_05,x9016,161013.01,6/28/1990,NA,SC,3.05,3.12,0.106,0.25,xLS007,diam_0.106_0.25mm_g,,44.26467131,xLSGS2,not previously published ,
ds_05,x9016,161013.02,6/28/1990,NA,SC,3.13,3.2,0.106,0.25,xLS007,diam_0.106_0.25mm_g,,44.87285063,xLSGS2,not previously published ,
ds_05,x9016,161013.03,6/28/1990,NA,SC,3.21,3.28,0.106,0.25,xLS007,diam_0.106_0.25mm_g,,37.15065719,xLSGS2,not previously published ,
ds_05,x9016,161013.04,6/28/1990,NA,SC,3.29,3.36,0.106,0.25,xLS007,diam_0.106_0.25mm_g,,49.63734675,xLSGS2,not previously published ,
ds_05,x9016,161013.05,6/28/1990,NA,SC,3.36,3.43,0.106,0.25,xLS007,diam_0.106_0.25mm_g,,43.1538039,xLSGS2,not previously published ,
ds_05,x9016,161013.06,6/28/1990,NA,SC,3.45,3.53,0.106,0.25,xLS007,diam_0.106_0.25mm_g,,42.95285919,xLSGS2,not previously published ,
ds_05,x9016,161013.07,6/28/1990,NA,SC,3.53,3.56,0.106,0.25,xLS007,diam_0.106_0.25mm_g,,15.65266925,xLSGS2,not previously published ,
ds_05,x9016,161013.08,6/28/1990,NA,SC,3.56,3.64,0.106,0.25,xLS007,diam_0.106_0.25mm_g,,42.38158692,xLSGS2,not previously published ,
ds_05,x9016,161013.09,6/28/1990,NA,SC,3.64,3.72,0.106,0.25,xLS007,diam_0.106_0.25mm_g,,121.2124858,xLSGS2,not previously published ,
ds_05,x9016,161013.1,6/28/1990,NA,SC,3.72,3.81,0.106,0.25,xLS007,diam_0.106_0.25mm_g,,38.10726384,xLSGS2,not previously published ,
ds_05,x9016,161418.01,6/28/1990,NA,SC,4.27,4.35,0.106,0.25,xLS007,diam_0.106_0.25mm_g,,246.0649576,xLSGS2,not previously published ,
ds_05,x9016,161418.02,6/28/1990,NA,SC,4.35,4.42,0.106,0.25,xLS007,diam_0.106_0.25mm_g,,268.8047072,xLSGS2,not previously published ,
ds_05,x9016,161418.03,6/28/1990,NA,SC,4.43,4.51,0.106,0.25,xLS007,diam_0.106_0.25mm_g,,344.1029791,xLSGS2,not previously published ,
ds_05,x9016,161418.04,6/28/1990,NA,SC,4.51,4.59,0.106,0.25,xLS007,diam_0.106_0.25mm_g,,358.0401358,xLSGS2,not previously published ,
ds_05,x9016,161418.05,6/28/1990,NA,SC,4.59,4.67,0.106,0.25,xLS007,diam_0.106_0.25mm_g,,353.2578397,xLSGS2,not previously published ,
ds_05,x9016,161418.06,6/28/1990,NA,SC,4.67,4.75,0.106,0.25,xLS007,diam_0.106_0.25mm_g,,310.5627468,xLSGS2,not previously published ,
ds_05,x9016,161418.07,6/28/1990,NA,SC,4.75,4.82,0.106,0.25,xLS007,diam_0.106_0.25mm_g,,329.5145909,xLSGS2,not previously published ,
ds_05,x9016,161418.08,6/28/1990,NA,SC,4.83,4.9,0.106,0.25,xLS007,diam_0.106_0.25mm_g,,326.5123188,xLSGS2,not previously published ,
ds_05,x9016,161418.09,6/28/1990,NA,SC,4.9,4.98,0.106,0.25,xLS007,diam_0.106_0.25mm_g,,242.5267442,xLSGS2,not previously published ,
ds_05,x9016,161418.1,6/28/1990,NA,SC,4.98,5.06,0.106,0.25,xLS007,diam_0.106_0.25mm_g,,249.2750625,xLSGS2,not previously published ,
ds_05,x9016,161418.11,6/28/1990,NA,SC,5.06,5.14,0.106,0.25,xLS007,diam_0.106_0.25mm_g,,181.6761501,xLSGS2,not previously published ,
ds_05,x9016,161418.12,6/28/1990,NA,SC,5.14,5.22,0.106,0.25,xLS007,diam_0.106_0.25mm_g,,177.3757858,xLSGS2,not previously published ,
ds_05,x9016,161418.13,6/28/1990,NA,SC,5.22,5.3,0.106,0.25,xLS007,diam_0.106_0.25mm_g,,149.113355,xLSGS2,not previously published ,
ds_05,x9016,161418.14,6/28/1990,NA,SC,5.3,5.37,0.106,0.25,xLS007,diam_0.106_0.25mm_g,,104.8718691,xLSGS2,not previously published ,
ds_05,x9016,161924.01,6/28/1990,NA,SC,5.79,5.9,0.106,0.25,xLS007,diam_0.106_0.25mm_g,,106.800057,xLSGS2,not previously published ,
ds_05,x9016,161924.02,6/28/1990,NA,SC,5.9,5.96,0.106,0.25,xLS007,diam_0.106_0.25mm_g,,57.97718792,xLSGS2,not previously published ,
ds_05,x9016,161924.03,6/28/1990,NA,SC,5.96,6.04,0.106,0.25,xLS007,diam_0.106_0.25mm_g,,160.1893952,xLSGS2,not previously published ,
ds_05,x9016,161924.04,6/28/1990,NA,SC,6.06,6.14,0.106,0.25,xLS007,diam_0.106_0.25mm_g,,301.8900931,xLSGS2,not previously published ,
ds_05,x9016,161924.05,6/28/1990,NA,SC,6.14,6.22,0.106,0.25,xLS007,diam_0.106_0.25mm_g,,254.2512285,xLSGS2,not previously published ,
ds_05,x9016,161924.06,6/28/1990,NA,SC,6.22,6.3,0.106,0.25,xLS007,diam_0.106_0.25mm_g,,114.0200944,xLSGS2,not previously published ,
ds_05,x9016,161924.07,6/28/1990,NA,SC,6.3,6.38,0.106,0.25,xLS007,diam_0.106_0.25mm_g,,111.163115,xLSGS2,not previously published ,
ds_05,x9016,161924.08,6/28/1990,NA,SC,6.38,6.46,0.106,0.25,xLS007,diam_0.106_0.25mm_g,,95.90940217,xLSGS2,not previously published ,
ds_05,x9016,160510.06,6/28/1990,NA,SC,1.92,2,0.106,0.25,xLS007,diam_0.106_0.25mm_g,,34.33653956,xLSGS2,not previously published ,
ds_05,x9016,160510.07,6/28/1990,NA,SC,2,2.08,0.106,0.25,xLS007,diam_0.106_0.25mm_g,,37.56801859,xLSGS2,not previously published ,
ds_05,x9016,160510.08,6/28/1990,NA,SC,2.08,2.15,0.106,0.25,xLS007,diam_0.106_0.25mm_g,,31.92050214,xLSGS2,not previously published ,
ds_05,x9016,160510.09,6/28/1990,NA,SC,2.16,2.23,0.106,0.25,xLS007,diam_0.106_0.25mm_g,,35.44275434,xLSGS2,not previously published ,
ds_05,x9016,160510.1,6/28/1990,NA,SC,2.24,2.31,0.106,0.25,xLS007,diam_0.106_0.25mm_g,,33.6627173,xLSGS2,not previously published ,
ds_05,x9016,160510.11,6/28/1990,NA,SC,2.32,2.39,0.106,0.25,xLS007,diam_0.106_0.25mm_g,,29.21575914,xLSGS2,not previously published ,
ds_05,x9016,161924.09,6/28/1990,NA,SC,6.48,6.56,0.106,0.25,xLS007,diam_0.106_0.25mm_g,,89.24078553,xLSGS2,not previously published ,
ds_05,x9016,161924.1,6/28/1990,NA,SC,6.56,6.62,0.106,0.25,xLS007,diam_0.106_0.25mm_g,,185.3005212,xLSGS2,not previously published ,
ds_05,x9016,161924.11,6/28/1990,NA,SC,6.62,6.65,0.106,0.25,xLS007,diam_0.106_0.25mm_g,,55.26338662,xLSGS2,not previously published ,
ds_05,x9016,161924.12,6/28/1990,NA,SC,6.65,6.73,0.106,0.25,xLS007,diam_0.106_0.25mm_g,,46.21518889,xLSGS2,not previously published ,
ds_05,x9016,161924.13,6/28/1990,NA,SC,6.75,6.83,0.106,0.25,xLS007,diam_0.106_0.25mm_g,,62.78735434,xLSGS2,not previously published ,
ds_05,x9016,161924.14,6/28/1990,NA,SC,6.83,6.91,0.106,0.25,xLS007,diam_0.106_0.25mm_g,,147.6280163,xLSGS2,not previously published ,
ds_05,x9016,161924.15,6/28/1990,NA,SC,6.91,6.99,0.106,0.25,xLS007,diam_0.106_0.25mm_g,,44.54914599,xLSGS2,not previously published ,
ds_05,x9016,161924.16,6/28/1990,NA,SC,6.99,7.07,0.106,0.25,xLS007,diam_0.106_0.25mm_g,,304.0597402,xLSGS2,not previously published ,
ds_05,x9016,161924.17,6/28/1990,NA,SC,7.07,7.15,0.106,0.25,xLS007,diam_0.106_0.25mm_g,,287.069196,xLSGS2,not previously published ,
ds_05,x9016,161924.18,6/28/1990,NA,SC,7.15,7.24,0.106,0.25,xLS007,diam_0.106_0.25mm_g,,181.4573717,xLSGS2,not previously published ,
ds_05,x9017,171419.13,6/29/1990,NA,SC,5.27,5.34,0.106,0.25,xLS007,diam_0.106_0.25mm_g,,64.93861584,xLSGS2,not previously published ,
ds_05,x9017,171419.14,6/29/1990,NA,SC,5.35,5.42,0.106,0.25,xLS007,diam_0.106_0.25mm_g,,61.57408123,xLSGS2,not previously published ,
ds_05,x9017,171419.15,6/29/1990,NA,SC,5.43,5.49,0.106,0.25,xLS007,diam_0.106_0.25mm_g,,44.90413684,xLSGS2,not previously published ,
ds_05,x9017,171419.16,6/29/1990,NA,SC,5.49,5.55,0.106,0.25,xLS007,diam_0.106_0.25mm_g,,85.70745162,xLSGS2,not previously published ,
ds_05,x9017,170914.01,6/29/1990,NA,SC,2.74,2.82,0.106,0.25,xLS007,diam_0.106_0.25mm_g,,120.3317293,xLSGS2,not previously published ,
ds_05,x9017,170914.02,6/29/1990,NA,SC,2.82,2.9,0.106,0.25,xLS007,diam_0.106_0.25mm_g,,122.4585916,xLSGS2,not previously published ,
ds_05,x9017,170914.03,6/29/1990,NA,SC,2.91,2.98,0.106,0.25,xLS007,diam_0.106_0.25mm_g,,114.3310594,xLSGS2,not previously published ,
ds_05,x9017,170914.04,6/29/1990,NA,SC,2.99,3.06,0.106,0.25,xLS007,diam_0.106_0.25mm_g,,110.5689113,xLSGS2,not previously published ,
ds_05,x9017,170914.05,6/29/1990,NA,SC,3.06,3.14,0.106,0.25,xLS007,diam_0.106_0.25mm_g,,163.9625424,xLSGS2,not previously published ,
ds_05,x9017,170914.06,6/29/1990,NA,SC,3.14,3.21,0.106,0.25,xLS007,diam_0.106_0.25mm_g,,187.7738887,xLSGS2,not previously published ,
ds_05,x9017,170914.07,6/29/1990,NA,SC,3.22,3.29,0.106,0.25,xLS007,diam_0.106_0.25mm_g,,163.8721496,xLSGS2,not previously published ,
ds_05,x9017,170914.08,6/29/1990,NA,SC,3.3,3.37,0.106,0.25,xLS007,diam_0.106_0.25mm_g,,123.264636,xLSGS2,not previously published ,
ds_05,x9017,170914.09,6/29/1990,NA,SC,3.37,3.45,0.106,0.25,xLS007,diam_0.106_0.25mm_g,,119.6229942,xLSGS2,not previously published ,
ds_05,x9017,170914.1,6/29/1990,NA,SC,3.45,3.53,0.106,0.25,xLS007,diam_0.106_0.25mm_g,,96.81618636,xLSGS2,not previously published ,
ds_05,x9017,170914.11,6/29/1990,NA,SC,3.53,3.6,0.106,0.25,xLS007,diam_0.106_0.25mm_g,,80.57763857,xLSGS2,not previously published ,
ds_05,x9017,170914.12,6/29/1990,NA,SC,3.61,3.69,0.106,0.25,xLS007,diam_0.106_0.25mm_g,,73.80621724,xLSGS2,not previously published ,
ds_05,x9017,170914.13,6/29/1990,NA,SC,3.69,3.76,0.106,0.25,xLS007,diam_0.106_0.25mm_g,,61.7917948,xLSGS2,not previously published ,
ds_05,x9017,170914.14,6/29/1990,NA,SC,3.77,3.84,0.106,0.25,xLS007,diam_0.106_0.25mm_g,,53.40988423,xLSGS2,not previously published ,
ds_05,x9017,171419.01,6/29/1990,NA,SC,4.27,4.34,0.106,0.25,xLS007,diam_0.106_0.25mm_g,,30.99457128,xLSGS2,not previously published ,
ds_05,x9017,171419.02,6/29/1990,NA,SC,4.35,4.42,0.106,0.25,xLS007,diam_0.106_0.25mm_g,,27.68043002,xLSGS2,not previously published ,
ds_05,x9017,171419.03,6/29/1990,NA,SC,4.43,4.51,0.106,0.25,xLS007,diam_0.106_0.25mm_g,,71.25117763,xLSGS2,not previously published ,
ds_05,x9017,171419.04,6/29/1990,NA,SC,4.51,4.59,0.106,0.25,xLS007,diam_0.106_0.25mm_g,,72.19372211,xLSGS2,not previously published ,
ds_05,x9017,171419.05,6/29/1990,NA,SC,4.59,4.67,0.106,0.25,xLS007,diam_0.106_0.25mm_g,,24.84546208,xLSGS2,not previously published ,
ds_05,x9017,171419.06,6/29/1990,NA,SC,4.67,4.75,0.106,0.25,xLS007,diam_0.106_0.25mm_g,,26.77707135,xLSGS2,not previously published ,
ds_05,x9017,171419.07,6/29/1990,NA,SC,4.76,4.83,0.106,0.25,xLS007,diam_0.106_0.25mm_g,,39.29814701,xLSGS2,not previously published ,
ds_05,x9017,171419.08,6/29/1990,NA,SC,4.84,4.92,0.106,0.25,xLS007,diam_0.106_0.25mm_g,,109.9086203,xLSGS2,not previously published ,
ds_05,x9017,171419.09,6/29/1990,NA,SC,4.92,5,0.106,0.25,xLS007,diam_0.106_0.25mm_g,,66.87989748,xLSGS2,not previously published ,
ds_05,x9017,171419.1,6/29/1990,NA,SC,5.01,5.09,0.106,0.25,xLS007,diam_0.106_0.25mm_g,,71.38903276,xLSGS2,not previously published ,
ds_05,x9017,171419.11,6/29/1990,NA,SC,5.09,5.18,0.106,0.25,xLS007,diam_0.106_0.25mm_g,,86.08893713,xLSGS2,not previously published ,
ds_05,x9017,171419.12,6/29/1990,NA,SC,5.18,5.26,0.106,0.25,xLS007,diam_0.106_0.25mm_g,,54.19570156,xLSGS2,not previously published ,
ds_05,x9017,171924.01,6/29/1990,NA,SC,5.79,5.87,0.106,0.25,xLS007,diam_0.106_0.25mm_g,,41.89150939,xLSGS2,not previously published ,
ds_05,x9017,171924.02,6/29/1990,NA,SC,5.87,5.95,0.106,0.25,xLS007,diam_0.106_0.25mm_g,,47.97312583,xLSGS2,not previously published ,
ds_05,x9017,171924.03,6/29/1990,NA,SC,5.95,6.03,0.106,0.25,xLS007,diam_0.106_0.25mm_g,,90.5968582,xLSGS2,not previously published ,
ds_05,x9017,171924.04,6/29/1990,NA,SC,6.03,6.11,0.106,0.25,xLS007,diam_0.106_0.25mm_g,,165.5827793,xLSGS2,not previously published ,
ds_05,x9017,171924.05,6/29/1990,NA,SC,6.11,6.19,0.106,0.25,xLS007,diam_0.106_0.25mm_g,,158.8223963,xLSGS2,not previously published ,
ds_05,x9017,171924.06,6/29/1990,NA,SC,6.19,6.27,0.106,0.25,xLS007,diam_0.106_0.25mm_g,,86.59018672,xLSGS2,not previously published ,
ds_05,x9017,171924.07,6/29/1990,NA,SC,6.27,6.35,0.106,0.25,xLS007,diam_0.106_0.25mm_g,,24.6809422,xLSGS2,not previously published ,
ds_05,x9017,171924.08,6/29/1990,NA,SC,6.36,6.43,0.106,0.25,xLS007,diam_0.106_0.25mm_g,,32.41821798,xLSGS2,not previously published ,
ds_05,x9017,171924.09,6/29/1990,NA,SC,6.44,6.52,0.106,0.25,xLS007,diam_0.106_0.25mm_g,,140.6473504,xLSGS2,not previously published ,
ds_05,x9017,171924.1,6/29/1990,NA,SC,6.52,6.59,0.106,0.25,xLS007,diam_0.106_0.25mm_g,,95.56337564,xLSGS2,not previously published ,
ds_05,x9017,171924.11,6/29/1990,NA,SC,6.6,6.67,0.106,0.25,xLS007,diam_0.106_0.25mm_g,,78.15507335,xLSGS2,not previously published ,
ds_05,x9017,171924.12,6/29/1990,NA,SC,6.68,6.76,0.106,0.25,xLS007,diam_0.106_0.25mm_g,,168.6541548,xLSGS2,not previously published ,
ds_05,x9017,171924.13,6/29/1990,NA,SC,6.76,6.84,0.106,0.25,xLS007,diam_0.106_0.25mm_g,,158.6116469,xLSGS2,not previously published ,
ds_05,x9017,171924.14,6/29/1990,NA,SC,6.84,6.9,0.106,0.25,xLS007,diam_0.106_0.25mm_g,,9.607296459,xLSGS2,not previously published ,
ds_05,x9018,181419.03,6/29/1990,NA,SC,4.43,4.51,0.106,0.25,xLS007,diam_0.106_0.25mm_g,,116.4796008,xLSGS2,not previously published ,
ds_05,x9018,181419.04,6/29/1990,NA,SC,4.51,4.58,0.106,0.25,xLS007,diam_0.106_0.25mm_g,,111.3058591,xLSGS2,not previously published ,
ds_05,x9018,181419.05,6/29/1990,NA,SC,4.59,4.66,0.106,0.25,xLS007,diam_0.106_0.25mm_g,,107.0948222,xLSGS2,not previously published ,
ds_05,x9018,181419.06,6/29/1990,NA,SC,4.67,4.74,0.106,0.25,xLS007,diam_0.106_0.25mm_g,,61.08311828,xLSGS2,not previously published ,
ds_05,x9018,181419.07,6/29/1990,NA,SC,4.75,4.82,0.106,0.25,xLS007,diam_0.106_0.25mm_g,,104.3885344,xLSGS2,not previously published ,
ds_05,x9018,181419.08,6/29/1990,NA,SC,4.82,4.9,0.106,0.25,xLS007,diam_0.106_0.25mm_g,,130.1526058,xLSGS2,not previously published ,
ds_05,x9018,181419.09,6/29/1990,NA,SC,4.9,4.97,0.106,0.25,xLS007,diam_0.106_0.25mm_g,,77.85989495,xLSGS2,not previously published ,
ds_05,x9018,181419.1,6/29/1990,NA,SC,4.98,5.06,0.106,0.25,xLS007,diam_0.106_0.25mm_g,,43.61339478,xLSGS2,not previously published ,
ds_05,x9018,180914.01,6/29/1990,NA,SC,2.74,2.82,0.106,0.25,xLS007,diam_0.106_0.25mm_g,,9.789602272,xLSGS2,not previously published ,
ds_05,x9018,180914.02,6/29/1990,NA,SC,2.83,2.9,0.106,0.25,xLS007,diam_0.106_0.25mm_g,,6.276464542,xLSGS2,not previously published ,
ds_05,x9018,180914.03,6/29/1990,NA,SC,2.9,2.98,0.106,0.25,xLS007,diam_0.106_0.25mm_g,,24.74702026,xLSGS2,not previously published ,
ds_05,x9018,180914.04,6/29/1990,NA,SC,2.98,3.06,0.106,0.25,xLS007,diam_0.106_0.25mm_g,,46.46045901,xLSGS2,not previously published ,
ds_05,x9018,180914.05,6/29/1990,NA,SC,3.06,3.13,0.106,0.25,xLS007,diam_0.106_0.25mm_g,,135.6581352,xLSGS2,not previously published ,
ds_05,x9018,180914.06,6/29/1990,NA,SC,3.14,3.21,0.106,0.25,xLS007,diam_0.106_0.25mm_g,,123.1146367,xLSGS2,not previously published ,
ds_05,x9018,180914.07,6/29/1990,NA,SC,3.21,3.29,0.106,0.25,xLS007,diam_0.106_0.25mm_g,,102.4541075,xLSGS2,not previously published ,
ds_05,x9018,180914.08,6/29/1990,NA,SC,3.29,3.37,0.106,0.25,xLS007,diam_0.106_0.25mm_g,,81.84791895,xLSGS2,not previously published ,
ds_05,x9018,180914.09,6/29/1990,NA,SC,3.37,3.45,0.106,0.25,xLS007,diam_0.106_0.25mm_g,,103.3785661,xLSGS2,not previously published ,
ds_05,x9018,180914.1,6/29/1990,NA,SC,3.45,3.53,0.106,0.25,xLS007,diam_0.106_0.25mm_g,,113.3194838,xLSGS2,not previously published ,
ds_05,x9018,180914.11,6/29/1990,NA,SC,3.53,3.61,0.106,0.25,xLS007,diam_0.106_0.25mm_g,,76.4799727,xLSGS2,not previously published ,
ds_05,x9018,180914.12,6/29/1990,NA,SC,3.61,3.69,0.106,0.25,xLS007,diam_0.106_0.25mm_g,,74.95161023,xLSGS2,not previously published ,
ds_05,x9018,180914.13,6/29/1990,NA,SC,3.69,3.77,0.106,0.25,xLS007,diam_0.106_0.25mm_g,,51.66945674,xLSGS2,not previously published ,
ds_05,x9018,180914.14,6/29/1990,NA,SC,3.77,3.85,0.106,0.25,xLS007,diam_0.106_0.25mm_g,,85.68993151,xLSGS2,not previously published ,
ds_05,x9018,180914.15,6/29/1990,NA,SC,3.85,3.93,0.106,0.25,xLS007,diam_0.106_0.25mm_g,,56.4427627,xLSGS2,not previously published ,
ds_05,x9018,180914.16,6/29/1990,NA,SC,3.93,4.01,0.106,0.25,xLS007,diam_0.106_0.25mm_g,,114.5485936,xLSGS2,not previously published ,
ds_05,x9018,181419.01,6/29/1990,NA,SC,4.27,4.34,0.106,0.25,xLS007,diam_0.106_0.25mm_g,,72.19569252,xLSGS2,not previously published ,
ds_05,x9018,181419.02,6/29/1990,NA,SC,4.35,4.42,0.106,0.25,xLS007,diam_0.106_0.25mm_g,,73.99328994,xLSGS2,not previously published ,
ds_05,x9018,181924.02,6/29/1990,NA,SC,5.87,5.95,0.106,0.25,xLS007,diam_0.106_0.25mm_g,,60.15312823,xLSGS2,not previously published ,
ds_05,x9018,181924.03,6/29/1990,NA,SC,5.95,6.03,0.106,0.25,xLS007,diam_0.106_0.25mm_g,,62.38088026,xLSGS2,not previously published ,
ds_05,x9018,181924.05,6/29/1990,NA,SC,6.12,6.2,0.106,0.25,xLS007,diam_0.106_0.25mm_g,,68.35920503,xLSGS2,not previously published ,
ds_05,x9018,181419.14,6/29/1990,NA,SC,5.31,5.4,0.106,0.25,xLS007,diam_0.106_0.25mm_g,,109.0766922,xLSGS2,not previously published ,
ds_05,x9018,181924.06,6/29/1990,NA,SC,6.2,6.26,0.106,0.25,xLS007,diam_0.106_0.25mm_g,,56.69073082,xLSGS2,not previously published ,
ds_05,x9018,181924.07,6/29/1990,NA,SC,6.26,6.34,0.106,0.25,xLS007,diam_0.106_0.25mm_g,,96.35649315,xLSGS2,not previously published ,
ds_05,x9018,181924.08,6/29/1990,NA,SC,6.35,6.4,0.106,0.25,xLS007,diam_0.106_0.25mm_g,,50.62037056,xLSGS2,not previously published ,
ds_05,x9018,181924.04,6/29/1990,NA,SC,6.03,6.11,0.106,0.25,xLS007,diam_0.106_0.25mm_g,,65.05878346,xLSGS2,not previously published ,
ds_05,x9018,181419.11,6/29/1990,NA,SC,5.06,5.14,0.106,0.25,xLS007,diam_0.106_0.25mm_g,,40.68789384,xLSGS2,not previously published ,
ds_05,x9018,181419.12,6/29/1990,NA,SC,5.14,5.22,0.106,0.25,xLS007,diam_0.106_0.25mm_g,,65.73129997,xLSGS2,not previously published ,
ds_05,x9018,181419.13,6/29/1990,NA,SC,5.23,5.3,0.106,0.25,xLS007,diam_0.106_0.25mm_g,,94.79774164,xLSGS2,not previously published ,
ds_05,x9018,181924.01,6/29/1990,NA,SC,5.79,5.87,0.106,0.25,xLS007,diam_0.106_0.25mm_g,,95.78490532,xLSGS2,not previously published ,
ds_05,x9013,132530.03,6/27/1990,NA,SC,7.77,7.85,0.053,0.106,xLS008,diam_0.053_0.106mm_g,,53.47117748,xLSGS2,not previously published ,
ds_05,x9013,132530.04,6/27/1990,NA,SC,7.85,7.93,0.053,0.106,xLS008,diam_0.053_0.106mm_g,,57.26277417,xLSGS2,not previously published ,
ds_05,x9013,132530.01,6/27/1990,NA,SC,7.62,7.69,0.053,0.106,xLS008,diam_0.053_0.106mm_g,,38.40367614,xLSGS2,not previously published ,
ds_05,x9013,132530.02,6/27/1990,NA,SC,7.69,7.77,0.053,0.106,xLS008,diam_0.053_0.106mm_g,,64.08929517,xLSGS2,not previously published ,
ds_05,x9013,133035.03,6/27/1990,NA,SC,9.31,9.38,0.053,0.106,xLS008,diam_0.053_0.106mm_g,,7.316781255,xLSGS2,not previously published ,
ds_05,x9013,133035.04,6/27/1990,NA,SC,9.39,9.46,0.053,0.106,xLS008,diam_0.053_0.106mm_g,,34.17611346,xLSGS2,not previously published ,
ds_05,x9013,132530.05,6/27/1990,NA,SC,7.94,8.01,0.053,0.106,xLS008,diam_0.053_0.106mm_g,,28.30183371,xLSGS2,not previously published ,
ds_05,x9013,132530.06,6/27/1990,NA,SC,8.02,8.09,0.053,0.106,xLS008,diam_0.053_0.106mm_g,,88.09404974,xLSGS2,not previously published ,
ds_05,x9013,132530.07,6/27/1990,NA,SC,8.1,8.17,0.053,0.106,xLS008,diam_0.053_0.106mm_g,,8.150324088,xLSGS2,not previously published ,
ds_05,x9013,132530.08,6/27/1990,NA,SC,8.18,8.25,0.053,0.106,xLS008,diam_0.053_0.106mm_g,,9.637567892,xLSGS2,not previously published ,
ds_05,x9013,132530.09,6/27/1990,NA,SC,8.26,8.33,0.053,0.106,xLS008,diam_0.053_0.106mm_g,,5.603607537,xLSGS2,not previously published ,
ds_05,x9013,132530.1,6/27/1990,NA,SC,8.34,8.42,0.053,0.106,xLS008,diam_0.053_0.106mm_g,,10.70885582,xLSGS2,not previously published ,
ds_05,x9013,132530.11,6/27/1990,NA,SC,8.42,8.5,0.053,0.106,xLS008,diam_0.053_0.106mm_g,,5.584324826,xLSGS2,not previously published ,
ds_05,x9013,132530.12,6/27/1990,NA,SC,8.5,8.54,0.053,0.106,xLS008,diam_0.053_0.106mm_g,,0.894018113,xLSGS2,not previously published ,
ds_05,x9013,132530.14,6/27/1990,NA,SC,8.58,8.66,0.053,0.106,xLS008,diam_0.053_0.106mm_g,,9.563250507,xLSGS2,not previously published ,
ds_05,x9013,133035.01,6/27/1990,NA,SC,9.14,9.22,0.053,0.106,xLS008,diam_0.053_0.106mm_g,,21.93688429,xLSGS2,not previously published ,
ds_05,x9013,133035.02,6/27/1990,NA,SC,9.22,9.3,0.053,0.106,xLS008,diam_0.053_0.106mm_g,,18.51900444,xLSGS2,not previously published ,
ds_05,x9014,142025.07,6/27/1990,NA,SC,6.59,6.67,0.053,0.106,xLS008,diam_0.053_0.106mm_g,,3.476666982,xLSGS2,not previously published ,
ds_05,x9014,142025.08,6/27/1990,NA,SC,6.67,6.76,0.053,0.106,xLS008,diam_0.053_0.106mm_g,,100.6379725,xLSGS2,not previously published ,
ds_05,x9014,142025.09,6/27/1990,NA,SC,6.76,6.84,0.053,0.106,xLS008,diam_0.053_0.106mm_g,,138.7877162,xLSGS2,not previously published ,
ds_05,x9014,142025.1,6/27/1990,NA,SC,6.84,6.92,0.053,0.106,xLS008,diam_0.053_0.106mm_g,,65.33399203,xLSGS2,not previously published ,
ds_05,x9014,142025.11,6/27/1990,NA,SC,6.93,6.98,0.053,0.106,xLS008,diam_0.053_0.106mm_g,,23.86261069,xLSGS2,not previously published ,
ds_05,x9014,142530.01,6/27/1990,NA,SC,7.62,7.69,0.053,0.106,xLS008,diam_0.053_0.106mm_g,,3.670257818,xLSGS2,not previously published ,
ds_05,x9014,142530.02,6/27/1990,NA,SC,7.7,7.78,0.053,0.106,xLS008,diam_0.053_0.106mm_g,,14.37195791,xLSGS2,not previously published ,
ds_05,x9014,142530.03,6/27/1990,NA,SC,7.78,7.85,0.053,0.106,xLS008,diam_0.053_0.106mm_g,,2.973561955,xLSGS2,not previously published ,
ds_05,x9014,142530.04,6/27/1990,NA,SC,7.86,7.93,0.053,0.106,xLS008,diam_0.053_0.106mm_g,,6.261125518,xLSGS2,not previously published ,
ds_05,x9014,142530.05,6/27/1990,NA,SC,7.94,8.01,0.053,0.106,xLS008,diam_0.053_0.106mm_g,,6.961016325,xLSGS2,not previously published ,
ds_05,x9014,142530.06,6/27/1990,NA,SC,8.02,8.07,0.053,0.106,xLS008,diam_0.053_0.106mm_g,,6.781002283,xLSGS2,not previously published ,
ds_05,x9014,142530.07,6/27/1990,NA,SC,8.09,8.16,0.053,0.106,xLS008,diam_0.053_0.106mm_g,,8.168700943,xLSGS2,not previously published ,
ds_05,x9014,142530.08,6/27/1990,NA,SC,8.17,8.24,0.053,0.106,xLS008,diam_0.053_0.106mm_g,,6.840358278,xLSGS2,not previously published ,
ds_05,x9014,142530.09,6/27/1990,NA,SC,8.25,8.32,0.053,0.106,xLS008,diam_0.053_0.106mm_g,,8.616907568,xLSGS2,not previously published ,
ds_05,x9014,142530.1,6/27/1990,NA,SC,8.33,8.4,0.053,0.106,xLS008,diam_0.053_0.106mm_g,,4.239575755,xLSGS2,not previously published ,
ds_05,x9014,142530.11,6/27/1990,NA,SC,8.41,8.48,0.053,0.106,xLS008,diam_0.053_0.106mm_g,,4.232475798,xLSGS2,not previously published ,
ds_05,x9014,142530.12,6/27/1990,NA,SC,8.48,8.56,0.053,0.106,xLS008,diam_0.053_0.106mm_g,,3.365699537,xLSGS2,not previously published ,
ds_05,x9014,142530.13,6/27/1990,NA,SC,8.56,8.64,0.053,0.106,xLS008,diam_0.053_0.106mm_g,,6.759659315,xLSGS2,not previously published ,
ds_05,x9014,142530.14,6/27/1990,NA,SC,8.64,8.72,0.053,0.106,xLS008,diam_0.053_0.106mm_g,,7.488019078,xLSGS2,not previously published ,
ds_05,x9014,142530.15,6/27/1990,NA,SC,8.73,8.78,0.053,0.106,xLS008,diam_0.053_0.106mm_g,,21.26312635,xLSGS2,not previously published ,
ds_05,x9014,143035.01,6/27/1990,NA,SC,9.14,9.22,0.053,0.106,xLS008,diam_0.053_0.106mm_g,,15.01376716,xLSGS2,not previously published ,
ds_05,x9014,143035.02,6/27/1990,NA,SC,9.22,9.3,0.053,0.106,xLS008,diam_0.053_0.106mm_g,,7.097354301,xLSGS2,not previously published ,
ds_05,x9014,143035.03,6/27/1990,NA,SC,9.3,9.38,0.053,0.106,xLS008,diam_0.053_0.106mm_g,,4.252678733,xLSGS2,not previously published ,
ds_05,x9014,143035.04,6/27/1990,NA,SC,9.38,9.46,0.053,0.106,xLS008,diam_0.053_0.106mm_g,,3.241665748,xLSGS2,not previously published ,
ds_05,x9014,143035.05,6/27/1990,NA,SC,9.46,9.54,0.053,0.106,xLS008,diam_0.053_0.106mm_g,,12.62784504,xLSGS2,not previously published ,
ds_05,x9014,143035.06,6/27/1990,NA,SC,9.54,9.61,0.053,0.106,xLS008,diam_0.053_0.106mm_g,,8.732383534,xLSGS2,not previously published ,
ds_05,x9014,143035.07,6/27/1990,NA,SC,9.62,9.69,0.053,0.106,xLS008,diam_0.053_0.106mm_g,,3.473304194,xLSGS2,not previously published ,
ds_05,x9014,143035.08,6/27/1990,NA,SC,9.7,9.77,0.053,0.106,xLS008,diam_0.053_0.106mm_g,,5.353724038,xLSGS2,not previously published ,
ds_05,x9014,143035.09,6/27/1990,NA,SC,9.77,9.85,0.053,0.106,xLS008,diam_0.053_0.106mm_g,,2.01722134,xLSGS2,not previously published ,
ds_05,x9014,143035.1,6/27/1990,NA,SC,9.85,9.92,0.053,0.106,xLS008,diam_0.053_0.106mm_g,,1.462443871,xLSGS2,not previously published ,
ds_05,x9014,143035.11,6/27/1990,NA,SC,9.93,10.01,0.053,0.106,xLS008,diam_0.053_0.106mm_g,,1.641896299,xLSGS2,not previously published ,
ds_05,x9014,143035.12,6/27/1990,NA,SC,10.02,10.1,0.053,0.106,xLS008,diam_0.053_0.106mm_g,,1.701804658,xLSGS2,not previously published ,
ds_05,x9014,143035.13,6/27/1990,NA,SC,10.1,10.19,0.053,0.106,xLS008,diam_0.053_0.106mm_g,,1.303077872,xLSGS2,not previously published ,
ds_05,x9014,143035.14,6/27/1990,NA,SC,10.19,10.27,0.053,0.106,xLS008,diam_0.053_0.106mm_g,,5.515518075,xLSGS2,not previously published ,
ds_05,x9014,142025.01,6/27/1990,NA,SC,6.1,6.18,0.053,0.106,xLS008,diam_0.053_0.106mm_g,,4.676135747,xLSGS2,not previously published ,
ds_05,x9014,142025.02,6/27/1990,NA,SC,6.18,6.26,0.053,0.106,xLS008,diam_0.053_0.106mm_g,,31.04044193,xLSGS2,not previously published ,
ds_05,x9014,142025.03,6/27/1990,NA,SC,6.26,6.34,0.053,0.106,xLS008,diam_0.053_0.106mm_g,,30.15185073,xLSGS2,not previously published ,
ds_05,x9014,142025.04,6/27/1990,NA,SC,6.34,6.42,0.053,0.106,xLS008,diam_0.053_0.106mm_g,,29.64603286,xLSGS2,not previously published ,
ds_05,x9014,142025.05,6/27/1990,NA,SC,6.43,6.5,0.053,0.106,xLS008,diam_0.053_0.106mm_g,,31.54163782,xLSGS2,not previously published ,
ds_05,x9014,142025.06,6/27/1990,NA,SC,6.51,6.59,0.053,0.106,xLS008,diam_0.053_0.106mm_g,,29.41087478,xLSGS2,not previously published ,
ds_05,x9014,143035.15,6/27/1990,NA,SC,10.27,10.35,0.053,0.106,xLS008,diam_0.053_0.106mm_g,,33.34290653,xLSGS2,not previously published ,
ds_05,x9014,143035.16,6/27/1990,NA,SC,10.35,10.44,0.053,0.106,xLS008,diam_0.053_0.106mm_g,,15.73445509,xLSGS2,not previously published ,
ds_05,x9014,143035.17,6/27/1990,NA,SC,10.44,10.52,0.053,0.106,xLS008,diam_0.053_0.106mm_g,,3.889358785,xLSGS2,not previously published ,
ds_05,x9015,150105.04,6/27/1990,NA,SC,0.56,0.63,0.053,0.106,xLS008,diam_0.053_0.106mm_g,,6.543688157,xLSGS2,not previously published ,
ds_05,x9015,150105.05,6/27/1990,NA,SC,0.65,0.73,0.053,0.106,xLS008,diam_0.053_0.106mm_g,,8.061126153,xLSGS2,not previously published ,
ds_05,x9015,150105.06,6/27/1990,NA,SC,0.74,0.82,0.053,0.106,xLS008,diam_0.053_0.106mm_g,,6.958123636,xLSGS2,not previously published ,
ds_05,x9015,150105.07,6/27/1990,NA,SC,0.82,0.9,0.053,0.106,xLS008,diam_0.053_0.106mm_g,,6.849920918,xLSGS2,not previously published ,
ds_05,x9015,150105.08,6/27/1990,NA,SC,0.9,0.98,0.053,0.106,xLS008,diam_0.053_0.106mm_g,,8.658016612,xLSGS2,not previously published ,
ds_05,x9015,150105.09,6/27/1990,NA,SC,0.98,1.06,0.053,0.106,xLS008,diam_0.053_0.106mm_g,,6.946585579,xLSGS2,not previously published ,
ds_05,x9015,150105.1,6/27/1990,NA,SC,1.06,1.14,0.053,0.106,xLS008,diam_0.053_0.106mm_g,,7.210482192,xLSGS2,not previously published ,
ds_05,x9015,150105.11,6/27/1990,NA,SC,1.14,1.21,0.053,0.106,xLS008,diam_0.053_0.106mm_g,,5.353449803,xLSGS2,not previously published ,
ds_05,x9015,150510.01,6/27/1990,NA,SC,1.52,1.6,0.053,0.106,xLS008,diam_0.053_0.106mm_g,,6.13799196,xLSGS2,not previously published ,
ds_05,x9015,150510.02,6/27/1990,NA,SC,1.61,1.68,0.053,0.106,xLS008,diam_0.053_0.106mm_g,,3.913126236,xLSGS2,not previously published ,
ds_05,x9015,150510.03,6/27/1990,NA,SC,1.69,1.76,0.053,0.106,xLS008,diam_0.053_0.106mm_g,,2.603931827,xLSGS2,not previously published ,
ds_05,x9015,150510.04,6/27/1990,NA,SC,1.77,1.85,0.053,0.106,xLS008,diam_0.053_0.106mm_g,,1.634094871,xLSGS2,not previously published ,
ds_05,x9015,150510.05,6/27/1990,NA,SC,1.85,1.93,0.053,0.106,xLS008,diam_0.053_0.106mm_g,,2.253402671,xLSGS2,not previously published ,
ds_05,x9015,150510.06,6/27/1990,NA,SC,1.93,2.01,0.053,0.106,xLS008,diam_0.053_0.106mm_g,,3.127534821,xLSGS2,not previously published ,
ds_05,x9015,150510.07,6/27/1990,NA,SC,2.01,2.09,0.053,0.106,xLS008,diam_0.053_0.106mm_g,,2.49819059,xLSGS2,not previously published ,
ds_05,x9015,150510.08,6/27/1990,NA,SC,2.1,2.17,0.053,0.106,xLS008,diam_0.053_0.106mm_g,,3.268079809,xLSGS2,not previously published ,
ds_05,x9015,150510.09,6/27/1990,NA,SC,2.18,2.23,0.053,0.106,xLS008,diam_0.053_0.106mm_g,,2.224012009,xLSGS2,not previously published ,
ds_05,x9015,150510.1,6/27/1990,NA,SC,2.24,2.32,0.053,0.106,xLS008,diam_0.053_0.106mm_g,,5.202461944,xLSGS2,not previously published ,
ds_05,x9015,150510.11,6/27/1990,NA,SC,2.33,2.44,0.053,0.106,xLS008,diam_0.053_0.106mm_g,,4.432773222,xLSGS2,not previously published ,
ds_05,x9015,151015.01,6/27/1990,NA,SC,3.05,3.12,0.053,0.106,xLS008,diam_0.053_0.106mm_g,,14.30502367,xLSGS2,not previously published ,
ds_05,x9015,151015.02,6/27/1990,NA,SC,3.13,3.21,0.053,0.106,xLS008,diam_0.053_0.106mm_g,,39.14350358,xLSGS2,not previously published ,
ds_05,x9015,151015.03,6/27/1990,NA,SC,3.21,3.28,0.053,0.106,xLS008,diam_0.053_0.106mm_g,,3.536960619,xLSGS2,not previously published ,
ds_05,x9015,151015.04,6/27/1990,NA,SC,3.29,3.37,0.053,0.106,xLS008,diam_0.053_0.106mm_g,,2.719795198,xLSGS2,not previously published ,
ds_05,x9015,151015.05,6/27/1990,NA,SC,3.37,3.45,0.053,0.106,xLS008,diam_0.053_0.106mm_g,,2.511375923,xLSGS2,not previously published ,
ds_05,x9015,151015.06,6/27/1990,NA,SC,3.45,3.53,0.053,0.106,xLS008,diam_0.053_0.106mm_g,,5.872090452,xLSGS2,not previously published ,
ds_05,x9015,151015.07,6/27/1990,NA,SC,3.54,3.61,0.053,0.106,xLS008,diam_0.053_0.106mm_g,,6.333136992,xLSGS2,not previously published ,
ds_05,x9015,151015.08,6/27/1990,NA,SC,3.62,3.69,0.053,0.106,xLS008,diam_0.053_0.106mm_g,,5.507480385,xLSGS2,not previously published ,
ds_05,x9015,151015.09,6/27/1990,NA,SC,3.7,3.77,0.053,0.106,xLS008,diam_0.053_0.106mm_g,,4.071716437,xLSGS2,not previously published ,
ds_05,x9015,151015.1,6/27/1990,NA,SC,3.78,3.85,0.053,0.106,xLS008,diam_0.053_0.106mm_g,,3.843835452,xLSGS2,not previously published ,
ds_05,x9015,151015.11,6/27/1990,NA,SC,3.85,3.93,0.053,0.106,xLS008,diam_0.053_0.106mm_g,,2.645993627,xLSGS2,not previously published ,
ds_05,x9015,151015.12,6/27/1990,NA,SC,3.94,4.01,0.053,0.106,xLS008,diam_0.053_0.106mm_g,,7.850666057,xLSGS2,not previously published ,
ds_05,x9015,151015.13,6/27/1990,NA,SC,4.03,4.11,0.053,0.106,xLS008,diam_0.053_0.106mm_g,,6.755074008,xLSGS2,not previously published ,
ds_05,x9015,151015.14,6/27/1990,NA,SC,4.11,4.15,0.053,0.106,xLS008,diam_0.053_0.106mm_g,,3.926119321,xLSGS2,not previously published ,
ds_05,x9015,151520.01,6/27/1990,NA,SC,4.57,4.65,0.053,0.106,xLS008,diam_0.053_0.106mm_g,,27.51661811,xLSGS2,not previously published ,
ds_05,x9015,150105.01,6/27/1990,NA,SC,0.3,0.38,0.053,0.106,xLS008,diam_0.053_0.106mm_g,,7.623982696,xLSGS2,not previously published ,
ds_05,x9015,150105.02,6/27/1990,NA,SC,0.38,0.47,0.053,0.106,xLS008,diam_0.053_0.106mm_g,,6.848769462,xLSGS2,not previously published ,
ds_05,x9015,150105.03,6/27/1990,NA,SC,0.47,0.55,0.053,0.106,xLS008,diam_0.053_0.106mm_g,,7.369380111,xLSGS2,not previously published ,
ds_05,x9015,151520.13,6/27/1990,NA,SC,5.53,5.6,0.053,0.106,xLS008,diam_0.053_0.106mm_g,,5.269899043,xLSGS2,not previously published ,
ds_05,x9015,151520.14,6/27/1990,NA,SC,5.61,5.68,0.053,0.106,xLS008,diam_0.053_0.106mm_g,,3.569994559,xLSGS2,not previously published ,
ds_05,x9015,151520.15,6/27/1990,NA,SC,5.68,5.76,0.053,0.106,xLS008,diam_0.053_0.106mm_g,,3.31960037,xLSGS2,not previously published ,
ds_05,x9015,151520.16,6/27/1990,NA,SC,5.76,5.86,0.053,0.106,xLS008,diam_0.053_0.106mm_g,,7.132392465,xLSGS2,not previously published ,
ds_05,x9015,152025.01,6/27/1990,NA,SC,6.1,6.17,0.053,0.106,xLS008,diam_0.053_0.106mm_g,,10.28025465,xLSGS2,not previously published ,
ds_05,x9015,152025.02,6/27/1990,NA,SC,6.18,6.25,0.053,0.106,xLS008,diam_0.053_0.106mm_g,,12.63892536,xLSGS2,not previously published ,
ds_05,x9015,152025.03,6/27/1990,NA,SC,6.26,6.33,0.053,0.106,xLS008,diam_0.053_0.106mm_g,,8.433539287,xLSGS2,not previously published ,
ds_05,x9015,152025.04,6/27/1990,NA,SC,6.34,6.42,0.053,0.106,xLS008,diam_0.053_0.106mm_g,,6.389321327,xLSGS2,not previously published ,
ds_05,x9015,152025.05,6/27/1990,NA,SC,6.42,6.49,0.053,0.106,xLS008,diam_0.053_0.106mm_g,,5.795723984,xLSGS2,not previously published ,
ds_05,x9015,152025.06,6/27/1990,NA,SC,6.51,6.59,0.053,0.106,xLS008,diam_0.053_0.106mm_g,,5.849230435,xLSGS2,not previously published ,
ds_05,x9015,152025.07,6/27/1990,NA,SC,6.59,6.67,0.053,0.106,xLS008,diam_0.053_0.106mm_g,,8.591726449,xLSGS2,not previously published ,
ds_05,x9015,152025.08,6/27/1990,NA,SC,6.67,6.75,0.053,0.106,xLS008,diam_0.053_0.106mm_g,,9.66468851,xLSGS2,not previously published ,
ds_05,x9015,152025.09,6/27/1990,NA,SC,6.75,6.83,0.053,0.106,xLS008,diam_0.053_0.106mm_g,,9.15875975,xLSGS2,not previously published ,
ds_05,x9015,152025.1,6/27/1990,NA,SC,6.83,6.91,0.053,0.106,xLS008,diam_0.053_0.106mm_g,,27.29488685,xLSGS2,not previously published ,
ds_05,x9015,152025.11,6/27/1990,NA,SC,6.91,6.99,0.053,0.106,xLS008,diam_0.053_0.106mm_g,,28.57783526,xLSGS2,not previously published ,
ds_05,x9015,152025.12,6/27/1990,NA,SC,7,7.07,0.053,0.106,xLS008,diam_0.053_0.106mm_g,,23.57714393,xLSGS2,not previously published ,
ds_05,x9015,152025.13,6/27/1990,NA,SC,7.09,7.17,0.053,0.106,xLS008,diam_0.053_0.106mm_g,,24.90866513,xLSGS2,not previously published ,
ds_05,x9015,152530.01,6/27/1990,NA,SC,7.62,7.7,0.053,0.106,xLS008,diam_0.053_0.106mm_g,,10.47903332,xLSGS2,not previously published ,
ds_05,x9015,152530.02,6/27/1990,NA,SC,7.7,7.78,0.053,0.106,xLS008,diam_0.053_0.106mm_g,,15.02678549,xLSGS2,not previously published ,
ds_05,x9015,152530.03,6/27/1990,NA,SC,7.78,7.85,0.053,0.106,xLS008,diam_0.053_0.106mm_g,,83.88097276,xLSGS2,not previously published ,
ds_05,x9015,152530.04,6/27/1990,NA,SC,7.86,7.93,0.053,0.106,xLS008,diam_0.053_0.106mm_g,,113.9318003,xLSGS2,not previously published ,
ds_05,x9015,152530.05,6/27/1990,NA,SC,7.94,8.01,0.053,0.106,xLS008,diam_0.053_0.106mm_g,,91.91516313,xLSGS2,not previously published ,
ds_05,x9015,152530.06,6/27/1990,NA,SC,8.01,8.09,0.053,0.106,xLS008,diam_0.053_0.106mm_g,,89.52586791,xLSGS2,not previously published ,
ds_05,x9015,152530.07,6/27/1990,NA,SC,8.09,8.17,0.053,0.106,xLS008,diam_0.053_0.106mm_g,,46.88824846,xLSGS2,not previously published ,
ds_05,x9015,151520.02,6/27/1990,NA,SC,4.66,4.73,0.053,0.106,xLS008,diam_0.053_0.106mm_g,,24.53268384,xLSGS2,not previously published ,
ds_05,x9015,151520.03,6/27/1990,NA,SC,4.73,4.81,0.053,0.106,xLS008,diam_0.053_0.106mm_g,,19.8584499,xLSGS2,not previously published ,
ds_05,x9015,151520.04,6/27/1990,NA,SC,4.81,4.89,0.053,0.106,xLS008,diam_0.053_0.106mm_g,,19.35768735,xLSGS2,not previously published ,
ds_05,x9015,151520.05,6/27/1990,NA,SC,4.89,4.97,0.053,0.106,xLS008,diam_0.053_0.106mm_g,,7.427676516,xLSGS2,not previously published ,
ds_05,x9015,151520.06,6/27/1990,NA,SC,4.97,5.05,0.053,0.106,xLS008,diam_0.053_0.106mm_g,,2.241444704,xLSGS2,not previously published ,
ds_05,x9015,151520.07,6/27/1990,NA,SC,5.05,5.12,0.053,0.106,xLS008,diam_0.053_0.106mm_g,,3.252181545,xLSGS2,not previously published ,
ds_05,x9015,151520.08,6/27/1990,NA,SC,5.13,5.2,0.053,0.106,xLS008,diam_0.053_0.106mm_g,,4.485369706,xLSGS2,not previously published ,
ds_05,x9015,151520.09,6/27/1990,NA,SC,5.21,5.28,0.053,0.106,xLS008,diam_0.053_0.106mm_g,,4.509279708,xLSGS2,not previously published ,
ds_05,x9015,151520.1,6/27/1990,NA,SC,5.28,5.36,0.053,0.106,xLS008,diam_0.053_0.106mm_g,,6.380413911,xLSGS2,not previously published ,
ds_05,x9015,151520.11,6/27/1990,NA,SC,5.36,5.44,0.053,0.106,xLS008,diam_0.053_0.106mm_g,,5.33540624,xLSGS2,not previously published ,
ds_05,x9015,151520.12,6/27/1990,NA,SC,5.44,5.52,0.053,0.106,xLS008,diam_0.053_0.106mm_g,,4.283942001,xLSGS2,not previously published ,
ds_05,x9016,160510.01,6/28/1990,NA,SC,1.52,1.6,0.053,0.106,xLS008,diam_0.053_0.106mm_g,,7.702788736,xLSGS2,not previously published ,
ds_05,x9016,160510.02,6/28/1990,NA,SC,1.6,1.68,0.053,0.106,xLS008,diam_0.053_0.106mm_g,,6.637444784,xLSGS2,not previously published ,
ds_05,x9016,160510.03,6/28/1990,NA,SC,1.69,1.76,0.053,0.106,xLS008,diam_0.053_0.106mm_g,,7.137911856,xLSGS2,not previously published ,
ds_05,x9016,160510.04,6/28/1990,NA,SC,1.77,1.84,0.053,0.106,xLS008,diam_0.053_0.106mm_g,,7.125848972,xLSGS2,not previously published ,
ds_05,x9016,160510.05,6/28/1990,NA,SC,1.85,1.92,0.053,0.106,xLS008,diam_0.053_0.106mm_g,,6.666672114,xLSGS2,not previously published ,
ds_05,x9016,160510.12,6/28/1990,NA,SC,2.4,2.47,0.053,0.106,xLS008,diam_0.053_0.106mm_g,,5.635050262,xLSGS2,not previously published ,
ds_05,x9016,160510.13,6/28/1990,NA,SC,2.48,2.58,0.053,0.106,xLS008,diam_0.053_0.106mm_g,,11.16108263,xLSGS2,not previously published ,
ds_05,x9016,161013.01,6/28/1990,NA,SC,3.05,3.12,0.053,0.106,xLS008,diam_0.053_0.106mm_g,,7.355855173,xLSGS2,not previously published ,
ds_05,x9016,161013.02,6/28/1990,NA,SC,3.13,3.2,0.053,0.106,xLS008,diam_0.053_0.106mm_g,,7.616922008,xLSGS2,not previously published ,
ds_05,x9016,161013.03,6/28/1990,NA,SC,3.21,3.28,0.053,0.106,xLS008,diam_0.053_0.106mm_g,,5.768036159,xLSGS2,not previously published ,
ds_05,x9016,161013.04,6/28/1990,NA,SC,3.29,3.36,0.053,0.106,xLS008,diam_0.053_0.106mm_g,,10.83395972,xLSGS2,not previously published ,
ds_05,x9016,161013.05,6/28/1990,NA,SC,3.36,3.43,0.053,0.106,xLS008,diam_0.053_0.106mm_g,,9.005904643,xLSGS2,not previously published ,
ds_05,x9016,161013.06,6/28/1990,NA,SC,3.45,3.53,0.053,0.106,xLS008,diam_0.053_0.106mm_g,,8.279915342,xLSGS2,not previously published ,
ds_05,x9016,161013.07,6/28/1990,NA,SC,3.53,3.56,0.053,0.106,xLS008,diam_0.053_0.106mm_g,,2.909035578,xLSGS2,not previously published ,
ds_05,x9016,161013.08,6/28/1990,NA,SC,3.56,3.64,0.053,0.106,xLS008,diam_0.053_0.106mm_g,,8.448165364,xLSGS2,not previously published ,
ds_05,x9016,161013.09,6/28/1990,NA,SC,3.64,3.72,0.053,0.106,xLS008,diam_0.053_0.106mm_g,,31.01741654,xLSGS2,not previously published ,
ds_05,x9016,161013.1,6/28/1990,NA,SC,3.72,3.81,0.053,0.106,xLS008,diam_0.053_0.106mm_g,,122.0778989,xLSGS2,not previously published ,
ds_05,x9016,161418.01,6/28/1990,NA,SC,4.27,4.35,0.053,0.106,xLS008,diam_0.053_0.106mm_g,,8.661500134,xLSGS2,not previously published ,
ds_05,x9016,161418.02,6/28/1990,NA,SC,4.35,4.42,0.053,0.106,xLS008,diam_0.053_0.106mm_g,,16.26384284,xLSGS2,not previously published ,
ds_05,x9016,161418.03,6/28/1990,NA,SC,4.43,4.51,0.053,0.106,xLS008,diam_0.053_0.106mm_g,,38.58744764,xLSGS2,not previously published ,
ds_05,x9016,161418.04,6/28/1990,NA,SC,4.51,4.59,0.053,0.106,xLS008,diam_0.053_0.106mm_g,,41.49123687,xLSGS2,not previously published ,
ds_05,x9016,161418.05,6/28/1990,NA,SC,4.59,4.67,0.053,0.106,xLS008,diam_0.053_0.106mm_g,,60.1422121,xLSGS2,not previously published ,
ds_05,x9016,161418.06,6/28/1990,NA,SC,4.67,4.75,0.053,0.106,xLS008,diam_0.053_0.106mm_g,,98.33487211,xLSGS2,not previously published ,
ds_05,x9016,161418.07,6/28/1990,NA,SC,4.75,4.82,0.053,0.106,xLS008,diam_0.053_0.106mm_g,,43.63299264,xLSGS2,not previously published ,
ds_05,x9016,161418.08,6/28/1990,NA,SC,4.83,4.9,0.053,0.106,xLS008,diam_0.053_0.106mm_g,,80.93912747,xLSGS2,not previously published ,
ds_05,x9016,161418.09,6/28/1990,NA,SC,4.9,4.98,0.053,0.106,xLS008,diam_0.053_0.106mm_g,,158.19217,xLSGS2,not previously published ,
ds_05,x9016,161418.1,6/28/1990,NA,SC,4.98,5.06,0.053,0.106,xLS008,diam_0.053_0.106mm_g,,142.1440922,xLSGS2,not previously published ,
ds_05,x9016,161418.11,6/28/1990,NA,SC,5.06,5.14,0.053,0.106,xLS008,diam_0.053_0.106mm_g,,26.6757017,xLSGS2,not previously published ,
ds_05,x9016,161418.12,6/28/1990,NA,SC,5.14,5.22,0.053,0.106,xLS008,diam_0.053_0.106mm_g,,33.06646036,xLSGS2,not previously published ,
ds_05,x9016,161418.13,6/28/1990,NA,SC,5.22,5.3,0.053,0.106,xLS008,diam_0.053_0.106mm_g,,17.64122097,xLSGS2,not previously published ,
ds_05,x9016,161418.14,6/28/1990,NA,SC,5.3,5.37,0.053,0.106,xLS008,diam_0.053_0.106mm_g,,21.37199228,xLSGS2,not previously published ,
ds_05,x9016,161924.01,6/28/1990,NA,SC,5.79,5.9,0.053,0.106,xLS008,diam_0.053_0.106mm_g,,24.08739914,xLSGS2,not previously published ,
ds_05,x9016,161924.02,6/28/1990,NA,SC,5.9,5.96,0.053,0.106,xLS008,diam_0.053_0.106mm_g,,14.28749315,xLSGS2,not previously published ,
ds_05,x9016,161924.03,6/28/1990,NA,SC,5.96,6.04,0.053,0.106,xLS008,diam_0.053_0.106mm_g,,40.43331668,xLSGS2,not previously published ,
ds_05,x9016,161924.04,6/28/1990,NA,SC,6.06,6.14,0.053,0.106,xLS008,diam_0.053_0.106mm_g,,110.9724796,xLSGS2,not previously published ,
ds_05,x9016,161924.05,6/28/1990,NA,SC,6.14,6.22,0.053,0.106,xLS008,diam_0.053_0.106mm_g,,54.30979219,xLSGS2,not previously published ,
ds_05,x9016,161924.06,6/28/1990,NA,SC,6.22,6.3,0.053,0.106,xLS008,diam_0.053_0.106mm_g,,5.061154418,xLSGS2,not previously published ,
ds_05,x9016,161924.07,6/28/1990,NA,SC,6.3,6.38,0.053,0.106,xLS008,diam_0.053_0.106mm_g,,5.653511071,xLSGS2,not previously published ,
ds_05,x9016,161924.08,6/28/1990,NA,SC,6.38,6.46,0.053,0.106,xLS008,diam_0.053_0.106mm_g,,4.982966952,xLSGS2,not previously published ,
ds_05,x9016,160510.06,6/28/1990,NA,SC,1.92,2,0.053,0.106,xLS008,diam_0.053_0.106mm_g,,6.384351631,xLSGS2,not previously published ,
ds_05,x9016,160510.07,6/28/1990,NA,SC,2,2.08,0.053,0.106,xLS008,diam_0.053_0.106mm_g,,7.777030326,xLSGS2,not previously published ,
ds_05,x9016,160510.08,6/28/1990,NA,SC,2.08,2.15,0.053,0.106,xLS008,diam_0.053_0.106mm_g,,6.137568523,xLSGS2,not previously published ,
ds_05,x9016,160510.09,6/28/1990,NA,SC,2.16,2.23,0.053,0.106,xLS008,diam_0.053_0.106mm_g,,7.116312816,xLSGS2,not previously published ,
ds_05,x9016,160510.1,6/28/1990,NA,SC,2.24,2.31,0.053,0.106,xLS008,diam_0.053_0.106mm_g,,6.351409518,xLSGS2,not previously published ,
ds_05,x9016,160510.11,6/28/1990,NA,SC,2.32,2.39,0.053,0.106,xLS008,diam_0.053_0.106mm_g,,5.196442171,xLSGS2,not previously published ,
ds_05,x9016,161924.09,6/28/1990,NA,SC,6.48,6.56,0.053,0.106,xLS008,diam_0.053_0.106mm_g,,7.858238734,xLSGS2,not previously published ,
ds_05,x9016,161924.1,6/28/1990,NA,SC,6.56,6.62,0.053,0.106,xLS008,diam_0.053_0.106mm_g,,142.6317184,xLSGS2,not previously published ,
ds_05,x9016,161924.11,6/28/1990,NA,SC,6.62,6.65,0.053,0.106,xLS008,diam_0.053_0.106mm_g,,79.87759484,xLSGS2,not previously published ,
ds_05,x9016,161924.12,6/28/1990,NA,SC,6.65,6.73,0.053,0.106,xLS008,diam_0.053_0.106mm_g,,177.0396584,xLSGS2,not previously published ,
ds_05,x9016,161924.13,6/28/1990,NA,SC,6.75,6.83,0.053,0.106,xLS008,diam_0.053_0.106mm_g,,240.0279569,xLSGS2,not previously published ,
ds_05,x9016,161924.14,6/28/1990,NA,SC,6.83,6.91,0.053,0.106,xLS008,diam_0.053_0.106mm_g,,175.4537683,xLSGS2,not previously published ,
ds_05,x9016,161924.15,6/28/1990,NA,SC,6.91,6.99,0.053,0.106,xLS008,diam_0.053_0.106mm_g,,257.1552584,xLSGS2,not previously published ,
ds_05,x9016,161924.16,6/28/1990,NA,SC,6.99,7.07,0.053,0.106,xLS008,diam_0.053_0.106mm_g,,54.00579609,xLSGS2,not previously published ,
ds_05,x9016,161924.17,6/28/1990,NA,SC,7.07,7.15,0.053,0.106,xLS008,diam_0.053_0.106mm_g,,93.93415114,xLSGS2,not previously published ,
ds_05,x9016,161924.18,6/28/1990,NA,SC,7.15,7.24,0.053,0.106,xLS008,diam_0.053_0.106mm_g,,173.1929682,xLSGS2,not previously published ,
ds_05,x9017,171419.13,6/29/1990,NA,SC,5.27,5.34,0.053,0.106,xLS008,diam_0.053_0.106mm_g,,8.241647666,xLSGS2,not previously published ,
ds_05,x9017,171419.14,6/29/1990,NA,SC,5.35,5.42,0.053,0.106,xLS008,diam_0.053_0.106mm_g,,7.560855641,xLSGS2,not previously published ,
ds_05,x9017,171419.15,6/29/1990,NA,SC,5.43,5.49,0.053,0.106,xLS008,diam_0.053_0.106mm_g,,6.748282111,xLSGS2,not previously published ,
ds_05,x9017,171419.16,6/29/1990,NA,SC,5.49,5.55,0.053,0.106,xLS008,diam_0.053_0.106mm_g,,15.12565646,xLSGS2,not previously published ,
ds_05,x9017,170914.01,6/29/1990,NA,SC,2.74,2.82,0.053,0.106,xLS008,diam_0.053_0.106mm_g,,26.76345849,xLSGS2,not previously published ,
ds_05,x9017,170914.02,6/29/1990,NA,SC,2.82,2.9,0.053,0.106,xLS008,diam_0.053_0.106mm_g,,56.86730849,xLSGS2,not previously published ,
ds_05,x9017,170914.03,6/29/1990,NA,SC,2.91,2.98,0.053,0.106,xLS008,diam_0.053_0.106mm_g,,21.12930767,xLSGS2,not previously published ,
ds_05,x9017,170914.04,6/29/1990,NA,SC,2.99,3.06,0.053,0.106,xLS008,diam_0.053_0.106mm_g,,7.246410075,xLSGS2,not previously published ,
ds_05,x9017,170914.05,6/29/1990,NA,SC,3.06,3.14,0.053,0.106,xLS008,diam_0.053_0.106mm_g,,13.54013522,xLSGS2,not previously published ,
ds_05,x9017,170914.06,6/29/1990,NA,SC,3.14,3.21,0.053,0.106,xLS008,diam_0.053_0.106mm_g,,16.0771522,xLSGS2,not previously published ,
ds_05,x9017,170914.07,6/29/1990,NA,SC,3.22,3.29,0.053,0.106,xLS008,diam_0.053_0.106mm_g,,20.49492818,xLSGS2,not previously published ,
ds_05,x9017,170914.08,6/29/1990,NA,SC,3.3,3.37,0.053,0.106,xLS008,diam_0.053_0.106mm_g,,25.30846991,xLSGS2,not previously published ,
ds_05,x9017,170914.09,6/29/1990,NA,SC,3.37,3.45,0.053,0.106,xLS008,diam_0.053_0.106mm_g,,13.67253425,xLSGS2,not previously published ,
ds_05,x9017,170914.1,6/29/1990,NA,SC,3.45,3.53,0.053,0.106,xLS008,diam_0.053_0.106mm_g,,9.302741097,xLSGS2,not previously published ,
ds_05,x9017,170914.11,6/29/1990,NA,SC,3.53,3.6,0.053,0.106,xLS008,diam_0.053_0.106mm_g,,11.38375488,xLSGS2,not previously published ,
ds_05,x9017,170914.12,6/29/1990,NA,SC,3.61,3.69,0.053,0.106,xLS008,diam_0.053_0.106mm_g,,8.120364242,xLSGS2,not previously published ,
ds_05,x9017,170914.13,6/29/1990,NA,SC,3.69,3.76,0.053,0.106,xLS008,diam_0.053_0.106mm_g,,8.805159685,xLSGS2,not previously published ,
ds_05,x9017,170914.14,6/29/1990,NA,SC,3.77,3.84,0.053,0.106,xLS008,diam_0.053_0.106mm_g,,8.714495946,xLSGS2,not previously published ,
ds_05,x9017,171419.01,6/29/1990,NA,SC,4.27,4.34,0.053,0.106,xLS008,diam_0.053_0.106mm_g,,4.928060429,xLSGS2,not previously published ,
ds_05,x9017,171419.02,6/29/1990,NA,SC,4.35,4.42,0.053,0.106,xLS008,diam_0.053_0.106mm_g,,3.655547449,xLSGS2,not previously published ,
ds_05,x9017,171419.03,6/29/1990,NA,SC,4.43,4.51,0.053,0.106,xLS008,diam_0.053_0.106mm_g,,6.457399951,xLSGS2,not previously published ,
ds_05,x9017,171419.04,6/29/1990,NA,SC,4.51,4.59,0.053,0.106,xLS008,diam_0.053_0.106mm_g,,8.121032934,xLSGS2,not previously published ,
ds_05,x9017,171419.05,6/29/1990,NA,SC,4.59,4.67,0.053,0.106,xLS008,diam_0.053_0.106mm_g,,5.643478437,xLSGS2,not previously published ,
ds_05,x9017,171419.06,6/29/1990,NA,SC,4.67,4.75,0.053,0.106,xLS008,diam_0.053_0.106mm_g,,5.916181843,xLSGS2,not previously published ,
ds_05,x9017,171419.07,6/29/1990,NA,SC,4.76,4.83,0.053,0.106,xLS008,diam_0.053_0.106mm_g,,5.150108241,xLSGS2,not previously published ,
ds_05,x9017,171419.08,6/29/1990,NA,SC,4.84,4.92,0.053,0.106,xLS008,diam_0.053_0.106mm_g,,18.45204285,xLSGS2,not previously published ,
ds_05,x9017,171419.09,6/29/1990,NA,SC,4.92,5,0.053,0.106,xLS008,diam_0.053_0.106mm_g,,9.827577612,xLSGS2,not previously published ,
ds_05,x9017,171419.1,6/29/1990,NA,SC,5.01,5.09,0.053,0.106,xLS008,diam_0.053_0.106mm_g,,14.76922103,xLSGS2,not previously published ,
ds_05,x9017,171419.11,6/29/1990,NA,SC,5.09,5.18,0.053,0.106,xLS008,diam_0.053_0.106mm_g,,14.87843257,xLSGS2,not previously published ,
ds_05,x9017,171419.12,6/29/1990,NA,SC,5.18,5.26,0.053,0.106,xLS008,diam_0.053_0.106mm_g,,7.956450047,xLSGS2,not previously published ,
ds_05,x9017,171924.01,6/29/1990,NA,SC,5.79,5.87,0.053,0.106,xLS008,diam_0.053_0.106mm_g,,59.16321485,xLSGS2,not previously published ,
ds_05,x9017,171924.02,6/29/1990,NA,SC,5.87,5.95,0.053,0.106,xLS008,diam_0.053_0.106mm_g,,86.92164106,xLSGS2,not previously published ,
ds_05,x9017,171924.03,6/29/1990,NA,SC,5.95,6.03,0.053,0.106,xLS008,diam_0.053_0.106mm_g,,110.4585279,xLSGS2,not previously published ,
ds_05,x9017,171924.04,6/29/1990,NA,SC,6.03,6.11,0.053,0.106,xLS008,diam_0.053_0.106mm_g,,63.66533834,xLSGS2,not previously published ,
ds_05,x9017,171924.05,6/29/1990,NA,SC,6.11,6.19,0.053,0.106,xLS008,diam_0.053_0.106mm_g,,65.19431167,xLSGS2,not previously published ,
ds_05,x9017,171924.06,6/29/1990,NA,SC,6.19,6.27,0.053,0.106,xLS008,diam_0.053_0.106mm_g,,118.1910346,xLSGS2,not previously published ,
ds_05,x9017,171924.07,6/29/1990,NA,SC,6.27,6.35,0.053,0.106,xLS008,diam_0.053_0.106mm_g,,129.4742403,xLSGS2,not previously published ,
ds_05,x9017,171924.08,6/29/1990,NA,SC,6.36,6.43,0.053,0.106,xLS008,diam_0.053_0.106mm_g,,128.3565235,xLSGS2,not previously published ,
ds_05,x9017,171924.09,6/29/1990,NA,SC,6.44,6.52,0.053,0.106,xLS008,diam_0.053_0.106mm_g,,66.62217587,xLSGS2,not previously published ,
ds_05,x9017,171924.1,6/29/1990,NA,SC,6.52,6.59,0.053,0.106,xLS008,diam_0.053_0.106mm_g,,79.03869879,xLSGS2,not previously published ,
ds_05,x9017,171924.11,6/29/1990,NA,SC,6.6,6.67,0.053,0.106,xLS008,diam_0.053_0.106mm_g,,92.7625911,xLSGS2,not previously published ,
ds_05,x9017,171924.12,6/29/1990,NA,SC,6.68,6.76,0.053,0.106,xLS008,diam_0.053_0.106mm_g,,51.7702513,xLSGS2,not previously published ,
ds_05,x9017,171924.13,6/29/1990,NA,SC,6.76,6.84,0.053,0.106,xLS008,diam_0.053_0.106mm_g,,51.29718062,xLSGS2,not previously published ,
ds_05,x9017,171924.14,6/29/1990,NA,SC,6.84,6.9,0.053,0.106,xLS008,diam_0.053_0.106mm_g,,40.45706631,xLSGS2,not previously published ,
ds_05,x9018,181419.03,6/29/1990,NA,SC,4.43,4.51,0.053,0.106,xLS008,diam_0.053_0.106mm_g,,7.681603634,xLSGS2,not previously published ,
ds_05,x9018,181419.04,6/29/1990,NA,SC,4.51,4.58,0.053,0.106,xLS008,diam_0.053_0.106mm_g,,8.108128776,xLSGS2,not previously published ,
ds_05,x9018,181419.05,6/29/1990,NA,SC,4.59,4.66,0.053,0.106,xLS008,diam_0.053_0.106mm_g,,9.14159487,xLSGS2,not previously published ,
ds_05,x9018,181419.06,6/29/1990,NA,SC,4.67,4.74,0.053,0.106,xLS008,diam_0.053_0.106mm_g,,8.605336945,xLSGS2,not previously published ,
ds_05,x9018,181419.07,6/29/1990,NA,SC,4.75,4.82,0.053,0.106,xLS008,diam_0.053_0.106mm_g,,3.763944561,xLSGS2,not previously published ,
ds_05,x9018,181419.08,6/29/1990,NA,SC,4.82,4.9,0.053,0.106,xLS008,diam_0.053_0.106mm_g,,19.34660714,xLSGS2,not previously published ,
ds_05,x9018,181419.09,6/29/1990,NA,SC,4.9,4.97,0.053,0.106,xLS008,diam_0.053_0.106mm_g,,15.76269319,xLSGS2,not previously published ,
ds_05,x9018,181419.1,6/29/1990,NA,SC,4.98,5.06,0.053,0.106,xLS008,diam_0.053_0.106mm_g,,9.576991364,xLSGS2,not previously published ,
ds_05,x9018,180914.01,6/29/1990,NA,SC,2.74,2.82,0.053,0.106,xLS008,diam_0.053_0.106mm_g,,1.864897084,xLSGS2,not previously published ,
ds_05,x9018,180914.02,6/29/1990,NA,SC,2.83,2.9,0.053,0.106,xLS008,diam_0.053_0.106mm_g,,1.521997052,xLSGS2,not previously published ,
ds_05,x9018,180914.03,6/29/1990,NA,SC,2.9,2.98,0.053,0.106,xLS008,diam_0.053_0.106mm_g,,1.261566475,xLSGS2,not previously published ,
ds_05,x9018,180914.04,6/29/1990,NA,SC,2.98,3.06,0.053,0.106,xLS008,diam_0.053_0.106mm_g,,70.25530814,xLSGS2,not previously published ,
ds_05,x9018,180914.05,6/29/1990,NA,SC,3.06,3.13,0.053,0.106,xLS008,diam_0.053_0.106mm_g,,32.79714442,xLSGS2,not previously published ,
ds_05,x9018,180914.06,6/29/1990,NA,SC,3.14,3.21,0.053,0.106,xLS008,diam_0.053_0.106mm_g,,6.581751826,xLSGS2,not previously published ,
ds_05,x9018,180914.07,6/29/1990,NA,SC,3.21,3.29,0.053,0.106,xLS008,diam_0.053_0.106mm_g,,8.076635508,xLSGS2,not previously published ,
ds_05,x9018,180914.08,6/29/1990,NA,SC,3.29,3.37,0.053,0.106,xLS008,diam_0.053_0.106mm_g,,5.217537782,xLSGS2,not previously published ,
ds_05,x9018,180914.09,6/29/1990,NA,SC,3.37,3.45,0.053,0.106,xLS008,diam_0.053_0.106mm_g,,9.5007925,xLSGS2,not previously published ,
ds_05,x9018,180914.1,6/29/1990,NA,SC,3.45,3.53,0.053,0.106,xLS008,diam_0.053_0.106mm_g,,9.180771859,xLSGS2,not previously published ,
ds_05,x9018,180914.11,6/29/1990,NA,SC,3.53,3.61,0.053,0.106,xLS008,diam_0.053_0.106mm_g,,11.63135564,xLSGS2,not previously published ,
ds_05,x9018,180914.12,6/29/1990,NA,SC,3.61,3.69,0.053,0.106,xLS008,diam_0.053_0.106mm_g,,14.47463674,xLSGS2,not previously published ,
ds_05,x9018,180914.13,6/29/1990,NA,SC,3.69,3.77,0.053,0.106,xLS008,diam_0.053_0.106mm_g,,6.856868443,xLSGS2,not previously published ,
ds_05,x9018,180914.14,6/29/1990,NA,SC,3.77,3.85,0.053,0.106,xLS008,diam_0.053_0.106mm_g,,54.05402629,xLSGS2,not previously published ,
ds_05,x9018,180914.15,6/29/1990,NA,SC,3.85,3.93,0.053,0.106,xLS008,diam_0.053_0.106mm_g,,9.513107202,xLSGS2,not previously published ,
ds_05,x9018,180914.16,6/29/1990,NA,SC,3.93,4.01,0.053,0.106,xLS008,diam_0.053_0.106mm_g,,5.674880503,xLSGS2,not previously published ,
ds_05,x9018,181419.01,6/29/1990,NA,SC,4.27,4.34,0.053,0.106,xLS008,diam_0.053_0.106mm_g,,2.841326108,xLSGS2,not previously published ,
ds_05,x9018,181419.02,6/29/1990,NA,SC,4.35,4.42,0.053,0.106,xLS008,diam_0.053_0.106mm_g,,2.924718538,xLSGS2,not previously published ,
ds_05,x9018,181924.02,6/29/1990,NA,SC,5.87,5.95,0.053,0.106,xLS008,diam_0.053_0.106mm_g,,7.593570424,xLSGS2,not previously published ,
ds_05,x9018,181924.03,6/29/1990,NA,SC,5.95,6.03,0.053,0.106,xLS008,diam_0.053_0.106mm_g,,8.953829249,xLSGS2,not previously published ,
ds_05,x9018,181924.05,6/29/1990,NA,SC,6.12,6.2,0.053,0.106,xLS008,diam_0.053_0.106mm_g,,10.70259191,xLSGS2,not previously published ,
ds_05,x9018,181419.14,6/29/1990,NA,SC,5.31,5.4,0.053,0.106,xLS008,diam_0.053_0.106mm_g,,11.97958844,xLSGS2,not previously published ,
ds_05,x9018,181924.06,6/29/1990,NA,SC,6.2,6.26,0.053,0.106,xLS008,diam_0.053_0.106mm_g,,17.50251428,xLSGS2,not previously published ,
ds_05,x9018,181924.07,6/29/1990,NA,SC,6.26,6.34,0.053,0.106,xLS008,diam_0.053_0.106mm_g,,103.9972032,xLSGS2,not previously published ,
ds_05,x9018,181924.08,6/29/1990,NA,SC,6.35,6.4,0.053,0.106,xLS008,diam_0.053_0.106mm_g,,88.37566481,xLSGS2,not previously published ,
ds_05,x9018,181924.04,6/29/1990,NA,SC,6.03,6.11,0.053,0.106,xLS008,diam_0.053_0.106mm_g,,10.7449561,xLSGS2,not previously published ,
ds_05,x9018,181419.11,6/29/1990,NA,SC,5.06,5.14,0.053,0.106,xLS008,diam_0.053_0.106mm_g,,7.334824131,xLSGS2,not previously published ,
ds_05,x9018,181419.12,6/29/1990,NA,SC,5.14,5.22,0.053,0.106,xLS008,diam_0.053_0.106mm_g,,11.64090703,xLSGS2,not previously published ,
ds_05,x9018,181419.13,6/29/1990,NA,SC,5.23,5.3,0.053,0.106,xLS008,diam_0.053_0.106mm_g,,10.91133674,xLSGS2,not previously published ,
ds_05,x9018,181924.01,6/29/1990,NA,SC,5.79,5.87,0.053,0.106,xLS008,diam_0.053_0.106mm_g,,8.61163245,xLSGS2,not previously published ,
ds_05,x9013,132530.03,6/27/1990,NA,SC,7.77,7.85,0,0.053,xLS009,pan_g,,12.9680201,xLSGS2,not previously published ,
ds_05,x9013,132530.04,6/27/1990,NA,SC,7.85,7.93,0,0.053,xLS009,pan_g,,13.26678248,xLSGS2,not previously published ,
ds_05,x9013,132530.01,6/27/1990,NA,SC,7.62,7.69,0,0.053,xLS009,pan_g,,10.62022793,xLSGS2,not previously published ,
ds_05,x9013,132530.02,6/27/1990,NA,SC,7.69,7.77,0,0.053,xLS009,pan_g,,13.72577287,xLSGS2,not previously published ,
ds_05,x9013,133035.03,6/27/1990,NA,SC,9.31,9.38,0,0.053,xLS009,pan_g,,1.766977786,xLSGS2,not previously published ,
ds_05,x9013,133035.04,6/27/1990,NA,SC,9.39,9.46,0,0.053,xLS009,pan_g,,7.544131562,xLSGS2,not previously published ,
ds_05,x9013,132530.05,6/27/1990,NA,SC,7.94,8.01,0,0.053,xLS009,pan_g,,6.683586884,xLSGS2,not previously published ,
ds_05,x9013,132530.06,6/27/1990,NA,SC,8.02,8.09,0,0.053,xLS009,pan_g,,27.96323677,xLSGS2,not previously published ,
ds_05,x9013,132530.07,6/27/1990,NA,SC,8.1,8.17,0,0.053,xLS009,pan_g,,1.670816438,xLSGS2,not previously published ,
ds_05,x9013,132530.08,6/27/1990,NA,SC,8.18,8.25,0,0.053,xLS009,pan_g,,2.632383104,xLSGS2,not previously published ,
ds_05,x9013,132530.09,6/27/1990,NA,SC,8.26,8.33,0,0.053,xLS009,pan_g,,2.065643563,xLSGS2,not previously published ,
ds_05,x9013,132530.1,6/27/1990,NA,SC,8.34,8.42,0,0.053,xLS009,pan_g,,3.855188095,xLSGS2,not previously published ,
ds_05,x9013,132530.11,6/27/1990,NA,SC,8.42,8.5,0,0.053,xLS009,pan_g,,2.066639896,xLSGS2,not previously published ,
ds_05,x9013,132530.12,6/27/1990,NA,SC,8.5,8.54,0,0.053,xLS009,pan_g,,0.538565128,xLSGS2,not previously published ,
ds_05,x9013,132530.14,6/27/1990,NA,SC,8.58,8.66,0,0.053,xLS009,pan_g,,2.896752228,xLSGS2,not previously published ,
ds_05,x9013,133035.01,6/27/1990,NA,SC,9.14,9.22,0,0.053,xLS009,pan_g,,5.078194277,xLSGS2,not previously published ,
ds_05,x9013,133035.02,6/27/1990,NA,SC,9.22,9.3,0,0.053,xLS009,pan_g,,3.27264314,xLSGS2,not previously published ,
ds_05,x9014,142025.07,6/27/1990,NA,SC,6.59,6.67,0,0.053,xLS009,pan_g,,3.124848387,xLSGS2,not previously published ,
ds_05,x9014,142025.08,6/27/1990,NA,SC,6.67,6.76,0,0.053,xLS009,pan_g,,37.15013849,xLSGS2,not previously published ,
ds_05,x9014,142025.09,6/27/1990,NA,SC,6.76,6.84,0,0.053,xLS009,pan_g,,66.41055798,xLSGS2,not previously published ,
ds_05,x9014,142025.1,6/27/1990,NA,SC,6.84,6.92,0,0.053,xLS009,pan_g,,26.91726974,xLSGS2,not previously published ,
ds_05,x9014,142025.11,6/27/1990,NA,SC,6.93,6.98,0,0.053,xLS009,pan_g,,6.854517827,xLSGS2,not previously published ,
ds_05,x9014,142530.01,6/27/1990,NA,SC,7.62,7.69,0,0.053,xLS009,pan_g,,2.74767935,xLSGS2,not previously published ,
ds_05,x9014,142530.02,6/27/1990,NA,SC,7.7,7.78,0,0.053,xLS009,pan_g,,4.994260268,xLSGS2,not previously published ,
ds_05,x9014,142530.03,6/27/1990,NA,SC,7.78,7.85,0,0.053,xLS009,pan_g,,0.880238502,xLSGS2,not previously published ,
ds_05,x9014,142530.04,6/27/1990,NA,SC,7.86,7.93,0,0.053,xLS009,pan_g,,1.670337364,xLSGS2,not previously published ,
ds_05,x9014,142530.05,6/27/1990,NA,SC,7.94,8.01,0,0.053,xLS009,pan_g,,2.079580802,xLSGS2,not previously published ,
ds_05,x9014,142530.06,6/27/1990,NA,SC,8.02,8.07,0,0.053,xLS009,pan_g,,1.28276671,xLSGS2,not previously published ,
ds_05,x9014,142530.07,6/27/1990,NA,SC,8.09,8.16,0,0.053,xLS009,pan_g,,1.336344385,xLSGS2,not previously published ,
ds_05,x9014,142530.08,6/27/1990,NA,SC,8.17,8.24,0,0.053,xLS009,pan_g,,1.193442881,xLSGS2,not previously published ,
ds_05,x9014,142530.09,6/27/1990,NA,SC,8.25,8.32,0,0.053,xLS009,pan_g,,2.678317394,xLSGS2,not previously published ,
ds_05,x9014,142530.1,6/27/1990,NA,SC,8.33,8.4,0,0.053,xLS009,pan_g,,1.412464219,xLSGS2,not previously published ,
ds_05,x9014,142530.11,6/27/1990,NA,SC,8.41,8.48,0,0.053,xLS009,pan_g,,1.917075097,xLSGS2,not previously published ,
ds_05,x9014,142530.12,6/27/1990,NA,SC,8.48,8.56,0,0.053,xLS009,pan_g,,2.175024222,xLSGS2,not previously published ,
ds_05,x9014,142530.13,6/27/1990,NA,SC,8.56,8.64,0,0.053,xLS009,pan_g,,3.255391485,xLSGS2,not previously published ,
ds_05,x9014,142530.14,6/27/1990,NA,SC,8.64,8.72,0,0.053,xLS009,pan_g,,3.647897276,xLSGS2,not previously published ,
ds_05,x9014,142530.15,6/27/1990,NA,SC,8.73,8.78,0,0.053,xLS009,pan_g,,5.997257934,xLSGS2,not previously published ,
ds_05,x9014,143035.01,6/27/1990,NA,SC,9.14,9.22,0,0.053,xLS009,pan_g,,8.71966261,xLSGS2,not previously published ,
ds_05,x9014,143035.02,6/27/1990,NA,SC,9.22,9.3,0,0.053,xLS009,pan_g,,6.239683313,xLSGS2,not previously published ,
ds_05,x9014,143035.03,6/27/1990,NA,SC,9.3,9.38,0,0.053,xLS009,pan_g,,3.443948137,xLSGS2,not previously published ,
ds_05,x9014,143035.04,6/27/1990,NA,SC,9.38,9.46,0,0.053,xLS009,pan_g,,4.211779946,xLSGS2,not previously published ,
ds_05,x9014,143035.05,6/27/1990,NA,SC,9.46,9.54,0,0.053,xLS009,pan_g,,5.848379846,xLSGS2,not previously published ,
ds_05,x9014,143035.06,6/27/1990,NA,SC,9.54,9.61,0,0.053,xLS009,pan_g,,5.5517771,xLSGS2,not previously published ,
ds_05,x9014,143035.07,6/27/1990,NA,SC,9.62,9.69,0,0.053,xLS009,pan_g,,4.394055202,xLSGS2,not previously published ,
ds_05,x9014,143035.08,6/27/1990,NA,SC,9.7,9.77,0,0.053,xLS009,pan_g,,4.702119468,xLSGS2,not previously published ,
ds_05,x9014,143035.09,6/27/1990,NA,SC,9.77,9.85,0,0.053,xLS009,pan_g,,3.531280895,xLSGS2,not previously published ,
ds_05,x9014,143035.1,6/27/1990,NA,SC,9.85,9.92,0,0.053,xLS009,pan_g,,2.211285612,xLSGS2,not previously published ,
ds_05,x9014,143035.11,6/27/1990,NA,SC,9.93,10.01,0,0.053,xLS009,pan_g,,2.601988202,xLSGS2,not previously published ,
ds_05,x9014,143035.12,6/27/1990,NA,SC,10.02,10.1,0,0.053,xLS009,pan_g,,2.341561832,xLSGS2,not previously published ,
ds_05,x9014,143035.13,6/27/1990,NA,SC,10.1,10.19,0,0.053,xLS009,pan_g,,2.0339459,xLSGS2,not previously published ,
ds_05,x9014,143035.14,6/27/1990,NA,SC,10.19,10.27,0,0.053,xLS009,pan_g,,2.642107232,xLSGS2,not previously published ,
ds_05,x9014,142025.01,6/27/1990,NA,SC,6.1,6.18,0,0.053,xLS009,pan_g,,1.681972008,xLSGS2,not previously published ,
ds_05,x9014,142025.02,6/27/1990,NA,SC,6.18,6.26,0,0.053,xLS009,pan_g,,3.504322398,xLSGS2,not previously published ,
ds_05,x9014,142025.03,6/27/1990,NA,SC,6.26,6.34,0,0.053,xLS009,pan_g,,3.677481323,xLSGS2,not previously published ,
ds_05,x9014,142025.04,6/27/1990,NA,SC,6.34,6.42,0,0.053,xLS009,pan_g,,3.855704371,xLSGS2,not previously published ,
ds_05,x9014,142025.05,6/27/1990,NA,SC,6.43,6.5,0,0.053,xLS009,pan_g,,4.464889609,xLSGS2,not previously published ,
ds_05,x9014,142025.06,6/27/1990,NA,SC,6.51,6.59,0,0.053,xLS009,pan_g,,5.343593296,xLSGS2,not previously published ,
ds_05,x9014,143035.15,6/27/1990,NA,SC,10.27,10.35,0,0.053,xLS009,pan_g,,5.775883206,xLSGS2,not previously published ,
ds_05,x9014,143035.16,6/27/1990,NA,SC,10.35,10.44,0,0.053,xLS009,pan_g,,2.672675089,xLSGS2,not previously published ,
ds_05,x9014,143035.17,6/27/1990,NA,SC,10.44,10.52,0,0.053,xLS009,pan_g,,2.315547345,xLSGS2,not previously published ,
ds_05,x9015,150105.04,6/27/1990,NA,SC,0.56,0.63,0,0.053,xLS009,pan_g,,10.07584684,xLSGS2,not previously published ,
ds_05,x9015,150105.05,6/27/1990,NA,SC,0.65,0.73,0,0.053,xLS009,pan_g,,10.49116063,xLSGS2,not previously published ,
ds_05,x9015,150105.06,6/27/1990,NA,SC,0.74,0.82,0,0.053,xLS009,pan_g,,6.296203408,xLSGS2,not previously published ,
ds_05,x9015,150105.07,6/27/1990,NA,SC,0.82,0.9,0,0.053,xLS009,pan_g,,6.649856848,xLSGS2,not previously published ,
ds_05,x9015,150105.08,6/27/1990,NA,SC,0.9,0.98,0,0.053,xLS009,pan_g,,7.89407397,xLSGS2,not previously published ,
ds_05,x9015,150105.09,6/27/1990,NA,SC,0.98,1.06,0,0.053,xLS009,pan_g,,5.94661058,xLSGS2,not previously published ,
ds_05,x9015,150105.1,6/27/1990,NA,SC,1.06,1.14,0,0.053,xLS009,pan_g,,4.806988128,xLSGS2,not previously published ,
ds_05,x9015,150105.11,6/27/1990,NA,SC,1.14,1.21,0,0.053,xLS009,pan_g,,3.780426477,xLSGS2,not previously published ,
ds_05,x9015,150510.01,6/27/1990,NA,SC,1.52,1.6,0,0.053,xLS009,pan_g,,4.232538709,xLSGS2,not previously published ,
ds_05,x9015,150510.02,6/27/1990,NA,SC,1.61,1.68,0,0.053,xLS009,pan_g,,4.374429736,xLSGS2,not previously published ,
ds_05,x9015,150510.03,6/27/1990,NA,SC,1.69,1.76,0,0.053,xLS009,pan_g,,1.270680226,xLSGS2,not previously published ,
ds_05,x9015,150510.04,6/27/1990,NA,SC,1.77,1.85,0,0.053,xLS009,pan_g,,1.042399981,xLSGS2,not previously published ,
ds_05,x9015,150510.05,6/27/1990,NA,SC,1.85,1.93,0,0.053,xLS009,pan_g,,3.878807876,xLSGS2,not previously published ,
ds_05,x9015,150510.06,6/27/1990,NA,SC,1.93,2.01,0,0.053,xLS009,pan_g,,7.218856117,xLSGS2,not previously published ,
ds_05,x9015,150510.07,6/27/1990,NA,SC,2.01,2.09,0,0.053,xLS009,pan_g,,4.536714112,xLSGS2,not previously published ,
ds_05,x9015,150510.08,6/27/1990,NA,SC,2.1,2.17,0,0.053,xLS009,pan_g,,5.072541053,xLSGS2,not previously published ,
ds_05,x9015,150510.09,6/27/1990,NA,SC,2.18,2.23,0,0.053,xLS009,pan_g,,4.251736117,xLSGS2,not previously published ,
ds_05,x9015,150510.1,6/27/1990,NA,SC,2.24,2.32,0,0.053,xLS009,pan_g,,8.32393911,xLSGS2,not previously published ,
ds_05,x9015,150510.11,6/27/1990,NA,SC,2.33,2.44,0,0.053,xLS009,pan_g,,6.800315702,xLSGS2,not previously published ,
ds_05,x9015,151015.01,6/27/1990,NA,SC,3.05,3.12,0,0.053,xLS009,pan_g,,16.04761929,xLSGS2,not previously published ,
ds_05,x9015,151015.02,6/27/1990,NA,SC,3.13,3.21,0,0.053,xLS009,pan_g,,31.46619319,xLSGS2,not previously published ,
ds_05,x9015,151015.03,6/27/1990,NA,SC,3.21,3.28,0,0.053,xLS009,pan_g,,3.665961172,xLSGS2,not previously published ,
ds_05,x9015,151015.04,6/27/1990,NA,SC,3.29,3.37,0,0.053,xLS009,pan_g,,3.151393904,xLSGS2,not previously published ,
ds_05,x9015,151015.05,6/27/1990,NA,SC,3.37,3.45,0,0.053,xLS009,pan_g,,4.234774415,xLSGS2,not previously published ,
ds_05,x9015,151015.06,6/27/1990,NA,SC,3.45,3.53,0,0.053,xLS009,pan_g,,3.417275475,xLSGS2,not previously published ,
ds_05,x9015,151015.07,6/27/1990,NA,SC,3.54,3.61,0,0.053,xLS009,pan_g,,5.472722284,xLSGS2,not previously published ,
ds_05,x9015,151015.08,6/27/1990,NA,SC,3.62,3.69,0,0.053,xLS009,pan_g,,2.322799718,xLSGS2,not previously published ,
ds_05,x9015,151015.09,6/27/1990,NA,SC,3.7,3.77,0,0.053,xLS009,pan_g,,2.465850068,xLSGS2,not previously published ,
ds_05,x9015,151015.1,6/27/1990,NA,SC,3.78,3.85,0,0.053,xLS009,pan_g,,2.578831868,xLSGS2,not previously published ,
ds_05,x9015,151015.11,6/27/1990,NA,SC,3.85,3.93,0,0.053,xLS009,pan_g,,1.251724258,xLSGS2,not previously published ,
ds_05,x9015,151015.12,6/27/1990,NA,SC,3.94,4.01,0,0.053,xLS009,pan_g,,1.149607604,xLSGS2,not previously published ,
ds_05,x9015,151015.13,6/27/1990,NA,SC,4.03,4.11,0,0.053,xLS009,pan_g,,1.451631718,xLSGS2,not previously published ,
ds_05,x9015,151015.14,6/27/1990,NA,SC,4.11,4.15,0,0.053,xLS009,pan_g,,1.887725336,xLSGS2,not previously published ,
ds_05,x9015,151520.01,6/27/1990,NA,SC,4.57,4.65,0,0.053,xLS009,pan_g,,10.33050157,xLSGS2,not previously published ,
ds_05,x9015,150105.01,6/27/1990,NA,SC,0.3,0.38,0,0.053,xLS009,pan_g,,11.02380666,xLSGS2,not previously published ,
ds_05,x9015,150105.02,6/27/1990,NA,SC,0.38,0.47,0,0.053,xLS009,pan_g,,13.7778688,xLSGS2,not previously published ,
ds_05,x9015,150105.03,6/27/1990,NA,SC,0.47,0.55,0,0.053,xLS009,pan_g,,10.21030214,xLSGS2,not previously published ,
ds_05,x9015,151520.13,6/27/1990,NA,SC,5.53,5.6,0,0.053,xLS009,pan_g,,1.314811043,xLSGS2,not previously published ,
ds_05,x9015,151520.14,6/27/1990,NA,SC,5.61,5.68,0,0.053,xLS009,pan_g,,1.393014406,xLSGS2,not previously published ,
ds_05,x9015,151520.15,6/27/1990,NA,SC,5.68,5.76,0,0.053,xLS009,pan_g,,1.931478412,xLSGS2,not previously published ,
ds_05,x9015,151520.16,6/27/1990,NA,SC,5.76,5.86,0,0.053,xLS009,pan_g,,1.954576668,xLSGS2,not previously published ,
ds_05,x9015,152025.01,6/27/1990,NA,SC,6.1,6.17,0,0.053,xLS009,pan_g,,3.486365966,xLSGS2,not previously published ,
ds_05,x9015,152025.02,6/27/1990,NA,SC,6.18,6.25,0,0.053,xLS009,pan_g,,1.611034747,xLSGS2,not previously published ,
ds_05,x9015,152025.03,6/27/1990,NA,SC,6.26,6.33,0,0.053,xLS009,pan_g,,2.247006093,xLSGS2,not previously published ,
ds_05,x9015,152025.04,6/27/1990,NA,SC,6.34,6.42,0,0.053,xLS009,pan_g,,1.734863181,xLSGS2,not previously published ,
ds_05,x9015,152025.05,6/27/1990,NA,SC,6.42,6.49,0,0.053,xLS009,pan_g,,2.788134077,xLSGS2,not previously published ,
ds_05,x9015,152025.06,6/27/1990,NA,SC,6.51,6.59,0,0.053,xLS009,pan_g,,2.257406759,xLSGS2,not previously published ,
ds_05,x9015,152025.07,6/27/1990,NA,SC,6.59,6.67,0,0.053,xLS009,pan_g,,2.527501416,xLSGS2,not previously published ,
ds_05,x9015,152025.08,6/27/1990,NA,SC,6.67,6.75,0,0.053,xLS009,pan_g,,2.767258511,xLSGS2,not previously published ,
ds_05,x9015,152025.09,6/27/1990,NA,SC,6.75,6.83,0,0.053,xLS009,pan_g,,2.207272468,xLSGS2,not previously published ,
ds_05,x9015,152025.1,6/27/1990,NA,SC,6.83,6.91,0,0.053,xLS009,pan_g,,2.7432164,xLSGS2,not previously published ,
ds_05,x9015,152025.11,6/27/1990,NA,SC,6.91,6.99,0,0.053,xLS009,pan_g,,2.392846002,xLSGS2,not previously published ,
ds_05,x9015,152025.12,6/27/1990,NA,SC,7,7.07,0,0.053,xLS009,pan_g,,2.223412712,xLSGS2,not previously published ,
ds_05,x9015,152025.13,6/27/1990,NA,SC,7.09,7.17,0,0.053,xLS009,pan_g,,2.165563284,xLSGS2,not previously published ,
ds_05,x9015,152530.01,6/27/1990,NA,SC,7.62,7.7,0,0.053,xLS009,pan_g,,3.509193155,xLSGS2,not previously published ,
ds_05,x9015,152530.02,6/27/1990,NA,SC,7.7,7.78,0,0.053,xLS009,pan_g,,4.040209992,xLSGS2,not previously published ,
ds_05,x9015,152530.03,6/27/1990,NA,SC,7.78,7.85,0,0.053,xLS009,pan_g,,17.5317946,xLSGS2,not previously published ,
ds_05,x9015,152530.04,6/27/1990,NA,SC,7.86,7.93,0,0.053,xLS009,pan_g,,40.96385503,xLSGS2,not previously published ,
ds_05,x9015,152530.05,6/27/1990,NA,SC,7.94,8.01,0,0.053,xLS009,pan_g,,64.26772196,xLSGS2,not previously published ,
ds_05,x9015,152530.06,6/27/1990,NA,SC,8.01,8.09,0,0.053,xLS009,pan_g,,36.04345744,xLSGS2,not previously published ,
ds_05,x9015,152530.07,6/27/1990,NA,SC,8.09,8.17,0,0.053,xLS009,pan_g,,16.20764039,xLSGS2,not previously published ,
ds_05,x9015,151520.02,6/27/1990,NA,SC,4.66,4.73,0,0.053,xLS009,pan_g,,1.964793156,xLSGS2,not previously published ,
ds_05,x9015,151520.03,6/27/1990,NA,SC,4.73,4.81,0,0.053,xLS009,pan_g,,1.51455583,xLSGS2,not previously published ,
ds_05,x9015,151520.04,6/27/1990,NA,SC,4.81,4.89,0,0.053,xLS009,pan_g,,1.245138168,xLSGS2,not previously published ,
ds_05,x9015,151520.05,6/27/1990,NA,SC,4.89,4.97,0,0.053,xLS009,pan_g,,0.521353378,xLSGS2,not previously published ,
ds_05,x9015,151520.06,6/27/1990,NA,SC,4.97,5.05,0,0.053,xLS009,pan_g,,0.280180588,xLSGS2,not previously published ,
ds_05,x9015,151520.07,6/27/1990,NA,SC,5.05,5.12,0,0.053,xLS009,pan_g,,0.260914123,xLSGS2,not previously published ,
ds_05,x9015,151520.08,6/27/1990,NA,SC,5.13,5.2,0,0.053,xLS009,pan_g,,0.40157976,xLSGS2,not previously published ,
ds_05,x9015,151520.09,6/27/1990,NA,SC,5.21,5.28,0,0.053,xLS009,pan_g,,0.329643896,xLSGS2,not previously published ,
ds_05,x9015,151520.1,6/27/1990,NA,SC,5.28,5.36,0,0.053,xLS009,pan_g,,0.611616163,xLSGS2,not previously published ,
ds_05,x9015,151520.11,6/27/1990,NA,SC,5.36,5.44,0,0.053,xLS009,pan_g,,0.562635061,xLSGS2,not previously published ,
ds_05,x9015,151520.12,6/27/1990,NA,SC,5.44,5.52,0,0.053,xLS009,pan_g,,0.579959939,xLSGS2,not previously published ,
ds_05,x9016,160510.01,6/28/1990,NA,SC,1.52,1.6,0,0.053,xLS009,pan_g,,8.79626449,xLSGS2,not previously published ,
ds_05,x9016,160510.02,6/28/1990,NA,SC,1.6,1.68,0,0.053,xLS009,pan_g,,6.086906276,xLSGS2,not previously published ,
ds_05,x9016,160510.03,6/28/1990,NA,SC,1.69,1.76,0,0.053,xLS009,pan_g,,7.769435583,xLSGS2,not previously published ,
ds_05,x9016,160510.04,6/28/1990,NA,SC,1.77,1.84,0,0.053,xLS009,pan_g,,10.55326001,xLSGS2,not previously published ,
ds_05,x9016,160510.05,6/28/1990,NA,SC,1.85,1.92,0,0.053,xLS009,pan_g,,9.022353741,xLSGS2,not previously published ,
ds_05,x9016,160510.12,6/28/1990,NA,SC,2.4,2.47,0,0.053,xLS009,pan_g,,5.926518379,xLSGS2,not previously published ,
ds_05,x9016,160510.13,6/28/1990,NA,SC,2.48,2.58,0,0.053,xLS009,pan_g,,10.15916777,xLSGS2,not previously published ,
ds_05,x9016,161013.01,6/28/1990,NA,SC,3.05,3.12,0,0.053,xLS009,pan_g,,5.981712339,xLSGS2,not previously published ,
ds_05,x9016,161013.02,6/28/1990,NA,SC,3.13,3.2,0,0.053,xLS009,pan_g,,7.788116672,xLSGS2,not previously published ,
ds_05,x9016,161013.03,6/28/1990,NA,SC,3.21,3.28,0,0.053,xLS009,pan_g,,6.311057351,xLSGS2,not previously published ,
ds_05,x9016,161013.04,6/28/1990,NA,SC,3.29,3.36,0,0.053,xLS009,pan_g,,8.524291765,xLSGS2,not previously published ,
ds_05,x9016,161013.05,6/28/1990,NA,SC,3.36,3.43,0,0.053,xLS009,pan_g,,9.086818025,xLSGS2,not previously published ,
ds_05,x9016,161013.06,6/28/1990,NA,SC,3.45,3.53,0,0.053,xLS009,pan_g,,8.118966664,xLSGS2,not previously published ,
ds_05,x9016,161013.07,6/28/1990,NA,SC,3.53,3.56,0,0.053,xLS009,pan_g,,3.539482516,xLSGS2,not previously published ,
ds_05,x9016,161013.08,6/28/1990,NA,SC,3.56,3.64,0,0.053,xLS009,pan_g,,6.510794513,xLSGS2,not previously published ,
ds_05,x9016,161013.09,6/28/1990,NA,SC,3.64,3.72,0,0.053,xLS009,pan_g,,10.10837574,xLSGS2,not previously published ,
ds_05,x9016,161013.1,6/28/1990,NA,SC,3.72,3.81,0,0.053,xLS009,pan_g,,81.27754224,xLSGS2,not previously published ,
ds_05,x9016,161418.01,6/28/1990,NA,SC,4.27,4.35,0,0.053,xLS009,pan_g,,1.545783947,xLSGS2,not previously published ,
ds_05,x9016,161418.02,6/28/1990,NA,SC,4.35,4.42,0,0.053,xLS009,pan_g,,2.814240868,xLSGS2,not previously published ,
ds_05,x9016,161418.03,6/28/1990,NA,SC,4.43,4.51,0,0.053,xLS009,pan_g,,5.435871003,xLSGS2,not previously published ,
ds_05,x9016,161418.04,6/28/1990,NA,SC,4.51,4.59,0,0.053,xLS009,pan_g,,5.941303382,xLSGS2,not previously published ,
ds_05,x9016,161418.05,6/28/1990,NA,SC,4.59,4.67,0,0.053,xLS009,pan_g,,6.076346319,xLSGS2,not previously published ,
ds_05,x9016,161418.06,6/28/1990,NA,SC,4.67,4.75,0,0.053,xLS009,pan_g,,9.248940554,xLSGS2,not previously published ,
ds_05,x9016,161418.07,6/28/1990,NA,SC,4.75,4.82,0,0.053,xLS009,pan_g,,3.781412601,xLSGS2,not previously published ,
ds_05,x9016,161418.08,6/28/1990,NA,SC,4.83,4.9,0,0.053,xLS009,pan_g,,10.05359906,xLSGS2,not previously published ,
ds_05,x9016,161418.09,6/28/1990,NA,SC,4.9,4.98,0,0.053,xLS009,pan_g,,22.36137571,xLSGS2,not previously published ,
ds_05,x9016,161418.1,6/28/1990,NA,SC,4.98,5.06,0,0.053,xLS009,pan_g,,19.42811644,xLSGS2,not previously published ,
ds_05,x9016,161418.11,6/28/1990,NA,SC,5.06,5.14,0,0.053,xLS009,pan_g,,5.784835885,xLSGS2,not previously published ,
ds_05,x9016,161418.12,6/28/1990,NA,SC,5.14,5.22,0,0.053,xLS009,pan_g,,7.83208925,xLSGS2,not previously published ,
ds_05,x9016,161418.13,6/28/1990,NA,SC,5.22,5.3,0,0.053,xLS009,pan_g,,7.992084933,xLSGS2,not previously published ,
ds_05,x9016,161418.14,6/28/1990,NA,SC,5.3,5.37,0,0.053,xLS009,pan_g,,12.22167,xLSGS2,not previously published ,
ds_05,x9016,161924.01,6/28/1990,NA,SC,5.79,5.9,0,0.053,xLS009,pan_g,,6.504488793,xLSGS2,not previously published ,
ds_05,x9016,161924.02,6/28/1990,NA,SC,5.9,5.96,0,0.053,xLS009,pan_g,,3.864580244,xLSGS2,not previously published ,
ds_05,x9016,161924.03,6/28/1990,NA,SC,5.96,6.04,0,0.053,xLS009,pan_g,,4.813995011,xLSGS2,not previously published ,
ds_05,x9016,161924.04,6/28/1990,NA,SC,6.06,6.14,0,0.053,xLS009,pan_g,,9.006707932,xLSGS2,not previously published ,
ds_05,x9016,161924.05,6/28/1990,NA,SC,6.14,6.22,0,0.053,xLS009,pan_g,,3.222126625,xLSGS2,not previously published ,
ds_05,x9016,161924.06,6/28/1990,NA,SC,6.22,6.3,0,0.053,xLS009,pan_g,,1.330990358,xLSGS2,not previously published ,
ds_05,x9016,161924.07,6/28/1990,NA,SC,6.3,6.38,0,0.053,xLS009,pan_g,,2.165625305,xLSGS2,not previously published ,
ds_05,x9016,161924.08,6/28/1990,NA,SC,6.38,6.46,0,0.053,xLS009,pan_g,,2.199115517,xLSGS2,not previously published ,
ds_05,x9016,160510.06,6/28/1990,NA,SC,1.92,2,0,0.053,xLS009,pan_g,,8.612072501,xLSGS2,not previously published ,
ds_05,x9016,160510.07,6/28/1990,NA,SC,2,2.08,0,0.053,xLS009,pan_g,,9.071296473,xLSGS2,not previously published ,
ds_05,x9016,160510.08,6/28/1990,NA,SC,2.08,2.15,0,0.053,xLS009,pan_g,,7.559688058,xLSGS2,not previously published ,
ds_05,x9016,160510.09,6/28/1990,NA,SC,2.16,2.23,0,0.053,xLS009,pan_g,,7.877452906,xLSGS2,not previously published ,
ds_05,x9016,160510.1,6/28/1990,NA,SC,2.24,2.31,0,0.053,xLS009,pan_g,,6.852511785,xLSGS2,not previously published ,
ds_05,x9016,160510.11,6/28/1990,NA,SC,2.32,2.39,0,0.053,xLS009,pan_g,,4.843353566,xLSGS2,not previously published ,
ds_05,x9016,161924.09,6/28/1990,NA,SC,6.48,6.56,0,0.053,xLS009,pan_g,,4.168467339,xLSGS2,not previously published ,
ds_05,x9016,161924.1,6/28/1990,NA,SC,6.56,6.62,0,0.053,xLS009,pan_g,,81.75857642,xLSGS2,not previously published ,
ds_05,x9016,161924.11,6/28/1990,NA,SC,6.62,6.65,0,0.053,xLS009,pan_g,,273.1025174,xLSGS2,not previously published ,
ds_05,x9016,161924.12,6/28/1990,NA,SC,6.65,6.73,0,0.053,xLS009,pan_g,,199.7746181,xLSGS2,not previously published ,
ds_05,x9016,161924.13,6/28/1990,NA,SC,6.75,6.83,0,0.053,xLS009,pan_g,,119.1355228,xLSGS2,not previously published ,
ds_05,x9016,161924.14,6/28/1990,NA,SC,6.83,6.91,0,0.053,xLS009,pan_g,,87.15123732,xLSGS2,not previously published ,
ds_05,x9016,161924.15,6/28/1990,NA,SC,6.91,6.99,0,0.053,xLS009,pan_g,,121.095641,xLSGS2,not previously published ,
ds_05,x9016,161924.16,6/28/1990,NA,SC,6.99,7.07,0,0.053,xLS009,pan_g,,23.69417566,xLSGS2,not previously published ,
ds_05,x9016,161924.17,6/28/1990,NA,SC,7.07,7.15,0,0.053,xLS009,pan_g,,37.29445965,xLSGS2,not previously published ,
ds_05,x9016,161924.18,6/28/1990,NA,SC,7.15,7.24,0,0.053,xLS009,pan_g,,66.80040389,xLSGS2,not previously published ,
ds_05,x9017,171419.13,6/29/1990,NA,SC,5.27,5.34,0,0.053,xLS009,pan_g,,2.783885346,xLSGS2,not previously published ,
ds_05,x9017,171419.14,6/29/1990,NA,SC,5.35,5.42,0,0.053,xLS009,pan_g,,3.981690992,xLSGS2,not previously published ,
ds_05,x9017,171419.15,6/29/1990,NA,SC,5.43,5.49,0,0.053,xLS009,pan_g,,4.553037195,xLSGS2,not previously published ,
ds_05,x9017,171419.16,6/29/1990,NA,SC,5.49,5.55,0,0.053,xLS009,pan_g,,4.199781705,xLSGS2,not previously published ,
ds_05,x9017,170914.01,6/29/1990,NA,SC,2.74,2.82,0,0.053,xLS009,pan_g,,13.1473001,xLSGS2,not previously published ,
ds_05,x9017,170914.02,6/29/1990,NA,SC,2.82,2.9,0,0.053,xLS009,pan_g,,12.38843935,xLSGS2,not previously published ,
ds_05,x9017,170914.03,6/29/1990,NA,SC,2.91,2.98,0,0.053,xLS009,pan_g,,3.011101768,xLSGS2,not previously published ,
ds_05,x9017,170914.04,6/29/1990,NA,SC,2.99,3.06,0,0.053,xLS009,pan_g,,0.711278833,xLSGS2,not previously published ,
ds_05,x9017,170914.05,6/29/1990,NA,SC,3.06,3.14,0,0.053,xLS009,pan_g,,1.331373934,xLSGS2,not previously published ,
ds_05,x9017,170914.06,6/29/1990,NA,SC,3.14,3.21,0,0.053,xLS009,pan_g,,1.38291124,xLSGS2,not previously published ,
ds_05,x9017,170914.07,6/29/1990,NA,SC,3.22,3.29,0,0.053,xLS009,pan_g,,1.822149826,xLSGS2,not previously published ,
ds_05,x9017,170914.08,6/29/1990,NA,SC,3.3,3.37,0,0.053,xLS009,pan_g,,2.90473239,xLSGS2,not previously published ,
ds_05,x9017,170914.09,6/29/1990,NA,SC,3.37,3.45,0,0.053,xLS009,pan_g,,1.631019929,xLSGS2,not previously published ,
ds_05,x9017,170914.1,6/29/1990,NA,SC,3.45,3.53,0,0.053,xLS009,pan_g,,1.704429913,xLSGS2,not previously published ,
ds_05,x9017,170914.11,6/29/1990,NA,SC,3.53,3.6,0,0.053,xLS009,pan_g,,2.516177562,xLSGS2,not previously published ,
ds_05,x9017,170914.12,6/29/1990,NA,SC,3.61,3.69,0,0.053,xLS009,pan_g,,2.104338857,xLSGS2,not previously published ,
ds_05,x9017,170914.13,6/29/1990,NA,SC,3.69,3.76,0,0.053,xLS009,pan_g,,1.792851632,xLSGS2,not previously published ,
ds_05,x9017,170914.14,6/29/1990,NA,SC,3.77,3.84,0,0.053,xLS009,pan_g,,3.87164361,xLSGS2,not previously published ,
ds_05,x9017,171419.01,6/29/1990,NA,SC,4.27,4.34,0,0.053,xLS009,pan_g,,2.113845042,xLSGS2,not previously published ,
ds_05,x9017,171419.02,6/29/1990,NA,SC,4.35,4.42,0,0.053,xLS009,pan_g,,0.882227964,xLSGS2,not previously published ,
ds_05,x9017,171419.03,6/29/1990,NA,SC,4.43,4.51,0,0.053,xLS009,pan_g,,1.352655358,xLSGS2,not previously published ,
ds_05,x9017,171419.04,6/29/1990,NA,SC,4.51,4.59,0,0.053,xLS009,pan_g,,1.512911917,xLSGS2,not previously published ,
ds_05,x9017,171419.05,6/29/1990,NA,SC,4.59,4.67,0,0.053,xLS009,pan_g,,1.746024876,xLSGS2,not previously published ,
ds_05,x9017,171419.06,6/29/1990,NA,SC,4.67,4.75,0,0.053,xLS009,pan_g,,2.094483675,xLSGS2,not previously published ,
ds_05,x9017,171419.07,6/29/1990,NA,SC,4.76,4.83,0,0.053,xLS009,pan_g,,1.52588173,xLSGS2,not previously published ,
ds_05,x9017,171419.08,6/29/1990,NA,SC,4.84,4.92,0,0.053,xLS009,pan_g,,4.185232131,xLSGS2,not previously published ,
ds_05,x9017,171419.09,6/29/1990,NA,SC,4.92,5,0,0.053,xLS009,pan_g,,2.380227031,xLSGS2,not previously published ,
ds_05,x9017,171419.1,6/29/1990,NA,SC,5.01,5.09,0,0.053,xLS009,pan_g,,2.522821597,xLSGS2,not previously published ,
ds_05,x9017,171419.11,6/29/1990,NA,SC,5.09,5.18,0,0.053,xLS009,pan_g,,3.004764884,xLSGS2,not previously published ,
ds_05,x9017,171419.12,6/29/1990,NA,SC,5.18,5.26,0,0.053,xLS009,pan_g,,2.20934405,xLSGS2,not previously published ,
ds_05,x9017,171924.01,6/29/1990,NA,SC,5.79,5.87,0,0.053,xLS009,pan_g,,55.32934448,xLSGS2,not previously published ,
ds_05,x9017,171924.02,6/29/1990,NA,SC,5.87,5.95,0,0.053,xLS009,pan_g,,47.05038683,xLSGS2,not previously published ,
ds_05,x9017,171924.03,6/29/1990,NA,SC,5.95,6.03,0,0.053,xLS009,pan_g,,18.68194287,xLSGS2,not previously published ,
ds_05,x9017,171924.04,6/29/1990,NA,SC,6.03,6.11,0,0.053,xLS009,pan_g,,8.456781412,xLSGS2,not previously published ,
ds_05,x9017,171924.05,6/29/1990,NA,SC,6.11,6.19,0,0.053,xLS009,pan_g,,9.814524961,xLSGS2,not previously published ,
ds_05,x9017,171924.06,6/29/1990,NA,SC,6.19,6.27,0,0.053,xLS009,pan_g,,30.50068417,xLSGS2,not previously published ,
ds_05,x9017,171924.07,6/29/1990,NA,SC,6.27,6.35,0,0.053,xLS009,pan_g,,71.84086833,xLSGS2,not previously published ,
ds_05,x9017,171924.08,6/29/1990,NA,SC,6.36,6.43,0,0.053,xLS009,pan_g,,65.99765151,xLSGS2,not previously published ,
ds_05,x9017,171924.09,6/29/1990,NA,SC,6.44,6.52,0,0.053,xLS009,pan_g,,24.7977598,xLSGS2,not previously published ,
ds_05,x9017,171924.1,6/29/1990,NA,SC,6.52,6.59,0,0.053,xLS009,pan_g,,31.70845407,xLSGS2,not previously published ,
ds_05,x9017,171924.11,6/29/1990,NA,SC,6.6,6.67,0,0.053,xLS009,pan_g,,54.33066563,xLSGS2,not previously published ,
ds_05,x9017,171924.12,6/29/1990,NA,SC,6.68,6.76,0,0.053,xLS009,pan_g,,18.57988168,xLSGS2,not previously published ,
ds_05,x9017,171924.13,6/29/1990,NA,SC,6.76,6.84,0,0.053,xLS009,pan_g,,15.66844625,xLSGS2,not previously published ,
ds_05,x9017,171924.14,6/29/1990,NA,SC,6.84,6.9,0,0.053,xLS009,pan_g,,104.4536331,xLSGS2,not previously published ,
ds_05,x9018,181419.03,6/29/1990,NA,SC,4.43,4.51,0,0.053,xLS009,pan_g,,1.000676677,xLSGS2,not previously published ,
ds_05,x9018,181419.04,6/29/1990,NA,SC,4.51,4.58,0,0.053,xLS009,pan_g,,1.251990473,xLSGS2,not previously published ,
ds_05,x9018,181419.05,6/29/1990,NA,SC,4.59,4.66,0,0.053,xLS009,pan_g,,1.212098346,xLSGS2,not previously published ,
ds_05,x9018,181419.06,6/29/1990,NA,SC,4.67,4.74,0,0.053,xLS009,pan_g,,1.391756411,xLSGS2,not previously published ,
ds_05,x9018,181419.07,6/29/1990,NA,SC,4.75,4.82,0,0.053,xLS009,pan_g,,0.641557789,xLSGS2,not previously published ,
ds_05,x9018,181419.08,6/29/1990,NA,SC,4.82,4.9,0,0.053,xLS009,pan_g,,2.801424396,xLSGS2,not previously published ,
ds_05,x9018,181419.09,6/29/1990,NA,SC,4.9,4.97,0,0.053,xLS009,pan_g,,3.11554666,xLSGS2,not previously published ,
ds_05,x9018,181419.1,6/29/1990,NA,SC,4.98,5.06,0,0.053,xLS009,pan_g,,2.947948522,xLSGS2,not previously published ,
ds_05,x9018,180914.01,6/29/1990,NA,SC,2.74,2.82,0,0.053,xLS009,pan_g,,2.126248457,xLSGS2,not previously published ,
ds_05,x9018,180914.02,6/29/1990,NA,SC,2.83,2.9,0,0.053,xLS009,pan_g,,1.201789949,xLSGS2,not previously published ,
ds_05,x9018,180914.03,6/29/1990,NA,SC,2.9,2.98,0,0.053,xLS009,pan_g,,0.800882088,xLSGS2,not previously published ,
ds_05,x9018,180914.04,6/29/1990,NA,SC,2.98,3.06,0,0.053,xLS009,pan_g,,85.45962556,xLSGS2,not previously published ,
ds_05,x9018,180914.05,6/29/1990,NA,SC,3.06,3.13,0,0.053,xLS009,pan_g,,8.152354698,xLSGS2,not previously published ,
ds_05,x9018,180914.06,6/29/1990,NA,SC,3.14,3.21,0,0.053,xLS009,pan_g,,1.982708153,xLSGS2,not previously published ,
ds_05,x9018,180914.07,6/29/1990,NA,SC,3.21,3.29,0,0.053,xLS009,pan_g,,2.589004724,xLSGS2,not previously published ,
ds_05,x9018,180914.08,6/29/1990,NA,SC,3.29,3.37,0,0.053,xLS009,pan_g,,1.993326794,xLSGS2,not previously published ,
ds_05,x9018,180914.09,6/29/1990,NA,SC,3.37,3.45,0,0.053,xLS009,pan_g,,2.765841968,xLSGS2,not previously published ,
ds_05,x9018,180914.1,6/29/1990,NA,SC,3.45,3.53,0,0.053,xLS009,pan_g,,3.555060332,xLSGS2,not previously published ,
ds_05,x9018,180914.11,6/29/1990,NA,SC,3.53,3.61,0,0.053,xLS009,pan_g,,1.462384779,xLSGS2,not previously published ,
ds_05,x9018,180914.12,6/29/1990,NA,SC,3.61,3.69,0,0.053,xLS009,pan_g,,5.633714299,xLSGS2,not previously published ,
ds_05,x9018,180914.13,6/29/1990,NA,SC,3.69,3.77,0,0.053,xLS009,pan_g,,3.313245534,xLSGS2,not previously published ,
ds_05,x9018,180914.14,6/29/1990,NA,SC,3.77,3.85,0,0.053,xLS009,pan_g,,48.40962853,xLSGS2,not previously published ,
ds_05,x9018,180914.15,6/29/1990,NA,SC,3.85,3.93,0,0.053,xLS009,pan_g,,7.08672102,xLSGS2,not previously published ,
ds_05,x9018,180914.16,6/29/1990,NA,SC,3.93,4.01,0,0.053,xLS009,pan_g,,2.642534488,xLSGS2,not previously published ,
ds_05,x9018,181419.01,6/29/1990,NA,SC,4.27,4.34,0,0.053,xLS009,pan_g,,0.930031847,xLSGS2,not previously published ,
ds_05,x9018,181419.02,6/29/1990,NA,SC,4.35,4.42,0,0.053,xLS009,pan_g,,0.651794417,xLSGS2,not previously published ,
ds_05,x9018,181924.02,6/29/1990,NA,SC,5.87,5.95,0,0.053,xLS009,pan_g,,0.770875877,xLSGS2,not previously published ,
ds_05,x9018,181924.03,6/29/1990,NA,SC,5.95,6.03,0,0.053,xLS009,pan_g,,0.811678572,xLSGS2,not previously published ,
ds_05,x9018,181924.05,6/29/1990,NA,SC,6.12,6.2,0,0.053,xLS009,pan_g,,0.992704177,xLSGS2,not previously published ,
ds_05,x9018,181419.14,6/29/1990,NA,SC,5.31,5.4,0,0.053,xLS009,pan_g,,3.965239114,xLSGS2,not previously published ,
ds_05,x9018,181924.06,6/29/1990,NA,SC,6.2,6.26,0,0.053,xLS009,pan_g,,1.91569808,xLSGS2,not previously published ,
ds_05,x9018,181924.07,6/29/1990,NA,SC,6.26,6.34,0,0.053,xLS009,pan_g,,20.01790895,xLSGS2,not previously published ,
ds_05,x9018,181924.08,6/29/1990,NA,SC,6.35,6.4,0,0.053,xLS009,pan_g,,15.55812642,xLSGS2,not previously published ,
ds_05,x9018,181924.04,6/29/1990,NA,SC,6.03,6.11,0,0.053,xLS009,pan_g,,0.984490898,xLSGS2,not previously published ,
ds_05,x9018,181419.11,6/29/1990,NA,SC,5.06,5.14,0,0.053,xLS009,pan_g,,3.306995714,xLSGS2,not previously published ,
ds_05,x9018,181419.12,6/29/1990,NA,SC,5.14,5.22,0,0.053,xLS009,pan_g,,4.571748763,xLSGS2,not previously published ,
ds_05,x9018,181419.13,6/29/1990,NA,SC,5.23,5.3,0,0.053,xLS009,pan_g,,3.644450514,xLSGS2,not previously published ,
ds_05,x9018,181924.01,6/29/1990,NA,SC,5.79,5.87,0,0.053,xLS009,pan_g,,1.050706544,xLSGS2,not previously published ,
ds_05,x9013,132530.03,6/27/1990,NA,SC,7.77,7.85,,,xLS001,tot_samp_wt_g,,219.0543936,xLSGS1,not previously published ,
ds_05,x9013,132530.04,6/27/1990,NA,SC,7.85,7.93,,,xLS001,tot_samp_wt_g,,194.2427889,xLSGS1,not previously published ,
ds_05,x9013,132530.01,6/27/1990,NA,SC,7.62,7.69,,,xLS001,tot_samp_wt_g,,194.1540755,xLSGS1,not previously published ,
ds_05,x9013,132530.02,6/27/1990,NA,SC,7.69,7.77,,,xLS001,tot_samp_wt_g,,214.130622,xLSGS1,not previously published ,
ds_05,x9013,133035.03,6/27/1990,NA,SC,9.31,9.38,,,xLS001,tot_samp_wt_g,,248.8701107,xLSGS1,not previously published ,
ds_05,x9013,133035.04,6/27/1990,NA,SC,9.39,9.46,,,xLS001,tot_samp_wt_g,,239.4962401,xLSGS1,not previously published ,
ds_05,x9013,132530.05,6/27/1990,NA,SC,7.94,8.01,,,xLS001,tot_samp_wt_g,,217.7064131,xLSGS1,not previously published ,
ds_05,x9013,132530.06,6/27/1990,NA,SC,8.02,8.09,,,xLS001,tot_samp_wt_g,,218.9760123,xLSGS1,not previously published ,
ds_05,x9013,132530.07,6/27/1990,NA,SC,8.1,8.17,,,xLS001,tot_samp_wt_g,,203.7581022,xLSGS1,not previously published ,
ds_05,x9013,132530.08,6/27/1990,NA,SC,8.18,8.25,,,xLS001,tot_samp_wt_g,,217.5523226,xLSGS1,not previously published ,
ds_05,x9013,132530.09,6/27/1990,NA,SC,8.26,8.33,,,xLS001,tot_samp_wt_g,,219.7493152,xLSGS1,not previously published ,
ds_05,x9013,132530.1,6/27/1990,NA,SC,8.34,8.42,,,xLS001,tot_samp_wt_g,,225.4495962,xLSGS1,not previously published ,
ds_05,x9013,132530.11,6/27/1990,NA,SC,8.42,8.5,,,xLS001,tot_samp_wt_g,,219.8553081,xLSGS1,not previously published ,
ds_05,x9013,132530.12,6/27/1990,NA,SC,8.5,8.54,,,xLS001,tot_samp_wt_g,,107.7130257,xLSGS1,not previously published ,
ds_05,x9013,132530.14,6/27/1990,NA,SC,8.58,8.66,,,xLS001,tot_samp_wt_g,,198.4076869,xLSGS1,not previously published ,
ds_05,x9013,133035.01,6/27/1990,NA,SC,9.14,9.22,,,xLS001,tot_samp_wt_g,,228.7474899,xLSGS1,not previously published ,
ds_05,x9013,133035.02,6/27/1990,NA,SC,9.22,9.3,,,xLS001,tot_samp_wt_g,,259.7335826,xLSGS1,not previously published ,
ds_05,x9014,142025.07,6/27/1990,NA,SC,6.59,6.67,,,xLS001,tot_samp_wt_g,,218.5208662,xLSGS1,not previously published ,
ds_05,x9014,142025.08,6/27/1990,NA,SC,6.67,6.76,,,xLS001,tot_samp_wt_g,,239.10754,xLSGS1,not previously published ,
ds_05,x9014,142025.09,6/27/1990,NA,SC,6.76,6.84,,,xLS001,tot_samp_wt_g,,227.4723685,xLSGS1,not previously published ,
ds_05,x9014,142025.1,6/27/1990,NA,SC,6.84,6.92,,,xLS001,tot_samp_wt_g,,220.3804629,xLSGS1,not previously published ,
ds_05,x9014,142025.11,6/27/1990,NA,SC,6.93,6.98,,,xLS001,tot_samp_wt_g,,131.4889282,xLSGS1,not previously published ,
ds_05,x9014,142530.01,6/27/1990,NA,SC,7.62,7.69,,,xLS001,tot_samp_wt_g,,182.3277605,xLSGS1,not previously published ,
ds_05,x9014,142530.02,6/27/1990,NA,SC,7.7,7.78,,,xLS001,tot_samp_wt_g,,195.7765687,xLSGS1,not previously published ,
ds_05,x9014,142530.03,6/27/1990,NA,SC,7.78,7.85,,,xLS001,tot_samp_wt_g,,200.5099093,xLSGS1,not previously published ,
ds_05,x9014,142530.04,6/27/1990,NA,SC,7.86,7.93,,,xLS001,tot_samp_wt_g,,211.1678084,xLSGS1,not previously published ,
ds_05,x9014,142530.05,6/27/1990,NA,SC,7.94,8.01,,,xLS001,tot_samp_wt_g,,202.8859319,xLSGS1,not previously published ,
ds_05,x9014,142530.06,6/27/1990,NA,SC,8.02,8.07,,,xLS001,tot_samp_wt_g,,154.9235157,xLSGS1,not previously published ,
ds_05,x9014,142530.07,6/27/1990,NA,SC,8.09,8.16,,,xLS001,tot_samp_wt_g,,215.1923325,xLSGS1,not previously published ,
ds_05,x9014,142530.08,6/27/1990,NA,SC,8.17,8.24,,,xLS001,tot_samp_wt_g,,219.3828826,xLSGS1,not previously published ,
ds_05,x9014,142530.09,6/27/1990,NA,SC,8.25,8.32,,,xLS001,tot_samp_wt_g,,220.4376456,xLSGS1,not previously published ,
ds_05,x9014,142530.1,6/27/1990,NA,SC,8.33,8.4,,,xLS001,tot_samp_wt_g,,218.3097711,xLSGS1,not previously published ,
ds_05,x9014,142530.11,6/27/1990,NA,SC,8.41,8.48,,,xLS001,tot_samp_wt_g,,213.0083441,xLSGS1,not previously published ,
ds_05,x9014,142530.12,6/27/1990,NA,SC,8.48,8.56,,,xLS001,tot_samp_wt_g,,214.9233421,xLSGS1,not previously published ,
ds_05,x9014,142530.13,6/27/1990,NA,SC,8.56,8.64,,,xLS001,tot_samp_wt_g,,222.2110228,xLSGS1,not previously published ,
ds_05,x9014,142530.14,6/27/1990,NA,SC,8.64,8.72,,,xLS001,tot_samp_wt_g,,218.4369626,xLSGS1,not previously published ,
ds_05,x9014,142530.15,6/27/1990,NA,SC,8.73,8.78,,,xLS001,tot_samp_wt_g,,133.0358903,xLSGS1,not previously published ,
ds_05,x9014,143035.01,6/27/1990,NA,SC,9.14,9.22,,,xLS001,tot_samp_wt_g,,257.2171861,xLSGS1,not previously published ,
ds_05,x9014,143035.02,6/27/1990,NA,SC,9.22,9.3,,,xLS001,tot_samp_wt_g,,253.748813,xLSGS1,not previously published ,
ds_05,x9014,143035.03,6/27/1990,NA,SC,9.3,9.38,,,xLS001,tot_samp_wt_g,,248.8401833,xLSGS1,not previously published ,
ds_05,x9014,143035.04,6/27/1990,NA,SC,9.38,9.46,,,xLS001,tot_samp_wt_g,,265.058524,xLSGS1,not previously published ,
ds_05,x9014,143035.05,6/27/1990,NA,SC,9.46,9.54,,,xLS001,tot_samp_wt_g,,264.5128831,xLSGS1,not previously published ,
ds_05,x9014,143035.06,6/27/1990,NA,SC,9.54,9.61,,,xLS001,tot_samp_wt_g,,238.0693439,xLSGS1,not previously published ,
ds_05,x9014,143035.07,6/27/1990,NA,SC,9.62,9.69,,,xLS001,tot_samp_wt_g,,241.0342952,xLSGS1,not previously published ,
ds_05,x9014,143035.08,6/27/1990,NA,SC,9.7,9.77,,,xLS001,tot_samp_wt_g,,251.5847762,xLSGS1,not previously published ,
ds_05,x9014,143035.09,6/27/1990,NA,SC,9.77,9.85,,,xLS001,tot_samp_wt_g,,228.7099025,xLSGS1,not previously published ,
ds_05,x9014,143035.1,6/27/1990,NA,SC,9.85,9.92,,,xLS001,tot_samp_wt_g,,220.247571,xLSGS1,not previously published ,
ds_05,x9014,143035.11,6/27/1990,NA,SC,9.93,10.01,,,xLS001,tot_samp_wt_g,,278.2875082,xLSGS1,not previously published ,
ds_05,x9014,143035.12,6/27/1990,NA,SC,10.02,10.1,,,xLS001,tot_samp_wt_g,,252.8684484,xLSGS1,not previously published ,
ds_05,x9014,143035.13,6/27/1990,NA,SC,10.1,10.19,,,xLS001,tot_samp_wt_g,,260.0953836,xLSGS1,not previously published ,
ds_05,x9014,143035.14,6/27/1990,NA,SC,10.19,10.27,,,xLS001,tot_samp_wt_g,,238.4573314,xLSGS1,not previously published ,
ds_05,x9014,142025.01,6/27/1990,NA,SC,6.1,6.18,,,xLS001,tot_samp_wt_g,,211.3030161,xLSGS1,not previously published ,
ds_05,x9014,142025.02,6/27/1990,NA,SC,6.18,6.26,,,xLS001,tot_samp_wt_g,,215.7833989,xLSGS1,not previously published ,
ds_05,x9014,142025.03,6/27/1990,NA,SC,6.26,6.34,,,xLS001,tot_samp_wt_g,,218.5075058,xLSGS1,not previously published ,
ds_05,x9014,142025.04,6/27/1990,NA,SC,6.34,6.42,,,xLS001,tot_samp_wt_g,,223.3895928,xLSGS1,not previously published ,
ds_05,x9014,142025.05,6/27/1990,NA,SC,6.43,6.5,,,xLS001,tot_samp_wt_g,,222.7988827,xLSGS1,not previously published ,
ds_05,x9014,142025.06,6/27/1990,NA,SC,6.51,6.59,,,xLS001,tot_samp_wt_g,,234.5738936,xLSGS1,not previously published ,
ds_05,x9014,143035.15,6/27/1990,NA,SC,10.27,10.35,,,xLS001,tot_samp_wt_g,,225.8851469,xLSGS1,not previously published ,
ds_05,x9014,143035.16,6/27/1990,NA,SC,10.35,10.44,,,xLS001,tot_samp_wt_g,,245.1995494,xLSGS1,not previously published ,
ds_05,x9014,143035.17,6/27/1990,NA,SC,10.44,10.52,,,xLS001,tot_samp_wt_g,,237.735867,xLSGS1,not previously published ,
ds_05,x9015,150105.04,6/27/1990,NA,SC,0.56,0.63,,,xLS001,tot_samp_wt_g,,238.8207357,xLSGS1,not previously published ,
ds_05,x9015,150105.05,6/27/1990,NA,SC,0.65,0.73,,,xLS001,tot_samp_wt_g,,238.7067265,xLSGS1,not previously published ,
ds_05,x9015,150105.06,6/27/1990,NA,SC,0.74,0.82,,,xLS001,tot_samp_wt_g,,227.4639959,xLSGS1,not previously published ,
ds_05,x9015,150105.07,6/27/1990,NA,SC,0.82,0.9,,,xLS001,tot_samp_wt_g,,227.3455333,xLSGS1,not previously published ,
ds_05,x9015,150105.08,6/27/1990,NA,SC,0.9,0.98,,,xLS001,tot_samp_wt_g,,227.3638816,xLSGS1,not previously published ,
ds_05,x9015,150105.09,6/27/1990,NA,SC,0.98,1.06,,,xLS001,tot_samp_wt_g,,231.4756941,xLSGS1,not previously published ,
ds_05,x9015,150105.1,6/27/1990,NA,SC,1.06,1.14,,,xLS001,tot_samp_wt_g,,232.8967116,xLSGS1,not previously published ,
ds_05,x9015,150105.11,6/27/1990,NA,SC,1.14,1.21,,,xLS001,tot_samp_wt_g,,198.8651487,xLSGS1,not previously published ,
ds_05,x9015,150510.01,6/27/1990,NA,SC,1.52,1.6,,,xLS001,tot_samp_wt_g,,202.7077926,xLSGS1,not previously published ,
ds_05,x9015,150510.02,6/27/1990,NA,SC,1.61,1.68,,,xLS001,tot_samp_wt_g,,227.2431032,xLSGS1,not previously published ,
ds_05,x9015,150510.03,6/27/1990,NA,SC,1.69,1.76,,,xLS001,tot_samp_wt_g,,240.6591337,xLSGS1,not previously published ,
ds_05,x9015,150510.04,6/27/1990,NA,SC,1.77,1.85,,,xLS001,tot_samp_wt_g,,231.1308163,xLSGS1,not previously published ,
ds_05,x9015,150510.05,6/27/1990,NA,SC,1.85,1.93,,,xLS001,tot_samp_wt_g,,230.8814212,xLSGS1,not previously published ,
ds_05,x9015,150510.06,6/27/1990,NA,SC,1.93,2.01,,,xLS001,tot_samp_wt_g,,238.5610085,xLSGS1,not previously published ,
ds_05,x9015,150510.07,6/27/1990,NA,SC,2.01,2.09,,,xLS001,tot_samp_wt_g,,249.819059,xLSGS1,not previously published ,
ds_05,x9015,150510.08,6/27/1990,NA,SC,2.1,2.17,,,xLS001,tot_samp_wt_g,,250.6196172,xLSGS1,not previously published ,
ds_05,x9015,150510.09,6/27/1990,NA,SC,2.18,2.23,,,xLS001,tot_samp_wt_g,,175.2570535,xLSGS1,not previously published ,
ds_05,x9015,150510.1,6/27/1990,NA,SC,2.24,2.32,,,xLS001,tot_samp_wt_g,,262.0887629,xLSGS1,not previously published ,
ds_05,x9015,150510.11,6/27/1990,NA,SC,2.33,2.44,,,xLS001,tot_samp_wt_g,,339.676109,xLSGS1,not previously published ,
ds_05,x9015,151015.01,6/27/1990,NA,SC,3.05,3.12,,,xLS001,tot_samp_wt_g,,224.851048,xLSGS1,not previously published ,
ds_05,x9015,151015.02,6/27/1990,NA,SC,3.13,3.21,,,xLS001,tot_samp_wt_g,,239.5416656,xLSGS1,not previously published ,
ds_05,x9015,151015.03,6/27/1990,NA,SC,3.21,3.28,,,xLS001,tot_samp_wt_g,,234.5464601,xLSGS1,not previously published ,
ds_05,x9015,151015.04,6/27/1990,NA,SC,3.29,3.37,,,xLS001,tot_samp_wt_g,,241.1165956,xLSGS1,not previously published ,
ds_05,x9015,151015.05,6/27/1990,NA,SC,3.37,3.45,,,xLS001,tot_samp_wt_g,,241.7108684,xLSGS1,not previously published ,
ds_05,x9015,151015.06,6/27/1990,NA,SC,3.45,3.53,,,xLS001,tot_samp_wt_g,,270.3540724,xLSGS1,not previously published ,
ds_05,x9015,151015.07,6/27/1990,NA,SC,3.54,3.61,,,xLS001,tot_samp_wt_g,,242.3703403,xLSGS1,not previously published ,
ds_05,x9015,151015.08,6/27/1990,NA,SC,3.62,3.69,,,xLS001,tot_samp_wt_g,,203.7543613,xLSGS1,not previously published ,
ds_05,x9015,151015.09,6/27/1990,NA,SC,3.7,3.77,,,xLS001,tot_samp_wt_g,,211.2982064,xLSGS1,not previously published ,
ds_05,x9015,151015.1,6/27/1990,NA,SC,3.78,3.85,,,xLS001,tot_samp_wt_g,,221.9304534,xLSGS1,not previously published ,
ds_05,x9015,151015.11,6/27/1990,NA,SC,3.85,3.93,,,xLS001,tot_samp_wt_g,,222.7267363,xLSGS1,not previously published ,
ds_05,x9015,151015.12,6/27/1990,NA,SC,3.94,4.01,,,xLS001,tot_samp_wt_g,,213.6817109,xLSGS1,not previously published ,
ds_05,x9015,151015.13,6/27/1990,NA,SC,4.03,4.11,,,xLS001,tot_samp_wt_g,,221.623163,xLSGS1,not previously published ,
ds_05,x9015,151015.14,6/27/1990,NA,SC,4.11,4.15,,,xLS001,tot_samp_wt_g,,109.1801813,xLSGS1,not previously published ,
ds_05,x9015,151520.01,6/27/1990,NA,SC,4.57,4.65,,,xLS001,tot_samp_wt_g,,224.1862319,xLSGS1,not previously published ,
ds_05,x9015,150105.01,6/27/1990,NA,SC,0.3,0.38,,,xLS001,tot_samp_wt_g,,222.7931822,xLSGS1,not previously published ,
ds_05,x9015,150105.02,6/27/1990,NA,SC,0.38,0.47,,,xLS001,tot_samp_wt_g,,259.1286213,xLSGS1,not previously published ,
ds_05,x9015,150105.03,6/27/1990,NA,SC,0.47,0.55,,,xLS001,tot_samp_wt_g,,236.3495866,xLSGS1,not previously published ,
ds_05,x9015,151520.13,6/27/1990,NA,SC,5.53,5.6,,,xLS001,tot_samp_wt_g,,213.0974138,xLSGS1,not previously published ,
ds_05,x9015,151520.14,6/27/1990,NA,SC,5.61,5.68,,,xLS001,tot_samp_wt_g,,210.7434804,xLSGS1,not previously published ,
ds_05,x9015,151520.15,6/27/1990,NA,SC,5.68,5.76,,,xLS001,tot_samp_wt_g,,205.0401711,xLSGS1,not previously published ,
ds_05,x9015,151520.16,6/27/1990,NA,SC,5.76,5.86,,,xLS001,tot_samp_wt_g,,278.8269142,xLSGS1,not previously published ,
ds_05,x9015,152025.01,6/27/1990,NA,SC,6.1,6.17,,,xLS001,tot_samp_wt_g,,215.4737927,xLSGS1,not previously published ,
ds_05,x9015,152025.02,6/27/1990,NA,SC,6.18,6.25,,,xLS001,tot_samp_wt_g,,216.8283643,xLSGS1,not previously published ,
ds_05,x9015,152025.03,6/27/1990,NA,SC,6.26,6.33,,,xLS001,tot_samp_wt_g,,223.5826958,xLSGS1,not previously published ,
ds_05,x9015,152025.04,6/27/1990,NA,SC,6.34,6.42,,,xLS001,tot_samp_wt_g,,216.5871636,xLSGS1,not previously published ,
ds_05,x9015,152025.05,6/27/1990,NA,SC,6.42,6.49,,,xLS001,tot_samp_wt_g,,209.005553,xLSGS1,not previously published ,
ds_05,x9015,152025.06,6/27/1990,NA,SC,6.51,6.59,,,xLS001,tot_samp_wt_g,,217.6862834,xLSGS1,not previously published ,
ds_05,x9015,152025.07,6/27/1990,NA,SC,6.59,6.67,,,xLS001,tot_samp_wt_g,,222.295639,xLSGS1,not previously published ,
ds_05,x9015,152025.08,6/27/1990,NA,SC,6.67,6.75,,,xLS001,tot_samp_wt_g,,218.0660765,xLSGS1,not previously published ,
ds_05,x9015,152025.09,6/27/1990,NA,SC,6.75,6.83,,,xLS001,tot_samp_wt_g,,189.4654479,xLSGS1,not previously published ,
ds_05,x9015,152025.1,6/27/1990,NA,SC,6.83,6.91,,,xLS001,tot_samp_wt_g,,232.6731468,xLSGS1,not previously published ,
ds_05,x9015,152025.11,6/27/1990,NA,SC,6.91,6.99,,,xLS001,tot_samp_wt_g,,243.4227876,xLSGS1,not previously published ,
ds_05,x9015,152025.12,6/27/1990,NA,SC,7,7.07,,,xLS001,tot_samp_wt_g,,236.0310735,xLSGS1,not previously published ,
ds_05,x9015,152025.13,6/27/1990,NA,SC,7.09,7.17,,,xLS001,tot_samp_wt_g,,234.3683208,xLSGS1,not previously published ,
ds_05,x9015,152530.01,6/27/1990,NA,SC,7.62,7.7,,,xLS001,tot_samp_wt_g,,231.1721446,xLSGS1,not previously published ,
ds_05,x9015,152530.02,6/27/1990,NA,SC,7.7,7.78,,,xLS001,tot_samp_wt_g,,225.4581469,xLSGS1,not previously published ,
ds_05,x9015,152530.03,6/27/1990,NA,SC,7.78,7.85,,,xLS001,tot_samp_wt_g,,223.0224476,xLSGS1,not previously published ,
ds_05,x9015,152530.04,6/27/1990,NA,SC,7.86,7.93,,,xLS001,tot_samp_wt_g,,215.6900539,xLSGS1,not previously published ,
ds_05,x9015,152530.05,6/27/1990,NA,SC,7.94,8.01,,,xLS001,tot_samp_wt_g,,215.0213188,xLSGS1,not previously published ,
ds_05,x9015,152530.06,6/27/1990,NA,SC,8.01,8.09,,,xLS001,tot_samp_wt_g,,221.5877133,xLSGS1,not previously published ,
ds_05,x9015,152530.07,6/27/1990,NA,SC,8.09,8.17,,,xLS001,tot_samp_wt_g,,226.4585775,xLSGS1,not previously published ,
ds_05,x9015,151520.02,6/27/1990,NA,SC,4.66,4.73,,,xLS001,tot_samp_wt_g,,209.4662213,xLSGS1,not previously published ,
ds_05,x9015,151520.03,6/27/1990,NA,SC,4.73,4.81,,,xLS001,tot_samp_wt_g,,211.5301438,xLSGS1,not previously published ,
ds_05,x9015,151520.04,6/27/1990,NA,SC,4.81,4.89,,,xLS001,tot_samp_wt_g,,227.6303781,xLSGS1,not previously published ,
ds_05,x9015,151520.05,6/27/1990,NA,SC,4.89,4.97,,,xLS001,tot_samp_wt_g,,214.5487151,xLSGS1,not previously published ,
ds_05,x9015,151520.06,6/27/1990,NA,SC,4.97,5.05,,,xLS001,tot_samp_wt_g,,209.089991,xLSGS1,not previously published ,
ds_05,x9015,151520.07,6/27/1990,NA,SC,5.05,5.12,,,xLS001,tot_samp_wt_g,,205.4441911,xLSGS1,not previously published ,
ds_05,x9015,151520.08,6/27/1990,NA,SC,5.13,5.2,,,xLS001,tot_samp_wt_g,,212.4760637,xLSGS1,not previously published ,
ds_05,x9015,151520.09,6/27/1990,NA,SC,5.21,5.28,,,xLS001,tot_samp_wt_g,,207.323205,xLSGS1,not previously published ,
ds_05,x9015,151520.1,6/27/1990,NA,SC,5.28,5.36,,,xLS001,tot_samp_wt_g,,213.106677,xLSGS1,not previously published ,
ds_05,x9015,151520.11,6/27/1990,NA,SC,5.36,5.44,,,xLS001,tot_samp_wt_g,,213.9296808,xLSGS1,not previously published ,
ds_05,x9015,151520.12,6/27/1990,NA,SC,5.44,5.52,,,xLS001,tot_samp_wt_g,,215.5984902,xLSGS1,not previously published ,
ds_05,x9016,160510.01,6/28/1990,NA,SC,1.52,1.6,,,xLS001,tot_samp_wt_g,,210.6889698,xLSGS1,not previously published ,
ds_05,x9016,160510.02,6/28/1990,NA,SC,1.6,1.68,,,xLS001,tot_samp_wt_g,,238.3283585,xLSGS1,not previously published ,
ds_05,x9016,160510.03,6/28/1990,NA,SC,1.69,1.76,,,xLS001,tot_samp_wt_g,,241.9631138,xLSGS1,not previously published ,
ds_05,x9016,160510.04,6/28/1990,NA,SC,1.77,1.84,,,xLS001,tot_samp_wt_g,,239.8468183,xLSGS1,not previously published ,
ds_05,x9016,160510.05,6/28/1990,NA,SC,1.85,1.92,,,xLS001,tot_samp_wt_g,,232.7748643,xLSGS1,not previously published ,
ds_05,x9016,160510.12,6/28/1990,NA,SC,2.4,2.47,,,xLS001,tot_samp_wt_g,,236.9659488,xLSGS1,not previously published ,
ds_05,x9016,160510.13,6/28/1990,NA,SC,2.48,2.58,,,xLS001,tot_samp_wt_g,,311.1536836,xLSGS1,not previously published ,
ds_05,x9016,161013.01,6/28/1990,NA,SC,3.05,3.12,,,xLS001,tot_samp_wt_g,,254.0005239,xLSGS1,not previously published ,
ds_05,x9016,161013.02,6/28/1990,NA,SC,3.13,3.2,,,xLS001,tot_samp_wt_g,,248.1082087,xLSGS1,not previously published ,
ds_05,x9016,161013.03,6/28/1990,NA,SC,3.21,3.28,,,xLS001,tot_samp_wt_g,,250.2401804,xLSGS1,not previously published ,
ds_05,x9016,161013.04,6/28/1990,NA,SC,3.29,3.36,,,xLS001,tot_samp_wt_g,,241.3446139,xLSGS1,not previously published ,
ds_05,x9016,161013.05,6/28/1990,NA,SC,3.36,3.43,,,xLS001,tot_samp_wt_g,,245.1920676,xLSGS1,not previously published ,
ds_05,x9016,161013.06,6/28/1990,NA,SC,3.45,3.53,,,xLS001,tot_samp_wt_g,,255.4740926,xLSGS1,not previously published ,
ds_05,x9016,161013.07,6/28/1990,NA,SC,3.53,3.56,,,xLS001,tot_samp_wt_g,,93.53812147,xLSGS1,not previously published ,
ds_05,x9016,161013.08,6/28/1990,NA,SC,3.56,3.64,,,xLS001,tot_samp_wt_g,,255.9274573,xLSGS1,not previously published ,
ds_05,x9016,161013.09,6/28/1990,NA,SC,3.64,3.72,,,xLS001,tot_samp_wt_g,,237.9001115,xLSGS1,not previously published ,
ds_05,x9016,161013.1,6/28/1990,NA,SC,3.72,3.81,,,xLS001,tot_samp_wt_g,,269.3092851,xLSGS1,not previously published ,
ds_05,x9016,161418.01,6/28/1990,NA,SC,4.27,4.35,,,xLS001,tot_samp_wt_g,,425.8357981,xLSGS1,not previously published ,
ds_05,x9016,161418.02,6/28/1990,NA,SC,4.35,4.42,,,xLS001,tot_samp_wt_g,,425.7550481,xLSGS1,not previously published ,
ds_05,x9016,161418.03,6/28/1990,NA,SC,4.43,4.51,,,xLS001,tot_samp_wt_g,,425.6750981,xLSGS1,not previously published ,
ds_05,x9016,161418.04,6/28/1990,NA,SC,4.51,4.59,,,xLS001,tot_samp_wt_g,,425.5947981,xLSGS1,not previously published ,
ds_05,x9016,161418.05,6/28/1990,NA,SC,4.59,4.67,,,xLS001,tot_samp_wt_g,,425.5144481,xLSGS1,not previously published ,
ds_05,x9016,161418.06,6/28/1990,NA,SC,4.67,4.75,,,xLS001,tot_samp_wt_g,,425.4342481,xLSGS1,not previously published ,
ds_05,x9016,161418.07,6/28/1990,NA,SC,4.75,4.82,,,xLS001,tot_samp_wt_g,,425.3557481,xLSGS1,not previously published ,
ds_05,x9016,161418.08,6/28/1990,NA,SC,4.83,4.9,,,xLS001,tot_samp_wt_g,,425.2791481,xLSGS1,not previously published ,
ds_05,x9016,161418.09,6/28/1990,NA,SC,4.9,4.98,,,xLS001,tot_samp_wt_g,,425.2020481,xLSGS1,not previously published ,
ds_05,x9016,161418.1,6/28/1990,NA,SC,4.98,5.06,,,xLS001,tot_samp_wt_g,,425.1228981,xLSGS1,not previously published ,
ds_05,x9016,161418.11,6/28/1990,NA,SC,5.06,5.14,,,xLS001,tot_samp_wt_g,,425.0430481,xLSGS1,not previously published ,
ds_05,x9016,161418.12,6/28/1990,NA,SC,5.14,5.22,,,xLS001,tot_samp_wt_g,,424.9641481,xLSGS1,not previously published ,
ds_05,x9016,161418.13,6/28/1990,NA,SC,5.22,5.3,,,xLS001,tot_samp_wt_g,,424.8848981,xLSGS1,not previously published ,
ds_05,x9016,161418.14,6/28/1990,NA,SC,5.3,5.37,,,xLS001,tot_samp_wt_g,,424.8060481,xLSGS1,not previously published ,
ds_05,x9016,161924.01,6/28/1990,NA,SC,5.79,5.9,,,xLS001,tot_samp_wt_g,,424.2980296,xLSGS1,not previously published ,
ds_05,x9016,161924.02,6/28/1990,NA,SC,5.9,5.96,,,xLS001,tot_samp_wt_g,,424.2129796,xLSGS1,not previously published ,
ds_05,x9016,161924.03,6/28/1990,NA,SC,5.96,6.04,,,xLS001,tot_samp_wt_g,,424.1405296,xLSGS1,not previously published ,
ds_05,x9016,161924.04,6/28/1990,NA,SC,6.06,6.14,,,xLS001,tot_samp_wt_g,,424.0446296,xLSGS1,not previously published ,
ds_05,x9016,161924.05,6/28/1990,NA,SC,6.14,6.22,,,xLS001,tot_samp_wt_g,,423.9640296,xLSGS1,not previously published ,
ds_05,x9016,161924.06,6/28/1990,NA,SC,6.22,6.3,,,xLS001,tot_samp_wt_g,,423.8822796,xLSGS1,not previously published ,
ds_05,x9016,161924.07,6/28/1990,NA,SC,6.3,6.38,,,xLS001,tot_samp_wt_g,,423.8014296,xLSGS1,not previously published ,
ds_05,x9016,161924.08,6/28/1990,NA,SC,6.38,6.46,,,xLS001,tot_samp_wt_g,,423.7216796,xLSGS1,not previously published ,
ds_05,x9016,160510.06,6/28/1990,NA,SC,1.92,2,,,xLS001,tot_samp_wt_g,,242.9357546,xLSGS1,not previously published ,
ds_05,x9016,160510.07,6/28/1990,NA,SC,2,2.08,,,xLS001,tot_samp_wt_g,,228.6689305,xLSGS1,not previously published ,
ds_05,x9016,160510.08,6/28/1990,NA,SC,2.08,2.15,,,xLS001,tot_samp_wt_g,,233.9012394,xLSGS1,not previously published ,
ds_05,x9016,160510.09,6/28/1990,NA,SC,2.16,2.23,,,xLS001,tot_samp_wt_g,,231.3495714,xLSGS1,not previously published ,
ds_05,x9016,160510.1,6/28/1990,NA,SC,2.24,2.31,,,xLS001,tot_samp_wt_g,,246.8484072,xLSGS1,not previously published ,
ds_05,x9016,160510.11,6/28/1990,NA,SC,2.32,2.39,,,xLS001,tot_samp_wt_g,,232.2951351,xLSGS1,not previously published ,
ds_05,x9016,161924.09,6/28/1990,NA,SC,6.48,6.56,,,xLS001,tot_samp_wt_g,,423.6247296,xLSGS1,not previously published ,
ds_05,x9016,161924.1,6/28/1990,NA,SC,6.56,6.62,,,xLS001,tot_samp_wt_g,,423.5537296,xLSGS1,not previously published ,
ds_05,x9016,161924.11,6/28/1990,NA,SC,6.62,6.65,,,xLS001,tot_samp_wt_g,,423.5066796,xLSGS1,not previously published ,
ds_05,x9016,161924.12,6/28/1990,NA,SC,6.65,6.73,,,xLS001,tot_samp_wt_g,,423.4486796,xLSGS1,not previously published ,
ds_05,x9016,161924.13,6/28/1990,NA,SC,6.75,6.83,,,xLS001,tot_samp_wt_g,,423.3521296,xLSGS1,not previously published ,
ds_05,x9016,161924.14,6/28/1990,NA,SC,6.83,6.91,,,xLS001,tot_samp_wt_g,,423.2697296,xLSGS1,not previously published ,
ds_05,x9016,161924.15,6/28/1990,NA,SC,6.91,6.99,,,xLS001,tot_samp_wt_g,,423.1893796,xLSGS1,not previously published ,
ds_05,x9016,161924.16,6/28/1990,NA,SC,6.99,7.07,,,xLS001,tot_samp_wt_g,,423.1102796,xLSGS1,not previously published ,
ds_05,x9016,161924.17,6/28/1990,NA,SC,7.07,7.15,,,xLS001,tot_samp_wt_g,,423.0315296,xLSGS1,not previously published ,
ds_05,x9016,161924.18,6/28/1990,NA,SC,7.15,7.24,,,xLS001,tot_samp_wt_g,,422.9479796,xLSGS1,not previously published ,
ds_05,x9017,171419.13,6/29/1990,NA,SC,5.27,5.34,,,xLS001,tot_samp_wt_g,,224.5068828,xLSGS1,not previously published ,
ds_05,x9017,171419.14,6/29/1990,NA,SC,5.35,5.42,,,xLS001,tot_samp_wt_g,,207.4878057,xLSGS1,not previously published ,
ds_05,x9017,171419.15,6/29/1990,NA,SC,5.43,5.49,,,xLS001,tot_samp_wt_g,,171.1024876,xLSGS1,not previously published ,
ds_05,x9017,171419.16,6/29/1990,NA,SC,5.49,5.55,,,xLS001,tot_samp_wt_g,,153.3886671,xLSGS1,not previously published ,
ds_05,x9017,170914.01,6/29/1990,NA,SC,2.74,2.82,,,xLS001,tot_samp_wt_g,,214.0905407,xLSGS1,not previously published ,
ds_05,x9017,170914.02,6/29/1990,NA,SC,2.82,2.9,,,xLS001,tot_samp_wt_g,,219.6921325,xLSGS1,not previously published ,
ds_05,x9017,170914.03,6/29/1990,NA,SC,2.91,2.98,,,xLS001,tot_samp_wt_g,,206.3812041,xLSGS1,not previously published ,
ds_05,x9017,170914.04,6/29/1990,NA,SC,2.99,3.06,,,xLS001,tot_samp_wt_g,,205.571917,xLSGS1,not previously published ,
ds_05,x9017,170914.05,6/29/1990,NA,SC,3.06,3.14,,,xLS001,tot_samp_wt_g,,207.7026418,xLSGS1,not previously published ,
ds_05,x9017,170914.06,6/29/1990,NA,SC,3.14,3.21,,,xLS001,tot_samp_wt_g,,215.7427831,xLSGS1,not previously published ,
ds_05,x9017,170914.07,6/29/1990,NA,SC,3.22,3.29,,,xLS001,tot_samp_wt_g,,212.8679703,xLSGS1,not previously published ,
ds_05,x9017,170914.08,6/29/1990,NA,SC,3.3,3.37,,,xLS001,tot_samp_wt_g,,226.0492132,xLSGS1,not previously published ,
ds_05,x9017,170914.09,6/29/1990,NA,SC,3.37,3.45,,,xLS001,tot_samp_wt_g,,212.3723866,xLSGS1,not previously published ,
ds_05,x9017,170914.1,6/29/1990,NA,SC,3.45,3.53,,,xLS001,tot_samp_wt_g,,207.6041307,xLSGS1,not previously published ,
ds_05,x9017,170914.11,6/29/1990,NA,SC,3.53,3.6,,,xLS001,tot_samp_wt_g,,199.8552472,xLSGS1,not previously published ,
ds_05,x9017,170914.12,6/29/1990,NA,SC,3.61,3.69,,,xLS001,tot_samp_wt_g,,195.3889375,xLSGS1,not previously published ,
ds_05,x9017,170914.13,6/29/1990,NA,SC,3.69,3.76,,,xLS001,tot_samp_wt_g,,171.073629,xLSGS1,not previously published ,
ds_05,x9017,170914.14,6/29/1990,NA,SC,3.77,3.84,,,xLS001,tot_samp_wt_g,,164.8911248,xLSGS1,not previously published ,
ds_05,x9017,171419.01,6/29/1990,NA,SC,4.27,4.34,,,xLS001,tot_samp_wt_g,,212.233438,xLSGS1,not previously published ,
ds_05,x9017,171419.02,6/29/1990,NA,SC,4.35,4.42,,,xLS001,tot_samp_wt_g,,211.0593215,xLSGS1,not previously published ,
ds_05,x9017,171419.03,6/29/1990,NA,SC,4.43,4.51,,,xLS001,tot_samp_wt_g,,226.5754369,xLSGS1,not previously published ,
ds_05,x9017,171419.04,6/29/1990,NA,SC,4.51,4.59,,,xLS001,tot_samp_wt_g,,217.3724019,xLSGS1,not previously published ,
ds_05,x9017,171419.05,6/29/1990,NA,SC,4.59,4.67,,,xLS001,tot_samp_wt_g,,214.4993705,xLSGS1,not previously published ,
ds_05,x9017,171419.06,6/29/1990,NA,SC,4.67,4.75,,,xLS001,tot_samp_wt_g,,209.8681037,xLSGS1,not previously published ,
ds_05,x9017,171419.07,6/29/1990,NA,SC,4.76,4.83,,,xLS001,tot_samp_wt_g,,205.9219609,xLSGS1,not previously published ,
ds_05,x9017,171419.08,6/29/1990,NA,SC,4.84,4.92,,,xLS001,tot_samp_wt_g,,225.7406759,xLSGS1,not previously published ,
ds_05,x9017,171419.09,6/29/1990,NA,SC,4.92,5,,,xLS001,tot_samp_wt_g,,235.8996066,xLSGS1,not previously published ,
ds_05,x9017,171419.1,6/29/1990,NA,SC,5.01,5.09,,,xLS001,tot_samp_wt_g,,243.5155982,xLSGS1,not previously published ,
ds_05,x9017,171419.11,6/29/1990,NA,SC,5.09,5.18,,,xLS001,tot_samp_wt_g,,242.3197487,xLSGS1,not previously published ,
ds_05,x9017,171419.12,6/29/1990,NA,SC,5.18,5.26,,,xLS001,tot_samp_wt_g,,234.2888706,xLSGS1,not previously published ,
ds_05,x9017,171924.01,6/29/1990,NA,SC,5.79,5.87,,,xLS001,tot_samp_wt_g,,183.7024618,xLSGS1,not previously published ,
ds_05,x9017,171924.02,6/29/1990,NA,SC,5.87,5.95,,,xLS001,tot_samp_wt_g,,186.0360873,xLSGS1,not previously published ,
ds_05,x9017,171924.03,6/29/1990,NA,SC,5.95,6.03,,,xLS001,tot_samp_wt_g,,220.0982902,xLSGS1,not previously published ,
ds_05,x9017,171924.04,6/29/1990,NA,SC,6.03,6.11,,,xLS001,tot_samp_wt_g,,238.2863176,xLSGS1,not previously published ,
ds_05,x9017,171924.05,6/29/1990,NA,SC,6.11,6.19,,,xLS001,tot_samp_wt_g,,234.2927897,xLSGS1,not previously published ,
ds_05,x9017,171924.06,6/29/1990,NA,SC,6.19,6.27,,,xLS001,tot_samp_wt_g,,235.5810935,xLSGS1,not previously published ,
ds_05,x9017,171924.07,6/29/1990,NA,SC,6.27,6.35,,,xLS001,tot_samp_wt_g,,226.3060902,xLSGS1,not previously published ,
ds_05,x9017,171924.08,6/29/1990,NA,SC,6.36,6.43,,,xLS001,tot_samp_wt_g,,228.1366501,xLSGS1,not previously published ,
ds_05,x9017,171924.09,6/29/1990,NA,SC,6.44,6.52,,,xLS001,tot_samp_wt_g,,240.5914408,xLSGS1,not previously published ,
ds_05,x9017,171924.1,6/29/1990,NA,SC,6.52,6.59,,,xLS001,tot_samp_wt_g,,206.6101132,xLSGS1,not previously published ,
ds_05,x9017,171924.11,6/29/1990,NA,SC,6.6,6.67,,,xLS001,tot_samp_wt_g,,225.7381819,xLSGS1,not previously published ,
ds_05,x9017,171924.12,6/29/1990,NA,SC,6.68,6.76,,,xLS001,tot_samp_wt_g,,243.6705794,xLSGS1,not previously published ,
ds_05,x9017,171924.13,6/29/1990,NA,SC,6.76,6.84,,,xLS001,tot_samp_wt_g,,230.2490265,xLSGS1,not previously published ,
ds_05,x9017,171924.14,6/29/1990,NA,SC,6.84,6.9,,,xLS001,tot_samp_wt_g,,154.6819588,xLSGS1,not previously published ,
ds_05,x9018,181419.03,6/29/1990,NA,SC,4.43,4.51,,,xLS001,tot_samp_wt_g,,208.9095359,xLSGS1,not previously published ,
ds_05,x9018,181419.04,6/29/1990,NA,SC,4.51,4.58,,,xLS001,tot_samp_wt_g,,205.5813584,xLSGS1,not previously published ,
ds_05,x9018,181419.05,6/29/1990,NA,SC,4.59,4.66,,,xLS001,tot_samp_wt_g,,211.9053053,xLSGS1,not previously published ,
ds_05,x9018,181419.06,6/29/1990,NA,SC,4.67,4.74,,,xLS001,tot_samp_wt_g,,214.1163709,xLSGS1,not previously published ,
ds_05,x9018,181419.07,6/29/1990,NA,SC,4.75,4.82,,,xLS001,tot_samp_wt_g,,208.2979835,xLSGS1,not previously published ,
ds_05,x9018,181419.08,6/29/1990,NA,SC,4.82,4.9,,,xLS001,tot_samp_wt_g,,212.3900224,xLSGS1,not previously published ,
ds_05,x9018,181419.09,6/29/1990,NA,SC,4.9,4.97,,,xLS001,tot_samp_wt_g,,205.5109934,xLSGS1,not previously published ,
ds_05,x9018,181419.1,6/29/1990,NA,SC,4.98,5.06,,,xLS001,tot_samp_wt_g,,219.5047299,xLSGS1,not previously published ,
ds_05,x9018,180914.01,6/29/1990,NA,SC,2.74,2.82,,,xLS001,tot_samp_wt_g,,221.4842143,xLSGS1,not previously published ,
ds_05,x9018,180914.02,6/29/1990,NA,SC,2.83,2.9,,,xLS001,tot_samp_wt_g,,202.6627233,xLSGS1,not previously published ,
ds_05,x9018,180914.03,6/29/1990,NA,SC,2.9,2.98,,,xLS001,tot_samp_wt_g,,236.2484035,xLSGS1,not previously published ,
ds_05,x9018,180914.04,6/29/1990,NA,SC,2.98,3.06,,,xLS001,tot_samp_wt_g,,230.9282718,xLSGS1,not previously published ,
ds_05,x9018,180914.05,6/29/1990,NA,SC,3.06,3.13,,,xLS001,tot_samp_wt_g,,210.9276765,xLSGS1,not previously published ,
ds_05,x9018,180914.06,6/29/1990,NA,SC,3.14,3.21,,,xLS001,tot_samp_wt_g,,209.8103865,xLSGS1,not previously published ,
ds_05,x9018,180914.07,6/29/1990,NA,SC,3.21,3.29,,,xLS001,tot_samp_wt_g,,203.6982474,xLSGS1,not previously published ,
ds_05,x9018,180914.08,6/29/1990,NA,SC,3.29,3.37,,,xLS001,tot_samp_wt_g,,196.000668,xLSGS1,not previously published ,
ds_05,x9018,180914.09,6/29/1990,NA,SC,3.37,3.45,,,xLS001,tot_samp_wt_g,,208.9004508,xLSGS1,not previously published ,
ds_05,x9018,180914.1,6/29/1990,NA,SC,3.45,3.53,,,xLS001,tot_samp_wt_g,,221.2234183,xLSGS1,not previously published ,
ds_05,x9018,180914.11,6/29/1990,NA,SC,3.53,3.61,,,xLS001,tot_samp_wt_g,,211.6331084,xLSGS1,not previously published ,
ds_05,x9018,180914.12,6/29/1990,NA,SC,3.61,3.69,,,xLS001,tot_samp_wt_g,,211.0005355,xLSGS1,not previously published ,
ds_05,x9018,180914.13,6/29/1990,NA,SC,3.69,3.77,,,xLS001,tot_samp_wt_g,,209.4339781,xLSGS1,not previously published ,
ds_05,x9018,180914.14,6/29/1990,NA,SC,3.77,3.85,,,xLS001,tot_samp_wt_g,,209.828913,xLSGS1,not previously published ,
ds_05,x9018,180914.15,6/29/1990,NA,SC,3.85,3.93,,,xLS001,tot_samp_wt_g,,209.1712226,xLSGS1,not previously published ,
ds_05,x9018,180914.16,6/29/1990,NA,SC,3.93,4.01,,,xLS001,tot_samp_wt_g,,215.365484,xLSGS1,not previously published ,
ds_05,x9018,181419.01,6/29/1990,NA,SC,4.27,4.34,,,xLS001,tot_samp_wt_g,,197.0406455,xLSGS1,not previously published ,
ds_05,x9018,181419.02,6/29/1990,NA,SC,4.35,4.42,,,xLS001,tot_samp_wt_g,,208.908467,xLSGS1,not previously published ,
ds_05,x9018,181924.02,6/29/1990,NA,SC,5.87,5.95,,,xLS001,tot_samp_wt_g,,177.2128454,xLSGS1,not previously published ,
ds_05,x9018,181924.03,6/29/1990,NA,SC,5.95,6.03,,,xLS001,tot_samp_wt_g,,211.3746282,xLSGS1,not previously published ,
ds_05,x9018,181924.05,6/29/1990,NA,SC,6.12,6.2,,,xLS001,tot_samp_wt_g,,221.5857537,xLSGS1,not previously published ,
ds_05,x9018,181419.14,6/29/1990,NA,SC,5.31,5.4,,,xLS001,tot_samp_wt_g,,232.9752711,xLSGS1,not previously published ,
ds_05,x9018,181924.06,6/29/1990,NA,SC,6.2,6.26,,,xLS001,tot_samp_wt_g,,174.1543709,xLSGS1,not previously published ,
ds_05,x9018,181924.07,6/29/1990,NA,SC,6.26,6.34,,,xLS001,tot_samp_wt_g,,221.0214083,xLSGS1,not previously published ,
ds_05,x9018,181924.08,6/29/1990,NA,SC,6.35,6.4,,,xLS001,tot_samp_wt_g,,154.6840964,xLSGS1,not previously published ,
ds_05,x9018,181924.04,6/29/1990,NA,SC,6.03,6.11,,,xLS001,tot_samp_wt_g,,205.960439,xLSGS1,not previously published ,
ds_05,x9018,181419.11,6/29/1990,NA,SC,5.06,5.14,,,xLS001,tot_samp_wt_g,,200.7890537,xLSGS1,not previously published ,
ds_05,x9018,181419.12,6/29/1990,NA,SC,5.14,5.22,,,xLS001,tot_samp_wt_g,,215.8521607,xLSGS1,not previously published ,
ds_05,x9018,181419.13,6/29/1990,NA,SC,5.23,5.3,,,xLS001,tot_samp_wt_g,,200.1345697,xLSGS1,not previously published ,
ds_05,x9018,181924.01,6/29/1990,NA,SC,5.79,5.87,,,xLS001,tot_samp_wt_g,,208.0607019,xLSGS1,not previously published ,
ds_05,x9013,132530.03,6/27/1990,NA,SC,7.77,7.85,,,xLS018,porosity,,0.391,xLSGS2,not previously published ,
ds_05,x9013,132530.04,6/27/1990,NA,SC,7.85,7.93,,,xLS018,porosity,,0.479,xLSGS2,not previously published ,
ds_05,x9013,132530.01,6/27/1990,NA,SC,7.62,7.69,,,xLS018,porosity,,0.407,xLSGS2,not previously published ,
ds_05,x9013,132530.02,6/27/1990,NA,SC,7.69,7.77,,,xLS018,porosity,,0.401,xLSGS2,not previously published ,
ds_05,x9013,133035.03,6/27/1990,NA,SC,9.31,9.38,,,xLS018,porosity,,0.31,xLSGS2,not previously published ,
ds_05,x9013,133035.04,6/27/1990,NA,SC,9.39,9.46,,,xLS018,porosity,,0.331,xLSGS2,not previously published ,
ds_05,x9013,132530.05,6/27/1990,NA,SC,7.94,8.01,,,xLS018,porosity,,0.404,xLSGS2,not previously published ,
ds_05,x9013,132530.06,6/27/1990,NA,SC,8.02,8.09,,,xLS018,porosity,,0.405,xLSGS2,not previously published ,
ds_05,x9013,132530.07,6/27/1990,NA,SC,8.1,8.17,,,xLS018,porosity,,0.432,xLSGS2,not previously published ,
ds_05,x9013,132530.08,6/27/1990,NA,SC,8.18,8.25,,,xLS018,porosity,,0.388,xLSGS2,not previously published ,
ds_05,x9013,132530.09,6/27/1990,NA,SC,8.26,8.33,,,xLS018,porosity,,0.389,xLSGS2,not previously published ,
ds_05,x9013,132530.1,6/27/1990,NA,SC,8.34,8.42,,,xLS018,porosity,,0.397,xLSGS2,not previously published ,
ds_05,x9013,132530.11,6/27/1990,NA,SC,8.42,8.5,,,xLS018,porosity,,0.395,xLSGS2,not previously published ,
ds_05,x9013,132530.12,6/27/1990,NA,SC,8.5,8.54,,,xLS018,porosity,,0.442,xLSGS2,not previously published ,
ds_05,x9013,132530.14,6/27/1990,NA,SC,8.58,8.66,,,xLS018,porosity,,0.438,xLSGS2,not previously published ,
ds_05,x9013,133035.01,6/27/1990,NA,SC,9.14,9.22,,,xLS018,porosity,,0.352,xLSGS2,not previously published ,
ds_05,x9013,133035.02,6/27/1990,NA,SC,9.22,9.3,,,xLS018,porosity,,0.315,xLSGS2,not previously published ,
ds_05,x9014,142025.07,6/27/1990,NA,SC,6.59,6.67,,,xLS018,porosity,,0.419,xLSGS2,not previously published ,
ds_05,x9014,142025.08,6/27/1990,NA,SC,6.67,6.76,,,xLS018,porosity,,0.388,xLSGS2,not previously published ,
ds_05,x9014,142025.09,6/27/1990,NA,SC,6.76,6.84,,,xLS018,porosity,,0.384,xLSGS2,not previously published ,
ds_05,x9014,142025.1,6/27/1990,NA,SC,6.84,6.92,,,xLS018,porosity,,0.411,xLSGS2,not previously published ,
ds_05,x9014,142025.11,6/27/1990,NA,SC,6.93,6.98,,,xLS018,porosity,,0.453,xLSGS2,not previously published ,
ds_05,x9014,142530.01,6/27/1990,NA,SC,7.62,7.69,,,xLS018,porosity,,0.483,xLSGS2,not previously published ,
ds_05,x9014,142530.02,6/27/1990,NA,SC,7.7,7.78,,,xLS018,porosity,,0.461,xLSGS2,not previously published ,
ds_05,x9014,142530.03,6/27/1990,NA,SC,7.78,7.85,,,xLS018,porosity,,0.428,xLSGS2,not previously published ,
ds_05,x9014,142530.04,6/27/1990,NA,SC,7.86,7.93,,,xLS018,porosity,,0.409,xLSGS2,not previously published ,
ds_05,x9014,142530.05,6/27/1990,NA,SC,7.94,8.01,,,xLS018,porosity,,0.421,xLSGS2,not previously published ,
ds_05,x9014,142530.06,6/27/1990,NA,SC,8.02,8.07,,,xLS018,porosity,,0.402,xLSGS2,not previously published ,
ds_05,x9014,142530.07,6/27/1990,NA,SC,8.09,8.16,,,xLS018,porosity,,0.397,xLSGS2,not previously published ,
ds_05,x9014,142530.08,6/27/1990,NA,SC,8.17,8.24,,,xLS018,porosity,,0.386,xLSGS2,not previously published ,
ds_05,x9014,142530.09,6/27/1990,NA,SC,8.25,8.32,,,xLS018,porosity,,0.383,xLSGS2,not previously published ,
ds_05,x9014,142530.1,6/27/1990,NA,SC,8.33,8.4,,,xLS018,porosity,,0.385,xLSGS2,not previously published ,
ds_05,x9014,142530.11,6/27/1990,NA,SC,8.41,8.48,,,xLS018,porosity,,0.383,xLSGS2,not previously published ,
ds_05,x9014,142530.12,6/27/1990,NA,SC,8.48,8.56,,,xLS018,porosity,,0.398,xLSGS2,not previously published ,
ds_05,x9014,142530.13,6/27/1990,NA,SC,8.56,8.64,,,xLS018,porosity,,0.39,xLSGS2,not previously published ,
ds_05,x9014,142530.14,6/27/1990,NA,SC,8.64,8.72,,,xLS018,porosity,,0.364,xLSGS2,not previously published ,
ds_05,x9014,142530.15,6/27/1990,NA,SC,8.73,8.78,,,xLS018,porosity,,0.367,xLSGS2,not previously published ,
ds_05,x9014,143035.01,6/27/1990,NA,SC,9.14,9.22,,,xLS018,porosity,,0.29,xLSGS2,not previously published ,
ds_05,x9014,143035.02,6/27/1990,NA,SC,9.22,9.3,,,xLS018,porosity,,0.28,xLSGS2,not previously published ,
ds_05,x9014,143035.03,6/27/1990,NA,SC,9.3,9.38,,,xLS018,porosity,,0.298,xLSGS2,not previously published ,
ds_05,x9014,143035.04,6/27/1990,NA,SC,9.38,9.46,,,xLS018,porosity,,0.256,xLSGS2,not previously published ,
ds_05,x9014,143035.05,6/27/1990,NA,SC,9.46,9.54,,,xLS018,porosity,,0.269,xLSGS2,not previously published ,
ds_05,x9014,143035.06,6/27/1990,NA,SC,9.54,9.61,,,xLS018,porosity,,0.303,xLSGS2,not previously published ,
ds_05,x9014,143035.07,6/27/1990,NA,SC,9.62,9.69,,,xLS018,porosity,,0.312,xLSGS2,not previously published ,
ds_05,x9014,143035.08,6/27/1990,NA,SC,9.7,9.77,,,xLS018,porosity,,0.272,xLSGS2,not previously published ,
ds_05,x9014,143035.09,6/27/1990,NA,SC,9.77,9.85,,,xLS018,porosity,,0.335,xLSGS2,not previously published ,
ds_05,x9014,143035.1,6/27/1990,NA,SC,9.85,9.92,,,xLS018,porosity,,0.358,xLSGS2,not previously published ,
ds_05,x9014,143035.11,6/27/1990,NA,SC,9.93,10.01,,,xLS018,porosity,,0.32,xLSGS2,not previously published ,
ds_05,x9014,143035.12,6/27/1990,NA,SC,10.02,10.1,,,xLS018,porosity,,0.342,xLSGS2,not previously published ,
ds_05,x9014,143035.13,6/27/1990,NA,SC,10.1,10.19,,,xLS018,porosity,,0.338,xLSGS2,not previously published ,
ds_05,x9014,143035.14,6/27/1990,NA,SC,10.19,10.27,,,xLS018,porosity,,0.35,xLSGS2,not previously published ,
ds_05,x9014,142025.01,6/27/1990,NA,SC,6.1,6.18,,,xLS018,porosity,,0.45,xLSGS2,not previously published ,
ds_05,x9014,142025.02,6/27/1990,NA,SC,6.18,6.26,,,xLS018,porosity,,0.417,xLSGS2,not previously published ,
ds_05,x9014,142025.03,6/27/1990,NA,SC,6.26,6.34,,,xLS018,porosity,,0.4,xLSGS2,not previously published ,
ds_05,x9014,142025.04,6/27/1990,NA,SC,6.34,6.42,,,xLS018,porosity,,0.391,xLSGS2,not previously published ,
ds_05,x9014,142025.05,6/27/1990,NA,SC,6.43,6.5,,,xLS018,porosity,,0.379,xLSGS2,not previously published ,
ds_05,x9014,142025.06,6/27/1990,NA,SC,6.51,6.59,,,xLS018,porosity,,0.38,xLSGS2,not previously published ,
ds_05,x9014,143035.15,6/27/1990,NA,SC,10.27,10.35,,,xLS018,porosity,,0.361,xLSGS2,not previously published ,
ds_05,x9014,143035.16,6/27/1990,NA,SC,10.35,10.44,,,xLS018,porosity,,0.355,xLSGS2,not previously published ,
ds_05,x9014,143035.17,6/27/1990,NA,SC,10.44,10.52,,,xLS018,porosity,,0.351,xLSGS2,not previously published ,
ds_05,x9015,150105.04,6/27/1990,NA,SC,0.56,0.63,,,xLS018,porosity,,0.367,xLSGS2,not previously published ,
ds_05,x9015,150105.05,6/27/1990,NA,SC,0.65,0.73,,,xLS018,porosity,,0.369,xLSGS2,not previously published ,
ds_05,x9015,150105.06,6/27/1990,NA,SC,0.74,0.82,,,xLS018,porosity,,0.377,xLSGS2,not previously published ,
ds_05,x9015,150105.07,6/27/1990,NA,SC,0.82,0.9,,,xLS018,porosity,,0.378,xLSGS2,not previously published ,
ds_05,x9015,150105.08,6/27/1990,NA,SC,0.9,0.98,,,xLS018,porosity,,0.379,xLSGS2,not previously published ,
ds_05,x9015,150105.09,6/27/1990,NA,SC,0.98,1.06,,,xLS018,porosity,,0.355,xLSGS2,not previously published ,
ds_05,x9015,150105.1,6/27/1990,NA,SC,1.06,1.14,,,xLS018,porosity,,0.356,xLSGS2,not previously published ,
ds_05,x9015,150105.11,6/27/1990,NA,SC,1.14,1.21,,,xLS018,porosity,,0.362,xLSGS2,not previously published ,
ds_05,x9015,150510.01,6/27/1990,NA,SC,1.52,1.6,,,xLS018,porosity,,0.451,xLSGS2,not previously published ,
ds_05,x9015,150510.02,6/27/1990,NA,SC,1.61,1.68,,,xLS018,porosity,,0.374,xLSGS2,not previously published ,
ds_05,x9015,150510.03,6/27/1990,NA,SC,1.69,1.76,,,xLS018,porosity,,0.348,xLSGS2,not previously published ,
ds_05,x9015,150510.04,6/27/1990,NA,SC,1.77,1.85,,,xLS018,porosity,,0.37,xLSGS2,not previously published ,
ds_05,x9015,150510.05,6/27/1990,NA,SC,1.85,1.93,,,xLS018,porosity,,0.363,xLSGS2,not previously published ,
ds_05,x9015,150510.06,6/27/1990,NA,SC,1.93,2.01,,,xLS018,porosity,,0.342,xLSGS2,not previously published ,
ds_05,x9015,150510.07,6/27/1990,NA,SC,2.01,2.09,,,xLS018,porosity,,0.336,xLSGS2,not previously published ,
ds_05,x9015,150510.08,6/27/1990,NA,SC,2.1,2.17,,,xLS018,porosity,,0.32,xLSGS2,not previously published ,
ds_05,x9015,150510.09,6/27/1990,NA,SC,2.18,2.23,,,xLS018,porosity,,0.35,xLSGS2,not previously published ,
ds_05,x9015,150510.1,6/27/1990,NA,SC,2.24,2.32,,,xLS018,porosity,,0.292,xLSGS2,not previously published ,
ds_05,x9015,150510.11,6/27/1990,NA,SC,2.33,2.44,,,xLS018,porosity,,0.316,xLSGS2,not previously published ,
ds_05,x9015,151015.01,6/27/1990,NA,SC,3.05,3.12,,,xLS018,porosity,,0.384,xLSGS2,not previously published ,
ds_05,x9015,151015.02,6/27/1990,NA,SC,3.13,3.21,,,xLS018,porosity,,0.334,xLSGS2,not previously published ,
ds_05,x9015,151015.03,6/27/1990,NA,SC,3.21,3.28,,,xLS018,porosity,,0.346,xLSGS2,not previously published ,
ds_05,x9015,151015.04,6/27/1990,NA,SC,3.29,3.37,,,xLS018,porosity,,0.356,xLSGS2,not previously published ,
ds_05,x9015,151015.05,6/27/1990,NA,SC,3.37,3.45,,,xLS018,porosity,,0.331,xLSGS2,not previously published ,
ds_05,x9015,151015.06,6/27/1990,NA,SC,3.45,3.53,,,xLS018,porosity,,0.281,xLSGS2,not previously published ,
ds_05,x9015,151015.07,6/27/1990,NA,SC,3.54,3.61,,,xLS018,porosity,,0.348,xLSGS2,not previously published ,
ds_05,x9015,151015.08,6/27/1990,NA,SC,3.62,3.69,,,xLS018,porosity,,0.427,xLSGS2,not previously published ,
ds_05,x9015,151015.09,6/27/1990,NA,SC,3.7,3.77,,,xLS018,porosity,,0.401,xLSGS2,not previously published ,
ds_05,x9015,151015.1,6/27/1990,NA,SC,3.78,3.85,,,xLS018,porosity,,0.362,xLSGS2,not previously published ,
ds_05,x9015,151015.11,6/27/1990,NA,SC,3.85,3.93,,,xLS018,porosity,,0.395,xLSGS2,not previously published ,
ds_05,x9015,151015.12,6/27/1990,NA,SC,3.94,4.01,,,xLS018,porosity,,0.424,xLSGS2,not previously published ,
ds_05,x9015,151015.13,6/27/1990,NA,SC,4.03,4.11,,,xLS018,porosity,,0.379,xLSGS2,not previously published ,
ds_05,x9015,151015.14,6/27/1990,NA,SC,4.11,4.15,,,xLS018,porosity,,0.378,xLSGS2,not previously published ,
ds_05,x9015,151520.01,6/27/1990,NA,SC,4.57,4.65,,,xLS018,porosity,,0.402,xLSGS2,not previously published ,
ds_05,x9015,150105.01,6/27/1990,NA,SC,0.3,0.38,,,xLS018,porosity,,0.384,xLSGS2,not previously published ,
ds_05,x9015,150105.02,6/27/1990,NA,SC,0.38,0.47,,,xLS018,porosity,,0.345,xLSGS2,not previously published ,
ds_05,x9015,150105.03,6/27/1990,NA,SC,0.47,0.55,,,xLS018,porosity,,0.364,xLSGS2,not previously published ,
ds_05,x9015,151520.13,6/27/1990,NA,SC,5.53,5.6,,,xLS018,porosity,,0.407,xLSGS2,not previously published ,
ds_05,x9015,151520.14,6/27/1990,NA,SC,5.61,5.68,,,xLS018,porosity,,0.409,xLSGS2,not previously published ,
ds_05,x9015,151520.15,6/27/1990,NA,SC,5.68,5.76,,,xLS018,porosity,,0.41,xLSGS2,not previously published ,
ds_05,x9015,151520.16,6/27/1990,NA,SC,5.76,5.86,,,xLS018,porosity,,0.395,xLSGS2,not previously published ,
ds_05,x9015,152025.01,6/27/1990,NA,SC,6.1,6.17,,,xLS018,porosity,,0.422,xLSGS2,not previously published ,
ds_05,x9015,152025.02,6/27/1990,NA,SC,6.18,6.25,,,xLS018,porosity,,0.384,xLSGS2,not previously published ,
ds_05,x9015,152025.03,6/27/1990,NA,SC,6.26,6.33,,,xLS018,porosity,,0.386,xLSGS2,not previously published ,
ds_05,x9015,152025.04,6/27/1990,NA,SC,6.34,6.42,,,xLS018,porosity,,0.405,xLSGS2,not previously published ,
ds_05,x9015,152025.05,6/27/1990,NA,SC,6.42,6.49,,,xLS018,porosity,,0.415,xLSGS2,not previously published ,
ds_05,x9015,152025.06,6/27/1990,NA,SC,6.51,6.59,,,xLS018,porosity,,0.388,xLSGS2,not previously published ,
ds_05,x9015,152025.07,6/27/1990,NA,SC,6.59,6.67,,,xLS018,porosity,,0.369,xLSGS2,not previously published ,
ds_05,x9015,152025.08,6/27/1990,NA,SC,6.67,6.75,,,xLS018,porosity,,0.378,xLSGS2,not previously published ,
ds_05,x9015,152025.09,6/27/1990,NA,SC,6.75,6.83,,,xLS018,porosity,,0.465,xLSGS2,not previously published ,
ds_05,x9015,152025.1,6/27/1990,NA,SC,6.83,6.91,,,xLS018,porosity,,0.381,xLSGS2,not previously published ,
ds_05,x9015,152025.11,6/27/1990,NA,SC,6.91,6.99,,,xLS018,porosity,,0.352,xLSGS2,not previously published ,
ds_05,x9015,152025.12,6/27/1990,NA,SC,7,7.07,,,xLS018,porosity,,0.348,xLSGS2,not previously published ,
ds_05,x9015,152025.13,6/27/1990,NA,SC,7.09,7.17,,,xLS018,porosity,,0.359,xLSGS2,not previously published ,
ds_05,x9015,152530.01,6/27/1990,NA,SC,7.62,7.7,,,xLS018,porosity,,0.372,xLSGS2,not previously published ,
ds_05,x9015,152530.02,6/27/1990,NA,SC,7.7,7.78,,,xLS018,porosity,,0.357,xLSGS2,not previously published ,
ds_05,x9015,152530.03,6/27/1990,NA,SC,7.78,7.85,,,xLS018,porosity,,0.365,xLSGS2,not previously published ,
ds_05,x9015,152530.04,6/27/1990,NA,SC,7.86,7.93,,,xLS018,porosity,,0.384,xLSGS2,not previously published ,
ds_05,x9015,152530.05,6/27/1990,NA,SC,7.94,8.01,,,xLS018,porosity,,0.382,xLSGS2,not previously published ,
ds_05,x9015,152530.06,6/27/1990,NA,SC,8.01,8.09,,,xLS018,porosity,,0.361,xLSGS2,not previously published ,
ds_05,x9015,152530.07,6/27/1990,NA,SC,8.09,8.17,,,xLS018,porosity,,0.365,xLSGS2,not previously published ,
ds_05,x9015,151520.02,6/27/1990,NA,SC,4.66,4.73,,,xLS018,porosity,,0.408,xLSGS2,not previously published ,
ds_05,x9015,151520.03,6/27/1990,NA,SC,4.73,4.81,,,xLS018,porosity,,0.394,xLSGS2,not previously published ,
ds_05,x9015,151520.04,6/27/1990,NA,SC,4.81,4.89,,,xLS018,porosity,,0.372,xLSGS2,not previously published ,
ds_05,x9015,151520.05,6/27/1990,NA,SC,4.89,4.97,,,xLS018,porosity,,0.401,xLSGS2,not previously published ,
ds_05,x9015,151520.06,6/27/1990,NA,SC,4.97,5.05,,,xLS018,porosity,,0.403,xLSGS2,not previously published ,
ds_05,x9015,151520.07,6/27/1990,NA,SC,5.05,5.12,,,xLS018,porosity,,0.404,xLSGS2,not previously published ,
ds_05,x9015,151520.08,6/27/1990,NA,SC,5.13,5.2,,,xLS018,porosity,,0.403,xLSGS2,not previously published ,
ds_05,x9015,151520.09,6/27/1990,NA,SC,5.21,5.28,,,xLS018,porosity,,0.406,xLSGS2,not previously published ,
ds_05,x9015,151520.1,6/27/1990,NA,SC,5.28,5.36,,,xLS018,porosity,,0.408,xLSGS2,not previously published ,
ds_05,x9015,151520.11,6/27/1990,NA,SC,5.36,5.44,,,xLS018,porosity,,0.406,xLSGS2,not previously published ,
ds_05,x9015,151520.12,6/27/1990,NA,SC,5.44,5.52,,,xLS018,porosity,,0.405,xLSGS2,not previously published ,
ds_05,x9016,160510.01,6/28/1990,NA,SC,1.52,1.6,,,xLS018,porosity,,0.42,xLSGS2,not previously published ,
ds_05,x9016,160510.02,6/28/1990,NA,SC,1.6,1.68,,,xLS018,porosity,,0.347,xLSGS2,not previously published ,
ds_05,x9016,160510.03,6/28/1990,NA,SC,1.69,1.76,,,xLS018,porosity,,0.336,xLSGS2,not previously published ,
ds_05,x9016,160510.04,6/28/1990,NA,SC,1.77,1.84,,,xLS018,porosity,,0.322,xLSGS2,not previously published ,
ds_05,x9016,160510.05,6/28/1990,NA,SC,1.85,1.92,,,xLS018,porosity,,0.332,xLSGS2,not previously published ,
ds_05,x9016,160510.12,6/28/1990,NA,SC,2.4,2.47,,,xLS018,porosity,,0.342,xLSGS2,not previously published ,
ds_05,x9016,160510.13,6/28/1990,NA,SC,2.48,2.58,,,xLS018,porosity,,0.337,xLSGS2,not previously published ,
ds_05,x9016,161013.01,6/28/1990,NA,SC,3.05,3.12,,,xLS018,porosity,,0.3,xLSGS2,not previously published ,
ds_05,x9016,161013.02,6/28/1990,NA,SC,3.13,3.2,,,xLS018,porosity,,0.299,xLSGS2,not previously published ,
ds_05,x9016,161013.03,6/28/1990,NA,SC,3.21,3.28,,,xLS018,porosity,,0.293,xLSGS2,not previously published ,
ds_05,x9016,161013.04,6/28/1990,NA,SC,3.29,3.36,,,xLS018,porosity,,0.299,xLSGS2,not previously published ,
ds_05,x9016,161013.05,6/28/1990,NA,SC,3.36,3.43,,,xLS018,porosity,,0.278,xLSGS2,not previously published ,
ds_05,x9016,161013.06,6/28/1990,NA,SC,3.45,3.53,,,xLS018,porosity,,0.275,xLSGS2,not previously published ,
ds_05,x9016,161013.07,6/28/1990,NA,SC,3.53,3.56,,,xLS018,porosity,,0.257,xLSGS2,not previously published ,
ds_05,x9016,161013.08,6/28/1990,NA,SC,3.56,3.64,,,xLS018,porosity,,0.293,xLSGS2,not previously published ,
ds_05,x9016,161013.09,6/28/1990,NA,SC,3.64,3.72,,,xLS018,porosity,,0.341,xLSGS2,not previously published ,
ds_05,x9016,161013.1,6/28/1990,NA,SC,3.72,3.81,,,xLS018,porosity,,0.293,xLSGS2,not previously published ,
ds_05,x9016,161418.01,6/28/1990,NA,SC,4.27,4.35,,,xLS018,porosity,,0.407,xLSGS2,not previously published ,
ds_05,x9016,161418.02,6/28/1990,NA,SC,4.35,4.42,,,xLS018,porosity,,0.402,xLSGS2,not previously published ,
ds_05,x9016,161418.03,6/28/1990,NA,SC,4.43,4.51,,,xLS018,porosity,,0.397,xLSGS2,not previously published ,
ds_05,x9016,161418.04,6/28/1990,NA,SC,4.51,4.59,,,xLS018,porosity,,0.397,xLSGS2,not previously published ,
ds_05,x9016,161418.05,6/28/1990,NA,SC,4.59,4.67,,,xLS018,porosity,,0.399,xLSGS2,not previously published ,
ds_05,x9016,161418.06,6/28/1990,NA,SC,4.67,4.75,,,xLS018,porosity,,0.396,xLSGS2,not previously published ,
ds_05,x9016,161418.07,6/28/1990,NA,SC,4.75,4.82,,,xLS018,porosity,,0.389,xLSGS2,not previously published ,
ds_05,x9016,161418.08,6/28/1990,NA,SC,4.83,4.9,,,xLS018,porosity,,0.4,xLSGS2,not previously published ,
ds_05,x9016,161418.09,6/28/1990,NA,SC,4.9,4.98,,,xLS018,porosity,,0.398,xLSGS2,not previously published ,
ds_05,x9016,161418.1,6/28/1990,NA,SC,4.98,5.06,,,xLS018,porosity,,0.388,xLSGS2,not previously published ,
ds_05,x9016,161418.11,6/28/1990,NA,SC,5.06,5.14,,,xLS018,porosity,,0.378,xLSGS2,not previously published ,
ds_05,x9016,161418.12,6/28/1990,NA,SC,5.14,5.22,,,xLS018,porosity,,0.389,xLSGS2,not previously published ,
ds_05,x9016,161418.13,6/28/1990,NA,SC,5.22,5.3,,,xLS018,porosity,,0.393,xLSGS2,not previously published ,
ds_05,x9016,161418.14,6/28/1990,NA,SC,5.3,5.37,,,xLS018,porosity,,0.433,xLSGS2,not previously published ,
ds_05,x9016,161924.01,6/28/1990,NA,SC,5.79,5.9,,,xLS018,porosity,,0.379,xLSGS2,not previously published ,
ds_05,x9016,161924.02,6/28/1990,NA,SC,5.9,5.96,,,xLS018,porosity,,0.364,xLSGS2,not previously published ,
ds_05,x9016,161924.03,6/28/1990,NA,SC,5.96,6.04,,,xLS018,porosity,,0.36,xLSGS2,not previously published ,
ds_05,x9016,161924.04,6/28/1990,NA,SC,6.06,6.14,,,xLS018,porosity,,0.373,xLSGS2,not previously published ,
ds_05,x9016,161924.05,6/28/1990,NA,SC,6.14,6.22,,,xLS018,porosity,,0.422,xLSGS2,not previously published ,
ds_05,x9016,161924.06,6/28/1990,NA,SC,6.22,6.3,,,xLS018,porosity,,0.404,xLSGS2,not previously published ,
ds_05,x9016,161924.07,6/28/1990,NA,SC,6.3,6.38,,,xLS018,porosity,,0.392,xLSGS2,not previously published ,
ds_05,x9016,161924.08,6/28/1990,NA,SC,6.38,6.46,,,xLS018,porosity,,0.391,xLSGS2,not previously published ,
ds_05,x9016,160510.06,6/28/1990,NA,SC,1.92,2,,,xLS018,porosity,,0.328,xLSGS2,not previously published ,
ds_05,x9016,160510.07,6/28/1990,NA,SC,2,2.08,,,xLS018,porosity,,0.332,xLSGS2,not previously published ,
ds_05,x9016,160510.08,6/28/1990,NA,SC,2.08,2.15,,,xLS018,porosity,,0.328,xLSGS2,not previously published ,
ds_05,x9016,160510.09,6/28/1990,NA,SC,2.16,2.23,,,xLS018,porosity,,0.339,xLSGS2,not previously published ,
ds_05,x9016,160510.1,6/28/1990,NA,SC,2.24,2.31,,,xLS018,porosity,,0.332,xLSGS2,not previously published ,
ds_05,x9016,160510.11,6/28/1990,NA,SC,2.32,2.39,,,xLS018,porosity,,0.342,xLSGS2,not previously published ,
ds_05,x9016,161924.09,6/28/1990,NA,SC,6.48,6.56,,,xLS018,porosity,,0.374,xLSGS2,not previously published ,
ds_05,x9016,161924.1,6/28/1990,NA,SC,6.56,6.62,,,xLS018,porosity,,0.336,xLSGS2,not previously published ,
ds_05,x9016,161924.11,6/28/1990,NA,SC,6.62,6.65,,,xLS018,porosity,,0.339,xLSGS2,not previously published ,
ds_05,x9016,161924.12,6/28/1990,NA,SC,6.65,6.73,,,xLS018,porosity,,0.396,xLSGS2,not previously published ,
ds_05,x9016,161924.13,6/28/1990,NA,SC,6.75,6.83,,,xLS018,porosity,,0.357,xLSGS2,not previously published ,
ds_05,x9016,161924.14,6/28/1990,NA,SC,6.83,6.91,,,xLS018,porosity,,0.36,xLSGS2,not previously published ,
ds_05,x9016,161924.15,6/28/1990,NA,SC,6.91,6.99,,,xLS018,porosity,,0.359,xLSGS2,not previously published ,
ds_05,x9016,161924.16,6/28/1990,NA,SC,6.99,7.07,,,xLS018,porosity,,0.35,xLSGS2,not previously published ,
ds_05,x9016,161924.17,6/28/1990,NA,SC,7.07,7.15,,,xLS018,porosity,,0.367,xLSGS2,not previously published ,
ds_05,x9016,161924.18,6/28/1990,NA,SC,7.15,7.24,,,xLS018,porosity,,0.328,xLSGS2,not previously published ,
ds_05,x9017,171419.13,6/29/1990,NA,SC,5.27,5.34,,,xLS018,porosity,,0.382,xLSGS2,not previously published ,
ds_05,x9017,171419.14,6/29/1990,NA,SC,5.35,5.42,,,xLS018,porosity,,0.415,xLSGS2,not previously published ,
ds_05,x9017,171419.15,6/29/1990,NA,SC,5.43,5.49,,,xLS018,porosity,,0.391,xLSGS2,not previously published ,
ds_05,x9017,171419.16,6/29/1990,NA,SC,5.49,5.55,,,xLS018,porosity,,0.426,xLSGS2,not previously published ,
ds_05,x9017,170914.01,6/29/1990,NA,SC,2.74,2.82,,,xLS018,porosity,,0.408,xLSGS2,not previously published ,
ds_05,x9017,170914.02,6/29/1990,NA,SC,2.82,2.9,,,xLS018,porosity,,0.423,xLSGS2,not previously published ,
ds_05,x9017,170914.03,6/29/1990,NA,SC,2.91,2.98,,,xLS018,porosity,,0.415,xLSGS2,not previously published ,
ds_05,x9017,170914.04,6/29/1990,NA,SC,2.99,3.06,,,xLS018,porosity,,0.395,xLSGS2,not previously published ,
ds_05,x9017,170914.05,6/29/1990,NA,SC,3.06,3.14,,,xLS018,porosity,,0.395,xLSGS2,not previously published ,
ds_05,x9017,170914.06,6/29/1990,NA,SC,3.14,3.21,,,xLS018,porosity,,0.386,xLSGS2,not previously published ,
ds_05,x9017,170914.07,6/29/1990,NA,SC,3.22,3.29,,,xLS018,porosity,,0.387,xLSGS2,not previously published ,
ds_05,x9017,170914.08,6/29/1990,NA,SC,3.3,3.37,,,xLS018,porosity,,0.359,xLSGS2,not previously published ,
ds_05,x9017,170914.09,6/29/1990,NA,SC,3.37,3.45,,,xLS018,porosity,,0.389,xLSGS2,not previously published ,
ds_05,x9017,170914.1,6/29/1990,NA,SC,3.45,3.53,,,xLS018,porosity,,0.406,xLSGS2,not previously published ,
ds_05,x9017,170914.11,6/29/1990,NA,SC,3.53,3.6,,,xLS018,porosity,,0.43,xLSGS2,not previously published ,
ds_05,x9017,170914.12,6/29/1990,NA,SC,3.61,3.69,,,xLS018,porosity,,0.47,xLSGS2,not previously published ,
ds_05,x9017,170914.13,6/29/1990,NA,SC,3.69,3.76,,,xLS018,porosity,,0.512,xLSGS2,not previously published ,
ds_05,x9017,170914.14,6/29/1990,NA,SC,3.77,3.84,,,xLS018,porosity,,0.538,xLSGS2,not previously published ,
ds_05,x9017,171419.01,6/29/1990,NA,SC,4.27,4.34,,,xLS018,porosity,,0.406,xLSGS2,not previously published ,
ds_05,x9017,171419.02,6/29/1990,NA,SC,4.35,4.42,,,xLS018,porosity,,0.412,xLSGS2,not previously published ,
ds_05,x9017,171419.03,6/29/1990,NA,SC,4.43,4.51,,,xLS018,porosity,,0.405,xLSGS2,not previously published ,
ds_05,x9017,171419.04,6/29/1990,NA,SC,4.51,4.59,,,xLS018,porosity,,0.4,xLSGS2,not previously published ,
ds_05,x9017,171419.05,6/29/1990,NA,SC,4.59,4.67,,,xLS018,porosity,,0.424,xLSGS2,not previously published ,
ds_05,x9017,171419.06,6/29/1990,NA,SC,4.67,4.75,,,xLS018,porosity,,0.422,xLSGS2,not previously published ,
ds_05,x9017,171419.07,6/29/1990,NA,SC,4.76,4.83,,,xLS018,porosity,,0.427,xLSGS2,not previously published ,
ds_05,x9017,171419.08,6/29/1990,NA,SC,4.84,4.92,,,xLS018,porosity,,0.402,xLSGS2,not previously published ,
ds_05,x9017,171419.09,6/29/1990,NA,SC,4.92,5,,,xLS018,porosity,,0.393,xLSGS2,not previously published ,
ds_05,x9017,171419.1,6/29/1990,NA,SC,5.01,5.09,,,xLS018,porosity,,0.38,xLSGS2,not previously published ,
ds_05,x9017,171419.11,6/29/1990,NA,SC,5.09,5.18,,,xLS018,porosity,,0.395,xLSGS2,not previously published ,
ds_05,x9017,171419.12,6/29/1990,NA,SC,5.18,5.26,,,xLS018,porosity,,0.397,xLSGS2,not previously published ,
ds_05,x9017,171924.01,6/29/1990,NA,SC,5.79,5.87,,,xLS018,porosity,,0.495,xLSGS2,not previously published ,
ds_05,x9017,171924.02,6/29/1990,NA,SC,5.87,5.95,,,xLS018,porosity,,0.466,xLSGS2,not previously published ,
ds_05,x9017,171924.03,6/29/1990,NA,SC,5.95,6.03,,,xLS018,porosity,,0.386,xLSGS2,not previously published ,
ds_05,x9017,171924.04,6/29/1990,NA,SC,6.03,6.11,,,xLS018,porosity,,0.358,xLSGS2,not previously published ,
ds_05,x9017,171924.05,6/29/1990,NA,SC,6.11,6.19,,,xLS018,porosity,,0.353,xLSGS2,not previously published ,
ds_05,x9017,171924.06,6/29/1990,NA,SC,6.19,6.27,,,xLS018,porosity,,0.359,xLSGS2,not previously published ,
ds_05,x9017,171924.07,6/29/1990,NA,SC,6.27,6.35,,,xLS018,porosity,,0.378,xLSGS2,not previously published ,
ds_05,x9017,171924.08,6/29/1990,NA,SC,6.36,6.43,,,xLS018,porosity,,0.391,xLSGS2,not previously published ,
ds_05,x9017,171924.09,6/29/1990,NA,SC,6.44,6.52,,,xLS018,porosity,,0.339,xLSGS2,not previously published ,
ds_05,x9017,171924.1,6/29/1990,NA,SC,6.52,6.59,,,xLS018,porosity,,0.412,xLSGS2,not previously published ,
ds_05,x9017,171924.11,6/29/1990,NA,SC,6.6,6.67,,,xLS018,porosity,,0.379,xLSGS2,not previously published ,
ds_05,x9017,171924.12,6/29/1990,NA,SC,6.68,6.76,,,xLS018,porosity,,0.362,xLSGS2,not previously published ,
ds_05,x9017,171924.13,6/29/1990,NA,SC,6.76,6.84,,,xLS018,porosity,,0.362,xLSGS2,not previously published ,
ds_05,x9017,171924.14,6/29/1990,NA,SC,6.84,6.9,,,xLS018,porosity,,0.39,xLSGS2,not previously published ,
ds_05,x9018,181419.03,6/29/1990,NA,SC,4.43,4.51,,,xLS018,porosity,,0.421,xLSGS2,not previously published ,
ds_05,x9018,181419.04,6/29/1990,NA,SC,4.51,4.58,,,xLS018,porosity,,0.409,xLSGS2,not previously published ,
ds_05,x9018,181419.05,6/29/1990,NA,SC,4.59,4.66,,,xLS018,porosity,,0.413,xLSGS2,not previously published ,
ds_05,x9018,181419.06,6/29/1990,NA,SC,4.67,4.74,,,xLS018,porosity,,0.4,xLSGS2,not previously published ,
ds_05,x9018,181419.07,6/29/1990,NA,SC,4.75,4.82,,,xLS018,porosity,,0.406,xLSGS2,not previously published ,
ds_05,x9018,181419.08,6/29/1990,NA,SC,4.82,4.9,,,xLS018,porosity,,0.394,xLSGS2,not previously published ,
ds_05,x9018,181419.09,6/29/1990,NA,SC,4.9,4.97,,,xLS018,porosity,,0.394,xLSGS2,not previously published ,
ds_05,x9018,181419.1,6/29/1990,NA,SC,4.98,5.06,,,xLS018,porosity,,0.417,xLSGS2,not previously published ,
ds_05,x9018,180914.01,6/29/1990,NA,SC,2.74,2.82,,,xLS018,porosity,,0.4,xLSGS2,not previously published ,
ds_05,x9018,180914.02,6/29/1990,NA,SC,2.83,2.9,,,xLS018,porosity,,0.391,xLSGS2,not previously published ,
ds_05,x9018,180914.03,6/29/1990,NA,SC,2.9,2.98,,,xLS018,porosity,,0.343,xLSGS2,not previously published ,
ds_05,x9018,180914.04,6/29/1990,NA,SC,2.98,3.06,,,xLS018,porosity,,0.353,xLSGS2,not previously published ,
ds_05,x9018,180914.05,6/29/1990,NA,SC,3.06,3.13,,,xLS018,porosity,,0.389,xLSGS2,not previously published ,
ds_05,x9018,180914.06,6/29/1990,NA,SC,3.14,3.21,,,xLS018,porosity,,0.394,xLSGS2,not previously published ,
ds_05,x9018,180914.07,6/29/1990,NA,SC,3.21,3.29,,,xLS018,porosity,,0.42,xLSGS2,not previously published ,
ds_05,x9018,180914.08,6/29/1990,NA,SC,3.29,3.37,,,xLS018,porosity,,0.435,xLSGS2,not previously published ,
ds_05,x9018,180914.09,6/29/1990,NA,SC,3.37,3.45,,,xLS018,porosity,,0.419,xLSGS2,not previously published ,
ds_05,x9018,180914.1,6/29/1990,NA,SC,3.45,3.53,,,xLS018,porosity,,0.409,xLSGS2,not previously published ,
ds_05,x9018,180914.11,6/29/1990,NA,SC,3.53,3.61,,,xLS018,porosity,,0.414,xLSGS2,not previously published ,
ds_05,x9018,180914.12,6/29/1990,NA,SC,3.61,3.69,,,xLS018,porosity,,0.408,xLSGS2,not previously published ,
ds_05,x9018,180914.13,6/29/1990,NA,SC,3.69,3.77,,,xLS018,porosity,,0.429,xLSGS2,not previously published ,
ds_05,x9018,180914.14,6/29/1990,NA,SC,3.77,3.85,,,xLS018,porosity,,0.414,xLSGS2,not previously published ,
ds_05,x9018,180914.15,6/29/1990,NA,SC,3.85,3.93,,,xLS018,porosity,,0.418,xLSGS2,not previously published ,
ds_05,x9018,180914.16,6/29/1990,NA,SC,3.93,4.01,,,xLS018,porosity,,0.418,xLSGS2,not previously published ,
ds_05,x9018,181419.01,6/29/1990,NA,SC,4.27,4.34,,,xLS018,porosity,,0.456,xLSGS2,not previously published ,
ds_05,x9018,181419.02,6/29/1990,NA,SC,4.35,4.42,,,xLS018,porosity,,0.426,xLSGS2,not previously published ,
ds_05,x9018,181924.02,6/29/1990,NA,SC,5.87,5.95,,,xLS018,porosity,,0.511,xLSGS2,not previously published ,
ds_05,x9018,181924.03,6/29/1990,NA,SC,5.95,6.03,,,xLS018,porosity,,0.42,xLSGS2,not previously published ,
ds_05,x9018,181924.05,6/29/1990,NA,SC,6.12,6.2,,,xLS018,porosity,,0.424,xLSGS2,not previously published ,
ds_05,x9018,181419.14,6/29/1990,NA,SC,5.31,5.4,,,xLS018,porosity,,0.451,xLSGS2,not previously published ,
ds_05,x9018,181924.06,6/29/1990,NA,SC,6.2,6.26,,,xLS018,porosity,,0.376,xLSGS2,not previously published ,
ds_05,x9018,181924.07,6/29/1990,NA,SC,6.26,6.34,,,xLS018,porosity,,0.396,xLSGS2,not previously published ,
ds_05,x9018,181924.08,6/29/1990,NA,SC,6.35,6.4,,,xLS018,porosity,,0.392,xLSGS2,not previously published ,
ds_05,x9018,181924.04,6/29/1990,NA,SC,6.03,6.11,,,xLS018,porosity,,0.439,xLSGS2,not previously published ,
ds_05,x9018,181419.11,6/29/1990,NA,SC,5.06,5.14,,,xLS018,porosity,,0.44,xLSGS2,not previously published ,
ds_05,x9018,181419.12,6/29/1990,NA,SC,5.14,5.22,,,xLS018,porosity,,0.424,xLSGS2,not previously published ,
ds_05,x9018,181419.13,6/29/1990,NA,SC,5.23,5.3,,,xLS018,porosity,,0.46,xLSGS2,not previously published ,
ds_05,x9018,181924.01,6/29/1990,NA,SC,5.79,5.87,,,xLS018,porosity,,0.432,xLSGS2,not previously published ,
