"#tblds_07_HydrCond.csv: Hydraulic conductivities of geologic materials at the National Crude Oil Spill Fate and Natural Attenuation Research Site near Bemidji, Minnesota, USA in July and August of 1996. These tests were performed on wells using the pneumatic slug-test method or the packer/vacuum slug-test method (as described in Strobel et al., 1998). If the water level in the test well was below the screened interval, had an absence of floating crude oil, and did not have a leaky casing then they were analyzed using the pneumatic method. If the wells did not meet one or more of the pneumatic method requirements, then the packer/vacuum method was used.",,,,,,,,,,,,
"#Data code definitions: refer to the metadata file, HistoricalData_metadata.xml, provided with this data release (https://doi.org/10.5066/P9FJ8I0P) and the data dictionary tables available at https://doi.org/10.5066/F7736PDR.  NOTE: An ""x"" was prepended to the values in the LocalSiteName, parm_cd, and meth_cd fields to prevent automatic truncation of leading 0's in the field by software programs used to open .csv files. Users can format this field as text and then use a ""Find and Replace"" tool to remove the x's if so desired.",,,,,,,,,,,,
dataset_id,LocalSiteName,OrigSiteName,sample_dt,Comments_sample_dt,rep_no,parm_cd,parm_shortname,remark_cd,result_va,meth_cd,pub,Comments
ds_07,x302,302,8/1/1996,Sample date acccurate to the year and accurate between months (date between July 1 and August 31).,1,xLS020,HydrCond_ms,,4.85E-05,xLSBW1,"Strobel, M.L., Delin, G.N., Munson, C.J., 1998, Spacial variation in saturation hydraulic conductivity of sediments at a crude-oil spill site near Bemidji, Minnesota: U.S. Geological Survey Water-Resources Investigations Report 98-4053, p. 13. ",
ds_07,x310B,310B,8/1/1996,Sample date acccurate to the year and accurate between months (date between July 1 and August 31).,1,xLS020,HydrCond_ms,,2.72E-05,xLSBW1,"Strobel, M.L., Delin, G.N., Munson, C.J., 1998, Spacial variation in saturation hydraulic conductivity of sediments at a crude-oil spill site near Bemidji, Minnesota: U.S. Geological Survey Water-Resources Investigations Report 98-4053, p. 13. ",
ds_07,x310C,310C,8/1/1996,Sample date acccurate to the year and accurate between months (date between July 1 and August 31).,1,xLS020,HydrCond_ms,,0.000155,xLSBW1,"Strobel, M.L., Delin, G.N., Munson, C.J., 1998, Spacial variation in saturation hydraulic conductivity of sediments at a crude-oil spill site near Bemidji, Minnesota: U.S. Geological Survey Water-Resources Investigations Report 98-4053, p. 13. ",
ds_07,x310E,310E,8/1/1996,Sample date acccurate to the year and accurate between months (date between July 1 and August 31).,1,xLS020,HydrCond_ms,,7.29E-05,xLSBW1,"Strobel, M.L., Delin, G.N., Munson, C.J., 1998, Spacial variation in saturation hydraulic conductivity of sediments at a crude-oil spill site near Bemidji, Minnesota: U.S. Geological Survey Water-Resources Investigations Report 98-4053, p. 13. ",
ds_07,x405B,405B,8/1/1996,Sample date acccurate to the year and accurate between months (date between July 1 and August 31).,1,xLS020,HydrCond_ms,,2.00E-04,xLSBW1,"Strobel, M.L., Delin, G.N., Munson, C.J., 1998, Spacial variation in saturation hydraulic conductivity of sediments at a crude-oil spill site near Bemidji, Minnesota: U.S. Geological Survey Water-Resources Investigations Report 98-4053, p. 13. ",
ds_07,x405C,405C,8/1/1996,Sample date acccurate to the year and accurate between months (date between July 1 and August 31).,1,xLS020,HydrCond_ms,,0.000221,xLSBW1,"Strobel, M.L., Delin, G.N., Munson, C.J., 1998, Spacial variation in saturation hydraulic conductivity of sediments at a crude-oil spill site near Bemidji, Minnesota: U.S. Geological Survey Water-Resources Investigations Report 98-4053, p. 13. ",
ds_07,x405D,405D,8/1/1996,Sample date acccurate to the year and accurate between months (date between July 1 and August 31).,1,xLS020,HydrCond_ms,,0.000923,xLSBW1,"Strobel, M.L., Delin, G.N., Munson, C.J., 1998, Spacial variation in saturation hydraulic conductivity of sediments at a crude-oil spill site near Bemidji, Minnesota: U.S. Geological Survey Water-Resources Investigations Report 98-4053, p. 13. ",
ds_07,x417A,417A,8/1/1996,Sample date acccurate to the year and accurate between months (date between July 1 and August 31).,1,xLS020,HydrCond_ms,,0.00019,xLSBW1,"Strobel, M.L., Delin, G.N., Munson, C.J., 1998, Spacial variation in saturation hydraulic conductivity of sediments at a crude-oil spill site near Bemidji, Minnesota: U.S. Geological Survey Water-Resources Investigations Report 98-4053, p. 13. ",
ds_07,x417B,417B,8/1/1996,Sample date acccurate to the year and accurate between months (date between July 1 and August 31).,1,xLS020,HydrCond_ms,,8.53E-05,xLSBW1,"Strobel, M.L., Delin, G.N., Munson, C.J., 1998, Spacial variation in saturation hydraulic conductivity of sediments at a crude-oil spill site near Bemidji, Minnesota: U.S. Geological Survey Water-Resources Investigations Report 98-4053, p. 13. ",
ds_07,x417D,417D,8/1/1996,Sample date acccurate to the year and accurate between months (date between July 1 and August 31).,1,xLS020,HydrCond_ms,,7.24E-05,xLSBW1,"Strobel, M.L., Delin, G.N., Munson, C.J., 1998, Spacial variation in saturation hydraulic conductivity of sediments at a crude-oil spill site near Bemidji, Minnesota: U.S. Geological Survey Water-Resources Investigations Report 98-4053, p. 13. ",
ds_07,x417F,417F,8/1/1996,Sample date acccurate to the year and accurate between months (date between July 1 and August 31).,1,xLS020,HydrCond_ms,,0.000116,xLSBW1,"Strobel, M.L., Delin, G.N., Munson, C.J., 1998, Spacial variation in saturation hydraulic conductivity of sediments at a crude-oil spill site near Bemidji, Minnesota: U.S. Geological Survey Water-Resources Investigations Report 98-4053, p. 13. ",
ds_07,x418A,418A,8/1/1996,Sample date acccurate to the year and accurate between months (date between July 1 and August 31).,1,xLS020,HydrCond_ms,,0.000199,xLSBW1,"Strobel, M.L., Delin, G.N., Munson, C.J., 1998, Spacial variation in saturation hydraulic conductivity of sediments at a crude-oil spill site near Bemidji, Minnesota: U.S. Geological Survey Water-Resources Investigations Report 98-4053, p. 13. ",
ds_07,x418B,418B,8/1/1996,Sample date acccurate to the year and accurate between months (date between July 1 and August 31).,1,xLS020,HydrCond_ms,,2.88E-06,xLSBW1,"Strobel, M.L., Delin, G.N., Munson, C.J., 1998, Spacial variation in saturation hydraulic conductivity of sediments at a crude-oil spill site near Bemidji, Minnesota: U.S. Geological Survey Water-Resources Investigations Report 98-4053, p. 13. ",
ds_07,x418C,418C,8/1/1996,Sample date acccurate to the year and accurate between months (date between July 1 and August 31).,1,xLS020,HydrCond_ms,,6.46E-05,xLSBW1,"Strobel, M.L., Delin, G.N., Munson, C.J., 1998, Spacial variation in saturation hydraulic conductivity of sediments at a crude-oil spill site near Bemidji, Minnesota: U.S. Geological Survey Water-Resources Investigations Report 98-4053, p. 13. ",
ds_07,x418E,418E,8/1/1996,Sample date acccurate to the year and accurate between months (date between July 1 and August 31).,1,xLS020,HydrCond_ms,,2.54E-05,xLSBW1,"Strobel, M.L., Delin, G.N., Munson, C.J., 1998, Spacial variation in saturation hydraulic conductivity of sediments at a crude-oil spill site near Bemidji, Minnesota: U.S. Geological Survey Water-Resources Investigations Report 98-4053, p. 13. ",
ds_07,x420B,420B,8/1/1996,Sample date acccurate to the year and accurate between months (date between July 1 and August 31).,1,xLS020,HydrCond_ms,,6.75E-05,xLSBW1,"Strobel, M.L., Delin, G.N., Munson, C.J., 1998, Spacial variation in saturation hydraulic conductivity of sediments at a crude-oil spill site near Bemidji, Minnesota: U.S. Geological Survey Water-Resources Investigations Report 98-4053, p. 13. ",
ds_07,x420C,420C,8/1/1996,Sample date acccurate to the year and accurate between months (date between July 1 and August 31).,1,xLS020,HydrCond_ms,,0.000185,xLSBW1,"Strobel, M.L., Delin, G.N., Munson, C.J., 1998, Spacial variation in saturation hydraulic conductivity of sediments at a crude-oil spill site near Bemidji, Minnesota: U.S. Geological Survey Water-Resources Investigations Report 98-4053, p. 13. ",
ds_07,x503,503,8/1/1996,Sample date acccurate to the year and accurate between months (date between July 1 and August 31).,1,xLS020,HydrCond_ms,,3.55E-05,xLSBW1,"Strobel, M.L., Delin, G.N., Munson, C.J., 1998, Spacial variation in saturation hydraulic conductivity of sediments at a crude-oil spill site near Bemidji, Minnesota: U.S. Geological Survey Water-Resources Investigations Report 98-4053, p. 13. ",
ds_07,x504,504,8/1/1996,Sample date acccurate to the year and accurate between months (date between July 1 and August 31).,1,xLS020,HydrCond_ms,,9.31E-06,xLSBW1,"Strobel, M.L., Delin, G.N., Munson, C.J., 1998, Spacial variation in saturation hydraulic conductivity of sediments at a crude-oil spill site near Bemidji, Minnesota: U.S. Geological Survey Water-Resources Investigations Report 98-4053, p. 13. ",
ds_07,x505,505,8/1/1996,Sample date acccurate to the year and accurate between months (date between July 1 and August 31).,1,xLS020,HydrCond_ms,,4.15E-07,xLSBW1,"Strobel, M.L., Delin, G.N., Munson, C.J., 1998, Spacial variation in saturation hydraulic conductivity of sediments at a crude-oil spill site near Bemidji, Minnesota: U.S. Geological Survey Water-Resources Investigations Report 98-4053, p. 13. ",
ds_07,x515B,515B,8/1/1996,Sample date acccurate to the year and accurate between months (date between July 1 and August 31).,1,xLS020,HydrCond_ms,,0.000202,xLSBW1,"Strobel, M.L., Delin, G.N., Munson, C.J., 1998, Spacial variation in saturation hydraulic conductivity of sediments at a crude-oil spill site near Bemidji, Minnesota: U.S. Geological Survey Water-Resources Investigations Report 98-4053, p. 13. ",
ds_07,x524,524,8/1/1996,Sample date acccurate to the year and accurate between months (date between July 1 and August 31).,1,xLS020,HydrCond_ms,,5.72E-06,xLSBW1,"Strobel, M.L., Delin, G.N., Munson, C.J., 1998, Spacial variation in saturation hydraulic conductivity of sediments at a crude-oil spill site near Bemidji, Minnesota: U.S. Geological Survey Water-Resources Investigations Report 98-4053, p. 13. ",
ds_07,x525,525,8/1/1996,Sample date acccurate to the year and accurate between months (date between July 1 and August 31).,1,xLS020,HydrCond_ms,,1.92E-06,xLSBW1,"Strobel, M.L., Delin, G.N., Munson, C.J., 1998, Spacial variation in saturation hydraulic conductivity of sediments at a crude-oil spill site near Bemidji, Minnesota: U.S. Geological Survey Water-Resources Investigations Report 98-4053, p. 13. ",
ds_07,x526,526,8/1/1996,Sample date acccurate to the year and accurate between months (date between July 1 and August 31).,1,xLS020,HydrCond_ms,,1.07E-05,xLSBW1,"Strobel, M.L., Delin, G.N., Munson, C.J., 1998, Spacial variation in saturation hydraulic conductivity of sediments at a crude-oil spill site near Bemidji, Minnesota: U.S. Geological Survey Water-Resources Investigations Report 98-4053, p. 13. ",
ds_07,x529,529V,8/1/1996,Sample date acccurate to the year and accurate between months (date between July 1 and August 31).,1,xLS020,HydrCond_ms,,5.32E-05,xLSBW2,"Strobel, M.L., Delin, G.N., Munson, C.J., 1998, Spacial variation in saturation hydraulic conductivity of sediments at a crude-oil spill site near Bemidji, Minnesota: U.S. Geological Survey Water-Resources Investigations Report 98-4053, p. 13. ",
ds_07,x530A,530AV,8/1/1996,Sample date acccurate to the year and accurate between months (date between July 1 and August 31).,1,xLS020,HydrCond_ms,,6.03E-06,xLSBW2,"Strobel, M.L., Delin, G.N., Munson, C.J., 1998, Spacial variation in saturation hydraulic conductivity of sediments at a crude-oil spill site near Bemidji, Minnesota: U.S. Geological Survey Water-Resources Investigations Report 98-4053, p. 13. ",
ds_07,x530B,530B,8/1/1996,Sample date acccurate to the year and accurate between months (date between July 1 and August 31).,1,xLS020,HydrCond_ms,,4.57E-05,xLSBW1,"Strobel, M.L., Delin, G.N., Munson, C.J., 1998, Spacial variation in saturation hydraulic conductivity of sediments at a crude-oil spill site near Bemidji, Minnesota: U.S. Geological Survey Water-Resources Investigations Report 98-4053, p. 13. ",
ds_07,x530C,530C,8/1/1996,Sample date acccurate to the year and accurate between months (date between July 1 and August 31).,1,xLS020,HydrCond_ms,,0.000255,xLSBW1,"Strobel, M.L., Delin, G.N., Munson, C.J., 1998, Spacial variation in saturation hydraulic conductivity of sediments at a crude-oil spill site near Bemidji, Minnesota: U.S. Geological Survey Water-Resources Investigations Report 98-4053, p. 13. ",
ds_07,x530D,530D,8/1/1996,Sample date acccurate to the year and accurate between months (date between July 1 and August 31).,1,xLS020,HydrCond_ms,,5.41E-05,xLSBW1,"Strobel, M.L., Delin, G.N., Munson, C.J., 1998, Spacial variation in saturation hydraulic conductivity of sediments at a crude-oil spill site near Bemidji, Minnesota: U.S. Geological Survey Water-Resources Investigations Report 98-4053, p. 13. ",
ds_07,x532B,532B,8/1/1996,Sample date acccurate to the year and accurate between months (date between July 1 and August 31).,1,xLS020,HydrCond_ms,,0.000109,xLSBW1,"Strobel, M.L., Delin, G.N., Munson, C.J., 1998, Spacial variation in saturation hydraulic conductivity of sediments at a crude-oil spill site near Bemidji, Minnesota: U.S. Geological Survey Water-Resources Investigations Report 98-4053, p. 13. ",
ds_07,x532C,532C,8/1/1996,Sample date acccurate to the year and accurate between months (date between July 1 and August 31).,1,xLS020,HydrCond_ms,,0.000229,xLSBW1,"Strobel, M.L., Delin, G.N., Munson, C.J., 1998, Spacial variation in saturation hydraulic conductivity of sediments at a crude-oil spill site near Bemidji, Minnesota: U.S. Geological Survey Water-Resources Investigations Report 98-4053, p. 13. ",
ds_07,x532D,532D,8/1/1996,Sample date acccurate to the year and accurate between months (date between July 1 and August 31).,1,xLS020,HydrCond_ms,,0.000567,xLSBW1,"Strobel, M.L., Delin, G.N., Munson, C.J., 1998, Spacial variation in saturation hydraulic conductivity of sediments at a crude-oil spill site near Bemidji, Minnesota: U.S. Geological Survey Water-Resources Investigations Report 98-4053, p. 13. ",
ds_07,x532E,532E,8/1/1996,Sample date acccurate to the year and accurate between months (date between July 1 and August 31).,1,xLS020,HydrCond_ms,,0.000138,xLSBW1,"Strobel, M.L., Delin, G.N., Munson, C.J., 1998, Spacial variation in saturation hydraulic conductivity of sediments at a crude-oil spill site near Bemidji, Minnesota: U.S. Geological Survey Water-Resources Investigations Report 98-4053, p. 13. ",
ds_07,x533B,533B,8/1/1996,Sample date acccurate to the year and accurate between months (date between July 1 and August 31).,1,xLS020,HydrCond_ms,,9.24E-05,xLSBW1,"Strobel, M.L., Delin, G.N., Munson, C.J., 1998, Spacial variation in saturation hydraulic conductivity of sediments at a crude-oil spill site near Bemidji, Minnesota: U.S. Geological Survey Water-Resources Investigations Report 98-4053, p. 13. ",
ds_07,x533C,533C,8/1/1996,Sample date acccurate to the year and accurate between months (date between July 1 and August 31).,1,xLS020,HydrCond_ms,,0.000238,xLSBW1,"Strobel, M.L., Delin, G.N., Munson, C.J., 1998, Spacial variation in saturation hydraulic conductivity of sediments at a crude-oil spill site near Bemidji, Minnesota: U.S. Geological Survey Water-Resources Investigations Report 98-4053, p. 13. ",
ds_07,x607,607,8/1/1996,Sample date acccurate to the year and accurate between months (date between July 1 and August 31).,1,xLS020,HydrCond_ms,,7.92E-06,xLSBW1,"Strobel, M.L., Delin, G.N., Munson, C.J., 1998, Spacial variation in saturation hydraulic conductivity of sediments at a crude-oil spill site near Bemidji, Minnesota: U.S. Geological Survey Water-Resources Investigations Report 98-4053, p. 13. ",
ds_07,x702B,702B,8/1/1996,Sample date acccurate to the year and accurate between months (date between July 1 and August 31).,1,xLS020,HydrCond_ms,,0.00033,xLSBW1,"Strobel, M.L., Delin, G.N., Munson, C.J., 1998, Spacial variation in saturation hydraulic conductivity of sediments at a crude-oil spill site near Bemidji, Minnesota: U.S. Geological Survey Water-Resources Investigations Report 98-4053, p. 13. ",
ds_07,x702C,702C,8/1/1996,Sample date acccurate to the year and accurate between months (date between July 1 and August 31).,1,xLS020,HydrCond_ms,,0.000207,xLSBW1,"Strobel, M.L., Delin, G.N., Munson, C.J., 1998, Spacial variation in saturation hydraulic conductivity of sediments at a crude-oil spill site near Bemidji, Minnesota: U.S. Geological Survey Water-Resources Investigations Report 98-4053, p. 13. ",
ds_07,x704,704,8/1/1996,Sample date acccurate to the year and accurate between months (date between July 1 and August 31).,1,xLS020,HydrCond_ms,,1.84E-05,xLSBW1,"Strobel, M.L., Delin, G.N., Munson, C.J., 1998, Spacial variation in saturation hydraulic conductivity of sediments at a crude-oil spill site near Bemidji, Minnesota: U.S. Geological Survey Water-Resources Investigations Report 98-4053, p. 13. ",
ds_07,x705,705,8/1/1996,Sample date acccurate to the year and accurate between months (date between July 1 and August 31).,1,xLS020,HydrCond_ms,,2.93E-06,xLSBW1,"Strobel, M.L., Delin, G.N., Munson, C.J., 1998, Spacial variation in saturation hydraulic conductivity of sediments at a crude-oil spill site near Bemidji, Minnesota: U.S. Geological Survey Water-Resources Investigations Report 98-4053, p. 13. ",
ds_07,x707B,707B,8/1/1996,Sample date acccurate to the year and accurate between months (date between July 1 and August 31).,1,xLS020,HydrCond_ms,,0.000298,xLSBW1,"Strobel, M.L., Delin, G.N., Munson, C.J., 1998, Spacial variation in saturation hydraulic conductivity of sediments at a crude-oil spill site near Bemidji, Minnesota: U.S. Geological Survey Water-Resources Investigations Report 98-4053, p. 13. ",
ds_07,x707C,707C,8/1/1996,Sample date acccurate to the year and accurate between months (date between July 1 and August 31).,1,xLS020,HydrCond_ms,,0.000262,xLSBW1,"Strobel, M.L., Delin, G.N., Munson, C.J., 1998, Spacial variation in saturation hydraulic conductivity of sediments at a crude-oil spill site near Bemidji, Minnesota: U.S. Geological Survey Water-Resources Investigations Report 98-4053, p. 13. ",
ds_07,x707D,707D,8/1/1996,Sample date acccurate to the year and accurate between months (date between July 1 and August 31).,1,xLS020,HydrCond_ms,,0.000375,xLSBW1,"Strobel, M.L., Delin, G.N., Munson, C.J., 1998, Spacial variation in saturation hydraulic conductivity of sediments at a crude-oil spill site near Bemidji, Minnesota: U.S. Geological Survey Water-Resources Investigations Report 98-4053, p. 13. ",
ds_07,x806,806,8/1/1996,Sample date acccurate to the year and accurate between months (date between July 1 and August 31).,1,xLS020,HydrCond_ms,,0.000242,xLSBW1,"Strobel, M.L., Delin, G.N., Munson, C.J., 1998, Spacial variation in saturation hydraulic conductivity of sediments at a crude-oil spill site near Bemidji, Minnesota: U.S. Geological Survey Water-Resources Investigations Report 98-4053, p. 13. ",
ds_07,x813,813,8/1/1996,Sample date acccurate to the year and accurate between months (date between July 1 and August 31).,1,xLS020,HydrCond_ms,,4.42E-06,xLSBW1,"Strobel, M.L., Delin, G.N., Munson, C.J., 1998, Spacial variation in saturation hydraulic conductivity of sediments at a crude-oil spill site near Bemidji, Minnesota: U.S. Geological Survey Water-Resources Investigations Report 98-4053, p. 13. ",
ds_07,x910,910,8/1/1996,Sample date acccurate to the year and accurate between months (date between July 1 and August 31).,1,xLS020,HydrCond_ms,,3.08E-06,xLSBW1,"Strobel, M.L., Delin, G.N., Munson, C.J., 1998, Spacial variation in saturation hydraulic conductivity of sediments at a crude-oil spill site near Bemidji, Minnesota: U.S. Geological Survey Water-Resources Investigations Report 98-4053, p. 13. ",
ds_07,x912,912,8/1/1996,Sample date acccurate to the year and accurate between months (date between July 1 and August 31).,1,xLS020,HydrCond_ms,,1.45E-05,xLSBW1,"Strobel, M.L., Delin, G.N., Munson, C.J., 1998, Spacial variation in saturation hydraulic conductivity of sediments at a crude-oil spill site near Bemidji, Minnesota: U.S. Geological Survey Water-Resources Investigations Report 98-4053, p. 13. ",
ds_07,x916,916,8/1/1996,Sample date acccurate to the year and accurate between months (date between July 1 and August 31).,1,xLS020,HydrCond_ms,,7.97E-05,xLSBW1,"Strobel, M.L., Delin, G.N., Munson, C.J., 1998, Spacial variation in saturation hydraulic conductivity of sediments at a crude-oil spill site near Bemidji, Minnesota: U.S. Geological Survey Water-Resources Investigations Report 98-4053, p. 13. ",
ds_07,x702C,702C,8/1/1996,Sample date acccurate to the year and accurate between months (date between July 1 and August 31).,2,xLS020,HydrCond_ms,,0.000203,xLSBW1,"Strobel, M.L., Delin, G.N., Munson, C.J., 1998, Spacial variation in saturation hydraulic conductivity of sediments at a crude-oil spill site near Bemidji, Minnesota: U.S. Geological Survey Water-Resources Investigations Report 98-4053, p. 13. ",
ds_07,x702C,702C,8/1/1996,Sample date acccurate to the year and accurate between months (date between July 1 and August 31).,3,xLS020,HydrCond_ms,,0.000187,xLSBW1,"Strobel, M.L., Delin, G.N., Munson, C.J., 1998, Spacial variation in saturation hydraulic conductivity of sediments at a crude-oil spill site near Bemidji, Minnesota: U.S. Geological Survey Water-Resources Investigations Report 98-4053, p. 13. ",
ds_07,x702C,702C,8/1/1996,Sample date acccurate to the year and accurate between months (date between July 1 and August 31).,,xLS019,HydrCond_mean_ms,,0.000199,xLSBW1,"Strobel, M.L., Delin, G.N., Munson, C.J., 1998, Spacial variation in saturation hydraulic conductivity of sediments at a crude-oil spill site near Bemidji, Minnesota: U.S. Geological Survey Water-Resources Investigations Report 98-4053, p. 13. ",
ds_07,x957A,957A,8/1/1996,Sample date acccurate to the year and accurate between months (date between July 1 and August 31).,1,xLS020,HydrCond_ms,,0.000362,xLSBW1,"Strobel, M.L., Delin, G.N., Munson, C.J., 1998, Spacial variation in saturation hydraulic conductivity of sediments at a crude-oil spill site near Bemidji, Minnesota: U.S. Geological Survey Water-Resources Investigations Report 98-4053, p. 13. ",
ds_07,x9016,9016V,8/1/1996,Sample date acccurate to the year and accurate between months (date between July 1 and August 31).,1,xLS020,HydrCond_ms,,4.62E-06,xLSBW2,"Strobel, M.L., Delin, G.N., Munson, C.J., 1998, Spacial variation in saturation hydraulic conductivity of sediments at a crude-oil spill site near Bemidji, Minnesota: U.S. Geological Survey Water-Resources Investigations Report 98-4053, p. 13. ",
ds_07,x9017,9017,8/1/1996,Sample date acccurate to the year and accurate between months (date between July 1 and August 31).,1,xLS020,HydrCond_ms,,4.32E-06,xLSBW1,"Strobel, M.L., Delin, G.N., Munson, C.J., 1998, Spacial variation in saturation hydraulic conductivity of sediments at a crude-oil spill site near Bemidji, Minnesota: U.S. Geological Survey Water-Resources Investigations Report 98-4053, p. 13. ",
ds_07,x9021,9021,8/1/1996,Sample date acccurate to the year and accurate between months (date between July 1 and August 31).,1,xLS020,HydrCond_ms,,0.000477,xLSBW1,"Strobel, M.L., Delin, G.N., Munson, C.J., 1998, Spacial variation in saturation hydraulic conductivity of sediments at a crude-oil spill site near Bemidji, Minnesota: U.S. Geological Survey Water-Resources Investigations Report 98-4053, p. 13. ",
ds_07,x9025,9025,8/1/1996,Sample date acccurate to the year and accurate between months (date between July 1 and August 31).,1,xLS020,HydrCond_ms,,5.23E-05,xLSBW1,"Strobel, M.L., Delin, G.N., Munson, C.J., 1998, Spacial variation in saturation hydraulic conductivity of sediments at a crude-oil spill site near Bemidji, Minnesota: U.S. Geological Survey Water-Resources Investigations Report 98-4053, p. 13. ",
ds_07,x9026,9026,8/1/1996,Sample date acccurate to the year and accurate between months (date between July 1 and August 31).,1,xLS020,HydrCond_ms,,7.28E-05,xLSBW1,"Strobel, M.L., Delin, G.N., Munson, C.J., 1998, Spacial variation in saturation hydraulic conductivity of sediments at a crude-oil spill site near Bemidji, Minnesota: U.S. Geological Survey Water-Resources Investigations Report 98-4053, p. 13. ",
ds_07,x9027,9027,8/1/1996,Sample date acccurate to the year and accurate between months (date between July 1 and August 31).,1,xLS020,HydrCond_ms,,2.63E-05,xLSBW1,"Strobel, M.L., Delin, G.N., Munson, C.J., 1998, Spacial variation in saturation hydraulic conductivity of sediments at a crude-oil spill site near Bemidji, Minnesota: U.S. Geological Survey Water-Resources Investigations Report 98-4053, p. 13. ",
ds_07,x302,302,8/1/1996,Sample date acccurate to the year and accurate between months (date between July 1 and August 31).,2,xLS020,HydrCond_ms,,6.33E-05,xLSBW1,"Strobel, M.L., Delin, G.N., Munson, C.J., 1998, Spacial variation in saturation hydraulic conductivity of sediments at a crude-oil spill site near Bemidji, Minnesota: U.S. Geological Survey Water-Resources Investigations Report 98-4053, p. 13. ",
ds_07,x310B,310B,8/1/1996,Sample date acccurate to the year and accurate between months (date between July 1 and August 31).,2,xLS020,HydrCond_ms,,2.72E-05,xLSBW1,"Strobel, M.L., Delin, G.N., Munson, C.J., 1998, Spacial variation in saturation hydraulic conductivity of sediments at a crude-oil spill site near Bemidji, Minnesota: U.S. Geological Survey Water-Resources Investigations Report 98-4053, p. 13. ",
ds_07,x310C,310C,8/1/1996,Sample date acccurate to the year and accurate between months (date between July 1 and August 31).,2,xLS020,HydrCond_ms,,0.000145,xLSBW1,"Strobel, M.L., Delin, G.N., Munson, C.J., 1998, Spacial variation in saturation hydraulic conductivity of sediments at a crude-oil spill site near Bemidji, Minnesota: U.S. Geological Survey Water-Resources Investigations Report 98-4053, p. 13. ",
ds_07,x310E,310E,8/1/1996,Sample date acccurate to the year and accurate between months (date between July 1 and August 31).,2,xLS020,HydrCond_ms,,7.65E-05,xLSBW1,"Strobel, M.L., Delin, G.N., Munson, C.J., 1998, Spacial variation in saturation hydraulic conductivity of sediments at a crude-oil spill site near Bemidji, Minnesota: U.S. Geological Survey Water-Resources Investigations Report 98-4053, p. 13. ",
ds_07,x405B,405B,8/1/1996,Sample date acccurate to the year and accurate between months (date between July 1 and August 31).,2,xLS020,HydrCond_ms,,0.000188,xLSBW1,"Strobel, M.L., Delin, G.N., Munson, C.J., 1998, Spacial variation in saturation hydraulic conductivity of sediments at a crude-oil spill site near Bemidji, Minnesota: U.S. Geological Survey Water-Resources Investigations Report 98-4053, p. 13. ",
ds_07,x405C,405C,8/1/1996,Sample date acccurate to the year and accurate between months (date between July 1 and August 31).,2,xLS020,HydrCond_ms,,0.000207,xLSBW1,"Strobel, M.L., Delin, G.N., Munson, C.J., 1998, Spacial variation in saturation hydraulic conductivity of sediments at a crude-oil spill site near Bemidji, Minnesota: U.S. Geological Survey Water-Resources Investigations Report 98-4053, p. 13. ",
ds_07,x405D,405D,8/1/1996,Sample date acccurate to the year and accurate between months (date between July 1 and August 31).,2,xLS020,HydrCond_ms,,0.000987,xLSBW1,"Strobel, M.L., Delin, G.N., Munson, C.J., 1998, Spacial variation in saturation hydraulic conductivity of sediments at a crude-oil spill site near Bemidji, Minnesota: U.S. Geological Survey Water-Resources Investigations Report 98-4053, p. 13. ",
ds_07,x417A,417A,8/1/1996,Sample date acccurate to the year and accurate between months (date between July 1 and August 31).,2,xLS020,HydrCond_ms,,0.000173,xLSBW1,"Strobel, M.L., Delin, G.N., Munson, C.J., 1998, Spacial variation in saturation hydraulic conductivity of sediments at a crude-oil spill site near Bemidji, Minnesota: U.S. Geological Survey Water-Resources Investigations Report 98-4053, p. 13. ",
ds_07,x417B,417B,8/1/1996,Sample date acccurate to the year and accurate between months (date between July 1 and August 31).,2,xLS020,HydrCond_ms,,7.17E-05,xLSBW1,"Strobel, M.L., Delin, G.N., Munson, C.J., 1998, Spacial variation in saturation hydraulic conductivity of sediments at a crude-oil spill site near Bemidji, Minnesota: U.S. Geological Survey Water-Resources Investigations Report 98-4053, p. 13. ",
ds_07,x417D,417D,8/1/1996,Sample date acccurate to the year and accurate between months (date between July 1 and August 31).,2,xLS020,HydrCond_ms,,7.52E-05,xLSBW1,"Strobel, M.L., Delin, G.N., Munson, C.J., 1998, Spacial variation in saturation hydraulic conductivity of sediments at a crude-oil spill site near Bemidji, Minnesota: U.S. Geological Survey Water-Resources Investigations Report 98-4053, p. 13. ",
ds_07,x417F,417F,8/1/1996,Sample date acccurate to the year and accurate between months (date between July 1 and August 31).,2,xLS020,HydrCond_ms,,0.000114,xLSBW1,"Strobel, M.L., Delin, G.N., Munson, C.J., 1998, Spacial variation in saturation hydraulic conductivity of sediments at a crude-oil spill site near Bemidji, Minnesota: U.S. Geological Survey Water-Resources Investigations Report 98-4053, p. 13. ",
ds_07,x418A,418A,8/1/1996,Sample date acccurate to the year and accurate between months (date between July 1 and August 31).,2,xLS020,HydrCond_ms,,0.000251,xLSBW1,"Strobel, M.L., Delin, G.N., Munson, C.J., 1998, Spacial variation in saturation hydraulic conductivity of sediments at a crude-oil spill site near Bemidji, Minnesota: U.S. Geological Survey Water-Resources Investigations Report 98-4053, p. 13. ",
ds_07,x418B,418B,8/1/1996,Sample date acccurate to the year and accurate between months (date between July 1 and August 31).,2,xLS020,HydrCond_ms,,7.23E-06,xLSBW1,"Strobel, M.L., Delin, G.N., Munson, C.J., 1998, Spacial variation in saturation hydraulic conductivity of sediments at a crude-oil spill site near Bemidji, Minnesota: U.S. Geological Survey Water-Resources Investigations Report 98-4053, p. 13. ",
ds_07,x418C,418C,8/1/1996,Sample date acccurate to the year and accurate between months (date between July 1 and August 31).,2,xLS020,HydrCond_ms,,5.54E-05,xLSBW1,"Strobel, M.L., Delin, G.N., Munson, C.J., 1998, Spacial variation in saturation hydraulic conductivity of sediments at a crude-oil spill site near Bemidji, Minnesota: U.S. Geological Survey Water-Resources Investigations Report 98-4053, p. 13. ",
ds_07,x418E,418E,8/1/1996,Sample date acccurate to the year and accurate between months (date between July 1 and August 31).,2,xLS020,HydrCond_ms,,2.86E-05,xLSBW1,"Strobel, M.L., Delin, G.N., Munson, C.J., 1998, Spacial variation in saturation hydraulic conductivity of sediments at a crude-oil spill site near Bemidji, Minnesota: U.S. Geological Survey Water-Resources Investigations Report 98-4053, p. 13. ",
ds_07,x420B,420B,8/1/1996,Sample date acccurate to the year and accurate between months (date between July 1 and August 31).,2,xLS020,HydrCond_ms,,6.38E-05,xLSBW1,"Strobel, M.L., Delin, G.N., Munson, C.J., 1998, Spacial variation in saturation hydraulic conductivity of sediments at a crude-oil spill site near Bemidji, Minnesota: U.S. Geological Survey Water-Resources Investigations Report 98-4053, p. 13. ",
ds_07,x420C,420C,8/1/1996,Sample date acccurate to the year and accurate between months (date between July 1 and August 31).,2,xLS020,HydrCond_ms,,0.000222,xLSBW1,"Strobel, M.L., Delin, G.N., Munson, C.J., 1998, Spacial variation in saturation hydraulic conductivity of sediments at a crude-oil spill site near Bemidji, Minnesota: U.S. Geological Survey Water-Resources Investigations Report 98-4053, p. 13. ",
ds_07,x503,503,8/1/1996,Sample date acccurate to the year and accurate between months (date between July 1 and August 31).,2,xLS020,HydrCond_ms,,3.38E-05,xLSBW1,"Strobel, M.L., Delin, G.N., Munson, C.J., 1998, Spacial variation in saturation hydraulic conductivity of sediments at a crude-oil spill site near Bemidji, Minnesota: U.S. Geological Survey Water-Resources Investigations Report 98-4053, p. 13. ",
ds_07,x504,504,8/1/1996,Sample date acccurate to the year and accurate between months (date between July 1 and August 31).,2,xLS020,HydrCond_ms,,9.22E-06,xLSBW1,"Strobel, M.L., Delin, G.N., Munson, C.J., 1998, Spacial variation in saturation hydraulic conductivity of sediments at a crude-oil spill site near Bemidji, Minnesota: U.S. Geological Survey Water-Resources Investigations Report 98-4053, p. 13. ",
ds_07,x505,505,8/1/1996,Sample date acccurate to the year and accurate between months (date between July 1 and August 31).,2,xLS020,HydrCond_ms,na,,xLSBW1,"Strobel, M.L., Delin, G.N., Munson, C.J., 1998, Spacial variation in saturation hydraulic conductivity of sediments at a crude-oil spill site near Bemidji, Minnesota: U.S. Geological Survey Water-Resources Investigations Report 98-4053, p. 13. ",
ds_07,x515B,515B,8/1/1996,Sample date acccurate to the year and accurate between months (date between July 1 and August 31).,2,xLS020,HydrCond_ms,,0.000199,xLSBW1,"Strobel, M.L., Delin, G.N., Munson, C.J., 1998, Spacial variation in saturation hydraulic conductivity of sediments at a crude-oil spill site near Bemidji, Minnesota: U.S. Geological Survey Water-Resources Investigations Report 98-4053, p. 13. ",
ds_07,x524,524,8/1/1996,Sample date acccurate to the year and accurate between months (date between July 1 and August 31).,2,xLS020,HydrCond_ms,,2.94E-06,xLSBW1,"Strobel, M.L., Delin, G.N., Munson, C.J., 1998, Spacial variation in saturation hydraulic conductivity of sediments at a crude-oil spill site near Bemidji, Minnesota: U.S. Geological Survey Water-Resources Investigations Report 98-4053, p. 13. ",
ds_07,x525,525,8/1/1996,Sample date acccurate to the year and accurate between months (date between July 1 and August 31).,2,xLS020,HydrCond_ms,na,,xLSBW1,"Strobel, M.L., Delin, G.N., Munson, C.J., 1998, Spacial variation in saturation hydraulic conductivity of sediments at a crude-oil spill site near Bemidji, Minnesota: U.S. Geological Survey Water-Resources Investigations Report 98-4053, p. 13. ",
ds_07,x526,526,8/1/1996,Sample date acccurate to the year and accurate between months (date between July 1 and August 31).,2,xLS020,HydrCond_ms,,1.47E-05,xLSBW1,"Strobel, M.L., Delin, G.N., Munson, C.J., 1998, Spacial variation in saturation hydraulic conductivity of sediments at a crude-oil spill site near Bemidji, Minnesota: U.S. Geological Survey Water-Resources Investigations Report 98-4053, p. 13. ",
ds_07,x529,529V,8/1/1996,Sample date acccurate to the year and accurate between months (date between July 1 and August 31).,2,xLS020,HydrCond_ms,,7.04E-05,xLSBW2,"Strobel, M.L., Delin, G.N., Munson, C.J., 1998, Spacial variation in saturation hydraulic conductivity of sediments at a crude-oil spill site near Bemidji, Minnesota: U.S. Geological Survey Water-Resources Investigations Report 98-4053, p. 13. ",
ds_07,x530A,530AV,8/1/1996,Sample date acccurate to the year and accurate between months (date between July 1 and August 31).,2,xLS020,HydrCond_ms,,5.94E-06,xLSBW2,"Strobel, M.L., Delin, G.N., Munson, C.J., 1998, Spacial variation in saturation hydraulic conductivity of sediments at a crude-oil spill site near Bemidji, Minnesota: U.S. Geological Survey Water-Resources Investigations Report 98-4053, p. 13. ",
ds_07,x530B,530B,8/1/1996,Sample date acccurate to the year and accurate between months (date between July 1 and August 31).,2,xLS020,HydrCond_ms,,4.87E-05,xLSBW1,"Strobel, M.L., Delin, G.N., Munson, C.J., 1998, Spacial variation in saturation hydraulic conductivity of sediments at a crude-oil spill site near Bemidji, Minnesota: U.S. Geological Survey Water-Resources Investigations Report 98-4053, p. 13. ",
ds_07,x530C,530C,8/1/1996,Sample date acccurate to the year and accurate between months (date between July 1 and August 31).,2,xLS020,HydrCond_ms,,0.000251,xLSBW1,"Strobel, M.L., Delin, G.N., Munson, C.J., 1998, Spacial variation in saturation hydraulic conductivity of sediments at a crude-oil spill site near Bemidji, Minnesota: U.S. Geological Survey Water-Resources Investigations Report 98-4053, p. 13. ",
ds_07,x530D,530D,8/1/1996,Sample date acccurate to the year and accurate between months (date between July 1 and August 31).,2,xLS020,HydrCond_ms,,6.90E-05,xLSBW1,"Strobel, M.L., Delin, G.N., Munson, C.J., 1998, Spacial variation in saturation hydraulic conductivity of sediments at a crude-oil spill site near Bemidji, Minnesota: U.S. Geological Survey Water-Resources Investigations Report 98-4053, p. 13. ",
ds_07,x532B,532B,8/1/1996,Sample date acccurate to the year and accurate between months (date between July 1 and August 31).,2,xLS020,HydrCond_ms,,0.000109,xLSBW1,"Strobel, M.L., Delin, G.N., Munson, C.J., 1998, Spacial variation in saturation hydraulic conductivity of sediments at a crude-oil spill site near Bemidji, Minnesota: U.S. Geological Survey Water-Resources Investigations Report 98-4053, p. 13. ",
ds_07,x532C,532C,8/1/1996,Sample date acccurate to the year and accurate between months (date between July 1 and August 31).,2,xLS020,HydrCond_ms,,0.000226,xLSBW1,"Strobel, M.L., Delin, G.N., Munson, C.J., 1998, Spacial variation in saturation hydraulic conductivity of sediments at a crude-oil spill site near Bemidji, Minnesota: U.S. Geological Survey Water-Resources Investigations Report 98-4053, p. 13. ",
ds_07,x532D,532D,8/1/1996,Sample date acccurate to the year and accurate between months (date between July 1 and August 31).,2,xLS020,HydrCond_ms,,0.000541,xLSBW1,"Strobel, M.L., Delin, G.N., Munson, C.J., 1998, Spacial variation in saturation hydraulic conductivity of sediments at a crude-oil spill site near Bemidji, Minnesota: U.S. Geological Survey Water-Resources Investigations Report 98-4053, p. 13. ",
ds_07,x532E,532E,8/1/1996,Sample date acccurate to the year and accurate between months (date between July 1 and August 31).,2,xLS020,HydrCond_ms,,0.000142,xLSBW1,"Strobel, M.L., Delin, G.N., Munson, C.J., 1998, Spacial variation in saturation hydraulic conductivity of sediments at a crude-oil spill site near Bemidji, Minnesota: U.S. Geological Survey Water-Resources Investigations Report 98-4053, p. 13. ",
ds_07,x533B,533B,8/1/1996,Sample date acccurate to the year and accurate between months (date between July 1 and August 31).,2,xLS020,HydrCond_ms,,9.58E-05,xLSBW1,"Strobel, M.L., Delin, G.N., Munson, C.J., 1998, Spacial variation in saturation hydraulic conductivity of sediments at a crude-oil spill site near Bemidji, Minnesota: U.S. Geological Survey Water-Resources Investigations Report 98-4053, p. 13. ",
ds_07,x533C,533C,8/1/1996,Sample date acccurate to the year and accurate between months (date between July 1 and August 31).,2,xLS020,HydrCond_ms,,0.000231,xLSBW1,"Strobel, M.L., Delin, G.N., Munson, C.J., 1998, Spacial variation in saturation hydraulic conductivity of sediments at a crude-oil spill site near Bemidji, Minnesota: U.S. Geological Survey Water-Resources Investigations Report 98-4053, p. 13. ",
ds_07,x607,607,8/1/1996,Sample date acccurate to the year and accurate between months (date between July 1 and August 31).,2,xLS020,HydrCond_ms,,8.14E-06,xLSBW1,"Strobel, M.L., Delin, G.N., Munson, C.J., 1998, Spacial variation in saturation hydraulic conductivity of sediments at a crude-oil spill site near Bemidji, Minnesota: U.S. Geological Survey Water-Resources Investigations Report 98-4053, p. 13. ",
ds_07,x702B,702B,8/1/1996,Sample date acccurate to the year and accurate between months (date between July 1 and August 31).,2,xLS020,HydrCond_ms,,0.000301,xLSBW1,"Strobel, M.L., Delin, G.N., Munson, C.J., 1998, Spacial variation in saturation hydraulic conductivity of sediments at a crude-oil spill site near Bemidji, Minnesota: U.S. Geological Survey Water-Resources Investigations Report 98-4053, p. 13. ",
ds_07,x702C,702C,8/1/1996,Sample date acccurate to the year and accurate between months (date between July 1 and August 31).,1,x30210,Wtbl_mBLS,,3.39,xWLPTR,"Strobel, M.L., Delin, G.N., Munson, C.J., 1998, Spacial variation in saturation hydraulic conductivity of sediments at a crude-oil spill site near Bemidji, Minnesota: U.S. Geological Survey Water-Resources Investigations Report 98-4053, p. 13. ",
ds_07,x704,704,8/1/1996,Sample date acccurate to the year and accurate between months (date between July 1 and August 31).,2,xLS020,HydrCond_ms,,1.69E-05,xLSBW1,"Strobel, M.L., Delin, G.N., Munson, C.J., 1998, Spacial variation in saturation hydraulic conductivity of sediments at a crude-oil spill site near Bemidji, Minnesota: U.S. Geological Survey Water-Resources Investigations Report 98-4053, p. 13. ",
ds_07,x705,705,8/1/1996,Sample date acccurate to the year and accurate between months (date between July 1 and August 31).,2,xLS020,HydrCond_ms,,2.86E-06,xLSBW1,"Strobel, M.L., Delin, G.N., Munson, C.J., 1998, Spacial variation in saturation hydraulic conductivity of sediments at a crude-oil spill site near Bemidji, Minnesota: U.S. Geological Survey Water-Resources Investigations Report 98-4053, p. 13. ",
ds_07,x707B,707B,8/1/1996,Sample date acccurate to the year and accurate between months (date between July 1 and August 31).,2,xLS020,HydrCond_ms,,0.000302,xLSBW1,"Strobel, M.L., Delin, G.N., Munson, C.J., 1998, Spacial variation in saturation hydraulic conductivity of sediments at a crude-oil spill site near Bemidji, Minnesota: U.S. Geological Survey Water-Resources Investigations Report 98-4053, p. 13. ",
ds_07,x707C,707C,8/1/1996,Sample date acccurate to the year and accurate between months (date between July 1 and August 31).,2,xLS020,HydrCond_ms,,0.000276,xLSBW1,"Strobel, M.L., Delin, G.N., Munson, C.J., 1998, Spacial variation in saturation hydraulic conductivity of sediments at a crude-oil spill site near Bemidji, Minnesota: U.S. Geological Survey Water-Resources Investigations Report 98-4053, p. 13. ",
ds_07,x707D,707D,8/1/1996,Sample date acccurate to the year and accurate between months (date between July 1 and August 31).,2,xLS020,HydrCond_ms,,0.000333,xLSBW1,"Strobel, M.L., Delin, G.N., Munson, C.J., 1998, Spacial variation in saturation hydraulic conductivity of sediments at a crude-oil spill site near Bemidji, Minnesota: U.S. Geological Survey Water-Resources Investigations Report 98-4053, p. 13. ",
ds_07,x806,806,8/1/1996,Sample date acccurate to the year and accurate between months (date between July 1 and August 31).,2,xLS020,HydrCond_ms,,0.000199,xLSBW1,"Strobel, M.L., Delin, G.N., Munson, C.J., 1998, Spacial variation in saturation hydraulic conductivity of sediments at a crude-oil spill site near Bemidji, Minnesota: U.S. Geological Survey Water-Resources Investigations Report 98-4053, p. 13. ",
ds_07,x813,813,8/1/1996,Sample date acccurate to the year and accurate between months (date between July 1 and August 31).,2,xLS020,HydrCond_ms,na,,xLSBW1,"Strobel, M.L., Delin, G.N., Munson, C.J., 1998, Spacial variation in saturation hydraulic conductivity of sediments at a crude-oil spill site near Bemidji, Minnesota: U.S. Geological Survey Water-Resources Investigations Report 98-4053, p. 13. ",
ds_07,x910,910,8/1/1996,Sample date acccurate to the year and accurate between months (date between July 1 and August 31).,2,xLS020,HydrCond_ms,,2.83E-06,xLSBW1,"Strobel, M.L., Delin, G.N., Munson, C.J., 1998, Spacial variation in saturation hydraulic conductivity of sediments at a crude-oil spill site near Bemidji, Minnesota: U.S. Geological Survey Water-Resources Investigations Report 98-4053, p. 13. ",
ds_07,x912,912,8/1/1996,Sample date acccurate to the year and accurate between months (date between July 1 and August 31).,2,xLS020,HydrCond_ms,,2.19E-05,xLSBW1,"Strobel, M.L., Delin, G.N., Munson, C.J., 1998, Spacial variation in saturation hydraulic conductivity of sediments at a crude-oil spill site near Bemidji, Minnesota: U.S. Geological Survey Water-Resources Investigations Report 98-4053, p. 13. ",
ds_07,x916,916,8/1/1996,Sample date acccurate to the year and accurate between months (date between July 1 and August 31).,2,xLS020,HydrCond_ms,,8.98E-05,xLSBW1,"Strobel, M.L., Delin, G.N., Munson, C.J., 1998, Spacial variation in saturation hydraulic conductivity of sediments at a crude-oil spill site near Bemidji, Minnesota: U.S. Geological Survey Water-Resources Investigations Report 98-4053, p. 13. ",
ds_07,x925B,925B,8/1/1996,Sample date acccurate to the year and accurate between months (date between July 1 and August 31).,1,xLS020,HydrCond_ms,,4.92E-06,xLSBW1,"Strobel, M.L., Delin, G.N., Munson, C.J., 1998, Spacial variation in saturation hydraulic conductivity of sediments at a crude-oil spill site near Bemidji, Minnesota: U.S. Geological Survey Water-Resources Investigations Report 98-4053, p. 13. ",
ds_07,x925B,925B,8/1/1996,Sample date acccurate to the year and accurate between months (date between July 1 and August 31).,2,xLS020,HydrCond_ms,,4.36E-06,xLSBW1,"Strobel, M.L., Delin, G.N., Munson, C.J., 1998, Spacial variation in saturation hydraulic conductivity of sediments at a crude-oil spill site near Bemidji, Minnesota: U.S. Geological Survey Water-Resources Investigations Report 98-4053, p. 13. ",
ds_07,x925B,925B,8/1/1996,Sample date acccurate to the year and accurate between months (date between July 1 and August 31).,3,xLS020,HydrCond_ms,,3.97E-06,xLSBW1,"Strobel, M.L., Delin, G.N., Munson, C.J., 1998, Spacial variation in saturation hydraulic conductivity of sediments at a crude-oil spill site near Bemidji, Minnesota: U.S. Geological Survey Water-Resources Investigations Report 98-4053, p. 13. ",
ds_07,x957A,957A,8/1/1996,Sample date acccurate to the year and accurate between months (date between July 1 and August 31).,2,xLS020,HydrCond_ms,,0.000362,xLSBW1,"Strobel, M.L., Delin, G.N., Munson, C.J., 1998, Spacial variation in saturation hydraulic conductivity of sediments at a crude-oil spill site near Bemidji, Minnesota: U.S. Geological Survey Water-Resources Investigations Report 98-4053, p. 13. ",
ds_07,x9016,9016V,8/1/1996,Sample date acccurate to the year and accurate between months (date between July 1 and August 31).,2,xLS020,HydrCond_ms,,4.87E-06,xLSBW2,"Strobel, M.L., Delin, G.N., Munson, C.J., 1998, Spacial variation in saturation hydraulic conductivity of sediments at a crude-oil spill site near Bemidji, Minnesota: U.S. Geological Survey Water-Resources Investigations Report 98-4053, p. 13. ",
ds_07,x9017,9017,8/1/1996,Sample date acccurate to the year and accurate between months (date between July 1 and August 31).,2,xLS020,HydrCond_ms,,4.35E-06,xLSBW1,"Strobel, M.L., Delin, G.N., Munson, C.J., 1998, Spacial variation in saturation hydraulic conductivity of sediments at a crude-oil spill site near Bemidji, Minnesota: U.S. Geological Survey Water-Resources Investigations Report 98-4053, p. 13. ",
ds_07,x9021,9021,8/1/1996,Sample date acccurate to the year and accurate between months (date between July 1 and August 31).,2,xLS020,HydrCond_ms,,0.000553,xLSBW1,"Strobel, M.L., Delin, G.N., Munson, C.J., 1998, Spacial variation in saturation hydraulic conductivity of sediments at a crude-oil spill site near Bemidji, Minnesota: U.S. Geological Survey Water-Resources Investigations Report 98-4053, p. 13. ",
ds_07,x9025,9025,8/1/1996,Sample date acccurate to the year and accurate between months (date between July 1 and August 31).,2,xLS020,HydrCond_ms,,4.44E-05,xLSBW1,"Strobel, M.L., Delin, G.N., Munson, C.J., 1998, Spacial variation in saturation hydraulic conductivity of sediments at a crude-oil spill site near Bemidji, Minnesota: U.S. Geological Survey Water-Resources Investigations Report 98-4053, p. 13. ",
ds_07,x9026,9026,8/1/1996,Sample date acccurate to the year and accurate between months (date between July 1 and August 31).,2,xLS020,HydrCond_ms,,7.99E-05,xLSBW1,"Strobel, M.L., Delin, G.N., Munson, C.J., 1998, Spacial variation in saturation hydraulic conductivity of sediments at a crude-oil spill site near Bemidji, Minnesota: U.S. Geological Survey Water-Resources Investigations Report 98-4053, p. 13. ",
ds_07,x9027,9027,8/1/1996,Sample date acccurate to the year and accurate between months (date between July 1 and August 31).,2,xLS020,HydrCond_ms,,3.00E-05,xLSBW1,"Strobel, M.L., Delin, G.N., Munson, C.J., 1998, Spacial variation in saturation hydraulic conductivity of sediments at a crude-oil spill site near Bemidji, Minnesota: U.S. Geological Survey Water-Resources Investigations Report 98-4053, p. 13. ",
ds_07,x302,302,8/1/1996,Sample date acccurate to the year and accurate between months (date between July 1 and August 31).,3,xLS020,HydrCond_ms,,6.25E-05,xLSBW1,"Strobel, M.L., Delin, G.N., Munson, C.J., 1998, Spacial variation in saturation hydraulic conductivity of sediments at a crude-oil spill site near Bemidji, Minnesota: U.S. Geological Survey Water-Resources Investigations Report 98-4053, p. 13. ",
ds_07,x310B,310B,8/1/1996,Sample date acccurate to the year and accurate between months (date between July 1 and August 31).,3,xLS020,HydrCond_ms,,2.95E-05,xLSBW1,"Strobel, M.L., Delin, G.N., Munson, C.J., 1998, Spacial variation in saturation hydraulic conductivity of sediments at a crude-oil spill site near Bemidji, Minnesota: U.S. Geological Survey Water-Resources Investigations Report 98-4053, p. 13. ",
ds_07,x310C,310C,8/1/1996,Sample date acccurate to the year and accurate between months (date between July 1 and August 31).,3,xLS020,HydrCond_ms,,0.000155,xLSBW1,"Strobel, M.L., Delin, G.N., Munson, C.J., 1998, Spacial variation in saturation hydraulic conductivity of sediments at a crude-oil spill site near Bemidji, Minnesota: U.S. Geological Survey Water-Resources Investigations Report 98-4053, p. 13. ",
ds_07,x310E,310E,8/1/1996,Sample date acccurate to the year and accurate between months (date between July 1 and August 31).,3,xLS020,HydrCond_ms,,7.69E-05,xLSBW1,"Strobel, M.L., Delin, G.N., Munson, C.J., 1998, Spacial variation in saturation hydraulic conductivity of sediments at a crude-oil spill site near Bemidji, Minnesota: U.S. Geological Survey Water-Resources Investigations Report 98-4053, p. 13. ",
ds_07,x405B,405B,8/1/1996,Sample date acccurate to the year and accurate between months (date between July 1 and August 31).,3,xLS020,HydrCond_ms,,0.000196,xLSBW1,"Strobel, M.L., Delin, G.N., Munson, C.J., 1998, Spacial variation in saturation hydraulic conductivity of sediments at a crude-oil spill site near Bemidji, Minnesota: U.S. Geological Survey Water-Resources Investigations Report 98-4053, p. 13. ",
ds_07,x405C,405C,8/1/1996,Sample date acccurate to the year and accurate between months (date between July 1 and August 31).,3,xLS020,HydrCond_ms,,0.000217,xLSBW1,"Strobel, M.L., Delin, G.N., Munson, C.J., 1998, Spacial variation in saturation hydraulic conductivity of sediments at a crude-oil spill site near Bemidji, Minnesota: U.S. Geological Survey Water-Resources Investigations Report 98-4053, p. 13. ",
ds_07,x405D,405D,8/1/1996,Sample date acccurate to the year and accurate between months (date between July 1 and August 31).,3,xLS020,HydrCond_ms,,0.00093,xLSBW1,"Strobel, M.L., Delin, G.N., Munson, C.J., 1998, Spacial variation in saturation hydraulic conductivity of sediments at a crude-oil spill site near Bemidji, Minnesota: U.S. Geological Survey Water-Resources Investigations Report 98-4053, p. 13. ",
ds_07,x417A,417A,8/1/1996,Sample date acccurate to the year and accurate between months (date between July 1 and August 31).,3,xLS020,HydrCond_ms,,0.000174,xLSBW1,"Strobel, M.L., Delin, G.N., Munson, C.J., 1998, Spacial variation in saturation hydraulic conductivity of sediments at a crude-oil spill site near Bemidji, Minnesota: U.S. Geological Survey Water-Resources Investigations Report 98-4053, p. 13. ",
ds_07,x417B,417B,8/1/1996,Sample date acccurate to the year and accurate between months (date between July 1 and August 31).,3,xLS020,HydrCond_ms,,6.54E-05,xLSBW1,"Strobel, M.L., Delin, G.N., Munson, C.J., 1998, Spacial variation in saturation hydraulic conductivity of sediments at a crude-oil spill site near Bemidji, Minnesota: U.S. Geological Survey Water-Resources Investigations Report 98-4053, p. 13. ",
ds_07,x417D,417D,8/1/1996,Sample date acccurate to the year and accurate between months (date between July 1 and August 31).,3,xLS020,HydrCond_ms,,6.67E-05,xLSBW1,"Strobel, M.L., Delin, G.N., Munson, C.J., 1998, Spacial variation in saturation hydraulic conductivity of sediments at a crude-oil spill site near Bemidji, Minnesota: U.S. Geological Survey Water-Resources Investigations Report 98-4053, p. 13. ",
ds_07,x417F,417F,8/1/1996,Sample date acccurate to the year and accurate between months (date between July 1 and August 31).,3,xLS020,HydrCond_ms,,0.000118,xLSBW1,"Strobel, M.L., Delin, G.N., Munson, C.J., 1998, Spacial variation in saturation hydraulic conductivity of sediments at a crude-oil spill site near Bemidji, Minnesota: U.S. Geological Survey Water-Resources Investigations Report 98-4053, p. 13. ",
ds_07,x418A,418A,8/1/1996,Sample date acccurate to the year and accurate between months (date between July 1 and August 31).,3,xLS020,HydrCond_ms,,0.00019,xLSBW1,"Strobel, M.L., Delin, G.N., Munson, C.J., 1998, Spacial variation in saturation hydraulic conductivity of sediments at a crude-oil spill site near Bemidji, Minnesota: U.S. Geological Survey Water-Resources Investigations Report 98-4053, p. 13. ",
ds_07,x418B,418B,8/1/1996,Sample date acccurate to the year and accurate between months (date between July 1 and August 31).,3,xLS020,HydrCond_ms,,8.01E-06,xLSBW1,"Strobel, M.L., Delin, G.N., Munson, C.J., 1998, Spacial variation in saturation hydraulic conductivity of sediments at a crude-oil spill site near Bemidji, Minnesota: U.S. Geological Survey Water-Resources Investigations Report 98-4053, p. 13. ",
ds_07,x418C,418C,8/1/1996,Sample date acccurate to the year and accurate between months (date between July 1 and August 31).,3,xLS020,HydrCond_ms,,5.13E-05,xLSBW1,"Strobel, M.L., Delin, G.N., Munson, C.J., 1998, Spacial variation in saturation hydraulic conductivity of sediments at a crude-oil spill site near Bemidji, Minnesota: U.S. Geological Survey Water-Resources Investigations Report 98-4053, p. 13. ",
ds_07,x418E,418E,8/1/1996,Sample date acccurate to the year and accurate between months (date between July 1 and August 31).,3,xLS020,HydrCond_ms,,2.85E-05,xLSBW1,"Strobel, M.L., Delin, G.N., Munson, C.J., 1998, Spacial variation in saturation hydraulic conductivity of sediments at a crude-oil spill site near Bemidji, Minnesota: U.S. Geological Survey Water-Resources Investigations Report 98-4053, p. 13. ",
ds_07,x420B,420B,8/1/1996,Sample date acccurate to the year and accurate between months (date between July 1 and August 31).,3,xLS020,HydrCond_ms,,6.18E-05,xLSBW1,"Strobel, M.L., Delin, G.N., Munson, C.J., 1998, Spacial variation in saturation hydraulic conductivity of sediments at a crude-oil spill site near Bemidji, Minnesota: U.S. Geological Survey Water-Resources Investigations Report 98-4053, p. 13. ",
ds_07,x420C,420C,8/1/1996,Sample date acccurate to the year and accurate between months (date between July 1 and August 31).,3,xLS020,HydrCond_ms,,0.00019,xLSBW1,"Strobel, M.L., Delin, G.N., Munson, C.J., 1998, Spacial variation in saturation hydraulic conductivity of sediments at a crude-oil spill site near Bemidji, Minnesota: U.S. Geological Survey Water-Resources Investigations Report 98-4053, p. 13. ",
ds_07,x503,503,8/1/1996,Sample date acccurate to the year and accurate between months (date between July 1 and August 31).,3,xLS020,HydrCond_ms,,3.24E-05,xLSBW1,"Strobel, M.L., Delin, G.N., Munson, C.J., 1998, Spacial variation in saturation hydraulic conductivity of sediments at a crude-oil spill site near Bemidji, Minnesota: U.S. Geological Survey Water-Resources Investigations Report 98-4053, p. 13. ",
ds_07,x504,504,8/1/1996,Sample date acccurate to the year and accurate between months (date between July 1 and August 31).,3,xLS020,HydrCond_ms,,1.24E-05,xLSBW1,"Strobel, M.L., Delin, G.N., Munson, C.J., 1998, Spacial variation in saturation hydraulic conductivity of sediments at a crude-oil spill site near Bemidji, Minnesota: U.S. Geological Survey Water-Resources Investigations Report 98-4053, p. 13. ",
ds_07,x505,505,8/1/1996,Sample date acccurate to the year and accurate between months (date between July 1 and August 31).,3,xLS020,HydrCond_ms,na,,xLSBW1,"Strobel, M.L., Delin, G.N., Munson, C.J., 1998, Spacial variation in saturation hydraulic conductivity of sediments at a crude-oil spill site near Bemidji, Minnesota: U.S. Geological Survey Water-Resources Investigations Report 98-4053, p. 13. ",
ds_07,x515B,515B,8/1/1996,Sample date acccurate to the year and accurate between months (date between July 1 and August 31).,3,xLS020,HydrCond_ms,,0.000184,xLSBW1,"Strobel, M.L., Delin, G.N., Munson, C.J., 1998, Spacial variation in saturation hydraulic conductivity of sediments at a crude-oil spill site near Bemidji, Minnesota: U.S. Geological Survey Water-Resources Investigations Report 98-4053, p. 13. ",
ds_07,x524,524,8/1/1996,Sample date acccurate to the year and accurate between months (date between July 1 and August 31).,3,xLS020,HydrCond_ms,na,,xLSBW1,"Strobel, M.L., Delin, G.N., Munson, C.J., 1998, Spacial variation in saturation hydraulic conductivity of sediments at a crude-oil spill site near Bemidji, Minnesota: U.S. Geological Survey Water-Resources Investigations Report 98-4053, p. 13. ",
ds_07,x525,525,8/1/1996,Sample date acccurate to the year and accurate between months (date between July 1 and August 31).,3,xLS020,HydrCond_ms,na,,xLSBW1,"Strobel, M.L., Delin, G.N., Munson, C.J., 1998, Spacial variation in saturation hydraulic conductivity of sediments at a crude-oil spill site near Bemidji, Minnesota: U.S. Geological Survey Water-Resources Investigations Report 98-4053, p. 13. ",
ds_07,x526,526,8/1/1996,Sample date acccurate to the year and accurate between months (date between July 1 and August 31).,3,xLS020,HydrCond_ms,,1.78E-05,xLSBW1,"Strobel, M.L., Delin, G.N., Munson, C.J., 1998, Spacial variation in saturation hydraulic conductivity of sediments at a crude-oil spill site near Bemidji, Minnesota: U.S. Geological Survey Water-Resources Investigations Report 98-4053, p. 13. ",
ds_07,x529,529V,8/1/1996,Sample date acccurate to the year and accurate between months (date between July 1 and August 31).,3,xLS020,HydrCond_ms,,4.68E-05,xLSBW2,"Strobel, M.L., Delin, G.N., Munson, C.J., 1998, Spacial variation in saturation hydraulic conductivity of sediments at a crude-oil spill site near Bemidji, Minnesota: U.S. Geological Survey Water-Resources Investigations Report 98-4053, p. 13. ",
ds_07,x530A,530AV,8/1/1996,Sample date acccurate to the year and accurate between months (date between July 1 and August 31).,3,xLS020,HydrCond_ms,,6.13E-06,xLSBW2,"Strobel, M.L., Delin, G.N., Munson, C.J., 1998, Spacial variation in saturation hydraulic conductivity of sediments at a crude-oil spill site near Bemidji, Minnesota: U.S. Geological Survey Water-Resources Investigations Report 98-4053, p. 13. ",
ds_07,x530B,530B,8/1/1996,Sample date acccurate to the year and accurate between months (date between July 1 and August 31).,3,xLS020,HydrCond_ms,,4.49E-05,xLSBW1,"Strobel, M.L., Delin, G.N., Munson, C.J., 1998, Spacial variation in saturation hydraulic conductivity of sediments at a crude-oil spill site near Bemidji, Minnesota: U.S. Geological Survey Water-Resources Investigations Report 98-4053, p. 13. ",
ds_07,x530C,530C,8/1/1996,Sample date acccurate to the year and accurate between months (date between July 1 and August 31).,3,xLS020,HydrCond_ms,,0.000265,xLSBW1,"Strobel, M.L., Delin, G.N., Munson, C.J., 1998, Spacial variation in saturation hydraulic conductivity of sediments at a crude-oil spill site near Bemidji, Minnesota: U.S. Geological Survey Water-Resources Investigations Report 98-4053, p. 13. ",
ds_07,x530D,530D,8/1/1996,Sample date acccurate to the year and accurate between months (date between July 1 and August 31).,3,xLS020,HydrCond_ms,,6.20E-05,xLSBW1,"Strobel, M.L., Delin, G.N., Munson, C.J., 1998, Spacial variation in saturation hydraulic conductivity of sediments at a crude-oil spill site near Bemidji, Minnesota: U.S. Geological Survey Water-Resources Investigations Report 98-4053, p. 13. ",
ds_07,x532B,532B,8/1/1996,Sample date acccurate to the year and accurate between months (date between July 1 and August 31).,3,xLS020,HydrCond_ms,,0.000112,xLSBW1,"Strobel, M.L., Delin, G.N., Munson, C.J., 1998, Spacial variation in saturation hydraulic conductivity of sediments at a crude-oil spill site near Bemidji, Minnesota: U.S. Geological Survey Water-Resources Investigations Report 98-4053, p. 13. ",
ds_07,x532C,532C,8/1/1996,Sample date acccurate to the year and accurate between months (date between July 1 and August 31).,3,xLS020,HydrCond_ms,,0.00024,xLSBW1,"Strobel, M.L., Delin, G.N., Munson, C.J., 1998, Spacial variation in saturation hydraulic conductivity of sediments at a crude-oil spill site near Bemidji, Minnesota: U.S. Geological Survey Water-Resources Investigations Report 98-4053, p. 13. ",
ds_07,x532D,532D,8/1/1996,Sample date acccurate to the year and accurate between months (date between July 1 and August 31).,3,xLS020,HydrCond_ms,,0.000501,xLSBW1,"Strobel, M.L., Delin, G.N., Munson, C.J., 1998, Spacial variation in saturation hydraulic conductivity of sediments at a crude-oil spill site near Bemidji, Minnesota: U.S. Geological Survey Water-Resources Investigations Report 98-4053, p. 13. ",
ds_07,x532E,532E,8/1/1996,Sample date acccurate to the year and accurate between months (date between July 1 and August 31).,3,xLS020,HydrCond_ms,,0.000149,xLSBW1,"Strobel, M.L., Delin, G.N., Munson, C.J., 1998, Spacial variation in saturation hydraulic conductivity of sediments at a crude-oil spill site near Bemidji, Minnesota: U.S. Geological Survey Water-Resources Investigations Report 98-4053, p. 13. ",
ds_07,x533B,533B,8/1/1996,Sample date acccurate to the year and accurate between months (date between July 1 and August 31).,3,xLS020,HydrCond_ms,,9.33E-05,xLSBW1,"Strobel, M.L., Delin, G.N., Munson, C.J., 1998, Spacial variation in saturation hydraulic conductivity of sediments at a crude-oil spill site near Bemidji, Minnesota: U.S. Geological Survey Water-Resources Investigations Report 98-4053, p. 13. ",
ds_07,x533C,533C,8/1/1996,Sample date acccurate to the year and accurate between months (date between July 1 and August 31).,3,xLS020,HydrCond_ms,,0.000214,xLSBW1,"Strobel, M.L., Delin, G.N., Munson, C.J., 1998, Spacial variation in saturation hydraulic conductivity of sediments at a crude-oil spill site near Bemidji, Minnesota: U.S. Geological Survey Water-Resources Investigations Report 98-4053, p. 13. ",
ds_07,x607,607,8/1/1996,Sample date acccurate to the year and accurate between months (date between July 1 and August 31).,3,xLS020,HydrCond_ms,,7.85E-06,xLSBW1,"Strobel, M.L., Delin, G.N., Munson, C.J., 1998, Spacial variation in saturation hydraulic conductivity of sediments at a crude-oil spill site near Bemidji, Minnesota: U.S. Geological Survey Water-Resources Investigations Report 98-4053, p. 13. ",
ds_07,x702B,702B,8/1/1996,Sample date acccurate to the year and accurate between months (date between July 1 and August 31).,3,xLS020,HydrCond_ms,,0.000275,xLSBW1,"Strobel, M.L., Delin, G.N., Munson, C.J., 1998, Spacial variation in saturation hydraulic conductivity of sediments at a crude-oil spill site near Bemidji, Minnesota: U.S. Geological Survey Water-Resources Investigations Report 98-4053, p. 13. ",
ds_07,x925B,925B,8/1/1996,Sample date acccurate to the year and accurate between months (date between July 1 and August 31).,,xLS019,HydrCond_mean_ms,,4.42E-06,xLSBW1,"Strobel, M.L., Delin, G.N., Munson, C.J., 1998, Spacial variation in saturation hydraulic conductivity of sediments at a crude-oil spill site near Bemidji, Minnesota: U.S. Geological Survey Water-Resources Investigations Report 98-4053, p. 13. ",
ds_07,x704,704,8/1/1996,Sample date acccurate to the year and accurate between months (date between July 1 and August 31).,3,xLS020,HydrCond_ms,,1.69E-05,xLSBW1,"Strobel, M.L., Delin, G.N., Munson, C.J., 1998, Spacial variation in saturation hydraulic conductivity of sediments at a crude-oil spill site near Bemidji, Minnesota: U.S. Geological Survey Water-Resources Investigations Report 98-4053, p. 13. ",
ds_07,x705,705,8/1/1996,Sample date acccurate to the year and accurate between months (date between July 1 and August 31).,3,xLS020,HydrCond_ms,na,,xLSBW1,"Strobel, M.L., Delin, G.N., Munson, C.J., 1998, Spacial variation in saturation hydraulic conductivity of sediments at a crude-oil spill site near Bemidji, Minnesota: U.S. Geological Survey Water-Resources Investigations Report 98-4053, p. 13. ",
ds_07,x707B,707B,8/1/1996,Sample date acccurate to the year and accurate between months (date between July 1 and August 31).,3,xLS020,HydrCond_ms,,0.00035,xLSBW1,"Strobel, M.L., Delin, G.N., Munson, C.J., 1998, Spacial variation in saturation hydraulic conductivity of sediments at a crude-oil spill site near Bemidji, Minnesota: U.S. Geological Survey Water-Resources Investigations Report 98-4053, p. 13. ",
ds_07,x707C,707C,8/1/1996,Sample date acccurate to the year and accurate between months (date between July 1 and August 31).,3,xLS020,HydrCond_ms,,0.000276,xLSBW1,"Strobel, M.L., Delin, G.N., Munson, C.J., 1998, Spacial variation in saturation hydraulic conductivity of sediments at a crude-oil spill site near Bemidji, Minnesota: U.S. Geological Survey Water-Resources Investigations Report 98-4053, p. 13. ",
ds_07,x707D,707D,8/1/1996,Sample date acccurate to the year and accurate between months (date between July 1 and August 31).,3,xLS020,HydrCond_ms,,0.00036,xLSBW1,"Strobel, M.L., Delin, G.N., Munson, C.J., 1998, Spacial variation in saturation hydraulic conductivity of sediments at a crude-oil spill site near Bemidji, Minnesota: U.S. Geological Survey Water-Resources Investigations Report 98-4053, p. 13. ",
ds_07,x806,806,8/1/1996,Sample date acccurate to the year and accurate between months (date between July 1 and August 31).,3,xLS020,HydrCond_ms,,0.000225,xLSBW1,"Strobel, M.L., Delin, G.N., Munson, C.J., 1998, Spacial variation in saturation hydraulic conductivity of sediments at a crude-oil spill site near Bemidji, Minnesota: U.S. Geological Survey Water-Resources Investigations Report 98-4053, p. 13. ",
ds_07,x813,813,8/1/1996,Sample date acccurate to the year and accurate between months (date between July 1 and August 31).,3,xLS020,HydrCond_ms,na,,xLSBW1,"Strobel, M.L., Delin, G.N., Munson, C.J., 1998, Spacial variation in saturation hydraulic conductivity of sediments at a crude-oil spill site near Bemidji, Minnesota: U.S. Geological Survey Water-Resources Investigations Report 98-4053, p. 13. ",
ds_07,x910,910,8/1/1996,Sample date acccurate to the year and accurate between months (date between July 1 and August 31).,3,xLS020,HydrCond_ms,,2.70E-06,xLSBW1,"Strobel, M.L., Delin, G.N., Munson, C.J., 1998, Spacial variation in saturation hydraulic conductivity of sediments at a crude-oil spill site near Bemidji, Minnesota: U.S. Geological Survey Water-Resources Investigations Report 98-4053, p. 13. ",
ds_07,x912,912,8/1/1996,Sample date acccurate to the year and accurate between months (date between July 1 and August 31).,3,xLS020,HydrCond_ms,na,,xLSBW1,"Strobel, M.L., Delin, G.N., Munson, C.J., 1998, Spacial variation in saturation hydraulic conductivity of sediments at a crude-oil spill site near Bemidji, Minnesota: U.S. Geological Survey Water-Resources Investigations Report 98-4053, p. 13. ",
ds_07,x916,916,8/1/1996,Sample date acccurate to the year and accurate between months (date between July 1 and August 31).,3,xLS020,HydrCond_ms,,7.34E-05,xLSBW1,"Strobel, M.L., Delin, G.N., Munson, C.J., 1998, Spacial variation in saturation hydraulic conductivity of sediments at a crude-oil spill site near Bemidji, Minnesota: U.S. Geological Survey Water-Resources Investigations Report 98-4053, p. 13. ",
ds_07,x925B,925B,8/1/1996,Sample date acccurate to the year and accurate between months (date between July 1 and August 31).,1,x30210,Wtbl_mBLS,,9.06,xWLPTR,"Strobel, M.L., Delin, G.N., Munson, C.J., 1998, Spacial variation in saturation hydraulic conductivity of sediments at a crude-oil spill site near Bemidji, Minnesota: U.S. Geological Survey Water-Resources Investigations Report 98-4053, p. 13. ",
ds_07,x954A,954A,8/1/1996,Sample date acccurate to the year and accurate between months (date between July 1 and August 31).,1,xLS020,HydrCond_ms,,2.13E-05,xLSBW1,"Strobel, M.L., Delin, G.N., Munson, C.J., 1998, Spacial variation in saturation hydraulic conductivity of sediments at a crude-oil spill site near Bemidji, Minnesota: U.S. Geological Survey Water-Resources Investigations Report 98-4053, p. 13. ",
ds_07,x954A,954A,8/1/1996,Sample date acccurate to the year and accurate between months (date between July 1 and August 31).,2,xLS020,HydrCond_ms,,1.73E-05,xLSBW1,"Strobel, M.L., Delin, G.N., Munson, C.J., 1998, Spacial variation in saturation hydraulic conductivity of sediments at a crude-oil spill site near Bemidji, Minnesota: U.S. Geological Survey Water-Resources Investigations Report 98-4053, p. 13. ",
ds_07,x957A,957A,8/1/1996,Sample date acccurate to the year and accurate between months (date between July 1 and August 31).,3,xLS020,HydrCond_ms,,0.000327,xLSBW1,"Strobel, M.L., Delin, G.N., Munson, C.J., 1998, Spacial variation in saturation hydraulic conductivity of sediments at a crude-oil spill site near Bemidji, Minnesota: U.S. Geological Survey Water-Resources Investigations Report 98-4053, p. 13. ",
ds_07,x9016,9016V,8/1/1996,Sample date acccurate to the year and accurate between months (date between July 1 and August 31).,3,xLS020,HydrCond_ms,,4.26E-06,xLSBW2,"Strobel, M.L., Delin, G.N., Munson, C.J., 1998, Spacial variation in saturation hydraulic conductivity of sediments at a crude-oil spill site near Bemidji, Minnesota: U.S. Geological Survey Water-Resources Investigations Report 98-4053, p. 13. ",
ds_07,x9017,9017,8/1/1996,Sample date acccurate to the year and accurate between months (date between July 1 and August 31).,3,xLS020,HydrCond_ms,,3.81E-06,xLSBW1,"Strobel, M.L., Delin, G.N., Munson, C.J., 1998, Spacial variation in saturation hydraulic conductivity of sediments at a crude-oil spill site near Bemidji, Minnesota: U.S. Geological Survey Water-Resources Investigations Report 98-4053, p. 13. ",
ds_07,x9021,9021,8/1/1996,Sample date acccurate to the year and accurate between months (date between July 1 and August 31).,3,xLS020,HydrCond_ms,,0.000506,xLSBW1,"Strobel, M.L., Delin, G.N., Munson, C.J., 1998, Spacial variation in saturation hydraulic conductivity of sediments at a crude-oil spill site near Bemidji, Minnesota: U.S. Geological Survey Water-Resources Investigations Report 98-4053, p. 13. ",
ds_07,x9025,9025,8/1/1996,Sample date acccurate to the year and accurate between months (date between July 1 and August 31).,3,xLS020,HydrCond_ms,,3.79E-05,xLSBW1,"Strobel, M.L., Delin, G.N., Munson, C.J., 1998, Spacial variation in saturation hydraulic conductivity of sediments at a crude-oil spill site near Bemidji, Minnesota: U.S. Geological Survey Water-Resources Investigations Report 98-4053, p. 13. ",
ds_07,x9026,9026,8/1/1996,Sample date acccurate to the year and accurate between months (date between July 1 and August 31).,3,xLS020,HydrCond_ms,,7.82E-05,xLSBW1,"Strobel, M.L., Delin, G.N., Munson, C.J., 1998, Spacial variation in saturation hydraulic conductivity of sediments at a crude-oil spill site near Bemidji, Minnesota: U.S. Geological Survey Water-Resources Investigations Report 98-4053, p. 13. ",
ds_07,x9027,9027,8/1/1996,Sample date acccurate to the year and accurate between months (date between July 1 and August 31).,3,xLS020,HydrCond_ms,,1.86E-05,xLSBW1,"Strobel, M.L., Delin, G.N., Munson, C.J., 1998, Spacial variation in saturation hydraulic conductivity of sediments at a crude-oil spill site near Bemidji, Minnesota: U.S. Geological Survey Water-Resources Investigations Report 98-4053, p. 13. ",
ds_07,x302,302,8/1/1996,Sample date acccurate to the year and accurate between months (date between July 1 and August 31).,,xLS019,HydrCond_mean_ms,,5.81E-05,xLSBW1,"Strobel, M.L., Delin, G.N., Munson, C.J., 1998, Spacial variation in saturation hydraulic conductivity of sediments at a crude-oil spill site near Bemidji, Minnesota: U.S. Geological Survey Water-Resources Investigations Report 98-4053, p. 13. ",
ds_07,x310B,310B,8/1/1996,Sample date acccurate to the year and accurate between months (date between July 1 and August 31).,,xLS019,HydrCond_mean_ms,,2.80E-05,xLSBW1,"Strobel, M.L., Delin, G.N., Munson, C.J., 1998, Spacial variation in saturation hydraulic conductivity of sediments at a crude-oil spill site near Bemidji, Minnesota: U.S. Geological Survey Water-Resources Investigations Report 98-4053, p. 13. ",
ds_07,x310C,310C,8/1/1996,Sample date acccurate to the year and accurate between months (date between July 1 and August 31).,,xLS019,HydrCond_mean_ms,,0.000139,xLSBW1,"Strobel, M.L., Delin, G.N., Munson, C.J., 1998, Spacial variation in saturation hydraulic conductivity of sediments at a crude-oil spill site near Bemidji, Minnesota: U.S. Geological Survey Water-Resources Investigations Report 98-4053, p. 13. ",
ds_07,x310E,310E,8/1/1996,Sample date acccurate to the year and accurate between months (date between July 1 and August 31).,,xLS019,HydrCond_mean_ms,,7.54E-05,xLSBW1,"Strobel, M.L., Delin, G.N., Munson, C.J., 1998, Spacial variation in saturation hydraulic conductivity of sediments at a crude-oil spill site near Bemidji, Minnesota: U.S. Geological Survey Water-Resources Investigations Report 98-4053, p. 13. ",
ds_07,x405B,405B,8/1/1996,Sample date acccurate to the year and accurate between months (date between July 1 and August 31).,,xLS019,HydrCond_mean_ms,,0.000198,xLSBW1,"Strobel, M.L., Delin, G.N., Munson, C.J., 1998, Spacial variation in saturation hydraulic conductivity of sediments at a crude-oil spill site near Bemidji, Minnesota: U.S. Geological Survey Water-Resources Investigations Report 98-4053, p. 13. ",
ds_07,x405C,405C,8/1/1996,Sample date acccurate to the year and accurate between months (date between July 1 and August 31).,,xLS019,HydrCond_mean_ms,,0.000213,xLSBW1,"Strobel, M.L., Delin, G.N., Munson, C.J., 1998, Spacial variation in saturation hydraulic conductivity of sediments at a crude-oil spill site near Bemidji, Minnesota: U.S. Geological Survey Water-Resources Investigations Report 98-4053, p. 13. ",
ds_07,x405D,405D,8/1/1996,Sample date acccurate to the year and accurate between months (date between July 1 and August 31).,,xLS019,HydrCond_mean_ms,,0.000947,xLSBW1,"Strobel, M.L., Delin, G.N., Munson, C.J., 1998, Spacial variation in saturation hydraulic conductivity of sediments at a crude-oil spill site near Bemidji, Minnesota: U.S. Geological Survey Water-Resources Investigations Report 98-4053, p. 13. ",
ds_07,x417A,417A,8/1/1996,Sample date acccurate to the year and accurate between months (date between July 1 and August 31).,,xLS019,HydrCond_mean_ms,,0.000179,xLSBW1,"Strobel, M.L., Delin, G.N., Munson, C.J., 1998, Spacial variation in saturation hydraulic conductivity of sediments at a crude-oil spill site near Bemidji, Minnesota: U.S. Geological Survey Water-Resources Investigations Report 98-4053, p. 13. ",
ds_07,x417B,417B,8/1/1996,Sample date acccurate to the year and accurate between months (date between July 1 and August 31).,,xLS019,HydrCond_mean_ms,,7.41E-05,xLSBW1,"Strobel, M.L., Delin, G.N., Munson, C.J., 1998, Spacial variation in saturation hydraulic conductivity of sediments at a crude-oil spill site near Bemidji, Minnesota: U.S. Geological Survey Water-Resources Investigations Report 98-4053, p. 13. ",
ds_07,x417D,417D,8/1/1996,Sample date acccurate to the year and accurate between months (date between July 1 and August 31).,,xLS019,HydrCond_mean_ms,,7.14E-05,xLSBW1,"Strobel, M.L., Delin, G.N., Munson, C.J., 1998, Spacial variation in saturation hydraulic conductivity of sediments at a crude-oil spill site near Bemidji, Minnesota: U.S. Geological Survey Water-Resources Investigations Report 98-4053, p. 13. ",
ds_07,x417F,417F,8/1/1996,Sample date acccurate to the year and accurate between months (date between July 1 and August 31).,,xLS019,HydrCond_mean_ms,,0.000116,xLSBW1,"Strobel, M.L., Delin, G.N., Munson, C.J., 1998, Spacial variation in saturation hydraulic conductivity of sediments at a crude-oil spill site near Bemidji, Minnesota: U.S. Geological Survey Water-Resources Investigations Report 98-4053, p. 13. ",
ds_07,x418A,418A,8/1/1996,Sample date acccurate to the year and accurate between months (date between July 1 and August 31).,,xLS019,HydrCond_mean_ms,,0.000214,xLSBW1,"Strobel, M.L., Delin, G.N., Munson, C.J., 1998, Spacial variation in saturation hydraulic conductivity of sediments at a crude-oil spill site near Bemidji, Minnesota: U.S. Geological Survey Water-Resources Investigations Report 98-4053, p. 13. ",
ds_07,x418B,418B,8/1/1996,Sample date acccurate to the year and accurate between months (date between July 1 and August 31).,,xLS019,HydrCond_mean_ms,,6.04E-06,xLSBW1,"Strobel, M.L., Delin, G.N., Munson, C.J., 1998, Spacial variation in saturation hydraulic conductivity of sediments at a crude-oil spill site near Bemidji, Minnesota: U.S. Geological Survey Water-Resources Investigations Report 98-4053, p. 13. ",
ds_07,x418C,418C,8/1/1996,Sample date acccurate to the year and accurate between months (date between July 1 and August 31).,,xLS019,HydrCond_mean_ms,,5.71E-05,xLSBW1,"Strobel, M.L., Delin, G.N., Munson, C.J., 1998, Spacial variation in saturation hydraulic conductivity of sediments at a crude-oil spill site near Bemidji, Minnesota: U.S. Geological Survey Water-Resources Investigations Report 98-4053, p. 13. ",
ds_07,x418E,418E,8/1/1996,Sample date acccurate to the year and accurate between months (date between July 1 and August 31).,,xLS019,HydrCond_mean_ms,,2.75E-05,xLSBW1,"Strobel, M.L., Delin, G.N., Munson, C.J., 1998, Spacial variation in saturation hydraulic conductivity of sediments at a crude-oil spill site near Bemidji, Minnesota: U.S. Geological Survey Water-Resources Investigations Report 98-4053, p. 13. ",
ds_07,x420B,420B,8/1/1996,Sample date acccurate to the year and accurate between months (date between July 1 and August 31).,,xLS019,HydrCond_mean_ms,,6.44E-05,xLSBW1,"Strobel, M.L., Delin, G.N., Munson, C.J., 1998, Spacial variation in saturation hydraulic conductivity of sediments at a crude-oil spill site near Bemidji, Minnesota: U.S. Geological Survey Water-Resources Investigations Report 98-4053, p. 13. ",
ds_07,x420C,420C,8/1/1996,Sample date acccurate to the year and accurate between months (date between July 1 and August 31).,,xLS019,HydrCond_mean_ms,,0.000199,xLSBW1,"Strobel, M.L., Delin, G.N., Munson, C.J., 1998, Spacial variation in saturation hydraulic conductivity of sediments at a crude-oil spill site near Bemidji, Minnesota: U.S. Geological Survey Water-Resources Investigations Report 98-4053, p. 13. ",
ds_07,x503,503,8/1/1996,Sample date acccurate to the year and accurate between months (date between July 1 and August 31).,,xLS019,HydrCond_mean_ms,,3.39E-05,xLSBW1,"Strobel, M.L., Delin, G.N., Munson, C.J., 1998, Spacial variation in saturation hydraulic conductivity of sediments at a crude-oil spill site near Bemidji, Minnesota: U.S. Geological Survey Water-Resources Investigations Report 98-4053, p. 13. ",
ds_07,x504,504,8/1/1996,Sample date acccurate to the year and accurate between months (date between July 1 and August 31).,,xLS019,HydrCond_mean_ms,,1.03E-05,xLSBW1,"Strobel, M.L., Delin, G.N., Munson, C.J., 1998, Spacial variation in saturation hydraulic conductivity of sediments at a crude-oil spill site near Bemidji, Minnesota: U.S. Geological Survey Water-Resources Investigations Report 98-4053, p. 13. ",
ds_07,x505,505,8/1/1996,Sample date acccurate to the year and accurate between months (date between July 1 and August 31).,,xLS019,HydrCond_mean_ms,,4.15E-07,xLSBW1,"Strobel, M.L., Delin, G.N., Munson, C.J., 1998, Spacial variation in saturation hydraulic conductivity of sediments at a crude-oil spill site near Bemidji, Minnesota: U.S. Geological Survey Water-Resources Investigations Report 98-4053, p. 13. ",
ds_07,x515B,515B,8/1/1996,Sample date acccurate to the year and accurate between months (date between July 1 and August 31).,,xLS019,HydrCond_mean_ms,,0.000195,xLSBW1,"Strobel, M.L., Delin, G.N., Munson, C.J., 1998, Spacial variation in saturation hydraulic conductivity of sediments at a crude-oil spill site near Bemidji, Minnesota: U.S. Geological Survey Water-Resources Investigations Report 98-4053, p. 13. ",
ds_07,x524,524,8/1/1996,Sample date acccurate to the year and accurate between months (date between July 1 and August 31).,,xLS019,HydrCond_mean_ms,,4.33E-06,xLSBW1,"Strobel, M.L., Delin, G.N., Munson, C.J., 1998, Spacial variation in saturation hydraulic conductivity of sediments at a crude-oil spill site near Bemidji, Minnesota: U.S. Geological Survey Water-Resources Investigations Report 98-4053, p. 13. ",
ds_07,x525,525,8/1/1996,Sample date acccurate to the year and accurate between months (date between July 1 and August 31).,,xLS019,HydrCond_mean_ms,,1.92E-06,xLSBW1,"Strobel, M.L., Delin, G.N., Munson, C.J., 1998, Spacial variation in saturation hydraulic conductivity of sediments at a crude-oil spill site near Bemidji, Minnesota: U.S. Geological Survey Water-Resources Investigations Report 98-4053, p. 13. ",
ds_07,x526,526,8/1/1996,Sample date acccurate to the year and accurate between months (date between July 1 and August 31).,,xLS019,HydrCond_mean_ms,,1.44E-05,xLSBW1,"Strobel, M.L., Delin, G.N., Munson, C.J., 1998, Spacial variation in saturation hydraulic conductivity of sediments at a crude-oil spill site near Bemidji, Minnesota: U.S. Geological Survey Water-Resources Investigations Report 98-4053, p. 13. ",
ds_07,x529,529V,8/1/1996,Sample date acccurate to the year and accurate between months (date between July 1 and August 31).,,xLS019,HydrCond_mean_ms,,5.42E-05,xLSBW2,"Strobel, M.L., Delin, G.N., Munson, C.J., 1998, Spacial variation in saturation hydraulic conductivity of sediments at a crude-oil spill site near Bemidji, Minnesota: U.S. Geological Survey Water-Resources Investigations Report 98-4053, p. 13. ",
ds_07,x530A,530AV,8/1/1996,Sample date acccurate to the year and accurate between months (date between July 1 and August 31).,,xLS019,HydrCond_mean_ms,,6.03E-06,xLSBW2,"Strobel, M.L., Delin, G.N., Munson, C.J., 1998, Spacial variation in saturation hydraulic conductivity of sediments at a crude-oil spill site near Bemidji, Minnesota: U.S. Geological Survey Water-Resources Investigations Report 98-4053, p. 13. ",
ds_07,x530B,530B,8/1/1996,Sample date acccurate to the year and accurate between months (date between July 1 and August 31).,,xLS019,HydrCond_mean_ms,,4.64E-05,xLSBW1,"Strobel, M.L., Delin, G.N., Munson, C.J., 1998, Spacial variation in saturation hydraulic conductivity of sediments at a crude-oil spill site near Bemidji, Minnesota: U.S. Geological Survey Water-Resources Investigations Report 98-4053, p. 13. ",
ds_07,x530C,530C,8/1/1996,Sample date acccurate to the year and accurate between months (date between July 1 and August 31).,,xLS019,HydrCond_mean_ms,,0.000257,xLSBW1,"Strobel, M.L., Delin, G.N., Munson, C.J., 1998, Spacial variation in saturation hydraulic conductivity of sediments at a crude-oil spill site near Bemidji, Minnesota: U.S. Geological Survey Water-Resources Investigations Report 98-4053, p. 13. ",
ds_07,x530D,530D,8/1/1996,Sample date acccurate to the year and accurate between months (date between July 1 and August 31).,,xLS019,HydrCond_mean_ms,,6.17E-05,xLSBW1,"Strobel, M.L., Delin, G.N., Munson, C.J., 1998, Spacial variation in saturation hydraulic conductivity of sediments at a crude-oil spill site near Bemidji, Minnesota: U.S. Geological Survey Water-Resources Investigations Report 98-4053, p. 13. ",
ds_07,x532B,532B,8/1/1996,Sample date acccurate to the year and accurate between months (date between July 1 and August 31).,,xLS019,HydrCond_mean_ms,,0.00011,xLSBW1,"Strobel, M.L., Delin, G.N., Munson, C.J., 1998, Spacial variation in saturation hydraulic conductivity of sediments at a crude-oil spill site near Bemidji, Minnesota: U.S. Geological Survey Water-Resources Investigations Report 98-4053, p. 13. ",
ds_07,x532C,532C,8/1/1996,Sample date acccurate to the year and accurate between months (date between July 1 and August 31).,,xLS019,HydrCond_mean_ms,,0.000232,xLSBW1,"Strobel, M.L., Delin, G.N., Munson, C.J., 1998, Spacial variation in saturation hydraulic conductivity of sediments at a crude-oil spill site near Bemidji, Minnesota: U.S. Geological Survey Water-Resources Investigations Report 98-4053, p. 13. ",
ds_07,x532D,532D,8/1/1996,Sample date acccurate to the year and accurate between months (date between July 1 and August 31).,,xLS019,HydrCond_mean_ms,,0.000536,xLSBW1,"Strobel, M.L., Delin, G.N., Munson, C.J., 1998, Spacial variation in saturation hydraulic conductivity of sediments at a crude-oil spill site near Bemidji, Minnesota: U.S. Geological Survey Water-Resources Investigations Report 98-4053, p. 13. ",
ds_07,x532E,532E,8/1/1996,Sample date acccurate to the year and accurate between months (date between July 1 and August 31).,,xLS019,HydrCond_mean_ms,,0.000143,xLSBW1,"Strobel, M.L., Delin, G.N., Munson, C.J., 1998, Spacial variation in saturation hydraulic conductivity of sediments at a crude-oil spill site near Bemidji, Minnesota: U.S. Geological Survey Water-Resources Investigations Report 98-4053, p. 13. ",
ds_07,x533B,533B,8/1/1996,Sample date acccurate to the year and accurate between months (date between July 1 and August 31).,,xLS019,HydrCond_mean_ms,,9.38E-05,xLSBW1,"Strobel, M.L., Delin, G.N., Munson, C.J., 1998, Spacial variation in saturation hydraulic conductivity of sediments at a crude-oil spill site near Bemidji, Minnesota: U.S. Geological Survey Water-Resources Investigations Report 98-4053, p. 13. ",
ds_07,x533C,533C,8/1/1996,Sample date acccurate to the year and accurate between months (date between July 1 and August 31).,,xLS019,HydrCond_mean_ms,,0.000228,xLSBW1,"Strobel, M.L., Delin, G.N., Munson, C.J., 1998, Spacial variation in saturation hydraulic conductivity of sediments at a crude-oil spill site near Bemidji, Minnesota: U.S. Geological Survey Water-Resources Investigations Report 98-4053, p. 13. ",
ds_07,x607,607,8/1/1996,Sample date acccurate to the year and accurate between months (date between July 1 and August 31).,,xLS019,HydrCond_mean_ms,,7.97E-06,xLSBW1,"Strobel, M.L., Delin, G.N., Munson, C.J., 1998, Spacial variation in saturation hydraulic conductivity of sediments at a crude-oil spill site near Bemidji, Minnesota: U.S. Geological Survey Water-Resources Investigations Report 98-4053, p. 13. ",
ds_07,x702B,702B,8/1/1996,Sample date acccurate to the year and accurate between months (date between July 1 and August 31).,,xLS019,HydrCond_mean_ms,,0.000298,xLSBW1,"Strobel, M.L., Delin, G.N., Munson, C.J., 1998, Spacial variation in saturation hydraulic conductivity of sediments at a crude-oil spill site near Bemidji, Minnesota: U.S. Geological Survey Water-Resources Investigations Report 98-4053, p. 13. ",
ds_07,x954A,954A,8/1/1996,Sample date acccurate to the year and accurate between months (date between July 1 and August 31).,3,xLS020,HydrCond_ms,,1.44E-05,xLSBW1,"Strobel, M.L., Delin, G.N., Munson, C.J., 1998, Spacial variation in saturation hydraulic conductivity of sediments at a crude-oil spill site near Bemidji, Minnesota: U.S. Geological Survey Water-Resources Investigations Report 98-4053, p. 13. ",
ds_07,x704,704,8/1/1996,Sample date acccurate to the year and accurate between months (date between July 1 and August 31).,,xLS019,HydrCond_mean_ms,,1.76E-05,xLSBW1,"Strobel, M.L., Delin, G.N., Munson, C.J., 1998, Spacial variation in saturation hydraulic conductivity of sediments at a crude-oil spill site near Bemidji, Minnesota: U.S. Geological Survey Water-Resources Investigations Report 98-4053, p. 13. ",
ds_07,x705,705,8/1/1996,Sample date acccurate to the year and accurate between months (date between July 1 and August 31).,,xLS019,HydrCond_mean_ms,,2.90E-06,xLSBW1,"Strobel, M.L., Delin, G.N., Munson, C.J., 1998, Spacial variation in saturation hydraulic conductivity of sediments at a crude-oil spill site near Bemidji, Minnesota: U.S. Geological Survey Water-Resources Investigations Report 98-4053, p. 13. ",
ds_07,x707B,707B,8/1/1996,Sample date acccurate to the year and accurate between months (date between July 1 and August 31).,,xLS019,HydrCond_mean_ms,,0.000317,xLSBW1,"Strobel, M.L., Delin, G.N., Munson, C.J., 1998, Spacial variation in saturation hydraulic conductivity of sediments at a crude-oil spill site near Bemidji, Minnesota: U.S. Geological Survey Water-Resources Investigations Report 98-4053, p. 13. ",
ds_07,x707C,707C,8/1/1996,Sample date acccurate to the year and accurate between months (date between July 1 and August 31).,,xLS019,HydrCond_mean_ms,,0.000271,xLSBW1,"Strobel, M.L., Delin, G.N., Munson, C.J., 1998, Spacial variation in saturation hydraulic conductivity of sediments at a crude-oil spill site near Bemidji, Minnesota: U.S. Geological Survey Water-Resources Investigations Report 98-4053, p. 13. ",
ds_07,x707D,707D,8/1/1996,Sample date acccurate to the year and accurate between months (date between July 1 and August 31).,,xLS019,HydrCond_mean_ms,,0.000358,xLSBW1,"Strobel, M.L., Delin, G.N., Munson, C.J., 1998, Spacial variation in saturation hydraulic conductivity of sediments at a crude-oil spill site near Bemidji, Minnesota: U.S. Geological Survey Water-Resources Investigations Report 98-4053, p. 13. ",
ds_07,x806,806,8/1/1996,Sample date acccurate to the year and accurate between months (date between July 1 and August 31).,,xLS019,HydrCond_mean_ms,,0.00022,xLSBW1,"Strobel, M.L., Delin, G.N., Munson, C.J., 1998, Spacial variation in saturation hydraulic conductivity of sediments at a crude-oil spill site near Bemidji, Minnesota: U.S. Geological Survey Water-Resources Investigations Report 98-4053, p. 13. ",
ds_07,x813,813,8/1/1996,Sample date acccurate to the year and accurate between months (date between July 1 and August 31).,,xLS019,HydrCond_mean_ms,,4.42E-06,xLSBW1,"Strobel, M.L., Delin, G.N., Munson, C.J., 1998, Spacial variation in saturation hydraulic conductivity of sediments at a crude-oil spill site near Bemidji, Minnesota: U.S. Geological Survey Water-Resources Investigations Report 98-4053, p. 13. ",
ds_07,x910,910,8/1/1996,Sample date acccurate to the year and accurate between months (date between July 1 and August 31).,,xLS019,HydrCond_mean_ms,,2.87E-06,xLSBW1,"Strobel, M.L., Delin, G.N., Munson, C.J., 1998, Spacial variation in saturation hydraulic conductivity of sediments at a crude-oil spill site near Bemidji, Minnesota: U.S. Geological Survey Water-Resources Investigations Report 98-4053, p. 13. ",
ds_07,x912,912,8/1/1996,Sample date acccurate to the year and accurate between months (date between July 1 and August 31).,,xLS019,HydrCond_mean_ms,,1.82E-05,xLSBW1,"Strobel, M.L., Delin, G.N., Munson, C.J., 1998, Spacial variation in saturation hydraulic conductivity of sediments at a crude-oil spill site near Bemidji, Minnesota: U.S. Geological Survey Water-Resources Investigations Report 98-4053, p. 13. ",
ds_07,x916,916,8/1/1996,Sample date acccurate to the year and accurate between months (date between July 1 and August 31).,,xLS019,HydrCond_mean_ms,,8.09E-05,xLSBW1,"Strobel, M.L., Delin, G.N., Munson, C.J., 1998, Spacial variation in saturation hydraulic conductivity of sediments at a crude-oil spill site near Bemidji, Minnesota: U.S. Geological Survey Water-Resources Investigations Report 98-4053, p. 13. ",
ds_07,x954A,954A,8/1/1996,Sample date acccurate to the year and accurate between months (date between July 1 and August 31).,,xLS019,HydrCond_mean_ms,,1.76E-05,xLSBW1,"Strobel, M.L., Delin, G.N., Munson, C.J., 1998, Spacial variation in saturation hydraulic conductivity of sediments at a crude-oil spill site near Bemidji, Minnesota: U.S. Geological Survey Water-Resources Investigations Report 98-4053, p. 13. ",
ds_07,x954A,954A,8/1/1996,Sample date acccurate to the year and accurate between months (date between July 1 and August 31).,1,x30210,Wtbl_mBLS,,9.76,xWLPTR,"Strobel, M.L., Delin, G.N., Munson, C.J., 1998, Spacial variation in saturation hydraulic conductivity of sediments at a crude-oil spill site near Bemidji, Minnesota: U.S. Geological Survey Water-Resources Investigations Report 98-4053, p. 13. ",
ds_07,x955A,955A,8/1/1996,Sample date acccurate to the year and accurate between months (date between July 1 and August 31).,1,xLS020,HydrCond_ms,,9.32E-05,xLSBW1,"Strobel, M.L., Delin, G.N., Munson, C.J., 1998, Spacial variation in saturation hydraulic conductivity of sediments at a crude-oil spill site near Bemidji, Minnesota: U.S. Geological Survey Water-Resources Investigations Report 98-4053, p. 13. ",
ds_07,x957A,957A,8/1/1996,Sample date acccurate to the year and accurate between months (date between July 1 and August 31).,,xLS019,HydrCond_mean_ms,,0.00035,xLSBW1,"Strobel, M.L., Delin, G.N., Munson, C.J., 1998, Spacial variation in saturation hydraulic conductivity of sediments at a crude-oil spill site near Bemidji, Minnesota: U.S. Geological Survey Water-Resources Investigations Report 98-4053, p. 13. ",
ds_07,x9016,9016V,8/1/1996,Sample date acccurate to the year and accurate between months (date between July 1 and August 31).,,xLS019,HydrCond_mean_ms,,4.59E-06,xLSBW2,"Strobel, M.L., Delin, G.N., Munson, C.J., 1998, Spacial variation in saturation hydraulic conductivity of sediments at a crude-oil spill site near Bemidji, Minnesota: U.S. Geological Survey Water-Resources Investigations Report 98-4053, p. 13. ",
ds_07,x9017,9017,8/1/1996,Sample date acccurate to the year and accurate between months (date between July 1 and August 31).,,xLS019,HydrCond_mean_ms,,4.16E-06,xLSBW1,"Strobel, M.L., Delin, G.N., Munson, C.J., 1998, Spacial variation in saturation hydraulic conductivity of sediments at a crude-oil spill site near Bemidji, Minnesota: U.S. Geological Survey Water-Resources Investigations Report 98-4053, p. 13. ",
ds_07,x9021,9021,8/1/1996,Sample date acccurate to the year and accurate between months (date between July 1 and August 31).,,xLS019,HydrCond_mean_ms,,0.000501,xLSBW1,"Strobel, M.L., Delin, G.N., Munson, C.J., 1998, Spacial variation in saturation hydraulic conductivity of sediments at a crude-oil spill site near Bemidji, Minnesota: U.S. Geological Survey Water-Resources Investigations Report 98-4053, p. 13. ",
ds_07,x9025,9025,8/1/1996,Sample date acccurate to the year and accurate between months (date between July 1 and August 31).,,xLS019,HydrCond_mean_ms,,4.48E-05,xLSBW1,"Strobel, M.L., Delin, G.N., Munson, C.J., 1998, Spacial variation in saturation hydraulic conductivity of sediments at a crude-oil spill site near Bemidji, Minnesota: U.S. Geological Survey Water-Resources Investigations Report 98-4053, p. 13. ",
ds_07,x9026,9026,8/1/1996,Sample date acccurate to the year and accurate between months (date between July 1 and August 31).,,xLS019,HydrCond_mean_ms,,7.70E-05,xLSBW1,"Strobel, M.L., Delin, G.N., Munson, C.J., 1998, Spacial variation in saturation hydraulic conductivity of sediments at a crude-oil spill site near Bemidji, Minnesota: U.S. Geological Survey Water-Resources Investigations Report 98-4053, p. 13. ",
ds_07,x9027,9027,8/1/1996,Sample date acccurate to the year and accurate between months (date between July 1 and August 31).,,xLS019,HydrCond_mean_ms,,2.50E-05,xLSBW1,"Strobel, M.L., Delin, G.N., Munson, C.J., 1998, Spacial variation in saturation hydraulic conductivity of sediments at a crude-oil spill site near Bemidji, Minnesota: U.S. Geological Survey Water-Resources Investigations Report 98-4053, p. 13. ",
ds_07,x302,302,8/1/1996,Sample date acccurate to the year and accurate between months (date between July 1 and August 31).,1,x30210,Wtbl_mBLS,,6.48,xWLPTR,"Strobel, M.L., Delin, G.N., Munson, C.J., 1998, Spacial variation in saturation hydraulic conductivity of sediments at a crude-oil spill site near Bemidji, Minnesota: U.S. Geological Survey Water-Resources Investigations Report 98-4053, p. 13. ",
ds_07,x310B,310B,8/1/1996,Sample date acccurate to the year and accurate between months (date between July 1 and August 31).,1,x30210,Wtbl_mBLS,,8.78,xWLPTR,"Strobel, M.L., Delin, G.N., Munson, C.J., 1998, Spacial variation in saturation hydraulic conductivity of sediments at a crude-oil spill site near Bemidji, Minnesota: U.S. Geological Survey Water-Resources Investigations Report 98-4053, p. 13. ",
ds_07,x310C,310C,8/1/1996,Sample date acccurate to the year and accurate between months (date between July 1 and August 31).,1,x30210,Wtbl_mBLS,,8.79,xWLPTR,"Strobel, M.L., Delin, G.N., Munson, C.J., 1998, Spacial variation in saturation hydraulic conductivity of sediments at a crude-oil spill site near Bemidji, Minnesota: U.S. Geological Survey Water-Resources Investigations Report 98-4053, p. 13. ",
ds_07,x310E,310E,8/1/1996,Sample date acccurate to the year and accurate between months (date between July 1 and August 31).,1,x30210,Wtbl_mBLS,,8.68,xWLPTR,"Strobel, M.L., Delin, G.N., Munson, C.J., 1998, Spacial variation in saturation hydraulic conductivity of sediments at a crude-oil spill site near Bemidji, Minnesota: U.S. Geological Survey Water-Resources Investigations Report 98-4053, p. 13. ",
ds_07,x405B,405B,8/1/1996,Sample date acccurate to the year and accurate between months (date between July 1 and August 31).,1,x30210,Wtbl_mBLS,,5.13,xWLPTR,"Strobel, M.L., Delin, G.N., Munson, C.J., 1998, Spacial variation in saturation hydraulic conductivity of sediments at a crude-oil spill site near Bemidji, Minnesota: U.S. Geological Survey Water-Resources Investigations Report 98-4053, p. 13. ",
ds_07,x405C,405C,8/1/1996,Sample date acccurate to the year and accurate between months (date between July 1 and August 31).,1,x30210,Wtbl_mBLS,,5.19,xWLPTR,"Strobel, M.L., Delin, G.N., Munson, C.J., 1998, Spacial variation in saturation hydraulic conductivity of sediments at a crude-oil spill site near Bemidji, Minnesota: U.S. Geological Survey Water-Resources Investigations Report 98-4053, p. 13. ",
ds_07,x405D,405D,8/1/1996,Sample date acccurate to the year and accurate between months (date between July 1 and August 31).,1,x30210,Wtbl_mBLS,,5.15,xWLPTR,"Strobel, M.L., Delin, G.N., Munson, C.J., 1998, Spacial variation in saturation hydraulic conductivity of sediments at a crude-oil spill site near Bemidji, Minnesota: U.S. Geological Survey Water-Resources Investigations Report 98-4053, p. 13. ",
ds_07,x417A,417A,8/1/1996,Sample date acccurate to the year and accurate between months (date between July 1 and August 31).,1,x30210,Wtbl_mBLS,,8.08,xWLPTR,"Strobel, M.L., Delin, G.N., Munson, C.J., 1998, Spacial variation in saturation hydraulic conductivity of sediments at a crude-oil spill site near Bemidji, Minnesota: U.S. Geological Survey Water-Resources Investigations Report 98-4053, p. 13. ",
ds_07,x417B,417B,8/1/1996,Sample date acccurate to the year and accurate between months (date between July 1 and August 31).,1,x30210,Wtbl_mBLS,,8.07,xWLPTR,"Strobel, M.L., Delin, G.N., Munson, C.J., 1998, Spacial variation in saturation hydraulic conductivity of sediments at a crude-oil spill site near Bemidji, Minnesota: U.S. Geological Survey Water-Resources Investigations Report 98-4053, p. 13. ",
ds_07,x417D,417D,8/1/1996,Sample date acccurate to the year and accurate between months (date between July 1 and August 31).,1,x30210,Wtbl_mBLS,,8.02,xWLPTR,"Strobel, M.L., Delin, G.N., Munson, C.J., 1998, Spacial variation in saturation hydraulic conductivity of sediments at a crude-oil spill site near Bemidji, Minnesota: U.S. Geological Survey Water-Resources Investigations Report 98-4053, p. 13. ",
ds_07,x417F,417F,8/1/1996,Sample date acccurate to the year and accurate between months (date between July 1 and August 31).,1,x30210,Wtbl_mBLS,,8.1,xWLPTR,"Strobel, M.L., Delin, G.N., Munson, C.J., 1998, Spacial variation in saturation hydraulic conductivity of sediments at a crude-oil spill site near Bemidji, Minnesota: U.S. Geological Survey Water-Resources Investigations Report 98-4053, p. 13. ",
ds_07,x418A,418A,8/1/1996,Sample date acccurate to the year and accurate between months (date between July 1 and August 31).,1,x30210,Wtbl_mBLS,,8.6,xWLPTR,"Strobel, M.L., Delin, G.N., Munson, C.J., 1998, Spacial variation in saturation hydraulic conductivity of sediments at a crude-oil spill site near Bemidji, Minnesota: U.S. Geological Survey Water-Resources Investigations Report 98-4053, p. 13. ",
ds_07,x418B,418B,8/1/1996,Sample date acccurate to the year and accurate between months (date between July 1 and August 31).,1,x30210,Wtbl_mBLS,,8.59,xWLPTR,"Strobel, M.L., Delin, G.N., Munson, C.J., 1998, Spacial variation in saturation hydraulic conductivity of sediments at a crude-oil spill site near Bemidji, Minnesota: U.S. Geological Survey Water-Resources Investigations Report 98-4053, p. 13. ",
ds_07,x418C,418C,8/1/1996,Sample date acccurate to the year and accurate between months (date between July 1 and August 31).,1,x30210,Wtbl_mBLS,,8.61,xWLPTR,"Strobel, M.L., Delin, G.N., Munson, C.J., 1998, Spacial variation in saturation hydraulic conductivity of sediments at a crude-oil spill site near Bemidji, Minnesota: U.S. Geological Survey Water-Resources Investigations Report 98-4053, p. 13. ",
ds_07,x418E,418E,8/1/1996,Sample date acccurate to the year and accurate between months (date between July 1 and August 31).,1,x30210,Wtbl_mBLS,,8.52,xWLPTR,"Strobel, M.L., Delin, G.N., Munson, C.J., 1998, Spacial variation in saturation hydraulic conductivity of sediments at a crude-oil spill site near Bemidji, Minnesota: U.S. Geological Survey Water-Resources Investigations Report 98-4053, p. 13. ",
ds_07,x420B,420B,8/1/1996,Sample date acccurate to the year and accurate between months (date between July 1 and August 31).,1,x30210,Wtbl_mBLS,,8.54,xWLPTR,"Strobel, M.L., Delin, G.N., Munson, C.J., 1998, Spacial variation in saturation hydraulic conductivity of sediments at a crude-oil spill site near Bemidji, Minnesota: U.S. Geological Survey Water-Resources Investigations Report 98-4053, p. 13. ",
ds_07,x420C,420C,8/1/1996,Sample date acccurate to the year and accurate between months (date between July 1 and August 31).,1,x30210,Wtbl_mBLS,,8.58,xWLPTR,"Strobel, M.L., Delin, G.N., Munson, C.J., 1998, Spacial variation in saturation hydraulic conductivity of sediments at a crude-oil spill site near Bemidji, Minnesota: U.S. Geological Survey Water-Resources Investigations Report 98-4053, p. 13. ",
ds_07,x503,503,8/1/1996,Sample date acccurate to the year and accurate between months (date between July 1 and August 31).,1,x30210,Wtbl_mBLS,,5.48,xWLPTR,"Strobel, M.L., Delin, G.N., Munson, C.J., 1998, Spacial variation in saturation hydraulic conductivity of sediments at a crude-oil spill site near Bemidji, Minnesota: U.S. Geological Survey Water-Resources Investigations Report 98-4053, p. 13. ",
ds_07,x504,504,8/1/1996,Sample date acccurate to the year and accurate between months (date between July 1 and August 31).,1,x30210,Wtbl_mBLS,,5.45,xWLPTR,"Strobel, M.L., Delin, G.N., Munson, C.J., 1998, Spacial variation in saturation hydraulic conductivity of sediments at a crude-oil spill site near Bemidji, Minnesota: U.S. Geological Survey Water-Resources Investigations Report 98-4053, p. 13. ",
ds_07,x505,505,8/1/1996,Sample date acccurate to the year and accurate between months (date between July 1 and August 31).,1,x30210,Wtbl_mBLS,,9.11,xWLPTR,"Strobel, M.L., Delin, G.N., Munson, C.J., 1998, Spacial variation in saturation hydraulic conductivity of sediments at a crude-oil spill site near Bemidji, Minnesota: U.S. Geological Survey Water-Resources Investigations Report 98-4053, p. 13. ",
ds_07,x515B,515B,8/1/1996,Sample date acccurate to the year and accurate between months (date between July 1 and August 31).,1,x30210,Wtbl_mBLS,,9.49,xWLPTR,"Strobel, M.L., Delin, G.N., Munson, C.J., 1998, Spacial variation in saturation hydraulic conductivity of sediments at a crude-oil spill site near Bemidji, Minnesota: U.S. Geological Survey Water-Resources Investigations Report 98-4053, p. 13. ",
ds_07,x524,524,8/1/1996,Sample date acccurate to the year and accurate between months (date between July 1 and August 31).,1,x30210,Wtbl_mBLS,,10.7,xWLPTR,"Strobel, M.L., Delin, G.N., Munson, C.J., 1998, Spacial variation in saturation hydraulic conductivity of sediments at a crude-oil spill site near Bemidji, Minnesota: U.S. Geological Survey Water-Resources Investigations Report 98-4053, p. 13. ",
ds_07,x525,525,8/1/1996,Sample date acccurate to the year and accurate between months (date between July 1 and August 31).,1,x30210,Wtbl_mBLS,,3.22,xWLPTR,"Strobel, M.L., Delin, G.N., Munson, C.J., 1998, Spacial variation in saturation hydraulic conductivity of sediments at a crude-oil spill site near Bemidji, Minnesota: U.S. Geological Survey Water-Resources Investigations Report 98-4053, p. 13. ",
ds_07,x526,526,8/1/1996,Sample date acccurate to the year and accurate between months (date between July 1 and August 31).,1,x30210,Wtbl_mBLS,,2.26,xWLPTR,"Strobel, M.L., Delin, G.N., Munson, C.J., 1998, Spacial variation in saturation hydraulic conductivity of sediments at a crude-oil spill site near Bemidji, Minnesota: U.S. Geological Survey Water-Resources Investigations Report 98-4053, p. 13. ",
ds_07,x529,529V,8/1/1996,Sample date acccurate to the year and accurate between months (date between July 1 and August 31).,1,x30210,Wtbl_mBLS,,9.97,xWLPTR,"Strobel, M.L., Delin, G.N., Munson, C.J., 1998, Spacial variation in saturation hydraulic conductivity of sediments at a crude-oil spill site near Bemidji, Minnesota: U.S. Geological Survey Water-Resources Investigations Report 98-4053, p. 13. ",
ds_07,x530A,530AV,8/1/1996,Sample date acccurate to the year and accurate between months (date between July 1 and August 31).,1,x30210,Wtbl_mBLS,,9.31,xWLPTR,"Strobel, M.L., Delin, G.N., Munson, C.J., 1998, Spacial variation in saturation hydraulic conductivity of sediments at a crude-oil spill site near Bemidji, Minnesota: U.S. Geological Survey Water-Resources Investigations Report 98-4053, p. 13. ",
ds_07,x530B,530B,8/1/1996,Sample date acccurate to the year and accurate between months (date between July 1 and August 31).,1,x30210,Wtbl_mBLS,,9.32,xWLPTR,"Strobel, M.L., Delin, G.N., Munson, C.J., 1998, Spacial variation in saturation hydraulic conductivity of sediments at a crude-oil spill site near Bemidji, Minnesota: U.S. Geological Survey Water-Resources Investigations Report 98-4053, p. 13. ",
ds_07,x530C,530C,8/1/1996,Sample date acccurate to the year and accurate between months (date between July 1 and August 31).,1,x30210,Wtbl_mBLS,,9.36,xWLPTR,"Strobel, M.L., Delin, G.N., Munson, C.J., 1998, Spacial variation in saturation hydraulic conductivity of sediments at a crude-oil spill site near Bemidji, Minnesota: U.S. Geological Survey Water-Resources Investigations Report 98-4053, p. 13. ",
ds_07,x530D,530D,8/1/1996,Sample date acccurate to the year and accurate between months (date between July 1 and August 31).,1,x30210,Wtbl_mBLS,,9.26,xWLPTR,"Strobel, M.L., Delin, G.N., Munson, C.J., 1998, Spacial variation in saturation hydraulic conductivity of sediments at a crude-oil spill site near Bemidji, Minnesota: U.S. Geological Survey Water-Resources Investigations Report 98-4053, p. 13. ",
ds_07,x532B,532B,8/1/1996,Sample date acccurate to the year and accurate between months (date between July 1 and August 31).,1,x30210,Wtbl_mBLS,,8.71,xWLPTR,"Strobel, M.L., Delin, G.N., Munson, C.J., 1998, Spacial variation in saturation hydraulic conductivity of sediments at a crude-oil spill site near Bemidji, Minnesota: U.S. Geological Survey Water-Resources Investigations Report 98-4053, p. 13. ",
ds_07,x532C,532C,8/1/1996,Sample date acccurate to the year and accurate between months (date between July 1 and August 31).,1,x30210,Wtbl_mBLS,,8.67,xWLPTR,"Strobel, M.L., Delin, G.N., Munson, C.J., 1998, Spacial variation in saturation hydraulic conductivity of sediments at a crude-oil spill site near Bemidji, Minnesota: U.S. Geological Survey Water-Resources Investigations Report 98-4053, p. 13. ",
ds_07,x532D,532D,8/1/1996,Sample date acccurate to the year and accurate between months (date between July 1 and August 31).,1,x30210,Wtbl_mBLS,,8.79,xWLPTR,"Strobel, M.L., Delin, G.N., Munson, C.J., 1998, Spacial variation in saturation hydraulic conductivity of sediments at a crude-oil spill site near Bemidji, Minnesota: U.S. Geological Survey Water-Resources Investigations Report 98-4053, p. 13. ",
ds_07,x532E,532E,8/1/1996,Sample date acccurate to the year and accurate between months (date between July 1 and August 31).,1,x30210,Wtbl_mBLS,,8.74,xWLPTR,"Strobel, M.L., Delin, G.N., Munson, C.J., 1998, Spacial variation in saturation hydraulic conductivity of sediments at a crude-oil spill site near Bemidji, Minnesota: U.S. Geological Survey Water-Resources Investigations Report 98-4053, p. 13. ",
ds_07,x533B,533B,8/1/1996,Sample date acccurate to the year and accurate between months (date between July 1 and August 31).,1,x30210,Wtbl_mBLS,,8.78,xWLPTR,"Strobel, M.L., Delin, G.N., Munson, C.J., 1998, Spacial variation in saturation hydraulic conductivity of sediments at a crude-oil spill site near Bemidji, Minnesota: U.S. Geological Survey Water-Resources Investigations Report 98-4053, p. 13. ",
ds_07,x533C,533C,8/1/1996,Sample date acccurate to the year and accurate between months (date between July 1 and August 31).,1,x30210,Wtbl_mBLS,,8.75,xWLPTR,"Strobel, M.L., Delin, G.N., Munson, C.J., 1998, Spacial variation in saturation hydraulic conductivity of sediments at a crude-oil spill site near Bemidji, Minnesota: U.S. Geological Survey Water-Resources Investigations Report 98-4053, p. 13. ",
ds_07,x607,607,8/1/1996,Sample date acccurate to the year and accurate between months (date between July 1 and August 31).,1,x30210,Wtbl_mBLS,,8.34,xWLPTR,"Strobel, M.L., Delin, G.N., Munson, C.J., 1998, Spacial variation in saturation hydraulic conductivity of sediments at a crude-oil spill site near Bemidji, Minnesota: U.S. Geological Survey Water-Resources Investigations Report 98-4053, p. 13. ",
ds_07,x702B,702B,8/1/1996,Sample date acccurate to the year and accurate between months (date between July 1 and August 31).,1,x30210,Wtbl_mBLS,,3.43,xWLPTR,"Strobel, M.L., Delin, G.N., Munson, C.J., 1998, Spacial variation in saturation hydraulic conductivity of sediments at a crude-oil spill site near Bemidji, Minnesota: U.S. Geological Survey Water-Resources Investigations Report 98-4053, p. 13. ",
ds_07,x955A,955A,8/1/1996,Sample date acccurate to the year and accurate between months (date between July 1 and August 31).,2,xLS020,HydrCond_ms,,8.97E-05,xLSBW1,"Strobel, M.L., Delin, G.N., Munson, C.J., 1998, Spacial variation in saturation hydraulic conductivity of sediments at a crude-oil spill site near Bemidji, Minnesota: U.S. Geological Survey Water-Resources Investigations Report 98-4053, p. 13. ",
ds_07,x704,704,8/1/1996,Sample date acccurate to the year and accurate between months (date between July 1 and August 31).,1,x30210,Wtbl_mBLS,,10.2,xWLPTR,"Strobel, M.L., Delin, G.N., Munson, C.J., 1998, Spacial variation in saturation hydraulic conductivity of sediments at a crude-oil spill site near Bemidji, Minnesota: U.S. Geological Survey Water-Resources Investigations Report 98-4053, p. 13. ",
ds_07,x705,705,8/1/1996,Sample date acccurate to the year and accurate between months (date between July 1 and August 31).,1,x30210,Wtbl_mBLS,,9.16,xWLPTR,"Strobel, M.L., Delin, G.N., Munson, C.J., 1998, Spacial variation in saturation hydraulic conductivity of sediments at a crude-oil spill site near Bemidji, Minnesota: U.S. Geological Survey Water-Resources Investigations Report 98-4053, p. 13. ",
ds_07,x707B,707B,8/1/1996,Sample date acccurate to the year and accurate between months (date between July 1 and August 31).,1,x30210,Wtbl_mBLS,,6.26,xWLPTR,"Strobel, M.L., Delin, G.N., Munson, C.J., 1998, Spacial variation in saturation hydraulic conductivity of sediments at a crude-oil spill site near Bemidji, Minnesota: U.S. Geological Survey Water-Resources Investigations Report 98-4053, p. 13. ",
ds_07,x707C,707C,8/1/1996,Sample date acccurate to the year and accurate between months (date between July 1 and August 31).,1,x30210,Wtbl_mBLS,,6.33,xWLPTR,"Strobel, M.L., Delin, G.N., Munson, C.J., 1998, Spacial variation in saturation hydraulic conductivity of sediments at a crude-oil spill site near Bemidji, Minnesota: U.S. Geological Survey Water-Resources Investigations Report 98-4053, p. 13. ",
ds_07,x707D,707D,8/1/1996,Sample date acccurate to the year and accurate between months (date between July 1 and August 31).,1,x30210,Wtbl_mBLS,,6.37,xWLPTR,"Strobel, M.L., Delin, G.N., Munson, C.J., 1998, Spacial variation in saturation hydraulic conductivity of sediments at a crude-oil spill site near Bemidji, Minnesota: U.S. Geological Survey Water-Resources Investigations Report 98-4053, p. 13. ",
ds_07,x806,806,8/1/1996,Sample date acccurate to the year and accurate between months (date between July 1 and August 31).,1,x30210,Wtbl_mBLS,,9.88,xWLPTR,"Strobel, M.L., Delin, G.N., Munson, C.J., 1998, Spacial variation in saturation hydraulic conductivity of sediments at a crude-oil spill site near Bemidji, Minnesota: U.S. Geological Survey Water-Resources Investigations Report 98-4053, p. 13. ",
ds_07,x813,813,8/1/1996,Sample date acccurate to the year and accurate between months (date between July 1 and August 31).,1,x30210,Wtbl_mBLS,,4.44,xWLPTR,"Strobel, M.L., Delin, G.N., Munson, C.J., 1998, Spacial variation in saturation hydraulic conductivity of sediments at a crude-oil spill site near Bemidji, Minnesota: U.S. Geological Survey Water-Resources Investigations Report 98-4053, p. 13. ",
ds_07,x910,910,8/1/1996,Sample date acccurate to the year and accurate between months (date between July 1 and August 31).,1,x30210,Wtbl_mBLS,,7.51,xWLPTR,"Strobel, M.L., Delin, G.N., Munson, C.J., 1998, Spacial variation in saturation hydraulic conductivity of sediments at a crude-oil spill site near Bemidji, Minnesota: U.S. Geological Survey Water-Resources Investigations Report 98-4053, p. 13. ",
ds_07,x912,912,8/1/1996,Sample date acccurate to the year and accurate between months (date between July 1 and August 31).,1,x30210,Wtbl_mBLS,,7.88,xWLPTR,"Strobel, M.L., Delin, G.N., Munson, C.J., 1998, Spacial variation in saturation hydraulic conductivity of sediments at a crude-oil spill site near Bemidji, Minnesota: U.S. Geological Survey Water-Resources Investigations Report 98-4053, p. 13. ",
ds_07,x916,916,8/1/1996,Sample date acccurate to the year and accurate between months (date between July 1 and August 31).,1,x30210,Wtbl_mBLS,,4.25,xWLPTR,"Strobel, M.L., Delin, G.N., Munson, C.J., 1998, Spacial variation in saturation hydraulic conductivity of sediments at a crude-oil spill site near Bemidji, Minnesota: U.S. Geological Survey Water-Resources Investigations Report 98-4053, p. 13. ",
ds_07,x955A,955A,8/1/1996,Sample date acccurate to the year and accurate between months (date between July 1 and August 31).,3,xLS020,HydrCond_ms,,0.000104,xLSBW1,"Strobel, M.L., Delin, G.N., Munson, C.J., 1998, Spacial variation in saturation hydraulic conductivity of sediments at a crude-oil spill site near Bemidji, Minnesota: U.S. Geological Survey Water-Resources Investigations Report 98-4053, p. 13. ",
ds_07,x955A,955A,8/1/1996,Sample date acccurate to the year and accurate between months (date between July 1 and August 31).,,xLS019,HydrCond_mean_ms,,9.82E-05,xLSBW1,"Strobel, M.L., Delin, G.N., Munson, C.J., 1998, Spacial variation in saturation hydraulic conductivity of sediments at a crude-oil spill site near Bemidji, Minnesota: U.S. Geological Survey Water-Resources Investigations Report 98-4053, p. 13. ",
ds_07,x955A,955A,8/1/1996,Sample date acccurate to the year and accurate between months (date between July 1 and August 31).,1,x30210,Wtbl_mBLS,,10.2,xWLPTR,"Strobel, M.L., Delin, G.N., Munson, C.J., 1998, Spacial variation in saturation hydraulic conductivity of sediments at a crude-oil spill site near Bemidji, Minnesota: U.S. Geological Survey Water-Resources Investigations Report 98-4053, p. 13. ",
ds_07,x957A,957A,8/1/1996,Sample date acccurate to the year and accurate between months (date between July 1 and August 31).,1,x30210,Wtbl_mBLS,,3.78,xWLPTR,"Strobel, M.L., Delin, G.N., Munson, C.J., 1998, Spacial variation in saturation hydraulic conductivity of sediments at a crude-oil spill site near Bemidji, Minnesota: U.S. Geological Survey Water-Resources Investigations Report 98-4053, p. 13. ",
ds_07,x9016,9016V,8/1/1996,Sample date acccurate to the year and accurate between months (date between July 1 and August 31).,1,x30210,Wtbl_mBLS,,5.94,xWLPTR,"Strobel, M.L., Delin, G.N., Munson, C.J., 1998, Spacial variation in saturation hydraulic conductivity of sediments at a crude-oil spill site near Bemidji, Minnesota: U.S. Geological Survey Water-Resources Investigations Report 98-4053, p. 13. ",
ds_07,x9017,9017,8/1/1996,Sample date acccurate to the year and accurate between months (date between July 1 and August 31).,1,x30210,Wtbl_mBLS,,5.82,xWLPTR,"Strobel, M.L., Delin, G.N., Munson, C.J., 1998, Spacial variation in saturation hydraulic conductivity of sediments at a crude-oil spill site near Bemidji, Minnesota: U.S. Geological Survey Water-Resources Investigations Report 98-4053, p. 13. ",
ds_07,x9021,9021,8/1/1996,Sample date acccurate to the year and accurate between months (date between July 1 and August 31).,1,x30210,Wtbl_mBLS,,4.82,xWLPTR,"Strobel, M.L., Delin, G.N., Munson, C.J., 1998, Spacial variation in saturation hydraulic conductivity of sediments at a crude-oil spill site near Bemidji, Minnesota: U.S. Geological Survey Water-Resources Investigations Report 98-4053, p. 13. ",
ds_07,x9025,9025,8/1/1996,Sample date acccurate to the year and accurate between months (date between July 1 and August 31).,1,x30210,Wtbl_mBLS,,8.84,xWLPTR,"Strobel, M.L., Delin, G.N., Munson, C.J., 1998, Spacial variation in saturation hydraulic conductivity of sediments at a crude-oil spill site near Bemidji, Minnesota: U.S. Geological Survey Water-Resources Investigations Report 98-4053, p. 13. ",
ds_07,x9026,9026,8/1/1996,Sample date acccurate to the year and accurate between months (date between July 1 and August 31).,1,x30210,Wtbl_mBLS,,8.61,xWLPTR,"Strobel, M.L., Delin, G.N., Munson, C.J., 1998, Spacial variation in saturation hydraulic conductivity of sediments at a crude-oil spill site near Bemidji, Minnesota: U.S. Geological Survey Water-Resources Investigations Report 98-4053, p. 13. ",
ds_07,x9027,9027,8/1/1996,Sample date acccurate to the year and accurate between months (date between July 1 and August 31).,1,x30210,Wtbl_mBLS,,4,xWLPTR,"Strobel, M.L., Delin, G.N., Munson, C.J., 1998, Spacial variation in saturation hydraulic conductivity of sediments at a crude-oil spill site near Bemidji, Minnesota: U.S. Geological Survey Water-Resources Investigations Report 98-4053, p. 13. ",
