"#tblds_10_1996CoreData: Concentrations of organic and inorganic constituents in pore fluid extracted from sediment core samples collected at the National Crude Oil Spill Fate and Natural Attenuation Research Site near Bemidji, Minnesota, USA in 1996. Cores were collected by drilling to the top of the desired sample interval with a hollow-stem auger and then driving a wire-line piston core barrel containing a polycarbonate liner through the target sample interval. The bottom 10 centimeters of the core were frozen prior to extraction from the borehole to prevent fluid redistribution.",,,,,,,,,,,,, 
"#Data code definitions: refer to the metadata file, HistoricalData_metadata.xml, provided with this data release (https://doi.org/10.5066/P9FJ8I0P) and the data dictionary tables available at https://doi.org/10.5066/F7736PDR.  NOTE: An ""x"" was prepended to the values in the LocalSiteName, parm_cd, and meth_cd fields to prevent automatic truncation of leading 0's in the field by software programs used to open .csv files. Users can format this field as text and then use a ""Find and Replace"" tool to remove the x's if so desired.",,,,,,,,,,,,,
dataset_id,LocalSiteName,OrigSiteName,sample_dt,medium_cd,TOC_mBLS,SampleLocation_cmTOC,parm_cd,parm_shortname,remark_cd,result_va,meth_cd,pub,Comments
ds_10,x9607,9607II,9/11/1996,WI,11.05,0,x46123,Fe_2_mgL,,14,xLC006,"Bekins, B.A., I.M. Cozzarelli, E.M. Godsy, E. Warren, H.I. Essaid, and M.E. Tuccillo, 2001, Progression of natural attenuation processes at a crude oil spill site II. Controls on spatial distribution of microbial populations, J. Contam. Hydrol., 53:387-406.; Cozzarelli, I.M., Bekins, B.A., Baedecker, M.J., Aiken, G.R., Eaganhouse, R.P., and Tuccillo, m.E., 2001, Progression of natural attenuation processes at a crude-oil spill site--I. Geochemical evolution of the plume: Journal of Contaminant Hydrology, v. 53, pp. 369-385.",
ds_10,x9607,9607II,9/11/1996,WI,11.05,0,x68831,CH4_mgL,,2.242,xLC005,"Bekins, B.A., I.M. Cozzarelli, E.M. Godsy, E. Warren, H.I. Essaid, and M.E. Tuccillo, 2001, Progression of natural attenuation processes at a crude oil spill site II. Controls on spatial distribution of microbial populations, J. Contam. Hydrol., 53:387-406.; Cozzarelli, I.M., Bekins, B.A., Baedecker, M.J., Aiken, G.R., Eaganhouse, R.P., and Tuccillo, m.E., 2001, Progression of natural attenuation processes at a crude-oil spill site--I. Geochemical evolution of the plume: Journal of Contaminant Hydrology, v. 53, pp. 369-385.",
ds_10,x9607,9607II,9/11/1996,WI,11.05,0,xLO065,NVDOC_mgL,,12.5,xLCID2,"Bekins, B.A., I.M. Cozzarelli, E.M. Godsy, E. Warren, H.I. Essaid, and M.E. Tuccillo, 2001, Progression of natural attenuation processes at a crude oil spill site II. Controls on spatial distribution of microbial populations, J. Contam. Hydrol., 53:387-406.; Cozzarelli, I.M., Bekins, B.A., Baedecker, M.J., Aiken, G.R., Eaganhouse, R.P., and Tuccillo, m.E., 2001, Progression of natural attenuation processes at a crude-oil spill site--I. Geochemical evolution of the plume: Journal of Contaminant Hydrology, v. 53, pp. 369-385.",
ds_10,x9607,9607II,9/11/1996,WI,11.05,0,xLO037,Bz_mgL,,0.7995,xLGC01,"Bekins, B.A., I.M. Cozzarelli, E.M. Godsy, E. Warren, H.I. Essaid, and M.E. Tuccillo, 2001, Progression of natural attenuation processes at a crude oil spill site II. Controls on spatial distribution of microbial populations, J. Contam. Hydrol., 53:387-406.; Cozzarelli, I.M., Bekins, B.A., Baedecker, M.J., Aiken, G.R., Eaganhouse, R.P., and Tuccillo, m.E., 2001, Progression of natural attenuation processes at a crude-oil spill site--I. Geochemical evolution of the plume: Journal of Contaminant Hydrology, v. 53, pp. 369-385.",
ds_10,x9607,9607II,9/11/1996,WI,11.05,0,xLO073,Tol_mgL,,0.0494,xLGC01,"Bekins, B.A., I.M. Cozzarelli, E.M. Godsy, E. Warren, H.I. Essaid, and M.E. Tuccillo, 2001, Progression of natural attenuation processes at a crude oil spill site II. Controls on spatial distribution of microbial populations, J. Contam. Hydrol., 53:387-406.; Cozzarelli, I.M., Bekins, B.A., Baedecker, M.J., Aiken, G.R., Eaganhouse, R.P., and Tuccillo, m.E., 2001, Progression of natural attenuation processes at a crude-oil spill site--I. Geochemical evolution of the plume: Journal of Contaminant Hydrology, v. 53, pp. 369-385.",
ds_10,x9607,9607II,9/11/1996,WI,11.05,0,xLO042,EtBz_mgL,,0.0781,xLGC01,"Bekins, B.A., I.M. Cozzarelli, E.M. Godsy, E. Warren, H.I. Essaid, and M.E. Tuccillo, 2001, Progression of natural attenuation processes at a crude oil spill site II. Controls on spatial distribution of microbial populations, J. Contam. Hydrol., 53:387-406.; Cozzarelli, I.M., Bekins, B.A., Baedecker, M.J., Aiken, G.R., Eaganhouse, R.P., and Tuccillo, m.E., 2001, Progression of natural attenuation processes at a crude-oil spill site--I. Geochemical evolution of the plume: Journal of Contaminant Hydrology, v. 53, pp. 369-385.",
ds_10,x9607,9607II,9/11/1996,WI,11.05,0,xLO052,mpxyl_mgL,,0.1222,xLGC01,"Bekins, B.A., I.M. Cozzarelli, E.M. Godsy, E. Warren, H.I. Essaid, and M.E. Tuccillo, 2001, Progression of natural attenuation processes at a crude oil spill site II. Controls on spatial distribution of microbial populations, J. Contam. Hydrol., 53:387-406.; Cozzarelli, I.M., Bekins, B.A., Baedecker, M.J., Aiken, G.R., Eaganhouse, R.P., and Tuccillo, m.E., 2001, Progression of natural attenuation processes at a crude-oil spill site--I. Geochemical evolution of the plume: Journal of Contaminant Hydrology, v. 53, pp. 369-385.",
ds_10,x9607,9607II,9/11/1996,WI,11.05,0,xLO067,oxyl_mgL,,0.0502,xLGC01,"Bekins, B.A., I.M. Cozzarelli, E.M. Godsy, E. Warren, H.I. Essaid, and M.E. Tuccillo, 2001, Progression of natural attenuation processes at a crude oil spill site II. Controls on spatial distribution of microbial populations, J. Contam. Hydrol., 53:387-406.; Cozzarelli, I.M., Bekins, B.A., Baedecker, M.J., Aiken, G.R., Eaganhouse, R.P., and Tuccillo, m.E., 2001, Progression of natural attenuation processes at a crude-oil spill site--I. Geochemical evolution of the plume: Journal of Contaminant Hydrology, v. 53, pp. 369-385.",
ds_10,x9607,9607II,9/11/1996,WI,11.05,0,xLO050,IsoPrBz_mgL,,0.0528,xLGC01,"Bekins, B.A., I.M. Cozzarelli, E.M. Godsy, E. Warren, H.I. Essaid, and M.E. Tuccillo, 2001, Progression of natural attenuation processes at a crude oil spill site II. Controls on spatial distribution of microbial populations, J. Contam. Hydrol., 53:387-406.; Cozzarelli, I.M., Bekins, B.A., Baedecker, M.J., Aiken, G.R., Eaganhouse, R.P., and Tuccillo, m.E., 2001, Progression of natural attenuation processes at a crude-oil spill site--I. Geochemical evolution of the plume: Journal of Contaminant Hydrology, v. 53, pp. 369-385.",
ds_10,x9607,9607II,9/11/1996,WI,11.05,0,xLO064,nPrBz_mgL,,0.0678,xLGC01,"Bekins, B.A., I.M. Cozzarelli, E.M. Godsy, E. Warren, H.I. Essaid, and M.E. Tuccillo, 2001, Progression of natural attenuation processes at a crude oil spill site II. Controls on spatial distribution of microbial populations, J. Contam. Hydrol., 53:387-406.; Cozzarelli, I.M., Bekins, B.A., Baedecker, M.J., Aiken, G.R., Eaganhouse, R.P., and Tuccillo, m.E., 2001, Progression of natural attenuation processes at a crude-oil spill site--I. Geochemical evolution of the plume: Journal of Contaminant Hydrology, v. 53, pp. 369-385.",
ds_10,x9607,9607II,9/11/1996,WI,11.05,0,xLS437,11DiMeEtBz_mgL,,0.0697,xLGC01,"Bekins, B.A., I.M. Cozzarelli, E.M. Godsy, E. Warren, H.I. Essaid, and M.E. Tuccillo, 2001, Progression of natural attenuation processes at a crude oil spill site II. Controls on spatial distribution of microbial populations, J. Contam. Hydrol., 53:387-406.; Cozzarelli, I.M., Bekins, B.A., Baedecker, M.J., Aiken, G.R., Eaganhouse, R.P., and Tuccillo, m.E., 2001, Progression of natural attenuation processes at a crude-oil spill site--I. Geochemical evolution of the plume: Journal of Contaminant Hydrology, v. 53, pp. 369-385.",
ds_10,x9607,9607II,9/11/1996,WI,11.05,0,xLO015,135TMeBz_mgL,,0.0609,xLGC01,"Bekins, B.A., I.M. Cozzarelli, E.M. Godsy, E. Warren, H.I. Essaid, and M.E. Tuccillo, 2001, Progression of natural attenuation processes at a crude oil spill site II. Controls on spatial distribution of microbial populations, J. Contam. Hydrol., 53:387-406.; Cozzarelli, I.M., Bekins, B.A., Baedecker, M.J., Aiken, G.R., Eaganhouse, R.P., and Tuccillo, m.E., 2001, Progression of natural attenuation processes at a crude-oil spill site--I. Geochemical evolution of the plume: Journal of Contaminant Hydrology, v. 53, pp. 369-385.",
ds_10,x9607,9607II,9/11/1996,WI,11.05,0,xLO010,124TMeBz_mgL,,0.0647,xLGC01,"Bekins, B.A., I.M. Cozzarelli, E.M. Godsy, E. Warren, H.I. Essaid, and M.E. Tuccillo, 2001, Progression of natural attenuation processes at a crude oil spill site II. Controls on spatial distribution of microbial populations, J. Contam. Hydrol., 53:387-406.; Cozzarelli, I.M., Bekins, B.A., Baedecker, M.J., Aiken, G.R., Eaganhouse, R.P., and Tuccillo, m.E., 2001, Progression of natural attenuation processes at a crude-oil spill site--I. Geochemical evolution of the plume: Journal of Contaminant Hydrology, v. 53, pp. 369-385.",
ds_10,x9607,9607II,9/11/1996,WI,11.05,0,xLO006,123TMeBz_mgL,,0.0559,xLGC01,"Bekins, B.A., I.M. Cozzarelli, E.M. Godsy, E. Warren, H.I. Essaid, and M.E. Tuccillo, 2001, Progression of natural attenuation processes at a crude oil spill site II. Controls on spatial distribution of microbial populations, J. Contam. Hydrol., 53:387-406.; Cozzarelli, I.M., Bekins, B.A., Baedecker, M.J., Aiken, G.R., Eaganhouse, R.P., and Tuccillo, m.E., 2001, Progression of natural attenuation processes at a crude-oil spill site--I. Geochemical evolution of the plume: Journal of Contaminant Hydrology, v. 53, pp. 369-385.",
ds_10,x9607,9607II,9/11/1996,WI,11.05,0,xLO027,1Me3IsoPrBz_mgL,,0.0733,xLGC01,"Bekins, B.A., I.M. Cozzarelli, E.M. Godsy, E. Warren, H.I. Essaid, and M.E. Tuccillo, 2001, Progression of natural attenuation processes at a crude oil spill site II. Controls on spatial distribution of microbial populations, J. Contam. Hydrol., 53:387-406.; Cozzarelli, I.M., Bekins, B.A., Baedecker, M.J., Aiken, G.R., Eaganhouse, R.P., and Tuccillo, m.E., 2001, Progression of natural attenuation processes at a crude-oil spill site--I. Geochemical evolution of the plume: Journal of Contaminant Hydrology, v. 53, pp. 369-385.",
ds_10,x9607,9607II,9/11/1996,WI,11.05,0,xLO030,1Me4IsoPrBz_mgL,,0.0717,xLGC01,"Bekins, B.A., I.M. Cozzarelli, E.M. Godsy, E. Warren, H.I. Essaid, and M.E. Tuccillo, 2001, Progression of natural attenuation processes at a crude oil spill site II. Controls on spatial distribution of microbial populations, J. Contam. Hydrol., 53:387-406.; Cozzarelli, I.M., Bekins, B.A., Baedecker, M.J., Aiken, G.R., Eaganhouse, R.P., and Tuccillo, m.E., 2001, Progression of natural attenuation processes at a crude-oil spill site--I. Geochemical evolution of the plume: Journal of Contaminant Hydrology, v. 53, pp. 369-385.",
ds_10,x9607,9607II,9/11/1996,WI,11.05,0,xLO024,1Me2IsoPrBz_mgL,,0.0659,xLGC01,"Bekins, B.A., I.M. Cozzarelli, E.M. Godsy, E. Warren, H.I. Essaid, and M.E. Tuccillo, 2001, Progression of natural attenuation processes at a crude oil spill site II. Controls on spatial distribution of microbial populations, J. Contam. Hydrol., 53:387-406.; Cozzarelli, I.M., Bekins, B.A., Baedecker, M.J., Aiken, G.R., Eaganhouse, R.P., and Tuccillo, m.E., 2001, Progression of natural attenuation processes at a crude-oil spill site--I. Geochemical evolution of the plume: Journal of Contaminant Hydrology, v. 53, pp. 369-385.",
ds_10,x9607,9607II,9/11/1996,WI,11.05,0,xLO016,13DEtBz_mgL,,0.0883,xLGC01,"Bekins, B.A., I.M. Cozzarelli, E.M. Godsy, E. Warren, H.I. Essaid, and M.E. Tuccillo, 2001, Progression of natural attenuation processes at a crude oil spill site II. Controls on spatial distribution of microbial populations, J. Contam. Hydrol., 53:387-406.; Cozzarelli, I.M., Bekins, B.A., Baedecker, M.J., Aiken, G.R., Eaganhouse, R.P., and Tuccillo, m.E., 2001, Progression of natural attenuation processes at a crude-oil spill site--I. Geochemical evolution of the plume: Journal of Contaminant Hydrology, v. 53, pp. 369-385.",
ds_10,x9607,9607II,9/11/1996,WI,11.05,0,xLO028,1Me3PrBz_mgL,,0.0848,xLGC01,"Bekins, B.A., I.M. Cozzarelli, E.M. Godsy, E. Warren, H.I. Essaid, and M.E. Tuccillo, 2001, Progression of natural attenuation processes at a crude oil spill site II. Controls on spatial distribution of microbial populations, J. Contam. Hydrol., 53:387-406.; Cozzarelli, I.M., Bekins, B.A., Baedecker, M.J., Aiken, G.R., Eaganhouse, R.P., and Tuccillo, m.E., 2001, Progression of natural attenuation processes at a crude-oil spill site--I. Geochemical evolution of the plume: Journal of Contaminant Hydrology, v. 53, pp. 369-385.",
ds_10,x9607,9607II,9/11/1996,WI,11.05,0,xLO031,1Me4PrBz_mgL,,0.1045,xLGC01,"Bekins, B.A., I.M. Cozzarelli, E.M. Godsy, E. Warren, H.I. Essaid, and M.E. Tuccillo, 2001, Progression of natural attenuation processes at a crude oil spill site II. Controls on spatial distribution of microbial populations, J. Contam. Hydrol., 53:387-406.; Cozzarelli, I.M., Bekins, B.A., Baedecker, M.J., Aiken, G.R., Eaganhouse, R.P., and Tuccillo, m.E., 2001, Progression of natural attenuation processes at a crude-oil spill site--I. Geochemical evolution of the plume: Journal of Contaminant Hydrology, v. 53, pp. 369-385.",
ds_10,x9607,9607II,9/11/1996,WI,11.05,0,xLO020,14DEtBz_mgL,,0.0817,xLGC01,"Bekins, B.A., I.M. Cozzarelli, E.M. Godsy, E. Warren, H.I. Essaid, and M.E. Tuccillo, 2001, Progression of natural attenuation processes at a crude oil spill site II. Controls on spatial distribution of microbial populations, J. Contam. Hydrol., 53:387-406.; Cozzarelli, I.M., Bekins, B.A., Baedecker, M.J., Aiken, G.R., Eaganhouse, R.P., and Tuccillo, m.E., 2001, Progression of natural attenuation processes at a crude-oil spill site--I. Geochemical evolution of the plume: Journal of Contaminant Hydrology, v. 53, pp. 369-385.",
ds_10,x9607,9607II,9/11/1996,WI,11.05,0,xLO056,nButylBz_mgL,,0.1116,xLGC01,"Bekins, B.A., I.M. Cozzarelli, E.M. Godsy, E. Warren, H.I. Essaid, and M.E. Tuccillo, 2001, Progression of natural attenuation processes at a crude oil spill site II. Controls on spatial distribution of microbial populations, J. Contam. Hydrol., 53:387-406.; Cozzarelli, I.M., Bekins, B.A., Baedecker, M.J., Aiken, G.R., Eaganhouse, R.P., and Tuccillo, m.E., 2001, Progression of natural attenuation processes at a crude-oil spill site--I. Geochemical evolution of the plume: Journal of Contaminant Hydrology, v. 53, pp. 369-385.",
ds_10,x9607,9607II,9/11/1996,WI,11.05,0,xLO019,13DMe5EtBz_mgL,,0.0641,xLGC01,"Bekins, B.A., I.M. Cozzarelli, E.M. Godsy, E. Warren, H.I. Essaid, and M.E. Tuccillo, 2001, Progression of natural attenuation processes at a crude oil spill site II. Controls on spatial distribution of microbial populations, J. Contam. Hydrol., 53:387-406.; Cozzarelli, I.M., Bekins, B.A., Baedecker, M.J., Aiken, G.R., Eaganhouse, R.P., and Tuccillo, m.E., 2001, Progression of natural attenuation processes at a crude-oil spill site--I. Geochemical evolution of the plume: Journal of Contaminant Hydrology, v. 53, pp. 369-385.",
ds_10,x9607,9607II,9/11/1996,WI,11.05,0,xLO011,12DEtBz_mgL,,0.0537,xLGC01,"Bekins, B.A., I.M. Cozzarelli, E.M. Godsy, E. Warren, H.I. Essaid, and M.E. Tuccillo, 2001, Progression of natural attenuation processes at a crude oil spill site II. Controls on spatial distribution of microbial populations, J. Contam. Hydrol., 53:387-406.; Cozzarelli, I.M., Bekins, B.A., Baedecker, M.J., Aiken, G.R., Eaganhouse, R.P., and Tuccillo, m.E., 2001, Progression of natural attenuation processes at a crude-oil spill site--I. Geochemical evolution of the plume: Journal of Contaminant Hydrology, v. 53, pp. 369-385.",
ds_10,x9607,9607II,9/11/1996,WI,11.05,0,xLO023,1Me2EtBz_mgL,,0.0844,xLGC01,"Bekins, B.A., I.M. Cozzarelli, E.M. Godsy, E. Warren, H.I. Essaid, and M.E. Tuccillo, 2001, Progression of natural attenuation processes at a crude oil spill site II. Controls on spatial distribution of microbial populations, J. Contam. Hydrol., 53:387-406.; Cozzarelli, I.M., Bekins, B.A., Baedecker, M.J., Aiken, G.R., Eaganhouse, R.P., and Tuccillo, m.E., 2001, Progression of natural attenuation processes at a crude-oil spill site--I. Geochemical evolution of the plume: Journal of Contaminant Hydrology, v. 53, pp. 369-385.",
ds_10,x9607,9607II,9/11/1996,WI,11.05,0,xLO021,14DMe2EtBz_mgL,,0.0722,xLGC01,"Bekins, B.A., I.M. Cozzarelli, E.M. Godsy, E. Warren, H.I. Essaid, and M.E. Tuccillo, 2001, Progression of natural attenuation processes at a crude oil spill site II. Controls on spatial distribution of microbial populations, J. Contam. Hydrol., 53:387-406.; Cozzarelli, I.M., Bekins, B.A., Baedecker, M.J., Aiken, G.R., Eaganhouse, R.P., and Tuccillo, m.E., 2001, Progression of natural attenuation processes at a crude-oil spill site--I. Geochemical evolution of the plume: Journal of Contaminant Hydrology, v. 53, pp. 369-385.",
ds_10,x9607,9607II,9/11/1996,WI,11.05,0,xLO018,13DMe4EtBz_mgL,,0.0034,xLGC01,"Bekins, B.A., I.M. Cozzarelli, E.M. Godsy, E. Warren, H.I. Essaid, and M.E. Tuccillo, 2001, Progression of natural attenuation processes at a crude oil spill site II. Controls on spatial distribution of microbial populations, J. Contam. Hydrol., 53:387-406.; Cozzarelli, I.M., Bekins, B.A., Baedecker, M.J., Aiken, G.R., Eaganhouse, R.P., and Tuccillo, m.E., 2001, Progression of natural attenuation processes at a crude-oil spill site--I. Geochemical evolution of the plume: Journal of Contaminant Hydrology, v. 53, pp. 369-385.",
ds_10,x9607,9607II,9/11/1996,WI,11.05,0,xLO013,12DMe4EtBz_mgL,,0.0743,xLGC01,"Bekins, B.A., I.M. Cozzarelli, E.M. Godsy, E. Warren, H.I. Essaid, and M.E. Tuccillo, 2001, Progression of natural attenuation processes at a crude oil spill site II. Controls on spatial distribution of microbial populations, J. Contam. Hydrol., 53:387-406.; Cozzarelli, I.M., Bekins, B.A., Baedecker, M.J., Aiken, G.R., Eaganhouse, R.P., and Tuccillo, m.E., 2001, Progression of natural attenuation processes at a crude-oil spill site--I. Geochemical evolution of the plume: Journal of Contaminant Hydrology, v. 53, pp. 369-385.",
ds_10,x9607,9607II,9/11/1996,WI,11.05,0,xLO017,13DMe2EtBz_mgL,,0.0669,xLGC01,"Bekins, B.A., I.M. Cozzarelli, E.M. Godsy, E. Warren, H.I. Essaid, and M.E. Tuccillo, 2001, Progression of natural attenuation processes at a crude oil spill site II. Controls on spatial distribution of microbial populations, J. Contam. Hydrol., 53:387-406.; Cozzarelli, I.M., Bekins, B.A., Baedecker, M.J., Aiken, G.R., Eaganhouse, R.P., and Tuccillo, m.E., 2001, Progression of natural attenuation processes at a crude-oil spill site--I. Geochemical evolution of the plume: Journal of Contaminant Hydrology, v. 53, pp. 369-385.",
ds_10,x9607,9607II,9/11/1996,WI,11.05,0,xLO012,12DMe3EtBz_mgL,,0.074,xLGC01,"Bekins, B.A., I.M. Cozzarelli, E.M. Godsy, E. Warren, H.I. Essaid, and M.E. Tuccillo, 2001, Progression of natural attenuation processes at a crude oil spill site II. Controls on spatial distribution of microbial populations, J. Contam. Hydrol., 53:387-406.; Cozzarelli, I.M., Bekins, B.A., Baedecker, M.J., Aiken, G.R., Eaganhouse, R.P., and Tuccillo, m.E., 2001, Progression of natural attenuation processes at a crude-oil spill site--I. Geochemical evolution of the plume: Journal of Contaminant Hydrology, v. 53, pp. 369-385.",
ds_10,x9607,9607II,9/11/1996,WI,11.05,0,xLO008,1245TMeBz_mgL,,0.0927,xLGC01,"Bekins, B.A., I.M. Cozzarelli, E.M. Godsy, E. Warren, H.I. Essaid, and M.E. Tuccillo, 2001, Progression of natural attenuation processes at a crude oil spill site II. Controls on spatial distribution of microbial populations, J. Contam. Hydrol., 53:387-406.; Cozzarelli, I.M., Bekins, B.A., Baedecker, M.J., Aiken, G.R., Eaganhouse, R.P., and Tuccillo, m.E., 2001, Progression of natural attenuation processes at a crude-oil spill site--I. Geochemical evolution of the plume: Journal of Contaminant Hydrology, v. 53, pp. 369-385.",
ds_10,x9607,9607II,9/11/1996,WI,11.05,0,xLO004,1235TMeBz_mgL,,0.0847,xLGC01,"Bekins, B.A., I.M. Cozzarelli, E.M. Godsy, E. Warren, H.I. Essaid, and M.E. Tuccillo, 2001, Progression of natural attenuation processes at a crude oil spill site II. Controls on spatial distribution of microbial populations, J. Contam. Hydrol., 53:387-406.; Cozzarelli, I.M., Bekins, B.A., Baedecker, M.J., Aiken, G.R., Eaganhouse, R.P., and Tuccillo, m.E., 2001, Progression of natural attenuation processes at a crude-oil spill site--I. Geochemical evolution of the plume: Journal of Contaminant Hydrology, v. 53, pp. 369-385.",
ds_10,x9607,9607II,9/11/1996,WI,11.05,0,xLO002,1234TMeBz_mgL,,0.0733,xLGC01,"Bekins, B.A., I.M. Cozzarelli, E.M. Godsy, E. Warren, H.I. Essaid, and M.E. Tuccillo, 2001, Progression of natural attenuation processes at a crude oil spill site II. Controls on spatial distribution of microbial populations, J. Contam. Hydrol., 53:387-406.; Cozzarelli, I.M., Bekins, B.A., Baedecker, M.J., Aiken, G.R., Eaganhouse, R.P., and Tuccillo, m.E., 2001, Progression of natural attenuation processes at a crude-oil spill site--I. Geochemical evolution of the plume: Journal of Contaminant Hydrology, v. 53, pp. 369-385.",
ds_10,x9607,9607II,9/11/1996,WI,11.05,0,xLO035,BTEX_mgL,,1.0994,xLCA03,"Bekins, B.A., I.M. Cozzarelli, E.M. Godsy, E. Warren, H.I. Essaid, and M.E. Tuccillo, 2001, Progression of natural attenuation processes at a crude oil spill site II. Controls on spatial distribution of microbial populations, J. Contam. Hydrol., 53:387-406.; Cozzarelli, I.M., Bekins, B.A., Baedecker, M.J., Aiken, G.R., Eaganhouse, R.P., and Tuccillo, m.E., 2001, Progression of natural attenuation processes at a crude-oil spill site--I. Geochemical evolution of the plume: Journal of Contaminant Hydrology, v. 53, pp. 369-385.",
ds_10,x9607,9607II,9/11/1996,WI,11.05,0,xLS438,1Et2MeBz_mgL,,0.0593,xLGC01,"Bekins, B.A., I.M. Cozzarelli, E.M. Godsy, E. Warren, H.I. Essaid, and M.E. Tuccillo, 2001, Progression of natural attenuation processes at a crude oil spill site II. Controls on spatial distribution of microbial populations, J. Contam. Hydrol., 53:387-406.; Cozzarelli, I.M., Bekins, B.A., Baedecker, M.J., Aiken, G.R., Eaganhouse, R.P., and Tuccillo, m.E., 2001, Progression of natural attenuation processes at a crude-oil spill site--I. Geochemical evolution of the plume: Journal of Contaminant Hydrology, v. 53, pp. 369-385.",
ds_10,x9607,9607II,9/11/1996,WI,11.05,0,xLS439,1Et3MeBz_mgL,,0.0567,xLGC01,"Bekins, B.A., I.M. Cozzarelli, E.M. Godsy, E. Warren, H.I. Essaid, and M.E. Tuccillo, 2001, Progression of natural attenuation processes at a crude oil spill site II. Controls on spatial distribution of microbial populations, J. Contam. Hydrol., 53:387-406.; Cozzarelli, I.M., Bekins, B.A., Baedecker, M.J., Aiken, G.R., Eaganhouse, R.P., and Tuccillo, m.E., 2001, Progression of natural attenuation processes at a crude-oil spill site--I. Geochemical evolution of the plume: Journal of Contaminant Hydrology, v. 53, pp. 369-385.",
ds_10,x9607,9607II,9/11/1996,WI,11.05,0,xLS440,1Et4MeBz_mgL,,0.0653,xLGC01,"Bekins, B.A., I.M. Cozzarelli, E.M. Godsy, E. Warren, H.I. Essaid, and M.E. Tuccillo, 2001, Progression of natural attenuation processes at a crude oil spill site II. Controls on spatial distribution of microbial populations, J. Contam. Hydrol., 53:387-406.; Cozzarelli, I.M., Bekins, B.A., Baedecker, M.J., Aiken, G.R., Eaganhouse, R.P., and Tuccillo, m.E., 2001, Progression of natural attenuation processes at a crude-oil spill site--I. Geochemical evolution of the plume: Journal of Contaminant Hydrology, v. 53, pp. 369-385.",
ds_10,x9607,9607II,9/11/1996,WI,11.05,0,xLS441,1MePrBz_mgL,,0.0697,xLGC01,"Bekins, B.A., I.M. Cozzarelli, E.M. Godsy, E. Warren, H.I. Essaid, and M.E. Tuccillo, 2001, Progression of natural attenuation processes at a crude oil spill site II. Controls on spatial distribution of microbial populations, J. Contam. Hydrol., 53:387-406.; Cozzarelli, I.M., Bekins, B.A., Baedecker, M.J., Aiken, G.R., Eaganhouse, R.P., and Tuccillo, m.E., 2001, Progression of natural attenuation processes at a crude-oil spill site--I. Geochemical evolution of the plume: Journal of Contaminant Hydrology, v. 53, pp. 369-385.",
ds_10,x9607,9607II,9/11/1996,WI,11.05,0,xLS442,2MePrBz_mgL,,0.0824,xLGC01,"Bekins, B.A., I.M. Cozzarelli, E.M. Godsy, E. Warren, H.I. Essaid, and M.E. Tuccillo, 2001, Progression of natural attenuation processes at a crude oil spill site II. Controls on spatial distribution of microbial populations, J. Contam. Hydrol., 53:387-406.; Cozzarelli, I.M., Bekins, B.A., Baedecker, M.J., Aiken, G.R., Eaganhouse, R.P., and Tuccillo, m.E., 2001, Progression of natural attenuation processes at a crude-oil spill site--I. Geochemical evolution of the plume: Journal of Contaminant Hydrology, v. 53, pp. 369-385.",
ds_10,x9607,9607II,9/11/1996,WI,11.05,0,xLD443,TotAlkylBz_mgL,,3.2301,xLCA06,"Bekins, B.A., I.M. Cozzarelli, E.M. Godsy, E. Warren, H.I. Essaid, and M.E. Tuccillo, 2001, Progression of natural attenuation processes at a crude oil spill site II. Controls on spatial distribution of microbial populations, J. Contam. Hydrol., 53:387-406.; Cozzarelli, I.M., Bekins, B.A., Baedecker, M.J., Aiken, G.R., Eaganhouse, R.P., and Tuccillo, m.E., 2001, Progression of natural attenuation processes at a crude-oil spill site--I. Geochemical evolution of the plume: Journal of Contaminant Hydrology, v. 53, pp. 369-385.",
ds_10,x9607,9607II,9/11/1996,WI,11.05,15,xLS437,11DiMeEtBz_mgL,,0.0155,xLGC01,"Bekins, B.A., I.M. Cozzarelli, E.M. Godsy, E. Warren, H.I. Essaid, and M.E. Tuccillo, 2001, Progression of natural attenuation processes at a crude oil spill site II. Controls on spatial distribution of microbial populations, J. Contam. Hydrol., 53:387-406.; Cozzarelli, I.M., Bekins, B.A., Baedecker, M.J., Aiken, G.R., Eaganhouse, R.P., and Tuccillo, m.E., 2001, Progression of natural attenuation processes at a crude-oil spill site--I. Geochemical evolution of the plume: Journal of Contaminant Hydrology, v. 53, pp. 369-385.",
ds_10,x9607,9607II,9/11/1996,WI,11.05,15,x46123,Fe_2_mgL,,14.14,xLC006,"Bekins, B.A., I.M. Cozzarelli, E.M. Godsy, E. Warren, H.I. Essaid, and M.E. Tuccillo, 2001, Progression of natural attenuation processes at a crude oil spill site II. Controls on spatial distribution of microbial populations, J. Contam. Hydrol., 53:387-406.; Cozzarelli, I.M., Bekins, B.A., Baedecker, M.J., Aiken, G.R., Eaganhouse, R.P., and Tuccillo, m.E., 2001, Progression of natural attenuation processes at a crude-oil spill site--I. Geochemical evolution of the plume: Journal of Contaminant Hydrology, v. 53, pp. 369-385.",
ds_10,x9607,9607II,9/11/1996,WI,11.05,15,x68831,CH4_mgL,,3.065,xLC005,"Bekins, B.A., I.M. Cozzarelli, E.M. Godsy, E. Warren, H.I. Essaid, and M.E. Tuccillo, 2001, Progression of natural attenuation processes at a crude oil spill site II. Controls on spatial distribution of microbial populations, J. Contam. Hydrol., 53:387-406.; Cozzarelli, I.M., Bekins, B.A., Baedecker, M.J., Aiken, G.R., Eaganhouse, R.P., and Tuccillo, m.E., 2001, Progression of natural attenuation processes at a crude-oil spill site--I. Geochemical evolution of the plume: Journal of Contaminant Hydrology, v. 53, pp. 369-385.",
ds_10,x9607,9607II,9/11/1996,WI,11.05,15,xLO065,NVDOC_mgL,,18.2,xLCID2,"Bekins, B.A., I.M. Cozzarelli, E.M. Godsy, E. Warren, H.I. Essaid, and M.E. Tuccillo, 2001, Progression of natural attenuation processes at a crude oil spill site II. Controls on spatial distribution of microbial populations, J. Contam. Hydrol., 53:387-406.; Cozzarelli, I.M., Bekins, B.A., Baedecker, M.J., Aiken, G.R., Eaganhouse, R.P., and Tuccillo, m.E., 2001, Progression of natural attenuation processes at a crude-oil spill site--I. Geochemical evolution of the plume: Journal of Contaminant Hydrology, v. 53, pp. 369-385.",
ds_10,x9607,9607II,9/11/1996,WI,11.05,15,xLO037,Bz_mgL,,0.0913,xLGC01,"Bekins, B.A., I.M. Cozzarelli, E.M. Godsy, E. Warren, H.I. Essaid, and M.E. Tuccillo, 2001, Progression of natural attenuation processes at a crude oil spill site II. Controls on spatial distribution of microbial populations, J. Contam. Hydrol., 53:387-406.; Cozzarelli, I.M., Bekins, B.A., Baedecker, M.J., Aiken, G.R., Eaganhouse, R.P., and Tuccillo, m.E., 2001, Progression of natural attenuation processes at a crude-oil spill site--I. Geochemical evolution of the plume: Journal of Contaminant Hydrology, v. 53, pp. 369-385.",
ds_10,x9607,9607II,9/11/1996,WI,11.05,15,xLO073,Tol_mgL,,0.012,xLGC01,"Bekins, B.A., I.M. Cozzarelli, E.M. Godsy, E. Warren, H.I. Essaid, and M.E. Tuccillo, 2001, Progression of natural attenuation processes at a crude oil spill site II. Controls on spatial distribution of microbial populations, J. Contam. Hydrol., 53:387-406.; Cozzarelli, I.M., Bekins, B.A., Baedecker, M.J., Aiken, G.R., Eaganhouse, R.P., and Tuccillo, m.E., 2001, Progression of natural attenuation processes at a crude-oil spill site--I. Geochemical evolution of the plume: Journal of Contaminant Hydrology, v. 53, pp. 369-385.",
ds_10,x9607,9607II,9/11/1996,WI,11.05,15,xLO042,EtBz_mgL,,0.0125,xLGC01,"Bekins, B.A., I.M. Cozzarelli, E.M. Godsy, E. Warren, H.I. Essaid, and M.E. Tuccillo, 2001, Progression of natural attenuation processes at a crude oil spill site II. Controls on spatial distribution of microbial populations, J. Contam. Hydrol., 53:387-406.; Cozzarelli, I.M., Bekins, B.A., Baedecker, M.J., Aiken, G.R., Eaganhouse, R.P., and Tuccillo, m.E., 2001, Progression of natural attenuation processes at a crude-oil spill site--I. Geochemical evolution of the plume: Journal of Contaminant Hydrology, v. 53, pp. 369-385.",
ds_10,x9607,9607II,9/11/1996,WI,11.05,15,xLO052,mpxyl_mgL,,0.023,xLGC01,"Bekins, B.A., I.M. Cozzarelli, E.M. Godsy, E. Warren, H.I. Essaid, and M.E. Tuccillo, 2001, Progression of natural attenuation processes at a crude oil spill site II. Controls on spatial distribution of microbial populations, J. Contam. Hydrol., 53:387-406.; Cozzarelli, I.M., Bekins, B.A., Baedecker, M.J., Aiken, G.R., Eaganhouse, R.P., and Tuccillo, m.E., 2001, Progression of natural attenuation processes at a crude-oil spill site--I. Geochemical evolution of the plume: Journal of Contaminant Hydrology, v. 53, pp. 369-385.",
ds_10,x9607,9607II,9/11/1996,WI,11.05,15,xLO067,oxyl_mgL,,0.0109,xLGC01,"Bekins, B.A., I.M. Cozzarelli, E.M. Godsy, E. Warren, H.I. Essaid, and M.E. Tuccillo, 2001, Progression of natural attenuation processes at a crude oil spill site II. Controls on spatial distribution of microbial populations, J. Contam. Hydrol., 53:387-406.; Cozzarelli, I.M., Bekins, B.A., Baedecker, M.J., Aiken, G.R., Eaganhouse, R.P., and Tuccillo, m.E., 2001, Progression of natural attenuation processes at a crude-oil spill site--I. Geochemical evolution of the plume: Journal of Contaminant Hydrology, v. 53, pp. 369-385.",
ds_10,x9607,9607II,9/11/1996,WI,11.05,15,xLO050,IsoPrBz_mgL,,0.0119,xLGC01,"Bekins, B.A., I.M. Cozzarelli, E.M. Godsy, E. Warren, H.I. Essaid, and M.E. Tuccillo, 2001, Progression of natural attenuation processes at a crude oil spill site II. Controls on spatial distribution of microbial populations, J. Contam. Hydrol., 53:387-406.; Cozzarelli, I.M., Bekins, B.A., Baedecker, M.J., Aiken, G.R., Eaganhouse, R.P., and Tuccillo, m.E., 2001, Progression of natural attenuation processes at a crude-oil spill site--I. Geochemical evolution of the plume: Journal of Contaminant Hydrology, v. 53, pp. 369-385.",
ds_10,x9607,9607II,9/11/1996,WI,11.05,15,xLO064,nPrBz_mgL,,0.0144,xLGC01,"Bekins, B.A., I.M. Cozzarelli, E.M. Godsy, E. Warren, H.I. Essaid, and M.E. Tuccillo, 2001, Progression of natural attenuation processes at a crude oil spill site II. Controls on spatial distribution of microbial populations, J. Contam. Hydrol., 53:387-406.; Cozzarelli, I.M., Bekins, B.A., Baedecker, M.J., Aiken, G.R., Eaganhouse, R.P., and Tuccillo, m.E., 2001, Progression of natural attenuation processes at a crude-oil spill site--I. Geochemical evolution of the plume: Journal of Contaminant Hydrology, v. 53, pp. 369-385.",
ds_10,x9607,9607II,9/11/1996,WI,11.05,15,xLO015,135TMeBz_mgL,,0.0135,xLGC01,"Bekins, B.A., I.M. Cozzarelli, E.M. Godsy, E. Warren, H.I. Essaid, and M.E. Tuccillo, 2001, Progression of natural attenuation processes at a crude oil spill site II. Controls on spatial distribution of microbial populations, J. Contam. Hydrol., 53:387-406.; Cozzarelli, I.M., Bekins, B.A., Baedecker, M.J., Aiken, G.R., Eaganhouse, R.P., and Tuccillo, m.E., 2001, Progression of natural attenuation processes at a crude-oil spill site--I. Geochemical evolution of the plume: Journal of Contaminant Hydrology, v. 53, pp. 369-385.",
ds_10,x9607,9607II,9/11/1996,WI,11.05,15,xLO010,124TMeBz_mgL,,0.0123,xLGC01,"Bekins, B.A., I.M. Cozzarelli, E.M. Godsy, E. Warren, H.I. Essaid, and M.E. Tuccillo, 2001, Progression of natural attenuation processes at a crude oil spill site II. Controls on spatial distribution of microbial populations, J. Contam. Hydrol., 53:387-406.; Cozzarelli, I.M., Bekins, B.A., Baedecker, M.J., Aiken, G.R., Eaganhouse, R.P., and Tuccillo, m.E., 2001, Progression of natural attenuation processes at a crude-oil spill site--I. Geochemical evolution of the plume: Journal of Contaminant Hydrology, v. 53, pp. 369-385.",
ds_10,x9608,9608,9/12/1996,WI,8.76,0,xLS437,11DiMeEtBz_mgL,,0.0062,xLGC01,"Bekins, B.A., I.M. Cozzarelli, E.M. Godsy, E. Warren, H.I. Essaid, and M.E. Tuccillo, 2001, Progression of natural attenuation processes at a crude oil spill site II. Controls on spatial distribution of microbial populations, J. Contam. Hydrol., 53:387-406.; Cozzarelli, I.M., Bekins, B.A., Baedecker, M.J., Aiken, G.R., Eaganhouse, R.P., and Tuccillo, m.E., 2001, Progression of natural attenuation processes at a crude-oil spill site--I. Geochemical evolution of the plume: Journal of Contaminant Hydrology, v. 53, pp. 369-385.",
ds_10,x9608,9608,9/12/1996,WI,8.76,45,xLS437,11DiMeEtBz_mgL,,0.0164,xLGC01,"Bekins, B.A., I.M. Cozzarelli, E.M. Godsy, E. Warren, H.I. Essaid, and M.E. Tuccillo, 2001, Progression of natural attenuation processes at a crude oil spill site II. Controls on spatial distribution of microbial populations, J. Contam. Hydrol., 53:387-406.; Cozzarelli, I.M., Bekins, B.A., Baedecker, M.J., Aiken, G.R., Eaganhouse, R.P., and Tuccillo, m.E., 2001, Progression of natural attenuation processes at a crude-oil spill site--I. Geochemical evolution of the plume: Journal of Contaminant Hydrology, v. 53, pp. 369-385.",
ds_10,x9607,9607II,9/11/1996,WI,11.05,15,xLO006,123TMeBz_mgL,,0.0114,xLGC01,"Bekins, B.A., I.M. Cozzarelli, E.M. Godsy, E. Warren, H.I. Essaid, and M.E. Tuccillo, 2001, Progression of natural attenuation processes at a crude oil spill site II. Controls on spatial distribution of microbial populations, J. Contam. Hydrol., 53:387-406.; Cozzarelli, I.M., Bekins, B.A., Baedecker, M.J., Aiken, G.R., Eaganhouse, R.P., and Tuccillo, m.E., 2001, Progression of natural attenuation processes at a crude-oil spill site--I. Geochemical evolution of the plume: Journal of Contaminant Hydrology, v. 53, pp. 369-385.",
ds_10,x9608,9608,9/12/1996,WI,8.76,60,xLS437,11DiMeEtBz_mgL,,8.00E-04,xLGC01,"Bekins, B.A., I.M. Cozzarelli, E.M. Godsy, E. Warren, H.I. Essaid, and M.E. Tuccillo, 2001, Progression of natural attenuation processes at a crude oil spill site II. Controls on spatial distribution of microbial populations, J. Contam. Hydrol., 53:387-406.; Cozzarelli, I.M., Bekins, B.A., Baedecker, M.J., Aiken, G.R., Eaganhouse, R.P., and Tuccillo, m.E., 2001, Progression of natural attenuation processes at a crude-oil spill site--I. Geochemical evolution of the plume: Journal of Contaminant Hydrology, v. 53, pp. 369-385.",
ds_10,x9608,9608,9/12/1996,WI,8.76,75,xLS437,11DiMeEtBz_mgL,,0.00075,xLGC01,"Bekins, B.A., I.M. Cozzarelli, E.M. Godsy, E. Warren, H.I. Essaid, and M.E. Tuccillo, 2001, Progression of natural attenuation processes at a crude oil spill site II. Controls on spatial distribution of microbial populations, J. Contam. Hydrol., 53:387-406.; Cozzarelli, I.M., Bekins, B.A., Baedecker, M.J., Aiken, G.R., Eaganhouse, R.P., and Tuccillo, m.E., 2001, Progression of natural attenuation processes at a crude-oil spill site--I. Geochemical evolution of the plume: Journal of Contaminant Hydrology, v. 53, pp. 369-385.",
ds_10,x9607,9607II,9/11/1996,WI,11.05,15,xLO027,1Me3IsoPrBz_mgL,,0.0141,xLGC01,"Bekins, B.A., I.M. Cozzarelli, E.M. Godsy, E. Warren, H.I. Essaid, and M.E. Tuccillo, 2001, Progression of natural attenuation processes at a crude oil spill site II. Controls on spatial distribution of microbial populations, J. Contam. Hydrol., 53:387-406.; Cozzarelli, I.M., Bekins, B.A., Baedecker, M.J., Aiken, G.R., Eaganhouse, R.P., and Tuccillo, m.E., 2001, Progression of natural attenuation processes at a crude-oil spill site--I. Geochemical evolution of the plume: Journal of Contaminant Hydrology, v. 53, pp. 369-385.",
ds_10,x9607,9607II,9/11/1996,WI,11.05,15,xLO030,1Me4IsoPrBz_mgL,,0.0138,xLGC01,"Bekins, B.A., I.M. Cozzarelli, E.M. Godsy, E. Warren, H.I. Essaid, and M.E. Tuccillo, 2001, Progression of natural attenuation processes at a crude oil spill site II. Controls on spatial distribution of microbial populations, J. Contam. Hydrol., 53:387-406.; Cozzarelli, I.M., Bekins, B.A., Baedecker, M.J., Aiken, G.R., Eaganhouse, R.P., and Tuccillo, m.E., 2001, Progression of natural attenuation processes at a crude-oil spill site--I. Geochemical evolution of the plume: Journal of Contaminant Hydrology, v. 53, pp. 369-385.",
ds_10,x9607,9607II,9/11/1996,WI,11.05,15,xLO024,1Me2IsoPrBz_mgL,,0.0142,xLGC01,"Bekins, B.A., I.M. Cozzarelli, E.M. Godsy, E. Warren, H.I. Essaid, and M.E. Tuccillo, 2001, Progression of natural attenuation processes at a crude oil spill site II. Controls on spatial distribution of microbial populations, J. Contam. Hydrol., 53:387-406.; Cozzarelli, I.M., Bekins, B.A., Baedecker, M.J., Aiken, G.R., Eaganhouse, R.P., and Tuccillo, m.E., 2001, Progression of natural attenuation processes at a crude-oil spill site--I. Geochemical evolution of the plume: Journal of Contaminant Hydrology, v. 53, pp. 369-385.",
ds_10,x9607,9607II,9/11/1996,WI,11.05,15,xLO016,13DEtBz_mgL,,0.0154,xLGC01,"Bekins, B.A., I.M. Cozzarelli, E.M. Godsy, E. Warren, H.I. Essaid, and M.E. Tuccillo, 2001, Progression of natural attenuation processes at a crude oil spill site II. Controls on spatial distribution of microbial populations, J. Contam. Hydrol., 53:387-406.; Cozzarelli, I.M., Bekins, B.A., Baedecker, M.J., Aiken, G.R., Eaganhouse, R.P., and Tuccillo, m.E., 2001, Progression of natural attenuation processes at a crude-oil spill site--I. Geochemical evolution of the plume: Journal of Contaminant Hydrology, v. 53, pp. 369-385.",
ds_10,x9607,9607II,9/11/1996,WI,11.05,15,xLO028,1Me3PrBz_mgL,,0.0124,xLGC01,"Bekins, B.A., I.M. Cozzarelli, E.M. Godsy, E. Warren, H.I. Essaid, and M.E. Tuccillo, 2001, Progression of natural attenuation processes at a crude oil spill site II. Controls on spatial distribution of microbial populations, J. Contam. Hydrol., 53:387-406.; Cozzarelli, I.M., Bekins, B.A., Baedecker, M.J., Aiken, G.R., Eaganhouse, R.P., and Tuccillo, m.E., 2001, Progression of natural attenuation processes at a crude-oil spill site--I. Geochemical evolution of the plume: Journal of Contaminant Hydrology, v. 53, pp. 369-385.",
ds_10,x9607,9607II,9/11/1996,WI,11.05,15,xLO031,1Me4PrBz_mgL,,0.0145,xLGC01,"Bekins, B.A., I.M. Cozzarelli, E.M. Godsy, E. Warren, H.I. Essaid, and M.E. Tuccillo, 2001, Progression of natural attenuation processes at a crude oil spill site II. Controls on spatial distribution of microbial populations, J. Contam. Hydrol., 53:387-406.; Cozzarelli, I.M., Bekins, B.A., Baedecker, M.J., Aiken, G.R., Eaganhouse, R.P., and Tuccillo, m.E., 2001, Progression of natural attenuation processes at a crude-oil spill site--I. Geochemical evolution of the plume: Journal of Contaminant Hydrology, v. 53, pp. 369-385.",
ds_10,x9607,9607II,9/11/1996,WI,11.05,15,xLO020,14DEtBz_mgL,,0.0124,xLGC01,"Bekins, B.A., I.M. Cozzarelli, E.M. Godsy, E. Warren, H.I. Essaid, and M.E. Tuccillo, 2001, Progression of natural attenuation processes at a crude oil spill site II. Controls on spatial distribution of microbial populations, J. Contam. Hydrol., 53:387-406.; Cozzarelli, I.M., Bekins, B.A., Baedecker, M.J., Aiken, G.R., Eaganhouse, R.P., and Tuccillo, m.E., 2001, Progression of natural attenuation processes at a crude-oil spill site--I. Geochemical evolution of the plume: Journal of Contaminant Hydrology, v. 53, pp. 369-385.",
ds_10,x9607,9607II,9/11/1996,WI,11.05,15,xLO056,nButylBz_mgL,,0.0184,xLGC01,"Bekins, B.A., I.M. Cozzarelli, E.M. Godsy, E. Warren, H.I. Essaid, and M.E. Tuccillo, 2001, Progression of natural attenuation processes at a crude oil spill site II. Controls on spatial distribution of microbial populations, J. Contam. Hydrol., 53:387-406.; Cozzarelli, I.M., Bekins, B.A., Baedecker, M.J., Aiken, G.R., Eaganhouse, R.P., and Tuccillo, m.E., 2001, Progression of natural attenuation processes at a crude-oil spill site--I. Geochemical evolution of the plume: Journal of Contaminant Hydrology, v. 53, pp. 369-385.",
ds_10,x9607,9607II,9/11/1996,WI,11.05,15,xLO019,13DMe5EtBz_mgL,,0.0147,xLGC01,"Bekins, B.A., I.M. Cozzarelli, E.M. Godsy, E. Warren, H.I. Essaid, and M.E. Tuccillo, 2001, Progression of natural attenuation processes at a crude oil spill site II. Controls on spatial distribution of microbial populations, J. Contam. Hydrol., 53:387-406.; Cozzarelli, I.M., Bekins, B.A., Baedecker, M.J., Aiken, G.R., Eaganhouse, R.P., and Tuccillo, m.E., 2001, Progression of natural attenuation processes at a crude-oil spill site--I. Geochemical evolution of the plume: Journal of Contaminant Hydrology, v. 53, pp. 369-385.",
ds_10,x9607,9607II,9/11/1996,WI,11.05,15,xLO011,12DEtBz_mgL,,0.0171,xLGC01,"Bekins, B.A., I.M. Cozzarelli, E.M. Godsy, E. Warren, H.I. Essaid, and M.E. Tuccillo, 2001, Progression of natural attenuation processes at a crude oil spill site II. Controls on spatial distribution of microbial populations, J. Contam. Hydrol., 53:387-406.; Cozzarelli, I.M., Bekins, B.A., Baedecker, M.J., Aiken, G.R., Eaganhouse, R.P., and Tuccillo, m.E., 2001, Progression of natural attenuation processes at a crude-oil spill site--I. Geochemical evolution of the plume: Journal of Contaminant Hydrology, v. 53, pp. 369-385.",
ds_10,x9607,9607II,9/11/1996,WI,11.05,15,xLO023,1Me2EtBz_mgL,,0.0148,xLGC01,"Bekins, B.A., I.M. Cozzarelli, E.M. Godsy, E. Warren, H.I. Essaid, and M.E. Tuccillo, 2001, Progression of natural attenuation processes at a crude oil spill site II. Controls on spatial distribution of microbial populations, J. Contam. Hydrol., 53:387-406.; Cozzarelli, I.M., Bekins, B.A., Baedecker, M.J., Aiken, G.R., Eaganhouse, R.P., and Tuccillo, m.E., 2001, Progression of natural attenuation processes at a crude-oil spill site--I. Geochemical evolution of the plume: Journal of Contaminant Hydrology, v. 53, pp. 369-385.",
ds_10,x9607,9607II,9/11/1996,WI,11.05,15,xLO021,14DMe2EtBz_mgL,,0.0152,xLGC01,"Bekins, B.A., I.M. Cozzarelli, E.M. Godsy, E. Warren, H.I. Essaid, and M.E. Tuccillo, 2001, Progression of natural attenuation processes at a crude oil spill site II. Controls on spatial distribution of microbial populations, J. Contam. Hydrol., 53:387-406.; Cozzarelli, I.M., Bekins, B.A., Baedecker, M.J., Aiken, G.R., Eaganhouse, R.P., and Tuccillo, m.E., 2001, Progression of natural attenuation processes at a crude-oil spill site--I. Geochemical evolution of the plume: Journal of Contaminant Hydrology, v. 53, pp. 369-385.",
ds_10,x9607,9607II,9/11/1996,WI,11.05,15,xLO018,13DMe4EtBz_mgL,,0.00185,xLGC01,"Bekins, B.A., I.M. Cozzarelli, E.M. Godsy, E. Warren, H.I. Essaid, and M.E. Tuccillo, 2001, Progression of natural attenuation processes at a crude oil spill site II. Controls on spatial distribution of microbial populations, J. Contam. Hydrol., 53:387-406.; Cozzarelli, I.M., Bekins, B.A., Baedecker, M.J., Aiken, G.R., Eaganhouse, R.P., and Tuccillo, m.E., 2001, Progression of natural attenuation processes at a crude-oil spill site--I. Geochemical evolution of the plume: Journal of Contaminant Hydrology, v. 53, pp. 369-385.",
ds_10,x9607,9607II,9/11/1996,WI,11.05,15,xLO013,12DMe4EtBz_mgL,,0.0127,xLGC01,"Bekins, B.A., I.M. Cozzarelli, E.M. Godsy, E. Warren, H.I. Essaid, and M.E. Tuccillo, 2001, Progression of natural attenuation processes at a crude oil spill site II. Controls on spatial distribution of microbial populations, J. Contam. Hydrol., 53:387-406.; Cozzarelli, I.M., Bekins, B.A., Baedecker, M.J., Aiken, G.R., Eaganhouse, R.P., and Tuccillo, m.E., 2001, Progression of natural attenuation processes at a crude-oil spill site--I. Geochemical evolution of the plume: Journal of Contaminant Hydrology, v. 53, pp. 369-385.",
ds_10,x9607,9607II,9/11/1996,WI,11.05,15,xLO017,13DMe2EtBz_mgL,,0.0134,xLGC01,"Bekins, B.A., I.M. Cozzarelli, E.M. Godsy, E. Warren, H.I. Essaid, and M.E. Tuccillo, 2001, Progression of natural attenuation processes at a crude oil spill site II. Controls on spatial distribution of microbial populations, J. Contam. Hydrol., 53:387-406.; Cozzarelli, I.M., Bekins, B.A., Baedecker, M.J., Aiken, G.R., Eaganhouse, R.P., and Tuccillo, m.E., 2001, Progression of natural attenuation processes at a crude-oil spill site--I. Geochemical evolution of the plume: Journal of Contaminant Hydrology, v. 53, pp. 369-385.",
ds_10,x9607,9607II,9/11/1996,WI,11.05,15,xLO012,12DMe3EtBz_mgL,,0.0136,xLGC01,"Bekins, B.A., I.M. Cozzarelli, E.M. Godsy, E. Warren, H.I. Essaid, and M.E. Tuccillo, 2001, Progression of natural attenuation processes at a crude oil spill site II. Controls on spatial distribution of microbial populations, J. Contam. Hydrol., 53:387-406.; Cozzarelli, I.M., Bekins, B.A., Baedecker, M.J., Aiken, G.R., Eaganhouse, R.P., and Tuccillo, m.E., 2001, Progression of natural attenuation processes at a crude-oil spill site--I. Geochemical evolution of the plume: Journal of Contaminant Hydrology, v. 53, pp. 369-385.",
ds_10,x9607,9607II,9/11/1996,WI,11.05,15,xLO008,1245TMeBz_mgL,,0.0148,xLGC01,"Bekins, B.A., I.M. Cozzarelli, E.M. Godsy, E. Warren, H.I. Essaid, and M.E. Tuccillo, 2001, Progression of natural attenuation processes at a crude oil spill site II. Controls on spatial distribution of microbial populations, J. Contam. Hydrol., 53:387-406.; Cozzarelli, I.M., Bekins, B.A., Baedecker, M.J., Aiken, G.R., Eaganhouse, R.P., and Tuccillo, m.E., 2001, Progression of natural attenuation processes at a crude-oil spill site--I. Geochemical evolution of the plume: Journal of Contaminant Hydrology, v. 53, pp. 369-385.",
ds_10,x9607,9607II,9/11/1996,WI,11.05,15,xLO004,1235TMeBz_mgL,,0.0132,xLGC01,"Bekins, B.A., I.M. Cozzarelli, E.M. Godsy, E. Warren, H.I. Essaid, and M.E. Tuccillo, 2001, Progression of natural attenuation processes at a crude oil spill site II. Controls on spatial distribution of microbial populations, J. Contam. Hydrol., 53:387-406.; Cozzarelli, I.M., Bekins, B.A., Baedecker, M.J., Aiken, G.R., Eaganhouse, R.P., and Tuccillo, m.E., 2001, Progression of natural attenuation processes at a crude-oil spill site--I. Geochemical evolution of the plume: Journal of Contaminant Hydrology, v. 53, pp. 369-385.",
ds_10,x9607,9607II,9/11/1996,WI,11.05,15,xLO002,1234TMeBz_mgL,,0.0127,xLGC01,"Bekins, B.A., I.M. Cozzarelli, E.M. Godsy, E. Warren, H.I. Essaid, and M.E. Tuccillo, 2001, Progression of natural attenuation processes at a crude oil spill site II. Controls on spatial distribution of microbial populations, J. Contam. Hydrol., 53:387-406.; Cozzarelli, I.M., Bekins, B.A., Baedecker, M.J., Aiken, G.R., Eaganhouse, R.P., and Tuccillo, m.E., 2001, Progression of natural attenuation processes at a crude-oil spill site--I. Geochemical evolution of the plume: Journal of Contaminant Hydrology, v. 53, pp. 369-385.",
ds_10,x9607,9607II,9/11/1996,WI,11.05,15,xLO035,BTEX_mgL,,0.1497,xLCA03,"Bekins, B.A., I.M. Cozzarelli, E.M. Godsy, E. Warren, H.I. Essaid, and M.E. Tuccillo, 2001, Progression of natural attenuation processes at a crude oil spill site II. Controls on spatial distribution of microbial populations, J. Contam. Hydrol., 53:387-406.; Cozzarelli, I.M., Bekins, B.A., Baedecker, M.J., Aiken, G.R., Eaganhouse, R.P., and Tuccillo, m.E., 2001, Progression of natural attenuation processes at a crude-oil spill site--I. Geochemical evolution of the plume: Journal of Contaminant Hydrology, v. 53, pp. 369-385.",
ds_10,x9607,9607II,9/11/1996,WI,11.05,15,xLS438,1Et2MeBz_mgL,,0.0136,xLGC01,"Bekins, B.A., I.M. Cozzarelli, E.M. Godsy, E. Warren, H.I. Essaid, and M.E. Tuccillo, 2001, Progression of natural attenuation processes at a crude oil spill site II. Controls on spatial distribution of microbial populations, J. Contam. Hydrol., 53:387-406.; Cozzarelli, I.M., Bekins, B.A., Baedecker, M.J., Aiken, G.R., Eaganhouse, R.P., and Tuccillo, m.E., 2001, Progression of natural attenuation processes at a crude-oil spill site--I. Geochemical evolution of the plume: Journal of Contaminant Hydrology, v. 53, pp. 369-385.",
ds_10,x9608,9608,9/12/1996,WI,8.76,90,xLS437,11DiMeEtBz_mgL,,0.0028,xLGC01,"Bekins, B.A., I.M. Cozzarelli, E.M. Godsy, E. Warren, H.I. Essaid, and M.E. Tuccillo, 2001, Progression of natural attenuation processes at a crude oil spill site II. Controls on spatial distribution of microbial populations, J. Contam. Hydrol., 53:387-406.; Cozzarelli, I.M., Bekins, B.A., Baedecker, M.J., Aiken, G.R., Eaganhouse, R.P., and Tuccillo, m.E., 2001, Progression of natural attenuation processes at a crude-oil spill site--I. Geochemical evolution of the plume: Journal of Contaminant Hydrology, v. 53, pp. 369-385.",
ds_10,x9607,9607II,9/11/1996,WI,11.05,15,xLS439,1Et3MeBz_mgL,,0.0129,xLGC01,"Bekins, B.A., I.M. Cozzarelli, E.M. Godsy, E. Warren, H.I. Essaid, and M.E. Tuccillo, 2001, Progression of natural attenuation processes at a crude oil spill site II. Controls on spatial distribution of microbial populations, J. Contam. Hydrol., 53:387-406.; Cozzarelli, I.M., Bekins, B.A., Baedecker, M.J., Aiken, G.R., Eaganhouse, R.P., and Tuccillo, m.E., 2001, Progression of natural attenuation processes at a crude-oil spill site--I. Geochemical evolution of the plume: Journal of Contaminant Hydrology, v. 53, pp. 369-385.",
ds_10,x9607,9607II,9/11/1996,WI,11.05,15,xLS440,1Et4MeBz_mgL,,0.0143,xLGC01,"Bekins, B.A., I.M. Cozzarelli, E.M. Godsy, E. Warren, H.I. Essaid, and M.E. Tuccillo, 2001, Progression of natural attenuation processes at a crude oil spill site II. Controls on spatial distribution of microbial populations, J. Contam. Hydrol., 53:387-406.; Cozzarelli, I.M., Bekins, B.A., Baedecker, M.J., Aiken, G.R., Eaganhouse, R.P., and Tuccillo, m.E., 2001, Progression of natural attenuation processes at a crude-oil spill site--I. Geochemical evolution of the plume: Journal of Contaminant Hydrology, v. 53, pp. 369-385.",
ds_10,x9607,9607II,9/11/1996,WI,11.05,15,xLS441,1MePrBz_mgL,,0.0139,xLGC01,"Bekins, B.A., I.M. Cozzarelli, E.M. Godsy, E. Warren, H.I. Essaid, and M.E. Tuccillo, 2001, Progression of natural attenuation processes at a crude oil spill site II. Controls on spatial distribution of microbial populations, J. Contam. Hydrol., 53:387-406.; Cozzarelli, I.M., Bekins, B.A., Baedecker, M.J., Aiken, G.R., Eaganhouse, R.P., and Tuccillo, m.E., 2001, Progression of natural attenuation processes at a crude-oil spill site--I. Geochemical evolution of the plume: Journal of Contaminant Hydrology, v. 53, pp. 369-385.",
ds_10,x9607,9607II,9/11/1996,WI,11.05,15,xLS442,2MePrBz_mgL,,0.0168,xLGC01,"Bekins, B.A., I.M. Cozzarelli, E.M. Godsy, E. Warren, H.I. Essaid, and M.E. Tuccillo, 2001, Progression of natural attenuation processes at a crude oil spill site II. Controls on spatial distribution of microbial populations, J. Contam. Hydrol., 53:387-406.; Cozzarelli, I.M., Bekins, B.A., Baedecker, M.J., Aiken, G.R., Eaganhouse, R.P., and Tuccillo, m.E., 2001, Progression of natural attenuation processes at a crude-oil spill site--I. Geochemical evolution of the plume: Journal of Contaminant Hydrology, v. 53, pp. 369-385.",
ds_10,x9607,9607II,9/11/1996,WI,11.05,15,xLD443,TotAlkylBz_mgL,,0.55945,xLCA06,"Bekins, B.A., I.M. Cozzarelli, E.M. Godsy, E. Warren, H.I. Essaid, and M.E. Tuccillo, 2001, Progression of natural attenuation processes at a crude oil spill site II. Controls on spatial distribution of microbial populations, J. Contam. Hydrol., 53:387-406.; Cozzarelli, I.M., Bekins, B.A., Baedecker, M.J., Aiken, G.R., Eaganhouse, R.P., and Tuccillo, m.E., 2001, Progression of natural attenuation processes at a crude-oil spill site--I. Geochemical evolution of the plume: Journal of Contaminant Hydrology, v. 53, pp. 369-385.",
ds_10,x9607,9607II,9/11/1996,WI,11.05,30,xLS437,11DiMeEtBz_mgL,,0.0025,xLGC01,"Bekins, B.A., I.M. Cozzarelli, E.M. Godsy, E. Warren, H.I. Essaid, and M.E. Tuccillo, 2001, Progression of natural attenuation processes at a crude oil spill site II. Controls on spatial distribution of microbial populations, J. Contam. Hydrol., 53:387-406.; Cozzarelli, I.M., Bekins, B.A., Baedecker, M.J., Aiken, G.R., Eaganhouse, R.P., and Tuccillo, m.E., 2001, Progression of natural attenuation processes at a crude-oil spill site--I. Geochemical evolution of the plume: Journal of Contaminant Hydrology, v. 53, pp. 369-385.",
ds_10,x9607,9607II,9/11/1996,WI,11.05,30,x46123,Fe_2_mgL,,13.17,xLC006,"Bekins, B.A., I.M. Cozzarelli, E.M. Godsy, E. Warren, H.I. Essaid, and M.E. Tuccillo, 2001, Progression of natural attenuation processes at a crude oil spill site II. Controls on spatial distribution of microbial populations, J. Contam. Hydrol., 53:387-406.; Cozzarelli, I.M., Bekins, B.A., Baedecker, M.J., Aiken, G.R., Eaganhouse, R.P., and Tuccillo, m.E., 2001, Progression of natural attenuation processes at a crude-oil spill site--I. Geochemical evolution of the plume: Journal of Contaminant Hydrology, v. 53, pp. 369-385.",
ds_10,x9607,9607II,9/11/1996,WI,11.05,30,x68831,CH4_mgL,,2.862,xLC005,"Bekins, B.A., I.M. Cozzarelli, E.M. Godsy, E. Warren, H.I. Essaid, and M.E. Tuccillo, 2001, Progression of natural attenuation processes at a crude oil spill site II. Controls on spatial distribution of microbial populations, J. Contam. Hydrol., 53:387-406.; Cozzarelli, I.M., Bekins, B.A., Baedecker, M.J., Aiken, G.R., Eaganhouse, R.P., and Tuccillo, m.E., 2001, Progression of natural attenuation processes at a crude-oil spill site--I. Geochemical evolution of the plume: Journal of Contaminant Hydrology, v. 53, pp. 369-385.",
ds_10,x9607,9607II,9/11/1996,WI,11.05,30,xLO065,NVDOC_mgL,,11.3,xLCID2,"Bekins, B.A., I.M. Cozzarelli, E.M. Godsy, E. Warren, H.I. Essaid, and M.E. Tuccillo, 2001, Progression of natural attenuation processes at a crude oil spill site II. Controls on spatial distribution of microbial populations, J. Contam. Hydrol., 53:387-406.; Cozzarelli, I.M., Bekins, B.A., Baedecker, M.J., Aiken, G.R., Eaganhouse, R.P., and Tuccillo, m.E., 2001, Progression of natural attenuation processes at a crude-oil spill site--I. Geochemical evolution of the plume: Journal of Contaminant Hydrology, v. 53, pp. 369-385.",
ds_10,x9607,9607II,9/11/1996,WI,11.05,30,xLO037,Bz_mgL,,0.915,xLGC01,"Bekins, B.A., I.M. Cozzarelli, E.M. Godsy, E. Warren, H.I. Essaid, and M.E. Tuccillo, 2001, Progression of natural attenuation processes at a crude oil spill site II. Controls on spatial distribution of microbial populations, J. Contam. Hydrol., 53:387-406.; Cozzarelli, I.M., Bekins, B.A., Baedecker, M.J., Aiken, G.R., Eaganhouse, R.P., and Tuccillo, m.E., 2001, Progression of natural attenuation processes at a crude-oil spill site--I. Geochemical evolution of the plume: Journal of Contaminant Hydrology, v. 53, pp. 369-385.",
ds_10,x9608,9608,9/12/1996,WI,8.76,105,xLS437,11DiMeEtBz_mgL,,0,xLGC01,"Bekins, B.A., I.M. Cozzarelli, E.M. Godsy, E. Warren, H.I. Essaid, and M.E. Tuccillo, 2001, Progression of natural attenuation processes at a crude oil spill site II. Controls on spatial distribution of microbial populations, J. Contam. Hydrol., 53:387-406.; Cozzarelli, I.M., Bekins, B.A., Baedecker, M.J., Aiken, G.R., Eaganhouse, R.P., and Tuccillo, m.E., 2001, Progression of natural attenuation processes at a crude-oil spill site--I. Geochemical evolution of the plume: Journal of Contaminant Hydrology, v. 53, pp. 369-385.",
ds_10,x9608,9608,9/12/1996,WI,8.76,120,xLS437,11DiMeEtBz_mgL,,0,xLGC01,"Bekins, B.A., I.M. Cozzarelli, E.M. Godsy, E. Warren, H.I. Essaid, and M.E. Tuccillo, 2001, Progression of natural attenuation processes at a crude oil spill site II. Controls on spatial distribution of microbial populations, J. Contam. Hydrol., 53:387-406.; Cozzarelli, I.M., Bekins, B.A., Baedecker, M.J., Aiken, G.R., Eaganhouse, R.P., and Tuccillo, m.E., 2001, Progression of natural attenuation processes at a crude-oil spill site--I. Geochemical evolution of the plume: Journal of Contaminant Hydrology, v. 53, pp. 369-385.",
ds_10,x9607,9607II,9/11/1996,WI,11.05,30,xLO073,Tol_mgL,,0.0049,xLGC01,"Bekins, B.A., I.M. Cozzarelli, E.M. Godsy, E. Warren, H.I. Essaid, and M.E. Tuccillo, 2001, Progression of natural attenuation processes at a crude oil spill site II. Controls on spatial distribution of microbial populations, J. Contam. Hydrol., 53:387-406.; Cozzarelli, I.M., Bekins, B.A., Baedecker, M.J., Aiken, G.R., Eaganhouse, R.P., and Tuccillo, m.E., 2001, Progression of natural attenuation processes at a crude-oil spill site--I. Geochemical evolution of the plume: Journal of Contaminant Hydrology, v. 53, pp. 369-385.",
ds_10,x9608,9608,9/12/1996,WI,8.76,135,xLS437,11DiMeEtBz_mgL,,0.0062,xLGC01,"Bekins, B.A., I.M. Cozzarelli, E.M. Godsy, E. Warren, H.I. Essaid, and M.E. Tuccillo, 2001, Progression of natural attenuation processes at a crude oil spill site II. Controls on spatial distribution of microbial populations, J. Contam. Hydrol., 53:387-406.; Cozzarelli, I.M., Bekins, B.A., Baedecker, M.J., Aiken, G.R., Eaganhouse, R.P., and Tuccillo, m.E., 2001, Progression of natural attenuation processes at a crude-oil spill site--I. Geochemical evolution of the plume: Journal of Contaminant Hydrology, v. 53, pp. 369-385.",
ds_10,x9608,9608,9/12/1996,WI,8.76,165,xLS437,11DiMeEtBz_mgL,,0.0094,xLGC01,"Bekins, B.A., I.M. Cozzarelli, E.M. Godsy, E. Warren, H.I. Essaid, and M.E. Tuccillo, 2001, Progression of natural attenuation processes at a crude oil spill site II. Controls on spatial distribution of microbial populations, J. Contam. Hydrol., 53:387-406.; Cozzarelli, I.M., Bekins, B.A., Baedecker, M.J., Aiken, G.R., Eaganhouse, R.P., and Tuccillo, m.E., 2001, Progression of natural attenuation processes at a crude-oil spill site--I. Geochemical evolution of the plume: Journal of Contaminant Hydrology, v. 53, pp. 369-385.",
ds_10,x9607,9607II,9/11/1996,WI,11.05,30,xLO042,EtBz_mgL,,0.0342,xLGC01,"Bekins, B.A., I.M. Cozzarelli, E.M. Godsy, E. Warren, H.I. Essaid, and M.E. Tuccillo, 2001, Progression of natural attenuation processes at a crude oil spill site II. Controls on spatial distribution of microbial populations, J. Contam. Hydrol., 53:387-406.; Cozzarelli, I.M., Bekins, B.A., Baedecker, M.J., Aiken, G.R., Eaganhouse, R.P., and Tuccillo, m.E., 2001, Progression of natural attenuation processes at a crude-oil spill site--I. Geochemical evolution of the plume: Journal of Contaminant Hydrology, v. 53, pp. 369-385.",
ds_10,x9609,9609,9/12/1996,WI,8.76,15,xLS437,11DiMeEtBz_mgL,,0.0024,xLGC01,"Bekins, B.A., I.M. Cozzarelli, E.M. Godsy, E. Warren, H.I. Essaid, and M.E. Tuccillo, 2001, Progression of natural attenuation processes at a crude oil spill site II. Controls on spatial distribution of microbial populations, J. Contam. Hydrol., 53:387-406.; Cozzarelli, I.M., Bekins, B.A., Baedecker, M.J., Aiken, G.R., Eaganhouse, R.P., and Tuccillo, m.E., 2001, Progression of natural attenuation processes at a crude-oil spill site--I. Geochemical evolution of the plume: Journal of Contaminant Hydrology, v. 53, pp. 369-385.",
ds_10,x9609,9609,9/12/1996,WI,8.76,30,xLS437,11DiMeEtBz_mgL,,0.0022,xLGC01,"Bekins, B.A., I.M. Cozzarelli, E.M. Godsy, E. Warren, H.I. Essaid, and M.E. Tuccillo, 2001, Progression of natural attenuation processes at a crude oil spill site II. Controls on spatial distribution of microbial populations, J. Contam. Hydrol., 53:387-406.; Cozzarelli, I.M., Bekins, B.A., Baedecker, M.J., Aiken, G.R., Eaganhouse, R.P., and Tuccillo, m.E., 2001, Progression of natural attenuation processes at a crude-oil spill site--I. Geochemical evolution of the plume: Journal of Contaminant Hydrology, v. 53, pp. 369-385.",
ds_10,x9607,9607II,9/11/1996,WI,11.05,30,xLO052,mpxyl_mgL,,0.0126,xLGC01,"Bekins, B.A., I.M. Cozzarelli, E.M. Godsy, E. Warren, H.I. Essaid, and M.E. Tuccillo, 2001, Progression of natural attenuation processes at a crude oil spill site II. Controls on spatial distribution of microbial populations, J. Contam. Hydrol., 53:387-406.; Cozzarelli, I.M., Bekins, B.A., Baedecker, M.J., Aiken, G.R., Eaganhouse, R.P., and Tuccillo, m.E., 2001, Progression of natural attenuation processes at a crude-oil spill site--I. Geochemical evolution of the plume: Journal of Contaminant Hydrology, v. 53, pp. 369-385.",
ds_10,x9607,9607II,9/11/1996,WI,11.05,30,xLO067,oxyl_mgL,,0.0013,xLGC01,"Bekins, B.A., I.M. Cozzarelli, E.M. Godsy, E. Warren, H.I. Essaid, and M.E. Tuccillo, 2001, Progression of natural attenuation processes at a crude oil spill site II. Controls on spatial distribution of microbial populations, J. Contam. Hydrol., 53:387-406.; Cozzarelli, I.M., Bekins, B.A., Baedecker, M.J., Aiken, G.R., Eaganhouse, R.P., and Tuccillo, m.E., 2001, Progression of natural attenuation processes at a crude-oil spill site--I. Geochemical evolution of the plume: Journal of Contaminant Hydrology, v. 53, pp. 369-385.",
ds_10,x9607,9607II,9/11/1996,WI,11.05,30,xLO050,IsoPrBz_mgL,,0.0038,xLGC01,"Bekins, B.A., I.M. Cozzarelli, E.M. Godsy, E. Warren, H.I. Essaid, and M.E. Tuccillo, 2001, Progression of natural attenuation processes at a crude oil spill site II. Controls on spatial distribution of microbial populations, J. Contam. Hydrol., 53:387-406.; Cozzarelli, I.M., Bekins, B.A., Baedecker, M.J., Aiken, G.R., Eaganhouse, R.P., and Tuccillo, m.E., 2001, Progression of natural attenuation processes at a crude-oil spill site--I. Geochemical evolution of the plume: Journal of Contaminant Hydrology, v. 53, pp. 369-385.",
ds_10,x9607,9607II,9/11/1996,WI,11.05,30,xLO064,nPrBz_mgL,,0.00215,xLGC01,"Bekins, B.A., I.M. Cozzarelli, E.M. Godsy, E. Warren, H.I. Essaid, and M.E. Tuccillo, 2001, Progression of natural attenuation processes at a crude oil spill site II. Controls on spatial distribution of microbial populations, J. Contam. Hydrol., 53:387-406.; Cozzarelli, I.M., Bekins, B.A., Baedecker, M.J., Aiken, G.R., Eaganhouse, R.P., and Tuccillo, m.E., 2001, Progression of natural attenuation processes at a crude-oil spill site--I. Geochemical evolution of the plume: Journal of Contaminant Hydrology, v. 53, pp. 369-385.",
ds_10,x9607,9607II,9/11/1996,WI,11.05,30,xLO015,135TMeBz_mgL,,7.00E-04,xLGC01,"Bekins, B.A., I.M. Cozzarelli, E.M. Godsy, E. Warren, H.I. Essaid, and M.E. Tuccillo, 2001, Progression of natural attenuation processes at a crude oil spill site II. Controls on spatial distribution of microbial populations, J. Contam. Hydrol., 53:387-406.; Cozzarelli, I.M., Bekins, B.A., Baedecker, M.J., Aiken, G.R., Eaganhouse, R.P., and Tuccillo, m.E., 2001, Progression of natural attenuation processes at a crude-oil spill site--I. Geochemical evolution of the plume: Journal of Contaminant Hydrology, v. 53, pp. 369-385.",
ds_10,x9607,9607II,9/11/1996,WI,11.05,30,xLO010,124TMeBz_mgL,,7.00E-04,xLGC01,"Bekins, B.A., I.M. Cozzarelli, E.M. Godsy, E. Warren, H.I. Essaid, and M.E. Tuccillo, 2001, Progression of natural attenuation processes at a crude oil spill site II. Controls on spatial distribution of microbial populations, J. Contam. Hydrol., 53:387-406.; Cozzarelli, I.M., Bekins, B.A., Baedecker, M.J., Aiken, G.R., Eaganhouse, R.P., and Tuccillo, m.E., 2001, Progression of natural attenuation processes at a crude-oil spill site--I. Geochemical evolution of the plume: Journal of Contaminant Hydrology, v. 53, pp. 369-385.",
ds_10,x9607,9607II,9/11/1996,WI,11.05,30,xLO006,123TMeBz_mgL,,9.00E-04,xLGC01,"Bekins, B.A., I.M. Cozzarelli, E.M. Godsy, E. Warren, H.I. Essaid, and M.E. Tuccillo, 2001, Progression of natural attenuation processes at a crude oil spill site II. Controls on spatial distribution of microbial populations, J. Contam. Hydrol., 53:387-406.; Cozzarelli, I.M., Bekins, B.A., Baedecker, M.J., Aiken, G.R., Eaganhouse, R.P., and Tuccillo, m.E., 2001, Progression of natural attenuation processes at a crude-oil spill site--I. Geochemical evolution of the plume: Journal of Contaminant Hydrology, v. 53, pp. 369-385.",
ds_10,x9607,9607II,9/11/1996,WI,11.05,30,xLO027,1Me3IsoPrBz_mgL,,0.0016,xLGC01,"Bekins, B.A., I.M. Cozzarelli, E.M. Godsy, E. Warren, H.I. Essaid, and M.E. Tuccillo, 2001, Progression of natural attenuation processes at a crude oil spill site II. Controls on spatial distribution of microbial populations, J. Contam. Hydrol., 53:387-406.; Cozzarelli, I.M., Bekins, B.A., Baedecker, M.J., Aiken, G.R., Eaganhouse, R.P., and Tuccillo, m.E., 2001, Progression of natural attenuation processes at a crude-oil spill site--I. Geochemical evolution of the plume: Journal of Contaminant Hydrology, v. 53, pp. 369-385.",
ds_10,x9607,9607II,9/11/1996,WI,11.05,30,xLO030,1Me4IsoPrBz_mgL,,0.0011,xLGC01,"Bekins, B.A., I.M. Cozzarelli, E.M. Godsy, E. Warren, H.I. Essaid, and M.E. Tuccillo, 2001, Progression of natural attenuation processes at a crude oil spill site II. Controls on spatial distribution of microbial populations, J. Contam. Hydrol., 53:387-406.; Cozzarelli, I.M., Bekins, B.A., Baedecker, M.J., Aiken, G.R., Eaganhouse, R.P., and Tuccillo, m.E., 2001, Progression of natural attenuation processes at a crude-oil spill site--I. Geochemical evolution of the plume: Journal of Contaminant Hydrology, v. 53, pp. 369-385.",
ds_10,x9607,9607II,9/11/1996,WI,11.05,30,xLO024,1Me2IsoPrBz_mgL,,0.0015,xLGC01,"Bekins, B.A., I.M. Cozzarelli, E.M. Godsy, E. Warren, H.I. Essaid, and M.E. Tuccillo, 2001, Progression of natural attenuation processes at a crude oil spill site II. Controls on spatial distribution of microbial populations, J. Contam. Hydrol., 53:387-406.; Cozzarelli, I.M., Bekins, B.A., Baedecker, M.J., Aiken, G.R., Eaganhouse, R.P., and Tuccillo, m.E., 2001, Progression of natural attenuation processes at a crude-oil spill site--I. Geochemical evolution of the plume: Journal of Contaminant Hydrology, v. 53, pp. 369-385.",
ds_10,x9607,9607II,9/11/1996,WI,11.05,30,xLO016,13DEtBz_mgL,,0.00095,xLGC01,"Bekins, B.A., I.M. Cozzarelli, E.M. Godsy, E. Warren, H.I. Essaid, and M.E. Tuccillo, 2001, Progression of natural attenuation processes at a crude oil spill site II. Controls on spatial distribution of microbial populations, J. Contam. Hydrol., 53:387-406.; Cozzarelli, I.M., Bekins, B.A., Baedecker, M.J., Aiken, G.R., Eaganhouse, R.P., and Tuccillo, m.E., 2001, Progression of natural attenuation processes at a crude-oil spill site--I. Geochemical evolution of the plume: Journal of Contaminant Hydrology, v. 53, pp. 369-385.",
ds_10,x9607,9607II,9/11/1996,WI,11.05,30,xLO028,1Me3PrBz_mgL,,5.00E-05,xLGC01,"Bekins, B.A., I.M. Cozzarelli, E.M. Godsy, E. Warren, H.I. Essaid, and M.E. Tuccillo, 2001, Progression of natural attenuation processes at a crude oil spill site II. Controls on spatial distribution of microbial populations, J. Contam. Hydrol., 53:387-406.; Cozzarelli, I.M., Bekins, B.A., Baedecker, M.J., Aiken, G.R., Eaganhouse, R.P., and Tuccillo, m.E., 2001, Progression of natural attenuation processes at a crude-oil spill site--I. Geochemical evolution of the plume: Journal of Contaminant Hydrology, v. 53, pp. 369-385.",
ds_10,x9607,9607II,9/11/1996,WI,11.05,30,xLO031,1Me4PrBz_mgL,,8.00E-04,xLGC01,"Bekins, B.A., I.M. Cozzarelli, E.M. Godsy, E. Warren, H.I. Essaid, and M.E. Tuccillo, 2001, Progression of natural attenuation processes at a crude oil spill site II. Controls on spatial distribution of microbial populations, J. Contam. Hydrol., 53:387-406.; Cozzarelli, I.M., Bekins, B.A., Baedecker, M.J., Aiken, G.R., Eaganhouse, R.P., and Tuccillo, m.E., 2001, Progression of natural attenuation processes at a crude-oil spill site--I. Geochemical evolution of the plume: Journal of Contaminant Hydrology, v. 53, pp. 369-385.",
ds_10,x9607,9607II,9/11/1996,WI,11.05,30,xLO020,14DEtBz_mgL,,0.0012,xLGC01,"Bekins, B.A., I.M. Cozzarelli, E.M. Godsy, E. Warren, H.I. Essaid, and M.E. Tuccillo, 2001, Progression of natural attenuation processes at a crude oil spill site II. Controls on spatial distribution of microbial populations, J. Contam. Hydrol., 53:387-406.; Cozzarelli, I.M., Bekins, B.A., Baedecker, M.J., Aiken, G.R., Eaganhouse, R.P., and Tuccillo, m.E., 2001, Progression of natural attenuation processes at a crude-oil spill site--I. Geochemical evolution of the plume: Journal of Contaminant Hydrology, v. 53, pp. 369-385.",
ds_10,x9607,9607II,9/11/1996,WI,11.05,30,xLO056,nButylBz_mgL,,0.0034,xLGC01,"Bekins, B.A., I.M. Cozzarelli, E.M. Godsy, E. Warren, H.I. Essaid, and M.E. Tuccillo, 2001, Progression of natural attenuation processes at a crude oil spill site II. Controls on spatial distribution of microbial populations, J. Contam. Hydrol., 53:387-406.; Cozzarelli, I.M., Bekins, B.A., Baedecker, M.J., Aiken, G.R., Eaganhouse, R.P., and Tuccillo, m.E., 2001, Progression of natural attenuation processes at a crude-oil spill site--I. Geochemical evolution of the plume: Journal of Contaminant Hydrology, v. 53, pp. 369-385.",
ds_10,x9607,9607II,9/11/1996,WI,11.05,30,xLO019,13DMe5EtBz_mgL,,0.00055,xLGC01,"Bekins, B.A., I.M. Cozzarelli, E.M. Godsy, E. Warren, H.I. Essaid, and M.E. Tuccillo, 2001, Progression of natural attenuation processes at a crude oil spill site II. Controls on spatial distribution of microbial populations, J. Contam. Hydrol., 53:387-406.; Cozzarelli, I.M., Bekins, B.A., Baedecker, M.J., Aiken, G.R., Eaganhouse, R.P., and Tuccillo, m.E., 2001, Progression of natural attenuation processes at a crude-oil spill site--I. Geochemical evolution of the plume: Journal of Contaminant Hydrology, v. 53, pp. 369-385.",
ds_10,x9607,9607II,9/11/1996,WI,11.05,30,xLO011,12DEtBz_mgL,,0.001,xLGC01,"Bekins, B.A., I.M. Cozzarelli, E.M. Godsy, E. Warren, H.I. Essaid, and M.E. Tuccillo, 2001, Progression of natural attenuation processes at a crude oil spill site II. Controls on spatial distribution of microbial populations, J. Contam. Hydrol., 53:387-406.; Cozzarelli, I.M., Bekins, B.A., Baedecker, M.J., Aiken, G.R., Eaganhouse, R.P., and Tuccillo, m.E., 2001, Progression of natural attenuation processes at a crude-oil spill site--I. Geochemical evolution of the plume: Journal of Contaminant Hydrology, v. 53, pp. 369-385.",
ds_10,x9607,9607II,9/11/1996,WI,11.05,30,xLO023,1Me2EtBz_mgL,,0.00075,xLGC01,"Bekins, B.A., I.M. Cozzarelli, E.M. Godsy, E. Warren, H.I. Essaid, and M.E. Tuccillo, 2001, Progression of natural attenuation processes at a crude oil spill site II. Controls on spatial distribution of microbial populations, J. Contam. Hydrol., 53:387-406.; Cozzarelli, I.M., Bekins, B.A., Baedecker, M.J., Aiken, G.R., Eaganhouse, R.P., and Tuccillo, m.E., 2001, Progression of natural attenuation processes at a crude-oil spill site--I. Geochemical evolution of the plume: Journal of Contaminant Hydrology, v. 53, pp. 369-385.",
ds_10,x9607,9607II,9/11/1996,WI,11.05,30,xLO021,14DMe2EtBz_mgL,,0.00025,xLGC01,"Bekins, B.A., I.M. Cozzarelli, E.M. Godsy, E. Warren, H.I. Essaid, and M.E. Tuccillo, 2001, Progression of natural attenuation processes at a crude oil spill site II. Controls on spatial distribution of microbial populations, J. Contam. Hydrol., 53:387-406.; Cozzarelli, I.M., Bekins, B.A., Baedecker, M.J., Aiken, G.R., Eaganhouse, R.P., and Tuccillo, m.E., 2001, Progression of natural attenuation processes at a crude-oil spill site--I. Geochemical evolution of the plume: Journal of Contaminant Hydrology, v. 53, pp. 369-385.",
ds_10,x9607,9607II,9/11/1996,WI,11.05,30,xLO018,13DMe4EtBz_mgL,,4.00E-04,xLGC01,"Bekins, B.A., I.M. Cozzarelli, E.M. Godsy, E. Warren, H.I. Essaid, and M.E. Tuccillo, 2001, Progression of natural attenuation processes at a crude oil spill site II. Controls on spatial distribution of microbial populations, J. Contam. Hydrol., 53:387-406.; Cozzarelli, I.M., Bekins, B.A., Baedecker, M.J., Aiken, G.R., Eaganhouse, R.P., and Tuccillo, m.E., 2001, Progression of natural attenuation processes at a crude-oil spill site--I. Geochemical evolution of the plume: Journal of Contaminant Hydrology, v. 53, pp. 369-385.",
ds_10,x9607,9607II,9/11/1996,WI,11.05,30,xLO013,12DMe4EtBz_mgL,,1.00E-04,xLGC01,"Bekins, B.A., I.M. Cozzarelli, E.M. Godsy, E. Warren, H.I. Essaid, and M.E. Tuccillo, 2001, Progression of natural attenuation processes at a crude oil spill site II. Controls on spatial distribution of microbial populations, J. Contam. Hydrol., 53:387-406.; Cozzarelli, I.M., Bekins, B.A., Baedecker, M.J., Aiken, G.R., Eaganhouse, R.P., and Tuccillo, m.E., 2001, Progression of natural attenuation processes at a crude-oil spill site--I. Geochemical evolution of the plume: Journal of Contaminant Hydrology, v. 53, pp. 369-385.",
ds_10,x9609,9609,9/12/1996,WI,8.76,45,xLS437,11DiMeEtBz_mgL,,0.0028,xLGC01,"Bekins, B.A., I.M. Cozzarelli, E.M. Godsy, E. Warren, H.I. Essaid, and M.E. Tuccillo, 2001, Progression of natural attenuation processes at a crude oil spill site II. Controls on spatial distribution of microbial populations, J. Contam. Hydrol., 53:387-406.; Cozzarelli, I.M., Bekins, B.A., Baedecker, M.J., Aiken, G.R., Eaganhouse, R.P., and Tuccillo, m.E., 2001, Progression of natural attenuation processes at a crude-oil spill site--I. Geochemical evolution of the plume: Journal of Contaminant Hydrology, v. 53, pp. 369-385.",
ds_10,x9607,9607II,9/11/1996,WI,11.05,30,xLO017,13DMe2EtBz_mgL,,0.00115,xLGC01,"Bekins, B.A., I.M. Cozzarelli, E.M. Godsy, E. Warren, H.I. Essaid, and M.E. Tuccillo, 2001, Progression of natural attenuation processes at a crude oil spill site II. Controls on spatial distribution of microbial populations, J. Contam. Hydrol., 53:387-406.; Cozzarelli, I.M., Bekins, B.A., Baedecker, M.J., Aiken, G.R., Eaganhouse, R.P., and Tuccillo, m.E., 2001, Progression of natural attenuation processes at a crude-oil spill site--I. Geochemical evolution of the plume: Journal of Contaminant Hydrology, v. 53, pp. 369-385.",
ds_10,x9607,9607II,9/11/1996,WI,11.05,30,xLO012,12DMe3EtBz_mgL,,0.00035,xLGC01,"Bekins, B.A., I.M. Cozzarelli, E.M. Godsy, E. Warren, H.I. Essaid, and M.E. Tuccillo, 2001, Progression of natural attenuation processes at a crude oil spill site II. Controls on spatial distribution of microbial populations, J. Contam. Hydrol., 53:387-406.; Cozzarelli, I.M., Bekins, B.A., Baedecker, M.J., Aiken, G.R., Eaganhouse, R.P., and Tuccillo, m.E., 2001, Progression of natural attenuation processes at a crude-oil spill site--I. Geochemical evolution of the plume: Journal of Contaminant Hydrology, v. 53, pp. 369-385.",
ds_10,x9607,9607II,9/11/1996,WI,11.05,30,xLO008,1245TMeBz_mgL,,0,xLGC01,"Bekins, B.A., I.M. Cozzarelli, E.M. Godsy, E. Warren, H.I. Essaid, and M.E. Tuccillo, 2001, Progression of natural attenuation processes at a crude oil spill site II. Controls on spatial distribution of microbial populations, J. Contam. Hydrol., 53:387-406.; Cozzarelli, I.M., Bekins, B.A., Baedecker, M.J., Aiken, G.R., Eaganhouse, R.P., and Tuccillo, m.E., 2001, Progression of natural attenuation processes at a crude-oil spill site--I. Geochemical evolution of the plume: Journal of Contaminant Hydrology, v. 53, pp. 369-385.",
ds_10,x9607,9607II,9/11/1996,WI,11.05,30,xLO004,1235TMeBz_mgL,,0,xLGC01,"Bekins, B.A., I.M. Cozzarelli, E.M. Godsy, E. Warren, H.I. Essaid, and M.E. Tuccillo, 2001, Progression of natural attenuation processes at a crude oil spill site II. Controls on spatial distribution of microbial populations, J. Contam. Hydrol., 53:387-406.; Cozzarelli, I.M., Bekins, B.A., Baedecker, M.J., Aiken, G.R., Eaganhouse, R.P., and Tuccillo, m.E., 2001, Progression of natural attenuation processes at a crude-oil spill site--I. Geochemical evolution of the plume: Journal of Contaminant Hydrology, v. 53, pp. 369-385.",
ds_10,x9607,9607II,9/11/1996,WI,11.05,30,xLO002,1234TMeBz_mgL,,0.0016,xLGC01,"Bekins, B.A., I.M. Cozzarelli, E.M. Godsy, E. Warren, H.I. Essaid, and M.E. Tuccillo, 2001, Progression of natural attenuation processes at a crude oil spill site II. Controls on spatial distribution of microbial populations, J. Contam. Hydrol., 53:387-406.; Cozzarelli, I.M., Bekins, B.A., Baedecker, M.J., Aiken, G.R., Eaganhouse, R.P., and Tuccillo, m.E., 2001, Progression of natural attenuation processes at a crude-oil spill site--I. Geochemical evolution of the plume: Journal of Contaminant Hydrology, v. 53, pp. 369-385.",
ds_10,x9607,9607II,9/11/1996,WI,11.05,30,xLO035,BTEX_mgL,,0.968,xLCA03,"Bekins, B.A., I.M. Cozzarelli, E.M. Godsy, E. Warren, H.I. Essaid, and M.E. Tuccillo, 2001, Progression of natural attenuation processes at a crude oil spill site II. Controls on spatial distribution of microbial populations, J. Contam. Hydrol., 53:387-406.; Cozzarelli, I.M., Bekins, B.A., Baedecker, M.J., Aiken, G.R., Eaganhouse, R.P., and Tuccillo, m.E., 2001, Progression of natural attenuation processes at a crude-oil spill site--I. Geochemical evolution of the plume: Journal of Contaminant Hydrology, v. 53, pp. 369-385.",
ds_10,x9607,9607II,9/11/1996,WI,11.05,30,xLS438,1Et2MeBz_mgL,,0.0025,xLGC01,"Bekins, B.A., I.M. Cozzarelli, E.M. Godsy, E. Warren, H.I. Essaid, and M.E. Tuccillo, 2001, Progression of natural attenuation processes at a crude oil spill site II. Controls on spatial distribution of microbial populations, J. Contam. Hydrol., 53:387-406.; Cozzarelli, I.M., Bekins, B.A., Baedecker, M.J., Aiken, G.R., Eaganhouse, R.P., and Tuccillo, m.E., 2001, Progression of natural attenuation processes at a crude-oil spill site--I. Geochemical evolution of the plume: Journal of Contaminant Hydrology, v. 53, pp. 369-385.",
ds_10,x9607,9607II,9/11/1996,WI,11.05,30,xLS439,1Et3MeBz_mgL,,0.00105,xLGC01,"Bekins, B.A., I.M. Cozzarelli, E.M. Godsy, E. Warren, H.I. Essaid, and M.E. Tuccillo, 2001, Progression of natural attenuation processes at a crude oil spill site II. Controls on spatial distribution of microbial populations, J. Contam. Hydrol., 53:387-406.; Cozzarelli, I.M., Bekins, B.A., Baedecker, M.J., Aiken, G.R., Eaganhouse, R.P., and Tuccillo, m.E., 2001, Progression of natural attenuation processes at a crude-oil spill site--I. Geochemical evolution of the plume: Journal of Contaminant Hydrology, v. 53, pp. 369-385.",
ds_10,x9607,9607II,9/11/1996,WI,11.05,30,xLS440,1Et4MeBz_mgL,,0.0012,xLGC01,"Bekins, B.A., I.M. Cozzarelli, E.M. Godsy, E. Warren, H.I. Essaid, and M.E. Tuccillo, 2001, Progression of natural attenuation processes at a crude oil spill site II. Controls on spatial distribution of microbial populations, J. Contam. Hydrol., 53:387-406.; Cozzarelli, I.M., Bekins, B.A., Baedecker, M.J., Aiken, G.R., Eaganhouse, R.P., and Tuccillo, m.E., 2001, Progression of natural attenuation processes at a crude-oil spill site--I. Geochemical evolution of the plume: Journal of Contaminant Hydrology, v. 53, pp. 369-385.",
ds_10,x9607,9607II,9/11/1996,WI,11.05,30,xLS441,1MePrBz_mgL,,0.0021,xLGC01,"Bekins, B.A., I.M. Cozzarelli, E.M. Godsy, E. Warren, H.I. Essaid, and M.E. Tuccillo, 2001, Progression of natural attenuation processes at a crude oil spill site II. Controls on spatial distribution of microbial populations, J. Contam. Hydrol., 53:387-406.; Cozzarelli, I.M., Bekins, B.A., Baedecker, M.J., Aiken, G.R., Eaganhouse, R.P., and Tuccillo, m.E., 2001, Progression of natural attenuation processes at a crude-oil spill site--I. Geochemical evolution of the plume: Journal of Contaminant Hydrology, v. 53, pp. 369-385.",
ds_10,x9609,9609,9/12/1996,WI,8.76,60,xLS437,11DiMeEtBz_mgL,,0.0042,xLGC01,"Bekins, B.A., I.M. Cozzarelli, E.M. Godsy, E. Warren, H.I. Essaid, and M.E. Tuccillo, 2001, Progression of natural attenuation processes at a crude oil spill site II. Controls on spatial distribution of microbial populations, J. Contam. Hydrol., 53:387-406.; Cozzarelli, I.M., Bekins, B.A., Baedecker, M.J., Aiken, G.R., Eaganhouse, R.P., and Tuccillo, m.E., 2001, Progression of natural attenuation processes at a crude-oil spill site--I. Geochemical evolution of the plume: Journal of Contaminant Hydrology, v. 53, pp. 369-385.",
ds_10,x9609,9609,9/12/1996,WI,8.76,75,xLS437,11DiMeEtBz_mgL,,0.0028,xLGC01,"Bekins, B.A., I.M. Cozzarelli, E.M. Godsy, E. Warren, H.I. Essaid, and M.E. Tuccillo, 2001, Progression of natural attenuation processes at a crude oil spill site II. Controls on spatial distribution of microbial populations, J. Contam. Hydrol., 53:387-406.; Cozzarelli, I.M., Bekins, B.A., Baedecker, M.J., Aiken, G.R., Eaganhouse, R.P., and Tuccillo, m.E., 2001, Progression of natural attenuation processes at a crude-oil spill site--I. Geochemical evolution of the plume: Journal of Contaminant Hydrology, v. 53, pp. 369-385.",
ds_10,x9607,9607II,9/11/1996,WI,11.05,30,xLS442,2MePrBz_mgL,,0.0017,xLGC01,"Bekins, B.A., I.M. Cozzarelli, E.M. Godsy, E. Warren, H.I. Essaid, and M.E. Tuccillo, 2001, Progression of natural attenuation processes at a crude oil spill site II. Controls on spatial distribution of microbial populations, J. Contam. Hydrol., 53:387-406.; Cozzarelli, I.M., Bekins, B.A., Baedecker, M.J., Aiken, G.R., Eaganhouse, R.P., and Tuccillo, m.E., 2001, Progression of natural attenuation processes at a crude-oil spill site--I. Geochemical evolution of the plume: Journal of Contaminant Hydrology, v. 53, pp. 369-385.",
ds_10,x9609,9609,9/12/1996,WI,8.76,90,xLS437,11DiMeEtBz_mgL,,0.0023,xLGC01,"Bekins, B.A., I.M. Cozzarelli, E.M. Godsy, E. Warren, H.I. Essaid, and M.E. Tuccillo, 2001, Progression of natural attenuation processes at a crude oil spill site II. Controls on spatial distribution of microbial populations, J. Contam. Hydrol., 53:387-406.; Cozzarelli, I.M., Bekins, B.A., Baedecker, M.J., Aiken, G.R., Eaganhouse, R.P., and Tuccillo, m.E., 2001, Progression of natural attenuation processes at a crude-oil spill site--I. Geochemical evolution of the plume: Journal of Contaminant Hydrology, v. 53, pp. 369-385.",
ds_10,x9609,9609,9/12/1996,WI,8.76,105,xLS437,11DiMeEtBz_mgL,,0.0084,xLGC01,"Bekins, B.A., I.M. Cozzarelli, E.M. Godsy, E. Warren, H.I. Essaid, and M.E. Tuccillo, 2001, Progression of natural attenuation processes at a crude oil spill site II. Controls on spatial distribution of microbial populations, J. Contam. Hydrol., 53:387-406.; Cozzarelli, I.M., Bekins, B.A., Baedecker, M.J., Aiken, G.R., Eaganhouse, R.P., and Tuccillo, m.E., 2001, Progression of natural attenuation processes at a crude-oil spill site--I. Geochemical evolution of the plume: Journal of Contaminant Hydrology, v. 53, pp. 369-385.",
ds_10,x9607,9607II,9/11/1996,WI,11.05,30,xLD443,TotAlkylBz_mgL,,1.0041,xLCA06,"Bekins, B.A., I.M. Cozzarelli, E.M. Godsy, E. Warren, H.I. Essaid, and M.E. Tuccillo, 2001, Progression of natural attenuation processes at a crude oil spill site II. Controls on spatial distribution of microbial populations, J. Contam. Hydrol., 53:387-406.; Cozzarelli, I.M., Bekins, B.A., Baedecker, M.J., Aiken, G.R., Eaganhouse, R.P., and Tuccillo, m.E., 2001, Progression of natural attenuation processes at a crude-oil spill site--I. Geochemical evolution of the plume: Journal of Contaminant Hydrology, v. 53, pp. 369-385.",
ds_10,x9609,9609,9/12/1996,WI,8.76,120,xLS437,11DiMeEtBz_mgL,,0.0022,xLGC01,"Bekins, B.A., I.M. Cozzarelli, E.M. Godsy, E. Warren, H.I. Essaid, and M.E. Tuccillo, 2001, Progression of natural attenuation processes at a crude oil spill site II. Controls on spatial distribution of microbial populations, J. Contam. Hydrol., 53:387-406.; Cozzarelli, I.M., Bekins, B.A., Baedecker, M.J., Aiken, G.R., Eaganhouse, R.P., and Tuccillo, m.E., 2001, Progression of natural attenuation processes at a crude-oil spill site--I. Geochemical evolution of the plume: Journal of Contaminant Hydrology, v. 53, pp. 369-385.",
ds_10,x9609,9609,9/12/1996,WI,8.76,135,xLS437,11DiMeEtBz_mgL,,0.0014,xLGC01,"Bekins, B.A., I.M. Cozzarelli, E.M. Godsy, E. Warren, H.I. Essaid, and M.E. Tuccillo, 2001, Progression of natural attenuation processes at a crude oil spill site II. Controls on spatial distribution of microbial populations, J. Contam. Hydrol., 53:387-406.; Cozzarelli, I.M., Bekins, B.A., Baedecker, M.J., Aiken, G.R., Eaganhouse, R.P., and Tuccillo, m.E., 2001, Progression of natural attenuation processes at a crude-oil spill site--I. Geochemical evolution of the plume: Journal of Contaminant Hydrology, v. 53, pp. 369-385.",
ds_10,x9607,9607II,9/11/1996,WI,11.05,45,xLS437,11DiMeEtBz_mgL,,0,xLGC01,"Bekins, B.A., I.M. Cozzarelli, E.M. Godsy, E. Warren, H.I. Essaid, and M.E. Tuccillo, 2001, Progression of natural attenuation processes at a crude oil spill site II. Controls on spatial distribution of microbial populations, J. Contam. Hydrol., 53:387-406.; Cozzarelli, I.M., Bekins, B.A., Baedecker, M.J., Aiken, G.R., Eaganhouse, R.P., and Tuccillo, m.E., 2001, Progression of natural attenuation processes at a crude-oil spill site--I. Geochemical evolution of the plume: Journal of Contaminant Hydrology, v. 53, pp. 369-385.",
ds_10,x9607,9607II,9/11/1996,WI,11.05,45,x46123,Fe_2_mgL,,17.04,xLC006,"Bekins, B.A., I.M. Cozzarelli, E.M. Godsy, E. Warren, H.I. Essaid, and M.E. Tuccillo, 2001, Progression of natural attenuation processes at a crude oil spill site II. Controls on spatial distribution of microbial populations, J. Contam. Hydrol., 53:387-406.; Cozzarelli, I.M., Bekins, B.A., Baedecker, M.J., Aiken, G.R., Eaganhouse, R.P., and Tuccillo, m.E., 2001, Progression of natural attenuation processes at a crude-oil spill site--I. Geochemical evolution of the plume: Journal of Contaminant Hydrology, v. 53, pp. 369-385.",
ds_10,x9607,9607II,9/11/1996,WI,11.05,45,x68831,CH4_mgL,,4.06,xLC005,"Bekins, B.A., I.M. Cozzarelli, E.M. Godsy, E. Warren, H.I. Essaid, and M.E. Tuccillo, 2001, Progression of natural attenuation processes at a crude oil spill site II. Controls on spatial distribution of microbial populations, J. Contam. Hydrol., 53:387-406.; Cozzarelli, I.M., Bekins, B.A., Baedecker, M.J., Aiken, G.R., Eaganhouse, R.P., and Tuccillo, m.E., 2001, Progression of natural attenuation processes at a crude-oil spill site--I. Geochemical evolution of the plume: Journal of Contaminant Hydrology, v. 53, pp. 369-385.",
ds_10,x9607,9607II,9/11/1996,WI,11.05,45,xLO065,NVDOC_mgL,,11.5,xLCID2,"Bekins, B.A., I.M. Cozzarelli, E.M. Godsy, E. Warren, H.I. Essaid, and M.E. Tuccillo, 2001, Progression of natural attenuation processes at a crude oil spill site II. Controls on spatial distribution of microbial populations, J. Contam. Hydrol., 53:387-406.; Cozzarelli, I.M., Bekins, B.A., Baedecker, M.J., Aiken, G.R., Eaganhouse, R.P., and Tuccillo, m.E., 2001, Progression of natural attenuation processes at a crude-oil spill site--I. Geochemical evolution of the plume: Journal of Contaminant Hydrology, v. 53, pp. 369-385.",
ds_10,x9607,9607II,9/11/1996,WI,11.05,45,xLO037,Bz_mgL,,1.0632,xLGC01,"Bekins, B.A., I.M. Cozzarelli, E.M. Godsy, E. Warren, H.I. Essaid, and M.E. Tuccillo, 2001, Progression of natural attenuation processes at a crude oil spill site II. Controls on spatial distribution of microbial populations, J. Contam. Hydrol., 53:387-406.; Cozzarelli, I.M., Bekins, B.A., Baedecker, M.J., Aiken, G.R., Eaganhouse, R.P., and Tuccillo, m.E., 2001, Progression of natural attenuation processes at a crude-oil spill site--I. Geochemical evolution of the plume: Journal of Contaminant Hydrology, v. 53, pp. 369-385.",
ds_10,x9607,9607II,9/11/1996,WI,11.05,45,xLO073,Tol_mgL,,0.0035,xLGC01,"Bekins, B.A., I.M. Cozzarelli, E.M. Godsy, E. Warren, H.I. Essaid, and M.E. Tuccillo, 2001, Progression of natural attenuation processes at a crude oil spill site II. Controls on spatial distribution of microbial populations, J. Contam. Hydrol., 53:387-406.; Cozzarelli, I.M., Bekins, B.A., Baedecker, M.J., Aiken, G.R., Eaganhouse, R.P., and Tuccillo, m.E., 2001, Progression of natural attenuation processes at a crude-oil spill site--I. Geochemical evolution of the plume: Journal of Contaminant Hydrology, v. 53, pp. 369-385.",
ds_10,x9607,9607II,9/11/1996,WI,11.05,45,xLO042,EtBz_mgL,,0.0565,xLGC01,"Bekins, B.A., I.M. Cozzarelli, E.M. Godsy, E. Warren, H.I. Essaid, and M.E. Tuccillo, 2001, Progression of natural attenuation processes at a crude oil spill site II. Controls on spatial distribution of microbial populations, J. Contam. Hydrol., 53:387-406.; Cozzarelli, I.M., Bekins, B.A., Baedecker, M.J., Aiken, G.R., Eaganhouse, R.P., and Tuccillo, m.E., 2001, Progression of natural attenuation processes at a crude-oil spill site--I. Geochemical evolution of the plume: Journal of Contaminant Hydrology, v. 53, pp. 369-385.",
ds_10,x9607,9607II,9/11/1996,WI,11.05,45,xLO052,mpxyl_mgL,,0.0176,xLGC01,"Bekins, B.A., I.M. Cozzarelli, E.M. Godsy, E. Warren, H.I. Essaid, and M.E. Tuccillo, 2001, Progression of natural attenuation processes at a crude oil spill site II. Controls on spatial distribution of microbial populations, J. Contam. Hydrol., 53:387-406.; Cozzarelli, I.M., Bekins, B.A., Baedecker, M.J., Aiken, G.R., Eaganhouse, R.P., and Tuccillo, m.E., 2001, Progression of natural attenuation processes at a crude-oil spill site--I. Geochemical evolution of the plume: Journal of Contaminant Hydrology, v. 53, pp. 369-385.",
ds_10,x9607,9607II,9/11/1996,WI,11.05,45,xLO067,oxyl_mgL,,7.50E-05,xLGC01,"Bekins, B.A., I.M. Cozzarelli, E.M. Godsy, E. Warren, H.I. Essaid, and M.E. Tuccillo, 2001, Progression of natural attenuation processes at a crude oil spill site II. Controls on spatial distribution of microbial populations, J. Contam. Hydrol., 53:387-406.; Cozzarelli, I.M., Bekins, B.A., Baedecker, M.J., Aiken, G.R., Eaganhouse, R.P., and Tuccillo, m.E., 2001, Progression of natural attenuation processes at a crude-oil spill site--I. Geochemical evolution of the plume: Journal of Contaminant Hydrology, v. 53, pp. 369-385.",
ds_10,x9607,9607II,9/11/1996,WI,11.05,45,xLO050,IsoPrBz_mgL,,0.0032,xLGC01,"Bekins, B.A., I.M. Cozzarelli, E.M. Godsy, E. Warren, H.I. Essaid, and M.E. Tuccillo, 2001, Progression of natural attenuation processes at a crude oil spill site II. Controls on spatial distribution of microbial populations, J. Contam. Hydrol., 53:387-406.; Cozzarelli, I.M., Bekins, B.A., Baedecker, M.J., Aiken, G.R., Eaganhouse, R.P., and Tuccillo, m.E., 2001, Progression of natural attenuation processes at a crude-oil spill site--I. Geochemical evolution of the plume: Journal of Contaminant Hydrology, v. 53, pp. 369-385.",
ds_10,x9607,9607II,9/11/1996,WI,11.05,45,xLO064,nPrBz_mgL,,0.0019,xLGC01,"Bekins, B.A., I.M. Cozzarelli, E.M. Godsy, E. Warren, H.I. Essaid, and M.E. Tuccillo, 2001, Progression of natural attenuation processes at a crude oil spill site II. Controls on spatial distribution of microbial populations, J. Contam. Hydrol., 53:387-406.; Cozzarelli, I.M., Bekins, B.A., Baedecker, M.J., Aiken, G.R., Eaganhouse, R.P., and Tuccillo, m.E., 2001, Progression of natural attenuation processes at a crude-oil spill site--I. Geochemical evolution of the plume: Journal of Contaminant Hydrology, v. 53, pp. 369-385.",
ds_10,x9607,9607II,9/11/1996,WI,11.05,45,xLO015,135TMeBz_mgL,,0.000375,xLGC01,"Bekins, B.A., I.M. Cozzarelli, E.M. Godsy, E. Warren, H.I. Essaid, and M.E. Tuccillo, 2001, Progression of natural attenuation processes at a crude oil spill site II. Controls on spatial distribution of microbial populations, J. Contam. Hydrol., 53:387-406.; Cozzarelli, I.M., Bekins, B.A., Baedecker, M.J., Aiken, G.R., Eaganhouse, R.P., and Tuccillo, m.E., 2001, Progression of natural attenuation processes at a crude-oil spill site--I. Geochemical evolution of the plume: Journal of Contaminant Hydrology, v. 53, pp. 369-385.",
ds_10,x9607,9607II,9/11/1996,WI,11.05,45,xLO010,124TMeBz_mgL,,0.0013,xLGC01,"Bekins, B.A., I.M. Cozzarelli, E.M. Godsy, E. Warren, H.I. Essaid, and M.E. Tuccillo, 2001, Progression of natural attenuation processes at a crude oil spill site II. Controls on spatial distribution of microbial populations, J. Contam. Hydrol., 53:387-406.; Cozzarelli, I.M., Bekins, B.A., Baedecker, M.J., Aiken, G.R., Eaganhouse, R.P., and Tuccillo, m.E., 2001, Progression of natural attenuation processes at a crude-oil spill site--I. Geochemical evolution of the plume: Journal of Contaminant Hydrology, v. 53, pp. 369-385.",
ds_10,x9607,9607II,9/11/1996,WI,11.05,45,xLO006,123TMeBz_mgL,,3.00E-04,xLGC01,"Bekins, B.A., I.M. Cozzarelli, E.M. Godsy, E. Warren, H.I. Essaid, and M.E. Tuccillo, 2001, Progression of natural attenuation processes at a crude oil spill site II. Controls on spatial distribution of microbial populations, J. Contam. Hydrol., 53:387-406.; Cozzarelli, I.M., Bekins, B.A., Baedecker, M.J., Aiken, G.R., Eaganhouse, R.P., and Tuccillo, m.E., 2001, Progression of natural attenuation processes at a crude-oil spill site--I. Geochemical evolution of the plume: Journal of Contaminant Hydrology, v. 53, pp. 369-385.",
ds_10,x9607,9607II,9/11/1996,WI,11.05,45,xLO027,1Me3IsoPrBz_mgL,,0.000875,xLGC01,"Bekins, B.A., I.M. Cozzarelli, E.M. Godsy, E. Warren, H.I. Essaid, and M.E. Tuccillo, 2001, Progression of natural attenuation processes at a crude oil spill site II. Controls on spatial distribution of microbial populations, J. Contam. Hydrol., 53:387-406.; Cozzarelli, I.M., Bekins, B.A., Baedecker, M.J., Aiken, G.R., Eaganhouse, R.P., and Tuccillo, m.E., 2001, Progression of natural attenuation processes at a crude-oil spill site--I. Geochemical evolution of the plume: Journal of Contaminant Hydrology, v. 53, pp. 369-385.",
ds_10,x9607,9607II,9/11/1996,WI,11.05,45,xLO030,1Me4IsoPrBz_mgL,,5.00E-04,xLGC01,"Bekins, B.A., I.M. Cozzarelli, E.M. Godsy, E. Warren, H.I. Essaid, and M.E. Tuccillo, 2001, Progression of natural attenuation processes at a crude oil spill site II. Controls on spatial distribution of microbial populations, J. Contam. Hydrol., 53:387-406.; Cozzarelli, I.M., Bekins, B.A., Baedecker, M.J., Aiken, G.R., Eaganhouse, R.P., and Tuccillo, m.E., 2001, Progression of natural attenuation processes at a crude-oil spill site--I. Geochemical evolution of the plume: Journal of Contaminant Hydrology, v. 53, pp. 369-385.",
ds_10,x9607,9607II,9/11/1996,WI,11.05,45,xLO024,1Me2IsoPrBz_mgL,,0.00025,xLGC01,"Bekins, B.A., I.M. Cozzarelli, E.M. Godsy, E. Warren, H.I. Essaid, and M.E. Tuccillo, 2001, Progression of natural attenuation processes at a crude oil spill site II. Controls on spatial distribution of microbial populations, J. Contam. Hydrol., 53:387-406.; Cozzarelli, I.M., Bekins, B.A., Baedecker, M.J., Aiken, G.R., Eaganhouse, R.P., and Tuccillo, m.E., 2001, Progression of natural attenuation processes at a crude-oil spill site--I. Geochemical evolution of the plume: Journal of Contaminant Hydrology, v. 53, pp. 369-385.",
ds_10,x9607,9607II,9/11/1996,WI,11.05,45,xLO016,13DEtBz_mgL,,0.00045,xLGC01,"Bekins, B.A., I.M. Cozzarelli, E.M. Godsy, E. Warren, H.I. Essaid, and M.E. Tuccillo, 2001, Progression of natural attenuation processes at a crude oil spill site II. Controls on spatial distribution of microbial populations, J. Contam. Hydrol., 53:387-406.; Cozzarelli, I.M., Bekins, B.A., Baedecker, M.J., Aiken, G.R., Eaganhouse, R.P., and Tuccillo, m.E., 2001, Progression of natural attenuation processes at a crude-oil spill site--I. Geochemical evolution of the plume: Journal of Contaminant Hydrology, v. 53, pp. 369-385.",
ds_10,x9607,9607II,9/11/1996,WI,11.05,45,xLO028,1Me3PrBz_mgL,,5.00E-05,xLGC01,"Bekins, B.A., I.M. Cozzarelli, E.M. Godsy, E. Warren, H.I. Essaid, and M.E. Tuccillo, 2001, Progression of natural attenuation processes at a crude oil spill site II. Controls on spatial distribution of microbial populations, J. Contam. Hydrol., 53:387-406.; Cozzarelli, I.M., Bekins, B.A., Baedecker, M.J., Aiken, G.R., Eaganhouse, R.P., and Tuccillo, m.E., 2001, Progression of natural attenuation processes at a crude-oil spill site--I. Geochemical evolution of the plume: Journal of Contaminant Hydrology, v. 53, pp. 369-385.",
ds_10,x9607,9607II,9/11/1996,WI,11.05,45,xLO031,1Me4PrBz_mgL,,2.00E-04,xLGC01,"Bekins, B.A., I.M. Cozzarelli, E.M. Godsy, E. Warren, H.I. Essaid, and M.E. Tuccillo, 2001, Progression of natural attenuation processes at a crude oil spill site II. Controls on spatial distribution of microbial populations, J. Contam. Hydrol., 53:387-406.; Cozzarelli, I.M., Bekins, B.A., Baedecker, M.J., Aiken, G.R., Eaganhouse, R.P., and Tuccillo, m.E., 2001, Progression of natural attenuation processes at a crude-oil spill site--I. Geochemical evolution of the plume: Journal of Contaminant Hydrology, v. 53, pp. 369-385.",
ds_10,x9607,9607II,9/11/1996,WI,11.05,45,xLO020,14DEtBz_mgL,,0,xLGC01,"Bekins, B.A., I.M. Cozzarelli, E.M. Godsy, E. Warren, H.I. Essaid, and M.E. Tuccillo, 2001, Progression of natural attenuation processes at a crude oil spill site II. Controls on spatial distribution of microbial populations, J. Contam. Hydrol., 53:387-406.; Cozzarelli, I.M., Bekins, B.A., Baedecker, M.J., Aiken, G.R., Eaganhouse, R.P., and Tuccillo, m.E., 2001, Progression of natural attenuation processes at a crude-oil spill site--I. Geochemical evolution of the plume: Journal of Contaminant Hydrology, v. 53, pp. 369-385.",
ds_10,x9609,9609,9/12/1996,WI,8.76,150,xLS437,11DiMeEtBz_mgL,,0.0012,xLGC01,"Bekins, B.A., I.M. Cozzarelli, E.M. Godsy, E. Warren, H.I. Essaid, and M.E. Tuccillo, 2001, Progression of natural attenuation processes at a crude oil spill site II. Controls on spatial distribution of microbial populations, J. Contam. Hydrol., 53:387-406.; Cozzarelli, I.M., Bekins, B.A., Baedecker, M.J., Aiken, G.R., Eaganhouse, R.P., and Tuccillo, m.E., 2001, Progression of natural attenuation processes at a crude-oil spill site--I. Geochemical evolution of the plume: Journal of Contaminant Hydrology, v. 53, pp. 369-385.",
ds_10,x9607,9607II,9/11/1996,WI,11.05,45,xLO056,nButylBz_mgL,,0.0014,xLGC01,"Bekins, B.A., I.M. Cozzarelli, E.M. Godsy, E. Warren, H.I. Essaid, and M.E. Tuccillo, 2001, Progression of natural attenuation processes at a crude oil spill site II. Controls on spatial distribution of microbial populations, J. Contam. Hydrol., 53:387-406.; Cozzarelli, I.M., Bekins, B.A., Baedecker, M.J., Aiken, G.R., Eaganhouse, R.P., and Tuccillo, m.E., 2001, Progression of natural attenuation processes at a crude-oil spill site--I. Geochemical evolution of the plume: Journal of Contaminant Hydrology, v. 53, pp. 369-385.",
ds_10,x9607,9607II,9/11/1996,WI,11.05,45,xLO019,13DMe5EtBz_mgL,,3.00E-04,xLGC01,"Bekins, B.A., I.M. Cozzarelli, E.M. Godsy, E. Warren, H.I. Essaid, and M.E. Tuccillo, 2001, Progression of natural attenuation processes at a crude oil spill site II. Controls on spatial distribution of microbial populations, J. Contam. Hydrol., 53:387-406.; Cozzarelli, I.M., Bekins, B.A., Baedecker, M.J., Aiken, G.R., Eaganhouse, R.P., and Tuccillo, m.E., 2001, Progression of natural attenuation processes at a crude-oil spill site--I. Geochemical evolution of the plume: Journal of Contaminant Hydrology, v. 53, pp. 369-385.",
ds_10,x9607,9607II,9/11/1996,WI,11.05,45,xLO011,12DEtBz_mgL,,0.000275,xLGC01,"Bekins, B.A., I.M. Cozzarelli, E.M. Godsy, E. Warren, H.I. Essaid, and M.E. Tuccillo, 2001, Progression of natural attenuation processes at a crude oil spill site II. Controls on spatial distribution of microbial populations, J. Contam. Hydrol., 53:387-406.; Cozzarelli, I.M., Bekins, B.A., Baedecker, M.J., Aiken, G.R., Eaganhouse, R.P., and Tuccillo, m.E., 2001, Progression of natural attenuation processes at a crude-oil spill site--I. Geochemical evolution of the plume: Journal of Contaminant Hydrology, v. 53, pp. 369-385.",
ds_10,x9607,9607II,9/11/1996,WI,11.05,45,xLO023,1Me2EtBz_mgL,,2.00E-04,xLGC01,"Bekins, B.A., I.M. Cozzarelli, E.M. Godsy, E. Warren, H.I. Essaid, and M.E. Tuccillo, 2001, Progression of natural attenuation processes at a crude oil spill site II. Controls on spatial distribution of microbial populations, J. Contam. Hydrol., 53:387-406.; Cozzarelli, I.M., Bekins, B.A., Baedecker, M.J., Aiken, G.R., Eaganhouse, R.P., and Tuccillo, m.E., 2001, Progression of natural attenuation processes at a crude-oil spill site--I. Geochemical evolution of the plume: Journal of Contaminant Hydrology, v. 53, pp. 369-385.",
ds_10,x9607,9607II,9/11/1996,WI,11.05,45,xLO021,14DMe2EtBz_mgL,,0.00015,xLGC01,"Bekins, B.A., I.M. Cozzarelli, E.M. Godsy, E. Warren, H.I. Essaid, and M.E. Tuccillo, 2001, Progression of natural attenuation processes at a crude oil spill site II. Controls on spatial distribution of microbial populations, J. Contam. Hydrol., 53:387-406.; Cozzarelli, I.M., Bekins, B.A., Baedecker, M.J., Aiken, G.R., Eaganhouse, R.P., and Tuccillo, m.E., 2001, Progression of natural attenuation processes at a crude-oil spill site--I. Geochemical evolution of the plume: Journal of Contaminant Hydrology, v. 53, pp. 369-385.",
ds_10,x9607,9607II,9/11/1996,WI,11.05,45,xLO018,13DMe4EtBz_mgL,,0.000125,xLGC01,"Bekins, B.A., I.M. Cozzarelli, E.M. Godsy, E. Warren, H.I. Essaid, and M.E. Tuccillo, 2001, Progression of natural attenuation processes at a crude oil spill site II. Controls on spatial distribution of microbial populations, J. Contam. Hydrol., 53:387-406.; Cozzarelli, I.M., Bekins, B.A., Baedecker, M.J., Aiken, G.R., Eaganhouse, R.P., and Tuccillo, m.E., 2001, Progression of natural attenuation processes at a crude-oil spill site--I. Geochemical evolution of the plume: Journal of Contaminant Hydrology, v. 53, pp. 369-385.",
ds_10,x9607,9607II,9/11/1996,WI,11.05,45,xLO013,12DMe4EtBz_mgL,,0.000375,xLGC01,"Bekins, B.A., I.M. Cozzarelli, E.M. Godsy, E. Warren, H.I. Essaid, and M.E. Tuccillo, 2001, Progression of natural attenuation processes at a crude oil spill site II. Controls on spatial distribution of microbial populations, J. Contam. Hydrol., 53:387-406.; Cozzarelli, I.M., Bekins, B.A., Baedecker, M.J., Aiken, G.R., Eaganhouse, R.P., and Tuccillo, m.E., 2001, Progression of natural attenuation processes at a crude-oil spill site--I. Geochemical evolution of the plume: Journal of Contaminant Hydrology, v. 53, pp. 369-385.",
ds_10,x9607,9607II,9/11/1996,WI,11.05,45,xLO017,13DMe2EtBz_mgL,,0.00055,xLGC01,"Bekins, B.A., I.M. Cozzarelli, E.M. Godsy, E. Warren, H.I. Essaid, and M.E. Tuccillo, 2001, Progression of natural attenuation processes at a crude oil spill site II. Controls on spatial distribution of microbial populations, J. Contam. Hydrol., 53:387-406.; Cozzarelli, I.M., Bekins, B.A., Baedecker, M.J., Aiken, G.R., Eaganhouse, R.P., and Tuccillo, m.E., 2001, Progression of natural attenuation processes at a crude-oil spill site--I. Geochemical evolution of the plume: Journal of Contaminant Hydrology, v. 53, pp. 369-385.",
ds_10,x9607,9607II,9/11/1996,WI,11.05,45,xLO012,12DMe3EtBz_mgL,,0,xLGC01,"Bekins, B.A., I.M. Cozzarelli, E.M. Godsy, E. Warren, H.I. Essaid, and M.E. Tuccillo, 2001, Progression of natural attenuation processes at a crude oil spill site II. Controls on spatial distribution of microbial populations, J. Contam. Hydrol., 53:387-406.; Cozzarelli, I.M., Bekins, B.A., Baedecker, M.J., Aiken, G.R., Eaganhouse, R.P., and Tuccillo, m.E., 2001, Progression of natural attenuation processes at a crude-oil spill site--I. Geochemical evolution of the plume: Journal of Contaminant Hydrology, v. 53, pp. 369-385.",
ds_10,x9607,9607II,9/11/1996,WI,11.05,45,xLO008,1245TMeBz_mgL,,0,xLGC01,"Bekins, B.A., I.M. Cozzarelli, E.M. Godsy, E. Warren, H.I. Essaid, and M.E. Tuccillo, 2001, Progression of natural attenuation processes at a crude oil spill site II. Controls on spatial distribution of microbial populations, J. Contam. Hydrol., 53:387-406.; Cozzarelli, I.M., Bekins, B.A., Baedecker, M.J., Aiken, G.R., Eaganhouse, R.P., and Tuccillo, m.E., 2001, Progression of natural attenuation processes at a crude-oil spill site--I. Geochemical evolution of the plume: Journal of Contaminant Hydrology, v. 53, pp. 369-385.",
ds_10,x9607,9607II,9/11/1996,WI,11.05,45,xLO004,1235TMeBz_mgL,,0,xLGC01,"Bekins, B.A., I.M. Cozzarelli, E.M. Godsy, E. Warren, H.I. Essaid, and M.E. Tuccillo, 2001, Progression of natural attenuation processes at a crude oil spill site II. Controls on spatial distribution of microbial populations, J. Contam. Hydrol., 53:387-406.; Cozzarelli, I.M., Bekins, B.A., Baedecker, M.J., Aiken, G.R., Eaganhouse, R.P., and Tuccillo, m.E., 2001, Progression of natural attenuation processes at a crude-oil spill site--I. Geochemical evolution of the plume: Journal of Contaminant Hydrology, v. 53, pp. 369-385.",
ds_10,x9607,9607II,9/11/1996,WI,11.05,45,xLO002,1234TMeBz_mgL,,0,xLGC01,"Bekins, B.A., I.M. Cozzarelli, E.M. Godsy, E. Warren, H.I. Essaid, and M.E. Tuccillo, 2001, Progression of natural attenuation processes at a crude oil spill site II. Controls on spatial distribution of microbial populations, J. Contam. Hydrol., 53:387-406.; Cozzarelli, I.M., Bekins, B.A., Baedecker, M.J., Aiken, G.R., Eaganhouse, R.P., and Tuccillo, m.E., 2001, Progression of natural attenuation processes at a crude-oil spill site--I. Geochemical evolution of the plume: Journal of Contaminant Hydrology, v. 53, pp. 369-385.",
ds_10,x9607,9607II,9/11/1996,WI,11.05,45,xLO035,BTEX_mgL,,1.140875,xLCA03,"Bekins, B.A., I.M. Cozzarelli, E.M. Godsy, E. Warren, H.I. Essaid, and M.E. Tuccillo, 2001, Progression of natural attenuation processes at a crude oil spill site II. Controls on spatial distribution of microbial populations, J. Contam. Hydrol., 53:387-406.; Cozzarelli, I.M., Bekins, B.A., Baedecker, M.J., Aiken, G.R., Eaganhouse, R.P., and Tuccillo, m.E., 2001, Progression of natural attenuation processes at a crude-oil spill site--I. Geochemical evolution of the plume: Journal of Contaminant Hydrology, v. 53, pp. 369-385.",
ds_10,x9607,9607II,9/11/1996,WI,11.05,45,xLS438,1Et2MeBz_mgL,,0.0022,xLGC01,"Bekins, B.A., I.M. Cozzarelli, E.M. Godsy, E. Warren, H.I. Essaid, and M.E. Tuccillo, 2001, Progression of natural attenuation processes at a crude oil spill site II. Controls on spatial distribution of microbial populations, J. Contam. Hydrol., 53:387-406.; Cozzarelli, I.M., Bekins, B.A., Baedecker, M.J., Aiken, G.R., Eaganhouse, R.P., and Tuccillo, m.E., 2001, Progression of natural attenuation processes at a crude-oil spill site--I. Geochemical evolution of the plume: Journal of Contaminant Hydrology, v. 53, pp. 369-385.",
ds_10,x9607,9607II,9/11/1996,WI,11.05,45,xLS439,1Et3MeBz_mgL,,0.000975,xLGC01,"Bekins, B.A., I.M. Cozzarelli, E.M. Godsy, E. Warren, H.I. Essaid, and M.E. Tuccillo, 2001, Progression of natural attenuation processes at a crude oil spill site II. Controls on spatial distribution of microbial populations, J. Contam. Hydrol., 53:387-406.; Cozzarelli, I.M., Bekins, B.A., Baedecker, M.J., Aiken, G.R., Eaganhouse, R.P., and Tuccillo, m.E., 2001, Progression of natural attenuation processes at a crude-oil spill site--I. Geochemical evolution of the plume: Journal of Contaminant Hydrology, v. 53, pp. 369-385.",
ds_10,x9607,9607II,9/11/1996,WI,11.05,45,xLS440,1Et4MeBz_mgL,,0.0016,xLGC01,"Bekins, B.A., I.M. Cozzarelli, E.M. Godsy, E. Warren, H.I. Essaid, and M.E. Tuccillo, 2001, Progression of natural attenuation processes at a crude oil spill site II. Controls on spatial distribution of microbial populations, J. Contam. Hydrol., 53:387-406.; Cozzarelli, I.M., Bekins, B.A., Baedecker, M.J., Aiken, G.R., Eaganhouse, R.P., and Tuccillo, m.E., 2001, Progression of natural attenuation processes at a crude-oil spill site--I. Geochemical evolution of the plume: Journal of Contaminant Hydrology, v. 53, pp. 369-385.",
ds_10,x9607,9607II,9/11/1996,WI,11.05,45,xLS441,1MePrBz_mgL,,0.000525,xLGC01,"Bekins, B.A., I.M. Cozzarelli, E.M. Godsy, E. Warren, H.I. Essaid, and M.E. Tuccillo, 2001, Progression of natural attenuation processes at a crude oil spill site II. Controls on spatial distribution of microbial populations, J. Contam. Hydrol., 53:387-406.; Cozzarelli, I.M., Bekins, B.A., Baedecker, M.J., Aiken, G.R., Eaganhouse, R.P., and Tuccillo, m.E., 2001, Progression of natural attenuation processes at a crude-oil spill site--I. Geochemical evolution of the plume: Journal of Contaminant Hydrology, v. 53, pp. 369-385.",
ds_10,x9607,9607II,9/11/1996,WI,11.05,45,xLS442,2MePrBz_mgL,,0.000175,xLGC01,"Bekins, B.A., I.M. Cozzarelli, E.M. Godsy, E. Warren, H.I. Essaid, and M.E. Tuccillo, 2001, Progression of natural attenuation processes at a crude oil spill site II. Controls on spatial distribution of microbial populations, J. Contam. Hydrol., 53:387-406.; Cozzarelli, I.M., Bekins, B.A., Baedecker, M.J., Aiken, G.R., Eaganhouse, R.P., and Tuccillo, m.E., 2001, Progression of natural attenuation processes at a crude-oil spill site--I. Geochemical evolution of the plume: Journal of Contaminant Hydrology, v. 53, pp. 369-385.",
ds_10,x9607,9607II,9/11/1996,WI,11.05,45,xLD443,TotAlkylBz_mgL,,1.159125,xLCA06,"Bekins, B.A., I.M. Cozzarelli, E.M. Godsy, E. Warren, H.I. Essaid, and M.E. Tuccillo, 2001, Progression of natural attenuation processes at a crude oil spill site II. Controls on spatial distribution of microbial populations, J. Contam. Hydrol., 53:387-406.; Cozzarelli, I.M., Bekins, B.A., Baedecker, M.J., Aiken, G.R., Eaganhouse, R.P., and Tuccillo, m.E., 2001, Progression of natural attenuation processes at a crude-oil spill site--I. Geochemical evolution of the plume: Journal of Contaminant Hydrology, v. 53, pp. 369-385.",
ds_10,x9607,9607II,9/11/1996,WI,11.05,60,xLS437,11DiMeEtBz_mgL,,0,xLGC01,"Bekins, B.A., I.M. Cozzarelli, E.M. Godsy, E. Warren, H.I. Essaid, and M.E. Tuccillo, 2001, Progression of natural attenuation processes at a crude oil spill site II. Controls on spatial distribution of microbial populations, J. Contam. Hydrol., 53:387-406.; Cozzarelli, I.M., Bekins, B.A., Baedecker, M.J., Aiken, G.R., Eaganhouse, R.P., and Tuccillo, m.E., 2001, Progression of natural attenuation processes at a crude-oil spill site--I. Geochemical evolution of the plume: Journal of Contaminant Hydrology, v. 53, pp. 369-385.",
ds_10,x9607,9607II,9/11/1996,WI,11.05,60,x46123,Fe_2_mgL,,17.14,xLC006,"Bekins, B.A., I.M. Cozzarelli, E.M. Godsy, E. Warren, H.I. Essaid, and M.E. Tuccillo, 2001, Progression of natural attenuation processes at a crude oil spill site II. Controls on spatial distribution of microbial populations, J. Contam. Hydrol., 53:387-406.; Cozzarelli, I.M., Bekins, B.A., Baedecker, M.J., Aiken, G.R., Eaganhouse, R.P., and Tuccillo, m.E., 2001, Progression of natural attenuation processes at a crude-oil spill site--I. Geochemical evolution of the plume: Journal of Contaminant Hydrology, v. 53, pp. 369-385.",
ds_10,x9607,9607II,9/11/1996,WI,11.05,60,x68831,CH4_mgL,,3.278,xLC005,"Bekins, B.A., I.M. Cozzarelli, E.M. Godsy, E. Warren, H.I. Essaid, and M.E. Tuccillo, 2001, Progression of natural attenuation processes at a crude oil spill site II. Controls on spatial distribution of microbial populations, J. Contam. Hydrol., 53:387-406.; Cozzarelli, I.M., Bekins, B.A., Baedecker, M.J., Aiken, G.R., Eaganhouse, R.P., and Tuccillo, m.E., 2001, Progression of natural attenuation processes at a crude-oil spill site--I. Geochemical evolution of the plume: Journal of Contaminant Hydrology, v. 53, pp. 369-385.",
ds_10,x9607,9607II,9/11/1996,WI,11.05,60,xLO065,NVDOC_mgL,,19.5,xLCID2,"Bekins, B.A., I.M. Cozzarelli, E.M. Godsy, E. Warren, H.I. Essaid, and M.E. Tuccillo, 2001, Progression of natural attenuation processes at a crude oil spill site II. Controls on spatial distribution of microbial populations, J. Contam. Hydrol., 53:387-406.; Cozzarelli, I.M., Bekins, B.A., Baedecker, M.J., Aiken, G.R., Eaganhouse, R.P., and Tuccillo, m.E., 2001, Progression of natural attenuation processes at a crude-oil spill site--I. Geochemical evolution of the plume: Journal of Contaminant Hydrology, v. 53, pp. 369-385.",
ds_10,x9607,9607II,9/11/1996,WI,11.05,60,xLO037,Bz_mgL,,0.6975,xLGC01,"Bekins, B.A., I.M. Cozzarelli, E.M. Godsy, E. Warren, H.I. Essaid, and M.E. Tuccillo, 2001, Progression of natural attenuation processes at a crude oil spill site II. Controls on spatial distribution of microbial populations, J. Contam. Hydrol., 53:387-406.; Cozzarelli, I.M., Bekins, B.A., Baedecker, M.J., Aiken, G.R., Eaganhouse, R.P., and Tuccillo, m.E., 2001, Progression of natural attenuation processes at a crude-oil spill site--I. Geochemical evolution of the plume: Journal of Contaminant Hydrology, v. 53, pp. 369-385.",
ds_10,x9607,9607II,9/11/1996,WI,11.05,60,xLO073,Tol_mgL,,0.00092,xLGC01,"Bekins, B.A., I.M. Cozzarelli, E.M. Godsy, E. Warren, H.I. Essaid, and M.E. Tuccillo, 2001, Progression of natural attenuation processes at a crude oil spill site II. Controls on spatial distribution of microbial populations, J. Contam. Hydrol., 53:387-406.; Cozzarelli, I.M., Bekins, B.A., Baedecker, M.J., Aiken, G.R., Eaganhouse, R.P., and Tuccillo, m.E., 2001, Progression of natural attenuation processes at a crude-oil spill site--I. Geochemical evolution of the plume: Journal of Contaminant Hydrology, v. 53, pp. 369-385.",
ds_10,x9607,9607II,9/11/1996,WI,11.05,60,xLO042,EtBz_mgL,,0.0076,xLGC01,"Bekins, B.A., I.M. Cozzarelli, E.M. Godsy, E. Warren, H.I. Essaid, and M.E. Tuccillo, 2001, Progression of natural attenuation processes at a crude oil spill site II. Controls on spatial distribution of microbial populations, J. Contam. Hydrol., 53:387-406.; Cozzarelli, I.M., Bekins, B.A., Baedecker, M.J., Aiken, G.R., Eaganhouse, R.P., and Tuccillo, m.E., 2001, Progression of natural attenuation processes at a crude-oil spill site--I. Geochemical evolution of the plume: Journal of Contaminant Hydrology, v. 53, pp. 369-385.",
ds_10,x9607,9607II,9/11/1996,WI,11.05,60,xLO052,mpxyl_mgL,,0.00028,xLGC01,"Bekins, B.A., I.M. Cozzarelli, E.M. Godsy, E. Warren, H.I. Essaid, and M.E. Tuccillo, 2001, Progression of natural attenuation processes at a crude oil spill site II. Controls on spatial distribution of microbial populations, J. Contam. Hydrol., 53:387-406.; Cozzarelli, I.M., Bekins, B.A., Baedecker, M.J., Aiken, G.R., Eaganhouse, R.P., and Tuccillo, m.E., 2001, Progression of natural attenuation processes at a crude-oil spill site--I. Geochemical evolution of the plume: Journal of Contaminant Hydrology, v. 53, pp. 369-385.",
ds_10,x9607,9607II,9/11/1996,WI,11.05,60,xLO067,oxyl_mgL,,0,xLGC01,"Bekins, B.A., I.M. Cozzarelli, E.M. Godsy, E. Warren, H.I. Essaid, and M.E. Tuccillo, 2001, Progression of natural attenuation processes at a crude oil spill site II. Controls on spatial distribution of microbial populations, J. Contam. Hydrol., 53:387-406.; Cozzarelli, I.M., Bekins, B.A., Baedecker, M.J., Aiken, G.R., Eaganhouse, R.P., and Tuccillo, m.E., 2001, Progression of natural attenuation processes at a crude-oil spill site--I. Geochemical evolution of the plume: Journal of Contaminant Hydrology, v. 53, pp. 369-385.",
ds_10,x9607,9607II,9/11/1996,WI,11.05,60,xLO050,IsoPrBz_mgL,,0.00046,xLGC01,"Bekins, B.A., I.M. Cozzarelli, E.M. Godsy, E. Warren, H.I. Essaid, and M.E. Tuccillo, 2001, Progression of natural attenuation processes at a crude oil spill site II. Controls on spatial distribution of microbial populations, J. Contam. Hydrol., 53:387-406.; Cozzarelli, I.M., Bekins, B.A., Baedecker, M.J., Aiken, G.R., Eaganhouse, R.P., and Tuccillo, m.E., 2001, Progression of natural attenuation processes at a crude-oil spill site--I. Geochemical evolution of the plume: Journal of Contaminant Hydrology, v. 53, pp. 369-385.",
ds_10,x9607,9607II,9/11/1996,WI,11.05,60,xLO064,nPrBz_mgL,,2.00E-05,xLGC01,"Bekins, B.A., I.M. Cozzarelli, E.M. Godsy, E. Warren, H.I. Essaid, and M.E. Tuccillo, 2001, Progression of natural attenuation processes at a crude oil spill site II. Controls on spatial distribution of microbial populations, J. Contam. Hydrol., 53:387-406.; Cozzarelli, I.M., Bekins, B.A., Baedecker, M.J., Aiken, G.R., Eaganhouse, R.P., and Tuccillo, m.E., 2001, Progression of natural attenuation processes at a crude-oil spill site--I. Geochemical evolution of the plume: Journal of Contaminant Hydrology, v. 53, pp. 369-385.",
ds_10,x9607,9607II,9/11/1996,WI,11.05,60,xLO015,135TMeBz_mgL,,0.00012,xLGC01,"Bekins, B.A., I.M. Cozzarelli, E.M. Godsy, E. Warren, H.I. Essaid, and M.E. Tuccillo, 2001, Progression of natural attenuation processes at a crude oil spill site II. Controls on spatial distribution of microbial populations, J. Contam. Hydrol., 53:387-406.; Cozzarelli, I.M., Bekins, B.A., Baedecker, M.J., Aiken, G.R., Eaganhouse, R.P., and Tuccillo, m.E., 2001, Progression of natural attenuation processes at a crude-oil spill site--I. Geochemical evolution of the plume: Journal of Contaminant Hydrology, v. 53, pp. 369-385.",
ds_10,x9607,9607II,9/11/1996,WI,11.05,60,xLO010,124TMeBz_mgL,,0,xLGC01,"Bekins, B.A., I.M. Cozzarelli, E.M. Godsy, E. Warren, H.I. Essaid, and M.E. Tuccillo, 2001, Progression of natural attenuation processes at a crude oil spill site II. Controls on spatial distribution of microbial populations, J. Contam. Hydrol., 53:387-406.; Cozzarelli, I.M., Bekins, B.A., Baedecker, M.J., Aiken, G.R., Eaganhouse, R.P., and Tuccillo, m.E., 2001, Progression of natural attenuation processes at a crude-oil spill site--I. Geochemical evolution of the plume: Journal of Contaminant Hydrology, v. 53, pp. 369-385.",
ds_10,x9607,9607II,9/11/1996,WI,11.05,60,xLS438,1Et2MeBz_mgL,,0.00118,xLGC01,"Bekins, B.A., I.M. Cozzarelli, E.M. Godsy, E. Warren, H.I. Essaid, and M.E. Tuccillo, 2001, Progression of natural attenuation processes at a crude oil spill site II. Controls on spatial distribution of microbial populations, J. Contam. Hydrol., 53:387-406.; Cozzarelli, I.M., Bekins, B.A., Baedecker, M.J., Aiken, G.R., Eaganhouse, R.P., and Tuccillo, m.E., 2001, Progression of natural attenuation processes at a crude-oil spill site--I. Geochemical evolution of the plume: Journal of Contaminant Hydrology, v. 53, pp. 369-385.",
ds_10,x9607,9607II,9/11/1996,WI,11.05,60,xLO006,123TMeBz_mgL,,0.00016,xLGC01,"Bekins, B.A., I.M. Cozzarelli, E.M. Godsy, E. Warren, H.I. Essaid, and M.E. Tuccillo, 2001, Progression of natural attenuation processes at a crude oil spill site II. Controls on spatial distribution of microbial populations, J. Contam. Hydrol., 53:387-406.; Cozzarelli, I.M., Bekins, B.A., Baedecker, M.J., Aiken, G.R., Eaganhouse, R.P., and Tuccillo, m.E., 2001, Progression of natural attenuation processes at a crude-oil spill site--I. Geochemical evolution of the plume: Journal of Contaminant Hydrology, v. 53, pp. 369-385.",
ds_10,x9607,9607II,9/11/1996,WI,11.05,60,xLO027,1Me3IsoPrBz_mgL,,0.00036,xLGC01,"Bekins, B.A., I.M. Cozzarelli, E.M. Godsy, E. Warren, H.I. Essaid, and M.E. Tuccillo, 2001, Progression of natural attenuation processes at a crude oil spill site II. Controls on spatial distribution of microbial populations, J. Contam. Hydrol., 53:387-406.; Cozzarelli, I.M., Bekins, B.A., Baedecker, M.J., Aiken, G.R., Eaganhouse, R.P., and Tuccillo, m.E., 2001, Progression of natural attenuation processes at a crude-oil spill site--I. Geochemical evolution of the plume: Journal of Contaminant Hydrology, v. 53, pp. 369-385.",
ds_10,x9607,9607II,9/11/1996,WI,11.05,60,xLO030,1Me4IsoPrBz_mgL,,0.00022,xLGC01,"Bekins, B.A., I.M. Cozzarelli, E.M. Godsy, E. Warren, H.I. Essaid, and M.E. Tuccillo, 2001, Progression of natural attenuation processes at a crude oil spill site II. Controls on spatial distribution of microbial populations, J. Contam. Hydrol., 53:387-406.; Cozzarelli, I.M., Bekins, B.A., Baedecker, M.J., Aiken, G.R., Eaganhouse, R.P., and Tuccillo, m.E., 2001, Progression of natural attenuation processes at a crude-oil spill site--I. Geochemical evolution of the plume: Journal of Contaminant Hydrology, v. 53, pp. 369-385.",
ds_10,x9607,9607II,9/11/1996,WI,11.05,60,xLO024,1Me2IsoPrBz_mgL,,0.00018,xLGC01,"Bekins, B.A., I.M. Cozzarelli, E.M. Godsy, E. Warren, H.I. Essaid, and M.E. Tuccillo, 2001, Progression of natural attenuation processes at a crude oil spill site II. Controls on spatial distribution of microbial populations, J. Contam. Hydrol., 53:387-406.; Cozzarelli, I.M., Bekins, B.A., Baedecker, M.J., Aiken, G.R., Eaganhouse, R.P., and Tuccillo, m.E., 2001, Progression of natural attenuation processes at a crude-oil spill site--I. Geochemical evolution of the plume: Journal of Contaminant Hydrology, v. 53, pp. 369-385.",
ds_10,x9607,9607II,9/11/1996,WI,11.05,60,xLO016,13DEtBz_mgL,,0.00032,xLGC01,"Bekins, B.A., I.M. Cozzarelli, E.M. Godsy, E. Warren, H.I. Essaid, and M.E. Tuccillo, 2001, Progression of natural attenuation processes at a crude oil spill site II. Controls on spatial distribution of microbial populations, J. Contam. Hydrol., 53:387-406.; Cozzarelli, I.M., Bekins, B.A., Baedecker, M.J., Aiken, G.R., Eaganhouse, R.P., and Tuccillo, m.E., 2001, Progression of natural attenuation processes at a crude-oil spill site--I. Geochemical evolution of the plume: Journal of Contaminant Hydrology, v. 53, pp. 369-385.",
ds_10,x9607,9607II,9/11/1996,WI,11.05,60,xLO028,1Me3PrBz_mgL,,0,xLGC01,"Bekins, B.A., I.M. Cozzarelli, E.M. Godsy, E. Warren, H.I. Essaid, and M.E. Tuccillo, 2001, Progression of natural attenuation processes at a crude oil spill site II. Controls on spatial distribution of microbial populations, J. Contam. Hydrol., 53:387-406.; Cozzarelli, I.M., Bekins, B.A., Baedecker, M.J., Aiken, G.R., Eaganhouse, R.P., and Tuccillo, m.E., 2001, Progression of natural attenuation processes at a crude-oil spill site--I. Geochemical evolution of the plume: Journal of Contaminant Hydrology, v. 53, pp. 369-385.",
ds_10,x9607,9607II,9/11/1996,WI,11.05,60,xLO031,1Me4PrBz_mgL,,0.00018,xLGC01,"Bekins, B.A., I.M. Cozzarelli, E.M. Godsy, E. Warren, H.I. Essaid, and M.E. Tuccillo, 2001, Progression of natural attenuation processes at a crude oil spill site II. Controls on spatial distribution of microbial populations, J. Contam. Hydrol., 53:387-406.; Cozzarelli, I.M., Bekins, B.A., Baedecker, M.J., Aiken, G.R., Eaganhouse, R.P., and Tuccillo, m.E., 2001, Progression of natural attenuation processes at a crude-oil spill site--I. Geochemical evolution of the plume: Journal of Contaminant Hydrology, v. 53, pp. 369-385.",
ds_10,x9607,9607II,9/11/1996,WI,11.05,60,xLO020,14DEtBz_mgL,,0.00026,xLGC01,"Bekins, B.A., I.M. Cozzarelli, E.M. Godsy, E. Warren, H.I. Essaid, and M.E. Tuccillo, 2001, Progression of natural attenuation processes at a crude oil spill site II. Controls on spatial distribution of microbial populations, J. Contam. Hydrol., 53:387-406.; Cozzarelli, I.M., Bekins, B.A., Baedecker, M.J., Aiken, G.R., Eaganhouse, R.P., and Tuccillo, m.E., 2001, Progression of natural attenuation processes at a crude-oil spill site--I. Geochemical evolution of the plume: Journal of Contaminant Hydrology, v. 53, pp. 369-385.",
ds_10,x9607,9607II,9/11/1996,WI,11.05,60,xLO056,nButylBz_mgL,,0,xLGC01,"Bekins, B.A., I.M. Cozzarelli, E.M. Godsy, E. Warren, H.I. Essaid, and M.E. Tuccillo, 2001, Progression of natural attenuation processes at a crude oil spill site II. Controls on spatial distribution of microbial populations, J. Contam. Hydrol., 53:387-406.; Cozzarelli, I.M., Bekins, B.A., Baedecker, M.J., Aiken, G.R., Eaganhouse, R.P., and Tuccillo, m.E., 2001, Progression of natural attenuation processes at a crude-oil spill site--I. Geochemical evolution of the plume: Journal of Contaminant Hydrology, v. 53, pp. 369-385.",
ds_10,x9607,9607II,9/11/1996,WI,11.05,60,xLO019,13DMe5EtBz_mgL,,0.00022,xLGC01,"Bekins, B.A., I.M. Cozzarelli, E.M. Godsy, E. Warren, H.I. Essaid, and M.E. Tuccillo, 2001, Progression of natural attenuation processes at a crude oil spill site II. Controls on spatial distribution of microbial populations, J. Contam. Hydrol., 53:387-406.; Cozzarelli, I.M., Bekins, B.A., Baedecker, M.J., Aiken, G.R., Eaganhouse, R.P., and Tuccillo, m.E., 2001, Progression of natural attenuation processes at a crude-oil spill site--I. Geochemical evolution of the plume: Journal of Contaminant Hydrology, v. 53, pp. 369-385.",
ds_10,x9607,9607II,9/11/1996,WI,11.05,60,xLO011,12DEtBz_mgL,,0.00012,xLGC01,"Bekins, B.A., I.M. Cozzarelli, E.M. Godsy, E. Warren, H.I. Essaid, and M.E. Tuccillo, 2001, Progression of natural attenuation processes at a crude oil spill site II. Controls on spatial distribution of microbial populations, J. Contam. Hydrol., 53:387-406.; Cozzarelli, I.M., Bekins, B.A., Baedecker, M.J., Aiken, G.R., Eaganhouse, R.P., and Tuccillo, m.E., 2001, Progression of natural attenuation processes at a crude-oil spill site--I. Geochemical evolution of the plume: Journal of Contaminant Hydrology, v. 53, pp. 369-385.",
ds_10,x9607,9607II,9/11/1996,WI,11.05,60,xLO023,1Me2EtBz_mgL,,0.00028,xLGC01,"Bekins, B.A., I.M. Cozzarelli, E.M. Godsy, E. Warren, H.I. Essaid, and M.E. Tuccillo, 2001, Progression of natural attenuation processes at a crude oil spill site II. Controls on spatial distribution of microbial populations, J. Contam. Hydrol., 53:387-406.; Cozzarelli, I.M., Bekins, B.A., Baedecker, M.J., Aiken, G.R., Eaganhouse, R.P., and Tuccillo, m.E., 2001, Progression of natural attenuation processes at a crude-oil spill site--I. Geochemical evolution of the plume: Journal of Contaminant Hydrology, v. 53, pp. 369-385.",
ds_10,x9607,9607II,9/11/1996,WI,11.05,60,xLO021,14DMe2EtBz_mgL,,0,xLGC01,"Bekins, B.A., I.M. Cozzarelli, E.M. Godsy, E. Warren, H.I. Essaid, and M.E. Tuccillo, 2001, Progression of natural attenuation processes at a crude oil spill site II. Controls on spatial distribution of microbial populations, J. Contam. Hydrol., 53:387-406.; Cozzarelli, I.M., Bekins, B.A., Baedecker, M.J., Aiken, G.R., Eaganhouse, R.P., and Tuccillo, m.E., 2001, Progression of natural attenuation processes at a crude-oil spill site--I. Geochemical evolution of the plume: Journal of Contaminant Hydrology, v. 53, pp. 369-385.",
ds_10,x9607,9607II,9/11/1996,WI,11.05,60,xLO018,13DMe4EtBz_mgL,,0,xLGC01,"Bekins, B.A., I.M. Cozzarelli, E.M. Godsy, E. Warren, H.I. Essaid, and M.E. Tuccillo, 2001, Progression of natural attenuation processes at a crude oil spill site II. Controls on spatial distribution of microbial populations, J. Contam. Hydrol., 53:387-406.; Cozzarelli, I.M., Bekins, B.A., Baedecker, M.J., Aiken, G.R., Eaganhouse, R.P., and Tuccillo, m.E., 2001, Progression of natural attenuation processes at a crude-oil spill site--I. Geochemical evolution of the plume: Journal of Contaminant Hydrology, v. 53, pp. 369-385.",
ds_10,x9607,9607II,9/11/1996,WI,11.05,60,xLO013,12DMe4EtBz_mgL,,0,xLGC01,"Bekins, B.A., I.M. Cozzarelli, E.M. Godsy, E. Warren, H.I. Essaid, and M.E. Tuccillo, 2001, Progression of natural attenuation processes at a crude oil spill site II. Controls on spatial distribution of microbial populations, J. Contam. Hydrol., 53:387-406.; Cozzarelli, I.M., Bekins, B.A., Baedecker, M.J., Aiken, G.R., Eaganhouse, R.P., and Tuccillo, m.E., 2001, Progression of natural attenuation processes at a crude-oil spill site--I. Geochemical evolution of the plume: Journal of Contaminant Hydrology, v. 53, pp. 369-385.",
ds_10,x9607,9607II,9/11/1996,WI,11.05,60,xLO017,13DMe2EtBz_mgL,,0.00034,xLGC01,"Bekins, B.A., I.M. Cozzarelli, E.M. Godsy, E. Warren, H.I. Essaid, and M.E. Tuccillo, 2001, Progression of natural attenuation processes at a crude oil spill site II. Controls on spatial distribution of microbial populations, J. Contam. Hydrol., 53:387-406.; Cozzarelli, I.M., Bekins, B.A., Baedecker, M.J., Aiken, G.R., Eaganhouse, R.P., and Tuccillo, m.E., 2001, Progression of natural attenuation processes at a crude-oil spill site--I. Geochemical evolution of the plume: Journal of Contaminant Hydrology, v. 53, pp. 369-385.",
ds_10,x9607,9607II,9/11/1996,WI,11.05,60,xLO012,12DMe3EtBz_mgL,,0,xLGC01,"Bekins, B.A., I.M. Cozzarelli, E.M. Godsy, E. Warren, H.I. Essaid, and M.E. Tuccillo, 2001, Progression of natural attenuation processes at a crude oil spill site II. Controls on spatial distribution of microbial populations, J. Contam. Hydrol., 53:387-406.; Cozzarelli, I.M., Bekins, B.A., Baedecker, M.J., Aiken, G.R., Eaganhouse, R.P., and Tuccillo, m.E., 2001, Progression of natural attenuation processes at a crude-oil spill site--I. Geochemical evolution of the plume: Journal of Contaminant Hydrology, v. 53, pp. 369-385.",
ds_10,x9607,9607II,9/11/1996,WI,11.05,60,xLO008,1245TMeBz_mgL,,0,xLGC01,"Bekins, B.A., I.M. Cozzarelli, E.M. Godsy, E. Warren, H.I. Essaid, and M.E. Tuccillo, 2001, Progression of natural attenuation processes at a crude oil spill site II. Controls on spatial distribution of microbial populations, J. Contam. Hydrol., 53:387-406.; Cozzarelli, I.M., Bekins, B.A., Baedecker, M.J., Aiken, G.R., Eaganhouse, R.P., and Tuccillo, m.E., 2001, Progression of natural attenuation processes at a crude-oil spill site--I. Geochemical evolution of the plume: Journal of Contaminant Hydrology, v. 53, pp. 369-385.",
ds_10,x9607,9607II,9/11/1996,WI,11.05,60,xLO004,1235TMeBz_mgL,,0,xLGC01,"Bekins, B.A., I.M. Cozzarelli, E.M. Godsy, E. Warren, H.I. Essaid, and M.E. Tuccillo, 2001, Progression of natural attenuation processes at a crude oil spill site II. Controls on spatial distribution of microbial populations, J. Contam. Hydrol., 53:387-406.; Cozzarelli, I.M., Bekins, B.A., Baedecker, M.J., Aiken, G.R., Eaganhouse, R.P., and Tuccillo, m.E., 2001, Progression of natural attenuation processes at a crude-oil spill site--I. Geochemical evolution of the plume: Journal of Contaminant Hydrology, v. 53, pp. 369-385.",
ds_10,x9607,9607II,9/11/1996,WI,11.05,60,xLO002,1234TMeBz_mgL,,0,xLGC01,"Bekins, B.A., I.M. Cozzarelli, E.M. Godsy, E. Warren, H.I. Essaid, and M.E. Tuccillo, 2001, Progression of natural attenuation processes at a crude oil spill site II. Controls on spatial distribution of microbial populations, J. Contam. Hydrol., 53:387-406.; Cozzarelli, I.M., Bekins, B.A., Baedecker, M.J., Aiken, G.R., Eaganhouse, R.P., and Tuccillo, m.E., 2001, Progression of natural attenuation processes at a crude-oil spill site--I. Geochemical evolution of the plume: Journal of Contaminant Hydrology, v. 53, pp. 369-385.",
ds_10,x9607,9607II,9/11/1996,WI,11.05,60,xLO035,BTEX_mgL,,0.7063,xLCA03,"Bekins, B.A., I.M. Cozzarelli, E.M. Godsy, E. Warren, H.I. Essaid, and M.E. Tuccillo, 2001, Progression of natural attenuation processes at a crude oil spill site II. Controls on spatial distribution of microbial populations, J. Contam. Hydrol., 53:387-406.; Cozzarelli, I.M., Bekins, B.A., Baedecker, M.J., Aiken, G.R., Eaganhouse, R.P., and Tuccillo, m.E., 2001, Progression of natural attenuation processes at a crude-oil spill site--I. Geochemical evolution of the plume: Journal of Contaminant Hydrology, v. 53, pp. 369-385.",
ds_10,x9607,9607II,9/11/1996,WI,11.05,60,xLS439,1Et3MeBz_mgL,,0.00018,xLGC01,"Bekins, B.A., I.M. Cozzarelli, E.M. Godsy, E. Warren, H.I. Essaid, and M.E. Tuccillo, 2001, Progression of natural attenuation processes at a crude oil spill site II. Controls on spatial distribution of microbial populations, J. Contam. Hydrol., 53:387-406.; Cozzarelli, I.M., Bekins, B.A., Baedecker, M.J., Aiken, G.R., Eaganhouse, R.P., and Tuccillo, m.E., 2001, Progression of natural attenuation processes at a crude-oil spill site--I. Geochemical evolution of the plume: Journal of Contaminant Hydrology, v. 53, pp. 369-385.",
ds_10,x9607,9607II,9/11/1996,WI,11.05,60,xLS440,1Et4MeBz_mgL,,1.00E-04,xLGC01,"Bekins, B.A., I.M. Cozzarelli, E.M. Godsy, E. Warren, H.I. Essaid, and M.E. Tuccillo, 2001, Progression of natural attenuation processes at a crude oil spill site II. Controls on spatial distribution of microbial populations, J. Contam. Hydrol., 53:387-406.; Cozzarelli, I.M., Bekins, B.A., Baedecker, M.J., Aiken, G.R., Eaganhouse, R.P., and Tuccillo, m.E., 2001, Progression of natural attenuation processes at a crude-oil spill site--I. Geochemical evolution of the plume: Journal of Contaminant Hydrology, v. 53, pp. 369-385.",
ds_10,x9607,9607II,9/11/1996,WI,11.05,60,xLS441,1MePrBz_mgL,,0.00018,xLGC01,"Bekins, B.A., I.M. Cozzarelli, E.M. Godsy, E. Warren, H.I. Essaid, and M.E. Tuccillo, 2001, Progression of natural attenuation processes at a crude oil spill site II. Controls on spatial distribution of microbial populations, J. Contam. Hydrol., 53:387-406.; Cozzarelli, I.M., Bekins, B.A., Baedecker, M.J., Aiken, G.R., Eaganhouse, R.P., and Tuccillo, m.E., 2001, Progression of natural attenuation processes at a crude-oil spill site--I. Geochemical evolution of the plume: Journal of Contaminant Hydrology, v. 53, pp. 369-385.",
ds_10,x9607,9607II,9/11/1996,WI,11.05,60,xLS442,2MePrBz_mgL,,8.00E-05,xLGC01,"Bekins, B.A., I.M. Cozzarelli, E.M. Godsy, E. Warren, H.I. Essaid, and M.E. Tuccillo, 2001, Progression of natural attenuation processes at a crude oil spill site II. Controls on spatial distribution of microbial populations, J. Contam. Hydrol., 53:387-406.; Cozzarelli, I.M., Bekins, B.A., Baedecker, M.J., Aiken, G.R., Eaganhouse, R.P., and Tuccillo, m.E., 2001, Progression of natural attenuation processes at a crude-oil spill site--I. Geochemical evolution of the plume: Journal of Contaminant Hydrology, v. 53, pp. 369-385.",
ds_10,x9608,9608,9/12/1996,WI,8.76,0,xLS438,1Et2MeBz_mgL,,0.0074,xLGC01,"Bekins, B.A., I.M. Cozzarelli, E.M. Godsy, E. Warren, H.I. Essaid, and M.E. Tuccillo, 2001, Progression of natural attenuation processes at a crude oil spill site II. Controls on spatial distribution of microbial populations, J. Contam. Hydrol., 53:387-406.; Cozzarelli, I.M., Bekins, B.A., Baedecker, M.J., Aiken, G.R., Eaganhouse, R.P., and Tuccillo, m.E., 2001, Progression of natural attenuation processes at a crude-oil spill site--I. Geochemical evolution of the plume: Journal of Contaminant Hydrology, v. 53, pp. 369-385.",
ds_10,x9608,9608,9/12/1996,WI,8.76,45,xLS438,1Et2MeBz_mgL,,0.0216,xLGC01,"Bekins, B.A., I.M. Cozzarelli, E.M. Godsy, E. Warren, H.I. Essaid, and M.E. Tuccillo, 2001, Progression of natural attenuation processes at a crude oil spill site II. Controls on spatial distribution of microbial populations, J. Contam. Hydrol., 53:387-406.; Cozzarelli, I.M., Bekins, B.A., Baedecker, M.J., Aiken, G.R., Eaganhouse, R.P., and Tuccillo, m.E., 2001, Progression of natural attenuation processes at a crude-oil spill site--I. Geochemical evolution of the plume: Journal of Contaminant Hydrology, v. 53, pp. 369-385.",
ds_10,x9607,9607II,9/11/1996,WI,11.05,60,xLD443,TotAlkylBz_mgL,,0.71126,xLCA06,"Bekins, B.A., I.M. Cozzarelli, E.M. Godsy, E. Warren, H.I. Essaid, and M.E. Tuccillo, 2001, Progression of natural attenuation processes at a crude oil spill site II. Controls on spatial distribution of microbial populations, J. Contam. Hydrol., 53:387-406.; Cozzarelli, I.M., Bekins, B.A., Baedecker, M.J., Aiken, G.R., Eaganhouse, R.P., and Tuccillo, m.E., 2001, Progression of natural attenuation processes at a crude-oil spill site--I. Geochemical evolution of the plume: Journal of Contaminant Hydrology, v. 53, pp. 369-385.",
ds_10,x9608,9608,9/12/1996,WI,8.76,60,xLS438,1Et2MeBz_mgL,,0.0098,xLGC01,"Bekins, B.A., I.M. Cozzarelli, E.M. Godsy, E. Warren, H.I. Essaid, and M.E. Tuccillo, 2001, Progression of natural attenuation processes at a crude oil spill site II. Controls on spatial distribution of microbial populations, J. Contam. Hydrol., 53:387-406.; Cozzarelli, I.M., Bekins, B.A., Baedecker, M.J., Aiken, G.R., Eaganhouse, R.P., and Tuccillo, m.E., 2001, Progression of natural attenuation processes at a crude-oil spill site--I. Geochemical evolution of the plume: Journal of Contaminant Hydrology, v. 53, pp. 369-385.",
ds_10,x9608,9608,9/12/1996,WI,8.76,75,xLS438,1Et2MeBz_mgL,,0.0093,xLGC01,"Bekins, B.A., I.M. Cozzarelli, E.M. Godsy, E. Warren, H.I. Essaid, and M.E. Tuccillo, 2001, Progression of natural attenuation processes at a crude oil spill site II. Controls on spatial distribution of microbial populations, J. Contam. Hydrol., 53:387-406.; Cozzarelli, I.M., Bekins, B.A., Baedecker, M.J., Aiken, G.R., Eaganhouse, R.P., and Tuccillo, m.E., 2001, Progression of natural attenuation processes at a crude-oil spill site--I. Geochemical evolution of the plume: Journal of Contaminant Hydrology, v. 53, pp. 369-385.",
ds_10,x9607,9607II,9/11/1996,WI,11.05,75,x46123,Fe_2_mgL,,16.9,xLC006,"Bekins, B.A., I.M. Cozzarelli, E.M. Godsy, E. Warren, H.I. Essaid, and M.E. Tuccillo, 2001, Progression of natural attenuation processes at a crude oil spill site II. Controls on spatial distribution of microbial populations, J. Contam. Hydrol., 53:387-406.; Cozzarelli, I.M., Bekins, B.A., Baedecker, M.J., Aiken, G.R., Eaganhouse, R.P., and Tuccillo, m.E., 2001, Progression of natural attenuation processes at a crude-oil spill site--I. Geochemical evolution of the plume: Journal of Contaminant Hydrology, v. 53, pp. 369-385.",
ds_10,x9607,9607II,9/11/1996,WI,11.05,75,x68831,CH4_mgL,,1.774,xLC005,"Bekins, B.A., I.M. Cozzarelli, E.M. Godsy, E. Warren, H.I. Essaid, and M.E. Tuccillo, 2001, Progression of natural attenuation processes at a crude oil spill site II. Controls on spatial distribution of microbial populations, J. Contam. Hydrol., 53:387-406.; Cozzarelli, I.M., Bekins, B.A., Baedecker, M.J., Aiken, G.R., Eaganhouse, R.P., and Tuccillo, m.E., 2001, Progression of natural attenuation processes at a crude-oil spill site--I. Geochemical evolution of the plume: Journal of Contaminant Hydrology, v. 53, pp. 369-385.",
ds_10,x9607,9607II,9/11/1996,WI,11.05,90,x46123,Fe_2_mgL,,0.49,xLC006,"Bekins, B.A., I.M. Cozzarelli, E.M. Godsy, E. Warren, H.I. Essaid, and M.E. Tuccillo, 2001, Progression of natural attenuation processes at a crude oil spill site II. Controls on spatial distribution of microbial populations, J. Contam. Hydrol., 53:387-406.; Cozzarelli, I.M., Bekins, B.A., Baedecker, M.J., Aiken, G.R., Eaganhouse, R.P., and Tuccillo, m.E., 2001, Progression of natural attenuation processes at a crude-oil spill site--I. Geochemical evolution of the plume: Journal of Contaminant Hydrology, v. 53, pp. 369-385.",
ds_10,x9607,9607II,9/11/1996,WI,11.05,90,x68831,CH4_mgL,,3.514,xLC005,"Bekins, B.A., I.M. Cozzarelli, E.M. Godsy, E. Warren, H.I. Essaid, and M.E. Tuccillo, 2001, Progression of natural attenuation processes at a crude oil spill site II. Controls on spatial distribution of microbial populations, J. Contam. Hydrol., 53:387-406.; Cozzarelli, I.M., Bekins, B.A., Baedecker, M.J., Aiken, G.R., Eaganhouse, R.P., and Tuccillo, m.E., 2001, Progression of natural attenuation processes at a crude-oil spill site--I. Geochemical evolution of the plume: Journal of Contaminant Hydrology, v. 53, pp. 369-385.",
ds_10,x9607,9607II,9/11/1996,WI,11.05,90,xLO065,NVDOC_mgL,,17.6,xLCID2,"Bekins, B.A., I.M. Cozzarelli, E.M. Godsy, E. Warren, H.I. Essaid, and M.E. Tuccillo, 2001, Progression of natural attenuation processes at a crude oil spill site II. Controls on spatial distribution of microbial populations, J. Contam. Hydrol., 53:387-406.; Cozzarelli, I.M., Bekins, B.A., Baedecker, M.J., Aiken, G.R., Eaganhouse, R.P., and Tuccillo, m.E., 2001, Progression of natural attenuation processes at a crude-oil spill site--I. Geochemical evolution of the plume: Journal of Contaminant Hydrology, v. 53, pp. 369-385.",
ds_10,x9607,9607II,9/11/1996,WI,11.05,105,xLS437,11DiMeEtBz_mgL,,0.00022,xLGC01,"Bekins, B.A., I.M. Cozzarelli, E.M. Godsy, E. Warren, H.I. Essaid, and M.E. Tuccillo, 2001, Progression of natural attenuation processes at a crude oil spill site II. Controls on spatial distribution of microbial populations, J. Contam. Hydrol., 53:387-406.; Cozzarelli, I.M., Bekins, B.A., Baedecker, M.J., Aiken, G.R., Eaganhouse, R.P., and Tuccillo, m.E., 2001, Progression of natural attenuation processes at a crude-oil spill site--I. Geochemical evolution of the plume: Journal of Contaminant Hydrology, v. 53, pp. 369-385.",
ds_10,x9607,9607II,9/11/1996,WI,11.05,105,xLS438,1Et2MeBz_mgL,,8.00E-05,xLGC01,"Bekins, B.A., I.M. Cozzarelli, E.M. Godsy, E. Warren, H.I. Essaid, and M.E. Tuccillo, 2001, Progression of natural attenuation processes at a crude oil spill site II. Controls on spatial distribution of microbial populations, J. Contam. Hydrol., 53:387-406.; Cozzarelli, I.M., Bekins, B.A., Baedecker, M.J., Aiken, G.R., Eaganhouse, R.P., and Tuccillo, m.E., 2001, Progression of natural attenuation processes at a crude-oil spill site--I. Geochemical evolution of the plume: Journal of Contaminant Hydrology, v. 53, pp. 369-385.",
ds_10,x9607,9607II,9/11/1996,WI,11.05,105,x46123,Fe_2_mgL,,0.27,xLC006,"Bekins, B.A., I.M. Cozzarelli, E.M. Godsy, E. Warren, H.I. Essaid, and M.E. Tuccillo, 2001, Progression of natural attenuation processes at a crude oil spill site II. Controls on spatial distribution of microbial populations, J. Contam. Hydrol., 53:387-406.; Cozzarelli, I.M., Bekins, B.A., Baedecker, M.J., Aiken, G.R., Eaganhouse, R.P., and Tuccillo, m.E., 2001, Progression of natural attenuation processes at a crude-oil spill site--I. Geochemical evolution of the plume: Journal of Contaminant Hydrology, v. 53, pp. 369-385.",
ds_10,x9607,9607II,9/11/1996,WI,11.05,105,x68831,CH4_mgL,,1.21,xLC005,"Bekins, B.A., I.M. Cozzarelli, E.M. Godsy, E. Warren, H.I. Essaid, and M.E. Tuccillo, 2001, Progression of natural attenuation processes at a crude oil spill site II. Controls on spatial distribution of microbial populations, J. Contam. Hydrol., 53:387-406.; Cozzarelli, I.M., Bekins, B.A., Baedecker, M.J., Aiken, G.R., Eaganhouse, R.P., and Tuccillo, m.E., 2001, Progression of natural attenuation processes at a crude-oil spill site--I. Geochemical evolution of the plume: Journal of Contaminant Hydrology, v. 53, pp. 369-385.",
ds_10,x9607,9607II,9/11/1996,WI,11.05,105,xLO065,NVDOC_mgL,,8.1,xLCID2,"Bekins, B.A., I.M. Cozzarelli, E.M. Godsy, E. Warren, H.I. Essaid, and M.E. Tuccillo, 2001, Progression of natural attenuation processes at a crude oil spill site II. Controls on spatial distribution of microbial populations, J. Contam. Hydrol., 53:387-406.; Cozzarelli, I.M., Bekins, B.A., Baedecker, M.J., Aiken, G.R., Eaganhouse, R.P., and Tuccillo, m.E., 2001, Progression of natural attenuation processes at a crude-oil spill site--I. Geochemical evolution of the plume: Journal of Contaminant Hydrology, v. 53, pp. 369-385.",
ds_10,x9607,9607II,9/11/1996,WI,11.05,105,xLO037,Bz_mgL,,0.0012,xLGC01,"Bekins, B.A., I.M. Cozzarelli, E.M. Godsy, E. Warren, H.I. Essaid, and M.E. Tuccillo, 2001, Progression of natural attenuation processes at a crude oil spill site II. Controls on spatial distribution of microbial populations, J. Contam. Hydrol., 53:387-406.; Cozzarelli, I.M., Bekins, B.A., Baedecker, M.J., Aiken, G.R., Eaganhouse, R.P., and Tuccillo, m.E., 2001, Progression of natural attenuation processes at a crude-oil spill site--I. Geochemical evolution of the plume: Journal of Contaminant Hydrology, v. 53, pp. 369-385.",
ds_10,x9607,9607II,9/11/1996,WI,11.05,105,xLO073,Tol_mgL,,8.00E-05,xLGC01,"Bekins, B.A., I.M. Cozzarelli, E.M. Godsy, E. Warren, H.I. Essaid, and M.E. Tuccillo, 2001, Progression of natural attenuation processes at a crude oil spill site II. Controls on spatial distribution of microbial populations, J. Contam. Hydrol., 53:387-406.; Cozzarelli, I.M., Bekins, B.A., Baedecker, M.J., Aiken, G.R., Eaganhouse, R.P., and Tuccillo, m.E., 2001, Progression of natural attenuation processes at a crude-oil spill site--I. Geochemical evolution of the plume: Journal of Contaminant Hydrology, v. 53, pp. 369-385.",
ds_10,x9607,9607II,9/11/1996,WI,11.05,105,xLO042,EtBz_mgL,,2.00E-05,xLGC01,"Bekins, B.A., I.M. Cozzarelli, E.M. Godsy, E. Warren, H.I. Essaid, and M.E. Tuccillo, 2001, Progression of natural attenuation processes at a crude oil spill site II. Controls on spatial distribution of microbial populations, J. Contam. Hydrol., 53:387-406.; Cozzarelli, I.M., Bekins, B.A., Baedecker, M.J., Aiken, G.R., Eaganhouse, R.P., and Tuccillo, m.E., 2001, Progression of natural attenuation processes at a crude-oil spill site--I. Geochemical evolution of the plume: Journal of Contaminant Hydrology, v. 53, pp. 369-385.",
ds_10,x9607,9607II,9/11/1996,WI,11.05,105,xLO052,mpxyl_mgL,,0.00032,xLGC01,"Bekins, B.A., I.M. Cozzarelli, E.M. Godsy, E. Warren, H.I. Essaid, and M.E. Tuccillo, 2001, Progression of natural attenuation processes at a crude oil spill site II. Controls on spatial distribution of microbial populations, J. Contam. Hydrol., 53:387-406.; Cozzarelli, I.M., Bekins, B.A., Baedecker, M.J., Aiken, G.R., Eaganhouse, R.P., and Tuccillo, m.E., 2001, Progression of natural attenuation processes at a crude-oil spill site--I. Geochemical evolution of the plume: Journal of Contaminant Hydrology, v. 53, pp. 369-385.",
ds_10,x9607,9607II,9/11/1996,WI,11.05,105,xLO067,oxyl_mgL,,0,xLGC01,"Bekins, B.A., I.M. Cozzarelli, E.M. Godsy, E. Warren, H.I. Essaid, and M.E. Tuccillo, 2001, Progression of natural attenuation processes at a crude oil spill site II. Controls on spatial distribution of microbial populations, J. Contam. Hydrol., 53:387-406.; Cozzarelli, I.M., Bekins, B.A., Baedecker, M.J., Aiken, G.R., Eaganhouse, R.P., and Tuccillo, m.E., 2001, Progression of natural attenuation processes at a crude-oil spill site--I. Geochemical evolution of the plume: Journal of Contaminant Hydrology, v. 53, pp. 369-385.",
ds_10,x9607,9607II,9/11/1996,WI,11.05,105,xLO050,IsoPrBz_mgL,,1.00E-04,xLGC01,"Bekins, B.A., I.M. Cozzarelli, E.M. Godsy, E. Warren, H.I. Essaid, and M.E. Tuccillo, 2001, Progression of natural attenuation processes at a crude oil spill site II. Controls on spatial distribution of microbial populations, J. Contam. Hydrol., 53:387-406.; Cozzarelli, I.M., Bekins, B.A., Baedecker, M.J., Aiken, G.R., Eaganhouse, R.P., and Tuccillo, m.E., 2001, Progression of natural attenuation processes at a crude-oil spill site--I. Geochemical evolution of the plume: Journal of Contaminant Hydrology, v. 53, pp. 369-385.",
ds_10,x9607,9607II,9/11/1996,WI,11.05,105,xLO064,nPrBz_mgL,,0,xLGC01,"Bekins, B.A., I.M. Cozzarelli, E.M. Godsy, E. Warren, H.I. Essaid, and M.E. Tuccillo, 2001, Progression of natural attenuation processes at a crude oil spill site II. Controls on spatial distribution of microbial populations, J. Contam. Hydrol., 53:387-406.; Cozzarelli, I.M., Bekins, B.A., Baedecker, M.J., Aiken, G.R., Eaganhouse, R.P., and Tuccillo, m.E., 2001, Progression of natural attenuation processes at a crude-oil spill site--I. Geochemical evolution of the plume: Journal of Contaminant Hydrology, v. 53, pp. 369-385.",
ds_10,x9607,9607II,9/11/1996,WI,11.05,105,xLO015,135TMeBz_mgL,,1.00E-04,xLGC01,"Bekins, B.A., I.M. Cozzarelli, E.M. Godsy, E. Warren, H.I. Essaid, and M.E. Tuccillo, 2001, Progression of natural attenuation processes at a crude oil spill site II. Controls on spatial distribution of microbial populations, J. Contam. Hydrol., 53:387-406.; Cozzarelli, I.M., Bekins, B.A., Baedecker, M.J., Aiken, G.R., Eaganhouse, R.P., and Tuccillo, m.E., 2001, Progression of natural attenuation processes at a crude-oil spill site--I. Geochemical evolution of the plume: Journal of Contaminant Hydrology, v. 53, pp. 369-385.",
ds_10,x9607,9607II,9/11/1996,WI,11.05,105,xLO010,124TMeBz_mgL,,0,xLGC01,"Bekins, B.A., I.M. Cozzarelli, E.M. Godsy, E. Warren, H.I. Essaid, and M.E. Tuccillo, 2001, Progression of natural attenuation processes at a crude oil spill site II. Controls on spatial distribution of microbial populations, J. Contam. Hydrol., 53:387-406.; Cozzarelli, I.M., Bekins, B.A., Baedecker, M.J., Aiken, G.R., Eaganhouse, R.P., and Tuccillo, m.E., 2001, Progression of natural attenuation processes at a crude-oil spill site--I. Geochemical evolution of the plume: Journal of Contaminant Hydrology, v. 53, pp. 369-385.",
ds_10,x9607,9607II,9/11/1996,WI,11.05,105,xLO006,123TMeBz_mgL,,0,xLGC01,"Bekins, B.A., I.M. Cozzarelli, E.M. Godsy, E. Warren, H.I. Essaid, and M.E. Tuccillo, 2001, Progression of natural attenuation processes at a crude oil spill site II. Controls on spatial distribution of microbial populations, J. Contam. Hydrol., 53:387-406.; Cozzarelli, I.M., Bekins, B.A., Baedecker, M.J., Aiken, G.R., Eaganhouse, R.P., and Tuccillo, m.E., 2001, Progression of natural attenuation processes at a crude-oil spill site--I. Geochemical evolution of the plume: Journal of Contaminant Hydrology, v. 53, pp. 369-385.",
ds_10,x9607,9607II,9/11/1996,WI,11.05,105,xLO027,1Me3IsoPrBz_mgL,,0,xLGC01,"Bekins, B.A., I.M. Cozzarelli, E.M. Godsy, E. Warren, H.I. Essaid, and M.E. Tuccillo, 2001, Progression of natural attenuation processes at a crude oil spill site II. Controls on spatial distribution of microbial populations, J. Contam. Hydrol., 53:387-406.; Cozzarelli, I.M., Bekins, B.A., Baedecker, M.J., Aiken, G.R., Eaganhouse, R.P., and Tuccillo, m.E., 2001, Progression of natural attenuation processes at a crude-oil spill site--I. Geochemical evolution of the plume: Journal of Contaminant Hydrology, v. 53, pp. 369-385.",
ds_10,x9608,9608,9/12/1996,WI,8.76,90,xLS438,1Et2MeBz_mgL,,0.0072,xLGC01,"Bekins, B.A., I.M. Cozzarelli, E.M. Godsy, E. Warren, H.I. Essaid, and M.E. Tuccillo, 2001, Progression of natural attenuation processes at a crude oil spill site II. Controls on spatial distribution of microbial populations, J. Contam. Hydrol., 53:387-406.; Cozzarelli, I.M., Bekins, B.A., Baedecker, M.J., Aiken, G.R., Eaganhouse, R.P., and Tuccillo, m.E., 2001, Progression of natural attenuation processes at a crude-oil spill site--I. Geochemical evolution of the plume: Journal of Contaminant Hydrology, v. 53, pp. 369-385.",
ds_10,x9607,9607II,9/11/1996,WI,11.05,105,xLO030,1Me4IsoPrBz_mgL,,0.00022,xLGC01,"Bekins, B.A., I.M. Cozzarelli, E.M. Godsy, E. Warren, H.I. Essaid, and M.E. Tuccillo, 2001, Progression of natural attenuation processes at a crude oil spill site II. Controls on spatial distribution of microbial populations, J. Contam. Hydrol., 53:387-406.; Cozzarelli, I.M., Bekins, B.A., Baedecker, M.J., Aiken, G.R., Eaganhouse, R.P., and Tuccillo, m.E., 2001, Progression of natural attenuation processes at a crude-oil spill site--I. Geochemical evolution of the plume: Journal of Contaminant Hydrology, v. 53, pp. 369-385.",
ds_10,x9607,9607II,9/11/1996,WI,11.05,105,xLO024,1Me2IsoPrBz_mgL,,8.00E-05,xLGC01,"Bekins, B.A., I.M. Cozzarelli, E.M. Godsy, E. Warren, H.I. Essaid, and M.E. Tuccillo, 2001, Progression of natural attenuation processes at a crude oil spill site II. Controls on spatial distribution of microbial populations, J. Contam. Hydrol., 53:387-406.; Cozzarelli, I.M., Bekins, B.A., Baedecker, M.J., Aiken, G.R., Eaganhouse, R.P., and Tuccillo, m.E., 2001, Progression of natural attenuation processes at a crude-oil spill site--I. Geochemical evolution of the plume: Journal of Contaminant Hydrology, v. 53, pp. 369-385.",
ds_10,x9607,9607II,9/11/1996,WI,11.05,105,xLO016,13DEtBz_mgL,,0,xLGC01,"Bekins, B.A., I.M. Cozzarelli, E.M. Godsy, E. Warren, H.I. Essaid, and M.E. Tuccillo, 2001, Progression of natural attenuation processes at a crude oil spill site II. Controls on spatial distribution of microbial populations, J. Contam. Hydrol., 53:387-406.; Cozzarelli, I.M., Bekins, B.A., Baedecker, M.J., Aiken, G.R., Eaganhouse, R.P., and Tuccillo, m.E., 2001, Progression of natural attenuation processes at a crude-oil spill site--I. Geochemical evolution of the plume: Journal of Contaminant Hydrology, v. 53, pp. 369-385.",
ds_10,x9607,9607II,9/11/1996,WI,11.05,105,xLO028,1Me3PrBz_mgL,,0,xLGC01,"Bekins, B.A., I.M. Cozzarelli, E.M. Godsy, E. Warren, H.I. Essaid, and M.E. Tuccillo, 2001, Progression of natural attenuation processes at a crude oil spill site II. Controls on spatial distribution of microbial populations, J. Contam. Hydrol., 53:387-406.; Cozzarelli, I.M., Bekins, B.A., Baedecker, M.J., Aiken, G.R., Eaganhouse, R.P., and Tuccillo, m.E., 2001, Progression of natural attenuation processes at a crude-oil spill site--I. Geochemical evolution of the plume: Journal of Contaminant Hydrology, v. 53, pp. 369-385.",
ds_10,x9607,9607II,9/11/1996,WI,11.05,105,xLO031,1Me4PrBz_mgL,,0.00016,xLGC01,"Bekins, B.A., I.M. Cozzarelli, E.M. Godsy, E. Warren, H.I. Essaid, and M.E. Tuccillo, 2001, Progression of natural attenuation processes at a crude oil spill site II. Controls on spatial distribution of microbial populations, J. Contam. Hydrol., 53:387-406.; Cozzarelli, I.M., Bekins, B.A., Baedecker, M.J., Aiken, G.R., Eaganhouse, R.P., and Tuccillo, m.E., 2001, Progression of natural attenuation processes at a crude-oil spill site--I. Geochemical evolution of the plume: Journal of Contaminant Hydrology, v. 53, pp. 369-385.",
ds_10,x9607,9607II,9/11/1996,WI,11.05,105,xLO020,14DEtBz_mgL,,0.00018,xLGC01,"Bekins, B.A., I.M. Cozzarelli, E.M. Godsy, E. Warren, H.I. Essaid, and M.E. Tuccillo, 2001, Progression of natural attenuation processes at a crude oil spill site II. Controls on spatial distribution of microbial populations, J. Contam. Hydrol., 53:387-406.; Cozzarelli, I.M., Bekins, B.A., Baedecker, M.J., Aiken, G.R., Eaganhouse, R.P., and Tuccillo, m.E., 2001, Progression of natural attenuation processes at a crude-oil spill site--I. Geochemical evolution of the plume: Journal of Contaminant Hydrology, v. 53, pp. 369-385.",
ds_10,x9607,9607II,9/11/1996,WI,11.05,105,xLO056,nButylBz_mgL,,0,xLGC01,"Bekins, B.A., I.M. Cozzarelli, E.M. Godsy, E. Warren, H.I. Essaid, and M.E. Tuccillo, 2001, Progression of natural attenuation processes at a crude oil spill site II. Controls on spatial distribution of microbial populations, J. Contam. Hydrol., 53:387-406.; Cozzarelli, I.M., Bekins, B.A., Baedecker, M.J., Aiken, G.R., Eaganhouse, R.P., and Tuccillo, m.E., 2001, Progression of natural attenuation processes at a crude-oil spill site--I. Geochemical evolution of the plume: Journal of Contaminant Hydrology, v. 53, pp. 369-385.",
ds_10,x9607,9607II,9/11/1996,WI,11.05,105,xLO019,13DMe5EtBz_mgL,,0,xLGC01,"Bekins, B.A., I.M. Cozzarelli, E.M. Godsy, E. Warren, H.I. Essaid, and M.E. Tuccillo, 2001, Progression of natural attenuation processes at a crude oil spill site II. Controls on spatial distribution of microbial populations, J. Contam. Hydrol., 53:387-406.; Cozzarelli, I.M., Bekins, B.A., Baedecker, M.J., Aiken, G.R., Eaganhouse, R.P., and Tuccillo, m.E., 2001, Progression of natural attenuation processes at a crude-oil spill site--I. Geochemical evolution of the plume: Journal of Contaminant Hydrology, v. 53, pp. 369-385.",
ds_10,x9607,9607II,9/11/1996,WI,11.05,105,xLO011,12DEtBz_mgL,,0,xLGC01,"Bekins, B.A., I.M. Cozzarelli, E.M. Godsy, E. Warren, H.I. Essaid, and M.E. Tuccillo, 2001, Progression of natural attenuation processes at a crude oil spill site II. Controls on spatial distribution of microbial populations, J. Contam. Hydrol., 53:387-406.; Cozzarelli, I.M., Bekins, B.A., Baedecker, M.J., Aiken, G.R., Eaganhouse, R.P., and Tuccillo, m.E., 2001, Progression of natural attenuation processes at a crude-oil spill site--I. Geochemical evolution of the plume: Journal of Contaminant Hydrology, v. 53, pp. 369-385.",
ds_10,x9608,9608,9/12/1996,WI,8.76,105,xLS438,1Et2MeBz_mgL,,0.0028,xLGC01,"Bekins, B.A., I.M. Cozzarelli, E.M. Godsy, E. Warren, H.I. Essaid, and M.E. Tuccillo, 2001, Progression of natural attenuation processes at a crude oil spill site II. Controls on spatial distribution of microbial populations, J. Contam. Hydrol., 53:387-406.; Cozzarelli, I.M., Bekins, B.A., Baedecker, M.J., Aiken, G.R., Eaganhouse, R.P., and Tuccillo, m.E., 2001, Progression of natural attenuation processes at a crude-oil spill site--I. Geochemical evolution of the plume: Journal of Contaminant Hydrology, v. 53, pp. 369-385.",
ds_10,x9608,9608,9/12/1996,WI,8.76,120,xLS438,1Et2MeBz_mgL,,0.006,xLGC01,"Bekins, B.A., I.M. Cozzarelli, E.M. Godsy, E. Warren, H.I. Essaid, and M.E. Tuccillo, 2001, Progression of natural attenuation processes at a crude oil spill site II. Controls on spatial distribution of microbial populations, J. Contam. Hydrol., 53:387-406.; Cozzarelli, I.M., Bekins, B.A., Baedecker, M.J., Aiken, G.R., Eaganhouse, R.P., and Tuccillo, m.E., 2001, Progression of natural attenuation processes at a crude-oil spill site--I. Geochemical evolution of the plume: Journal of Contaminant Hydrology, v. 53, pp. 369-385.",
ds_10,x9607,9607II,9/11/1996,WI,11.05,105,xLO023,1Me2EtBz_mgL,,6.00E-05,xLGC01,"Bekins, B.A., I.M. Cozzarelli, E.M. Godsy, E. Warren, H.I. Essaid, and M.E. Tuccillo, 2001, Progression of natural attenuation processes at a crude oil spill site II. Controls on spatial distribution of microbial populations, J. Contam. Hydrol., 53:387-406.; Cozzarelli, I.M., Bekins, B.A., Baedecker, M.J., Aiken, G.R., Eaganhouse, R.P., and Tuccillo, m.E., 2001, Progression of natural attenuation processes at a crude-oil spill site--I. Geochemical evolution of the plume: Journal of Contaminant Hydrology, v. 53, pp. 369-385.",
ds_10,x9608,9608,9/12/1996,WI,8.76,135,xLS438,1Et2MeBz_mgL,,0.0094,xLGC01,"Bekins, B.A., I.M. Cozzarelli, E.M. Godsy, E. Warren, H.I. Essaid, and M.E. Tuccillo, 2001, Progression of natural attenuation processes at a crude oil spill site II. Controls on spatial distribution of microbial populations, J. Contam. Hydrol., 53:387-406.; Cozzarelli, I.M., Bekins, B.A., Baedecker, M.J., Aiken, G.R., Eaganhouse, R.P., and Tuccillo, m.E., 2001, Progression of natural attenuation processes at a crude-oil spill site--I. Geochemical evolution of the plume: Journal of Contaminant Hydrology, v. 53, pp. 369-385.",
ds_10,x9608,9608,9/12/1996,WI,8.76,165,xLS438,1Et2MeBz_mgL,,0.0098,xLGC01,"Bekins, B.A., I.M. Cozzarelli, E.M. Godsy, E. Warren, H.I. Essaid, and M.E. Tuccillo, 2001, Progression of natural attenuation processes at a crude oil spill site II. Controls on spatial distribution of microbial populations, J. Contam. Hydrol., 53:387-406.; Cozzarelli, I.M., Bekins, B.A., Baedecker, M.J., Aiken, G.R., Eaganhouse, R.P., and Tuccillo, m.E., 2001, Progression of natural attenuation processes at a crude-oil spill site--I. Geochemical evolution of the plume: Journal of Contaminant Hydrology, v. 53, pp. 369-385.",
ds_10,x9607,9607II,9/11/1996,WI,11.05,105,xLO021,14DMe2EtBz_mgL,,0,xLGC01,"Bekins, B.A., I.M. Cozzarelli, E.M. Godsy, E. Warren, H.I. Essaid, and M.E. Tuccillo, 2001, Progression of natural attenuation processes at a crude oil spill site II. Controls on spatial distribution of microbial populations, J. Contam. Hydrol., 53:387-406.; Cozzarelli, I.M., Bekins, B.A., Baedecker, M.J., Aiken, G.R., Eaganhouse, R.P., and Tuccillo, m.E., 2001, Progression of natural attenuation processes at a crude-oil spill site--I. Geochemical evolution of the plume: Journal of Contaminant Hydrology, v. 53, pp. 369-385.",
ds_10,x9609,9609,9/12/1996,WI,8.76,15,xLS438,1Et2MeBz_mgL,,0.0558,xLGC01,"Bekins, B.A., I.M. Cozzarelli, E.M. Godsy, E. Warren, H.I. Essaid, and M.E. Tuccillo, 2001, Progression of natural attenuation processes at a crude oil spill site II. Controls on spatial distribution of microbial populations, J. Contam. Hydrol., 53:387-406.; Cozzarelli, I.M., Bekins, B.A., Baedecker, M.J., Aiken, G.R., Eaganhouse, R.P., and Tuccillo, m.E., 2001, Progression of natural attenuation processes at a crude-oil spill site--I. Geochemical evolution of the plume: Journal of Contaminant Hydrology, v. 53, pp. 369-385.",
ds_10,x9609,9609,9/12/1996,WI,8.76,30,xLS438,1Et2MeBz_mgL,,0.0696,xLGC01,"Bekins, B.A., I.M. Cozzarelli, E.M. Godsy, E. Warren, H.I. Essaid, and M.E. Tuccillo, 2001, Progression of natural attenuation processes at a crude oil spill site II. Controls on spatial distribution of microbial populations, J. Contam. Hydrol., 53:387-406.; Cozzarelli, I.M., Bekins, B.A., Baedecker, M.J., Aiken, G.R., Eaganhouse, R.P., and Tuccillo, m.E., 2001, Progression of natural attenuation processes at a crude-oil spill site--I. Geochemical evolution of the plume: Journal of Contaminant Hydrology, v. 53, pp. 369-385.",
ds_10,x9607,9607II,9/11/1996,WI,11.05,105,xLO018,13DMe4EtBz_mgL,,0,xLGC01,"Bekins, B.A., I.M. Cozzarelli, E.M. Godsy, E. Warren, H.I. Essaid, and M.E. Tuccillo, 2001, Progression of natural attenuation processes at a crude oil spill site II. Controls on spatial distribution of microbial populations, J. Contam. Hydrol., 53:387-406.; Cozzarelli, I.M., Bekins, B.A., Baedecker, M.J., Aiken, G.R., Eaganhouse, R.P., and Tuccillo, m.E., 2001, Progression of natural attenuation processes at a crude-oil spill site--I. Geochemical evolution of the plume: Journal of Contaminant Hydrology, v. 53, pp. 369-385.",
ds_10,x9607,9607II,9/11/1996,WI,11.05,105,xLO013,12DMe4EtBz_mgL,,0,xLGC01,"Bekins, B.A., I.M. Cozzarelli, E.M. Godsy, E. Warren, H.I. Essaid, and M.E. Tuccillo, 2001, Progression of natural attenuation processes at a crude oil spill site II. Controls on spatial distribution of microbial populations, J. Contam. Hydrol., 53:387-406.; Cozzarelli, I.M., Bekins, B.A., Baedecker, M.J., Aiken, G.R., Eaganhouse, R.P., and Tuccillo, m.E., 2001, Progression of natural attenuation processes at a crude-oil spill site--I. Geochemical evolution of the plume: Journal of Contaminant Hydrology, v. 53, pp. 369-385.",
ds_10,x9607,9607II,9/11/1996,WI,11.05,105,xLO017,13DMe2EtBz_mgL,,2.00E-04,xLGC01,"Bekins, B.A., I.M. Cozzarelli, E.M. Godsy, E. Warren, H.I. Essaid, and M.E. Tuccillo, 2001, Progression of natural attenuation processes at a crude oil spill site II. Controls on spatial distribution of microbial populations, J. Contam. Hydrol., 53:387-406.; Cozzarelli, I.M., Bekins, B.A., Baedecker, M.J., Aiken, G.R., Eaganhouse, R.P., and Tuccillo, m.E., 2001, Progression of natural attenuation processes at a crude-oil spill site--I. Geochemical evolution of the plume: Journal of Contaminant Hydrology, v. 53, pp. 369-385.",
ds_10,x9607,9607II,9/11/1996,WI,11.05,105,xLO012,12DMe3EtBz_mgL,,0,xLGC01,"Bekins, B.A., I.M. Cozzarelli, E.M. Godsy, E. Warren, H.I. Essaid, and M.E. Tuccillo, 2001, Progression of natural attenuation processes at a crude oil spill site II. Controls on spatial distribution of microbial populations, J. Contam. Hydrol., 53:387-406.; Cozzarelli, I.M., Bekins, B.A., Baedecker, M.J., Aiken, G.R., Eaganhouse, R.P., and Tuccillo, m.E., 2001, Progression of natural attenuation processes at a crude-oil spill site--I. Geochemical evolution of the plume: Journal of Contaminant Hydrology, v. 53, pp. 369-385.",
ds_10,x9607,9607II,9/11/1996,WI,11.05,105,xLO008,1245TMeBz_mgL,,0,xLGC01,"Bekins, B.A., I.M. Cozzarelli, E.M. Godsy, E. Warren, H.I. Essaid, and M.E. Tuccillo, 2001, Progression of natural attenuation processes at a crude oil spill site II. Controls on spatial distribution of microbial populations, J. Contam. Hydrol., 53:387-406.; Cozzarelli, I.M., Bekins, B.A., Baedecker, M.J., Aiken, G.R., Eaganhouse, R.P., and Tuccillo, m.E., 2001, Progression of natural attenuation processes at a crude-oil spill site--I. Geochemical evolution of the plume: Journal of Contaminant Hydrology, v. 53, pp. 369-385.",
ds_10,x9607,9607II,9/11/1996,WI,11.05,105,xLO004,1235TMeBz_mgL,,0,xLGC01,"Bekins, B.A., I.M. Cozzarelli, E.M. Godsy, E. Warren, H.I. Essaid, and M.E. Tuccillo, 2001, Progression of natural attenuation processes at a crude oil spill site II. Controls on spatial distribution of microbial populations, J. Contam. Hydrol., 53:387-406.; Cozzarelli, I.M., Bekins, B.A., Baedecker, M.J., Aiken, G.R., Eaganhouse, R.P., and Tuccillo, m.E., 2001, Progression of natural attenuation processes at a crude-oil spill site--I. Geochemical evolution of the plume: Journal of Contaminant Hydrology, v. 53, pp. 369-385.",
ds_10,x9607,9607II,9/11/1996,WI,11.05,105,xLO002,1234TMeBz_mgL,,0,xLGC01,"Bekins, B.A., I.M. Cozzarelli, E.M. Godsy, E. Warren, H.I. Essaid, and M.E. Tuccillo, 2001, Progression of natural attenuation processes at a crude oil spill site II. Controls on spatial distribution of microbial populations, J. Contam. Hydrol., 53:387-406.; Cozzarelli, I.M., Bekins, B.A., Baedecker, M.J., Aiken, G.R., Eaganhouse, R.P., and Tuccillo, m.E., 2001, Progression of natural attenuation processes at a crude-oil spill site--I. Geochemical evolution of the plume: Journal of Contaminant Hydrology, v. 53, pp. 369-385.",
ds_10,x9607,9607II,9/11/1996,WI,11.05,105,xLO035,BTEX_mgL,,0.00162,xLCA03,"Bekins, B.A., I.M. Cozzarelli, E.M. Godsy, E. Warren, H.I. Essaid, and M.E. Tuccillo, 2001, Progression of natural attenuation processes at a crude oil spill site II. Controls on spatial distribution of microbial populations, J. Contam. Hydrol., 53:387-406.; Cozzarelli, I.M., Bekins, B.A., Baedecker, M.J., Aiken, G.R., Eaganhouse, R.P., and Tuccillo, m.E., 2001, Progression of natural attenuation processes at a crude-oil spill site--I. Geochemical evolution of the plume: Journal of Contaminant Hydrology, v. 53, pp. 369-385.",
ds_10,x9607,9607II,9/11/1996,WI,11.05,105,xLS439,1Et3MeBz_mgL,,2.00E-05,xLGC01,"Bekins, B.A., I.M. Cozzarelli, E.M. Godsy, E. Warren, H.I. Essaid, and M.E. Tuccillo, 2001, Progression of natural attenuation processes at a crude oil spill site II. Controls on spatial distribution of microbial populations, J. Contam. Hydrol., 53:387-406.; Cozzarelli, I.M., Bekins, B.A., Baedecker, M.J., Aiken, G.R., Eaganhouse, R.P., and Tuccillo, m.E., 2001, Progression of natural attenuation processes at a crude-oil spill site--I. Geochemical evolution of the plume: Journal of Contaminant Hydrology, v. 53, pp. 369-385.",
ds_10,x9607,9607II,9/11/1996,WI,11.05,105,xLS440,1Et4MeBz_mgL,,0,xLGC01,"Bekins, B.A., I.M. Cozzarelli, E.M. Godsy, E. Warren, H.I. Essaid, and M.E. Tuccillo, 2001, Progression of natural attenuation processes at a crude oil spill site II. Controls on spatial distribution of microbial populations, J. Contam. Hydrol., 53:387-406.; Cozzarelli, I.M., Bekins, B.A., Baedecker, M.J., Aiken, G.R., Eaganhouse, R.P., and Tuccillo, m.E., 2001, Progression of natural attenuation processes at a crude-oil spill site--I. Geochemical evolution of the plume: Journal of Contaminant Hydrology, v. 53, pp. 369-385.",
ds_10,x9607,9607II,9/11/1996,WI,11.05,105,xLS441,1MePrBz_mgL,,1.00E-04,xLGC01,"Bekins, B.A., I.M. Cozzarelli, E.M. Godsy, E. Warren, H.I. Essaid, and M.E. Tuccillo, 2001, Progression of natural attenuation processes at a crude oil spill site II. Controls on spatial distribution of microbial populations, J. Contam. Hydrol., 53:387-406.; Cozzarelli, I.M., Bekins, B.A., Baedecker, M.J., Aiken, G.R., Eaganhouse, R.P., and Tuccillo, m.E., 2001, Progression of natural attenuation processes at a crude-oil spill site--I. Geochemical evolution of the plume: Journal of Contaminant Hydrology, v. 53, pp. 369-385.",
ds_10,x9607,9607II,9/11/1996,WI,11.05,105,xLS442,2MePrBz_mgL,,0,xLGC01,"Bekins, B.A., I.M. Cozzarelli, E.M. Godsy, E. Warren, H.I. Essaid, and M.E. Tuccillo, 2001, Progression of natural attenuation processes at a crude oil spill site II. Controls on spatial distribution of microbial populations, J. Contam. Hydrol., 53:387-406.; Cozzarelli, I.M., Bekins, B.A., Baedecker, M.J., Aiken, G.R., Eaganhouse, R.P., and Tuccillo, m.E., 2001, Progression of natural attenuation processes at a crude-oil spill site--I. Geochemical evolution of the plume: Journal of Contaminant Hydrology, v. 53, pp. 369-385.",
ds_10,x9607,9607II,9/11/1996,WI,11.05,105,xLD443,TotAlkylBz_mgL,,0.00314,xLCA06,"Bekins, B.A., I.M. Cozzarelli, E.M. Godsy, E. Warren, H.I. Essaid, and M.E. Tuccillo, 2001, Progression of natural attenuation processes at a crude oil spill site II. Controls on spatial distribution of microbial populations, J. Contam. Hydrol., 53:387-406.; Cozzarelli, I.M., Bekins, B.A., Baedecker, M.J., Aiken, G.R., Eaganhouse, R.P., and Tuccillo, m.E., 2001, Progression of natural attenuation processes at a crude-oil spill site--I. Geochemical evolution of the plume: Journal of Contaminant Hydrology, v. 53, pp. 369-385.",
ds_10,x9607,9607II,9/11/1996,WI,11.05,120,xLS437,11DiMeEtBz_mgL,,0,xLGC01,"Bekins, B.A., I.M. Cozzarelli, E.M. Godsy, E. Warren, H.I. Essaid, and M.E. Tuccillo, 2001, Progression of natural attenuation processes at a crude oil spill site II. Controls on spatial distribution of microbial populations, J. Contam. Hydrol., 53:387-406.; Cozzarelli, I.M., Bekins, B.A., Baedecker, M.J., Aiken, G.R., Eaganhouse, R.P., and Tuccillo, m.E., 2001, Progression of natural attenuation processes at a crude-oil spill site--I. Geochemical evolution of the plume: Journal of Contaminant Hydrology, v. 53, pp. 369-385.",
ds_10,x9607,9607II,9/11/1996,WI,11.05,120,xLS438,1Et2MeBz_mgL,,0.00012,xLGC01,"Bekins, B.A., I.M. Cozzarelli, E.M. Godsy, E. Warren, H.I. Essaid, and M.E. Tuccillo, 2001, Progression of natural attenuation processes at a crude oil spill site II. Controls on spatial distribution of microbial populations, J. Contam. Hydrol., 53:387-406.; Cozzarelli, I.M., Bekins, B.A., Baedecker, M.J., Aiken, G.R., Eaganhouse, R.P., and Tuccillo, m.E., 2001, Progression of natural attenuation processes at a crude-oil spill site--I. Geochemical evolution of the plume: Journal of Contaminant Hydrology, v. 53, pp. 369-385.",
ds_10,x9607,9607II,9/11/1996,WI,11.05,120,x46123,Fe_2_mgL,,0.07,xLC006,"Bekins, B.A., I.M. Cozzarelli, E.M. Godsy, E. Warren, H.I. Essaid, and M.E. Tuccillo, 2001, Progression of natural attenuation processes at a crude oil spill site II. Controls on spatial distribution of microbial populations, J. Contam. Hydrol., 53:387-406.; Cozzarelli, I.M., Bekins, B.A., Baedecker, M.J., Aiken, G.R., Eaganhouse, R.P., and Tuccillo, m.E., 2001, Progression of natural attenuation processes at a crude-oil spill site--I. Geochemical evolution of the plume: Journal of Contaminant Hydrology, v. 53, pp. 369-385.",
ds_10,x9607,9607II,9/11/1996,WI,11.05,120,x68831,CH4_mgL,,0.092,xLC005,"Bekins, B.A., I.M. Cozzarelli, E.M. Godsy, E. Warren, H.I. Essaid, and M.E. Tuccillo, 2001, Progression of natural attenuation processes at a crude oil spill site II. Controls on spatial distribution of microbial populations, J. Contam. Hydrol., 53:387-406.; Cozzarelli, I.M., Bekins, B.A., Baedecker, M.J., Aiken, G.R., Eaganhouse, R.P., and Tuccillo, m.E., 2001, Progression of natural attenuation processes at a crude-oil spill site--I. Geochemical evolution of the plume: Journal of Contaminant Hydrology, v. 53, pp. 369-385.",
ds_10,x9607,9607II,9/11/1996,WI,11.05,120,xLO037,Bz_mgL,,0.007,xLGC01,"Bekins, B.A., I.M. Cozzarelli, E.M. Godsy, E. Warren, H.I. Essaid, and M.E. Tuccillo, 2001, Progression of natural attenuation processes at a crude oil spill site II. Controls on spatial distribution of microbial populations, J. Contam. Hydrol., 53:387-406.; Cozzarelli, I.M., Bekins, B.A., Baedecker, M.J., Aiken, G.R., Eaganhouse, R.P., and Tuccillo, m.E., 2001, Progression of natural attenuation processes at a crude-oil spill site--I. Geochemical evolution of the plume: Journal of Contaminant Hydrology, v. 53, pp. 369-385.",
ds_10,x9607,9607II,9/11/1996,WI,11.05,120,xLO073,Tol_mgL,,0.0015,xLGC01,"Bekins, B.A., I.M. Cozzarelli, E.M. Godsy, E. Warren, H.I. Essaid, and M.E. Tuccillo, 2001, Progression of natural attenuation processes at a crude oil spill site II. Controls on spatial distribution of microbial populations, J. Contam. Hydrol., 53:387-406.; Cozzarelli, I.M., Bekins, B.A., Baedecker, M.J., Aiken, G.R., Eaganhouse, R.P., and Tuccillo, m.E., 2001, Progression of natural attenuation processes at a crude-oil spill site--I. Geochemical evolution of the plume: Journal of Contaminant Hydrology, v. 53, pp. 369-385.",
ds_10,x9607,9607II,9/11/1996,WI,11.05,120,xLO042,EtBz_mgL,,1.00E-04,xLGC01,"Bekins, B.A., I.M. Cozzarelli, E.M. Godsy, E. Warren, H.I. Essaid, and M.E. Tuccillo, 2001, Progression of natural attenuation processes at a crude oil spill site II. Controls on spatial distribution of microbial populations, J. Contam. Hydrol., 53:387-406.; Cozzarelli, I.M., Bekins, B.A., Baedecker, M.J., Aiken, G.R., Eaganhouse, R.P., and Tuccillo, m.E., 2001, Progression of natural attenuation processes at a crude-oil spill site--I. Geochemical evolution of the plume: Journal of Contaminant Hydrology, v. 53, pp. 369-385.",
ds_10,x9607,9607II,9/11/1996,WI,11.05,120,xLO052,mpxyl_mgL,,0.00042,xLGC01,"Bekins, B.A., I.M. Cozzarelli, E.M. Godsy, E. Warren, H.I. Essaid, and M.E. Tuccillo, 2001, Progression of natural attenuation processes at a crude oil spill site II. Controls on spatial distribution of microbial populations, J. Contam. Hydrol., 53:387-406.; Cozzarelli, I.M., Bekins, B.A., Baedecker, M.J., Aiken, G.R., Eaganhouse, R.P., and Tuccillo, m.E., 2001, Progression of natural attenuation processes at a crude-oil spill site--I. Geochemical evolution of the plume: Journal of Contaminant Hydrology, v. 53, pp. 369-385.",
ds_10,x9609,9609,9/12/1996,WI,8.76,45,xLS438,1Et2MeBz_mgL,,0.0428,xLGC01,"Bekins, B.A., I.M. Cozzarelli, E.M. Godsy, E. Warren, H.I. Essaid, and M.E. Tuccillo, 2001, Progression of natural attenuation processes at a crude oil spill site II. Controls on spatial distribution of microbial populations, J. Contam. Hydrol., 53:387-406.; Cozzarelli, I.M., Bekins, B.A., Baedecker, M.J., Aiken, G.R., Eaganhouse, R.P., and Tuccillo, m.E., 2001, Progression of natural attenuation processes at a crude-oil spill site--I. Geochemical evolution of the plume: Journal of Contaminant Hydrology, v. 53, pp. 369-385.",
ds_10,x9607,9607II,9/11/1996,WI,11.05,120,xLO067,oxyl_mgL,,2.00E-05,xLGC01,"Bekins, B.A., I.M. Cozzarelli, E.M. Godsy, E. Warren, H.I. Essaid, and M.E. Tuccillo, 2001, Progression of natural attenuation processes at a crude oil spill site II. Controls on spatial distribution of microbial populations, J. Contam. Hydrol., 53:387-406.; Cozzarelli, I.M., Bekins, B.A., Baedecker, M.J., Aiken, G.R., Eaganhouse, R.P., and Tuccillo, m.E., 2001, Progression of natural attenuation processes at a crude-oil spill site--I. Geochemical evolution of the plume: Journal of Contaminant Hydrology, v. 53, pp. 369-385.",
ds_10,x9607,9607II,9/11/1996,WI,11.05,120,xLO050,IsoPrBz_mgL,,0.00016,xLGC01,"Bekins, B.A., I.M. Cozzarelli, E.M. Godsy, E. Warren, H.I. Essaid, and M.E. Tuccillo, 2001, Progression of natural attenuation processes at a crude oil spill site II. Controls on spatial distribution of microbial populations, J. Contam. Hydrol., 53:387-406.; Cozzarelli, I.M., Bekins, B.A., Baedecker, M.J., Aiken, G.R., Eaganhouse, R.P., and Tuccillo, m.E., 2001, Progression of natural attenuation processes at a crude-oil spill site--I. Geochemical evolution of the plume: Journal of Contaminant Hydrology, v. 53, pp. 369-385.",
ds_10,x9607,9607II,9/11/1996,WI,11.05,120,xLO064,nPrBz_mgL,,0,xLGC01,"Bekins, B.A., I.M. Cozzarelli, E.M. Godsy, E. Warren, H.I. Essaid, and M.E. Tuccillo, 2001, Progression of natural attenuation processes at a crude oil spill site II. Controls on spatial distribution of microbial populations, J. Contam. Hydrol., 53:387-406.; Cozzarelli, I.M., Bekins, B.A., Baedecker, M.J., Aiken, G.R., Eaganhouse, R.P., and Tuccillo, m.E., 2001, Progression of natural attenuation processes at a crude-oil spill site--I. Geochemical evolution of the plume: Journal of Contaminant Hydrology, v. 53, pp. 369-385.",
ds_10,x9607,9607II,9/11/1996,WI,11.05,120,xLO015,135TMeBz_mgL,,0.00016,xLGC01,"Bekins, B.A., I.M. Cozzarelli, E.M. Godsy, E. Warren, H.I. Essaid, and M.E. Tuccillo, 2001, Progression of natural attenuation processes at a crude oil spill site II. Controls on spatial distribution of microbial populations, J. Contam. Hydrol., 53:387-406.; Cozzarelli, I.M., Bekins, B.A., Baedecker, M.J., Aiken, G.R., Eaganhouse, R.P., and Tuccillo, m.E., 2001, Progression of natural attenuation processes at a crude-oil spill site--I. Geochemical evolution of the plume: Journal of Contaminant Hydrology, v. 53, pp. 369-385.",
ds_10,x9607,9607II,9/11/1996,WI,11.05,120,xLO010,124TMeBz_mgL,,0,xLGC01,"Bekins, B.A., I.M. Cozzarelli, E.M. Godsy, E. Warren, H.I. Essaid, and M.E. Tuccillo, 2001, Progression of natural attenuation processes at a crude oil spill site II. Controls on spatial distribution of microbial populations, J. Contam. Hydrol., 53:387-406.; Cozzarelli, I.M., Bekins, B.A., Baedecker, M.J., Aiken, G.R., Eaganhouse, R.P., and Tuccillo, m.E., 2001, Progression of natural attenuation processes at a crude-oil spill site--I. Geochemical evolution of the plume: Journal of Contaminant Hydrology, v. 53, pp. 369-385.",
ds_10,x9607,9607II,9/11/1996,WI,11.05,120,xLO006,123TMeBz_mgL,,2.00E-05,xLGC01,"Bekins, B.A., I.M. Cozzarelli, E.M. Godsy, E. Warren, H.I. Essaid, and M.E. Tuccillo, 2001, Progression of natural attenuation processes at a crude oil spill site II. Controls on spatial distribution of microbial populations, J. Contam. Hydrol., 53:387-406.; Cozzarelli, I.M., Bekins, B.A., Baedecker, M.J., Aiken, G.R., Eaganhouse, R.P., and Tuccillo, m.E., 2001, Progression of natural attenuation processes at a crude-oil spill site--I. Geochemical evolution of the plume: Journal of Contaminant Hydrology, v. 53, pp. 369-385.",
ds_10,x9607,9607II,9/11/1996,WI,11.05,120,xLO027,1Me3IsoPrBz_mgL,,0.00032,xLGC01,"Bekins, B.A., I.M. Cozzarelli, E.M. Godsy, E. Warren, H.I. Essaid, and M.E. Tuccillo, 2001, Progression of natural attenuation processes at a crude oil spill site II. Controls on spatial distribution of microbial populations, J. Contam. Hydrol., 53:387-406.; Cozzarelli, I.M., Bekins, B.A., Baedecker, M.J., Aiken, G.R., Eaganhouse, R.P., and Tuccillo, m.E., 2001, Progression of natural attenuation processes at a crude-oil spill site--I. Geochemical evolution of the plume: Journal of Contaminant Hydrology, v. 53, pp. 369-385.",
ds_10,x9607,9607II,9/11/1996,WI,11.05,120,xLO030,1Me4IsoPrBz_mgL,,0.00026,xLGC01,"Bekins, B.A., I.M. Cozzarelli, E.M. Godsy, E. Warren, H.I. Essaid, and M.E. Tuccillo, 2001, Progression of natural attenuation processes at a crude oil spill site II. Controls on spatial distribution of microbial populations, J. Contam. Hydrol., 53:387-406.; Cozzarelli, I.M., Bekins, B.A., Baedecker, M.J., Aiken, G.R., Eaganhouse, R.P., and Tuccillo, m.E., 2001, Progression of natural attenuation processes at a crude-oil spill site--I. Geochemical evolution of the plume: Journal of Contaminant Hydrology, v. 53, pp. 369-385.",
ds_10,x9607,9607II,9/11/1996,WI,11.05,120,xLO024,1Me2IsoPrBz_mgL,,1.00E-04,xLGC01,"Bekins, B.A., I.M. Cozzarelli, E.M. Godsy, E. Warren, H.I. Essaid, and M.E. Tuccillo, 2001, Progression of natural attenuation processes at a crude oil spill site II. Controls on spatial distribution of microbial populations, J. Contam. Hydrol., 53:387-406.; Cozzarelli, I.M., Bekins, B.A., Baedecker, M.J., Aiken, G.R., Eaganhouse, R.P., and Tuccillo, m.E., 2001, Progression of natural attenuation processes at a crude-oil spill site--I. Geochemical evolution of the plume: Journal of Contaminant Hydrology, v. 53, pp. 369-385.",
ds_10,x9609,9609,9/12/1996,WI,8.76,60,xLS438,1Et2MeBz_mgL,,0.0644,xLGC01,"Bekins, B.A., I.M. Cozzarelli, E.M. Godsy, E. Warren, H.I. Essaid, and M.E. Tuccillo, 2001, Progression of natural attenuation processes at a crude oil spill site II. Controls on spatial distribution of microbial populations, J. Contam. Hydrol., 53:387-406.; Cozzarelli, I.M., Bekins, B.A., Baedecker, M.J., Aiken, G.R., Eaganhouse, R.P., and Tuccillo, m.E., 2001, Progression of natural attenuation processes at a crude-oil spill site--I. Geochemical evolution of the plume: Journal of Contaminant Hydrology, v. 53, pp. 369-385.",
ds_10,x9609,9609,9/12/1996,WI,8.76,75,xLS438,1Et2MeBz_mgL,,0.0682,xLGC01,"Bekins, B.A., I.M. Cozzarelli, E.M. Godsy, E. Warren, H.I. Essaid, and M.E. Tuccillo, 2001, Progression of natural attenuation processes at a crude oil spill site II. Controls on spatial distribution of microbial populations, J. Contam. Hydrol., 53:387-406.; Cozzarelli, I.M., Bekins, B.A., Baedecker, M.J., Aiken, G.R., Eaganhouse, R.P., and Tuccillo, m.E., 2001, Progression of natural attenuation processes at a crude-oil spill site--I. Geochemical evolution of the plume: Journal of Contaminant Hydrology, v. 53, pp. 369-385.",
ds_10,x9607,9607II,9/11/1996,WI,11.05,120,xLO016,13DEtBz_mgL,,0,xLGC01,"Bekins, B.A., I.M. Cozzarelli, E.M. Godsy, E. Warren, H.I. Essaid, and M.E. Tuccillo, 2001, Progression of natural attenuation processes at a crude oil spill site II. Controls on spatial distribution of microbial populations, J. Contam. Hydrol., 53:387-406.; Cozzarelli, I.M., Bekins, B.A., Baedecker, M.J., Aiken, G.R., Eaganhouse, R.P., and Tuccillo, m.E., 2001, Progression of natural attenuation processes at a crude-oil spill site--I. Geochemical evolution of the plume: Journal of Contaminant Hydrology, v. 53, pp. 369-385.",
ds_10,x9609,9609,9/12/1996,WI,8.76,90,xLS438,1Et2MeBz_mgL,,0.057,xLGC01,"Bekins, B.A., I.M. Cozzarelli, E.M. Godsy, E. Warren, H.I. Essaid, and M.E. Tuccillo, 2001, Progression of natural attenuation processes at a crude oil spill site II. Controls on spatial distribution of microbial populations, J. Contam. Hydrol., 53:387-406.; Cozzarelli, I.M., Bekins, B.A., Baedecker, M.J., Aiken, G.R., Eaganhouse, R.P., and Tuccillo, m.E., 2001, Progression of natural attenuation processes at a crude-oil spill site--I. Geochemical evolution of the plume: Journal of Contaminant Hydrology, v. 53, pp. 369-385.",
ds_10,x9609,9609,9/12/1996,WI,8.76,105,xLS438,1Et2MeBz_mgL,,0.0431,xLGC01,"Bekins, B.A., I.M. Cozzarelli, E.M. Godsy, E. Warren, H.I. Essaid, and M.E. Tuccillo, 2001, Progression of natural attenuation processes at a crude oil spill site II. Controls on spatial distribution of microbial populations, J. Contam. Hydrol., 53:387-406.; Cozzarelli, I.M., Bekins, B.A., Baedecker, M.J., Aiken, G.R., Eaganhouse, R.P., and Tuccillo, m.E., 2001, Progression of natural attenuation processes at a crude-oil spill site--I. Geochemical evolution of the plume: Journal of Contaminant Hydrology, v. 53, pp. 369-385.",
ds_10,x9607,9607II,9/11/1996,WI,11.05,120,xLO028,1Me3PrBz_mgL,,0,xLGC01,"Bekins, B.A., I.M. Cozzarelli, E.M. Godsy, E. Warren, H.I. Essaid, and M.E. Tuccillo, 2001, Progression of natural attenuation processes at a crude oil spill site II. Controls on spatial distribution of microbial populations, J. Contam. Hydrol., 53:387-406.; Cozzarelli, I.M., Bekins, B.A., Baedecker, M.J., Aiken, G.R., Eaganhouse, R.P., and Tuccillo, m.E., 2001, Progression of natural attenuation processes at a crude-oil spill site--I. Geochemical evolution of the plume: Journal of Contaminant Hydrology, v. 53, pp. 369-385.",
ds_10,x9609,9609,9/12/1996,WI,8.76,120,xLS438,1Et2MeBz_mgL,,0.0162,xLGC01,"Bekins, B.A., I.M. Cozzarelli, E.M. Godsy, E. Warren, H.I. Essaid, and M.E. Tuccillo, 2001, Progression of natural attenuation processes at a crude oil spill site II. Controls on spatial distribution of microbial populations, J. Contam. Hydrol., 53:387-406.; Cozzarelli, I.M., Bekins, B.A., Baedecker, M.J., Aiken, G.R., Eaganhouse, R.P., and Tuccillo, m.E., 2001, Progression of natural attenuation processes at a crude-oil spill site--I. Geochemical evolution of the plume: Journal of Contaminant Hydrology, v. 53, pp. 369-385.",
ds_10,x9609,9609,9/12/1996,WI,8.76,135,xLS438,1Et2MeBz_mgL,,0.0045,xLGC01,"Bekins, B.A., I.M. Cozzarelli, E.M. Godsy, E. Warren, H.I. Essaid, and M.E. Tuccillo, 2001, Progression of natural attenuation processes at a crude oil spill site II. Controls on spatial distribution of microbial populations, J. Contam. Hydrol., 53:387-406.; Cozzarelli, I.M., Bekins, B.A., Baedecker, M.J., Aiken, G.R., Eaganhouse, R.P., and Tuccillo, m.E., 2001, Progression of natural attenuation processes at a crude-oil spill site--I. Geochemical evolution of the plume: Journal of Contaminant Hydrology, v. 53, pp. 369-385.",
ds_10,x9607,9607II,9/11/1996,WI,11.05,120,xLO031,1Me4PrBz_mgL,,0.00016,xLGC01,"Bekins, B.A., I.M. Cozzarelli, E.M. Godsy, E. Warren, H.I. Essaid, and M.E. Tuccillo, 2001, Progression of natural attenuation processes at a crude oil spill site II. Controls on spatial distribution of microbial populations, J. Contam. Hydrol., 53:387-406.; Cozzarelli, I.M., Bekins, B.A., Baedecker, M.J., Aiken, G.R., Eaganhouse, R.P., and Tuccillo, m.E., 2001, Progression of natural attenuation processes at a crude-oil spill site--I. Geochemical evolution of the plume: Journal of Contaminant Hydrology, v. 53, pp. 369-385.",
ds_10,x9607,9607II,9/11/1996,WI,11.05,120,xLO020,14DEtBz_mgL,,2.00E-04,xLGC01,"Bekins, B.A., I.M. Cozzarelli, E.M. Godsy, E. Warren, H.I. Essaid, and M.E. Tuccillo, 2001, Progression of natural attenuation processes at a crude oil spill site II. Controls on spatial distribution of microbial populations, J. Contam. Hydrol., 53:387-406.; Cozzarelli, I.M., Bekins, B.A., Baedecker, M.J., Aiken, G.R., Eaganhouse, R.P., and Tuccillo, m.E., 2001, Progression of natural attenuation processes at a crude-oil spill site--I. Geochemical evolution of the plume: Journal of Contaminant Hydrology, v. 53, pp. 369-385.",
ds_10,x9607,9607II,9/11/1996,WI,11.05,120,xLO056,nButylBz_mgL,,0.00112,xLGC01,"Bekins, B.A., I.M. Cozzarelli, E.M. Godsy, E. Warren, H.I. Essaid, and M.E. Tuccillo, 2001, Progression of natural attenuation processes at a crude oil spill site II. Controls on spatial distribution of microbial populations, J. Contam. Hydrol., 53:387-406.; Cozzarelli, I.M., Bekins, B.A., Baedecker, M.J., Aiken, G.R., Eaganhouse, R.P., and Tuccillo, m.E., 2001, Progression of natural attenuation processes at a crude-oil spill site--I. Geochemical evolution of the plume: Journal of Contaminant Hydrology, v. 53, pp. 369-385.",
ds_10,x9607,9607II,9/11/1996,WI,11.05,120,xLO019,13DMe5EtBz_mgL,,0.00022,xLGC01,"Bekins, B.A., I.M. Cozzarelli, E.M. Godsy, E. Warren, H.I. Essaid, and M.E. Tuccillo, 2001, Progression of natural attenuation processes at a crude oil spill site II. Controls on spatial distribution of microbial populations, J. Contam. Hydrol., 53:387-406.; Cozzarelli, I.M., Bekins, B.A., Baedecker, M.J., Aiken, G.R., Eaganhouse, R.P., and Tuccillo, m.E., 2001, Progression of natural attenuation processes at a crude-oil spill site--I. Geochemical evolution of the plume: Journal of Contaminant Hydrology, v. 53, pp. 369-385.",
ds_10,x9607,9607II,9/11/1996,WI,11.05,120,xLO011,12DEtBz_mgL,,4.00E-05,xLGC01,"Bekins, B.A., I.M. Cozzarelli, E.M. Godsy, E. Warren, H.I. Essaid, and M.E. Tuccillo, 2001, Progression of natural attenuation processes at a crude oil spill site II. Controls on spatial distribution of microbial populations, J. Contam. Hydrol., 53:387-406.; Cozzarelli, I.M., Bekins, B.A., Baedecker, M.J., Aiken, G.R., Eaganhouse, R.P., and Tuccillo, m.E., 2001, Progression of natural attenuation processes at a crude-oil spill site--I. Geochemical evolution of the plume: Journal of Contaminant Hydrology, v. 53, pp. 369-385.",
ds_10,x9607,9607II,9/11/1996,WI,11.05,120,xLO023,1Me2EtBz_mgL,,4.00E-05,xLGC01,"Bekins, B.A., I.M. Cozzarelli, E.M. Godsy, E. Warren, H.I. Essaid, and M.E. Tuccillo, 2001, Progression of natural attenuation processes at a crude oil spill site II. Controls on spatial distribution of microbial populations, J. Contam. Hydrol., 53:387-406.; Cozzarelli, I.M., Bekins, B.A., Baedecker, M.J., Aiken, G.R., Eaganhouse, R.P., and Tuccillo, m.E., 2001, Progression of natural attenuation processes at a crude-oil spill site--I. Geochemical evolution of the plume: Journal of Contaminant Hydrology, v. 53, pp. 369-385.",
ds_10,x9607,9607II,9/11/1996,WI,11.05,120,xLO021,14DMe2EtBz_mgL,,0,xLGC01,"Bekins, B.A., I.M. Cozzarelli, E.M. Godsy, E. Warren, H.I. Essaid, and M.E. Tuccillo, 2001, Progression of natural attenuation processes at a crude oil spill site II. Controls on spatial distribution of microbial populations, J. Contam. Hydrol., 53:387-406.; Cozzarelli, I.M., Bekins, B.A., Baedecker, M.J., Aiken, G.R., Eaganhouse, R.P., and Tuccillo, m.E., 2001, Progression of natural attenuation processes at a crude-oil spill site--I. Geochemical evolution of the plume: Journal of Contaminant Hydrology, v. 53, pp. 369-385.",
ds_10,x9607,9607II,9/11/1996,WI,11.05,120,xLO018,13DMe4EtBz_mgL,,0,xLGC01,"Bekins, B.A., I.M. Cozzarelli, E.M. Godsy, E. Warren, H.I. Essaid, and M.E. Tuccillo, 2001, Progression of natural attenuation processes at a crude oil spill site II. Controls on spatial distribution of microbial populations, J. Contam. Hydrol., 53:387-406.; Cozzarelli, I.M., Bekins, B.A., Baedecker, M.J., Aiken, G.R., Eaganhouse, R.P., and Tuccillo, m.E., 2001, Progression of natural attenuation processes at a crude-oil spill site--I. Geochemical evolution of the plume: Journal of Contaminant Hydrology, v. 53, pp. 369-385.",
ds_10,x9607,9607II,9/11/1996,WI,11.05,120,xLO013,12DMe4EtBz_mgL,,6.00E-05,xLGC01,"Bekins, B.A., I.M. Cozzarelli, E.M. Godsy, E. Warren, H.I. Essaid, and M.E. Tuccillo, 2001, Progression of natural attenuation processes at a crude oil spill site II. Controls on spatial distribution of microbial populations, J. Contam. Hydrol., 53:387-406.; Cozzarelli, I.M., Bekins, B.A., Baedecker, M.J., Aiken, G.R., Eaganhouse, R.P., and Tuccillo, m.E., 2001, Progression of natural attenuation processes at a crude-oil spill site--I. Geochemical evolution of the plume: Journal of Contaminant Hydrology, v. 53, pp. 369-385.",
ds_10,x9607,9607II,9/11/1996,WI,11.05,120,xLO017,13DMe2EtBz_mgL,,0,xLGC01,"Bekins, B.A., I.M. Cozzarelli, E.M. Godsy, E. Warren, H.I. Essaid, and M.E. Tuccillo, 2001, Progression of natural attenuation processes at a crude oil spill site II. Controls on spatial distribution of microbial populations, J. Contam. Hydrol., 53:387-406.; Cozzarelli, I.M., Bekins, B.A., Baedecker, M.J., Aiken, G.R., Eaganhouse, R.P., and Tuccillo, m.E., 2001, Progression of natural attenuation processes at a crude-oil spill site--I. Geochemical evolution of the plume: Journal of Contaminant Hydrology, v. 53, pp. 369-385.",
ds_10,x9607,9607II,9/11/1996,WI,11.05,120,xLO012,12DMe3EtBz_mgL,,0,xLGC01,"Bekins, B.A., I.M. Cozzarelli, E.M. Godsy, E. Warren, H.I. Essaid, and M.E. Tuccillo, 2001, Progression of natural attenuation processes at a crude oil spill site II. Controls on spatial distribution of microbial populations, J. Contam. Hydrol., 53:387-406.; Cozzarelli, I.M., Bekins, B.A., Baedecker, M.J., Aiken, G.R., Eaganhouse, R.P., and Tuccillo, m.E., 2001, Progression of natural attenuation processes at a crude-oil spill site--I. Geochemical evolution of the plume: Journal of Contaminant Hydrology, v. 53, pp. 369-385.",
ds_10,x9607,9607II,9/11/1996,WI,11.05,120,xLO008,1245TMeBz_mgL,,0,xLGC01,"Bekins, B.A., I.M. Cozzarelli, E.M. Godsy, E. Warren, H.I. Essaid, and M.E. Tuccillo, 2001, Progression of natural attenuation processes at a crude oil spill site II. Controls on spatial distribution of microbial populations, J. Contam. Hydrol., 53:387-406.; Cozzarelli, I.M., Bekins, B.A., Baedecker, M.J., Aiken, G.R., Eaganhouse, R.P., and Tuccillo, m.E., 2001, Progression of natural attenuation processes at a crude-oil spill site--I. Geochemical evolution of the plume: Journal of Contaminant Hydrology, v. 53, pp. 369-385.",
ds_10,x9607,9607II,9/11/1996,WI,11.05,120,xLO004,1235TMeBz_mgL,,0,xLGC01,"Bekins, B.A., I.M. Cozzarelli, E.M. Godsy, E. Warren, H.I. Essaid, and M.E. Tuccillo, 2001, Progression of natural attenuation processes at a crude oil spill site II. Controls on spatial distribution of microbial populations, J. Contam. Hydrol., 53:387-406.; Cozzarelli, I.M., Bekins, B.A., Baedecker, M.J., Aiken, G.R., Eaganhouse, R.P., and Tuccillo, m.E., 2001, Progression of natural attenuation processes at a crude-oil spill site--I. Geochemical evolution of the plume: Journal of Contaminant Hydrology, v. 53, pp. 369-385.",
ds_10,x9607,9607II,9/11/1996,WI,11.05,120,xLO002,1234TMeBz_mgL,,0.00056,xLGC01,"Bekins, B.A., I.M. Cozzarelli, E.M. Godsy, E. Warren, H.I. Essaid, and M.E. Tuccillo, 2001, Progression of natural attenuation processes at a crude oil spill site II. Controls on spatial distribution of microbial populations, J. Contam. Hydrol., 53:387-406.; Cozzarelli, I.M., Bekins, B.A., Baedecker, M.J., Aiken, G.R., Eaganhouse, R.P., and Tuccillo, m.E., 2001, Progression of natural attenuation processes at a crude-oil spill site--I. Geochemical evolution of the plume: Journal of Contaminant Hydrology, v. 53, pp. 369-385.",
ds_10,x9607,9607II,9/11/1996,WI,11.05,120,xLO035,BTEX_mgL,,0.00904,xLCA03,"Bekins, B.A., I.M. Cozzarelli, E.M. Godsy, E. Warren, H.I. Essaid, and M.E. Tuccillo, 2001, Progression of natural attenuation processes at a crude oil spill site II. Controls on spatial distribution of microbial populations, J. Contam. Hydrol., 53:387-406.; Cozzarelli, I.M., Bekins, B.A., Baedecker, M.J., Aiken, G.R., Eaganhouse, R.P., and Tuccillo, m.E., 2001, Progression of natural attenuation processes at a crude-oil spill site--I. Geochemical evolution of the plume: Journal of Contaminant Hydrology, v. 53, pp. 369-385.",
ds_10,x9607,9607II,9/11/1996,WI,11.05,120,xLS439,1Et3MeBz_mgL,,6.00E-05,xLGC01,"Bekins, B.A., I.M. Cozzarelli, E.M. Godsy, E. Warren, H.I. Essaid, and M.E. Tuccillo, 2001, Progression of natural attenuation processes at a crude oil spill site II. Controls on spatial distribution of microbial populations, J. Contam. Hydrol., 53:387-406.; Cozzarelli, I.M., Bekins, B.A., Baedecker, M.J., Aiken, G.R., Eaganhouse, R.P., and Tuccillo, m.E., 2001, Progression of natural attenuation processes at a crude-oil spill site--I. Geochemical evolution of the plume: Journal of Contaminant Hydrology, v. 53, pp. 369-385.",
ds_10,x9607,9607II,9/11/1996,WI,11.05,120,xLS440,1Et4MeBz_mgL,,2.00E-05,xLGC01,"Bekins, B.A., I.M. Cozzarelli, E.M. Godsy, E. Warren, H.I. Essaid, and M.E. Tuccillo, 2001, Progression of natural attenuation processes at a crude oil spill site II. Controls on spatial distribution of microbial populations, J. Contam. Hydrol., 53:387-406.; Cozzarelli, I.M., Bekins, B.A., Baedecker, M.J., Aiken, G.R., Eaganhouse, R.P., and Tuccillo, m.E., 2001, Progression of natural attenuation processes at a crude-oil spill site--I. Geochemical evolution of the plume: Journal of Contaminant Hydrology, v. 53, pp. 369-385.",
ds_10,x9607,9607II,9/11/1996,WI,11.05,120,xLS441,1MePrBz_mgL,,0.00012,xLGC01,"Bekins, B.A., I.M. Cozzarelli, E.M. Godsy, E. Warren, H.I. Essaid, and M.E. Tuccillo, 2001, Progression of natural attenuation processes at a crude oil spill site II. Controls on spatial distribution of microbial populations, J. Contam. Hydrol., 53:387-406.; Cozzarelli, I.M., Bekins, B.A., Baedecker, M.J., Aiken, G.R., Eaganhouse, R.P., and Tuccillo, m.E., 2001, Progression of natural attenuation processes at a crude-oil spill site--I. Geochemical evolution of the plume: Journal of Contaminant Hydrology, v. 53, pp. 369-385.",
ds_10,x9607,9607II,9/11/1996,WI,11.05,120,xLS442,2MePrBz_mgL,,1.00E-04,xLGC01,"Bekins, B.A., I.M. Cozzarelli, E.M. Godsy, E. Warren, H.I. Essaid, and M.E. Tuccillo, 2001, Progression of natural attenuation processes at a crude oil spill site II. Controls on spatial distribution of microbial populations, J. Contam. Hydrol., 53:387-406.; Cozzarelli, I.M., Bekins, B.A., Baedecker, M.J., Aiken, G.R., Eaganhouse, R.P., and Tuccillo, m.E., 2001, Progression of natural attenuation processes at a crude-oil spill site--I. Geochemical evolution of the plume: Journal of Contaminant Hydrology, v. 53, pp. 369-385.",
ds_10,x9607,9607II,9/11/1996,WI,11.05,120,xLD443,TotAlkylBz_mgL,,0.01288,xLCA06,"Bekins, B.A., I.M. Cozzarelli, E.M. Godsy, E. Warren, H.I. Essaid, and M.E. Tuccillo, 2001, Progression of natural attenuation processes at a crude oil spill site II. Controls on spatial distribution of microbial populations, J. Contam. Hydrol., 53:387-406.; Cozzarelli, I.M., Bekins, B.A., Baedecker, M.J., Aiken, G.R., Eaganhouse, R.P., and Tuccillo, m.E., 2001, Progression of natural attenuation processes at a crude-oil spill site--I. Geochemical evolution of the plume: Journal of Contaminant Hydrology, v. 53, pp. 369-385.",
ds_10,x9607,9607II,9/11/1996,WI,11.05,150,x46123,Fe_2_mgL,,0.58,xLC006,"Bekins, B.A., I.M. Cozzarelli, E.M. Godsy, E. Warren, H.I. Essaid, and M.E. Tuccillo, 2001, Progression of natural attenuation processes at a crude oil spill site II. Controls on spatial distribution of microbial populations, J. Contam. Hydrol., 53:387-406.; Cozzarelli, I.M., Bekins, B.A., Baedecker, M.J., Aiken, G.R., Eaganhouse, R.P., and Tuccillo, m.E., 2001, Progression of natural attenuation processes at a crude-oil spill site--I. Geochemical evolution of the plume: Journal of Contaminant Hydrology, v. 53, pp. 369-385.",
ds_10,x9609,9609,9/12/1996,WI,8.76,150,xLS438,1Et2MeBz_mgL,,0.0044,xLGC01,"Bekins, B.A., I.M. Cozzarelli, E.M. Godsy, E. Warren, H.I. Essaid, and M.E. Tuccillo, 2001, Progression of natural attenuation processes at a crude oil spill site II. Controls on spatial distribution of microbial populations, J. Contam. Hydrol., 53:387-406.; Cozzarelli, I.M., Bekins, B.A., Baedecker, M.J., Aiken, G.R., Eaganhouse, R.P., and Tuccillo, m.E., 2001, Progression of natural attenuation processes at a crude-oil spill site--I. Geochemical evolution of the plume: Journal of Contaminant Hydrology, v. 53, pp. 369-385.",
ds_10,x9607,9607II,9/11/1996,WI,11.05,169,xLS437,11DiMeEtBz_mgL,,0.00026,xLGC01,"Bekins, B.A., I.M. Cozzarelli, E.M. Godsy, E. Warren, H.I. Essaid, and M.E. Tuccillo, 2001, Progression of natural attenuation processes at a crude oil spill site II. Controls on spatial distribution of microbial populations, J. Contam. Hydrol., 53:387-406.; Cozzarelli, I.M., Bekins, B.A., Baedecker, M.J., Aiken, G.R., Eaganhouse, R.P., and Tuccillo, m.E., 2001, Progression of natural attenuation processes at a crude-oil spill site--I. Geochemical evolution of the plume: Journal of Contaminant Hydrology, v. 53, pp. 369-385.",
ds_10,x9607,9607II,9/11/1996,WI,11.05,169,xLS438,1Et2MeBz_mgL,,0.00016,xLGC01,"Bekins, B.A., I.M. Cozzarelli, E.M. Godsy, E. Warren, H.I. Essaid, and M.E. Tuccillo, 2001, Progression of natural attenuation processes at a crude oil spill site II. Controls on spatial distribution of microbial populations, J. Contam. Hydrol., 53:387-406.; Cozzarelli, I.M., Bekins, B.A., Baedecker, M.J., Aiken, G.R., Eaganhouse, R.P., and Tuccillo, m.E., 2001, Progression of natural attenuation processes at a crude-oil spill site--I. Geochemical evolution of the plume: Journal of Contaminant Hydrology, v. 53, pp. 369-385.",
ds_10,x9607,9607II,9/11/1996,WI,11.05,169,x68831,CH4_mgL,,4.099,xLC005,"Bekins, B.A., I.M. Cozzarelli, E.M. Godsy, E. Warren, H.I. Essaid, and M.E. Tuccillo, 2001, Progression of natural attenuation processes at a crude oil spill site II. Controls on spatial distribution of microbial populations, J. Contam. Hydrol., 53:387-406.; Cozzarelli, I.M., Bekins, B.A., Baedecker, M.J., Aiken, G.R., Eaganhouse, R.P., and Tuccillo, m.E., 2001, Progression of natural attenuation processes at a crude-oil spill site--I. Geochemical evolution of the plume: Journal of Contaminant Hydrology, v. 53, pp. 369-385.",
ds_10,x9607,9607II,9/11/1996,WI,11.05,169,xLO037,Bz_mgL,,0.0051,xLGC01,"Bekins, B.A., I.M. Cozzarelli, E.M. Godsy, E. Warren, H.I. Essaid, and M.E. Tuccillo, 2001, Progression of natural attenuation processes at a crude oil spill site II. Controls on spatial distribution of microbial populations, J. Contam. Hydrol., 53:387-406.; Cozzarelli, I.M., Bekins, B.A., Baedecker, M.J., Aiken, G.R., Eaganhouse, R.P., and Tuccillo, m.E., 2001, Progression of natural attenuation processes at a crude-oil spill site--I. Geochemical evolution of the plume: Journal of Contaminant Hydrology, v. 53, pp. 369-385.",
ds_10,x9607,9607II,9/11/1996,WI,11.05,169,xLO073,Tol_mgL,,0.0039,xLGC01,"Bekins, B.A., I.M. Cozzarelli, E.M. Godsy, E. Warren, H.I. Essaid, and M.E. Tuccillo, 2001, Progression of natural attenuation processes at a crude oil spill site II. Controls on spatial distribution of microbial populations, J. Contam. Hydrol., 53:387-406.; Cozzarelli, I.M., Bekins, B.A., Baedecker, M.J., Aiken, G.R., Eaganhouse, R.P., and Tuccillo, m.E., 2001, Progression of natural attenuation processes at a crude-oil spill site--I. Geochemical evolution of the plume: Journal of Contaminant Hydrology, v. 53, pp. 369-385.",
ds_10,x9607,9607II,9/11/1996,WI,11.05,169,xLO042,EtBz_mgL,,0.00016,xLGC01,"Bekins, B.A., I.M. Cozzarelli, E.M. Godsy, E. Warren, H.I. Essaid, and M.E. Tuccillo, 2001, Progression of natural attenuation processes at a crude oil spill site II. Controls on spatial distribution of microbial populations, J. Contam. Hydrol., 53:387-406.; Cozzarelli, I.M., Bekins, B.A., Baedecker, M.J., Aiken, G.R., Eaganhouse, R.P., and Tuccillo, m.E., 2001, Progression of natural attenuation processes at a crude-oil spill site--I. Geochemical evolution of the plume: Journal of Contaminant Hydrology, v. 53, pp. 369-385.",
ds_10,x9607,9607II,9/11/1996,WI,11.05,169,xLO052,mpxyl_mgL,,0.00058,xLGC01,"Bekins, B.A., I.M. Cozzarelli, E.M. Godsy, E. Warren, H.I. Essaid, and M.E. Tuccillo, 2001, Progression of natural attenuation processes at a crude oil spill site II. Controls on spatial distribution of microbial populations, J. Contam. Hydrol., 53:387-406.; Cozzarelli, I.M., Bekins, B.A., Baedecker, M.J., Aiken, G.R., Eaganhouse, R.P., and Tuccillo, m.E., 2001, Progression of natural attenuation processes at a crude-oil spill site--I. Geochemical evolution of the plume: Journal of Contaminant Hydrology, v. 53, pp. 369-385.",
ds_10,x9607,9607II,9/11/1996,WI,11.05,169,xLO067,oxyl_mgL,,8.00E-05,xLGC01,"Bekins, B.A., I.M. Cozzarelli, E.M. Godsy, E. Warren, H.I. Essaid, and M.E. Tuccillo, 2001, Progression of natural attenuation processes at a crude oil spill site II. Controls on spatial distribution of microbial populations, J. Contam. Hydrol., 53:387-406.; Cozzarelli, I.M., Bekins, B.A., Baedecker, M.J., Aiken, G.R., Eaganhouse, R.P., and Tuccillo, m.E., 2001, Progression of natural attenuation processes at a crude-oil spill site--I. Geochemical evolution of the plume: Journal of Contaminant Hydrology, v. 53, pp. 369-385.",
ds_10,x9607,9607II,9/11/1996,WI,11.05,169,xLO050,IsoPrBz_mgL,,2.00E-04,xLGC01,"Bekins, B.A., I.M. Cozzarelli, E.M. Godsy, E. Warren, H.I. Essaid, and M.E. Tuccillo, 2001, Progression of natural attenuation processes at a crude oil spill site II. Controls on spatial distribution of microbial populations, J. Contam. Hydrol., 53:387-406.; Cozzarelli, I.M., Bekins, B.A., Baedecker, M.J., Aiken, G.R., Eaganhouse, R.P., and Tuccillo, m.E., 2001, Progression of natural attenuation processes at a crude-oil spill site--I. Geochemical evolution of the plume: Journal of Contaminant Hydrology, v. 53, pp. 369-385.",
ds_10,x9607,9607II,9/11/1996,WI,11.05,169,xLO064,nPrBz_mgL,,0,xLGC01,"Bekins, B.A., I.M. Cozzarelli, E.M. Godsy, E. Warren, H.I. Essaid, and M.E. Tuccillo, 2001, Progression of natural attenuation processes at a crude oil spill site II. Controls on spatial distribution of microbial populations, J. Contam. Hydrol., 53:387-406.; Cozzarelli, I.M., Bekins, B.A., Baedecker, M.J., Aiken, G.R., Eaganhouse, R.P., and Tuccillo, m.E., 2001, Progression of natural attenuation processes at a crude-oil spill site--I. Geochemical evolution of the plume: Journal of Contaminant Hydrology, v. 53, pp. 369-385.",
ds_10,x9607,9607II,9/11/1996,WI,11.05,169,xLO015,135TMeBz_mgL,,0.00022,xLGC01,"Bekins, B.A., I.M. Cozzarelli, E.M. Godsy, E. Warren, H.I. Essaid, and M.E. Tuccillo, 2001, Progression of natural attenuation processes at a crude oil spill site II. Controls on spatial distribution of microbial populations, J. Contam. Hydrol., 53:387-406.; Cozzarelli, I.M., Bekins, B.A., Baedecker, M.J., Aiken, G.R., Eaganhouse, R.P., and Tuccillo, m.E., 2001, Progression of natural attenuation processes at a crude-oil spill site--I. Geochemical evolution of the plume: Journal of Contaminant Hydrology, v. 53, pp. 369-385.",
ds_10,x9607,9607II,9/11/1996,WI,11.05,169,xLO010,124TMeBz_mgL,,2.00E-05,xLGC01,"Bekins, B.A., I.M. Cozzarelli, E.M. Godsy, E. Warren, H.I. Essaid, and M.E. Tuccillo, 2001, Progression of natural attenuation processes at a crude oil spill site II. Controls on spatial distribution of microbial populations, J. Contam. Hydrol., 53:387-406.; Cozzarelli, I.M., Bekins, B.A., Baedecker, M.J., Aiken, G.R., Eaganhouse, R.P., and Tuccillo, m.E., 2001, Progression of natural attenuation processes at a crude-oil spill site--I. Geochemical evolution of the plume: Journal of Contaminant Hydrology, v. 53, pp. 369-385.",
ds_10,x9607,9607II,9/11/1996,WI,11.05,169,xLO006,123TMeBz_mgL,,1.00E-04,xLGC01,"Bekins, B.A., I.M. Cozzarelli, E.M. Godsy, E. Warren, H.I. Essaid, and M.E. Tuccillo, 2001, Progression of natural attenuation processes at a crude oil spill site II. Controls on spatial distribution of microbial populations, J. Contam. Hydrol., 53:387-406.; Cozzarelli, I.M., Bekins, B.A., Baedecker, M.J., Aiken, G.R., Eaganhouse, R.P., and Tuccillo, m.E., 2001, Progression of natural attenuation processes at a crude-oil spill site--I. Geochemical evolution of the plume: Journal of Contaminant Hydrology, v. 53, pp. 369-385.",
ds_10,x9607,9607II,9/11/1996,WI,11.05,169,xLO027,1Me3IsoPrBz_mgL,,0.00038,xLGC01,"Bekins, B.A., I.M. Cozzarelli, E.M. Godsy, E. Warren, H.I. Essaid, and M.E. Tuccillo, 2001, Progression of natural attenuation processes at a crude oil spill site II. Controls on spatial distribution of microbial populations, J. Contam. Hydrol., 53:387-406.; Cozzarelli, I.M., Bekins, B.A., Baedecker, M.J., Aiken, G.R., Eaganhouse, R.P., and Tuccillo, m.E., 2001, Progression of natural attenuation processes at a crude-oil spill site--I. Geochemical evolution of the plume: Journal of Contaminant Hydrology, v. 53, pp. 369-385.",
ds_10,x9607,9607II,9/11/1996,WI,11.05,169,xLO030,1Me4IsoPrBz_mgL,,0.00034,xLGC01,"Bekins, B.A., I.M. Cozzarelli, E.M. Godsy, E. Warren, H.I. Essaid, and M.E. Tuccillo, 2001, Progression of natural attenuation processes at a crude oil spill site II. Controls on spatial distribution of microbial populations, J. Contam. Hydrol., 53:387-406.; Cozzarelli, I.M., Bekins, B.A., Baedecker, M.J., Aiken, G.R., Eaganhouse, R.P., and Tuccillo, m.E., 2001, Progression of natural attenuation processes at a crude-oil spill site--I. Geochemical evolution of the plume: Journal of Contaminant Hydrology, v. 53, pp. 369-385.",
ds_10,x9607,9607II,9/11/1996,WI,11.05,169,xLO024,1Me2IsoPrBz_mgL,,0.00014,xLGC01,"Bekins, B.A., I.M. Cozzarelli, E.M. Godsy, E. Warren, H.I. Essaid, and M.E. Tuccillo, 2001, Progression of natural attenuation processes at a crude oil spill site II. Controls on spatial distribution of microbial populations, J. Contam. Hydrol., 53:387-406.; Cozzarelli, I.M., Bekins, B.A., Baedecker, M.J., Aiken, G.R., Eaganhouse, R.P., and Tuccillo, m.E., 2001, Progression of natural attenuation processes at a crude-oil spill site--I. Geochemical evolution of the plume: Journal of Contaminant Hydrology, v. 53, pp. 369-385.",
ds_10,x9607,9607II,9/11/1996,WI,11.05,169,xLO016,13DEtBz_mgL,,4.00E-04,xLGC01,"Bekins, B.A., I.M. Cozzarelli, E.M. Godsy, E. Warren, H.I. Essaid, and M.E. Tuccillo, 2001, Progression of natural attenuation processes at a crude oil spill site II. Controls on spatial distribution of microbial populations, J. Contam. Hydrol., 53:387-406.; Cozzarelli, I.M., Bekins, B.A., Baedecker, M.J., Aiken, G.R., Eaganhouse, R.P., and Tuccillo, m.E., 2001, Progression of natural attenuation processes at a crude-oil spill site--I. Geochemical evolution of the plume: Journal of Contaminant Hydrology, v. 53, pp. 369-385.",
ds_10,x9607,9607II,9/11/1996,WI,11.05,169,xLO028,1Me3PrBz_mgL,,6.00E-05,xLGC01,"Bekins, B.A., I.M. Cozzarelli, E.M. Godsy, E. Warren, H.I. Essaid, and M.E. Tuccillo, 2001, Progression of natural attenuation processes at a crude oil spill site II. Controls on spatial distribution of microbial populations, J. Contam. Hydrol., 53:387-406.; Cozzarelli, I.M., Bekins, B.A., Baedecker, M.J., Aiken, G.R., Eaganhouse, R.P., and Tuccillo, m.E., 2001, Progression of natural attenuation processes at a crude-oil spill site--I. Geochemical evolution of the plume: Journal of Contaminant Hydrology, v. 53, pp. 369-385.",
ds_10,x9607,9607II,9/11/1996,WI,11.05,169,xLO031,1Me4PrBz_mgL,,2.00E-04,xLGC01,"Bekins, B.A., I.M. Cozzarelli, E.M. Godsy, E. Warren, H.I. Essaid, and M.E. Tuccillo, 2001, Progression of natural attenuation processes at a crude oil spill site II. Controls on spatial distribution of microbial populations, J. Contam. Hydrol., 53:387-406.; Cozzarelli, I.M., Bekins, B.A., Baedecker, M.J., Aiken, G.R., Eaganhouse, R.P., and Tuccillo, m.E., 2001, Progression of natural attenuation processes at a crude-oil spill site--I. Geochemical evolution of the plume: Journal of Contaminant Hydrology, v. 53, pp. 369-385.",
ds_10,x9607,9607II,9/11/1996,WI,11.05,169,xLO020,14DEtBz_mgL,,0.00024,xLGC01,"Bekins, B.A., I.M. Cozzarelli, E.M. Godsy, E. Warren, H.I. Essaid, and M.E. Tuccillo, 2001, Progression of natural attenuation processes at a crude oil spill site II. Controls on spatial distribution of microbial populations, J. Contam. Hydrol., 53:387-406.; Cozzarelli, I.M., Bekins, B.A., Baedecker, M.J., Aiken, G.R., Eaganhouse, R.P., and Tuccillo, m.E., 2001, Progression of natural attenuation processes at a crude-oil spill site--I. Geochemical evolution of the plume: Journal of Contaminant Hydrology, v. 53, pp. 369-385.",
ds_10,x9607,9607II,9/11/1996,WI,11.05,169,xLO056,nButylBz_mgL,,0.00112,xLGC01,"Bekins, B.A., I.M. Cozzarelli, E.M. Godsy, E. Warren, H.I. Essaid, and M.E. Tuccillo, 2001, Progression of natural attenuation processes at a crude oil spill site II. Controls on spatial distribution of microbial populations, J. Contam. Hydrol., 53:387-406.; Cozzarelli, I.M., Bekins, B.A., Baedecker, M.J., Aiken, G.R., Eaganhouse, R.P., and Tuccillo, m.E., 2001, Progression of natural attenuation processes at a crude-oil spill site--I. Geochemical evolution of the plume: Journal of Contaminant Hydrology, v. 53, pp. 369-385.",
ds_10,x9607,9607II,9/11/1996,WI,11.05,169,xLO019,13DMe5EtBz_mgL,,0.00028,xLGC01,"Bekins, B.A., I.M. Cozzarelli, E.M. Godsy, E. Warren, H.I. Essaid, and M.E. Tuccillo, 2001, Progression of natural attenuation processes at a crude oil spill site II. Controls on spatial distribution of microbial populations, J. Contam. Hydrol., 53:387-406.; Cozzarelli, I.M., Bekins, B.A., Baedecker, M.J., Aiken, G.R., Eaganhouse, R.P., and Tuccillo, m.E., 2001, Progression of natural attenuation processes at a crude-oil spill site--I. Geochemical evolution of the plume: Journal of Contaminant Hydrology, v. 53, pp. 369-385.",
ds_10,x9607,9607II,9/11/1996,WI,11.05,169,xLO011,12DEtBz_mgL,,0.00014,xLGC01,"Bekins, B.A., I.M. Cozzarelli, E.M. Godsy, E. Warren, H.I. Essaid, and M.E. Tuccillo, 2001, Progression of natural attenuation processes at a crude oil spill site II. Controls on spatial distribution of microbial populations, J. Contam. Hydrol., 53:387-406.; Cozzarelli, I.M., Bekins, B.A., Baedecker, M.J., Aiken, G.R., Eaganhouse, R.P., and Tuccillo, m.E., 2001, Progression of natural attenuation processes at a crude-oil spill site--I. Geochemical evolution of the plume: Journal of Contaminant Hydrology, v. 53, pp. 369-385.",
ds_10,x9607,9607II,9/11/1996,WI,11.05,169,xLO023,1Me2EtBz_mgL,,0.00018,xLGC01,"Bekins, B.A., I.M. Cozzarelli, E.M. Godsy, E. Warren, H.I. Essaid, and M.E. Tuccillo, 2001, Progression of natural attenuation processes at a crude oil spill site II. Controls on spatial distribution of microbial populations, J. Contam. Hydrol., 53:387-406.; Cozzarelli, I.M., Bekins, B.A., Baedecker, M.J., Aiken, G.R., Eaganhouse, R.P., and Tuccillo, m.E., 2001, Progression of natural attenuation processes at a crude-oil spill site--I. Geochemical evolution of the plume: Journal of Contaminant Hydrology, v. 53, pp. 369-385.",
ds_10,x9607,9607II,9/11/1996,WI,11.05,169,xLO021,14DMe2EtBz_mgL,,1.00E-04,xLGC01,"Bekins, B.A., I.M. Cozzarelli, E.M. Godsy, E. Warren, H.I. Essaid, and M.E. Tuccillo, 2001, Progression of natural attenuation processes at a crude oil spill site II. Controls on spatial distribution of microbial populations, J. Contam. Hydrol., 53:387-406.; Cozzarelli, I.M., Bekins, B.A., Baedecker, M.J., Aiken, G.R., Eaganhouse, R.P., and Tuccillo, m.E., 2001, Progression of natural attenuation processes at a crude-oil spill site--I. Geochemical evolution of the plume: Journal of Contaminant Hydrology, v. 53, pp. 369-385.",
ds_10,x9607,9607II,9/11/1996,WI,11.05,169,xLO018,13DMe4EtBz_mgL,,1.00E-04,xLGC01,"Bekins, B.A., I.M. Cozzarelli, E.M. Godsy, E. Warren, H.I. Essaid, and M.E. Tuccillo, 2001, Progression of natural attenuation processes at a crude oil spill site II. Controls on spatial distribution of microbial populations, J. Contam. Hydrol., 53:387-406.; Cozzarelli, I.M., Bekins, B.A., Baedecker, M.J., Aiken, G.R., Eaganhouse, R.P., and Tuccillo, m.E., 2001, Progression of natural attenuation processes at a crude-oil spill site--I. Geochemical evolution of the plume: Journal of Contaminant Hydrology, v. 53, pp. 369-385.",
ds_10,x9607,9607II,9/11/1996,WI,11.05,169,xLO013,12DMe4EtBz_mgL,,2.00E-05,xLGC01,"Bekins, B.A., I.M. Cozzarelli, E.M. Godsy, E. Warren, H.I. Essaid, and M.E. Tuccillo, 2001, Progression of natural attenuation processes at a crude oil spill site II. Controls on spatial distribution of microbial populations, J. Contam. Hydrol., 53:387-406.; Cozzarelli, I.M., Bekins, B.A., Baedecker, M.J., Aiken, G.R., Eaganhouse, R.P., and Tuccillo, m.E., 2001, Progression of natural attenuation processes at a crude-oil spill site--I. Geochemical evolution of the plume: Journal of Contaminant Hydrology, v. 53, pp. 369-385.",
ds_10,x9607,9607II,9/11/1996,WI,11.05,169,xLO017,13DMe2EtBz_mgL,,0.00026,xLGC01,"Bekins, B.A., I.M. Cozzarelli, E.M. Godsy, E. Warren, H.I. Essaid, and M.E. Tuccillo, 2001, Progression of natural attenuation processes at a crude oil spill site II. Controls on spatial distribution of microbial populations, J. Contam. Hydrol., 53:387-406.; Cozzarelli, I.M., Bekins, B.A., Baedecker, M.J., Aiken, G.R., Eaganhouse, R.P., and Tuccillo, m.E., 2001, Progression of natural attenuation processes at a crude-oil spill site--I. Geochemical evolution of the plume: Journal of Contaminant Hydrology, v. 53, pp. 369-385.",
ds_10,x9607,9607II,9/11/1996,WI,11.05,169,xLO012,12DMe3EtBz_mgL,,4.00E-05,xLGC01,"Bekins, B.A., I.M. Cozzarelli, E.M. Godsy, E. Warren, H.I. Essaid, and M.E. Tuccillo, 2001, Progression of natural attenuation processes at a crude oil spill site II. Controls on spatial distribution of microbial populations, J. Contam. Hydrol., 53:387-406.; Cozzarelli, I.M., Bekins, B.A., Baedecker, M.J., Aiken, G.R., Eaganhouse, R.P., and Tuccillo, m.E., 2001, Progression of natural attenuation processes at a crude-oil spill site--I. Geochemical evolution of the plume: Journal of Contaminant Hydrology, v. 53, pp. 369-385.",
ds_10,x9607,9607II,9/11/1996,WI,11.05,169,xLO008,1245TMeBz_mgL,,6.00E-05,xLGC01,"Bekins, B.A., I.M. Cozzarelli, E.M. Godsy, E. Warren, H.I. Essaid, and M.E. Tuccillo, 2001, Progression of natural attenuation processes at a crude oil spill site II. Controls on spatial distribution of microbial populations, J. Contam. Hydrol., 53:387-406.; Cozzarelli, I.M., Bekins, B.A., Baedecker, M.J., Aiken, G.R., Eaganhouse, R.P., and Tuccillo, m.E., 2001, Progression of natural attenuation processes at a crude-oil spill site--I. Geochemical evolution of the plume: Journal of Contaminant Hydrology, v. 53, pp. 369-385.",
ds_10,x9607,9607II,9/11/1996,WI,11.05,169,xLO004,1235TMeBz_mgL,,0,xLGC01,"Bekins, B.A., I.M. Cozzarelli, E.M. Godsy, E. Warren, H.I. Essaid, and M.E. Tuccillo, 2001, Progression of natural attenuation processes at a crude oil spill site II. Controls on spatial distribution of microbial populations, J. Contam. Hydrol., 53:387-406.; Cozzarelli, I.M., Bekins, B.A., Baedecker, M.J., Aiken, G.R., Eaganhouse, R.P., and Tuccillo, m.E., 2001, Progression of natural attenuation processes at a crude-oil spill site--I. Geochemical evolution of the plume: Journal of Contaminant Hydrology, v. 53, pp. 369-385.",
ds_10,x9607,9607II,9/11/1996,WI,11.05,169,xLO002,1234TMeBz_mgL,,0.00098,xLGC01,"Bekins, B.A., I.M. Cozzarelli, E.M. Godsy, E. Warren, H.I. Essaid, and M.E. Tuccillo, 2001, Progression of natural attenuation processes at a crude oil spill site II. Controls on spatial distribution of microbial populations, J. Contam. Hydrol., 53:387-406.; Cozzarelli, I.M., Bekins, B.A., Baedecker, M.J., Aiken, G.R., Eaganhouse, R.P., and Tuccillo, m.E., 2001, Progression of natural attenuation processes at a crude-oil spill site--I. Geochemical evolution of the plume: Journal of Contaminant Hydrology, v. 53, pp. 369-385.",
ds_10,x9607,9607II,9/11/1996,WI,11.05,169,xLO035,BTEX_mgL,,0.00982,xLCA03,"Bekins, B.A., I.M. Cozzarelli, E.M. Godsy, E. Warren, H.I. Essaid, and M.E. Tuccillo, 2001, Progression of natural attenuation processes at a crude oil spill site II. Controls on spatial distribution of microbial populations, J. Contam. Hydrol., 53:387-406.; Cozzarelli, I.M., Bekins, B.A., Baedecker, M.J., Aiken, G.R., Eaganhouse, R.P., and Tuccillo, m.E., 2001, Progression of natural attenuation processes at a crude-oil spill site--I. Geochemical evolution of the plume: Journal of Contaminant Hydrology, v. 53, pp. 369-385.",
ds_10,x9607,9607II,9/11/1996,WI,11.05,169,xLS439,1Et3MeBz_mgL,,0.00016,xLGC01,"Bekins, B.A., I.M. Cozzarelli, E.M. Godsy, E. Warren, H.I. Essaid, and M.E. Tuccillo, 2001, Progression of natural attenuation processes at a crude oil spill site II. Controls on spatial distribution of microbial populations, J. Contam. Hydrol., 53:387-406.; Cozzarelli, I.M., Bekins, B.A., Baedecker, M.J., Aiken, G.R., Eaganhouse, R.P., and Tuccillo, m.E., 2001, Progression of natural attenuation processes at a crude-oil spill site--I. Geochemical evolution of the plume: Journal of Contaminant Hydrology, v. 53, pp. 369-385.",
ds_10,x9607,9607II,9/11/1996,WI,11.05,169,xLS440,1Et4MeBz_mgL,,6.00E-05,xLGC01,"Bekins, B.A., I.M. Cozzarelli, E.M. Godsy, E. Warren, H.I. Essaid, and M.E. Tuccillo, 2001, Progression of natural attenuation processes at a crude oil spill site II. Controls on spatial distribution of microbial populations, J. Contam. Hydrol., 53:387-406.; Cozzarelli, I.M., Bekins, B.A., Baedecker, M.J., Aiken, G.R., Eaganhouse, R.P., and Tuccillo, m.E., 2001, Progression of natural attenuation processes at a crude-oil spill site--I. Geochemical evolution of the plume: Journal of Contaminant Hydrology, v. 53, pp. 369-385.",
ds_10,x9607,9607II,9/11/1996,WI,11.05,169,xLS441,1MePrBz_mgL,,0.00022,xLGC01,"Bekins, B.A., I.M. Cozzarelli, E.M. Godsy, E. Warren, H.I. Essaid, and M.E. Tuccillo, 2001, Progression of natural attenuation processes at a crude oil spill site II. Controls on spatial distribution of microbial populations, J. Contam. Hydrol., 53:387-406.; Cozzarelli, I.M., Bekins, B.A., Baedecker, M.J., Aiken, G.R., Eaganhouse, R.P., and Tuccillo, m.E., 2001, Progression of natural attenuation processes at a crude-oil spill site--I. Geochemical evolution of the plume: Journal of Contaminant Hydrology, v. 53, pp. 369-385.",
ds_10,x9607,9607II,9/11/1996,WI,11.05,169,xLS442,2MePrBz_mgL,,0.00018,xLGC01,"Bekins, B.A., I.M. Cozzarelli, E.M. Godsy, E. Warren, H.I. Essaid, and M.E. Tuccillo, 2001, Progression of natural attenuation processes at a crude oil spill site II. Controls on spatial distribution of microbial populations, J. Contam. Hydrol., 53:387-406.; Cozzarelli, I.M., Bekins, B.A., Baedecker, M.J., Aiken, G.R., Eaganhouse, R.P., and Tuccillo, m.E., 2001, Progression of natural attenuation processes at a crude-oil spill site--I. Geochemical evolution of the plume: Journal of Contaminant Hydrology, v. 53, pp. 369-385.",
ds_10,x9607,9607II,9/11/1996,WI,11.05,169,xLD443,TotAlkylBz_mgL,,0.01644,xLCA06,"Bekins, B.A., I.M. Cozzarelli, E.M. Godsy, E. Warren, H.I. Essaid, and M.E. Tuccillo, 2001, Progression of natural attenuation processes at a crude oil spill site II. Controls on spatial distribution of microbial populations, J. Contam. Hydrol., 53:387-406.; Cozzarelli, I.M., Bekins, B.A., Baedecker, M.J., Aiken, G.R., Eaganhouse, R.P., and Tuccillo, m.E., 2001, Progression of natural attenuation processes at a crude-oil spill site--I. Geochemical evolution of the plume: Journal of Contaminant Hydrology, v. 53, pp. 369-385.",
ds_10,x9607,9607II,9/11/1996,WI,11.05,190,xLS437,11DiMeEtBz_mgL,,0.00065,xLGC01,"Bekins, B.A., I.M. Cozzarelli, E.M. Godsy, E. Warren, H.I. Essaid, and M.E. Tuccillo, 2001, Progression of natural attenuation processes at a crude oil spill site II. Controls on spatial distribution of microbial populations, J. Contam. Hydrol., 53:387-406.; Cozzarelli, I.M., Bekins, B.A., Baedecker, M.J., Aiken, G.R., Eaganhouse, R.P., and Tuccillo, m.E., 2001, Progression of natural attenuation processes at a crude-oil spill site--I. Geochemical evolution of the plume: Journal of Contaminant Hydrology, v. 53, pp. 369-385.",
ds_10,x9607,9607II,9/11/1996,WI,11.05,190,xLS438,1Et2MeBz_mgL,,0.00113,xLGC01,"Bekins, B.A., I.M. Cozzarelli, E.M. Godsy, E. Warren, H.I. Essaid, and M.E. Tuccillo, 2001, Progression of natural attenuation processes at a crude oil spill site II. Controls on spatial distribution of microbial populations, J. Contam. Hydrol., 53:387-406.; Cozzarelli, I.M., Bekins, B.A., Baedecker, M.J., Aiken, G.R., Eaganhouse, R.P., and Tuccillo, m.E., 2001, Progression of natural attenuation processes at a crude-oil spill site--I. Geochemical evolution of the plume: Journal of Contaminant Hydrology, v. 53, pp. 369-385.",
ds_10,x9608,9608,9/12/1996,WI,8.76,0,x46123,Fe_2_mgL,,26.99,xLC006,"Bekins, B.A., I.M. Cozzarelli, E.M. Godsy, E. Warren, H.I. Essaid, and M.E. Tuccillo, 2001, Progression of natural attenuation processes at a crude oil spill site II. Controls on spatial distribution of microbial populations, J. Contam. Hydrol., 53:387-406.; Cozzarelli, I.M., Bekins, B.A., Baedecker, M.J., Aiken, G.R., Eaganhouse, R.P., and Tuccillo, m.E., 2001, Progression of natural attenuation processes at a crude-oil spill site--I. Geochemical evolution of the plume: Journal of Contaminant Hydrology, v. 53, pp. 369-385.",
ds_10,x9608,9608,9/12/1996,WI,8.76,0,xLO037,Bz_mgL,,0.4412,xLGC01,"Bekins, B.A., I.M. Cozzarelli, E.M. Godsy, E. Warren, H.I. Essaid, and M.E. Tuccillo, 2001, Progression of natural attenuation processes at a crude oil spill site II. Controls on spatial distribution of microbial populations, J. Contam. Hydrol., 53:387-406.; Cozzarelli, I.M., Bekins, B.A., Baedecker, M.J., Aiken, G.R., Eaganhouse, R.P., and Tuccillo, m.E., 2001, Progression of natural attenuation processes at a crude-oil spill site--I. Geochemical evolution of the plume: Journal of Contaminant Hydrology, v. 53, pp. 369-385.",
ds_10,x9608,9608,9/12/1996,WI,8.76,0,xLO073,Tol_mgL,,0.0057,xLGC01,"Bekins, B.A., I.M. Cozzarelli, E.M. Godsy, E. Warren, H.I. Essaid, and M.E. Tuccillo, 2001, Progression of natural attenuation processes at a crude oil spill site II. Controls on spatial distribution of microbial populations, J. Contam. Hydrol., 53:387-406.; Cozzarelli, I.M., Bekins, B.A., Baedecker, M.J., Aiken, G.R., Eaganhouse, R.P., and Tuccillo, m.E., 2001, Progression of natural attenuation processes at a crude-oil spill site--I. Geochemical evolution of the plume: Journal of Contaminant Hydrology, v. 53, pp. 369-385.",
ds_10,x9608,9608,9/12/1996,WI,8.76,0,xLO042,EtBz_mgL,,0.044,xLGC01,"Bekins, B.A., I.M. Cozzarelli, E.M. Godsy, E. Warren, H.I. Essaid, and M.E. Tuccillo, 2001, Progression of natural attenuation processes at a crude oil spill site II. Controls on spatial distribution of microbial populations, J. Contam. Hydrol., 53:387-406.; Cozzarelli, I.M., Bekins, B.A., Baedecker, M.J., Aiken, G.R., Eaganhouse, R.P., and Tuccillo, m.E., 2001, Progression of natural attenuation processes at a crude-oil spill site--I. Geochemical evolution of the plume: Journal of Contaminant Hydrology, v. 53, pp. 369-385.",
ds_10,x9608,9608,9/12/1996,WI,8.76,0,xLO052,mpxyl_mgL,,0.0155,xLGC01,"Bekins, B.A., I.M. Cozzarelli, E.M. Godsy, E. Warren, H.I. Essaid, and M.E. Tuccillo, 2001, Progression of natural attenuation processes at a crude oil spill site II. Controls on spatial distribution of microbial populations, J. Contam. Hydrol., 53:387-406.; Cozzarelli, I.M., Bekins, B.A., Baedecker, M.J., Aiken, G.R., Eaganhouse, R.P., and Tuccillo, m.E., 2001, Progression of natural attenuation processes at a crude-oil spill site--I. Geochemical evolution of the plume: Journal of Contaminant Hydrology, v. 53, pp. 369-385.",
ds_10,x9608,9608,9/12/1996,WI,8.76,0,xLO067,oxyl_mgL,,0.0033,xLGC01,"Bekins, B.A., I.M. Cozzarelli, E.M. Godsy, E. Warren, H.I. Essaid, and M.E. Tuccillo, 2001, Progression of natural attenuation processes at a crude oil spill site II. Controls on spatial distribution of microbial populations, J. Contam. Hydrol., 53:387-406.; Cozzarelli, I.M., Bekins, B.A., Baedecker, M.J., Aiken, G.R., Eaganhouse, R.P., and Tuccillo, m.E., 2001, Progression of natural attenuation processes at a crude-oil spill site--I. Geochemical evolution of the plume: Journal of Contaminant Hydrology, v. 53, pp. 369-385.",
ds_10,x9608,9608,9/12/1996,WI,8.76,0,xLO050,IsoPrBz_mgL,,0.0068,xLGC01,"Bekins, B.A., I.M. Cozzarelli, E.M. Godsy, E. Warren, H.I. Essaid, and M.E. Tuccillo, 2001, Progression of natural attenuation processes at a crude oil spill site II. Controls on spatial distribution of microbial populations, J. Contam. Hydrol., 53:387-406.; Cozzarelli, I.M., Bekins, B.A., Baedecker, M.J., Aiken, G.R., Eaganhouse, R.P., and Tuccillo, m.E., 2001, Progression of natural attenuation processes at a crude-oil spill site--I. Geochemical evolution of the plume: Journal of Contaminant Hydrology, v. 53, pp. 369-385.",
ds_10,x9608,9608,9/12/1996,WI,8.76,0,xLO064,nPrBz_mgL,,0.0078,xLGC01,"Bekins, B.A., I.M. Cozzarelli, E.M. Godsy, E. Warren, H.I. Essaid, and M.E. Tuccillo, 2001, Progression of natural attenuation processes at a crude oil spill site II. Controls on spatial distribution of microbial populations, J. Contam. Hydrol., 53:387-406.; Cozzarelli, I.M., Bekins, B.A., Baedecker, M.J., Aiken, G.R., Eaganhouse, R.P., and Tuccillo, m.E., 2001, Progression of natural attenuation processes at a crude-oil spill site--I. Geochemical evolution of the plume: Journal of Contaminant Hydrology, v. 53, pp. 369-385.",
ds_10,x9607,9607II,9/11/1996,WI,11.05,190,x46123,Fe_2_mgL,,0.09,xLC006,"Bekins, B.A., I.M. Cozzarelli, E.M. Godsy, E. Warren, H.I. Essaid, and M.E. Tuccillo, 2001, Progression of natural attenuation processes at a crude oil spill site II. Controls on spatial distribution of microbial populations, J. Contam. Hydrol., 53:387-406.; Cozzarelli, I.M., Bekins, B.A., Baedecker, M.J., Aiken, G.R., Eaganhouse, R.P., and Tuccillo, m.E., 2001, Progression of natural attenuation processes at a crude-oil spill site--I. Geochemical evolution of the plume: Journal of Contaminant Hydrology, v. 53, pp. 369-385.",
ds_10,x9607,9607II,9/11/1996,WI,11.05,190,x68831,CH4_mgL,,4.814,xLC005,"Bekins, B.A., I.M. Cozzarelli, E.M. Godsy, E. Warren, H.I. Essaid, and M.E. Tuccillo, 2001, Progression of natural attenuation processes at a crude oil spill site II. Controls on spatial distribution of microbial populations, J. Contam. Hydrol., 53:387-406.; Cozzarelli, I.M., Bekins, B.A., Baedecker, M.J., Aiken, G.R., Eaganhouse, R.P., and Tuccillo, m.E., 2001, Progression of natural attenuation processes at a crude-oil spill site--I. Geochemical evolution of the plume: Journal of Contaminant Hydrology, v. 53, pp. 369-385.",
ds_10,x9608,9608,9/12/1996,WI,8.76,0,xLO015,135TMeBz_mgL,,0.0102,xLGC01,"Bekins, B.A., I.M. Cozzarelli, E.M. Godsy, E. Warren, H.I. Essaid, and M.E. Tuccillo, 2001, Progression of natural attenuation processes at a crude oil spill site II. Controls on spatial distribution of microbial populations, J. Contam. Hydrol., 53:387-406.; Cozzarelli, I.M., Bekins, B.A., Baedecker, M.J., Aiken, G.R., Eaganhouse, R.P., and Tuccillo, m.E., 2001, Progression of natural attenuation processes at a crude-oil spill site--I. Geochemical evolution of the plume: Journal of Contaminant Hydrology, v. 53, pp. 369-385.",
ds_10,x9608,9608,9/12/1996,WI,8.76,0,xLS439,1Et3MeBz_mgL,,0.005,xLGC01,"Bekins, B.A., I.M. Cozzarelli, E.M. Godsy, E. Warren, H.I. Essaid, and M.E. Tuccillo, 2001, Progression of natural attenuation processes at a crude oil spill site II. Controls on spatial distribution of microbial populations, J. Contam. Hydrol., 53:387-406.; Cozzarelli, I.M., Bekins, B.A., Baedecker, M.J., Aiken, G.R., Eaganhouse, R.P., and Tuccillo, m.E., 2001, Progression of natural attenuation processes at a crude-oil spill site--I. Geochemical evolution of the plume: Journal of Contaminant Hydrology, v. 53, pp. 369-385.",
ds_10,x9608,9608,9/12/1996,WI,8.76,45,xLS439,1Et3MeBz_mgL,,0.0154,xLGC01,"Bekins, B.A., I.M. Cozzarelli, E.M. Godsy, E. Warren, H.I. Essaid, and M.E. Tuccillo, 2001, Progression of natural attenuation processes at a crude oil spill site II. Controls on spatial distribution of microbial populations, J. Contam. Hydrol., 53:387-406.; Cozzarelli, I.M., Bekins, B.A., Baedecker, M.J., Aiken, G.R., Eaganhouse, R.P., and Tuccillo, m.E., 2001, Progression of natural attenuation processes at a crude-oil spill site--I. Geochemical evolution of the plume: Journal of Contaminant Hydrology, v. 53, pp. 369-385.",
ds_10,x9608,9608,9/12/1996,WI,8.76,0,xLO010,124TMeBz_mgL,,0.0103,xLGC01,"Bekins, B.A., I.M. Cozzarelli, E.M. Godsy, E. Warren, H.I. Essaid, and M.E. Tuccillo, 2001, Progression of natural attenuation processes at a crude oil spill site II. Controls on spatial distribution of microbial populations, J. Contam. Hydrol., 53:387-406.; Cozzarelli, I.M., Bekins, B.A., Baedecker, M.J., Aiken, G.R., Eaganhouse, R.P., and Tuccillo, m.E., 2001, Progression of natural attenuation processes at a crude-oil spill site--I. Geochemical evolution of the plume: Journal of Contaminant Hydrology, v. 53, pp. 369-385.",
ds_10,x9608,9608,9/12/1996,WI,8.76,60,xLS439,1Et3MeBz_mgL,,0.0026,xLGC01,"Bekins, B.A., I.M. Cozzarelli, E.M. Godsy, E. Warren, H.I. Essaid, and M.E. Tuccillo, 2001, Progression of natural attenuation processes at a crude oil spill site II. Controls on spatial distribution of microbial populations, J. Contam. Hydrol., 53:387-406.; Cozzarelli, I.M., Bekins, B.A., Baedecker, M.J., Aiken, G.R., Eaganhouse, R.P., and Tuccillo, m.E., 2001, Progression of natural attenuation processes at a crude-oil spill site--I. Geochemical evolution of the plume: Journal of Contaminant Hydrology, v. 53, pp. 369-385.",
ds_10,x9608,9608,9/12/1996,WI,8.76,75,xLS439,1Et3MeBz_mgL,,0.0026,xLGC01,"Bekins, B.A., I.M. Cozzarelli, E.M. Godsy, E. Warren, H.I. Essaid, and M.E. Tuccillo, 2001, Progression of natural attenuation processes at a crude oil spill site II. Controls on spatial distribution of microbial populations, J. Contam. Hydrol., 53:387-406.; Cozzarelli, I.M., Bekins, B.A., Baedecker, M.J., Aiken, G.R., Eaganhouse, R.P., and Tuccillo, m.E., 2001, Progression of natural attenuation processes at a crude-oil spill site--I. Geochemical evolution of the plume: Journal of Contaminant Hydrology, v. 53, pp. 369-385.",
ds_10,x9608,9608,9/12/1996,WI,8.76,0,xLO006,123TMeBz_mgL,,0.0048,xLGC01,"Bekins, B.A., I.M. Cozzarelli, E.M. Godsy, E. Warren, H.I. Essaid, and M.E. Tuccillo, 2001, Progression of natural attenuation processes at a crude oil spill site II. Controls on spatial distribution of microbial populations, J. Contam. Hydrol., 53:387-406.; Cozzarelli, I.M., Bekins, B.A., Baedecker, M.J., Aiken, G.R., Eaganhouse, R.P., and Tuccillo, m.E., 2001, Progression of natural attenuation processes at a crude-oil spill site--I. Geochemical evolution of the plume: Journal of Contaminant Hydrology, v. 53, pp. 369-385.",
ds_10,x9608,9608,9/12/1996,WI,8.76,0,xLO027,1Me3IsoPrBz_mgL,,0.0069,xLGC01,"Bekins, B.A., I.M. Cozzarelli, E.M. Godsy, E. Warren, H.I. Essaid, and M.E. Tuccillo, 2001, Progression of natural attenuation processes at a crude oil spill site II. Controls on spatial distribution of microbial populations, J. Contam. Hydrol., 53:387-406.; Cozzarelli, I.M., Bekins, B.A., Baedecker, M.J., Aiken, G.R., Eaganhouse, R.P., and Tuccillo, m.E., 2001, Progression of natural attenuation processes at a crude-oil spill site--I. Geochemical evolution of the plume: Journal of Contaminant Hydrology, v. 53, pp. 369-385.",
ds_10,x9608,9608,9/12/1996,WI,8.76,0,xLO030,1Me4IsoPrBz_mgL,,0.0055,xLGC01,"Bekins, B.A., I.M. Cozzarelli, E.M. Godsy, E. Warren, H.I. Essaid, and M.E. Tuccillo, 2001, Progression of natural attenuation processes at a crude oil spill site II. Controls on spatial distribution of microbial populations, J. Contam. Hydrol., 53:387-406.; Cozzarelli, I.M., Bekins, B.A., Baedecker, M.J., Aiken, G.R., Eaganhouse, R.P., and Tuccillo, m.E., 2001, Progression of natural attenuation processes at a crude-oil spill site--I. Geochemical evolution of the plume: Journal of Contaminant Hydrology, v. 53, pp. 369-385.",
ds_10,x9608,9608,9/12/1996,WI,8.76,0,xLO024,1Me2IsoPrBz_mgL,,0.0051,xLGC01,"Bekins, B.A., I.M. Cozzarelli, E.M. Godsy, E. Warren, H.I. Essaid, and M.E. Tuccillo, 2001, Progression of natural attenuation processes at a crude oil spill site II. Controls on spatial distribution of microbial populations, J. Contam. Hydrol., 53:387-406.; Cozzarelli, I.M., Bekins, B.A., Baedecker, M.J., Aiken, G.R., Eaganhouse, R.P., and Tuccillo, m.E., 2001, Progression of natural attenuation processes at a crude-oil spill site--I. Geochemical evolution of the plume: Journal of Contaminant Hydrology, v. 53, pp. 369-385.",
ds_10,x9608,9608,9/12/1996,WI,8.76,0,xLO016,13DEtBz_mgL,,0.0063,xLGC01,"Bekins, B.A., I.M. Cozzarelli, E.M. Godsy, E. Warren, H.I. Essaid, and M.E. Tuccillo, 2001, Progression of natural attenuation processes at a crude oil spill site II. Controls on spatial distribution of microbial populations, J. Contam. Hydrol., 53:387-406.; Cozzarelli, I.M., Bekins, B.A., Baedecker, M.J., Aiken, G.R., Eaganhouse, R.P., and Tuccillo, m.E., 2001, Progression of natural attenuation processes at a crude-oil spill site--I. Geochemical evolution of the plume: Journal of Contaminant Hydrology, v. 53, pp. 369-385.",
ds_10,x9608,9608,9/12/1996,WI,8.76,0,xLO028,1Me3PrBz_mgL,,0.0047,xLGC01,"Bekins, B.A., I.M. Cozzarelli, E.M. Godsy, E. Warren, H.I. Essaid, and M.E. Tuccillo, 2001, Progression of natural attenuation processes at a crude oil spill site II. Controls on spatial distribution of microbial populations, J. Contam. Hydrol., 53:387-406.; Cozzarelli, I.M., Bekins, B.A., Baedecker, M.J., Aiken, G.R., Eaganhouse, R.P., and Tuccillo, m.E., 2001, Progression of natural attenuation processes at a crude-oil spill site--I. Geochemical evolution of the plume: Journal of Contaminant Hydrology, v. 53, pp. 369-385.",
ds_10,x9608,9608,9/12/1996,WI,8.76,0,xLO031,1Me4PrBz_mgL,,0.0057,xLGC01,"Bekins, B.A., I.M. Cozzarelli, E.M. Godsy, E. Warren, H.I. Essaid, and M.E. Tuccillo, 2001, Progression of natural attenuation processes at a crude oil spill site II. Controls on spatial distribution of microbial populations, J. Contam. Hydrol., 53:387-406.; Cozzarelli, I.M., Bekins, B.A., Baedecker, M.J., Aiken, G.R., Eaganhouse, R.P., and Tuccillo, m.E., 2001, Progression of natural attenuation processes at a crude-oil spill site--I. Geochemical evolution of the plume: Journal of Contaminant Hydrology, v. 53, pp. 369-385.",
ds_10,x9608,9608,9/12/1996,WI,8.76,0,xLO020,14DEtBz_mgL,,0.005,xLGC01,"Bekins, B.A., I.M. Cozzarelli, E.M. Godsy, E. Warren, H.I. Essaid, and M.E. Tuccillo, 2001, Progression of natural attenuation processes at a crude oil spill site II. Controls on spatial distribution of microbial populations, J. Contam. Hydrol., 53:387-406.; Cozzarelli, I.M., Bekins, B.A., Baedecker, M.J., Aiken, G.R., Eaganhouse, R.P., and Tuccillo, m.E., 2001, Progression of natural attenuation processes at a crude-oil spill site--I. Geochemical evolution of the plume: Journal of Contaminant Hydrology, v. 53, pp. 369-385.",
ds_10,x9608,9608,9/12/1996,WI,8.76,0,xLO056,nButylBz_mgL,,0.0099,xLGC01,"Bekins, B.A., I.M. Cozzarelli, E.M. Godsy, E. Warren, H.I. Essaid, and M.E. Tuccillo, 2001, Progression of natural attenuation processes at a crude oil spill site II. Controls on spatial distribution of microbial populations, J. Contam. Hydrol., 53:387-406.; Cozzarelli, I.M., Bekins, B.A., Baedecker, M.J., Aiken, G.R., Eaganhouse, R.P., and Tuccillo, m.E., 2001, Progression of natural attenuation processes at a crude-oil spill site--I. Geochemical evolution of the plume: Journal of Contaminant Hydrology, v. 53, pp. 369-385.",
ds_10,x9608,9608,9/12/1996,WI,8.76,0,xLO019,13DMe5EtBz_mgL,,0.0063,xLGC01,"Bekins, B.A., I.M. Cozzarelli, E.M. Godsy, E. Warren, H.I. Essaid, and M.E. Tuccillo, 2001, Progression of natural attenuation processes at a crude oil spill site II. Controls on spatial distribution of microbial populations, J. Contam. Hydrol., 53:387-406.; Cozzarelli, I.M., Bekins, B.A., Baedecker, M.J., Aiken, G.R., Eaganhouse, R.P., and Tuccillo, m.E., 2001, Progression of natural attenuation processes at a crude-oil spill site--I. Geochemical evolution of the plume: Journal of Contaminant Hydrology, v. 53, pp. 369-385.",
ds_10,x9608,9608,9/12/1996,WI,8.76,0,xLO011,12DEtBz_mgL,,0.0083,xLGC01,"Bekins, B.A., I.M. Cozzarelli, E.M. Godsy, E. Warren, H.I. Essaid, and M.E. Tuccillo, 2001, Progression of natural attenuation processes at a crude oil spill site II. Controls on spatial distribution of microbial populations, J. Contam. Hydrol., 53:387-406.; Cozzarelli, I.M., Bekins, B.A., Baedecker, M.J., Aiken, G.R., Eaganhouse, R.P., and Tuccillo, m.E., 2001, Progression of natural attenuation processes at a crude-oil spill site--I. Geochemical evolution of the plume: Journal of Contaminant Hydrology, v. 53, pp. 369-385.",
ds_10,x9608,9608,9/12/1996,WI,8.76,0,xLO023,1Me2EtBz_mgL,,0.0068,xLGC01,"Bekins, B.A., I.M. Cozzarelli, E.M. Godsy, E. Warren, H.I. Essaid, and M.E. Tuccillo, 2001, Progression of natural attenuation processes at a crude oil spill site II. Controls on spatial distribution of microbial populations, J. Contam. Hydrol., 53:387-406.; Cozzarelli, I.M., Bekins, B.A., Baedecker, M.J., Aiken, G.R., Eaganhouse, R.P., and Tuccillo, m.E., 2001, Progression of natural attenuation processes at a crude-oil spill site--I. Geochemical evolution of the plume: Journal of Contaminant Hydrology, v. 53, pp. 369-385.",
ds_10,x9608,9608,9/12/1996,WI,8.76,0,xLO021,14DMe2EtBz_mgL,,0.0053,xLGC01,"Bekins, B.A., I.M. Cozzarelli, E.M. Godsy, E. Warren, H.I. Essaid, and M.E. Tuccillo, 2001, Progression of natural attenuation processes at a crude oil spill site II. Controls on spatial distribution of microbial populations, J. Contam. Hydrol., 53:387-406.; Cozzarelli, I.M., Bekins, B.A., Baedecker, M.J., Aiken, G.R., Eaganhouse, R.P., and Tuccillo, m.E., 2001, Progression of natural attenuation processes at a crude-oil spill site--I. Geochemical evolution of the plume: Journal of Contaminant Hydrology, v. 53, pp. 369-385.",
ds_10,x9608,9608,9/12/1996,WI,8.76,0,xLO018,13DMe4EtBz_mgL,,0.0016,xLGC01,"Bekins, B.A., I.M. Cozzarelli, E.M. Godsy, E. Warren, H.I. Essaid, and M.E. Tuccillo, 2001, Progression of natural attenuation processes at a crude oil spill site II. Controls on spatial distribution of microbial populations, J. Contam. Hydrol., 53:387-406.; Cozzarelli, I.M., Bekins, B.A., Baedecker, M.J., Aiken, G.R., Eaganhouse, R.P., and Tuccillo, m.E., 2001, Progression of natural attenuation processes at a crude-oil spill site--I. Geochemical evolution of the plume: Journal of Contaminant Hydrology, v. 53, pp. 369-385.",
ds_10,x9608,9608,9/12/1996,WI,8.76,0,xLO013,12DMe4EtBz_mgL,,0.0043,xLGC01,"Bekins, B.A., I.M. Cozzarelli, E.M. Godsy, E. Warren, H.I. Essaid, and M.E. Tuccillo, 2001, Progression of natural attenuation processes at a crude oil spill site II. Controls on spatial distribution of microbial populations, J. Contam. Hydrol., 53:387-406.; Cozzarelli, I.M., Bekins, B.A., Baedecker, M.J., Aiken, G.R., Eaganhouse, R.P., and Tuccillo, m.E., 2001, Progression of natural attenuation processes at a crude-oil spill site--I. Geochemical evolution of the plume: Journal of Contaminant Hydrology, v. 53, pp. 369-385.",
ds_10,x9608,9608,9/12/1996,WI,8.76,0,xLO017,13DMe2EtBz_mgL,,0.006,xLGC01,"Bekins, B.A., I.M. Cozzarelli, E.M. Godsy, E. Warren, H.I. Essaid, and M.E. Tuccillo, 2001, Progression of natural attenuation processes at a crude oil spill site II. Controls on spatial distribution of microbial populations, J. Contam. Hydrol., 53:387-406.; Cozzarelli, I.M., Bekins, B.A., Baedecker, M.J., Aiken, G.R., Eaganhouse, R.P., and Tuccillo, m.E., 2001, Progression of natural attenuation processes at a crude-oil spill site--I. Geochemical evolution of the plume: Journal of Contaminant Hydrology, v. 53, pp. 369-385.",
ds_10,x9608,9608,9/12/1996,WI,8.76,0,xLO012,12DMe3EtBz_mgL,,0.0051,xLGC01,"Bekins, B.A., I.M. Cozzarelli, E.M. Godsy, E. Warren, H.I. Essaid, and M.E. Tuccillo, 2001, Progression of natural attenuation processes at a crude oil spill site II. Controls on spatial distribution of microbial populations, J. Contam. Hydrol., 53:387-406.; Cozzarelli, I.M., Bekins, B.A., Baedecker, M.J., Aiken, G.R., Eaganhouse, R.P., and Tuccillo, m.E., 2001, Progression of natural attenuation processes at a crude-oil spill site--I. Geochemical evolution of the plume: Journal of Contaminant Hydrology, v. 53, pp. 369-385.",
ds_10,x9608,9608,9/12/1996,WI,8.76,0,xLO008,1245TMeBz_mgL,,0.005,xLGC01,"Bekins, B.A., I.M. Cozzarelli, E.M. Godsy, E. Warren, H.I. Essaid, and M.E. Tuccillo, 2001, Progression of natural attenuation processes at a crude oil spill site II. Controls on spatial distribution of microbial populations, J. Contam. Hydrol., 53:387-406.; Cozzarelli, I.M., Bekins, B.A., Baedecker, M.J., Aiken, G.R., Eaganhouse, R.P., and Tuccillo, m.E., 2001, Progression of natural attenuation processes at a crude-oil spill site--I. Geochemical evolution of the plume: Journal of Contaminant Hydrology, v. 53, pp. 369-385.",
ds_10,x9608,9608,9/12/1996,WI,8.76,0,xLO004,1235TMeBz_mgL,,0.0054,xLGC01,"Bekins, B.A., I.M. Cozzarelli, E.M. Godsy, E. Warren, H.I. Essaid, and M.E. Tuccillo, 2001, Progression of natural attenuation processes at a crude oil spill site II. Controls on spatial distribution of microbial populations, J. Contam. Hydrol., 53:387-406.; Cozzarelli, I.M., Bekins, B.A., Baedecker, M.J., Aiken, G.R., Eaganhouse, R.P., and Tuccillo, m.E., 2001, Progression of natural attenuation processes at a crude-oil spill site--I. Geochemical evolution of the plume: Journal of Contaminant Hydrology, v. 53, pp. 369-385.",
ds_10,x9608,9608,9/12/1996,WI,8.76,0,xLO002,1234TMeBz_mgL,,0.0176,xLGC01,"Bekins, B.A., I.M. Cozzarelli, E.M. Godsy, E. Warren, H.I. Essaid, and M.E. Tuccillo, 2001, Progression of natural attenuation processes at a crude oil spill site II. Controls on spatial distribution of microbial populations, J. Contam. Hydrol., 53:387-406.; Cozzarelli, I.M., Bekins, B.A., Baedecker, M.J., Aiken, G.R., Eaganhouse, R.P., and Tuccillo, m.E., 2001, Progression of natural attenuation processes at a crude-oil spill site--I. Geochemical evolution of the plume: Journal of Contaminant Hydrology, v. 53, pp. 369-385.",
ds_10,x9608,9608,9/12/1996,WI,8.76,0,xLO035,BTEX_mgL,,0.5097,xLCA03,"Bekins, B.A., I.M. Cozzarelli, E.M. Godsy, E. Warren, H.I. Essaid, and M.E. Tuccillo, 2001, Progression of natural attenuation processes at a crude oil spill site II. Controls on spatial distribution of microbial populations, J. Contam. Hydrol., 53:387-406.; Cozzarelli, I.M., Bekins, B.A., Baedecker, M.J., Aiken, G.R., Eaganhouse, R.P., and Tuccillo, m.E., 2001, Progression of natural attenuation processes at a crude-oil spill site--I. Geochemical evolution of the plume: Journal of Contaminant Hydrology, v. 53, pp. 369-385.",
ds_10,x9608,9608,9/12/1996,WI,8.76,90,xLS439,1Et3MeBz_mgL,,0.0029,xLGC01,"Bekins, B.A., I.M. Cozzarelli, E.M. Godsy, E. Warren, H.I. Essaid, and M.E. Tuccillo, 2001, Progression of natural attenuation processes at a crude oil spill site II. Controls on spatial distribution of microbial populations, J. Contam. Hydrol., 53:387-406.; Cozzarelli, I.M., Bekins, B.A., Baedecker, M.J., Aiken, G.R., Eaganhouse, R.P., and Tuccillo, m.E., 2001, Progression of natural attenuation processes at a crude-oil spill site--I. Geochemical evolution of the plume: Journal of Contaminant Hydrology, v. 53, pp. 369-385.",
ds_10,x9608,9608,9/12/1996,WI,8.76,30,x68831,CH4_mgL,,3.027,xLC005,"Bekins, B.A., I.M. Cozzarelli, E.M. Godsy, E. Warren, H.I. Essaid, and M.E. Tuccillo, 2001, Progression of natural attenuation processes at a crude oil spill site II. Controls on spatial distribution of microbial populations, J. Contam. Hydrol., 53:387-406.; Cozzarelli, I.M., Bekins, B.A., Baedecker, M.J., Aiken, G.R., Eaganhouse, R.P., and Tuccillo, m.E., 2001, Progression of natural attenuation processes at a crude-oil spill site--I. Geochemical evolution of the plume: Journal of Contaminant Hydrology, v. 53, pp. 369-385.",
ds_10,x9608,9608,9/12/1996,WI,8.76,30,xLO065,NVDOC_mgL,,12.6,xLCID2,"Bekins, B.A., I.M. Cozzarelli, E.M. Godsy, E. Warren, H.I. Essaid, and M.E. Tuccillo, 2001, Progression of natural attenuation processes at a crude oil spill site II. Controls on spatial distribution of microbial populations, J. Contam. Hydrol., 53:387-406.; Cozzarelli, I.M., Bekins, B.A., Baedecker, M.J., Aiken, G.R., Eaganhouse, R.P., and Tuccillo, m.E., 2001, Progression of natural attenuation processes at a crude-oil spill site--I. Geochemical evolution of the plume: Journal of Contaminant Hydrology, v. 53, pp. 369-385.",
ds_10,x9608,9608,9/12/1996,WI,8.76,45,x46123,Fe_2_mgL,,41.49,xLC006,"Bekins, B.A., I.M. Cozzarelli, E.M. Godsy, E. Warren, H.I. Essaid, and M.E. Tuccillo, 2001, Progression of natural attenuation processes at a crude oil spill site II. Controls on spatial distribution of microbial populations, J. Contam. Hydrol., 53:387-406.; Cozzarelli, I.M., Bekins, B.A., Baedecker, M.J., Aiken, G.R., Eaganhouse, R.P., and Tuccillo, m.E., 2001, Progression of natural attenuation processes at a crude-oil spill site--I. Geochemical evolution of the plume: Journal of Contaminant Hydrology, v. 53, pp. 369-385.",
ds_10,x9608,9608,9/12/1996,WI,8.76,45,x68831,CH4_mgL,,2.584,xLC005,"Bekins, B.A., I.M. Cozzarelli, E.M. Godsy, E. Warren, H.I. Essaid, and M.E. Tuccillo, 2001, Progression of natural attenuation processes at a crude oil spill site II. Controls on spatial distribution of microbial populations, J. Contam. Hydrol., 53:387-406.; Cozzarelli, I.M., Bekins, B.A., Baedecker, M.J., Aiken, G.R., Eaganhouse, R.P., and Tuccillo, m.E., 2001, Progression of natural attenuation processes at a crude-oil spill site--I. Geochemical evolution of the plume: Journal of Contaminant Hydrology, v. 53, pp. 369-385.",
ds_10,x9608,9608,9/12/1996,WI,8.76,45,xLO065,NVDOC_mgL,,15.3,xLCID2,"Bekins, B.A., I.M. Cozzarelli, E.M. Godsy, E. Warren, H.I. Essaid, and M.E. Tuccillo, 2001, Progression of natural attenuation processes at a crude oil spill site II. Controls on spatial distribution of microbial populations, J. Contam. Hydrol., 53:387-406.; Cozzarelli, I.M., Bekins, B.A., Baedecker, M.J., Aiken, G.R., Eaganhouse, R.P., and Tuccillo, m.E., 2001, Progression of natural attenuation processes at a crude-oil spill site--I. Geochemical evolution of the plume: Journal of Contaminant Hydrology, v. 53, pp. 369-385.",
ds_10,x9608,9608,9/12/1996,WI,8.76,45,xLO037,Bz_mgL,,1.0721,xLGC01,"Bekins, B.A., I.M. Cozzarelli, E.M. Godsy, E. Warren, H.I. Essaid, and M.E. Tuccillo, 2001, Progression of natural attenuation processes at a crude oil spill site II. Controls on spatial distribution of microbial populations, J. Contam. Hydrol., 53:387-406.; Cozzarelli, I.M., Bekins, B.A., Baedecker, M.J., Aiken, G.R., Eaganhouse, R.P., and Tuccillo, m.E., 2001, Progression of natural attenuation processes at a crude-oil spill site--I. Geochemical evolution of the plume: Journal of Contaminant Hydrology, v. 53, pp. 369-385.",
ds_10,x9608,9608,9/12/1996,WI,8.76,45,xLO073,Tol_mgL,,0.0136,xLGC01,"Bekins, B.A., I.M. Cozzarelli, E.M. Godsy, E. Warren, H.I. Essaid, and M.E. Tuccillo, 2001, Progression of natural attenuation processes at a crude oil spill site II. Controls on spatial distribution of microbial populations, J. Contam. Hydrol., 53:387-406.; Cozzarelli, I.M., Bekins, B.A., Baedecker, M.J., Aiken, G.R., Eaganhouse, R.P., and Tuccillo, m.E., 2001, Progression of natural attenuation processes at a crude-oil spill site--I. Geochemical evolution of the plume: Journal of Contaminant Hydrology, v. 53, pp. 369-385.",
ds_10,x9608,9608,9/12/1996,WI,8.76,45,xLO042,EtBz_mgL,,0.0897,xLGC01,"Bekins, B.A., I.M. Cozzarelli, E.M. Godsy, E. Warren, H.I. Essaid, and M.E. Tuccillo, 2001, Progression of natural attenuation processes at a crude oil spill site II. Controls on spatial distribution of microbial populations, J. Contam. Hydrol., 53:387-406.; Cozzarelli, I.M., Bekins, B.A., Baedecker, M.J., Aiken, G.R., Eaganhouse, R.P., and Tuccillo, m.E., 2001, Progression of natural attenuation processes at a crude-oil spill site--I. Geochemical evolution of the plume: Journal of Contaminant Hydrology, v. 53, pp. 369-385.",
ds_10,x9608,9608,9/12/1996,WI,8.76,45,xLO052,mpxyl_mgL,,0.0445,xLGC01,"Bekins, B.A., I.M. Cozzarelli, E.M. Godsy, E. Warren, H.I. Essaid, and M.E. Tuccillo, 2001, Progression of natural attenuation processes at a crude oil spill site II. Controls on spatial distribution of microbial populations, J. Contam. Hydrol., 53:387-406.; Cozzarelli, I.M., Bekins, B.A., Baedecker, M.J., Aiken, G.R., Eaganhouse, R.P., and Tuccillo, m.E., 2001, Progression of natural attenuation processes at a crude-oil spill site--I. Geochemical evolution of the plume: Journal of Contaminant Hydrology, v. 53, pp. 369-385.",
ds_10,x9608,9608,9/12/1996,WI,8.76,45,xLO067,oxyl_mgL,,0.0102,xLGC01,"Bekins, B.A., I.M. Cozzarelli, E.M. Godsy, E. Warren, H.I. Essaid, and M.E. Tuccillo, 2001, Progression of natural attenuation processes at a crude oil spill site II. Controls on spatial distribution of microbial populations, J. Contam. Hydrol., 53:387-406.; Cozzarelli, I.M., Bekins, B.A., Baedecker, M.J., Aiken, G.R., Eaganhouse, R.P., and Tuccillo, m.E., 2001, Progression of natural attenuation processes at a crude-oil spill site--I. Geochemical evolution of the plume: Journal of Contaminant Hydrology, v. 53, pp. 369-385.",
ds_10,x9608,9608,9/12/1996,WI,8.76,45,xLO050,IsoPrBz_mgL,,0.0166,xLGC01,"Bekins, B.A., I.M. Cozzarelli, E.M. Godsy, E. Warren, H.I. Essaid, and M.E. Tuccillo, 2001, Progression of natural attenuation processes at a crude oil spill site II. Controls on spatial distribution of microbial populations, J. Contam. Hydrol., 53:387-406.; Cozzarelli, I.M., Bekins, B.A., Baedecker, M.J., Aiken, G.R., Eaganhouse, R.P., and Tuccillo, m.E., 2001, Progression of natural attenuation processes at a crude-oil spill site--I. Geochemical evolution of the plume: Journal of Contaminant Hydrology, v. 53, pp. 369-385.",
ds_10,x9608,9608,9/12/1996,WI,8.76,45,xLO064,nPrBz_mgL,,0.0245,xLGC01,"Bekins, B.A., I.M. Cozzarelli, E.M. Godsy, E. Warren, H.I. Essaid, and M.E. Tuccillo, 2001, Progression of natural attenuation processes at a crude oil spill site II. Controls on spatial distribution of microbial populations, J. Contam. Hydrol., 53:387-406.; Cozzarelli, I.M., Bekins, B.A., Baedecker, M.J., Aiken, G.R., Eaganhouse, R.P., and Tuccillo, m.E., 2001, Progression of natural attenuation processes at a crude-oil spill site--I. Geochemical evolution of the plume: Journal of Contaminant Hydrology, v. 53, pp. 369-385.",
ds_10,x9608,9608,9/12/1996,WI,8.76,105,xLS439,1Et3MeBz_mgL,,8.00E-04,xLGC01,"Bekins, B.A., I.M. Cozzarelli, E.M. Godsy, E. Warren, H.I. Essaid, and M.E. Tuccillo, 2001, Progression of natural attenuation processes at a crude oil spill site II. Controls on spatial distribution of microbial populations, J. Contam. Hydrol., 53:387-406.; Cozzarelli, I.M., Bekins, B.A., Baedecker, M.J., Aiken, G.R., Eaganhouse, R.P., and Tuccillo, m.E., 2001, Progression of natural attenuation processes at a crude-oil spill site--I. Geochemical evolution of the plume: Journal of Contaminant Hydrology, v. 53, pp. 369-385.",
ds_10,x9608,9608,9/12/1996,WI,8.76,120,xLS439,1Et3MeBz_mgL,,0.0016,xLGC01,"Bekins, B.A., I.M. Cozzarelli, E.M. Godsy, E. Warren, H.I. Essaid, and M.E. Tuccillo, 2001, Progression of natural attenuation processes at a crude oil spill site II. Controls on spatial distribution of microbial populations, J. Contam. Hydrol., 53:387-406.; Cozzarelli, I.M., Bekins, B.A., Baedecker, M.J., Aiken, G.R., Eaganhouse, R.P., and Tuccillo, m.E., 2001, Progression of natural attenuation processes at a crude-oil spill site--I. Geochemical evolution of the plume: Journal of Contaminant Hydrology, v. 53, pp. 369-385.",
ds_10,x9608,9608,9/12/1996,WI,8.76,45,xLO015,135TMeBz_mgL,,0.0234,xLGC01,"Bekins, B.A., I.M. Cozzarelli, E.M. Godsy, E. Warren, H.I. Essaid, and M.E. Tuccillo, 2001, Progression of natural attenuation processes at a crude oil spill site II. Controls on spatial distribution of microbial populations, J. Contam. Hydrol., 53:387-406.; Cozzarelli, I.M., Bekins, B.A., Baedecker, M.J., Aiken, G.R., Eaganhouse, R.P., and Tuccillo, m.E., 2001, Progression of natural attenuation processes at a crude-oil spill site--I. Geochemical evolution of the plume: Journal of Contaminant Hydrology, v. 53, pp. 369-385.",
ds_10,x9608,9608,9/12/1996,WI,8.76,135,xLS439,1Et3MeBz_mgL,,0.0062,xLGC01,"Bekins, B.A., I.M. Cozzarelli, E.M. Godsy, E. Warren, H.I. Essaid, and M.E. Tuccillo, 2001, Progression of natural attenuation processes at a crude oil spill site II. Controls on spatial distribution of microbial populations, J. Contam. Hydrol., 53:387-406.; Cozzarelli, I.M., Bekins, B.A., Baedecker, M.J., Aiken, G.R., Eaganhouse, R.P., and Tuccillo, m.E., 2001, Progression of natural attenuation processes at a crude-oil spill site--I. Geochemical evolution of the plume: Journal of Contaminant Hydrology, v. 53, pp. 369-385.",
ds_10,x9608,9608,9/12/1996,WI,8.76,165,xLS439,1Et3MeBz_mgL,,0.0077,xLGC01,"Bekins, B.A., I.M. Cozzarelli, E.M. Godsy, E. Warren, H.I. Essaid, and M.E. Tuccillo, 2001, Progression of natural attenuation processes at a crude oil spill site II. Controls on spatial distribution of microbial populations, J. Contam. Hydrol., 53:387-406.; Cozzarelli, I.M., Bekins, B.A., Baedecker, M.J., Aiken, G.R., Eaganhouse, R.P., and Tuccillo, m.E., 2001, Progression of natural attenuation processes at a crude-oil spill site--I. Geochemical evolution of the plume: Journal of Contaminant Hydrology, v. 53, pp. 369-385.",
ds_10,x9608,9608,9/12/1996,WI,8.76,45,xLO010,124TMeBz_mgL,,0.0324,xLGC01,"Bekins, B.A., I.M. Cozzarelli, E.M. Godsy, E. Warren, H.I. Essaid, and M.E. Tuccillo, 2001, Progression of natural attenuation processes at a crude oil spill site II. Controls on spatial distribution of microbial populations, J. Contam. Hydrol., 53:387-406.; Cozzarelli, I.M., Bekins, B.A., Baedecker, M.J., Aiken, G.R., Eaganhouse, R.P., and Tuccillo, m.E., 2001, Progression of natural attenuation processes at a crude-oil spill site--I. Geochemical evolution of the plume: Journal of Contaminant Hydrology, v. 53, pp. 369-385.",
ds_10,x9609,9609,9/12/1996,WI,8.76,15,xLS439,1Et3MeBz_mgL,,0.054,xLGC01,"Bekins, B.A., I.M. Cozzarelli, E.M. Godsy, E. Warren, H.I. Essaid, and M.E. Tuccillo, 2001, Progression of natural attenuation processes at a crude oil spill site II. Controls on spatial distribution of microbial populations, J. Contam. Hydrol., 53:387-406.; Cozzarelli, I.M., Bekins, B.A., Baedecker, M.J., Aiken, G.R., Eaganhouse, R.P., and Tuccillo, m.E., 2001, Progression of natural attenuation processes at a crude-oil spill site--I. Geochemical evolution of the plume: Journal of Contaminant Hydrology, v. 53, pp. 369-385.",
ds_10,x9609,9609,9/12/1996,WI,8.76,30,xLS439,1Et3MeBz_mgL,,0.1076,xLGC01,"Bekins, B.A., I.M. Cozzarelli, E.M. Godsy, E. Warren, H.I. Essaid, and M.E. Tuccillo, 2001, Progression of natural attenuation processes at a crude oil spill site II. Controls on spatial distribution of microbial populations, J. Contam. Hydrol., 53:387-406.; Cozzarelli, I.M., Bekins, B.A., Baedecker, M.J., Aiken, G.R., Eaganhouse, R.P., and Tuccillo, m.E., 2001, Progression of natural attenuation processes at a crude-oil spill site--I. Geochemical evolution of the plume: Journal of Contaminant Hydrology, v. 53, pp. 369-385.",
ds_10,x9608,9608,9/12/1996,WI,8.76,45,xLO006,123TMeBz_mgL,,0.0181,xLGC01,"Bekins, B.A., I.M. Cozzarelli, E.M. Godsy, E. Warren, H.I. Essaid, and M.E. Tuccillo, 2001, Progression of natural attenuation processes at a crude oil spill site II. Controls on spatial distribution of microbial populations, J. Contam. Hydrol., 53:387-406.; Cozzarelli, I.M., Bekins, B.A., Baedecker, M.J., Aiken, G.R., Eaganhouse, R.P., and Tuccillo, m.E., 2001, Progression of natural attenuation processes at a crude-oil spill site--I. Geochemical evolution of the plume: Journal of Contaminant Hydrology, v. 53, pp. 369-385.",
ds_10,x9608,9608,9/12/1996,WI,8.76,45,xLO027,1Me3IsoPrBz_mgL,,0.0162,xLGC01,"Bekins, B.A., I.M. Cozzarelli, E.M. Godsy, E. Warren, H.I. Essaid, and M.E. Tuccillo, 2001, Progression of natural attenuation processes at a crude oil spill site II. Controls on spatial distribution of microbial populations, J. Contam. Hydrol., 53:387-406.; Cozzarelli, I.M., Bekins, B.A., Baedecker, M.J., Aiken, G.R., Eaganhouse, R.P., and Tuccillo, m.E., 2001, Progression of natural attenuation processes at a crude-oil spill site--I. Geochemical evolution of the plume: Journal of Contaminant Hydrology, v. 53, pp. 369-385.",
ds_10,x9608,9608,9/12/1996,WI,8.76,45,xLO030,1Me4IsoPrBz_mgL,,0.0148,xLGC01,"Bekins, B.A., I.M. Cozzarelli, E.M. Godsy, E. Warren, H.I. Essaid, and M.E. Tuccillo, 2001, Progression of natural attenuation processes at a crude oil spill site II. Controls on spatial distribution of microbial populations, J. Contam. Hydrol., 53:387-406.; Cozzarelli, I.M., Bekins, B.A., Baedecker, M.J., Aiken, G.R., Eaganhouse, R.P., and Tuccillo, m.E., 2001, Progression of natural attenuation processes at a crude-oil spill site--I. Geochemical evolution of the plume: Journal of Contaminant Hydrology, v. 53, pp. 369-385.",
ds_10,x9608,9608,9/12/1996,WI,8.76,45,xLO024,1Me2IsoPrBz_mgL,,0.0182,xLGC01,"Bekins, B.A., I.M. Cozzarelli, E.M. Godsy, E. Warren, H.I. Essaid, and M.E. Tuccillo, 2001, Progression of natural attenuation processes at a crude oil spill site II. Controls on spatial distribution of microbial populations, J. Contam. Hydrol., 53:387-406.; Cozzarelli, I.M., Bekins, B.A., Baedecker, M.J., Aiken, G.R., Eaganhouse, R.P., and Tuccillo, m.E., 2001, Progression of natural attenuation processes at a crude-oil spill site--I. Geochemical evolution of the plume: Journal of Contaminant Hydrology, v. 53, pp. 369-385.",
ds_10,x9608,9608,9/12/1996,WI,8.76,45,xLO016,13DEtBz_mgL,,0.0163,xLGC01,"Bekins, B.A., I.M. Cozzarelli, E.M. Godsy, E. Warren, H.I. Essaid, and M.E. Tuccillo, 2001, Progression of natural attenuation processes at a crude oil spill site II. Controls on spatial distribution of microbial populations, J. Contam. Hydrol., 53:387-406.; Cozzarelli, I.M., Bekins, B.A., Baedecker, M.J., Aiken, G.R., Eaganhouse, R.P., and Tuccillo, m.E., 2001, Progression of natural attenuation processes at a crude-oil spill site--I. Geochemical evolution of the plume: Journal of Contaminant Hydrology, v. 53, pp. 369-385.",
ds_10,x9608,9608,9/12/1996,WI,8.76,45,xLO028,1Me3PrBz_mgL,,0.02,xLGC01,"Bekins, B.A., I.M. Cozzarelli, E.M. Godsy, E. Warren, H.I. Essaid, and M.E. Tuccillo, 2001, Progression of natural attenuation processes at a crude oil spill site II. Controls on spatial distribution of microbial populations, J. Contam. Hydrol., 53:387-406.; Cozzarelli, I.M., Bekins, B.A., Baedecker, M.J., Aiken, G.R., Eaganhouse, R.P., and Tuccillo, m.E., 2001, Progression of natural attenuation processes at a crude-oil spill site--I. Geochemical evolution of the plume: Journal of Contaminant Hydrology, v. 53, pp. 369-385.",
ds_10,x9608,9608,9/12/1996,WI,8.76,45,xLO031,1Me4PrBz_mgL,,0.0236,xLGC01,"Bekins, B.A., I.M. Cozzarelli, E.M. Godsy, E. Warren, H.I. Essaid, and M.E. Tuccillo, 2001, Progression of natural attenuation processes at a crude oil spill site II. Controls on spatial distribution of microbial populations, J. Contam. Hydrol., 53:387-406.; Cozzarelli, I.M., Bekins, B.A., Baedecker, M.J., Aiken, G.R., Eaganhouse, R.P., and Tuccillo, m.E., 2001, Progression of natural attenuation processes at a crude-oil spill site--I. Geochemical evolution of the plume: Journal of Contaminant Hydrology, v. 53, pp. 369-385.",
ds_10,x9608,9608,9/12/1996,WI,8.76,45,xLO020,14DEtBz_mgL,,0.0205,xLGC01,"Bekins, B.A., I.M. Cozzarelli, E.M. Godsy, E. Warren, H.I. Essaid, and M.E. Tuccillo, 2001, Progression of natural attenuation processes at a crude oil spill site II. Controls on spatial distribution of microbial populations, J. Contam. Hydrol., 53:387-406.; Cozzarelli, I.M., Bekins, B.A., Baedecker, M.J., Aiken, G.R., Eaganhouse, R.P., and Tuccillo, m.E., 2001, Progression of natural attenuation processes at a crude-oil spill site--I. Geochemical evolution of the plume: Journal of Contaminant Hydrology, v. 53, pp. 369-385.",
ds_10,x9608,9608,9/12/1996,WI,8.76,45,xLO056,nButylBz_mgL,,0.0328,xLGC01,"Bekins, B.A., I.M. Cozzarelli, E.M. Godsy, E. Warren, H.I. Essaid, and M.E. Tuccillo, 2001, Progression of natural attenuation processes at a crude oil spill site II. Controls on spatial distribution of microbial populations, J. Contam. Hydrol., 53:387-406.; Cozzarelli, I.M., Bekins, B.A., Baedecker, M.J., Aiken, G.R., Eaganhouse, R.P., and Tuccillo, m.E., 2001, Progression of natural attenuation processes at a crude-oil spill site--I. Geochemical evolution of the plume: Journal of Contaminant Hydrology, v. 53, pp. 369-385.",
ds_10,x9608,9608,9/12/1996,WI,8.76,45,xLO019,13DMe5EtBz_mgL,,0.0146,xLGC01,"Bekins, B.A., I.M. Cozzarelli, E.M. Godsy, E. Warren, H.I. Essaid, and M.E. Tuccillo, 2001, Progression of natural attenuation processes at a crude oil spill site II. Controls on spatial distribution of microbial populations, J. Contam. Hydrol., 53:387-406.; Cozzarelli, I.M., Bekins, B.A., Baedecker, M.J., Aiken, G.R., Eaganhouse, R.P., and Tuccillo, m.E., 2001, Progression of natural attenuation processes at a crude-oil spill site--I. Geochemical evolution of the plume: Journal of Contaminant Hydrology, v. 53, pp. 369-385.",
ds_10,x9608,9608,9/12/1996,WI,8.76,45,xLO011,12DEtBz_mgL,,0.0212,xLGC01,"Bekins, B.A., I.M. Cozzarelli, E.M. Godsy, E. Warren, H.I. Essaid, and M.E. Tuccillo, 2001, Progression of natural attenuation processes at a crude oil spill site II. Controls on spatial distribution of microbial populations, J. Contam. Hydrol., 53:387-406.; Cozzarelli, I.M., Bekins, B.A., Baedecker, M.J., Aiken, G.R., Eaganhouse, R.P., and Tuccillo, m.E., 2001, Progression of natural attenuation processes at a crude-oil spill site--I. Geochemical evolution of the plume: Journal of Contaminant Hydrology, v. 53, pp. 369-385.",
ds_10,x9608,9608,9/12/1996,WI,8.76,45,xLO023,1Me2EtBz_mgL,,0.0254,xLGC01,"Bekins, B.A., I.M. Cozzarelli, E.M. Godsy, E. Warren, H.I. Essaid, and M.E. Tuccillo, 2001, Progression of natural attenuation processes at a crude oil spill site II. Controls on spatial distribution of microbial populations, J. Contam. Hydrol., 53:387-406.; Cozzarelli, I.M., Bekins, B.A., Baedecker, M.J., Aiken, G.R., Eaganhouse, R.P., and Tuccillo, m.E., 2001, Progression of natural attenuation processes at a crude-oil spill site--I. Geochemical evolution of the plume: Journal of Contaminant Hydrology, v. 53, pp. 369-385.",
ds_10,x9608,9608,9/12/1996,WI,8.76,45,xLO021,14DMe2EtBz_mgL,,0.0176,xLGC01,"Bekins, B.A., I.M. Cozzarelli, E.M. Godsy, E. Warren, H.I. Essaid, and M.E. Tuccillo, 2001, Progression of natural attenuation processes at a crude oil spill site II. Controls on spatial distribution of microbial populations, J. Contam. Hydrol., 53:387-406.; Cozzarelli, I.M., Bekins, B.A., Baedecker, M.J., Aiken, G.R., Eaganhouse, R.P., and Tuccillo, m.E., 2001, Progression of natural attenuation processes at a crude-oil spill site--I. Geochemical evolution of the plume: Journal of Contaminant Hydrology, v. 53, pp. 369-385.",
ds_10,x9608,9608,9/12/1996,WI,8.76,45,xLO018,13DMe4EtBz_mgL,,0.0028,xLGC01,"Bekins, B.A., I.M. Cozzarelli, E.M. Godsy, E. Warren, H.I. Essaid, and M.E. Tuccillo, 2001, Progression of natural attenuation processes at a crude oil spill site II. Controls on spatial distribution of microbial populations, J. Contam. Hydrol., 53:387-406.; Cozzarelli, I.M., Bekins, B.A., Baedecker, M.J., Aiken, G.R., Eaganhouse, R.P., and Tuccillo, m.E., 2001, Progression of natural attenuation processes at a crude-oil spill site--I. Geochemical evolution of the plume: Journal of Contaminant Hydrology, v. 53, pp. 369-385.",
ds_10,x9608,9608,9/12/1996,WI,8.76,45,xLO013,12DMe4EtBz_mgL,,0.0166,xLGC01,"Bekins, B.A., I.M. Cozzarelli, E.M. Godsy, E. Warren, H.I. Essaid, and M.E. Tuccillo, 2001, Progression of natural attenuation processes at a crude oil spill site II. Controls on spatial distribution of microbial populations, J. Contam. Hydrol., 53:387-406.; Cozzarelli, I.M., Bekins, B.A., Baedecker, M.J., Aiken, G.R., Eaganhouse, R.P., and Tuccillo, m.E., 2001, Progression of natural attenuation processes at a crude-oil spill site--I. Geochemical evolution of the plume: Journal of Contaminant Hydrology, v. 53, pp. 369-385.",
ds_10,x9608,9608,9/12/1996,WI,8.76,45,xLO017,13DMe2EtBz_mgL,,0.0194,xLGC01,"Bekins, B.A., I.M. Cozzarelli, E.M. Godsy, E. Warren, H.I. Essaid, and M.E. Tuccillo, 2001, Progression of natural attenuation processes at a crude oil spill site II. Controls on spatial distribution of microbial populations, J. Contam. Hydrol., 53:387-406.; Cozzarelli, I.M., Bekins, B.A., Baedecker, M.J., Aiken, G.R., Eaganhouse, R.P., and Tuccillo, m.E., 2001, Progression of natural attenuation processes at a crude-oil spill site--I. Geochemical evolution of the plume: Journal of Contaminant Hydrology, v. 53, pp. 369-385.",
ds_10,x9608,9608,9/12/1996,WI,8.76,45,xLO012,12DMe3EtBz_mgL,,0.0195,xLGC01,"Bekins, B.A., I.M. Cozzarelli, E.M. Godsy, E. Warren, H.I. Essaid, and M.E. Tuccillo, 2001, Progression of natural attenuation processes at a crude oil spill site II. Controls on spatial distribution of microbial populations, J. Contam. Hydrol., 53:387-406.; Cozzarelli, I.M., Bekins, B.A., Baedecker, M.J., Aiken, G.R., Eaganhouse, R.P., and Tuccillo, m.E., 2001, Progression of natural attenuation processes at a crude-oil spill site--I. Geochemical evolution of the plume: Journal of Contaminant Hydrology, v. 53, pp. 369-385.",
ds_10,x9608,9608,9/12/1996,WI,8.76,45,xLO008,1245TMeBz_mgL,,0.0202,xLGC01,"Bekins, B.A., I.M. Cozzarelli, E.M. Godsy, E. Warren, H.I. Essaid, and M.E. Tuccillo, 2001, Progression of natural attenuation processes at a crude oil spill site II. Controls on spatial distribution of microbial populations, J. Contam. Hydrol., 53:387-406.; Cozzarelli, I.M., Bekins, B.A., Baedecker, M.J., Aiken, G.R., Eaganhouse, R.P., and Tuccillo, m.E., 2001, Progression of natural attenuation processes at a crude-oil spill site--I. Geochemical evolution of the plume: Journal of Contaminant Hydrology, v. 53, pp. 369-385.",
ds_10,x9608,9608,9/12/1996,WI,8.76,45,xLO004,1235TMeBz_mgL,,0.0238,xLGC01,"Bekins, B.A., I.M. Cozzarelli, E.M. Godsy, E. Warren, H.I. Essaid, and M.E. Tuccillo, 2001, Progression of natural attenuation processes at a crude oil spill site II. Controls on spatial distribution of microbial populations, J. Contam. Hydrol., 53:387-406.; Cozzarelli, I.M., Bekins, B.A., Baedecker, M.J., Aiken, G.R., Eaganhouse, R.P., and Tuccillo, m.E., 2001, Progression of natural attenuation processes at a crude-oil spill site--I. Geochemical evolution of the plume: Journal of Contaminant Hydrology, v. 53, pp. 369-385.",
ds_10,x9608,9608,9/12/1996,WI,8.76,45,xLO002,1234TMeBz_mgL,,0.038,xLGC01,"Bekins, B.A., I.M. Cozzarelli, E.M. Godsy, E. Warren, H.I. Essaid, and M.E. Tuccillo, 2001, Progression of natural attenuation processes at a crude oil spill site II. Controls on spatial distribution of microbial populations, J. Contam. Hydrol., 53:387-406.; Cozzarelli, I.M., Bekins, B.A., Baedecker, M.J., Aiken, G.R., Eaganhouse, R.P., and Tuccillo, m.E., 2001, Progression of natural attenuation processes at a crude-oil spill site--I. Geochemical evolution of the plume: Journal of Contaminant Hydrology, v. 53, pp. 369-385.",
ds_10,x9608,9608,9/12/1996,WI,8.76,45,xLO035,BTEX_mgL,,1.2301,xLCA03,"Bekins, B.A., I.M. Cozzarelli, E.M. Godsy, E. Warren, H.I. Essaid, and M.E. Tuccillo, 2001, Progression of natural attenuation processes at a crude oil spill site II. Controls on spatial distribution of microbial populations, J. Contam. Hydrol., 53:387-406.; Cozzarelli, I.M., Bekins, B.A., Baedecker, M.J., Aiken, G.R., Eaganhouse, R.P., and Tuccillo, m.E., 2001, Progression of natural attenuation processes at a crude-oil spill site--I. Geochemical evolution of the plume: Journal of Contaminant Hydrology, v. 53, pp. 369-385.",
ds_10,x9609,9609,9/12/1996,WI,8.76,45,xLS439,1Et3MeBz_mgL,,0.0296,xLGC01,"Bekins, B.A., I.M. Cozzarelli, E.M. Godsy, E. Warren, H.I. Essaid, and M.E. Tuccillo, 2001, Progression of natural attenuation processes at a crude oil spill site II. Controls on spatial distribution of microbial populations, J. Contam. Hydrol., 53:387-406.; Cozzarelli, I.M., Bekins, B.A., Baedecker, M.J., Aiken, G.R., Eaganhouse, R.P., and Tuccillo, m.E., 2001, Progression of natural attenuation processes at a crude-oil spill site--I. Geochemical evolution of the plume: Journal of Contaminant Hydrology, v. 53, pp. 369-385.",
ds_10,x9608,9608,9/12/1996,WI,8.76,60,x46123,Fe_2_mgL,,42.06,xLC006,"Bekins, B.A., I.M. Cozzarelli, E.M. Godsy, E. Warren, H.I. Essaid, and M.E. Tuccillo, 2001, Progression of natural attenuation processes at a crude oil spill site II. Controls on spatial distribution of microbial populations, J. Contam. Hydrol., 53:387-406.; Cozzarelli, I.M., Bekins, B.A., Baedecker, M.J., Aiken, G.R., Eaganhouse, R.P., and Tuccillo, m.E., 2001, Progression of natural attenuation processes at a crude-oil spill site--I. Geochemical evolution of the plume: Journal of Contaminant Hydrology, v. 53, pp. 369-385.",
ds_10,x9608,9608,9/12/1996,WI,8.76,60,x68831,CH4_mgL,,6.031,xLC005,"Bekins, B.A., I.M. Cozzarelli, E.M. Godsy, E. Warren, H.I. Essaid, and M.E. Tuccillo, 2001, Progression of natural attenuation processes at a crude oil spill site II. Controls on spatial distribution of microbial populations, J. Contam. Hydrol., 53:387-406.; Cozzarelli, I.M., Bekins, B.A., Baedecker, M.J., Aiken, G.R., Eaganhouse, R.P., and Tuccillo, m.E., 2001, Progression of natural attenuation processes at a crude-oil spill site--I. Geochemical evolution of the plume: Journal of Contaminant Hydrology, v. 53, pp. 369-385.",
ds_10,x9608,9608,9/12/1996,WI,8.76,60,xLO065,NVDOC_mgL,,18.8,xLCID2,"Bekins, B.A., I.M. Cozzarelli, E.M. Godsy, E. Warren, H.I. Essaid, and M.E. Tuccillo, 2001, Progression of natural attenuation processes at a crude oil spill site II. Controls on spatial distribution of microbial populations, J. Contam. Hydrol., 53:387-406.; Cozzarelli, I.M., Bekins, B.A., Baedecker, M.J., Aiken, G.R., Eaganhouse, R.P., and Tuccillo, m.E., 2001, Progression of natural attenuation processes at a crude-oil spill site--I. Geochemical evolution of the plume: Journal of Contaminant Hydrology, v. 53, pp. 369-385.",
ds_10,x9608,9608,9/12/1996,WI,8.76,60,xLO037,Bz_mgL,,2.7537,xLGC01,"Bekins, B.A., I.M. Cozzarelli, E.M. Godsy, E. Warren, H.I. Essaid, and M.E. Tuccillo, 2001, Progression of natural attenuation processes at a crude oil spill site II. Controls on spatial distribution of microbial populations, J. Contam. Hydrol., 53:387-406.; Cozzarelli, I.M., Bekins, B.A., Baedecker, M.J., Aiken, G.R., Eaganhouse, R.P., and Tuccillo, m.E., 2001, Progression of natural attenuation processes at a crude-oil spill site--I. Geochemical evolution of the plume: Journal of Contaminant Hydrology, v. 53, pp. 369-385.",
ds_10,x9608,9608,9/12/1996,WI,8.76,60,xLO073,Tol_mgL,,0.0028,xLGC01,"Bekins, B.A., I.M. Cozzarelli, E.M. Godsy, E. Warren, H.I. Essaid, and M.E. Tuccillo, 2001, Progression of natural attenuation processes at a crude oil spill site II. Controls on spatial distribution of microbial populations, J. Contam. Hydrol., 53:387-406.; Cozzarelli, I.M., Bekins, B.A., Baedecker, M.J., Aiken, G.R., Eaganhouse, R.P., and Tuccillo, m.E., 2001, Progression of natural attenuation processes at a crude-oil spill site--I. Geochemical evolution of the plume: Journal of Contaminant Hydrology, v. 53, pp. 369-385.",
ds_10,x9608,9608,9/12/1996,WI,8.76,60,xLO042,EtBz_mgL,,0.1027,xLGC01,"Bekins, B.A., I.M. Cozzarelli, E.M. Godsy, E. Warren, H.I. Essaid, and M.E. Tuccillo, 2001, Progression of natural attenuation processes at a crude oil spill site II. Controls on spatial distribution of microbial populations, J. Contam. Hydrol., 53:387-406.; Cozzarelli, I.M., Bekins, B.A., Baedecker, M.J., Aiken, G.R., Eaganhouse, R.P., and Tuccillo, m.E., 2001, Progression of natural attenuation processes at a crude-oil spill site--I. Geochemical evolution of the plume: Journal of Contaminant Hydrology, v. 53, pp. 369-385.",
ds_10,x9608,9608,9/12/1996,WI,8.76,60,xLO052,mpxyl_mgL,,0.0229,xLGC01,"Bekins, B.A., I.M. Cozzarelli, E.M. Godsy, E. Warren, H.I. Essaid, and M.E. Tuccillo, 2001, Progression of natural attenuation processes at a crude oil spill site II. Controls on spatial distribution of microbial populations, J. Contam. Hydrol., 53:387-406.; Cozzarelli, I.M., Bekins, B.A., Baedecker, M.J., Aiken, G.R., Eaganhouse, R.P., and Tuccillo, m.E., 2001, Progression of natural attenuation processes at a crude-oil spill site--I. Geochemical evolution of the plume: Journal of Contaminant Hydrology, v. 53, pp. 369-385.",
ds_10,x9608,9608,9/12/1996,WI,8.76,60,xLO067,oxyl_mgL,,1.00E-04,xLGC01,"Bekins, B.A., I.M. Cozzarelli, E.M. Godsy, E. Warren, H.I. Essaid, and M.E. Tuccillo, 2001, Progression of natural attenuation processes at a crude oil spill site II. Controls on spatial distribution of microbial populations, J. Contam. Hydrol., 53:387-406.; Cozzarelli, I.M., Bekins, B.A., Baedecker, M.J., Aiken, G.R., Eaganhouse, R.P., and Tuccillo, m.E., 2001, Progression of natural attenuation processes at a crude-oil spill site--I. Geochemical evolution of the plume: Journal of Contaminant Hydrology, v. 53, pp. 369-385.",
ds_10,x9608,9608,9/12/1996,WI,8.76,60,xLO050,IsoPrBz_mgL,,0.007,xLGC01,"Bekins, B.A., I.M. Cozzarelli, E.M. Godsy, E. Warren, H.I. Essaid, and M.E. Tuccillo, 2001, Progression of natural attenuation processes at a crude oil spill site II. Controls on spatial distribution of microbial populations, J. Contam. Hydrol., 53:387-406.; Cozzarelli, I.M., Bekins, B.A., Baedecker, M.J., Aiken, G.R., Eaganhouse, R.P., and Tuccillo, m.E., 2001, Progression of natural attenuation processes at a crude-oil spill site--I. Geochemical evolution of the plume: Journal of Contaminant Hydrology, v. 53, pp. 369-385.",
ds_10,x9608,9608,9/12/1996,WI,8.76,60,xLO064,nPrBz_mgL,,0.0058,xLGC01,"Bekins, B.A., I.M. Cozzarelli, E.M. Godsy, E. Warren, H.I. Essaid, and M.E. Tuccillo, 2001, Progression of natural attenuation processes at a crude oil spill site II. Controls on spatial distribution of microbial populations, J. Contam. Hydrol., 53:387-406.; Cozzarelli, I.M., Bekins, B.A., Baedecker, M.J., Aiken, G.R., Eaganhouse, R.P., and Tuccillo, m.E., 2001, Progression of natural attenuation processes at a crude-oil spill site--I. Geochemical evolution of the plume: Journal of Contaminant Hydrology, v. 53, pp. 369-385.",
ds_10,x9609,9609,9/12/1996,WI,8.76,60,xLS439,1Et3MeBz_mgL,,0.0956,xLGC01,"Bekins, B.A., I.M. Cozzarelli, E.M. Godsy, E. Warren, H.I. Essaid, and M.E. Tuccillo, 2001, Progression of natural attenuation processes at a crude oil spill site II. Controls on spatial distribution of microbial populations, J. Contam. Hydrol., 53:387-406.; Cozzarelli, I.M., Bekins, B.A., Baedecker, M.J., Aiken, G.R., Eaganhouse, R.P., and Tuccillo, m.E., 2001, Progression of natural attenuation processes at a crude-oil spill site--I. Geochemical evolution of the plume: Journal of Contaminant Hydrology, v. 53, pp. 369-385.",
ds_10,x9609,9609,9/12/1996,WI,8.76,75,xLS439,1Et3MeBz_mgL,,0.099,xLGC01,"Bekins, B.A., I.M. Cozzarelli, E.M. Godsy, E. Warren, H.I. Essaid, and M.E. Tuccillo, 2001, Progression of natural attenuation processes at a crude oil spill site II. Controls on spatial distribution of microbial populations, J. Contam. Hydrol., 53:387-406.; Cozzarelli, I.M., Bekins, B.A., Baedecker, M.J., Aiken, G.R., Eaganhouse, R.P., and Tuccillo, m.E., 2001, Progression of natural attenuation processes at a crude-oil spill site--I. Geochemical evolution of the plume: Journal of Contaminant Hydrology, v. 53, pp. 369-385.",
ds_10,x9608,9608,9/12/1996,WI,8.76,60,xLO015,135TMeBz_mgL,,0.0061,xLGC01,"Bekins, B.A., I.M. Cozzarelli, E.M. Godsy, E. Warren, H.I. Essaid, and M.E. Tuccillo, 2001, Progression of natural attenuation processes at a crude oil spill site II. Controls on spatial distribution of microbial populations, J. Contam. Hydrol., 53:387-406.; Cozzarelli, I.M., Bekins, B.A., Baedecker, M.J., Aiken, G.R., Eaganhouse, R.P., and Tuccillo, m.E., 2001, Progression of natural attenuation processes at a crude-oil spill site--I. Geochemical evolution of the plume: Journal of Contaminant Hydrology, v. 53, pp. 369-385.",
ds_10,x9609,9609,9/12/1996,WI,8.76,90,xLS439,1Et3MeBz_mgL,,0.0682,xLGC01,"Bekins, B.A., I.M. Cozzarelli, E.M. Godsy, E. Warren, H.I. Essaid, and M.E. Tuccillo, 2001, Progression of natural attenuation processes at a crude oil spill site II. Controls on spatial distribution of microbial populations, J. Contam. Hydrol., 53:387-406.; Cozzarelli, I.M., Bekins, B.A., Baedecker, M.J., Aiken, G.R., Eaganhouse, R.P., and Tuccillo, m.E., 2001, Progression of natural attenuation processes at a crude-oil spill site--I. Geochemical evolution of the plume: Journal of Contaminant Hydrology, v. 53, pp. 369-385.",
ds_10,x9609,9609,9/12/1996,WI,8.76,105,xLS439,1Et3MeBz_mgL,,0.0516,xLGC01,"Bekins, B.A., I.M. Cozzarelli, E.M. Godsy, E. Warren, H.I. Essaid, and M.E. Tuccillo, 2001, Progression of natural attenuation processes at a crude oil spill site II. Controls on spatial distribution of microbial populations, J. Contam. Hydrol., 53:387-406.; Cozzarelli, I.M., Bekins, B.A., Baedecker, M.J., Aiken, G.R., Eaganhouse, R.P., and Tuccillo, m.E., 2001, Progression of natural attenuation processes at a crude-oil spill site--I. Geochemical evolution of the plume: Journal of Contaminant Hydrology, v. 53, pp. 369-385.",
ds_10,x9608,9608,9/12/1996,WI,8.76,60,xLO010,124TMeBz_mgL,,0.0126,xLGC01,"Bekins, B.A., I.M. Cozzarelli, E.M. Godsy, E. Warren, H.I. Essaid, and M.E. Tuccillo, 2001, Progression of natural attenuation processes at a crude oil spill site II. Controls on spatial distribution of microbial populations, J. Contam. Hydrol., 53:387-406.; Cozzarelli, I.M., Bekins, B.A., Baedecker, M.J., Aiken, G.R., Eaganhouse, R.P., and Tuccillo, m.E., 2001, Progression of natural attenuation processes at a crude-oil spill site--I. Geochemical evolution of the plume: Journal of Contaminant Hydrology, v. 53, pp. 369-385.",
ds_10,x9609,9609,9/12/1996,WI,8.76,120,xLS439,1Et3MeBz_mgL,,0.0137,xLGC01,"Bekins, B.A., I.M. Cozzarelli, E.M. Godsy, E. Warren, H.I. Essaid, and M.E. Tuccillo, 2001, Progression of natural attenuation processes at a crude oil spill site II. Controls on spatial distribution of microbial populations, J. Contam. Hydrol., 53:387-406.; Cozzarelli, I.M., Bekins, B.A., Baedecker, M.J., Aiken, G.R., Eaganhouse, R.P., and Tuccillo, m.E., 2001, Progression of natural attenuation processes at a crude-oil spill site--I. Geochemical evolution of the plume: Journal of Contaminant Hydrology, v. 53, pp. 369-385.",
ds_10,x9609,9609,9/12/1996,WI,8.76,135,xLS439,1Et3MeBz_mgL,,0.003,xLGC01,"Bekins, B.A., I.M. Cozzarelli, E.M. Godsy, E. Warren, H.I. Essaid, and M.E. Tuccillo, 2001, Progression of natural attenuation processes at a crude oil spill site II. Controls on spatial distribution of microbial populations, J. Contam. Hydrol., 53:387-406.; Cozzarelli, I.M., Bekins, B.A., Baedecker, M.J., Aiken, G.R., Eaganhouse, R.P., and Tuccillo, m.E., 2001, Progression of natural attenuation processes at a crude-oil spill site--I. Geochemical evolution of the plume: Journal of Contaminant Hydrology, v. 53, pp. 369-385.",
ds_10,x9608,9608,9/12/1996,WI,8.76,60,xLO006,123TMeBz_mgL,,0.0026,xLGC01,"Bekins, B.A., I.M. Cozzarelli, E.M. Godsy, E. Warren, H.I. Essaid, and M.E. Tuccillo, 2001, Progression of natural attenuation processes at a crude oil spill site II. Controls on spatial distribution of microbial populations, J. Contam. Hydrol., 53:387-406.; Cozzarelli, I.M., Bekins, B.A., Baedecker, M.J., Aiken, G.R., Eaganhouse, R.P., and Tuccillo, m.E., 2001, Progression of natural attenuation processes at a crude-oil spill site--I. Geochemical evolution of the plume: Journal of Contaminant Hydrology, v. 53, pp. 369-385.",
ds_10,x9608,9608,9/12/1996,WI,8.76,60,xLO027,1Me3IsoPrBz_mgL,,0.0018,xLGC01,"Bekins, B.A., I.M. Cozzarelli, E.M. Godsy, E. Warren, H.I. Essaid, and M.E. Tuccillo, 2001, Progression of natural attenuation processes at a crude oil spill site II. Controls on spatial distribution of microbial populations, J. Contam. Hydrol., 53:387-406.; Cozzarelli, I.M., Bekins, B.A., Baedecker, M.J., Aiken, G.R., Eaganhouse, R.P., and Tuccillo, m.E., 2001, Progression of natural attenuation processes at a crude-oil spill site--I. Geochemical evolution of the plume: Journal of Contaminant Hydrology, v. 53, pp. 369-385.",
ds_10,x9608,9608,9/12/1996,WI,8.76,60,xLO030,1Me4IsoPrBz_mgL,,0.0011,xLGC01,"Bekins, B.A., I.M. Cozzarelli, E.M. Godsy, E. Warren, H.I. Essaid, and M.E. Tuccillo, 2001, Progression of natural attenuation processes at a crude oil spill site II. Controls on spatial distribution of microbial populations, J. Contam. Hydrol., 53:387-406.; Cozzarelli, I.M., Bekins, B.A., Baedecker, M.J., Aiken, G.R., Eaganhouse, R.P., and Tuccillo, m.E., 2001, Progression of natural attenuation processes at a crude-oil spill site--I. Geochemical evolution of the plume: Journal of Contaminant Hydrology, v. 53, pp. 369-385.",
ds_10,x9608,9608,9/12/1996,WI,8.76,60,xLO024,1Me2IsoPrBz_mgL,,6.00E-04,xLGC01,"Bekins, B.A., I.M. Cozzarelli, E.M. Godsy, E. Warren, H.I. Essaid, and M.E. Tuccillo, 2001, Progression of natural attenuation processes at a crude oil spill site II. Controls on spatial distribution of microbial populations, J. Contam. Hydrol., 53:387-406.; Cozzarelli, I.M., Bekins, B.A., Baedecker, M.J., Aiken, G.R., Eaganhouse, R.P., and Tuccillo, m.E., 2001, Progression of natural attenuation processes at a crude-oil spill site--I. Geochemical evolution of the plume: Journal of Contaminant Hydrology, v. 53, pp. 369-385.",
ds_10,x9608,9608,9/12/1996,WI,8.76,60,xLO016,13DEtBz_mgL,,7.00E-04,xLGC01,"Bekins, B.A., I.M. Cozzarelli, E.M. Godsy, E. Warren, H.I. Essaid, and M.E. Tuccillo, 2001, Progression of natural attenuation processes at a crude oil spill site II. Controls on spatial distribution of microbial populations, J. Contam. Hydrol., 53:387-406.; Cozzarelli, I.M., Bekins, B.A., Baedecker, M.J., Aiken, G.R., Eaganhouse, R.P., and Tuccillo, m.E., 2001, Progression of natural attenuation processes at a crude-oil spill site--I. Geochemical evolution of the plume: Journal of Contaminant Hydrology, v. 53, pp. 369-385.",
ds_10,x9608,9608,9/12/1996,WI,8.76,60,xLO028,1Me3PrBz_mgL,,2.00E-04,xLGC01,"Bekins, B.A., I.M. Cozzarelli, E.M. Godsy, E. Warren, H.I. Essaid, and M.E. Tuccillo, 2001, Progression of natural attenuation processes at a crude oil spill site II. Controls on spatial distribution of microbial populations, J. Contam. Hydrol., 53:387-406.; Cozzarelli, I.M., Bekins, B.A., Baedecker, M.J., Aiken, G.R., Eaganhouse, R.P., and Tuccillo, m.E., 2001, Progression of natural attenuation processes at a crude-oil spill site--I. Geochemical evolution of the plume: Journal of Contaminant Hydrology, v. 53, pp. 369-385.",
ds_10,x9608,9608,9/12/1996,WI,8.76,60,xLO031,1Me4PrBz_mgL,,3.00E-04,xLGC01,"Bekins, B.A., I.M. Cozzarelli, E.M. Godsy, E. Warren, H.I. Essaid, and M.E. Tuccillo, 2001, Progression of natural attenuation processes at a crude oil spill site II. Controls on spatial distribution of microbial populations, J. Contam. Hydrol., 53:387-406.; Cozzarelli, I.M., Bekins, B.A., Baedecker, M.J., Aiken, G.R., Eaganhouse, R.P., and Tuccillo, m.E., 2001, Progression of natural attenuation processes at a crude-oil spill site--I. Geochemical evolution of the plume: Journal of Contaminant Hydrology, v. 53, pp. 369-385.",
ds_10,x9608,9608,9/12/1996,WI,8.76,60,xLO020,14DEtBz_mgL,,0.0019,xLGC01,"Bekins, B.A., I.M. Cozzarelli, E.M. Godsy, E. Warren, H.I. Essaid, and M.E. Tuccillo, 2001, Progression of natural attenuation processes at a crude oil spill site II. Controls on spatial distribution of microbial populations, J. Contam. Hydrol., 53:387-406.; Cozzarelli, I.M., Bekins, B.A., Baedecker, M.J., Aiken, G.R., Eaganhouse, R.P., and Tuccillo, m.E., 2001, Progression of natural attenuation processes at a crude-oil spill site--I. Geochemical evolution of the plume: Journal of Contaminant Hydrology, v. 53, pp. 369-385.",
ds_10,x9608,9608,9/12/1996,WI,8.76,60,xLO056,nButylBz_mgL,,0.0029,xLGC01,"Bekins, B.A., I.M. Cozzarelli, E.M. Godsy, E. Warren, H.I. Essaid, and M.E. Tuccillo, 2001, Progression of natural attenuation processes at a crude oil spill site II. Controls on spatial distribution of microbial populations, J. Contam. Hydrol., 53:387-406.; Cozzarelli, I.M., Bekins, B.A., Baedecker, M.J., Aiken, G.R., Eaganhouse, R.P., and Tuccillo, m.E., 2001, Progression of natural attenuation processes at a crude-oil spill site--I. Geochemical evolution of the plume: Journal of Contaminant Hydrology, v. 53, pp. 369-385.",
ds_10,x9608,9608,9/12/1996,WI,8.76,60,xLO019,13DMe5EtBz_mgL,,0.001,xLGC01,"Bekins, B.A., I.M. Cozzarelli, E.M. Godsy, E. Warren, H.I. Essaid, and M.E. Tuccillo, 2001, Progression of natural attenuation processes at a crude oil spill site II. Controls on spatial distribution of microbial populations, J. Contam. Hydrol., 53:387-406.; Cozzarelli, I.M., Bekins, B.A., Baedecker, M.J., Aiken, G.R., Eaganhouse, R.P., and Tuccillo, m.E., 2001, Progression of natural attenuation processes at a crude-oil spill site--I. Geochemical evolution of the plume: Journal of Contaminant Hydrology, v. 53, pp. 369-385.",
ds_10,x9608,9608,9/12/1996,WI,8.76,60,xLO011,12DEtBz_mgL,,8.00E-04,xLGC01,"Bekins, B.A., I.M. Cozzarelli, E.M. Godsy, E. Warren, H.I. Essaid, and M.E. Tuccillo, 2001, Progression of natural attenuation processes at a crude oil spill site II. Controls on spatial distribution of microbial populations, J. Contam. Hydrol., 53:387-406.; Cozzarelli, I.M., Bekins, B.A., Baedecker, M.J., Aiken, G.R., Eaganhouse, R.P., and Tuccillo, m.E., 2001, Progression of natural attenuation processes at a crude-oil spill site--I. Geochemical evolution of the plume: Journal of Contaminant Hydrology, v. 53, pp. 369-385.",
ds_10,x9608,9608,9/12/1996,WI,8.76,60,xLO023,1Me2EtBz_mgL,,0.001,xLGC01,"Bekins, B.A., I.M. Cozzarelli, E.M. Godsy, E. Warren, H.I. Essaid, and M.E. Tuccillo, 2001, Progression of natural attenuation processes at a crude oil spill site II. Controls on spatial distribution of microbial populations, J. Contam. Hydrol., 53:387-406.; Cozzarelli, I.M., Bekins, B.A., Baedecker, M.J., Aiken, G.R., Eaganhouse, R.P., and Tuccillo, m.E., 2001, Progression of natural attenuation processes at a crude-oil spill site--I. Geochemical evolution of the plume: Journal of Contaminant Hydrology, v. 53, pp. 369-385.",
ds_10,x9608,9608,9/12/1996,WI,8.76,60,xLO021,14DMe2EtBz_mgL,,7.00E-04,xLGC01,"Bekins, B.A., I.M. Cozzarelli, E.M. Godsy, E. Warren, H.I. Essaid, and M.E. Tuccillo, 2001, Progression of natural attenuation processes at a crude oil spill site II. Controls on spatial distribution of microbial populations, J. Contam. Hydrol., 53:387-406.; Cozzarelli, I.M., Bekins, B.A., Baedecker, M.J., Aiken, G.R., Eaganhouse, R.P., and Tuccillo, m.E., 2001, Progression of natural attenuation processes at a crude-oil spill site--I. Geochemical evolution of the plume: Journal of Contaminant Hydrology, v. 53, pp. 369-385.",
ds_10,x9608,9608,9/12/1996,WI,8.76,60,xLO018,13DMe4EtBz_mgL,,5.00E-04,xLGC01,"Bekins, B.A., I.M. Cozzarelli, E.M. Godsy, E. Warren, H.I. Essaid, and M.E. Tuccillo, 2001, Progression of natural attenuation processes at a crude oil spill site II. Controls on spatial distribution of microbial populations, J. Contam. Hydrol., 53:387-406.; Cozzarelli, I.M., Bekins, B.A., Baedecker, M.J., Aiken, G.R., Eaganhouse, R.P., and Tuccillo, m.E., 2001, Progression of natural attenuation processes at a crude-oil spill site--I. Geochemical evolution of the plume: Journal of Contaminant Hydrology, v. 53, pp. 369-385.",
ds_10,x9608,9608,9/12/1996,WI,8.76,60,xLO013,12DMe4EtBz_mgL,,6.00E-04,xLGC01,"Bekins, B.A., I.M. Cozzarelli, E.M. Godsy, E. Warren, H.I. Essaid, and M.E. Tuccillo, 2001, Progression of natural attenuation processes at a crude oil spill site II. Controls on spatial distribution of microbial populations, J. Contam. Hydrol., 53:387-406.; Cozzarelli, I.M., Bekins, B.A., Baedecker, M.J., Aiken, G.R., Eaganhouse, R.P., and Tuccillo, m.E., 2001, Progression of natural attenuation processes at a crude-oil spill site--I. Geochemical evolution of the plume: Journal of Contaminant Hydrology, v. 53, pp. 369-385.",
ds_10,x9608,9608,9/12/1996,WI,8.76,60,xLO017,13DMe2EtBz_mgL,,0.0011,xLGC01,"Bekins, B.A., I.M. Cozzarelli, E.M. Godsy, E. Warren, H.I. Essaid, and M.E. Tuccillo, 2001, Progression of natural attenuation processes at a crude oil spill site II. Controls on spatial distribution of microbial populations, J. Contam. Hydrol., 53:387-406.; Cozzarelli, I.M., Bekins, B.A., Baedecker, M.J., Aiken, G.R., Eaganhouse, R.P., and Tuccillo, m.E., 2001, Progression of natural attenuation processes at a crude-oil spill site--I. Geochemical evolution of the plume: Journal of Contaminant Hydrology, v. 53, pp. 369-385.",
ds_10,x9608,9608,9/12/1996,WI,8.76,60,xLO012,12DMe3EtBz_mgL,,5.00E-04,xLGC01,"Bekins, B.A., I.M. Cozzarelli, E.M. Godsy, E. Warren, H.I. Essaid, and M.E. Tuccillo, 2001, Progression of natural attenuation processes at a crude oil spill site II. Controls on spatial distribution of microbial populations, J. Contam. Hydrol., 53:387-406.; Cozzarelli, I.M., Bekins, B.A., Baedecker, M.J., Aiken, G.R., Eaganhouse, R.P., and Tuccillo, m.E., 2001, Progression of natural attenuation processes at a crude-oil spill site--I. Geochemical evolution of the plume: Journal of Contaminant Hydrology, v. 53, pp. 369-385.",
ds_10,x9608,9608,9/12/1996,WI,8.76,60,xLO008,1245TMeBz_mgL,,2.00E-04,xLGC01,"Bekins, B.A., I.M. Cozzarelli, E.M. Godsy, E. Warren, H.I. Essaid, and M.E. Tuccillo, 2001, Progression of natural attenuation processes at a crude oil spill site II. Controls on spatial distribution of microbial populations, J. Contam. Hydrol., 53:387-406.; Cozzarelli, I.M., Bekins, B.A., Baedecker, M.J., Aiken, G.R., Eaganhouse, R.P., and Tuccillo, m.E., 2001, Progression of natural attenuation processes at a crude-oil spill site--I. Geochemical evolution of the plume: Journal of Contaminant Hydrology, v. 53, pp. 369-385.",
ds_10,x9608,9608,9/12/1996,WI,8.76,60,xLO004,1235TMeBz_mgL,,0.0011,xLGC01,"Bekins, B.A., I.M. Cozzarelli, E.M. Godsy, E. Warren, H.I. Essaid, and M.E. Tuccillo, 2001, Progression of natural attenuation processes at a crude oil spill site II. Controls on spatial distribution of microbial populations, J. Contam. Hydrol., 53:387-406.; Cozzarelli, I.M., Bekins, B.A., Baedecker, M.J., Aiken, G.R., Eaganhouse, R.P., and Tuccillo, m.E., 2001, Progression of natural attenuation processes at a crude-oil spill site--I. Geochemical evolution of the plume: Journal of Contaminant Hydrology, v. 53, pp. 369-385.",
ds_10,x9608,9608,9/12/1996,WI,8.76,60,xLO002,1234TMeBz_mgL,,0.0082,xLGC01,"Bekins, B.A., I.M. Cozzarelli, E.M. Godsy, E. Warren, H.I. Essaid, and M.E. Tuccillo, 2001, Progression of natural attenuation processes at a crude oil spill site II. Controls on spatial distribution of microbial populations, J. Contam. Hydrol., 53:387-406.; Cozzarelli, I.M., Bekins, B.A., Baedecker, M.J., Aiken, G.R., Eaganhouse, R.P., and Tuccillo, m.E., 2001, Progression of natural attenuation processes at a crude-oil spill site--I. Geochemical evolution of the plume: Journal of Contaminant Hydrology, v. 53, pp. 369-385.",
ds_10,x9608,9608,9/12/1996,WI,8.76,60,xLO035,BTEX_mgL,,2.8822,xLCA03,"Bekins, B.A., I.M. Cozzarelli, E.M. Godsy, E. Warren, H.I. Essaid, and M.E. Tuccillo, 2001, Progression of natural attenuation processes at a crude oil spill site II. Controls on spatial distribution of microbial populations, J. Contam. Hydrol., 53:387-406.; Cozzarelli, I.M., Bekins, B.A., Baedecker, M.J., Aiken, G.R., Eaganhouse, R.P., and Tuccillo, m.E., 2001, Progression of natural attenuation processes at a crude-oil spill site--I. Geochemical evolution of the plume: Journal of Contaminant Hydrology, v. 53, pp. 369-385.",
ds_10,x9609,9609,9/12/1996,WI,8.76,150,xLS439,1Et3MeBz_mgL,,0.0027,xLGC01,"Bekins, B.A., I.M. Cozzarelli, E.M. Godsy, E. Warren, H.I. Essaid, and M.E. Tuccillo, 2001, Progression of natural attenuation processes at a crude oil spill site II. Controls on spatial distribution of microbial populations, J. Contam. Hydrol., 53:387-406.; Cozzarelli, I.M., Bekins, B.A., Baedecker, M.J., Aiken, G.R., Eaganhouse, R.P., and Tuccillo, m.E., 2001, Progression of natural attenuation processes at a crude-oil spill site--I. Geochemical evolution of the plume: Journal of Contaminant Hydrology, v. 53, pp. 369-385.",
ds_10,x9608,9608,9/12/1996,WI,8.76,75,x46123,Fe_2_mgL,,34.86,xLC006,"Bekins, B.A., I.M. Cozzarelli, E.M. Godsy, E. Warren, H.I. Essaid, and M.E. Tuccillo, 2001, Progression of natural attenuation processes at a crude oil spill site II. Controls on spatial distribution of microbial populations, J. Contam. Hydrol., 53:387-406.; Cozzarelli, I.M., Bekins, B.A., Baedecker, M.J., Aiken, G.R., Eaganhouse, R.P., and Tuccillo, m.E., 2001, Progression of natural attenuation processes at a crude-oil spill site--I. Geochemical evolution of the plume: Journal of Contaminant Hydrology, v. 53, pp. 369-385.",
ds_10,x9608,9608,9/12/1996,WI,8.76,75,x68831,CH4_mgL,,6.08,xLC005,"Bekins, B.A., I.M. Cozzarelli, E.M. Godsy, E. Warren, H.I. Essaid, and M.E. Tuccillo, 2001, Progression of natural attenuation processes at a crude oil spill site II. Controls on spatial distribution of microbial populations, J. Contam. Hydrol., 53:387-406.; Cozzarelli, I.M., Bekins, B.A., Baedecker, M.J., Aiken, G.R., Eaganhouse, R.P., and Tuccillo, m.E., 2001, Progression of natural attenuation processes at a crude-oil spill site--I. Geochemical evolution of the plume: Journal of Contaminant Hydrology, v. 53, pp. 369-385.",
ds_10,x9608,9608,9/12/1996,WI,8.76,75,xLO065,NVDOC_mgL,,15.8,xLCID2,"Bekins, B.A., I.M. Cozzarelli, E.M. Godsy, E. Warren, H.I. Essaid, and M.E. Tuccillo, 2001, Progression of natural attenuation processes at a crude oil spill site II. Controls on spatial distribution of microbial populations, J. Contam. Hydrol., 53:387-406.; Cozzarelli, I.M., Bekins, B.A., Baedecker, M.J., Aiken, G.R., Eaganhouse, R.P., and Tuccillo, m.E., 2001, Progression of natural attenuation processes at a crude-oil spill site--I. Geochemical evolution of the plume: Journal of Contaminant Hydrology, v. 53, pp. 369-385.",
ds_10,x9608,9608,9/12/1996,WI,8.76,75,xLO037,Bz_mgL,,1.445,xLGC01,"Bekins, B.A., I.M. Cozzarelli, E.M. Godsy, E. Warren, H.I. Essaid, and M.E. Tuccillo, 2001, Progression of natural attenuation processes at a crude oil spill site II. Controls on spatial distribution of microbial populations, J. Contam. Hydrol., 53:387-406.; Cozzarelli, I.M., Bekins, B.A., Baedecker, M.J., Aiken, G.R., Eaganhouse, R.P., and Tuccillo, m.E., 2001, Progression of natural attenuation processes at a crude-oil spill site--I. Geochemical evolution of the plume: Journal of Contaminant Hydrology, v. 53, pp. 369-385.",
ds_10,x9608,9608,9/12/1996,WI,8.76,75,xLO073,Tol_mgL,,0.00235,xLGC01,"Bekins, B.A., I.M. Cozzarelli, E.M. Godsy, E. Warren, H.I. Essaid, and M.E. Tuccillo, 2001, Progression of natural attenuation processes at a crude oil spill site II. Controls on spatial distribution of microbial populations, J. Contam. Hydrol., 53:387-406.; Cozzarelli, I.M., Bekins, B.A., Baedecker, M.J., Aiken, G.R., Eaganhouse, R.P., and Tuccillo, m.E., 2001, Progression of natural attenuation processes at a crude-oil spill site--I. Geochemical evolution of the plume: Journal of Contaminant Hydrology, v. 53, pp. 369-385.",
ds_10,x9608,9608,9/12/1996,WI,8.76,75,xLO042,EtBz_mgL,,0.0922,xLGC01,"Bekins, B.A., I.M. Cozzarelli, E.M. Godsy, E. Warren, H.I. Essaid, and M.E. Tuccillo, 2001, Progression of natural attenuation processes at a crude oil spill site II. Controls on spatial distribution of microbial populations, J. Contam. Hydrol., 53:387-406.; Cozzarelli, I.M., Bekins, B.A., Baedecker, M.J., Aiken, G.R., Eaganhouse, R.P., and Tuccillo, m.E., 2001, Progression of natural attenuation processes at a crude-oil spill site--I. Geochemical evolution of the plume: Journal of Contaminant Hydrology, v. 53, pp. 369-385.",
ds_10,x9608,9608,9/12/1996,WI,8.76,75,xLO052,mpxyl_mgL,,0.0141,xLGC01,"Bekins, B.A., I.M. Cozzarelli, E.M. Godsy, E. Warren, H.I. Essaid, and M.E. Tuccillo, 2001, Progression of natural attenuation processes at a crude oil spill site II. Controls on spatial distribution of microbial populations, J. Contam. Hydrol., 53:387-406.; Cozzarelli, I.M., Bekins, B.A., Baedecker, M.J., Aiken, G.R., Eaganhouse, R.P., and Tuccillo, m.E., 2001, Progression of natural attenuation processes at a crude-oil spill site--I. Geochemical evolution of the plume: Journal of Contaminant Hydrology, v. 53, pp. 369-385.",
ds_10,x9608,9608,9/12/1996,WI,8.76,75,xLO067,oxyl_mgL,,0.00015,xLGC01,"Bekins, B.A., I.M. Cozzarelli, E.M. Godsy, E. Warren, H.I. Essaid, and M.E. Tuccillo, 2001, Progression of natural attenuation processes at a crude oil spill site II. Controls on spatial distribution of microbial populations, J. Contam. Hydrol., 53:387-406.; Cozzarelli, I.M., Bekins, B.A., Baedecker, M.J., Aiken, G.R., Eaganhouse, R.P., and Tuccillo, m.E., 2001, Progression of natural attenuation processes at a crude-oil spill site--I. Geochemical evolution of the plume: Journal of Contaminant Hydrology, v. 53, pp. 369-385.",
ds_10,x9608,9608,9/12/1996,WI,8.76,75,xLO050,IsoPrBz_mgL,,0.0069,xLGC01,"Bekins, B.A., I.M. Cozzarelli, E.M. Godsy, E. Warren, H.I. Essaid, and M.E. Tuccillo, 2001, Progression of natural attenuation processes at a crude oil spill site II. Controls on spatial distribution of microbial populations, J. Contam. Hydrol., 53:387-406.; Cozzarelli, I.M., Bekins, B.A., Baedecker, M.J., Aiken, G.R., Eaganhouse, R.P., and Tuccillo, m.E., 2001, Progression of natural attenuation processes at a crude-oil spill site--I. Geochemical evolution of the plume: Journal of Contaminant Hydrology, v. 53, pp. 369-385.",
ds_10,x9608,9608,9/12/1996,WI,8.76,75,xLO064,nPrBz_mgL,,0.0061,xLGC01,"Bekins, B.A., I.M. Cozzarelli, E.M. Godsy, E. Warren, H.I. Essaid, and M.E. Tuccillo, 2001, Progression of natural attenuation processes at a crude oil spill site II. Controls on spatial distribution of microbial populations, J. Contam. Hydrol., 53:387-406.; Cozzarelli, I.M., Bekins, B.A., Baedecker, M.J., Aiken, G.R., Eaganhouse, R.P., and Tuccillo, m.E., 2001, Progression of natural attenuation processes at a crude-oil spill site--I. Geochemical evolution of the plume: Journal of Contaminant Hydrology, v. 53, pp. 369-385.",
ds_10,x9607,9607II,9/11/1996,WI,11.05,190,xLO065,NVDOC_mgL,,19.7,xLCID2,"Bekins, B.A., I.M. Cozzarelli, E.M. Godsy, E. Warren, H.I. Essaid, and M.E. Tuccillo, 2001, Progression of natural attenuation processes at a crude oil spill site II. Controls on spatial distribution of microbial populations, J. Contam. Hydrol., 53:387-406.; Cozzarelli, I.M., Bekins, B.A., Baedecker, M.J., Aiken, G.R., Eaganhouse, R.P., and Tuccillo, m.E., 2001, Progression of natural attenuation processes at a crude-oil spill site--I. Geochemical evolution of the plume: Journal of Contaminant Hydrology, v. 53, pp. 369-385.",
ds_10,x9607,9607II,9/11/1996,WI,11.05,190,xLO037,Bz_mgL,,1.1054,xLGC01,"Bekins, B.A., I.M. Cozzarelli, E.M. Godsy, E. Warren, H.I. Essaid, and M.E. Tuccillo, 2001, Progression of natural attenuation processes at a crude oil spill site II. Controls on spatial distribution of microbial populations, J. Contam. Hydrol., 53:387-406.; Cozzarelli, I.M., Bekins, B.A., Baedecker, M.J., Aiken, G.R., Eaganhouse, R.P., and Tuccillo, m.E., 2001, Progression of natural attenuation processes at a crude-oil spill site--I. Geochemical evolution of the plume: Journal of Contaminant Hydrology, v. 53, pp. 369-385.",
ds_10,x9608,9608,9/12/1996,WI,8.76,75,xLO015,135TMeBz_mgL,,0.0059,xLGC01,"Bekins, B.A., I.M. Cozzarelli, E.M. Godsy, E. Warren, H.I. Essaid, and M.E. Tuccillo, 2001, Progression of natural attenuation processes at a crude oil spill site II. Controls on spatial distribution of microbial populations, J. Contam. Hydrol., 53:387-406.; Cozzarelli, I.M., Bekins, B.A., Baedecker, M.J., Aiken, G.R., Eaganhouse, R.P., and Tuccillo, m.E., 2001, Progression of natural attenuation processes at a crude-oil spill site--I. Geochemical evolution of the plume: Journal of Contaminant Hydrology, v. 53, pp. 369-385.",
ds_10,x9607,9607II,9/11/1996,WI,11.05,190,xLO073,Tol_mgL,,0.0032,xLGC01,"Bekins, B.A., I.M. Cozzarelli, E.M. Godsy, E. Warren, H.I. Essaid, and M.E. Tuccillo, 2001, Progression of natural attenuation processes at a crude oil spill site II. Controls on spatial distribution of microbial populations, J. Contam. Hydrol., 53:387-406.; Cozzarelli, I.M., Bekins, B.A., Baedecker, M.J., Aiken, G.R., Eaganhouse, R.P., and Tuccillo, m.E., 2001, Progression of natural attenuation processes at a crude-oil spill site--I. Geochemical evolution of the plume: Journal of Contaminant Hydrology, v. 53, pp. 369-385.",
ds_10,x9607,9607II,9/11/1996,WI,11.05,190,xLO042,EtBz_mgL,,0.0027,xLGC01,"Bekins, B.A., I.M. Cozzarelli, E.M. Godsy, E. Warren, H.I. Essaid, and M.E. Tuccillo, 2001, Progression of natural attenuation processes at a crude oil spill site II. Controls on spatial distribution of microbial populations, J. Contam. Hydrol., 53:387-406.; Cozzarelli, I.M., Bekins, B.A., Baedecker, M.J., Aiken, G.R., Eaganhouse, R.P., and Tuccillo, m.E., 2001, Progression of natural attenuation processes at a crude-oil spill site--I. Geochemical evolution of the plume: Journal of Contaminant Hydrology, v. 53, pp. 369-385.",
ds_10,x9608,9608,9/12/1996,WI,8.76,75,xLO010,124TMeBz_mgL,,0.00855,xLGC01,"Bekins, B.A., I.M. Cozzarelli, E.M. Godsy, E. Warren, H.I. Essaid, and M.E. Tuccillo, 2001, Progression of natural attenuation processes at a crude oil spill site II. Controls on spatial distribution of microbial populations, J. Contam. Hydrol., 53:387-406.; Cozzarelli, I.M., Bekins, B.A., Baedecker, M.J., Aiken, G.R., Eaganhouse, R.P., and Tuccillo, m.E., 2001, Progression of natural attenuation processes at a crude-oil spill site--I. Geochemical evolution of the plume: Journal of Contaminant Hydrology, v. 53, pp. 369-385.",
ds_10,x9607,9607II,9/11/1996,WI,11.05,190,xLO052,mpxyl_mgL,,0.0032,xLGC01,"Bekins, B.A., I.M. Cozzarelli, E.M. Godsy, E. Warren, H.I. Essaid, and M.E. Tuccillo, 2001, Progression of natural attenuation processes at a crude oil spill site II. Controls on spatial distribution of microbial populations, J. Contam. Hydrol., 53:387-406.; Cozzarelli, I.M., Bekins, B.A., Baedecker, M.J., Aiken, G.R., Eaganhouse, R.P., and Tuccillo, m.E., 2001, Progression of natural attenuation processes at a crude-oil spill site--I. Geochemical evolution of the plume: Journal of Contaminant Hydrology, v. 53, pp. 369-385.",
ds_10,x9607,9607II,9/11/1996,WI,11.05,190,xLO067,oxyl_mgL,,6.00E-04,xLGC01,"Bekins, B.A., I.M. Cozzarelli, E.M. Godsy, E. Warren, H.I. Essaid, and M.E. Tuccillo, 2001, Progression of natural attenuation processes at a crude oil spill site II. Controls on spatial distribution of microbial populations, J. Contam. Hydrol., 53:387-406.; Cozzarelli, I.M., Bekins, B.A., Baedecker, M.J., Aiken, G.R., Eaganhouse, R.P., and Tuccillo, m.E., 2001, Progression of natural attenuation processes at a crude-oil spill site--I. Geochemical evolution of the plume: Journal of Contaminant Hydrology, v. 53, pp. 369-385.",
ds_10,x9608,9608,9/12/1996,WI,8.76,75,xLO006,123TMeBz_mgL,,0.0014,xLGC01,"Bekins, B.A., I.M. Cozzarelli, E.M. Godsy, E. Warren, H.I. Essaid, and M.E. Tuccillo, 2001, Progression of natural attenuation processes at a crude oil spill site II. Controls on spatial distribution of microbial populations, J. Contam. Hydrol., 53:387-406.; Cozzarelli, I.M., Bekins, B.A., Baedecker, M.J., Aiken, G.R., Eaganhouse, R.P., and Tuccillo, m.E., 2001, Progression of natural attenuation processes at a crude-oil spill site--I. Geochemical evolution of the plume: Journal of Contaminant Hydrology, v. 53, pp. 369-385.",
ds_10,x9608,9608,9/12/1996,WI,8.76,75,xLO027,1Me3IsoPrBz_mgL,,0.00275,xLGC01,"Bekins, B.A., I.M. Cozzarelli, E.M. Godsy, E. Warren, H.I. Essaid, and M.E. Tuccillo, 2001, Progression of natural attenuation processes at a crude oil spill site II. Controls on spatial distribution of microbial populations, J. Contam. Hydrol., 53:387-406.; Cozzarelli, I.M., Bekins, B.A., Baedecker, M.J., Aiken, G.R., Eaganhouse, R.P., and Tuccillo, m.E., 2001, Progression of natural attenuation processes at a crude-oil spill site--I. Geochemical evolution of the plume: Journal of Contaminant Hydrology, v. 53, pp. 369-385.",
ds_10,x9608,9608,9/12/1996,WI,8.76,75,xLO030,1Me4IsoPrBz_mgL,,0.00175,xLGC01,"Bekins, B.A., I.M. Cozzarelli, E.M. Godsy, E. Warren, H.I. Essaid, and M.E. Tuccillo, 2001, Progression of natural attenuation processes at a crude oil spill site II. Controls on spatial distribution of microbial populations, J. Contam. Hydrol., 53:387-406.; Cozzarelli, I.M., Bekins, B.A., Baedecker, M.J., Aiken, G.R., Eaganhouse, R.P., and Tuccillo, m.E., 2001, Progression of natural attenuation processes at a crude-oil spill site--I. Geochemical evolution of the plume: Journal of Contaminant Hydrology, v. 53, pp. 369-385.",
ds_10,x9608,9608,9/12/1996,WI,8.76,75,xLO024,1Me2IsoPrBz_mgL,,6.00E-04,xLGC01,"Bekins, B.A., I.M. Cozzarelli, E.M. Godsy, E. Warren, H.I. Essaid, and M.E. Tuccillo, 2001, Progression of natural attenuation processes at a crude oil spill site II. Controls on spatial distribution of microbial populations, J. Contam. Hydrol., 53:387-406.; Cozzarelli, I.M., Bekins, B.A., Baedecker, M.J., Aiken, G.R., Eaganhouse, R.P., and Tuccillo, m.E., 2001, Progression of natural attenuation processes at a crude-oil spill site--I. Geochemical evolution of the plume: Journal of Contaminant Hydrology, v. 53, pp. 369-385.",
ds_10,x9608,9608,9/12/1996,WI,8.76,75,xLO016,13DEtBz_mgL,,0.00155,xLGC01,"Bekins, B.A., I.M. Cozzarelli, E.M. Godsy, E. Warren, H.I. Essaid, and M.E. Tuccillo, 2001, Progression of natural attenuation processes at a crude oil spill site II. Controls on spatial distribution of microbial populations, J. Contam. Hydrol., 53:387-406.; Cozzarelli, I.M., Bekins, B.A., Baedecker, M.J., Aiken, G.R., Eaganhouse, R.P., and Tuccillo, m.E., 2001, Progression of natural attenuation processes at a crude-oil spill site--I. Geochemical evolution of the plume: Journal of Contaminant Hydrology, v. 53, pp. 369-385.",
ds_10,x9608,9608,9/12/1996,WI,8.76,75,xLO028,1Me3PrBz_mgL,,0.00075,xLGC01,"Bekins, B.A., I.M. Cozzarelli, E.M. Godsy, E. Warren, H.I. Essaid, and M.E. Tuccillo, 2001, Progression of natural attenuation processes at a crude oil spill site II. Controls on spatial distribution of microbial populations, J. Contam. Hydrol., 53:387-406.; Cozzarelli, I.M., Bekins, B.A., Baedecker, M.J., Aiken, G.R., Eaganhouse, R.P., and Tuccillo, m.E., 2001, Progression of natural attenuation processes at a crude-oil spill site--I. Geochemical evolution of the plume: Journal of Contaminant Hydrology, v. 53, pp. 369-385.",
ds_10,x9608,9608,9/12/1996,WI,8.76,75,xLO031,1Me4PrBz_mgL,,0.00085,xLGC01,"Bekins, B.A., I.M. Cozzarelli, E.M. Godsy, E. Warren, H.I. Essaid, and M.E. Tuccillo, 2001, Progression of natural attenuation processes at a crude oil spill site II. Controls on spatial distribution of microbial populations, J. Contam. Hydrol., 53:387-406.; Cozzarelli, I.M., Bekins, B.A., Baedecker, M.J., Aiken, G.R., Eaganhouse, R.P., and Tuccillo, m.E., 2001, Progression of natural attenuation processes at a crude-oil spill site--I. Geochemical evolution of the plume: Journal of Contaminant Hydrology, v. 53, pp. 369-385.",
ds_10,x9608,9608,9/12/1996,WI,8.76,75,xLO020,14DEtBz_mgL,,0.00075,xLGC01,"Bekins, B.A., I.M. Cozzarelli, E.M. Godsy, E. Warren, H.I. Essaid, and M.E. Tuccillo, 2001, Progression of natural attenuation processes at a crude oil spill site II. Controls on spatial distribution of microbial populations, J. Contam. Hydrol., 53:387-406.; Cozzarelli, I.M., Bekins, B.A., Baedecker, M.J., Aiken, G.R., Eaganhouse, R.P., and Tuccillo, m.E., 2001, Progression of natural attenuation processes at a crude-oil spill site--I. Geochemical evolution of the plume: Journal of Contaminant Hydrology, v. 53, pp. 369-385.",
ds_10,x9608,9608,9/12/1996,WI,8.76,75,xLO056,nButylBz_mgL,,0.0032,xLGC01,"Bekins, B.A., I.M. Cozzarelli, E.M. Godsy, E. Warren, H.I. Essaid, and M.E. Tuccillo, 2001, Progression of natural attenuation processes at a crude oil spill site II. Controls on spatial distribution of microbial populations, J. Contam. Hydrol., 53:387-406.; Cozzarelli, I.M., Bekins, B.A., Baedecker, M.J., Aiken, G.R., Eaganhouse, R.P., and Tuccillo, m.E., 2001, Progression of natural attenuation processes at a crude-oil spill site--I. Geochemical evolution of the plume: Journal of Contaminant Hydrology, v. 53, pp. 369-385.",
ds_10,x9608,9608,9/12/1996,WI,8.76,75,xLO019,13DMe5EtBz_mgL,,0.00145,xLGC01,"Bekins, B.A., I.M. Cozzarelli, E.M. Godsy, E. Warren, H.I. Essaid, and M.E. Tuccillo, 2001, Progression of natural attenuation processes at a crude oil spill site II. Controls on spatial distribution of microbial populations, J. Contam. Hydrol., 53:387-406.; Cozzarelli, I.M., Bekins, B.A., Baedecker, M.J., Aiken, G.R., Eaganhouse, R.P., and Tuccillo, m.E., 2001, Progression of natural attenuation processes at a crude-oil spill site--I. Geochemical evolution of the plume: Journal of Contaminant Hydrology, v. 53, pp. 369-385.",
ds_10,x9608,9608,9/12/1996,WI,8.76,75,xLO011,12DEtBz_mgL,,0.00125,xLGC01,"Bekins, B.A., I.M. Cozzarelli, E.M. Godsy, E. Warren, H.I. Essaid, and M.E. Tuccillo, 2001, Progression of natural attenuation processes at a crude oil spill site II. Controls on spatial distribution of microbial populations, J. Contam. Hydrol., 53:387-406.; Cozzarelli, I.M., Bekins, B.A., Baedecker, M.J., Aiken, G.R., Eaganhouse, R.P., and Tuccillo, m.E., 2001, Progression of natural attenuation processes at a crude-oil spill site--I. Geochemical evolution of the plume: Journal of Contaminant Hydrology, v. 53, pp. 369-385.",
ds_10,x9608,9608,9/12/1996,WI,8.76,75,xLO023,1Me2EtBz_mgL,,0.0018,xLGC01,"Bekins, B.A., I.M. Cozzarelli, E.M. Godsy, E. Warren, H.I. Essaid, and M.E. Tuccillo, 2001, Progression of natural attenuation processes at a crude oil spill site II. Controls on spatial distribution of microbial populations, J. Contam. Hydrol., 53:387-406.; Cozzarelli, I.M., Bekins, B.A., Baedecker, M.J., Aiken, G.R., Eaganhouse, R.P., and Tuccillo, m.E., 2001, Progression of natural attenuation processes at a crude-oil spill site--I. Geochemical evolution of the plume: Journal of Contaminant Hydrology, v. 53, pp. 369-385.",
ds_10,x9608,9608,9/12/1996,WI,8.76,75,xLO021,14DMe2EtBz_mgL,,0.002,xLGC01,"Bekins, B.A., I.M. Cozzarelli, E.M. Godsy, E. Warren, H.I. Essaid, and M.E. Tuccillo, 2001, Progression of natural attenuation processes at a crude oil spill site II. Controls on spatial distribution of microbial populations, J. Contam. Hydrol., 53:387-406.; Cozzarelli, I.M., Bekins, B.A., Baedecker, M.J., Aiken, G.R., Eaganhouse, R.P., and Tuccillo, m.E., 2001, Progression of natural attenuation processes at a crude-oil spill site--I. Geochemical evolution of the plume: Journal of Contaminant Hydrology, v. 53, pp. 369-385.",
ds_10,x9608,9608,9/12/1996,WI,8.76,75,xLO018,13DMe4EtBz_mgL,,0.00105,xLGC01,"Bekins, B.A., I.M. Cozzarelli, E.M. Godsy, E. Warren, H.I. Essaid, and M.E. Tuccillo, 2001, Progression of natural attenuation processes at a crude oil spill site II. Controls on spatial distribution of microbial populations, J. Contam. Hydrol., 53:387-406.; Cozzarelli, I.M., Bekins, B.A., Baedecker, M.J., Aiken, G.R., Eaganhouse, R.P., and Tuccillo, m.E., 2001, Progression of natural attenuation processes at a crude-oil spill site--I. Geochemical evolution of the plume: Journal of Contaminant Hydrology, v. 53, pp. 369-385.",
ds_10,x9608,9608,9/12/1996,WI,8.76,75,xLO013,12DMe4EtBz_mgL,,0.00195,xLGC01,"Bekins, B.A., I.M. Cozzarelli, E.M. Godsy, E. Warren, H.I. Essaid, and M.E. Tuccillo, 2001, Progression of natural attenuation processes at a crude oil spill site II. Controls on spatial distribution of microbial populations, J. Contam. Hydrol., 53:387-406.; Cozzarelli, I.M., Bekins, B.A., Baedecker, M.J., Aiken, G.R., Eaganhouse, R.P., and Tuccillo, m.E., 2001, Progression of natural attenuation processes at a crude-oil spill site--I. Geochemical evolution of the plume: Journal of Contaminant Hydrology, v. 53, pp. 369-385.",
ds_10,x9608,9608,9/12/1996,WI,8.76,75,xLO017,13DMe2EtBz_mgL,,0.00185,xLGC01,"Bekins, B.A., I.M. Cozzarelli, E.M. Godsy, E. Warren, H.I. Essaid, and M.E. Tuccillo, 2001, Progression of natural attenuation processes at a crude oil spill site II. Controls on spatial distribution of microbial populations, J. Contam. Hydrol., 53:387-406.; Cozzarelli, I.M., Bekins, B.A., Baedecker, M.J., Aiken, G.R., Eaganhouse, R.P., and Tuccillo, m.E., 2001, Progression of natural attenuation processes at a crude-oil spill site--I. Geochemical evolution of the plume: Journal of Contaminant Hydrology, v. 53, pp. 369-385.",
ds_10,x9608,9608,9/12/1996,WI,8.76,75,xLO012,12DMe3EtBz_mgL,,9.00E-04,xLGC01,"Bekins, B.A., I.M. Cozzarelli, E.M. Godsy, E. Warren, H.I. Essaid, and M.E. Tuccillo, 2001, Progression of natural attenuation processes at a crude oil spill site II. Controls on spatial distribution of microbial populations, J. Contam. Hydrol., 53:387-406.; Cozzarelli, I.M., Bekins, B.A., Baedecker, M.J., Aiken, G.R., Eaganhouse, R.P., and Tuccillo, m.E., 2001, Progression of natural attenuation processes at a crude-oil spill site--I. Geochemical evolution of the plume: Journal of Contaminant Hydrology, v. 53, pp. 369-385.",
ds_10,x9608,9608,9/12/1996,WI,8.76,75,xLO008,1245TMeBz_mgL,,0.00075,xLGC01,"Bekins, B.A., I.M. Cozzarelli, E.M. Godsy, E. Warren, H.I. Essaid, and M.E. Tuccillo, 2001, Progression of natural attenuation processes at a crude oil spill site II. Controls on spatial distribution of microbial populations, J. Contam. Hydrol., 53:387-406.; Cozzarelli, I.M., Bekins, B.A., Baedecker, M.J., Aiken, G.R., Eaganhouse, R.P., and Tuccillo, m.E., 2001, Progression of natural attenuation processes at a crude-oil spill site--I. Geochemical evolution of the plume: Journal of Contaminant Hydrology, v. 53, pp. 369-385.",
ds_10,x9608,9608,9/12/1996,WI,8.76,75,xLO004,1235TMeBz_mgL,,0.00385,xLGC01,"Bekins, B.A., I.M. Cozzarelli, E.M. Godsy, E. Warren, H.I. Essaid, and M.E. Tuccillo, 2001, Progression of natural attenuation processes at a crude oil spill site II. Controls on spatial distribution of microbial populations, J. Contam. Hydrol., 53:387-406.; Cozzarelli, I.M., Bekins, B.A., Baedecker, M.J., Aiken, G.R., Eaganhouse, R.P., and Tuccillo, m.E., 2001, Progression of natural attenuation processes at a crude-oil spill site--I. Geochemical evolution of the plume: Journal of Contaminant Hydrology, v. 53, pp. 369-385.",
ds_10,x9608,9608,9/12/1996,WI,8.76,75,xLO002,1234TMeBz_mgL,,0.02195,xLGC01,"Bekins, B.A., I.M. Cozzarelli, E.M. Godsy, E. Warren, H.I. Essaid, and M.E. Tuccillo, 2001, Progression of natural attenuation processes at a crude oil spill site II. Controls on spatial distribution of microbial populations, J. Contam. Hydrol., 53:387-406.; Cozzarelli, I.M., Bekins, B.A., Baedecker, M.J., Aiken, G.R., Eaganhouse, R.P., and Tuccillo, m.E., 2001, Progression of natural attenuation processes at a crude-oil spill site--I. Geochemical evolution of the plume: Journal of Contaminant Hydrology, v. 53, pp. 369-385.",
ds_10,x9608,9608,9/12/1996,WI,8.76,75,xLO035,BTEX_mgL,,1.5538,xLCA03,"Bekins, B.A., I.M. Cozzarelli, E.M. Godsy, E. Warren, H.I. Essaid, and M.E. Tuccillo, 2001, Progression of natural attenuation processes at a crude oil spill site II. Controls on spatial distribution of microbial populations, J. Contam. Hydrol., 53:387-406.; Cozzarelli, I.M., Bekins, B.A., Baedecker, M.J., Aiken, G.R., Eaganhouse, R.P., and Tuccillo, m.E., 2001, Progression of natural attenuation processes at a crude-oil spill site--I. Geochemical evolution of the plume: Journal of Contaminant Hydrology, v. 53, pp. 369-385.",
ds_10,x9607,9607II,9/11/1996,WI,11.05,190,xLO050,IsoPrBz_mgL,,0.00101,xLGC01,"Bekins, B.A., I.M. Cozzarelli, E.M. Godsy, E. Warren, H.I. Essaid, and M.E. Tuccillo, 2001, Progression of natural attenuation processes at a crude oil spill site II. Controls on spatial distribution of microbial populations, J. Contam. Hydrol., 53:387-406.; Cozzarelli, I.M., Bekins, B.A., Baedecker, M.J., Aiken, G.R., Eaganhouse, R.P., and Tuccillo, m.E., 2001, Progression of natural attenuation processes at a crude-oil spill site--I. Geochemical evolution of the plume: Journal of Contaminant Hydrology, v. 53, pp. 369-385.",
ds_10,x9608,9608,9/12/1996,WI,8.76,90,x46123,Fe_2_mgL,,28.47,xLC006,"Bekins, B.A., I.M. Cozzarelli, E.M. Godsy, E. Warren, H.I. Essaid, and M.E. Tuccillo, 2001, Progression of natural attenuation processes at a crude oil spill site II. Controls on spatial distribution of microbial populations, J. Contam. Hydrol., 53:387-406.; Cozzarelli, I.M., Bekins, B.A., Baedecker, M.J., Aiken, G.R., Eaganhouse, R.P., and Tuccillo, m.E., 2001, Progression of natural attenuation processes at a crude-oil spill site--I. Geochemical evolution of the plume: Journal of Contaminant Hydrology, v. 53, pp. 369-385.",
ds_10,x9608,9608,9/12/1996,WI,8.76,90,x68831,CH4_mgL,,4.255,xLC005,"Bekins, B.A., I.M. Cozzarelli, E.M. Godsy, E. Warren, H.I. Essaid, and M.E. Tuccillo, 2001, Progression of natural attenuation processes at a crude oil spill site II. Controls on spatial distribution of microbial populations, J. Contam. Hydrol., 53:387-406.; Cozzarelli, I.M., Bekins, B.A., Baedecker, M.J., Aiken, G.R., Eaganhouse, R.P., and Tuccillo, m.E., 2001, Progression of natural attenuation processes at a crude-oil spill site--I. Geochemical evolution of the plume: Journal of Contaminant Hydrology, v. 53, pp. 369-385.",
ds_10,x9608,9608,9/12/1996,WI,8.76,90,xLO065,NVDOC_mgL,,9.5,xLCID2,"Bekins, B.A., I.M. Cozzarelli, E.M. Godsy, E. Warren, H.I. Essaid, and M.E. Tuccillo, 2001, Progression of natural attenuation processes at a crude oil spill site II. Controls on spatial distribution of microbial populations, J. Contam. Hydrol., 53:387-406.; Cozzarelli, I.M., Bekins, B.A., Baedecker, M.J., Aiken, G.R., Eaganhouse, R.P., and Tuccillo, m.E., 2001, Progression of natural attenuation processes at a crude-oil spill site--I. Geochemical evolution of the plume: Journal of Contaminant Hydrology, v. 53, pp. 369-385.",
ds_10,x9608,9608,9/12/1996,WI,8.76,90,xLO037,Bz_mgL,,0.9474,xLGC01,"Bekins, B.A., I.M. Cozzarelli, E.M. Godsy, E. Warren, H.I. Essaid, and M.E. Tuccillo, 2001, Progression of natural attenuation processes at a crude oil spill site II. Controls on spatial distribution of microbial populations, J. Contam. Hydrol., 53:387-406.; Cozzarelli, I.M., Bekins, B.A., Baedecker, M.J., Aiken, G.R., Eaganhouse, R.P., and Tuccillo, m.E., 2001, Progression of natural attenuation processes at a crude-oil spill site--I. Geochemical evolution of the plume: Journal of Contaminant Hydrology, v. 53, pp. 369-385.",
ds_10,x9608,9608,9/12/1996,WI,8.76,90,xLO073,Tol_mgL,,0.0134,xLGC01,"Bekins, B.A., I.M. Cozzarelli, E.M. Godsy, E. Warren, H.I. Essaid, and M.E. Tuccillo, 2001, Progression of natural attenuation processes at a crude oil spill site II. Controls on spatial distribution of microbial populations, J. Contam. Hydrol., 53:387-406.; Cozzarelli, I.M., Bekins, B.A., Baedecker, M.J., Aiken, G.R., Eaganhouse, R.P., and Tuccillo, m.E., 2001, Progression of natural attenuation processes at a crude-oil spill site--I. Geochemical evolution of the plume: Journal of Contaminant Hydrology, v. 53, pp. 369-385.",
ds_10,x9608,9608,9/12/1996,WI,8.76,90,xLO042,EtBz_mgL,,0.0555,xLGC01,"Bekins, B.A., I.M. Cozzarelli, E.M. Godsy, E. Warren, H.I. Essaid, and M.E. Tuccillo, 2001, Progression of natural attenuation processes at a crude oil spill site II. Controls on spatial distribution of microbial populations, J. Contam. Hydrol., 53:387-406.; Cozzarelli, I.M., Bekins, B.A., Baedecker, M.J., Aiken, G.R., Eaganhouse, R.P., and Tuccillo, m.E., 2001, Progression of natural attenuation processes at a crude-oil spill site--I. Geochemical evolution of the plume: Journal of Contaminant Hydrology, v. 53, pp. 369-385.",
ds_10,x9608,9608,9/12/1996,WI,8.76,90,xLO052,mpxyl_mgL,,0.0101,xLGC01,"Bekins, B.A., I.M. Cozzarelli, E.M. Godsy, E. Warren, H.I. Essaid, and M.E. Tuccillo, 2001, Progression of natural attenuation processes at a crude oil spill site II. Controls on spatial distribution of microbial populations, J. Contam. Hydrol., 53:387-406.; Cozzarelli, I.M., Bekins, B.A., Baedecker, M.J., Aiken, G.R., Eaganhouse, R.P., and Tuccillo, m.E., 2001, Progression of natural attenuation processes at a crude-oil spill site--I. Geochemical evolution of the plume: Journal of Contaminant Hydrology, v. 53, pp. 369-385.",
ds_10,x9608,9608,9/12/1996,WI,8.76,90,xLO067,oxyl_mgL,,0.0033,xLGC01,"Bekins, B.A., I.M. Cozzarelli, E.M. Godsy, E. Warren, H.I. Essaid, and M.E. Tuccillo, 2001, Progression of natural attenuation processes at a crude oil spill site II. Controls on spatial distribution of microbial populations, J. Contam. Hydrol., 53:387-406.; Cozzarelli, I.M., Bekins, B.A., Baedecker, M.J., Aiken, G.R., Eaganhouse, R.P., and Tuccillo, m.E., 2001, Progression of natural attenuation processes at a crude-oil spill site--I. Geochemical evolution of the plume: Journal of Contaminant Hydrology, v. 53, pp. 369-385.",
ds_10,x9608,9608,9/12/1996,WI,8.76,90,xLO050,IsoPrBz_mgL,,0.0071,xLGC01,"Bekins, B.A., I.M. Cozzarelli, E.M. Godsy, E. Warren, H.I. Essaid, and M.E. Tuccillo, 2001, Progression of natural attenuation processes at a crude oil spill site II. Controls on spatial distribution of microbial populations, J. Contam. Hydrol., 53:387-406.; Cozzarelli, I.M., Bekins, B.A., Baedecker, M.J., Aiken, G.R., Eaganhouse, R.P., and Tuccillo, m.E., 2001, Progression of natural attenuation processes at a crude-oil spill site--I. Geochemical evolution of the plume: Journal of Contaminant Hydrology, v. 53, pp. 369-385.",
ds_10,x9608,9608,9/12/1996,WI,8.76,90,xLO064,nPrBz_mgL,,0.0061,xLGC01,"Bekins, B.A., I.M. Cozzarelli, E.M. Godsy, E. Warren, H.I. Essaid, and M.E. Tuccillo, 2001, Progression of natural attenuation processes at a crude oil spill site II. Controls on spatial distribution of microbial populations, J. Contam. Hydrol., 53:387-406.; Cozzarelli, I.M., Bekins, B.A., Baedecker, M.J., Aiken, G.R., Eaganhouse, R.P., and Tuccillo, m.E., 2001, Progression of natural attenuation processes at a crude-oil spill site--I. Geochemical evolution of the plume: Journal of Contaminant Hydrology, v. 53, pp. 369-385.",
ds_10,x9607,9607II,9/11/1996,WI,11.05,190,xLO064,nPrBz_mgL,,0.00078,xLGC01,"Bekins, B.A., I.M. Cozzarelli, E.M. Godsy, E. Warren, H.I. Essaid, and M.E. Tuccillo, 2001, Progression of natural attenuation processes at a crude oil spill site II. Controls on spatial distribution of microbial populations, J. Contam. Hydrol., 53:387-406.; Cozzarelli, I.M., Bekins, B.A., Baedecker, M.J., Aiken, G.R., Eaganhouse, R.P., and Tuccillo, m.E., 2001, Progression of natural attenuation processes at a crude-oil spill site--I. Geochemical evolution of the plume: Journal of Contaminant Hydrology, v. 53, pp. 369-385.",
ds_10,x9607,9607II,9/11/1996,WI,11.05,190,xLO015,135TMeBz_mgL,,0.0012,xLGC01,"Bekins, B.A., I.M. Cozzarelli, E.M. Godsy, E. Warren, H.I. Essaid, and M.E. Tuccillo, 2001, Progression of natural attenuation processes at a crude oil spill site II. Controls on spatial distribution of microbial populations, J. Contam. Hydrol., 53:387-406.; Cozzarelli, I.M., Bekins, B.A., Baedecker, M.J., Aiken, G.R., Eaganhouse, R.P., and Tuccillo, m.E., 2001, Progression of natural attenuation processes at a crude-oil spill site--I. Geochemical evolution of the plume: Journal of Contaminant Hydrology, v. 53, pp. 369-385.",
ds_10,x9608,9608,9/12/1996,WI,8.76,90,xLO015,135TMeBz_mgL,,0.0028,xLGC01,"Bekins, B.A., I.M. Cozzarelli, E.M. Godsy, E. Warren, H.I. Essaid, and M.E. Tuccillo, 2001, Progression of natural attenuation processes at a crude oil spill site II. Controls on spatial distribution of microbial populations, J. Contam. Hydrol., 53:387-406.; Cozzarelli, I.M., Bekins, B.A., Baedecker, M.J., Aiken, G.R., Eaganhouse, R.P., and Tuccillo, m.E., 2001, Progression of natural attenuation processes at a crude-oil spill site--I. Geochemical evolution of the plume: Journal of Contaminant Hydrology, v. 53, pp. 369-385.",
ds_10,x9608,9608,9/12/1996,WI,8.76,0,xLS440,1Et4MeBz_mgL,,0.0074,xLGC01,"Bekins, B.A., I.M. Cozzarelli, E.M. Godsy, E. Warren, H.I. Essaid, and M.E. Tuccillo, 2001, Progression of natural attenuation processes at a crude oil spill site II. Controls on spatial distribution of microbial populations, J. Contam. Hydrol., 53:387-406.; Cozzarelli, I.M., Bekins, B.A., Baedecker, M.J., Aiken, G.R., Eaganhouse, R.P., and Tuccillo, m.E., 2001, Progression of natural attenuation processes at a crude-oil spill site--I. Geochemical evolution of the plume: Journal of Contaminant Hydrology, v. 53, pp. 369-385.",
ds_10,x9608,9608,9/12/1996,WI,8.76,45,xLS440,1Et4MeBz_mgL,,0.0197,xLGC01,"Bekins, B.A., I.M. Cozzarelli, E.M. Godsy, E. Warren, H.I. Essaid, and M.E. Tuccillo, 2001, Progression of natural attenuation processes at a crude oil spill site II. Controls on spatial distribution of microbial populations, J. Contam. Hydrol., 53:387-406.; Cozzarelli, I.M., Bekins, B.A., Baedecker, M.J., Aiken, G.R., Eaganhouse, R.P., and Tuccillo, m.E., 2001, Progression of natural attenuation processes at a crude-oil spill site--I. Geochemical evolution of the plume: Journal of Contaminant Hydrology, v. 53, pp. 369-385.",
ds_10,x9608,9608,9/12/1996,WI,8.76,90,xLO010,124TMeBz_mgL,,0.0037,xLGC01,"Bekins, B.A., I.M. Cozzarelli, E.M. Godsy, E. Warren, H.I. Essaid, and M.E. Tuccillo, 2001, Progression of natural attenuation processes at a crude oil spill site II. Controls on spatial distribution of microbial populations, J. Contam. Hydrol., 53:387-406.; Cozzarelli, I.M., Bekins, B.A., Baedecker, M.J., Aiken, G.R., Eaganhouse, R.P., and Tuccillo, m.E., 2001, Progression of natural attenuation processes at a crude-oil spill site--I. Geochemical evolution of the plume: Journal of Contaminant Hydrology, v. 53, pp. 369-385.",
ds_10,x9608,9608,9/12/1996,WI,8.76,60,xLS440,1Et4MeBz_mgL,,0.0046,xLGC01,"Bekins, B.A., I.M. Cozzarelli, E.M. Godsy, E. Warren, H.I. Essaid, and M.E. Tuccillo, 2001, Progression of natural attenuation processes at a crude oil spill site II. Controls on spatial distribution of microbial populations, J. Contam. Hydrol., 53:387-406.; Cozzarelli, I.M., Bekins, B.A., Baedecker, M.J., Aiken, G.R., Eaganhouse, R.P., and Tuccillo, m.E., 2001, Progression of natural attenuation processes at a crude-oil spill site--I. Geochemical evolution of the plume: Journal of Contaminant Hydrology, v. 53, pp. 369-385.",
ds_10,x9608,9608,9/12/1996,WI,8.76,75,xLS440,1Et4MeBz_mgL,,0.00695,xLGC01,"Bekins, B.A., I.M. Cozzarelli, E.M. Godsy, E. Warren, H.I. Essaid, and M.E. Tuccillo, 2001, Progression of natural attenuation processes at a crude oil spill site II. Controls on spatial distribution of microbial populations, J. Contam. Hydrol., 53:387-406.; Cozzarelli, I.M., Bekins, B.A., Baedecker, M.J., Aiken, G.R., Eaganhouse, R.P., and Tuccillo, m.E., 2001, Progression of natural attenuation processes at a crude-oil spill site--I. Geochemical evolution of the plume: Journal of Contaminant Hydrology, v. 53, pp. 369-385.",
ds_10,x9608,9608,9/12/1996,WI,8.76,90,xLO006,123TMeBz_mgL,,0.0026,xLGC01,"Bekins, B.A., I.M. Cozzarelli, E.M. Godsy, E. Warren, H.I. Essaid, and M.E. Tuccillo, 2001, Progression of natural attenuation processes at a crude oil spill site II. Controls on spatial distribution of microbial populations, J. Contam. Hydrol., 53:387-406.; Cozzarelli, I.M., Bekins, B.A., Baedecker, M.J., Aiken, G.R., Eaganhouse, R.P., and Tuccillo, m.E., 2001, Progression of natural attenuation processes at a crude-oil spill site--I. Geochemical evolution of the plume: Journal of Contaminant Hydrology, v. 53, pp. 369-385.",
ds_10,x9608,9608,9/12/1996,WI,8.76,90,xLO027,1Me3IsoPrBz_mgL,,0.005,xLGC01,"Bekins, B.A., I.M. Cozzarelli, E.M. Godsy, E. Warren, H.I. Essaid, and M.E. Tuccillo, 2001, Progression of natural attenuation processes at a crude oil spill site II. Controls on spatial distribution of microbial populations, J. Contam. Hydrol., 53:387-406.; Cozzarelli, I.M., Bekins, B.A., Baedecker, M.J., Aiken, G.R., Eaganhouse, R.P., and Tuccillo, m.E., 2001, Progression of natural attenuation processes at a crude-oil spill site--I. Geochemical evolution of the plume: Journal of Contaminant Hydrology, v. 53, pp. 369-385.",
ds_10,x9608,9608,9/12/1996,WI,8.76,90,xLO030,1Me4IsoPrBz_mgL,,0.0044,xLGC01,"Bekins, B.A., I.M. Cozzarelli, E.M. Godsy, E. Warren, H.I. Essaid, and M.E. Tuccillo, 2001, Progression of natural attenuation processes at a crude oil spill site II. Controls on spatial distribution of microbial populations, J. Contam. Hydrol., 53:387-406.; Cozzarelli, I.M., Bekins, B.A., Baedecker, M.J., Aiken, G.R., Eaganhouse, R.P., and Tuccillo, m.E., 2001, Progression of natural attenuation processes at a crude-oil spill site--I. Geochemical evolution of the plume: Journal of Contaminant Hydrology, v. 53, pp. 369-385.",
ds_10,x9608,9608,9/12/1996,WI,8.76,90,xLO024,1Me2IsoPrBz_mgL,,0.0029,xLGC01,"Bekins, B.A., I.M. Cozzarelli, E.M. Godsy, E. Warren, H.I. Essaid, and M.E. Tuccillo, 2001, Progression of natural attenuation processes at a crude oil spill site II. Controls on spatial distribution of microbial populations, J. Contam. Hydrol., 53:387-406.; Cozzarelli, I.M., Bekins, B.A., Baedecker, M.J., Aiken, G.R., Eaganhouse, R.P., and Tuccillo, m.E., 2001, Progression of natural attenuation processes at a crude-oil spill site--I. Geochemical evolution of the plume: Journal of Contaminant Hydrology, v. 53, pp. 369-385.",
ds_10,x9608,9608,9/12/1996,WI,8.76,90,xLO016,13DEtBz_mgL,,0.0054,xLGC01,"Bekins, B.A., I.M. Cozzarelli, E.M. Godsy, E. Warren, H.I. Essaid, and M.E. Tuccillo, 2001, Progression of natural attenuation processes at a crude oil spill site II. Controls on spatial distribution of microbial populations, J. Contam. Hydrol., 53:387-406.; Cozzarelli, I.M., Bekins, B.A., Baedecker, M.J., Aiken, G.R., Eaganhouse, R.P., and Tuccillo, m.E., 2001, Progression of natural attenuation processes at a crude-oil spill site--I. Geochemical evolution of the plume: Journal of Contaminant Hydrology, v. 53, pp. 369-385.",
ds_10,x9608,9608,9/12/1996,WI,8.76,90,xLO028,1Me3PrBz_mgL,,0.0053,xLGC01,"Bekins, B.A., I.M. Cozzarelli, E.M. Godsy, E. Warren, H.I. Essaid, and M.E. Tuccillo, 2001, Progression of natural attenuation processes at a crude oil spill site II. Controls on spatial distribution of microbial populations, J. Contam. Hydrol., 53:387-406.; Cozzarelli, I.M., Bekins, B.A., Baedecker, M.J., Aiken, G.R., Eaganhouse, R.P., and Tuccillo, m.E., 2001, Progression of natural attenuation processes at a crude-oil spill site--I. Geochemical evolution of the plume: Journal of Contaminant Hydrology, v. 53, pp. 369-385.",
ds_10,x9608,9608,9/12/1996,WI,8.76,90,xLO031,1Me4PrBz_mgL,,0.0062,xLGC01,"Bekins, B.A., I.M. Cozzarelli, E.M. Godsy, E. Warren, H.I. Essaid, and M.E. Tuccillo, 2001, Progression of natural attenuation processes at a crude oil spill site II. Controls on spatial distribution of microbial populations, J. Contam. Hydrol., 53:387-406.; Cozzarelli, I.M., Bekins, B.A., Baedecker, M.J., Aiken, G.R., Eaganhouse, R.P., and Tuccillo, m.E., 2001, Progression of natural attenuation processes at a crude-oil spill site--I. Geochemical evolution of the plume: Journal of Contaminant Hydrology, v. 53, pp. 369-385.",
ds_10,x9608,9608,9/12/1996,WI,8.76,90,xLO020,14DEtBz_mgL,,0.0043,xLGC01,"Bekins, B.A., I.M. Cozzarelli, E.M. Godsy, E. Warren, H.I. Essaid, and M.E. Tuccillo, 2001, Progression of natural attenuation processes at a crude oil spill site II. Controls on spatial distribution of microbial populations, J. Contam. Hydrol., 53:387-406.; Cozzarelli, I.M., Bekins, B.A., Baedecker, M.J., Aiken, G.R., Eaganhouse, R.P., and Tuccillo, m.E., 2001, Progression of natural attenuation processes at a crude-oil spill site--I. Geochemical evolution of the plume: Journal of Contaminant Hydrology, v. 53, pp. 369-385.",
ds_10,x9608,9608,9/12/1996,WI,8.76,90,xLO056,nButylBz_mgL,,0.0086,xLGC01,"Bekins, B.A., I.M. Cozzarelli, E.M. Godsy, E. Warren, H.I. Essaid, and M.E. Tuccillo, 2001, Progression of natural attenuation processes at a crude oil spill site II. Controls on spatial distribution of microbial populations, J. Contam. Hydrol., 53:387-406.; Cozzarelli, I.M., Bekins, B.A., Baedecker, M.J., Aiken, G.R., Eaganhouse, R.P., and Tuccillo, m.E., 2001, Progression of natural attenuation processes at a crude-oil spill site--I. Geochemical evolution of the plume: Journal of Contaminant Hydrology, v. 53, pp. 369-385.",
ds_10,x9608,9608,9/12/1996,WI,8.76,90,xLO019,13DMe5EtBz_mgL,,0.0034,xLGC01,"Bekins, B.A., I.M. Cozzarelli, E.M. Godsy, E. Warren, H.I. Essaid, and M.E. Tuccillo, 2001, Progression of natural attenuation processes at a crude oil spill site II. Controls on spatial distribution of microbial populations, J. Contam. Hydrol., 53:387-406.; Cozzarelli, I.M., Bekins, B.A., Baedecker, M.J., Aiken, G.R., Eaganhouse, R.P., and Tuccillo, m.E., 2001, Progression of natural attenuation processes at a crude-oil spill site--I. Geochemical evolution of the plume: Journal of Contaminant Hydrology, v. 53, pp. 369-385.",
ds_10,x9608,9608,9/12/1996,WI,8.76,90,xLO011,12DEtBz_mgL,,0.0056,xLGC01,"Bekins, B.A., I.M. Cozzarelli, E.M. Godsy, E. Warren, H.I. Essaid, and M.E. Tuccillo, 2001, Progression of natural attenuation processes at a crude oil spill site II. Controls on spatial distribution of microbial populations, J. Contam. Hydrol., 53:387-406.; Cozzarelli, I.M., Bekins, B.A., Baedecker, M.J., Aiken, G.R., Eaganhouse, R.P., and Tuccillo, m.E., 2001, Progression of natural attenuation processes at a crude-oil spill site--I. Geochemical evolution of the plume: Journal of Contaminant Hydrology, v. 53, pp. 369-385.",
ds_10,x9608,9608,9/12/1996,WI,8.76,90,xLO023,1Me2EtBz_mgL,,0.0059,xLGC01,"Bekins, B.A., I.M. Cozzarelli, E.M. Godsy, E. Warren, H.I. Essaid, and M.E. Tuccillo, 2001, Progression of natural attenuation processes at a crude oil spill site II. Controls on spatial distribution of microbial populations, J. Contam. Hydrol., 53:387-406.; Cozzarelli, I.M., Bekins, B.A., Baedecker, M.J., Aiken, G.R., Eaganhouse, R.P., and Tuccillo, m.E., 2001, Progression of natural attenuation processes at a crude-oil spill site--I. Geochemical evolution of the plume: Journal of Contaminant Hydrology, v. 53, pp. 369-385.",
ds_10,x9608,9608,9/12/1996,WI,8.76,90,xLO021,14DMe2EtBz_mgL,,0.0054,xLGC01,"Bekins, B.A., I.M. Cozzarelli, E.M. Godsy, E. Warren, H.I. Essaid, and M.E. Tuccillo, 2001, Progression of natural attenuation processes at a crude oil spill site II. Controls on spatial distribution of microbial populations, J. Contam. Hydrol., 53:387-406.; Cozzarelli, I.M., Bekins, B.A., Baedecker, M.J., Aiken, G.R., Eaganhouse, R.P., and Tuccillo, m.E., 2001, Progression of natural attenuation processes at a crude-oil spill site--I. Geochemical evolution of the plume: Journal of Contaminant Hydrology, v. 53, pp. 369-385.",
ds_10,x9608,9608,9/12/1996,WI,8.76,90,xLO018,13DMe4EtBz_mgL,,8.00E-04,xLGC01,"Bekins, B.A., I.M. Cozzarelli, E.M. Godsy, E. Warren, H.I. Essaid, and M.E. Tuccillo, 2001, Progression of natural attenuation processes at a crude oil spill site II. Controls on spatial distribution of microbial populations, J. Contam. Hydrol., 53:387-406.; Cozzarelli, I.M., Bekins, B.A., Baedecker, M.J., Aiken, G.R., Eaganhouse, R.P., and Tuccillo, m.E., 2001, Progression of natural attenuation processes at a crude-oil spill site--I. Geochemical evolution of the plume: Journal of Contaminant Hydrology, v. 53, pp. 369-385.",
ds_10,x9608,9608,9/12/1996,WI,8.76,90,xLO013,12DMe4EtBz_mgL,,0.0052,xLGC01,"Bekins, B.A., I.M. Cozzarelli, E.M. Godsy, E. Warren, H.I. Essaid, and M.E. Tuccillo, 2001, Progression of natural attenuation processes at a crude oil spill site II. Controls on spatial distribution of microbial populations, J. Contam. Hydrol., 53:387-406.; Cozzarelli, I.M., Bekins, B.A., Baedecker, M.J., Aiken, G.R., Eaganhouse, R.P., and Tuccillo, m.E., 2001, Progression of natural attenuation processes at a crude-oil spill site--I. Geochemical evolution of the plume: Journal of Contaminant Hydrology, v. 53, pp. 369-385.",
ds_10,x9608,9608,9/12/1996,WI,8.76,90,xLO017,13DMe2EtBz_mgL,,0.005,xLGC01,"Bekins, B.A., I.M. Cozzarelli, E.M. Godsy, E. Warren, H.I. Essaid, and M.E. Tuccillo, 2001, Progression of natural attenuation processes at a crude oil spill site II. Controls on spatial distribution of microbial populations, J. Contam. Hydrol., 53:387-406.; Cozzarelli, I.M., Bekins, B.A., Baedecker, M.J., Aiken, G.R., Eaganhouse, R.P., and Tuccillo, m.E., 2001, Progression of natural attenuation processes at a crude-oil spill site--I. Geochemical evolution of the plume: Journal of Contaminant Hydrology, v. 53, pp. 369-385.",
ds_10,x9608,9608,9/12/1996,WI,8.76,90,xLO012,12DMe3EtBz_mgL,,0.0048,xLGC01,"Bekins, B.A., I.M. Cozzarelli, E.M. Godsy, E. Warren, H.I. Essaid, and M.E. Tuccillo, 2001, Progression of natural attenuation processes at a crude oil spill site II. Controls on spatial distribution of microbial populations, J. Contam. Hydrol., 53:387-406.; Cozzarelli, I.M., Bekins, B.A., Baedecker, M.J., Aiken, G.R., Eaganhouse, R.P., and Tuccillo, m.E., 2001, Progression of natural attenuation processes at a crude-oil spill site--I. Geochemical evolution of the plume: Journal of Contaminant Hydrology, v. 53, pp. 369-385.",
ds_10,x9608,9608,9/12/1996,WI,8.76,90,xLO008,1245TMeBz_mgL,,0.0054,xLGC01,"Bekins, B.A., I.M. Cozzarelli, E.M. Godsy, E. Warren, H.I. Essaid, and M.E. Tuccillo, 2001, Progression of natural attenuation processes at a crude oil spill site II. Controls on spatial distribution of microbial populations, J. Contam. Hydrol., 53:387-406.; Cozzarelli, I.M., Bekins, B.A., Baedecker, M.J., Aiken, G.R., Eaganhouse, R.P., and Tuccillo, m.E., 2001, Progression of natural attenuation processes at a crude-oil spill site--I. Geochemical evolution of the plume: Journal of Contaminant Hydrology, v. 53, pp. 369-385.",
ds_10,x9608,9608,9/12/1996,WI,8.76,90,xLO004,1235TMeBz_mgL,,0.0055,xLGC01,"Bekins, B.A., I.M. Cozzarelli, E.M. Godsy, E. Warren, H.I. Essaid, and M.E. Tuccillo, 2001, Progression of natural attenuation processes at a crude oil spill site II. Controls on spatial distribution of microbial populations, J. Contam. Hydrol., 53:387-406.; Cozzarelli, I.M., Bekins, B.A., Baedecker, M.J., Aiken, G.R., Eaganhouse, R.P., and Tuccillo, m.E., 2001, Progression of natural attenuation processes at a crude-oil spill site--I. Geochemical evolution of the plume: Journal of Contaminant Hydrology, v. 53, pp. 369-385.",
ds_10,x9608,9608,9/12/1996,WI,8.76,90,xLO002,1234TMeBz_mgL,,0.0219,xLGC01,"Bekins, B.A., I.M. Cozzarelli, E.M. Godsy, E. Warren, H.I. Essaid, and M.E. Tuccillo, 2001, Progression of natural attenuation processes at a crude oil spill site II. Controls on spatial distribution of microbial populations, J. Contam. Hydrol., 53:387-406.; Cozzarelli, I.M., Bekins, B.A., Baedecker, M.J., Aiken, G.R., Eaganhouse, R.P., and Tuccillo, m.E., 2001, Progression of natural attenuation processes at a crude-oil spill site--I. Geochemical evolution of the plume: Journal of Contaminant Hydrology, v. 53, pp. 369-385.",
ds_10,x9608,9608,9/12/1996,WI,8.76,90,xLO035,BTEX_mgL,,1.0297,xLCA03,"Bekins, B.A., I.M. Cozzarelli, E.M. Godsy, E. Warren, H.I. Essaid, and M.E. Tuccillo, 2001, Progression of natural attenuation processes at a crude oil spill site II. Controls on spatial distribution of microbial populations, J. Contam. Hydrol., 53:387-406.; Cozzarelli, I.M., Bekins, B.A., Baedecker, M.J., Aiken, G.R., Eaganhouse, R.P., and Tuccillo, m.E., 2001, Progression of natural attenuation processes at a crude-oil spill site--I. Geochemical evolution of the plume: Journal of Contaminant Hydrology, v. 53, pp. 369-385.",
ds_10,x9608,9608,9/12/1996,WI,8.76,90,xLS440,1Et4MeBz_mgL,,0.0053,xLGC01,"Bekins, B.A., I.M. Cozzarelli, E.M. Godsy, E. Warren, H.I. Essaid, and M.E. Tuccillo, 2001, Progression of natural attenuation processes at a crude oil spill site II. Controls on spatial distribution of microbial populations, J. Contam. Hydrol., 53:387-406.; Cozzarelli, I.M., Bekins, B.A., Baedecker, M.J., Aiken, G.R., Eaganhouse, R.P., and Tuccillo, m.E., 2001, Progression of natural attenuation processes at a crude-oil spill site--I. Geochemical evolution of the plume: Journal of Contaminant Hydrology, v. 53, pp. 369-385.",
ds_10,x9608,9608,9/12/1996,WI,8.76,105,x46123,Fe_2_mgL,,21.78,xLC006,"Bekins, B.A., I.M. Cozzarelli, E.M. Godsy, E. Warren, H.I. Essaid, and M.E. Tuccillo, 2001, Progression of natural attenuation processes at a crude oil spill site II. Controls on spatial distribution of microbial populations, J. Contam. Hydrol., 53:387-406.; Cozzarelli, I.M., Bekins, B.A., Baedecker, M.J., Aiken, G.R., Eaganhouse, R.P., and Tuccillo, m.E., 2001, Progression of natural attenuation processes at a crude-oil spill site--I. Geochemical evolution of the plume: Journal of Contaminant Hydrology, v. 53, pp. 369-385.",
ds_10,x9608,9608,9/12/1996,WI,8.76,105,x68831,CH4_mgL,,3.758,xLC005,"Bekins, B.A., I.M. Cozzarelli, E.M. Godsy, E. Warren, H.I. Essaid, and M.E. Tuccillo, 2001, Progression of natural attenuation processes at a crude oil spill site II. Controls on spatial distribution of microbial populations, J. Contam. Hydrol., 53:387-406.; Cozzarelli, I.M., Bekins, B.A., Baedecker, M.J., Aiken, G.R., Eaganhouse, R.P., and Tuccillo, m.E., 2001, Progression of natural attenuation processes at a crude-oil spill site--I. Geochemical evolution of the plume: Journal of Contaminant Hydrology, v. 53, pp. 369-385.",
ds_10,x9608,9608,9/12/1996,WI,8.76,105,xLO065,NVDOC_mgL,,11.3,xLCID2,"Bekins, B.A., I.M. Cozzarelli, E.M. Godsy, E. Warren, H.I. Essaid, and M.E. Tuccillo, 2001, Progression of natural attenuation processes at a crude oil spill site II. Controls on spatial distribution of microbial populations, J. Contam. Hydrol., 53:387-406.; Cozzarelli, I.M., Bekins, B.A., Baedecker, M.J., Aiken, G.R., Eaganhouse, R.P., and Tuccillo, m.E., 2001, Progression of natural attenuation processes at a crude-oil spill site--I. Geochemical evolution of the plume: Journal of Contaminant Hydrology, v. 53, pp. 369-385.",
ds_10,x9608,9608,9/12/1996,WI,8.76,105,xLO037,Bz_mgL,,0.3748,xLGC01,"Bekins, B.A., I.M. Cozzarelli, E.M. Godsy, E. Warren, H.I. Essaid, and M.E. Tuccillo, 2001, Progression of natural attenuation processes at a crude oil spill site II. Controls on spatial distribution of microbial populations, J. Contam. Hydrol., 53:387-406.; Cozzarelli, I.M., Bekins, B.A., Baedecker, M.J., Aiken, G.R., Eaganhouse, R.P., and Tuccillo, m.E., 2001, Progression of natural attenuation processes at a crude-oil spill site--I. Geochemical evolution of the plume: Journal of Contaminant Hydrology, v. 53, pp. 369-385.",
ds_10,x9608,9608,9/12/1996,WI,8.76,105,xLO073,Tol_mgL,,0.0048,xLGC01,"Bekins, B.A., I.M. Cozzarelli, E.M. Godsy, E. Warren, H.I. Essaid, and M.E. Tuccillo, 2001, Progression of natural attenuation processes at a crude oil spill site II. Controls on spatial distribution of microbial populations, J. Contam. Hydrol., 53:387-406.; Cozzarelli, I.M., Bekins, B.A., Baedecker, M.J., Aiken, G.R., Eaganhouse, R.P., and Tuccillo, m.E., 2001, Progression of natural attenuation processes at a crude-oil spill site--I. Geochemical evolution of the plume: Journal of Contaminant Hydrology, v. 53, pp. 369-385.",
ds_10,x9608,9608,9/12/1996,WI,8.76,105,xLO042,EtBz_mgL,,0.0082,xLGC01,"Bekins, B.A., I.M. Cozzarelli, E.M. Godsy, E. Warren, H.I. Essaid, and M.E. Tuccillo, 2001, Progression of natural attenuation processes at a crude oil spill site II. Controls on spatial distribution of microbial populations, J. Contam. Hydrol., 53:387-406.; Cozzarelli, I.M., Bekins, B.A., Baedecker, M.J., Aiken, G.R., Eaganhouse, R.P., and Tuccillo, m.E., 2001, Progression of natural attenuation processes at a crude-oil spill site--I. Geochemical evolution of the plume: Journal of Contaminant Hydrology, v. 53, pp. 369-385.",
ds_10,x9608,9608,9/12/1996,WI,8.76,105,xLO052,mpxyl_mgL,,0.0042,xLGC01,"Bekins, B.A., I.M. Cozzarelli, E.M. Godsy, E. Warren, H.I. Essaid, and M.E. Tuccillo, 2001, Progression of natural attenuation processes at a crude oil spill site II. Controls on spatial distribution of microbial populations, J. Contam. Hydrol., 53:387-406.; Cozzarelli, I.M., Bekins, B.A., Baedecker, M.J., Aiken, G.R., Eaganhouse, R.P., and Tuccillo, m.E., 2001, Progression of natural attenuation processes at a crude-oil spill site--I. Geochemical evolution of the plume: Journal of Contaminant Hydrology, v. 53, pp. 369-385.",
ds_10,x9608,9608,9/12/1996,WI,8.76,105,xLO067,oxyl_mgL,,0,xLGC01,"Bekins, B.A., I.M. Cozzarelli, E.M. Godsy, E. Warren, H.I. Essaid, and M.E. Tuccillo, 2001, Progression of natural attenuation processes at a crude oil spill site II. Controls on spatial distribution of microbial populations, J. Contam. Hydrol., 53:387-406.; Cozzarelli, I.M., Bekins, B.A., Baedecker, M.J., Aiken, G.R., Eaganhouse, R.P., and Tuccillo, m.E., 2001, Progression of natural attenuation processes at a crude-oil spill site--I. Geochemical evolution of the plume: Journal of Contaminant Hydrology, v. 53, pp. 369-385.",
ds_10,x9608,9608,9/12/1996,WI,8.76,105,xLO050,IsoPrBz_mgL,,0.0022,xLGC01,"Bekins, B.A., I.M. Cozzarelli, E.M. Godsy, E. Warren, H.I. Essaid, and M.E. Tuccillo, 2001, Progression of natural attenuation processes at a crude oil spill site II. Controls on spatial distribution of microbial populations, J. Contam. Hydrol., 53:387-406.; Cozzarelli, I.M., Bekins, B.A., Baedecker, M.J., Aiken, G.R., Eaganhouse, R.P., and Tuccillo, m.E., 2001, Progression of natural attenuation processes at a crude-oil spill site--I. Geochemical evolution of the plume: Journal of Contaminant Hydrology, v. 53, pp. 369-385.",
ds_10,x9608,9608,9/12/1996,WI,8.76,105,xLO064,nPrBz_mgL,,0,xLGC01,"Bekins, B.A., I.M. Cozzarelli, E.M. Godsy, E. Warren, H.I. Essaid, and M.E. Tuccillo, 2001, Progression of natural attenuation processes at a crude oil spill site II. Controls on spatial distribution of microbial populations, J. Contam. Hydrol., 53:387-406.; Cozzarelli, I.M., Bekins, B.A., Baedecker, M.J., Aiken, G.R., Eaganhouse, R.P., and Tuccillo, m.E., 2001, Progression of natural attenuation processes at a crude-oil spill site--I. Geochemical evolution of the plume: Journal of Contaminant Hydrology, v. 53, pp. 369-385.",
ds_10,x9608,9608,9/12/1996,WI,8.76,105,xLS440,1Et4MeBz_mgL,,2.00E-04,xLGC01,"Bekins, B.A., I.M. Cozzarelli, E.M. Godsy, E. Warren, H.I. Essaid, and M.E. Tuccillo, 2001, Progression of natural attenuation processes at a crude oil spill site II. Controls on spatial distribution of microbial populations, J. Contam. Hydrol., 53:387-406.; Cozzarelli, I.M., Bekins, B.A., Baedecker, M.J., Aiken, G.R., Eaganhouse, R.P., and Tuccillo, m.E., 2001, Progression of natural attenuation processes at a crude-oil spill site--I. Geochemical evolution of the plume: Journal of Contaminant Hydrology, v. 53, pp. 369-385.",
ds_10,x9608,9608,9/12/1996,WI,8.76,120,xLS440,1Et4MeBz_mgL,,0.0032,xLGC01,"Bekins, B.A., I.M. Cozzarelli, E.M. Godsy, E. Warren, H.I. Essaid, and M.E. Tuccillo, 2001, Progression of natural attenuation processes at a crude oil spill site II. Controls on spatial distribution of microbial populations, J. Contam. Hydrol., 53:387-406.; Cozzarelli, I.M., Bekins, B.A., Baedecker, M.J., Aiken, G.R., Eaganhouse, R.P., and Tuccillo, m.E., 2001, Progression of natural attenuation processes at a crude-oil spill site--I. Geochemical evolution of the plume: Journal of Contaminant Hydrology, v. 53, pp. 369-385.",
ds_10,x9608,9608,9/12/1996,WI,8.76,105,xLO015,135TMeBz_mgL,,0.0016,xLGC01,"Bekins, B.A., I.M. Cozzarelli, E.M. Godsy, E. Warren, H.I. Essaid, and M.E. Tuccillo, 2001, Progression of natural attenuation processes at a crude oil spill site II. Controls on spatial distribution of microbial populations, J. Contam. Hydrol., 53:387-406.; Cozzarelli, I.M., Bekins, B.A., Baedecker, M.J., Aiken, G.R., Eaganhouse, R.P., and Tuccillo, m.E., 2001, Progression of natural attenuation processes at a crude-oil spill site--I. Geochemical evolution of the plume: Journal of Contaminant Hydrology, v. 53, pp. 369-385.",
ds_10,x9608,9608,9/12/1996,WI,8.76,135,xLS440,1Et4MeBz_mgL,,0.0084,xLGC01,"Bekins, B.A., I.M. Cozzarelli, E.M. Godsy, E. Warren, H.I. Essaid, and M.E. Tuccillo, 2001, Progression of natural attenuation processes at a crude oil spill site II. Controls on spatial distribution of microbial populations, J. Contam. Hydrol., 53:387-406.; Cozzarelli, I.M., Bekins, B.A., Baedecker, M.J., Aiken, G.R., Eaganhouse, R.P., and Tuccillo, m.E., 2001, Progression of natural attenuation processes at a crude-oil spill site--I. Geochemical evolution of the plume: Journal of Contaminant Hydrology, v. 53, pp. 369-385.",
ds_10,x9608,9608,9/12/1996,WI,8.76,165,xLS440,1Et4MeBz_mgL,,0.0097,xLGC01,"Bekins, B.A., I.M. Cozzarelli, E.M. Godsy, E. Warren, H.I. Essaid, and M.E. Tuccillo, 2001, Progression of natural attenuation processes at a crude oil spill site II. Controls on spatial distribution of microbial populations, J. Contam. Hydrol., 53:387-406.; Cozzarelli, I.M., Bekins, B.A., Baedecker, M.J., Aiken, G.R., Eaganhouse, R.P., and Tuccillo, m.E., 2001, Progression of natural attenuation processes at a crude-oil spill site--I. Geochemical evolution of the plume: Journal of Contaminant Hydrology, v. 53, pp. 369-385.",
ds_10,x9608,9608,9/12/1996,WI,8.76,105,xLO010,124TMeBz_mgL,,0,xLGC01,"Bekins, B.A., I.M. Cozzarelli, E.M. Godsy, E. Warren, H.I. Essaid, and M.E. Tuccillo, 2001, Progression of natural attenuation processes at a crude oil spill site II. Controls on spatial distribution of microbial populations, J. Contam. Hydrol., 53:387-406.; Cozzarelli, I.M., Bekins, B.A., Baedecker, M.J., Aiken, G.R., Eaganhouse, R.P., and Tuccillo, m.E., 2001, Progression of natural attenuation processes at a crude-oil spill site--I. Geochemical evolution of the plume: Journal of Contaminant Hydrology, v. 53, pp. 369-385.",
ds_10,x9609,9609,9/12/1996,WI,8.76,15,xLS440,1Et4MeBz_mgL,,0.023,xLGC01,"Bekins, B.A., I.M. Cozzarelli, E.M. Godsy, E. Warren, H.I. Essaid, and M.E. Tuccillo, 2001, Progression of natural attenuation processes at a crude oil spill site II. Controls on spatial distribution of microbial populations, J. Contam. Hydrol., 53:387-406.; Cozzarelli, I.M., Bekins, B.A., Baedecker, M.J., Aiken, G.R., Eaganhouse, R.P., and Tuccillo, m.E., 2001, Progression of natural attenuation processes at a crude-oil spill site--I. Geochemical evolution of the plume: Journal of Contaminant Hydrology, v. 53, pp. 369-385.",
ds_10,x9609,9609,9/12/1996,WI,8.76,30,xLS440,1Et4MeBz_mgL,,0.0516,xLGC01,"Bekins, B.A., I.M. Cozzarelli, E.M. Godsy, E. Warren, H.I. Essaid, and M.E. Tuccillo, 2001, Progression of natural attenuation processes at a crude oil spill site II. Controls on spatial distribution of microbial populations, J. Contam. Hydrol., 53:387-406.; Cozzarelli, I.M., Bekins, B.A., Baedecker, M.J., Aiken, G.R., Eaganhouse, R.P., and Tuccillo, m.E., 2001, Progression of natural attenuation processes at a crude-oil spill site--I. Geochemical evolution of the plume: Journal of Contaminant Hydrology, v. 53, pp. 369-385.",
ds_10,x9608,9608,9/12/1996,WI,8.76,105,xLO006,123TMeBz_mgL,,0.001,xLGC01,"Bekins, B.A., I.M. Cozzarelli, E.M. Godsy, E. Warren, H.I. Essaid, and M.E. Tuccillo, 2001, Progression of natural attenuation processes at a crude oil spill site II. Controls on spatial distribution of microbial populations, J. Contam. Hydrol., 53:387-406.; Cozzarelli, I.M., Bekins, B.A., Baedecker, M.J., Aiken, G.R., Eaganhouse, R.P., and Tuccillo, m.E., 2001, Progression of natural attenuation processes at a crude-oil spill site--I. Geochemical evolution of the plume: Journal of Contaminant Hydrology, v. 53, pp. 369-385.",
ds_10,x9608,9608,9/12/1996,WI,8.76,105,xLO027,1Me3IsoPrBz_mgL,,0.0034,xLGC01,"Bekins, B.A., I.M. Cozzarelli, E.M. Godsy, E. Warren, H.I. Essaid, and M.E. Tuccillo, 2001, Progression of natural attenuation processes at a crude oil spill site II. Controls on spatial distribution of microbial populations, J. Contam. Hydrol., 53:387-406.; Cozzarelli, I.M., Bekins, B.A., Baedecker, M.J., Aiken, G.R., Eaganhouse, R.P., and Tuccillo, m.E., 2001, Progression of natural attenuation processes at a crude-oil spill site--I. Geochemical evolution of the plume: Journal of Contaminant Hydrology, v. 53, pp. 369-385.",
ds_10,x9608,9608,9/12/1996,WI,8.76,105,xLO030,1Me4IsoPrBz_mgL,,0.0024,xLGC01,"Bekins, B.A., I.M. Cozzarelli, E.M. Godsy, E. Warren, H.I. Essaid, and M.E. Tuccillo, 2001, Progression of natural attenuation processes at a crude oil spill site II. Controls on spatial distribution of microbial populations, J. Contam. Hydrol., 53:387-406.; Cozzarelli, I.M., Bekins, B.A., Baedecker, M.J., Aiken, G.R., Eaganhouse, R.P., and Tuccillo, m.E., 2001, Progression of natural attenuation processes at a crude-oil spill site--I. Geochemical evolution of the plume: Journal of Contaminant Hydrology, v. 53, pp. 369-385.",
ds_10,x9608,9608,9/12/1996,WI,8.76,105,xLO024,1Me2IsoPrBz_mgL,,0.001,xLGC01,"Bekins, B.A., I.M. Cozzarelli, E.M. Godsy, E. Warren, H.I. Essaid, and M.E. Tuccillo, 2001, Progression of natural attenuation processes at a crude oil spill site II. Controls on spatial distribution of microbial populations, J. Contam. Hydrol., 53:387-406.; Cozzarelli, I.M., Bekins, B.A., Baedecker, M.J., Aiken, G.R., Eaganhouse, R.P., and Tuccillo, m.E., 2001, Progression of natural attenuation processes at a crude-oil spill site--I. Geochemical evolution of the plume: Journal of Contaminant Hydrology, v. 53, pp. 369-385.",
ds_10,x9608,9608,9/12/1996,WI,8.76,105,xLO016,13DEtBz_mgL,,0.0034,xLGC01,"Bekins, B.A., I.M. Cozzarelli, E.M. Godsy, E. Warren, H.I. Essaid, and M.E. Tuccillo, 2001, Progression of natural attenuation processes at a crude oil spill site II. Controls on spatial distribution of microbial populations, J. Contam. Hydrol., 53:387-406.; Cozzarelli, I.M., Bekins, B.A., Baedecker, M.J., Aiken, G.R., Eaganhouse, R.P., and Tuccillo, m.E., 2001, Progression of natural attenuation processes at a crude-oil spill site--I. Geochemical evolution of the plume: Journal of Contaminant Hydrology, v. 53, pp. 369-385.",
ds_10,x9608,9608,9/12/1996,WI,8.76,105,xLO028,1Me3PrBz_mgL,,0,xLGC01,"Bekins, B.A., I.M. Cozzarelli, E.M. Godsy, E. Warren, H.I. Essaid, and M.E. Tuccillo, 2001, Progression of natural attenuation processes at a crude oil spill site II. Controls on spatial distribution of microbial populations, J. Contam. Hydrol., 53:387-406.; Cozzarelli, I.M., Bekins, B.A., Baedecker, M.J., Aiken, G.R., Eaganhouse, R.P., and Tuccillo, m.E., 2001, Progression of natural attenuation processes at a crude-oil spill site--I. Geochemical evolution of the plume: Journal of Contaminant Hydrology, v. 53, pp. 369-385.",
ds_10,x9608,9608,9/12/1996,WI,8.76,105,xLO031,1Me4PrBz_mgL,,0,xLGC01,"Bekins, B.A., I.M. Cozzarelli, E.M. Godsy, E. Warren, H.I. Essaid, and M.E. Tuccillo, 2001, Progression of natural attenuation processes at a crude oil spill site II. Controls on spatial distribution of microbial populations, J. Contam. Hydrol., 53:387-406.; Cozzarelli, I.M., Bekins, B.A., Baedecker, M.J., Aiken, G.R., Eaganhouse, R.P., and Tuccillo, m.E., 2001, Progression of natural attenuation processes at a crude-oil spill site--I. Geochemical evolution of the plume: Journal of Contaminant Hydrology, v. 53, pp. 369-385.",
ds_10,x9608,9608,9/12/1996,WI,8.76,105,xLO020,14DEtBz_mgL,,0.0024,xLGC01,"Bekins, B.A., I.M. Cozzarelli, E.M. Godsy, E. Warren, H.I. Essaid, and M.E. Tuccillo, 2001, Progression of natural attenuation processes at a crude oil spill site II. Controls on spatial distribution of microbial populations, J. Contam. Hydrol., 53:387-406.; Cozzarelli, I.M., Bekins, B.A., Baedecker, M.J., Aiken, G.R., Eaganhouse, R.P., and Tuccillo, m.E., 2001, Progression of natural attenuation processes at a crude-oil spill site--I. Geochemical evolution of the plume: Journal of Contaminant Hydrology, v. 53, pp. 369-385.",
ds_10,x9608,9608,9/12/1996,WI,8.76,105,xLO056,nButylBz_mgL,,0,xLGC01,"Bekins, B.A., I.M. Cozzarelli, E.M. Godsy, E. Warren, H.I. Essaid, and M.E. Tuccillo, 2001, Progression of natural attenuation processes at a crude oil spill site II. Controls on spatial distribution of microbial populations, J. Contam. Hydrol., 53:387-406.; Cozzarelli, I.M., Bekins, B.A., Baedecker, M.J., Aiken, G.R., Eaganhouse, R.P., and Tuccillo, m.E., 2001, Progression of natural attenuation processes at a crude-oil spill site--I. Geochemical evolution of the plume: Journal of Contaminant Hydrology, v. 53, pp. 369-385.",
ds_10,x9608,9608,9/12/1996,WI,8.76,105,xLO019,13DMe5EtBz_mgL,,0.002,xLGC01,"Bekins, B.A., I.M. Cozzarelli, E.M. Godsy, E. Warren, H.I. Essaid, and M.E. Tuccillo, 2001, Progression of natural attenuation processes at a crude oil spill site II. Controls on spatial distribution of microbial populations, J. Contam. Hydrol., 53:387-406.; Cozzarelli, I.M., Bekins, B.A., Baedecker, M.J., Aiken, G.R., Eaganhouse, R.P., and Tuccillo, m.E., 2001, Progression of natural attenuation processes at a crude-oil spill site--I. Geochemical evolution of the plume: Journal of Contaminant Hydrology, v. 53, pp. 369-385.",
ds_10,x9608,9608,9/12/1996,WI,8.76,105,xLO011,12DEtBz_mgL,,0.0012,xLGC01,"Bekins, B.A., I.M. Cozzarelli, E.M. Godsy, E. Warren, H.I. Essaid, and M.E. Tuccillo, 2001, Progression of natural attenuation processes at a crude oil spill site II. Controls on spatial distribution of microbial populations, J. Contam. Hydrol., 53:387-406.; Cozzarelli, I.M., Bekins, B.A., Baedecker, M.J., Aiken, G.R., Eaganhouse, R.P., and Tuccillo, m.E., 2001, Progression of natural attenuation processes at a crude-oil spill site--I. Geochemical evolution of the plume: Journal of Contaminant Hydrology, v. 53, pp. 369-385.",
ds_10,x9608,9608,9/12/1996,WI,8.76,105,xLO023,1Me2EtBz_mgL,,0.001,xLGC01,"Bekins, B.A., I.M. Cozzarelli, E.M. Godsy, E. Warren, H.I. Essaid, and M.E. Tuccillo, 2001, Progression of natural attenuation processes at a crude oil spill site II. Controls on spatial distribution of microbial populations, J. Contam. Hydrol., 53:387-406.; Cozzarelli, I.M., Bekins, B.A., Baedecker, M.J., Aiken, G.R., Eaganhouse, R.P., and Tuccillo, m.E., 2001, Progression of natural attenuation processes at a crude-oil spill site--I. Geochemical evolution of the plume: Journal of Contaminant Hydrology, v. 53, pp. 369-385.",
ds_10,x9608,9608,9/12/1996,WI,8.76,105,xLO021,14DMe2EtBz_mgL,,0,xLGC01,"Bekins, B.A., I.M. Cozzarelli, E.M. Godsy, E. Warren, H.I. Essaid, and M.E. Tuccillo, 2001, Progression of natural attenuation processes at a crude oil spill site II. Controls on spatial distribution of microbial populations, J. Contam. Hydrol., 53:387-406.; Cozzarelli, I.M., Bekins, B.A., Baedecker, M.J., Aiken, G.R., Eaganhouse, R.P., and Tuccillo, m.E., 2001, Progression of natural attenuation processes at a crude-oil spill site--I. Geochemical evolution of the plume: Journal of Contaminant Hydrology, v. 53, pp. 369-385.",
ds_10,x9608,9608,9/12/1996,WI,8.76,105,xLO018,13DMe4EtBz_mgL,,0.0012,xLGC01,"Bekins, B.A., I.M. Cozzarelli, E.M. Godsy, E. Warren, H.I. Essaid, and M.E. Tuccillo, 2001, Progression of natural attenuation processes at a crude oil spill site II. Controls on spatial distribution of microbial populations, J. Contam. Hydrol., 53:387-406.; Cozzarelli, I.M., Bekins, B.A., Baedecker, M.J., Aiken, G.R., Eaganhouse, R.P., and Tuccillo, m.E., 2001, Progression of natural attenuation processes at a crude-oil spill site--I. Geochemical evolution of the plume: Journal of Contaminant Hydrology, v. 53, pp. 369-385.",
ds_10,x9608,9608,9/12/1996,WI,8.76,105,xLO013,12DMe4EtBz_mgL,,0,xLGC01,"Bekins, B.A., I.M. Cozzarelli, E.M. Godsy, E. Warren, H.I. Essaid, and M.E. Tuccillo, 2001, Progression of natural attenuation processes at a crude oil spill site II. Controls on spatial distribution of microbial populations, J. Contam. Hydrol., 53:387-406.; Cozzarelli, I.M., Bekins, B.A., Baedecker, M.J., Aiken, G.R., Eaganhouse, R.P., and Tuccillo, m.E., 2001, Progression of natural attenuation processes at a crude-oil spill site--I. Geochemical evolution of the plume: Journal of Contaminant Hydrology, v. 53, pp. 369-385.",
ds_10,x9608,9608,9/12/1996,WI,8.76,105,xLO017,13DMe2EtBz_mgL,,0.0024,xLGC01,"Bekins, B.A., I.M. Cozzarelli, E.M. Godsy, E. Warren, H.I. Essaid, and M.E. Tuccillo, 2001, Progression of natural attenuation processes at a crude oil spill site II. Controls on spatial distribution of microbial populations, J. Contam. Hydrol., 53:387-406.; Cozzarelli, I.M., Bekins, B.A., Baedecker, M.J., Aiken, G.R., Eaganhouse, R.P., and Tuccillo, m.E., 2001, Progression of natural attenuation processes at a crude-oil spill site--I. Geochemical evolution of the plume: Journal of Contaminant Hydrology, v. 53, pp. 369-385.",
ds_10,x9608,9608,9/12/1996,WI,8.76,105,xLO012,12DMe3EtBz_mgL,,0,xLGC01,"Bekins, B.A., I.M. Cozzarelli, E.M. Godsy, E. Warren, H.I. Essaid, and M.E. Tuccillo, 2001, Progression of natural attenuation processes at a crude oil spill site II. Controls on spatial distribution of microbial populations, J. Contam. Hydrol., 53:387-406.; Cozzarelli, I.M., Bekins, B.A., Baedecker, M.J., Aiken, G.R., Eaganhouse, R.P., and Tuccillo, m.E., 2001, Progression of natural attenuation processes at a crude-oil spill site--I. Geochemical evolution of the plume: Journal of Contaminant Hydrology, v. 53, pp. 369-385.",
ds_10,x9608,9608,9/12/1996,WI,8.76,105,xLO008,1245TMeBz_mgL,,0,xLGC01,"Bekins, B.A., I.M. Cozzarelli, E.M. Godsy, E. Warren, H.I. Essaid, and M.E. Tuccillo, 2001, Progression of natural attenuation processes at a crude oil spill site II. Controls on spatial distribution of microbial populations, J. Contam. Hydrol., 53:387-406.; Cozzarelli, I.M., Bekins, B.A., Baedecker, M.J., Aiken, G.R., Eaganhouse, R.P., and Tuccillo, m.E., 2001, Progression of natural attenuation processes at a crude-oil spill site--I. Geochemical evolution of the plume: Journal of Contaminant Hydrology, v. 53, pp. 369-385.",
ds_10,x9608,9608,9/12/1996,WI,8.76,105,xLO004,1235TMeBz_mgL,,0,xLGC01,"Bekins, B.A., I.M. Cozzarelli, E.M. Godsy, E. Warren, H.I. Essaid, and M.E. Tuccillo, 2001, Progression of natural attenuation processes at a crude oil spill site II. Controls on spatial distribution of microbial populations, J. Contam. Hydrol., 53:387-406.; Cozzarelli, I.M., Bekins, B.A., Baedecker, M.J., Aiken, G.R., Eaganhouse, R.P., and Tuccillo, m.E., 2001, Progression of natural attenuation processes at a crude-oil spill site--I. Geochemical evolution of the plume: Journal of Contaminant Hydrology, v. 53, pp. 369-385.",
ds_10,x9608,9608,9/12/1996,WI,8.76,105,xLO002,1234TMeBz_mgL,,0.0086,xLGC01,"Bekins, B.A., I.M. Cozzarelli, E.M. Godsy, E. Warren, H.I. Essaid, and M.E. Tuccillo, 2001, Progression of natural attenuation processes at a crude oil spill site II. Controls on spatial distribution of microbial populations, J. Contam. Hydrol., 53:387-406.; Cozzarelli, I.M., Bekins, B.A., Baedecker, M.J., Aiken, G.R., Eaganhouse, R.P., and Tuccillo, m.E., 2001, Progression of natural attenuation processes at a crude-oil spill site--I. Geochemical evolution of the plume: Journal of Contaminant Hydrology, v. 53, pp. 369-385.",
ds_10,x9608,9608,9/12/1996,WI,8.76,105,xLO035,BTEX_mgL,,0.392,xLCA03,"Bekins, B.A., I.M. Cozzarelli, E.M. Godsy, E. Warren, H.I. Essaid, and M.E. Tuccillo, 2001, Progression of natural attenuation processes at a crude oil spill site II. Controls on spatial distribution of microbial populations, J. Contam. Hydrol., 53:387-406.; Cozzarelli, I.M., Bekins, B.A., Baedecker, M.J., Aiken, G.R., Eaganhouse, R.P., and Tuccillo, m.E., 2001, Progression of natural attenuation processes at a crude-oil spill site--I. Geochemical evolution of the plume: Journal of Contaminant Hydrology, v. 53, pp. 369-385.",
ds_10,x9609,9609,9/12/1996,WI,8.76,45,xLS440,1Et4MeBz_mgL,,0.0104,xLGC01,"Bekins, B.A., I.M. Cozzarelli, E.M. Godsy, E. Warren, H.I. Essaid, and M.E. Tuccillo, 2001, Progression of natural attenuation processes at a crude oil spill site II. Controls on spatial distribution of microbial populations, J. Contam. Hydrol., 53:387-406.; Cozzarelli, I.M., Bekins, B.A., Baedecker, M.J., Aiken, G.R., Eaganhouse, R.P., and Tuccillo, m.E., 2001, Progression of natural attenuation processes at a crude-oil spill site--I. Geochemical evolution of the plume: Journal of Contaminant Hydrology, v. 53, pp. 369-385.",
ds_10,x9608,9608,9/12/1996,WI,8.76,120,x46123,Fe_2_mgL,,27.17,xLC006,"Bekins, B.A., I.M. Cozzarelli, E.M. Godsy, E. Warren, H.I. Essaid, and M.E. Tuccillo, 2001, Progression of natural attenuation processes at a crude oil spill site II. Controls on spatial distribution of microbial populations, J. Contam. Hydrol., 53:387-406.; Cozzarelli, I.M., Bekins, B.A., Baedecker, M.J., Aiken, G.R., Eaganhouse, R.P., and Tuccillo, m.E., 2001, Progression of natural attenuation processes at a crude-oil spill site--I. Geochemical evolution of the plume: Journal of Contaminant Hydrology, v. 53, pp. 369-385.",
ds_10,x9608,9608,9/12/1996,WI,8.76,120,x68831,CH4_mgL,,3.48,xLC005,"Bekins, B.A., I.M. Cozzarelli, E.M. Godsy, E. Warren, H.I. Essaid, and M.E. Tuccillo, 2001, Progression of natural attenuation processes at a crude oil spill site II. Controls on spatial distribution of microbial populations, J. Contam. Hydrol., 53:387-406.; Cozzarelli, I.M., Bekins, B.A., Baedecker, M.J., Aiken, G.R., Eaganhouse, R.P., and Tuccillo, m.E., 2001, Progression of natural attenuation processes at a crude-oil spill site--I. Geochemical evolution of the plume: Journal of Contaminant Hydrology, v. 53, pp. 369-385.",
ds_10,x9608,9608,9/12/1996,WI,8.76,120,xLO065,NVDOC_mgL,,14.6,xLCID2,"Bekins, B.A., I.M. Cozzarelli, E.M. Godsy, E. Warren, H.I. Essaid, and M.E. Tuccillo, 2001, Progression of natural attenuation processes at a crude oil spill site II. Controls on spatial distribution of microbial populations, J. Contam. Hydrol., 53:387-406.; Cozzarelli, I.M., Bekins, B.A., Baedecker, M.J., Aiken, G.R., Eaganhouse, R.P., and Tuccillo, m.E., 2001, Progression of natural attenuation processes at a crude-oil spill site--I. Geochemical evolution of the plume: Journal of Contaminant Hydrology, v. 53, pp. 369-385.",
ds_10,x9608,9608,9/12/1996,WI,8.76,120,xLO037,Bz_mgL,,1.084,xLGC01,"Bekins, B.A., I.M. Cozzarelli, E.M. Godsy, E. Warren, H.I. Essaid, and M.E. Tuccillo, 2001, Progression of natural attenuation processes at a crude oil spill site II. Controls on spatial distribution of microbial populations, J. Contam. Hydrol., 53:387-406.; Cozzarelli, I.M., Bekins, B.A., Baedecker, M.J., Aiken, G.R., Eaganhouse, R.P., and Tuccillo, m.E., 2001, Progression of natural attenuation processes at a crude-oil spill site--I. Geochemical evolution of the plume: Journal of Contaminant Hydrology, v. 53, pp. 369-385.",
ds_10,x9608,9608,9/12/1996,WI,8.76,120,xLO073,Tol_mgL,,0.0068,xLGC01,"Bekins, B.A., I.M. Cozzarelli, E.M. Godsy, E. Warren, H.I. Essaid, and M.E. Tuccillo, 2001, Progression of natural attenuation processes at a crude oil spill site II. Controls on spatial distribution of microbial populations, J. Contam. Hydrol., 53:387-406.; Cozzarelli, I.M., Bekins, B.A., Baedecker, M.J., Aiken, G.R., Eaganhouse, R.P., and Tuccillo, m.E., 2001, Progression of natural attenuation processes at a crude-oil spill site--I. Geochemical evolution of the plume: Journal of Contaminant Hydrology, v. 53, pp. 369-385.",
ds_10,x9608,9608,9/12/1996,WI,8.76,120,xLO042,EtBz_mgL,,0.0646,xLGC01,"Bekins, B.A., I.M. Cozzarelli, E.M. Godsy, E. Warren, H.I. Essaid, and M.E. Tuccillo, 2001, Progression of natural attenuation processes at a crude oil spill site II. Controls on spatial distribution of microbial populations, J. Contam. Hydrol., 53:387-406.; Cozzarelli, I.M., Bekins, B.A., Baedecker, M.J., Aiken, G.R., Eaganhouse, R.P., and Tuccillo, m.E., 2001, Progression of natural attenuation processes at a crude-oil spill site--I. Geochemical evolution of the plume: Journal of Contaminant Hydrology, v. 53, pp. 369-385.",
ds_10,x9608,9608,9/12/1996,WI,8.76,120,xLO052,mpxyl_mgL,,0.0056,xLGC01,"Bekins, B.A., I.M. Cozzarelli, E.M. Godsy, E. Warren, H.I. Essaid, and M.E. Tuccillo, 2001, Progression of natural attenuation processes at a crude oil spill site II. Controls on spatial distribution of microbial populations, J. Contam. Hydrol., 53:387-406.; Cozzarelli, I.M., Bekins, B.A., Baedecker, M.J., Aiken, G.R., Eaganhouse, R.P., and Tuccillo, m.E., 2001, Progression of natural attenuation processes at a crude-oil spill site--I. Geochemical evolution of the plume: Journal of Contaminant Hydrology, v. 53, pp. 369-385.",
ds_10,x9608,9608,9/12/1996,WI,8.76,120,xLO067,oxyl_mgL,,4.00E-04,xLGC01,"Bekins, B.A., I.M. Cozzarelli, E.M. Godsy, E. Warren, H.I. Essaid, and M.E. Tuccillo, 2001, Progression of natural attenuation processes at a crude oil spill site II. Controls on spatial distribution of microbial populations, J. Contam. Hydrol., 53:387-406.; Cozzarelli, I.M., Bekins, B.A., Baedecker, M.J., Aiken, G.R., Eaganhouse, R.P., and Tuccillo, m.E., 2001, Progression of natural attenuation processes at a crude-oil spill site--I. Geochemical evolution of the plume: Journal of Contaminant Hydrology, v. 53, pp. 369-385.",
ds_10,x9608,9608,9/12/1996,WI,8.76,120,xLO050,IsoPrBz_mgL,,0.0068,xLGC01,"Bekins, B.A., I.M. Cozzarelli, E.M. Godsy, E. Warren, H.I. Essaid, and M.E. Tuccillo, 2001, Progression of natural attenuation processes at a crude oil spill site II. Controls on spatial distribution of microbial populations, J. Contam. Hydrol., 53:387-406.; Cozzarelli, I.M., Bekins, B.A., Baedecker, M.J., Aiken, G.R., Eaganhouse, R.P., and Tuccillo, m.E., 2001, Progression of natural attenuation processes at a crude-oil spill site--I. Geochemical evolution of the plume: Journal of Contaminant Hydrology, v. 53, pp. 369-385.",
ds_10,x9608,9608,9/12/1996,WI,8.76,120,xLO064,nPrBz_mgL,,0.003,xLGC01,"Bekins, B.A., I.M. Cozzarelli, E.M. Godsy, E. Warren, H.I. Essaid, and M.E. Tuccillo, 2001, Progression of natural attenuation processes at a crude oil spill site II. Controls on spatial distribution of microbial populations, J. Contam. Hydrol., 53:387-406.; Cozzarelli, I.M., Bekins, B.A., Baedecker, M.J., Aiken, G.R., Eaganhouse, R.P., and Tuccillo, m.E., 2001, Progression of natural attenuation processes at a crude-oil spill site--I. Geochemical evolution of the plume: Journal of Contaminant Hydrology, v. 53, pp. 369-385.",
ds_10,x9609,9609,9/12/1996,WI,8.76,60,xLS440,1Et4MeBz_mgL,,0.0458,xLGC01,"Bekins, B.A., I.M. Cozzarelli, E.M. Godsy, E. Warren, H.I. Essaid, and M.E. Tuccillo, 2001, Progression of natural attenuation processes at a crude oil spill site II. Controls on spatial distribution of microbial populations, J. Contam. Hydrol., 53:387-406.; Cozzarelli, I.M., Bekins, B.A., Baedecker, M.J., Aiken, G.R., Eaganhouse, R.P., and Tuccillo, m.E., 2001, Progression of natural attenuation processes at a crude-oil spill site--I. Geochemical evolution of the plume: Journal of Contaminant Hydrology, v. 53, pp. 369-385.",
ds_10,x9609,9609,9/12/1996,WI,8.76,75,xLS440,1Et4MeBz_mgL,,0.0482,xLGC01,"Bekins, B.A., I.M. Cozzarelli, E.M. Godsy, E. Warren, H.I. Essaid, and M.E. Tuccillo, 2001, Progression of natural attenuation processes at a crude oil spill site II. Controls on spatial distribution of microbial populations, J. Contam. Hydrol., 53:387-406.; Cozzarelli, I.M., Bekins, B.A., Baedecker, M.J., Aiken, G.R., Eaganhouse, R.P., and Tuccillo, m.E., 2001, Progression of natural attenuation processes at a crude-oil spill site--I. Geochemical evolution of the plume: Journal of Contaminant Hydrology, v. 53, pp. 369-385.",
ds_10,x9608,9608,9/12/1996,WI,8.76,120,xLO015,135TMeBz_mgL,,0.0026,xLGC01,"Bekins, B.A., I.M. Cozzarelli, E.M. Godsy, E. Warren, H.I. Essaid, and M.E. Tuccillo, 2001, Progression of natural attenuation processes at a crude oil spill site II. Controls on spatial distribution of microbial populations, J. Contam. Hydrol., 53:387-406.; Cozzarelli, I.M., Bekins, B.A., Baedecker, M.J., Aiken, G.R., Eaganhouse, R.P., and Tuccillo, m.E., 2001, Progression of natural attenuation processes at a crude-oil spill site--I. Geochemical evolution of the plume: Journal of Contaminant Hydrology, v. 53, pp. 369-385.",
ds_10,x9609,9609,9/12/1996,WI,8.76,90,xLS440,1Et4MeBz_mgL,,0.0343,xLGC01,"Bekins, B.A., I.M. Cozzarelli, E.M. Godsy, E. Warren, H.I. Essaid, and M.E. Tuccillo, 2001, Progression of natural attenuation processes at a crude oil spill site II. Controls on spatial distribution of microbial populations, J. Contam. Hydrol., 53:387-406.; Cozzarelli, I.M., Bekins, B.A., Baedecker, M.J., Aiken, G.R., Eaganhouse, R.P., and Tuccillo, m.E., 2001, Progression of natural attenuation processes at a crude-oil spill site--I. Geochemical evolution of the plume: Journal of Contaminant Hydrology, v. 53, pp. 369-385.",
ds_10,x9609,9609,9/12/1996,WI,8.76,105,xLS440,1Et4MeBz_mgL,,0.0355,xLGC01,"Bekins, B.A., I.M. Cozzarelli, E.M. Godsy, E. Warren, H.I. Essaid, and M.E. Tuccillo, 2001, Progression of natural attenuation processes at a crude oil spill site II. Controls on spatial distribution of microbial populations, J. Contam. Hydrol., 53:387-406.; Cozzarelli, I.M., Bekins, B.A., Baedecker, M.J., Aiken, G.R., Eaganhouse, R.P., and Tuccillo, m.E., 2001, Progression of natural attenuation processes at a crude-oil spill site--I. Geochemical evolution of the plume: Journal of Contaminant Hydrology, v. 53, pp. 369-385.",
ds_10,x9608,9608,9/12/1996,WI,8.76,120,xLO010,124TMeBz_mgL,,8.00E-04,xLGC01,"Bekins, B.A., I.M. Cozzarelli, E.M. Godsy, E. Warren, H.I. Essaid, and M.E. Tuccillo, 2001, Progression of natural attenuation processes at a crude oil spill site II. Controls on spatial distribution of microbial populations, J. Contam. Hydrol., 53:387-406.; Cozzarelli, I.M., Bekins, B.A., Baedecker, M.J., Aiken, G.R., Eaganhouse, R.P., and Tuccillo, m.E., 2001, Progression of natural attenuation processes at a crude-oil spill site--I. Geochemical evolution of the plume: Journal of Contaminant Hydrology, v. 53, pp. 369-385.",
ds_10,x9609,9609,9/12/1996,WI,8.76,120,xLS440,1Et4MeBz_mgL,,0.0173,xLGC01,"Bekins, B.A., I.M. Cozzarelli, E.M. Godsy, E. Warren, H.I. Essaid, and M.E. Tuccillo, 2001, Progression of natural attenuation processes at a crude oil spill site II. Controls on spatial distribution of microbial populations, J. Contam. Hydrol., 53:387-406.; Cozzarelli, I.M., Bekins, B.A., Baedecker, M.J., Aiken, G.R., Eaganhouse, R.P., and Tuccillo, m.E., 2001, Progression of natural attenuation processes at a crude-oil spill site--I. Geochemical evolution of the plume: Journal of Contaminant Hydrology, v. 53, pp. 369-385.",
ds_10,x9609,9609,9/12/1996,WI,8.76,135,xLS440,1Et4MeBz_mgL,,0.0036,xLGC01,"Bekins, B.A., I.M. Cozzarelli, E.M. Godsy, E. Warren, H.I. Essaid, and M.E. Tuccillo, 2001, Progression of natural attenuation processes at a crude oil spill site II. Controls on spatial distribution of microbial populations, J. Contam. Hydrol., 53:387-406.; Cozzarelli, I.M., Bekins, B.A., Baedecker, M.J., Aiken, G.R., Eaganhouse, R.P., and Tuccillo, m.E., 2001, Progression of natural attenuation processes at a crude-oil spill site--I. Geochemical evolution of the plume: Journal of Contaminant Hydrology, v. 53, pp. 369-385.",
ds_10,x9608,9608,9/12/1996,WI,8.76,120,xLO006,123TMeBz_mgL,,4.00E-04,xLGC01,"Bekins, B.A., I.M. Cozzarelli, E.M. Godsy, E. Warren, H.I. Essaid, and M.E. Tuccillo, 2001, Progression of natural attenuation processes at a crude oil spill site II. Controls on spatial distribution of microbial populations, J. Contam. Hydrol., 53:387-406.; Cozzarelli, I.M., Bekins, B.A., Baedecker, M.J., Aiken, G.R., Eaganhouse, R.P., and Tuccillo, m.E., 2001, Progression of natural attenuation processes at a crude-oil spill site--I. Geochemical evolution of the plume: Journal of Contaminant Hydrology, v. 53, pp. 369-385.",
ds_10,x9608,9608,9/12/1996,WI,8.76,120,xLO027,1Me3IsoPrBz_mgL,,0.0046,xLGC01,"Bekins, B.A., I.M. Cozzarelli, E.M. Godsy, E. Warren, H.I. Essaid, and M.E. Tuccillo, 2001, Progression of natural attenuation processes at a crude oil spill site II. Controls on spatial distribution of microbial populations, J. Contam. Hydrol., 53:387-406.; Cozzarelli, I.M., Bekins, B.A., Baedecker, M.J., Aiken, G.R., Eaganhouse, R.P., and Tuccillo, m.E., 2001, Progression of natural attenuation processes at a crude-oil spill site--I. Geochemical evolution of the plume: Journal of Contaminant Hydrology, v. 53, pp. 369-385.",
ds_10,x9608,9608,9/12/1996,WI,8.76,120,xLO030,1Me4IsoPrBz_mgL,,0.0034,xLGC01,"Bekins, B.A., I.M. Cozzarelli, E.M. Godsy, E. Warren, H.I. Essaid, and M.E. Tuccillo, 2001, Progression of natural attenuation processes at a crude oil spill site II. Controls on spatial distribution of microbial populations, J. Contam. Hydrol., 53:387-406.; Cozzarelli, I.M., Bekins, B.A., Baedecker, M.J., Aiken, G.R., Eaganhouse, R.P., and Tuccillo, m.E., 2001, Progression of natural attenuation processes at a crude-oil spill site--I. Geochemical evolution of the plume: Journal of Contaminant Hydrology, v. 53, pp. 369-385.",
ds_10,x9608,9608,9/12/1996,WI,8.76,120,xLO024,1Me2IsoPrBz_mgL,,0.001,xLGC01,"Bekins, B.A., I.M. Cozzarelli, E.M. Godsy, E. Warren, H.I. Essaid, and M.E. Tuccillo, 2001, Progression of natural attenuation processes at a crude oil spill site II. Controls on spatial distribution of microbial populations, J. Contam. Hydrol., 53:387-406.; Cozzarelli, I.M., Bekins, B.A., Baedecker, M.J., Aiken, G.R., Eaganhouse, R.P., and Tuccillo, m.E., 2001, Progression of natural attenuation processes at a crude-oil spill site--I. Geochemical evolution of the plume: Journal of Contaminant Hydrology, v. 53, pp. 369-385.",
ds_10,x9608,9608,9/12/1996,WI,8.76,120,xLO016,13DEtBz_mgL,,0,xLGC01,"Bekins, B.A., I.M. Cozzarelli, E.M. Godsy, E. Warren, H.I. Essaid, and M.E. Tuccillo, 2001, Progression of natural attenuation processes at a crude oil spill site II. Controls on spatial distribution of microbial populations, J. Contam. Hydrol., 53:387-406.; Cozzarelli, I.M., Bekins, B.A., Baedecker, M.J., Aiken, G.R., Eaganhouse, R.P., and Tuccillo, m.E., 2001, Progression of natural attenuation processes at a crude-oil spill site--I. Geochemical evolution of the plume: Journal of Contaminant Hydrology, v. 53, pp. 369-385.",
ds_10,x9608,9608,9/12/1996,WI,8.76,120,xLO028,1Me3PrBz_mgL,,2.00E-04,xLGC01,"Bekins, B.A., I.M. Cozzarelli, E.M. Godsy, E. Warren, H.I. Essaid, and M.E. Tuccillo, 2001, Progression of natural attenuation processes at a crude oil spill site II. Controls on spatial distribution of microbial populations, J. Contam. Hydrol., 53:387-406.; Cozzarelli, I.M., Bekins, B.A., Baedecker, M.J., Aiken, G.R., Eaganhouse, R.P., and Tuccillo, m.E., 2001, Progression of natural attenuation processes at a crude-oil spill site--I. Geochemical evolution of the plume: Journal of Contaminant Hydrology, v. 53, pp. 369-385.",
ds_10,x9608,9608,9/12/1996,WI,8.76,120,xLO031,1Me4PrBz_mgL,,0.0018,xLGC01,"Bekins, B.A., I.M. Cozzarelli, E.M. Godsy, E. Warren, H.I. Essaid, and M.E. Tuccillo, 2001, Progression of natural attenuation processes at a crude oil spill site II. Controls on spatial distribution of microbial populations, J. Contam. Hydrol., 53:387-406.; Cozzarelli, I.M., Bekins, B.A., Baedecker, M.J., Aiken, G.R., Eaganhouse, R.P., and Tuccillo, m.E., 2001, Progression of natural attenuation processes at a crude-oil spill site--I. Geochemical evolution of the plume: Journal of Contaminant Hydrology, v. 53, pp. 369-385.",
ds_10,x9608,9608,9/12/1996,WI,8.76,120,xLO020,14DEtBz_mgL,,0.002,xLGC01,"Bekins, B.A., I.M. Cozzarelli, E.M. Godsy, E. Warren, H.I. Essaid, and M.E. Tuccillo, 2001, Progression of natural attenuation processes at a crude oil spill site II. Controls on spatial distribution of microbial populations, J. Contam. Hydrol., 53:387-406.; Cozzarelli, I.M., Bekins, B.A., Baedecker, M.J., Aiken, G.R., Eaganhouse, R.P., and Tuccillo, m.E., 2001, Progression of natural attenuation processes at a crude-oil spill site--I. Geochemical evolution of the plume: Journal of Contaminant Hydrology, v. 53, pp. 369-385.",
ds_10,x9608,9608,9/12/1996,WI,8.76,120,xLO056,nButylBz_mgL,,0.0116,xLGC01,"Bekins, B.A., I.M. Cozzarelli, E.M. Godsy, E. Warren, H.I. Essaid, and M.E. Tuccillo, 2001, Progression of natural attenuation processes at a crude oil spill site II. Controls on spatial distribution of microbial populations, J. Contam. Hydrol., 53:387-406.; Cozzarelli, I.M., Bekins, B.A., Baedecker, M.J., Aiken, G.R., Eaganhouse, R.P., and Tuccillo, m.E., 2001, Progression of natural attenuation processes at a crude-oil spill site--I. Geochemical evolution of the plume: Journal of Contaminant Hydrology, v. 53, pp. 369-385.",
ds_10,x9608,9608,9/12/1996,WI,8.76,120,xLO019,13DMe5EtBz_mgL,,0.002,xLGC01,"Bekins, B.A., I.M. Cozzarelli, E.M. Godsy, E. Warren, H.I. Essaid, and M.E. Tuccillo, 2001, Progression of natural attenuation processes at a crude oil spill site II. Controls on spatial distribution of microbial populations, J. Contam. Hydrol., 53:387-406.; Cozzarelli, I.M., Bekins, B.A., Baedecker, M.J., Aiken, G.R., Eaganhouse, R.P., and Tuccillo, m.E., 2001, Progression of natural attenuation processes at a crude-oil spill site--I. Geochemical evolution of the plume: Journal of Contaminant Hydrology, v. 53, pp. 369-385.",
ds_10,x9608,9608,9/12/1996,WI,8.76,120,xLO011,12DEtBz_mgL,,0.0014,xLGC01,"Bekins, B.A., I.M. Cozzarelli, E.M. Godsy, E. Warren, H.I. Essaid, and M.E. Tuccillo, 2001, Progression of natural attenuation processes at a crude oil spill site II. Controls on spatial distribution of microbial populations, J. Contam. Hydrol., 53:387-406.; Cozzarelli, I.M., Bekins, B.A., Baedecker, M.J., Aiken, G.R., Eaganhouse, R.P., and Tuccillo, m.E., 2001, Progression of natural attenuation processes at a crude-oil spill site--I. Geochemical evolution of the plume: Journal of Contaminant Hydrology, v. 53, pp. 369-385.",
ds_10,x9608,9608,9/12/1996,WI,8.76,120,xLO023,1Me2EtBz_mgL,,6.00E-04,xLGC01,"Bekins, B.A., I.M. Cozzarelli, E.M. Godsy, E. Warren, H.I. Essaid, and M.E. Tuccillo, 2001, Progression of natural attenuation processes at a crude oil spill site II. Controls on spatial distribution of microbial populations, J. Contam. Hydrol., 53:387-406.; Cozzarelli, I.M., Bekins, B.A., Baedecker, M.J., Aiken, G.R., Eaganhouse, R.P., and Tuccillo, m.E., 2001, Progression of natural attenuation processes at a crude-oil spill site--I. Geochemical evolution of the plume: Journal of Contaminant Hydrology, v. 53, pp. 369-385.",
ds_10,x9608,9608,9/12/1996,WI,8.76,120,xLO021,14DMe2EtBz_mgL,,0.0016,xLGC01,"Bekins, B.A., I.M. Cozzarelli, E.M. Godsy, E. Warren, H.I. Essaid, and M.E. Tuccillo, 2001, Progression of natural attenuation processes at a crude oil spill site II. Controls on spatial distribution of microbial populations, J. Contam. Hydrol., 53:387-406.; Cozzarelli, I.M., Bekins, B.A., Baedecker, M.J., Aiken, G.R., Eaganhouse, R.P., and Tuccillo, m.E., 2001, Progression of natural attenuation processes at a crude-oil spill site--I. Geochemical evolution of the plume: Journal of Contaminant Hydrology, v. 53, pp. 369-385.",
ds_10,x9608,9608,9/12/1996,WI,8.76,120,xLO018,13DMe4EtBz_mgL,,0.0014,xLGC01,"Bekins, B.A., I.M. Cozzarelli, E.M. Godsy, E. Warren, H.I. Essaid, and M.E. Tuccillo, 2001, Progression of natural attenuation processes at a crude oil spill site II. Controls on spatial distribution of microbial populations, J. Contam. Hydrol., 53:387-406.; Cozzarelli, I.M., Bekins, B.A., Baedecker, M.J., Aiken, G.R., Eaganhouse, R.P., and Tuccillo, m.E., 2001, Progression of natural attenuation processes at a crude-oil spill site--I. Geochemical evolution of the plume: Journal of Contaminant Hydrology, v. 53, pp. 369-385.",
ds_10,x9608,9608,9/12/1996,WI,8.76,120,xLO013,12DMe4EtBz_mgL,,0.001,xLGC01,"Bekins, B.A., I.M. Cozzarelli, E.M. Godsy, E. Warren, H.I. Essaid, and M.E. Tuccillo, 2001, Progression of natural attenuation processes at a crude oil spill site II. Controls on spatial distribution of microbial populations, J. Contam. Hydrol., 53:387-406.; Cozzarelli, I.M., Bekins, B.A., Baedecker, M.J., Aiken, G.R., Eaganhouse, R.P., and Tuccillo, m.E., 2001, Progression of natural attenuation processes at a crude-oil spill site--I. Geochemical evolution of the plume: Journal of Contaminant Hydrology, v. 53, pp. 369-385.",
ds_10,x9608,9608,9/12/1996,WI,8.76,120,xLO017,13DMe2EtBz_mgL,,0.0024,xLGC01,"Bekins, B.A., I.M. Cozzarelli, E.M. Godsy, E. Warren, H.I. Essaid, and M.E. Tuccillo, 2001, Progression of natural attenuation processes at a crude oil spill site II. Controls on spatial distribution of microbial populations, J. Contam. Hydrol., 53:387-406.; Cozzarelli, I.M., Bekins, B.A., Baedecker, M.J., Aiken, G.R., Eaganhouse, R.P., and Tuccillo, m.E., 2001, Progression of natural attenuation processes at a crude-oil spill site--I. Geochemical evolution of the plume: Journal of Contaminant Hydrology, v. 53, pp. 369-385.",
ds_10,x9608,9608,9/12/1996,WI,8.76,120,xLO012,12DMe3EtBz_mgL,,0,xLGC01,"Bekins, B.A., I.M. Cozzarelli, E.M. Godsy, E. Warren, H.I. Essaid, and M.E. Tuccillo, 2001, Progression of natural attenuation processes at a crude oil spill site II. Controls on spatial distribution of microbial populations, J. Contam. Hydrol., 53:387-406.; Cozzarelli, I.M., Bekins, B.A., Baedecker, M.J., Aiken, G.R., Eaganhouse, R.P., and Tuccillo, m.E., 2001, Progression of natural attenuation processes at a crude-oil spill site--I. Geochemical evolution of the plume: Journal of Contaminant Hydrology, v. 53, pp. 369-385.",
ds_10,x9608,9608,9/12/1996,WI,8.76,120,xLO008,1245TMeBz_mgL,,0,xLGC01,"Bekins, B.A., I.M. Cozzarelli, E.M. Godsy, E. Warren, H.I. Essaid, and M.E. Tuccillo, 2001, Progression of natural attenuation processes at a crude oil spill site II. Controls on spatial distribution of microbial populations, J. Contam. Hydrol., 53:387-406.; Cozzarelli, I.M., Bekins, B.A., Baedecker, M.J., Aiken, G.R., Eaganhouse, R.P., and Tuccillo, m.E., 2001, Progression of natural attenuation processes at a crude-oil spill site--I. Geochemical evolution of the plume: Journal of Contaminant Hydrology, v. 53, pp. 369-385.",
ds_10,x9608,9608,9/12/1996,WI,8.76,120,xLO004,1235TMeBz_mgL,,2.00E-04,xLGC01,"Bekins, B.A., I.M. Cozzarelli, E.M. Godsy, E. Warren, H.I. Essaid, and M.E. Tuccillo, 2001, Progression of natural attenuation processes at a crude oil spill site II. Controls on spatial distribution of microbial populations, J. Contam. Hydrol., 53:387-406.; Cozzarelli, I.M., Bekins, B.A., Baedecker, M.J., Aiken, G.R., Eaganhouse, R.P., and Tuccillo, m.E., 2001, Progression of natural attenuation processes at a crude-oil spill site--I. Geochemical evolution of the plume: Journal of Contaminant Hydrology, v. 53, pp. 369-385.",
ds_10,x9608,9608,9/12/1996,WI,8.76,120,xLO002,1234TMeBz_mgL,,0.0146,xLGC01,"Bekins, B.A., I.M. Cozzarelli, E.M. Godsy, E. Warren, H.I. Essaid, and M.E. Tuccillo, 2001, Progression of natural attenuation processes at a crude oil spill site II. Controls on spatial distribution of microbial populations, J. Contam. Hydrol., 53:387-406.; Cozzarelli, I.M., Bekins, B.A., Baedecker, M.J., Aiken, G.R., Eaganhouse, R.P., and Tuccillo, m.E., 2001, Progression of natural attenuation processes at a crude-oil spill site--I. Geochemical evolution of the plume: Journal of Contaminant Hydrology, v. 53, pp. 369-385.",
ds_10,x9608,9608,9/12/1996,WI,8.76,120,xLO035,BTEX_mgL,,1.1614,xLCA03,"Bekins, B.A., I.M. Cozzarelli, E.M. Godsy, E. Warren, H.I. Essaid, and M.E. Tuccillo, 2001, Progression of natural attenuation processes at a crude oil spill site II. Controls on spatial distribution of microbial populations, J. Contam. Hydrol., 53:387-406.; Cozzarelli, I.M., Bekins, B.A., Baedecker, M.J., Aiken, G.R., Eaganhouse, R.P., and Tuccillo, m.E., 2001, Progression of natural attenuation processes at a crude-oil spill site--I. Geochemical evolution of the plume: Journal of Contaminant Hydrology, v. 53, pp. 369-385.",
ds_10,x9609,9609,9/12/1996,WI,8.76,150,xLS440,1Et4MeBz_mgL,,0.0026,xLGC01,"Bekins, B.A., I.M. Cozzarelli, E.M. Godsy, E. Warren, H.I. Essaid, and M.E. Tuccillo, 2001, Progression of natural attenuation processes at a crude oil spill site II. Controls on spatial distribution of microbial populations, J. Contam. Hydrol., 53:387-406.; Cozzarelli, I.M., Bekins, B.A., Baedecker, M.J., Aiken, G.R., Eaganhouse, R.P., and Tuccillo, m.E., 2001, Progression of natural attenuation processes at a crude-oil spill site--I. Geochemical evolution of the plume: Journal of Contaminant Hydrology, v. 53, pp. 369-385.",
ds_10,x9608,9608,9/12/1996,WI,8.76,135,x46123,Fe_2_mgL,,26.9,xLC006,"Bekins, B.A., I.M. Cozzarelli, E.M. Godsy, E. Warren, H.I. Essaid, and M.E. Tuccillo, 2001, Progression of natural attenuation processes at a crude oil spill site II. Controls on spatial distribution of microbial populations, J. Contam. Hydrol., 53:387-406.; Cozzarelli, I.M., Bekins, B.A., Baedecker, M.J., Aiken, G.R., Eaganhouse, R.P., and Tuccillo, m.E., 2001, Progression of natural attenuation processes at a crude-oil spill site--I. Geochemical evolution of the plume: Journal of Contaminant Hydrology, v. 53, pp. 369-385.",
ds_10,x9608,9608,9/12/1996,WI,8.76,135,x68831,CH4_mgL,,4.726,xLC005,"Bekins, B.A., I.M. Cozzarelli, E.M. Godsy, E. Warren, H.I. Essaid, and M.E. Tuccillo, 2001, Progression of natural attenuation processes at a crude oil spill site II. Controls on spatial distribution of microbial populations, J. Contam. Hydrol., 53:387-406.; Cozzarelli, I.M., Bekins, B.A., Baedecker, M.J., Aiken, G.R., Eaganhouse, R.P., and Tuccillo, m.E., 2001, Progression of natural attenuation processes at a crude-oil spill site--I. Geochemical evolution of the plume: Journal of Contaminant Hydrology, v. 53, pp. 369-385.",
ds_10,x9608,9608,9/12/1996,WI,8.76,135,xLO037,Bz_mgL,,1.1726,xLGC01,"Bekins, B.A., I.M. Cozzarelli, E.M. Godsy, E. Warren, H.I. Essaid, and M.E. Tuccillo, 2001, Progression of natural attenuation processes at a crude oil spill site II. Controls on spatial distribution of microbial populations, J. Contam. Hydrol., 53:387-406.; Cozzarelli, I.M., Bekins, B.A., Baedecker, M.J., Aiken, G.R., Eaganhouse, R.P., and Tuccillo, m.E., 2001, Progression of natural attenuation processes at a crude-oil spill site--I. Geochemical evolution of the plume: Journal of Contaminant Hydrology, v. 53, pp. 369-385.",
ds_10,x9608,9608,9/12/1996,WI,8.76,135,xLO073,Tol_mgL,,0.013,xLGC01,"Bekins, B.A., I.M. Cozzarelli, E.M. Godsy, E. Warren, H.I. Essaid, and M.E. Tuccillo, 2001, Progression of natural attenuation processes at a crude oil spill site II. Controls on spatial distribution of microbial populations, J. Contam. Hydrol., 53:387-406.; Cozzarelli, I.M., Bekins, B.A., Baedecker, M.J., Aiken, G.R., Eaganhouse, R.P., and Tuccillo, m.E., 2001, Progression of natural attenuation processes at a crude-oil spill site--I. Geochemical evolution of the plume: Journal of Contaminant Hydrology, v. 53, pp. 369-385.",
ds_10,x9608,9608,9/12/1996,WI,8.76,135,xLO042,EtBz_mgL,,0.07,xLGC01,"Bekins, B.A., I.M. Cozzarelli, E.M. Godsy, E. Warren, H.I. Essaid, and M.E. Tuccillo, 2001, Progression of natural attenuation processes at a crude oil spill site II. Controls on spatial distribution of microbial populations, J. Contam. Hydrol., 53:387-406.; Cozzarelli, I.M., Bekins, B.A., Baedecker, M.J., Aiken, G.R., Eaganhouse, R.P., and Tuccillo, m.E., 2001, Progression of natural attenuation processes at a crude-oil spill site--I. Geochemical evolution of the plume: Journal of Contaminant Hydrology, v. 53, pp. 369-385.",
ds_10,x9608,9608,9/12/1996,WI,8.76,135,xLO052,mpxyl_mgL,,0.014,xLGC01,"Bekins, B.A., I.M. Cozzarelli, E.M. Godsy, E. Warren, H.I. Essaid, and M.E. Tuccillo, 2001, Progression of natural attenuation processes at a crude oil spill site II. Controls on spatial distribution of microbial populations, J. Contam. Hydrol., 53:387-406.; Cozzarelli, I.M., Bekins, B.A., Baedecker, M.J., Aiken, G.R., Eaganhouse, R.P., and Tuccillo, m.E., 2001, Progression of natural attenuation processes at a crude-oil spill site--I. Geochemical evolution of the plume: Journal of Contaminant Hydrology, v. 53, pp. 369-385.",
ds_10,x9608,9608,9/12/1996,WI,8.76,135,xLO067,oxyl_mgL,,0.0036,xLGC01,"Bekins, B.A., I.M. Cozzarelli, E.M. Godsy, E. Warren, H.I. Essaid, and M.E. Tuccillo, 2001, Progression of natural attenuation processes at a crude oil spill site II. Controls on spatial distribution of microbial populations, J. Contam. Hydrol., 53:387-406.; Cozzarelli, I.M., Bekins, B.A., Baedecker, M.J., Aiken, G.R., Eaganhouse, R.P., and Tuccillo, m.E., 2001, Progression of natural attenuation processes at a crude-oil spill site--I. Geochemical evolution of the plume: Journal of Contaminant Hydrology, v. 53, pp. 369-385.",
ds_10,x9608,9608,9/12/1996,WI,8.76,135,xLO050,IsoPrBz_mgL,,0.009,xLGC01,"Bekins, B.A., I.M. Cozzarelli, E.M. Godsy, E. Warren, H.I. Essaid, and M.E. Tuccillo, 2001, Progression of natural attenuation processes at a crude oil spill site II. Controls on spatial distribution of microbial populations, J. Contam. Hydrol., 53:387-406.; Cozzarelli, I.M., Bekins, B.A., Baedecker, M.J., Aiken, G.R., Eaganhouse, R.P., and Tuccillo, m.E., 2001, Progression of natural attenuation processes at a crude-oil spill site--I. Geochemical evolution of the plume: Journal of Contaminant Hydrology, v. 53, pp. 369-385.",
ds_10,x9608,9608,9/12/1996,WI,8.76,135,xLO064,nPrBz_mgL,,0.0078,xLGC01,"Bekins, B.A., I.M. Cozzarelli, E.M. Godsy, E. Warren, H.I. Essaid, and M.E. Tuccillo, 2001, Progression of natural attenuation processes at a crude oil spill site II. Controls on spatial distribution of microbial populations, J. Contam. Hydrol., 53:387-406.; Cozzarelli, I.M., Bekins, B.A., Baedecker, M.J., Aiken, G.R., Eaganhouse, R.P., and Tuccillo, m.E., 2001, Progression of natural attenuation processes at a crude-oil spill site--I. Geochemical evolution of the plume: Journal of Contaminant Hydrology, v. 53, pp. 369-385.",
ds_10,x9607,9607II,9/11/1996,WI,11.05,190,xLO010,124TMeBz_mgL,,0.0012,xLGC01,"Bekins, B.A., I.M. Cozzarelli, E.M. Godsy, E. Warren, H.I. Essaid, and M.E. Tuccillo, 2001, Progression of natural attenuation processes at a crude oil spill site II. Controls on spatial distribution of microbial populations, J. Contam. Hydrol., 53:387-406.; Cozzarelli, I.M., Bekins, B.A., Baedecker, M.J., Aiken, G.R., Eaganhouse, R.P., and Tuccillo, m.E., 2001, Progression of natural attenuation processes at a crude-oil spill site--I. Geochemical evolution of the plume: Journal of Contaminant Hydrology, v. 53, pp. 369-385.",
ds_10,x9607,9607II,9/11/1996,WI,11.05,190,xLO006,123TMeBz_mgL,,0.00103,xLGC01,"Bekins, B.A., I.M. Cozzarelli, E.M. Godsy, E. Warren, H.I. Essaid, and M.E. Tuccillo, 2001, Progression of natural attenuation processes at a crude oil spill site II. Controls on spatial distribution of microbial populations, J. Contam. Hydrol., 53:387-406.; Cozzarelli, I.M., Bekins, B.A., Baedecker, M.J., Aiken, G.R., Eaganhouse, R.P., and Tuccillo, m.E., 2001, Progression of natural attenuation processes at a crude-oil spill site--I. Geochemical evolution of the plume: Journal of Contaminant Hydrology, v. 53, pp. 369-385.",
ds_10,x9608,9608,9/12/1996,WI,8.76,135,xLO015,135TMeBz_mgL,,0.0072,xLGC01,"Bekins, B.A., I.M. Cozzarelli, E.M. Godsy, E. Warren, H.I. Essaid, and M.E. Tuccillo, 2001, Progression of natural attenuation processes at a crude oil spill site II. Controls on spatial distribution of microbial populations, J. Contam. Hydrol., 53:387-406.; Cozzarelli, I.M., Bekins, B.A., Baedecker, M.J., Aiken, G.R., Eaganhouse, R.P., and Tuccillo, m.E., 2001, Progression of natural attenuation processes at a crude-oil spill site--I. Geochemical evolution of the plume: Journal of Contaminant Hydrology, v. 53, pp. 369-385.",
ds_10,x9607,9607II,9/11/1996,WI,11.05,190,xLO027,1Me3IsoPrBz_mgL,,0.00103,xLGC01,"Bekins, B.A., I.M. Cozzarelli, E.M. Godsy, E. Warren, H.I. Essaid, and M.E. Tuccillo, 2001, Progression of natural attenuation processes at a crude oil spill site II. Controls on spatial distribution of microbial populations, J. Contam. Hydrol., 53:387-406.; Cozzarelli, I.M., Bekins, B.A., Baedecker, M.J., Aiken, G.R., Eaganhouse, R.P., and Tuccillo, m.E., 2001, Progression of natural attenuation processes at a crude-oil spill site--I. Geochemical evolution of the plume: Journal of Contaminant Hydrology, v. 53, pp. 369-385.",
ds_10,x9607,9607II,9/11/1996,WI,11.05,190,xLO030,1Me4IsoPrBz_mgL,,0.00096,xLGC01,"Bekins, B.A., I.M. Cozzarelli, E.M. Godsy, E. Warren, H.I. Essaid, and M.E. Tuccillo, 2001, Progression of natural attenuation processes at a crude oil spill site II. Controls on spatial distribution of microbial populations, J. Contam. Hydrol., 53:387-406.; Cozzarelli, I.M., Bekins, B.A., Baedecker, M.J., Aiken, G.R., Eaganhouse, R.P., and Tuccillo, m.E., 2001, Progression of natural attenuation processes at a crude-oil spill site--I. Geochemical evolution of the plume: Journal of Contaminant Hydrology, v. 53, pp. 369-385.",
ds_10,x9608,9608,9/12/1996,WI,8.76,135,xLO010,124TMeBz_mgL,,0.0064,xLGC01,"Bekins, B.A., I.M. Cozzarelli, E.M. Godsy, E. Warren, H.I. Essaid, and M.E. Tuccillo, 2001, Progression of natural attenuation processes at a crude oil spill site II. Controls on spatial distribution of microbial populations, J. Contam. Hydrol., 53:387-406.; Cozzarelli, I.M., Bekins, B.A., Baedecker, M.J., Aiken, G.R., Eaganhouse, R.P., and Tuccillo, m.E., 2001, Progression of natural attenuation processes at a crude-oil spill site--I. Geochemical evolution of the plume: Journal of Contaminant Hydrology, v. 53, pp. 369-385.",
ds_10,x9607,9607II,9/11/1996,WI,11.05,190,xLO024,1Me2IsoPrBz_mgL,,0.00088,xLGC01,"Bekins, B.A., I.M. Cozzarelli, E.M. Godsy, E. Warren, H.I. Essaid, and M.E. Tuccillo, 2001, Progression of natural attenuation processes at a crude oil spill site II. Controls on spatial distribution of microbial populations, J. Contam. Hydrol., 53:387-406.; Cozzarelli, I.M., Bekins, B.A., Baedecker, M.J., Aiken, G.R., Eaganhouse, R.P., and Tuccillo, m.E., 2001, Progression of natural attenuation processes at a crude-oil spill site--I. Geochemical evolution of the plume: Journal of Contaminant Hydrology, v. 53, pp. 369-385.",
ds_10,x9607,9607II,9/11/1996,WI,11.05,190,xLO016,13DEtBz_mgL,,0.00122,xLGC01,"Bekins, B.A., I.M. Cozzarelli, E.M. Godsy, E. Warren, H.I. Essaid, and M.E. Tuccillo, 2001, Progression of natural attenuation processes at a crude oil spill site II. Controls on spatial distribution of microbial populations, J. Contam. Hydrol., 53:387-406.; Cozzarelli, I.M., Bekins, B.A., Baedecker, M.J., Aiken, G.R., Eaganhouse, R.P., and Tuccillo, m.E., 2001, Progression of natural attenuation processes at a crude-oil spill site--I. Geochemical evolution of the plume: Journal of Contaminant Hydrology, v. 53, pp. 369-385.",
ds_10,x9608,9608,9/12/1996,WI,8.76,135,xLO006,123TMeBz_mgL,,0.0034,xLGC01,"Bekins, B.A., I.M. Cozzarelli, E.M. Godsy, E. Warren, H.I. Essaid, and M.E. Tuccillo, 2001, Progression of natural attenuation processes at a crude oil spill site II. Controls on spatial distribution of microbial populations, J. Contam. Hydrol., 53:387-406.; Cozzarelli, I.M., Bekins, B.A., Baedecker, M.J., Aiken, G.R., Eaganhouse, R.P., and Tuccillo, m.E., 2001, Progression of natural attenuation processes at a crude-oil spill site--I. Geochemical evolution of the plume: Journal of Contaminant Hydrology, v. 53, pp. 369-385.",
ds_10,x9608,9608,9/12/1996,WI,8.76,135,xLO027,1Me3IsoPrBz_mgL,,0.009,xLGC01,"Bekins, B.A., I.M. Cozzarelli, E.M. Godsy, E. Warren, H.I. Essaid, and M.E. Tuccillo, 2001, Progression of natural attenuation processes at a crude oil spill site II. Controls on spatial distribution of microbial populations, J. Contam. Hydrol., 53:387-406.; Cozzarelli, I.M., Bekins, B.A., Baedecker, M.J., Aiken, G.R., Eaganhouse, R.P., and Tuccillo, m.E., 2001, Progression of natural attenuation processes at a crude-oil spill site--I. Geochemical evolution of the plume: Journal of Contaminant Hydrology, v. 53, pp. 369-385.",
ds_10,x9608,9608,9/12/1996,WI,8.76,135,xLO030,1Me4IsoPrBz_mgL,,0.0076,xLGC01,"Bekins, B.A., I.M. Cozzarelli, E.M. Godsy, E. Warren, H.I. Essaid, and M.E. Tuccillo, 2001, Progression of natural attenuation processes at a crude oil spill site II. Controls on spatial distribution of microbial populations, J. Contam. Hydrol., 53:387-406.; Cozzarelli, I.M., Bekins, B.A., Baedecker, M.J., Aiken, G.R., Eaganhouse, R.P., and Tuccillo, m.E., 2001, Progression of natural attenuation processes at a crude-oil spill site--I. Geochemical evolution of the plume: Journal of Contaminant Hydrology, v. 53, pp. 369-385.",
ds_10,x9608,9608,9/12/1996,WI,8.76,135,xLO024,1Me2IsoPrBz_mgL,,0.0046,xLGC01,"Bekins, B.A., I.M. Cozzarelli, E.M. Godsy, E. Warren, H.I. Essaid, and M.E. Tuccillo, 2001, Progression of natural attenuation processes at a crude oil spill site II. Controls on spatial distribution of microbial populations, J. Contam. Hydrol., 53:387-406.; Cozzarelli, I.M., Bekins, B.A., Baedecker, M.J., Aiken, G.R., Eaganhouse, R.P., and Tuccillo, m.E., 2001, Progression of natural attenuation processes at a crude-oil spill site--I. Geochemical evolution of the plume: Journal of Contaminant Hydrology, v. 53, pp. 369-385.",
ds_10,x9608,9608,9/12/1996,WI,8.76,135,xLO016,13DEtBz_mgL,,0.0074,xLGC01,"Bekins, B.A., I.M. Cozzarelli, E.M. Godsy, E. Warren, H.I. Essaid, and M.E. Tuccillo, 2001, Progression of natural attenuation processes at a crude oil spill site II. Controls on spatial distribution of microbial populations, J. Contam. Hydrol., 53:387-406.; Cozzarelli, I.M., Bekins, B.A., Baedecker, M.J., Aiken, G.R., Eaganhouse, R.P., and Tuccillo, m.E., 2001, Progression of natural attenuation processes at a crude-oil spill site--I. Geochemical evolution of the plume: Journal of Contaminant Hydrology, v. 53, pp. 369-385.",
ds_10,x9608,9608,9/12/1996,WI,8.76,135,xLO028,1Me3PrBz_mgL,,0.0054,xLGC01,"Bekins, B.A., I.M. Cozzarelli, E.M. Godsy, E. Warren, H.I. Essaid, and M.E. Tuccillo, 2001, Progression of natural attenuation processes at a crude oil spill site II. Controls on spatial distribution of microbial populations, J. Contam. Hydrol., 53:387-406.; Cozzarelli, I.M., Bekins, B.A., Baedecker, M.J., Aiken, G.R., Eaganhouse, R.P., and Tuccillo, m.E., 2001, Progression of natural attenuation processes at a crude-oil spill site--I. Geochemical evolution of the plume: Journal of Contaminant Hydrology, v. 53, pp. 369-385.",
ds_10,x9608,9608,9/12/1996,WI,8.76,135,xLO031,1Me4PrBz_mgL,,0.0056,xLGC01,"Bekins, B.A., I.M. Cozzarelli, E.M. Godsy, E. Warren, H.I. Essaid, and M.E. Tuccillo, 2001, Progression of natural attenuation processes at a crude oil spill site II. Controls on spatial distribution of microbial populations, J. Contam. Hydrol., 53:387-406.; Cozzarelli, I.M., Bekins, B.A., Baedecker, M.J., Aiken, G.R., Eaganhouse, R.P., and Tuccillo, m.E., 2001, Progression of natural attenuation processes at a crude-oil spill site--I. Geochemical evolution of the plume: Journal of Contaminant Hydrology, v. 53, pp. 369-385.",
ds_10,x9608,9608,9/12/1996,WI,8.76,135,xLO020,14DEtBz_mgL,,0.0072,xLGC01,"Bekins, B.A., I.M. Cozzarelli, E.M. Godsy, E. Warren, H.I. Essaid, and M.E. Tuccillo, 2001, Progression of natural attenuation processes at a crude oil spill site II. Controls on spatial distribution of microbial populations, J. Contam. Hydrol., 53:387-406.; Cozzarelli, I.M., Bekins, B.A., Baedecker, M.J., Aiken, G.R., Eaganhouse, R.P., and Tuccillo, m.E., 2001, Progression of natural attenuation processes at a crude-oil spill site--I. Geochemical evolution of the plume: Journal of Contaminant Hydrology, v. 53, pp. 369-385.",
ds_10,x9608,9608,9/12/1996,WI,8.76,135,xLO056,nButylBz_mgL,,0.0164,xLGC01,"Bekins, B.A., I.M. Cozzarelli, E.M. Godsy, E. Warren, H.I. Essaid, and M.E. Tuccillo, 2001, Progression of natural attenuation processes at a crude oil spill site II. Controls on spatial distribution of microbial populations, J. Contam. Hydrol., 53:387-406.; Cozzarelli, I.M., Bekins, B.A., Baedecker, M.J., Aiken, G.R., Eaganhouse, R.P., and Tuccillo, m.E., 2001, Progression of natural attenuation processes at a crude-oil spill site--I. Geochemical evolution of the plume: Journal of Contaminant Hydrology, v. 53, pp. 369-385.",
ds_10,x9608,9608,9/12/1996,WI,8.76,135,xLO019,13DMe5EtBz_mgL,,0.0072,xLGC01,"Bekins, B.A., I.M. Cozzarelli, E.M. Godsy, E. Warren, H.I. Essaid, and M.E. Tuccillo, 2001, Progression of natural attenuation processes at a crude oil spill site II. Controls on spatial distribution of microbial populations, J. Contam. Hydrol., 53:387-406.; Cozzarelli, I.M., Bekins, B.A., Baedecker, M.J., Aiken, G.R., Eaganhouse, R.P., and Tuccillo, m.E., 2001, Progression of natural attenuation processes at a crude-oil spill site--I. Geochemical evolution of the plume: Journal of Contaminant Hydrology, v. 53, pp. 369-385.",
ds_10,x9608,9608,9/12/1996,WI,8.76,135,xLO011,12DEtBz_mgL,,0.0108,xLGC01,"Bekins, B.A., I.M. Cozzarelli, E.M. Godsy, E. Warren, H.I. Essaid, and M.E. Tuccillo, 2001, Progression of natural attenuation processes at a crude oil spill site II. Controls on spatial distribution of microbial populations, J. Contam. Hydrol., 53:387-406.; Cozzarelli, I.M., Bekins, B.A., Baedecker, M.J., Aiken, G.R., Eaganhouse, R.P., and Tuccillo, m.E., 2001, Progression of natural attenuation processes at a crude-oil spill site--I. Geochemical evolution of the plume: Journal of Contaminant Hydrology, v. 53, pp. 369-385.",
ds_10,x9608,9608,9/12/1996,WI,8.76,135,xLO023,1Me2EtBz_mgL,,0.0066,xLGC01,"Bekins, B.A., I.M. Cozzarelli, E.M. Godsy, E. Warren, H.I. Essaid, and M.E. Tuccillo, 2001, Progression of natural attenuation processes at a crude oil spill site II. Controls on spatial distribution of microbial populations, J. Contam. Hydrol., 53:387-406.; Cozzarelli, I.M., Bekins, B.A., Baedecker, M.J., Aiken, G.R., Eaganhouse, R.P., and Tuccillo, m.E., 2001, Progression of natural attenuation processes at a crude-oil spill site--I. Geochemical evolution of the plume: Journal of Contaminant Hydrology, v. 53, pp. 369-385.",
ds_10,x9608,9608,9/12/1996,WI,8.76,135,xLO021,14DMe2EtBz_mgL,,0.0066,xLGC01,"Bekins, B.A., I.M. Cozzarelli, E.M. Godsy, E. Warren, H.I. Essaid, and M.E. Tuccillo, 2001, Progression of natural attenuation processes at a crude oil spill site II. Controls on spatial distribution of microbial populations, J. Contam. Hydrol., 53:387-406.; Cozzarelli, I.M., Bekins, B.A., Baedecker, M.J., Aiken, G.R., Eaganhouse, R.P., and Tuccillo, m.E., 2001, Progression of natural attenuation processes at a crude-oil spill site--I. Geochemical evolution of the plume: Journal of Contaminant Hydrology, v. 53, pp. 369-385.",
ds_10,x9608,9608,9/12/1996,WI,8.76,135,xLO018,13DMe4EtBz_mgL,,0.0016,xLGC01,"Bekins, B.A., I.M. Cozzarelli, E.M. Godsy, E. Warren, H.I. Essaid, and M.E. Tuccillo, 2001, Progression of natural attenuation processes at a crude oil spill site II. Controls on spatial distribution of microbial populations, J. Contam. Hydrol., 53:387-406.; Cozzarelli, I.M., Bekins, B.A., Baedecker, M.J., Aiken, G.R., Eaganhouse, R.P., and Tuccillo, m.E., 2001, Progression of natural attenuation processes at a crude-oil spill site--I. Geochemical evolution of the plume: Journal of Contaminant Hydrology, v. 53, pp. 369-385.",
ds_10,x9608,9608,9/12/1996,WI,8.76,135,xLO013,12DMe4EtBz_mgL,,0.0062,xLGC01,"Bekins, B.A., I.M. Cozzarelli, E.M. Godsy, E. Warren, H.I. Essaid, and M.E. Tuccillo, 2001, Progression of natural attenuation processes at a crude oil spill site II. Controls on spatial distribution of microbial populations, J. Contam. Hydrol., 53:387-406.; Cozzarelli, I.M., Bekins, B.A., Baedecker, M.J., Aiken, G.R., Eaganhouse, R.P., and Tuccillo, m.E., 2001, Progression of natural attenuation processes at a crude-oil spill site--I. Geochemical evolution of the plume: Journal of Contaminant Hydrology, v. 53, pp. 369-385.",
ds_10,x9608,9608,9/12/1996,WI,8.76,135,xLO017,13DMe2EtBz_mgL,,0.0064,xLGC01,"Bekins, B.A., I.M. Cozzarelli, E.M. Godsy, E. Warren, H.I. Essaid, and M.E. Tuccillo, 2001, Progression of natural attenuation processes at a crude oil spill site II. Controls on spatial distribution of microbial populations, J. Contam. Hydrol., 53:387-406.; Cozzarelli, I.M., Bekins, B.A., Baedecker, M.J., Aiken, G.R., Eaganhouse, R.P., and Tuccillo, m.E., 2001, Progression of natural attenuation processes at a crude-oil spill site--I. Geochemical evolution of the plume: Journal of Contaminant Hydrology, v. 53, pp. 369-385.",
ds_10,x9608,9608,9/12/1996,WI,8.76,135,xLO012,12DMe3EtBz_mgL,,0.0046,xLGC01,"Bekins, B.A., I.M. Cozzarelli, E.M. Godsy, E. Warren, H.I. Essaid, and M.E. Tuccillo, 2001, Progression of natural attenuation processes at a crude oil spill site II. Controls on spatial distribution of microbial populations, J. Contam. Hydrol., 53:387-406.; Cozzarelli, I.M., Bekins, B.A., Baedecker, M.J., Aiken, G.R., Eaganhouse, R.P., and Tuccillo, m.E., 2001, Progression of natural attenuation processes at a crude-oil spill site--I. Geochemical evolution of the plume: Journal of Contaminant Hydrology, v. 53, pp. 369-385.",
ds_10,x9608,9608,9/12/1996,WI,8.76,135,xLO008,1245TMeBz_mgL,,0.0042,xLGC01,"Bekins, B.A., I.M. Cozzarelli, E.M. Godsy, E. Warren, H.I. Essaid, and M.E. Tuccillo, 2001, Progression of natural attenuation processes at a crude oil spill site II. Controls on spatial distribution of microbial populations, J. Contam. Hydrol., 53:387-406.; Cozzarelli, I.M., Bekins, B.A., Baedecker, M.J., Aiken, G.R., Eaganhouse, R.P., and Tuccillo, m.E., 2001, Progression of natural attenuation processes at a crude-oil spill site--I. Geochemical evolution of the plume: Journal of Contaminant Hydrology, v. 53, pp. 369-385.",
ds_10,x9608,9608,9/12/1996,WI,8.76,135,xLO004,1235TMeBz_mgL,,0.0064,xLGC01,"Bekins, B.A., I.M. Cozzarelli, E.M. Godsy, E. Warren, H.I. Essaid, and M.E. Tuccillo, 2001, Progression of natural attenuation processes at a crude oil spill site II. Controls on spatial distribution of microbial populations, J. Contam. Hydrol., 53:387-406.; Cozzarelli, I.M., Bekins, B.A., Baedecker, M.J., Aiken, G.R., Eaganhouse, R.P., and Tuccillo, m.E., 2001, Progression of natural attenuation processes at a crude-oil spill site--I. Geochemical evolution of the plume: Journal of Contaminant Hydrology, v. 53, pp. 369-385.",
ds_10,x9608,9608,9/12/1996,WI,8.76,135,xLO002,1234TMeBz_mgL,,0.0242,xLGC01,"Bekins, B.A., I.M. Cozzarelli, E.M. Godsy, E. Warren, H.I. Essaid, and M.E. Tuccillo, 2001, Progression of natural attenuation processes at a crude oil spill site II. Controls on spatial distribution of microbial populations, J. Contam. Hydrol., 53:387-406.; Cozzarelli, I.M., Bekins, B.A., Baedecker, M.J., Aiken, G.R., Eaganhouse, R.P., and Tuccillo, m.E., 2001, Progression of natural attenuation processes at a crude-oil spill site--I. Geochemical evolution of the plume: Journal of Contaminant Hydrology, v. 53, pp. 369-385.",
ds_10,x9608,9608,9/12/1996,WI,8.76,135,xLO035,BTEX_mgL,,1.2732,xLCA03,"Bekins, B.A., I.M. Cozzarelli, E.M. Godsy, E. Warren, H.I. Essaid, and M.E. Tuccillo, 2001, Progression of natural attenuation processes at a crude oil spill site II. Controls on spatial distribution of microbial populations, J. Contam. Hydrol., 53:387-406.; Cozzarelli, I.M., Bekins, B.A., Baedecker, M.J., Aiken, G.R., Eaganhouse, R.P., and Tuccillo, m.E., 2001, Progression of natural attenuation processes at a crude-oil spill site--I. Geochemical evolution of the plume: Journal of Contaminant Hydrology, v. 53, pp. 369-385.",
ds_10,x9607,9607II,9/11/1996,WI,11.05,190,xLO028,1Me3PrBz_mgL,,0.00127,xLGC01,"Bekins, B.A., I.M. Cozzarelli, E.M. Godsy, E. Warren, H.I. Essaid, and M.E. Tuccillo, 2001, Progression of natural attenuation processes at a crude oil spill site II. Controls on spatial distribution of microbial populations, J. Contam. Hydrol., 53:387-406.; Cozzarelli, I.M., Bekins, B.A., Baedecker, M.J., Aiken, G.R., Eaganhouse, R.P., and Tuccillo, m.E., 2001, Progression of natural attenuation processes at a crude-oil spill site--I. Geochemical evolution of the plume: Journal of Contaminant Hydrology, v. 53, pp. 369-385.",
ds_10,x9608,9608,9/12/1996,WI,8.76,150,x46123,Fe_2_mgL,,21.41,xLC006,"Bekins, B.A., I.M. Cozzarelli, E.M. Godsy, E. Warren, H.I. Essaid, and M.E. Tuccillo, 2001, Progression of natural attenuation processes at a crude oil spill site II. Controls on spatial distribution of microbial populations, J. Contam. Hydrol., 53:387-406.; Cozzarelli, I.M., Bekins, B.A., Baedecker, M.J., Aiken, G.R., Eaganhouse, R.P., and Tuccillo, m.E., 2001, Progression of natural attenuation processes at a crude-oil spill site--I. Geochemical evolution of the plume: Journal of Contaminant Hydrology, v. 53, pp. 369-385.",
ds_10,x9608,9608,9/12/1996,WI,8.76,150,x68831,CH4_mgL,,3.801,xLC005,"Bekins, B.A., I.M. Cozzarelli, E.M. Godsy, E. Warren, H.I. Essaid, and M.E. Tuccillo, 2001, Progression of natural attenuation processes at a crude oil spill site II. Controls on spatial distribution of microbial populations, J. Contam. Hydrol., 53:387-406.; Cozzarelli, I.M., Bekins, B.A., Baedecker, M.J., Aiken, G.R., Eaganhouse, R.P., and Tuccillo, m.E., 2001, Progression of natural attenuation processes at a crude-oil spill site--I. Geochemical evolution of the plume: Journal of Contaminant Hydrology, v. 53, pp. 369-385.",
ds_10,x9608,9608,9/12/1996,WI,8.76,150,xLO065,NVDOC_mgL,,15.5,xLCID2,"Bekins, B.A., I.M. Cozzarelli, E.M. Godsy, E. Warren, H.I. Essaid, and M.E. Tuccillo, 2001, Progression of natural attenuation processes at a crude oil spill site II. Controls on spatial distribution of microbial populations, J. Contam. Hydrol., 53:387-406.; Cozzarelli, I.M., Bekins, B.A., Baedecker, M.J., Aiken, G.R., Eaganhouse, R.P., and Tuccillo, m.E., 2001, Progression of natural attenuation processes at a crude-oil spill site--I. Geochemical evolution of the plume: Journal of Contaminant Hydrology, v. 53, pp. 369-385.",
ds_10,x9608,9608,9/12/1996,WI,8.76,165,x46123,Fe_2_mgL,,16.36,xLC006,"Bekins, B.A., I.M. Cozzarelli, E.M. Godsy, E. Warren, H.I. Essaid, and M.E. Tuccillo, 2001, Progression of natural attenuation processes at a crude oil spill site II. Controls on spatial distribution of microbial populations, J. Contam. Hydrol., 53:387-406.; Cozzarelli, I.M., Bekins, B.A., Baedecker, M.J., Aiken, G.R., Eaganhouse, R.P., and Tuccillo, m.E., 2001, Progression of natural attenuation processes at a crude-oil spill site--I. Geochemical evolution of the plume: Journal of Contaminant Hydrology, v. 53, pp. 369-385.",
ds_10,x9608,9608,9/12/1996,WI,8.76,165,x68831,CH4_mgL,,5.545,xLC005,"Bekins, B.A., I.M. Cozzarelli, E.M. Godsy, E. Warren, H.I. Essaid, and M.E. Tuccillo, 2001, Progression of natural attenuation processes at a crude oil spill site II. Controls on spatial distribution of microbial populations, J. Contam. Hydrol., 53:387-406.; Cozzarelli, I.M., Bekins, B.A., Baedecker, M.J., Aiken, G.R., Eaganhouse, R.P., and Tuccillo, m.E., 2001, Progression of natural attenuation processes at a crude-oil spill site--I. Geochemical evolution of the plume: Journal of Contaminant Hydrology, v. 53, pp. 369-385.",
ds_10,x9608,9608,9/12/1996,WI,8.76,165,xLO037,Bz_mgL,,0.7554,xLGC01,"Bekins, B.A., I.M. Cozzarelli, E.M. Godsy, E. Warren, H.I. Essaid, and M.E. Tuccillo, 2001, Progression of natural attenuation processes at a crude oil spill site II. Controls on spatial distribution of microbial populations, J. Contam. Hydrol., 53:387-406.; Cozzarelli, I.M., Bekins, B.A., Baedecker, M.J., Aiken, G.R., Eaganhouse, R.P., and Tuccillo, m.E., 2001, Progression of natural attenuation processes at a crude-oil spill site--I. Geochemical evolution of the plume: Journal of Contaminant Hydrology, v. 53, pp. 369-385.",
ds_10,x9608,9608,9/12/1996,WI,8.76,165,xLO073,Tol_mgL,,0.0121,xLGC01,"Bekins, B.A., I.M. Cozzarelli, E.M. Godsy, E. Warren, H.I. Essaid, and M.E. Tuccillo, 2001, Progression of natural attenuation processes at a crude oil spill site II. Controls on spatial distribution of microbial populations, J. Contam. Hydrol., 53:387-406.; Cozzarelli, I.M., Bekins, B.A., Baedecker, M.J., Aiken, G.R., Eaganhouse, R.P., and Tuccillo, m.E., 2001, Progression of natural attenuation processes at a crude-oil spill site--I. Geochemical evolution of the plume: Journal of Contaminant Hydrology, v. 53, pp. 369-385.",
ds_10,x9608,9608,9/12/1996,WI,8.76,165,xLO042,EtBz_mgL,,0.0583,xLGC01,"Bekins, B.A., I.M. Cozzarelli, E.M. Godsy, E. Warren, H.I. Essaid, and M.E. Tuccillo, 2001, Progression of natural attenuation processes at a crude oil spill site II. Controls on spatial distribution of microbial populations, J. Contam. Hydrol., 53:387-406.; Cozzarelli, I.M., Bekins, B.A., Baedecker, M.J., Aiken, G.R., Eaganhouse, R.P., and Tuccillo, m.E., 2001, Progression of natural attenuation processes at a crude-oil spill site--I. Geochemical evolution of the plume: Journal of Contaminant Hydrology, v. 53, pp. 369-385.",
ds_10,x9608,9608,9/12/1996,WI,8.76,165,xLO052,mpxyl_mgL,,0.0183,xLGC01,"Bekins, B.A., I.M. Cozzarelli, E.M. Godsy, E. Warren, H.I. Essaid, and M.E. Tuccillo, 2001, Progression of natural attenuation processes at a crude oil spill site II. Controls on spatial distribution of microbial populations, J. Contam. Hydrol., 53:387-406.; Cozzarelli, I.M., Bekins, B.A., Baedecker, M.J., Aiken, G.R., Eaganhouse, R.P., and Tuccillo, m.E., 2001, Progression of natural attenuation processes at a crude-oil spill site--I. Geochemical evolution of the plume: Journal of Contaminant Hydrology, v. 53, pp. 369-385.",
ds_10,x9608,9608,9/12/1996,WI,8.76,165,xLO067,oxyl_mgL,,0.0056,xLGC01,"Bekins, B.A., I.M. Cozzarelli, E.M. Godsy, E. Warren, H.I. Essaid, and M.E. Tuccillo, 2001, Progression of natural attenuation processes at a crude oil spill site II. Controls on spatial distribution of microbial populations, J. Contam. Hydrol., 53:387-406.; Cozzarelli, I.M., Bekins, B.A., Baedecker, M.J., Aiken, G.R., Eaganhouse, R.P., and Tuccillo, m.E., 2001, Progression of natural attenuation processes at a crude-oil spill site--I. Geochemical evolution of the plume: Journal of Contaminant Hydrology, v. 53, pp. 369-385.",
ds_10,x9608,9608,9/12/1996,WI,8.76,165,xLO050,IsoPrBz_mgL,,0.0097,xLGC01,"Bekins, B.A., I.M. Cozzarelli, E.M. Godsy, E. Warren, H.I. Essaid, and M.E. Tuccillo, 2001, Progression of natural attenuation processes at a crude oil spill site II. Controls on spatial distribution of microbial populations, J. Contam. Hydrol., 53:387-406.; Cozzarelli, I.M., Bekins, B.A., Baedecker, M.J., Aiken, G.R., Eaganhouse, R.P., and Tuccillo, m.E., 2001, Progression of natural attenuation processes at a crude-oil spill site--I. Geochemical evolution of the plume: Journal of Contaminant Hydrology, v. 53, pp. 369-385.",
ds_10,x9608,9608,9/12/1996,WI,8.76,165,xLO064,nPrBz_mgL,,0.0103,xLGC01,"Bekins, B.A., I.M. Cozzarelli, E.M. Godsy, E. Warren, H.I. Essaid, and M.E. Tuccillo, 2001, Progression of natural attenuation processes at a crude oil spill site II. Controls on spatial distribution of microbial populations, J. Contam. Hydrol., 53:387-406.; Cozzarelli, I.M., Bekins, B.A., Baedecker, M.J., Aiken, G.R., Eaganhouse, R.P., and Tuccillo, m.E., 2001, Progression of natural attenuation processes at a crude-oil spill site--I. Geochemical evolution of the plume: Journal of Contaminant Hydrology, v. 53, pp. 369-385.",
ds_10,x9607,9607II,9/11/1996,WI,11.05,190,xLO031,1Me4PrBz_mgL,,0.00171,xLGC01,"Bekins, B.A., I.M. Cozzarelli, E.M. Godsy, E. Warren, H.I. Essaid, and M.E. Tuccillo, 2001, Progression of natural attenuation processes at a crude oil spill site II. Controls on spatial distribution of microbial populations, J. Contam. Hydrol., 53:387-406.; Cozzarelli, I.M., Bekins, B.A., Baedecker, M.J., Aiken, G.R., Eaganhouse, R.P., and Tuccillo, m.E., 2001, Progression of natural attenuation processes at a crude-oil spill site--I. Geochemical evolution of the plume: Journal of Contaminant Hydrology, v. 53, pp. 369-385.",
ds_10,x9607,9607II,9/11/1996,WI,11.05,190,xLO020,14DEtBz_mgL,,0.00111,xLGC01,"Bekins, B.A., I.M. Cozzarelli, E.M. Godsy, E. Warren, H.I. Essaid, and M.E. Tuccillo, 2001, Progression of natural attenuation processes at a crude oil spill site II. Controls on spatial distribution of microbial populations, J. Contam. Hydrol., 53:387-406.; Cozzarelli, I.M., Bekins, B.A., Baedecker, M.J., Aiken, G.R., Eaganhouse, R.P., and Tuccillo, m.E., 2001, Progression of natural attenuation processes at a crude-oil spill site--I. Geochemical evolution of the plume: Journal of Contaminant Hydrology, v. 53, pp. 369-385.",
ds_10,x9608,9608,9/12/1996,WI,8.76,165,xLO015,135TMeBz_mgL,,0.008,xLGC01,"Bekins, B.A., I.M. Cozzarelli, E.M. Godsy, E. Warren, H.I. Essaid, and M.E. Tuccillo, 2001, Progression of natural attenuation processes at a crude oil spill site II. Controls on spatial distribution of microbial populations, J. Contam. Hydrol., 53:387-406.; Cozzarelli, I.M., Bekins, B.A., Baedecker, M.J., Aiken, G.R., Eaganhouse, R.P., and Tuccillo, m.E., 2001, Progression of natural attenuation processes at a crude-oil spill site--I. Geochemical evolution of the plume: Journal of Contaminant Hydrology, v. 53, pp. 369-385.",
ds_10,x9608,9608,9/12/1996,WI,8.76,0,xLS441,1MePrBz_mgL,,0.0055,xLGC01,"Bekins, B.A., I.M. Cozzarelli, E.M. Godsy, E. Warren, H.I. Essaid, and M.E. Tuccillo, 2001, Progression of natural attenuation processes at a crude oil spill site II. Controls on spatial distribution of microbial populations, J. Contam. Hydrol., 53:387-406.; Cozzarelli, I.M., Bekins, B.A., Baedecker, M.J., Aiken, G.R., Eaganhouse, R.P., and Tuccillo, m.E., 2001, Progression of natural attenuation processes at a crude-oil spill site--I. Geochemical evolution of the plume: Journal of Contaminant Hydrology, v. 53, pp. 369-385.",
ds_10,x9608,9608,9/12/1996,WI,8.76,45,xLS441,1MePrBz_mgL,,0.0178,xLGC01,"Bekins, B.A., I.M. Cozzarelli, E.M. Godsy, E. Warren, H.I. Essaid, and M.E. Tuccillo, 2001, Progression of natural attenuation processes at a crude oil spill site II. Controls on spatial distribution of microbial populations, J. Contam. Hydrol., 53:387-406.; Cozzarelli, I.M., Bekins, B.A., Baedecker, M.J., Aiken, G.R., Eaganhouse, R.P., and Tuccillo, m.E., 2001, Progression of natural attenuation processes at a crude-oil spill site--I. Geochemical evolution of the plume: Journal of Contaminant Hydrology, v. 53, pp. 369-385.",
ds_10,x9608,9608,9/12/1996,WI,8.76,165,xLO010,124TMeBz_mgL,,0.009,xLGC01,"Bekins, B.A., I.M. Cozzarelli, E.M. Godsy, E. Warren, H.I. Essaid, and M.E. Tuccillo, 2001, Progression of natural attenuation processes at a crude oil spill site II. Controls on spatial distribution of microbial populations, J. Contam. Hydrol., 53:387-406.; Cozzarelli, I.M., Bekins, B.A., Baedecker, M.J., Aiken, G.R., Eaganhouse, R.P., and Tuccillo, m.E., 2001, Progression of natural attenuation processes at a crude-oil spill site--I. Geochemical evolution of the plume: Journal of Contaminant Hydrology, v. 53, pp. 369-385.",
ds_10,x9608,9608,9/12/1996,WI,8.76,60,xLS441,1MePrBz_mgL,,0.0012,xLGC01,"Bekins, B.A., I.M. Cozzarelli, E.M. Godsy, E. Warren, H.I. Essaid, and M.E. Tuccillo, 2001, Progression of natural attenuation processes at a crude oil spill site II. Controls on spatial distribution of microbial populations, J. Contam. Hydrol., 53:387-406.; Cozzarelli, I.M., Bekins, B.A., Baedecker, M.J., Aiken, G.R., Eaganhouse, R.P., and Tuccillo, m.E., 2001, Progression of natural attenuation processes at a crude-oil spill site--I. Geochemical evolution of the plume: Journal of Contaminant Hydrology, v. 53, pp. 369-385.",
ds_10,x9608,9608,9/12/1996,WI,8.76,75,xLS441,1MePrBz_mgL,,0.00125,xLGC01,"Bekins, B.A., I.M. Cozzarelli, E.M. Godsy, E. Warren, H.I. Essaid, and M.E. Tuccillo, 2001, Progression of natural attenuation processes at a crude oil spill site II. Controls on spatial distribution of microbial populations, J. Contam. Hydrol., 53:387-406.; Cozzarelli, I.M., Bekins, B.A., Baedecker, M.J., Aiken, G.R., Eaganhouse, R.P., and Tuccillo, m.E., 2001, Progression of natural attenuation processes at a crude-oil spill site--I. Geochemical evolution of the plume: Journal of Contaminant Hydrology, v. 53, pp. 369-385.",
ds_10,x9608,9608,9/12/1996,WI,8.76,165,xLO006,123TMeBz_mgL,,0.0072,xLGC01,"Bekins, B.A., I.M. Cozzarelli, E.M. Godsy, E. Warren, H.I. Essaid, and M.E. Tuccillo, 2001, Progression of natural attenuation processes at a crude oil spill site II. Controls on spatial distribution of microbial populations, J. Contam. Hydrol., 53:387-406.; Cozzarelli, I.M., Bekins, B.A., Baedecker, M.J., Aiken, G.R., Eaganhouse, R.P., and Tuccillo, m.E., 2001, Progression of natural attenuation processes at a crude-oil spill site--I. Geochemical evolution of the plume: Journal of Contaminant Hydrology, v. 53, pp. 369-385.",
ds_10,x9608,9608,9/12/1996,WI,8.76,165,xLO027,1Me3IsoPrBz_mgL,,0.0084,xLGC01,"Bekins, B.A., I.M. Cozzarelli, E.M. Godsy, E. Warren, H.I. Essaid, and M.E. Tuccillo, 2001, Progression of natural attenuation processes at a crude oil spill site II. Controls on spatial distribution of microbial populations, J. Contam. Hydrol., 53:387-406.; Cozzarelli, I.M., Bekins, B.A., Baedecker, M.J., Aiken, G.R., Eaganhouse, R.P., and Tuccillo, m.E., 2001, Progression of natural attenuation processes at a crude-oil spill site--I. Geochemical evolution of the plume: Journal of Contaminant Hydrology, v. 53, pp. 369-385.",
ds_10,x9608,9608,9/12/1996,WI,8.76,165,xLO030,1Me4IsoPrBz_mgL,,0.0087,xLGC01,"Bekins, B.A., I.M. Cozzarelli, E.M. Godsy, E. Warren, H.I. Essaid, and M.E. Tuccillo, 2001, Progression of natural attenuation processes at a crude oil spill site II. Controls on spatial distribution of microbial populations, J. Contam. Hydrol., 53:387-406.; Cozzarelli, I.M., Bekins, B.A., Baedecker, M.J., Aiken, G.R., Eaganhouse, R.P., and Tuccillo, m.E., 2001, Progression of natural attenuation processes at a crude-oil spill site--I. Geochemical evolution of the plume: Journal of Contaminant Hydrology, v. 53, pp. 369-385.",
ds_10,x9608,9608,9/12/1996,WI,8.76,165,xLO024,1Me2IsoPrBz_mgL,,0.0082,xLGC01,"Bekins, B.A., I.M. Cozzarelli, E.M. Godsy, E. Warren, H.I. Essaid, and M.E. Tuccillo, 2001, Progression of natural attenuation processes at a crude oil spill site II. Controls on spatial distribution of microbial populations, J. Contam. Hydrol., 53:387-406.; Cozzarelli, I.M., Bekins, B.A., Baedecker, M.J., Aiken, G.R., Eaganhouse, R.P., and Tuccillo, m.E., 2001, Progression of natural attenuation processes at a crude-oil spill site--I. Geochemical evolution of the plume: Journal of Contaminant Hydrology, v. 53, pp. 369-385.",
ds_10,x9608,9608,9/12/1996,WI,8.76,165,xLO016,13DEtBz_mgL,,0.008,xLGC01,"Bekins, B.A., I.M. Cozzarelli, E.M. Godsy, E. Warren, H.I. Essaid, and M.E. Tuccillo, 2001, Progression of natural attenuation processes at a crude oil spill site II. Controls on spatial distribution of microbial populations, J. Contam. Hydrol., 53:387-406.; Cozzarelli, I.M., Bekins, B.A., Baedecker, M.J., Aiken, G.R., Eaganhouse, R.P., and Tuccillo, m.E., 2001, Progression of natural attenuation processes at a crude-oil spill site--I. Geochemical evolution of the plume: Journal of Contaminant Hydrology, v. 53, pp. 369-385.",
ds_10,x9608,9608,9/12/1996,WI,8.76,165,xLO028,1Me3PrBz_mgL,,0.0066,xLGC01,"Bekins, B.A., I.M. Cozzarelli, E.M. Godsy, E. Warren, H.I. Essaid, and M.E. Tuccillo, 2001, Progression of natural attenuation processes at a crude oil spill site II. Controls on spatial distribution of microbial populations, J. Contam. Hydrol., 53:387-406.; Cozzarelli, I.M., Bekins, B.A., Baedecker, M.J., Aiken, G.R., Eaganhouse, R.P., and Tuccillo, m.E., 2001, Progression of natural attenuation processes at a crude-oil spill site--I. Geochemical evolution of the plume: Journal of Contaminant Hydrology, v. 53, pp. 369-385.",
ds_10,x9608,9608,9/12/1996,WI,8.76,165,xLO031,1Me4PrBz_mgL,,0.0076,xLGC01,"Bekins, B.A., I.M. Cozzarelli, E.M. Godsy, E. Warren, H.I. Essaid, and M.E. Tuccillo, 2001, Progression of natural attenuation processes at a crude oil spill site II. Controls on spatial distribution of microbial populations, J. Contam. Hydrol., 53:387-406.; Cozzarelli, I.M., Bekins, B.A., Baedecker, M.J., Aiken, G.R., Eaganhouse, R.P., and Tuccillo, m.E., 2001, Progression of natural attenuation processes at a crude-oil spill site--I. Geochemical evolution of the plume: Journal of Contaminant Hydrology, v. 53, pp. 369-385.",
ds_10,x9608,9608,9/12/1996,WI,8.76,165,xLO020,14DEtBz_mgL,,0.0057,xLGC01,"Bekins, B.A., I.M. Cozzarelli, E.M. Godsy, E. Warren, H.I. Essaid, and M.E. Tuccillo, 2001, Progression of natural attenuation processes at a crude oil spill site II. Controls on spatial distribution of microbial populations, J. Contam. Hydrol., 53:387-406.; Cozzarelli, I.M., Bekins, B.A., Baedecker, M.J., Aiken, G.R., Eaganhouse, R.P., and Tuccillo, m.E., 2001, Progression of natural attenuation processes at a crude-oil spill site--I. Geochemical evolution of the plume: Journal of Contaminant Hydrology, v. 53, pp. 369-385.",
ds_10,x9608,9608,9/12/1996,WI,8.76,165,xLO056,nButylBz_mgL,,0.0134,xLGC01,"Bekins, B.A., I.M. Cozzarelli, E.M. Godsy, E. Warren, H.I. Essaid, and M.E. Tuccillo, 2001, Progression of natural attenuation processes at a crude oil spill site II. Controls on spatial distribution of microbial populations, J. Contam. Hydrol., 53:387-406.; Cozzarelli, I.M., Bekins, B.A., Baedecker, M.J., Aiken, G.R., Eaganhouse, R.P., and Tuccillo, m.E., 2001, Progression of natural attenuation processes at a crude-oil spill site--I. Geochemical evolution of the plume: Journal of Contaminant Hydrology, v. 53, pp. 369-385.",
ds_10,x9608,9608,9/12/1996,WI,8.76,165,xLO019,13DMe5EtBz_mgL,,0.0075,xLGC01,"Bekins, B.A., I.M. Cozzarelli, E.M. Godsy, E. Warren, H.I. Essaid, and M.E. Tuccillo, 2001, Progression of natural attenuation processes at a crude oil spill site II. Controls on spatial distribution of microbial populations, J. Contam. Hydrol., 53:387-406.; Cozzarelli, I.M., Bekins, B.A., Baedecker, M.J., Aiken, G.R., Eaganhouse, R.P., and Tuccillo, m.E., 2001, Progression of natural attenuation processes at a crude-oil spill site--I. Geochemical evolution of the plume: Journal of Contaminant Hydrology, v. 53, pp. 369-385.",
ds_10,x9608,9608,9/12/1996,WI,8.76,165,xLO011,12DEtBz_mgL,,0.0099,xLGC01,"Bekins, B.A., I.M. Cozzarelli, E.M. Godsy, E. Warren, H.I. Essaid, and M.E. Tuccillo, 2001, Progression of natural attenuation processes at a crude oil spill site II. Controls on spatial distribution of microbial populations, J. Contam. Hydrol., 53:387-406.; Cozzarelli, I.M., Bekins, B.A., Baedecker, M.J., Aiken, G.R., Eaganhouse, R.P., and Tuccillo, m.E., 2001, Progression of natural attenuation processes at a crude-oil spill site--I. Geochemical evolution of the plume: Journal of Contaminant Hydrology, v. 53, pp. 369-385.",
ds_10,x9608,9608,9/12/1996,WI,8.76,165,xLO023,1Me2EtBz_mgL,,0.0084,xLGC01,"Bekins, B.A., I.M. Cozzarelli, E.M. Godsy, E. Warren, H.I. Essaid, and M.E. Tuccillo, 2001, Progression of natural attenuation processes at a crude oil spill site II. Controls on spatial distribution of microbial populations, J. Contam. Hydrol., 53:387-406.; Cozzarelli, I.M., Bekins, B.A., Baedecker, M.J., Aiken, G.R., Eaganhouse, R.P., and Tuccillo, m.E., 2001, Progression of natural attenuation processes at a crude-oil spill site--I. Geochemical evolution of the plume: Journal of Contaminant Hydrology, v. 53, pp. 369-385.",
ds_10,x9608,9608,9/12/1996,WI,8.76,165,xLO021,14DMe2EtBz_mgL,,0.0068,xLGC01,"Bekins, B.A., I.M. Cozzarelli, E.M. Godsy, E. Warren, H.I. Essaid, and M.E. Tuccillo, 2001, Progression of natural attenuation processes at a crude oil spill site II. Controls on spatial distribution of microbial populations, J. Contam. Hydrol., 53:387-406.; Cozzarelli, I.M., Bekins, B.A., Baedecker, M.J., Aiken, G.R., Eaganhouse, R.P., and Tuccillo, m.E., 2001, Progression of natural attenuation processes at a crude-oil spill site--I. Geochemical evolution of the plume: Journal of Contaminant Hydrology, v. 53, pp. 369-385.",
ds_10,x9608,9608,9/12/1996,WI,8.76,165,xLO018,13DMe4EtBz_mgL,,0.0014,xLGC01,"Bekins, B.A., I.M. Cozzarelli, E.M. Godsy, E. Warren, H.I. Essaid, and M.E. Tuccillo, 2001, Progression of natural attenuation processes at a crude oil spill site II. Controls on spatial distribution of microbial populations, J. Contam. Hydrol., 53:387-406.; Cozzarelli, I.M., Bekins, B.A., Baedecker, M.J., Aiken, G.R., Eaganhouse, R.P., and Tuccillo, m.E., 2001, Progression of natural attenuation processes at a crude-oil spill site--I. Geochemical evolution of the plume: Journal of Contaminant Hydrology, v. 53, pp. 369-385.",
ds_10,x9608,9608,9/12/1996,WI,8.76,165,xLO013,12DMe4EtBz_mgL,,0.0069,xLGC01,"Bekins, B.A., I.M. Cozzarelli, E.M. Godsy, E. Warren, H.I. Essaid, and M.E. Tuccillo, 2001, Progression of natural attenuation processes at a crude oil spill site II. Controls on spatial distribution of microbial populations, J. Contam. Hydrol., 53:387-406.; Cozzarelli, I.M., Bekins, B.A., Baedecker, M.J., Aiken, G.R., Eaganhouse, R.P., and Tuccillo, m.E., 2001, Progression of natural attenuation processes at a crude-oil spill site--I. Geochemical evolution of the plume: Journal of Contaminant Hydrology, v. 53, pp. 369-385.",
ds_10,x9608,9608,9/12/1996,WI,8.76,165,xLO017,13DMe2EtBz_mgL,,0.0082,xLGC01,"Bekins, B.A., I.M. Cozzarelli, E.M. Godsy, E. Warren, H.I. Essaid, and M.E. Tuccillo, 2001, Progression of natural attenuation processes at a crude oil spill site II. Controls on spatial distribution of microbial populations, J. Contam. Hydrol., 53:387-406.; Cozzarelli, I.M., Bekins, B.A., Baedecker, M.J., Aiken, G.R., Eaganhouse, R.P., and Tuccillo, m.E., 2001, Progression of natural attenuation processes at a crude-oil spill site--I. Geochemical evolution of the plume: Journal of Contaminant Hydrology, v. 53, pp. 369-385.",
ds_10,x9608,9608,9/12/1996,WI,8.76,165,xLO012,12DMe3EtBz_mgL,,0.0079,xLGC01,"Bekins, B.A., I.M. Cozzarelli, E.M. Godsy, E. Warren, H.I. Essaid, and M.E. Tuccillo, 2001, Progression of natural attenuation processes at a crude oil spill site II. Controls on spatial distribution of microbial populations, J. Contam. Hydrol., 53:387-406.; Cozzarelli, I.M., Bekins, B.A., Baedecker, M.J., Aiken, G.R., Eaganhouse, R.P., and Tuccillo, m.E., 2001, Progression of natural attenuation processes at a crude-oil spill site--I. Geochemical evolution of the plume: Journal of Contaminant Hydrology, v. 53, pp. 369-385.",
ds_10,x9608,9608,9/12/1996,WI,8.76,165,xLO008,1245TMeBz_mgL,,0.0063,xLGC01,"Bekins, B.A., I.M. Cozzarelli, E.M. Godsy, E. Warren, H.I. Essaid, and M.E. Tuccillo, 2001, Progression of natural attenuation processes at a crude oil spill site II. Controls on spatial distribution of microbial populations, J. Contam. Hydrol., 53:387-406.; Cozzarelli, I.M., Bekins, B.A., Baedecker, M.J., Aiken, G.R., Eaganhouse, R.P., and Tuccillo, m.E., 2001, Progression of natural attenuation processes at a crude-oil spill site--I. Geochemical evolution of the plume: Journal of Contaminant Hydrology, v. 53, pp. 369-385.",
ds_10,x9608,9608,9/12/1996,WI,8.76,165,xLO004,1235TMeBz_mgL,,0.0063,xLGC01,"Bekins, B.A., I.M. Cozzarelli, E.M. Godsy, E. Warren, H.I. Essaid, and M.E. Tuccillo, 2001, Progression of natural attenuation processes at a crude oil spill site II. Controls on spatial distribution of microbial populations, J. Contam. Hydrol., 53:387-406.; Cozzarelli, I.M., Bekins, B.A., Baedecker, M.J., Aiken, G.R., Eaganhouse, R.P., and Tuccillo, m.E., 2001, Progression of natural attenuation processes at a crude-oil spill site--I. Geochemical evolution of the plume: Journal of Contaminant Hydrology, v. 53, pp. 369-385.",
ds_10,x9608,9608,9/12/1996,WI,8.76,165,xLO002,1234TMeBz_mgL,,0.0097,xLGC01,"Bekins, B.A., I.M. Cozzarelli, E.M. Godsy, E. Warren, H.I. Essaid, and M.E. Tuccillo, 2001, Progression of natural attenuation processes at a crude oil spill site II. Controls on spatial distribution of microbial populations, J. Contam. Hydrol., 53:387-406.; Cozzarelli, I.M., Bekins, B.A., Baedecker, M.J., Aiken, G.R., Eaganhouse, R.P., and Tuccillo, m.E., 2001, Progression of natural attenuation processes at a crude-oil spill site--I. Geochemical evolution of the plume: Journal of Contaminant Hydrology, v. 53, pp. 369-385.",
ds_10,x9608,9608,9/12/1996,WI,8.76,165,xLO035,BTEX_mgL,,0.8497,xLCA03,"Bekins, B.A., I.M. Cozzarelli, E.M. Godsy, E. Warren, H.I. Essaid, and M.E. Tuccillo, 2001, Progression of natural attenuation processes at a crude oil spill site II. Controls on spatial distribution of microbial populations, J. Contam. Hydrol., 53:387-406.; Cozzarelli, I.M., Bekins, B.A., Baedecker, M.J., Aiken, G.R., Eaganhouse, R.P., and Tuccillo, m.E., 2001, Progression of natural attenuation processes at a crude-oil spill site--I. Geochemical evolution of the plume: Journal of Contaminant Hydrology, v. 53, pp. 369-385.",
ds_10,x9608,9608,9/12/1996,WI,8.76,90,xLS441,1MePrBz_mgL,,0.0043,xLGC01,"Bekins, B.A., I.M. Cozzarelli, E.M. Godsy, E. Warren, H.I. Essaid, and M.E. Tuccillo, 2001, Progression of natural attenuation processes at a crude oil spill site II. Controls on spatial distribution of microbial populations, J. Contam. Hydrol., 53:387-406.; Cozzarelli, I.M., Bekins, B.A., Baedecker, M.J., Aiken, G.R., Eaganhouse, R.P., and Tuccillo, m.E., 2001, Progression of natural attenuation processes at a crude-oil spill site--I. Geochemical evolution of the plume: Journal of Contaminant Hydrology, v. 53, pp. 369-385.",
ds_10,x9608,9608,9/12/1996,WI,8.76,180,xLO065,NVDOC_mgL,,12.7,xLCID2,"Bekins, B.A., I.M. Cozzarelli, E.M. Godsy, E. Warren, H.I. Essaid, and M.E. Tuccillo, 2001, Progression of natural attenuation processes at a crude oil spill site II. Controls on spatial distribution of microbial populations, J. Contam. Hydrol., 53:387-406.; Cozzarelli, I.M., Bekins, B.A., Baedecker, M.J., Aiken, G.R., Eaganhouse, R.P., and Tuccillo, m.E., 2001, Progression of natural attenuation processes at a crude-oil spill site--I. Geochemical evolution of the plume: Journal of Contaminant Hydrology, v. 53, pp. 369-385.",
ds_10,x9609,9609,9/12/1996,WI,8.76,15,x46123,Fe_2_mgL,,28.89,xLC006,"Bekins, B.A., I.M. Cozzarelli, E.M. Godsy, E. Warren, H.I. Essaid, and M.E. Tuccillo, 2001, Progression of natural attenuation processes at a crude oil spill site II. Controls on spatial distribution of microbial populations, J. Contam. Hydrol., 53:387-406.; Cozzarelli, I.M., Bekins, B.A., Baedecker, M.J., Aiken, G.R., Eaganhouse, R.P., and Tuccillo, m.E., 2001, Progression of natural attenuation processes at a crude-oil spill site--I. Geochemical evolution of the plume: Journal of Contaminant Hydrology, v. 53, pp. 369-385.",
ds_10,x9609,9609,9/12/1996,WI,8.76,15,x68831,CH4_mgL,,13.679,xLC005,"Bekins, B.A., I.M. Cozzarelli, E.M. Godsy, E. Warren, H.I. Essaid, and M.E. Tuccillo, 2001, Progression of natural attenuation processes at a crude oil spill site II. Controls on spatial distribution of microbial populations, J. Contam. Hydrol., 53:387-406.; Cozzarelli, I.M., Bekins, B.A., Baedecker, M.J., Aiken, G.R., Eaganhouse, R.P., and Tuccillo, m.E., 2001, Progression of natural attenuation processes at a crude-oil spill site--I. Geochemical evolution of the plume: Journal of Contaminant Hydrology, v. 53, pp. 369-385.",
ds_10,x9609,9609,9/12/1996,WI,8.76,15,xLO037,Bz_mgL,,7.3396,xLGC01,"Bekins, B.A., I.M. Cozzarelli, E.M. Godsy, E. Warren, H.I. Essaid, and M.E. Tuccillo, 2001, Progression of natural attenuation processes at a crude oil spill site II. Controls on spatial distribution of microbial populations, J. Contam. Hydrol., 53:387-406.; Cozzarelli, I.M., Bekins, B.A., Baedecker, M.J., Aiken, G.R., Eaganhouse, R.P., and Tuccillo, m.E., 2001, Progression of natural attenuation processes at a crude-oil spill site--I. Geochemical evolution of the plume: Journal of Contaminant Hydrology, v. 53, pp. 369-385.",
ds_10,x9609,9609,9/12/1996,WI,8.76,15,xLO073,Tol_mgL,,1.4684,xLGC01,"Bekins, B.A., I.M. Cozzarelli, E.M. Godsy, E. Warren, H.I. Essaid, and M.E. Tuccillo, 2001, Progression of natural attenuation processes at a crude oil spill site II. Controls on spatial distribution of microbial populations, J. Contam. Hydrol., 53:387-406.; Cozzarelli, I.M., Bekins, B.A., Baedecker, M.J., Aiken, G.R., Eaganhouse, R.P., and Tuccillo, m.E., 2001, Progression of natural attenuation processes at a crude-oil spill site--I. Geochemical evolution of the plume: Journal of Contaminant Hydrology, v. 53, pp. 369-385.",
ds_10,x9609,9609,9/12/1996,WI,8.76,15,xLO042,EtBz_mgL,,0.3398,xLGC01,"Bekins, B.A., I.M. Cozzarelli, E.M. Godsy, E. Warren, H.I. Essaid, and M.E. Tuccillo, 2001, Progression of natural attenuation processes at a crude oil spill site II. Controls on spatial distribution of microbial populations, J. Contam. Hydrol., 53:387-406.; Cozzarelli, I.M., Bekins, B.A., Baedecker, M.J., Aiken, G.R., Eaganhouse, R.P., and Tuccillo, m.E., 2001, Progression of natural attenuation processes at a crude-oil spill site--I. Geochemical evolution of the plume: Journal of Contaminant Hydrology, v. 53, pp. 369-385.",
ds_10,x9609,9609,9/12/1996,WI,8.76,15,xLO052,mpxyl_mgL,,0.6736,xLGC01,"Bekins, B.A., I.M. Cozzarelli, E.M. Godsy, E. Warren, H.I. Essaid, and M.E. Tuccillo, 2001, Progression of natural attenuation processes at a crude oil spill site II. Controls on spatial distribution of microbial populations, J. Contam. Hydrol., 53:387-406.; Cozzarelli, I.M., Bekins, B.A., Baedecker, M.J., Aiken, G.R., Eaganhouse, R.P., and Tuccillo, m.E., 2001, Progression of natural attenuation processes at a crude-oil spill site--I. Geochemical evolution of the plume: Journal of Contaminant Hydrology, v. 53, pp. 369-385.",
ds_10,x9609,9609,9/12/1996,WI,8.76,15,xLO067,oxyl_mgL,,0.546,xLGC01,"Bekins, B.A., I.M. Cozzarelli, E.M. Godsy, E. Warren, H.I. Essaid, and M.E. Tuccillo, 2001, Progression of natural attenuation processes at a crude oil spill site II. Controls on spatial distribution of microbial populations, J. Contam. Hydrol., 53:387-406.; Cozzarelli, I.M., Bekins, B.A., Baedecker, M.J., Aiken, G.R., Eaganhouse, R.P., and Tuccillo, m.E., 2001, Progression of natural attenuation processes at a crude-oil spill site--I. Geochemical evolution of the plume: Journal of Contaminant Hydrology, v. 53, pp. 369-385.",
ds_10,x9609,9609,9/12/1996,WI,8.76,15,xLO050,IsoPrBz_mgL,,0.0252,xLGC01,"Bekins, B.A., I.M. Cozzarelli, E.M. Godsy, E. Warren, H.I. Essaid, and M.E. Tuccillo, 2001, Progression of natural attenuation processes at a crude oil spill site II. Controls on spatial distribution of microbial populations, J. Contam. Hydrol., 53:387-406.; Cozzarelli, I.M., Bekins, B.A., Baedecker, M.J., Aiken, G.R., Eaganhouse, R.P., and Tuccillo, m.E., 2001, Progression of natural attenuation processes at a crude-oil spill site--I. Geochemical evolution of the plume: Journal of Contaminant Hydrology, v. 53, pp. 369-385.",
ds_10,x9609,9609,9/12/1996,WI,8.76,15,xLO064,nPrBz_mgL,,0.0232,xLGC01,"Bekins, B.A., I.M. Cozzarelli, E.M. Godsy, E. Warren, H.I. Essaid, and M.E. Tuccillo, 2001, Progression of natural attenuation processes at a crude oil spill site II. Controls on spatial distribution of microbial populations, J. Contam. Hydrol., 53:387-406.; Cozzarelli, I.M., Bekins, B.A., Baedecker, M.J., Aiken, G.R., Eaganhouse, R.P., and Tuccillo, m.E., 2001, Progression of natural attenuation processes at a crude-oil spill site--I. Geochemical evolution of the plume: Journal of Contaminant Hydrology, v. 53, pp. 369-385.",
ds_10,x9608,9608,9/12/1996,WI,8.76,105,xLS441,1MePrBz_mgL,,0.0012,xLGC01,"Bekins, B.A., I.M. Cozzarelli, E.M. Godsy, E. Warren, H.I. Essaid, and M.E. Tuccillo, 2001, Progression of natural attenuation processes at a crude oil spill site II. Controls on spatial distribution of microbial populations, J. Contam. Hydrol., 53:387-406.; Cozzarelli, I.M., Bekins, B.A., Baedecker, M.J., Aiken, G.R., Eaganhouse, R.P., and Tuccillo, m.E., 2001, Progression of natural attenuation processes at a crude-oil spill site--I. Geochemical evolution of the plume: Journal of Contaminant Hydrology, v. 53, pp. 369-385.",
ds_10,x9608,9608,9/12/1996,WI,8.76,120,xLS441,1MePrBz_mgL,,0.0022,xLGC01,"Bekins, B.A., I.M. Cozzarelli, E.M. Godsy, E. Warren, H.I. Essaid, and M.E. Tuccillo, 2001, Progression of natural attenuation processes at a crude oil spill site II. Controls on spatial distribution of microbial populations, J. Contam. Hydrol., 53:387-406.; Cozzarelli, I.M., Bekins, B.A., Baedecker, M.J., Aiken, G.R., Eaganhouse, R.P., and Tuccillo, m.E., 2001, Progression of natural attenuation processes at a crude-oil spill site--I. Geochemical evolution of the plume: Journal of Contaminant Hydrology, v. 53, pp. 369-385.",
ds_10,x9609,9609,9/12/1996,WI,8.76,15,xLO015,135TMeBz_mgL,,0.0284,xLGC01,"Bekins, B.A., I.M. Cozzarelli, E.M. Godsy, E. Warren, H.I. Essaid, and M.E. Tuccillo, 2001, Progression of natural attenuation processes at a crude oil spill site II. Controls on spatial distribution of microbial populations, J. Contam. Hydrol., 53:387-406.; Cozzarelli, I.M., Bekins, B.A., Baedecker, M.J., Aiken, G.R., Eaganhouse, R.P., and Tuccillo, m.E., 2001, Progression of natural attenuation processes at a crude-oil spill site--I. Geochemical evolution of the plume: Journal of Contaminant Hydrology, v. 53, pp. 369-385.",
ds_10,x9608,9608,9/12/1996,WI,8.76,135,xLS441,1MePrBz_mgL,,0.006,xLGC01,"Bekins, B.A., I.M. Cozzarelli, E.M. Godsy, E. Warren, H.I. Essaid, and M.E. Tuccillo, 2001, Progression of natural attenuation processes at a crude oil spill site II. Controls on spatial distribution of microbial populations, J. Contam. Hydrol., 53:387-406.; Cozzarelli, I.M., Bekins, B.A., Baedecker, M.J., Aiken, G.R., Eaganhouse, R.P., and Tuccillo, m.E., 2001, Progression of natural attenuation processes at a crude-oil spill site--I. Geochemical evolution of the plume: Journal of Contaminant Hydrology, v. 53, pp. 369-385.",
ds_10,x9608,9608,9/12/1996,WI,8.76,165,xLS441,1MePrBz_mgL,,0.0085,xLGC01,"Bekins, B.A., I.M. Cozzarelli, E.M. Godsy, E. Warren, H.I. Essaid, and M.E. Tuccillo, 2001, Progression of natural attenuation processes at a crude oil spill site II. Controls on spatial distribution of microbial populations, J. Contam. Hydrol., 53:387-406.; Cozzarelli, I.M., Bekins, B.A., Baedecker, M.J., Aiken, G.R., Eaganhouse, R.P., and Tuccillo, m.E., 2001, Progression of natural attenuation processes at a crude-oil spill site--I. Geochemical evolution of the plume: Journal of Contaminant Hydrology, v. 53, pp. 369-385.",
ds_10,x9609,9609,9/12/1996,WI,8.76,15,xLO010,124TMeBz_mgL,,0.1656,xLGC01,"Bekins, B.A., I.M. Cozzarelli, E.M. Godsy, E. Warren, H.I. Essaid, and M.E. Tuccillo, 2001, Progression of natural attenuation processes at a crude oil spill site II. Controls on spatial distribution of microbial populations, J. Contam. Hydrol., 53:387-406.; Cozzarelli, I.M., Bekins, B.A., Baedecker, M.J., Aiken, G.R., Eaganhouse, R.P., and Tuccillo, m.E., 2001, Progression of natural attenuation processes at a crude-oil spill site--I. Geochemical evolution of the plume: Journal of Contaminant Hydrology, v. 53, pp. 369-385.",
ds_10,x9609,9609,9/12/1996,WI,8.76,15,xLS441,1MePrBz_mgL,,0.0062,xLGC01,"Bekins, B.A., I.M. Cozzarelli, E.M. Godsy, E. Warren, H.I. Essaid, and M.E. Tuccillo, 2001, Progression of natural attenuation processes at a crude oil spill site II. Controls on spatial distribution of microbial populations, J. Contam. Hydrol., 53:387-406.; Cozzarelli, I.M., Bekins, B.A., Baedecker, M.J., Aiken, G.R., Eaganhouse, R.P., and Tuccillo, m.E., 2001, Progression of natural attenuation processes at a crude-oil spill site--I. Geochemical evolution of the plume: Journal of Contaminant Hydrology, v. 53, pp. 369-385.",
ds_10,x9609,9609,9/12/1996,WI,8.76,30,xLS441,1MePrBz_mgL,,0.0064,xLGC01,"Bekins, B.A., I.M. Cozzarelli, E.M. Godsy, E. Warren, H.I. Essaid, and M.E. Tuccillo, 2001, Progression of natural attenuation processes at a crude oil spill site II. Controls on spatial distribution of microbial populations, J. Contam. Hydrol., 53:387-406.; Cozzarelli, I.M., Bekins, B.A., Baedecker, M.J., Aiken, G.R., Eaganhouse, R.P., and Tuccillo, m.E., 2001, Progression of natural attenuation processes at a crude-oil spill site--I. Geochemical evolution of the plume: Journal of Contaminant Hydrology, v. 53, pp. 369-385.",
ds_10,x9609,9609,9/12/1996,WI,8.76,15,xLO006,123TMeBz_mgL,,0.1396,xLGC01,"Bekins, B.A., I.M. Cozzarelli, E.M. Godsy, E. Warren, H.I. Essaid, and M.E. Tuccillo, 2001, Progression of natural attenuation processes at a crude oil spill site II. Controls on spatial distribution of microbial populations, J. Contam. Hydrol., 53:387-406.; Cozzarelli, I.M., Bekins, B.A., Baedecker, M.J., Aiken, G.R., Eaganhouse, R.P., and Tuccillo, m.E., 2001, Progression of natural attenuation processes at a crude-oil spill site--I. Geochemical evolution of the plume: Journal of Contaminant Hydrology, v. 53, pp. 369-385.",
ds_10,x9609,9609,9/12/1996,WI,8.76,15,xLO027,1Me3IsoPrBz_mgL,,0.0082,xLGC01,"Bekins, B.A., I.M. Cozzarelli, E.M. Godsy, E. Warren, H.I. Essaid, and M.E. Tuccillo, 2001, Progression of natural attenuation processes at a crude oil spill site II. Controls on spatial distribution of microbial populations, J. Contam. Hydrol., 53:387-406.; Cozzarelli, I.M., Bekins, B.A., Baedecker, M.J., Aiken, G.R., Eaganhouse, R.P., and Tuccillo, m.E., 2001, Progression of natural attenuation processes at a crude-oil spill site--I. Geochemical evolution of the plume: Journal of Contaminant Hydrology, v. 53, pp. 369-385.",
ds_10,x9609,9609,9/12/1996,WI,8.76,15,xLO030,1Me4IsoPrBz_mgL,,0.0046,xLGC01,"Bekins, B.A., I.M. Cozzarelli, E.M. Godsy, E. Warren, H.I. Essaid, and M.E. Tuccillo, 2001, Progression of natural attenuation processes at a crude oil spill site II. Controls on spatial distribution of microbial populations, J. Contam. Hydrol., 53:387-406.; Cozzarelli, I.M., Bekins, B.A., Baedecker, M.J., Aiken, G.R., Eaganhouse, R.P., and Tuccillo, m.E., 2001, Progression of natural attenuation processes at a crude-oil spill site--I. Geochemical evolution of the plume: Journal of Contaminant Hydrology, v. 53, pp. 369-385.",
ds_10,x9609,9609,9/12/1996,WI,8.76,15,xLO024,1Me2IsoPrBz_mgL,,0.0022,xLGC01,"Bekins, B.A., I.M. Cozzarelli, E.M. Godsy, E. Warren, H.I. Essaid, and M.E. Tuccillo, 2001, Progression of natural attenuation processes at a crude oil spill site II. Controls on spatial distribution of microbial populations, J. Contam. Hydrol., 53:387-406.; Cozzarelli, I.M., Bekins, B.A., Baedecker, M.J., Aiken, G.R., Eaganhouse, R.P., and Tuccillo, m.E., 2001, Progression of natural attenuation processes at a crude-oil spill site--I. Geochemical evolution of the plume: Journal of Contaminant Hydrology, v. 53, pp. 369-385.",
ds_10,x9609,9609,9/12/1996,WI,8.76,15,xLO016,13DEtBz_mgL,,0.0046,xLGC01,"Bekins, B.A., I.M. Cozzarelli, E.M. Godsy, E. Warren, H.I. Essaid, and M.E. Tuccillo, 2001, Progression of natural attenuation processes at a crude oil spill site II. Controls on spatial distribution of microbial populations, J. Contam. Hydrol., 53:387-406.; Cozzarelli, I.M., Bekins, B.A., Baedecker, M.J., Aiken, G.R., Eaganhouse, R.P., and Tuccillo, m.E., 2001, Progression of natural attenuation processes at a crude-oil spill site--I. Geochemical evolution of the plume: Journal of Contaminant Hydrology, v. 53, pp. 369-385.",
ds_10,x9609,9609,9/12/1996,WI,8.76,15,xLO028,1Me3PrBz_mgL,,0.0038,xLGC01,"Bekins, B.A., I.M. Cozzarelli, E.M. Godsy, E. Warren, H.I. Essaid, and M.E. Tuccillo, 2001, Progression of natural attenuation processes at a crude oil spill site II. Controls on spatial distribution of microbial populations, J. Contam. Hydrol., 53:387-406.; Cozzarelli, I.M., Bekins, B.A., Baedecker, M.J., Aiken, G.R., Eaganhouse, R.P., and Tuccillo, m.E., 2001, Progression of natural attenuation processes at a crude-oil spill site--I. Geochemical evolution of the plume: Journal of Contaminant Hydrology, v. 53, pp. 369-385.",
ds_10,x9609,9609,9/12/1996,WI,8.76,15,xLO031,1Me4PrBz_mgL,,0.0024,xLGC01,"Bekins, B.A., I.M. Cozzarelli, E.M. Godsy, E. Warren, H.I. Essaid, and M.E. Tuccillo, 2001, Progression of natural attenuation processes at a crude oil spill site II. Controls on spatial distribution of microbial populations, J. Contam. Hydrol., 53:387-406.; Cozzarelli, I.M., Bekins, B.A., Baedecker, M.J., Aiken, G.R., Eaganhouse, R.P., and Tuccillo, m.E., 2001, Progression of natural attenuation processes at a crude-oil spill site--I. Geochemical evolution of the plume: Journal of Contaminant Hydrology, v. 53, pp. 369-385.",
ds_10,x9609,9609,9/12/1996,WI,8.76,15,xLO020,14DEtBz_mgL,,0.0084,xLGC01,"Bekins, B.A., I.M. Cozzarelli, E.M. Godsy, E. Warren, H.I. Essaid, and M.E. Tuccillo, 2001, Progression of natural attenuation processes at a crude oil spill site II. Controls on spatial distribution of microbial populations, J. Contam. Hydrol., 53:387-406.; Cozzarelli, I.M., Bekins, B.A., Baedecker, M.J., Aiken, G.R., Eaganhouse, R.P., and Tuccillo, m.E., 2001, Progression of natural attenuation processes at a crude-oil spill site--I. Geochemical evolution of the plume: Journal of Contaminant Hydrology, v. 53, pp. 369-385.",
ds_10,x9609,9609,9/12/1996,WI,8.76,15,xLO056,nButylBz_mgL,,0.0132,xLGC01,"Bekins, B.A., I.M. Cozzarelli, E.M. Godsy, E. Warren, H.I. Essaid, and M.E. Tuccillo, 2001, Progression of natural attenuation processes at a crude oil spill site II. Controls on spatial distribution of microbial populations, J. Contam. Hydrol., 53:387-406.; Cozzarelli, I.M., Bekins, B.A., Baedecker, M.J., Aiken, G.R., Eaganhouse, R.P., and Tuccillo, m.E., 2001, Progression of natural attenuation processes at a crude-oil spill site--I. Geochemical evolution of the plume: Journal of Contaminant Hydrology, v. 53, pp. 369-385.",
ds_10,x9609,9609,9/12/1996,WI,8.76,15,xLO019,13DMe5EtBz_mgL,,0.0038,xLGC01,"Bekins, B.A., I.M. Cozzarelli, E.M. Godsy, E. Warren, H.I. Essaid, and M.E. Tuccillo, 2001, Progression of natural attenuation processes at a crude oil spill site II. Controls on spatial distribution of microbial populations, J. Contam. Hydrol., 53:387-406.; Cozzarelli, I.M., Bekins, B.A., Baedecker, M.J., Aiken, G.R., Eaganhouse, R.P., and Tuccillo, m.E., 2001, Progression of natural attenuation processes at a crude-oil spill site--I. Geochemical evolution of the plume: Journal of Contaminant Hydrology, v. 53, pp. 369-385.",
ds_10,x9609,9609,9/12/1996,WI,8.76,15,xLO011,12DEtBz_mgL,,0.003,xLGC01,"Bekins, B.A., I.M. Cozzarelli, E.M. Godsy, E. Warren, H.I. Essaid, and M.E. Tuccillo, 2001, Progression of natural attenuation processes at a crude oil spill site II. Controls on spatial distribution of microbial populations, J. Contam. Hydrol., 53:387-406.; Cozzarelli, I.M., Bekins, B.A., Baedecker, M.J., Aiken, G.R., Eaganhouse, R.P., and Tuccillo, m.E., 2001, Progression of natural attenuation processes at a crude-oil spill site--I. Geochemical evolution of the plume: Journal of Contaminant Hydrology, v. 53, pp. 369-385.",
ds_10,x9609,9609,9/12/1996,WI,8.76,15,xLO023,1Me2EtBz_mgL,,0.0068,xLGC01,"Bekins, B.A., I.M. Cozzarelli, E.M. Godsy, E. Warren, H.I. Essaid, and M.E. Tuccillo, 2001, Progression of natural attenuation processes at a crude oil spill site II. Controls on spatial distribution of microbial populations, J. Contam. Hydrol., 53:387-406.; Cozzarelli, I.M., Bekins, B.A., Baedecker, M.J., Aiken, G.R., Eaganhouse, R.P., and Tuccillo, m.E., 2001, Progression of natural attenuation processes at a crude-oil spill site--I. Geochemical evolution of the plume: Journal of Contaminant Hydrology, v. 53, pp. 369-385.",
ds_10,x9609,9609,9/12/1996,WI,8.76,15,xLO021,14DMe2EtBz_mgL,,0.004,xLGC01,"Bekins, B.A., I.M. Cozzarelli, E.M. Godsy, E. Warren, H.I. Essaid, and M.E. Tuccillo, 2001, Progression of natural attenuation processes at a crude oil spill site II. Controls on spatial distribution of microbial populations, J. Contam. Hydrol., 53:387-406.; Cozzarelli, I.M., Bekins, B.A., Baedecker, M.J., Aiken, G.R., Eaganhouse, R.P., and Tuccillo, m.E., 2001, Progression of natural attenuation processes at a crude-oil spill site--I. Geochemical evolution of the plume: Journal of Contaminant Hydrology, v. 53, pp. 369-385.",
ds_10,x9609,9609,9/12/1996,WI,8.76,15,xLO018,13DMe4EtBz_mgL,,0.005,xLGC01,"Bekins, B.A., I.M. Cozzarelli, E.M. Godsy, E. Warren, H.I. Essaid, and M.E. Tuccillo, 2001, Progression of natural attenuation processes at a crude oil spill site II. Controls on spatial distribution of microbial populations, J. Contam. Hydrol., 53:387-406.; Cozzarelli, I.M., Bekins, B.A., Baedecker, M.J., Aiken, G.R., Eaganhouse, R.P., and Tuccillo, m.E., 2001, Progression of natural attenuation processes at a crude-oil spill site--I. Geochemical evolution of the plume: Journal of Contaminant Hydrology, v. 53, pp. 369-385.",
ds_10,x9609,9609,9/12/1996,WI,8.76,15,xLO013,12DMe4EtBz_mgL,,0.0026,xLGC01,"Bekins, B.A., I.M. Cozzarelli, E.M. Godsy, E. Warren, H.I. Essaid, and M.E. Tuccillo, 2001, Progression of natural attenuation processes at a crude oil spill site II. Controls on spatial distribution of microbial populations, J. Contam. Hydrol., 53:387-406.; Cozzarelli, I.M., Bekins, B.A., Baedecker, M.J., Aiken, G.R., Eaganhouse, R.P., and Tuccillo, m.E., 2001, Progression of natural attenuation processes at a crude-oil spill site--I. Geochemical evolution of the plume: Journal of Contaminant Hydrology, v. 53, pp. 369-385.",
ds_10,x9609,9609,9/12/1996,WI,8.76,15,xLO017,13DMe2EtBz_mgL,,0.0054,xLGC01,"Bekins, B.A., I.M. Cozzarelli, E.M. Godsy, E. Warren, H.I. Essaid, and M.E. Tuccillo, 2001, Progression of natural attenuation processes at a crude oil spill site II. Controls on spatial distribution of microbial populations, J. Contam. Hydrol., 53:387-406.; Cozzarelli, I.M., Bekins, B.A., Baedecker, M.J., Aiken, G.R., Eaganhouse, R.P., and Tuccillo, m.E., 2001, Progression of natural attenuation processes at a crude-oil spill site--I. Geochemical evolution of the plume: Journal of Contaminant Hydrology, v. 53, pp. 369-385.",
ds_10,x9609,9609,9/12/1996,WI,8.76,15,xLO012,12DMe3EtBz_mgL,,0.0048,xLGC01,"Bekins, B.A., I.M. Cozzarelli, E.M. Godsy, E. Warren, H.I. Essaid, and M.E. Tuccillo, 2001, Progression of natural attenuation processes at a crude oil spill site II. Controls on spatial distribution of microbial populations, J. Contam. Hydrol., 53:387-406.; Cozzarelli, I.M., Bekins, B.A., Baedecker, M.J., Aiken, G.R., Eaganhouse, R.P., and Tuccillo, m.E., 2001, Progression of natural attenuation processes at a crude-oil spill site--I. Geochemical evolution of the plume: Journal of Contaminant Hydrology, v. 53, pp. 369-385.",
ds_10,x9609,9609,9/12/1996,WI,8.76,15,xLO008,1245TMeBz_mgL,,0.0012,xLGC01,"Bekins, B.A., I.M. Cozzarelli, E.M. Godsy, E. Warren, H.I. Essaid, and M.E. Tuccillo, 2001, Progression of natural attenuation processes at a crude oil spill site II. Controls on spatial distribution of microbial populations, J. Contam. Hydrol., 53:387-406.; Cozzarelli, I.M., Bekins, B.A., Baedecker, M.J., Aiken, G.R., Eaganhouse, R.P., and Tuccillo, m.E., 2001, Progression of natural attenuation processes at a crude-oil spill site--I. Geochemical evolution of the plume: Journal of Contaminant Hydrology, v. 53, pp. 369-385.",
ds_10,x9609,9609,9/12/1996,WI,8.76,15,xLO004,1235TMeBz_mgL,,0.0052,xLGC01,"Bekins, B.A., I.M. Cozzarelli, E.M. Godsy, E. Warren, H.I. Essaid, and M.E. Tuccillo, 2001, Progression of natural attenuation processes at a crude oil spill site II. Controls on spatial distribution of microbial populations, J. Contam. Hydrol., 53:387-406.; Cozzarelli, I.M., Bekins, B.A., Baedecker, M.J., Aiken, G.R., Eaganhouse, R.P., and Tuccillo, m.E., 2001, Progression of natural attenuation processes at a crude-oil spill site--I. Geochemical evolution of the plume: Journal of Contaminant Hydrology, v. 53, pp. 369-385.",
ds_10,x9609,9609,9/12/1996,WI,8.76,15,xLO002,1234TMeBz_mgL,,0.0456,xLGC01,"Bekins, B.A., I.M. Cozzarelli, E.M. Godsy, E. Warren, H.I. Essaid, and M.E. Tuccillo, 2001, Progression of natural attenuation processes at a crude oil spill site II. Controls on spatial distribution of microbial populations, J. Contam. Hydrol., 53:387-406.; Cozzarelli, I.M., Bekins, B.A., Baedecker, M.J., Aiken, G.R., Eaganhouse, R.P., and Tuccillo, m.E., 2001, Progression of natural attenuation processes at a crude-oil spill site--I. Geochemical evolution of the plume: Journal of Contaminant Hydrology, v. 53, pp. 369-385.",
ds_10,x9609,9609,9/12/1996,WI,8.76,15,xLO035,BTEX_mgL,,10.3674,xLCA03,"Bekins, B.A., I.M. Cozzarelli, E.M. Godsy, E. Warren, H.I. Essaid, and M.E. Tuccillo, 2001, Progression of natural attenuation processes at a crude oil spill site II. Controls on spatial distribution of microbial populations, J. Contam. Hydrol., 53:387-406.; Cozzarelli, I.M., Bekins, B.A., Baedecker, M.J., Aiken, G.R., Eaganhouse, R.P., and Tuccillo, m.E., 2001, Progression of natural attenuation processes at a crude-oil spill site--I. Geochemical evolution of the plume: Journal of Contaminant Hydrology, v. 53, pp. 369-385.",
ds_10,x9609,9609,9/12/1996,WI,8.76,45,xLS441,1MePrBz_mgL,,0.0052,xLGC01,"Bekins, B.A., I.M. Cozzarelli, E.M. Godsy, E. Warren, H.I. Essaid, and M.E. Tuccillo, 2001, Progression of natural attenuation processes at a crude oil spill site II. Controls on spatial distribution of microbial populations, J. Contam. Hydrol., 53:387-406.; Cozzarelli, I.M., Bekins, B.A., Baedecker, M.J., Aiken, G.R., Eaganhouse, R.P., and Tuccillo, m.E., 2001, Progression of natural attenuation processes at a crude-oil spill site--I. Geochemical evolution of the plume: Journal of Contaminant Hydrology, v. 53, pp. 369-385.",
ds_10,x9609,9609,9/12/1996,WI,8.76,30,x46123,Fe_2_mgL,,46.73,xLC006,"Bekins, B.A., I.M. Cozzarelli, E.M. Godsy, E. Warren, H.I. Essaid, and M.E. Tuccillo, 2001, Progression of natural attenuation processes at a crude oil spill site II. Controls on spatial distribution of microbial populations, J. Contam. Hydrol., 53:387-406.; Cozzarelli, I.M., Bekins, B.A., Baedecker, M.J., Aiken, G.R., Eaganhouse, R.P., and Tuccillo, m.E., 2001, Progression of natural attenuation processes at a crude-oil spill site--I. Geochemical evolution of the plume: Journal of Contaminant Hydrology, v. 53, pp. 369-385.",
ds_10,x9609,9609,9/12/1996,WI,8.76,30,x68831,CH4_mgL,,7.811,xLC005,"Bekins, B.A., I.M. Cozzarelli, E.M. Godsy, E. Warren, H.I. Essaid, and M.E. Tuccillo, 2001, Progression of natural attenuation processes at a crude oil spill site II. Controls on spatial distribution of microbial populations, J. Contam. Hydrol., 53:387-406.; Cozzarelli, I.M., Bekins, B.A., Baedecker, M.J., Aiken, G.R., Eaganhouse, R.P., and Tuccillo, m.E., 2001, Progression of natural attenuation processes at a crude-oil spill site--I. Geochemical evolution of the plume: Journal of Contaminant Hydrology, v. 53, pp. 369-385.",
ds_10,x9609,9609,9/12/1996,WI,8.76,30,xLO065,NVDOC_mgL,,49.5,xLCID2,"Bekins, B.A., I.M. Cozzarelli, E.M. Godsy, E. Warren, H.I. Essaid, and M.E. Tuccillo, 2001, Progression of natural attenuation processes at a crude oil spill site II. Controls on spatial distribution of microbial populations, J. Contam. Hydrol., 53:387-406.; Cozzarelli, I.M., Bekins, B.A., Baedecker, M.J., Aiken, G.R., Eaganhouse, R.P., and Tuccillo, m.E., 2001, Progression of natural attenuation processes at a crude-oil spill site--I. Geochemical evolution of the plume: Journal of Contaminant Hydrology, v. 53, pp. 369-385.",
ds_10,x9609,9609,9/12/1996,WI,8.76,30,xLO037,Bz_mgL,,5.3754,xLGC01,"Bekins, B.A., I.M. Cozzarelli, E.M. Godsy, E. Warren, H.I. Essaid, and M.E. Tuccillo, 2001, Progression of natural attenuation processes at a crude oil spill site II. Controls on spatial distribution of microbial populations, J. Contam. Hydrol., 53:387-406.; Cozzarelli, I.M., Bekins, B.A., Baedecker, M.J., Aiken, G.R., Eaganhouse, R.P., and Tuccillo, m.E., 2001, Progression of natural attenuation processes at a crude-oil spill site--I. Geochemical evolution of the plume: Journal of Contaminant Hydrology, v. 53, pp. 369-385.",
ds_10,x9609,9609,9/12/1996,WI,8.76,30,xLO073,Tol_mgL,,0.9286,xLGC01,"Bekins, B.A., I.M. Cozzarelli, E.M. Godsy, E. Warren, H.I. Essaid, and M.E. Tuccillo, 2001, Progression of natural attenuation processes at a crude oil spill site II. Controls on spatial distribution of microbial populations, J. Contam. Hydrol., 53:387-406.; Cozzarelli, I.M., Bekins, B.A., Baedecker, M.J., Aiken, G.R., Eaganhouse, R.P., and Tuccillo, m.E., 2001, Progression of natural attenuation processes at a crude-oil spill site--I. Geochemical evolution of the plume: Journal of Contaminant Hydrology, v. 53, pp. 369-385.",
ds_10,x9609,9609,9/12/1996,WI,8.76,30,xLO042,EtBz_mgL,,0.3554,xLGC01,"Bekins, B.A., I.M. Cozzarelli, E.M. Godsy, E. Warren, H.I. Essaid, and M.E. Tuccillo, 2001, Progression of natural attenuation processes at a crude oil spill site II. Controls on spatial distribution of microbial populations, J. Contam. Hydrol., 53:387-406.; Cozzarelli, I.M., Bekins, B.A., Baedecker, M.J., Aiken, G.R., Eaganhouse, R.P., and Tuccillo, m.E., 2001, Progression of natural attenuation processes at a crude-oil spill site--I. Geochemical evolution of the plume: Journal of Contaminant Hydrology, v. 53, pp. 369-385.",
ds_10,x9609,9609,9/12/1996,WI,8.76,30,xLO052,mpxyl_mgL,,0.888,xLGC01,"Bekins, B.A., I.M. Cozzarelli, E.M. Godsy, E. Warren, H.I. Essaid, and M.E. Tuccillo, 2001, Progression of natural attenuation processes at a crude oil spill site II. Controls on spatial distribution of microbial populations, J. Contam. Hydrol., 53:387-406.; Cozzarelli, I.M., Bekins, B.A., Baedecker, M.J., Aiken, G.R., Eaganhouse, R.P., and Tuccillo, m.E., 2001, Progression of natural attenuation processes at a crude-oil spill site--I. Geochemical evolution of the plume: Journal of Contaminant Hydrology, v. 53, pp. 369-385.",
ds_10,x9609,9609,9/12/1996,WI,8.76,30,xLO067,oxyl_mgL,,0.5174,xLGC01,"Bekins, B.A., I.M. Cozzarelli, E.M. Godsy, E. Warren, H.I. Essaid, and M.E. Tuccillo, 2001, Progression of natural attenuation processes at a crude oil spill site II. Controls on spatial distribution of microbial populations, J. Contam. Hydrol., 53:387-406.; Cozzarelli, I.M., Bekins, B.A., Baedecker, M.J., Aiken, G.R., Eaganhouse, R.P., and Tuccillo, m.E., 2001, Progression of natural attenuation processes at a crude-oil spill site--I. Geochemical evolution of the plume: Journal of Contaminant Hydrology, v. 53, pp. 369-385.",
ds_10,x9609,9609,9/12/1996,WI,8.76,30,xLO050,IsoPrBz_mgL,,0.0288,xLGC01,"Bekins, B.A., I.M. Cozzarelli, E.M. Godsy, E. Warren, H.I. Essaid, and M.E. Tuccillo, 2001, Progression of natural attenuation processes at a crude oil spill site II. Controls on spatial distribution of microbial populations, J. Contam. Hydrol., 53:387-406.; Cozzarelli, I.M., Bekins, B.A., Baedecker, M.J., Aiken, G.R., Eaganhouse, R.P., and Tuccillo, m.E., 2001, Progression of natural attenuation processes at a crude-oil spill site--I. Geochemical evolution of the plume: Journal of Contaminant Hydrology, v. 53, pp. 369-385.",
ds_10,x9609,9609,9/12/1996,WI,8.76,30,xLO064,nPrBz_mgL,,0.0374,xLGC01,"Bekins, B.A., I.M. Cozzarelli, E.M. Godsy, E. Warren, H.I. Essaid, and M.E. Tuccillo, 2001, Progression of natural attenuation processes at a crude oil spill site II. Controls on spatial distribution of microbial populations, J. Contam. Hydrol., 53:387-406.; Cozzarelli, I.M., Bekins, B.A., Baedecker, M.J., Aiken, G.R., Eaganhouse, R.P., and Tuccillo, m.E., 2001, Progression of natural attenuation processes at a crude-oil spill site--I. Geochemical evolution of the plume: Journal of Contaminant Hydrology, v. 53, pp. 369-385.",
ds_10,x9609,9609,9/12/1996,WI,8.76,60,xLS441,1MePrBz_mgL,,0.0066,xLGC01,"Bekins, B.A., I.M. Cozzarelli, E.M. Godsy, E. Warren, H.I. Essaid, and M.E. Tuccillo, 2001, Progression of natural attenuation processes at a crude oil spill site II. Controls on spatial distribution of microbial populations, J. Contam. Hydrol., 53:387-406.; Cozzarelli, I.M., Bekins, B.A., Baedecker, M.J., Aiken, G.R., Eaganhouse, R.P., and Tuccillo, m.E., 2001, Progression of natural attenuation processes at a crude-oil spill site--I. Geochemical evolution of the plume: Journal of Contaminant Hydrology, v. 53, pp. 369-385.",
ds_10,x9609,9609,9/12/1996,WI,8.76,75,xLS441,1MePrBz_mgL,,0.006,xLGC01,"Bekins, B.A., I.M. Cozzarelli, E.M. Godsy, E. Warren, H.I. Essaid, and M.E. Tuccillo, 2001, Progression of natural attenuation processes at a crude oil spill site II. Controls on spatial distribution of microbial populations, J. Contam. Hydrol., 53:387-406.; Cozzarelli, I.M., Bekins, B.A., Baedecker, M.J., Aiken, G.R., Eaganhouse, R.P., and Tuccillo, m.E., 2001, Progression of natural attenuation processes at a crude-oil spill site--I. Geochemical evolution of the plume: Journal of Contaminant Hydrology, v. 53, pp. 369-385.",
ds_10,x9609,9609,9/12/1996,WI,8.76,30,xLO015,135TMeBz_mgL,,0.0746,xLGC01,"Bekins, B.A., I.M. Cozzarelli, E.M. Godsy, E. Warren, H.I. Essaid, and M.E. Tuccillo, 2001, Progression of natural attenuation processes at a crude oil spill site II. Controls on spatial distribution of microbial populations, J. Contam. Hydrol., 53:387-406.; Cozzarelli, I.M., Bekins, B.A., Baedecker, M.J., Aiken, G.R., Eaganhouse, R.P., and Tuccillo, m.E., 2001, Progression of natural attenuation processes at a crude-oil spill site--I. Geochemical evolution of the plume: Journal of Contaminant Hydrology, v. 53, pp. 369-385.",
ds_10,x9609,9609,9/12/1996,WI,8.76,90,xLS441,1MePrBz_mgL,,0.005,xLGC01,"Bekins, B.A., I.M. Cozzarelli, E.M. Godsy, E. Warren, H.I. Essaid, and M.E. Tuccillo, 2001, Progression of natural attenuation processes at a crude oil spill site II. Controls on spatial distribution of microbial populations, J. Contam. Hydrol., 53:387-406.; Cozzarelli, I.M., Bekins, B.A., Baedecker, M.J., Aiken, G.R., Eaganhouse, R.P., and Tuccillo, m.E., 2001, Progression of natural attenuation processes at a crude-oil spill site--I. Geochemical evolution of the plume: Journal of Contaminant Hydrology, v. 53, pp. 369-385.",
ds_10,x9609,9609,9/12/1996,WI,8.76,105,xLS441,1MePrBz_mgL,,0.0104,xLGC01,"Bekins, B.A., I.M. Cozzarelli, E.M. Godsy, E. Warren, H.I. Essaid, and M.E. Tuccillo, 2001, Progression of natural attenuation processes at a crude oil spill site II. Controls on spatial distribution of microbial populations, J. Contam. Hydrol., 53:387-406.; Cozzarelli, I.M., Bekins, B.A., Baedecker, M.J., Aiken, G.R., Eaganhouse, R.P., and Tuccillo, m.E., 2001, Progression of natural attenuation processes at a crude-oil spill site--I. Geochemical evolution of the plume: Journal of Contaminant Hydrology, v. 53, pp. 369-385.",
ds_10,x9609,9609,9/12/1996,WI,8.76,30,xLO010,124TMeBz_mgL,,0.3588,xLGC01,"Bekins, B.A., I.M. Cozzarelli, E.M. Godsy, E. Warren, H.I. Essaid, and M.E. Tuccillo, 2001, Progression of natural attenuation processes at a crude oil spill site II. Controls on spatial distribution of microbial populations, J. Contam. Hydrol., 53:387-406.; Cozzarelli, I.M., Bekins, B.A., Baedecker, M.J., Aiken, G.R., Eaganhouse, R.P., and Tuccillo, m.E., 2001, Progression of natural attenuation processes at a crude-oil spill site--I. Geochemical evolution of the plume: Journal of Contaminant Hydrology, v. 53, pp. 369-385.",
ds_10,x9609,9609,9/12/1996,WI,8.76,120,xLS441,1MePrBz_mgL,,0.003,xLGC01,"Bekins, B.A., I.M. Cozzarelli, E.M. Godsy, E. Warren, H.I. Essaid, and M.E. Tuccillo, 2001, Progression of natural attenuation processes at a crude oil spill site II. Controls on spatial distribution of microbial populations, J. Contam. Hydrol., 53:387-406.; Cozzarelli, I.M., Bekins, B.A., Baedecker, M.J., Aiken, G.R., Eaganhouse, R.P., and Tuccillo, m.E., 2001, Progression of natural attenuation processes at a crude-oil spill site--I. Geochemical evolution of the plume: Journal of Contaminant Hydrology, v. 53, pp. 369-385.",
ds_10,x9609,9609,9/12/1996,WI,8.76,135,xLS441,1MePrBz_mgL,,0.0022,xLGC01,"Bekins, B.A., I.M. Cozzarelli, E.M. Godsy, E. Warren, H.I. Essaid, and M.E. Tuccillo, 2001, Progression of natural attenuation processes at a crude oil spill site II. Controls on spatial distribution of microbial populations, J. Contam. Hydrol., 53:387-406.; Cozzarelli, I.M., Bekins, B.A., Baedecker, M.J., Aiken, G.R., Eaganhouse, R.P., and Tuccillo, m.E., 2001, Progression of natural attenuation processes at a crude-oil spill site--I. Geochemical evolution of the plume: Journal of Contaminant Hydrology, v. 53, pp. 369-385.",
ds_10,x9609,9609,9/12/1996,WI,8.76,30,xLO006,123TMeBz_mgL,,0.1882,xLGC01,"Bekins, B.A., I.M. Cozzarelli, E.M. Godsy, E. Warren, H.I. Essaid, and M.E. Tuccillo, 2001, Progression of natural attenuation processes at a crude oil spill site II. Controls on spatial distribution of microbial populations, J. Contam. Hydrol., 53:387-406.; Cozzarelli, I.M., Bekins, B.A., Baedecker, M.J., Aiken, G.R., Eaganhouse, R.P., and Tuccillo, m.E., 2001, Progression of natural attenuation processes at a crude-oil spill site--I. Geochemical evolution of the plume: Journal of Contaminant Hydrology, v. 53, pp. 369-385.",
ds_10,x9609,9609,9/12/1996,WI,8.76,30,xLO027,1Me3IsoPrBz_mgL,,0.0152,xLGC01,"Bekins, B.A., I.M. Cozzarelli, E.M. Godsy, E. Warren, H.I. Essaid, and M.E. Tuccillo, 2001, Progression of natural attenuation processes at a crude oil spill site II. Controls on spatial distribution of microbial populations, J. Contam. Hydrol., 53:387-406.; Cozzarelli, I.M., Bekins, B.A., Baedecker, M.J., Aiken, G.R., Eaganhouse, R.P., and Tuccillo, m.E., 2001, Progression of natural attenuation processes at a crude-oil spill site--I. Geochemical evolution of the plume: Journal of Contaminant Hydrology, v. 53, pp. 369-385.",
ds_10,x9609,9609,9/12/1996,WI,8.76,30,xLO030,1Me4IsoPrBz_mgL,,0.0086,xLGC01,"Bekins, B.A., I.M. Cozzarelli, E.M. Godsy, E. Warren, H.I. Essaid, and M.E. Tuccillo, 2001, Progression of natural attenuation processes at a crude oil spill site II. Controls on spatial distribution of microbial populations, J. Contam. Hydrol., 53:387-406.; Cozzarelli, I.M., Bekins, B.A., Baedecker, M.J., Aiken, G.R., Eaganhouse, R.P., and Tuccillo, m.E., 2001, Progression of natural attenuation processes at a crude-oil spill site--I. Geochemical evolution of the plume: Journal of Contaminant Hydrology, v. 53, pp. 369-385.",
ds_10,x9609,9609,9/12/1996,WI,8.76,30,xLO024,1Me2IsoPrBz_mgL,,0.0026,xLGC01,"Bekins, B.A., I.M. Cozzarelli, E.M. Godsy, E. Warren, H.I. Essaid, and M.E. Tuccillo, 2001, Progression of natural attenuation processes at a crude oil spill site II. Controls on spatial distribution of microbial populations, J. Contam. Hydrol., 53:387-406.; Cozzarelli, I.M., Bekins, B.A., Baedecker, M.J., Aiken, G.R., Eaganhouse, R.P., and Tuccillo, m.E., 2001, Progression of natural attenuation processes at a crude-oil spill site--I. Geochemical evolution of the plume: Journal of Contaminant Hydrology, v. 53, pp. 369-385.",
ds_10,x9609,9609,9/12/1996,WI,8.76,30,xLO016,13DEtBz_mgL,,0.0078,xLGC01,"Bekins, B.A., I.M. Cozzarelli, E.M. Godsy, E. Warren, H.I. Essaid, and M.E. Tuccillo, 2001, Progression of natural attenuation processes at a crude oil spill site II. Controls on spatial distribution of microbial populations, J. Contam. Hydrol., 53:387-406.; Cozzarelli, I.M., Bekins, B.A., Baedecker, M.J., Aiken, G.R., Eaganhouse, R.P., and Tuccillo, m.E., 2001, Progression of natural attenuation processes at a crude-oil spill site--I. Geochemical evolution of the plume: Journal of Contaminant Hydrology, v. 53, pp. 369-385.",
ds_10,x9609,9609,9/12/1996,WI,8.76,30,xLO028,1Me3PrBz_mgL,,0.0128,xLGC01,"Bekins, B.A., I.M. Cozzarelli, E.M. Godsy, E. Warren, H.I. Essaid, and M.E. Tuccillo, 2001, Progression of natural attenuation processes at a crude oil spill site II. Controls on spatial distribution of microbial populations, J. Contam. Hydrol., 53:387-406.; Cozzarelli, I.M., Bekins, B.A., Baedecker, M.J., Aiken, G.R., Eaganhouse, R.P., and Tuccillo, m.E., 2001, Progression of natural attenuation processes at a crude-oil spill site--I. Geochemical evolution of the plume: Journal of Contaminant Hydrology, v. 53, pp. 369-385.",
ds_10,x9609,9609,9/12/1996,WI,8.76,30,xLO031,1Me4PrBz_mgL,,0.0046,xLGC01,"Bekins, B.A., I.M. Cozzarelli, E.M. Godsy, E. Warren, H.I. Essaid, and M.E. Tuccillo, 2001, Progression of natural attenuation processes at a crude oil spill site II. Controls on spatial distribution of microbial populations, J. Contam. Hydrol., 53:387-406.; Cozzarelli, I.M., Bekins, B.A., Baedecker, M.J., Aiken, G.R., Eaganhouse, R.P., and Tuccillo, m.E., 2001, Progression of natural attenuation processes at a crude-oil spill site--I. Geochemical evolution of the plume: Journal of Contaminant Hydrology, v. 53, pp. 369-385.",
ds_10,x9609,9609,9/12/1996,WI,8.76,30,xLO020,14DEtBz_mgL,,0.0038,xLGC01,"Bekins, B.A., I.M. Cozzarelli, E.M. Godsy, E. Warren, H.I. Essaid, and M.E. Tuccillo, 2001, Progression of natural attenuation processes at a crude oil spill site II. Controls on spatial distribution of microbial populations, J. Contam. Hydrol., 53:387-406.; Cozzarelli, I.M., Bekins, B.A., Baedecker, M.J., Aiken, G.R., Eaganhouse, R.P., and Tuccillo, m.E., 2001, Progression of natural attenuation processes at a crude-oil spill site--I. Geochemical evolution of the plume: Journal of Contaminant Hydrology, v. 53, pp. 369-385.",
ds_10,x9609,9609,9/12/1996,WI,8.76,30,xLO056,nButylBz_mgL,,0.0146,xLGC01,"Bekins, B.A., I.M. Cozzarelli, E.M. Godsy, E. Warren, H.I. Essaid, and M.E. Tuccillo, 2001, Progression of natural attenuation processes at a crude oil spill site II. Controls on spatial distribution of microbial populations, J. Contam. Hydrol., 53:387-406.; Cozzarelli, I.M., Bekins, B.A., Baedecker, M.J., Aiken, G.R., Eaganhouse, R.P., and Tuccillo, m.E., 2001, Progression of natural attenuation processes at a crude-oil spill site--I. Geochemical evolution of the plume: Journal of Contaminant Hydrology, v. 53, pp. 369-385.",
ds_10,x9609,9609,9/12/1996,WI,8.76,30,xLO019,13DMe5EtBz_mgL,,0.0102,xLGC01,"Bekins, B.A., I.M. Cozzarelli, E.M. Godsy, E. Warren, H.I. Essaid, and M.E. Tuccillo, 2001, Progression of natural attenuation processes at a crude oil spill site II. Controls on spatial distribution of microbial populations, J. Contam. Hydrol., 53:387-406.; Cozzarelli, I.M., Bekins, B.A., Baedecker, M.J., Aiken, G.R., Eaganhouse, R.P., and Tuccillo, m.E., 2001, Progression of natural attenuation processes at a crude-oil spill site--I. Geochemical evolution of the plume: Journal of Contaminant Hydrology, v. 53, pp. 369-385.",
ds_10,x9609,9609,9/12/1996,WI,8.76,30,xLO011,12DEtBz_mgL,,0.006,xLGC01,"Bekins, B.A., I.M. Cozzarelli, E.M. Godsy, E. Warren, H.I. Essaid, and M.E. Tuccillo, 2001, Progression of natural attenuation processes at a crude oil spill site II. Controls on spatial distribution of microbial populations, J. Contam. Hydrol., 53:387-406.; Cozzarelli, I.M., Bekins, B.A., Baedecker, M.J., Aiken, G.R., Eaganhouse, R.P., and Tuccillo, m.E., 2001, Progression of natural attenuation processes at a crude-oil spill site--I. Geochemical evolution of the plume: Journal of Contaminant Hydrology, v. 53, pp. 369-385.",
ds_10,x9609,9609,9/12/1996,WI,8.76,30,xLO023,1Me2EtBz_mgL,,0.0108,xLGC01,"Bekins, B.A., I.M. Cozzarelli, E.M. Godsy, E. Warren, H.I. Essaid, and M.E. Tuccillo, 2001, Progression of natural attenuation processes at a crude oil spill site II. Controls on spatial distribution of microbial populations, J. Contam. Hydrol., 53:387-406.; Cozzarelli, I.M., Bekins, B.A., Baedecker, M.J., Aiken, G.R., Eaganhouse, R.P., and Tuccillo, m.E., 2001, Progression of natural attenuation processes at a crude-oil spill site--I. Geochemical evolution of the plume: Journal of Contaminant Hydrology, v. 53, pp. 369-385.",
ds_10,x9609,9609,9/12/1996,WI,8.76,30,xLO021,14DMe2EtBz_mgL,,0.0108,xLGC01,"Bekins, B.A., I.M. Cozzarelli, E.M. Godsy, E. Warren, H.I. Essaid, and M.E. Tuccillo, 2001, Progression of natural attenuation processes at a crude oil spill site II. Controls on spatial distribution of microbial populations, J. Contam. Hydrol., 53:387-406.; Cozzarelli, I.M., Bekins, B.A., Baedecker, M.J., Aiken, G.R., Eaganhouse, R.P., and Tuccillo, m.E., 2001, Progression of natural attenuation processes at a crude-oil spill site--I. Geochemical evolution of the plume: Journal of Contaminant Hydrology, v. 53, pp. 369-385.",
ds_10,x9609,9609,9/12/1996,WI,8.76,30,xLO018,13DMe4EtBz_mgL,,0.0124,xLGC01,"Bekins, B.A., I.M. Cozzarelli, E.M. Godsy, E. Warren, H.I. Essaid, and M.E. Tuccillo, 2001, Progression of natural attenuation processes at a crude oil spill site II. Controls on spatial distribution of microbial populations, J. Contam. Hydrol., 53:387-406.; Cozzarelli, I.M., Bekins, B.A., Baedecker, M.J., Aiken, G.R., Eaganhouse, R.P., and Tuccillo, m.E., 2001, Progression of natural attenuation processes at a crude-oil spill site--I. Geochemical evolution of the plume: Journal of Contaminant Hydrology, v. 53, pp. 369-385.",
ds_10,x9609,9609,9/12/1996,WI,8.76,30,xLO013,12DMe4EtBz_mgL,,0.0106,xLGC01,"Bekins, B.A., I.M. Cozzarelli, E.M. Godsy, E. Warren, H.I. Essaid, and M.E. Tuccillo, 2001, Progression of natural attenuation processes at a crude oil spill site II. Controls on spatial distribution of microbial populations, J. Contam. Hydrol., 53:387-406.; Cozzarelli, I.M., Bekins, B.A., Baedecker, M.J., Aiken, G.R., Eaganhouse, R.P., and Tuccillo, m.E., 2001, Progression of natural attenuation processes at a crude-oil spill site--I. Geochemical evolution of the plume: Journal of Contaminant Hydrology, v. 53, pp. 369-385.",
ds_10,x9609,9609,9/12/1996,WI,8.76,30,xLO017,13DMe2EtBz_mgL,,0.008,xLGC01,"Bekins, B.A., I.M. Cozzarelli, E.M. Godsy, E. Warren, H.I. Essaid, and M.E. Tuccillo, 2001, Progression of natural attenuation processes at a crude oil spill site II. Controls on spatial distribution of microbial populations, J. Contam. Hydrol., 53:387-406.; Cozzarelli, I.M., Bekins, B.A., Baedecker, M.J., Aiken, G.R., Eaganhouse, R.P., and Tuccillo, m.E., 2001, Progression of natural attenuation processes at a crude-oil spill site--I. Geochemical evolution of the plume: Journal of Contaminant Hydrology, v. 53, pp. 369-385.",
ds_10,x9609,9609,9/12/1996,WI,8.76,30,xLO012,12DMe3EtBz_mgL,,0.0112,xLGC01,"Bekins, B.A., I.M. Cozzarelli, E.M. Godsy, E. Warren, H.I. Essaid, and M.E. Tuccillo, 2001, Progression of natural attenuation processes at a crude oil spill site II. Controls on spatial distribution of microbial populations, J. Contam. Hydrol., 53:387-406.; Cozzarelli, I.M., Bekins, B.A., Baedecker, M.J., Aiken, G.R., Eaganhouse, R.P., and Tuccillo, m.E., 2001, Progression of natural attenuation processes at a crude-oil spill site--I. Geochemical evolution of the plume: Journal of Contaminant Hydrology, v. 53, pp. 369-385.",
ds_10,x9609,9609,9/12/1996,WI,8.76,30,xLO008,1245TMeBz_mgL,,0.004,xLGC01,"Bekins, B.A., I.M. Cozzarelli, E.M. Godsy, E. Warren, H.I. Essaid, and M.E. Tuccillo, 2001, Progression of natural attenuation processes at a crude oil spill site II. Controls on spatial distribution of microbial populations, J. Contam. Hydrol., 53:387-406.; Cozzarelli, I.M., Bekins, B.A., Baedecker, M.J., Aiken, G.R., Eaganhouse, R.P., and Tuccillo, m.E., 2001, Progression of natural attenuation processes at a crude-oil spill site--I. Geochemical evolution of the plume: Journal of Contaminant Hydrology, v. 53, pp. 369-385.",
ds_10,x9609,9609,9/12/1996,WI,8.76,30,xLO004,1235TMeBz_mgL,,0.0226,xLGC01,"Bekins, B.A., I.M. Cozzarelli, E.M. Godsy, E. Warren, H.I. Essaid, and M.E. Tuccillo, 2001, Progression of natural attenuation processes at a crude oil spill site II. Controls on spatial distribution of microbial populations, J. Contam. Hydrol., 53:387-406.; Cozzarelli, I.M., Bekins, B.A., Baedecker, M.J., Aiken, G.R., Eaganhouse, R.P., and Tuccillo, m.E., 2001, Progression of natural attenuation processes at a crude-oil spill site--I. Geochemical evolution of the plume: Journal of Contaminant Hydrology, v. 53, pp. 369-385.",
ds_10,x9609,9609,9/12/1996,WI,8.76,30,xLO002,1234TMeBz_mgL,,0.0804,xLGC01,"Bekins, B.A., I.M. Cozzarelli, E.M. Godsy, E. Warren, H.I. Essaid, and M.E. Tuccillo, 2001, Progression of natural attenuation processes at a crude oil spill site II. Controls on spatial distribution of microbial populations, J. Contam. Hydrol., 53:387-406.; Cozzarelli, I.M., Bekins, B.A., Baedecker, M.J., Aiken, G.R., Eaganhouse, R.P., and Tuccillo, m.E., 2001, Progression of natural attenuation processes at a crude-oil spill site--I. Geochemical evolution of the plume: Journal of Contaminant Hydrology, v. 53, pp. 369-385.",
ds_10,x9609,9609,9/12/1996,WI,8.76,30,xLO035,BTEX_mgL,,8.0648,xLCA03,"Bekins, B.A., I.M. Cozzarelli, E.M. Godsy, E. Warren, H.I. Essaid, and M.E. Tuccillo, 2001, Progression of natural attenuation processes at a crude oil spill site II. Controls on spatial distribution of microbial populations, J. Contam. Hydrol., 53:387-406.; Cozzarelli, I.M., Bekins, B.A., Baedecker, M.J., Aiken, G.R., Eaganhouse, R.P., and Tuccillo, m.E., 2001, Progression of natural attenuation processes at a crude-oil spill site--I. Geochemical evolution of the plume: Journal of Contaminant Hydrology, v. 53, pp. 369-385.",
ds_10,x9609,9609,9/12/1996,WI,8.76,150,xLS441,1MePrBz_mgL,,0.0013,xLGC01,"Bekins, B.A., I.M. Cozzarelli, E.M. Godsy, E. Warren, H.I. Essaid, and M.E. Tuccillo, 2001, Progression of natural attenuation processes at a crude oil spill site II. Controls on spatial distribution of microbial populations, J. Contam. Hydrol., 53:387-406.; Cozzarelli, I.M., Bekins, B.A., Baedecker, M.J., Aiken, G.R., Eaganhouse, R.P., and Tuccillo, m.E., 2001, Progression of natural attenuation processes at a crude-oil spill site--I. Geochemical evolution of the plume: Journal of Contaminant Hydrology, v. 53, pp. 369-385.",
ds_10,x9609,9609,9/12/1996,WI,8.76,45,x46123,Fe_2_mgL,,43.85,xLC006,"Bekins, B.A., I.M. Cozzarelli, E.M. Godsy, E. Warren, H.I. Essaid, and M.E. Tuccillo, 2001, Progression of natural attenuation processes at a crude oil spill site II. Controls on spatial distribution of microbial populations, J. Contam. Hydrol., 53:387-406.; Cozzarelli, I.M., Bekins, B.A., Baedecker, M.J., Aiken, G.R., Eaganhouse, R.P., and Tuccillo, m.E., 2001, Progression of natural attenuation processes at a crude-oil spill site--I. Geochemical evolution of the plume: Journal of Contaminant Hydrology, v. 53, pp. 369-385.",
ds_10,x9609,9609,9/12/1996,WI,8.76,45,x68831,CH4_mgL,,14.978,xLC005,"Bekins, B.A., I.M. Cozzarelli, E.M. Godsy, E. Warren, H.I. Essaid, and M.E. Tuccillo, 2001, Progression of natural attenuation processes at a crude oil spill site II. Controls on spatial distribution of microbial populations, J. Contam. Hydrol., 53:387-406.; Cozzarelli, I.M., Bekins, B.A., Baedecker, M.J., Aiken, G.R., Eaganhouse, R.P., and Tuccillo, m.E., 2001, Progression of natural attenuation processes at a crude-oil spill site--I. Geochemical evolution of the plume: Journal of Contaminant Hydrology, v. 53, pp. 369-385.",
ds_10,x9609,9609,9/12/1996,WI,8.76,45,xLO037,Bz_mgL,,9.2774,xLGC01,"Bekins, B.A., I.M. Cozzarelli, E.M. Godsy, E. Warren, H.I. Essaid, and M.E. Tuccillo, 2001, Progression of natural attenuation processes at a crude oil spill site II. Controls on spatial distribution of microbial populations, J. Contam. Hydrol., 53:387-406.; Cozzarelli, I.M., Bekins, B.A., Baedecker, M.J., Aiken, G.R., Eaganhouse, R.P., and Tuccillo, m.E., 2001, Progression of natural attenuation processes at a crude-oil spill site--I. Geochemical evolution of the plume: Journal of Contaminant Hydrology, v. 53, pp. 369-385.",
ds_10,x9609,9609,9/12/1996,WI,8.76,45,xLO073,Tol_mgL,,0.545,xLGC01,"Bekins, B.A., I.M. Cozzarelli, E.M. Godsy, E. Warren, H.I. Essaid, and M.E. Tuccillo, 2001, Progression of natural attenuation processes at a crude oil spill site II. Controls on spatial distribution of microbial populations, J. Contam. Hydrol., 53:387-406.; Cozzarelli, I.M., Bekins, B.A., Baedecker, M.J., Aiken, G.R., Eaganhouse, R.P., and Tuccillo, m.E., 2001, Progression of natural attenuation processes at a crude-oil spill site--I. Geochemical evolution of the plume: Journal of Contaminant Hydrology, v. 53, pp. 369-385.",
ds_10,x9609,9609,9/12/1996,WI,8.76,45,xLO042,EtBz_mgL,,0.3176,xLGC01,"Bekins, B.A., I.M. Cozzarelli, E.M. Godsy, E. Warren, H.I. Essaid, and M.E. Tuccillo, 2001, Progression of natural attenuation processes at a crude oil spill site II. Controls on spatial distribution of microbial populations, J. Contam. Hydrol., 53:387-406.; Cozzarelli, I.M., Bekins, B.A., Baedecker, M.J., Aiken, G.R., Eaganhouse, R.P., and Tuccillo, m.E., 2001, Progression of natural attenuation processes at a crude-oil spill site--I. Geochemical evolution of the plume: Journal of Contaminant Hydrology, v. 53, pp. 369-385.",
ds_10,x9609,9609,9/12/1996,WI,8.76,45,xLO052,mpxyl_mgL,,0.6144,xLGC01,"Bekins, B.A., I.M. Cozzarelli, E.M. Godsy, E. Warren, H.I. Essaid, and M.E. Tuccillo, 2001, Progression of natural attenuation processes at a crude oil spill site II. Controls on spatial distribution of microbial populations, J. Contam. Hydrol., 53:387-406.; Cozzarelli, I.M., Bekins, B.A., Baedecker, M.J., Aiken, G.R., Eaganhouse, R.P., and Tuccillo, m.E., 2001, Progression of natural attenuation processes at a crude-oil spill site--I. Geochemical evolution of the plume: Journal of Contaminant Hydrology, v. 53, pp. 369-385.",
ds_10,x9609,9609,9/12/1996,WI,8.76,45,xLO067,oxyl_mgL,,0.3014,xLGC01,"Bekins, B.A., I.M. Cozzarelli, E.M. Godsy, E. Warren, H.I. Essaid, and M.E. Tuccillo, 2001, Progression of natural attenuation processes at a crude oil spill site II. Controls on spatial distribution of microbial populations, J. Contam. Hydrol., 53:387-406.; Cozzarelli, I.M., Bekins, B.A., Baedecker, M.J., Aiken, G.R., Eaganhouse, R.P., and Tuccillo, m.E., 2001, Progression of natural attenuation processes at a crude-oil spill site--I. Geochemical evolution of the plume: Journal of Contaminant Hydrology, v. 53, pp. 369-385.",
ds_10,x9609,9609,9/12/1996,WI,8.76,45,xLO050,IsoPrBz_mgL,,0.0234,xLGC01,"Bekins, B.A., I.M. Cozzarelli, E.M. Godsy, E. Warren, H.I. Essaid, and M.E. Tuccillo, 2001, Progression of natural attenuation processes at a crude oil spill site II. Controls on spatial distribution of microbial populations, J. Contam. Hydrol., 53:387-406.; Cozzarelli, I.M., Bekins, B.A., Baedecker, M.J., Aiken, G.R., Eaganhouse, R.P., and Tuccillo, m.E., 2001, Progression of natural attenuation processes at a crude-oil spill site--I. Geochemical evolution of the plume: Journal of Contaminant Hydrology, v. 53, pp. 369-385.",
ds_10,x9609,9609,9/12/1996,WI,8.76,45,xLO064,nPrBz_mgL,,0.0224,xLGC01,"Bekins, B.A., I.M. Cozzarelli, E.M. Godsy, E. Warren, H.I. Essaid, and M.E. Tuccillo, 2001, Progression of natural attenuation processes at a crude oil spill site II. Controls on spatial distribution of microbial populations, J. Contam. Hydrol., 53:387-406.; Cozzarelli, I.M., Bekins, B.A., Baedecker, M.J., Aiken, G.R., Eaganhouse, R.P., and Tuccillo, m.E., 2001, Progression of natural attenuation processes at a crude-oil spill site--I. Geochemical evolution of the plume: Journal of Contaminant Hydrology, v. 53, pp. 369-385.",
ds_10,x9607,9607II,9/11/1996,WI,11.05,190,xLO056,nButylBz_mgL,,0.00272,xLGC01,"Bekins, B.A., I.M. Cozzarelli, E.M. Godsy, E. Warren, H.I. Essaid, and M.E. Tuccillo, 2001, Progression of natural attenuation processes at a crude oil spill site II. Controls on spatial distribution of microbial populations, J. Contam. Hydrol., 53:387-406.; Cozzarelli, I.M., Bekins, B.A., Baedecker, M.J., Aiken, G.R., Eaganhouse, R.P., and Tuccillo, m.E., 2001, Progression of natural attenuation processes at a crude-oil spill site--I. Geochemical evolution of the plume: Journal of Contaminant Hydrology, v. 53, pp. 369-385.",
ds_10,x9607,9607II,9/11/1996,WI,11.05,190,xLO019,13DMe5EtBz_mgL,,0.00108,xLGC01,"Bekins, B.A., I.M. Cozzarelli, E.M. Godsy, E. Warren, H.I. Essaid, and M.E. Tuccillo, 2001, Progression of natural attenuation processes at a crude oil spill site II. Controls on spatial distribution of microbial populations, J. Contam. Hydrol., 53:387-406.; Cozzarelli, I.M., Bekins, B.A., Baedecker, M.J., Aiken, G.R., Eaganhouse, R.P., and Tuccillo, m.E., 2001, Progression of natural attenuation processes at a crude-oil spill site--I. Geochemical evolution of the plume: Journal of Contaminant Hydrology, v. 53, pp. 369-385.",
ds_10,x9609,9609,9/12/1996,WI,8.76,45,xLO015,135TMeBz_mgL,,0.0112,xLGC01,"Bekins, B.A., I.M. Cozzarelli, E.M. Godsy, E. Warren, H.I. Essaid, and M.E. Tuccillo, 2001, Progression of natural attenuation processes at a crude oil spill site II. Controls on spatial distribution of microbial populations, J. Contam. Hydrol., 53:387-406.; Cozzarelli, I.M., Bekins, B.A., Baedecker, M.J., Aiken, G.R., Eaganhouse, R.P., and Tuccillo, m.E., 2001, Progression of natural attenuation processes at a crude-oil spill site--I. Geochemical evolution of the plume: Journal of Contaminant Hydrology, v. 53, pp. 369-385.",
ds_10,x9607,9607II,9/11/1996,WI,11.05,190,xLO011,12DEtBz_mgL,,0.00147,xLGC01,"Bekins, B.A., I.M. Cozzarelli, E.M. Godsy, E. Warren, H.I. Essaid, and M.E. Tuccillo, 2001, Progression of natural attenuation processes at a crude oil spill site II. Controls on spatial distribution of microbial populations, J. Contam. Hydrol., 53:387-406.; Cozzarelli, I.M., Bekins, B.A., Baedecker, M.J., Aiken, G.R., Eaganhouse, R.P., and Tuccillo, m.E., 2001, Progression of natural attenuation processes at a crude-oil spill site--I. Geochemical evolution of the plume: Journal of Contaminant Hydrology, v. 53, pp. 369-385.",
ds_10,x9607,9607II,9/11/1996,WI,11.05,190,xLO023,1Me2EtBz_mgL,,0.00147,xLGC01,"Bekins, B.A., I.M. Cozzarelli, E.M. Godsy, E. Warren, H.I. Essaid, and M.E. Tuccillo, 2001, Progression of natural attenuation processes at a crude oil spill site II. Controls on spatial distribution of microbial populations, J. Contam. Hydrol., 53:387-406.; Cozzarelli, I.M., Bekins, B.A., Baedecker, M.J., Aiken, G.R., Eaganhouse, R.P., and Tuccillo, m.E., 2001, Progression of natural attenuation processes at a crude-oil spill site--I. Geochemical evolution of the plume: Journal of Contaminant Hydrology, v. 53, pp. 369-385.",
ds_10,x9609,9609,9/12/1996,WI,8.76,45,xLO010,124TMeBz_mgL,,0.0832,xLGC01,"Bekins, B.A., I.M. Cozzarelli, E.M. Godsy, E. Warren, H.I. Essaid, and M.E. Tuccillo, 2001, Progression of natural attenuation processes at a crude oil spill site II. Controls on spatial distribution of microbial populations, J. Contam. Hydrol., 53:387-406.; Cozzarelli, I.M., Bekins, B.A., Baedecker, M.J., Aiken, G.R., Eaganhouse, R.P., and Tuccillo, m.E., 2001, Progression of natural attenuation processes at a crude-oil spill site--I. Geochemical evolution of the plume: Journal of Contaminant Hydrology, v. 53, pp. 369-385.",
ds_10,x9607,9607II,9/11/1996,WI,11.05,190,xLO021,14DMe2EtBz_mgL,,0.00123,xLGC01,"Bekins, B.A., I.M. Cozzarelli, E.M. Godsy, E. Warren, H.I. Essaid, and M.E. Tuccillo, 2001, Progression of natural attenuation processes at a crude oil spill site II. Controls on spatial distribution of microbial populations, J. Contam. Hydrol., 53:387-406.; Cozzarelli, I.M., Bekins, B.A., Baedecker, M.J., Aiken, G.R., Eaganhouse, R.P., and Tuccillo, m.E., 2001, Progression of natural attenuation processes at a crude-oil spill site--I. Geochemical evolution of the plume: Journal of Contaminant Hydrology, v. 53, pp. 369-385.",
ds_10,x9607,9607II,9/11/1996,WI,11.05,190,xLO018,13DMe4EtBz_mgL,,2.00E-04,xLGC01,"Bekins, B.A., I.M. Cozzarelli, E.M. Godsy, E. Warren, H.I. Essaid, and M.E. Tuccillo, 2001, Progression of natural attenuation processes at a crude oil spill site II. Controls on spatial distribution of microbial populations, J. Contam. Hydrol., 53:387-406.; Cozzarelli, I.M., Bekins, B.A., Baedecker, M.J., Aiken, G.R., Eaganhouse, R.P., and Tuccillo, m.E., 2001, Progression of natural attenuation processes at a crude-oil spill site--I. Geochemical evolution of the plume: Journal of Contaminant Hydrology, v. 53, pp. 369-385.",
ds_10,x9609,9609,9/12/1996,WI,8.76,45,xLO006,123TMeBz_mgL,,0.0898,xLGC01,"Bekins, B.A., I.M. Cozzarelli, E.M. Godsy, E. Warren, H.I. Essaid, and M.E. Tuccillo, 2001, Progression of natural attenuation processes at a crude oil spill site II. Controls on spatial distribution of microbial populations, J. Contam. Hydrol., 53:387-406.; Cozzarelli, I.M., Bekins, B.A., Baedecker, M.J., Aiken, G.R., Eaganhouse, R.P., and Tuccillo, m.E., 2001, Progression of natural attenuation processes at a crude-oil spill site--I. Geochemical evolution of the plume: Journal of Contaminant Hydrology, v. 53, pp. 369-385.",
ds_10,x9609,9609,9/12/1996,WI,8.76,45,xLO027,1Me3IsoPrBz_mgL,,0.0058,xLGC01,"Bekins, B.A., I.M. Cozzarelli, E.M. Godsy, E. Warren, H.I. Essaid, and M.E. Tuccillo, 2001, Progression of natural attenuation processes at a crude oil spill site II. Controls on spatial distribution of microbial populations, J. Contam. Hydrol., 53:387-406.; Cozzarelli, I.M., Bekins, B.A., Baedecker, M.J., Aiken, G.R., Eaganhouse, R.P., and Tuccillo, m.E., 2001, Progression of natural attenuation processes at a crude-oil spill site--I. Geochemical evolution of the plume: Journal of Contaminant Hydrology, v. 53, pp. 369-385.",
ds_10,x9609,9609,9/12/1996,WI,8.76,45,xLO030,1Me4IsoPrBz_mgL,,0.0036,xLGC01,"Bekins, B.A., I.M. Cozzarelli, E.M. Godsy, E. Warren, H.I. Essaid, and M.E. Tuccillo, 2001, Progression of natural attenuation processes at a crude oil spill site II. Controls on spatial distribution of microbial populations, J. Contam. Hydrol., 53:387-406.; Cozzarelli, I.M., Bekins, B.A., Baedecker, M.J., Aiken, G.R., Eaganhouse, R.P., and Tuccillo, m.E., 2001, Progression of natural attenuation processes at a crude-oil spill site--I. Geochemical evolution of the plume: Journal of Contaminant Hydrology, v. 53, pp. 369-385.",
ds_10,x9609,9609,9/12/1996,WI,8.76,45,xLO024,1Me2IsoPrBz_mgL,,0.002,xLGC01,"Bekins, B.A., I.M. Cozzarelli, E.M. Godsy, E. Warren, H.I. Essaid, and M.E. Tuccillo, 2001, Progression of natural attenuation processes at a crude oil spill site II. Controls on spatial distribution of microbial populations, J. Contam. Hydrol., 53:387-406.; Cozzarelli, I.M., Bekins, B.A., Baedecker, M.J., Aiken, G.R., Eaganhouse, R.P., and Tuccillo, m.E., 2001, Progression of natural attenuation processes at a crude-oil spill site--I. Geochemical evolution of the plume: Journal of Contaminant Hydrology, v. 53, pp. 369-385.",
ds_10,x9609,9609,9/12/1996,WI,8.76,45,xLO016,13DEtBz_mgL,,0.0036,xLGC01,"Bekins, B.A., I.M. Cozzarelli, E.M. Godsy, E. Warren, H.I. Essaid, and M.E. Tuccillo, 2001, Progression of natural attenuation processes at a crude oil spill site II. Controls on spatial distribution of microbial populations, J. Contam. Hydrol., 53:387-406.; Cozzarelli, I.M., Bekins, B.A., Baedecker, M.J., Aiken, G.R., Eaganhouse, R.P., and Tuccillo, m.E., 2001, Progression of natural attenuation processes at a crude-oil spill site--I. Geochemical evolution of the plume: Journal of Contaminant Hydrology, v. 53, pp. 369-385.",
ds_10,x9609,9609,9/12/1996,WI,8.76,45,xLO028,1Me3PrBz_mgL,,0.0014,xLGC01,"Bekins, B.A., I.M. Cozzarelli, E.M. Godsy, E. Warren, H.I. Essaid, and M.E. Tuccillo, 2001, Progression of natural attenuation processes at a crude oil spill site II. Controls on spatial distribution of microbial populations, J. Contam. Hydrol., 53:387-406.; Cozzarelli, I.M., Bekins, B.A., Baedecker, M.J., Aiken, G.R., Eaganhouse, R.P., and Tuccillo, m.E., 2001, Progression of natural attenuation processes at a crude-oil spill site--I. Geochemical evolution of the plume: Journal of Contaminant Hydrology, v. 53, pp. 369-385.",
ds_10,x9609,9609,9/12/1996,WI,8.76,45,xLO031,1Me4PrBz_mgL,,0.0024,xLGC01,"Bekins, B.A., I.M. Cozzarelli, E.M. Godsy, E. Warren, H.I. Essaid, and M.E. Tuccillo, 2001, Progression of natural attenuation processes at a crude oil spill site II. Controls on spatial distribution of microbial populations, J. Contam. Hydrol., 53:387-406.; Cozzarelli, I.M., Bekins, B.A., Baedecker, M.J., Aiken, G.R., Eaganhouse, R.P., and Tuccillo, m.E., 2001, Progression of natural attenuation processes at a crude-oil spill site--I. Geochemical evolution of the plume: Journal of Contaminant Hydrology, v. 53, pp. 369-385.",
ds_10,x9609,9609,9/12/1996,WI,8.76,45,xLO020,14DEtBz_mgL,,0.0048,xLGC01,"Bekins, B.A., I.M. Cozzarelli, E.M. Godsy, E. Warren, H.I. Essaid, and M.E. Tuccillo, 2001, Progression of natural attenuation processes at a crude oil spill site II. Controls on spatial distribution of microbial populations, J. Contam. Hydrol., 53:387-406.; Cozzarelli, I.M., Bekins, B.A., Baedecker, M.J., Aiken, G.R., Eaganhouse, R.P., and Tuccillo, m.E., 2001, Progression of natural attenuation processes at a crude-oil spill site--I. Geochemical evolution of the plume: Journal of Contaminant Hydrology, v. 53, pp. 369-385.",
ds_10,x9609,9609,9/12/1996,WI,8.76,45,xLO056,nButylBz_mgL,,0.012,xLGC01,"Bekins, B.A., I.M. Cozzarelli, E.M. Godsy, E. Warren, H.I. Essaid, and M.E. Tuccillo, 2001, Progression of natural attenuation processes at a crude oil spill site II. Controls on spatial distribution of microbial populations, J. Contam. Hydrol., 53:387-406.; Cozzarelli, I.M., Bekins, B.A., Baedecker, M.J., Aiken, G.R., Eaganhouse, R.P., and Tuccillo, m.E., 2001, Progression of natural attenuation processes at a crude-oil spill site--I. Geochemical evolution of the plume: Journal of Contaminant Hydrology, v. 53, pp. 369-385.",
ds_10,x9609,9609,9/12/1996,WI,8.76,45,xLO019,13DMe5EtBz_mgL,,0.0026,xLGC01,"Bekins, B.A., I.M. Cozzarelli, E.M. Godsy, E. Warren, H.I. Essaid, and M.E. Tuccillo, 2001, Progression of natural attenuation processes at a crude oil spill site II. Controls on spatial distribution of microbial populations, J. Contam. Hydrol., 53:387-406.; Cozzarelli, I.M., Bekins, B.A., Baedecker, M.J., Aiken, G.R., Eaganhouse, R.P., and Tuccillo, m.E., 2001, Progression of natural attenuation processes at a crude-oil spill site--I. Geochemical evolution of the plume: Journal of Contaminant Hydrology, v. 53, pp. 369-385.",
ds_10,x9609,9609,9/12/1996,WI,8.76,45,xLO011,12DEtBz_mgL,,0.0012,xLGC01,"Bekins, B.A., I.M. Cozzarelli, E.M. Godsy, E. Warren, H.I. Essaid, and M.E. Tuccillo, 2001, Progression of natural attenuation processes at a crude oil spill site II. Controls on spatial distribution of microbial populations, J. Contam. Hydrol., 53:387-406.; Cozzarelli, I.M., Bekins, B.A., Baedecker, M.J., Aiken, G.R., Eaganhouse, R.P., and Tuccillo, m.E., 2001, Progression of natural attenuation processes at a crude-oil spill site--I. Geochemical evolution of the plume: Journal of Contaminant Hydrology, v. 53, pp. 369-385.",
ds_10,x9609,9609,9/12/1996,WI,8.76,45,xLO023,1Me2EtBz_mgL,,0.0044,xLGC01,"Bekins, B.A., I.M. Cozzarelli, E.M. Godsy, E. Warren, H.I. Essaid, and M.E. Tuccillo, 2001, Progression of natural attenuation processes at a crude oil spill site II. Controls on spatial distribution of microbial populations, J. Contam. Hydrol., 53:387-406.; Cozzarelli, I.M., Bekins, B.A., Baedecker, M.J., Aiken, G.R., Eaganhouse, R.P., and Tuccillo, m.E., 2001, Progression of natural attenuation processes at a crude-oil spill site--I. Geochemical evolution of the plume: Journal of Contaminant Hydrology, v. 53, pp. 369-385.",
ds_10,x9609,9609,9/12/1996,WI,8.76,45,xLO021,14DMe2EtBz_mgL,,0.001,xLGC01,"Bekins, B.A., I.M. Cozzarelli, E.M. Godsy, E. Warren, H.I. Essaid, and M.E. Tuccillo, 2001, Progression of natural attenuation processes at a crude oil spill site II. Controls on spatial distribution of microbial populations, J. Contam. Hydrol., 53:387-406.; Cozzarelli, I.M., Bekins, B.A., Baedecker, M.J., Aiken, G.R., Eaganhouse, R.P., and Tuccillo, m.E., 2001, Progression of natural attenuation processes at a crude-oil spill site--I. Geochemical evolution of the plume: Journal of Contaminant Hydrology, v. 53, pp. 369-385.",
ds_10,x9609,9609,9/12/1996,WI,8.76,45,xLO018,13DMe4EtBz_mgL,,0.0028,xLGC01,"Bekins, B.A., I.M. Cozzarelli, E.M. Godsy, E. Warren, H.I. Essaid, and M.E. Tuccillo, 2001, Progression of natural attenuation processes at a crude oil spill site II. Controls on spatial distribution of microbial populations, J. Contam. Hydrol., 53:387-406.; Cozzarelli, I.M., Bekins, B.A., Baedecker, M.J., Aiken, G.R., Eaganhouse, R.P., and Tuccillo, m.E., 2001, Progression of natural attenuation processes at a crude-oil spill site--I. Geochemical evolution of the plume: Journal of Contaminant Hydrology, v. 53, pp. 369-385.",
ds_10,x9609,9609,9/12/1996,WI,8.76,45,xLO013,12DMe4EtBz_mgL,,8.00E-04,xLGC01,"Bekins, B.A., I.M. Cozzarelli, E.M. Godsy, E. Warren, H.I. Essaid, and M.E. Tuccillo, 2001, Progression of natural attenuation processes at a crude oil spill site II. Controls on spatial distribution of microbial populations, J. Contam. Hydrol., 53:387-406.; Cozzarelli, I.M., Bekins, B.A., Baedecker, M.J., Aiken, G.R., Eaganhouse, R.P., and Tuccillo, m.E., 2001, Progression of natural attenuation processes at a crude-oil spill site--I. Geochemical evolution of the plume: Journal of Contaminant Hydrology, v. 53, pp. 369-385.",
ds_10,x9609,9609,9/12/1996,WI,8.76,45,xLO017,13DMe2EtBz_mgL,,0.0038,xLGC01,"Bekins, B.A., I.M. Cozzarelli, E.M. Godsy, E. Warren, H.I. Essaid, and M.E. Tuccillo, 2001, Progression of natural attenuation processes at a crude oil spill site II. Controls on spatial distribution of microbial populations, J. Contam. Hydrol., 53:387-406.; Cozzarelli, I.M., Bekins, B.A., Baedecker, M.J., Aiken, G.R., Eaganhouse, R.P., and Tuccillo, m.E., 2001, Progression of natural attenuation processes at a crude-oil spill site--I. Geochemical evolution of the plume: Journal of Contaminant Hydrology, v. 53, pp. 369-385.",
ds_10,x9609,9609,9/12/1996,WI,8.76,45,xLO012,12DMe3EtBz_mgL,,0.001,xLGC01,"Bekins, B.A., I.M. Cozzarelli, E.M. Godsy, E. Warren, H.I. Essaid, and M.E. Tuccillo, 2001, Progression of natural attenuation processes at a crude oil spill site II. Controls on spatial distribution of microbial populations, J. Contam. Hydrol., 53:387-406.; Cozzarelli, I.M., Bekins, B.A., Baedecker, M.J., Aiken, G.R., Eaganhouse, R.P., and Tuccillo, m.E., 2001, Progression of natural attenuation processes at a crude-oil spill site--I. Geochemical evolution of the plume: Journal of Contaminant Hydrology, v. 53, pp. 369-385.",
ds_10,x9609,9609,9/12/1996,WI,8.76,45,xLO008,1245TMeBz_mgL,,0,xLGC01,"Bekins, B.A., I.M. Cozzarelli, E.M. Godsy, E. Warren, H.I. Essaid, and M.E. Tuccillo, 2001, Progression of natural attenuation processes at a crude oil spill site II. Controls on spatial distribution of microbial populations, J. Contam. Hydrol., 53:387-406.; Cozzarelli, I.M., Bekins, B.A., Baedecker, M.J., Aiken, G.R., Eaganhouse, R.P., and Tuccillo, m.E., 2001, Progression of natural attenuation processes at a crude-oil spill site--I. Geochemical evolution of the plume: Journal of Contaminant Hydrology, v. 53, pp. 369-385.",
ds_10,x9609,9609,9/12/1996,WI,8.76,45,xLO004,1235TMeBz_mgL,,0,xLGC01,"Bekins, B.A., I.M. Cozzarelli, E.M. Godsy, E. Warren, H.I. Essaid, and M.E. Tuccillo, 2001, Progression of natural attenuation processes at a crude oil spill site II. Controls on spatial distribution of microbial populations, J. Contam. Hydrol., 53:387-406.; Cozzarelli, I.M., Bekins, B.A., Baedecker, M.J., Aiken, G.R., Eaganhouse, R.P., and Tuccillo, m.E., 2001, Progression of natural attenuation processes at a crude-oil spill site--I. Geochemical evolution of the plume: Journal of Contaminant Hydrology, v. 53, pp. 369-385.",
ds_10,x9609,9609,9/12/1996,WI,8.76,45,xLO002,1234TMeBz_mgL,,0.0062,xLGC01,"Bekins, B.A., I.M. Cozzarelli, E.M. Godsy, E. Warren, H.I. Essaid, and M.E. Tuccillo, 2001, Progression of natural attenuation processes at a crude oil spill site II. Controls on spatial distribution of microbial populations, J. Contam. Hydrol., 53:387-406.; Cozzarelli, I.M., Bekins, B.A., Baedecker, M.J., Aiken, G.R., Eaganhouse, R.P., and Tuccillo, m.E., 2001, Progression of natural attenuation processes at a crude-oil spill site--I. Geochemical evolution of the plume: Journal of Contaminant Hydrology, v. 53, pp. 369-385.",
ds_10,x9609,9609,9/12/1996,WI,8.76,45,xLO035,BTEX_mgL,,11.0558,xLCA03,"Bekins, B.A., I.M. Cozzarelli, E.M. Godsy, E. Warren, H.I. Essaid, and M.E. Tuccillo, 2001, Progression of natural attenuation processes at a crude oil spill site II. Controls on spatial distribution of microbial populations, J. Contam. Hydrol., 53:387-406.; Cozzarelli, I.M., Bekins, B.A., Baedecker, M.J., Aiken, G.R., Eaganhouse, R.P., and Tuccillo, m.E., 2001, Progression of natural attenuation processes at a crude-oil spill site--I. Geochemical evolution of the plume: Journal of Contaminant Hydrology, v. 53, pp. 369-385.",
ds_10,x9607,9607II,9/11/1996,WI,11.05,190,xLO013,12DMe4EtBz_mgL,,0.0012,xLGC01,"Bekins, B.A., I.M. Cozzarelli, E.M. Godsy, E. Warren, H.I. Essaid, and M.E. Tuccillo, 2001, Progression of natural attenuation processes at a crude oil spill site II. Controls on spatial distribution of microbial populations, J. Contam. Hydrol., 53:387-406.; Cozzarelli, I.M., Bekins, B.A., Baedecker, M.J., Aiken, G.R., Eaganhouse, R.P., and Tuccillo, m.E., 2001, Progression of natural attenuation processes at a crude-oil spill site--I. Geochemical evolution of the plume: Journal of Contaminant Hydrology, v. 53, pp. 369-385.",
ds_10,x9609,9609,9/12/1996,WI,8.76,60,x46123,Fe_2_mgL,,34.91,xLC006,"Bekins, B.A., I.M. Cozzarelli, E.M. Godsy, E. Warren, H.I. Essaid, and M.E. Tuccillo, 2001, Progression of natural attenuation processes at a crude oil spill site II. Controls on spatial distribution of microbial populations, J. Contam. Hydrol., 53:387-406.; Cozzarelli, I.M., Bekins, B.A., Baedecker, M.J., Aiken, G.R., Eaganhouse, R.P., and Tuccillo, m.E., 2001, Progression of natural attenuation processes at a crude-oil spill site--I. Geochemical evolution of the plume: Journal of Contaminant Hydrology, v. 53, pp. 369-385.",
ds_10,x9609,9609,9/12/1996,WI,8.76,60,x68831,CH4_mgL,,9.838,xLC005,"Bekins, B.A., I.M. Cozzarelli, E.M. Godsy, E. Warren, H.I. Essaid, and M.E. Tuccillo, 2001, Progression of natural attenuation processes at a crude oil spill site II. Controls on spatial distribution of microbial populations, J. Contam. Hydrol., 53:387-406.; Cozzarelli, I.M., Bekins, B.A., Baedecker, M.J., Aiken, G.R., Eaganhouse, R.P., and Tuccillo, m.E., 2001, Progression of natural attenuation processes at a crude-oil spill site--I. Geochemical evolution of the plume: Journal of Contaminant Hydrology, v. 53, pp. 369-385.",
ds_10,x9609,9609,9/12/1996,WI,8.76,60,xLO065,NVDOC_mgL,,55.8,xLCID2,"Bekins, B.A., I.M. Cozzarelli, E.M. Godsy, E. Warren, H.I. Essaid, and M.E. Tuccillo, 2001, Progression of natural attenuation processes at a crude oil spill site II. Controls on spatial distribution of microbial populations, J. Contam. Hydrol., 53:387-406.; Cozzarelli, I.M., Bekins, B.A., Baedecker, M.J., Aiken, G.R., Eaganhouse, R.P., and Tuccillo, m.E., 2001, Progression of natural attenuation processes at a crude-oil spill site--I. Geochemical evolution of the plume: Journal of Contaminant Hydrology, v. 53, pp. 369-385.",
ds_10,x9609,9609,9/12/1996,WI,8.76,60,xLO037,Bz_mgL,,7.6352,xLGC01,"Bekins, B.A., I.M. Cozzarelli, E.M. Godsy, E. Warren, H.I. Essaid, and M.E. Tuccillo, 2001, Progression of natural attenuation processes at a crude oil spill site II. Controls on spatial distribution of microbial populations, J. Contam. Hydrol., 53:387-406.; Cozzarelli, I.M., Bekins, B.A., Baedecker, M.J., Aiken, G.R., Eaganhouse, R.P., and Tuccillo, m.E., 2001, Progression of natural attenuation processes at a crude-oil spill site--I. Geochemical evolution of the plume: Journal of Contaminant Hydrology, v. 53, pp. 369-385.",
ds_10,x9609,9609,9/12/1996,WI,8.76,60,xLO073,Tol_mgL,,0.187,xLGC01,"Bekins, B.A., I.M. Cozzarelli, E.M. Godsy, E. Warren, H.I. Essaid, and M.E. Tuccillo, 2001, Progression of natural attenuation processes at a crude oil spill site II. Controls on spatial distribution of microbial populations, J. Contam. Hydrol., 53:387-406.; Cozzarelli, I.M., Bekins, B.A., Baedecker, M.J., Aiken, G.R., Eaganhouse, R.P., and Tuccillo, m.E., 2001, Progression of natural attenuation processes at a crude-oil spill site--I. Geochemical evolution of the plume: Journal of Contaminant Hydrology, v. 53, pp. 369-385.",
ds_10,x9609,9609,9/12/1996,WI,8.76,60,xLO042,EtBz_mgL,,0.4482,xLGC01,"Bekins, B.A., I.M. Cozzarelli, E.M. Godsy, E. Warren, H.I. Essaid, and M.E. Tuccillo, 2001, Progression of natural attenuation processes at a crude oil spill site II. Controls on spatial distribution of microbial populations, J. Contam. Hydrol., 53:387-406.; Cozzarelli, I.M., Bekins, B.A., Baedecker, M.J., Aiken, G.R., Eaganhouse, R.P., and Tuccillo, m.E., 2001, Progression of natural attenuation processes at a crude-oil spill site--I. Geochemical evolution of the plume: Journal of Contaminant Hydrology, v. 53, pp. 369-385.",
ds_10,x9609,9609,9/12/1996,WI,8.76,60,xLO052,mpxyl_mgL,,1.0088,xLGC01,"Bekins, B.A., I.M. Cozzarelli, E.M. Godsy, E. Warren, H.I. Essaid, and M.E. Tuccillo, 2001, Progression of natural attenuation processes at a crude oil spill site II. Controls on spatial distribution of microbial populations, J. Contam. Hydrol., 53:387-406.; Cozzarelli, I.M., Bekins, B.A., Baedecker, M.J., Aiken, G.R., Eaganhouse, R.P., and Tuccillo, m.E., 2001, Progression of natural attenuation processes at a crude-oil spill site--I. Geochemical evolution of the plume: Journal of Contaminant Hydrology, v. 53, pp. 369-385.",
ds_10,x9609,9609,9/12/1996,WI,8.76,60,xLO067,oxyl_mgL,,0.142,xLGC01,"Bekins, B.A., I.M. Cozzarelli, E.M. Godsy, E. Warren, H.I. Essaid, and M.E. Tuccillo, 2001, Progression of natural attenuation processes at a crude oil spill site II. Controls on spatial distribution of microbial populations, J. Contam. Hydrol., 53:387-406.; Cozzarelli, I.M., Bekins, B.A., Baedecker, M.J., Aiken, G.R., Eaganhouse, R.P., and Tuccillo, m.E., 2001, Progression of natural attenuation processes at a crude-oil spill site--I. Geochemical evolution of the plume: Journal of Contaminant Hydrology, v. 53, pp. 369-385.",
ds_10,x9609,9609,9/12/1996,WI,8.76,60,xLO050,IsoPrBz_mgL,,0.0336,xLGC01,"Bekins, B.A., I.M. Cozzarelli, E.M. Godsy, E. Warren, H.I. Essaid, and M.E. Tuccillo, 2001, Progression of natural attenuation processes at a crude oil spill site II. Controls on spatial distribution of microbial populations, J. Contam. Hydrol., 53:387-406.; Cozzarelli, I.M., Bekins, B.A., Baedecker, M.J., Aiken, G.R., Eaganhouse, R.P., and Tuccillo, m.E., 2001, Progression of natural attenuation processes at a crude-oil spill site--I. Geochemical evolution of the plume: Journal of Contaminant Hydrology, v. 53, pp. 369-385.",
ds_10,x9609,9609,9/12/1996,WI,8.76,60,xLO064,nPrBz_mgL,,0.0318,xLGC01,"Bekins, B.A., I.M. Cozzarelli, E.M. Godsy, E. Warren, H.I. Essaid, and M.E. Tuccillo, 2001, Progression of natural attenuation processes at a crude oil spill site II. Controls on spatial distribution of microbial populations, J. Contam. Hydrol., 53:387-406.; Cozzarelli, I.M., Bekins, B.A., Baedecker, M.J., Aiken, G.R., Eaganhouse, R.P., and Tuccillo, m.E., 2001, Progression of natural attenuation processes at a crude-oil spill site--I. Geochemical evolution of the plume: Journal of Contaminant Hydrology, v. 53, pp. 369-385.",
ds_10,x9607,9607II,9/11/1996,WI,11.05,190,xLO017,13DMe2EtBz_mgL,,0.00137,xLGC01,"Bekins, B.A., I.M. Cozzarelli, E.M. Godsy, E. Warren, H.I. Essaid, and M.E. Tuccillo, 2001, Progression of natural attenuation processes at a crude oil spill site II. Controls on spatial distribution of microbial populations, J. Contam. Hydrol., 53:387-406.; Cozzarelli, I.M., Bekins, B.A., Baedecker, M.J., Aiken, G.R., Eaganhouse, R.P., and Tuccillo, m.E., 2001, Progression of natural attenuation processes at a crude-oil spill site--I. Geochemical evolution of the plume: Journal of Contaminant Hydrology, v. 53, pp. 369-385.",
ds_10,x9607,9607II,9/11/1996,WI,11.05,190,xLO012,12DMe3EtBz_mgL,,0.00142,xLGC01,"Bekins, B.A., I.M. Cozzarelli, E.M. Godsy, E. Warren, H.I. Essaid, and M.E. Tuccillo, 2001, Progression of natural attenuation processes at a crude oil spill site II. Controls on spatial distribution of microbial populations, J. Contam. Hydrol., 53:387-406.; Cozzarelli, I.M., Bekins, B.A., Baedecker, M.J., Aiken, G.R., Eaganhouse, R.P., and Tuccillo, m.E., 2001, Progression of natural attenuation processes at a crude-oil spill site--I. Geochemical evolution of the plume: Journal of Contaminant Hydrology, v. 53, pp. 369-385.",
ds_10,x9609,9609,9/12/1996,WI,8.76,60,xLO015,135TMeBz_mgL,,0.069,xLGC01,"Bekins, B.A., I.M. Cozzarelli, E.M. Godsy, E. Warren, H.I. Essaid, and M.E. Tuccillo, 2001, Progression of natural attenuation processes at a crude oil spill site II. Controls on spatial distribution of microbial populations, J. Contam. Hydrol., 53:387-406.; Cozzarelli, I.M., Bekins, B.A., Baedecker, M.J., Aiken, G.R., Eaganhouse, R.P., and Tuccillo, m.E., 2001, Progression of natural attenuation processes at a crude-oil spill site--I. Geochemical evolution of the plume: Journal of Contaminant Hydrology, v. 53, pp. 369-385.",
ds_10,x9608,9608,9/12/1996,WI,8.76,0,xLS442,2MePrBz_mgL,,0.0068,xLGC01,"Bekins, B.A., I.M. Cozzarelli, E.M. Godsy, E. Warren, H.I. Essaid, and M.E. Tuccillo, 2001, Progression of natural attenuation processes at a crude oil spill site II. Controls on spatial distribution of microbial populations, J. Contam. Hydrol., 53:387-406.; Cozzarelli, I.M., Bekins, B.A., Baedecker, M.J., Aiken, G.R., Eaganhouse, R.P., and Tuccillo, m.E., 2001, Progression of natural attenuation processes at a crude-oil spill site--I. Geochemical evolution of the plume: Journal of Contaminant Hydrology, v. 53, pp. 369-385.",
ds_10,x9608,9608,9/12/1996,WI,8.76,45,xLS442,2MePrBz_mgL,,0.0262,xLGC01,"Bekins, B.A., I.M. Cozzarelli, E.M. Godsy, E. Warren, H.I. Essaid, and M.E. Tuccillo, 2001, Progression of natural attenuation processes at a crude oil spill site II. Controls on spatial distribution of microbial populations, J. Contam. Hydrol., 53:387-406.; Cozzarelli, I.M., Bekins, B.A., Baedecker, M.J., Aiken, G.R., Eaganhouse, R.P., and Tuccillo, m.E., 2001, Progression of natural attenuation processes at a crude-oil spill site--I. Geochemical evolution of the plume: Journal of Contaminant Hydrology, v. 53, pp. 369-385.",
ds_10,x9609,9609,9/12/1996,WI,8.76,60,xLO010,124TMeBz_mgL,,0.32,xLGC01,"Bekins, B.A., I.M. Cozzarelli, E.M. Godsy, E. Warren, H.I. Essaid, and M.E. Tuccillo, 2001, Progression of natural attenuation processes at a crude oil spill site II. Controls on spatial distribution of microbial populations, J. Contam. Hydrol., 53:387-406.; Cozzarelli, I.M., Bekins, B.A., Baedecker, M.J., Aiken, G.R., Eaganhouse, R.P., and Tuccillo, m.E., 2001, Progression of natural attenuation processes at a crude-oil spill site--I. Geochemical evolution of the plume: Journal of Contaminant Hydrology, v. 53, pp. 369-385.",
ds_10,x9608,9608,9/12/1996,WI,8.76,60,xLS442,2MePrBz_mgL,,6.00E-04,xLGC01,"Bekins, B.A., I.M. Cozzarelli, E.M. Godsy, E. Warren, H.I. Essaid, and M.E. Tuccillo, 2001, Progression of natural attenuation processes at a crude oil spill site II. Controls on spatial distribution of microbial populations, J. Contam. Hydrol., 53:387-406.; Cozzarelli, I.M., Bekins, B.A., Baedecker, M.J., Aiken, G.R., Eaganhouse, R.P., and Tuccillo, m.E., 2001, Progression of natural attenuation processes at a crude-oil spill site--I. Geochemical evolution of the plume: Journal of Contaminant Hydrology, v. 53, pp. 369-385.",
ds_10,x9608,9608,9/12/1996,WI,8.76,75,xLS442,2MePrBz_mgL,,5.00E-04,xLGC01,"Bekins, B.A., I.M. Cozzarelli, E.M. Godsy, E. Warren, H.I. Essaid, and M.E. Tuccillo, 2001, Progression of natural attenuation processes at a crude oil spill site II. Controls on spatial distribution of microbial populations, J. Contam. Hydrol., 53:387-406.; Cozzarelli, I.M., Bekins, B.A., Baedecker, M.J., Aiken, G.R., Eaganhouse, R.P., and Tuccillo, m.E., 2001, Progression of natural attenuation processes at a crude-oil spill site--I. Geochemical evolution of the plume: Journal of Contaminant Hydrology, v. 53, pp. 369-385.",
ds_10,x9609,9609,9/12/1996,WI,8.76,60,xLO006,123TMeBz_mgL,,0.169,xLGC01,"Bekins, B.A., I.M. Cozzarelli, E.M. Godsy, E. Warren, H.I. Essaid, and M.E. Tuccillo, 2001, Progression of natural attenuation processes at a crude oil spill site II. Controls on spatial distribution of microbial populations, J. Contam. Hydrol., 53:387-406.; Cozzarelli, I.M., Bekins, B.A., Baedecker, M.J., Aiken, G.R., Eaganhouse, R.P., and Tuccillo, m.E., 2001, Progression of natural attenuation processes at a crude-oil spill site--I. Geochemical evolution of the plume: Journal of Contaminant Hydrology, v. 53, pp. 369-385.",
ds_10,x9609,9609,9/12/1996,WI,8.76,60,xLO027,1Me3IsoPrBz_mgL,,0.0138,xLGC01,"Bekins, B.A., I.M. Cozzarelli, E.M. Godsy, E. Warren, H.I. Essaid, and M.E. Tuccillo, 2001, Progression of natural attenuation processes at a crude oil spill site II. Controls on spatial distribution of microbial populations, J. Contam. Hydrol., 53:387-406.; Cozzarelli, I.M., Bekins, B.A., Baedecker, M.J., Aiken, G.R., Eaganhouse, R.P., and Tuccillo, m.E., 2001, Progression of natural attenuation processes at a crude-oil spill site--I. Geochemical evolution of the plume: Journal of Contaminant Hydrology, v. 53, pp. 369-385.",
ds_10,x9609,9609,9/12/1996,WI,8.76,60,xLO030,1Me4IsoPrBz_mgL,,0.0088,xLGC01,"Bekins, B.A., I.M. Cozzarelli, E.M. Godsy, E. Warren, H.I. Essaid, and M.E. Tuccillo, 2001, Progression of natural attenuation processes at a crude oil spill site II. Controls on spatial distribution of microbial populations, J. Contam. Hydrol., 53:387-406.; Cozzarelli, I.M., Bekins, B.A., Baedecker, M.J., Aiken, G.R., Eaganhouse, R.P., and Tuccillo, m.E., 2001, Progression of natural attenuation processes at a crude-oil spill site--I. Geochemical evolution of the plume: Journal of Contaminant Hydrology, v. 53, pp. 369-385.",
ds_10,x9609,9609,9/12/1996,WI,8.76,60,xLO024,1Me2IsoPrBz_mgL,,0.0034,xLGC01,"Bekins, B.A., I.M. Cozzarelli, E.M. Godsy, E. Warren, H.I. Essaid, and M.E. Tuccillo, 2001, Progression of natural attenuation processes at a crude oil spill site II. Controls on spatial distribution of microbial populations, J. Contam. Hydrol., 53:387-406.; Cozzarelli, I.M., Bekins, B.A., Baedecker, M.J., Aiken, G.R., Eaganhouse, R.P., and Tuccillo, m.E., 2001, Progression of natural attenuation processes at a crude-oil spill site--I. Geochemical evolution of the plume: Journal of Contaminant Hydrology, v. 53, pp. 369-385.",
ds_10,x9609,9609,9/12/1996,WI,8.76,60,xLO016,13DEtBz_mgL,,0.0072,xLGC01,"Bekins, B.A., I.M. Cozzarelli, E.M. Godsy, E. Warren, H.I. Essaid, and M.E. Tuccillo, 2001, Progression of natural attenuation processes at a crude oil spill site II. Controls on spatial distribution of microbial populations, J. Contam. Hydrol., 53:387-406.; Cozzarelli, I.M., Bekins, B.A., Baedecker, M.J., Aiken, G.R., Eaganhouse, R.P., and Tuccillo, m.E., 2001, Progression of natural attenuation processes at a crude-oil spill site--I. Geochemical evolution of the plume: Journal of Contaminant Hydrology, v. 53, pp. 369-385.",
ds_10,x9609,9609,9/12/1996,WI,8.76,60,xLO028,1Me3PrBz_mgL,,0.0066,xLGC01,"Bekins, B.A., I.M. Cozzarelli, E.M. Godsy, E. Warren, H.I. Essaid, and M.E. Tuccillo, 2001, Progression of natural attenuation processes at a crude oil spill site II. Controls on spatial distribution of microbial populations, J. Contam. Hydrol., 53:387-406.; Cozzarelli, I.M., Bekins, B.A., Baedecker, M.J., Aiken, G.R., Eaganhouse, R.P., and Tuccillo, m.E., 2001, Progression of natural attenuation processes at a crude-oil spill site--I. Geochemical evolution of the plume: Journal of Contaminant Hydrology, v. 53, pp. 369-385.",
ds_10,x9609,9609,9/12/1996,WI,8.76,60,xLO031,1Me4PrBz_mgL,,0.003,xLGC01,"Bekins, B.A., I.M. Cozzarelli, E.M. Godsy, E. Warren, H.I. Essaid, and M.E. Tuccillo, 2001, Progression of natural attenuation processes at a crude oil spill site II. Controls on spatial distribution of microbial populations, J. Contam. Hydrol., 53:387-406.; Cozzarelli, I.M., Bekins, B.A., Baedecker, M.J., Aiken, G.R., Eaganhouse, R.P., and Tuccillo, m.E., 2001, Progression of natural attenuation processes at a crude-oil spill site--I. Geochemical evolution of the plume: Journal of Contaminant Hydrology, v. 53, pp. 369-385.",
ds_10,x9609,9609,9/12/1996,WI,8.76,60,xLO020,14DEtBz_mgL,,0.03,xLGC01,"Bekins, B.A., I.M. Cozzarelli, E.M. Godsy, E. Warren, H.I. Essaid, and M.E. Tuccillo, 2001, Progression of natural attenuation processes at a crude oil spill site II. Controls on spatial distribution of microbial populations, J. Contam. Hydrol., 53:387-406.; Cozzarelli, I.M., Bekins, B.A., Baedecker, M.J., Aiken, G.R., Eaganhouse, R.P., and Tuccillo, m.E., 2001, Progression of natural attenuation processes at a crude-oil spill site--I. Geochemical evolution of the plume: Journal of Contaminant Hydrology, v. 53, pp. 369-385.",
ds_10,x9609,9609,9/12/1996,WI,8.76,60,xLO056,nButylBz_mgL,,0.013,xLGC01,"Bekins, B.A., I.M. Cozzarelli, E.M. Godsy, E. Warren, H.I. Essaid, and M.E. Tuccillo, 2001, Progression of natural attenuation processes at a crude oil spill site II. Controls on spatial distribution of microbial populations, J. Contam. Hydrol., 53:387-406.; Cozzarelli, I.M., Bekins, B.A., Baedecker, M.J., Aiken, G.R., Eaganhouse, R.P., and Tuccillo, m.E., 2001, Progression of natural attenuation processes at a crude-oil spill site--I. Geochemical evolution of the plume: Journal of Contaminant Hydrology, v. 53, pp. 369-385.",
ds_10,x9609,9609,9/12/1996,WI,8.76,60,xLO019,13DMe5EtBz_mgL,,0.0114,xLGC01,"Bekins, B.A., I.M. Cozzarelli, E.M. Godsy, E. Warren, H.I. Essaid, and M.E. Tuccillo, 2001, Progression of natural attenuation processes at a crude oil spill site II. Controls on spatial distribution of microbial populations, J. Contam. Hydrol., 53:387-406.; Cozzarelli, I.M., Bekins, B.A., Baedecker, M.J., Aiken, G.R., Eaganhouse, R.P., and Tuccillo, m.E., 2001, Progression of natural attenuation processes at a crude-oil spill site--I. Geochemical evolution of the plume: Journal of Contaminant Hydrology, v. 53, pp. 369-385.",
ds_10,x9609,9609,9/12/1996,WI,8.76,60,xLO011,12DEtBz_mgL,,0.0082,xLGC01,"Bekins, B.A., I.M. Cozzarelli, E.M. Godsy, E. Warren, H.I. Essaid, and M.E. Tuccillo, 2001, Progression of natural attenuation processes at a crude oil spill site II. Controls on spatial distribution of microbial populations, J. Contam. Hydrol., 53:387-406.; Cozzarelli, I.M., Bekins, B.A., Baedecker, M.J., Aiken, G.R., Eaganhouse, R.P., and Tuccillo, m.E., 2001, Progression of natural attenuation processes at a crude-oil spill site--I. Geochemical evolution of the plume: Journal of Contaminant Hydrology, v. 53, pp. 369-385.",
ds_10,x9609,9609,9/12/1996,WI,8.76,60,xLO023,1Me2EtBz_mgL,,0.0082,xLGC01,"Bekins, B.A., I.M. Cozzarelli, E.M. Godsy, E. Warren, H.I. Essaid, and M.E. Tuccillo, 2001, Progression of natural attenuation processes at a crude oil spill site II. Controls on spatial distribution of microbial populations, J. Contam. Hydrol., 53:387-406.; Cozzarelli, I.M., Bekins, B.A., Baedecker, M.J., Aiken, G.R., Eaganhouse, R.P., and Tuccillo, m.E., 2001, Progression of natural attenuation processes at a crude-oil spill site--I. Geochemical evolution of the plume: Journal of Contaminant Hydrology, v. 53, pp. 369-385.",
ds_10,x9609,9609,9/12/1996,WI,8.76,60,xLO021,14DMe2EtBz_mgL,,0.0088,xLGC01,"Bekins, B.A., I.M. Cozzarelli, E.M. Godsy, E. Warren, H.I. Essaid, and M.E. Tuccillo, 2001, Progression of natural attenuation processes at a crude oil spill site II. Controls on spatial distribution of microbial populations, J. Contam. Hydrol., 53:387-406.; Cozzarelli, I.M., Bekins, B.A., Baedecker, M.J., Aiken, G.R., Eaganhouse, R.P., and Tuccillo, m.E., 2001, Progression of natural attenuation processes at a crude-oil spill site--I. Geochemical evolution of the plume: Journal of Contaminant Hydrology, v. 53, pp. 369-385.",
ds_10,x9609,9609,9/12/1996,WI,8.76,60,xLO018,13DMe4EtBz_mgL,,0.0094,xLGC01,"Bekins, B.A., I.M. Cozzarelli, E.M. Godsy, E. Warren, H.I. Essaid, and M.E. Tuccillo, 2001, Progression of natural attenuation processes at a crude oil spill site II. Controls on spatial distribution of microbial populations, J. Contam. Hydrol., 53:387-406.; Cozzarelli, I.M., Bekins, B.A., Baedecker, M.J., Aiken, G.R., Eaganhouse, R.P., and Tuccillo, m.E., 2001, Progression of natural attenuation processes at a crude-oil spill site--I. Geochemical evolution of the plume: Journal of Contaminant Hydrology, v. 53, pp. 369-385.",
ds_10,x9609,9609,9/12/1996,WI,8.76,60,xLO013,12DMe4EtBz_mgL,,0.008,xLGC01,"Bekins, B.A., I.M. Cozzarelli, E.M. Godsy, E. Warren, H.I. Essaid, and M.E. Tuccillo, 2001, Progression of natural attenuation processes at a crude oil spill site II. Controls on spatial distribution of microbial populations, J. Contam. Hydrol., 53:387-406.; Cozzarelli, I.M., Bekins, B.A., Baedecker, M.J., Aiken, G.R., Eaganhouse, R.P., and Tuccillo, m.E., 2001, Progression of natural attenuation processes at a crude-oil spill site--I. Geochemical evolution of the plume: Journal of Contaminant Hydrology, v. 53, pp. 369-385.",
ds_10,x9609,9609,9/12/1996,WI,8.76,60,xLO017,13DMe2EtBz_mgL,,0.0062,xLGC01,"Bekins, B.A., I.M. Cozzarelli, E.M. Godsy, E. Warren, H.I. Essaid, and M.E. Tuccillo, 2001, Progression of natural attenuation processes at a crude oil spill site II. Controls on spatial distribution of microbial populations, J. Contam. Hydrol., 53:387-406.; Cozzarelli, I.M., Bekins, B.A., Baedecker, M.J., Aiken, G.R., Eaganhouse, R.P., and Tuccillo, m.E., 2001, Progression of natural attenuation processes at a crude-oil spill site--I. Geochemical evolution of the plume: Journal of Contaminant Hydrology, v. 53, pp. 369-385.",
ds_10,x9609,9609,9/12/1996,WI,8.76,60,xLO012,12DMe3EtBz_mgL,,0.0088,xLGC01,"Bekins, B.A., I.M. Cozzarelli, E.M. Godsy, E. Warren, H.I. Essaid, and M.E. Tuccillo, 2001, Progression of natural attenuation processes at a crude oil spill site II. Controls on spatial distribution of microbial populations, J. Contam. Hydrol., 53:387-406.; Cozzarelli, I.M., Bekins, B.A., Baedecker, M.J., Aiken, G.R., Eaganhouse, R.P., and Tuccillo, m.E., 2001, Progression of natural attenuation processes at a crude-oil spill site--I. Geochemical evolution of the plume: Journal of Contaminant Hydrology, v. 53, pp. 369-385.",
ds_10,x9609,9609,9/12/1996,WI,8.76,60,xLO008,1245TMeBz_mgL,,0.0042,xLGC01,"Bekins, B.A., I.M. Cozzarelli, E.M. Godsy, E. Warren, H.I. Essaid, and M.E. Tuccillo, 2001, Progression of natural attenuation processes at a crude oil spill site II. Controls on spatial distribution of microbial populations, J. Contam. Hydrol., 53:387-406.; Cozzarelli, I.M., Bekins, B.A., Baedecker, M.J., Aiken, G.R., Eaganhouse, R.P., and Tuccillo, m.E., 2001, Progression of natural attenuation processes at a crude-oil spill site--I. Geochemical evolution of the plume: Journal of Contaminant Hydrology, v. 53, pp. 369-385.",
ds_10,x9609,9609,9/12/1996,WI,8.76,60,xLO004,1235TMeBz_mgL,,0.0214,xLGC01,"Bekins, B.A., I.M. Cozzarelli, E.M. Godsy, E. Warren, H.I. Essaid, and M.E. Tuccillo, 2001, Progression of natural attenuation processes at a crude oil spill site II. Controls on spatial distribution of microbial populations, J. Contam. Hydrol., 53:387-406.; Cozzarelli, I.M., Bekins, B.A., Baedecker, M.J., Aiken, G.R., Eaganhouse, R.P., and Tuccillo, m.E., 2001, Progression of natural attenuation processes at a crude-oil spill site--I. Geochemical evolution of the plume: Journal of Contaminant Hydrology, v. 53, pp. 369-385.",
ds_10,x9609,9609,9/12/1996,WI,8.76,60,xLO002,1234TMeBz_mgL,,0.0784,xLGC01,"Bekins, B.A., I.M. Cozzarelli, E.M. Godsy, E. Warren, H.I. Essaid, and M.E. Tuccillo, 2001, Progression of natural attenuation processes at a crude oil spill site II. Controls on spatial distribution of microbial populations, J. Contam. Hydrol., 53:387-406.; Cozzarelli, I.M., Bekins, B.A., Baedecker, M.J., Aiken, G.R., Eaganhouse, R.P., and Tuccillo, m.E., 2001, Progression of natural attenuation processes at a crude-oil spill site--I. Geochemical evolution of the plume: Journal of Contaminant Hydrology, v. 53, pp. 369-385.",
ds_10,x9609,9609,9/12/1996,WI,8.76,60,xLO035,BTEX_mgL,,9.4212,xLCA03,"Bekins, B.A., I.M. Cozzarelli, E.M. Godsy, E. Warren, H.I. Essaid, and M.E. Tuccillo, 2001, Progression of natural attenuation processes at a crude oil spill site II. Controls on spatial distribution of microbial populations, J. Contam. Hydrol., 53:387-406.; Cozzarelli, I.M., Bekins, B.A., Baedecker, M.J., Aiken, G.R., Eaganhouse, R.P., and Tuccillo, m.E., 2001, Progression of natural attenuation processes at a crude-oil spill site--I. Geochemical evolution of the plume: Journal of Contaminant Hydrology, v. 53, pp. 369-385.",
ds_10,x9608,9608,9/12/1996,WI,8.76,90,xLS442,2MePrBz_mgL,,0.004,xLGC01,"Bekins, B.A., I.M. Cozzarelli, E.M. Godsy, E. Warren, H.I. Essaid, and M.E. Tuccillo, 2001, Progression of natural attenuation processes at a crude oil spill site II. Controls on spatial distribution of microbial populations, J. Contam. Hydrol., 53:387-406.; Cozzarelli, I.M., Bekins, B.A., Baedecker, M.J., Aiken, G.R., Eaganhouse, R.P., and Tuccillo, m.E., 2001, Progression of natural attenuation processes at a crude-oil spill site--I. Geochemical evolution of the plume: Journal of Contaminant Hydrology, v. 53, pp. 369-385.",
ds_10,x9609,9609,9/12/1996,WI,8.76,70,xLO065,NVDOC_mgL,,66.3,xLCID2,"Bekins, B.A., I.M. Cozzarelli, E.M. Godsy, E. Warren, H.I. Essaid, and M.E. Tuccillo, 2001, Progression of natural attenuation processes at a crude oil spill site II. Controls on spatial distribution of microbial populations, J. Contam. Hydrol., 53:387-406.; Cozzarelli, I.M., Bekins, B.A., Baedecker, M.J., Aiken, G.R., Eaganhouse, R.P., and Tuccillo, m.E., 2001, Progression of natural attenuation processes at a crude-oil spill site--I. Geochemical evolution of the plume: Journal of Contaminant Hydrology, v. 53, pp. 369-385.",
ds_10,x9609,9609,9/12/1996,WI,8.76,75,x46123,Fe_2_mgL,,30.65,xLC006,"Bekins, B.A., I.M. Cozzarelli, E.M. Godsy, E. Warren, H.I. Essaid, and M.E. Tuccillo, 2001, Progression of natural attenuation processes at a crude oil spill site II. Controls on spatial distribution of microbial populations, J. Contam. Hydrol., 53:387-406.; Cozzarelli, I.M., Bekins, B.A., Baedecker, M.J., Aiken, G.R., Eaganhouse, R.P., and Tuccillo, m.E., 2001, Progression of natural attenuation processes at a crude-oil spill site--I. Geochemical evolution of the plume: Journal of Contaminant Hydrology, v. 53, pp. 369-385.",
ds_10,x9609,9609,9/12/1996,WI,8.76,75,x68831,CH4_mgL,,12.266,xLC005,"Bekins, B.A., I.M. Cozzarelli, E.M. Godsy, E. Warren, H.I. Essaid, and M.E. Tuccillo, 2001, Progression of natural attenuation processes at a crude oil spill site II. Controls on spatial distribution of microbial populations, J. Contam. Hydrol., 53:387-406.; Cozzarelli, I.M., Bekins, B.A., Baedecker, M.J., Aiken, G.R., Eaganhouse, R.P., and Tuccillo, m.E., 2001, Progression of natural attenuation processes at a crude-oil spill site--I. Geochemical evolution of the plume: Journal of Contaminant Hydrology, v. 53, pp. 369-385.",
ds_10,x9609,9609,9/12/1996,WI,8.76,75,xLO037,Bz_mgL,,7.987,xLGC01,"Bekins, B.A., I.M. Cozzarelli, E.M. Godsy, E. Warren, H.I. Essaid, and M.E. Tuccillo, 2001, Progression of natural attenuation processes at a crude oil spill site II. Controls on spatial distribution of microbial populations, J. Contam. Hydrol., 53:387-406.; Cozzarelli, I.M., Bekins, B.A., Baedecker, M.J., Aiken, G.R., Eaganhouse, R.P., and Tuccillo, m.E., 2001, Progression of natural attenuation processes at a crude-oil spill site--I. Geochemical evolution of the plume: Journal of Contaminant Hydrology, v. 53, pp. 369-385.",
ds_10,x9609,9609,9/12/1996,WI,8.76,75,xLO073,Tol_mgL,,0.0584,xLGC01,"Bekins, B.A., I.M. Cozzarelli, E.M. Godsy, E. Warren, H.I. Essaid, and M.E. Tuccillo, 2001, Progression of natural attenuation processes at a crude oil spill site II. Controls on spatial distribution of microbial populations, J. Contam. Hydrol., 53:387-406.; Cozzarelli, I.M., Bekins, B.A., Baedecker, M.J., Aiken, G.R., Eaganhouse, R.P., and Tuccillo, m.E., 2001, Progression of natural attenuation processes at a crude-oil spill site--I. Geochemical evolution of the plume: Journal of Contaminant Hydrology, v. 53, pp. 369-385.",
ds_10,x9609,9609,9/12/1996,WI,8.76,75,xLO042,EtBz_mgL,,0.5134,xLGC01,"Bekins, B.A., I.M. Cozzarelli, E.M. Godsy, E. Warren, H.I. Essaid, and M.E. Tuccillo, 2001, Progression of natural attenuation processes at a crude oil spill site II. Controls on spatial distribution of microbial populations, J. Contam. Hydrol., 53:387-406.; Cozzarelli, I.M., Bekins, B.A., Baedecker, M.J., Aiken, G.R., Eaganhouse, R.P., and Tuccillo, m.E., 2001, Progression of natural attenuation processes at a crude-oil spill site--I. Geochemical evolution of the plume: Journal of Contaminant Hydrology, v. 53, pp. 369-385.",
ds_10,x9609,9609,9/12/1996,WI,8.76,75,xLO052,mpxyl_mgL,,0.92,xLGC01,"Bekins, B.A., I.M. Cozzarelli, E.M. Godsy, E. Warren, H.I. Essaid, and M.E. Tuccillo, 2001, Progression of natural attenuation processes at a crude oil spill site II. Controls on spatial distribution of microbial populations, J. Contam. Hydrol., 53:387-406.; Cozzarelli, I.M., Bekins, B.A., Baedecker, M.J., Aiken, G.R., Eaganhouse, R.P., and Tuccillo, m.E., 2001, Progression of natural attenuation processes at a crude-oil spill site--I. Geochemical evolution of the plume: Journal of Contaminant Hydrology, v. 53, pp. 369-385.",
ds_10,x9609,9609,9/12/1996,WI,8.76,75,xLO067,oxyl_mgL,,0.0566,xLGC01,"Bekins, B.A., I.M. Cozzarelli, E.M. Godsy, E. Warren, H.I. Essaid, and M.E. Tuccillo, 2001, Progression of natural attenuation processes at a crude oil spill site II. Controls on spatial distribution of microbial populations, J. Contam. Hydrol., 53:387-406.; Cozzarelli, I.M., Bekins, B.A., Baedecker, M.J., Aiken, G.R., Eaganhouse, R.P., and Tuccillo, m.E., 2001, Progression of natural attenuation processes at a crude-oil spill site--I. Geochemical evolution of the plume: Journal of Contaminant Hydrology, v. 53, pp. 369-385.",
ds_10,x9609,9609,9/12/1996,WI,8.76,75,xLO050,IsoPrBz_mgL,,0.0324,xLGC01,"Bekins, B.A., I.M. Cozzarelli, E.M. Godsy, E. Warren, H.I. Essaid, and M.E. Tuccillo, 2001, Progression of natural attenuation processes at a crude oil spill site II. Controls on spatial distribution of microbial populations, J. Contam. Hydrol., 53:387-406.; Cozzarelli, I.M., Bekins, B.A., Baedecker, M.J., Aiken, G.R., Eaganhouse, R.P., and Tuccillo, m.E., 2001, Progression of natural attenuation processes at a crude-oil spill site--I. Geochemical evolution of the plume: Journal of Contaminant Hydrology, v. 53, pp. 369-385.",
ds_10,x9609,9609,9/12/1996,WI,8.76,75,xLO064,nPrBz_mgL,,0.032,xLGC01,"Bekins, B.A., I.M. Cozzarelli, E.M. Godsy, E. Warren, H.I. Essaid, and M.E. Tuccillo, 2001, Progression of natural attenuation processes at a crude oil spill site II. Controls on spatial distribution of microbial populations, J. Contam. Hydrol., 53:387-406.; Cozzarelli, I.M., Bekins, B.A., Baedecker, M.J., Aiken, G.R., Eaganhouse, R.P., and Tuccillo, m.E., 2001, Progression of natural attenuation processes at a crude-oil spill site--I. Geochemical evolution of the plume: Journal of Contaminant Hydrology, v. 53, pp. 369-385.",
ds_10,x9608,9608,9/12/1996,WI,8.76,105,xLS442,2MePrBz_mgL,,0.0014,xLGC01,"Bekins, B.A., I.M. Cozzarelli, E.M. Godsy, E. Warren, H.I. Essaid, and M.E. Tuccillo, 2001, Progression of natural attenuation processes at a crude oil spill site II. Controls on spatial distribution of microbial populations, J. Contam. Hydrol., 53:387-406.; Cozzarelli, I.M., Bekins, B.A., Baedecker, M.J., Aiken, G.R., Eaganhouse, R.P., and Tuccillo, m.E., 2001, Progression of natural attenuation processes at a crude-oil spill site--I. Geochemical evolution of the plume: Journal of Contaminant Hydrology, v. 53, pp. 369-385.",
ds_10,x9608,9608,9/12/1996,WI,8.76,120,xLS442,2MePrBz_mgL,,0.001,xLGC01,"Bekins, B.A., I.M. Cozzarelli, E.M. Godsy, E. Warren, H.I. Essaid, and M.E. Tuccillo, 2001, Progression of natural attenuation processes at a crude oil spill site II. Controls on spatial distribution of microbial populations, J. Contam. Hydrol., 53:387-406.; Cozzarelli, I.M., Bekins, B.A., Baedecker, M.J., Aiken, G.R., Eaganhouse, R.P., and Tuccillo, m.E., 2001, Progression of natural attenuation processes at a crude-oil spill site--I. Geochemical evolution of the plume: Journal of Contaminant Hydrology, v. 53, pp. 369-385.",
ds_10,x9609,9609,9/12/1996,WI,8.76,75,xLO015,135TMeBz_mgL,,0.0776,xLGC01,"Bekins, B.A., I.M. Cozzarelli, E.M. Godsy, E. Warren, H.I. Essaid, and M.E. Tuccillo, 2001, Progression of natural attenuation processes at a crude oil spill site II. Controls on spatial distribution of microbial populations, J. Contam. Hydrol., 53:387-406.; Cozzarelli, I.M., Bekins, B.A., Baedecker, M.J., Aiken, G.R., Eaganhouse, R.P., and Tuccillo, m.E., 2001, Progression of natural attenuation processes at a crude-oil spill site--I. Geochemical evolution of the plume: Journal of Contaminant Hydrology, v. 53, pp. 369-385.",
ds_10,x9608,9608,9/12/1996,WI,8.76,135,xLS442,2MePrBz_mgL,,0.0062,xLGC01,"Bekins, B.A., I.M. Cozzarelli, E.M. Godsy, E. Warren, H.I. Essaid, and M.E. Tuccillo, 2001, Progression of natural attenuation processes at a crude oil spill site II. Controls on spatial distribution of microbial populations, J. Contam. Hydrol., 53:387-406.; Cozzarelli, I.M., Bekins, B.A., Baedecker, M.J., Aiken, G.R., Eaganhouse, R.P., and Tuccillo, m.E., 2001, Progression of natural attenuation processes at a crude-oil spill site--I. Geochemical evolution of the plume: Journal of Contaminant Hydrology, v. 53, pp. 369-385.",
ds_10,x9608,9608,9/12/1996,WI,8.76,165,xLS442,2MePrBz_mgL,,0.0095,xLGC01,"Bekins, B.A., I.M. Cozzarelli, E.M. Godsy, E. Warren, H.I. Essaid, and M.E. Tuccillo, 2001, Progression of natural attenuation processes at a crude oil spill site II. Controls on spatial distribution of microbial populations, J. Contam. Hydrol., 53:387-406.; Cozzarelli, I.M., Bekins, B.A., Baedecker, M.J., Aiken, G.R., Eaganhouse, R.P., and Tuccillo, m.E., 2001, Progression of natural attenuation processes at a crude-oil spill site--I. Geochemical evolution of the plume: Journal of Contaminant Hydrology, v. 53, pp. 369-385.",
ds_10,x9609,9609,9/12/1996,WI,8.76,75,xLO010,124TMeBz_mgL,,0.343,xLGC01,"Bekins, B.A., I.M. Cozzarelli, E.M. Godsy, E. Warren, H.I. Essaid, and M.E. Tuccillo, 2001, Progression of natural attenuation processes at a crude oil spill site II. Controls on spatial distribution of microbial populations, J. Contam. Hydrol., 53:387-406.; Cozzarelli, I.M., Bekins, B.A., Baedecker, M.J., Aiken, G.R., Eaganhouse, R.P., and Tuccillo, m.E., 2001, Progression of natural attenuation processes at a crude-oil spill site--I. Geochemical evolution of the plume: Journal of Contaminant Hydrology, v. 53, pp. 369-385.",
ds_10,x9609,9609,9/12/1996,WI,8.76,15,xLS442,2MePrBz_mgL,,0.003,xLGC01,"Bekins, B.A., I.M. Cozzarelli, E.M. Godsy, E. Warren, H.I. Essaid, and M.E. Tuccillo, 2001, Progression of natural attenuation processes at a crude oil spill site II. Controls on spatial distribution of microbial populations, J. Contam. Hydrol., 53:387-406.; Cozzarelli, I.M., Bekins, B.A., Baedecker, M.J., Aiken, G.R., Eaganhouse, R.P., and Tuccillo, m.E., 2001, Progression of natural attenuation processes at a crude-oil spill site--I. Geochemical evolution of the plume: Journal of Contaminant Hydrology, v. 53, pp. 369-385.",
ds_10,x9609,9609,9/12/1996,WI,8.76,30,xLS442,2MePrBz_mgL,,0.0026,xLGC01,"Bekins, B.A., I.M. Cozzarelli, E.M. Godsy, E. Warren, H.I. Essaid, and M.E. Tuccillo, 2001, Progression of natural attenuation processes at a crude oil spill site II. Controls on spatial distribution of microbial populations, J. Contam. Hydrol., 53:387-406.; Cozzarelli, I.M., Bekins, B.A., Baedecker, M.J., Aiken, G.R., Eaganhouse, R.P., and Tuccillo, m.E., 2001, Progression of natural attenuation processes at a crude-oil spill site--I. Geochemical evolution of the plume: Journal of Contaminant Hydrology, v. 53, pp. 369-385.",
ds_10,x9609,9609,9/12/1996,WI,8.76,75,xLO006,123TMeBz_mgL,,0.1532,xLGC01,"Bekins, B.A., I.M. Cozzarelli, E.M. Godsy, E. Warren, H.I. Essaid, and M.E. Tuccillo, 2001, Progression of natural attenuation processes at a crude oil spill site II. Controls on spatial distribution of microbial populations, J. Contam. Hydrol., 53:387-406.; Cozzarelli, I.M., Bekins, B.A., Baedecker, M.J., Aiken, G.R., Eaganhouse, R.P., and Tuccillo, m.E., 2001, Progression of natural attenuation processes at a crude-oil spill site--I. Geochemical evolution of the plume: Journal of Contaminant Hydrology, v. 53, pp. 369-385.",
ds_10,x9609,9609,9/12/1996,WI,8.76,75,xLO027,1Me3IsoPrBz_mgL,,0.0128,xLGC01,"Bekins, B.A., I.M. Cozzarelli, E.M. Godsy, E. Warren, H.I. Essaid, and M.E. Tuccillo, 2001, Progression of natural attenuation processes at a crude oil spill site II. Controls on spatial distribution of microbial populations, J. Contam. Hydrol., 53:387-406.; Cozzarelli, I.M., Bekins, B.A., Baedecker, M.J., Aiken, G.R., Eaganhouse, R.P., and Tuccillo, m.E., 2001, Progression of natural attenuation processes at a crude-oil spill site--I. Geochemical evolution of the plume: Journal of Contaminant Hydrology, v. 53, pp. 369-385.",
ds_10,x9609,9609,9/12/1996,WI,8.76,75,xLO030,1Me4IsoPrBz_mgL,,0.0082,xLGC01,"Bekins, B.A., I.M. Cozzarelli, E.M. Godsy, E. Warren, H.I. Essaid, and M.E. Tuccillo, 2001, Progression of natural attenuation processes at a crude oil spill site II. Controls on spatial distribution of microbial populations, J. Contam. Hydrol., 53:387-406.; Cozzarelli, I.M., Bekins, B.A., Baedecker, M.J., Aiken, G.R., Eaganhouse, R.P., and Tuccillo, m.E., 2001, Progression of natural attenuation processes at a crude-oil spill site--I. Geochemical evolution of the plume: Journal of Contaminant Hydrology, v. 53, pp. 369-385.",
ds_10,x9609,9609,9/12/1996,WI,8.76,75,xLO024,1Me2IsoPrBz_mgL,,0.0036,xLGC01,"Bekins, B.A., I.M. Cozzarelli, E.M. Godsy, E. Warren, H.I. Essaid, and M.E. Tuccillo, 2001, Progression of natural attenuation processes at a crude oil spill site II. Controls on spatial distribution of microbial populations, J. Contam. Hydrol., 53:387-406.; Cozzarelli, I.M., Bekins, B.A., Baedecker, M.J., Aiken, G.R., Eaganhouse, R.P., and Tuccillo, m.E., 2001, Progression of natural attenuation processes at a crude-oil spill site--I. Geochemical evolution of the plume: Journal of Contaminant Hydrology, v. 53, pp. 369-385.",
ds_10,x9609,9609,9/12/1996,WI,8.76,75,xLO016,13DEtBz_mgL,,0.009,xLGC01,"Bekins, B.A., I.M. Cozzarelli, E.M. Godsy, E. Warren, H.I. Essaid, and M.E. Tuccillo, 2001, Progression of natural attenuation processes at a crude oil spill site II. Controls on spatial distribution of microbial populations, J. Contam. Hydrol., 53:387-406.; Cozzarelli, I.M., Bekins, B.A., Baedecker, M.J., Aiken, G.R., Eaganhouse, R.P., and Tuccillo, m.E., 2001, Progression of natural attenuation processes at a crude-oil spill site--I. Geochemical evolution of the plume: Journal of Contaminant Hydrology, v. 53, pp. 369-385.",
ds_10,x9609,9609,9/12/1996,WI,8.76,75,xLO028,1Me3PrBz_mgL,,0.005,xLGC01,"Bekins, B.A., I.M. Cozzarelli, E.M. Godsy, E. Warren, H.I. Essaid, and M.E. Tuccillo, 2001, Progression of natural attenuation processes at a crude oil spill site II. Controls on spatial distribution of microbial populations, J. Contam. Hydrol., 53:387-406.; Cozzarelli, I.M., Bekins, B.A., Baedecker, M.J., Aiken, G.R., Eaganhouse, R.P., and Tuccillo, m.E., 2001, Progression of natural attenuation processes at a crude-oil spill site--I. Geochemical evolution of the plume: Journal of Contaminant Hydrology, v. 53, pp. 369-385.",
ds_10,x9609,9609,9/12/1996,WI,8.76,75,xLO031,1Me4PrBz_mgL,,0.003,xLGC01,"Bekins, B.A., I.M. Cozzarelli, E.M. Godsy, E. Warren, H.I. Essaid, and M.E. Tuccillo, 2001, Progression of natural attenuation processes at a crude oil spill site II. Controls on spatial distribution of microbial populations, J. Contam. Hydrol., 53:387-406.; Cozzarelli, I.M., Bekins, B.A., Baedecker, M.J., Aiken, G.R., Eaganhouse, R.P., and Tuccillo, m.E., 2001, Progression of natural attenuation processes at a crude-oil spill site--I. Geochemical evolution of the plume: Journal of Contaminant Hydrology, v. 53, pp. 369-385.",
ds_10,x9609,9609,9/12/1996,WI,8.76,75,xLO020,14DEtBz_mgL,,0.0282,xLGC01,"Bekins, B.A., I.M. Cozzarelli, E.M. Godsy, E. Warren, H.I. Essaid, and M.E. Tuccillo, 2001, Progression of natural attenuation processes at a crude oil spill site II. Controls on spatial distribution of microbial populations, J. Contam. Hydrol., 53:387-406.; Cozzarelli, I.M., Bekins, B.A., Baedecker, M.J., Aiken, G.R., Eaganhouse, R.P., and Tuccillo, m.E., 2001, Progression of natural attenuation processes at a crude-oil spill site--I. Geochemical evolution of the plume: Journal of Contaminant Hydrology, v. 53, pp. 369-385.",
ds_10,x9609,9609,9/12/1996,WI,8.76,75,xLO056,nButylBz_mgL,,0.0142,xLGC01,"Bekins, B.A., I.M. Cozzarelli, E.M. Godsy, E. Warren, H.I. Essaid, and M.E. Tuccillo, 2001, Progression of natural attenuation processes at a crude oil spill site II. Controls on spatial distribution of microbial populations, J. Contam. Hydrol., 53:387-406.; Cozzarelli, I.M., Bekins, B.A., Baedecker, M.J., Aiken, G.R., Eaganhouse, R.P., and Tuccillo, m.E., 2001, Progression of natural attenuation processes at a crude-oil spill site--I. Geochemical evolution of the plume: Journal of Contaminant Hydrology, v. 53, pp. 369-385.",
ds_10,x9609,9609,9/12/1996,WI,8.76,75,xLO019,13DMe5EtBz_mgL,,0.0106,xLGC01,"Bekins, B.A., I.M. Cozzarelli, E.M. Godsy, E. Warren, H.I. Essaid, and M.E. Tuccillo, 2001, Progression of natural attenuation processes at a crude oil spill site II. Controls on spatial distribution of microbial populations, J. Contam. Hydrol., 53:387-406.; Cozzarelli, I.M., Bekins, B.A., Baedecker, M.J., Aiken, G.R., Eaganhouse, R.P., and Tuccillo, m.E., 2001, Progression of natural attenuation processes at a crude-oil spill site--I. Geochemical evolution of the plume: Journal of Contaminant Hydrology, v. 53, pp. 369-385.",
ds_10,x9609,9609,9/12/1996,WI,8.76,75,xLO011,12DEtBz_mgL,,0.0074,xLGC01,"Bekins, B.A., I.M. Cozzarelli, E.M. Godsy, E. Warren, H.I. Essaid, and M.E. Tuccillo, 2001, Progression of natural attenuation processes at a crude oil spill site II. Controls on spatial distribution of microbial populations, J. Contam. Hydrol., 53:387-406.; Cozzarelli, I.M., Bekins, B.A., Baedecker, M.J., Aiken, G.R., Eaganhouse, R.P., and Tuccillo, m.E., 2001, Progression of natural attenuation processes at a crude-oil spill site--I. Geochemical evolution of the plume: Journal of Contaminant Hydrology, v. 53, pp. 369-385.",
ds_10,x9609,9609,9/12/1996,WI,8.76,75,xLO023,1Me2EtBz_mgL,,0.008,xLGC01,"Bekins, B.A., I.M. Cozzarelli, E.M. Godsy, E. Warren, H.I. Essaid, and M.E. Tuccillo, 2001, Progression of natural attenuation processes at a crude oil spill site II. Controls on spatial distribution of microbial populations, J. Contam. Hydrol., 53:387-406.; Cozzarelli, I.M., Bekins, B.A., Baedecker, M.J., Aiken, G.R., Eaganhouse, R.P., and Tuccillo, m.E., 2001, Progression of natural attenuation processes at a crude-oil spill site--I. Geochemical evolution of the plume: Journal of Contaminant Hydrology, v. 53, pp. 369-385.",
ds_10,x9609,9609,9/12/1996,WI,8.76,75,xLO021,14DMe2EtBz_mgL,,0.0078,xLGC01,"Bekins, B.A., I.M. Cozzarelli, E.M. Godsy, E. Warren, H.I. Essaid, and M.E. Tuccillo, 2001, Progression of natural attenuation processes at a crude oil spill site II. Controls on spatial distribution of microbial populations, J. Contam. Hydrol., 53:387-406.; Cozzarelli, I.M., Bekins, B.A., Baedecker, M.J., Aiken, G.R., Eaganhouse, R.P., and Tuccillo, m.E., 2001, Progression of natural attenuation processes at a crude-oil spill site--I. Geochemical evolution of the plume: Journal of Contaminant Hydrology, v. 53, pp. 369-385.",
ds_10,x9609,9609,9/12/1996,WI,8.76,75,xLO018,13DMe4EtBz_mgL,,0.0118,xLGC01,"Bekins, B.A., I.M. Cozzarelli, E.M. Godsy, E. Warren, H.I. Essaid, and M.E. Tuccillo, 2001, Progression of natural attenuation processes at a crude oil spill site II. Controls on spatial distribution of microbial populations, J. Contam. Hydrol., 53:387-406.; Cozzarelli, I.M., Bekins, B.A., Baedecker, M.J., Aiken, G.R., Eaganhouse, R.P., and Tuccillo, m.E., 2001, Progression of natural attenuation processes at a crude-oil spill site--I. Geochemical evolution of the plume: Journal of Contaminant Hydrology, v. 53, pp. 369-385.",
ds_10,x9609,9609,9/12/1996,WI,8.76,75,xLO013,12DMe4EtBz_mgL,,0.009,xLGC01,"Bekins, B.A., I.M. Cozzarelli, E.M. Godsy, E. Warren, H.I. Essaid, and M.E. Tuccillo, 2001, Progression of natural attenuation processes at a crude oil spill site II. Controls on spatial distribution of microbial populations, J. Contam. Hydrol., 53:387-406.; Cozzarelli, I.M., Bekins, B.A., Baedecker, M.J., Aiken, G.R., Eaganhouse, R.P., and Tuccillo, m.E., 2001, Progression of natural attenuation processes at a crude-oil spill site--I. Geochemical evolution of the plume: Journal of Contaminant Hydrology, v. 53, pp. 369-385.",
ds_10,x9609,9609,9/12/1996,WI,8.76,75,xLO017,13DMe2EtBz_mgL,,0.0076,xLGC01,"Bekins, B.A., I.M. Cozzarelli, E.M. Godsy, E. Warren, H.I. Essaid, and M.E. Tuccillo, 2001, Progression of natural attenuation processes at a crude oil spill site II. Controls on spatial distribution of microbial populations, J. Contam. Hydrol., 53:387-406.; Cozzarelli, I.M., Bekins, B.A., Baedecker, M.J., Aiken, G.R., Eaganhouse, R.P., and Tuccillo, m.E., 2001, Progression of natural attenuation processes at a crude-oil spill site--I. Geochemical evolution of the plume: Journal of Contaminant Hydrology, v. 53, pp. 369-385.",
ds_10,x9609,9609,9/12/1996,WI,8.76,75,xLO012,12DMe3EtBz_mgL,,0.0094,xLGC01,"Bekins, B.A., I.M. Cozzarelli, E.M. Godsy, E. Warren, H.I. Essaid, and M.E. Tuccillo, 2001, Progression of natural attenuation processes at a crude oil spill site II. Controls on spatial distribution of microbial populations, J. Contam. Hydrol., 53:387-406.; Cozzarelli, I.M., Bekins, B.A., Baedecker, M.J., Aiken, G.R., Eaganhouse, R.P., and Tuccillo, m.E., 2001, Progression of natural attenuation processes at a crude-oil spill site--I. Geochemical evolution of the plume: Journal of Contaminant Hydrology, v. 53, pp. 369-385.",
ds_10,x9609,9609,9/12/1996,WI,8.76,75,xLO008,1245TMeBz_mgL,,0.0054,xLGC01,"Bekins, B.A., I.M. Cozzarelli, E.M. Godsy, E. Warren, H.I. Essaid, and M.E. Tuccillo, 2001, Progression of natural attenuation processes at a crude oil spill site II. Controls on spatial distribution of microbial populations, J. Contam. Hydrol., 53:387-406.; Cozzarelli, I.M., Bekins, B.A., Baedecker, M.J., Aiken, G.R., Eaganhouse, R.P., and Tuccillo, m.E., 2001, Progression of natural attenuation processes at a crude-oil spill site--I. Geochemical evolution of the plume: Journal of Contaminant Hydrology, v. 53, pp. 369-385.",
ds_10,x9609,9609,9/12/1996,WI,8.76,75,xLO004,1235TMeBz_mgL,,0.022,xLGC01,"Bekins, B.A., I.M. Cozzarelli, E.M. Godsy, E. Warren, H.I. Essaid, and M.E. Tuccillo, 2001, Progression of natural attenuation processes at a crude oil spill site II. Controls on spatial distribution of microbial populations, J. Contam. Hydrol., 53:387-406.; Cozzarelli, I.M., Bekins, B.A., Baedecker, M.J., Aiken, G.R., Eaganhouse, R.P., and Tuccillo, m.E., 2001, Progression of natural attenuation processes at a crude-oil spill site--I. Geochemical evolution of the plume: Journal of Contaminant Hydrology, v. 53, pp. 369-385.",
ds_10,x9609,9609,9/12/1996,WI,8.76,75,xLO002,1234TMeBz_mgL,,0.1026,xLGC01,"Bekins, B.A., I.M. Cozzarelli, E.M. Godsy, E. Warren, H.I. Essaid, and M.E. Tuccillo, 2001, Progression of natural attenuation processes at a crude oil spill site II. Controls on spatial distribution of microbial populations, J. Contam. Hydrol., 53:387-406.; Cozzarelli, I.M., Bekins, B.A., Baedecker, M.J., Aiken, G.R., Eaganhouse, R.P., and Tuccillo, m.E., 2001, Progression of natural attenuation processes at a crude-oil spill site--I. Geochemical evolution of the plume: Journal of Contaminant Hydrology, v. 53, pp. 369-385.",
ds_10,x9609,9609,9/12/1996,WI,8.76,75,xLO035,BTEX_mgL,,9.5354,xLCA03,"Bekins, B.A., I.M. Cozzarelli, E.M. Godsy, E. Warren, H.I. Essaid, and M.E. Tuccillo, 2001, Progression of natural attenuation processes at a crude oil spill site II. Controls on spatial distribution of microbial populations, J. Contam. Hydrol., 53:387-406.; Cozzarelli, I.M., Bekins, B.A., Baedecker, M.J., Aiken, G.R., Eaganhouse, R.P., and Tuccillo, m.E., 2001, Progression of natural attenuation processes at a crude-oil spill site--I. Geochemical evolution of the plume: Journal of Contaminant Hydrology, v. 53, pp. 369-385.",
ds_10,x9609,9609,9/12/1996,WI,8.76,45,xLS442,2MePrBz_mgL,,0.0016,xLGC01,"Bekins, B.A., I.M. Cozzarelli, E.M. Godsy, E. Warren, H.I. Essaid, and M.E. Tuccillo, 2001, Progression of natural attenuation processes at a crude oil spill site II. Controls on spatial distribution of microbial populations, J. Contam. Hydrol., 53:387-406.; Cozzarelli, I.M., Bekins, B.A., Baedecker, M.J., Aiken, G.R., Eaganhouse, R.P., and Tuccillo, m.E., 2001, Progression of natural attenuation processes at a crude-oil spill site--I. Geochemical evolution of the plume: Journal of Contaminant Hydrology, v. 53, pp. 369-385.",
ds_10,x9609,9609,9/12/1996,WI,8.76,90,x46123,Fe_2_mgL,,38.81,xLC006,"Bekins, B.A., I.M. Cozzarelli, E.M. Godsy, E. Warren, H.I. Essaid, and M.E. Tuccillo, 2001, Progression of natural attenuation processes at a crude oil spill site II. Controls on spatial distribution of microbial populations, J. Contam. Hydrol., 53:387-406.; Cozzarelli, I.M., Bekins, B.A., Baedecker, M.J., Aiken, G.R., Eaganhouse, R.P., and Tuccillo, m.E., 2001, Progression of natural attenuation processes at a crude-oil spill site--I. Geochemical evolution of the plume: Journal of Contaminant Hydrology, v. 53, pp. 369-385.",
ds_10,x9609,9609,9/12/1996,WI,8.76,90,x68831,CH4_mgL,,11.18,xLC005,"Bekins, B.A., I.M. Cozzarelli, E.M. Godsy, E. Warren, H.I. Essaid, and M.E. Tuccillo, 2001, Progression of natural attenuation processes at a crude oil spill site II. Controls on spatial distribution of microbial populations, J. Contam. Hydrol., 53:387-406.; Cozzarelli, I.M., Bekins, B.A., Baedecker, M.J., Aiken, G.R., Eaganhouse, R.P., and Tuccillo, m.E., 2001, Progression of natural attenuation processes at a crude-oil spill site--I. Geochemical evolution of the plume: Journal of Contaminant Hydrology, v. 53, pp. 369-385.",
ds_10,x9609,9609,9/12/1996,WI,8.76,90,xLO065,NVDOC_mgL,adl,1416.3,xLCID2,"Bekins, B.A., I.M. Cozzarelli, E.M. Godsy, E. Warren, H.I. Essaid, and M.E. Tuccillo, 2001, Progression of natural attenuation processes at a crude oil spill site II. Controls on spatial distribution of microbial populations, J. Contam. Hydrol., 53:387-406.; Cozzarelli, I.M., Bekins, B.A., Baedecker, M.J., Aiken, G.R., Eaganhouse, R.P., and Tuccillo, m.E., 2001, Progression of natural attenuation processes at a crude-oil spill site--I. Geochemical evolution of the plume: Journal of Contaminant Hydrology, v. 53, pp. 369-385.",
ds_10,x9609,9609,9/12/1996,WI,8.76,90,xLO037,Bz_mgL,,5.9902,xLGC01,"Bekins, B.A., I.M. Cozzarelli, E.M. Godsy, E. Warren, H.I. Essaid, and M.E. Tuccillo, 2001, Progression of natural attenuation processes at a crude oil spill site II. Controls on spatial distribution of microbial populations, J. Contam. Hydrol., 53:387-406.; Cozzarelli, I.M., Bekins, B.A., Baedecker, M.J., Aiken, G.R., Eaganhouse, R.P., and Tuccillo, m.E., 2001, Progression of natural attenuation processes at a crude-oil spill site--I. Geochemical evolution of the plume: Journal of Contaminant Hydrology, v. 53, pp. 369-385.",
ds_10,x9609,9609,9/12/1996,WI,8.76,90,xLO073,Tol_mgL,,0.0437,xLGC01,"Bekins, B.A., I.M. Cozzarelli, E.M. Godsy, E. Warren, H.I. Essaid, and M.E. Tuccillo, 2001, Progression of natural attenuation processes at a crude oil spill site II. Controls on spatial distribution of microbial populations, J. Contam. Hydrol., 53:387-406.; Cozzarelli, I.M., Bekins, B.A., Baedecker, M.J., Aiken, G.R., Eaganhouse, R.P., and Tuccillo, m.E., 2001, Progression of natural attenuation processes at a crude-oil spill site--I. Geochemical evolution of the plume: Journal of Contaminant Hydrology, v. 53, pp. 369-385.",
ds_10,x9609,9609,9/12/1996,WI,8.76,90,xLO042,EtBz_mgL,,0.3265,xLGC01,"Bekins, B.A., I.M. Cozzarelli, E.M. Godsy, E. Warren, H.I. Essaid, and M.E. Tuccillo, 2001, Progression of natural attenuation processes at a crude oil spill site II. Controls on spatial distribution of microbial populations, J. Contam. Hydrol., 53:387-406.; Cozzarelli, I.M., Bekins, B.A., Baedecker, M.J., Aiken, G.R., Eaganhouse, R.P., and Tuccillo, m.E., 2001, Progression of natural attenuation processes at a crude-oil spill site--I. Geochemical evolution of the plume: Journal of Contaminant Hydrology, v. 53, pp. 369-385.",
ds_10,x9609,9609,9/12/1996,WI,8.76,90,xLO052,mpxyl_mgL,,0.5521,xLGC01,"Bekins, B.A., I.M. Cozzarelli, E.M. Godsy, E. Warren, H.I. Essaid, and M.E. Tuccillo, 2001, Progression of natural attenuation processes at a crude oil spill site II. Controls on spatial distribution of microbial populations, J. Contam. Hydrol., 53:387-406.; Cozzarelli, I.M., Bekins, B.A., Baedecker, M.J., Aiken, G.R., Eaganhouse, R.P., and Tuccillo, m.E., 2001, Progression of natural attenuation processes at a crude-oil spill site--I. Geochemical evolution of the plume: Journal of Contaminant Hydrology, v. 53, pp. 369-385.",
ds_10,x9609,9609,9/12/1996,WI,8.76,90,xLO067,oxyl_mgL,,0.025,xLGC01,"Bekins, B.A., I.M. Cozzarelli, E.M. Godsy, E. Warren, H.I. Essaid, and M.E. Tuccillo, 2001, Progression of natural attenuation processes at a crude oil spill site II. Controls on spatial distribution of microbial populations, J. Contam. Hydrol., 53:387-406.; Cozzarelli, I.M., Bekins, B.A., Baedecker, M.J., Aiken, G.R., Eaganhouse, R.P., and Tuccillo, m.E., 2001, Progression of natural attenuation processes at a crude-oil spill site--I. Geochemical evolution of the plume: Journal of Contaminant Hydrology, v. 53, pp. 369-385.",
ds_10,x9609,9609,9/12/1996,WI,8.76,90,xLO050,IsoPrBz_mgL,,0.0274,xLGC01,"Bekins, B.A., I.M. Cozzarelli, E.M. Godsy, E. Warren, H.I. Essaid, and M.E. Tuccillo, 2001, Progression of natural attenuation processes at a crude oil spill site II. Controls on spatial distribution of microbial populations, J. Contam. Hydrol., 53:387-406.; Cozzarelli, I.M., Bekins, B.A., Baedecker, M.J., Aiken, G.R., Eaganhouse, R.P., and Tuccillo, m.E., 2001, Progression of natural attenuation processes at a crude-oil spill site--I. Geochemical evolution of the plume: Journal of Contaminant Hydrology, v. 53, pp. 369-385.",
ds_10,x9609,9609,9/12/1996,WI,8.76,90,xLO064,nPrBz_mgL,,0.0219,xLGC01,"Bekins, B.A., I.M. Cozzarelli, E.M. Godsy, E. Warren, H.I. Essaid, and M.E. Tuccillo, 2001, Progression of natural attenuation processes at a crude oil spill site II. Controls on spatial distribution of microbial populations, J. Contam. Hydrol., 53:387-406.; Cozzarelli, I.M., Bekins, B.A., Baedecker, M.J., Aiken, G.R., Eaganhouse, R.P., and Tuccillo, m.E., 2001, Progression of natural attenuation processes at a crude-oil spill site--I. Geochemical evolution of the plume: Journal of Contaminant Hydrology, v. 53, pp. 369-385.",
ds_10,x9609,9609,9/12/1996,WI,8.76,60,xLS442,2MePrBz_mgL,,0.0034,xLGC01,"Bekins, B.A., I.M. Cozzarelli, E.M. Godsy, E. Warren, H.I. Essaid, and M.E. Tuccillo, 2001, Progression of natural attenuation processes at a crude oil spill site II. Controls on spatial distribution of microbial populations, J. Contam. Hydrol., 53:387-406.; Cozzarelli, I.M., Bekins, B.A., Baedecker, M.J., Aiken, G.R., Eaganhouse, R.P., and Tuccillo, m.E., 2001, Progression of natural attenuation processes at a crude-oil spill site--I. Geochemical evolution of the plume: Journal of Contaminant Hydrology, v. 53, pp. 369-385.",
ds_10,x9609,9609,9/12/1996,WI,8.76,75,xLS442,2MePrBz_mgL,,0.003,xLGC01,"Bekins, B.A., I.M. Cozzarelli, E.M. Godsy, E. Warren, H.I. Essaid, and M.E. Tuccillo, 2001, Progression of natural attenuation processes at a crude oil spill site II. Controls on spatial distribution of microbial populations, J. Contam. Hydrol., 53:387-406.; Cozzarelli, I.M., Bekins, B.A., Baedecker, M.J., Aiken, G.R., Eaganhouse, R.P., and Tuccillo, m.E., 2001, Progression of natural attenuation processes at a crude-oil spill site--I. Geochemical evolution of the plume: Journal of Contaminant Hydrology, v. 53, pp. 369-385.",
ds_10,x9609,9609,9/12/1996,WI,8.76,90,xLO015,135TMeBz_mgL,,0.0604,xLGC01,"Bekins, B.A., I.M. Cozzarelli, E.M. Godsy, E. Warren, H.I. Essaid, and M.E. Tuccillo, 2001, Progression of natural attenuation processes at a crude oil spill site II. Controls on spatial distribution of microbial populations, J. Contam. Hydrol., 53:387-406.; Cozzarelli, I.M., Bekins, B.A., Baedecker, M.J., Aiken, G.R., Eaganhouse, R.P., and Tuccillo, m.E., 2001, Progression of natural attenuation processes at a crude-oil spill site--I. Geochemical evolution of the plume: Journal of Contaminant Hydrology, v. 53, pp. 369-385.",
ds_10,x9609,9609,9/12/1996,WI,8.76,90,xLS442,2MePrBz_mgL,,0.0033,xLGC01,"Bekins, B.A., I.M. Cozzarelli, E.M. Godsy, E. Warren, H.I. Essaid, and M.E. Tuccillo, 2001, Progression of natural attenuation processes at a crude oil spill site II. Controls on spatial distribution of microbial populations, J. Contam. Hydrol., 53:387-406.; Cozzarelli, I.M., Bekins, B.A., Baedecker, M.J., Aiken, G.R., Eaganhouse, R.P., and Tuccillo, m.E., 2001, Progression of natural attenuation processes at a crude-oil spill site--I. Geochemical evolution of the plume: Journal of Contaminant Hydrology, v. 53, pp. 369-385.",
ds_10,x9609,9609,9/12/1996,WI,8.76,105,xLS442,2MePrBz_mgL,,0.0099,xLGC01,"Bekins, B.A., I.M. Cozzarelli, E.M. Godsy, E. Warren, H.I. Essaid, and M.E. Tuccillo, 2001, Progression of natural attenuation processes at a crude oil spill site II. Controls on spatial distribution of microbial populations, J. Contam. Hydrol., 53:387-406.; Cozzarelli, I.M., Bekins, B.A., Baedecker, M.J., Aiken, G.R., Eaganhouse, R.P., and Tuccillo, m.E., 2001, Progression of natural attenuation processes at a crude-oil spill site--I. Geochemical evolution of the plume: Journal of Contaminant Hydrology, v. 53, pp. 369-385.",
ds_10,x9609,9609,9/12/1996,WI,8.76,90,xLO010,124TMeBz_mgL,,0.2463,xLGC01,"Bekins, B.A., I.M. Cozzarelli, E.M. Godsy, E. Warren, H.I. Essaid, and M.E. Tuccillo, 2001, Progression of natural attenuation processes at a crude oil spill site II. Controls on spatial distribution of microbial populations, J. Contam. Hydrol., 53:387-406.; Cozzarelli, I.M., Bekins, B.A., Baedecker, M.J., Aiken, G.R., Eaganhouse, R.P., and Tuccillo, m.E., 2001, Progression of natural attenuation processes at a crude-oil spill site--I. Geochemical evolution of the plume: Journal of Contaminant Hydrology, v. 53, pp. 369-385.",
ds_10,x9609,9609,9/12/1996,WI,8.76,120,xLS442,2MePrBz_mgL,,0.0016,xLGC01,"Bekins, B.A., I.M. Cozzarelli, E.M. Godsy, E. Warren, H.I. Essaid, and M.E. Tuccillo, 2001, Progression of natural attenuation processes at a crude oil spill site II. Controls on spatial distribution of microbial populations, J. Contam. Hydrol., 53:387-406.; Cozzarelli, I.M., Bekins, B.A., Baedecker, M.J., Aiken, G.R., Eaganhouse, R.P., and Tuccillo, m.E., 2001, Progression of natural attenuation processes at a crude-oil spill site--I. Geochemical evolution of the plume: Journal of Contaminant Hydrology, v. 53, pp. 369-385.",
ds_10,x9609,9609,9/12/1996,WI,8.76,135,xLS442,2MePrBz_mgL,,7.00E-04,xLGC01,"Bekins, B.A., I.M. Cozzarelli, E.M. Godsy, E. Warren, H.I. Essaid, and M.E. Tuccillo, 2001, Progression of natural attenuation processes at a crude oil spill site II. Controls on spatial distribution of microbial populations, J. Contam. Hydrol., 53:387-406.; Cozzarelli, I.M., Bekins, B.A., Baedecker, M.J., Aiken, G.R., Eaganhouse, R.P., and Tuccillo, m.E., 2001, Progression of natural attenuation processes at a crude-oil spill site--I. Geochemical evolution of the plume: Journal of Contaminant Hydrology, v. 53, pp. 369-385.",
ds_10,x9609,9609,9/12/1996,WI,8.76,90,xLO006,123TMeBz_mgL,,0.1053,xLGC01,"Bekins, B.A., I.M. Cozzarelli, E.M. Godsy, E. Warren, H.I. Essaid, and M.E. Tuccillo, 2001, Progression of natural attenuation processes at a crude oil spill site II. Controls on spatial distribution of microbial populations, J. Contam. Hydrol., 53:387-406.; Cozzarelli, I.M., Bekins, B.A., Baedecker, M.J., Aiken, G.R., Eaganhouse, R.P., and Tuccillo, m.E., 2001, Progression of natural attenuation processes at a crude-oil spill site--I. Geochemical evolution of the plume: Journal of Contaminant Hydrology, v. 53, pp. 369-385.",
ds_10,x9609,9609,9/12/1996,WI,8.76,90,xLO027,1Me3IsoPrBz_mgL,,0.0104,xLGC01,"Bekins, B.A., I.M. Cozzarelli, E.M. Godsy, E. Warren, H.I. Essaid, and M.E. Tuccillo, 2001, Progression of natural attenuation processes at a crude oil spill site II. Controls on spatial distribution of microbial populations, J. Contam. Hydrol., 53:387-406.; Cozzarelli, I.M., Bekins, B.A., Baedecker, M.J., Aiken, G.R., Eaganhouse, R.P., and Tuccillo, m.E., 2001, Progression of natural attenuation processes at a crude-oil spill site--I. Geochemical evolution of the plume: Journal of Contaminant Hydrology, v. 53, pp. 369-385.",
ds_10,x9609,9609,9/12/1996,WI,8.76,90,xLO030,1Me4IsoPrBz_mgL,,0.0068,xLGC01,"Bekins, B.A., I.M. Cozzarelli, E.M. Godsy, E. Warren, H.I. Essaid, and M.E. Tuccillo, 2001, Progression of natural attenuation processes at a crude oil spill site II. Controls on spatial distribution of microbial populations, J. Contam. Hydrol., 53:387-406.; Cozzarelli, I.M., Bekins, B.A., Baedecker, M.J., Aiken, G.R., Eaganhouse, R.P., and Tuccillo, m.E., 2001, Progression of natural attenuation processes at a crude-oil spill site--I. Geochemical evolution of the plume: Journal of Contaminant Hydrology, v. 53, pp. 369-385.",
ds_10,x9609,9609,9/12/1996,WI,8.76,90,xLO024,1Me2IsoPrBz_mgL,,0.0029,xLGC01,"Bekins, B.A., I.M. Cozzarelli, E.M. Godsy, E. Warren, H.I. Essaid, and M.E. Tuccillo, 2001, Progression of natural attenuation processes at a crude oil spill site II. Controls on spatial distribution of microbial populations, J. Contam. Hydrol., 53:387-406.; Cozzarelli, I.M., Bekins, B.A., Baedecker, M.J., Aiken, G.R., Eaganhouse, R.P., and Tuccillo, m.E., 2001, Progression of natural attenuation processes at a crude-oil spill site--I. Geochemical evolution of the plume: Journal of Contaminant Hydrology, v. 53, pp. 369-385.",
ds_10,x9609,9609,9/12/1996,WI,8.76,90,xLO016,13DEtBz_mgL,,0.0066,xLGC01,"Bekins, B.A., I.M. Cozzarelli, E.M. Godsy, E. Warren, H.I. Essaid, and M.E. Tuccillo, 2001, Progression of natural attenuation processes at a crude oil spill site II. Controls on spatial distribution of microbial populations, J. Contam. Hydrol., 53:387-406.; Cozzarelli, I.M., Bekins, B.A., Baedecker, M.J., Aiken, G.R., Eaganhouse, R.P., and Tuccillo, m.E., 2001, Progression of natural attenuation processes at a crude-oil spill site--I. Geochemical evolution of the plume: Journal of Contaminant Hydrology, v. 53, pp. 369-385.",
ds_10,x9609,9609,9/12/1996,WI,8.76,90,xLO028,1Me3PrBz_mgL,,0.0059,xLGC01,"Bekins, B.A., I.M. Cozzarelli, E.M. Godsy, E. Warren, H.I. Essaid, and M.E. Tuccillo, 2001, Progression of natural attenuation processes at a crude oil spill site II. Controls on spatial distribution of microbial populations, J. Contam. Hydrol., 53:387-406.; Cozzarelli, I.M., Bekins, B.A., Baedecker, M.J., Aiken, G.R., Eaganhouse, R.P., and Tuccillo, m.E., 2001, Progression of natural attenuation processes at a crude-oil spill site--I. Geochemical evolution of the plume: Journal of Contaminant Hydrology, v. 53, pp. 369-385.",
ds_10,x9609,9609,9/12/1996,WI,8.76,90,xLO031,1Me4PrBz_mgL,,0.0033,xLGC01,"Bekins, B.A., I.M. Cozzarelli, E.M. Godsy, E. Warren, H.I. Essaid, and M.E. Tuccillo, 2001, Progression of natural attenuation processes at a crude oil spill site II. Controls on spatial distribution of microbial populations, J. Contam. Hydrol., 53:387-406.; Cozzarelli, I.M., Bekins, B.A., Baedecker, M.J., Aiken, G.R., Eaganhouse, R.P., and Tuccillo, m.E., 2001, Progression of natural attenuation processes at a crude-oil spill site--I. Geochemical evolution of the plume: Journal of Contaminant Hydrology, v. 53, pp. 369-385.",
ds_10,x9609,9609,9/12/1996,WI,8.76,90,xLO020,14DEtBz_mgL,,0.0245,xLGC01,"Bekins, B.A., I.M. Cozzarelli, E.M. Godsy, E. Warren, H.I. Essaid, and M.E. Tuccillo, 2001, Progression of natural attenuation processes at a crude oil spill site II. Controls on spatial distribution of microbial populations, J. Contam. Hydrol., 53:387-406.; Cozzarelli, I.M., Bekins, B.A., Baedecker, M.J., Aiken, G.R., Eaganhouse, R.P., and Tuccillo, m.E., 2001, Progression of natural attenuation processes at a crude-oil spill site--I. Geochemical evolution of the plume: Journal of Contaminant Hydrology, v. 53, pp. 369-385.",
ds_10,x9609,9609,9/12/1996,WI,8.76,90,xLO056,nButylBz_mgL,,0.0075,xLGC01,"Bekins, B.A., I.M. Cozzarelli, E.M. Godsy, E. Warren, H.I. Essaid, and M.E. Tuccillo, 2001, Progression of natural attenuation processes at a crude oil spill site II. Controls on spatial distribution of microbial populations, J. Contam. Hydrol., 53:387-406.; Cozzarelli, I.M., Bekins, B.A., Baedecker, M.J., Aiken, G.R., Eaganhouse, R.P., and Tuccillo, m.E., 2001, Progression of natural attenuation processes at a crude-oil spill site--I. Geochemical evolution of the plume: Journal of Contaminant Hydrology, v. 53, pp. 369-385.",
ds_10,x9609,9609,9/12/1996,WI,8.76,90,xLO019,13DMe5EtBz_mgL,,0.0089,xLGC01,"Bekins, B.A., I.M. Cozzarelli, E.M. Godsy, E. Warren, H.I. Essaid, and M.E. Tuccillo, 2001, Progression of natural attenuation processes at a crude oil spill site II. Controls on spatial distribution of microbial populations, J. Contam. Hydrol., 53:387-406.; Cozzarelli, I.M., Bekins, B.A., Baedecker, M.J., Aiken, G.R., Eaganhouse, R.P., and Tuccillo, m.E., 2001, Progression of natural attenuation processes at a crude-oil spill site--I. Geochemical evolution of the plume: Journal of Contaminant Hydrology, v. 53, pp. 369-385.",
ds_10,x9609,9609,9/12/1996,WI,8.76,90,xLO011,12DEtBz_mgL,,0.0054,xLGC01,"Bekins, B.A., I.M. Cozzarelli, E.M. Godsy, E. Warren, H.I. Essaid, and M.E. Tuccillo, 2001, Progression of natural attenuation processes at a crude oil spill site II. Controls on spatial distribution of microbial populations, J. Contam. Hydrol., 53:387-406.; Cozzarelli, I.M., Bekins, B.A., Baedecker, M.J., Aiken, G.R., Eaganhouse, R.P., and Tuccillo, m.E., 2001, Progression of natural attenuation processes at a crude-oil spill site--I. Geochemical evolution of the plume: Journal of Contaminant Hydrology, v. 53, pp. 369-385.",
ds_10,x9609,9609,9/12/1996,WI,8.76,90,xLO023,1Me2EtBz_mgL,,0.0071,xLGC01,"Bekins, B.A., I.M. Cozzarelli, E.M. Godsy, E. Warren, H.I. Essaid, and M.E. Tuccillo, 2001, Progression of natural attenuation processes at a crude oil spill site II. Controls on spatial distribution of microbial populations, J. Contam. Hydrol., 53:387-406.; Cozzarelli, I.M., Bekins, B.A., Baedecker, M.J., Aiken, G.R., Eaganhouse, R.P., and Tuccillo, m.E., 2001, Progression of natural attenuation processes at a crude-oil spill site--I. Geochemical evolution of the plume: Journal of Contaminant Hydrology, v. 53, pp. 369-385.",
ds_10,x9609,9609,9/12/1996,WI,8.76,90,xLO021,14DMe2EtBz_mgL,,0.008,xLGC01,"Bekins, B.A., I.M. Cozzarelli, E.M. Godsy, E. Warren, H.I. Essaid, and M.E. Tuccillo, 2001, Progression of natural attenuation processes at a crude oil spill site II. Controls on spatial distribution of microbial populations, J. Contam. Hydrol., 53:387-406.; Cozzarelli, I.M., Bekins, B.A., Baedecker, M.J., Aiken, G.R., Eaganhouse, R.P., and Tuccillo, m.E., 2001, Progression of natural attenuation processes at a crude-oil spill site--I. Geochemical evolution of the plume: Journal of Contaminant Hydrology, v. 53, pp. 369-385.",
ds_10,x9609,9609,9/12/1996,WI,8.76,90,xLO018,13DMe4EtBz_mgL,,0.0082,xLGC01,"Bekins, B.A., I.M. Cozzarelli, E.M. Godsy, E. Warren, H.I. Essaid, and M.E. Tuccillo, 2001, Progression of natural attenuation processes at a crude oil spill site II. Controls on spatial distribution of microbial populations, J. Contam. Hydrol., 53:387-406.; Cozzarelli, I.M., Bekins, B.A., Baedecker, M.J., Aiken, G.R., Eaganhouse, R.P., and Tuccillo, m.E., 2001, Progression of natural attenuation processes at a crude-oil spill site--I. Geochemical evolution of the plume: Journal of Contaminant Hydrology, v. 53, pp. 369-385.",
ds_10,x9609,9609,9/12/1996,WI,8.76,90,xLO013,12DMe4EtBz_mgL,,0.0079,xLGC01,"Bekins, B.A., I.M. Cozzarelli, E.M. Godsy, E. Warren, H.I. Essaid, and M.E. Tuccillo, 2001, Progression of natural attenuation processes at a crude oil spill site II. Controls on spatial distribution of microbial populations, J. Contam. Hydrol., 53:387-406.; Cozzarelli, I.M., Bekins, B.A., Baedecker, M.J., Aiken, G.R., Eaganhouse, R.P., and Tuccillo, m.E., 2001, Progression of natural attenuation processes at a crude-oil spill site--I. Geochemical evolution of the plume: Journal of Contaminant Hydrology, v. 53, pp. 369-385.",
ds_10,x9609,9609,9/12/1996,WI,8.76,90,xLO017,13DMe2EtBz_mgL,,0.006,xLGC01,"Bekins, B.A., I.M. Cozzarelli, E.M. Godsy, E. Warren, H.I. Essaid, and M.E. Tuccillo, 2001, Progression of natural attenuation processes at a crude oil spill site II. Controls on spatial distribution of microbial populations, J. Contam. Hydrol., 53:387-406.; Cozzarelli, I.M., Bekins, B.A., Baedecker, M.J., Aiken, G.R., Eaganhouse, R.P., and Tuccillo, m.E., 2001, Progression of natural attenuation processes at a crude-oil spill site--I. Geochemical evolution of the plume: Journal of Contaminant Hydrology, v. 53, pp. 369-385.",
ds_10,x9609,9609,9/12/1996,WI,8.76,90,xLO012,12DMe3EtBz_mgL,,0.0088,xLGC01,"Bekins, B.A., I.M. Cozzarelli, E.M. Godsy, E. Warren, H.I. Essaid, and M.E. Tuccillo, 2001, Progression of natural attenuation processes at a crude oil spill site II. Controls on spatial distribution of microbial populations, J. Contam. Hydrol., 53:387-406.; Cozzarelli, I.M., Bekins, B.A., Baedecker, M.J., Aiken, G.R., Eaganhouse, R.P., and Tuccillo, m.E., 2001, Progression of natural attenuation processes at a crude-oil spill site--I. Geochemical evolution of the plume: Journal of Contaminant Hydrology, v. 53, pp. 369-385.",
ds_10,x9609,9609,9/12/1996,WI,8.76,90,xLO008,1245TMeBz_mgL,,0.0054,xLGC01,"Bekins, B.A., I.M. Cozzarelli, E.M. Godsy, E. Warren, H.I. Essaid, and M.E. Tuccillo, 2001, Progression of natural attenuation processes at a crude oil spill site II. Controls on spatial distribution of microbial populations, J. Contam. Hydrol., 53:387-406.; Cozzarelli, I.M., Bekins, B.A., Baedecker, M.J., Aiken, G.R., Eaganhouse, R.P., and Tuccillo, m.E., 2001, Progression of natural attenuation processes at a crude-oil spill site--I. Geochemical evolution of the plume: Journal of Contaminant Hydrology, v. 53, pp. 369-385.",
ds_10,x9609,9609,9/12/1996,WI,8.76,90,xLO004,1235TMeBz_mgL,,0.0211,xLGC01,"Bekins, B.A., I.M. Cozzarelli, E.M. Godsy, E. Warren, H.I. Essaid, and M.E. Tuccillo, 2001, Progression of natural attenuation processes at a crude oil spill site II. Controls on spatial distribution of microbial populations, J. Contam. Hydrol., 53:387-406.; Cozzarelli, I.M., Bekins, B.A., Baedecker, M.J., Aiken, G.R., Eaganhouse, R.P., and Tuccillo, m.E., 2001, Progression of natural attenuation processes at a crude-oil spill site--I. Geochemical evolution of the plume: Journal of Contaminant Hydrology, v. 53, pp. 369-385.",
ds_10,x9609,9609,9/12/1996,WI,8.76,90,xLO002,1234TMeBz_mgL,,0.076,xLGC01,"Bekins, B.A., I.M. Cozzarelli, E.M. Godsy, E. Warren, H.I. Essaid, and M.E. Tuccillo, 2001, Progression of natural attenuation processes at a crude oil spill site II. Controls on spatial distribution of microbial populations, J. Contam. Hydrol., 53:387-406.; Cozzarelli, I.M., Bekins, B.A., Baedecker, M.J., Aiken, G.R., Eaganhouse, R.P., and Tuccillo, m.E., 2001, Progression of natural attenuation processes at a crude-oil spill site--I. Geochemical evolution of the plume: Journal of Contaminant Hydrology, v. 53, pp. 369-385.",
ds_10,x9609,9609,9/12/1996,WI,8.76,90,xLO035,BTEX_mgL,,6.9375,xLCA03,"Bekins, B.A., I.M. Cozzarelli, E.M. Godsy, E. Warren, H.I. Essaid, and M.E. Tuccillo, 2001, Progression of natural attenuation processes at a crude oil spill site II. Controls on spatial distribution of microbial populations, J. Contam. Hydrol., 53:387-406.; Cozzarelli, I.M., Bekins, B.A., Baedecker, M.J., Aiken, G.R., Eaganhouse, R.P., and Tuccillo, m.E., 2001, Progression of natural attenuation processes at a crude-oil spill site--I. Geochemical evolution of the plume: Journal of Contaminant Hydrology, v. 53, pp. 369-385.",
ds_10,x9609,9609,9/12/1996,WI,8.76,150,xLS442,2MePrBz_mgL,,7.00E-04,xLGC01,"Bekins, B.A., I.M. Cozzarelli, E.M. Godsy, E. Warren, H.I. Essaid, and M.E. Tuccillo, 2001, Progression of natural attenuation processes at a crude oil spill site II. Controls on spatial distribution of microbial populations, J. Contam. Hydrol., 53:387-406.; Cozzarelli, I.M., Bekins, B.A., Baedecker, M.J., Aiken, G.R., Eaganhouse, R.P., and Tuccillo, m.E., 2001, Progression of natural attenuation processes at a crude-oil spill site--I. Geochemical evolution of the plume: Journal of Contaminant Hydrology, v. 53, pp. 369-385.",
ds_10,x9609,9609,9/12/1996,WI,8.76,105,x46123,Fe_2_mgL,,18.78,xLC006,"Bekins, B.A., I.M. Cozzarelli, E.M. Godsy, E. Warren, H.I. Essaid, and M.E. Tuccillo, 2001, Progression of natural attenuation processes at a crude oil spill site II. Controls on spatial distribution of microbial populations, J. Contam. Hydrol., 53:387-406.; Cozzarelli, I.M., Bekins, B.A., Baedecker, M.J., Aiken, G.R., Eaganhouse, R.P., and Tuccillo, m.E., 2001, Progression of natural attenuation processes at a crude-oil spill site--I. Geochemical evolution of the plume: Journal of Contaminant Hydrology, v. 53, pp. 369-385.",
ds_10,x9609,9609,9/12/1996,WI,8.76,105,x68831,CH4_mgL,,17.306,xLC005,"Bekins, B.A., I.M. Cozzarelli, E.M. Godsy, E. Warren, H.I. Essaid, and M.E. Tuccillo, 2001, Progression of natural attenuation processes at a crude oil spill site II. Controls on spatial distribution of microbial populations, J. Contam. Hydrol., 53:387-406.; Cozzarelli, I.M., Bekins, B.A., Baedecker, M.J., Aiken, G.R., Eaganhouse, R.P., and Tuccillo, m.E., 2001, Progression of natural attenuation processes at a crude-oil spill site--I. Geochemical evolution of the plume: Journal of Contaminant Hydrology, v. 53, pp. 369-385.",
ds_10,x9609,9609,9/12/1996,WI,8.76,105,xLO037,Bz_mgL,,5.4379,xLGC01,"Bekins, B.A., I.M. Cozzarelli, E.M. Godsy, E. Warren, H.I. Essaid, and M.E. Tuccillo, 2001, Progression of natural attenuation processes at a crude oil spill site II. Controls on spatial distribution of microbial populations, J. Contam. Hydrol., 53:387-406.; Cozzarelli, I.M., Bekins, B.A., Baedecker, M.J., Aiken, G.R., Eaganhouse, R.P., and Tuccillo, m.E., 2001, Progression of natural attenuation processes at a crude-oil spill site--I. Geochemical evolution of the plume: Journal of Contaminant Hydrology, v. 53, pp. 369-385.",
ds_10,x9609,9609,9/12/1996,WI,8.76,105,xLO073,Tol_mgL,,0.0234,xLGC01,"Bekins, B.A., I.M. Cozzarelli, E.M. Godsy, E. Warren, H.I. Essaid, and M.E. Tuccillo, 2001, Progression of natural attenuation processes at a crude oil spill site II. Controls on spatial distribution of microbial populations, J. Contam. Hydrol., 53:387-406.; Cozzarelli, I.M., Bekins, B.A., Baedecker, M.J., Aiken, G.R., Eaganhouse, R.P., and Tuccillo, m.E., 2001, Progression of natural attenuation processes at a crude-oil spill site--I. Geochemical evolution of the plume: Journal of Contaminant Hydrology, v. 53, pp. 369-385.",
ds_10,x9609,9609,9/12/1996,WI,8.76,105,xLO042,EtBz_mgL,,0.2894,xLGC01,"Bekins, B.A., I.M. Cozzarelli, E.M. Godsy, E. Warren, H.I. Essaid, and M.E. Tuccillo, 2001, Progression of natural attenuation processes at a crude oil spill site II. Controls on spatial distribution of microbial populations, J. Contam. Hydrol., 53:387-406.; Cozzarelli, I.M., Bekins, B.A., Baedecker, M.J., Aiken, G.R., Eaganhouse, R.P., and Tuccillo, m.E., 2001, Progression of natural attenuation processes at a crude-oil spill site--I. Geochemical evolution of the plume: Journal of Contaminant Hydrology, v. 53, pp. 369-385.",
ds_10,x9609,9609,9/12/1996,WI,8.76,105,xLO052,mpxyl_mgL,,0.3526,xLGC01,"Bekins, B.A., I.M. Cozzarelli, E.M. Godsy, E. Warren, H.I. Essaid, and M.E. Tuccillo, 2001, Progression of natural attenuation processes at a crude oil spill site II. Controls on spatial distribution of microbial populations, J. Contam. Hydrol., 53:387-406.; Cozzarelli, I.M., Bekins, B.A., Baedecker, M.J., Aiken, G.R., Eaganhouse, R.P., and Tuccillo, m.E., 2001, Progression of natural attenuation processes at a crude-oil spill site--I. Geochemical evolution of the plume: Journal of Contaminant Hydrology, v. 53, pp. 369-385.",
ds_10,x9609,9609,9/12/1996,WI,8.76,105,xLO067,oxyl_mgL,,0.0173,xLGC01,"Bekins, B.A., I.M. Cozzarelli, E.M. Godsy, E. Warren, H.I. Essaid, and M.E. Tuccillo, 2001, Progression of natural attenuation processes at a crude oil spill site II. Controls on spatial distribution of microbial populations, J. Contam. Hydrol., 53:387-406.; Cozzarelli, I.M., Bekins, B.A., Baedecker, M.J., Aiken, G.R., Eaganhouse, R.P., and Tuccillo, m.E., 2001, Progression of natural attenuation processes at a crude-oil spill site--I. Geochemical evolution of the plume: Journal of Contaminant Hydrology, v. 53, pp. 369-385.",
ds_10,x9609,9609,9/12/1996,WI,8.76,105,xLO050,IsoPrBz_mgL,,0.0243,xLGC01,"Bekins, B.A., I.M. Cozzarelli, E.M. Godsy, E. Warren, H.I. Essaid, and M.E. Tuccillo, 2001, Progression of natural attenuation processes at a crude oil spill site II. Controls on spatial distribution of microbial populations, J. Contam. Hydrol., 53:387-406.; Cozzarelli, I.M., Bekins, B.A., Baedecker, M.J., Aiken, G.R., Eaganhouse, R.P., and Tuccillo, m.E., 2001, Progression of natural attenuation processes at a crude-oil spill site--I. Geochemical evolution of the plume: Journal of Contaminant Hydrology, v. 53, pp. 369-385.",
ds_10,x9609,9609,9/12/1996,WI,8.76,105,xLO064,nPrBz_mgL,,0.0257,xLGC01,"Bekins, B.A., I.M. Cozzarelli, E.M. Godsy, E. Warren, H.I. Essaid, and M.E. Tuccillo, 2001, Progression of natural attenuation processes at a crude oil spill site II. Controls on spatial distribution of microbial populations, J. Contam. Hydrol., 53:387-406.; Cozzarelli, I.M., Bekins, B.A., Baedecker, M.J., Aiken, G.R., Eaganhouse, R.P., and Tuccillo, m.E., 2001, Progression of natural attenuation processes at a crude-oil spill site--I. Geochemical evolution of the plume: Journal of Contaminant Hydrology, v. 53, pp. 369-385.",
ds_10,x9607,9607II,9/11/1996,WI,11.05,190,xLO008,1245TMeBz_mgL,,0.00169,xLGC01,"Bekins, B.A., I.M. Cozzarelli, E.M. Godsy, E. Warren, H.I. Essaid, and M.E. Tuccillo, 2001, Progression of natural attenuation processes at a crude oil spill site II. Controls on spatial distribution of microbial populations, J. Contam. Hydrol., 53:387-406.; Cozzarelli, I.M., Bekins, B.A., Baedecker, M.J., Aiken, G.R., Eaganhouse, R.P., and Tuccillo, m.E., 2001, Progression of natural attenuation processes at a crude-oil spill site--I. Geochemical evolution of the plume: Journal of Contaminant Hydrology, v. 53, pp. 369-385.",
ds_10,x9607,9607II,9/11/1996,WI,11.05,190,xLO004,1235TMeBz_mgL,,0.001,xLGC01,"Bekins, B.A., I.M. Cozzarelli, E.M. Godsy, E. Warren, H.I. Essaid, and M.E. Tuccillo, 2001, Progression of natural attenuation processes at a crude oil spill site II. Controls on spatial distribution of microbial populations, J. Contam. Hydrol., 53:387-406.; Cozzarelli, I.M., Bekins, B.A., Baedecker, M.J., Aiken, G.R., Eaganhouse, R.P., and Tuccillo, m.E., 2001, Progression of natural attenuation processes at a crude-oil spill site--I. Geochemical evolution of the plume: Journal of Contaminant Hydrology, v. 53, pp. 369-385.",
ds_10,x9609,9609,9/12/1996,WI,8.76,105,xLO015,135TMeBz_mgL,,0.0471,xLGC01,"Bekins, B.A., I.M. Cozzarelli, E.M. Godsy, E. Warren, H.I. Essaid, and M.E. Tuccillo, 2001, Progression of natural attenuation processes at a crude oil spill site II. Controls on spatial distribution of microbial populations, J. Contam. Hydrol., 53:387-406.; Cozzarelli, I.M., Bekins, B.A., Baedecker, M.J., Aiken, G.R., Eaganhouse, R.P., and Tuccillo, m.E., 2001, Progression of natural attenuation processes at a crude-oil spill site--I. Geochemical evolution of the plume: Journal of Contaminant Hydrology, v. 53, pp. 369-385.",
ds_10,x9607,9607II,9/11/1996,WI,11.05,190,xLO002,1234TMeBz_mgL,,0.00386,xLGC01,"Bekins, B.A., I.M. Cozzarelli, E.M. Godsy, E. Warren, H.I. Essaid, and M.E. Tuccillo, 2001, Progression of natural attenuation processes at a crude oil spill site II. Controls on spatial distribution of microbial populations, J. Contam. Hydrol., 53:387-406.; Cozzarelli, I.M., Bekins, B.A., Baedecker, M.J., Aiken, G.R., Eaganhouse, R.P., and Tuccillo, m.E., 2001, Progression of natural attenuation processes at a crude-oil spill site--I. Geochemical evolution of the plume: Journal of Contaminant Hydrology, v. 53, pp. 369-385.",
ds_10,x9607,9607II,9/11/1996,WI,11.05,190,xLO035,BTEX_mgL,,1.1151,xLCA03,"Bekins, B.A., I.M. Cozzarelli, E.M. Godsy, E. Warren, H.I. Essaid, and M.E. Tuccillo, 2001, Progression of natural attenuation processes at a crude oil spill site II. Controls on spatial distribution of microbial populations, J. Contam. Hydrol., 53:387-406.; Cozzarelli, I.M., Bekins, B.A., Baedecker, M.J., Aiken, G.R., Eaganhouse, R.P., and Tuccillo, m.E., 2001, Progression of natural attenuation processes at a crude-oil spill site--I. Geochemical evolution of the plume: Journal of Contaminant Hydrology, v. 53, pp. 369-385.",
ds_10,x9609,9609,9/12/1996,WI,8.76,105,xLO010,124TMeBz_mgL,,0.1608,xLGC01,"Bekins, B.A., I.M. Cozzarelli, E.M. Godsy, E. Warren, H.I. Essaid, and M.E. Tuccillo, 2001, Progression of natural attenuation processes at a crude oil spill site II. Controls on spatial distribution of microbial populations, J. Contam. Hydrol., 53:387-406.; Cozzarelli, I.M., Bekins, B.A., Baedecker, M.J., Aiken, G.R., Eaganhouse, R.P., and Tuccillo, m.E., 2001, Progression of natural attenuation processes at a crude-oil spill site--I. Geochemical evolution of the plume: Journal of Contaminant Hydrology, v. 53, pp. 369-385.",
ds_10,x9607,9607II,9/11/1996,WI,11.05,190,xLS439,1Et3MeBz_mgL,,0.00097,xLGC01,"Bekins, B.A., I.M. Cozzarelli, E.M. Godsy, E. Warren, H.I. Essaid, and M.E. Tuccillo, 2001, Progression of natural attenuation processes at a crude oil spill site II. Controls on spatial distribution of microbial populations, J. Contam. Hydrol., 53:387-406.; Cozzarelli, I.M., Bekins, B.A., Baedecker, M.J., Aiken, G.R., Eaganhouse, R.P., and Tuccillo, m.E., 2001, Progression of natural attenuation processes at a crude-oil spill site--I. Geochemical evolution of the plume: Journal of Contaminant Hydrology, v. 53, pp. 369-385.",
ds_10,x9607,9607II,9/11/1996,WI,11.05,190,xLS440,1Et4MeBz_mgL,,0.00093,xLGC01,"Bekins, B.A., I.M. Cozzarelli, E.M. Godsy, E. Warren, H.I. Essaid, and M.E. Tuccillo, 2001, Progression of natural attenuation processes at a crude oil spill site II. Controls on spatial distribution of microbial populations, J. Contam. Hydrol., 53:387-406.; Cozzarelli, I.M., Bekins, B.A., Baedecker, M.J., Aiken, G.R., Eaganhouse, R.P., and Tuccillo, m.E., 2001, Progression of natural attenuation processes at a crude-oil spill site--I. Geochemical evolution of the plume: Journal of Contaminant Hydrology, v. 53, pp. 369-385.",
ds_10,x9609,9609,9/12/1996,WI,8.76,105,xLO006,123TMeBz_mgL,,0.0492,xLGC01,"Bekins, B.A., I.M. Cozzarelli, E.M. Godsy, E. Warren, H.I. Essaid, and M.E. Tuccillo, 2001, Progression of natural attenuation processes at a crude oil spill site II. Controls on spatial distribution of microbial populations, J. Contam. Hydrol., 53:387-406.; Cozzarelli, I.M., Bekins, B.A., Baedecker, M.J., Aiken, G.R., Eaganhouse, R.P., and Tuccillo, m.E., 2001, Progression of natural attenuation processes at a crude-oil spill site--I. Geochemical evolution of the plume: Journal of Contaminant Hydrology, v. 53, pp. 369-385.",
ds_10,x9609,9609,9/12/1996,WI,8.76,105,xLO027,1Me3IsoPrBz_mgL,,0.0144,xLGC01,"Bekins, B.A., I.M. Cozzarelli, E.M. Godsy, E. Warren, H.I. Essaid, and M.E. Tuccillo, 2001, Progression of natural attenuation processes at a crude oil spill site II. Controls on spatial distribution of microbial populations, J. Contam. Hydrol., 53:387-406.; Cozzarelli, I.M., Bekins, B.A., Baedecker, M.J., Aiken, G.R., Eaganhouse, R.P., and Tuccillo, m.E., 2001, Progression of natural attenuation processes at a crude-oil spill site--I. Geochemical evolution of the plume: Journal of Contaminant Hydrology, v. 53, pp. 369-385.",
ds_10,x9609,9609,9/12/1996,WI,8.76,105,xLO030,1Me4IsoPrBz_mgL,,0.0128,xLGC01,"Bekins, B.A., I.M. Cozzarelli, E.M. Godsy, E. Warren, H.I. Essaid, and M.E. Tuccillo, 2001, Progression of natural attenuation processes at a crude oil spill site II. Controls on spatial distribution of microbial populations, J. Contam. Hydrol., 53:387-406.; Cozzarelli, I.M., Bekins, B.A., Baedecker, M.J., Aiken, G.R., Eaganhouse, R.P., and Tuccillo, m.E., 2001, Progression of natural attenuation processes at a crude-oil spill site--I. Geochemical evolution of the plume: Journal of Contaminant Hydrology, v. 53, pp. 369-385.",
ds_10,x9609,9609,9/12/1996,WI,8.76,105,xLO024,1Me2IsoPrBz_mgL,,0.0079,xLGC01,"Bekins, B.A., I.M. Cozzarelli, E.M. Godsy, E. Warren, H.I. Essaid, and M.E. Tuccillo, 2001, Progression of natural attenuation processes at a crude oil spill site II. Controls on spatial distribution of microbial populations, J. Contam. Hydrol., 53:387-406.; Cozzarelli, I.M., Bekins, B.A., Baedecker, M.J., Aiken, G.R., Eaganhouse, R.P., and Tuccillo, m.E., 2001, Progression of natural attenuation processes at a crude-oil spill site--I. Geochemical evolution of the plume: Journal of Contaminant Hydrology, v. 53, pp. 369-385.",
ds_10,x9609,9609,9/12/1996,WI,8.76,105,xLO016,13DEtBz_mgL,,0.0125,xLGC01,"Bekins, B.A., I.M. Cozzarelli, E.M. Godsy, E. Warren, H.I. Essaid, and M.E. Tuccillo, 2001, Progression of natural attenuation processes at a crude oil spill site II. Controls on spatial distribution of microbial populations, J. Contam. Hydrol., 53:387-406.; Cozzarelli, I.M., Bekins, B.A., Baedecker, M.J., Aiken, G.R., Eaganhouse, R.P., and Tuccillo, m.E., 2001, Progression of natural attenuation processes at a crude-oil spill site--I. Geochemical evolution of the plume: Journal of Contaminant Hydrology, v. 53, pp. 369-385.",
ds_10,x9609,9609,9/12/1996,WI,8.76,105,xLO028,1Me3PrBz_mgL,,0.0109,xLGC01,"Bekins, B.A., I.M. Cozzarelli, E.M. Godsy, E. Warren, H.I. Essaid, and M.E. Tuccillo, 2001, Progression of natural attenuation processes at a crude oil spill site II. Controls on spatial distribution of microbial populations, J. Contam. Hydrol., 53:387-406.; Cozzarelli, I.M., Bekins, B.A., Baedecker, M.J., Aiken, G.R., Eaganhouse, R.P., and Tuccillo, m.E., 2001, Progression of natural attenuation processes at a crude-oil spill site--I. Geochemical evolution of the plume: Journal of Contaminant Hydrology, v. 53, pp. 369-385.",
ds_10,x9609,9609,9/12/1996,WI,8.76,105,xLO031,1Me4PrBz_mgL,,0.0098,xLGC01,"Bekins, B.A., I.M. Cozzarelli, E.M. Godsy, E. Warren, H.I. Essaid, and M.E. Tuccillo, 2001, Progression of natural attenuation processes at a crude oil spill site II. Controls on spatial distribution of microbial populations, J. Contam. Hydrol., 53:387-406.; Cozzarelli, I.M., Bekins, B.A., Baedecker, M.J., Aiken, G.R., Eaganhouse, R.P., and Tuccillo, m.E., 2001, Progression of natural attenuation processes at a crude-oil spill site--I. Geochemical evolution of the plume: Journal of Contaminant Hydrology, v. 53, pp. 369-385.",
ds_10,x9609,9609,9/12/1996,WI,8.76,105,xLO020,14DEtBz_mgL,,0.0108,xLGC01,"Bekins, B.A., I.M. Cozzarelli, E.M. Godsy, E. Warren, H.I. Essaid, and M.E. Tuccillo, 2001, Progression of natural attenuation processes at a crude oil spill site II. Controls on spatial distribution of microbial populations, J. Contam. Hydrol., 53:387-406.; Cozzarelli, I.M., Bekins, B.A., Baedecker, M.J., Aiken, G.R., Eaganhouse, R.P., and Tuccillo, m.E., 2001, Progression of natural attenuation processes at a crude-oil spill site--I. Geochemical evolution of the plume: Journal of Contaminant Hydrology, v. 53, pp. 369-385.",
ds_10,x9609,9609,9/12/1996,WI,8.76,105,xLO056,nButylBz_mgL,,0.0138,xLGC01,"Bekins, B.A., I.M. Cozzarelli, E.M. Godsy, E. Warren, H.I. Essaid, and M.E. Tuccillo, 2001, Progression of natural attenuation processes at a crude oil spill site II. Controls on spatial distribution of microbial populations, J. Contam. Hydrol., 53:387-406.; Cozzarelli, I.M., Bekins, B.A., Baedecker, M.J., Aiken, G.R., Eaganhouse, R.P., and Tuccillo, m.E., 2001, Progression of natural attenuation processes at a crude-oil spill site--I. Geochemical evolution of the plume: Journal of Contaminant Hydrology, v. 53, pp. 369-385.",
ds_10,x9609,9609,9/12/1996,WI,8.76,105,xLO019,13DMe5EtBz_mgL,,0.0133,xLGC01,"Bekins, B.A., I.M. Cozzarelli, E.M. Godsy, E. Warren, H.I. Essaid, and M.E. Tuccillo, 2001, Progression of natural attenuation processes at a crude oil spill site II. Controls on spatial distribution of microbial populations, J. Contam. Hydrol., 53:387-406.; Cozzarelli, I.M., Bekins, B.A., Baedecker, M.J., Aiken, G.R., Eaganhouse, R.P., and Tuccillo, m.E., 2001, Progression of natural attenuation processes at a crude-oil spill site--I. Geochemical evolution of the plume: Journal of Contaminant Hydrology, v. 53, pp. 369-385.",
ds_10,x9609,9609,9/12/1996,WI,8.76,105,xLO011,12DEtBz_mgL,,0.0156,xLGC01,"Bekins, B.A., I.M. Cozzarelli, E.M. Godsy, E. Warren, H.I. Essaid, and M.E. Tuccillo, 2001, Progression of natural attenuation processes at a crude oil spill site II. Controls on spatial distribution of microbial populations, J. Contam. Hydrol., 53:387-406.; Cozzarelli, I.M., Bekins, B.A., Baedecker, M.J., Aiken, G.R., Eaganhouse, R.P., and Tuccillo, m.E., 2001, Progression of natural attenuation processes at a crude-oil spill site--I. Geochemical evolution of the plume: Journal of Contaminant Hydrology, v. 53, pp. 369-385.",
ds_10,x9609,9609,9/12/1996,WI,8.76,105,xLO023,1Me2EtBz_mgL,,0.0119,xLGC01,"Bekins, B.A., I.M. Cozzarelli, E.M. Godsy, E. Warren, H.I. Essaid, and M.E. Tuccillo, 2001, Progression of natural attenuation processes at a crude oil spill site II. Controls on spatial distribution of microbial populations, J. Contam. Hydrol., 53:387-406.; Cozzarelli, I.M., Bekins, B.A., Baedecker, M.J., Aiken, G.R., Eaganhouse, R.P., and Tuccillo, m.E., 2001, Progression of natural attenuation processes at a crude-oil spill site--I. Geochemical evolution of the plume: Journal of Contaminant Hydrology, v. 53, pp. 369-385.",
ds_10,x9609,9609,9/12/1996,WI,8.76,105,xLO021,14DMe2EtBz_mgL,,0.0132,xLGC01,"Bekins, B.A., I.M. Cozzarelli, E.M. Godsy, E. Warren, H.I. Essaid, and M.E. Tuccillo, 2001, Progression of natural attenuation processes at a crude oil spill site II. Controls on spatial distribution of microbial populations, J. Contam. Hydrol., 53:387-406.; Cozzarelli, I.M., Bekins, B.A., Baedecker, M.J., Aiken, G.R., Eaganhouse, R.P., and Tuccillo, m.E., 2001, Progression of natural attenuation processes at a crude-oil spill site--I. Geochemical evolution of the plume: Journal of Contaminant Hydrology, v. 53, pp. 369-385.",
ds_10,x9609,9609,9/12/1996,WI,8.76,105,xLO018,13DMe4EtBz_mgL,,0.0066,xLGC01,"Bekins, B.A., I.M. Cozzarelli, E.M. Godsy, E. Warren, H.I. Essaid, and M.E. Tuccillo, 2001, Progression of natural attenuation processes at a crude oil spill site II. Controls on spatial distribution of microbial populations, J. Contam. Hydrol., 53:387-406.; Cozzarelli, I.M., Bekins, B.A., Baedecker, M.J., Aiken, G.R., Eaganhouse, R.P., and Tuccillo, m.E., 2001, Progression of natural attenuation processes at a crude-oil spill site--I. Geochemical evolution of the plume: Journal of Contaminant Hydrology, v. 53, pp. 369-385.",
ds_10,x9609,9609,9/12/1996,WI,8.76,105,xLO013,12DMe4EtBz_mgL,,0.0133,xLGC01,"Bekins, B.A., I.M. Cozzarelli, E.M. Godsy, E. Warren, H.I. Essaid, and M.E. Tuccillo, 2001, Progression of natural attenuation processes at a crude oil spill site II. Controls on spatial distribution of microbial populations, J. Contam. Hydrol., 53:387-406.; Cozzarelli, I.M., Bekins, B.A., Baedecker, M.J., Aiken, G.R., Eaganhouse, R.P., and Tuccillo, m.E., 2001, Progression of natural attenuation processes at a crude-oil spill site--I. Geochemical evolution of the plume: Journal of Contaminant Hydrology, v. 53, pp. 369-385.",
ds_10,x9609,9609,9/12/1996,WI,8.76,105,xLO017,13DMe2EtBz_mgL,,0.0099,xLGC01,"Bekins, B.A., I.M. Cozzarelli, E.M. Godsy, E. Warren, H.I. Essaid, and M.E. Tuccillo, 2001, Progression of natural attenuation processes at a crude oil spill site II. Controls on spatial distribution of microbial populations, J. Contam. Hydrol., 53:387-406.; Cozzarelli, I.M., Bekins, B.A., Baedecker, M.J., Aiken, G.R., Eaganhouse, R.P., and Tuccillo, m.E., 2001, Progression of natural attenuation processes at a crude-oil spill site--I. Geochemical evolution of the plume: Journal of Contaminant Hydrology, v. 53, pp. 369-385.",
ds_10,x9609,9609,9/12/1996,WI,8.76,105,xLO012,12DMe3EtBz_mgL,,0.0116,xLGC01,"Bekins, B.A., I.M. Cozzarelli, E.M. Godsy, E. Warren, H.I. Essaid, and M.E. Tuccillo, 2001, Progression of natural attenuation processes at a crude oil spill site II. Controls on spatial distribution of microbial populations, J. Contam. Hydrol., 53:387-406.; Cozzarelli, I.M., Bekins, B.A., Baedecker, M.J., Aiken, G.R., Eaganhouse, R.P., and Tuccillo, m.E., 2001, Progression of natural attenuation processes at a crude-oil spill site--I. Geochemical evolution of the plume: Journal of Contaminant Hydrology, v. 53, pp. 369-385.",
ds_10,x9609,9609,9/12/1996,WI,8.76,105,xLO008,1245TMeBz_mgL,,0.0107,xLGC01,"Bekins, B.A., I.M. Cozzarelli, E.M. Godsy, E. Warren, H.I. Essaid, and M.E. Tuccillo, 2001, Progression of natural attenuation processes at a crude oil spill site II. Controls on spatial distribution of microbial populations, J. Contam. Hydrol., 53:387-406.; Cozzarelli, I.M., Bekins, B.A., Baedecker, M.J., Aiken, G.R., Eaganhouse, R.P., and Tuccillo, m.E., 2001, Progression of natural attenuation processes at a crude-oil spill site--I. Geochemical evolution of the plume: Journal of Contaminant Hydrology, v. 53, pp. 369-385.",
ds_10,x9609,9609,9/12/1996,WI,8.76,105,xLO004,1235TMeBz_mgL,,0.0207,xLGC01,"Bekins, B.A., I.M. Cozzarelli, E.M. Godsy, E. Warren, H.I. Essaid, and M.E. Tuccillo, 2001, Progression of natural attenuation processes at a crude oil spill site II. Controls on spatial distribution of microbial populations, J. Contam. Hydrol., 53:387-406.; Cozzarelli, I.M., Bekins, B.A., Baedecker, M.J., Aiken, G.R., Eaganhouse, R.P., and Tuccillo, m.E., 2001, Progression of natural attenuation processes at a crude-oil spill site--I. Geochemical evolution of the plume: Journal of Contaminant Hydrology, v. 53, pp. 369-385.",
ds_10,x9609,9609,9/12/1996,WI,8.76,105,xLO002,1234TMeBz_mgL,,0.0614,xLGC01,"Bekins, B.A., I.M. Cozzarelli, E.M. Godsy, E. Warren, H.I. Essaid, and M.E. Tuccillo, 2001, Progression of natural attenuation processes at a crude oil spill site II. Controls on spatial distribution of microbial populations, J. Contam. Hydrol., 53:387-406.; Cozzarelli, I.M., Bekins, B.A., Baedecker, M.J., Aiken, G.R., Eaganhouse, R.P., and Tuccillo, m.E., 2001, Progression of natural attenuation processes at a crude-oil spill site--I. Geochemical evolution of the plume: Journal of Contaminant Hydrology, v. 53, pp. 369-385.",
ds_10,x9609,9609,9/12/1996,WI,8.76,105,xLO035,BTEX_mgL,,6.1206,xLCA03,"Bekins, B.A., I.M. Cozzarelli, E.M. Godsy, E. Warren, H.I. Essaid, and M.E. Tuccillo, 2001, Progression of natural attenuation processes at a crude oil spill site II. Controls on spatial distribution of microbial populations, J. Contam. Hydrol., 53:387-406.; Cozzarelli, I.M., Bekins, B.A., Baedecker, M.J., Aiken, G.R., Eaganhouse, R.P., and Tuccillo, m.E., 2001, Progression of natural attenuation processes at a crude-oil spill site--I. Geochemical evolution of the plume: Journal of Contaminant Hydrology, v. 53, pp. 369-385.",
ds_10,x9607,9607II,9/11/1996,WI,11.05,190,xLS441,1MePrBz_mgL,,0.00091,xLGC01,"Bekins, B.A., I.M. Cozzarelli, E.M. Godsy, E. Warren, H.I. Essaid, and M.E. Tuccillo, 2001, Progression of natural attenuation processes at a crude oil spill site II. Controls on spatial distribution of microbial populations, J. Contam. Hydrol., 53:387-406.; Cozzarelli, I.M., Bekins, B.A., Baedecker, M.J., Aiken, G.R., Eaganhouse, R.P., and Tuccillo, m.E., 2001, Progression of natural attenuation processes at a crude-oil spill site--I. Geochemical evolution of the plume: Journal of Contaminant Hydrology, v. 53, pp. 369-385.",
ds_10,x9609,9609,9/12/1996,WI,8.76,120,x46123,Fe_2_mgL,,3.34,xLC006,"Bekins, B.A., I.M. Cozzarelli, E.M. Godsy, E. Warren, H.I. Essaid, and M.E. Tuccillo, 2001, Progression of natural attenuation processes at a crude oil spill site II. Controls on spatial distribution of microbial populations, J. Contam. Hydrol., 53:387-406.; Cozzarelli, I.M., Bekins, B.A., Baedecker, M.J., Aiken, G.R., Eaganhouse, R.P., and Tuccillo, m.E., 2001, Progression of natural attenuation processes at a crude-oil spill site--I. Geochemical evolution of the plume: Journal of Contaminant Hydrology, v. 53, pp. 369-385.",
ds_10,x9609,9609,9/12/1996,WI,8.76,120,x68831,CH4_mgL,,11.9,xLC005,"Bekins, B.A., I.M. Cozzarelli, E.M. Godsy, E. Warren, H.I. Essaid, and M.E. Tuccillo, 2001, Progression of natural attenuation processes at a crude oil spill site II. Controls on spatial distribution of microbial populations, J. Contam. Hydrol., 53:387-406.; Cozzarelli, I.M., Bekins, B.A., Baedecker, M.J., Aiken, G.R., Eaganhouse, R.P., and Tuccillo, m.E., 2001, Progression of natural attenuation processes at a crude-oil spill site--I. Geochemical evolution of the plume: Journal of Contaminant Hydrology, v. 53, pp. 369-385.",
ds_10,x9609,9609,9/12/1996,WI,8.76,120,xLO065,NVDOC_mgL,adl,371.9,xLCID2,"Bekins, B.A., I.M. Cozzarelli, E.M. Godsy, E. Warren, H.I. Essaid, and M.E. Tuccillo, 2001, Progression of natural attenuation processes at a crude oil spill site II. Controls on spatial distribution of microbial populations, J. Contam. Hydrol., 53:387-406.; Cozzarelli, I.M., Bekins, B.A., Baedecker, M.J., Aiken, G.R., Eaganhouse, R.P., and Tuccillo, m.E., 2001, Progression of natural attenuation processes at a crude-oil spill site--I. Geochemical evolution of the plume: Journal of Contaminant Hydrology, v. 53, pp. 369-385.",
ds_10,x9609,9609,9/12/1996,WI,8.76,120,xLO037,Bz_mgL,,4.241,xLGC01,"Bekins, B.A., I.M. Cozzarelli, E.M. Godsy, E. Warren, H.I. Essaid, and M.E. Tuccillo, 2001, Progression of natural attenuation processes at a crude oil spill site II. Controls on spatial distribution of microbial populations, J. Contam. Hydrol., 53:387-406.; Cozzarelli, I.M., Bekins, B.A., Baedecker, M.J., Aiken, G.R., Eaganhouse, R.P., and Tuccillo, m.E., 2001, Progression of natural attenuation processes at a crude-oil spill site--I. Geochemical evolution of the plume: Journal of Contaminant Hydrology, v. 53, pp. 369-385.",
ds_10,x9609,9609,9/12/1996,WI,8.76,120,xLO073,Tol_mgL,,0.0139,xLGC01,"Bekins, B.A., I.M. Cozzarelli, E.M. Godsy, E. Warren, H.I. Essaid, and M.E. Tuccillo, 2001, Progression of natural attenuation processes at a crude oil spill site II. Controls on spatial distribution of microbial populations, J. Contam. Hydrol., 53:387-406.; Cozzarelli, I.M., Bekins, B.A., Baedecker, M.J., Aiken, G.R., Eaganhouse, R.P., and Tuccillo, m.E., 2001, Progression of natural attenuation processes at a crude-oil spill site--I. Geochemical evolution of the plume: Journal of Contaminant Hydrology, v. 53, pp. 369-385.",
ds_10,x9609,9609,9/12/1996,WI,8.76,120,xLO042,EtBz_mgL,,0.1026,xLGC01,"Bekins, B.A., I.M. Cozzarelli, E.M. Godsy, E. Warren, H.I. Essaid, and M.E. Tuccillo, 2001, Progression of natural attenuation processes at a crude oil spill site II. Controls on spatial distribution of microbial populations, J. Contam. Hydrol., 53:387-406.; Cozzarelli, I.M., Bekins, B.A., Baedecker, M.J., Aiken, G.R., Eaganhouse, R.P., and Tuccillo, m.E., 2001, Progression of natural attenuation processes at a crude-oil spill site--I. Geochemical evolution of the plume: Journal of Contaminant Hydrology, v. 53, pp. 369-385.",
ds_10,x9609,9609,9/12/1996,WI,8.76,120,xLO052,mpxyl_mgL,,0.0879,xLGC01,"Bekins, B.A., I.M. Cozzarelli, E.M. Godsy, E. Warren, H.I. Essaid, and M.E. Tuccillo, 2001, Progression of natural attenuation processes at a crude oil spill site II. Controls on spatial distribution of microbial populations, J. Contam. Hydrol., 53:387-406.; Cozzarelli, I.M., Bekins, B.A., Baedecker, M.J., Aiken, G.R., Eaganhouse, R.P., and Tuccillo, m.E., 2001, Progression of natural attenuation processes at a crude-oil spill site--I. Geochemical evolution of the plume: Journal of Contaminant Hydrology, v. 53, pp. 369-385.",
ds_10,x9609,9609,9/12/1996,WI,8.76,120,xLO067,oxyl_mgL,,0.0081,xLGC01,"Bekins, B.A., I.M. Cozzarelli, E.M. Godsy, E. Warren, H.I. Essaid, and M.E. Tuccillo, 2001, Progression of natural attenuation processes at a crude oil spill site II. Controls on spatial distribution of microbial populations, J. Contam. Hydrol., 53:387-406.; Cozzarelli, I.M., Bekins, B.A., Baedecker, M.J., Aiken, G.R., Eaganhouse, R.P., and Tuccillo, m.E., 2001, Progression of natural attenuation processes at a crude-oil spill site--I. Geochemical evolution of the plume: Journal of Contaminant Hydrology, v. 53, pp. 369-385.",
ds_10,x9609,9609,9/12/1996,WI,8.76,120,xLO050,IsoPrBz_mgL,,0.0129,xLGC01,"Bekins, B.A., I.M. Cozzarelli, E.M. Godsy, E. Warren, H.I. Essaid, and M.E. Tuccillo, 2001, Progression of natural attenuation processes at a crude oil spill site II. Controls on spatial distribution of microbial populations, J. Contam. Hydrol., 53:387-406.; Cozzarelli, I.M., Bekins, B.A., Baedecker, M.J., Aiken, G.R., Eaganhouse, R.P., and Tuccillo, m.E., 2001, Progression of natural attenuation processes at a crude-oil spill site--I. Geochemical evolution of the plume: Journal of Contaminant Hydrology, v. 53, pp. 369-385.",
ds_10,x9609,9609,9/12/1996,WI,8.76,120,xLO064,nPrBz_mgL,,0.0091,xLGC01,"Bekins, B.A., I.M. Cozzarelli, E.M. Godsy, E. Warren, H.I. Essaid, and M.E. Tuccillo, 2001, Progression of natural attenuation processes at a crude oil spill site II. Controls on spatial distribution of microbial populations, J. Contam. Hydrol., 53:387-406.; Cozzarelli, I.M., Bekins, B.A., Baedecker, M.J., Aiken, G.R., Eaganhouse, R.P., and Tuccillo, m.E., 2001, Progression of natural attenuation processes at a crude-oil spill site--I. Geochemical evolution of the plume: Journal of Contaminant Hydrology, v. 53, pp. 369-385.",
ds_10,x9607,9607II,9/11/1996,WI,11.05,190,xLS442,2MePrBz_mgL,,0.00107,xLGC01,"Bekins, B.A., I.M. Cozzarelli, E.M. Godsy, E. Warren, H.I. Essaid, and M.E. Tuccillo, 2001, Progression of natural attenuation processes at a crude oil spill site II. Controls on spatial distribution of microbial populations, J. Contam. Hydrol., 53:387-406.; Cozzarelli, I.M., Bekins, B.A., Baedecker, M.J., Aiken, G.R., Eaganhouse, R.P., and Tuccillo, m.E., 2001, Progression of natural attenuation processes at a crude-oil spill site--I. Geochemical evolution of the plume: Journal of Contaminant Hydrology, v. 53, pp. 369-385.",
ds_10,x9607,9607II,9/11/1996,WI,11.05,190,xLD443,TotAlkylBz_mgL,,1.1529,xLCA06,"Bekins, B.A., I.M. Cozzarelli, E.M. Godsy, E. Warren, H.I. Essaid, and M.E. Tuccillo, 2001, Progression of natural attenuation processes at a crude oil spill site II. Controls on spatial distribution of microbial populations, J. Contam. Hydrol., 53:387-406.; Cozzarelli, I.M., Bekins, B.A., Baedecker, M.J., Aiken, G.R., Eaganhouse, R.P., and Tuccillo, m.E., 2001, Progression of natural attenuation processes at a crude-oil spill site--I. Geochemical evolution of the plume: Journal of Contaminant Hydrology, v. 53, pp. 369-385.",
ds_10,x9609,9609,9/12/1996,WI,8.76,120,xLO015,135TMeBz_mgL,,0.0227,xLGC01,"Bekins, B.A., I.M. Cozzarelli, E.M. Godsy, E. Warren, H.I. Essaid, and M.E. Tuccillo, 2001, Progression of natural attenuation processes at a crude oil spill site II. Controls on spatial distribution of microbial populations, J. Contam. Hydrol., 53:387-406.; Cozzarelli, I.M., Bekins, B.A., Baedecker, M.J., Aiken, G.R., Eaganhouse, R.P., and Tuccillo, m.E., 2001, Progression of natural attenuation processes at a crude-oil spill site--I. Geochemical evolution of the plume: Journal of Contaminant Hydrology, v. 53, pp. 369-385.",
ds_10,x9608,9608,9/12/1996,WI,8.76,0,xLD443,TotAlkylBz_mgL,,0.7087,xLCA06,"Bekins, B.A., I.M. Cozzarelli, E.M. Godsy, E. Warren, H.I. Essaid, and M.E. Tuccillo, 2001, Progression of natural attenuation processes at a crude oil spill site II. Controls on spatial distribution of microbial populations, J. Contam. Hydrol., 53:387-406.; Cozzarelli, I.M., Bekins, B.A., Baedecker, M.J., Aiken, G.R., Eaganhouse, R.P., and Tuccillo, m.E., 2001, Progression of natural attenuation processes at a crude-oil spill site--I. Geochemical evolution of the plume: Journal of Contaminant Hydrology, v. 53, pp. 369-385.",
ds_10,x9608,9608,9/12/1996,WI,8.76,45,xLD443,TotAlkylBz_mgL,,1.8437,xLCA06,"Bekins, B.A., I.M. Cozzarelli, E.M. Godsy, E. Warren, H.I. Essaid, and M.E. Tuccillo, 2001, Progression of natural attenuation processes at a crude oil spill site II. Controls on spatial distribution of microbial populations, J. Contam. Hydrol., 53:387-406.; Cozzarelli, I.M., Bekins, B.A., Baedecker, M.J., Aiken, G.R., Eaganhouse, R.P., and Tuccillo, m.E., 2001, Progression of natural attenuation processes at a crude-oil spill site--I. Geochemical evolution of the plume: Journal of Contaminant Hydrology, v. 53, pp. 369-385.",
ds_10,x9609,9609,9/12/1996,WI,8.76,120,xLO010,124TMeBz_mgL,,0.0473,xLGC01,"Bekins, B.A., I.M. Cozzarelli, E.M. Godsy, E. Warren, H.I. Essaid, and M.E. Tuccillo, 2001, Progression of natural attenuation processes at a crude oil spill site II. Controls on spatial distribution of microbial populations, J. Contam. Hydrol., 53:387-406.; Cozzarelli, I.M., Bekins, B.A., Baedecker, M.J., Aiken, G.R., Eaganhouse, R.P., and Tuccillo, m.E., 2001, Progression of natural attenuation processes at a crude-oil spill site--I. Geochemical evolution of the plume: Journal of Contaminant Hydrology, v. 53, pp. 369-385.",
ds_10,x9608,9608,9/12/1996,WI,8.76,60,xLD443,TotAlkylBz_mgL,,2.9611,xLCA06,"Bekins, B.A., I.M. Cozzarelli, E.M. Godsy, E. Warren, H.I. Essaid, and M.E. Tuccillo, 2001, Progression of natural attenuation processes at a crude oil spill site II. Controls on spatial distribution of microbial populations, J. Contam. Hydrol., 53:387-406.; Cozzarelli, I.M., Bekins, B.A., Baedecker, M.J., Aiken, G.R., Eaganhouse, R.P., and Tuccillo, m.E., 2001, Progression of natural attenuation processes at a crude-oil spill site--I. Geochemical evolution of the plume: Journal of Contaminant Hydrology, v. 53, pp. 369-385.",
ds_10,x9608,9608,9/12/1996,WI,8.76,75,xLD443,TotAlkylBz_mgL,,1.655,xLCA06,"Bekins, B.A., I.M. Cozzarelli, E.M. Godsy, E. Warren, H.I. Essaid, and M.E. Tuccillo, 2001, Progression of natural attenuation processes at a crude oil spill site II. Controls on spatial distribution of microbial populations, J. Contam. Hydrol., 53:387-406.; Cozzarelli, I.M., Bekins, B.A., Baedecker, M.J., Aiken, G.R., Eaganhouse, R.P., and Tuccillo, m.E., 2001, Progression of natural attenuation processes at a crude-oil spill site--I. Geochemical evolution of the plume: Journal of Contaminant Hydrology, v. 53, pp. 369-385.",
ds_10,x9609,9609,9/12/1996,WI,8.76,120,xLO006,123TMeBz_mgL,,0.011,xLGC01,"Bekins, B.A., I.M. Cozzarelli, E.M. Godsy, E. Warren, H.I. Essaid, and M.E. Tuccillo, 2001, Progression of natural attenuation processes at a crude oil spill site II. Controls on spatial distribution of microbial populations, J. Contam. Hydrol., 53:387-406.; Cozzarelli, I.M., Bekins, B.A., Baedecker, M.J., Aiken, G.R., Eaganhouse, R.P., and Tuccillo, m.E., 2001, Progression of natural attenuation processes at a crude-oil spill site--I. Geochemical evolution of the plume: Journal of Contaminant Hydrology, v. 53, pp. 369-385.",
ds_10,x9609,9609,9/12/1996,WI,8.76,120,xLO027,1Me3IsoPrBz_mgL,,0.0056,xLGC01,"Bekins, B.A., I.M. Cozzarelli, E.M. Godsy, E. Warren, H.I. Essaid, and M.E. Tuccillo, 2001, Progression of natural attenuation processes at a crude oil spill site II. Controls on spatial distribution of microbial populations, J. Contam. Hydrol., 53:387-406.; Cozzarelli, I.M., Bekins, B.A., Baedecker, M.J., Aiken, G.R., Eaganhouse, R.P., and Tuccillo, m.E., 2001, Progression of natural attenuation processes at a crude-oil spill site--I. Geochemical evolution of the plume: Journal of Contaminant Hydrology, v. 53, pp. 369-385.",
ds_10,x9609,9609,9/12/1996,WI,8.76,120,xLO030,1Me4IsoPrBz_mgL,,0.0034,xLGC01,"Bekins, B.A., I.M. Cozzarelli, E.M. Godsy, E. Warren, H.I. Essaid, and M.E. Tuccillo, 2001, Progression of natural attenuation processes at a crude oil spill site II. Controls on spatial distribution of microbial populations, J. Contam. Hydrol., 53:387-406.; Cozzarelli, I.M., Bekins, B.A., Baedecker, M.J., Aiken, G.R., Eaganhouse, R.P., and Tuccillo, m.E., 2001, Progression of natural attenuation processes at a crude-oil spill site--I. Geochemical evolution of the plume: Journal of Contaminant Hydrology, v. 53, pp. 369-385.",
ds_10,x9609,9609,9/12/1996,WI,8.76,120,xLO024,1Me2IsoPrBz_mgL,,0.0017,xLGC01,"Bekins, B.A., I.M. Cozzarelli, E.M. Godsy, E. Warren, H.I. Essaid, and M.E. Tuccillo, 2001, Progression of natural attenuation processes at a crude oil spill site II. Controls on spatial distribution of microbial populations, J. Contam. Hydrol., 53:387-406.; Cozzarelli, I.M., Bekins, B.A., Baedecker, M.J., Aiken, G.R., Eaganhouse, R.P., and Tuccillo, m.E., 2001, Progression of natural attenuation processes at a crude-oil spill site--I. Geochemical evolution of the plume: Journal of Contaminant Hydrology, v. 53, pp. 369-385.",
ds_10,x9609,9609,9/12/1996,WI,8.76,120,xLO016,13DEtBz_mgL,,0.0044,xLGC01,"Bekins, B.A., I.M. Cozzarelli, E.M. Godsy, E. Warren, H.I. Essaid, and M.E. Tuccillo, 2001, Progression of natural attenuation processes at a crude oil spill site II. Controls on spatial distribution of microbial populations, J. Contam. Hydrol., 53:387-406.; Cozzarelli, I.M., Bekins, B.A., Baedecker, M.J., Aiken, G.R., Eaganhouse, R.P., and Tuccillo, m.E., 2001, Progression of natural attenuation processes at a crude-oil spill site--I. Geochemical evolution of the plume: Journal of Contaminant Hydrology, v. 53, pp. 369-385.",
ds_10,x9609,9609,9/12/1996,WI,8.76,120,xLO028,1Me3PrBz_mgL,,5.00E-04,xLGC01,"Bekins, B.A., I.M. Cozzarelli, E.M. Godsy, E. Warren, H.I. Essaid, and M.E. Tuccillo, 2001, Progression of natural attenuation processes at a crude oil spill site II. Controls on spatial distribution of microbial populations, J. Contam. Hydrol., 53:387-406.; Cozzarelli, I.M., Bekins, B.A., Baedecker, M.J., Aiken, G.R., Eaganhouse, R.P., and Tuccillo, m.E., 2001, Progression of natural attenuation processes at a crude-oil spill site--I. Geochemical evolution of the plume: Journal of Contaminant Hydrology, v. 53, pp. 369-385.",
ds_10,x9609,9609,9/12/1996,WI,8.76,120,xLO031,1Me4PrBz_mgL,,0.0011,xLGC01,"Bekins, B.A., I.M. Cozzarelli, E.M. Godsy, E. Warren, H.I. Essaid, and M.E. Tuccillo, 2001, Progression of natural attenuation processes at a crude oil spill site II. Controls on spatial distribution of microbial populations, J. Contam. Hydrol., 53:387-406.; Cozzarelli, I.M., Bekins, B.A., Baedecker, M.J., Aiken, G.R., Eaganhouse, R.P., and Tuccillo, m.E., 2001, Progression of natural attenuation processes at a crude-oil spill site--I. Geochemical evolution of the plume: Journal of Contaminant Hydrology, v. 53, pp. 369-385.",
ds_10,x9609,9609,9/12/1996,WI,8.76,120,xLO020,14DEtBz_mgL,,0.0113,xLGC01,"Bekins, B.A., I.M. Cozzarelli, E.M. Godsy, E. Warren, H.I. Essaid, and M.E. Tuccillo, 2001, Progression of natural attenuation processes at a crude oil spill site II. Controls on spatial distribution of microbial populations, J. Contam. Hydrol., 53:387-406.; Cozzarelli, I.M., Bekins, B.A., Baedecker, M.J., Aiken, G.R., Eaganhouse, R.P., and Tuccillo, m.E., 2001, Progression of natural attenuation processes at a crude-oil spill site--I. Geochemical evolution of the plume: Journal of Contaminant Hydrology, v. 53, pp. 369-385.",
ds_10,x9609,9609,9/12/1996,WI,8.76,120,xLO056,nButylBz_mgL,,0.0061,xLGC01,"Bekins, B.A., I.M. Cozzarelli, E.M. Godsy, E. Warren, H.I. Essaid, and M.E. Tuccillo, 2001, Progression of natural attenuation processes at a crude oil spill site II. Controls on spatial distribution of microbial populations, J. Contam. Hydrol., 53:387-406.; Cozzarelli, I.M., Bekins, B.A., Baedecker, M.J., Aiken, G.R., Eaganhouse, R.P., and Tuccillo, m.E., 2001, Progression of natural attenuation processes at a crude-oil spill site--I. Geochemical evolution of the plume: Journal of Contaminant Hydrology, v. 53, pp. 369-385.",
ds_10,x9609,9609,9/12/1996,WI,8.76,120,xLO019,13DMe5EtBz_mgL,,0.0044,xLGC01,"Bekins, B.A., I.M. Cozzarelli, E.M. Godsy, E. Warren, H.I. Essaid, and M.E. Tuccillo, 2001, Progression of natural attenuation processes at a crude oil spill site II. Controls on spatial distribution of microbial populations, J. Contam. Hydrol., 53:387-406.; Cozzarelli, I.M., Bekins, B.A., Baedecker, M.J., Aiken, G.R., Eaganhouse, R.P., and Tuccillo, m.E., 2001, Progression of natural attenuation processes at a crude-oil spill site--I. Geochemical evolution of the plume: Journal of Contaminant Hydrology, v. 53, pp. 369-385.",
ds_10,x9609,9609,9/12/1996,WI,8.76,120,xLO011,12DEtBz_mgL,,0.0037,xLGC01,"Bekins, B.A., I.M. Cozzarelli, E.M. Godsy, E. Warren, H.I. Essaid, and M.E. Tuccillo, 2001, Progression of natural attenuation processes at a crude oil spill site II. Controls on spatial distribution of microbial populations, J. Contam. Hydrol., 53:387-406.; Cozzarelli, I.M., Bekins, B.A., Baedecker, M.J., Aiken, G.R., Eaganhouse, R.P., and Tuccillo, m.E., 2001, Progression of natural attenuation processes at a crude-oil spill site--I. Geochemical evolution of the plume: Journal of Contaminant Hydrology, v. 53, pp. 369-385.",
ds_10,x9609,9609,9/12/1996,WI,8.76,120,xLO023,1Me2EtBz_mgL,,0.0024,xLGC01,"Bekins, B.A., I.M. Cozzarelli, E.M. Godsy, E. Warren, H.I. Essaid, and M.E. Tuccillo, 2001, Progression of natural attenuation processes at a crude oil spill site II. Controls on spatial distribution of microbial populations, J. Contam. Hydrol., 53:387-406.; Cozzarelli, I.M., Bekins, B.A., Baedecker, M.J., Aiken, G.R., Eaganhouse, R.P., and Tuccillo, m.E., 2001, Progression of natural attenuation processes at a crude-oil spill site--I. Geochemical evolution of the plume: Journal of Contaminant Hydrology, v. 53, pp. 369-385.",
ds_10,x9609,9609,9/12/1996,WI,8.76,120,xLO021,14DMe2EtBz_mgL,,0.004,xLGC01,"Bekins, B.A., I.M. Cozzarelli, E.M. Godsy, E. Warren, H.I. Essaid, and M.E. Tuccillo, 2001, Progression of natural attenuation processes at a crude oil spill site II. Controls on spatial distribution of microbial populations, J. Contam. Hydrol., 53:387-406.; Cozzarelli, I.M., Bekins, B.A., Baedecker, M.J., Aiken, G.R., Eaganhouse, R.P., and Tuccillo, m.E., 2001, Progression of natural attenuation processes at a crude-oil spill site--I. Geochemical evolution of the plume: Journal of Contaminant Hydrology, v. 53, pp. 369-385.",
ds_10,x9609,9609,9/12/1996,WI,8.76,120,xLO018,13DMe4EtBz_mgL,,0.0037,xLGC01,"Bekins, B.A., I.M. Cozzarelli, E.M. Godsy, E. Warren, H.I. Essaid, and M.E. Tuccillo, 2001, Progression of natural attenuation processes at a crude oil spill site II. Controls on spatial distribution of microbial populations, J. Contam. Hydrol., 53:387-406.; Cozzarelli, I.M., Bekins, B.A., Baedecker, M.J., Aiken, G.R., Eaganhouse, R.P., and Tuccillo, m.E., 2001, Progression of natural attenuation processes at a crude-oil spill site--I. Geochemical evolution of the plume: Journal of Contaminant Hydrology, v. 53, pp. 369-385.",
ds_10,x9609,9609,9/12/1996,WI,8.76,120,xLO013,12DMe4EtBz_mgL,,0.0042,xLGC01,"Bekins, B.A., I.M. Cozzarelli, E.M. Godsy, E. Warren, H.I. Essaid, and M.E. Tuccillo, 2001, Progression of natural attenuation processes at a crude oil spill site II. Controls on spatial distribution of microbial populations, J. Contam. Hydrol., 53:387-406.; Cozzarelli, I.M., Bekins, B.A., Baedecker, M.J., Aiken, G.R., Eaganhouse, R.P., and Tuccillo, m.E., 2001, Progression of natural attenuation processes at a crude-oil spill site--I. Geochemical evolution of the plume: Journal of Contaminant Hydrology, v. 53, pp. 369-385.",
ds_10,x9609,9609,9/12/1996,WI,8.76,120,xLO017,13DMe2EtBz_mgL,,0.0035,xLGC01,"Bekins, B.A., I.M. Cozzarelli, E.M. Godsy, E. Warren, H.I. Essaid, and M.E. Tuccillo, 2001, Progression of natural attenuation processes at a crude oil spill site II. Controls on spatial distribution of microbial populations, J. Contam. Hydrol., 53:387-406.; Cozzarelli, I.M., Bekins, B.A., Baedecker, M.J., Aiken, G.R., Eaganhouse, R.P., and Tuccillo, m.E., 2001, Progression of natural attenuation processes at a crude-oil spill site--I. Geochemical evolution of the plume: Journal of Contaminant Hydrology, v. 53, pp. 369-385.",
ds_10,x9609,9609,9/12/1996,WI,8.76,120,xLO012,12DMe3EtBz_mgL,,0.0021,xLGC01,"Bekins, B.A., I.M. Cozzarelli, E.M. Godsy, E. Warren, H.I. Essaid, and M.E. Tuccillo, 2001, Progression of natural attenuation processes at a crude oil spill site II. Controls on spatial distribution of microbial populations, J. Contam. Hydrol., 53:387-406.; Cozzarelli, I.M., Bekins, B.A., Baedecker, M.J., Aiken, G.R., Eaganhouse, R.P., and Tuccillo, m.E., 2001, Progression of natural attenuation processes at a crude-oil spill site--I. Geochemical evolution of the plume: Journal of Contaminant Hydrology, v. 53, pp. 369-385.",
ds_10,x9609,9609,9/12/1996,WI,8.76,120,xLO008,1245TMeBz_mgL,,0.0029,xLGC01,"Bekins, B.A., I.M. Cozzarelli, E.M. Godsy, E. Warren, H.I. Essaid, and M.E. Tuccillo, 2001, Progression of natural attenuation processes at a crude oil spill site II. Controls on spatial distribution of microbial populations, J. Contam. Hydrol., 53:387-406.; Cozzarelli, I.M., Bekins, B.A., Baedecker, M.J., Aiken, G.R., Eaganhouse, R.P., and Tuccillo, m.E., 2001, Progression of natural attenuation processes at a crude-oil spill site--I. Geochemical evolution of the plume: Journal of Contaminant Hydrology, v. 53, pp. 369-385.",
ds_10,x9609,9609,9/12/1996,WI,8.76,120,xLO004,1235TMeBz_mgL,,0.0083,xLGC01,"Bekins, B.A., I.M. Cozzarelli, E.M. Godsy, E. Warren, H.I. Essaid, and M.E. Tuccillo, 2001, Progression of natural attenuation processes at a crude oil spill site II. Controls on spatial distribution of microbial populations, J. Contam. Hydrol., 53:387-406.; Cozzarelli, I.M., Bekins, B.A., Baedecker, M.J., Aiken, G.R., Eaganhouse, R.P., and Tuccillo, m.E., 2001, Progression of natural attenuation processes at a crude-oil spill site--I. Geochemical evolution of the plume: Journal of Contaminant Hydrology, v. 53, pp. 369-385.",
ds_10,x9609,9609,9/12/1996,WI,8.76,120,xLO002,1234TMeBz_mgL,,0.0266,xLGC01,"Bekins, B.A., I.M. Cozzarelli, E.M. Godsy, E. Warren, H.I. Essaid, and M.E. Tuccillo, 2001, Progression of natural attenuation processes at a crude oil spill site II. Controls on spatial distribution of microbial populations, J. Contam. Hydrol., 53:387-406.; Cozzarelli, I.M., Bekins, B.A., Baedecker, M.J., Aiken, G.R., Eaganhouse, R.P., and Tuccillo, m.E., 2001, Progression of natural attenuation processes at a crude-oil spill site--I. Geochemical evolution of the plume: Journal of Contaminant Hydrology, v. 53, pp. 369-385.",
ds_10,x9609,9609,9/12/1996,WI,8.76,120,xLO035,BTEX_mgL,,4.4535,xLCA03,"Bekins, B.A., I.M. Cozzarelli, E.M. Godsy, E. Warren, H.I. Essaid, and M.E. Tuccillo, 2001, Progression of natural attenuation processes at a crude oil spill site II. Controls on spatial distribution of microbial populations, J. Contam. Hydrol., 53:387-406.; Cozzarelli, I.M., Bekins, B.A., Baedecker, M.J., Aiken, G.R., Eaganhouse, R.P., and Tuccillo, m.E., 2001, Progression of natural attenuation processes at a crude-oil spill site--I. Geochemical evolution of the plume: Journal of Contaminant Hydrology, v. 53, pp. 369-385.",
ds_10,x9608,9608,9/12/1996,WI,8.76,90,xLD443,TotAlkylBz_mgL,,1.1895,xLCA06,"Bekins, B.A., I.M. Cozzarelli, E.M. Godsy, E. Warren, H.I. Essaid, and M.E. Tuccillo, 2001, Progression of natural attenuation processes at a crude oil spill site II. Controls on spatial distribution of microbial populations, J. Contam. Hydrol., 53:387-406.; Cozzarelli, I.M., Bekins, B.A., Baedecker, M.J., Aiken, G.R., Eaganhouse, R.P., and Tuccillo, m.E., 2001, Progression of natural attenuation processes at a crude-oil spill site--I. Geochemical evolution of the plume: Journal of Contaminant Hydrology, v. 53, pp. 369-385.",
ds_10,x9609,9609,9/12/1996,WI,8.76,135,x46123,Fe_2_mgL,,0.0793,xLC006,"Bekins, B.A., I.M. Cozzarelli, E.M. Godsy, E. Warren, H.I. Essaid, and M.E. Tuccillo, 2001, Progression of natural attenuation processes at a crude oil spill site II. Controls on spatial distribution of microbial populations, J. Contam. Hydrol., 53:387-406.; Cozzarelli, I.M., Bekins, B.A., Baedecker, M.J., Aiken, G.R., Eaganhouse, R.P., and Tuccillo, m.E., 2001, Progression of natural attenuation processes at a crude-oil spill site--I. Geochemical evolution of the plume: Journal of Contaminant Hydrology, v. 53, pp. 369-385.",
ds_10,x9609,9609,9/12/1996,WI,8.76,135,x68831,CH4_mgL,,11.42,xLC005,"Bekins, B.A., I.M. Cozzarelli, E.M. Godsy, E. Warren, H.I. Essaid, and M.E. Tuccillo, 2001, Progression of natural attenuation processes at a crude oil spill site II. Controls on spatial distribution of microbial populations, J. Contam. Hydrol., 53:387-406.; Cozzarelli, I.M., Bekins, B.A., Baedecker, M.J., Aiken, G.R., Eaganhouse, R.P., and Tuccillo, m.E., 2001, Progression of natural attenuation processes at a crude-oil spill site--I. Geochemical evolution of the plume: Journal of Contaminant Hydrology, v. 53, pp. 369-385.",
ds_10,x9609,9609,9/12/1996,WI,8.76,135,xLO065,NVDOC_mgL,,38.4,xLCID2,"Bekins, B.A., I.M. Cozzarelli, E.M. Godsy, E. Warren, H.I. Essaid, and M.E. Tuccillo, 2001, Progression of natural attenuation processes at a crude oil spill site II. Controls on spatial distribution of microbial populations, J. Contam. Hydrol., 53:387-406.; Cozzarelli, I.M., Bekins, B.A., Baedecker, M.J., Aiken, G.R., Eaganhouse, R.P., and Tuccillo, m.E., 2001, Progression of natural attenuation processes at a crude-oil spill site--I. Geochemical evolution of the plume: Journal of Contaminant Hydrology, v. 53, pp. 369-385.",
ds_10,x9609,9609,9/12/1996,WI,8.76,135,xLO037,Bz_mgL,,3.3863,xLGC01,"Bekins, B.A., I.M. Cozzarelli, E.M. Godsy, E. Warren, H.I. Essaid, and M.E. Tuccillo, 2001, Progression of natural attenuation processes at a crude oil spill site II. Controls on spatial distribution of microbial populations, J. Contam. Hydrol., 53:387-406.; Cozzarelli, I.M., Bekins, B.A., Baedecker, M.J., Aiken, G.R., Eaganhouse, R.P., and Tuccillo, m.E., 2001, Progression of natural attenuation processes at a crude-oil spill site--I. Geochemical evolution of the plume: Journal of Contaminant Hydrology, v. 53, pp. 369-385.",
ds_10,x9609,9609,9/12/1996,WI,8.76,135,xLO073,Tol_mgL,,0.0115,xLGC01,"Bekins, B.A., I.M. Cozzarelli, E.M. Godsy, E. Warren, H.I. Essaid, and M.E. Tuccillo, 2001, Progression of natural attenuation processes at a crude oil spill site II. Controls on spatial distribution of microbial populations, J. Contam. Hydrol., 53:387-406.; Cozzarelli, I.M., Bekins, B.A., Baedecker, M.J., Aiken, G.R., Eaganhouse, R.P., and Tuccillo, m.E., 2001, Progression of natural attenuation processes at a crude-oil spill site--I. Geochemical evolution of the plume: Journal of Contaminant Hydrology, v. 53, pp. 369-385.",
ds_10,x9609,9609,9/12/1996,WI,8.76,135,xLO042,EtBz_mgL,,0.0141,xLGC01,"Bekins, B.A., I.M. Cozzarelli, E.M. Godsy, E. Warren, H.I. Essaid, and M.E. Tuccillo, 2001, Progression of natural attenuation processes at a crude oil spill site II. Controls on spatial distribution of microbial populations, J. Contam. Hydrol., 53:387-406.; Cozzarelli, I.M., Bekins, B.A., Baedecker, M.J., Aiken, G.R., Eaganhouse, R.P., and Tuccillo, m.E., 2001, Progression of natural attenuation processes at a crude-oil spill site--I. Geochemical evolution of the plume: Journal of Contaminant Hydrology, v. 53, pp. 369-385.",
ds_10,x9609,9609,9/12/1996,WI,8.76,135,xLO052,mpxyl_mgL,,0.032,xLGC01,"Bekins, B.A., I.M. Cozzarelli, E.M. Godsy, E. Warren, H.I. Essaid, and M.E. Tuccillo, 2001, Progression of natural attenuation processes at a crude oil spill site II. Controls on spatial distribution of microbial populations, J. Contam. Hydrol., 53:387-406.; Cozzarelli, I.M., Bekins, B.A., Baedecker, M.J., Aiken, G.R., Eaganhouse, R.P., and Tuccillo, m.E., 2001, Progression of natural attenuation processes at a crude-oil spill site--I. Geochemical evolution of the plume: Journal of Contaminant Hydrology, v. 53, pp. 369-385.",
ds_10,x9609,9609,9/12/1996,WI,8.76,135,xLO067,oxyl_mgL,,0.0042,xLGC01,"Bekins, B.A., I.M. Cozzarelli, E.M. Godsy, E. Warren, H.I. Essaid, and M.E. Tuccillo, 2001, Progression of natural attenuation processes at a crude oil spill site II. Controls on spatial distribution of microbial populations, J. Contam. Hydrol., 53:387-406.; Cozzarelli, I.M., Bekins, B.A., Baedecker, M.J., Aiken, G.R., Eaganhouse, R.P., and Tuccillo, m.E., 2001, Progression of natural attenuation processes at a crude-oil spill site--I. Geochemical evolution of the plume: Journal of Contaminant Hydrology, v. 53, pp. 369-385.",
ds_10,x9609,9609,9/12/1996,WI,8.76,135,xLO050,IsoPrBz_mgL,,0.005,xLGC01,"Bekins, B.A., I.M. Cozzarelli, E.M. Godsy, E. Warren, H.I. Essaid, and M.E. Tuccillo, 2001, Progression of natural attenuation processes at a crude oil spill site II. Controls on spatial distribution of microbial populations, J. Contam. Hydrol., 53:387-406.; Cozzarelli, I.M., Bekins, B.A., Baedecker, M.J., Aiken, G.R., Eaganhouse, R.P., and Tuccillo, m.E., 2001, Progression of natural attenuation processes at a crude-oil spill site--I. Geochemical evolution of the plume: Journal of Contaminant Hydrology, v. 53, pp. 369-385.",
ds_10,x9609,9609,9/12/1996,WI,8.76,135,xLO064,nPrBz_mgL,,0.0015,xLGC01,"Bekins, B.A., I.M. Cozzarelli, E.M. Godsy, E. Warren, H.I. Essaid, and M.E. Tuccillo, 2001, Progression of natural attenuation processes at a crude oil spill site II. Controls on spatial distribution of microbial populations, J. Contam. Hydrol., 53:387-406.; Cozzarelli, I.M., Bekins, B.A., Baedecker, M.J., Aiken, G.R., Eaganhouse, R.P., and Tuccillo, m.E., 2001, Progression of natural attenuation processes at a crude-oil spill site--I. Geochemical evolution of the plume: Journal of Contaminant Hydrology, v. 53, pp. 369-385.",
ds_10,x9608,9608,9/12/1996,WI,8.76,105,xLD443,TotAlkylBz_mgL,,0.4322,xLCA06,"Bekins, B.A., I.M. Cozzarelli, E.M. Godsy, E. Warren, H.I. Essaid, and M.E. Tuccillo, 2001, Progression of natural attenuation processes at a crude oil spill site II. Controls on spatial distribution of microbial populations, J. Contam. Hydrol., 53:387-406.; Cozzarelli, I.M., Bekins, B.A., Baedecker, M.J., Aiken, G.R., Eaganhouse, R.P., and Tuccillo, m.E., 2001, Progression of natural attenuation processes at a crude-oil spill site--I. Geochemical evolution of the plume: Journal of Contaminant Hydrology, v. 53, pp. 369-385.",
ds_10,x9608,9608,9/12/1996,WI,8.76,120,xLD443,TotAlkylBz_mgL,,1.2388,xLCA06,"Bekins, B.A., I.M. Cozzarelli, E.M. Godsy, E. Warren, H.I. Essaid, and M.E. Tuccillo, 2001, Progression of natural attenuation processes at a crude oil spill site II. Controls on spatial distribution of microbial populations, J. Contam. Hydrol., 53:387-406.; Cozzarelli, I.M., Bekins, B.A., Baedecker, M.J., Aiken, G.R., Eaganhouse, R.P., and Tuccillo, m.E., 2001, Progression of natural attenuation processes at a crude-oil spill site--I. Geochemical evolution of the plume: Journal of Contaminant Hydrology, v. 53, pp. 369-385.",
ds_10,x9609,9609,9/12/1996,WI,8.76,135,xLO015,135TMeBz_mgL,,0.0032,xLGC01,"Bekins, B.A., I.M. Cozzarelli, E.M. Godsy, E. Warren, H.I. Essaid, and M.E. Tuccillo, 2001, Progression of natural attenuation processes at a crude oil spill site II. Controls on spatial distribution of microbial populations, J. Contam. Hydrol., 53:387-406.; Cozzarelli, I.M., Bekins, B.A., Baedecker, M.J., Aiken, G.R., Eaganhouse, R.P., and Tuccillo, m.E., 2001, Progression of natural attenuation processes at a crude-oil spill site--I. Geochemical evolution of the plume: Journal of Contaminant Hydrology, v. 53, pp. 369-385.",
ds_10,x9608,9608,9/12/1996,WI,8.76,135,xLD443,TotAlkylBz_mgL,,1.4974,xLCA06,"Bekins, B.A., I.M. Cozzarelli, E.M. Godsy, E. Warren, H.I. Essaid, and M.E. Tuccillo, 2001, Progression of natural attenuation processes at a crude oil spill site II. Controls on spatial distribution of microbial populations, J. Contam. Hydrol., 53:387-406.; Cozzarelli, I.M., Bekins, B.A., Baedecker, M.J., Aiken, G.R., Eaganhouse, R.P., and Tuccillo, m.E., 2001, Progression of natural attenuation processes at a crude-oil spill site--I. Geochemical evolution of the plume: Journal of Contaminant Hydrology, v. 53, pp. 369-385.",
ds_10,x9608,9608,9/12/1996,WI,8.76,165,xLD443,TotAlkylBz_mgL,,1.0944,xLCA06,"Bekins, B.A., I.M. Cozzarelli, E.M. Godsy, E. Warren, H.I. Essaid, and M.E. Tuccillo, 2001, Progression of natural attenuation processes at a crude oil spill site II. Controls on spatial distribution of microbial populations, J. Contam. Hydrol., 53:387-406.; Cozzarelli, I.M., Bekins, B.A., Baedecker, M.J., Aiken, G.R., Eaganhouse, R.P., and Tuccillo, m.E., 2001, Progression of natural attenuation processes at a crude-oil spill site--I. Geochemical evolution of the plume: Journal of Contaminant Hydrology, v. 53, pp. 369-385.",
ds_10,x9609,9609,9/12/1996,WI,8.76,135,xLO010,124TMeBz_mgL,,0.0077,xLGC01,"Bekins, B.A., I.M. Cozzarelli, E.M. Godsy, E. Warren, H.I. Essaid, and M.E. Tuccillo, 2001, Progression of natural attenuation processes at a crude oil spill site II. Controls on spatial distribution of microbial populations, J. Contam. Hydrol., 53:387-406.; Cozzarelli, I.M., Bekins, B.A., Baedecker, M.J., Aiken, G.R., Eaganhouse, R.P., and Tuccillo, m.E., 2001, Progression of natural attenuation processes at a crude-oil spill site--I. Geochemical evolution of the plume: Journal of Contaminant Hydrology, v. 53, pp. 369-385.",
ds_10,x9609,9609,9/12/1996,WI,8.76,15,xLD443,TotAlkylBz_mgL,,11.0286,xLCA06,"Bekins, B.A., I.M. Cozzarelli, E.M. Godsy, E. Warren, H.I. Essaid, and M.E. Tuccillo, 2001, Progression of natural attenuation processes at a crude oil spill site II. Controls on spatial distribution of microbial populations, J. Contam. Hydrol., 53:387-406.; Cozzarelli, I.M., Bekins, B.A., Baedecker, M.J., Aiken, G.R., Eaganhouse, R.P., and Tuccillo, m.E., 2001, Progression of natural attenuation processes at a crude-oil spill site--I. Geochemical evolution of the plume: Journal of Contaminant Hydrology, v. 53, pp. 369-385.",
ds_10,x9609,9609,9/12/1996,WI,8.76,30,xLD443,TotAlkylBz_mgL,,9.2496,xLCA06,"Bekins, B.A., I.M. Cozzarelli, E.M. Godsy, E. Warren, H.I. Essaid, and M.E. Tuccillo, 2001, Progression of natural attenuation processes at a crude oil spill site II. Controls on spatial distribution of microbial populations, J. Contam. Hydrol., 53:387-406.; Cozzarelli, I.M., Bekins, B.A., Baedecker, M.J., Aiken, G.R., Eaganhouse, R.P., and Tuccillo, m.E., 2001, Progression of natural attenuation processes at a crude-oil spill site--I. Geochemical evolution of the plume: Journal of Contaminant Hydrology, v. 53, pp. 369-385.",
ds_10,x9609,9609,9/12/1996,WI,8.76,135,xLO006,123TMeBz_mgL,,0.0044,xLGC01,"Bekins, B.A., I.M. Cozzarelli, E.M. Godsy, E. Warren, H.I. Essaid, and M.E. Tuccillo, 2001, Progression of natural attenuation processes at a crude oil spill site II. Controls on spatial distribution of microbial populations, J. Contam. Hydrol., 53:387-406.; Cozzarelli, I.M., Bekins, B.A., Baedecker, M.J., Aiken, G.R., Eaganhouse, R.P., and Tuccillo, m.E., 2001, Progression of natural attenuation processes at a crude-oil spill site--I. Geochemical evolution of the plume: Journal of Contaminant Hydrology, v. 53, pp. 369-385.",
ds_10,x9609,9609,9/12/1996,WI,8.76,135,xLO027,1Me3IsoPrBz_mgL,,0.0027,xLGC01,"Bekins, B.A., I.M. Cozzarelli, E.M. Godsy, E. Warren, H.I. Essaid, and M.E. Tuccillo, 2001, Progression of natural attenuation processes at a crude oil spill site II. Controls on spatial distribution of microbial populations, J. Contam. Hydrol., 53:387-406.; Cozzarelli, I.M., Bekins, B.A., Baedecker, M.J., Aiken, G.R., Eaganhouse, R.P., and Tuccillo, m.E., 2001, Progression of natural attenuation processes at a crude-oil spill site--I. Geochemical evolution of the plume: Journal of Contaminant Hydrology, v. 53, pp. 369-385.",
ds_10,x9609,9609,9/12/1996,WI,8.76,135,xLO030,1Me4IsoPrBz_mgL,,0.0012,xLGC01,"Bekins, B.A., I.M. Cozzarelli, E.M. Godsy, E. Warren, H.I. Essaid, and M.E. Tuccillo, 2001, Progression of natural attenuation processes at a crude oil spill site II. Controls on spatial distribution of microbial populations, J. Contam. Hydrol., 53:387-406.; Cozzarelli, I.M., Bekins, B.A., Baedecker, M.J., Aiken, G.R., Eaganhouse, R.P., and Tuccillo, m.E., 2001, Progression of natural attenuation processes at a crude-oil spill site--I. Geochemical evolution of the plume: Journal of Contaminant Hydrology, v. 53, pp. 369-385.",
ds_10,x9609,9609,9/12/1996,WI,8.76,135,xLO024,1Me2IsoPrBz_mgL,,9.00E-04,xLGC01,"Bekins, B.A., I.M. Cozzarelli, E.M. Godsy, E. Warren, H.I. Essaid, and M.E. Tuccillo, 2001, Progression of natural attenuation processes at a crude oil spill site II. Controls on spatial distribution of microbial populations, J. Contam. Hydrol., 53:387-406.; Cozzarelli, I.M., Bekins, B.A., Baedecker, M.J., Aiken, G.R., Eaganhouse, R.P., and Tuccillo, m.E., 2001, Progression of natural attenuation processes at a crude-oil spill site--I. Geochemical evolution of the plume: Journal of Contaminant Hydrology, v. 53, pp. 369-385.",
ds_10,x9609,9609,9/12/1996,WI,8.76,135,xLO016,13DEtBz_mgL,,0.0016,xLGC01,"Bekins, B.A., I.M. Cozzarelli, E.M. Godsy, E. Warren, H.I. Essaid, and M.E. Tuccillo, 2001, Progression of natural attenuation processes at a crude oil spill site II. Controls on spatial distribution of microbial populations, J. Contam. Hydrol., 53:387-406.; Cozzarelli, I.M., Bekins, B.A., Baedecker, M.J., Aiken, G.R., Eaganhouse, R.P., and Tuccillo, m.E., 2001, Progression of natural attenuation processes at a crude-oil spill site--I. Geochemical evolution of the plume: Journal of Contaminant Hydrology, v. 53, pp. 369-385.",
ds_10,x9609,9609,9/12/1996,WI,8.76,135,xLO028,1Me3PrBz_mgL,,0,xLGC01,"Bekins, B.A., I.M. Cozzarelli, E.M. Godsy, E. Warren, H.I. Essaid, and M.E. Tuccillo, 2001, Progression of natural attenuation processes at a crude oil spill site II. Controls on spatial distribution of microbial populations, J. Contam. Hydrol., 53:387-406.; Cozzarelli, I.M., Bekins, B.A., Baedecker, M.J., Aiken, G.R., Eaganhouse, R.P., and Tuccillo, m.E., 2001, Progression of natural attenuation processes at a crude-oil spill site--I. Geochemical evolution of the plume: Journal of Contaminant Hydrology, v. 53, pp. 369-385.",
ds_10,x9609,9609,9/12/1996,WI,8.76,135,xLO031,1Me4PrBz_mgL,,0,xLGC01,"Bekins, B.A., I.M. Cozzarelli, E.M. Godsy, E. Warren, H.I. Essaid, and M.E. Tuccillo, 2001, Progression of natural attenuation processes at a crude oil spill site II. Controls on spatial distribution of microbial populations, J. Contam. Hydrol., 53:387-406.; Cozzarelli, I.M., Bekins, B.A., Baedecker, M.J., Aiken, G.R., Eaganhouse, R.P., and Tuccillo, m.E., 2001, Progression of natural attenuation processes at a crude-oil spill site--I. Geochemical evolution of the plume: Journal of Contaminant Hydrology, v. 53, pp. 369-385.",
ds_10,x9609,9609,9/12/1996,WI,8.76,135,xLO020,14DEtBz_mgL,,0.0017,xLGC01,"Bekins, B.A., I.M. Cozzarelli, E.M. Godsy, E. Warren, H.I. Essaid, and M.E. Tuccillo, 2001, Progression of natural attenuation processes at a crude oil spill site II. Controls on spatial distribution of microbial populations, J. Contam. Hydrol., 53:387-406.; Cozzarelli, I.M., Bekins, B.A., Baedecker, M.J., Aiken, G.R., Eaganhouse, R.P., and Tuccillo, m.E., 2001, Progression of natural attenuation processes at a crude-oil spill site--I. Geochemical evolution of the plume: Journal of Contaminant Hydrology, v. 53, pp. 369-385.",
ds_10,x9609,9609,9/12/1996,WI,8.76,135,xLO056,nButylBz_mgL,,0,xLGC01,"Bekins, B.A., I.M. Cozzarelli, E.M. Godsy, E. Warren, H.I. Essaid, and M.E. Tuccillo, 2001, Progression of natural attenuation processes at a crude oil spill site II. Controls on spatial distribution of microbial populations, J. Contam. Hydrol., 53:387-406.; Cozzarelli, I.M., Bekins, B.A., Baedecker, M.J., Aiken, G.R., Eaganhouse, R.P., and Tuccillo, m.E., 2001, Progression of natural attenuation processes at a crude-oil spill site--I. Geochemical evolution of the plume: Journal of Contaminant Hydrology, v. 53, pp. 369-385.",
ds_10,x9609,9609,9/12/1996,WI,8.76,135,xLO019,13DMe5EtBz_mgL,,0.0011,xLGC01,"Bekins, B.A., I.M. Cozzarelli, E.M. Godsy, E. Warren, H.I. Essaid, and M.E. Tuccillo, 2001, Progression of natural attenuation processes at a crude oil spill site II. Controls on spatial distribution of microbial populations, J. Contam. Hydrol., 53:387-406.; Cozzarelli, I.M., Bekins, B.A., Baedecker, M.J., Aiken, G.R., Eaganhouse, R.P., and Tuccillo, m.E., 2001, Progression of natural attenuation processes at a crude-oil spill site--I. Geochemical evolution of the plume: Journal of Contaminant Hydrology, v. 53, pp. 369-385.",
ds_10,x9609,9609,9/12/1996,WI,8.76,135,xLO011,12DEtBz_mgL,,8.00E-04,xLGC01,"Bekins, B.A., I.M. Cozzarelli, E.M. Godsy, E. Warren, H.I. Essaid, and M.E. Tuccillo, 2001, Progression of natural attenuation processes at a crude oil spill site II. Controls on spatial distribution of microbial populations, J. Contam. Hydrol., 53:387-406.; Cozzarelli, I.M., Bekins, B.A., Baedecker, M.J., Aiken, G.R., Eaganhouse, R.P., and Tuccillo, m.E., 2001, Progression of natural attenuation processes at a crude-oil spill site--I. Geochemical evolution of the plume: Journal of Contaminant Hydrology, v. 53, pp. 369-385.",
ds_10,x9609,9609,9/12/1996,WI,8.76,135,xLO023,1Me2EtBz_mgL,,0.0014,xLGC01,"Bekins, B.A., I.M. Cozzarelli, E.M. Godsy, E. Warren, H.I. Essaid, and M.E. Tuccillo, 2001, Progression of natural attenuation processes at a crude oil spill site II. Controls on spatial distribution of microbial populations, J. Contam. Hydrol., 53:387-406.; Cozzarelli, I.M., Bekins, B.A., Baedecker, M.J., Aiken, G.R., Eaganhouse, R.P., and Tuccillo, m.E., 2001, Progression of natural attenuation processes at a crude-oil spill site--I. Geochemical evolution of the plume: Journal of Contaminant Hydrology, v. 53, pp. 369-385.",
ds_10,x9609,9609,9/12/1996,WI,8.76,135,xLO021,14DMe2EtBz_mgL,,0,xLGC01,"Bekins, B.A., I.M. Cozzarelli, E.M. Godsy, E. Warren, H.I. Essaid, and M.E. Tuccillo, 2001, Progression of natural attenuation processes at a crude oil spill site II. Controls on spatial distribution of microbial populations, J. Contam. Hydrol., 53:387-406.; Cozzarelli, I.M., Bekins, B.A., Baedecker, M.J., Aiken, G.R., Eaganhouse, R.P., and Tuccillo, m.E., 2001, Progression of natural attenuation processes at a crude-oil spill site--I. Geochemical evolution of the plume: Journal of Contaminant Hydrology, v. 53, pp. 369-385.",
ds_10,x9609,9609,9/12/1996,WI,8.76,135,xLO018,13DMe4EtBz_mgL,,0,xLGC01,"Bekins, B.A., I.M. Cozzarelli, E.M. Godsy, E. Warren, H.I. Essaid, and M.E. Tuccillo, 2001, Progression of natural attenuation processes at a crude oil spill site II. Controls on spatial distribution of microbial populations, J. Contam. Hydrol., 53:387-406.; Cozzarelli, I.M., Bekins, B.A., Baedecker, M.J., Aiken, G.R., Eaganhouse, R.P., and Tuccillo, m.E., 2001, Progression of natural attenuation processes at a crude-oil spill site--I. Geochemical evolution of the plume: Journal of Contaminant Hydrology, v. 53, pp. 369-385.",
ds_10,x9609,9609,9/12/1996,WI,8.76,135,xLO013,12DMe4EtBz_mgL,,0,xLGC01,"Bekins, B.A., I.M. Cozzarelli, E.M. Godsy, E. Warren, H.I. Essaid, and M.E. Tuccillo, 2001, Progression of natural attenuation processes at a crude oil spill site II. Controls on spatial distribution of microbial populations, J. Contam. Hydrol., 53:387-406.; Cozzarelli, I.M., Bekins, B.A., Baedecker, M.J., Aiken, G.R., Eaganhouse, R.P., and Tuccillo, m.E., 2001, Progression of natural attenuation processes at a crude-oil spill site--I. Geochemical evolution of the plume: Journal of Contaminant Hydrology, v. 53, pp. 369-385.",
ds_10,x9609,9609,9/12/1996,WI,8.76,135,xLO017,13DMe2EtBz_mgL,,0.0021,xLGC01,"Bekins, B.A., I.M. Cozzarelli, E.M. Godsy, E. Warren, H.I. Essaid, and M.E. Tuccillo, 2001, Progression of natural attenuation processes at a crude oil spill site II. Controls on spatial distribution of microbial populations, J. Contam. Hydrol., 53:387-406.; Cozzarelli, I.M., Bekins, B.A., Baedecker, M.J., Aiken, G.R., Eaganhouse, R.P., and Tuccillo, m.E., 2001, Progression of natural attenuation processes at a crude-oil spill site--I. Geochemical evolution of the plume: Journal of Contaminant Hydrology, v. 53, pp. 369-385.",
ds_10,x9609,9609,9/12/1996,WI,8.76,135,xLO012,12DMe3EtBz_mgL,,0,xLGC01,"Bekins, B.A., I.M. Cozzarelli, E.M. Godsy, E. Warren, H.I. Essaid, and M.E. Tuccillo, 2001, Progression of natural attenuation processes at a crude oil spill site II. Controls on spatial distribution of microbial populations, J. Contam. Hydrol., 53:387-406.; Cozzarelli, I.M., Bekins, B.A., Baedecker, M.J., Aiken, G.R., Eaganhouse, R.P., and Tuccillo, m.E., 2001, Progression of natural attenuation processes at a crude-oil spill site--I. Geochemical evolution of the plume: Journal of Contaminant Hydrology, v. 53, pp. 369-385.",
ds_10,x9609,9609,9/12/1996,WI,8.76,135,xLO008,1245TMeBz_mgL,,0,xLGC01,"Bekins, B.A., I.M. Cozzarelli, E.M. Godsy, E. Warren, H.I. Essaid, and M.E. Tuccillo, 2001, Progression of natural attenuation processes at a crude oil spill site II. Controls on spatial distribution of microbial populations, J. Contam. Hydrol., 53:387-406.; Cozzarelli, I.M., Bekins, B.A., Baedecker, M.J., Aiken, G.R., Eaganhouse, R.P., and Tuccillo, m.E., 2001, Progression of natural attenuation processes at a crude-oil spill site--I. Geochemical evolution of the plume: Journal of Contaminant Hydrology, v. 53, pp. 369-385.",
ds_10,x9609,9609,9/12/1996,WI,8.76,135,xLO004,1235TMeBz_mgL,,0,xLGC01,"Bekins, B.A., I.M. Cozzarelli, E.M. Godsy, E. Warren, H.I. Essaid, and M.E. Tuccillo, 2001, Progression of natural attenuation processes at a crude oil spill site II. Controls on spatial distribution of microbial populations, J. Contam. Hydrol., 53:387-406.; Cozzarelli, I.M., Bekins, B.A., Baedecker, M.J., Aiken, G.R., Eaganhouse, R.P., and Tuccillo, m.E., 2001, Progression of natural attenuation processes at a crude-oil spill site--I. Geochemical evolution of the plume: Journal of Contaminant Hydrology, v. 53, pp. 369-385.",
ds_10,x9609,9609,9/12/1996,WI,8.76,135,xLO002,1234TMeBz_mgL,,0.006,xLGC01,"Bekins, B.A., I.M. Cozzarelli, E.M. Godsy, E. Warren, H.I. Essaid, and M.E. Tuccillo, 2001, Progression of natural attenuation processes at a crude oil spill site II. Controls on spatial distribution of microbial populations, J. Contam. Hydrol., 53:387-406.; Cozzarelli, I.M., Bekins, B.A., Baedecker, M.J., Aiken, G.R., Eaganhouse, R.P., and Tuccillo, m.E., 2001, Progression of natural attenuation processes at a crude-oil spill site--I. Geochemical evolution of the plume: Journal of Contaminant Hydrology, v. 53, pp. 369-385.",
ds_10,x9609,9609,9/12/1996,WI,8.76,135,xLO035,BTEX_mgL,,3.4481,xLCA03,"Bekins, B.A., I.M. Cozzarelli, E.M. Godsy, E. Warren, H.I. Essaid, and M.E. Tuccillo, 2001, Progression of natural attenuation processes at a crude oil spill site II. Controls on spatial distribution of microbial populations, J. Contam. Hydrol., 53:387-406.; Cozzarelli, I.M., Bekins, B.A., Baedecker, M.J., Aiken, G.R., Eaganhouse, R.P., and Tuccillo, m.E., 2001, Progression of natural attenuation processes at a crude-oil spill site--I. Geochemical evolution of the plume: Journal of Contaminant Hydrology, v. 53, pp. 369-385.",
ds_10,x9609,9609,9/12/1996,WI,8.76,45,xLD443,TotAlkylBz_mgL,,11.4376,xLCA06,"Bekins, B.A., I.M. Cozzarelli, E.M. Godsy, E. Warren, H.I. Essaid, and M.E. Tuccillo, 2001, Progression of natural attenuation processes at a crude oil spill site II. Controls on spatial distribution of microbial populations, J. Contam. Hydrol., 53:387-406.; Cozzarelli, I.M., Bekins, B.A., Baedecker, M.J., Aiken, G.R., Eaganhouse, R.P., and Tuccillo, m.E., 2001, Progression of natural attenuation processes at a crude-oil spill site--I. Geochemical evolution of the plume: Journal of Contaminant Hydrology, v. 53, pp. 369-385.",
ds_10,x9609,9609,9/12/1996,WI,8.76,150,x46123,Fe_2_mgL,,0.09,xLC006,"Bekins, B.A., I.M. Cozzarelli, E.M. Godsy, E. Warren, H.I. Essaid, and M.E. Tuccillo, 2001, Progression of natural attenuation processes at a crude oil spill site II. Controls on spatial distribution of microbial populations, J. Contam. Hydrol., 53:387-406.; Cozzarelli, I.M., Bekins, B.A., Baedecker, M.J., Aiken, G.R., Eaganhouse, R.P., and Tuccillo, m.E., 2001, Progression of natural attenuation processes at a crude-oil spill site--I. Geochemical evolution of the plume: Journal of Contaminant Hydrology, v. 53, pp. 369-385.",
ds_10,x9609,9609,9/12/1996,WI,8.76,150,x68831,CH4_mgL,,10.676,xLC005,"Bekins, B.A., I.M. Cozzarelli, E.M. Godsy, E. Warren, H.I. Essaid, and M.E. Tuccillo, 2001, Progression of natural attenuation processes at a crude oil spill site II. Controls on spatial distribution of microbial populations, J. Contam. Hydrol., 53:387-406.; Cozzarelli, I.M., Bekins, B.A., Baedecker, M.J., Aiken, G.R., Eaganhouse, R.P., and Tuccillo, m.E., 2001, Progression of natural attenuation processes at a crude-oil spill site--I. Geochemical evolution of the plume: Journal of Contaminant Hydrology, v. 53, pp. 369-385.",
ds_10,x9609,9609,9/12/1996,WI,8.76,150,xLO065,NVDOC_mgL,,18.6,xLCID2,"Bekins, B.A., I.M. Cozzarelli, E.M. Godsy, E. Warren, H.I. Essaid, and M.E. Tuccillo, 2001, Progression of natural attenuation processes at a crude oil spill site II. Controls on spatial distribution of microbial populations, J. Contam. Hydrol., 53:387-406.; Cozzarelli, I.M., Bekins, B.A., Baedecker, M.J., Aiken, G.R., Eaganhouse, R.P., and Tuccillo, m.E., 2001, Progression of natural attenuation processes at a crude-oil spill site--I. Geochemical evolution of the plume: Journal of Contaminant Hydrology, v. 53, pp. 369-385.",
ds_10,x9609,9609,9/12/1996,WI,8.76,150,xLO037,Bz_mgL,,1.8717,xLGC01,"Bekins, B.A., I.M. Cozzarelli, E.M. Godsy, E. Warren, H.I. Essaid, and M.E. Tuccillo, 2001, Progression of natural attenuation processes at a crude oil spill site II. Controls on spatial distribution of microbial populations, J. Contam. Hydrol., 53:387-406.; Cozzarelli, I.M., Bekins, B.A., Baedecker, M.J., Aiken, G.R., Eaganhouse, R.P., and Tuccillo, m.E., 2001, Progression of natural attenuation processes at a crude-oil spill site--I. Geochemical evolution of the plume: Journal of Contaminant Hydrology, v. 53, pp. 369-385.",
ds_10,x9609,9609,9/12/1996,WI,8.76,150,xLO073,Tol_mgL,,0.0078,xLGC01,"Bekins, B.A., I.M. Cozzarelli, E.M. Godsy, E. Warren, H.I. Essaid, and M.E. Tuccillo, 2001, Progression of natural attenuation processes at a crude oil spill site II. Controls on spatial distribution of microbial populations, J. Contam. Hydrol., 53:387-406.; Cozzarelli, I.M., Bekins, B.A., Baedecker, M.J., Aiken, G.R., Eaganhouse, R.P., and Tuccillo, m.E., 2001, Progression of natural attenuation processes at a crude-oil spill site--I. Geochemical evolution of the plume: Journal of Contaminant Hydrology, v. 53, pp. 369-385.",
ds_10,x9609,9609,9/12/1996,WI,8.76,150,xLO042,EtBz_mgL,,0.0076,xLGC01,"Bekins, B.A., I.M. Cozzarelli, E.M. Godsy, E. Warren, H.I. Essaid, and M.E. Tuccillo, 2001, Progression of natural attenuation processes at a crude oil spill site II. Controls on spatial distribution of microbial populations, J. Contam. Hydrol., 53:387-406.; Cozzarelli, I.M., Bekins, B.A., Baedecker, M.J., Aiken, G.R., Eaganhouse, R.P., and Tuccillo, m.E., 2001, Progression of natural attenuation processes at a crude-oil spill site--I. Geochemical evolution of the plume: Journal of Contaminant Hydrology, v. 53, pp. 369-385.",
ds_10,x9609,9609,9/12/1996,WI,8.76,150,xLO052,mpxyl_mgL,,0.0182,xLGC01,"Bekins, B.A., I.M. Cozzarelli, E.M. Godsy, E. Warren, H.I. Essaid, and M.E. Tuccillo, 2001, Progression of natural attenuation processes at a crude oil spill site II. Controls on spatial distribution of microbial populations, J. Contam. Hydrol., 53:387-406.; Cozzarelli, I.M., Bekins, B.A., Baedecker, M.J., Aiken, G.R., Eaganhouse, R.P., and Tuccillo, m.E., 2001, Progression of natural attenuation processes at a crude-oil spill site--I. Geochemical evolution of the plume: Journal of Contaminant Hydrology, v. 53, pp. 369-385.",
ds_10,x9609,9609,9/12/1996,WI,8.76,150,xLO067,oxyl_mgL,,0.0021,xLGC01,"Bekins, B.A., I.M. Cozzarelli, E.M. Godsy, E. Warren, H.I. Essaid, and M.E. Tuccillo, 2001, Progression of natural attenuation processes at a crude oil spill site II. Controls on spatial distribution of microbial populations, J. Contam. Hydrol., 53:387-406.; Cozzarelli, I.M., Bekins, B.A., Baedecker, M.J., Aiken, G.R., Eaganhouse, R.P., and Tuccillo, m.E., 2001, Progression of natural attenuation processes at a crude-oil spill site--I. Geochemical evolution of the plume: Journal of Contaminant Hydrology, v. 53, pp. 369-385.",
ds_10,x9609,9609,9/12/1996,WI,8.76,150,xLO050,IsoPrBz_mgL,,0.0025,xLGC01,"Bekins, B.A., I.M. Cozzarelli, E.M. Godsy, E. Warren, H.I. Essaid, and M.E. Tuccillo, 2001, Progression of natural attenuation processes at a crude oil spill site II. Controls on spatial distribution of microbial populations, J. Contam. Hydrol., 53:387-406.; Cozzarelli, I.M., Bekins, B.A., Baedecker, M.J., Aiken, G.R., Eaganhouse, R.P., and Tuccillo, m.E., 2001, Progression of natural attenuation processes at a crude-oil spill site--I. Geochemical evolution of the plume: Journal of Contaminant Hydrology, v. 53, pp. 369-385.",
ds_10,x9609,9609,9/12/1996,WI,8.76,150,xLO064,nPrBz_mgL,,4.00E-04,xLGC01,"Bekins, B.A., I.M. Cozzarelli, E.M. Godsy, E. Warren, H.I. Essaid, and M.E. Tuccillo, 2001, Progression of natural attenuation processes at a crude oil spill site II. Controls on spatial distribution of microbial populations, J. Contam. Hydrol., 53:387-406.; Cozzarelli, I.M., Bekins, B.A., Baedecker, M.J., Aiken, G.R., Eaganhouse, R.P., and Tuccillo, m.E., 2001, Progression of natural attenuation processes at a crude-oil spill site--I. Geochemical evolution of the plume: Journal of Contaminant Hydrology, v. 53, pp. 369-385.",
ds_10,x9609,9609,9/12/1996,WI,8.76,60,xLD443,TotAlkylBz_mgL,,10.5234,xLCA06,"Bekins, B.A., I.M. Cozzarelli, E.M. Godsy, E. Warren, H.I. Essaid, and M.E. Tuccillo, 2001, Progression of natural attenuation processes at a crude oil spill site II. Controls on spatial distribution of microbial populations, J. Contam. Hydrol., 53:387-406.; Cozzarelli, I.M., Bekins, B.A., Baedecker, M.J., Aiken, G.R., Eaganhouse, R.P., and Tuccillo, m.E., 2001, Progression of natural attenuation processes at a crude-oil spill site--I. Geochemical evolution of the plume: Journal of Contaminant Hydrology, v. 53, pp. 369-385.",
ds_10,x9609,9609,9/12/1996,WI,8.76,75,xLD443,TotAlkylBz_mgL,,10.6864,xLCA06,"Bekins, B.A., I.M. Cozzarelli, E.M. Godsy, E. Warren, H.I. Essaid, and M.E. Tuccillo, 2001, Progression of natural attenuation processes at a crude oil spill site II. Controls on spatial distribution of microbial populations, J. Contam. Hydrol., 53:387-406.; Cozzarelli, I.M., Bekins, B.A., Baedecker, M.J., Aiken, G.R., Eaganhouse, R.P., and Tuccillo, m.E., 2001, Progression of natural attenuation processes at a crude-oil spill site--I. Geochemical evolution of the plume: Journal of Contaminant Hydrology, v. 53, pp. 369-385.",
ds_10,x9609,9609,9/12/1996,WI,8.76,150,xLO015,135TMeBz_mgL,,0.0024,xLGC01,"Bekins, B.A., I.M. Cozzarelli, E.M. Godsy, E. Warren, H.I. Essaid, and M.E. Tuccillo, 2001, Progression of natural attenuation processes at a crude oil spill site II. Controls on spatial distribution of microbial populations, J. Contam. Hydrol., 53:387-406.; Cozzarelli, I.M., Bekins, B.A., Baedecker, M.J., Aiken, G.R., Eaganhouse, R.P., and Tuccillo, m.E., 2001, Progression of natural attenuation processes at a crude-oil spill site--I. Geochemical evolution of the plume: Journal of Contaminant Hydrology, v. 53, pp. 369-385.",
ds_10,x9609,9609,9/12/1996,WI,8.76,90,xLD443,TotAlkylBz_mgL,,7.7996,xLCA06,"Bekins, B.A., I.M. Cozzarelli, E.M. Godsy, E. Warren, H.I. Essaid, and M.E. Tuccillo, 2001, Progression of natural attenuation processes at a crude oil spill site II. Controls on spatial distribution of microbial populations, J. Contam. Hydrol., 53:387-406.; Cozzarelli, I.M., Bekins, B.A., Baedecker, M.J., Aiken, G.R., Eaganhouse, R.P., and Tuccillo, m.E., 2001, Progression of natural attenuation processes at a crude-oil spill site--I. Geochemical evolution of the plume: Journal of Contaminant Hydrology, v. 53, pp. 369-385.",
ds_10,x9609,9609,9/12/1996,WI,8.76,105,xLD443,TotAlkylBz_mgL,,6.8677,xLCA06,"Bekins, B.A., I.M. Cozzarelli, E.M. Godsy, E. Warren, H.I. Essaid, and M.E. Tuccillo, 2001, Progression of natural attenuation processes at a crude oil spill site II. Controls on spatial distribution of microbial populations, J. Contam. Hydrol., 53:387-406.; Cozzarelli, I.M., Bekins, B.A., Baedecker, M.J., Aiken, G.R., Eaganhouse, R.P., and Tuccillo, m.E., 2001, Progression of natural attenuation processes at a crude-oil spill site--I. Geochemical evolution of the plume: Journal of Contaminant Hydrology, v. 53, pp. 369-385.",
ds_10,x9609,9609,9/12/1996,WI,8.76,150,xLO010,124TMeBz_mgL,,0.0058,xLGC01,"Bekins, B.A., I.M. Cozzarelli, E.M. Godsy, E. Warren, H.I. Essaid, and M.E. Tuccillo, 2001, Progression of natural attenuation processes at a crude oil spill site II. Controls on spatial distribution of microbial populations, J. Contam. Hydrol., 53:387-406.; Cozzarelli, I.M., Bekins, B.A., Baedecker, M.J., Aiken, G.R., Eaganhouse, R.P., and Tuccillo, m.E., 2001, Progression of natural attenuation processes at a crude-oil spill site--I. Geochemical evolution of the plume: Journal of Contaminant Hydrology, v. 53, pp. 369-385.",
ds_10,x9609,9609,9/12/1996,WI,8.76,120,xLD443,TotAlkylBz_mgL,,4.7104,xLCA06,"Bekins, B.A., I.M. Cozzarelli, E.M. Godsy, E. Warren, H.I. Essaid, and M.E. Tuccillo, 2001, Progression of natural attenuation processes at a crude oil spill site II. Controls on spatial distribution of microbial populations, J. Contam. Hydrol., 53:387-406.; Cozzarelli, I.M., Bekins, B.A., Baedecker, M.J., Aiken, G.R., Eaganhouse, R.P., and Tuccillo, m.E., 2001, Progression of natural attenuation processes at a crude-oil spill site--I. Geochemical evolution of the plume: Journal of Contaminant Hydrology, v. 53, pp. 369-385.",
ds_10,x9609,9609,9/12/1996,WI,8.76,135,xLD443,TotAlkylBz_mgL,,3.5048,xLCA06,"Bekins, B.A., I.M. Cozzarelli, E.M. Godsy, E. Warren, H.I. Essaid, and M.E. Tuccillo, 2001, Progression of natural attenuation processes at a crude oil spill site II. Controls on spatial distribution of microbial populations, J. Contam. Hydrol., 53:387-406.; Cozzarelli, I.M., Bekins, B.A., Baedecker, M.J., Aiken, G.R., Eaganhouse, R.P., and Tuccillo, m.E., 2001, Progression of natural attenuation processes at a crude-oil spill site--I. Geochemical evolution of the plume: Journal of Contaminant Hydrology, v. 53, pp. 369-385.",
ds_10,x9609,9609,9/12/1996,WI,8.76,150,xLO006,123TMeBz_mgL,,0.0027,xLGC01,"Bekins, B.A., I.M. Cozzarelli, E.M. Godsy, E. Warren, H.I. Essaid, and M.E. Tuccillo, 2001, Progression of natural attenuation processes at a crude oil spill site II. Controls on spatial distribution of microbial populations, J. Contam. Hydrol., 53:387-406.; Cozzarelli, I.M., Bekins, B.A., Baedecker, M.J., Aiken, G.R., Eaganhouse, R.P., and Tuccillo, m.E., 2001, Progression of natural attenuation processes at a crude-oil spill site--I. Geochemical evolution of the plume: Journal of Contaminant Hydrology, v. 53, pp. 369-385.",
ds_10,x9609,9609,9/12/1996,WI,8.76,150,xLO027,1Me3IsoPrBz_mgL,,0.002,xLGC01,"Bekins, B.A., I.M. Cozzarelli, E.M. Godsy, E. Warren, H.I. Essaid, and M.E. Tuccillo, 2001, Progression of natural attenuation processes at a crude oil spill site II. Controls on spatial distribution of microbial populations, J. Contam. Hydrol., 53:387-406.; Cozzarelli, I.M., Bekins, B.A., Baedecker, M.J., Aiken, G.R., Eaganhouse, R.P., and Tuccillo, m.E., 2001, Progression of natural attenuation processes at a crude-oil spill site--I. Geochemical evolution of the plume: Journal of Contaminant Hydrology, v. 53, pp. 369-385.",
ds_10,x9609,9609,9/12/1996,WI,8.76,150,xLO030,1Me4IsoPrBz_mgL,,0.0012,xLGC01,"Bekins, B.A., I.M. Cozzarelli, E.M. Godsy, E. Warren, H.I. Essaid, and M.E. Tuccillo, 2001, Progression of natural attenuation processes at a crude oil spill site II. Controls on spatial distribution of microbial populations, J. Contam. Hydrol., 53:387-406.; Cozzarelli, I.M., Bekins, B.A., Baedecker, M.J., Aiken, G.R., Eaganhouse, R.P., and Tuccillo, m.E., 2001, Progression of natural attenuation processes at a crude-oil spill site--I. Geochemical evolution of the plume: Journal of Contaminant Hydrology, v. 53, pp. 369-385.",
ds_10,x9609,9609,9/12/1996,WI,8.76,150,xLO024,1Me2IsoPrBz_mgL,,4.00E-04,xLGC01,"Bekins, B.A., I.M. Cozzarelli, E.M. Godsy, E. Warren, H.I. Essaid, and M.E. Tuccillo, 2001, Progression of natural attenuation processes at a crude oil spill site II. Controls on spatial distribution of microbial populations, J. Contam. Hydrol., 53:387-406.; Cozzarelli, I.M., Bekins, B.A., Baedecker, M.J., Aiken, G.R., Eaganhouse, R.P., and Tuccillo, m.E., 2001, Progression of natural attenuation processes at a crude-oil spill site--I. Geochemical evolution of the plume: Journal of Contaminant Hydrology, v. 53, pp. 369-385.",
ds_10,x9609,9609,9/12/1996,WI,8.76,150,xLO016,13DEtBz_mgL,,0,xLGC01,"Bekins, B.A., I.M. Cozzarelli, E.M. Godsy, E. Warren, H.I. Essaid, and M.E. Tuccillo, 2001, Progression of natural attenuation processes at a crude oil spill site II. Controls on spatial distribution of microbial populations, J. Contam. Hydrol., 53:387-406.; Cozzarelli, I.M., Bekins, B.A., Baedecker, M.J., Aiken, G.R., Eaganhouse, R.P., and Tuccillo, m.E., 2001, Progression of natural attenuation processes at a crude-oil spill site--I. Geochemical evolution of the plume: Journal of Contaminant Hydrology, v. 53, pp. 369-385.",
ds_10,x9609,9609,9/12/1996,WI,8.76,150,xLO028,1Me3PrBz_mgL,,0,xLGC01,"Bekins, B.A., I.M. Cozzarelli, E.M. Godsy, E. Warren, H.I. Essaid, and M.E. Tuccillo, 2001, Progression of natural attenuation processes at a crude oil spill site II. Controls on spatial distribution of microbial populations, J. Contam. Hydrol., 53:387-406.; Cozzarelli, I.M., Bekins, B.A., Baedecker, M.J., Aiken, G.R., Eaganhouse, R.P., and Tuccillo, m.E., 2001, Progression of natural attenuation processes at a crude-oil spill site--I. Geochemical evolution of the plume: Journal of Contaminant Hydrology, v. 53, pp. 369-385.",
ds_10,x9609,9609,9/12/1996,WI,8.76,150,xLO031,1Me4PrBz_mgL,,0,xLGC01,"Bekins, B.A., I.M. Cozzarelli, E.M. Godsy, E. Warren, H.I. Essaid, and M.E. Tuccillo, 2001, Progression of natural attenuation processes at a crude oil spill site II. Controls on spatial distribution of microbial populations, J. Contam. Hydrol., 53:387-406.; Cozzarelli, I.M., Bekins, B.A., Baedecker, M.J., Aiken, G.R., Eaganhouse, R.P., and Tuccillo, m.E., 2001, Progression of natural attenuation processes at a crude-oil spill site--I. Geochemical evolution of the plume: Journal of Contaminant Hydrology, v. 53, pp. 369-385.",
ds_10,x9609,9609,9/12/1996,WI,8.76,150,xLO020,14DEtBz_mgL,,0,xLGC01,"Bekins, B.A., I.M. Cozzarelli, E.M. Godsy, E. Warren, H.I. Essaid, and M.E. Tuccillo, 2001, Progression of natural attenuation processes at a crude oil spill site II. Controls on spatial distribution of microbial populations, J. Contam. Hydrol., 53:387-406.; Cozzarelli, I.M., Bekins, B.A., Baedecker, M.J., Aiken, G.R., Eaganhouse, R.P., and Tuccillo, m.E., 2001, Progression of natural attenuation processes at a crude-oil spill site--I. Geochemical evolution of the plume: Journal of Contaminant Hydrology, v. 53, pp. 369-385.",
ds_10,x9609,9609,9/12/1996,WI,8.76,150,xLO056,nButylBz_mgL,,0,xLGC01,"Bekins, B.A., I.M. Cozzarelli, E.M. Godsy, E. Warren, H.I. Essaid, and M.E. Tuccillo, 2001, Progression of natural attenuation processes at a crude oil spill site II. Controls on spatial distribution of microbial populations, J. Contam. Hydrol., 53:387-406.; Cozzarelli, I.M., Bekins, B.A., Baedecker, M.J., Aiken, G.R., Eaganhouse, R.P., and Tuccillo, m.E., 2001, Progression of natural attenuation processes at a crude-oil spill site--I. Geochemical evolution of the plume: Journal of Contaminant Hydrology, v. 53, pp. 369-385.",
ds_10,x9609,9609,9/12/1996,WI,8.76,150,xLO019,13DMe5EtBz_mgL,,0,xLGC01,"Bekins, B.A., I.M. Cozzarelli, E.M. Godsy, E. Warren, H.I. Essaid, and M.E. Tuccillo, 2001, Progression of natural attenuation processes at a crude oil spill site II. Controls on spatial distribution of microbial populations, J. Contam. Hydrol., 53:387-406.; Cozzarelli, I.M., Bekins, B.A., Baedecker, M.J., Aiken, G.R., Eaganhouse, R.P., and Tuccillo, m.E., 2001, Progression of natural attenuation processes at a crude-oil spill site--I. Geochemical evolution of the plume: Journal of Contaminant Hydrology, v. 53, pp. 369-385.",
ds_10,x9609,9609,9/12/1996,WI,8.76,150,xLO011,12DEtBz_mgL,,0,xLGC01,"Bekins, B.A., I.M. Cozzarelli, E.M. Godsy, E. Warren, H.I. Essaid, and M.E. Tuccillo, 2001, Progression of natural attenuation processes at a crude oil spill site II. Controls on spatial distribution of microbial populations, J. Contam. Hydrol., 53:387-406.; Cozzarelli, I.M., Bekins, B.A., Baedecker, M.J., Aiken, G.R., Eaganhouse, R.P., and Tuccillo, m.E., 2001, Progression of natural attenuation processes at a crude-oil spill site--I. Geochemical evolution of the plume: Journal of Contaminant Hydrology, v. 53, pp. 369-385.",
ds_10,x9609,9609,9/12/1996,WI,8.76,150,xLO023,1Me2EtBz_mgL,,0.001,xLGC01,"Bekins, B.A., I.M. Cozzarelli, E.M. Godsy, E. Warren, H.I. Essaid, and M.E. Tuccillo, 2001, Progression of natural attenuation processes at a crude oil spill site II. Controls on spatial distribution of microbial populations, J. Contam. Hydrol., 53:387-406.; Cozzarelli, I.M., Bekins, B.A., Baedecker, M.J., Aiken, G.R., Eaganhouse, R.P., and Tuccillo, m.E., 2001, Progression of natural attenuation processes at a crude-oil spill site--I. Geochemical evolution of the plume: Journal of Contaminant Hydrology, v. 53, pp. 369-385.",
ds_10,x9609,9609,9/12/1996,WI,8.76,150,xLO021,14DMe2EtBz_mgL,,0,xLGC01,"Bekins, B.A., I.M. Cozzarelli, E.M. Godsy, E. Warren, H.I. Essaid, and M.E. Tuccillo, 2001, Progression of natural attenuation processes at a crude oil spill site II. Controls on spatial distribution of microbial populations, J. Contam. Hydrol., 53:387-406.; Cozzarelli, I.M., Bekins, B.A., Baedecker, M.J., Aiken, G.R., Eaganhouse, R.P., and Tuccillo, m.E., 2001, Progression of natural attenuation processes at a crude-oil spill site--I. Geochemical evolution of the plume: Journal of Contaminant Hydrology, v. 53, pp. 369-385.",
ds_10,x9609,9609,9/12/1996,WI,8.76,150,xLO018,13DMe4EtBz_mgL,,0,xLGC01,"Bekins, B.A., I.M. Cozzarelli, E.M. Godsy, E. Warren, H.I. Essaid, and M.E. Tuccillo, 2001, Progression of natural attenuation processes at a crude oil spill site II. Controls on spatial distribution of microbial populations, J. Contam. Hydrol., 53:387-406.; Cozzarelli, I.M., Bekins, B.A., Baedecker, M.J., Aiken, G.R., Eaganhouse, R.P., and Tuccillo, m.E., 2001, Progression of natural attenuation processes at a crude-oil spill site--I. Geochemical evolution of the plume: Journal of Contaminant Hydrology, v. 53, pp. 369-385.",
ds_10,x9609,9609,9/12/1996,WI,8.76,150,xLO013,12DMe4EtBz_mgL,,2.00E-04,xLGC01,"Bekins, B.A., I.M. Cozzarelli, E.M. Godsy, E. Warren, H.I. Essaid, and M.E. Tuccillo, 2001, Progression of natural attenuation processes at a crude oil spill site II. Controls on spatial distribution of microbial populations, J. Contam. Hydrol., 53:387-406.; Cozzarelli, I.M., Bekins, B.A., Baedecker, M.J., Aiken, G.R., Eaganhouse, R.P., and Tuccillo, m.E., 2001, Progression of natural attenuation processes at a crude-oil spill site--I. Geochemical evolution of the plume: Journal of Contaminant Hydrology, v. 53, pp. 369-385.",
ds_10,x9609,9609,9/12/1996,WI,8.76,150,xLO017,13DMe2EtBz_mgL,,0.0014,xLGC01,"Bekins, B.A., I.M. Cozzarelli, E.M. Godsy, E. Warren, H.I. Essaid, and M.E. Tuccillo, 2001, Progression of natural attenuation processes at a crude oil spill site II. Controls on spatial distribution of microbial populations, J. Contam. Hydrol., 53:387-406.; Cozzarelli, I.M., Bekins, B.A., Baedecker, M.J., Aiken, G.R., Eaganhouse, R.P., and Tuccillo, m.E., 2001, Progression of natural attenuation processes at a crude-oil spill site--I. Geochemical evolution of the plume: Journal of Contaminant Hydrology, v. 53, pp. 369-385.",
ds_10,x9609,9609,9/12/1996,WI,8.76,150,xLO012,12DMe3EtBz_mgL,,0,xLGC01,"Bekins, B.A., I.M. Cozzarelli, E.M. Godsy, E. Warren, H.I. Essaid, and M.E. Tuccillo, 2001, Progression of natural attenuation processes at a crude oil spill site II. Controls on spatial distribution of microbial populations, J. Contam. Hydrol., 53:387-406.; Cozzarelli, I.M., Bekins, B.A., Baedecker, M.J., Aiken, G.R., Eaganhouse, R.P., and Tuccillo, m.E., 2001, Progression of natural attenuation processes at a crude-oil spill site--I. Geochemical evolution of the plume: Journal of Contaminant Hydrology, v. 53, pp. 369-385.",
ds_10,x9609,9609,9/12/1996,WI,8.76,150,xLO008,1245TMeBz_mgL,,0,xLGC01,"Bekins, B.A., I.M. Cozzarelli, E.M. Godsy, E. Warren, H.I. Essaid, and M.E. Tuccillo, 2001, Progression of natural attenuation processes at a crude oil spill site II. Controls on spatial distribution of microbial populations, J. Contam. Hydrol., 53:387-406.; Cozzarelli, I.M., Bekins, B.A., Baedecker, M.J., Aiken, G.R., Eaganhouse, R.P., and Tuccillo, m.E., 2001, Progression of natural attenuation processes at a crude-oil spill site--I. Geochemical evolution of the plume: Journal of Contaminant Hydrology, v. 53, pp. 369-385.",
ds_10,x9609,9609,9/12/1996,WI,8.76,150,xLO004,1235TMeBz_mgL,,0,xLGC01,"Bekins, B.A., I.M. Cozzarelli, E.M. Godsy, E. Warren, H.I. Essaid, and M.E. Tuccillo, 2001, Progression of natural attenuation processes at a crude oil spill site II. Controls on spatial distribution of microbial populations, J. Contam. Hydrol., 53:387-406.; Cozzarelli, I.M., Bekins, B.A., Baedecker, M.J., Aiken, G.R., Eaganhouse, R.P., and Tuccillo, m.E., 2001, Progression of natural attenuation processes at a crude-oil spill site--I. Geochemical evolution of the plume: Journal of Contaminant Hydrology, v. 53, pp. 369-385.",
ds_10,x9609,9609,9/12/1996,WI,8.76,150,xLO002,1234TMeBz_mgL,,0,xLGC01,"Bekins, B.A., I.M. Cozzarelli, E.M. Godsy, E. Warren, H.I. Essaid, and M.E. Tuccillo, 2001, Progression of natural attenuation processes at a crude oil spill site II. Controls on spatial distribution of microbial populations, J. Contam. Hydrol., 53:387-406.; Cozzarelli, I.M., Bekins, B.A., Baedecker, M.J., Aiken, G.R., Eaganhouse, R.P., and Tuccillo, m.E., 2001, Progression of natural attenuation processes at a crude-oil spill site--I. Geochemical evolution of the plume: Journal of Contaminant Hydrology, v. 53, pp. 369-385.",
ds_10,x9609,9609,9/12/1996,WI,8.76,150,xLO035,BTEX_mgL,,1.9074,xLCA03,"Bekins, B.A., I.M. Cozzarelli, E.M. Godsy, E. Warren, H.I. Essaid, and M.E. Tuccillo, 2001, Progression of natural attenuation processes at a crude oil spill site II. Controls on spatial distribution of microbial populations, J. Contam. Hydrol., 53:387-406.; Cozzarelli, I.M., Bekins, B.A., Baedecker, M.J., Aiken, G.R., Eaganhouse, R.P., and Tuccillo, m.E., 2001, Progression of natural attenuation processes at a crude-oil spill site--I. Geochemical evolution of the plume: Journal of Contaminant Hydrology, v. 53, pp. 369-385.",
ds_10,x9609,9609,9/12/1996,WI,8.76,150,xLD443,TotAlkylBz_mgL,,1.9403,xLCA06,"Bekins, B.A., I.M. Cozzarelli, E.M. Godsy, E. Warren, H.I. Essaid, and M.E. Tuccillo, 2001, Progression of natural attenuation processes at a crude oil spill site II. Controls on spatial distribution of microbial populations, J. Contam. Hydrol., 53:387-406.; Cozzarelli, I.M., Bekins, B.A., Baedecker, M.J., Aiken, G.R., Eaganhouse, R.P., and Tuccillo, m.E., 2001, Progression of natural attenuation processes at a crude-oil spill site--I. Geochemical evolution of the plume: Journal of Contaminant Hydrology, v. 53, pp. 369-385.",
ds_10,x9609,9609,9/12/1996,WI,8.76,180,x46123,Fe_2_mgL,,0.1,xLC006,"Bekins, B.A., I.M. Cozzarelli, E.M. Godsy, E. Warren, H.I. Essaid, and M.E. Tuccillo, 2001, Progression of natural attenuation processes at a crude oil spill site II. Controls on spatial distribution of microbial populations, J. Contam. Hydrol., 53:387-406.; Cozzarelli, I.M., Bekins, B.A., Baedecker, M.J., Aiken, G.R., Eaganhouse, R.P., and Tuccillo, m.E., 2001, Progression of natural attenuation processes at a crude-oil spill site--I. Geochemical evolution of the plume: Journal of Contaminant Hydrology, v. 53, pp. 369-385.",
ds_10,x9609,9609,9/12/1996,WI,8.76,180,x68831,CH4_mgL,,5.499,xLC005,"Bekins, B.A., I.M. Cozzarelli, E.M. Godsy, E. Warren, H.I. Essaid, and M.E. Tuccillo, 2001, Progression of natural attenuation processes at a crude oil spill site II. Controls on spatial distribution of microbial populations, J. Contam. Hydrol., 53:387-406.; Cozzarelli, I.M., Bekins, B.A., Baedecker, M.J., Aiken, G.R., Eaganhouse, R.P., and Tuccillo, m.E., 2001, Progression of natural attenuation processes at a crude-oil spill site--I. Geochemical evolution of the plume: Journal of Contaminant Hydrology, v. 53, pp. 369-385.",
ds_10,x9609,9609,9/12/1996,WI,8.76,180,xLO065,NVDOC_mgL,,24.5,xLCID2,"Bekins, B.A., I.M. Cozzarelli, E.M. Godsy, E. Warren, H.I. Essaid, and M.E. Tuccillo, 2001, Progression of natural attenuation processes at a crude oil spill site II. Controls on spatial distribution of microbial populations, J. Contam. Hydrol., 53:387-406.; Cozzarelli, I.M., Bekins, B.A., Baedecker, M.J., Aiken, G.R., Eaganhouse, R.P., and Tuccillo, m.E., 2001, Progression of natural attenuation processes at a crude-oil spill site--I. Geochemical evolution of the plume: Journal of Contaminant Hydrology, v. 53, pp. 369-385.",
