"Paper Title","Paper Link","Publication Year","Publication Type","Publication Title","Author Names","DOI","PDF Link","Abstract","TL;DR"
"The Seismic Quest for Estimating Heavy Heavy Oil Viscosity","https://scispace.com/paper/the-seismic-quest-for-estimating-heavy-heavy-oil-viscosity-4lysw4r3qv","2011","","","Fereidoon Vasheghani
Larry Lines
Joan Embleton","","","In heavy oil reservoirs, the enhanced oil recovery (EOR) is largely governed by the mobility of fluids. These EOR methods generally attempt to increase mobility by lowering the fluid viscosity. Hence, it is important to have knowledge of viscosity throughout the reservoir. While viscometers and geochemistry can be used to estimate viscosity from borehole samples, we attempt to estimate viscosity between boreholes. Recent research by Vasheghani and Lines (2009) shows the relationship between heavy oil viscosity and seismic Q. The estimation of Q (inverse attenuation) is attempted using a crossborehole tomography method of Quan and Harris (1997). The combination of Q tomograms and rock physics models is subsequently used to produce estimates of viscosity between boreholes. The details of this research are published in the PhD thesis of Vasheghani (under preparation).","In this article, the relationship between heavy oil viscosity and seismic Q was investigated using a cross-borehole tomography method of Quan and Harris (1997), and the combination of Q tomograms and rock physics models was subsequently used to produce estimates of viscoities between boreholes."
"Prediction of difficulty for developing heavy oil reservoir with geochemical parameters","https://scispace.com/paper/prediction-of-difficulty-for-developing-heavy-oil-reservoir-3zx398vrej","2004","Journal Article","Acta Petrologica Sinica","Zhao Hong-jing","","","The viscosity of biodegraded oil is highly correlated to biodegradation degree.The distribution of some biomarkers in oil varies with the different biodegradation degrees.Oil viscosity in negatively correlated to saturated hydrocarbon concentration in oil and w(Pr+ Ph)-to- w(C 30 hopane)ratio,and it is also positively correlated to polar compounds' concentration and w(Pr+Ph)-to-w(nC 17 +nC 18 ) ratio.In addition,oil viscosity has close correlation with w(Pr+Ph)-to-w(carotene) ratio.Those geochemical parameters can be used to predict oil viscosity and thus to preliminarily evaluate oil production difficulty.The predicted resuls from six sand bodies of second member of Sha?3 in Leng-43 block of Liaohe Oilfield show that the viscosity of oil increase with well depth and reaches the highest value near oil-water contact.The distribution of production difficulty in this reservoir is similar to the distribution of oil viscosity.","In this article, the predicted resuls from six sand bodies of second member of Sha?3 in Leng-43 block of Liaohe Oilfield show that the viscosity of oil increase with well depth and reaches the highest value near oil-water contact."
"The Origin, Prediction and Impact of Oil Viscosity Heterogeneity on the Production Characteristics of Tar Sand and Heavy Oil Reservoirs","https://scispace.com/paper/the-origin-prediction-and-impact-of-oil-viscosity-3rvpm019x4","2006","Journal Article","Journal of Canadian Petroleum Technology","Stephen R. Larter
Jennifer D. Adams
Ian D. Gates
Barry Bennett
Haiping Huang","10.2118/08-01-52","","A defining characteristic of heavy and super heavy oilfields is the large spatial variation in fluid properties, such as oil viscosity, commonly seen within the reservoirs. Traditional heavy oil and tar sand exploration and production strategies rely significantly on the characterization of key reservoir heterogeneities and assessment of fluid saturations. while it is important to understand how these properties vary, the spatial distribution of fluid properties can often dominate production behaviour but surprisingly, are usually ignored! Heavy oil and tar sands are formed by microbial degradation of conventional crude oils over geological timescales. Constraints such as oil charge mixing, reservoir-temperature dependant biodegradation rate and supply of water and nutrients to the organisms ultimately dictate the final distribution of API gravity and viscosity found in heavy oil fields. Large-scale lateral and small-scale vertical variations in fluid properties due to interaction of biodegradation and charge mixing are common, with up to orders of magnitude variation in viscosity over the thickness of a reservoir. These variations are often predictable and can be integrated into reservoir simulation models in a manner similar to specifying geological heterogeneity. In this work, we describe and illustrate quantitative geological controls on fluid property variations and show how petroleum geochemistry can be used to rapidly produce high resolution fluid property images of tar sand and heavy oil reservoirs. The impact of viscosity variations in a heavy oil reservoir on production depends on recovery method. Numerical thermal reservoir simulations reveal that oil viscosity heterogeneity (i.e. a vertical viscosity profile in the reservoir) lowers the oil production volumes from steam assisted gravity drainage (SAGD) in geologically realistic reservoirs compared to results from equivalent models run with uniform average viscosity profiles. Similar results are found for the cyclic steam stimulation (CSS) process. In cases with viscosity profiles, the relatively high viscosity at the base of the reservoir slows the growth of the steam chambers relative to that in uniform viscosity reservoirs. We also describe how the chemical fluid heterogeneities can be used to predict oil viscosity from well cuttings and/or core or to de-mix produced oils into zonal contributions from different parts of the production well.","In this article, the authors describe and illustrate quantitative geological controls on fluid property variations and show how petroleum geochemistry can be used to rapidly produce high resolution fluid property images of tar sand and heavy oil reservoirs."
"Predicting heavy oil viscosity from well logs","https://scispace.com/paper/predicting-heavy-oil-viscosity-from-well-logs-413h2tosil","2016","","","Eric A. Rops
Laurence R. Lines","","","Summary Viscosity is a critical parameter in selecting the best recovery method to exploit a heavy oil or oil sands reservoir. While heavy oil viscosities can be measured in the lab from well samples, it would be very useful to have a method to reliably estimate heavy oil viscosity from well logs. Donor Company has generously provided viscosity data from their Athabasca North and Athabasca South oil sands development projects, with multiple measurements per well. Multi-attribute analysis enables a target attribute (viscosity) to be predicted using other known attributes (the well logs). In the Athabasca North area, P-wave sonic and Density porosity were used to predict viscosity with an average validation error of 147,000 cP, or 19% of the total viscosity range. In the Athabasca South area, medium resistivity, gamma ray, and P-wave sonic were used to predict viscosity with an average validation error of only 70,000 cP, or 13% of the total viscosity range.","In this article, multi-attribute analysis enables a target attribute (viscosity) to be predicted using other known attributes (the well logs) to estimate heavy oil viscosity from well logs."
"The Prediction of Viscosity, Formation Volume Factor, and Bubble Point Pressure of Heavy Oil Using Statistical Analysis, Artificial Neural Networks, and Three-dimensional Modeling: A Comparative Evaluation","https://scispace.com/paper/the-prediction-of-viscosity-formation-volume-factor-and-19nzx7zwu3","2014","Journal Article","Energy Sources Part A-recovery Utilization and Environmental Effects","F. Torabi
B. Y. Jamaloei
C. J. Zunti
C. C. Markwart","10.1080/15567036.2010.547926","","The physical properties of the reservoir fluids are required for various applications, such as reservoir performance optimization, field development, and modeling of the numerous enhanced oil recovery processes Some correlations have been developed that can predict the properties of the reservoir fluids However, most of these correlations do not accurately predict the physical properties of the heavy oil This study uses three approaches to develop new correlations for the calculation of the dead oil viscosity: statistical analysis, artificial neural networks, and three-dimensional modeling The results indicate that the developed correlations in this study for prediction of the heavy oil viscosity outperform the previously developed correlations Moreover, the statistical analysis is performed to develop new correlations for prediction of the bubble point pressure and the formation volume factor The results of these correlations are in good agreement with the experimental values Finally, recommendati","In this paper, the authors used three approaches to develop new correlations for the calculation of the dead oil viscosity: statistical analysis, artificial neural networks, and three-dimensional modeling."
"A new model for predicting the viscosity of heavy oil","https://scispace.com/paper/a-new-model-for-predicting-the-viscosity-of-heavy-oil-12xadqbjol","2016","Journal Article","Petroleum Science and Technology","Yonghui Liu
Shuqiang Shi
Yongqing Wang
Jiang Xie
Gang Xie","10.1080/10916466.2016.1169291","","Models of heavy oil viscosity are considered as a function of temperature and API gravity in literature at home and abroad, and the API gravity is measured under the condition of 20°C, but without considering the effect of temperature on the API and colloid asphalt content in heavy oil. A total of 197 data points from 41 samples of Huabei oilfield are tested from previous studiesand five other heavy oil viscosity models, and the calculation value is much less than the measured value. The new prediction model of heavy oil viscosity is established by Simplex Method and the General Global Optimization Method. The new model takes into account the temperature, API, colloid asphalt, and the influence of temperature on API. Using the new model to predict the viscosity of heavy oil samples of Huabei oilfield, the average relative error of 3.36%, mean absolute error of 7.61%. The new prediction model is precise than other eight models, calculated values and measured values coincide when degree is higher.","In this paper, a new prediction model of heavy oil viscosity is established by Simplex Method and the General Global Optimization Method, taking into account the temperature, API, colloid asphalt, and the influence of temperature on API."
"Viscosity Prediction of Heavy Oil from the Liaohe Basin Using Biomarker Parameters","https://scispace.com/paper/viscosity-prediction-of-heavy-oil-from-the-liaohe-basin-1130qzhg79","2014","Journal Article","Petroleum Science and Technology","J. J. Hu
X. T. Zhang
Q. Yu
Z. Huang
Q. Xiao
H. J. Zhao","10.1080/10916466.2011.637535","","A set of correlations was proposed to predict the viscosities of heavy oils from Leng 43/37 blocks (Liaohe Basin) using some biomarker parameters. Geochemical analysis showed that the heavy oils in this study main suffered from different degrees of biodegradation. With increasing biodegradation, the viscosities of crude oils have strong correlations with the following four biomarker biodegradation parameters: (Pr + Ph)/(nC17 + nC18), (nC17 + nC18)/C30H, nC17 + nC18 + Pr + Ph (mg/g), ∑(nC11 − nC36) (mg/g); the correlation coefficients were 0.96, 0.94, 0.93, and 0.94, respectively. Moreover, for convenience, we ranked the extent of biodegradation as nonbiodegraded and lightly, moderately, heavily, and severely biodegraded. The accuracy and applicable biodegradation scale range of these correlations are discussed. The viscosities obtained from the correlations could be used in designing biodegraded heavy oil production projects.","A set of correlations was proposed to predict the viscosities of heavy oils from Leng 43/37 blocks (Liaohe Basin) using some biomarker parameters and the extent of biodegradation was ranked as nonbiodegraded and lightly, moderately, heavily, and severely biodegraded."
"Identifying Lower Viscosity Intervals within Heavy Oil Accumulations","https://scispace.com/paper/identifying-lower-viscosity-intervals-within-heavy-oil-3fj9gsbujx","2010","Proceedings Article","","Mark McCaffery
Kate S. Weissenburger","10.3997/2214-4609.20144625","","In heavy oil accumulations, vertical variations in oil producibility are controlled by (1) vertical variations in reservoir porosity/permeability, and (2) vertical variations in oil viscosity. Unfortunately, due to perceived difficulties in quantifying oil viscosity, development strategies often focus solely on the reservoir rock properties. Such development strategies are not acceptable. Identifying zones of lower viscosity oil is critical to efficient field development, and geochemical analysis of Side Wall Cores (SWC) can yield the needed viscosity information.","In heavy oil accumulations, vertical variations in oil producibility are controlled by the vertical variation in reservoir porosity/permeability and the vertical variations of oil viscosity."
"An integrated methodological approach to substantiating the properties of high-viscosity oils using the example of the Karazhanbas oil field","https://scispace.com/paper/an-integrated-methodological-approach-to-substantiating-the-uz2d7ehwiq","2024","Journal Article","","Rakhim N. Uteev
K. M. Kunzharikova
Laura M. Bisikenova
Gaukhar Zh. Bektas","10.54859/kjogi108678","","Rationale: A characteristic feature of the modern stage of oil field development is the increase in the share of hard-to-recover oils, which mainly include heavy, highly viscous oils. This is due to changes in the structure of oil, an increase in the water cut of produced oil, geological and geophysical characteristics and conditions of oil occurrence that are unfavorable for extraction. The reserves of such oil significantly exceed the reserves of light and low-viscosity oil and, according to experts, they amount to at least 1 trillion tons. In industrialized countries they are considered not so much as a reserve for oil production, but as the main basis for its development in the coming years. The peculiarity of heavy oil is explained by its composition and PVT properties, which have a fairly serious impact on production. 
Target: Application of an integrated approach to substantiating the properties of high-viscosity oil and tools for mathematical modeling of the phase state of fluids in order to increase the reliability of reserve calculations and the efficiency of the oil field development. 
Materials and methods: The scientific work was based on the results of geochemical studies (fingerprinting and biomarker analysis), experimental data from rheological studies and the results of modeling the phase state of fluids. 
Results: It is proposed to use an integrated approach to data interpretation and compositional calculations, which make it possible to narrow the range of uncertainty and explain the huge variation in the values of physicochemical parameters across samples. 
Conclusion: An integrated approach to analyzing the results of PVT experiments, together with geological and field data and the results of geochemical studies, provides high-quality data that allows you to make strategic decisions on the oil field development, conduct accurate resource assessments and predict hydrocarbon production.","An integrated methodological approach to substantiating the properties of high-viscosity oils provides high-quality data for strategic decision-making, accurate resource assessments and predicting hydrocarbon production."
"Oil Viscosity Models for Greater Burgan Oilfield-Kuwait","https://scispace.com/paper/oil-viscosity-models-for-greater-burgan-oilfield-kuwait-kputzcavf7","","Journal Article","International journal of petroleum and petrochemical engineering","Asrar AlShammari
Osamah Alomair
Adel M. Elsharkawy","10.20431/2454-7980.0802002","",": In the petroleum industry, the prediction of viscosity using correlations is commonly used for solving many reservoir engineering and surface production problems. In the last seven decades, several black oil viscosity models have been developed. However, these models may only be suitable for the geological regions for which they were developed and may not provide acceptable results for crude oils for other regions. The purpose of this paper is to create a comprehensive oil viscosity models for the Greater Burgan Oilfield-Kuwait which is the second-largest oil field in the world with estimated recoverable oil of nearly 6% of the world's proven conventional oil reserve. Therefore, 824 data points of oil viscosity measurements for the Greater Burgan Oil Field has been used to evaluate the accuracy of the published models and later used to develop a new oil viscosity models for estimating dead, saturated, bubble point, and under saturated oil viscosities. The validity and accuracy of the proposed models were confirmed by comparing their predictions with 166 measured data points from the field itself. These new models showed better accuracy in estimating oil viscosity in all pressure and temperatures ranges, compared to previously published viscosity ones. Additionally, the results show that using the newly developed black oil models, the viscosity of Greater Burgan Oil Field crudes can be predicted with AARE values of 5.86% for dead oil, 4.8% for saturated oil, 5.4% at bubble point, and 1.9% for undersaturated oil. The new models will improve our predications of oil flow rate, pressure drop in tubing and flow lines and hence the design of production equipment and surface facilities. These models can easily be integrated into reservoir simulation for planning primary, secondary and EOR studies.","Oil viscosity models for the Greater Burgan Oilfield-Kuwait are developed using a large dataset of viscosity measurements. The new models show better accuracy in estimating oil viscosity in all pressure and temperatures ranges compared to previously published models."
"The Impact of Oil Viscosity Heterogeneity on Production Characteristics of Heavy Oil and Tar Sand(HOTS) Reservoirs Part III: The Origin of Highly Non Linear Oil Viscosity Gradients and the Design of Geotailored Recovery Processes Suitable for such Compositionally Graded Reservoirs","https://scispace.com/paper/the-impact-of-oil-viscosity-heterogeneity-on-production-5cc6sgxnmf","2007","","","Steve Larter
Jennifer D. Adams
Ian D. Gates","","https://www.searchanddiscovery.com/abstracts/html/2013/90168cspg/abstracts/ndx_larter.pdf","The world oil inventory is dominated by heavy oils and tar sand (HOTS) bitumens generated almost entirely by the process of biodegradation. This process is a biologically-driven, complex reactive diffusion-dominated in-reservoir oil alteration process that occurs under anaerobic conditions (Aitken et al., 2004) driven by oil-water reactions, usually at the oil column base producing methane and heavy oil as by-products (Head et al, 2003). Because large volumes of lighter hydrocarbon components are consumed by the biological process at the oil-water contact or transition zone, significant vertical and lateral gradients in oil composition and thus oil viscosity result (Larter et al., 2003,2006a,b). The ultimate controls on the increase of oil alteration and thus viscosity rise are related to the oil charge composition and charge rate history (Adams et al., 2006), mixing of fresh and biodegraded oils and diffusion of oil components (Koopmans et al., 2002), the extent of the water leg in the reservoir and nutrient supply, and the reservoir temperature history (Larter et al., 2003; 2006a). Temperature ultimately controls the survival of microrganisms in the subsurface with reservoir pasteurisation at 80 C and above (Wilhelms et al., 2001).",""
"Predicting the Dead Oil Viscosity of Reservoir Fluids: a case study of the Niger Delta","https://scispace.com/paper/predicting-the-dead-oil-viscosity-of-reservoir-fluids-a-case-swge1okap3","2013","Journal Article","Journal of Energy Technologies and Policy","K.F.K. Oyedeko
Ubong William Ulaeto","","https://scispace.com/pdf/predicting-the-dead-oil-viscosity-of-reservoir-fluids-a-case-swge1okap3.pdf","Knowledge of the Dead-oil viscosity is one of the most important factors in developing viscosity empirical correlations because other viscosities are obtained from it. A better accuracy of its model will enhance the accuracy of the overall viscosity parameters. This paper developed a new dead oil viscosity using laboratory PVT experimental data obtained from different oil wells across the Niger Delta. The Model was developed starting with the knowledge of Linear and Non-Linear Multiple regression analyses. A Matrix system was adopted to solve the experimental equations through MATLAB in conjunction with Microsoft Excel Application. Multiple statistical analyses were adopted to ascertain the accuracy of the derived model. The empirical correlation gave a Percent Mean Relative Error of -6.67776, Percent Mean Absolute Relative Error of 25.55437 and a 0.6728 Coefficient of Correlation. It also gave better performance plot, compared with those of existing correlations.Keywords: Dead oil viscosity, Pressure, Volume, Temperature, Multiple statistical analyses.","In this article, a new dead oil viscosity using laboratory PVT experimental data obtained from different oil wells across the Niger Delta was developed starting with the knowledge of Linear and Non-Linear Multiple regression analyses."
"Robust Computational Approach to Determine Condensate Liquid Viscosity","https://scispace.com/paper/robust-computational-approach-to-determine-condensate-liquid-7b7lst4xux36","","","","Omid Hazbeh
Hamzeh Ghorbani
Somayeh Tabasi
Meysam Rajabi
Pezhman Soltani Tehrani
Sahar Lajmorak
Mehdi Ahmadi Alvar
Ahmed E. Radwan","10.1016/j.pce.2025.103880","","The production of gas condensate from condensate gas reservoirs (GCR) presents significant challenges in reservoir engineering management, production, and operations. A crucial factor affecting the production and transport of condensate gas is the condensate liquid viscosity (μlc), which is vital for equations of state and for establishing relationships between PVT properties. This study aims to predict viscosity using five input variables: condensate gravity (API), initial gas-to-condensate ratio (RS), pressure (P), gas specific gravity (γg), and temperature (T). To achieve this, four robust models, previously unused in this domain, were used. Data from 2,160 records were gathered from Iranian reservoirs, with 2,114 data sets retained after outlier elimination using k-means clustering. The study combines multilayer perceptron (MLP) and distance-weighted k-nearest neighbor (DWKNN) networks with two optimizers, independent component analysis (ICA) and the gravitational search algorithm (GSA), to predict μlc. The results indicate that the AI-based hybrid model achieves significantly greater accuracy than the four empirical equations evaluated, with the DWKNN-GSA model outperforming the others in terms of accuracy (R2 = 0.9998, RMSE = 0.0037 cP). Correlation analysis reveals that P, API, and RS highly influence μlc, whereas T and γg have a low impact. A heat map diagram further highlights that γg exerts the highest effect, while API has the lowest impact on μlc. The approach used in this study demonstrates significantly higher accuracy in predicting μlc compared to other published methods and could be applied to the prediction of similar parameters.","This study develops a robust AI-based model to predict condensate liquid viscosity (μlc) using five input variables, achieving higher accuracy (R2 = 0.9998, RMSE = 0.0037 cP) than empirical equations, with pressure, API gravity, and initial gas-to-condensate ratio being key influencing factors."
"Prediction of Difficulty for Developing Heavy Oil Reservoir with Geochemical Parameters","https://scispace.com/paper/prediction-of-difficulty-for-developing-heavy-oil-reservoir-0g5ueo4apid4","","","","赵红静
张春明
梅博文
张敏
尹太举","10.3321/j.issn:0253-2697.2004.03.012","","The viscosity of biodegraded oil is highly correlated to biodegradation degree.The distribution of some biomarkers in oil varies with the different biodegradation degrees.Oil viscosity in negatively correlated to saturated hydrocarbon concentration in oil and w(Pr+ Ph)-to- w(C 30 hopane)ratio,and it is also positively correlated to polar compounds' concentration and w(Pr+Ph)-to-w(nC 17 +nC 18 ) ratio.In addition,oil viscosity has close correlation with w(Pr+Ph)-to-w(carotene) ratio.Those geochemical parameters can be used to predict oil viscosity and thus to preliminarily evaluate oil production difficulty.The predicted resuls from six sand bodies of second member of Sha?3 in Leng-43 block of Liaohe Oilfield show that the viscosity of oil increase with well depth and reaches the highest value near oil-water contact.The distribution of production difficulty in this reservoir is similar to the distribution of oil viscosity.","Researchers developed a geochemical parameter-based model to predict oil viscosity and production difficulty in heavy oil reservoirs, demonstrating its applicability in evaluating oil production challenges in the Leng-43 block of Liaohe Oilfield."
"Data-driven modeling of heavy oil viscosity in the reservoir from geophysical well logs","https://scispace.com/paper/data-driven-modeling-of-heavy-oil-viscosity-in-the-reservoir-1mbjcgd5ph","2018","Journal Article","Petroleum Science and Technology","Arash Kamari
Abdelmoneam Raef
Matthew W. Totten","10.1080/10916466.2018.1468778","","Viscosity is the most crucial fluid property on recovery and productivity of hydrocarbon reservoirs, more particularly heavy oil reservoirs. In heavy and extra heavy oil reservoirs e.g. bitumen and tar sands more energy is required to be injected into the system in order to decrease the viscosity to make the flow easier. Therefore, attempt to develop a reliable and rapid method for accurate estimation of heavy oil viscosity is inevitable. In this study, a predictive model for estimating of heavy oil viscosity is proposed, utilizing geophysical well logs data including gamma ray, neutron porosity, density porosity, resistivity logs, spontaneous potential as well as P-wave velocity and S-wave velocity and their ratio (Vp/Vs). To this end, a supervised machine learning algorithm, namely least square support vector machine (LSSVM), has been employed for modeling, and a dataset was provided from well logs data in a Canadian heavy oil reservoir, the Athabasca North area. The results indicate that the pr...","In this article, a predictive model for estimating heavy oil viscosity is proposed, utilizing geophysical well logs data including gamma ray, neutron porosity, density porosity and resistivity logs, spontaneous potential as well as P-wave velocity and S wave velocity and their ratio (Vp/Vs)."
"Evaluation of Heavy Oil/Bitumen- Solvent Mixture Viscosity Models","https://scispace.com/paper/evaluation-of-heavy-oil-bitumen-solvent-mixture-viscosity-bwoiky417f9n","","","","Y Wen
A Kantzas","10.2118/06-04-04","","High viscosity is a major concern in the recovery of heavy oil and bitumen. Viscosity reduction could be achieved by mixing bitumen with solvents. Cragoe(1) and Shu(2) have developed widely used methods for liquid mixture viscosity predictions. However, in these two models, the viscosities or densities of the heavy oil/bitumen and solvents have to be known at some reference condition.Low field nuclear magnetic resonance (NMR) relaxometry is an effective, non-destructive alternative for determining the petrophysical properties of oil reservoirs. It has also been shown to successfully predict the viscosity of conventional oils, heavy oils, and mixtures of oils with solvents.In this paper, a regression model of experimental data, Cragoe(l), Shu(1), and NMR models are compared with experimental data which were obtained from four heavy oil/bitumen samples mixed with six solvents in different ratios. NMR-based predictions are found to be similar to those of the Shu(2) model and superior to the predictions of the Cragoe(l) model.","This study evaluates viscosity models for heavy oil/bitumen-solvent mixtures, comparing Cragoe, Shu, and NMR-based predictions with experimental data, finding NMR-based predictions similar to Shu's and superior to Cragoe's."
"Modelo matemático para la predicción de la viscosidad de crudos pesados muertos producidos en el Estado Monagas, Venezuela","https://scispace.com/paper/modelo-matematico-para-la-prediccion-de-la-viscosidad-de-2whebtu7fg","2017","Journal Article","","Tomás Darío Marín Velásquez","10.29019/ENFOQUEUTE.V8N3.164","http://scielo.senescyt.gob.ec/pdf/enfoqueute/v8n3/1390-6542-enfoqueute-8-03-00016.pdf","Viscosity is the property of fluids to oppose movement when a cutting effort is applied on them to convey them from one point to another. Heavy oil has a high viscosity greater than 1000 cP, which makes it difficult to transport. The present work shows a mathematical model for the prediction of the viscosity of dead heavy oils produced in the fields of Monagas State, Venezuela. For the development of the work, 25 samples of oil were collected and the viscosity was measured at 5 temperatures, in addition to the API gravity and the percentage of Asphaltenes. The data were introduced in the Statgraphics Centurion XVI statistical package and through multiple regression analysis two mathematical models were obtained, 1) linear multiple and 2) multiple nonlinear; The best model being divided according to its coefficient of determination R2 and the average relative error (ARE). The selected model was compared with the Glaso, Bennison and Naseri models. The nonlinear multiple model with R2 of 0.9792 and ARE of 5.05% was obtained as the best model, surpassing the models of Glaso (35.5% ARR, Bennison (107.5% ARE) and Naseri (61.7% ARE).","In this paper, a mathematical model for the prediction of the viscosity of dead heavy oils produced in the fields of Monagas State, Venezuela was presented, and the best model was compared with the Glaso, Bennison and Naseri models."
"Evaluation of Heavy Oil/Bitumen- Solvent Mixture Viscosity Models","https://scispace.com/paper/evaluation-of-heavy-oil-bitumen-solvent-mixture-viscosity-4xd2ehoh70","2004","Proceedings Article","Journal of Canadian Petroleum Technology","Y. Wen
Apostolos Kantzas","10.2118/2004-065","","High viscosity is a major concern in the recovery of heavy oil and bitumen. Viscosity reduction could be achieved by mixing bitumen with solvents. Cragoe (1) and Shu (2) have developed widely used methods for liquid mixture viscosity predictions. However, in these two models, the viscosities or densities of the heavy oil/bitumen and solvents have to be known at some reference condition. Low field nuclear magnetic resonance (NMR) relaxometry is an effective, non-destructive alternative for determining the pet-rophysical properties of oil reservoirs. It has also been shown to successfully predict the viscosity of conventional oils, heavy oils, and mixtures of oils with solvents. In this paper, a regression model of experimental data, Cragoe (1) , Shu (2) , and NMR models are compared with experimental data which were obtained from four heavy oil/bitumen samples mixed with six solvents in different ratios. NMR-based predictions are found to be similar to those of the Shu (2) model and superior to the predictions of the Cragoe (1) model.","In this article, a regression model of experimental data, Cragoe (1), Shu (2), and NMR models are compared with experimental data which were obtained from four heavy oil/bitumen samples mixed with six solvents in different ratios."
"From Molecular Weight And Nmr Relaxation To Viscosity: An Innovative Approach For Heavy Oil Viscosity Estimation For Real-Time Applications","https://scispace.com/paper/from-molecular-weight-and-nmr-relaxation-to-viscosity-an-3qkkvbl36e","2010","Journal Article","Petrophysics","Ridvan Akkurt
Douglas J. Seifert
Ramsin Y. Eyvazzadeh
Talal M. Al-Beaiji","","","Vertical and lateral viscosity variations in heavy oil reservoirs must be accurately understood for proper reserve assessment, well placement, reservoir simulation and well-test interpretation. Well-logs must be used to determine viscosity trends in the absence of a-priori information or direct viscosity measurements. This paper introduces a novel approach to estimate in-situ heavy oil viscosity using triple-combo and NMR logs. Three components, each with a distinct characteristic NMR relaxation time range and a specific molecular weight, are used to define the heavy oil phase. An empirical transform, built from a database of live oil samples collected in heavy oil reservoirs, is used to compute macroscopic viscosity from the relative volume fractions of the constituents. Case histories presented demonstrate the utility of the methodology in complex carbonate environments. The results clearly show that proper characterization of a heavy oil reservoir requires viscosity information, and interpretations based solely on mobility may have limited success. The case histories also highlight that actual viscosity distributions in heavy oil reservoirs can be quite different from the simple models often used to describe them.","In this article, a novel approach to estimate in-situ heavy oil viscosity using triple-combo and NMR logs is introduced, where three components, each with a distinct characteristic NMR relaxation time range and a specific molecular weight, are used to define the heavy oil phase."
"Radial-basis-function-based nuclear magnetic resonance heavy oil viscosity prediction model for a Kuwait viscous oil field","https://scispace.com/paper/radial-basis-function-based-nuclear-magnetic-resonance-heavy-3px1pjj7dh","2016","Journal Article","Interpretation","Khalid Ahmad
Faisal Hassan
Prasanta Kumar Mishra
Waleed Al-Khamees
Wei Shao
Songhua Chen
Magdalena Traico Sandor
Yuesheng Cheng","10.1190/INT-2015-0121.1","","Characterizing heavy oil viscosity by nuclear magnetic resonance (NMR) relaxation time (T1 and T2) measurements is much more challenging than characterizing light oil viscosities. Crude oils contain a wide range of hydrocarbons, resulting in broad T1 and T2 distributions that vary with the oil composition. Most often, a single geometric mean value T1,gm or T2,gm is correlated with the crude oil viscosity, which cannot accurately account for the inherent complexity of the oil constituent information. Furthermore, as the viscosity increases, some of the protons in the oil relax too quickly to be observable by logging or laboratory NMR instruments. This results in deficiencies of relaxation time and signal amplitude that give rise to apparent T1 and T2 distributions (T1,app and T2,app) and apparent hydrogen index (HIapp). Using T1,app and T2,app distributions in NMR viscosity models could produce erroneous heavy oil viscosity estimations. Several attempts have been made to overcome these challenges b...","In this paper, the authors proposed a method for characterizing heavy oil viscosity by nuclear magnetic resonance (NMR) relaxation time (T1 and T2) measurements, which can accurately account for the inherent complexity of the oil constituent information."
"Defining the Ideal Range for Reducing Oil Viscosity and the Optimal Rate of Steam Injection for a Heavy Oil Field","https://scispace.com/paper/defining-the-ideal-range-for-reducing-oil-viscosity-and-the-4724oh136d","2024","Journal Article","Petroleum & petrochemical engineering journal","S.M. Jafarov","10.23880/ppej-16000381","","Heavy oil reservoirs often lend themselves well to thermal enhanced recovery techniques. Traditional methods like primary production or water injection are less effective due to the high viscosity of the oil. Steam stimulation primarily aims to elevate the reservoir's temperature, thereby reducing the oil's viscosity and improving its flow properties. Steam injection stands as one of the most prevalent thermal recovery methods, commonly applied in heavy oil reservoirs. The primary goal is to validate the process for selecting suitable reservoirs, the physical mechanisms involved, and the simulation characteristics essential for steam recovery. This study establishes the optimal multiplier for reducing oil viscosity and the ideal steam injection rate for heavy oil fields. ","Defining the ideal range for reducing oil viscosity and the optimal rate of steam injection for a heavy oil field. The study establishes the optimal multiplier for reducing oil viscosity and the ideal steam injection rate for heavy oil fields."
"Sensitivity Analysis, Calibration and Uncertainty Quantification for Heavy Oil Viscosity Estimates with a Corresponding States Model","https://scispace.com/paper/sensitivity-analysis-calibration-and-uncertainty-vpguwdy5gq","2020","Posted Content","ChemRxiv","Diego Volpatto
Lucas Oliveira
Sofia Bittencourt
Danilo Fernandes da Silva
Edson Manoel
Vinicius Girardi","10.33774/CHEMRXIV-2021-9KNVM-V2","","The main goal of this work is to assess heavy oil
viscosity estimates by a Corresponding States
Principle (CSP) model using a Bayesian approach in an efficient way. To determine and select relevant parameters for model calibration,
an enhanced Elementary Effects method is used
to evaluate sensitivity measures of CSP tuning
parameters. With the combination of sensitivity analysis and Bayesian calibration, a unified
procedure to automatically tune CSP viscosity
model while reducing the number of tuning parameters is devised. Moreover, the Bayesian approach provides additional information on CSP
model uncertainties and credible regions inherited from experimental data. To evaluate such
uncertainties in CSP viscosity model, it was
used five heavy oil samples available in the literature. The viscosity curves constructed by
50th-percentile from Monte Carlo realizations
for the CSP calibration show good agreement
when compared with classical Least-Squares regression (deterministic), demonstrating the potential of the sensitivity assessment for both
Bayesian and deterministic approaches. However, when Bayesian calibration is used, limitations of CSP viscosity estimates are detected
through violation of credible regions, suggesting that heavy oil viscosity estimates for relatively low pressure conditions can be insufficiently accurate for the CSP model considered
in this study.","Limits of CSP viscosity estimates for relatively low pressure conditions can be insufficiently accurate for the CSP model considered in this study."
"An accurate model to predict viscosity of heavy oils","https://scispace.com/paper/an-accurate-model-to-predict-viscosity-of-heavy-oils-4m9h7kpbo7","2017","Journal Article","Petroleum Science and Technology","Zahra Jahani-Keleshteri
Alireza Bahadori","10.1080/10916466.2016.1259632","","The viscosity of heavy oils is a crucial factor in estimating oil recovery. Viscosity plays a vital character in reservoir simulations as well as in estimating the easiness of fluid flow, estimating oil recovery, and choosing a production model. The authors present a new intelligent model, a GA-LSSVM, used for predicting the viscosity of heavy oils. The experimental data employed in this work are the product of searching in many heavy oils data gathered from the literature. Development of robust predictive models to predict the viscosity of heavy oils is of immense help in many process engineering applications. The outcomes revealed that GA-LSSVM is able to capture the complicated and nonlinear relation between the input and output variables. GA-LSSVM model resulted in R2 and mean absolute error values of 0.9999 and 0.9924, respectively.","A new intelligent model, a GA-LSSVM, used for predicting the viscosity of heavy oils is presented, which is able to capture the complicated and nonlinear relation between the input and output variables."
"Una Contribución para el Modelado de Viscosidad de Petróleo Pesado en Condiciones de Operación de Pozo","https://scispace.com/paper/una-contribucion-para-el-modelado-de-viscosidad-de-petroleo-4q4i5e9jjv","2024","Journal Article","Ciencia latina","David Reyes González
David Arroyo Acosta
Guadalupe Rodríguez Martínez
Yodaira Borroto Pentón","10.37811/cl_rcm.v8i1.9747","","Este trabajo propone una nueva contribución de modelado entre la viscosidad del petróleo pesado y las condiciones de producción, en condiciones de aceite saturado y bajosaturado. El rango de aplicación está para aceites entre 10 y 21 °API. La dependencia de la viscosidad se establece con °API, relación de solubilidad, presión y temperatura para la región de aceite bajosaturado y la viscosidad del aceite muerto, presión y temperatura para la región de aceite saturado. Se utiliza una base de datos de 230 puntos experimentales de viscosidad y condiciones de producción de petróleo pesado. La base de datos se divide en dos grupos: bajosaturado y saturado, luego cada región se linealiza por la suposición de comportamiento logarítmico de los datos. El modelo matemático propuesto se obtiene en un procedimiento de dos etapas. Primero, se obtiene una correspondencia entre viscosidad y presión mediante un método de mínimo cuadrado modificado (MLSM), por sus siglas en inglés. La segunda etapa considera establecer una correlación entre el coeficiente independiente de MLSM y las condiciones de producción mediante el uso de una Regresión Lineal Múltiple. La correlación propuesta muestra buena concordancia con los datos experimentales. El error porcentual absoluto medio de hasta el 7% se informa para la región saturada, y para la región del bajosaturado, los valores de viscosidad calculados tienen una diferencia de hasta 1 cP a viscosidades más bajas y un Error Porcentual Absoluto Medio de hasta 5% a viscosidades más altas.","Un modelo matemático para predicer la viscosidad de petróleo pesado en condiciones de operación de pozo. El modelo se basa en una base de datos de 230 puntos experimentales y considera el comportamiento logarítmico de los datos. La precisión del modelo es de hasta el 7% para la región saturada y hasta el 5% para la región de bajosaturado."
"New Technology of Optimizing Heavy Oil Reservoir Management by Geochemical Means: A Case Study in Block Leng 43, Liaohe Oilfield, China","https://scispace.com/paper/new-technology-of-optimizing-heavy-oil-reservoir-management-4cyuyz5c2i","2002","Journal Article","Chinese Journal of Geochemistry","Zhao Hong-jing
Zhang Chunming
Mei Bo-wen
Steve Larter
Wu Tiesheng","10.1007/BF02831535","","Geochemical methods can be used to optimize heavy oil reservoir management. The distribution of some biomarkers in oils is different with the degree of biodegradation. Geochemical parameters can be used to predict oil viscosity and thus to preliminarily evaluate the difficulties involved in oil production. The results of viscosity prediction for oils from reservoir S32 in block Leng 43 and preliminary evaluation of oil production difficulty are consistent with the geological data.","In this article, the authors used geochemical parameters to predict oil viscosity and thus to preliminarily evaluate the difficulties involved in oil production, and the results of the prediction for oils from reservoir S32 in block Leng 43 are consistent with the geological data."
"Development of compositional-based models for prediction of heavy crude oil viscosity: Application in reservoir simulations","https://scispace.com/paper/development-of-compositional-based-models-for-prediction-of-1fp506cm17","2023","Journal Article","Journal of Molecular Liquids","Zi-mei Liu
Xuliang Zhao
Yifan Tian
Jianping Tan","10.1016/j.molliq.2023.122918","","The properties of crude oil are of great importance for efficient recovery of oil from oil fields. The properties are primarily used in reservoir simulations for prediction of oil recovery in order to save time and obtain the best recovery. Among various crude oil properties, viscosity is the most important one which should be precisely simulated. In this work, a novel approach based on machine learning is developed for estimation of crude oil viscosity as function of input parameters. Multiple distinct tree-based ensemble models are applied on the available dataset in this work to predict heavy-oil viscosity. AdaBoost Decision Trees (ADA-DT), Random Forest (RF), and Extremely Randomized Trees (ERT) are selected tree-based ensembles that used in this work for the simulation of oil viscosity. An Isolation Forest is applied on the dataset to remove outliers and also the earthworm optimization algorithm (EWA) is employed to find the optimum values of models' hyper-parameters. Optimized models of ADA-DT, ERT, and RF have RMSE error rates of 35.42, 27.02, and 58.71. Thus, ERT is selected as the best model of the dataset used in this work. ","This study develops machine learning-based models to predict heavy crude oil viscosity using tree-based ensembles (AdaBoost, Random Forest, and Extremely Randomized Trees) with optimized hyperparameters, achieving RMSE error rates of 27.02-58.71."
"Optimization of Development of Heavy Oil Reservoirs through Geochemical Characterization","https://scispace.com/paper/optimization-of-development-of-heavy-oil-reservoirs-through-57gqvbw3t5","2019","Proceedings Article","","Celal Hakan Canbaz
Melek Deniz-Paker
Fatma Bahar Hosgor
Dike Putra
Raul Moreno
Cenk Temizel
Ahmad Alkouh","10.2118/198129-MS","","
 Geochemistry is not only a well-known tool in providing a better understanding of the distribution of fluids in the reservoir rock but also an efficient kit in developing reservoir by decreasing the uncertainty throughout the characterization process. Utilizing geochemistry, not only efficiently identify the fluids and type of oil alteration drastically laterally and vertically over short distances in heavy oil reservoirs where such differences are of significant importance in production of heavy oils in these already challenging reservoirs, but also outline the value of geochemistry to justify the value of information in the process of more robust reservoir characterization and management of heavy oil reservoirs.
 A conceptual model representative heavy oil reservoir recovery is utilized to compare the recoveries between a case where geochemistry is applied to characterize the reservoir and another case where geochemical methods are not employed by using a full-physics commercial reservoir simulator. A sensitivity and optimization software is coupled with the reservoir simulator to outline the relative significance of the important parameters in the recovery process.
 Geochemical characterization, not only, provides information on gas content and its likely behavior where it can also lead to better decisions on completion strategies to avoid zones of different viscosity, but also the essential correlation between the geochemistry and the thermodynamics of heavy oil. Comprehensive reservoir characterization leads to a more robust identification of reservoir fluids where such knowledge will greatly enhance the efficiency thus the economics of the process that is especially important in low oil price environments. There is lack of studies recently on the application of geochemical characterization on the recovery of the process analyzing the relative significance of components, key drivers and the value of the information throughout the process, even though some authors have been published their research on geochemistry and its use in the characterization of the reservoirs. Our study outlines a comprehensive background including latest developments, investigates the key factors, and the value of information on comparative cases considering the relevant components of the process.","In this paper, a conceptual model representative heavy oil reservoir recovery is utilized to compare the recoveries between a case where geochemistry is applied to characterize the reservoir and another case when geochemical methods are not employed by using a full-physics commercial reservoir simulator."
"Machine learning estimation of crude oil viscosity as function of API, temperature, and oil composition: Model optimization and design space","https://scispace.com/paper/machine-learning-estimation-of-crude-oil-viscosity-as-118f8hf7","2023","Journal Article","PLOS ONE","Daihong Li
Xiaoyu Zhang
Qian Kang","10.1371/journal.pone.0282084","","Measurement of viscosity of crude oil is critical for reservoir simulators. Computational modeling is a useful tool for correlation of crude oil viscosity to reservoir conditions such as pressure, temperature, and fluid compositions. In this work, multiple distinct models are applied to the available dataset to predict heavy-oil viscosity as function of a variety of process parameters and oil properties. The computational techniques utilized in this work are Decision Tree (DT), MLP, and GRNN which were utilized in estimation of heavy crude oil samples collected from middle eastern oil fields. For the estimation of viscosity, the firefly algorithm (FA) was employed to optimize the hyper-parameters of the machine learning models. The RMSE error rates for the final models of DT, MLP, and GRNN are 40.52, 25.08, and 30.83, respectively. Also, the R2-scores are 0.921, 0. 978, and 0.933, respectively. Based on this and other criteria, MLP is chosen as the best model for this study in estimating the values of crude oil viscosity.","In this paper , decision tree (DT), MLP, and GRNN were used to predict heavy-oil viscosity as a function of a variety of process parameters and oil properties."
"A Rheological and Chemical\nInvestigation of Canadian\nHeavy Oils From the McMurray Formation","https://scispace.com/paper/a-rheological-and-chemical-ninvestigation-of-canadian-nheavy-teakb3fpi4xc","2015","Repository","","","10.1021/ef300608w.s001","","The prediction of viscosity in the extraction of heavy\nand viscous\noil resources is essential for the economically viable production\nof these resources. A rheological and chemical investigation of oils\nfrom the McMurray formation produced at different depths was undertaken.\nChemical analysis using high-resolution time-of-flight mass spectrometry\n(TOF MS), Fourier transform infrared spectroscopy (FTIR), and nuclear\nmagnetic resonance spectroscopy (NMR) suggested specific compounds\nrepresentative of the compound classes observed in these heavy oils:\n[1] water, [2] sec-hexadecyl naphthalene, [3] 2,2′,5,5′-tetramethyl-1,1′-biphenyl,\n[4] 1-methylanthracene, and [5] cyclopentylcyclopentane. All three\nanalytical techniques detected the monoaromatic, diaromatic, and triaromatic\nring hydrocarbons as being the most abundant species in this heavy\noil. Specific molecules with intense FTIR modes near 1600 cm&lt;sup&gt;–1&lt;/sup&gt; and 1380 cm&lt;sup&gt;–1&lt;/sup&gt; were not identified, and these may\naccount for unknown species in asphaltene fractions. Correlations\nbetween heavy-oil chemistry and its viscosity were built using a partial\nlinear square fit (PLS) regression from vibrational modes in the FTIR\nspectra, predicting an inverse correlation between water and viscosity. ",""
"Accurate prediction of viscosity of mixed oils","https://scispace.com/paper/accurate-prediction-of-viscosity-of-mixed-oils-40fbrqw0xz","2021","Journal Article","Petroleum Science and Technology","Maryam Abdollahi Khoshmardan
Masoud Mehrizadeh
Nima Zand
Adel Najafi-Marghmaleki","10.1080/10916466.2021.1902351","","Viscosity of mixed oil is an important parameter which is required in transportation and production processes of mixed crude oils. There is no universal and general model for prediction of viscosit...","In this paper, the authors present a model for predicting viscosity of mixed oil, which is an important parameter which is required in transportation and production processes of mixed crude oils."
"Viscosity from Geochemical Techniques: A Case Study for a Heavy Oil Field on the UKCS","https://scispace.com/paper/viscosity-from-geochemical-techniques-a-case-study-for-a-347ucgph","2022","Proceedings Article","","Ian Cutler
Alexandra Cely
Julian Kenneth Spencer Moore
Tao Yang
Nicholas Birch
P. M. Ablard","10.2118/209690-ms","","
 Heavy oil fields are characterised by complex chemistries and exhibit a wide range of physical properties (especially oil viscosity). This paper describes the development of two innovative and cost-effective data acquisition methods: the optimised use of mud gas data and the geochemical characterisation of cuttings extracts, both as an alternative data source for oil viscosity determination. Applications of these methods can lead to the cost reduction of data acquisition programs and potentially improvements in oil recovery.
 The mud gas provides real-time surface logging data. Due to the nature of heavy oil in the case study wells, the mud gas compositions contain mainly C1-C3. By comparing with the reservoir oil samples from the exploration and appraisal wells, we investigated the possibility of using mud gas while drilling to identify if the reservoir oil belongs to the high viscosity or medium viscosity group. For cutting analysis, we thoroughly investigated solvent extracts from cuttings from the exploration and appraisal wells and correlated them with the oil viscosity from the corresponding PVT samples. When such a correlation is established, we can then apply the correlation to predict oil viscosity from the cuttings of new production wells.
 We achieved excellent results for both real-time oil viscosity identification from mud gas data and post well oil viscosity prediction from the extraction of cuttings. The C1/(C2+C3) is the key parameter for oil viscosity identification from the standard mud gas data in the field. For the past wells, the mud gas interpretation has high accuracy for determining if the reservoir oil belongs to the high viscosity or medium viscosity regions. We established a strong correlation between the biomarkers and the oil viscosity from the exploration and appraisal wells. When we applied the correlation to new production wells, the oil viscosity prediction was very close to the viscosity measurement from the wellhead PVT samples.
 The geochemical techniques provide oil viscosity for critical decisions regarding well placement and reservoir management modelling. The new source of reservoir fluid data from mud gas and cuttings provides real-time fluid interpretation while drilling and close to PVT sample quality oil viscosity prediction after drilling. This new approach is cost-efficient and has a large potential to replace the downhole fluid sampling or expensive downhole logging tools for production wells.","In this paper , the authors investigated the possibility of using mud gas data while drilling to identify if the reservoir oil belongs to the high viscosity or medium viscous group. And then, they applied the correlation to new production wells, the oil visco-ity prediction was very close to the viscoity measurement from the wellhead PVT samples."
"Modelo Lineal de Efectos Mixtos: Una aplicación a Datos Temporal y Espacialmente Correlacionados","https://scispace.com/paper/modelo-lineal-de-efectos-mixtos-una-aplicacion-a-datos-1tcs43xori","2019","","","Carolina Romero Coronado","","","Modelar correlacion espacial y temporal en simultaneo se ha convertido en un tema de interes para diferentes contextos, especialmente en el contexto geoestadistico, pues la realizacion de una prediccion espacial optima en sitios no muestreados para determinada variable regionalizada en estudio, se encuentra ligada a la correcta identificacion de dependencias existentes entre dicha variable regionalizada y la componente longitudinal de la misma (esto es, el instante de tiempo en el que fue medida). Se contempla una ampliacion de la metodologia aplicada por (Militino et al., 2008), usando los modelos lineales mixtos (LMM por sus siglas en ingles), pero adicionando un analisis que involucre el uso de metodologias para datos espaciales y datos longitudinales, en aras de visualizar las implicaciones que tiene el modelar via LMM, olvidando y contemplando la correlacion espacial inherente a los datos del proceso a estudiar. La estimacion del modelo propuesto se har a via maxima verosimilitud restringida (REML, en ingles).","Modelar correlacion espacial and temporal en simultaneo se ha convertido into un tema de interes for diferentes contextos, especialmente en el contexto geo-estadistico, pues the realizacion of una prediccion espacial optima in sitios no muestreados for determinada variable regionalizada en estudio, se encuentra ligada a la correcta identificacion de dependencias existentes entre dicha variable regionalizer and the componente longitudinal"
"Further Model Development for Prediction of Reservoir Oil Viscosity","https://scispace.com/paper/further-model-development-for-prediction-of-reservoir-oil-83c8zgypj7we","","","","Elham Mokarami Moghadam
Ali Naseri
Mohammad Ali Riahi","10.1080/10916466.2021.1993914","","Viscosity of oil is a crucial parameter in various aspects of oil and gas industry including reservoir simulation, production analysis and equipment design problems. Therefore, proposing simple, robust and universal approaches for estimation of oil viscosity is very important. In the current study a computer-based model namely MLP-NN was designed for estimation of viscosity of dead oil, saturated oil and under saturated oil. A number of 1900 laboratory measured viscosity data of Iranian oilfields associated with wide variations of operational variables were considered to construct the model. The performance accuracy of the method was assessed by considering a number of performance measure statistical variables and results comparison with other available predictive methods. The AAPRE% values of the model for viscosity of dead oil, saturated oil, and under saturated oil were 13.02, 2.45, and 10.55, respectively. The model also provided R-2 values of 0.989, 0.9953, and 0.9883 for viscosity of dead oil, saturated oil, and under saturated oil. The outcomes indicated the precision and reliability of the implemented method and its superiority over available predictive methods.","A computer-based MLP-NN model was developed to predict oil viscosity, achieving high accuracy (R-2: 0.989-0.9953) and precision (AAPRE%: 2.45-13.02) using 1900 laboratory-measured data from Iranian oilfields."
"Correlation Between Heavy Oil Composition and Its Viscosity","https://scispace.com/paper/correlation-between-heavy-oil-composition-and-its-viscosity-7dqtm03trz4g","","","","Su Tie-jun
Zheng Yan-cheng","10.3969/j.issn.1673-1409-c.2007.01.019","","A new multivariate linear model was proposed to associate viscosity and group composition of heavy oil.Multiple correlation coefficient of the model is 0.9885.According to action forces among group compositions of heavy oil,the relation which was revealed based on the model is explained.Good result is obtained when the model is applied to different oil samples.","A multivariate linear model correlates heavy oil viscosity with group composition, achieving a 0.9885 multiple correlation coefficient, and demonstrates its applicability to various oil samples through good results."
"Machine learning models to predict reservoir fluid properties","https://scispace.com/paper/machine-learning-models-to-predict-reservoir-fluid-f7lk28t341tg","2022","Repository","","","10.26262/heal.auth.ir.342568","","The purpose of this work is the study of undersaturated reservoir oil viscosity. Starting from the bubble point pressure up to the maximum value of reservoir pressure, given that viscosity value at the bubble point is known, viscosity's change in relation to pressure needs to be predicted. In total, 17 literature correlations were evaluated and their accuracy was judged based on statistical metrics suchs as average relative error and absolute average relative error. Furthermore, machine learning models were developed in order to create model that predict viscosity's change. Machine learning models were compared with literature correlations in a consistent way so as to be sure of the produced results. The resulting machine learning models perform better on average than even the best performing literature's correlation so the process followed in this work can be considered a success. ",""
"The use of equivalent linear models in mixed model estimation and prediction","https://scispace.com/paper/the-use-of-equivalent-linear-models-in-mixed-model-38j1gxdnow","1988","Journal Article","Communications in Statistics-theory and Methods","C.R. Henderson","10.1080/03610928808829668","","Some linear models have a very large number of elements in the vector representing random factors. Consequently, it Is impossible to Invert the resulting mixed model coefficient matrix. This inverse is needed for sampling variances and prediction error variances and for computation of MIVQUE and REML estimates of variances and covariances. An equivalent model with fewer elements in the random vector can be used to solve this problem, Some examples are presented, and algorithms for BLUE, BLUP, MIVQUE, and REML are presented.","In this article, an equivalent model with fewer elements in the random vector can be used to solve this problem, some examples are presented, and algorithms for BLUE, BLUP, MIVQUE, and REML are presented."
"A CSA-LSSVM model to estimate diluted heavy oil viscosity in the presence of kerosene","https://scispace.com/paper/a-csa-lssvm-model-to-estimate-diluted-heavy-oil-viscosity-in-152jnyw668","2015","Journal Article","Petroleum Science and Technology","N Tanoumand
A Hemmati-Sarapardeh
Alireza Bahadori","10.1080/10916466.2015.1034367","","Viscosity is one of the properties that has important role in enhanced oil recovery processes, simulating reservoirs, and designing production facilities. Therefore, measurement and calculation of its accurate value is worthwhile. While the experimental methods for measurement of viscosity are expensive and time consuming, some credible correlations were developed to predict the viscosity with enough accuracy. For this purpose, in this study a balky data bank was gathered from open literature sources, and then one machine learning based approach called least square support vector machine (LSSVM) was utilized for prediction of heavy and extra-heavy crude oil viscosity. The parameters of proposed model were optimized by couple simulated annealing (CSA) optimization approach. The inputs of this model are temperature and kerosene mass fraction and the only output is viscosity.","In this study, a balky data bank was gathered from open literature sources, and one machine learning based approach called least square support vector machine (LSSVM) was utilized for prediction of heavy and extra-heavy crude oil viscosity."
"Machine Learning Applied to Viscosity Prediction: A Case Study","https://scispace.com/paper/machine-learning-applied-to-viscosity-prediction-a-case-3bk5wiycc5","2023","Journal Article","WSEAS transactions on computers","Gil Vera Victor Daniel","10.37394/23205.2023.22.31","","Viscosity emerges as a physical property of primary importance in the modeling of flow within a porous medium, as well as in the processes of production, transport, and refining of crude oils. The direct measurement of viscosity is carried out through laboratory tests applied to samples extracted from the bed of a well, being these samples characterized by their difficult collection and the considerable time lapse required for their acquisition. Several techniques have been developed to estimate viscosity, among which the empirical correlation with Nuclear Magnetic Resonance logs stands out. This study presents a methodology for creating a representative predictive viscosity model, adapted to specific reservoir conditions, using measurements and well logs using machine learning techniques, in particular, Support Vector Machines (SVM). It is concluded that SVM trained with a polynomial kernel (R² = 0.947, MSE = 631.21, MAE = 15.16) exhibits superior performance compared to SVM trained with linear and RBF kernels. These results suggest that SVMs constitute a robust machine-learning technique for predicting crude viscosity in this context.","It is concluded that SVM trained with a polynomial kernel exhibits superior performance compared to SVM trained with linear and RBF kernels, suggesting that SVMs constitute a robust machine-learning technique for predicting crude viscosity in this context."
"Prediction Model for the Viscosity of Heavy Oil Diluted with Light Oil Using Machine Learning Techniques","https://scispace.com/paper/prediction-model-for-the-viscosity-of-heavy-oil-diluted-with-3b1ndt4l","2022","Journal Article","Energies","Lixin Fan","10.3390/en15062297","https://scispace.com/pdf/prediction-model-for-the-viscosity-of-heavy-oil-diluted-with-3b1ndt4l.pdf","Due to the presence of asphaltene, the flow assurance of high viscosity crude oil becomes more challenging and costly to produce in wellbores and pipelines. One of the most effective ways to reduce viscosity is to blend heavy oil with light oil. However, the viscosity measurement of diluted heavy crude is either time-consuming or inaccurate. This work aims to develop a more accurate viscosity model of diluted heavy crude based on machine learning techniques. A multilayer neural network is used to predict the viscosity of heavy oil diluted with lighter oil. The input data used in the training include temperature, light oil viscosity, heavy oil viscosity, and dilution ratio. In this modeling process, 156 datasets were retrieved from the available iterature of various heavy-oil fields in China. Part of the data (80%) is used to train the developed models using Adam optimizer algorithms, while the other part of the data (20%) is used to predict the viscosity of heavy oil diluted with lighter. The performance and accuracy of the machine learning models were tested and compared with the existing viscosity models. It was found that the new model can predict the viscosity of diluted heavy oil with higher accuracy, and it performs better than other models. The absolute average relative error is 10.44%, the standard deviation of the relative error is 8.45%, and the coefficient of determination is R2 = 0.95. The viscosity predicted by the neural network outperformed existing correlations by the statistical analysis used for the datasets available in the literature. Therefore, the method proposed in this paper can better estimate the viscosity of diluted heavy crude oil and has important promotion value. ","In this article , a multilayer neural network was used to predict the viscosity of heavy oil diluted with lighter oil, and the performance and accuracy of the machine learning models were tested and compared with the existing viscoability models."
"Prediction of Dead Oil Viscosity: Machine Learning vs. Classical Correlations","https://scispace.com/paper/prediction-of-dead-oil-viscosity-machine-learning-vs-4i06yh2e0g","2021","Journal Article","Energies","Fahimeh Hadavimoghaddam
Mehdi Ostadhassan
Ehsan Heidaryan
Mohammad Ali Sadri
Inna Chapanova
Evgeny Popov
Alexey Cheremisin
Saeed Rafieepour","10.3390/EN14040930","","Dead oil viscosity is a critical parameter to solve numerous reservoir engineering problems and one of the most unreliable properties to predict with classical black oil correlations Determination of dead oil viscosity by experiments is expensive and time-consuming, which means developing an accurate and quick prediction model is required This paper implements six machine learning models: random forest (RF), lightgbm, XGBoost, multilayer perceptron (MLP) neural network, stochastic real-valued (SRV) and SuperLearner to predict dead oil viscosity More than 2000 pressure–volume–temperature (PVT) data were used for developing and testing these models A huge range of viscosity data were used, from light intermediate to heavy oil In this study, we give insight into the performance of different functional forms that have been used in the literature to formulate dead oil viscosity The results show that the functional form f(γAPI,T), has the best performance, and additional correlating parameters might be unnecessary Furthermore, SuperLearner outperformed other machine learning (ML) algorithms as well as common correlations that are based on the metric analysis The SuperLearner model can potentially replace the empirical models for viscosity predictions on a wide range of viscosities (any oil type) Ultimately, the proposed model is capable of simulating the true physical trend of the dead oil viscosity with variations of oil API gravity, temperature and shear rate","The results show that the functional form f(γAPI,T), has the best performance, and additional correlating parameters might be unnecessary, and the SuperLearner model can potentially replace the empirical models for viscosity predictions on a wide range of viscosities (any oil type)."
"Determining Factors of Heavy Oil: A Viscosity Model Based on Dilution Theory","https://scispace.com/paper/determining-factors-of-heavy-oil-a-viscosity-model-based-on-509x7mt0gv","2024","Preprint","","Qianhui Zhao
Jianxun Wu
Yunyun Li
Suoqi Zhao
Zengmin Lun
Quan Shi","10.2139/ssrn.4839052","","The high viscosity of heavy oil poses a significant obstacle to its development, processing, and utilization. Investigating the underlying mechanisms governing its viscosity is essential for effectively reducing the viscosity of heavy oil. Numerous previous studies have demonstrated that the viscous mechanism of heavy oil cannot be adequately explained by the content and interaction of high-viscosity components alone. In this study, we propose a dilution viscosity reduction model for low viscosity components in heavy oil colloid system to elucidate the underlying mechanism governing heavy oil viscosity. Through experimental investigations and theoretical calculations, it is found that the viscosity of heavy oil is primarily influenced not by high-viscosity components, but rather by the presence of sufficient low-viscosity components within the system. It is believed that high viscosity is an inherent characteristic of heavy oil, resulting from prevalent interaction between polar molecules and the formation of colloidal system with strong intermolecular forces. Within this system, low-viscosity molecules are dispersed among micelles, playing an important role in diluting and reducing the overall viscosity of heavy oil. Once the content of low-viscosity components surpasses a critical threshold, irrespective of the concentration of high-viscosity constituents, there will be a significantly decrease in the apparent viscosity of heavy oil. ","High oil viscosity is primarily influenced by the presence of low-viscosity components within the system, rather than high-viscosity components."
"Viscosity Modelling for Reservoir Fluids : Contribution of Partial Least Square with Bootstrap Techniques and Neural Networks","https://scispace.com/paper/viscosity-modelling-for-reservoir-fluids-contribution-of-2g3o5tt894","2008","Journal Article","Oil & Gas Science and Technology-revue De L Institut Francais Du Petrole","P. H. Gayon
A. Pina
Ismaïl Ahmed
Abdelaziz Faraj","","","La regression lineaire Partial Least Squares (PLS) avec re-echantillonnage par bootstrap et la regression non-lineaire par reseaux de neurones ont ete utilisees pour construire des modeles de prediction de la viscosite de fluides de gisement en fonction de leur composition, de la temperature et de la pression. Les modeles statistiques resultants permettent de predire des valeurs de viscosite s'etendant de 0,21 cP a 10000 cP.","In this paper, a regression lineaire Partial Least Squares (PLS) avec re-echantillonnage par bootstrap and a regression non-lineaire par reseaux de neurones ont ete utilisees for construire des modeles de prediction de la viscosite de fluides de gisement en fonction de leur composition, de la temperature and de the pression."
"Estimation of Dead Oil Viscosity Utilizing Physics Based Correlative Principles and Predictive Machine Learning Techniques.","https://scispace.com/paper/estimation-of-dead-oil-viscosity-utilizing-physics-based-4kfsb62966","2019","Proceedings Article","","Utkarsh Sinha
Birol Dindoruk
Mohamed Y. Soliman","10.2118/195946-MS","","
 Dead oil viscosity is one of the most unreliable properties to predict with classical black oil correlations. This results mostly from the large effect that oil type has on viscosity. Two dead oil samples with identical API and T can have even an order of magnitude difference in viscosity [9]. In this work, we tried to limit this spread to a certain degree by incorporating a parameter such as MW to capture additional information for the character of the oil. Limitations of the classical black oil correlations became even more prominent when wide-spectrum of viscosity values coupled with wide range of temperatures are considered. Given the constraints of limited input variables, the problem becomes particularly challenging for heavy-extra heavy oils with high asphaltene content [35], where prediction errors could easily be as high as a couple of log-cycles. Even though there are several viscosity correlations available in the industry [1]-[4], [7], [9], [26], [30], [31], [34], [37], [39], [42] most of those correlations are only applicable to the oil samples belonging to specific geographical regions and/or for structurally similar oils, because of the inherent bias in the training datasets used in the development of correlations. Therefore, they are predictively valid for a relatively narrow range of oils and/or viscosity. In this work, we considered a very wide range of oils (6° API to 50° API). Therefore, producing two easy to use viscosity correlations for API gravities above and below 20° API that can readily predict the viscosity at any desired temperature within an extended temperature range (15° C to 160° C). In addition, the two sets of correlations were kept continuous at the switching point (20 API) so that they will have smooth transition from one branch to another. While the range of fluid properties is considered to be very wide, we were able to keep the input parameters to a minimum in terms of defining the character of the fluid (molecular weight and specific gravity). We demonstrated that the proposed correlation performs much better than the leading correlations with the similar input proxies published in the literature for wide range of viscosities (0.5 cp to 860, 000 cp).
 The use cases for the proposed correlation can be divided into three parts: 1) Prediction of the dead oil viscosity with limited input data, 2) use of limited in-hand viscosity data to generate viscosities for the conditions that are hard to perform accurate experimentation or simply not in hand for various reasons (for example not having the physical sample to perform such additional experiments, or just not having the time and the sources such as in the case of, screening existing assets for thermal recovery where typically viscosity is available at reservoir temperature, not at steamflood temperatures) and 3) it can be used to check the consistency and the quality of the existing data.
 Therefore, we have also checked the predictive performance of the proposed correlation in temperature domain if limited viscosity information is available for a particular fluid at a different temperature. With such information (if one reference viscosity is available at some specific temperature) the accuracy of the correlation can be further improved.
 In addition to classical correlation development efforts using known but limited physical control parameters, we have also attempted to model the viscosity with various machine learning methods (such as Artificial Neural Network (ANN) [20], K-Nearest Neighbour (KNN) [6] and Kernel based Support Vector Machine (KSVM)) [18] [38] and compared the outcome with respect to each other and as well as against the proposed correlation. Our correlation showed better predictive capabilities (based on calculated statistical parameters and cross-plots) when compared with other leading viscosity [4], [31], [37], [39], [42] correlations as well as with relevant supervised machine learning regression principles such as ANN, KNN and KSVM. The subject correlation also helps in improving the accuracy as well guiding the performance of these otherwise ""blackbox"" machine learning principles as it can fill the gaps in the data especially in the context of extending the tuned viscosities based on a single point measurement in temperature domain. Furthermore, we also explain how it can be combined with Sinha et. al [35] relative viscosity correlation to include the impact of asphaltene concentration, for estimation of vertical or areal viscosity variations which can also ultimately help to improve the mobility cut-off predictions of the asphaltene/tar mat zones or heavier fluids.","The proposed correlation performs much better than the leading correlations with the similar input proxies published in the literature for wide range of viscosities (0.5 cp to 860, 000 cp) as well as with relevant supervised machine learning regression principles such as ANN, KNN and KSVM."
"Heavy Oil and Super Heavy Oil Viscosity Measurement and Estimation: Getting Representative Samples","https://scispace.com/paper/heavy-oil-and-super-heavy-oil-viscosity-measurement-and-2sbzsx5bel","2009","","","J. J. Adams
C. Jiang
B. Bennett
Lloyd R. Snowdon
Ian D. Gates
S. Larter","","https://cseg.ca/assets/files/resources/abstracts/2009/067.pdf","Summary Oil viscosity assessed from core samples can increase dramatically during core storage and the process of oil extraction from core. Accurate measurement of bitumen viscosity from core is crucial for targeting sweet spots, locating production wells, and developing an appropriate recovery strategy. Here we show that viscosity error may be due sample storage conditions, storage duration, bitumen extraction method, sample composition and contamination, type of viscometer and laboratory practices. The effects of oil evaporation are also discussed along with a method to normalize viscosity data collected over a number of years by using a storage time viscosity correction (STVC) for incorporation into a geological model for oil mobility mapping.","In this article, the authors show that viscosity error may be due sample storage conditions, storage duration, bitumen extraction method, sample composition and contamination, type of viscometer and laboratory practices."
"Prediction of Viscosity\nof Blends of Heavy Oils with\nDiluents by Empirical Correlations and Artificial Neural Network","https://scispace.com/paper/prediction-of-viscosity-nof-blends-of-heavy-oils-with-z8riragvovik","2023","Repository","","","10.1021/acs.iecr.3c02472.s001","","Various straight-run and hydrocracked vacuum residual\noils mixed\nwith dissimilar light oils were tested for their viscosity using an\nEngler specific viscometer, generating 158 heavy oil blend viscosity\ndata points. Twenty-one available from the literature empirical correlations\nwere tested for their capability to accurately predict viscosity.\nIt was confirmed that the heavy oil blend viscosity exponentially\ndecreases with the diluent concentration enhancement. The linearized\nform of double logarithm Walther’s equation, using the concept\nof viscosity blending index, was found to be suitable to model not\nonly the viscosity of distinct residual oils and bitumen with diverse\nlight oil diluents but also heavy crude oil blend viscosity with an\naccuracy very close to that of the equation with interaction parameters.\nThe model parameters, however, are found to be specific to the experimental\ndata and must be tuned to the particular viscosity dataset. The results\nof this work confirm the assertion of other researchers that the artificial\nneural network (ANN) approach provides a higher accuracy of viscosity\nprediction of mixtures of heavy oil and diluent, compared with empirical\ncorrelations. For a set of 109 viscosity data points of vacuum residual\noil–diluent mixtures, the best empirical correlation shows\nan average absolute deviation percentage (% AAD) of 6.7, while\nthe ANN model shows a value of % AAD = 2.2. ",""
"Research on Determination Method of Oil Viscosity Based on Component Data and Machine Learning Algorithm","https://scispace.com/paper/research-on-determination-method-of-oil-viscosity-based-on-4zjbrroj78","2024","Book Chapter","Springer series in geomechanics and geoengineering","Yang Yu
Yunbo Li
Hedong Sun
Luo Qiang
Zhaopeng Yang
Xiao-yan Geng
Zhang-cong Liu
Xue-Qi Liu","10.1007/978-981-97-0272-5_36","","Under certain conditions, when crude oil is moved by external forces, the property of internal friction generated between crude oil molecules is called crude oil viscosity. The viscosity of crude oil reflects its complex seepage state in porous media. Underground crude oil with high viscosity, always has great flow resistance in porous media, thus the flowing becomes more difficult. Oil viscosity is an indispensable key parameter in the process of dynamic analysis, reservoir engineering calculation and reservoir numerical simulation, which has critical influence on the field of well production or crude oil storage and transportation. Due to different oil viscosity, recovery approach of oil reservoirs, technical measures for storage and transportation, and the quality of oil products will be affected. The composition of crude oil is complicated, but it is mainly composed of carbon and hydrogen elements. The composition has a crucial effect on oil viscosity. Therefore, according to composition data of the actual oil sample, the determination dataset of oil viscosity is constructed together with other key parameters that affect the viscosity of crude oil within the reservoirs. Based on various machine learning algorithms, like extremely randomized trees and XGBoost, determination methods of oil viscosity based on component data and machine learning algorithms are established. In the construction process of computational model of oil viscosity, whole dataset is parted to the training dataset and the testing dataset in the ratio of 8:2. The training dataset is mainly used to determine the best hyper-parameter combination of machine learning algorithm, while the testing dataset is used to determine the accuracy and adaptability of the corresponding method. Compared with methods such as experimental method and empirical formula method, the determination method of oil viscosity based on component data and machine learning algorithm does not require extra experimental costs and has a considerable degree of accuracy. Once the relevant input parameters are determined, the viscosity determination of multiple groups of oil samples could be completed quickly and accurately. ","Oil viscosity determination based on component data and machine learning algorithm is a novel method that accurately predicts oil viscosity based on its composition data."
"A New Modified Compositional Viscosity Model for Medium-heavy Oils","https://scispace.com/paper/a-new-modified-compositional-viscosity-model-for-medium-34ao5fugqi","2013","Journal Article","Petroleum Science and Technology","Bipin Raut
Shirish Patil
Abhijit Dandekar
Santanu Khataniar","10.1080/10916466.2011.566033","","Viscosity of heavy oils is a key parameter in designing potential enhanced oil recovery methods. The recently proposed semiempirical viscosity model by Lindeloff et al. (2004) was studied in depth. This model is the simplest yet powerful tool for medium-heavy oil viscosities. Based on the analysis, appropriate adjustments have been suggested, with the major one being the division of the pressure-viscosity profile into three different regions. New modifications have improved the overall fit, including the saturated viscosities at low pressures. The %AAD for the data sets studied was found to be 1.37. However, with the limited geographically diverse data, it is not possible to make a comprehensive predictive model. A few limitations of the new model are also stated.","The semi-empirical viscosity model proposed by Lindeloff et al. as mentioned in this paper was studied in depth and appropriate adjustments have been suggested, with the major one being the division of the pressure-viscosity profile into three different regions."
"Prediction of Fluid Viscosity in Multiphase Reservoir Oil System by Machine Learning","https://scispace.com/paper/prediction-of-fluid-viscosity-in-multiphase-reservoir-oil-nl2ieg9q6dnj","","","","Lihua Shao
Ru Ji
Shuyi Du
Hongqing Song","10.1155/2021/3223530","","It is important to realize rapid and accurate prediction of fluid viscosity in a multiphase reservoir oil system for improving oil production in petroleum engineering. This study proposed three viscosity prediction models based on machine learning approaches. The prediction accuracy comparison results show that the random forest (RF) model performs accurately in predicting the viscosity of each phase of the reservoir, with the lowest error percentage and highest R2 values. And the RF model is tremendously fast in a computing time of 0.53 s. In addition, sensitivity analysis indicates that for a multiphase reservoir system, the viscosity of each phase of the reservoir is determined by different factors. Among them, the viscosity of oil is vital for oil production, which is mainly affected by the molar ratio of gas to oil (MR-GO).","This study proposes three machine learning models for predicting fluid viscosity in multiphase reservoir oil systems, with the random forest model achieving high accuracy and speed, and identifying molar ratio of gas to oil as a key factor affecting oil viscosity."
"A novel quantitative evaluation method for viscosity reduction effect of heavy oil cold recovery based on the area diffusion process","https://scispace.com/paper/a-novel-quantitative-evaluation-method-for-viscosity-28v6rxiksu","2024","Journal Article","Journal of Molecular Liquids","Bo Ren
Zhongxu Xie
Guang Zhao","10.1016/j.molliq.2024.124882","","After thermal recovery, the emulsification viscosity reduction technology for heavy oil cold recovery exhibits low energy consumption and low cost, making it a promising technology for ongoing heavy oil reservoir development. The evaluation and optimization of viscosity reducer is very important for the cold recovery of heavy oil. Prior research mostly employed the high-speed shear technique to measure viscosity following emulsion formation in order to evaluate viscosity reducers. This method ignores the seepage emulsification process under low dynamic conditions of formation, resulting in the selected viscosity reducer ' qualified but not ideal '. Based on the regional diffusion process, a quantitative evaluation method for cold recovery of heavy oil viscosity reduction is put forward. This method is used to simulate the static emulsification effect of heavy oil under real formation conditions, and quantitative evaluation is carried out. The outcomes demonstrate that, in comparison to the conventional assessment approach, this method is more accurate in selecting a viscosity reducer. Appropriately increasing the concentration of the viscosity reducer can improve the efficiency of viscosity reduction. The viscosity reduction effect improves with reservoir temperature. Heavy oil and viscosity reduction agent may be quickly matched using the prediction model of viscosity reduction in cold recovery of heavy oil developed by orthogonal experiment. At the same time, through field practice, the viscosity reducer chosen by this way has a good oil increase impact on oilfield production. ","A novel quantitative evaluation method for viscosity reduction effect of heavy oil cold recovery based on the area diffusion process accurately selects viscosity reducers and improves oilfield production."
"Experimental measurement and compositional modeling of crude oil viscosity at reservoir conditions","https://scispace.com/paper/experimental-measurement-and-compositional-modeling-of-crude-2oz69atxmj","2020","Journal Article","Journal of The Taiwan Institute of Chemical Engineers","Mohsen Talebkeikhah
Menad Nait Amar
Ali Naseri
Mohammad Humand
Abdolhossein Hemmati-Sarapardeh
Abdolhossein Hemmati-Sarapardeh
Bahram Dabir
Mohamed El Amine Ben Seghier","10.1016/J.JTICE.2020.03.001","","In the present study, experimental and modeling investigations were performed and combined to implement trustworthy paradigms to predict the viscosity value under different circumstances and a wide variety of conditions. The experimental approach was conducted on a considerable number of Iranian crude samples using a Rolling Ball viscometer. Accordingly, more than 1000 experimental points were gained. These latter were utilized as a databank in the modeling approach which included many advanced soft computing techniques, namely radial basis function (RBF) neural network, multilayer perceptron (MLP), support vector regression (SVR), adaptive neuro-fuzzy inference system (ANFIS), decision trees (DTs) and random forest (RF). When performing the modeling tasks using these techniques, two distinct cases were considered: the first includes all available parameters as inputs such as pressure, temperature, API°, Mw of C12+ and the mole fractions till C11; whereas in the second case, a grouping scheme was considered to reduce the number of fractions. The obtained results revealed that DTs for the first case is the best implemented model with an overall average absolute relative deviation (AARD) of 3.379%. In addition, the comparison results with the preexisting approaches showed the superiority of the newly proposed model.","The comparison results with the preexisting approaches showed the superiority of the newly proposed model, DTs, which is the best implemented model with an overall average absolute relative deviation (AARD) of 3.379%."
"Heavy oil viscosity and density prediction at normal and elevated temperatures","https://scispace.com/paper/heavy-oil-viscosity-and-density-prediction-at-normal-and-4kmq8v2cle","2016","Journal Article","Journal of Petroleum Exploration and Production Technology","Osamah Alomair
Mohammad A. Jumaa
Abullhaq Alkoriem
Mohamed S. Hamed","10.1007/S13202-015-0184-8","https://scispace.com/pdf/heavy-oil-viscosity-and-density-prediction-at-normal-and-4kmq8v2cle.pdf","Viscosity and density are important physical properties of crude oil. However, no practical theory exists for the calculation of these properties for heavy oil at elevated temperatures. The principal objective of this paper is to obtain exact models that can successfully predict these two important fluid properties covering a wide range of temperatures. In this study, heavy oil density was predicted from API and temperature, and then the predicted values of the densities were used in the second step to develop the viscosity correlation. A total of 30 heavy oil samples of different API gravities ranging from 11.7 to 18.8 were tested. Viscosity and density were measured in the temperature range from 20 to 160 °C. The accuracy of the experimental density data was determined using Standing and Katz method. Published correlations were also used to evaluate the experimental viscosity data. The comparison between the experimental data and the predicted values indicated that the proposed model successfully predicted the experimental data with an average absolute relative error of less than 8 % and correlation coefficients (R
 2) of 0.97 and 0.92 at normal and high temperatures, respectively. The proposed model and the literature models were tested on heavy oil samples. It was found that it is not possible to generalize a correlation for the heavy oil viscosity using only API and temperature. However, the proposed model significantly minimizes the relative error and increases the correlation between the predicted and experimental data compared with other published methods.","In this article, the authors used the standing and Katz method to predict the viscosity and density of heavy oil at elevated temperatures, and then used the predicted values of the densities in the second step to develop the visco-temperature correlation."
"Holistic Evaluation of Reservoir Oil Viscosity in Breidablikk Field – Including Mud Gas Logging Approach","https://scispace.com/paper/holistic-evaluation-of-reservoir-oil-viscosity-in-2h9k8hv6f5","2023","Journal Article","Petrophysics","Alexandra Cely
Ingvar Skaar
Tao Yang","10.30632/pjv64n6-2023a8","","Breidablikk is a green field on the Norwegian Continental Shelf that just started the preproduction drilling of 23 wells in two structures. We have two reservoir fluid samples from exploration wells in each structure with relatively high viscosity of 4 and 8 cP, respectively. Our dynamic reservoir simulations on the Breidablikk Field indicate that any change in the viscosity in each direction can lead to a 20 to 30% difference in oil recovery. Therefore, updating our reservoir models with the viscosity distribution in the field along with the drilling activities is important. Currently, our models assume homogeneous reservoir oil viscosities across each structure. In this study, our primary aim is to conduct a holistic evaluation of the reservoir oil viscosity, using multiple methods to determine the most effective approach for qualitatively mapping the oil viscosity across the field, distinguishing between the low- and high-viscosity regions. The technologies chosen for this assessment are standard mud gas data, advanced mud gas data, and analysis of oil extracts from cuttings, given they have previously demonstrated their capability to estimate fluid properties while drilling or within a limited time frame, as evidenced by the work of Cutler et al. (2022). The methods were compared using pressure/volume/temperature (PVT) measurements as a benchmark. As of today, this method is considered the most reliable to obtain reservoir fluid properties, and in consequence, these measurements serve as the reference viscosity values in the study. The results of our analysis in Breidablikk show that an approach based on advanced mud gas data provide an oil quality classification that distinguishes between high- and low-viscosity reservoir oils, using the ethane/n-pentane ratio as the best parameter correlated to reservoir oil viscosity in Breidablikk. The threshold for the two viscosity regions is identified from a reservoir fluid database from the Breidablikk-Grane area, and the oil viscosity region estimated from advanced mud gas data agrees well with the PVT measurements. The viscosity estimation using a standard mud gas approach based on methane to propane compositions indicates that this technology cannot correctly differentiate between low- and high-viscosity region wells in the Breidablikk Field. Hence, it is not recommended. Further findings from our analysis indicate that the utilization of oil-based mud, combined with a high drilling speed, significantly affects the quality of the cuttings in Breidablikk. Consequently, the application of traditional geochemical analysis methods on cutting extracts is challenging. Therefore, this method is not recommended for the qualitative identification of the viscosity region of a given well. Benchmarking all available technologies allows us to select a real-time, reliable, and cost-efficient method to qualitatively estimate reservoir oil viscosity in Breidablikk. The selected method is field-specific and not general for other heavy oil fields. In summary, providing an accurate reservoir oil viscosity mapping at an early stage in field development plays a crucial role in the further optimization of drilling targets and ultimately leads to improved oil recovery (Halvorsen et al., 2016; Maraj et al., 2021). ","This study evaluates reservoir oil viscosity in Breidablikk Field using mud gas logging, oil extracts from cuttings, and PVT measurements, identifying advanced mud gas data as the most effective approach for qualitatively mapping viscosity, improving oil recovery estimates by 20-30%."
"Predicting Heavy Oil Production by Hybrid Data-Driven Intelligent Models","https://scispace.com/paper/predicting-heavy-oil-production-by-hybrid-data-driven-4tru0eimht","2021","Journal Article","Mathematical Problems in Engineering","Songhai Qin
Songhai Qin
Jianyi Liu
Xinping Yang
Yiyang Li
Lifeng Zhang
Zhibin Liu","10.1155/2021/5558623","https://scispace.com/pdf/predicting-heavy-oil-production-by-hybrid-data-driven-4tru0eimht.pdf","It is difficult to determine the main control factors owing to the complex geological conditions of heavy oil reservoirs, including high viscosity, a wide range of variation of crude oil, and the great difference in production between different recovery methods. In this context, main control factors of heavy oil production in different recovery methods are analyzed and obtained based on the Apriori algorithm. The prediction of heavy oil production is faced with problems such as low prediction precision and insufficient data usage. Therefore, a novel intelligent simulation and prediction model of data-driven heavy oil production with time-varying characteristics is established based on differential simulation, machine learning, and intelligent optimization theory, which overcomes the defects of nonlinear, multifactor, and low fitting precision of dynamic data of heavy oil development. The parameters of the heavy oil production time-varying simulation model are identified by the least square support vector machine (LSSVM) to realize the intelligent prediction of the production. Numerical experiments show that the prediction result of the novel intelligent simulation and prediction model is better than the BP neural network model and the GM (1, N) model. This study provides a novel feasible method for data-driven heavy oil production prediction, and it can be helpful in further study of data-driven heavy oil production.","A novel intelligent simulation and prediction model of data-driven heavy oil production with time-varying characteristics is established based on differential simulation, machine learning, and intelligent optimization theory, which overcomes the defects of nonlinear, multifactor, and low fitting precision of dynamic data of heavy oil development."
"In-situ Viscosity of Heavy Oil: Core and Log Calibrations","https://scispace.com/paper/in-situ-viscosity-of-heavy-oil-core-and-log-calibrations-28gdy9xbe5","2006","Proceedings Article","Journal of Canadian Petroleum Technology","Jonathan Luke Bryan
Apostolos Kantzas
R. Badry
J. Emmerson
T. Hancsicsak","10.2118/2006-116","","Having knowledge of oil viscosity variation within reservoirs would be of considerable benefit when producing from heavy oil fields. Previous work has demonstrated that low field NMR bench-top instruments can be used to perform measurements of in situ viscosity. Ideally, if these measurements could be performed on NMR logging tools, viscosity characterization studies could be carried out using fewer core samples. In this paper, data is presented for a heavy oil reservoir in northern Alberta. A methodology is presented for tuning NMR viscosity estimates to the field in question, and core analysis results are collected, showing that in situ viscosity predictions are possible in the laboratory. NMR spectra measured in the laboratory are compared to NMR logging tool spectra, in order to determine if results obtained using bench-top instruments can be extrapolated to logging tool data.","In this paper, a methodology is presented for tuning NMR viscosity estimates to the field in question, and core analysis results are collected, showing that in situ viscoity predictions are possible in the laboratory."
"Evaluating Oil Density and Viscosity with Geochemical Pyrolysis Data","https://scispace.com/paper/evaluating-oil-density-and-viscosity-with-geochemical-kklg0lb0531j","","","","侯连华
林承焰
王京红
刘宗林
孙兴海","10.3321/j.issn:1000-0747.2002.02.019","","Different influence factors have different extra appearance and mechanism in different components of geochemical pyrolysis degradation. In this paper, updating models of light,middle and heavy constituent constrained by oil density were built up on the bases of pretreatment to sample weight, porosity and volume. Correlatively quantitative polyparameter evaluation models of oil density and viscosity were built up after correcting geochemical pyrolysis degradation data, getting residual hydrocarbon content and better parameters correlativity to oil density and viscosity. A set of perfect evaluation methods of correcting data, getting oil density and viscosity were formed. Using these methods, a higher precision of oil density and viscosity in 48 layers of 37 wells in different reservoirs has been obtained.",""
"The Ideal Range for Reducing Oil Viscosity Through Hot Water Injection in a Heavy Oil Field","https://scispace.com/paper/the-ideal-range-for-reducing-oil-viscosity-through-hot-water-3c7y5ur6ji","2024","Book Chapter","Springer series in geomechanics and geoengineering","Jabrayil Eyvazov","10.1007/978-981-97-0475-0_103","","The most effective methods for enhancing the extraction of hydrocarbons, especially in heavy oil reservoirs, involve the application of thermal techniques. Thermal enhanced oil recovery (EOR) involves the injection of steam or hot fluids into subsurface reservoirs to alter the physical properties, such as fluid viscosity and effective mobility. While various mathematical models have been developed to estimate temperature changes during these processes, they often assume constant fluid velocity throughout the reservoir, leading to significant inaccuracies in the predictions. This study aims to introduce a novel approach to accurately measure temperature distribution, heat propagation over time, and distance from the wellbore in thermal EOR operations. The primary objective of this research is to develop a robust model capable of precisely predicting temperature distributions within porous rock formations during thermal EOR procedures. Artificial intelligence (AI) techniques were employed to compute temperature profiles, reducing the complexity and unpredictability associated with numerical methods. The model's efficiency was enhanced by considering factors like formation permeability, injection time, and distance from the wellbore. To determine temperature distribution, neural networks, fuzzy logic systems, and generalized intelligent networks were utilized. The intelligent networks were fine-tuned by adjusting various model parameters, and the model's effectiveness was assessed using metrics such as the average absolute error and correlation coefficient. ","A novel AI-based model for predicting temperature distribution in thermal EOR operations accurately measures temperature distribution, heat propagation over time, and distance from the wellbore."
"Study on the Pseudo Threshold Pressure Gradient Model of Heavy Oil Reservoirs Considering CO2 Dissolution Viscosity Reduction and Thermal Effects","https://scispace.com/paper/study-on-the-pseudo-threshold-pressure-gradient-model-of-dlkzzmydb5y4","2025","Journal Article","","Qihang Li
Yuan Chaoye
Yiqiang Li
Zheyu Liu
Tang Xuechen
Cao Jinxin
Zhang Ya-qiang","10.2118/225786-ms","","Abstract This study investigates Xinjiang oilfield heavy oil as the research subject, employing a high-temperature, high-pressure rheometer to analyze changes in crude oil viscosity under varying temperatures after CO2 dissolution, thereby exploring the synergistic effects of CO2 and thermal action on heavy oil viscosity reduction. Additionally, core flooding experiments were conducted to examine the influence of this synergy on the flow behavior of heavy oil in reservoirs. The impact of CO2 dissolution at different temperatures on the pseudo threshold pressure gradient (PTPG) of heavy oil was tested, and the relationship between mobility, PTPG, and activation temperature was established. The results indicate that the viscosity of heavy oil decreases with increasing CO2 solubility. However, the viscosity-reducing effect of CO2 diminishes at higher temperatures. Through rheological experiments, constitutive Eq.s for heavy oil under different CO2 solubilities were developed. Core flow experiments yielded expressions for the pseudo-TPG and activation temperature of heavy oil under combined CO2 and thermal effects. A small amount of CO2 can achieve flow performance equivalent to that at elevated temperatures, significantly reducing the thermal energy demand for heavy oil recovery. Furthermore, these expressions enable more accurate predictions of the maximum drainage radius and optimal thermal stimulation transition temperature in heavy oil reservoirs. This study establishes models for the TPG and activation temperature of heavy oil under the synergistic action of CO2 dissolution and thermal effects, clarifying the influence of CO2 and heat on the PTPG. These models improve the prediction of the maximum drainage radius and thermal transition temperature in heavy oil reservoirs. The findings provide theoretical guidance for CCUS and CO2-assisted steam flooding EOR technologies in similar Xinjiang oilfield blocks. ","This study investigates the pseudo threshold pressure gradient (PTPG) of heavy oil reservoirs, exploring the synergistic effects of CO2 dissolution and thermal action on viscosity reduction and flow behavior, and develops models for predicting maximum drainage radius and optimal thermal stimulation transition temperature."
"Workflows to Optimally Select Undersaturated Oil Viscosity Correlations for Reservoir Flow Simulations","https://scispace.com/paper/workflows-to-optimally-select-undersaturated-oil-viscosity-3lfo0c9s","2022","Journal Article","Energies","Sofianos Panagiotis Fotias
Andreas Georgakopoulos
Vassilis Gaganis","10.3390/en15249320","https://www.mdpi.com/1996-1073/15/24/9320/pdf?version=1670567574","Undersaturated oil viscosity is one of the most important PVT parameters to be measured and/or predicted in a fluid sample. Since direct experimental measurements are expensive and time-costly, prediction methods are essential. In this work, viscosity data from more than five hundred fluid reports are utilized, and all correlation methods available in the literature and implemented in commercial software for reservoir and production engineering calculations, including fracked systems, are evaluated against the dataset. The results of this work are intended to set up workflows that give insight as to which method should be selected when running flow simulations, with emphasis on complex simulations such as in the case of EOR. The developed workflows provide the optimal choice of the viscosity correlation for the case of distinct viscosity ranges, as well as when overall performance is sought. A surprising result is that one of the oldest known correlations from the literature gives the best results (minimizes average absolute relative error) when tested against this large dataset. This may be attributed to the high locality that alternative correlations exhibit, which makes them generalize poorly.","In this article , the authors set up workflows that give insight as to which method should be selected when running flow simulations, with emphasis on complex simulations such as in the case of EOR."
"Exploiting the natural variation in fluid properties in heavy oil and oil sands reservoirs: Geochemical fingerprinting supporting well placement","https://scispace.com/paper/exploiting-the-natural-variation-in-fluid-properties-in-1dsa7vq0fb","2012","","","Barry Bennett
Magda Ciulavu","","https://cseg.ca/assets/files/resources/abstracts/2012/217_GC2012_Exploiting_Natural_Variation_in_Fluid_Properties.pdf","Summary The stratigraphic well data was used to map the vertical variation in fluid properties (viscosity) and establish correlations with hydrocarbon compositions. This process requires high quality viscosity measurements and accurate hydrocarbon quantification. The baseline data reflects the typical increasing viscosity trend, matched by gradual compositional alteration on progressing down through the oil column. The high resolution maps based on fluid composition and physical properties can be used to determine the vertical aspect of horizontal wells drilled at varying depths in the oil column. In addition, the composition of the first fluids produced during the start-up stage of steam assisted gravity drainage (SAGD) is similar to the compositions characterizing the zone immediately surrounding the horizontal well bore. Furthermore the development and vertical progression of SAGD chamber may be assessed by produced fluid compositions since the vertically advancing steam chamber will access zones corresponding to improving oil compositions.","In this article, the authors used the stratigraphic well data to map the vertical variation in fluid properties (viscosity) and establish correlations with hydrocarbon compositions, which can be used to determine the vertical aspect of horizontal wells drilled at varying depths in the oil column."
"Forecasting Dead Oil Viscosity Using Machine Learning Processes for Niger Delta Region","https://scispace.com/paper/forecasting-dead-oil-viscosity-using-machine-learning-2gz3if3hk4","2024","Journal Article","International Journal of Current Science Research and Review","Origbo, Oghenechovwe Augustine
Mbachu Ijeoma Irene","10.47191/ijcsrr/v7-i1-81","","Prediction of Dead oil viscosity using experimental measurements is highly exorbitant and time consuming, hence the use of forecasting models. Dead oil viscosity is a very important PVT parameter that solve numerous reservoir engineering problems and one of the most required factors for enhanced oil recovery processes. This study utilized two machine learning algorithms of Artificial Neural Network (ANN) and Support Vector Machine (SVM) to predict dead oil viscosity. A total number of 243 data set was obtained from PVT report from Niger-Delta, out of which, 70% were used to train the models, 15% for testing and 15% for validation. Quantitative and qualitative analysis was carried out to compare the performance and reliability of the new developed machine learning models with some selected empirical correlations. The result revealed that the Artificial Neural Network Outperformed Support Vector Machine (SVM) as well as common dead oil viscosity empirical correlations with the best rank of 0.144, highest correlation coefficient of 0.984, Mean Absolute Error (Ea) of 0.205, with a better performance plot, followed by Support Vector Machine model with correlation coefficient of 0.926, Mean Absolute Error (Ea) of 0.199 and the rank of 0.176. The new developed Artificial Neural Network model can potentially replace the empirical models for dead oil viscosity predictions for Niger Delta region.","Forecasting dead oil viscosity using machine learning models for Niger Delta region is a viable alternative to traditional methods. The ANN model outperformed the SVM model and empirical correlations, achieving the highest correlation coefficient and lowest mean absolute error."
"In situ viscosity of oil sands using low field NMR","https://scispace.com/paper/in-situ-viscosity-of-oil-sands-using-low-field-nmr-4dsdz6p31p","2003","Journal Article","Journal of Canadian Petroleum Technology","Jonathan Luke Bryan
D. Moon
Apostolos Kantzas","10.2118/05-09-02","","In heavy oil and bitumen reservoirs, oil viscosity is a vital piece of information that will have great bearing on the chosen EOR scheme and the recovery expected. Prediction of in situ viscosity with a logging tool would be very beneficial in reservoir characterization and exploitation design. Low field NMR is a technology that has shown great potential as a tool for characterizing hydrocarbon properties in heavy oil and bitumen reservoirs. An oil viscosity correlation has previously been developed that is capable of providing order of magnitude viscosity estimates for a wide range of oils taken from various fields in Alberta. This paper presents tuning procedures to improve the NMR predictions for different viscosity ranges, and extends the NMR viscosity model to in situ heavy oil in unconsolidated sands. The results of this work show that the NMR oil peak can be de-convoluted from the in situ signals of the oil and water, and the bulk viscosity correlation that was developed for bulk oils can be applied to predict the in situ oil viscosity. These results can be translated to an NMR logging tool algorithm, allowing for in situ measurements of oil viscosity at the proper reservoir conditions.","In this article, the authors presented tuning procedures to improve the NMR predictions for different viscosity ranges, and extended the model to in situ heavy oil in unconsolidated sands."
"Improved Dead Oil Viscosity Model","https://scispace.com/paper/improved-dead-oil-viscosity-model-mxelna6r5e","2014","Journal Article","Journal of Energy Technologies and Policy","Ulaeto Ubong
Oyedeko K.F.K.","","https://scispace.com/pdf/improved-dead-oil-viscosity-model-mxelna6r5e.pdf","This research work developed two new dead oil viscosity correlations: a general correlation and typical Niger Delta crude correlation, with large data range. The dead oil viscosity, affects the accuracy of viscosity models, especially when used in engineering problems involving fluid flow in porous media and particularly reservoir simulation. An accurate estimate of its value is therefore a very necessary concern. The models were developed using Linear and Non-Linear Multiple regression analysis. Multiple statistical assessments were employed to evaluate the accuracy of these models. The models are solved using Matlab and Microsoft Excel to obtain the General Model correlation coefficient of 0.870 and that of Typical Niger Delta Crude coefficient of correlation was 0.94. The models also gave better performance plots compared to existing models. Keywords : viscosity, fluid flow, crude oil, Niger delta, dead oil viscosity, reservoir","In this article, the authors developed two new dead oil viscosity correlations: a general correlation and typical Niger Delta crude correlation, with large data range, using Linear and Non-Linear Multiple regression analysis."
"Forward Modeling the Formation of Viscous Oils and Tar Mats Over Geologic Time via History-Matching of Reservoir Charge","https://scispace.com/paper/forward-modeling-the-formation-of-viscous-oils-and-tar-mats-321dzua6koa5","2024","Proceedings Article","SPE Annual Technical Conference and Exhibition","Tarek S. Mohamed
Morten Kristensen
Carlos Torres‐Verdín
Yucel Akkutlu
Oliver C. Mullins","10.2118/221055-ms","","Abstract Asphaltenes are nanocolloidal structurespresent in various petroleum deposits. High asphaltene content in heavy oils causes the formation of clusters, the largest asphaltene nanocolloidal particles, driving a large gravity gradient of asphaltenes. Viscosity is highly correlated with asphaltene content; therefore, heavy oils are often associated with large viscosity gradients. Large oil-to-water viscosity ratios result in the fingering of injection water into oil columns and reduce sweep efficiency during production. Cluster accumulation at the base of a heavy oil column often leads to tar mat formation at the oil-water contact (OWC), sealing the aquifer from the oil and precluding pressure support and aquifer sweep. Thus, modeling the formation of viscous oils and tar mats is critical for production planning. Asphaltenes are established to have a nanocolloidal structure in a large, anticlinal Middle East reservoir that is well connected as proven by equilibrated asphaltenes, production data, and pressure measurements, and contains black oil in the crest and 100-km rim of heavy oil underlain by ~10m tar mat. Asphaltenes in the black oil exist as nanoaggregates causing a small gradient under the influence of gravity, while asphaltene clusters in the heavy oil exhibit large gradients in density and viscosity. Both asphaltene gradients are matched by Flory-Huggins-Zuo equation of state (FHZ EoS). Over 60m of depth, asphaltene concentrations and viscosity values increase by factors of 10 and 1000, respectively. We use reservoir flow simulation of charge to show the formation of the viscous oil and tar mat. Our simulations honor the well-established nanocolloidal structure of asphaltenes and show how to generate gradients under the influence of gravity. We also investigate the impact of simulation parameters (e.g., reservoir geometry, dip angle) and charge conditions (e.g., charge duration) on asphaltene distributions. We model the following reservoir fluid geodynamic processes leading to current fluid measurements. First, the reservoir is charged with heavy oil. Second, gravity gradients are established from vertical migration of heavy asphaltenes to lower positions (base of the crest or base of the formation interval). This creates a density inversion; the heavier oil at the base of the interval upstructure is more dense than the asphaltene-depleted oil at the top of the interval downstructure. Third, this density inversion causes Boycott convection which transports newly-created heavier oil to the base of the reservoir and lighter oil to the top of the reservoir. Subsequent to Boycott convection, asphaltene equilibration at the base of the column yields very high asphaltene concentrations at the oil-water contact. If the asphaltene concentration exceeds the solvency capacity of the oil for asphaltenes, then asphaltene phase-separation and deposition proceed creating a tar mat. The modeling mechanism is consistent with geochemical measurements, saturation pressure, and gas-oil ratio (~100 SCF/STB). Core plugs from six tar mat wells exhibit significant variation in asphaltene content from 30% to 65%. Tar mat wells establish that 1) tar mat is a two-phase system of very high asphaltene and oil phases and 2) the mechanism proposed agrees with tar mat well properties. Asphaltene nanocolloidal gravity gradients are established vertically while Boycott convection transports dense oil to the base of the reservoir leading to formation of viscous oil and tar mat. The simulations also show that upwelling at the oil-water contact associated with countercurrent flow of Boycott convection precludes asphaltene colloidal settling at the OWC which is required to obtain very high asphaltene concentrations and tar mat formation. Thus, tar mats form when charge is complete but generally not prior to the completion of charge. Here we show for the first time that reservoir flow simulation of charge can honor the basic physics of mass transport in the reservoir and predict tar mat formation. ","Researchers develop a forward modeling approach to simulate the formation of viscous oils and tar mats over geologic time via history-matching of reservoir charge, incorporating asphaltene nanocolloidal structure and Boycott convection to predict tar mat formation and properties."
"Prediction of the Viscosity-Temperature Dependence of a Mixture of Oils Based on Information about the Density, Content of Paraffin, Resins, Asphaltenes and Fractional Composition","https://scispace.com/paper/prediction-of-the-viscosity-temperature-dependence-of-a-4bhwj1r1lhi3","2024","Journal Article","Георесурсы","Anvar Valeev
Р.Р. Ташбулатов
Jing Wang
R.M. Karimov","10.18599/grs.2024.3.23","","The article is devoted to the problem of predicting the viscosity of an oil mixture. Viscosity is an important characteristic of oil when calculating pressure losses due to friction when moving in a well, through field pipelines, through a network of main oil pipelines. In the presence of a complex branched network of pipelines and the flow of oil from various wells and fields in the condition of constantly changing production flow rates, a large number of mixture variants can be formed. Laboratory determination of viscosity for each theoretically possible mixture is practically difficult to implement, therefore, it is promising to determine the viscosity of the mixture by a computational method based on parameters amenable to additivity. Such parameters can be density, component composition and its derivatives, such as the content of paraffins, resins, asphaltenes, and fractional composition. The article analyzes various regressions of the first and second kind to obtain equations for determining viscosity depending on the mentioned parameters. A model is being developed to predict the viscosity-temperature dependence of an oil mixture based on information on density, paraffin content, resins, asphaltenes and fractional composition. The results can be applied to the calculation of field and trunk oil pipeline networks. ","Researchers develop a computational model to predict oil mixture viscosity based on density, paraffin content, resins, asphaltenes, and fractional composition, enabling efficient calculation of pressure losses in complex oil pipeline networks."
"Forecasting Dead Oil Viscosity Using Machine Learning Processes for Niger Delta Region","https://scispace.com/paper/forecasting-dead-oil-viscosity-using-machine-learning-2btwdcxbprgt","2024","Repository","","Mbachu Ijeoma Irene","10.5281/zenodo.10597889","","Abstract : Prediction of Dead oil viscosity using experimental measurements is highly exorbitant and time consuming, hence the use of forecasting models. Dead oil viscosity is a very important PVT parameter that solve numerous reservoir engineering problems and one of the most required factors for enhanced oil recovery processes. This study utilized two machine learning algorithms of Artificial Neural Network (ANN) and Support Vector Machine (SVM) to predict dead oil viscosity. A total number of 243 data set was obtained from PVT report from Niger-Delta, out of which, 70% were used to train the models, 15% for testing and 15% for validation. Quantitative and qualitative analysis was carried out to compare the performance and reliability of the new developed machine learning models with some selected empirical correlations. The result revealed that the Artificial Neural Network Outperformed Support Vector Machine (SVM) as well as common dead oil viscosity empirical correlations with the best rank of 0.144, highest correlation coefficient of 0.984, Mean Absolute Error (Ea) of 0.205, with a better performance plot, followed by Support Vector Machine model with correlation coefficient of 0.926, Mean Absolute Error (Ea) of 0.199 and the rank of 0.176. The new developed Artificial Neural Network model can potentially replace the empirical models for dead oil viscosity predictions for Niger Delta region. ",""
"A Holistic EOS Model for Characterization of Northern Kuwait Extra-Heavy Oil Mixed with Liquid Solvents","https://scispace.com/paper/a-holistic-eos-model-for-characterization-of-northern-kuwait-1sd83o5vhg","2024","Journal Article","","Mohammed Taha Al-Murayri
Atheer AlFadhli
Bodoor Ali Baroon
A. Soltani
R. Garifullin
D. Rousseau
S. Bekri
E. Delamaide","10.2118/218273-ms","","
 Liquid solvent injection is envisaged for extra-heavy oil extraction from the Lower Burgan Abdali (ADBG) reservoir in North Kuwait. This is a deep reservoir (9000 ft) where steam-assisted EOR methods are associated with a wide array of tehno-ecnomic challenges. This paper presents a methodology for creating a holistic Equation of State (EOS) describing the thermophysical properties of the selected solvents, extra-heavy oil, and their blend at different conditions. Such a model is essential for studying subsurface-to-surface variations in the mixture properties to assess the viability of solvent-assisted production.
 Representative extra-heavy downhole oil samples and two multi-component liquid solvents were investigated by performing high-pressure laboratory testing. Fluid density and viscosity were measured under varying conditions. A cubic EOS model was built to reproduce the extra-heavy oil lab-based PVT data. Simultaneously, another EOS model was developed for the two solvents. These EOS models were merged into a unified model to ensure pseudo-component overlap representation and lumping of the components for a correct extra-heavy oil and solvent mixture prediction. The viscosity modelling challenges and solutions for extra heavy-oil (with and without minor dissolved gas) and solvent mixtures were also investigated in detail.
 Lab evaluation using representative downhole oil samples (with minor dissolved gas) showed significant differences in the molecular weight of C36+ and the measured viscosity. A single EOS model was created using multi-fluid regression. The heaviest fraction had to be split into two pseudo-components coexisting in both samples but at different molar fractions. The components existing in both extra-heavy oil and solvent were lumped to avoid overlapping. It was demonstrated that the resulting EOS model can accurately reproduce the phase and volumetric behaviour of extra-heavy oil, solvent and their blend at different pressures and the reservoir temperature. Furthermore, it was noticed that the modified Lohrenz-Bray-Clark (LBC Heavy Oil) can predict the viscosities at isothermal conditions. For non-isothermal conditions, the viscosity of each pseudo-component is to be calculated at different temperatures in a tabulated format.","A holistic EOS model is developed to characterize the thermophysical properties of extra-heavy oil and solvents, including density and viscosity, under reservoir conditions. The model accurately reproduces the phase and volumetric behaviour of the mixture and can be used to assess the viability of solvent-assisted production."
"A neural network model and an updated correlation for estimation of dead crude oil viscosity","https://scispace.com/paper/a-neural-network-model-and-an-updated-correlation-for-18dd6l6z29","2012","Journal Article","Brazilian Journal of Petroleum and Gas","Ali Naseri
Seyed Hamidreza Yousefi
Alireza Sanaei
A. A. Gharesheikhlou","10.5419/BJPG2012-0003","http://www.portalabpg.org.br/bjpg/index.php/bjpg/article/download/212/186","Viscosity is one of the most important physical properties in reservoir simulation, formation evaluation, in designing surface facilities and in the calculation of original hydrocarbon in-place. Mostly, oil viscosity is measured in PVT laboratories only at reservoir temperature. Hence, it is of great importance to use an accurate correlation for prediction of oil viscosity at different operating conditions and various temperatures. Although, different correlations have been proposed for various regions, the applicability of the existing correlations for Iranian oil reservoirs is limited due to the nature of the Iranian crude oil. In this study, based on Iranian oil reservoir data, a new correlation for the estimation of dead oil viscosity was provided using non-linear multivariable regression and non-linear optimization methods simultaneously with the optimization of the other existing correlations. This new correlation uses API Gravity and temperature as an input parameter. In addition, a neural-network-based model for prediction of dead oil viscosity is presented. Detailed comparisons show that validity and accuracy of the new correlation and the neural-network model are in good agreement with large data set of Iranian oil reservoir when compared with other correlations.","In this paper, a new correlation for the estimation of dead oil viscosity was provided using non-linear multivariable regression and nonlinear optimization methods simultaneously with the optimization of the other existing correlations."
"Methodology for Static and Dynamic Modeling of Hydrocarbon Systems Having Sharp Viscosity Gradient","https://scispace.com/paper/methodology-for-static-and-dynamic-modeling-of-hydrocarbon-4ozhf0jnof","2021","Proceedings Article","Information Processing and Trusted Computing","Babatope Kayode
F.. Al-Tarrah
Gabor Hursan","10.2523/IPTC-21184-MS","","
 This paper describes a methodology for delineating tar surface, incorporating it into a geological model, and the process for numerical modeling of oil viscosity variation with depth above the tar surface. The methodology integrates well log data and compositional fluid analysis to develop a mathematical model that mimics the oil's property variation with depth. While there are a good number of reservoirs that fit this description globally, there is a knowledge gap in literature regarding best practices for dealing with the peculiar challenges of such reservoirs. These challenges include; (i) how to delineate the top-of-tar across the field, (ii) modeling of Saturation Height Function (SHF) in a system where density and wettability is changing with depth, and (iii) the methodology for representing the depth-dependent oil properties (especially viscosity) in reservoir simulation.
 Nuclear magnetic resonance (NMR) logs were used to predict fluid viscosity using a technique discussed by Hursan et al. (2016). Viscosity regions are identified at every well that has an NMR log, and these regions are mapped from well to well across the reservoir. Within each viscosity region, the analysis results of fluid samples collected from wells are used to develop mathematical models of fluid composition variation with depth. A reliable SHF model was achieved by incorporating depth-varying oil density and depth varying wettability into the calculation of J-Function. A compositional reservoir simulation was set-up, using the viscosity regions and the mathematical models describing composition variation with depth, for the respective regions. Using information obtained from literature as a starting point, residual oil saturation was modeled as a function of oil viscosity.
 Original reservoir understanding places the top of non-movable oil (tar) at a constant fieldwide subsurface depth, which corresponds to the shallowest historical no-flow drillstem test (DST) depth. Mapping of the NMR viscosity regions across the field resulted in a sloping tar-oil contact (TOC), which resulted in an increase of movable hydrocarbon pore volume. The viscosity versus depth profile from the simulation model matched the observed data, and allow the simulation model better predict well performance. In addition, the simulation model results also matched the depth-variation of observed formation volume factor (FVF) and reservoir fluid density. Some wells that have measured viscosity data but no NMR logs were used as blind-test wells. The simulation model results also matched the measured viscosity at those blind-test wells. These good matches of the oil property variation with depth gave confidence, that the simulation model could be used as an efficient planning tool for ensuring that injectors are placed just-above the tar mat. The use of the simulation model for well planning could reduce the need for geosteering while drilling flank wells, leading to savings in financial costs.
 This paper contains a generalized approach that can be used in static and dynamic modeling of reservoirs, where oil changes from light to medium to heavy oil, underlain by tar. It contains recommendations and guidelines to construct a reliable simulation model of such systems.","In this article, a methodology for delineating tar surface, incorporating it into a geological model, and the process for numerical modeling of oil viscosity variation with depth above the tar surface is described."
"Holistic Evaluation of Reservoir Oil Viscosity in Breidablikk Field – Including Mud Gas Logging Approach","https://scispace.com/paper/holistic-evaluation-of-reservoir-oil-viscosity-in-26xgko52dnud","2023","Journal Article","","Alexandra Cely
Ingvar Skaar
Tao Yang","10.30632/spwla-2023-0039","","Breidablikk is a greenfield on the Norwegian Continental Shelf and just started the preproduction drilling of 23 wells in two structures. We have only two reservoir fluid samples from exploration wells in each structure with relatively high viscosity of 4 cp and 8 cp, respectively. Currently, we assume each structure has constant oil viscosity homogenously. Any change in the viscosity in each direction can lead to a 20 to 30% difference in oil recovery. Therefore, it is important to update the viscosity distribution in the reservoirs along with the drilling activities Different methods can be used to acquire reservoir oil viscosity, including downhole logging and sampling, mud gas logging, extracts from cuttings, and surface oil sampling. Our previous studies demonstrate that mud gas provides real-time and continuous reservoir oil properties. However, due to the low concentration of hydrocarbon components in mud gas (like ethane and propane), it is challenging to apply the machine-learning models we developed for standard black oil and gas condensate. Therefore, we developed a different approach to predict the oil viscosity based on the light mud gas component ratios. A thorough study has been performed based on the reservoir fluid database from the Bredabikk Field and the neighboring Grane Field. The results show the methane/propane ratio is the best parameter correlated to reservoir oil viscosity. Before adopting the new method from mud gas, we extensively compared results with other methods, including the measurement of pressure-volume-temperature (PVT) samples and oil extracts from cuttings. The comparison shows the approach based on mud gas provides an oil quality classification that allows distinguishing between high- or low-viscosity reservoir oil along a given well. The threshold for the two categories is identified from the reservoir fluid database. The mud gas method agrees well with the PVT measurements, which are regarded as the ground truth answer. The cutting extracts study supports the conclusion on oil viscosity provided by the mud gas analysis. Therefore, we decide to deploy mud gas data as the main method for future wells The new approach using mud gas logging provides a real-time and cost-efficient method to identify the continuous reservoir oil viscosity following the well path. Along with drilling more wells, we achieve a detailed and accurate reservoir oil viscosity distribution in different reservoirs. The viscosity mapping of the reservoirs lays the ground for further optimizing the drilling target and well placement and improving the oil recovery. ","Researchers developed a real-time mud gas logging approach to predict oil viscosity in the Breidablikk Field, Norway, using methane/propane ratios, which correlates well with PVT measurements and oil extracts from cuttings, improving oil recovery and well placement."
"A novel mathematical model for modeling viscosity and temperature relationship for dead oils","https://scispace.com/paper/a-novel-mathematical-model-for-modeling-viscosity-and-38xsua6blaan","2024","Journal Article","Dental science reports","Alireza Dolatyari
Mohammad Ahmady
Alireza Kazemi","10.1038/s41598-024-73573-8","","Viscosity is crucial in subsurface and surface transport, used in engineering domains like heat transfer and pipeline design. However, measurements are limited, necessitating predictive viscosity relationships. Existing models lack precision or pertain to limited fluids, and accurately forecasting dead oil viscosity remains challenging due to errors. The study presents a mathematical algorithm to accurately estimate viscosity values in hydrocarbon fluids. It uses a robust non-linear regression technique to establish a reliable relationship between fluid viscosity and temperature within a specific temperature range. The algorithm is applied to extra-heavy to light crude oil samples from Iranian oilfields, revealing viscosity values ranging from 0.29 cp to 5328.74 cp within a dataset of 243 viscosity data points. After modeling each of these five fluids, the highest values obtained for the maximum absolute error and relative error are related to the fluid with an API gravity of 12.92. The maximum absolute error and relative error for this fluid sample are 1.25 cp and 6.04%, respectively. The algorithm offers acceptable precision in outcome models, even with limited training data, demonstrating its effectiveness in training models with less than 30% of available data. Moreover, these models end up with a near-unity coefficient of determination in testing data, reaffirming their proficiency at reflecting empirical data with remarkable accuracy. ","A novel mathematical model accurately estimates viscosity values in hydrocarbon fluids using non-linear regression, achieving high precision with limited training data and near-unity coefficient of determination in testing data for Iranian oilfield samples."
"Multivariate Statistical Modeling of Crude Oil Viscosity and Mole Percent Components for Reservoir Fluids","https://scispace.com/paper/multivariate-statistical-modeling-of-crude-oil-viscosity-and-8lltgo93d72z","","","","Jeremiah Ifeanyi Okoroma
Adaobi Stephenie Nwosi-Anele
Uchenna Daniel Elikee","10.9734/jenrr/2021/v9i430241","","This study presents multivariate statistical modeling of PVT properties in a Hydrocarbon Reservoir. Traditionally, these properties are modeled by correlating them with the changes in pressure and temperature associated with them. However, these changes are often a direct corollary of the changing composition as each component’s presence and/or absence contributes to the overall property of the fluid system. In this work, Multiple Linear and Multiple Nonlinear regression models were used to develop a correlation for the crude oil viscosity and the mole percent of the components as they change with pressure and temperature. A fluid system was modelled using the PVT Package of Integrated Production System Modelling (IPM) Suite. The model was then used to perform a differential liberation test simulation to predict the changes in composition of the crude oil. The composition included three lumped crude oil fractions. After the PVT modelling, the generated PVT Composition was used to perform the Multivariate statistical analysis (MVA) and modelling.Two MVA techniques were compared – the Multiple Linear Regression (MLR) and Multiple Non-Linear Regression (MLNR).Analysis of residuals generated from the prediction run based on both techniques showed that the multiple linear regression method had trending residuals, contrary to the law of parametric estimation upon which it is based. However, the multiple nonlinear regression yielded 100% correlation with adequate residual trend and is thus recommended for adaptation to distinct fluid systems. It is imperative to note that the accuracy of this adaptive PVT modeling and prediction is hinged primarily on the accuracy of the PVT model used to estimate the compositional variation.","This study develops multivariate statistical models for crude oil viscosity and composition using multiple linear and nonlinear regression, recommending multiple nonlinear regression for accurate prediction of compositional variation in hydrocarbon reservoirs."
"Physics Augmented Correlations and Machine Learning Methods to Accurately Calculate Dead Oil Viscosity Based on the Available Inputs","https://scispace.com/paper/physics-augmented-correlations-and-machine-learning-methods-367lk1p7","2022","Journal Article","Spe Journal","Utkarsh Sinha
Birol Dindoruk
Mohamed Y. Soliman","10.2118/209610-pa","","
 Viscosity is one of the key parameters that is necessary to describe the fluid flow and pressure propagation in porous media as well as flow in pipes and various types of conduits. In this study, we have developed two different approaches to be able to estimate the viscosity seamlessly from a fraction to a million centipoise range. Our first approach was based on a trainable explicit expression that uses a reference viscosity measured at any temperature. This is a very common situation as the viscosity may have already been measured at reservoir temperature. Using the reference viscosity concept for many data sets, we also demonstrated the validity and tuneability of the proposed approach to predict the viscosities for the entire temperature range of interest. Our second method is developed for the cases that we did not have any viscosity measurements or no valid viscosity measurements. For such circumstances, we have utilized the extreme gradient boost (XGB) method algorithm (XGB Method) (Friedman 2001; Chen et al. 2015) using leave-one-out cross-validation (LOOCV) (Shao 1993), to be able to estimate the viscosity for the entire range of viscosities that are encountered for crudes. Some of the details of hybrid methods and other regression/machine learning methods and the role of the asphaltenes are already discussed by Sinha et al. (2019, 2020). The current approach uses a richer data set than any of the published papers with very limited input parameters: reservoir temperature, API gravity, and molecular weight, and the tuneability of the models is constrained with the molecular weight of the crudes.","In this article , a trainable explicit expression that uses a reference viscosity measured at any temperature was used to predict the viscosities for the entire temperature range of interest, from a fraction to a million centipoise."
"Viscosity–Temperature–Pressure Relationship of Extra-Heavy Oil (Bitumen): Empirical Modelling versus Artificial Neural Network (ANN)","https://scispace.com/paper/viscosity-temperature-pressure-relationship-of-extra-heavy-3owakky1mq","2019","Journal Article","Energies","Olalekan S. Alade
Dhafer Al Shehri
Mohamed Mahmoud
Kyuro Sasaki","10.3390/EN12122390","https://www.mdpi.com/1996-1073/12/12/2390/pdf","The viscosity data of two heavy oil samples X and Y, with asphaltene contents 24.8% w/w and 18.5% w/w, respectively, were correlated with temperature and pressure using empirical models and the artificial neural network (ANN) approach. The viscosities of the samples were measured over a range of temperatures between 70 °C and 150 °C; and from atmospheric pressure to 7 MPa. It was found that the viscosity of sample X, at 85 °C and atmospheric pressure (0.1 MPa), was 1894 cP and that it increased to 2787 cP at 7 MPa. At 150 °C, the viscosity increased from 28 cP (at 0.1 MPa) to 33 cP at 7 MPa. For sample Y, the viscosity at 70 °C and 0.1 MPa increased from 2260 cP to 3022 cP at 7 MPa. At 120 °C, the viscosity increased from 65 cP (0.1 MPa) to 71 cP at 7 MPa. Notably, using the three-parameter empirical models (Mehrotra and Svrcek, 1986 and 1987), the correlation constants obtained in this study are very close to those that were previously obtained for the Canadian heavy oil samples. Moreover, compared to other empirical models, statistical analysis shows that the ANN model has a better predictive accuracy (R2 ≈ 1) for the viscosity data of the heavy oil samples used in this study.","In this article, the authors measured the viscosity data of two heavy oil samples X and Y, with asphaltene contents 24.8% and 18.5% w/w, respectively, using empirical models and the artificial neural network (ANN) approach."
"Enhanced intelligent approach for determination of crude oil viscosity at reservoir conditions","https://scispace.com/paper/enhanced-intelligent-approach-for-determination-of-crude-oil-mqhkjszu","2023","Journal Article","Dental science reports","Kiana Peiro Ahmady Langeroudy
Parsa Kharazi Esfahani
Mohammad Reza Khorsand Movaghar","10.1038/s41598-023-28770-2","https://scispace.com/pdf/enhanced-intelligent-approach-for-determination-of-crude-oil-mqhkjszu.pdf","Abstract Oil viscosity plays a prominent role in all areas of petroleum engineering, such as simulating reservoirs, predicting production rate, evaluating oil well performance, and even planning for thermal enhanced oil recovery (EOR) that involves fluid flow calculations. Experimental methods of determining oil viscosity, such as the rotational viscometer, are more accurate than other methods. The compositional method can also properly estimate oil viscosity. However, the composition of oil should be determined experimentally, which is costly and time-consuming. Therefore, the occasional inaccessibility of experimental data may make it inevitable to look for convenient methods for fast and accurate prediction of oil viscosity. Hence, in this study, the error in viscosity prediction has been minimized by taking into account the amount of dissolved gas in oil (solution gas–oil ratio: R s ) as a representative of oil composition along with other conventional black oil features including temperature, pressure, and API gravity by employing recently developed machine learning methods based on the gradient boosting decision tree (GBDT): extreme gradient boosting (XGBoost), CatBoost, and GradientBoosting. Moreover, the advantage of the proposed method lies in its independence to input viscosity data in each pressure region/stage. The results were then compared with well-known correlations and machine-learning methods employing the black oil approach applying least square support vector machine (LSSVM) and compositional approach implementing decision trees (DTs). XGBoost is offered as the best method with its greater precision and lower error. It provides an overall average absolute relative deviation (AARD) of 1.968% which has reduced the error of the compositional method by half and the black oil method (saturated region) by five times. This shows the proper viscosity prediction and corroborates the applied method's performance. ","In this paper , the authors used the gradient boosting decision tree (GBDT) to estimate the amount of dissolved gas in oil (solution gas-oil ratio: R s ) as a representative of oil composition along with other conventional black oil features including temperature, pressure, and API gravity."
"Recovery of oil viscosity values according to its additive parameters","https://scispace.com/paper/recovery-of-oil-viscosity-values-according-to-its-additive-2fpcsft3ng","2024","Journal Article","","A. R. Valeev
R. R. Tashbulatov
T. A. Barabanshchikova","10.5510/ogp20240100943","","Considering the complexity of mixtures formed within extensive and intricate pipeline networks, determining the viscosity of mixtures through a computational method that utilizes parameters conducive to additivity is advantageous. These parameters may include the density and component composition, as well as corresponding derivatives, such as the content of paraffins, resins, asphaltenes, and fractional composition. This study explored the relationship between the viscosity and these parameters. A linear regression model for estimating the logarithm of the viscosity was developed, where significant regression coefficients were identified, and the prediction error was assessed through cross-validation. A similar approach was adopted for the second-order regression analysis. This analysis incorporated linear regression including parameters pertaining to the fractional composition. Formulas for calculating the viscosity based on the identified properties were derived and the respective errors were evaluated. Keywords: oil; viscosity; Arrhenius formula; cross-validation; paraffin; resins; asphaltenes; database.","A computational method for estimating oil viscosity based on additive parameters is developed. The method utilizes parameters such as density, composition, and fractional composition to predict oil viscosity. A linear regression model and a second-order regression model are developed for estimating the logarithm of viscosity. Formulas for calculating viscosity based on the identified properties are derived."
"New models to predict the viscosity of extra-heavy oil in colombian fields","https://scispace.com/paper/new-models-to-predict-the-viscosity-of-extra-heavy-oil-in-32xg7lhpnp","2014","Journal Article","Ciencia Tecnologia y Futuro","Mauricio Pertuz-Parra
Gian Pino-Tarazona
John León-Pabón
Carlos Pérez-Reyes
Carlos-Andrés Díaz-Prada","10.29047/01225383.38","https://scispace.com/pdf/new-models-to-predict-the-viscosity-of-extra-heavy-oil-in-32xg7lhpnp.pdf","Viscosity is one of the fundamental properties of fluids in calculating the pressure drop of fluid flow through pipes or porous media. It is also highly relevant in interpreting production tests, hydrocarbon transport and the analysis of problems that may arise in the well. This paper introduces an adjustment to the De Ghetto viscosity model in order to accurately predict the viscosity of undersaturated extra-heavy oil. The adjustment of the De Ghetto model for undersaturated extra-heavy oil has been developed using a database of PVT analysis of extra-heavy oil to assess the accuracy of the models published in literature. Subsequently, by using statistical analysis and regression techniques, the models with the best approximation to the values of the PVT reports were adjusted, thus resulting in two models with absolute average error rates of 4.69 and 2.42%. These rates are valid for oils with API gravities ranging from 6.5 to 9.5, in order to accurately predict the viscosity of undersaturated extra-heavy oils.","In this article, an adjustment to the De Ghetto viscosity model was proposed to accurately predict the viscosities of undersaturated extra-heavy oil. But the adjustment was performed using a database of PVT analysis of extra heavy oil to assess the accuracy of the models."
"Prediction of High-Pressure Physical Properties of crude oil Using Explainable Machine Learning Models","https://scispace.com/paper/prediction-of-high-pressure-physical-properties-of-crude-oil-58gtlg6o1yty","2024","Journal Article","IEEE Access","Libin Chen
Jianwen Chen
Zhiyu Wu
Yaxin Dun
Guichao Du
M. Ben Feng
Yifan Lu
Wei Dang","10.1109/access.2024.3522595","","High-pressure physical property parameters of formation crude oil are crucial for oilfield exploration, development, and production. Various prediction models have been developed using PVT experimental methods, empirical formulas, regression analysis, and machine learning techniques. However, these models often lack sufficient transparency and clarity in their computational processes, limiting their effectiveness in oil and gas exploration and development. This paper employs the Extreme Gradient Boosting (XGBoost) machine learning algorithm, utilizing experimental data such as formation pressure, formation temperature, surface crude oil density, natural gas relative density, gas-oil ratio, saturation pressure, volume factor, formation crude oil density, and formation crude oil viscosity as the dataset. The machine learning model is trained with these parameters to develop the XGBoost prediction model. Optimal parameters, including gas-oil ratio, saturation pressure, volume factor, formation crude oil density, and formation crude oil viscosity, are selected, and the Particle Swarm Optimization (PSO) algorithm is applied to further optimize the model, resulting in the PSO-XGBoost prediction model. To enhance the understanding of the model’s operation and the influencing factors, Shapley Additive Explanations (SHAP) and Explainable Boosting Machine (EBM) techniques are employed for both local and global interpretations of the machine learning model. This study identifies key factors and their weights in predicting high-pressure physical property parameters of formation crude oil, providing valuable insights for predicting shale oil reservoir parameters and enhancing exploration and development efficiency.","This study develops an Explainable Machine Learning (XGBoost) model to predict high-pressure physical properties of crude oil, utilizing experimental data and optimizing parameters with Particle Swarm Optimization (PSO), and provides insights into key factors and their weights using SHAP and EBM techniques."
"An Extension of the Mixed Effects Model that Includes Correlation within Group Errors","https://scispace.com/paper/an-extension-of-the-mixed-effects-model-that-includes-2w7wimnx","2022","Journal Article","Asian Journal of Agricultural Extension, Economics and Sociology","Nageena Nazir
S. A. Mir
Zahoor Ahmed Rather
Masroor Ahmad Dar","10.9734/ajaees/2022/v40i1031035","","Mixed effect models allow for a great deal of flexibility in defining random outcomes, but they limit within-group errors to independent disbursed random variables with a zero mean and constant variance. In addition to its random outcomes for the implied structure, this model is expanded in this paper by including within-group correlated errors. We demonstrate how to accurately predict the model's parameters using a marginal maximum probability (ML) method. The model's accuracy is demonstrated by a real-world example. Additionally, we provide several instructions for correlation systems to represent serial and spatial correlation. Finally, we define how to combine variance features and correlation systems to flexibly model the within-group variance-covariance shape. We also discuss how the lme function can be used to maintain the prolonged linear mixed effects model. And, when compared to other models, the exponential spatial correlation version has the smallest AIC and BIC, making it appear to be the best within-group correlation model.","In this paper, within-group correlated errors are modeled using a marginal maximum probability (ML) method and the model's accuracy is demonstrated by a real-world example, and the authors provide several instructions for correlation systems to represent serial and spatial correlation."
"Insights into the Prediction of Condensate Viscosity Near the Wellbore by ELM and ANFIS-PSO Strategies","https://scispace.com/paper/insights-into-the-prediction-of-condensate-viscosity-near-4o1wqw6gph","2020","Posted Content","","Maryam Naseri","10.21203/RS.3.RS-115782/V1","https://scispace.com/pdf/insights-into-the-prediction-of-condensate-viscosity-near-4o1wqw6gph.pdf","
 By lowering the pressure beneath the dew point as the result of production in gas condensate (GC) reservoirs, liquid droplets are formed in the borehole zone. Accurate prediction of production and optimization in these reservoirs requires specific properties such as liquid viscosity. Empirical models have already developed to predict this parameter. Due to the peculiar behavior of fluids beneath the dew point pressure (DPP), the prediction of liquid viscosity associates with an error. With the development of machine learning (ML) approaches, studies on fluid properties like other sciences have entered in a new phase. In this study, extreme learning machine (ELM) and adaptive neuro-fuzzy inference system with particle swarm optimization (ANFIS-PSO) methods applied to this end. Therefore, a big data bank including reservoir and fluid properties including reservoir temperature and pressure, specific gravity (SG) of gas, API gravity, and gas to oil ratio (Rs) were used. The results showed that R-squared and RMSE for ANFIS-PSO are 0.755 and 0.15, respectively, while these values are 0.889 and 0.06 for ELM which shows that the last model has a better performance in estimating output values. Also, the range of reliable data is determined, and further, a sensitivity analysis was done, which showed that the greatest impact on the viscosity was from SG and API gravity has the least effect on it. This model can be used as a reference for calculating condensate viscosity and also by expanding the range of datasets, it can be applied in the commercial software.","A sensitivity analysis was done, which showed that the greatest impact on the viscosity was from SG and API gravity has the least effect on it, and this model can be used as a reference for calculating condensate viscosities and also by expanding the range of datasets, it can be applied in the commercial software."
"An enhanced data-driven framework for subsurface fluids compositional equilibrium distribution modeling","https://scispace.com/paper/an-enhanced-data-driven-framework-for-subsurface-fluids-s81fzmawkpvp","2025","Journal Article","","WU Haoqiang
Gong Bin
Pan Huanquan
Peng Xiaolong
Zhu Su-yang
Deng Peng
Wang Chao-wen","10.6084/m9.figshare.28294838","","In this study, we introduce an advanced data-driven model aimed at accurately characterizing the three-dimensional distribution of subsurface fluid’s compositions, crucial for ultra-deep, high-temperature, and high-pressure volatile oil reservoirs. Existing models often overlook thermal diffusion and convection, leading to inaccurate simulations. We propose a combined algorithm integrating three-dimensional modeling, reservoir simulation, and history matching inversion to improve accuracy. The process begins with individual well profiles, establishing temperature and pressure fields across the reservoir, followed by calculating the molar fractions of oil compositions in each grid. Acknowledging uncertainties in interpolation modeling and thermal diffusion, we generated 200 prior models and performed additional calibration for another well. The models were optimized using the Particle Swarm Optimization algorithm, generating 20 posterior models that significantly reduced uncertainties. This framework can be applied to other reservoirs with compositional gradients, offering a new approach to initializing compositional models. Our research presents a data-driven framework that enhances reservoir simulation accuracy and provides insights into fluid distribution complexities in volatile oil reservoirs, holding potential for improving oil recovery strategies and optimizing reservoir management. ",""
"An enhanced data-driven framework for subsurface fluids compositional equilibrium distribution modeling","https://scispace.com/paper/an-enhanced-data-driven-framework-for-subsurface-fluids-t8ryg4zv2pms","2025","Repository","","WU Haoqiang
Gong Bin
Pan Huanquan
Peng Xiaolong
Zhu Su-yang
Deng Peng
Wang Chao-wen","10.6084/m9.figshare.28294838.v1","","In this study, we introduce an advanced data-driven model aimed at accurately characterizing the three-dimensional distribution of subsurface fluid’s compositions, crucial for ultra-deep, high-temperature, and high-pressure volatile oil reservoirs. Existing models often overlook thermal diffusion and convection, leading to inaccurate simulations. We propose a combined algorithm integrating three-dimensional modeling, reservoir simulation, and history matching inversion to improve accuracy. The process begins with individual well profiles, establishing temperature and pressure fields across the reservoir, followed by calculating the molar fractions of oil compositions in each grid. Acknowledging uncertainties in interpolation modeling and thermal diffusion, we generated 200 prior models and performed additional calibration for another well. The models were optimized using the Particle Swarm Optimization algorithm, generating 20 posterior models that significantly reduced uncertainties. This framework can be applied to other reservoirs with compositional gradients, offering a new approach to initializing compositional models. Our research presents a data-driven framework that enhances reservoir simulation accuracy and provides insights into fluid distribution complexities in volatile oil reservoirs, holding potential for improving oil recovery strategies and optimizing reservoir management. ",""
"Estimation Viscosity and Its Heterogeneity by NMR Logging Tool in Reservoir Conditions in Oilfield with Heavy Oil: Practical Results","https://scispace.com/paper/estimation-viscosity-and-its-heterogeneity-by-nmr-logging-85dqbmqy61xh","","","","K.. Musin
T.. Abdullin
T.. Shipunov
R.. Khisamov","10.2118/182066-ms","","Abstract Heavy oil reservoirs are expected to have viscous anisotropy, both vertical and lateral, with viscosity value varying in the range of several orders of magnitude. Today, there is no any reliable technique to define viscosity anisotropy and to estimate oil viscosity in-situ. The existing methods cannot evaluate the viscosity of crude oil without its lifting to the surface. The solution is the Nuclear Magnetic Resonance (NMR) process which is capable of both reservoir characterization and formation fluid properties analysis. Oil samples in such a case should be collected from reservoir zones that have not been exposed to heat or chemicals. Such samples can be derived, particularly, from oil-saturated core material recovered while drilling wells in newly discovered fields or in untreated reservoir areas. Centrifuge method (HSC) turned out to be the most successful and less laborious. The obtained by HSC samples most accurately reflect the intrinsic properties of potentially recoverable fluid. Methods whisch can determine mobile oil viscosity from relaxation time is existing. However, all the earlier empirical equations fail to determine oil viscosity higher than 1000 MPa•s. It has been shown that the logarithmic mean spin-spin relaxation time demonstrates the best correlation with oil viscosity, which in combination with a calculated time cutoff, yields over 80% accuracy in viscosity estimation. The developed technique determines oil viscosity distribution from high-field NMR-logging data after calibrating correlation factors. Considering oil viscosity anisotropy yields a significant economic benefit including the reduced costs of steam injection and increased cumulative oil production.","Researchers developed an NMR logging tool to estimate viscosity and heterogeneity in heavy oil reservoirs, achieving over 80% accuracy in viscosity estimation using a logarithmic mean spin-spin relaxation time correlation, with significant economic benefits for oil production."
"Assessment of the degree of interaction of wells of Tournaisian high-viscosity oil deposits of Bashkiria using geological and statistical models","https://scispace.com/paper/assessment-of-the-degree-of-interaction-of-wells-of-4vurwsh1j1","2021","Journal Article","Journal of physics","L S Kuleshova
В В Мухаметшин","10.1088/1742-6596/2032/1/012044","","The influence of more than 30 geological and technological parameters on the degree of hydrodynamic interaction of production and injection wells reflected by mutual correlation functions on high-viscosity oil deposits of the Tournaisian stage of Bashkiria was studied. Geological and statistical models were obtained that make it possible to reasonably solve the problems of control and regulation of the development process at the analyzed facilities and similar objects in terms of the geological-field description. A physical interpretation of the results is given. ","High-viscosity oil deposits of Tournaisian stage in Bashkiria exhibit a high degree of interaction between production and injection wells. Geological and statistical models are developed to quantify this interaction."
"Forecasting the characteristics of crude oil from the Druzhelyubivske oil and gas condensate field","https://scispace.com/paper/forecasting-the-characteristics-of-crude-oil-from-the-lyum0ydtvy88","2025","Journal Article","Mining of Mineral Deposits","D. Miroshnichenko
M. S. Chemerinskiy
Halyna Bilushchak
Serhiy Pyshyev
Yurii Rohovyi
O. Bogoyavlenska","10.33271/mining19.04.081","","Purpose. The study aims to determine the technological properties and fractional composition of oil from various wells in the Druzhelyubivske oil and gas condensate field (Ukraine). Special attention is paid to predicting the structural and group composition to justify the choice of the most appropriate processing technologies.

 Methods. Standard analytical methods were employed to evaluate the physicochemical properties of the crude oil samples, including density, viscosity, water content, mechanical impurities, asphaltenes, resins, paraffins, and sulfur. Fractional distillation enabled the separation of oil into its light and heavy components. Experimental and statistical modeling were used to predict the structural composition based on key technical parameters. The average approximation errors, the coefficient of determination, and the Fisher criterion were used to assess the accuracy of the models.

 Findings. It was found that the crude oil samples possess the properties of light oil, including low viscosity, low water and impurity content, and a favorable fractionation profile for further processing. The developed statistical models demonstrated high accuracy in predicting the content of the main chemical components. The results obtained indicate the potential for utilizing combined technologies, specifically catalytic cracking and hydrotreating, to enhance the yield of valuable petroleum products.

 Originality. The work presents a comprehensive assessment of oil from the Druzhelyubivske field, which allows filling the gap in modern data on its composition and processing capabilities. For the first time, an approach to determining structural-group indicators (the content of paraffins, resins, and asphaltenes) based on physicochemical characteristics is pro-posed. The use of experimental and statistical modeling to predict these parameters is a new direction in optimizing technological solutions in oil refining.

 Practical implications. The results obtained enable us to develop an effective refining strategy tailored to the characteristics of the Druzhelyubivske oil field. The correct choice of refining technologies will contribute to increasing product yield, reducing costs, and increasing economic efficiency. The proposed approach also simplifies the methodology for assessing oil composition and accelerates decision-making on the further development of individual wells.","This study forecasts the characteristics of crude oil from the Druzhelyubivske oil and gas condensate field in Ukraine, predicting favorable processing technologies and structural composition, with implications for refining strategy, product yield, and economic efficiency."
"A Coupled Viscosity Estimation and Reservoir Simulation for Ensemble Based Production Optimisation","https://scispace.com/paper/a-coupled-viscosity-estimation-and-reservoir-simulation-for-1g99y8glk5","2019","Proceedings Article","","Bashayer Almaraghi
Clement Etienam
Rossmary Villegas","10.2118/194751-MS","","
 In this paper we carry out a full field Reservoir calibration and optimisation scenario, coupling molecular interactions and ensemble based optimisation techniques. We use the friction theory model to estimate the viscosity, taking into account the molecular interactions and integrating the results in Reservoir simulation using the equation of state. Model calibration is achieved with the Ensemble Smoother with Multiple Data Assimilation (ES-MDA).
 Further, we then optimise the calibrated model, focusing on Enhanced Oil recovery technique, with steam injection, utilising the Ensemble based Production Optimisation method (EnOPT). The Hydrocarbons viscosity was estimated using the friction theory, which utilises the attraction and repulsion parameters in a Van Der Waals type equation of state and the concept behind Amontons Coulomb friction laws. The molecular interactions are taken into account in understanding the fluid viscosity behaviour. The link is signified between the molecular interactions and their effect on the velocity between the hydrocarbon fluid layers that are responsible for the resistance to flow. The uncertainty in the estimated viscosity could be narrowed by using Bayesian statistic techniques to match the chosen reservoir parameters with the mean historical data using the Ensemble Smoother with Multiple Data Assimilation (ES-MDA).
 The Enhanced Oil Recovery technique was chosen to be steam injection in order to reduce the oil viscosity by raising the reservoir temperature without maximising the overall cost. The Net Present Value (NPV) was maximised by using an ensemble based optimisation technique (EnOPT), where the controls of steam injection temperature and two producers bottom hole pressure were the adjusted parameters.
 The viscosity of a heavy oil required additional recovery techniques to increase the driving force for the production. The heavy oil viscosity decreases with increasing temperature due to the increase in kinetic energy of the molecules that weakens the attraction force and the increases in repulsion between them. The initial mean NPV of the generated 100 realisations of the chosen adjusted parameters was found to be approximately $1,500,000.
 The mean NPV of the realisations after optimisation was found to be $3,440,056. This increase in NPV was due to the increase in oil production rate, the main parameter influencing the increase in NPV was the cost and amount of oil produced, bearing in mind the water treatment and steam cost. The novelty in this study is a coupling of molecular scale simulation (friction theory) with Reservoir Simulation (by means of the Peng-Robinson Equation of state), which estimates the main physical parameters of reservoir systems and also adequately accounts for the intermolecular forces. We also calibrate the synthetic reservoir model with the ES-MDA infused with EnOPT for realistic model production optimisation.","In this paper, the authors carried out a full field reservoir calibration and optimisation scenario, coupling molecular interactions and ensemble based optimisation techniques, where they used the friction theory model to estimate the viscosity, taking into account the molecular interaction and integrating the results in reservoir simulation using the equation of state."
"An Inferable Machine Learning Approach to Predicting PVT Properties of Niger Delta Crude Oil using Compositional Data","https://scispace.com/paper/an-inferable-machine-learning-approach-to-predicting-pvt-2o6znzcrgz","2019","Proceedings Article","","Oluwapelumi Sola-Aremu","10.2118/199783-STU","","
 Reservoir fluid characterization is critical to understanding the nature and phase behavior of reservoir fluids. This process has typically been undertaken using laboratory analyses, a time-intensive and costly process which also provides compositional data. Over time, correlations have been developed to predict the PVT properties of crude oil based on parameters such as solution gas-oil ratio, saturation pressure, viscosity, and density. These correlations have had shortcomings such as utilizing a leave-one-out approach, or recently, focused on non-inferable methods such as Neural Networks. This work utilizes compositional data, hitherto neglected in PVT correlations, as input into an inferable machine learning algorithm which can be used to predict PVT properties of crude oil from the Niger Delta basin.
 Data containing bubble point pressure, solution gas-oil ratio, and oil formation volume factor alongside composition were obtained and used to develop models. Machine learning model training techniques such as data preprocessing, transformation and hyper-parameter tuning were undertaken. The elastic net regression algorithm utilizing a cross-validation approach was used to develop the models. This ensured an adequate bias-variance tradeoff.
 The resulting models were compared with established correlations such as Standing & Katz. Upon statistical analyses performed comparably. The bubble point pressure model, solution gas-oil ratio, oil formation volume factor achieved R-squared value of 0.87, 0.95 and 0.84 respectively on the validation dataset. The models are expressed in the form of equations which can be used in petroleum engineering calculations or implemented in reservoir simulation software. By implementing this approach, a framework for utilizing machine learning for Petroleum Engineering problems which produces inferable results is established. Given potential discoveries in the Niger Delta, upon obtaining compositional data, these set of equations can be used to predict the reservoir crude oil PVT properties, leading to savings in time, cost, and effort, while obtaining actionable and accurate results.","A framework for utilizing machine learning for Petroleum Engineering problems which produces inferable results is established, and a set of equations can be used to predict the reservoir crude oil PVT properties, leading to savings in time, cost, and effort, while obtaining actionable and accurate results."
"Application of Multivariate Statistical Methods to Reservoir Fluid Characterization in Unconventional Liquid-Rich Basins","https://scispace.com/paper/application-of-multivariate-statistical-methods-to-reservoir-73i9b6p222","2019","Proceedings Article","","Dayo Afekare","10.2118/197098-MS","","
 The objective of this work is to demonstrate the application of multivariate statistical tools in unconventional reservoir fluid characterization using publicly available PVT data and design a fluid characterization workflow. Several oil and gas properties were predicted for fluids in Eagle Ford groups, namely Eagle ford 1 (ef1), Eagle Ford 2 (ef2), Eagle Ford Shale (efs) and Eagle Ford (ef).
 Principal component analyses (PCA) was first used for dimensionality reduction and selection of components that account for large variation of the dataset. Next, multivariate regression analyses were used to predict PVT properties as a function of reservoir fluid composition using gathered reports. Major steps in regression are trends observation, correlation of trend parameters with composition, model reconstruction and calibration.
 PCA results show that virtually all original variables are required to account for substantial variation within the PVT datasets. It is also noticed that the first 3 principal components account for 84% of dataset variability. Regression models of different fluid properties including gas-oil ratio (GOR), oil formation volume factor, gas density, gas viscosity, API, saturation pressure developed for Eagle Ford Shale formation fluids demonstrate a superior level of accuracy on average (R sq. = 0.8-0.94) and it was revealed that most properties can be determined directly from mole percentage of hydrocarbon fractions. A strong correlation between initial reservoir pressure and formation true vertical depth (TVD) was identified from the PVT data. Consequently, oil formation volume factor and GOR maps covering areas where analysed data were collected from with R sq. above 0.8 were designed. A user-friendly reservoir fluid characterization workflow was proposed and can be applied to any type of reservoir fluid window- black oil, dry gas or condensate - in a liquid-rich basin. Exceptions were identified and discussed.
 Reliable estimation of reservoir fluid properties has a tremendous impact on different facets of unconventional reservoir field development: drilling, completion, reservoir management, and economic analyses. Current understanding of shale PVT is inadequate due to difficulty in obtaining representative fluid samples before (low permeability) and after (large produced water volumes) hydraulic fracturing. Thus, this study builds on recent efforts in understanding shale PVT behavior and potentially eliminating need for rigorous fluid sampling using multivariate statistical methods.","In this article, the application of multivariate statistical tools in unconventional reservoir fluid characterization using publicly available PVT data and design a fluid characterization workflow was demonstrated. But, the work in this paper is limited to the Eagle Ford Shale."
"Factors that affect crude oil viscosity and techniques to reduce it: a review","https://scispace.com/paper/factors-that-affect-crude-oil-viscosity-and-techniques-to-2ul7jusum2","2017","Journal Article","Brazilian Journal of Petroleum and Gas","Izabel C.V.M. Santos
Priscila F. Oliveira
Claudia R. E. Mansur","10.5419/BJPG2017-0010","http://www.portalabpg.org.br/bjpg/index.php/bjpg/article/download/575/289","During oil extraction, the high viscosity of crude oil cause major problems, affecting negatively the oil production rate. Many studies have focused on evaluating the properties of different crude oil grades and their production techniques. The main causes of high viscosity are the presence of solids and high concentrations of heavy fractions and the formation of water-in-oil (W/O) emulsions. This paper discusses the mechanisms that seek to reduce the viscosity of oil containing high concentrations of heavy fractions, the mechanisms of formation and destabilization of emulsions, and the use of polymers in technologies to reduce viscosity, mainly by applying emulsion viscosity reducers (EVRs).","In this paper, the authors discuss the mechanisms that seek to reduce the viscosity of oil containing high concentrations of heavy fractions, the mechanisms of formation and destabilization of emulsions, and the use of polymers in technologies to reduce visco-ity, mainly by applying emulsion viscoity reducers (EVRs)."
"New Tools Target Oil Quality Sweetspots in Viscous Oil Accumulations","https://scispace.com/paper/new-tools-target-oil-quality-sweetspots-in-viscous-oil-bzusc7n3md","1997","Journal Article","Spe Reservoir Engineering","P.C. Smalley
N.S. Goodwin
J.F. Dillon
C.R. Bidinger
R.J. Drozd","10.2118/36652-PA","","Shallow oilfields frequently contain oils that not only have low API gravity and high viscosities, but are also highly variable in terms of these properties. It is thus crucial to gather sufficient oil quality data to sample a statistical cross section of the oil population. This paper describes how API gravity and dead oil viscosity can be predicted from geochemical parameters that can be measured on core or sidewall core samples, thus allowing oil samples to be accessed with greater spatial coverage than could reasonably be achieved with conventional fluid sampling. This technique is demonstrated on cored wells from the large Schrader Bluff viscous oil accumulation in Milne Point, Alaska. An oil can inherit a particular API gravity or viscosity from a variety of causes. Consequently, spatial variations in such bulk oil properties can be difficult to map empirically simply by contouring data, because more than one controlling factor may be operative. A major step forward in fluid mapping is to identify and quantify these controls, and map them. In Schrader Bluff the controls were discovered to be degree of biodegradation, and the presence of an in-mixed second charge of (light) oil. Variations in these processes can be mapped withmore » a much greater degree of certainty than the bulk oil properties, and the individual maps combined to predict gravity and viscosity. Further, conceptual models exist for these processes, opening the possibility of model-driven prediction of oil properties and sweetspots in areas away from well control.« less","In this article, the authors describe how API gravity and dead oil viscosity can be predicted from geochemical parameters that can be measured on core or sidewall core samples, thus allowing oil samples to be accessed with greater spatial coverage than could reasonably be achieved with conventional fluid sampling."
"Kriging Modeling to Predict Viscosity Index of Base Oils","https://scispace.com/paper/kriging-modeling-to-predict-viscosity-index-of-base-oils-39a0o243qd","2018","Journal Article","Energy & Fuels","J. J. Da Costa
Fabien Chainet
Benoit Celse
Marion Lacoue-Nègre
Cyril Ruckebusch
Noémie Caillol
Didier Espinat","10.1021/ACS.ENERGYFUELS.7B03266","https://scispace.com/pdf/kriging-modeling-to-predict-viscosity-index-of-base-oils-39a0o243qd.pdf","Predicting petroleum products’ properties, such as the viscosity index (VI) of base oils, is an important challenge for refiners because the production always requires more time-consuming and costly experiments. Base oils can have very different characteristics depending on which production process they have undergone. In this work, kriging is proposed to predict the VI of base oils obtained from hydrotreatment or/and hydrocracking processes using global properties (density, refractive index, distillation curve, etc.) of feedstock and/or total liquid effluent, with conversion rate of the 370+ cut. Kriging is an interpolation method that predicts the value at a given point by computing a weighted average of the observations in the neighborhood of this point. As kriging is closely related to regression analysis, the results obtained were compared with multilinear regression (MLR). Results show that kriging and MLR have very close performances for hydrotreatment data (base oil with viscosity indices ranging ...","In this paper, a kriging method was proposed to predict the viscosity index (VI) of base oils obtained from hydrotreatment or/and hydrocracking processes using global properties (density, refractive index, distillation curve, etc.) of feedstock and/or total liquid effluent, with conversion rate of the 370+ cut."
"Sensitivity Analysis, Calibration and Uncertainty Quantification for Heavy Oil Viscosity Estimates with a Corresponding States Model","https://scispace.com/paper/sensitivity-analysis-calibration-and-uncertainty-x3efq25bm2ua","","","","Diego Volpatto
Lucas V. A. Oliveira
Sofia P. Bittencourt
Danilo Silva
Edson T. M. Manoel","10.26434/chemrxiv.12853874","","The main goal of this work is to assess heavy oil viscosity estimates by a Corresponding States Principle (CSP) model using a Bayesian approach in an efficient way. To determine and select relevant parameters for model calibration, an enhanced Elementary Effects method is used to evaluate sensitivity measures of CSP tuning parameters. With the combination of sensitivity analysis and Bayesian calibration, a unified procedure to automatically tune CSP viscosity model while reducing the number of tuning parameters is devised. Moreover, the Bayesian approach provides additional information on CSP model uncertainties and credible regions inherited from experimental data. To evaluate such uncertainties in CSP viscosity model, it was used five heavy oil samples available in the literature. The viscosity curves constructed by 50th-percentile from Monte Carlo realizations for the CSP calibration show good agreement when compared with classical Least-Squares regression (deterministic), demonstrating the potential of the sensitivity assessment for both Bayesian and deterministic approaches. However, when Bayesian calibration is used, limitations of CSP viscosity estimates are detected through violation of credible regions, suggesting that heavy oil viscosity estimates for relatively low pressure conditions can be insufficiently accurate for the CSP model considered in this study.","This study employs a Bayesian approach and sensitivity analysis to calibrate a Corresponding States Principle model for heavy oil viscosity estimates, reducing tuning parameters and quantifying uncertainties, but detects limitations in low-pressure conditions."
"Estimation and Inference for Very Large Linear Mixed Effects Models","https://scispace.com/paper/estimation-and-inference-for-very-large-linear-mixed-effects-1bbgpvguox","2016","Posted Content","arXiv: Methodology","Katelyn Gao
Art B. Owen","","https://arxiv.org/pdf/1610.08088.pdf","Linear mixed models with large imbalanced crossed random effects structures pose severe computational problems for maximum likelihood estimation and for Bayesian analysis The costs can grow as fast as $N^{3/2}$ when there are N observations Such problems arise in any setting where the underlying factors satisfy a many to many relationship (instead of a nested one) and in electronic commerce applications, the N can be quite large Methods that do not account for the correlation structure can greatly underestimate uncertainty We propose a method of moments approach that takes account of the correlation structure and that can be computed at O(N) cost The method of moments is very amenable to parallel computation and it does not require parametric distributional assumptions, tuning parameters or convergence diagnostics For the regression coefficients, we give conditions for consistency and asymptotic normality as well as a consistent variance estimate For the variance components, we give conditions for consistency and we use consistent estimates of a mildly conservative variance estimate All of these computations can be done in O(N) work We illustrate the algorithm with some data from Stitch Fix where the crossed random effects correspond to clients and items","In this article, the authors propose a method of moments approach that takes account of the correlation structure and that can be computed at O(N) cost, which is very amenable to parallel computation and does not require parametric distributional assumptions."
"Direct forecasting of reservoir performance using production data without history matching","https://scispace.com/paper/direct-forecasting-of-reservoir-performance-using-production-1n9cq4g5q4","2017","Journal Article","Computational Geosciences","Addy Satija
Céline Scheidt
Lewis Li
Jef Caers","10.1007/S10596-017-9614-7","","The conventional paradigm for predicting future reservoir performance from existing production data involves the construction of reservoir models that match the historical data through iterative history matching. This is generally an expensive and difficult task and often results in models that do not accurately assess the uncertainty of the forecast. We propose an alternative re-formulation of the problem, in which the role of the reservoir model is reconsidered. Instead of using the model to match the historical production, and then forecasting, the model is used in combination with Monte Carlo sampling to establish a statistical relationship between the historical and forecast variables. The estimated relationship is then used in conjunction with the actual production data to produce a statistical forecast. This allows quantifying posterior uncertainty on the forecast variable without explicit inversion or history matching. The main rationale behind this is that the reservoir model is highly complex and even so, still remains a simplified representation of the actual subsurface. As statistical relationships can generally only be constructed in low dimensions, compression and dimension reduction of the reservoir models themselves would result in further oversimplification. Conversely, production data and forecast variables are time series data, which are simpler and much more applicable for dimension reduction techniques. We present a dimension reduction approach based on functional data analysis (FDA), and mixed principal component analysis (mixed PCA), followed by canonical correlation analysis (CCA) to maximize the linear correlation between the forecast and production variables. Using these transformed variables, it is then possible to apply linear Gaussian regression and estimate the statistical relationship between the forecast and historical variables. This relationship is used in combination with the actual observed historical data to estimate the posterior distribution of the forecast variable. Sampling from this posterior and reconstructing the corresponding forecast time series, allows assessing uncertainty on the forecast. This workflow will be demonstrated on a case based on a Libyan reservoir and compared with traditional history matching.","A dimension reduction approach based on functional data analysis (FDA), and mixed principal component analysis (mixed PCA), followed by canonical correlation analysis (CCA) to maximize the linear correlation between the forecast and production variables."
"Application of Statistical Analysis to Optimize Reservoir Performance","https://scispace.com/paper/application-of-statistical-analysis-to-optimize-reservoir-3i2w1ra3db","1996","Journal Article","Journal of Canadian Petroleum Technology","R. Forth
B. Slevinsky
D. Lee
L. Fedenczuk","10.2118/96-08-03","","In order to properly manage the depletion of a petroleum reservoir one must understand its physical characteristics and their relationship to production performance. Often the challenge is to interpret an extensive amount of available information. This paper presents an approach to this common petroleum engineering problem using statistical analysis. . Statistical analysis can provide an improved understandIng of any reservoir. Beginning with the compilation of a comprehensive database, intrinsic relationships among physical parameters and production are characterized. Mapping of statistically processed data allows field-wide interpretation and visual comparison with the geological model. Probabilities of production success can be mathematically determined and used to focus optimization efforts on areas of the reservoir with favourable characteristics. The techniques provide an unbiased appraisal of the available data that can lead to re-examination of assumptions about the underlying mechanisms governing production behaviour. Technical hypotheses can be tested for consistency by determining if expected correlations are present in the data. A recent evaluation of the performance of a heavy oil waterflood at Golden Lake, Saskatchewan, is discussed to illustrate the application of the method. Modification of well completion practices and the reservoir depletion strategy have resulted from the study, and favourable areas for infill drilling have been identified.","Statistical analysis techniques provide an unbiased appraisal of the available data that can lead to re-examination of assumptions about the underlying mechanisms governing production behaviour and provide an improved understandIng of any reservoir."
"Quantitative methods for reservoir characterization and improved recovery: application to heavy oil sands semi-annual technical report","https://scispace.com/paper/quantitative-methods-for-reservoir-characterization-and-3cwxgcxabu","2002","","","J. W. Castle
F. J. Molz
S. E. Brame
R. W. Falta","","","Improved prediction of interwell reservoir heterogeneity was needed to increase productivity and to reduce recovery cost for California's heavy oil sands, which contain approximately 2.3 billion barrels of remaining reserves in the Temblor Formation and in other formations of the San Joaquin Valley. This investigation involved application of advanced analytical property-distribution methods conditioned to continuous outcrop control for improved reservoir characterization and simulation.",""
"Mathematical Simulation of the Effect of the Change in Oil Viscosity on Water Drive Performance","https://scispace.com/paper/mathematical-simulation-of-the-effect-of-the-change-in-oil-5a6onc8cwr7f","","","","JU Bin-shan
FAN Tai-liang
WANG Xiao-dong
ZHANG Jin-chuan","10.3321/j.issn:1000-2383.2006.03.015","","The increase of crude oil viscosity can affect the production performance of oil fields when they are flooded by injection water. To study this effect, oil viscosity was analyzed statistically and its increase model was regressed. Based on the three-dimensional and three-phase black-oil model, a new mathematical model considering the change of oil viscosity caused by other factors besides formation pressure was developed. The model was discretized by the finite-difference method and solved by the LSOR (line successive over relaxation) method. A new numerical simulator written in Fortran 90 codes was developed. An oil field example of changes in oil viscosity is studied using the numerical simulator, and the changes in oil viscosity and their effects on water drive performance were studied and compared with the results given by a normal simulator. The result shows that oil recovery (water-cut arrives to 98%) decreases from 44.80% to 34.29% when the viscosity factor increases from 0 to 0.02 if the initial viscosity ratio of water to oil is 1∶10. The recovery predicted by current commercial oil reservoir simulators that neglect the increase in oil viscosity with water-cut rising is higher than true recovery.","A mathematical model simulating the effect of increasing oil viscosity on water drive performance was developed, showing that neglecting viscosity increase can lead to overestimated oil recovery, with a 10% decrease in recovery when viscosity factor increases from 0 to 0.02."
"Characteristics of remaining oil viscosity in water- and polymer-flooding reservoirs in Daqing Oilfield","https://scispace.com/paper/characteristics-of-remaining-oil-viscosity-in-water-and-4ajjwct4nm","2010","Journal Article","Science in China Series D: Earth Sciences","ZhengShun Xu
JuHe Zhang
ZiHui Feng
Wei Fang
FengLan Wang","10.1007/S11430-009-0184-Y","","The experimental analysis of 21 crude oil samples shows a good correlation between high molecular-weight hydrocarbon components (C40+) and viscosity. Forty-four remaining oil samples extracted from oil sands of oilfield development coring wells were analyzed by high-temperature gas chromatography (HTGC), for the relative abundance of C21−, C21–C40 and C40+ hydrocarbons. The relationship between viscosity of crude oil and C40+ (%) hydrocarbons abundance is used to expect the viscosity of remaining oil. The mobility characteristics of remaining oil, the properties of remaining oil, and the next displacement methods in reservoirs either water-flooded or polymer-flooded are studied with rock permeability, oil saturation of coring wells, etc. The experimental results show that the hydrocarbons composition, viscosity, and mobility of remaining oil from both polymer-flooding and water-flooding reservoirs are heterogeneous, especially the former. Relative abundance of C21− and C21–C40 hydrocarbons in polymer-flooding reservoirs is lower than that of water-flooding, but with more abundance of C40+ hydrocarbons. It is then suggested that polymer flooding must have driven more C40− hydrocarbons out of reservoir, which resulted in relatively enriched C40+, more viscous oils, and poorer mobility. Remaining oil in water-flooding reservoirs is dominated by moderate viscosity oil with some low viscosity oil, while polymer-flooding mainly contained moderate viscosity oil with some high viscosity oil. In each oilfield and reservoir, displacement methods of remaining oil, viscosity, and concentration by polymer-solution can be adjusted by current viscosity of remaining oil and mobility ratio in a favorable range. A new basis and methods are suggested for the further development and enhanced oil recovery of remaining oil.","In this article, the relative abundance of C21−, C21-C40 and C40+ hydrocarbons was analyzed by high-temperature gas chromatography (HTGC)."
"Analysis of grey correlation entropy about the chemical composition influencing viscosity of heavy crude oil","https://scispace.com/paper/analysis-of-grey-correlation-entropy-about-the-chemical-g9481aa44qiy","","","","CHENG Liang
YANG Lin
ZOU Chang-jun
LEI Ji-ming
LUO Tao-tao","10.3969/j.issn.1007-2853.2006.02.007","","Based on the MATLAB,the relationship between family components,element compositions,main functional groups and viscosity of heavy crude oil are analyzed by means of the grey correlation entropy method.Moreover,the influence of chemical composition on viscosity in investigated in detail in this paper.The results show that the influence of asphaltenes on viscosity is the most important,resins and aromatics can stabilize asphaltenes in the oil and prevent it from aggregating and precipitating;mixture atoms,transition metals,polycyclic aromatics,naphthalene rings and aliphatic chains have an effect on the aggregation between asphaltene molecules,and have the same effect between asphaltene molecule and resin molecule.The result coincides with the conclusions such as the asphaltene-resin composite colloidal system,which was put forward by Pfeiffer.It proves that the grey correlation entropy method is dependable in the research of the influence of chemical make-ups on viscosity of heavy crude oil.It could be beneficial in the processing of heavy crude oil.","This study analyzes the relationship between chemical composition and viscosity of heavy crude oil using grey correlation entropy, finding asphaltenes have the most significant influence, with resins and aromatics stabilizing asphaltenes and affecting aggregation."
"Hydrocarbon production forecasting with limited data - How to fill the gaps","https://scispace.com/paper/hydrocarbon-production-forecasting-with-limited-data-how-to-35ldt7kvog","2007","","","M. Nepveu","","","In the proces of quantifying hydrocarbon production forecast of reservoirs the pertinent questions are: • How do we parameterize reservoirs both meaningfully and efficiently ? • Which criterion should be used in determining how good a history match really is? • How do we search/characterize the parameter space of a reservoir efficiently and in an unbiased manner? • How do we perform forward modeling of the hydrocarbon recovery efficiently, yet with good accuracy?","In the proces of quantifying hydrocarbon production forecast of reservoirs, the pertinent questions are: • How do we parameterize reservoirs both meaningfully and efficiently? • Which criterion should be used in determining how good a history match really is? • Searching/characterizing the parameter space of a reservoir efficiently and in an unbiased manner as discussed by the authors."
"Joint Quantification of Uncertainty on Spatial and Non-spatial Reservoir Parameters","https://scispace.com/paper/joint-quantification-of-uncertainty-on-spatial-and-non-3gs322lixb","2008","Proceedings Article","","C. Scheidt
J.K. Caers","10.3997/2214-4609.20146413","","The experimental design methodology is widely used to quantify uncertainty in the oil and gas industry. This technique is adapted for uncertainty quantification on non-spatial parameters, such as bubble point pressure, oil viscosity, and aquifer strength. However, it is not well adapted for the case of geostatistical (spatial) uncertainty, due to the discrete nature of many input parameters as well as the potential nonlinear response with respect to those parameters. One way to handle spatial uncertainty is called the joint modeling method (JMM). This method, originally proposed in a petroleum context by Zabalza (2000), incorporates both non-spatial and spatial parameters within an experimental design framework. The method consists of the construction of two models, a mean model which accounts for the non-spatial parameters and a dispersion model which accounts for the spatial uncertainty. Classical Monte-Carlo simulation is then applied to obtain the probability density and quantiles of the response of interest (for example the cumulative oil production). Another method to quantify spatial uncertainty is the distance kernel method (DKM) proposed recently by Scheidt and Caers (2007), which defines a realization-based model of uncertainty. Based on a distance measure between realizations, the methodology uses kernel methods to select a small subset of representative realizations which have the same characteristics as the entire set. Flow simulations are then run on the subset, allowing for an efficient and accurate quantification of uncertainty. In this work, we extend the DKM to address uncertainty in both spatial and non-spatial parameters, and propose it as an alternative to the joint JMM. Both methods are applied to a synthetic test case which has spatial uncertainty on the channel representation of the facies, and non-spatial uncertainties on the channel permeability, porosity, and connate water saturation. The results show that the DKM provides a more accurate quantification of uncertainty with fewer reservoir simulations. Finally, we propose a third method which combines aspects of the DKM and the JMM. This third method again shows improvement in efficiency compared to the JMM alone.","In this paper, the authors proposed a distance kernel method (DKM) to quantify spatial uncertainty in both spatial and non-spatial parameters, and applied it to a synthetic test case which has spatial uncertainty on the channel representation of the facies, and nonspatial uncertainties on channel permeability, porosity, and connate water saturation."