"Paper Title","Paper Link","Publication Year","Publication Type","Publication Title","Author Names","DOI","PDF Link","Abstract","Relevant Excerpt"
"Bayesian Wavelet Regression for Spatial Estimation","https://scispace.com/paper/bayesian-wavelet-regression-for-spatial-estimation-59ip1orc7b","2008","Journal Article","Journal of data science","G. Avarez","10.6339/JDS.2008.06(2).416","https://scispace.com/pdf/bayesian-wavelet-regression-for-spatial-estimation-59ip1orc7b.pdf","We consider the problem of estimating the properties of an oil reservoir, like porosity and sand thickness, in an exploration scenario where only a few wells have been drilled. We use gamma ray records measured directly from the wells as well as seismic traces recorded around the wells. To model the association between the soil properties and the signals, we fit a linear regression model. Additionally we account for the spatial correla- tion structure of the observations using a correlation function that depends on the distance between two points. We transform the predictor variable using discrete wavelets and then perform a Bayesian variable selection us- ing a Metropolis search. We obtain predictions of the properties over the whole reservoir providing a probabilistic quantification of their uncertainties, thanks to the Bayesian nature of our method. The cross-validated results show that a very high accuracy can be achieved even with a very small number of wavelet coefficients.","igneous origin typically have higher levels of radiation. It is these differences that make the γ-ray log very useful in determining lithologies and in the evaluation of the shale volume, porosity and other rock properties in zones of interest, see for example and . The Model:
 Additionally, data from a grid of seismic traces covering an area of 100 Km 2 around the wells is also available. The reservoir is a three dimensional domain. The Model:
 In our analysis we consider a fixed depth that is of petrophysical interest. It consist of a window of 150 feet, equivalent to about 32 seconds for the seismic traces. For such stratum we have available the average values of porosity and clay volume at the sites of the oil wells. In other words, the response variables in our problem consist of the set of two reservoir properties observed at 14 different locations. These locations are irregularly scattered over the whole area of the reservoir. Figure  shows the location of the 14 wells. The Model:
 The explanatory variables consist of well logs and seismic traces. These are series of, respectively, 512 and 128 readings. The Data were provided by Intevep, the research branch of PDVSA, the Venezuelan state-own oil company. In order to relate the reservoir properties to the well logs or the traces, we consider the regression model The Model:
 where y ∈ R n is the vector of properties at the locations of the wells. In our case n = 14. α ∈ R is an intercept, 1 is an n-dimensional vector of ones. X ∈ R n×p is the matrix of the signals, either well logs or seismic traces and p = 512 or 128. b ∈ R p is a vector of coefficients and ε ∈ R n is the error term. Notice that the model in (2.1) has a larger number of regression coefficients than data. Thus direct estimation of the b using traditional regression methods is unfeasible. We either have to impose some restrictions or consider prior information. Motivated by the work of  we consider a wavelet transformation of the signals. The idea of such a transformation is that a reduced number of wavelet coefficients should be able to capture the information in the signals needed to predict the value of the reservoir property at a given location. A discrete wavelet transformation is given by an orthogonal matrix (see for example Vidakovic 1999, chapter 4), say W ∈ R p×p , such that W W = I, where I denotes the identity matrix. We then have that The Model:
 where Z = XW is the matrix of wavelet coefficients corresponding the series in X and β = W b the new regression vector. The Model:
 Since we expected that locations in the reservoir that are close to each other will have similar properties, ε should have a non-diagonal correlation structure. We model such spatial correlation by assuming that the error term ε corresponds to an isotropic random field with an exponentially decaying correlation function. Thus The Model:
 where s k denotes the location of the kth site. The proposed correlation can easily be substituted for any other parametric family of correlations offering wider flexibility, like the Mat n class, as described for example in ."
"Radio Frequency Identification: A New Opportunity for Data Science","https://scispace.com/paper/radio-frequency-identification-a-new-opportunity-for-data-1bwh47mtgc","2008","Journal Article","Journal of data science","Vijay Wadhwa
Dennis K.J. Lin","10.6339/JDS.2008.06(3).506","https://scispace.com/pdf/radio-frequency-identification-a-new-opportunity-for-data-1bwh47mtgc.pdf","Radio Frequency Identification (RFID) has taken center stage at retail and consumer products forum. RFID is not a new technology; it has been in use for many years. In this paper, we first review RFID technology and the components that form the backbone of the RFID system. Next, we demonstrate the usefulness of RFID in supply chain and present some data mining challenges in RFID. Finally a real-life case study is used to illustrate how organizations are using RFID data.","igneous origin typically have higher levels of radiation. It is these differences that make the γ-ray log very useful in determining lithologies and in the evaluation of the shale volume, porosity and other rock properties in zones of interest, see for example and . The Model:
 Additionally, data from a grid of seismic traces covering an area of 100 Km 2 around the wells is also available. The reservoir is a three dimensional domain. The Model:
 In our analysis we consider a fixed depth that is of petrophysical interest. It consist of a window of 150 feet, equivalent to about 32 seconds for the seismic traces. For such stratum we have available the average values of porosity and clay volume at the sites of the oil wells. In other words, the response variables in our problem consist of the set of two reservoir properties observed at 14 different locations. These locations are irregularly scattered over the whole area of the reservoir. Figure  shows the location of the 14 wells. The Model:
 The explanatory variables consist of well logs and seismic traces. These are series of, respectively, 512 and 128 readings. The Data were provided by Intevep, the research branch of PDVSA, the Venezuelan state-own oil company. In order to relate the reservoir properties to the well logs or the traces, we consider the regression model The Model:
 where y ∈ R n is the vector of properties at the locations of the wells. In our case n = 14. α ∈ R is an intercept, 1 is an n-dimensional vector of ones. X ∈ R n×p is the matrix of the signals, either well logs or seismic traces and p = 512 or 128. b ∈ R p is a vector of coefficients and ε ∈ R n is the error term. Notice that the model in (2.1) has a larger number of regression coefficients than data. Thus direct estimation of the b using traditional regression methods is unfeasible. We either have to impose some restrictions or consider prior information. Motivated by the work of  we consider a wavelet transformation of the signals. The idea of such a transformation is that a reduced number of wavelet coefficients should be able to capture the information in the signals needed to predict the value of the reservoir property at a given location. A discrete wavelet transformation is given by an orthogonal matrix (see for example Vidakovic 1999, chapter 4), say W ∈ R p×p , such that W W = I, where I denotes the identity matrix. We then have that The Model:
 where Z = XW is the matrix of wavelet coefficients corresponding the series in X and β = W b the new regression vector. The Model:
 Since we expected that locations in the reservoir that are close to each other will have similar properties, ε should have a non-diagonal correlation structure. We model such spatial correlation by assuming that the error term ε corresponds to an isotropic random field with an exponentially decaying correlation function. Thus The Model:
 where s k denotes the location of the kth site. The proposed correlation can easily be substituted for any other parametric family of correlations offering wider flexibility, like the Mat n class, as described for example in ."
"Estimation of multiple correlated effects on a disease outcome when the data are nested: a hierarchical Bayesian approach","https://scispace.com/paper/estimation-of-multiple-correlated-effects-on-a-disease-2hap4c3wh4","2010","","","Giulia Roli","","https://scispace.com/pdf/estimation-of-multiple-correlated-effects-on-a-disease-2hap4c3wh4.pdf","The paper deals with the analysis of multiple exposures on the occurrence of a disease. We consider observational case-control data in a multilevel setting, with subjects nested in clusters. A hierarchical Bayesian model is proposed to tackle the within-cluster dependence and the correlation among the exposures, simultaneously. To do that, we assign prior distributions on the crucial parameters by exploiting additional information at different levels, as well as reasonable assumptions and previous knowledge. The model is applied to a multi-centric study aiming to investigate the association of dietary exposures with the colon-rectum cancer. Compared with results obtained with conventional regressions, our hierarchical Bayesian
model yields great gains in terms of more consistent and less biased estimates.","Title: Estimation of multiple correlated effects on a disease outcome when the data are nested: a hierarchical Bayesian approach Authors: Giulia Roli Keywords: Bayesian analysis, case-control study, disease outcome, hierarchical regression, multiple exposures, prior assignment"
"Toward the integration of uncertainty and probabilities in spatial multi-criteria risk analysis: An application to tanker oil spills","https://scispace.com/paper/toward-the-integration-of-uncertainty-and-probabilities-in-250tv65o6p","2018","Book Chapter","","M. Spada
Valentina Ferretti","10.1201/9781351174664-210","https://scispace.com/pdf/toward-the-integration-of-uncertainty-and-probabilities-in-250tv65o6p.pdf","Quantitative risk assessment supports decision-making processes in an increasing variety of contexts. Within the domain of environmental decision-making, the spatial distribution of impacts, vulnerabilities and consequences associated to different risk-mitigation alternatives calls for a different framework, i.e. spatial multi-criteria risk analysis. In this paper, we propose the combined use of a hierarchical Bayesian modelling approach and Geographic Information Systems to integrate uncertainty and model probabilities into an overall risk map. The research aims at testing the operability of the integration between Bayesian modelling and spatial analysis in the context of spatial risk processes for resource allocation. To this end, we applied the model on a case study dealing with tanker oil spill risk in the Mediterranean Sea. The innovative contribution of the study stems from both the context of application point of view and the use of Bayesian modelling to calculate not only probabilities but an overall spatial risk measure.","(ϕ). The distribution of this hyperparameter (p(ϕ)) is a hyperprior distribution. Therefore, when estimating the posterior for the parameter (θ), information from the hyperprior is used in addition to the information from the prior and likelihood. METHOD:
 Finally, to overcome the spatial heterogeneity in the distribution and density of the data and the potential spatial correlation among locations, in the spatial Bayesian hierarchical model they are included as prior knowledge about the parameter (θ). This is possible, since they are commonly seen as ""unexplained variance"" in a model (e.g. . Based on this premise, by considering a set of i locations, the parameter for each location of interest (θ i ) is transformed into a log scale (making relationships additive rather than multiplicative) and is set equal to an intercept term (a i ) and two random effects, one non-spatial, i.e. the spatially unstructured latent covariates, (ρ i ) and the other spatial (λ i ), i.e. spatially correlated latent covariates in the model (e.g. : METHOD:
 The spatially structured component is described as a conditional autoregressive (CAR) Gaussian process (λ ∼ CAR.normal(W, τ λ )) where the conditional distribution of each λ i , given all the other λ i 's, is normal with µ = the average λ of its neighbors and a precision (τ λ ) proportional to the number of neighbors. W represents the matrix of neighbors that defines the neighborhood structure. The nonspatial component of the model (ρ i ) is defined as normally distributed with µ = 0 and precision (τ ρ ). The model is completed by assigning additional (hyperprior) distributions to the precision terms τ λ and τ ρ (e.g. . More details about each step are going to be discussed in the case study section. CASE STUDY:
 The proposed methodology has been applied to tanker oil spills due to the strong spatial nature of the phenomenon (e.g. . CASE STUDY:
 Crude oil and its refined products are a driving factor of many economic activities. Furthermore, the oil demand is expected to increase worldwide in the coming decades and it will continue to have the highest share in the global primary energy mix (e.g. International Energy Agency (IEA), 2015). However, oil spills are one of the major causes of ocean pollution, producing ecological disasters of wide public concern. Furthermore, linked to the damage caused to the environment are the high costs to fisheries, related industries, and tourism in the affected areas. This is especially true along the major oil tanker transport routes (e.g. . CASE STUDY:
 In this study, only accidental spills from tankers were taken into account, whereas spills from acts of war and operational spillages allowed by international or national regulations, such as the International Convention for the Prevention of Pollution (MARPOL) were excluded (e.g. ."
"Hierarchical statistical modeling of big spatial datasets using the exponential family of distributions","https://scispace.com/paper/hierarchical-statistical-modeling-of-big-spatial-datasets-1nvmvygujj","2013","Journal Article","spatial statistics","Aritra Sengupta
Noel A Cressie
Noel A Cressie","10.1016/J.SPASTA.2013.02.002","https://ro.uow.edu.au/cgi/viewcontent.cgi?article=1111&context=cssmwp","Big spatial datasets are very common in scientific problems, such as those involving remote sensing of the earth by satellites, climate-model output, small-area samples from national surveys, and so forth. In this article, our interest lies primarily in very large, non-Gaussian datasets. We consider a hierarchical statistical model consisting of a conditional exponential-family model for the data and an underlying (hidden) geostatistical process for some transformation of the (conditional) mean of the data model. Within this hierarchical model, dimension reduction is achieved by modeling the geostatistical process as a linear combination of a fixed number of spatial basis functions, which results in substantial computational speed-ups. These models do not rely on specifying a spatial-weights matrix, and no assumptions of homogeneity, stationarity, or isotropy are made. Our approach to inference using these models is empirical-Bayesian in nature. We develop maximum likelihood (ML) estimates of the unknown parameters using Laplace approximations in an expectation–maximization (EM) algorithm. We illustrate the performance of the resulting empirical hierarchical model using a simulation study. We also apply our methodology to analyze a remote sensing dataset of aerosol optical depth.","Now consider spatial data Z(s 1 ), . . . , Z(s n ) from a GLM such that {[Z(s i )|Y (•)] : i = 1, . . . , n} are mutually independent, and Introduction:
 where g(•) is the link function. The hierarchical modeling framework defined above yields a spatial version of the GLM framework; it was proposed by , who assumed a Gaussian model for Y (•) and a prior distribution on its parameters. See also  for an exposition of the same framework for solving complex problems in petroleum geostatistics.  introduced a Bayesian-linear-model framework, where conditional and prior distributions come from a multivariate Gaussian distribution. In the spatial context,  defined Bayesian kriging for the linear model; for further extensions, see .  showed how a spatial model for counts in small areas could be decomposed hierarchically, where the hidden process Y (•) was used to model the spatial dependence. They assumed that the counts were (conditionally) Poisson distributed, and that the log means were a Gaussian spatial process, specifically a Gaussian Markov Random Field (MRF) known as the conditional autoregressive (CAR) model. However, a simultaneous autoregressive (SAR) model, or a geostatistical model could also be used. Indeed  employed spatial generalized linear mixed models (GLMMs) for spatially dependent non-Gaussian variables observed potentially anywhere in D, and they assumed a hidden geostatistical processes Y (•) with both fixed effects and random effects. Their hierarchical model was fully Bayesian and required a Markov chain Monte Carlo (MCMC) algorithm to obtain the posterior distribution. In a spatiotemporal context,  developed a fully Bayesian hierarchical-model formulation for modeling a dataset of monthly maximum temperatures. Introduction:
 In contrast,  developed a method for binary data where they used a composite-likelihood (e.g.,  approach to estimate the spatial hierarchical model parameters.  gave a Monte Carlo version of the EM Gradient Algorithm to analyze non-Gaussian data, and  developed a method called Poisson kriging for mapping the relative abundance of species. Introduction:
 Despite the popularity of the spatial models discussed above, these models might suffer from two major drawbacks: (1) there might be spatial confounding, and (2) there is often a computational bottleneck when the size of the dataset is large. Spatial confounding between the fixed and the random effects was pointed out in articles by , , Introduction:
 and .  and  proposed a modeling approach that gets around the problem of spatial confounding by introducing random effects that are orthogonal to the column space of the matrix of covariates. We shall discuss this in more detail in Section 2.2. Introduction:
 The computational bottleneck arises due to the general computational cost of O(n 3 ) to obtain the inverse of an n × n covariance matrix. It is often referred to as a ""big n"" problem. Many geophysical and environmental datasets are high-dimensional. When the data are Gaussian, reducedrank-modeling approaches for the hidden Gaussian process Y (•) have been developed to deal with this computational challenge (e.g., . When the data are non-Gaussian, Lopes et al."
"A conceptual sedimentological-geostatistical model of aquifer heterogeneity based on outcrop studies","https://scispace.com/paper/a-conceptual-sedimentological-geostatistical-model-of-1ok8d2sn8j","1994","Report","","J.M. Davis","10.2172/656642","https://scispace.com/pdf/a-conceptual-sedimentological-geostatistical-model-of-1ok8d2sn8j.pdf","Three outcrop studies were conducted in deposits of different depositional environments. At each site, permeability measurements were obtained with an air-minipermeameter developed as part of this study. In addition, the geological units were mapped with either surveying, photographs, or both. Geostatistical analysis of the permeability data was performed to estimate the characteristics of the probability distribution function and the spatial correlation structure. The information obtained from the geological mapping was then compared with the results of the geostatistical analysis for any relationships that may exist. The main field site was located in the Albuquerque Basin of central New Mexico at an outcrop of the Pliocene-Pleistocene Sierra Ladrones Formation. The second study was conducted on the walls of waste pits in alluvial fan deposits at the Nevada Test Site. The third study was conducted on an outcrop of an eolian deposit (miocene) south of Socorro, New Mexico. The results of the three studies were then used to construct a conceptual model relating depositional environment to geostatistical models of heterogeneity. The model presented is largely qualitative but provides a basis for further hypothesis formulation and testing.","accounted for in the current conceptual framework. However, if the spatial distribution of the diagenesis and the effects of the specific diagenetic alteration on permeability were better understood, they could be superimposed to arrive at a nested model. GENERALIZED CONCEPTUAL MODEL:
 Incorporating the results of this study into the selection of the most appropriate random field model is still somewhat subjective. However this model provides a physicaUy-based framework on which to ground the continued debate of the most appropriate random field model for the characterization of geological heterogeneity. In the future quantitative methods of discriminating between random field models based on field data would enable some degree a validation of the proposed model. The measure of spatial entropy ) may be of some assistance. To date, the estimation has been performed only on exhaustive data sets of simulated fields and only subtle (15%) differences in entropy were reported. AppUcation to sparse data sets with measurement error is expected to be of limited use. Quantitative estimates of correlation statistics:
 In addition to developing a framework for the selection of the most appropriate random field model of heterogeneity, the results of the studies indicate that some aspects of the correlation structure can be estimated from geological information. One approach is the method of assigning mean permeabiUties to a map of the spatial distribution of lithofacies to estimate the variogram. This approach appears to provide a reasonable estimate of the overall shape and range of the correlation structure. Another method for estimating the correlation length from geological information is the threshold crossing approach. This approach appears to work reasonably weU, however it is difficult to define regions of excursion above or below a threshold and maintain confidence in the underlying assumption of a continuously varying and smooth process. Quantitative estimates of correlation statistics:
 While both of these approaches may prove useful in the estimation of correlation parameters, they do not have a physical geological basis. As such, they do not provide a geological foundation on which to investigate the presence or absence of a fundamental relationship between depositional processes and statistical models of heterogeneity. Clearly, such a relationship must be investigated within a geological framework that physicaUy relates depositional processes and products and aUows for quantitative analysis of geostatistical characteristics. Quantitative estimates of correlation statistics:
 The results of the facies-scale (Chapter 5) and architectural-element-scale studies (Chapter 6) of heterogeneity indicate that the hierarchical bounding surface framework may provide such a foundation for investigating the basic quantitative relationship between the depositional processes and the characteristics of the spatial correlation structure. For the vertical variograms, the ranges appear to coincide with the average dimensions of regions bounded by first and second order surfaces. For the lower variability deposits, the variogram exhibited exponential behavior, and for deposits exhibiting more variability (ESI), the variogram exhibited a nested Unear behavior with the second-order bounding surfaces contributing the majority of the overaU variability. The paleosols did not contain internal bounding surfaces and exhibited a smoothly varying permeability as indicated by the ""beU-shaped"" correlation structure. At the larger scale, the correlation structure of the architectural-element mean permeabUity coincided with the directions of the large-scale depositional processes."
"Hierarchical linear modelling of risk assessment of petroleum installations","https://scispace.com/paper/hierarchical-linear-modelling-of-risk-assessment-of-3cnbegl1cl","2017","Journal Article","","Syed Tirmizi","10.18280/MMEP.040401","https://scispace.com/pdf/hierarchical-linear-modelling-of-risk-assessment-of-3cnbegl1cl.pdf","","develop a risk model for exhibiting the hazards associated with the petroleum installations. It is envisaged that this research would contribute towards providing a substantial model for risk management by quantifying the risks inherent in the operations of petroleum installations and delivering better understanding of it. METHODOLOGY:
 Data was obtained from project titled ""Accident statistics for offshore floating units on the UK Continental Shelf (UKCS)"" . This project was carried out with the sole purpose of aggregation of data for the later use in risk assessment projects. The data obtained, revealed the accident frequencies for the accidents and incidents which had occurred on the fixed units engaged in oil exploration and production on the UKCS in the period 1990-1999. In the present research, only four petroleum installations were considered as adequate information was available about them which was sufficient for the evaluation process. The classification of units is mentioned below: The classification of events has been done as per WOAD concept which shows that one accident may be linked to a series of consecutive events e.g. explosion, fire and oil spill can occur as a result of blowout. This means that one single event may give rise to several occurrences. Thus, a sense of hierarchy has been established and the multilevel modelling is evaluated to further derive results from the data. The total number of occurrences will thus be higher than the total no. of accidents. In table 2, this concept is presented as number of occurrences per unit year. In the following table, each variable is assigned its particular variable id for the sake of convenience when dealing with the equations. The factors at each hierarchical level that affects the Accidents is mentioned in the table below: The level-1 data is illustrated in figure  by means of the stacked area graph which demonstrates the number of accidents for each installation per year, with production installation having high level of accidents. The complexity of level 2 data with respect to its numerous parameters have made it difficult to illustrate the data in graphical manner but figure  provides apparent assumption to visualize the level-2 data as it depends directly on the number of accidents occurred in level-1 data. Figure 1. Level-1 data of no. of accidents per year:
 Hierarchical linear models use nested regression equations to investigate associations between variables at different levels. This accounts for how observations can be related in groups within a hierarchy.  In multilevel modelling, four models were evaluated from the data which includes unconditional model, random intercept model, mean outcome model and slope & intercept model. The results obtained from these models were compared with each other. In the initial phase of research, the data was categorized in four installations as obtained, namely, drilling, production, compression and wellhead. The multilevel modelling was then performed on each of the four installations individually. Variance component model, also called random intercept model, can be fitted as the simplest multilevel model. This model serves as an extension of linear model where the effects of accident frequencies has on the accidents occurred per year are treated as random variables. We can write it as Figure 1. Level-1 data of no. of accidents per year:
 Eq(1) is modified in which the fixed part of the model is referred to the combined effect of first three terms while 𝜇 𝑗 and 𝑒 𝑖𝑗 are referred to as random part of the model. This modified version of the Eq(1) is written as:"
"Transport by Incompressible random velocity fields: Simula- tions & Mathematical Conjectures","https://scispace.com/paper/transport-by-incompressible-random-velocity-fields-simula-tnh5ccedey","1999","Book Chapter","","Rene Carmona
Frederic Cerou","10.1090/SURV/064/04","https://scispace.com/pdf/transport-by-incompressible-random-velocity-fields-simula-tnh5ccedey.pdf","","dissolved solute, which includes many environmental problems, and for oil reservoir simulation, which includes the study of tracers, used as a diagnostic to aid in determining flow patterns. This case captures one essential difficulty of the general problem while ignoring others. Linear Transport and Dispersion for Flow in Porous Media.:
 For miscible fluids, the flow of each phase is proportional to its relative volume, (4.1) &r,w(s) = s , Ar r>0 (s) = l-s , so that with equal fluid viscosities, the relative permeabilities drop out of Darcy's law 1.7 and Darcy's law decouples from the Buckley-Leverett equation 1.8. Moreover, the velocity v in 1.8 is the total velocity of the two phases, and the flux function /in 1.8 is the ratio of these two velocities, which now becomes since the viscosities of the two phases are assumed to be equal, and drop out of the ratio. Thus the problem simplifies to the linear transport equation ds (4.3) _ + i jr.Vs = 0, with v given as an external velocity field, coming from Darcy's law and depending only on the geology. With these assumptions, the fluid flow is elementary, and we can concentrate on difficulties introduced by the geology. The available information concerning the geology is normally very limited, but what is available is extremely important. Information comes from diverse sources, such as seismic images, laboratory examination of samples of rock removed in the drilling process, local measurements made at the well bore, pressure transient tests made at a single well, and the use of production data in an inverse problem (history matching). Current thinking in the petroleum reservoir modeling community is to construct a probability model, based on general geological principles and data, specialized to the rock types under study, and then conditioned by the problem specific data. See  as background references. A commonly used model is a combination of Ising type variables, or indicator functions, to describe the discrete change between distinct rock types, such as sandstone, shale, carbonate etc., and a log-normal distribution for the variation within a single depositional type. Both of these distributions can be described as random fields. The spatial correlation structure of these fields is very important. In the log-normal case, the covariance of the log permeability, In K, will determine the statistics of K completely. Exponentials, power laws (fractals) and stationary increment power laws are sometimes used as simple models, in the absence of better data. We now turn to the solution of the linear transport equation with an external velocity field v defined by given statistics . This identical problem arises in a number of other contexts; see §4.3. The main influence of the random variations in the velocity is to introduce dispersion into the flow. With the velocity given as a random field, the flow is stochastic, and the ensemble averaged equations acquire a diffusion term. It is exactly this process, at the level of atomic interactions, which gives rise to diffusion as a continuum concept. But here we are concerned with geology and velocity variation correlations on all length scales, especially those with correlation lengths extending from a meter to a kilometer. Examination of field data shows that the dispersion coefficient resulting from velocity dispersion is not a constant, but grows systematically, and by several orders of magnitude, as the travel distance increases . For this reason, the dispersion process is called anomalous."
"Localized hotspots drive continental geography of abnormal amphibians on U.S. wildlife refuges.","https://scispace.com/paper/localized-hotspots-drive-continental-geography-of-abnormal-2ddrbdcpp5","2013","Journal Article","PLOS ONE","Mari K. Reeves
Kimberly A. Medley
Alfred E. Pinkney
Marcel Holyoak
Pieter T. J. Johnson
Michael J. Lannoo","10.1371/JOURNAL.PONE.0077467","https://scispace.com/pdf/localized-hotspots-drive-continental-geography-of-abnormal-2ddrbdcpp5.pdf","Amphibians with missing, misshapen, and extra limbs have garnered public and scientific attention for two decades, yet the extent of the phenomenon remains poorly understood. Despite progress in identifying the causes of abnormalities in some regions, a lack of knowledge about their broader spatial distribution and temporal dynamics has hindered efforts to understand their implications for amphibian population declines and environmental quality. To address this data gap, we conducted a nationwide, 10-year assessment of 62,947 amphibians on U.S. National Wildlife Refuges. Analysis of a core dataset of 48,081 individuals revealed that consistent with expected background frequencies, an average of 2% were abnormal, but abnormalities exhibited marked spatial variation with a maximum prevalence of 40%. Variance partitioning analysis demonstrated that factors associated with space (rather than species or year sampled) captured 97% of the variation in abnormalities, and the amount of partitioned variance decreased with increasing spatial scale (from site to refuge to region). Consistent with this, abnormalities occurred in local to regional hotspots, clustering at scales of tens to hundreds of kilometers. We detected such hotspot clusters of high-abnormality sites in the Mississippi River Valley, California, and Alaska. Abnormality frequency was more variable within than outside of hotspot clusters. This is consistent with dynamic phenomena such as disturbance or natural enemies (pathogens or predators), whereas similarity of abnormality frequencies at scales of tens to hundreds of kilometers suggests involvement of factors that are spatially consistent at a regional scale. Our characterization of the spatial and temporal variation inherent in continent-wide amphibian abnormalities demonstrates the disproportionate contribution of local factors in predicting hotspots, and the episodic nature of their occurrence.","of the data used in this paper, in addition to other data collected by the program, our field forms, and our SOPs have been posted to Data Dryad (http://doi.org/10.5061/ dryad.dc25r). Accounting for spatial and temporal autocorrelation in spatial and hierarchical models:
 We specified the most simple random effects structure possible to deal with spatial and temporal autocorrelation in the spatially implicit and explicit models . We compared various combinations of the following factors as nested and non-nested random effects in models with no fixed effects: USFWS Region, Refuge, Site, Year, and Species (Table ). The best model (judged by Akaike's Information Criterion (AIC)) included site, year, and species as a single, concatenated random effect (""site.year.species""). Nevertheless, the difference in AIC between this more complex model and a simpler model with a site and year concatenated variable (""site.year"") was only five points (Table ), showing the more complex model to be only a slightly better relative fit than the simpler one. On this basis and the overall lack of sites with adequate sampling of multiple, concurrent amphibian species, we elected to use the simpler model. We used this ""site.year"" random effect to account for correlation among collections introduced by our field sampling process in all hierarchical models and some spatial models (see methods for the individual models for details)."
"Improvement of CO sub 2 flood performance","https://scispace.com/paper/improvement-of-co-sub-2-flood-performance-2qffajnxak","1991","Report","","D.F. Martin
J.P. Heller","10.2172/5789988","https://scispace.com/pdf/improvement-of-co-sub-2-flood-performance-2qffajnxak.pdf","This research program is designed to improve oil recovery through carbon dioxide (CO{sub 2}) flooding. The program is composed of two main areas: Displacements of Pure and Impure CO{sub 2}, and CO{sub 2} Mobility Control and Flow Heterogeneities. In Task Area I, work continued on assembling a comprehensive viscosity/density/composition database on CO{sub 2}/crude oil, CO{sub 2}synthetic oil, and lean gas/crude oil systems. A new procedure for estimating CO{sub 2}/crude oil viscosities applicable to both single-phase and equilibrium vapor- and liquid-phase mixtures from a single, internally consistent equation was developed using the database. A series of coreflood displacements concerning the effect of solution gas and free gas on the development of miscibility, using synthetic as well as crude oils, have been completed. Preliminary results from experiments using the new foam/coreflood apparatus to investigate flow through fractured rock systems are presented. Results were matched with the newly developed foam simulator. Foam mechanistic studies using glass micromodels at reservoir conditions have been conducted to compare the performances of SAG and WAG displacements as well as pregenerated vs. in-situ generated foams. Task II consists of research concerned with the reduced efficiency of floods caused by nonuniformity of flow in reservoirs. Research includes three separatemore » areas: the mathematical description of rock heterogeneity, using the relatively new field of geostatistics, with special emphasis on the correlation of geostatistical parameters with calculated sweep efficiency; the history of tracer production from a well, as calculated from simulated displacements in synthetic random fields; and the measurement of small-scale heterogeneities in laboratory samples of reservoir rock, with an evaluation of their effect on flood results and scaling to the field. 149 refs., 121 figs., 24 tabs.« less","able to model many of the processes associated with channel blockage by foam and diversion of flow into the bypassed oil matrix. Con¢lusion_: b. The predictions for pressure drop and liquid production by the simulator agree well with the experimental results. Con¢lusion_:
 c. The free parameters used in modeling foam generation and coalescence affect the pressure drop across the system more significantly than the liquid production. Con¢lusion_:
 d. The gas relative permeability endpoint affects the pressure drop across the system more significantly than does the water relative permeability endpoint. However, the water relative permeability curvature affects the pressure drop across the system more significantly than does the gas relative permeability curvature. Con¢lusion_:
 e. The effect of relative permeability on the liquid production history is not significant. Future Work:
 a. The correlations will be modified regularly to incorporate results that are observed in the micromodel and core mechanistic studies. A. HETEROGENEITY OF RESERVOIR ROCK:
 This Sectionof TaskII presentsthe research of three doctoralcandidatesin PetroleumEngineering, all of whom are in the final stages of writingtheir theses. _Iheyhave been investigatingdifferentaspects of the subjectnow widely known as reservoir characterization. Because our interesthas been particularly in the effects of rocknonuniformitieson miscible displacement,we have focussed especially on those rock parametersthat primarily affect single-phase flow and displacement--porosityand, usually to the largest extent, permeability. As an introductionto their work, the following additionalbackground is offered. A. HETEROGENEITY OF RESERVOIR ROCK:
 In the historical section of this report, we discussed the earlier work of Naser Heravi1. on computing the displacement from five-spot patterns in reservoirs in which the permeability varied rand_y from place to place. He initiatedthe_useof a calculationmethod to determinethe effect of the two majorgeostatisticalparameterson unit viscosity ratioon miscible displacements. His work indicated that the value of these parameters do indeed seem to determinethe broad features of the displacement process. Whereas the particular numerical realization of a spatialpermeability distributiondetermines the details of successive positions of the miscible front, the natural integrals of those fronts, which are obtainedautomaticallyat the productionweil, aremore indicativeof the overall geostatistical parameters of the permeability distribution. A. HETEROGENEITY OF RESERVOIR ROCK:
 Thatsection of this report also describesthe more-recentresearchof ElhassanAbdalla. He followed similar _ines to pursue this question further--to what extent are the geostatistical parameters sufficient to define the miscible displacement efficiency? His results, described at greater length above and in his masters thesis,2 are that, if the correlation length is sufficiently short in comparison with the well-to-well spacing, the specification of the correlation length and the limiting variance are indeed sufficient to define the displacement efficiency and recovery curve, within a precision fixed by the parameters themselves."
"Exploration risk evaluation using object-based modeling, an example from the Tertiary fractured play, western Qaidam Basin of China","https://scispace.com/paper/exploration-risk-evaluation-using-object-based-modeling-an-4dyr6xzmn2","2008","Journal Article","Petroleum Science","Zhuoheng Chen
Suyun Hu
Zhijun Jin
Xiongqi Pang
Zhenxue Jiang
Osadetz G. Kirk","10.1007/S12182-008-0031-3","https://link.springer.com/content/pdf/10.1007%2Fs12182-008-0031-3.pdf","","petroleum accumulations, which reflects our understanding of the spatial occurrences of petroleum accumulations and is consistent with available information. It provides useful information for strategic decision-making or exploration drilling planning, and sets a consistent basis for prospect ranking in any region of interest. Conclusions:
 Compared with pure statistical models , the results of risk evaluation by this object-based model are better constrained by our general understanding of petroleum geology. The simulated spatial pattern of petroleum occurrences is, in general, more consistent with the geological favorability map. The dependency on the geological favorability map indicates that the reliability of the output is sensitive to the quality of the input favorability map. This could be a drawback, if the quality of geological favorability is not reliable. Fig.  A probability map of hydrocarbon occurrence derived from the object-based modeling for the fractured play. The geological risk is defi ned as the chance of petroleum occurrence and as function of space. The higher the probability value of petroleum occurrence is, the lower the geological risk implies. This map provides a consistent basis for prospect ranking and can be used to risk the volumetric calculation in prospect evaluation Fig.  A geological favorability map of hydrocarbon occurrence derived from a fuzzy method by integrating all essential geological elements for hydrocarbon accumulation in a petroleum system. This map is used as a spatial density function for allocating the undiscovered pools in the objectbased modeling (Hypothesis A)"
"Petrophysical analysis of “explorer” wells using well log and core data(a case study of “explorer” field, offshore Niger Delta, Nigeria)","https://scispace.com/paper/petrophysical-analysis-of-explorer-wells-using-well-log-and-3tl4yn67u6","2020","Journal Article","","Abe J. Sunday
Lurogho S. Ayoleyi","10.14419/IJAG.V8I2.31114","https://scispace.com/pdf/petrophysical-analysis-of-explorer-wells-using-well-log-and-3tl4yn67u6.pdf","Reservoir characterization involves computing various petrophysical parameters and defining them in terms of their quantity and quality so as to ascertain the yield of the reservoir. Petrophysical well log and core data were integrated to analyze the reservoir characteristics of Explorer field, Offshore, Niger Delta using three wells. The study entails determination of the lithology, shale volume (Vsh), porosity (Φ), permeability (K), fluid saturation and cross plotting of petrophysical and core values at specific intervals to know their level of correlation. The analysis identified twelve hydrocarbon-bearing reservoir from three different wells. Average permeability value of the reservoir is 20, 0140md while porosity value range between 18% to 39%. Fluid type defined in the reservoirs on the basis of neutron/density log signature were basically water, oil and gas, low water saturation values ranging from 2.9% to 46% in Explorer wells indicate high hydrocarbon saturation. The Pearson Correlation Coefficient and Regression Equation gave a significant relationship between petrophysical derived data and core data. Scatter plot of petrophysical gamma ray values versus core gamma ray values gave an approximate linear relationship with correlation coefficient values of 0.6642, 0.9831 and 0.3261. Crossplot of petrophysical density values and core density values revealed that there is a strong linear relationship between the two data set with correlation coefficient values of 0.7581, 0.9872 and 0.3557, and the regression equation confirmed the relationship between the two data set. Also the scatter plot of petrophysical porosity density values versus core porosity density values revealed a strong linear relationship between the two data set with correlation coefficient values of 0.7608 and 0.9849, the regression equation confirmed this also. Crossplot of petrophysical porosity density values versus core porosity density values in Well 3 gave a very weak correlation coefficient values of 0.3261 and 0.3557 with a negative slope. The petrophysical properties of the reservoirs in Explorer Well showed that they contain hydrocarbon in commercial quantity and the cross plot of the petrophysical and core values showed direct relationship in most of the wells.","Title: International Journal of Advanced Geosciences Authors: J Sunday,Lurogho,S Ayoleyi Keywords: Petrophysics, Correlation, Regression, Niger Delta, Reservoirs, Characterization, Hydrocarbon and Saturation"
"Reservoir characterization of Pennsylvanian Sandstone Reservoirs. Annual report","https://scispace.com/paper/reservoir-characterization-of-pennsylvanian-sandstone-18n48uuagz","1992","Report","","M. Kelkar","10.2172/34258","https://scispace.com/pdf/reservoir-characterization-of-pennsylvanian-sandstone-18n48uuagz.pdf","This annual report describes the progress during the second year of a project on Reservoir Characterization of Pennsylvanian Sandstone Reservoirs. The report is divided into three sections: (i) reservoir description and scale-up procedures; (ii) outcrop investigation; (iii) in-fill drilling potential. The first section describes the methods by which a reservoir can be characterized, can be described in three dimensions, and can be scaled up with respect to its properties, appropriate for simulation purposes. The second section describes the progress on investigation of an outcrop. The outcrop is an analog of Bartlesville Sandstone. We have drilled ten wells behind the outcrop and collected extensive log and core data. The cores have been slabbed, photographed and the several plugs have been taken. In addition, minipermeameter is used to measure permeabilities on the core surface at six inch intervals. The plugs have been analyzed for the permeability and porosity values. The variations in property values will be tied to the geological descriptions as well as the subsurface data collected from the Glen Pool field. The third section discusses the application of geostatistical techniques to infer in-fill well locations. The geostatistical technique used is the simulated annealing technique because of its flexibility. One of the important reservoir data is the production data. Use of production data will allow us to define the reservoir continuities, which may in turn, determine the in-fill well locations. The proposed technique allows us to incorporate some of the production data as constraints in the reservoir descriptions. The technique has been validated by comparing the results with numerical simulations.","0.2332. However, a podr match is observed for test well K2. Table summarizes the certainty coefficients obtained in the simulations. Summaxv: Several significant observations can be made from the results in this section. They can be summarized as follows: Summaxv:
 (1) The best method for generating a description of rock properties is by using a combination of interpolation and the greedy algorithm. The interpolation has been found to honor the original distribution of the conditioning data if an added random Gaussian element is used. Summaxv:
 (  (4) The number of wells as conditioning data has significant iduence on the results of the stochastic conditional simulations. This is because the more data that is available, the less the uncertainty in the predictions. In the absence of data, however, one can still generate probable reservoir descriptions with some measure of coddence by using the range of H exponent values in Section 3 Summaxv:
 regardless of the field. One needs to know only the sedimentary environment of the field. Conclusioiis:
 This section will summarize the major findings and observations of this work. Several conclusions are drawn from these ihdings. Conclusioiis:
 Section 3 of this report presents results related to H exponent estimation. of actual wellbore data. Where seasonal effects are observed in the data trace, the seasonal bias is removed using a normalizing technique which involves eliminating the local means. The distribution of H exponent values after and before removal of sample meam is compared. The results in Section 3 indicate that if the seasonal effects are unusually strong, removal of the local mm. will result in a nanowa distribution of H exponent values. Actual plots of variogmm dues favor the boxcounting method to give the most reliable fit. The results indicate that after seasonal adjustments, the range of H exponent values calculated using box-counting narrow down to between 0.75 and 0.80 regardless the type of the sedimentary environment. Therefore, in the absence of data, this value can be used for the stochastic conditional simulation of a reservoir. If the seasonal effects are not strong, the variation of the value of H exponent is not significantly a$ected, although the mean value might be a.f€ ected. Section 4 of this report presents results for the stochastic conditional simulation of three fields, a carbonate reservoir and two sandstone reservoirs. This part also delineates a set of procedures to be followed in the stochastic conditional simulation of the rock properties. Factors that should be taken into account include the removal of the non-stationaxity in the vertical well data and the selection of a suitable horizontal correlation model based on the correlation structure determined from vertical well data. The results seem to indicate that using a fGn model in the I horizontal direction for a carbonate field results in better predictions than using an fBm model. However, in a sandstone environment, the reverse is apparent."
"Geostatistical applications in petroleum reservoir modelling","https://scispace.com/paper/geostatistical-applications-in-petroleum-reservoir-modelling-orc1f1gdf1","2014","Journal Article","Journal of The South African Institute of Mining and Metallurgy","R. Cao
Y. Zee Ma
E. Gomez","","https://scispace.com/pdf/geostatistical-applications-in-petroleum-reservoir-modelling-orc1f1gdf1.pdf","Although geostatistics was initially developed for mining resource evaluation (Krige, 1951; Matheron, 1963; Journel and Huijbregts, 1978), it has been used quite extensively in the petroleum industry in the past two to three decades. Geostatistical analysis and geological modelling have been commonly employed for hydrocarbon characterization. The success of geostatistics in geoscience applications rests upon the spatial descriptions of geological phenomena, from characterizing rock continuities using variograms (Jones and Ma, 2001) to three-dimensional (3D) representations of natural phenomena (Deutsch and Journel 1992; Ma et al., 2009). Geostatistical methods for building geological models all make use of the variogram. The variogram describes the degree of discontinuity of a variable as a function of lag distance and direction. For a categorical variable such as facies, the variogram describes the size of geological objects (Jones and Ma, 2001). In hydrocarbon resource evaluation, facies are an intermediate-scale rock property as they govern petrophysical properties and fluid flow. This paper discusses the main characteristics of a lithofacies indicator variogram, and presents methods for modelling lithofacies, including sequential indicator simulation that integrates propensity analysis of descriptive geology, hierarchical facies, or lithofacies modelling workflows. Reservoir models of continuous properties in hydrocarbon resource evaluation generally include porosity, fluid saturations, and permeability. This paper briefly discusses porosity modelling by using kriging and sequential Gaussian simulation, and permeability modelling by using collocated cosimulation. Based on the scale of subsurface heterogeneities, hierarchical modelling frameworks are presented not only for a twostep facies-lithofacies modelling workflow, but also for dealing with the more general multilevel modelling methodology, from the categorical variable of facies to continuous variables of porosity and permeability.","Title: Geostatistical applications in petroleum reservoir modelling Authors: R Cao,Y Zee,E Gomez Keywords: facies modelling, propensity, multilevel or hierarchical modeling, objectbased modeling, collocated cosimulation, porosity, permeability"
"Data requirements and acquisition for reservoir characterization","https://scispace.com/paper/data-requirements-and-acquisition-for-reservoir-3zqx1yj6jc","1993","Report","","S. Jackson
Ming Ming Chang
Min. Tham","10.2172/10136873","https://scispace.com/pdf/data-requirements-and-acquisition-for-reservoir-3zqx1yj6jc.pdf","This report outlines the types of data, data sources and measurement tools required for effective reservoir characterization, the data required for specific enhanced oil recovery (EOR) processes, and a discussion on the determination of the optimum data density for reservoir characterization and reservoir modeling. The two basic sources of data for reservoir characterization are data from the specific reservoir and data from analog reservoirs, outcrops, and modern environments. Reservoir data can be divided into three broad categories: (1) rock properties (the container) and (2) fluid properties (the contents) and (3)interaction between reservoir rock and fluid. Both static and dynamic measurements are required.","laterally collection of multidisciplinary data that is important to the continuous sampling of rock characteristics and provide design of future recovery processes must begin early in the lateral information on scales not available from reservoir life of a reservoir. Early collection of information that data. EXECUTIVE SUMMARY:
 Studies of outcrops and analogous modern requires unaltered, natural-state reservoir conditions such as environments can be valuable, low-cost sources of high reservoir pressure and brine chemistry is especially quality, geological and petrophysical data. Outcrop studies important for EOR process design and is often neglected. can provide a wealth of quantitative information on the Reservoir characterization essentially dictates the EOR dimensions and geometries of sandbodies, fluid flow strategy , and must be an integral part of barriers forming compartments, permeability baffles, and EOR planning and design. The type, sequence, and timing the spatial distributions of matrix permeability and of datagathering for reservoircharacterization is presented porosity. EXECUTIVE SUMMARY:
 The constraint in applying outcrop data to in figure . reservoirs is the inability to determine the degree of EXECUTIVE SUMMARY:
 Reservoirs are deterministic in nature in that only one transferability of characteristics between different deposits, actual representation exists for that particular reservoir. even from the same depositional system. EXECUTIVE SUMMARY:
 However, because it is not economically or technically Although much of the effort in reservoir characterization feasible to completely sample a reservoir at all scales, the is focused on pore-to bedding-scale features, it is the larger data set acquired must be, to a certain extent, statistical in scale reservoir architecture that controls the communication nature. The models developed should reflect both the between wells and exerts a very strong influence on sweep deterministic and the statistical nature of the data and be and recovery efficiency. Regional-scale studies are essential compatible with the geological understanding of the for understanding the origin of the reservoir architecture and reservoirs. predicting the occurrence and location of heterogeneities. Examples are given to illustrate how the understanding of regional scale processes aid in predicting the location, orientation, and density of reservoir heterogeneity.  To detennine data requirements, the cost and benefits of the reservoir ; National Petroleum Council, the additional data must be considered. This evaluation is 1984). However, the amount of microscale data required complicated by the fact that ali data are not of equal value, is also dependent upon the process applied and the that there is a hierarchy in data acquisition, and that the simplifying assumptions used in modeling the reservoir. benefit of additional data cannot be ascertained until the , showed that a less detailed results are available . The various reservoir description is required in a layer-cake model with issues to be addressed in data set requirements are: scales viscous stable displacement. In waterflooding, even if the of heterogeneity, stages of field development and recovery most influential heterogeneities are of the macro-and process; timing of data acquisition; and need for a mega-scales, the ultimate recovery efficiency is still stochastic approach, affected by mesoscopic heterogeneities such as The various scales of heterogeneity control fluid flow, crossbedding . and other characteristics in a reservoir, in a manner that is"
"On new emerging concepts of modeling petroleum digital ecosystems by multidimensional data warehousing and mining approaches","https://scispace.com/paper/on-new-emerging-concepts-of-modeling-petroleum-digital-54ejdkiydw","2010","Proceedings Article","IEEE International Conference on Digital Ecosystems and Technologies","Shastri L. Nimmagadda
Heinz Dreher
Muhammad Nawaz
Kamran Laiq","10.1109/DEST.2010.5610598","https://scispace.com/pdf/on-new-emerging-concepts-of-modeling-petroleum-digital-54ejdkiydw.pdf","Petroleum system and its ingredients are narrated for each and every oil and gas field in each and every petroleum-bearing sedimentary basin A new concept of ecosystem and its digitization are emerging within the generic petroleum system Significance of this concept is to make connectivity among petroleum systems through attributes of ingredients and their contextualization and specification Most popularly known ingredients are geological structure, reservoir, source and seal rocks Other ingredients involved are in the form of process of these ingredients such as maturation (of source rocks) and migration and timing (of formation of structure, reservoir and seal rocks) One can notice the connectivity among primary petroleum system ingredients, through different processes, such as maturation of source rocks and charging capability and migration of hydrocarbons into suitable structural (structure) entrapment areas of reservoir Unless the phenomenon of interconnectivity is understood; integration between ingredients and processes in the context of digital representation and visualization, petroleum system existence and its survival cannot be well explained Its value cannot be added in terms of petroleum accumulations and volumes, unless these phenomena are explicit Authors propose ontology based data warehousing and data mining technologies, in which, conceptualization and contextualization of multiple data dimensions (petroleum system's ingredients and processes), integration (within data warehouse environment) and data mining of interpretable emerging petroleum digital ecosystems are accomplished Multidimensional data warehousing and mining facilitate an effective interpretation of petroleum systems, minimizing the ambiguities involved during structure and reservoir qualifications and quantifications","systems VI. CONCLUSION AND SCOPE: • Data attributes and properties drawn among several dimensions show significant correlations, trends and relationships among multiple data attributes such as, structure, reservoir, production, and other geological, geophysical and geochemical data dimensions. VI. CONCLUSION AND SCOPE:
 • Present studies suggest interesting correlations among petroleum systems under different depositional regimes. VI. CONCLUSION AND SCOPE:
 • Studies are progress in terms of building models for fluvial and deep marine petroleum systems and interpretation of their data views, extracted in our present study."
"Hierarchical Economic Optimization of Oil Production from Petroleum Reservoirs","https://scispace.com/paper/hierarchical-economic-optimization-of-oil-production-from-3kczpms6mp","2009","Journal Article","IFAC Proceedings Volumes","Gijs van Essen
Paul M.J. Van den Hof
Jan Dirk Jansen","10.3182/20090712-4-TR-2008.00120","http://www.nt.ntnu.no/users/skoge/prost/proceedings/adchem09/cd/abstract/158.pdf","","Title: Hierarchical Economic Optimization of Oil Production from Petroleum Reservoirs Authors: Gijs M Van Essen,Paul M J Van Den Hof,Jan Dirk Jansen Keywords: Optimal control, hierarchical structures, redundant DOF, numerical simulation, oil recovery, waterflooding"
"A Multilevel Property Hedonic Approach to Valuing Parks and Open Space","https://scispace.com/paper/a-multilevel-property-hedonic-approach-to-valuing-parks-and-1swf5r3o27","2010","","","Christopher Treg","","https://scispace.com/pdf/a-multilevel-property-hedonic-approach-to-valuing-parks-and-1swf5r3o27.pdf","Many of the benefits that are generated by the natural environment are external to normal market transactions and are consequently undervalued and under-provisioned even though they substantially contribute to human welfare. One approach to valuing certain environmental goods and services is through a regression technique known as the property hedonic model. This model considers a property as a bundle of attributes where the total price of the property is decomposed into marginal, implicit prices for propertyspecific attributes, the context or neighborhood in which a property resides and access to environmental amenities. The goal of this dissertation research is to estimate the value of proximity to the environmental amenities of parks and open spaces using a property hedonic model for the City of Baltimore and suburban areas of Baltimore County. While the property hedonic model has been commonly used to value environmental benefits, few of these studies have distinguished the spatial scales of neighborhood characteristics from the propertyspecific characteristics within a regression model. In this research, a multilevel modeling approach to the typical property hedonic model was used to model the effects of attributes at different spatial scales. This approach also allowed the effect of environmental attributes to vary across geographic space and interact with attributes across spatial scales. Such methods provide a more realistic accounting of the dynamic spatial variation of the value of environmental goods and services. For parks in the City of Baltimore, the results of valuing proximity to parks showed a spatial dynamic not often captured in property hedonics. The overall fixed effect for distance to park was negative but insignificant. When allowed to vary by block group, the random effect for this variable indicated that only two-thirds of the 401 neighborhoods positively valued increased proximity to parks. No interactions were found to be significant for the entire study. However, for the population of block groups whose properties did positively value proximity to parks, the results of interactions with neighborhood and park characteristics showed that smaller and more open parks were valued higher than larger and more wooded parks. A high population density also increased the value for a property in close proximity to a park. Finally, properties with smaller yards placed a higher value on proximity to parks than those properties with larger yards, indicating a substitution effect. For open space in Baltimore County, the results indicated that while higher proportions of privately-owned open space surrounding a property increased the value of that property, open space that was publicly-accessible was not significantly valued. Privately-owned open space that was potentially developable was less than half the value of the positive effect of private, open space under conservation easements or other development restrictions.",".5). An examination of the Tau-As-Correlations matrix both before and after centering these random effects showed that groupmean centering removed this collinearity between the intercept variance and the variance of the independent variables that were modeled as random effects. Data:
 Level 2: ß 0j = γ 00 + γ 01 N j +.. γ 0n N j + γ 0n S j + U 0j ß 1j = γ 10 + U 1j Eq. 3.5 Data:
 In addition to considering certain property-level variables as random effects and group-mean centering these variables, the neighborhood means for age, house size and lot size were all added to the level-2 model. This tested whether there were compositional effects of place in addition to the contextual effects that were previously included in the full model. With respect to multilevel property hedonic models, the contextual effects -the difference a place makes on price (e.g. neighborhood effects of unemployment, crime, median income, etc.) --are potentially confounded with the compositional effects --the differences produced by the housing attributes (e.g. house size, age) within each place . So for example, the strongest effect of house size on price will likely occur at the property level (level 1). However, as a compositional effect, house size may have a different influence on the house price at the neighborhood level (level 2). Data:
 With multilevel property hedonics, spatial autocorrelation can be treated as the norm since individual houses in the same sub-market are likely to be more similar, in some way, than houses drawn from the entire housing market at random. Hence, autocorrelation is to be expected in hierarchical data, and the multilevel approach exploits this dependence to derive improved estimates, while the standard errors of the estimates are adjusted to take into account the autocorrelation . A Data:
 test for spatial autocorrelation of the residuals using the global Moran's ""I"" statistic  shows that there is a significant but slight amount of positive correlation remaining in the multilevel model's level-1 residuals (Moran's = 0.15) after including all regression variables except for land use. This is half the spatial autocorrelation that exists for the same model under OLS regression ."
"Where is the economics in spatial econometrics","https://scispace.com/paper/where-is-the-economics-in-spatial-econometrics-169m0k0l3c","2012","Journal Article","Journal of Regional Science","Luisa Corrado
Bernard Fingleton","10.1111/J.1467-9787.2011.00726.X","https://scispace.com/pdf/where-is-the-economics-in-spatial-econometrics-169m0k0l3c.pdf","Spatial econometrics has been criticized by some economists because some model specifications have been driven by data-analytic considerations rather than having a firm foundation in economic theory. In particular, this applies to the so-called W matrix, which is integral to the structure of endogenous and exogenous spatial lags, and to spatial error processes, and which are almost the sine qua non of spatial econometrics. Moreover, it has been suggested that the significance of a spatially lagged dependent variable involving W may be misleading, since it may be simply picking up the effects of omitted spatially dependent variables, incorrectly suggesting the existence of a spillover mechanism. In this paper, we review the theoretical and empirical rationale for network dependence and spatial externalities as embodied in spatially lagged variables, arguing that failing to acknowledge their presence at least leads to biased inference, can be a cause of inconsistent estimation, and leads to an incorrect understanding of true causal processes.","seems to also be a way to allow spatial e¤ects without having to resort to a W matrix as a convenient and practicable option. However, as we demonstrate for the …rst time, the W matrix is also embodied within this approach. HIERARCHICAL MODELS:
 Hierarchical models are becoming increasingly popular across the range of the social sciences, as researchers come to appreciate that observed outcomes depend on variables organized in a nested hierarchy. We see many applications of multilevel modelling in educational research where there exist a number of well de…ned groups organized within a hierarchical structure. In economic geography, with a hierarchy of local, regional and national e¤ects typically in ‡uencing outcomes, the obvious starting point is multilevel modelling, in which individual level cross-sectional (spatial) data within the same local administrative area, for example, are subject to an e¤ect because of their common location. Perhaps local property taxes are di¤erent across local administrative units, and properties, which are the units of observation, have prices partly re ‡ecting these local tax di¤erences. Additional spatial e¤ects may arise at di¤erent levels of a nested hierarchy; for instance we may wish also to control for the e¤ects of being located within the same region, perhaps because policy instruments having an e¤ect on property prices are applied at the regional level and are di¤erent from the e¤ects of local tax di¤erentiation. HIERARCHICAL MODELS:
 Recognition of the di¤erent form of interactions between variables which a¤ect each individual unit of the system and the groups they belong to has important empirical implications. In fact, regardless of spatial autocorrelation, the assumption of independence is usually incorrect when data are drawn from a population with a grouped structure since this adds a common element to otherwise independent errors, thereby inducing correlated within group errors.  …nds that it is usually necessary to account for the grouping either in the error term or in the speci…cation of the regressors. Apart from within-group errors, it is also possible that errors between groups will be correlated. For example, if the groups are geographical regions then regions that are neighbors might display greater similarity than regions that are distant. Again,  shows that even with a small level of correlation, the use of Ordinary Least Squares (OLS), will lead to standard errors with downward bias and to erroneous conclusions of statistical signi…cance. HIERARCHICAL MODELS:
 One way of incorporating the group e¤ect in a multilevel framework is to evaluate the impact of higher level variables which measure one or more aspects of the composition of the group to which an individual belongs. and Raudenbush (1992) consider di¤erent ways of doing this, such as using a simple mean covariate over the higher level units as an explanatory variable. The mean covariate characterizes group e¤ects which are measurable and in this respect di¤ers advantageously from the use of dummy variables which capture the net e¤ect of several omitted variables. Note that it is possible that having controlled for these measurable compositional e¤ects there are still unobservable spatial e¤ects."
"Reservoir history matching using constrained ensemble kalman filter and particle filter methods","https://scispace.com/paper/reservoir-history-matching-using-constrained-ensemble-kalman-3cdcnnamyh","2015","","","Abhinandhan Raghu","10.7939/R3WK8T","https://scispace.com/pdf/reservoir-history-matching-using-constrained-ensemble-kalman-3cdcnnamyh.pdf","","filter without any localization. Conclusions and future work: In this work, the challenging problem of reservoir characterization and history matching was analyzed using two sequential recursive estimation techniquesthe ensemble Kalman filter (EnKF) and the particle filter (PF). Conclusions and future work:
 The first part of the thesis addressed some of the main shortcomings of the conventional method of the EnKF implementation. It is a well-known fact that some prior information about any petroleum reservoir is always available in the form of hard and soft data, which gives some details regarding the spatial connectivity and variability of reservoir parameters such as porosity and permeability. The EnKF, formulated on the grounds of the Monte Carlo Bayesian statistics and the Kalman filter (KF), arrives at estimates of parameters based on statistical error analysis and hence could potentially yield reservoir parameter estimates that are not geologically realistic and consistent. The main motivation of this thesis was to modify this conventional EnKF by incorporating geostatistics into the EnKF estimation framework using constraints so that we get estimates that are consistent with prior informationhard and soft data. Conclusions and future work:
 This was achieved in Chapter 2 using a novel projection method. In this method, the correlogram was used as the prior soft data information about the reservoir and the estimates obtained from the EnKF were projected onto the correlation structure indicated by this correlogram after each data assimilation step. By the application of this method to two synthetic heterogeneous reservoir models, it was observed that it is possible to preserve some of the EnKF statistics and at the same time, introduce geostatistical constraints to also preserve the spatial variability details. Conclusions and future work:
 The other half of the first part dealt with the spurious correlation induced by the Kalman gain computations in the EnKF update step, potentially leading to the erroneous update of parameters. Conclusions and future work:
 As a result of this spurious update, there are high chances that values of the petrophysical parameters may depart from the geological realism and be physically meaningless. To solve this issue, a covariance localization-based EnKF was implemented on two synthetic reservoir models to understand its advantages in reservoir history matching. In this method, certain regions in the reservoir that were highly sensitive to production data were identified through a sensitivity analysis study. In this way, the EnKF was used to update only these regions to avoid spurious correlation. Conclusions and future work:
 Moreover, the remaining regions were updated based on a geostatistical algorithm (sequential Gaussian simulation) to make sure that geological spatial continuity and connectivity is retained. Conclusions and future work:
 Due to the reduced number of parameters that are of interest for the EnKF, it was noted that the computational time involved in this study was considerably reduced. Also, it was observed that this coupling of geostatistics with the localization-based EnKF captures the spatial variability of permeability better than the projection method."
"Numerical Prediction of Oil Formation Volume Factor at Bubble Point for Black and Volatile Oil Reservoirs Using NonLinear Regression Models","https://scispace.com/paper/numerical-prediction-of-oil-formation-volume-factor-at-20s8yyftl6","2018","Journal Article","","A.N. El-hoshoudy","10.23880/PPEJ-16000145","https://scispace.com/pdf/numerical-prediction-of-oil-formation-volume-factor-at-20s8yyftl6.pdf","","function of pressure, oil shrinkage volume (Bo) as a function of pressure, properties of the evolved gas including liberated gas composition, the gas compressibility factor, and the gas specific gravity and density of the remaining oil as a function of pressure . Empirical Correlation Development and Computation Method:
 Among the empirical correlations, nonlinear regression methodology is most commonly used . The fundamental concept of regression analysis is to fit a function of independent variables to a given set of data points in order to estimate or predict one dependent variable as accurately as possible. Regression deals with the nature of the relation between these variables. In evaluating the degree of regression, all the error or imprecision is assumed to be in the measurement of one variable called the ""dependent"", while the other variables are assumed to be precisely known. These precise variables are called the ""independent"" variables. If only one independent variable is involved then it is called simple regression analysis whereas the name multiple regression analysis is implied if more than one independent variable is present . A general multiple regression model, which relates a dependent variable y to k predictor independent variables, x1, x2, ...,xk, is given by Equation : ) Empirical Correlation Development and Computation Method:
 Where α and β's are coefficients to be determined by the regression analysis and expressed in matrix form as follow . Empirical Correlation Development and Computation Method:
 Least-squares regression technique is applied upon the nonlinear weighted values to minimize the sum-of squared residuals between measured and simulated quantities. The data fitted by a method of successive approximations . The linearity or nonlinearity of the data pattern checked using scatter gram plotting. In this study, real experimental PVT data of (189) oil samples, which almost covers Egyptian oil reservoirs, have been analyzed and used. The data sets divided into two groups; the first one involves (100) data sets used for correlation development and construction, and the second one comprises (89) data sets used for correlation validation. Basic characteristics of Egyptian crude oils samples and data range are reported in Table Results and Discussions:
 The accuracy and reliability of the developed correlation checked by using both statistical and graphical error means . Statistical Error Analysis:
 Accuracy and validity of the developed model was evaluated using the following statistical means; Average percent relative error (Er), Average absolute percent relative error (Ea), Maximum absolute percent relative error (Emax), Minimum absolute percent relative error (Emin), Root mean square error (Erms) and Standard deviation (S) . Mathematical expression of each parameter reported in literature . Statistical errors of the published correlations and developed one in this study are reported in Table . It is observed that the developed correlation has lower root mean square error and standard deviation as compared to the published one, so it has more reliability to measured values. Moreover, the correlation coefficient of the presented correlation is r= 0.988 which is closer to one so, we can deduce that this correlation is more accurate than any of the published ones relevant to Egyptian oil crudes. Graphical Error Analysis:
 Graphical error analysis such as cross plot techniques was used in this study, in which the predicted results are plotted against the measured one. Trend line is drawn through predicted data, where, the closer the plotted data to this line, the higher is the accuracy and prediction capability of the correlation . Graphical plots of the published and developed correlations are reported in Figures .                   Figure : This study."
"Use of a Variable Shape Distribution (VSD) Model to Populate Reservoir Properties in Tight Fractured Reservoirs for Numerical 3D Modeling","https://scispace.com/paper/use-of-a-variable-shape-distribution-vsd-model-to-populate-mnogty6gyr","2013","Proceedings Article","","Ramirez Vargas
John Freddy","10.2118/167290-MS","https://scispace.com/pdf/use-of-a-variable-shape-distribution-vsd-model-to-populate-mnogty6gyr.pdf","","included in this chapter was adapted from a previous publication presented during the development of this research; the title of the paper is ""Updip Water Blockage in the Nikanassin Basin Centered Gas Accumulation, Western Canada Sedimentary Basin"" . Thesis Chapters:
 Chapter four describes the mathematical derivation of the VSD model for estimating the distribution of the world petroleum endowment , and the utilization of this model for characterizing different reservoir properties. The latter is a micro-scale application that contrasts with the original use of the model which was at the macro and mega scale of global petroleum resources. This chapter is adapted from a SPE paper that was presented during the development of this study. The title is ""A Variable Shape Distribution (VSD) Model for Characterization of Pore Throat Radii, Drill Cuttings, Fracture Apertures and Petrophysical Properties in Tight, Shale and Conventional Thesis Chapters:
 Chapter five describes the methodology proposed in this research for the construction of the static model required in numerical simulations; it also includes the results of the application of the methodology in the study area and a comparison with the various input data available. This chapter was also taken from the SPE paper: ""Use of a Variable Shape Distribution (VSD) Model to Populate Reservoir Properties in Tight Fractured Reservoirs for Numerical 3D Modeling"" . Thesis Chapters:
 Chapter six presents the numerical 3D model description and the results obtained when using the VSD model in the petrophysical modeling. This chapter also includes proposals for drilling horizontal wells in areas that show the highest potential for production. Thesis Chapters:
 Chapter seven states the conclusions reached in this study and recommendations for future research. Technical Publications:
 Parts of the results of this research have been presented at the following international conferences of the Society of Petroleum Engineers (SPE): Basic Statistics and Geostatistics Concepts:
 Statistic tools have been widely used to analyze, describe, and model data. Use of statistics in the petroleum industry has had a transition from description to modeling, leading to geostatistics, a branch which is focused on the behavior of random variables in space. Basic Statistics and Geostatistics Concepts:
 The objective of modeling is basically to predict the values that a variable can take, based on collected data and the information that can be obtained from it. Those predictions can be deterministic or stochastic. Deterministic predictions are, by far, superior to stochastic since they leave no place for uncertainty, but uncertainty from models theory and data input. However, in reality there are not completely deterministic systems, in fact most properties seem to have a random behavior. This randomness is defined as the behavior of a system or process which produces uncertain results, which might show extreme sensitivity to initial conditions. The randomness is given by two main properties; a nonlinear physical law and iterative processes. These properties can be found in petroleum reservoirs; the equations for Darcy flow and two phase fractional flow are clear examples of non-linear physical law, and some processes in geology such as growth of clays, cementation, sedimentation, erosion and breakage are iterative. Basic Statistics and Geostatistics Concepts:
 Given the stochastic nature of the petroleum reservoir physical properties, there is a restriction to use stochastic predictions to model such properties."
"Ensemble-Based History Matching for Channelized Petroleum Reservoirs","https://scispace.com/paper/ensemble-based-history-matching-for-channelized-petroleum-31mi1klqw5","2013","","","M. Tene","","https://scispace.com/pdf/ensemble-based-history-matching-for-channelized-petroleum-31mi1klqw5.pdf","The oil industry is at the backbone of global economy and, as natural resources are becoming scarce, there is a pressing need for efficient extraction strategies. This has led to the development of reservoir models and simulators, able to predict future field behaviour, when paired with accurate geological information. However, the data obtained through in-situ measurements, such as seismic surveys, is insufficient to represent the large number of unknowns (porosity, permeability, pressure and fluid saturation in each grid cell). In response to this issue, the scientific community designed computer-assisted history matching algorithms, which are able to provide estimates for model parameters by conditioning on the log of observed production data. The Ensemble Kalman Filter, in particular, is becoming the industry standard, because of its ease of implementation and natural ability to handle uncertainty. However, as past studies have pointed out, reservoirs with complex structural features, such as curved or branching channels, raise difficulties because of the higher-order dependencies induced between the state variables. Another important drawback is the appearance of ensemble collapse, which leads to poor estimates and causes the filter to diverge. The Subspace EnKF is a recently developed history matching framework, able to address both of these issues, by using parameterizations to constrain the ensemble members to different subregions of the parameter space. The main goal of the Master's project was to adapt this framework to 2D channelized petroleum reservoirs, composed of two types of rocks (permeable sand and background shale). For this purpose, we studied polynomial kernel Principal Components Analysis and proposed a novel analytical solution to the preimage problem. The experiments showed that our method surpasses the fixed-point iterative scheme, suggested in the literature, especially in terms of scalability and computational expense. Next, we paired the resulting KPCA parameterization with the Iterative Ensemble Smoother and the Subspace EnKF. Our comparative history matching experiment revealed that the latter is able to successfully avoid ensemble collapse. Finally, we suggested training set clustering as a means to accommodate the subspace parameterizations to the prior information and conducted a sensitivity study on the Subspace EnKF, which yielded encouraging results.","Title: Ensemble-Based History Matching for Channelized Petroleum Reservoirs Authors: Ir A W Heemink,Ir J D Jansen,Ir M B Van Gijzen,C M Mariş Mathematical statements:
 K training kernel matrix, K[i, j] = K(t i , t j ); size n t × n t v i i-th principal component, i = 1, . . . , l; dimension p λ i i-th eigenvalue, corresponding to v i , i = 1, . . . , l α i coefficient vector, relating v i to the {Φ(t j )} j=1,...,nt , i = 1, . . . , l; size n t γ coefficient vector, relating Φ(x) to the {Φ(t j )} j=1,...,nt ; size n t ξ projection vector, obtained by projecting Φ(x) onto the {v i } i=1,...,l ; size l g parameterization function, g(x) = ξ viii Matei T ¸ene Preface:
 This report is a summary of my research at the Delft Institute of Applied Mathematics between January and August 2013. Preface:
 My first contact with data assimilation was in 2011 when I attended the summer school jointly organized by TU Delft and TNO in Iaşi, Romania. At the time, I was a freshly graduated Bachelor in Computer Science and my mathematical background was rather naive. Still, I discovered a community of people from different fields that were using the same set of simple equations to improve the prediction power of their models. Preface:
 The mystery was dispelled during the master course on Environmental Modelling and Data Assimilation taught by Dr. Peter Wilders and Dr. Remus Hanea and I decided to do my graduation project on the Ensemble Kalman Filter. What followed was a two month internship under the supervision of Cristian Mariş, during which I learned about kernel PCA, a nonlinear parametrization developed in the artificial intelligence community. After that, I was welcomed at TNO Utrecht, in the Petroleum Geosciences department, where I familiarized myself with the geology of petroleum reservoirs. Now, after eight months, I'm happy to see that all the pieces, at first deemed incompatible, have somehow managed to come together."
"Play resource evaluation and geological risk assessment using model-based stochastic simulation as applied to unconventional oil plays i n WCSB","https://scispace.com/paper/play-resource-evaluation-and-geological-risk-assessment-d7ub0z1xla","2012","","","Zhuoheng Chen
Kirk G. Osadetz","","https://scispace.com/pdf/play-resource-evaluation-and-geological-risk-assessment-d7ub0z1xla.pdf","Unconventional petroleum resources have changed the structure and nature of global petroleum supply dynamics in the o il and gas markets. Unconventional resource plays represent significant augmentation of the existing opportunities to expand petroleum productions acros s the North America. The newly recognized unconventional resources opportunities in Canada have attracted international investors. Finding petroleum resource opportunities and identifying economically viable ""prospects"" within the resource plays present new challenges and requires innovative technologies and concepts t o maximize their production potential. A model-based resource assessment simulation and risk evaluation has been developed by the Geological Survey of Canada (GSC). This method includes a geological model representing essential petroleum system elements for petroleum accumulations, a resource model describin g distribution characteristics of petroleum accumulations, and a simulation procedure integrating available data, relevant information and geoscience constraints to generate scenarios of petroleum resource maps in a play. This approach has been app lied to evaluating conventional petroleum potential and assessing geol ogical risk in conventional plays, where subsequent exploration drillings are u sed to validate the model predictions. In this paper, examples from shale and tight sand light oil plays in the Western Canada Sedimentary Basin (WCSB) are used to illustrate the application of the GSC model-based simulation to unconventional play resource evaluation and risk assessment.","of all petroleum accumulations, both discovered and undiscovered and a geological risk map showing the chance of success for all potential resources within the study area. This approach can also be used to analyze and determine the essential geological factors controlling the potential resource distributions. Methods and data:
 A geological model provides a quantitative description of geological conditions for petroleum accumulation in the area studied. The geological model could be a map that describes the likelihood of petroleum occurrence, such as a geological favorability map or a probability map of petroleum occurrence, or it could be a set of tables of rules and data, depending on data availability and method applied. The geological model is derived from the combination of geoscience data and our understanding of the essential geological processes and controls on petroleum occurrences. Where data are insufficient, a conceptual model based on geological analogues can also be helpful. Chen and Osadetz  proposed a Bayesian multivariate statistical method to construct geological models based on the analysis of petroleum system elements. A resource model is a quantitative expression of the material (magnitude) and spatial (geometric) characteristics of a resource. The resource model is derived from exploration data, such as discovered petroleum accumulation size, their location and areal extent combined with, petroleum shows and dry in well located outside the identified discoveries. A fractal model is used to represent the size distribution and the geometry of petroleum accumulations  . The spatial correlation among the petroleum accumulation is also characterized by the fractal model. Methods and data:
 The third part of the proposed approach is a stochastic simulation procedure, which is used to integrate key data with other geoscience information and constraints to produce equally probable total resource scenarios that honor the geological and resource models and other available constraints. A Fourier integral approach is employed to integrate data containing the magnitude and the spatial correlation of petroleum accumulations and other exploration history constraints that indicates the possible location of undiscovered resources  . Methods and data:
 Three types of data are available for this study including production history (date, incremental volume produced) from both conventional vertical wells and horizontal wells completed more recently using multi-stage hydraulic fracturing stimulations. More than 4000 vertical wells and about 600 horizontal wells were analyzed to estimate the ultimate resource (EURs). The second dataset consists of pyrolysis (RockEval/TOC) experiments of more than 4000 Colorado Group rock samples from wells. The organic geochemistry data are used to evaluate the generative potential and volume of petroleum expelled from the source rock intervals into secondary migration pathways, which can supply oil resources to the target reservoir rock bodies. The RockEval/TOC data also constrains both the residual oil volume and matrix porosity/permeability of the source rock stratigraphic intervals. The third dataset comprises of more than 3200 well logs that characterize the physical properties of the target stratigraphic intervals. Petrophysical evaluation of the well logs generates estimates of petroleum pore space. Other data such as regional structure maps, production well locations and reserves of individual petroleum pools from the Geological Atlas of Western Canada Sedimentary Basin  , Alberta Energy Resource Conservation Board Report  and GSC in house database, are used to constrain and improve the model."
"Seismic data integration and multi-objective optimization for 3D reservoir characterization and model building","https://scispace.com/paper/seismic-data-integration-and-multi-objective-optimization-1o1d1wxtn0","2015","","","Mohammad Emami Niri","","https://scispace.com/pdf/seismic-data-integration-and-multi-objective-optimization-1o1d1wxtn0.pdf",".................................................................................................................. iii Acknowledgments .................................................................................................. vii Publications and statement of candidate contribution ............................................. ix","However, the multi-objective reservoir property modeling method discussed in this paper can also intuitively be extended to match dynamic production data as well as static data. 5 Probabilistic reservoir property modeling jointly constrained by 3D seismic data and hydraulic unit analysis Introduction:
 Numerical reservoir models play a central role in the appraisal, development and production phases of any oil and gas field. They are widely used in hydrocarbon reserves estimation, targeting new producer/injector locations, geosteering of wells during drilling, and production forecasting when coupled with reservoir fluid flow simulators (e.g., ). To construct an accurate reservoir fluid-flow model, the quality of the available input data is important to ensure meaningful realizations of the reservoir flow properties. Input data are often measured at a sparse number of well locations, sampling a small fraction of the full reservoir volume. Therefore, it is difficult to make an accurate estimation of the reservoir properties far away from the wells ). In the early stages of reservoir studies, 3D seismic data are often the only source of information measured away from the wells. We can take advantage of the excellent spatial coverage and resolution of 3D seismic data, and use it to constrain realizations of reservoir property models (e.g., ). However, seismic amplitudes do not give a direct estimation of reservoir facies and petrophysical properties . There are a variety of algorithms and workflows for seismic inversion and reservoir characterization which attempt to estimate reservoir properties such as lithofacies, porosity, pressure and saturation from the seismic data (e.g., . Introduction:
 Estimating spatial permeability and fluid-flow paths/barriers are key challenges in building realistic reservoir static and flow models. The challenges are mainly due to the geologic complexity of porous-permeable rocks found in oil and gas reservoirs. Introduction:
 Inaccurate permeability distributions and poorly defined flow regions may lead to incorrect history matching, and hence incorrect predictions of reservoir performance. Introduction:
 Many theoretical and empirical models exist to establish relationships between porosity and permeability. These porosity-permeability transforms can be divided into two broad categories: i) geologic/facies zone-dependent transforms and ii) pore-system-dependent transforms.  showed that widely used traditional porositypermeability transforms, constrained by facies or geologic zones, often do not create accurate permeability distributions for reservoir static and dynamic simulations. In contrast, pore-system-dependent models like the transform using the Winland technique ) and the pore geometry transform   studies (e.g., . Introduction:
 Since log and core data lack the spatial sampling that seismic data provides, correlations between seismic attributes and well/core-derived hydraulic units are of key importance. Introduction:
 However, relationships between seismic data and flow properties have been difficult to establish. Using a collection of core-derived velocity, porosity, and permeability data,  has shown that, by grouping them in different hydraulic units based on pore space properties, a positive correlation between velocity and permeability can be established. Emami  have also demonstrated this concept on a producing oil reservoir by establishing highly correlated (R 2 > 90%) relationships between corederived P-wave and S-wave velocities and permeability within classified hydraulic units. Introduction:
 Thus, by defining hydraulic units for a specific reservoir, spatial variations in flow properties have been predicted accurately by combining hydraulic unit values with seismic velocity data."
"A Stochastic Approach in Reserve Estimation","https://scispace.com/paper/a-stochastic-approach-in-reserve-estimation-13r9a65beb","2006","Journal Article","Energy Sources Part B-economics Planning and Policy","Mustafa Versan Kok
Buket Ulker","10.1080/15567240500400812","https://scispace.com/pdf/a-stochastic-approach-in-reserve-estimation-13r9a65beb.pdf","Geostatistics and more especially stochastic modeling of reservoir heterogeneities are being increasingly considered by reservoir analysts and engineers for their potential in generating more accurate reservoir models together with usable measures of spatial uncertainty. Geostatistics provides a probabilistic framework and a toolbox for data analysis with an early integration of information. The uncertainty about the spatial distribution of critical reservoir parameters is modeled and transferred all the way to a risk-conscious reservoir management. The stochastic imaging (modeling) algorithms allow the generation of multiple, equiprobable, unsmoothed reservoir models, yet they all honor the data available. This research presents stochastic reserve estimation methods related to various stages of the development of an oil field. Advances in technology are leading to better deterministic estimates as well as stochastic estimates with narrower ranges. Practices in the industry vary from a complete dedication...",". . . . . . . . . . . . . . 23 3.2.4 Using What Has been Learned and Found . . . . 23 3.2.5 Assessing Map Accuracy :Conditional Simulation 24 I also wish to express my gratitude Yıldız Karakeçe at TPAO for supplying the core data. Special thanks to my family for their inexhaustible encouragement and motivation during the study. I would like to thank my sister, Demet, for showing great patience and love during my life. I would also like to thank Serhat, his friendship make me happy. geological model can also be averaged and exported to a conventional mapping algorithm, thus providing a consistent set of traditional 2D maps of reservoir properties (Net to Gross, net sand, porosity, permeability) . LIST OF TABLES:
 This initial stage of the data analysis is very important, as it affects individual disciplines named previously and thus the final results of the study. LIST OF TABLES:
 Early stage of the reservoir characterization is geophysics which represents an invaluable source of potential information, both from a structural and a stratigraphic point of view. From a stratigraphic point of view, geophysics is the only static discipline that offers the possibility to directly investigate the inter-well area. Both lithological and petrophysical attributes can be modeled using the seismic volume, and these results can be integrated in the stochastic process to improve the geological modeling. In particular, attribute maps can be generated The integration of dynamic data into the stochastic model has been a topic of intense research in the last decade, since this type of information is invaluable in the definition of a static reservoir model that will be used in a forward simulation phase. In the stochastic modeling phase, litho-facies are usually simulated first, while petrophysical properties are simulated in a later stage, as continuous or discrete variables, within the litho-facies framework . LIST OF TABLES:
 The scope of this thesis is to estimate reserve with core data from the Southeastern part of Turkey in order to check the validity and the accuracy of stochastic approach. LITERATURE SURVEY:
 The increasing importance of worlds energy situation requires more precise studies of hydrocarbon reservoirs. The evaluation of reserves are generally obtained by using various deterministic and stochastic modeling techniques. The input data for the model is acquired from the field tests and experiments. Reserves estimation may be based primarily on initial volumetric estimates or at a later stage in field development on performance analysis involving numerical simulation and material balance methods. It may be necessary in some situations to handle initial volumetric more appropriately by applying suitable probabilistic methods which make use of all available data, including seismic, and which furthermore given an appreciation for uncertainties and accuracy associated with volume estimates. Definition of Petroleum Reserves:
 In February 2000, three major international organizations, the SPE, WPC and AAPG jointly approved and published a significant document entitled Petroleum Definition of Petroleum Reserves:
 Resources Classification and Definitions. This achievement represented a major step forward in the industry attempts to improve the level of consistency in the documentation and description of resources that do not satisfy the criteria for reserves. The existing (1997) SPE/WPC  reserves definitions were unaffected;"
"Reservoir Modelling Under Uncertainty - A Kernel Learning Approach","https://scispace.com/paper/reservoir-modelling-under-uncertainty-a-kernel-learning-3z538mcg6z","2012","","","Vasily Demyanov
Michael Andrew Christie
Mikhail Kanevski
Alexey Pozdnoukhov","","https://scispace.com/pdf/reservoir-modelling-under-uncertainty-a-kernel-learning-3z538mcg6z.pdf","We propose a novel approach to tackle the problem of matching the data from different sources and keeping the model realism to produce reliable reservoir prediction. This high level overview presents a way to bring together prior geological knowledge and relevant data under uncertainty by means of intelligent data fusion through kernel learning. The kernel learning approach balances model complexity with goodness of fit by selecting and reproducing relevant model features. Impact from data at different sources is combined by means of kernels functions, which represent spatial correlation. Kernel regression in the hyper space of features ensures representation of non-linearity and overcomes heavy stationarity assumption. Use of the kernel transformation allows us to reproduce continuity along data manifolds and represent correlation at multiple scales. Support vector formalism ensures the data influence the pattern according to their relevance to the modelled phenomenon (spatial dependency) and the target problem (matching the data). Furthermore, the impact of noisy and atypical data is handled in a rigorous way to prevent loss of predictive capability of the model.","Title: Reservoir Modelling Under Uncertainty -A Kernel Learning Approach Authors: Vasily Demyanov,Mike Christie,Mikhail Kanevski,Alexey Pozdnoukhov Introduction:
 The success in modelling diversity and natural variability of geological media depends on the capability of a particular algorithm to reproduce realism of complex multi-scale reservoir characteristics and agree with data at the same time. Adequate representation of uncertainty in spatial properties is determined by the choice of appropriate model parameterisation and its ability to match the data. The problem of agreement between geostatistical simulations and preservation of the a priori spatial features is subject to uncertainty in conditioning data and assumptions about the model properties (e.g. connectivity, continuity, correlation, stationarity, etc.). Introduction:
 A variety of geostatistical algorithms used in reservoir modeling are based on different concepts of representing spatial correlation and continuity. Object-based algorithms traditionally provide very interpretive models using a variety of geologically tailored shapes placed according to the Boolean rules and conditioning ]. Although, object-based models can retain a high level or realism, they may be difficult to condition to all the hard and soft data, which involves sophisticated non-unique optimization. Uncertainty quantification with object-based models may be also difficult because of their increasing complexity with a large number and variability of the object shapes. Traditional variogram-based geostatistical stochastic simulation algorithms are widely used and are straightforward to condition to available data. However, they have known limitation in reproduction of connectivity features, e.g. in fluvial environment. More recently proposed multi-point statistics simulations are based on the higherorder statistical moments (training image) and have proved their ability to represent variability of complex connected patterns and honour the data following the geostatistical sequential simulation paradigm . One of the difficulties in the above approaches is in robust control of connectivity and its relation with the model control parameters, such as spatial correlation and distribution, which can be complex and non-unique. Introduction:
 A different approach for modeling spatial distribution of reservoir properties with kernel transformation was used in ]. Spatial correlation model in this approach is descried with a kernel regression in the metric space, where the metric controls the complexity of the model. The model complexity is balanced by the goodness of fit according to the statistical learning theory described in . Kernel functions are represented by support vectors assigned based on learning from data. Support vector formalism has been applied for reservoir property modeling for example in Introduction:
 Additional kernel distortion is introduced on the estimation by the manifold of unlabelled data. Unlabelled data form a manifold described by a set of relevant locations without available measurement values of the modelled property. For instance, a shape of a possible sand body relates the observation of sand porosity to the given sand facie geometry, and in this case the relevant manifold provides additional conditioning to the estimation model. Learning algorithms that take into account unlabelled data are called semi-supervised -they use not only the data with known answers but also data without answers for predictions. An application of semi-supervised support vector regression (SVR) was applied to map air pollution in ]. The idea of the manifold is to enforce continuity along the manifold as additional restriction to the estimation models showed significant improment in predictions over conventional supervisedlearning algorithms ."
"A Comparison between Statistical Analysis and Grey Model Analysis on Assessed Parameters of Petroleum Potential from Organic Materials","https://scispace.com/paper/a-comparison-between-statistical-analysis-and-grey-model-1vstrgj5hr","2015","Journal Article","","Hsien-Tsung Lee","10.11648/J.JENR.20150401.12","https://scispace.com/pdf/a-comparison-between-statistical-analysis-and-grey-model-1vstrgj5hr.pdf","This study aims to investigate the impact of changes in the Tmax and Ro% on the assessed parameters (S1, S2, S1+S2, HI, QI, BI, PI, TOC) of petroleum potential of organic materials. The samples studied include coals and coaly shales of Mushan Formation, Shihti Formation and Nanchuang Formation in NW Taiwan, coals and an oil shale from Mainland China, the well-drilled chip samples from NW Australia, in addition to the data of samples were included from literatures. This work will get on the detecting data of 10 parameters (S1, S2, S1+S2, TOC, HI, QI, BI, PI, Ro%, Tmax) and progressing statistical analysis, and focus the study on comparison between grey forecast of grey relational grade and regression model forecast. The results from statistical analysis (include temperature-treated samples were individually subjected to Rock-Eval analysis) of the all parameters data for all samples in this research project, not only be executed a linear regression, curve regression between any two parameters, and multivariate regression, but also be carried on the forecast of grey correlation grade of grey theory (include grey relational generating (Nominal-the-better-:Ro%; Larger-the-better-: Tmax, HI, QI, BI, S2, S1+ S2, S1; smaller-the-better-: TOC, PI) and globalization grey relational grade). So far, obtain roughly the consistency of results from two type predictive analysis. The constructed HI, QI and BI bands were broad at low maturities and gradually narrowed with increasing thermal maturity. The petroleum generation potential is completely exhausted at a vitrinite reflectance of 2.0-2.2% or a Tmax of 510-520°C. An increase in HI and QI suggests extra petroleum potential related to changes in the structure of the organic material. A decline in BI signifies the start of the oil expulsion window and occurs within the vitrinite reflectance range 0.75-1.05 % or a Tmax of 440-455 oC. Furthermore, petroleum potential can be divided into four different parts based on the cross-plot of HI vs. %Ro. The area with the highest petroleum potential is located in sectionⅡ with %Ro=0.6-1.0%, and HI>100. Oil generation potential is rapidly exhausted at section Ⅲ with %Ro >1.0%. This result is in accordance with the regression curve of HI and QI with %Ro based on 97 samples with %Ro=1.0~5.6%.","eigenvalue, condition index, variance proportions (Table ). In addition, the curve regression of HI and QI with %Ro based on 97 samples (Ro=1.0~5.6%), we can get the exponential equation of curve regression, Comparison Analysis of Petroleum Potential:
 Synthesizing the above analysis, we can divide petroleum potential into four different regions, based on cross-plot of HI vs. %Ro (Figures ). The highest petroleum potential occurred in the second part (Ⅱ), including 226 and 211 sample data (Ro=0.6-1.0%, HI>100) from the datasets of 608 and 506 samples (Figures ) respectively. The first part (Ⅰ) represents the region of petroleum generation, and the forth part ( Ⅳ ) exhibits the region of lowest petroleum potential, and the oil generation potential was rapidly exhausted in the third part ( Ⅲ ). The sample data of parameters for CJ1-38 samples, TW1-48 samples, ML1-59 samples, and AU1-13 samples were present in Table . The CJ1-38 samples from oilfield in eastern Junggar Basin, China , whereas the others samples were detected in this study. For CJ1-38, TW1-48, ML1-59, and AU1-13 samples, the evolution in the remaining petroleum potential (HI) with increasing thermal maturity is shown in Figure . The majority of CJ1-38 samples are in the second part (Ⅱ) (Figure ; the region of highest petroleum potential, cf. Figures ). The Pearson correlation analysis for datasets of 226 and CJ1-38 samples, the couple of parameters (BI vs. HI, BI vs. QI) have medium correlation (Table ); as for the couple of the parameters ([S1+S2, S1] vs. [HI, QI, BI]) have no correlation for datasets of 226 and CJ1-38 samples in the second part (Ⅱ). On the other hand, the couple of parameters (S2 vs. TOC, [S1+S2] vs. TOC, S1 vs. TOC) exhibit high correlation for datasets of 226 and CJ1-38 samples (Table , Figures 9), in accordance with the result that possess highest petroleum potential of CJ1-38 samples. The AU1-13 samples are in the third and forth parts (Ⅲ/Ⅳ), with oil generation potential rapidly exhausted. The ML1-59 samples are in the first and second parts (Ⅰ/Ⅱ), the TW1-48 samples are in the first part ( Ⅰ ), both represent the region of petroleum generation (Figure )."
"An Information Theoretic Evaluation Criterion for 3D Reconstruction Algorithms","https://scispace.com/paper/an-information-theoretic-evaluation-criterion-for-3d-4xmrsmm04z","2004","Report","","Rama Chellappa
Amit K. Roy Chowdhury","10.6028/NIST.SP.1036","https://scispace.com/pdf/an-information-theoretic-evaluation-criterion-for-3d-4xmrsmm04z.pdf",": Even though numerous algorithms exist for estimating the structure of a scene from its video, the solutions obtained are often of unacceptable quality. To overcome some of the deficiencies, many application systems rely on processing more information than necessary with the hope that the redundancy will help improve the quality. This raises the question about how the accuracy of the solution is related to the amount of information processed by the algorithm. Can we define the accuracy of the solution precisely enough that we automatically recognize situations where the quality of the data is so bad that even a large number of additional observations will not yield the desired solution? This paper proposes an information theoretic criterion for evaluating the quality of a 3D reconstruction in terms of the statistics of the observed parameters (i.e. the image correspondences). The accuracy of the reconstruction is judged by considering the change in mutual information (or equivalently the conditional differential entropy) between a scene and its reconstructions and its effectiveness is shown through simulations. A brief discussion on the applicability of information theoretic criteria for other vision algorithms concludes the paper.","difficult to analyze and optimize. From a knowledge organization perspective, this area of practical knowledge is in disarray. For example, knowledge in the petroleum industry relates to many scales of representation, yet this fact is not taken into account in an organized manner. Introduction:
 Indeed, the oil industry is a live example of the need to integrate multiple disciplines presently not integrated, including huge volumes of raw data (particularly in geophysics) and multiple computational and conceptual models of geology, geophysics, and reservoir dynamics. Although the need in unification of the bodies of knowledge in these disciplines and the associated (tremendous) benefits of analysis enhancement capability has been widely recognized, progress in this direction has been very slow. The main reason for this is the rigid, segregated, serial process of knowledge and model buildingfrom geophysical signals to simulation-optimization of fluid dynamics in porous mediaa process that has evolved naturally during the last century, where the simulator has become the focal junction where all the knowledge and understanding of the physical processes and material properties are being filtered and concentrated in the form of partial differential equations (PDE that describe mass balance of oil, water, and gas in 3D space) whose coefficients (or distributed parameters) suppose to capture the physicalchemical properties of the medium on a particular scale, everywhere in the modeled subsurface/reservoir domain, assuming some ""known"" boundary conditions and initial conditions. In the following, we will use subsurface flow systems, particularly, oil reservoirs, as examples of managed, distributed parameter systems. Introduction:
 Oil reservoirs are complex systems on all scales. Decisions such as pumping and injection (schedule and rates), new well placement, and (directional) drilling in an active oil field, are typical of the complex relationships between reservoir characterization and oil field/reservoir management. The solutions to such problems involve a complex system of multiphase flow equations (linked PDE) in a heterogeneous domain (reservoir), as well as economical factors such as short-term and long-term oil price, worth of information, inventory/storage/delivery, cost of drilling, maintenance, production, etc. Well drilling and construction equipment are costly and cannot be afforded as frequently as necessary, while prevalent information gaps render decision-making uncertain and hence, risky. Introduction:
 Yet, the advantages of reservoir simulations should not be underestimated either. Models or simulators based on PDE solutions provide physical insight into various important flow phenomena, as well as the general behavior of the fluid movements in the reservoirs, under scarcity of spatial data typical of both old and young reservoirs, particularly the latter. The ability to capture the essence of the complex physics behind the reservoir responses to pumping and injection is the strength of the simulator and the essence of its intelligence. However, this strength could promptly become its weakness where (a) natural geological heterogeneities on certain scales are being missed, or (b) physical/chemical/thermodynamic processes are being missed (e.g., leaching geochemistry; instability of the oil-water interface), or (c) uncaptured (or erroneous) boundary conditions, all of which would lead to wrong predictions. In other words, wherever an essential physical phenomenon on any scale is being missed, the simulator looses its intelligence, i.e., its ability to predict short-term reservoir responses and longterm oil reserves and revenues."
"On Secondary Data Integration","https://scispace.com/paper/on-secondary-data-integration-2mckoelf9d","2009","","","Sahyun Hong
Clayton V. Deutsch","","https://scispace.com/pdf/on-secondary-data-integration-2mckoelf9d.pdf","A longstanding problem in geostatistics is the integration of multiple secondary data in the construction of high resolution models. In the presence of multiple secondary data, a workflow for modeling would involve: (1) integrate secondary data into unit of the primary variable, then (2) integrate secondary derived estimates with the well data. Results from the first integration step will be a probability map/cube or estimate of the continuous variable. These intermediate results are integrated with well data through spatial modeling. Variants of kriging are well established techniques to account for spatial variability. A large variety of methods are used for integrating the secondary data. Probability combination schemes have received much attention recently for this. The main challenge with these probability combination schemes (PCS) is fair consideration of redundant secondary data. Several combination models to meet this challenge are reviewed. Their limitations and possible applications are described. As an alternative to combining probability, direct modeling the multivariate distribution between secondary and primary variables is advanced. In this method, joint distribution is modeled in a nonparametric way and it is refined under marginal constraints. A simple and fast algorithm is developed to impose marginal conditions on initial joint distributions. The effectiveness of the discussed methods is demonstrated through some examples with related references.","Title: On Secondary Data Integration Authors: Sahyun Hong,Clayton V Deutsch Introduction:
 Building numerical reservoir models is an intermediate but essential step for reservoir management. Numerical models are usually used to plan new wells, calculate overall hydrocarbon reserves and to predict the reservoir performance in a flow simulator. Accurate reservoir models will lead to accurate predictions of reservoir performance and improve reservoir management decisions. Thus, constructing numerical geologic models is an important step in reservoir management. Accurate reservoir modeling, however, is difficult to achieve given sparse well data; the reservoir properties such as facies, porosities, permeabilities and fluid saturations are typically sampled at few well locations. Due to this sparse knowledge the built reservoir models are poorly constrained away from well locations, which leads to considerable uncertainty in the spatial distribution of reservoir properties. Introduction:
 Secondary data helps reduce uncertainty in a numerical model. Diverse auxiliary data sources are commonly available in petroleum applications. These data include well test data, seismic data, analog outcrops, and conceptual geological interpretations. Each data source carries information on the reservoir properties at different scales and with varying levels of precision. The main purpose of utilizing these secondary data is to provide accurate models and to reduce the uncertainty in the reservoir performance predictions. The idea is to integrate various data in a consistent manner to characterize reservoir properties of interest. All of the information must be integrated into comprehensive and consistent representation of the reservoir. Primary and Secondary Data:
 Data used for reservoir modeling is divided into two types: primary and secondary data. Direct measurements of reservoir properties are denoted as primary or hard data, while data that provide indirect measurement are denoted as secondary or soft data. Primary data is a direct measurement of the properties being predicted, but they are sparsely distributed over the reservoir. Well logs and core data are treated as the primary data. Secondary data are usually acquired from geophysical surveys, geologic interpretations and/or previously simulated variables being related to the primary variable; thus, they have wide coverage. Seismic data is an important source of secondary information. Several seismic attributes are extracted from a raw data and they could be good indicators of reservoir properties being predicted with varying degree of relation. In addition to quantitative seismic data, geologic maps derived from geologist or analogue information are valuable data that should be accounted for during reservoir modeling. 101-2:
 The uncertainty in the constructed model will decrease with additional data sources, however, it is not easy to reconcile various data because they have varying scale and spatial coverage. Secondary data that typically have larger scale than the modeling scale. Multiple secondary are first integrated together, and secondary derived estimates are then combined with small scaled primary data. When integrating secondary data first, it is crucial to properly account for data redundancy that represents how closely secondary data are related with respect to the primary data. Data redundancy may not fully explained by correlation coefficient or covariance among data and it arises from data interaction that is usually better described in the nonlinear manner. A Workflow for Reservoir Modeling with Secondary Data:
 Procedure of geostatistical reservoir modeling with secondary data can be divided into two parts; secondary data are first integrated generating probability or probability distribution related to the primary variable, and then they are integrated with primary data. The sketch shown in the figure-2 demonstrates the overall workflow for reservoir modeling in the presence of multiple secondary data."
"Assessment of Oil Reservoir Properties Empirical Correlations","https://scispace.com/paper/assessment-of-oil-reservoir-properties-empirical-3qu6ydplf1","2016","Journal Article","International Journal of Modern Trends in Engineering and Research","Salem O. Baarimah
Mohamed Mustafa
Hamid Khattab
Mahmoud Tantawy
Ahmed A. Gawish","","https://scispace.com/pdf/assessment-of-oil-reservoir-properties-empirical-3qu6ydplf1.pdf","Reservoir fluid properties such as oil bubble point pressure, oil formation volume factor, solution gas-oil ratio, gas formation volume factor, and gas and oil viscosities are very important in reservoir engineering computations. Perfectly, these properties should be obtained from actual laboratory measurements on samples collected from the bottom of the wellbore or at the surface. Quite often, however, these measurements are either not available, or very costly to obtain. For these reasons, it is necessary for the petroleum engineer to find a accurate, quick and reliable method for predicting the reservoir fluid properties.Therefore, the concept of numerical correlation equations has been proposed to the petroleum industry to alleviate all difficulties in reservoir fluid properties determination.For this study, 63 published black oil empirical correlations for oil bubble point pressure and oil formation volume factorwere collected and summarized from 1946 till now in chronological order.A huge database of crude oil properties wereused to evaluate these correlations against whole range of API gravity and each class of API gravity.","Title: Assessment of Oil Reservoir Properties Empirical Correlations Authors: Salem O Baarimah,Mohamed Mustafa,Hamid Khattab,Mahmoud Tantawy,Ahmed A Gawish"
"Oil Reservoir Properties Estimation Using Neutal Networks","https://scispace.com/paper/oil-reservoir-properties-estimation-using-neutal-networks-55n95m2ikb","1997","","","Nikzad Toomarian
Jacob Barhen
C.W. Glover
Fred Aminzadeh","","https://scispace.com/pdf/oil-reservoir-properties-estimation-using-neutal-networks-55n95m2ikb.pdf","This paper investigates the applicability as well as the accuracy of artificial neural networks for estimating specific parameters that describe reservoir properties based on seismic data. Our approach relies on JPL's adjoint operators general purpose neural network code to determine the best suited architecture. We believe that results presented in this work demonstrate that artificial neural networks produce surprisingly accurate estimates of the reservoir parameters.","Title: Oil Reservoir Properties Estimation Using Neural Networks Authors: N B Toomarian,C W Glover,N B Toomarian',J Barhen',C W Glover',F Aminzadeh3"
"Estimating soil properties in heterogeneous land‐use patches: a Bayesian approach","https://scispace.com/paper/estimating-soil-properties-in-heterogeneous-land-use-patches-1y1laspzow","2006","Journal Article","Environmetrics","Jacob Oleson
Diane Hope
Corinna Gries
Jason P. Kaye","10.1002/ENV.789","https://scispace.com/pdf/estimating-soil-properties-in-heterogeneous-land-use-patches-1y1laspzow.pdf","Cities provide unique opportunities for integrating humans into ecology. Using data from a socio-ecological inventory of metropolitan Phoenix, Arizona, we explore the contribution of human-related variables to explaining observed variation in soil nitrate-N (NO 3 -N) and total carbon (C) concentrations across the city, agricultural fields, surrounding desert, and mixed regions. Conventional modeling approaches in such a setting would lead to examination of spatial relationships over the entire study area or on subsets of the data independently. However, the spatial relationships for NO 3 -N and C may be different in each of these regions. Here we estimate. the correlation coefficients for influential variables toward soil NO 3 -N and C across the entire region, while at the same time accounting for potentially differing spatial patterns in each of these regions. Soil NO 3 -N shows markedly greater spatial autocorrelation in the desert regions, while the soil C shows varying amounts of spatial relationships in the different regions.","Title: Estimating soil properties in heterogeneous land-use patches: a Bayesian approach Authors: Jacob J Oleson (Corresponding Author),Diane Hope,Corinna Gries,Jason Kaye Keywords: hierarchical Bayes, MCMC, regression, spatial correlation, LTER"
"Mining Matters: Natural Resource Extraction and Firm-Level Constraints","https://scispace.com/paper/mining-matters-natural-resource-extraction-and-firm-level-1r000eaqgf","2019","Journal Article","Social Science Research Network","Ralph de Haas
Ralph de Haas
Ralph de Haas
Steven Poelhekke","10.2139/SSRN.2783443","https://scispace.com/pdf/mining-matters-natural-resource-extraction-and-firm-level-1r000eaqgf.pdf","We estimate the impact of local mining activity on the business constraints experienced by 22,150 firms across eight resource-rich countries. We find that the presence of active mines deteriorates the business environment in the immediate vicinity (","gas. Oil and gas tend to occur in higher concentrations of wealth than metals and other minerals, which may lead to larger local spending effects. On the other hand, production tends to be more capital intensive and this may imply smaller effects on local labor demand. Robustness: Controlling for oil and gas fields:
 To assess whether our results are sensitive to the local presence of large-scale hydrocarbon production, we extend our regressions with the number of oil and gas fields within distance bands of each firm. We use data from  who reports both the geographic coordinates and the size of 874 giant onshore and offshore oil and gas fields (with a minimum pre-extraction size of 500 million barrels of oil equivalent). In Table  we report our baseline regressions while adding the number of active oil and gas fields (column 1), total oil and gas reserves (column 2) or the remaining oil and gas reserves (column 3). In each case we include these variables both measured within a 20 km distance of the firm and for a 21-150 km spatial distance ring. Controlling for giant oil and gas fields does not alter our main result that nearby mining activity constrains firms in tradeable sectors but helps firms in the non-tradeable sector as well as firms downstream and upstream of natural resource companies. We also find that the presence of oil and gas fields decreases reported business constraints. However, closer inspection of the data reveals that only few firms have any oil and gas fields nearby (Table ). While there is on average 0.5 mines within 20 km of a firm, there is only 0.01 oil and gas fields within that distance. In fact, no firms in Brazil, Chile, Kazakhstan, Mexico or Mongolia have any fields within 20 km. This suggests that most fields are located in remote regions and that the negative effect is driven by very few observations. Robustness: Clustering standard errors:
 Our data is a repeated cross-section of country-sectors. In such cases, Bertrand, Duflo and Mullainathan ( ) recommend clustering at the country level when estimating country-level Robustness: Clustering standard errors:
 interventions. Yet, in our case the treatment happens at the firm level and is heterogeneous within countries. It is therefore not obvious that autocorrelation is an issue. Arbitrary spatial correlation is more likely and this is taken care of by clustering at the country-year-sector level (without assuming a particular distance decay function). In Table , we show that our main baseline results-here replicated in column 1-are robust to alternative clustering methods."
"Mining Matters : Natural Resource Extraction and Local Business Constraints","https://scispace.com/paper/mining-matters-natural-resource-extraction-and-local-cby76o0emg","2016","Journal Article","Social Science Research Network","Ralph de Haas
Ralph de Haas
Ralph de Haas
Steven Poelhekke","10.2139/SSRN.2870517","https://scispace.com/pdf/mining-matters-natural-resource-extraction-and-local-cby76o0emg.pdf","We estimate the impact of local mining activity on the business constraints experienced by 22,150 firms across eight resource-rich countries We find that with the presence of active mines, the business environment in the immediate vicinity (<20 km) of a firm deteriorates but business constraints of more distant firms relax The negative local impact of mining is concentrated among firms in tradeable sectors whose access to inputs and infrastructure becomes more constrained This deterioration of the local business environment adversely affects firm growth and is in line with a natural resource curse at the sub-national level","gas. Oil and gas tend to occur in higher concentrations of wealth than metals and other minerals, which may lead to larger local spending effects. On the other hand, production tends to be more capital intensive and this may imply smaller effects on local labor demand. Robustness: Controlling for oil and gas fields:
 To assess whether our results are sensitive to the local presence of large-scale hydrocarbon production, we extend our regressions with the number of oil and gas fields within distance bands of each firm. We use data from  who reports both the geographic coordinates and the size of 874 giant onshore and offshore oil and gas fields (with a minimum pre-extraction size of 500 million barrels of oil equivalent). In Table  we report our baseline regressions while adding the number of active oil and gas fields (column 1), total oil and gas reserves (column 2) or the remaining oil and gas reserves (column 3). In each case we include these variables both measured within a 20 km distance of the firm and for a 21-150 km spatial distance ring. Controlling for giant oil and gas fields does not alter our main result that nearby mining activity constrains firms in tradeable sectors but helps firms in the non-tradeable sector as well as firms downstream and upstream of natural resource companies. We also find that the presence of oil and gas fields decreases reported business constraints. However, closer inspection of the data reveals that only few firms have any oil and gas fields nearby (Table ). While there is on average 0.5 mines within 20 km of a firm, there is only 0.01 oil and gas fields within that distance. In fact, no firms in Brazil, Chile, Kazakhstan, Mexico or Mongolia have any fields within 20 km. This suggests that most fields are located in remote regions and that the negative effect is driven by very few observations. Robustness: Clustering standard errors:
 Our data is a repeated cross-section of country-sectors. In such cases, Bertrand, Duflo and Mullainathan ( ) recommend clustering at the country level when estimating country-level Robustness: Clustering standard errors:
 interventions. Yet, in our case the treatment happens at the firm level and is heterogeneous within countries. It is therefore not obvious that autocorrelation is an issue. Arbitrary spatial correlation is more likely and this is taken care of by clustering at the country-year-sector level (without assuming a particular distance decay function). In Table , we show that our main baseline results-here replicated in column 1-are robust to alternative clustering methods."
"An Integrated Approach to Characterizing Bypassed Oil in Heterogeneous and Fractured Reservoirs Using Partitioning Tracers","https://scispace.com/paper/an-integrated-approach-to-characterizing-bypassed-oil-in-3cva7h6byn","2006","Report","","Akhil Datta-Gupta","10.2172/824694","https://scispace.com/pdf/an-integrated-approach-to-characterizing-bypassed-oil-in-3cva7h6byn.pdf","This report presents an efficient trajectory-based approach to integrate transient pressure data into high-resolution reservoir and aquifer models. The method involves alternating travel time and peak amplitude matching of pressure response using inverse modeling and is particularly well-suited for high resolution subsurface characterization using hydraulic tomography or pressure interference tests. Compared to travel time inversion only, our proposed approach results in a significantly improved match of the pressure response at the wells and also better estimates of subsurface properties. This is accomplished with very little increase in computational cost. Utilizing the concept of a ''diffusive'' time of flight derived from an asymptotic solution of the diffusivity equation, we develop analytical approaches to estimate the sensitivities for travel time and peak amplitude of pressure response to subsurface properties. The sensitivities are then used in an iterative least-squared minimization to match the pressure data. We illustrate our approach using synthetic and field examples. In the field application at a fractured limestone formation, the predominant fracture patterns emerging from the inversion are shown to be consistent with independent geophysical experiments and borehole data.","travel time and generalized travel time exhibited better convergence properties and could match the tracer response at the wells with realistic changes to the geologic model. Our results appear to confirm the power and robustness of the travel-time matching for field scale production data integration. Multiscale Data Integration for Reservoir Characterization:
 Proper characterization of reservoir heterogeneity using available static data sources such as geologic data, well log, core and seismic data is a prerequisite to analysis and interpretation of field tracer tests. Integrating multi-resolution data sources into high-resolution reservoir models for accurate performance forecasting is an outstanding challenge in reservoir characterization. Well logs, cores, seismic and production data scan different length scales of heterogeneity and have different degrees of precision. Current geostatistical techniques for data integration rely on a stationarity assumption that is often not borne out by field data. Geologic processes can vary abruptly and systematically over the domain of interest. In addition, geostatistical methods require modeling and specification of variograms that can often be difficult to obtain in field situations. We present a case study from the Middle East to demonstrate the feasibility of a hierarchical approach to spatial modeling based on Markov Random Fields (MRF) and multiresolution algorithms in image analysis. Our proposed approach provides an efficient and powerful framework for data integration accounting for the scale and precision of different data types. Unlike their geostatistical counterparts that simultaneously specify distributions across the entire field, the MRF are based on a collection of full conditional distributions that rely on local neighborhood of each element. This critical focus on local specification provides several advantages: (a) MRFs are far more computationally tractable and are ideally suited to simulation-based computation such as MCMC (Markov Chain Monte Carlo) methods, and (b) model extensions to account for non-stationarities, discontinuity and varying spatial properties at various scales of resolution are accessible in the MRF. We construct fine scale porosity distribution from well and seismic data explicitly accounting for the varying scale and precision of the data types. First, we derive a relationship between the neutron porosity and the seismic amplitudes. Second, we integrate the seismically derived coarse-scale porosity with fine-scale well data to generate a 3-D field-wide porosity distribution using MRF. The field application demonstrates the feasibility of this emerging technology for practical reservoir characterization. Field-Scale Design Optimization via Numerical Simulation:
 To complement the streamline-based studies carried out at Texas A&M, a parallel effort has been ongoing using a finite difference model, UTCHEM for field-scale design and optimization of tracer tests. This work is carried out under the supervision of Dr. Gary A. Pope at the University of Texas, a subcontractor to the project."
"Designing Reality-Based VR Interfaces for Geological Uncertainty","https://scispace.com/paper/designing-reality-based-vr-interfaces-for-geological-y0o27kyhabaj","2025","Journal Article","arXiv.org","R. Mota
Ehud Sharlin
Usman Alim","10.48550/arxiv.2504.09355","https://scispace.compdf/designing-reality-based-vr-interfaces-for-geological-y0o27kyhabaj.pdf","","Title: Eurographics Conference on Visualization (EuroVis) 2018 Authors: W Aigner,N Andrienko,B Wang,R Mota,E Sharlin,U Alim Introduction:
 A petroleum reservoir is a piece of earth located deep underground. Its digital version is a 3D reservoir model, whose structure often employs corner point geometry since this can represent complex reservoir features (e.g., faults, fractures, horizons), as seen in Fig. . Introduction:
 A model typically consists of thousands to millions of cells, with various associated properties, such as porosity, permeability, and oil saturation. As reservoirs lie hundreds to thousands of feet in the subsurface, data acquisition is challenging and restricted to data sampled from sparse locations of the reservoir field. Introduction:
 Reservoir data is thus wrapped in uncertainty about the spatial distribution of reservoir properties. To model property uncertainty, geostatistical stochastic simulations are used to generate several (possibly hundreds or thousands) alternative, equally-probable models of the spatial distribution of that property [MLP * 11]. These are called geological realizations. Introduction:
 Due to resource limtations, performing fluid flow simulations in all geological realizations is unfeasible. A more practical approach is to carefully select a small set of models that reasonably represent the overall uncertainty, and then run flow simulation only on this small-best subset. Introduction:
 We call these selected realizations representative models of the original reservoir ensemble. Introduction:
 Industry's standards to select representative models are automated techniques like ranking, random selection, and probabilitybased methods . These automated methods are costly due to the computation of a large number of grid cells, and employ global aggregation strategies that fail to capture existing local heterogeneities in the realization models. Introduction:
 [SHM * 16] proposed the first interactive selection process: engineers first define a region of interest on the reservoir model; a clustering algorithm then groups the realization ensemble, accounting only for this particular area; afterwards, a few models from each cluster are selected, thereby yielding to the representative models. Introduction:
 This user-guided framework takes advantage of engineers' knowledge to enhance representative set selection: it captures local variability relevant to experts, and decreases computational cost by considering only a portion instead of the entire grid geometry. This analytical framework is used as the underlying basis for our system. Introduction:
 Furthermore, Sahaf et al. [SHM * 18] argue that the assessment of geological uncertainty is inherently exploratory and heavily reliant on human input and judgment throughout the process. Introduction:
 However, although the strength of their framework lies in the interplay between engineers and 3D reservoir models, it still lacks adequate user support for performing fundamental spatial tasks-e.g., inspecting both external and internal cells to determine whether to marke them as relevant. Introduction:
 Our work builds upon this analytical framework by leveraging virtual reality (VR) to develop intuitive and expressive 3D interactions intended to reduce user effort in tasks associated with geological uncertainty analysis. Introduction:
 We operate on the premise that grounding interactions in users' pre-existing real-world knowledge and motor skills can reduce cognitive load, as users already possess the capabilities required for system operation. Introduction:
 Outline This paper is structured as follows: Section 2 reviews related work on conventional and spatial interfaces for reservoir analysis. Section 3 outlines the system's data pipeline, and Section 4 details its design."
"Numerical simulation of first-order backscattered P and S waves for time-lapse seismic imaging in heterogeneous reservoirs","https://scispace.com/paper/numerical-simulation-of-first-order-backscattered-p-and-s-4cqdvos30l","2002","Journal Article","Geophysical Journal International","P. C. Leary","10.1046/J.1365-246X.2002.01564.X","https://scispace.com/pdf/numerical-simulation-of-first-order-backscattered-p-and-s-4cqdvos30l.pdf","Summary

First-order elastic wave scattering theory, validated in general features by deep-borehole seismic coda wave observations, is used to numerically simulate time-lapse borehole seismic data aimed at monitoring oil–water substitution in heterogeneous hydrocarbon reservoirs. A first-order perturbation solution of the vector wave equation leads to P–P and S–S backscattered displacement vector motion expressed as the angular summation of the second radial derivative of P- and S-wave velocity and density fluctuations α′/α, β′/β, ρ′/ρ over expanding spherical wave fronts of radii ξ = αt/2 and ξ = βt/2. P- and S-wave velocity and density spatial heterogeneity is modelled as long-range correlated random fluctuations consistent with the power-law-scaling character of crustal rock physical properties measured by borehole logs. The spectra of model scattering displacement seismograms for a power-law-scaling volumetric noise distribution duplicate the frequency enrichment observed in the spectra of broadband earthquake coda waves recorded in a deep well. Modelling of time-lapse scattering in power-law-scaling permeability structures suggests that a stable borehole seismic source can locate oil–water substitution in reservoir volumes tens of metres on a side at distances of up to a few hundred metres from an observation well using currently available borehole seismic technology. Time-lapse tracking of oil–water substitution and the monitoring of reservoir stress conditions can lead to spatially well-constrained reservoir models, despite large-scale, large-amplitude correlated random heterogeneity.","available with current technology at small source-sensor offsets. Section 5 extends the backscattering imaging formalism to the wide source-sensor offsets deployed for multisource, multisensor static imaging data. The modelling results are summarized in Section 6. Generic reservoir fracture heterogeneity:
 An accurate estimate of the seismic scattering in reservoir rock requires good physical control of elastic property spatial variation. Borehole logs provide a rich source of physically accurate data on the spatial variation of reservoir-rock physical properties . A large number of logs and well-core sequences indicate that reservoirs, and crustal rock in general, are characterized by a generic stochastic spatial heterogeneity associated with fracture and fluid percolation . In particular,  find from well-core porosity and permeability sequences of a producing North Sea oilfield that: (1) porosity and log (permeability) fluctuations are 80 per cent spatially cross-correlated in hydrocarbon-bearing sandstones; and (2) the well-core porosity and permeability fluctuations have the same power-law-scaling random spatial correlation as seen extensively in borehole logs. It follows that reservoir flow heterogeneity is physically intimately associated with the spatial heterogeneity recorded in hundreds of well logs. Generic reservoir fracture heterogeneity:
 Fig.  encapsulates the physical model for computing backscattering seismograms, and illustrates the importance of the time-lapse imaging of draining reservoirs. The left-hand column shows two examples of random spatial property fluctuations. The 2-D spatial distributions are slices from a single 3-D model spatial distribution controlled by well-log and well-core fluctuation statistics. That is, the two left-hand distributions of Fig.  are such that any borehole log drilled along the slice would produce spatial fluctuations that are statistically consistent with spatial fluctuations observed in situ. Generic reservoir fracture heterogeneity:
 The central and right-hand columns of Fig.  partition the left-hand column distributions by scale-length range to show the essential physical features of crustal rock stochastic fluctuation distributions: the significant stochastic spatial fluctuations are associated with large scale-lengths (centre column) rather than small scale-lengths (right-hand column)."
"Application of Artificial Intelligence to Reservoir Characterization - An Interdisciplinary Approach","https://scispace.com/paper/application-of-artificial-intelligence-to-reservoir-3ll5j5cu7a","2000","Report","","B.G. Kelkar
R.F. Gamble
D.R. Kerr
L.G. Thompson
Sujeet Shenoi","10.2172/750056","https://scispace.com/pdf/application-of-artificial-intelligence-to-reservoir-3ll5j5cu7a.pdf","The primary goal of this project is to develop a user-friendly computer program to integrate geological and engineering information using Artificial Intelligence (AI) methodology. The project is restricted to fluvially dominated deltaic environments. The static information used in constructing the reservoir description includes well core and log data. Using the well core and the log data, the program identifies the marker beds, and the type of sand facies, and in turn, develops correlation's between wells. Using the correlation's and sand facies, the program is able to generate multiple realizations of sand facies and petrophysical properties at interwell locations using geostatistical techniques. The generated petrophysical properties are used as input in the next step where the production data are honored. By adjusting the petrophysical properties, the match between the simulated and the observed production rates is obtained.","fall within the realm of uncertainties experienced by an expert geologist. Executive Summary: Section 4 of the report describes the technique that takes the information from the geological module and populates the geological facies and petrophysical properties at inter well locations. Executive Summary:
 The procedure used for generating the facies and petrophysical properties is the conditional cosimulation technique. The conditional co-simulation method allows the multiple realization of various attributes with locally consistent relationships. For example, if geological facies ""shale"" is assigned at a particular grid block, then the porosity and permeability at that grid block should be zero. By generating multiple descriptions, we are able to quantify uncertainties in the descriptions, as well as rank various realizations according to different criteria. Executive Summary:
 Section 5 of the report explains the technique that uses the petrophysical properties as an input to flow simulate the reservoir description. This step is necessary to incorporate the production data. Executive Summary:
 Through the use of simulated annealing, the petrophysical properties are perturbed till a match between the simulated data and the observed performance is obtained. To make the process computationally efficient, the flow simulation is conducted on a coarser scale using an appropriate upscaling technique. At present, the simulation is restricted to single-phase flow, and requires significant computational effort for a practical use for small operators. Executive Summary:
 xiv Section 6 explains the evaluation of well testing data. Based on the shape of pressure-time data, an appropriate reservoir model is selected for evaluation. Using a non-linear regression, the match between the model and the observed data are obtained. This should provide us with estimation of reservoir parameters such as permeability and the skin factor. At present, the procedure is a stand-alone procedure, and is used as a qualitative tool to evaluate the geometric shape of the sand bodies. Executive Summary:
 The details of the computer programs are explained in the Appendix. Appendix A provides the overall structure of the computer program that conducts the geological evaluation and modeling. Executive Summary:
 Appendix B provides the details about the co-simulation program, and the  the details about the inverse-modeling program that integrates the production data. Executive Summary:
 To summarize the achievements of the present work, we have been successful in integrating static data in constructing reservoir description that provides us with petrophysical properties that are consistent with the underlying geological structure. The integration of dynamic data has also been accomplished; however, the computational effort required to integrate the production data 1. Introduction:
 The basis of this research is to apply novel techniques from Artificial Intelligence and Expert Systems in capturing, integrating and articulating key knowledge from geology, geostatistics, and petroleum engineering to develop accurate descriptions of petroleum reservoirs. The ultimate goal is to design and implement a single powerful expert system for use by small producers and independents to efficiently exploit reservoirs. Introduction:
 The main challenge of the proposed research is to descriptions honoring all the available ""soft"" and automate the generation of detailed reservoir ""hard"" data that ranges from qualitative and semi-quantitative geological interpretations to numeric data obtained from cores, well tests, well logs and production statistics. In this sense, the proposed research project is truly multidisciplinary. It involves significant amounts of information exchange between researchers in geology, geostatistics, and petroleum engineering. Computer science (and artificial intelligence)"
"Multivariate Analysis of Diverse Data for Improved Geostatistical Reservoir Modeling","https://scispace.com/paper/multivariate-analysis-of-diverse-data-for-improved-329r245atz","2010","","","Sahyun Hong","10.7939/R3565C","https://scispace.com/pdf/multivariate-analysis-of-diverse-data-for-improved-329r245atz.pdf","","Outline: Because the advanced debiasing technique with multiple soft secondary data is proposed in Chapter 5, a key idea of debiasing is introduced in Chapter 2. Dissertation Outline: Chapter 3 introduces probability combination approaches for the secondary data integration. Dissertation Outline:
 The existing combination models are reviewed and some interesting points among them are addressed. New weighted combination method, the Lamda-model, is developed and a key contribution of the method is discussed. Some interesting features of the different combination models are noted through a small 1-D example. The accuracy assessment criteria are introduced in Chapter 3 that are used to evaluate the result through this dissertation. Dissertation Outline:
 Chapter 4 and 5 are involved in developing the multivariate density estimation technique to the secondary data integration. In Chapter 4, the kernel density estimation method is introduced as a nonparametric distribution modeling technique. Issues related to the choice of kernel bandwidth and computational costs are explained. In the latter part of Chapter 4, marginality constraints are introduced and how to impose them is discussed. An iterative marginal fitting algorithm is proposed. The idea of the algorithm is to evaluate the extracted marginals from the obtained joint distribution with the given reference marginals, and to correct the obtained distribution by the amount of marginal differences. The convergence of the iteration is proved at the end of the chapter. Chapter 5 presents application of the proposed multivariate analysis framework to the facies modeling. Integrating multiple soft secondary data with varying scales and integrating soft secondary and a geologic map are studied. Chapter 6 presents a derivation of Bayesian updating in great details and proposes a new form of the updating equation. The application of the multivariate modeling method to the Bayesian updating is presented with real example. Dissertation Outline:
 Chapter 7 concludes the dissertation. The main contribution of this work, advantages and disadvantages of the discussed methods are reviewed including possible future work. Modeling:
 A probabilistic approach is preferentially adopted for numerical reservoir modeling because the probabilistic model helps to describe the uncertainty in the constructed geologic model. At an early stage of reservoir modeling, it is especially important to model the uncertainty associated with the reservoir properties since this uncertainty could have a great impact on subsequent reservoir modeling and the accuracy of reservoir forecasting. This chapter introduces geostatistical theory, concepts and techniques that are used to quantify the uncertainty. Modeling:
 Geostatistical estimation and simulation methods are described briefly. One could also refer to books on geostatistics for extensive discussions . Probabilistic Approach:
 Modeling the reservoir properties involves the uncertainty from the fact that the available data is not exhaustive over the study domain. Let {z(u α ), α=1,…,n} be the set of n measurements of attribute z at n different locations. Samples are assumed to characterize the unknown population over the domain A. A model is required to characterize the attribute z over the entire domain. A model is a representation of the unknown reality. The reality may be deemed as spatial distribution of facies, porosities, permeabilities, and fluid saturations in petroleum reservoir modeling. A sequential modeling of reservoir properties is often followed. The facies rock types are modeled first because they have first order impact on the distribution of other reservoir properties. Porosities and permeabilities are then modeled on a by-facies basis. Probabilistic Approach:
 A deterministic model associates a single estimated value z*(u) to each unknown value z(u)."
"Simulation–Regression Approximations for Value of Information Analysis of Geophysical Data","https://scispace.com/paper/simulation-regression-approximations-for-value-of-4alstk94ac","2017","Journal Article","Mathematical Geosciences","Jo Eidsvik
Geetartha Dutta
Tapan Mukerji
Debarun Bhattacharjya","10.1007/S11004-017-9679-9","https://scispace.com/pdf/simulation-regression-approximations-for-value-of-4alstk94ac.pdf","Value of information analysis is useful for helping a decision maker evaluate the benefits of acquiring or processing additional data. Such analysis is particularly beneficial in the petroleum industry, where information gathering is costly and time-consuming. Furthermore, there are often abundant opportunities for discovering creative information gathering schemes, involving the type and location of geophysical measurements. A consistent evaluation of such data requires spatial modeling that realistically captures the various aspects of the decision situation: the uncertain reservoir variables, the alternatives and the geophysical data under consideration. The computational tasks of value of information analysis can be daunting in such spatial decision situations; in this paper, a regression-based approximation approach is presented. The approach involves Monte Carlo simulation of data followed by linear regression to fit the conditional expectation expression that is needed for value of information analysis. Efficient approximations allow practical value of information analysis for the spatial decision situations that are typically encountered in petroleum reservoir evaluation. Applications are presented for seismic amplitude data and electromagnetic resistivity data, where one example includes multi-phase fluid flow simulations.","Title: Simulation-regression approximations for value of information analysis of geophysical data Authors: Jo Eidsvik,Geetartha Dutta,Tapan Mukerji,Debarun Bhattacharjya Keywords: value of information, decision analysis, geophysical data, spatial decision situations, simulation and regression, petroleum geostatistics value of information, decision analysis, geophysical data, spatial decision situations, simulation and regression, petroleum geostatistics"
"Heterogeneity, permeability patterns, and permeability upscaling: Physical characterization of a block of Massillon sandstone exhibiting nested scales of heterogeneity","https://scispace.com/paper/heterogeneity-permeability-patterns-and-permeability-jydi5ku2zu","2000","Journal Article","Spe Reservoir Evaluation & Engineering","Vincent C. Tidwell
John L. Wilson","10.2118/65282-PA","https://scispace.com/pdf/heterogeneity-permeability-patterns-and-permeability-jydi5ku2zu.pdf","Over 75,000 permeability measurements were collected from a meter-scale block of Massillon sandstone, characterized by conspicuous cross bedding that forms two distinct nested-scales of heterogeneity. With the aid of a gas minipermeameter, spatially exhaustive fields of permeability data were acquired at each of five different sample supports (i.e. sample volumes) from each block face. These data provide a unique opportunity to physically investigate the relationship between the multi-scale cross-stratified attributes of the sandstone and the corresponding statistical characteristics of the permeability. These data also provide quantitative physical information concerning the permeability upscaling of a complex heterogeneous medium. Here, a portion of the data taken from a single block face cut normal to stratification is analyzed. Results indicate a strong relationship between the calculated summary statistics and the cross-stratified structural features visible evident in the sandstone sample. Specifically, the permeability fields and semivariograms are characterized by two nested scales of heterogeneity, including a large-scale structure defined by the cross-stratified sets (delineated by distinct bounding surfaces) and a small-scale structure defined by the low-angle cross-stratification within each set. The permeability data also provide clear evidence of upscaling. That is, each calculated summary statistic exhibits distinct and consistent trends with increasing sample support. Among these trends are an increasing mean, decreasing variance, and an increasing semivariogram range. Results also clearly indicate that the different scales of heterogeneity upscale differently, with the small-scale structure being preferentially filtered from the data while the large-scale structure is preserved. Finally, the statistical and upscaling characteristics of individual cross-stratified sets were found to be very similar owing to their shared depositional environment; however, some differences were noted that are likely the result of minor variations in the sediment load and/or flow conditions between depositional events.","Permeability Patterns, and Permeability Upscaling: Physical Characterization of a Block of Massillon Sandstone Exhibiting Nested Scales of Heterogeneity ,.4--JJ sm Authors: Vincent C Tidwell,Sandia National,L Wilson Introduction:
 Geologic materials are inherently heterogeneous owing to the depositional and diagenetic processes responsible for their formation. These heterogeneities often impose considerable influence on the performance of hydrocarbon bearing reservoirs. Unfortunately, quantitative characterization and integration of reservoir heterogeneity into predictive models is complicated by two challenging problems. First, the quantity of porous media observed and/or sampled is generally a minute faction of the reservoir under investigation. This gives rise to the need for models to predict material characteristics at unsampled locations. The second problem stems from technological constraints that often limit the measurement of material properties to sample supports (sample volumes) much smaller than can be accommodated in current predictive models. This dispm.ityin support requires measured data be averaged or upscaled to yield effective properties at the desired scale of analysis. Introduction:
 The concept of using ""soft"" geologic information to supplement often sparse ""hard"" physical data has received considerable attention.*t2Successful application of this approach requires that some relationship be established between the difficult to measure material property (e.g., permeability) and that of a more easily observable feature of the geologic material. For example, Davis et al? correlated architectural-element mapping with the geostatistical characteristics of a fluvial/interfluvial formation in central New Mexico; Jordan and Pryor4related permeability controls and reservoir productivity to six hierarchical levels of sand heterogeneity in a fluvial meander belt system, while Istok et al? found strong correlation between hydraulic property measurements and visual trends in the degree of welding of ash flow tuffs at Yucca Mountain, Nevada. Phillips and Wilson6 mapped regions where the permeability exceeds some specified cutoff value and related their dimensions to the correlation length scale by means of thresholdcrossing theory. Also, Journal and Alabert7proposed a spatial connectivity model based on an indicator formalism and conditioned on geologic maps of observable, spatially connected, highpermeability features."
"Evolving simple-to-use method to determine water–oil relative permeability in petroleum reservoirs","https://scispace.com/paper/evolving-simple-to-use-method-to-determine-water-oil-1usrcfg1b7","2016","Journal Article","Petroleum","Mohammad Ali Ahmadi
Sohrab Zendehboudi
Maurice B. Dusseault
Ioannis Chatzis","10.1016/J.PETLM.2015.07.008","https://cyberleninka.org/article/n/1323349.pdf","","native state one . Introduction: Experimental determination of relative permeability is costly and time consuming. Hence, searching for quick and accurate calculation of relative permeability is inevitable. Empirical correlations are one of the methods to obtain this important rock/ fluid characteristic. Introduction:
 In the past decades, several correlations have been developed to predict relative permeability of oil reservoirs. In 1954, Corey  introduced a correlation to estimate relative permeability of watereoil and gaseoil systems, based on relative permeability measurements on a large number of cores from several formations. This model assumes the wetting and non-wetting phaserelative permeabilities to be independent of the saturations of the other phases. It also ignores the effect of wettability. Sigmund and McCaffery  attempted to improve the reliability of Corey's correlation. They added a linear term with an empirical coefficient to the standard power term in the Corey correlation. Honarpour et al.  utilized the relative permeability data obtained from oil and gas fields in various parts of the world, to develop a new correlation for prediction of relative permeabilities. They also took into account the impacts of wettability and rock type in their model. One of the main disadvantages of their correlation is that, they proposed a large number of equations to employ the effect of wettability and rock type. In 1984, Chierici  suggested a two-parameter exponential relationship to predict relative permeabilities of watereoil and gaseoil systems. Although this correlation is more general than Corey  and Sigmund and McCaffery  correlations, it may not be appropriate as each of the employed parameters affects the relative permeabilities in the entire saturation range. Ibrahim and Koederitz  implemented linear regression approach to develop predictive equations for watereoil, gaseoil, gasewater, and gas-condensate relative permeability. They utilized 416 sets of relative permeability data which were extracted from published literature and various industry sources. The effect of wettability and formation type was also introduced in the correlation to improve its performance for watereoil and gaseoil systems. Introduction:
 Through this current research, potential application of various connectionist models such as Artificial Neural Network (ANN) optimized by different evolutionary algorithms like genetic algorithm is examined to forecast the relative permeability of water, oil and gas in petroleum reservoirs. Evolutionary algorithms are carried out to decide on initial weights of the parameters incorporated in artificial neural network. The suggested intelligent approaches are evaluated through utilization extensive experimental results [25e57]. Results obtained from the developed smart models were compared with the corresponding experimental relative permeability data and discussed in further details throughout this research."
"The regionalization of national-scale SPARROW models for stream nutrients","https://scispace.com/paper/the-regionalization-of-national-scale-sparrow-models-for-2w0zs1ombp","2011","Journal Article","Journal of The American Water Resources Association","Gregory E. Schwarz
Richard B. Alexander
Richard A. Smith
Stephen D. Preston","10.1111/J.1752-1688.2011.00581.X","https://scispace.com/pdf/the-regionalization-of-national-scale-sparrow-models-for-2w0zs1ombp.pdf","Schwarz, Gregory E., Richard B. Alexander, Richard A. Smith, and Stephen D. Preston, 2011. The Regionalization of National-Scale SPARROW Models for Stream Nutrients. Journal of the American Water Resources Association (JAWRA) 47(5):1151-1172. DOI: 10.1111/j.1752-1688.2011.00581.x



Abstract:  This analysis modifies the parsimonious specification of recently published total nitrogen (TN) and total phosphorus (TP) national-scale SPAtially Referenced Regressions On Watershed attributes models to allow each model coefficient to vary geographically among three major river basins of the conterminous United States. Regionalization of the national models reduces the standard errors in the prediction of TN and TP loads, expressed as a percentage of the predicted load, by about 6 and 7%. We develop and apply a method for combining national-scale and regional-scale information to estimate a hybrid model that imposes cross-region constraints that limit regional variation in model coefficients, effectively reducing the number of free model parameters as compared to a collection of independent regional models. The hybrid TN and TP regional models have improved model fit relative to the respective national models, reducing the standard error in the prediction of loads, expressed as a percentage of load, by about 5 and 4%. Only 19% of the TN hybrid model coefficients and just 2% of the TP hybrid model coefficients show evidence of substantial regional specificity (more than ±100% deviation from the national model estimate). The hybrid models have much greater precision in the estimated coefficients than do the unconstrained regional models, demonstrating the efficacy of pooling information across regions to improve regional models.","sufficiently differentiated, and an improved model specification would be possible by combining the two classes into a single variable. Both the TN and TP hybrid models exhibit spatial correlation in the residuals, a likely byproduct of the coarse regionalization adopted for this study. DISCUSSION:
 An issue frequently raised by the regionalization approach concerns the source of regional variation in the coefficients. From a modeling perspective, it is reasonable to suppose that the causes of regional variation are unrelated to variables that could be employed in the statistical analysis, for if such variables were the cause their use in the model would alleviate the need for regionalization. Consequently, regionalization likely reflects the absence of relevant data in the analysis. For example, the natural phosphate content of basin minerals, a prominent variable affecting TP (Garcı ´a et al., this issue), is absent from the models described here due to a lack of consistent data at the national scale. DISCUSSION:
 Even if pertinent variables are available, regional patterns in the residuals may be evident if the variables are measured with error, or if the functional relation between water quality and the causative variables is too complex to be adequately specified in a large-scale model. An example of a variable measured with error from the TN model is atmospheric deposition, which pertains only to wet deposition and excludes dry deposition. In addition, the surrogate land use variables employed in both the TN and TP models are incomplete measures of nutrient loading for specific land types, and are likely the source of regional coefficient variation. Given the scale of the analysis, therefore, regional variability in the coefficients is expected to be pervasive, making it difficult to attribute a specific cause. DISCUSSION:
 The fixed-effects approach is just one of many that have been used to introduce regional variation into statistical models. An alternative is the ''random effects'' approach , also called the hierarchical or multilevel method , which specifies model coefficients to be random variables having an assumed multivariate probability distribution with unknown parameters. The advantage of this approach is that only the parameters of the multivariate distribution for the coefficients need to be estimated, not the individual effects for each region, the estimation of which could be difficult if there is insufficient within-region variation in basin attributes. The multilevel method also has the potential to provide a richer description of the origin of error in the model, which is useful in the evaluation of prediction uncertainty. However, the method places rather strict assumptions on the statistical distribution of the regional coefficients ; typically, the regional coefficients are assumed to be normally or log-normally distributed and independent across regions. Moreover, the method may be difficult to implement computationally in the context of a nonlinear model, such as SPARROW, particularly if the multivariate distribution of the coefficients has a complicated covariance structure."
"Improvement of methods for estimating resource transfer into reserves","https://scispace.com/paper/improvement-of-methods-for-estimating-resource-transfer-into-zlh0tr6yx2","2013","Journal Article","","Vladislav Galkin
Tat'yana Aleksandrova
Gleb Kostarev","10.15593/2224-9923/2013.6.1","https://scispace.com/pdf/improvement-of-methods-for-estimating-resource-transfer-into-zlh0tr6yx2.pdf","К настоящему времени в мире существует множество методик оценки величин запасов по характеристикам ресурсов нефти. Для подготовленных объектов с категориями ресурсов С3 оценка ресурсов выполняется объемным методом, который учитывает распространение углеводородов в объеме залежи с учетом геологического строения месторождений-аналогов. По данным запасов месторождений и ресурсов представляется возможным разработать методику прогноза величин запасов по значениям ресурсов с привлечением дополнительных вероятностных критериев, которые характеризуют локальную нефтегазоносность разреза. Для разработки данной методики выбрана территория Соликамской депрессии. Отличительной особенностью данной работы является то, что при построении моделей перевода ресурсов в запасы будут учитываться характеристики, контролирующие нефтегазоносность этих структур на вероятностном уровне. По значениям вероятностей с использованием пошаговых линейного дискриминантного и многомерного регрессионного видов анализа будет разработана комплексная модель перевода ресурсов в запасы. С помощью данной модели представляется возможным определить первоочередные структуры, рекомендуемые для проведения глубокого поискового бурения. Ключевые слова: месторождения нефти, подготовленные структуры, ресурсы и запасы нефти, вероятность, коэффициент корреляции, дискриминантный анализ, многомерный регрессионный анализ, Пермский край.","С Костарев,V I Galkin,T V Aleksandrova,G S Kostarev Keywords: oil fields, prepared structures, resources and oil reserves, probability, correlation coefficient, discriminant, multivariate regression analyzes, Perm Krai Введение:
 Сейчас в мире используются различные методики оценки величин запасов по характеристикам ресурсов нефти . В условиях нарастающей освоенности территории Пермского края всё большее экономическое значение приобретает создание более совершенных моделей для прогноза подтверждаемости перспективных ресурсов категории С 3 запасами нефти промышленных категорий. Эффективность этих моделей во многом зависит от того, будут ли подготовленные структуры содержать залежи нефти. Введение:
 В старых нефтедобывающих регионах накоплен огромный фактический материал по значениям ресурсов и запасов. Комплексное использование этих величин позволит наиболее оптимально размещать поисковые скважины на тех структурах, где запасы в результате бурения скважин подтвердятся. Решение таких задач возможно только путем построения комплексных вероятностно-статистических моделей. Для этого необходимо учитывать ресурсы, которые подтвердились, и те ресурсы, которые не подтвердились. Примеры использования вероятностно-статистических оценок для прогноза различных явлений при поисках, разведке и разработке месторождений нефти и газа достаточно детально описаны в работах ."
"Building a model for reservoir characterisation in gis using machine learning","https://scispace.com/paper/building-a-model-for-reservoir-characterisation-in-gis-using-8qirjlk2h8","2020","Journal Article","ISPRS - International Archives of the Photogrammetry, Remote Sensing and Spatial Information Sciences","A. L. Singh
P. Bhardwaj
Susham Biswas","10.5194/ISPRS-ARCHIVES-XLIII-B4-2020-501-2020","https://scispace.com/pdf/building-a-model-for-reservoir-characterisation-in-gis-using-8qirjlk2h8.pdf",". The authors have tried to build a 3D model for reservoir characterization. The model is planned in such a way to accommodate multiple wells with their Petro-physical data spatially using different grids and then integrating the data to determine the reservoir characteristics for unknown locations in 3D. Initially, the model is planned using well log data of Equinor Volve field (central part of North Sea). Computational analysis for reservoir characterization was conducted in GIS type platform using ML approach integrating with MATLAB and PYTHON plugins. The model provides an opportunity to determine reservoir characteristics at desired X, Y, Z coordinate. However, there remain important challenges of deciding the size of the 3D grid, vis a vis availability of data, assigning the data to grid cell, assigning weights to each populated grid, and ascertainment of the model to relate a surface between known grid cell, and checking the accuracy of a fit surface from various directions in 3D. On analysis of the grid data for wells, it came out that for few places the values are more homogeneous while at other, they are abruptly changing. Various methods of reservoir characterization have been referred to which use a different technique of data evaluation at unknown points. Once the grids were populated with known data, unknown grid locations were ascertained with interpolation such as nearest neighbour and linear method. Initially, interpolation was tried to be made in X-Y, X-Z, Y-Z plane and then at a plane in any direction in 3D. Multi interpolations have been used in the model that enables authors to view a desired surface in the reservoir to suggest the best possible direction of drilling to hit the correct pay zones. Even though uncertainty will be encountered but authors have strived to suggest a probable way to proceed from the available data.","demanded the use of nearest neighbour because of the behaviour of a petrographic unit. Further linear fitting helped the cause after 3-d data generation. Multiple interpolations proved to be a unique way that the authors found to deal with such cases. CONCLUSION:
 Reservoir characterisation was achieved in all the possible direction within the domains of chosen mesh-grid. Planes parallel to x, y, z or in any direction was obtained using the model. CONCLUSION:
 Further work can be done on developing models by exploring the plethora of data visualisation and prediction tool."
"Geostatistical modeling and spatial distribution analysis of porosity and permeability in the Shurijeh-B reservoir of Khangiran gas field in Iran","https://scispace.com/paper/geostatistical-modeling-and-spatial-distribution-analysis-of-4pgrqi6j0r","2019","Journal Article","Journal of Petroleum Exploration and Production Technology","Erfan Hosseini
Raoof Gholami
Farzad Hajivand","10.1007/S13202-018-0587-4","https://scispace.com/pdf/geostatistical-modeling-and-spatial-distribution-analysis-of-4pgrqi6j0r.pdf","The main objectives of this study are analysis of spatial behavior of the porosity and permeability, presenting direction of anisotropy for each variable and describing variation of these parameters in Shurijeh B gas reservoir in Khangiran gas field. Porosity well log data of 32 wells are available for performing this geostatistical analysis. A univariate statistical analysis is done on both porosity and permeability to provide a framework for geostatistical analysis and modeling. For spatial analysis of these parameters, the experimental semivariogram of each variable in different direction as well as their variogram map plotted to find out the direction of anisotropy and their geostatistical parameters such as range, sill, and nugget effect for later geostatistical work and finally for geostatistical modeling, two approaches kriging and Sequential Gaussian Simulation are used to get porosity and permeability maps through the entire reservoir. All of statistical and geostatistical analysis has been done using GSLIB and PETREL software. Maximum and minimum direction of continuity are found to be N75W and N15E, respectively. Geostatistical parameters of calculated semivariogram in this direction like range of 7000 m and nugget of 0.2 are used for modeling. Both kriging and SGS method used for modeling but kriging tends to smooth out estimates but on the other hand SGS method tends to show up details. Cross-validation also used to validate the generated modeling.","Hosseini (Corresponding Author),Raoof Gholami,Farzad Hajivand,Geostatistical • Semivariogram,Shurijeh • Kriging,Anisotropy • Sgs Introduction:
 Geostatistics is a branch of applied statistics that deals with spatially correlated data based on the theory of the regionalized variables. It was initially addressed by George Matheron of the Centre de Morophologie Mathematicque in Fontainebleau, France in 1960s. The original purpose of geostatistics is centered on estimating changes in ore grade within a mine. However, the principles have been applied to a variety of areas in geology and other scientific disciplines. Introduction:
 The geostatistical models can provide interesting solutions to the two important challenges. These include: the construction of 3-D geologically realistic representations of heterogeneity and the quantification of uncertainty through the generation of variety of possible models (or realizations). The attempts of quantifying and constructing numerical models that describe the heterogeneity of the reservoir properties started as early as the 1978 when Journel and Huijbregts tried to use Markov chain analysis to quantify one-dimensional lithological sequences along wells, but this study was not mature enough to gain publicity.  introduced the comprehensive theory of estimating the regionalized variables. He found that the estimation of results could be improved after the lognormal transformation before using the kriging technique. In the early Eighties,  renewed the interest in the approach used at Hass-Messaoud. Later this was further perused by  that lead with the fast progress in computing facilities, to generate the models in three dimensions.  emphasized the importance of using the nonlinear geostatistics in case of non-normally distributed data. Introduction:
 In 1989, Issaks and Srivastava published the most comprehensive geostatistical book that had been written to that date.  added a voice in the debate by promoting the use of fractals geostatistics. In the early nineties, Hohn (1999) published the GSLIB library that enable the user to choose the suitable geostatistical technique based on the depositional setting and the scale of the problem. Since then, the use of petroleum geostatistics has grown rapidly. Reservoir engineers were the fastest to adopt the new techniques as shown in the large number of publications in the SPE literatures since the Eighties . The current research emphasizes aspects related to multidisciplinary data integration, or uncertainty quantification. The goal of this study is to characterize the distributions of porosity and permeability in Shurijeh-B reservoir of Khangiran gas field. Spatial distributions of porosity and permeability estimated using the ordinary kriging and nineteen realizations of porosity and permeability distributions determined by means of conditional Gaussian simulation."
"Efficient pairwise composite likelihood estimation for spatial-clustered data.","https://scispace.com/paper/efficient-pairwise-composite-likelihood-estimation-for-1rlx76yfcj","2014","Journal Article","Biometrics","Yun Bai
Jian Kang
Peter X.-K. Song","10.1111/BIOM.12199","https://scispace.com/pdf/efficient-pairwise-composite-likelihood-estimation-for-1rlx76yfcj.pdf","Spatial-clustered data refer to high-dimensional correlated measurements collected from units or subjects that are spatially clustered. Such data arise frequently from studies in social and health sciences. We propose a unified modeling framework, termed as GeoCopula, to characterize both large-scale variation, and small-scale variation for various data types, including continuous data, binary data, and count data as special cases. To overcome challenges in the estimation and inference for the model parameters, we propose an efficient composite likelihood approach in that the estimation efficiency is resulted from a construction of over-identified joint composite estimating equations. Consequently, the statistical theory for the proposed estimation is developed by extending the classical theory of the generalized method of moments. A clear advantage of the proposed estimation method is the computation feasibility. We conduct several simulation studies to assess the performance of the proposed models and estimation methods for both Gaussian and binary spatial-clustered data. Results show a clear improvement on estimation efficiency over the conventional composite likelihood method. An illustrative data example is included to motivate and demonstrate the proposed method.","Pairwise Composite Likelihood Estimation for Spatial-Clustered Data Authors: Yun Bai,Jian Kang,-K Song (Corresponding Author) Keywords: Gaussian copula, Generalized method of moments, Geographical cluster, Matérn class, Regression Introduction:
 In social and health sciences, research studies usually involve subjects that are randomly selected within a large number of geographical units. For example, among the studies of place effects on health,  investigated individual and contextual factors that determined the health care utilization in France, where 10,955 people were randomly surveyed within 4421 municipals in France. To study the association of neighborhood environmental risk factors with cardiovascular diseases,  used a sample of 5988 subjects selected from 576 census tracts from three states in USA.  assessed the impact of racial residential segregation on low birth weight from a pool of 10,277 cases nested in 1092 census tracts in Michigan. In civil engineering studies,  analyzed the physical activity participation levels of individuals in a family unit based on data drawn from the 2000 San Francisco Bay Area Household Travel Survey, in which individual and household socio-demographic as well as activity and travel episodes were recorded for subjects in 15,000 households. Introduction:
 These examples are just a glimpse of a growing number of research projects that collect data in spatial dimensions, thus necessitate the eminent need to generalize the multilevel data analysis to incorporate the spatial dependencies among the clustering units. In classic multilevel models, data across clusters are assumed to be independent, and the focus dwells on appropriately accounting for within-cluster correlations when making statistical inferences. However, when clusters are spa-tially correlated, such as neighborhoods or census tracts, subjects from clusters are likely to be correlated due to location proximity, hence, the between-cluster independence assumption is no longer valid. Statistical analysis ignoring the spatial effect can lead to wrong standard errors of the regression coefficient estimates, which in turn biases hypothesis testing . As a result, in order to draw valid statistical inference, it is of critical importance to account for the between-cluster spatial correlation as well as the within-cluster correlation. Introduction:
 In the current literature, there are two popular modeling frameworks for analyzing spatially correlated data. One approach is based on random effects models, where mean models are specified conditional on cluster-specific random effects (e.g., . The spatial structures are accounted for by allowing random effects to distribute as a spatial stochastic process. For non-Gaussian data, regression parameters in such hierarchical specification only have conditional or cluster-specific interpretations, which may not be desirable when population characteristics are of interest. The other approach is the generalized estimating equation (GEE, , which specifies the mean model and covariance separately. In the covariance model, the spatial dependence is incorporated via a spatially structured working correlation matrix (e.g., . GEE is suitable when the mean model is of central interest, since it treats spatial dependencies as nuisance components. As a result, GEE is not appropriate for spatial interpolation, which however is an important task in many practical studies, such as disease mapping ."
"Enhancing Reservoir Modeling and Simulation through Artificial Intelligence and Machine Learning: A Smart Proxy Modeling Approach","https://scispace.com/paper/enhancing-reservoir-modeling-and-simulation-through-3cs42q1udlk2","2024","Journal Article","","Andrew Jenkins","10.33915/etd.12510","https://scispace.compdf/enhancing-reservoir-modeling-and-simulation-through-3cs42q1udlk2.pdf","The application of numerical reservoir simulation (NRS) has been a common approach within the oil and gas industry for decades, providing a means to model and forecast dynamic subsurface interactions, as a basis for reservoir management and development decisions. These techniques have expanded to application within carbon capture utilization and storage (CCUS) projects as domestic and global policy shift towards reducing carbon emissions while maintaining the energy needs of our modern society. NRS techniques have become a core process for permitting approval in Class VI (large-scale geological sequestration) wells due to the fundamental similarity of these types of subsurface processes. This has provided the energy industry an opportunity to apply its expertise in modeling subsurface phenomena from hydrocarbon production to geological sequestration problems, predominantly focused on the injection and storage of carbon dioxide (CO2). ","reservoir building blocks or facies, 3. Difficult-to capture rock-property variability and variability structure with spatial position and direction, 4. Unknown relationships between property value and the volume of rock used for averaging (the scale problem) 5. Stochastic Modeling:
 The relative abundance of static (point values along the well and seismic data) over dynamic (time-dependent effects, how the rock architecture affects a recovery process, etc.) reservoir data, 6. Convenience and speed Stochastic modeling generates synthetic geological architecture and/or property data conditioned to observations and possessing desirable geological features. Stochastic Modeling:
 These representations address the uncertainty throughout the domain due to the limited number of measured observations. Figure  illustrates this stochastic process, displaying a series of permeability maps for five geological realizations across three different layers. Stochastic Modeling:
 The generality of the distributions is visually apparent, with similarities seen within each layer and variance in the spatial layout of those distributions. The stochastic modeling process is controlled by the defined parameters within the kriging and variogram techniques utilized by geoscientists when developing geological realizations. Stochastic Modeling:
 These techniques enable the modeling of spatial correlations and the interpolation of data, providing a framework to generate multiple equiprobable representations of the subsurface domain. By accounting for uncertainty, these varied representations are crucial in the process of history matching the reservoir. Stochastic Modeling:
 This iterative process helps refine and identify more accurate geological input parameters for the NRS model, ultimately leading to more reliable and robust reservoir simulations. Reservoir Modeling:
 Reservoir modeling is a technique used extensively throughout the oil and gas industry for subsurface characterization and representation; often to be used in further detailed analysis, such as simulation and forecasting. This process is also utilized in other related fields, such as carbon capture and sequestration. Reservoir Modeling:
 Significant advancements in reservoir modeling have been driven by investments from the oil and gas sector and progress in underlying component fields like computational fluid dynamics (CFD). These developments over the past century have enabled the creation of synthetic representations of subsurface features through advanced computational and numerical methods. Reservoir Modeling:
 Reservoir modeling can be divided into two main categories: (a) geological modeling and (b) numerical reservoir simulation (NRS). These processes are typically performed sequentially, starting with the geological model and followed by the NRS model. Reservoir Modeling:
 (a) Geological modeling: This involves creating a digitized representation of the reservoir and its characteristics. The goal is to provide an accurate depiction of the subsurface domain, which requires a highly detailed and complex model. Geological modeling relies on measurements, interpretations, and statistical methods to describe the subsurface accurately. Reservoir Modeling:
 This stage captures the static properties of the reservoir, such as its structure, lithology, and petrophysical properties. Reservoir Modeling:
 (b) Numerical reservoir simulation (NRS): NRS focuses on the dynamic interaction and response of the subsurface model. Unlike geological modeling, which captures static complexities, NRS models simulate the fluid flow and pressure behavior within the reservoir over time. Reservoir Modeling:
 To manage the computational demands, these dynamic simulation models often upscale the reservoir into larger grid blocks, reducing complexity while still honoring the underlying geological trends. This simplification allows for efficient simulation and forecasting of reservoir performance under various production scenarios."
"High-resolution analysis of the physicochemical characteristics of sandstone media at the lithofacies scale","https://scispace.com/paper/high-resolution-analysis-of-the-physicochemical-2tpevxwmpm","2020","Journal Article","Solid Earth","A. Linsel
Sebastian Wiesler
Jens Hornung
Matthias Hinderer","10.5194/SE-11-1511-2020","https://scispace.com/pdf/high-resolution-analysis-of-the-physicochemical-2tpevxwmpm.pdf",". The prediction of physicochemical rock properties in subsurface models regularly suffers from uncertainty observed at the sub-meter scale. Although at this scale – which is commonly termed the lithofacies scale – the physicochemical variability plays a critical role for various types of subsurface utilization, its dependence on syn- and post-depositional processes is still subject to investigation. The impact of syn- and post-depositional geological processes, including depositional dynamics, diagenetical compaction and chemical mass transfer, onto the spatial distribution of physicochemical properties in siliciclastic media at the lithofacies scale is investigated in this study. We propose a new workflow using two cubic rock samples where eight representative geochemical, thermophysical, elastic and hydraulic properties are measured on the cubes' faces and on samples taken from the inside. The scalar fields of the properties are then constructed by means of spatial interpolation. The rock cubes represent the structurally most homogeneous and most heterogeneous lithofacies types observed in a Permian lacustrine delta formation that deposited in an intermontane basin. The spatio-temporal controlling factors are identified by exploratory data analysis and geostatistical modeling in combination with thin section and environmental scanning electron microscopy analyses. Sedimentary structures are well preserved in the spatial patterns of the negatively correlated permeability and mass fraction of Fe2O3. The Fe-rich mud fraction, which builds large amounts of the intergranular rock matrix and of the pseudomatrix, has a degrading effect onto the hydraulic properties. This relationship is underlined by a zonal anisotropy that is connected to the observed stratification. Feldspar alteration produced secondary pore space that is filled with authigenic products including illite, kaolinite and opaque phases. The local enrichment of clay minerals implies a non-pervasive alteration process that is expressed by network-like spatial patterns of the positively correlated mass fractions of Al2O3 and K2O. Those patterns are spatially decoupled from primary sedimentary structures. The elastic properties, namely p- and s-wave velocity, indicate a weak anisotropy that is not inevitably oriented perpendicularly to the sedimentary structures. The multifarious patterns observed in this study emphasize the importance of high-resolution sampling in order to properly model the variability present in a lithofacies-scale system. In fact, the physicochemical variability observed at the lithofacies scale might nearly cover the global variability in a formation. Hence, if the local variability is not considered in full-field projects – where the sampling density is usually low – statistical correlations and thus conclusions about causal relationships among physicochemical properties might be feigned inadvertently.","Pearson linear product-moment correlation coefficient (R) can be used. R is expressed as follows: Correlation and regression analysis: with n representing the number of compared point pairs and x and y standing for the arithmetic mean of x and y. Correlation and regression analysis:
 Regression aims at finding a fitting function between samples of two or more random variables. For curvilinear regression, a function of a degree > 1 will be approximated for a discrete set of values. A second-degree polynomial function f (x), for instance, would be described as follows: Correlation and regression analysis:
 Thus, we would need to find n + 1 regression coefficients, where n is the degree of f (x). In general, the regression model yields the following: Correlation and regression analysis:
 with i = 1, 2, . . ., n. The regression coefficients b m are obtained through solving a system of linear equations as follows: Correlation and regression analysis:
 where x and y are the samples. The function approximations, as produced in regression analyses, are commonly evaluated by the coefficient of determination (R 2 ), which is calculated through the following: Correlation and regression analysis:
 is the explained sum of squares, and Correlation and regression analysis:
 is the total sum of squares. Spatial modeling and statistical analyses:
 The spatial dependence of the discrete values is evaluated through experimental semivariograms. The semivariograms are generated for the single rock faces, where measurements are available, and for the plug measurements. The empirical semivariogram is fitted to a variogram model, which is then used for the geostatistical interpolation. Interpolation analyses are performed as IDW and SK realizations (Fig. ) that are assessed through cross validation. The power parameter for IDW is chosen to be three since this constant provides the lowest RMSE among the realizations. The search radii for each prediction is chosen to be 0.2 m, in x and y direction, and 0.15 m, in z direction, in OSB1_c to account for the sedimentary structures. For OSB2_c, the search radii are chosen to be isotropic with a length of 0.2 m. To make the methods comparable, we selected the maximum number of neighboring points to be 25 to represent between 5 % and 95 % of the measurements. Spatial modeling and statistical analyses:
 We decided to waive sequential simulation as large amounts of the cubes' volumes are covered by rock samples. Thus, we do not expect a relevant kriging variance. With this in mind, the simulations are assumed to capture most of the total variance from the measurements themselves. The interpolation results that provide the lowest cross validation error are used for statistical analyses in order to derive correlations and regression functions between the scalar fields. Eventually, significant correlations are compared with the noninterpolated data sets. Both the spatial modeling and the statistical analyses are performed with the open source software called Geological Reservoir Virtualization (GeoReVi; . This software tool provides functionality for multidimensional subsurface characterization using the concept of knowledge discovery in databases, which is helpful when handling huge data sets such as those produced in this study."
"Geostatistic in reservoir characterization: from estimation to simulation methods","https://scispace.com/paper/geostatistic-in-reservoir-characterization-from-estimation-4cwn2act4z","2005","Journal Article","Estudios Geologicos-madrid","H. Mata Lima","10.3989/EGEOL.05613-651","https://scispace.com/pdf/geostatistic-in-reservoir-characterization-from-estimation-4cwn2act4z.pdf","In this article objective have been made to reviews different geostatistical methods available to estimate and simulate petrophysical properties (porosity and permeability) of the reservoir. Different geostatistical techniques that allow the combination of hard and soft data are taken into account and one refers the main reason to use the geostatistical simulation rather than estimation. Uncertainty in reservoir characterization due to variogram assumption, which is a strict mathematical equation and can leads to serious simplification on description of the natural processes or phenomena under consideration, is treated here. Mutiple-point geostatistics methods based on the concept of training images, suggested by Strebelle (2000) and Caers (2003) owing to variogram limitation to capture complex heterogeneity, is another subject presented. This article intends to provide a review of geostatistical methods to serve the interest of students and researchers.","Title: GEOSTATISTIC IN RESERVOIR CHARACTERIZATION: FROM ESTIMATION TO SIMULATION METHODS Authors: H Mata Lima (Corresponding Author) Keywords: Petrophysical properties, Geostatistic, Estimation, Simulation, Uncertainty Características petrofísicas, geostatística, estimación, simulación, incertidumbre"
"Application of a Deep Learning Network for Joint Prediction of Associated Fluid Production in Unconventional Hydrocarbon Development","https://scispace.com/paper/application-of-a-deep-learning-network-for-joint-prediction-ggcvwaia","2022","Journal Article","Processes","Derek Vikara
Vikas Khanna","10.3390/pr10040740","https://scispace.com/pdf/application-of-a-deep-learning-network-for-joint-prediction-ggcvwaia.pdf","Machine learning (ML) approaches have risen in popularity for use in many oil and gas (O&G) applications. Time series-based predictive forecasting of hydrocarbon production using deep learning ML strategies that can generalize temporal or sequence-based information within data is fast gaining traction. The recent emphasis on hydrocarbon production provides opportunities to explore the use of deep learning ML to other facets of O&G development where dynamic, temporal dependencies exist and that also hold implications to production forecasting. This study proposes a combination of supervised and unsupervised ML approaches as part of a framework for the joint prediction of produced water and natural gas volumes associated with oil production from unconventional reservoirs in a time series fashion. The study focuses on the pay zones within the Spraberry and Wolfcamp Formations of the Midland Basin in the U.S. The joint prediction model is based on a deep neural network architecture leveraging long short-term memory (LSTM) layers. Our model has the capability to both reproduce and forecast produced water and natural gas volumes for wells at monthly resolution and has demonstrated 91 percent joint prediction accuracy to held out testing data with little disparity noted in prediction performance between the training and test datasets. Additionally, model predictions replicate water and gas production profiles to wells in the test dataset, even for circumstances that include irregularities in production trends. We apply the model in tandem with an Arps decline model to generate cumulative first and five-year estimates for oil, gas, and water production outlooks at the well and basin-levels. Production outlook totals are influenced by well completion, decline curve, and spatial and reservoir attributes. These types of model-derived outlooks can aid operators in formulating management or remedial solutions for the volumes of fluids expected from unconventional O&G development.","Each feature in this data group is treated as static. In actuality, many of these features, such as proppant, water, and additive per foot, could essentially vary over the life of any given well due to refracturing campaigns. • Spatial and Reservoir Attributes::
 The features included attempt to best approximate the variability that may exist in the geologic conditions which influence hydrocarbon prominence and producibility that span the reservoirs of interest across the study domain. True vertical depth and thickness (i.e., reservoir thickness) are provided from DillingInfo/Enverus for each well. However, other relevant geologic characteristics that are known to influence hydrocarbon production, such as total organic carbon, porosity, hydrocarbon and/or water saturation, thermal maturity, reservoir pressure, existence of fracture networks, and capacity of the reservoir(s) to be hydraulically fractured , are not directly or readily available in bulk. Additionally, many of these features are dynamic in nature and change over the duration of hydrocarbon production (such as fluid saturation and pressure in the reservoir), while others essentially remain static (such as porosity and thermal maturity) . Each well's locational data (surface latitude and longitude) is used as a contingency means to approximate geologic conditional variability known to vary spatially across the study area-an approach widely used in other ML-based model development efforts occurring over large spatial horizons . • Spatial and Reservoir Attributes::
 A correlation matrix using Pearson's Product-Moment Correlation is presented in Figure  which provides quantitative indication of the linear relationship between each of the various static features of interest. The analysis represented in Figure  is informative specifically due to the fact that: (1) it suggests how attributes correspond to other attributes, as well as with potential model outputs; and (2) it serves as a diagnostic check on data quality to ensure data features are related in a fashion that is intuitive and confirmatory based on heuristic understanding of the Midland Basin. • Spatial and Reservoir Attributes::
 The features within each data group from Table  have a specific role as part of the hydraulic fracturing and oil/gas production process. The breadth of data features available within the study dataset affords the opportunity to explore a multitude of aspects related to unconventional oil and gas production in the Midland Basin. Data groupings and their associated features are briefly described next."
"Estimation of oil and gas bearing prospects in traprocks of the bed U2 on the territory of the Kogalymneftegaz business unit","https://scispace.com/paper/estimation-of-oil-and-gas-bearing-prospects-in-traprocks-of-1d07bzsf6b","2014","Journal Article","","Konstantin Skachek
Aidar Shaikhutdinov","10.15593/2224-9923/2014.13.1","https://scispace.com/pdf/estimation-of-oil-and-gas-bearing-prospects-in-traprocks-of-1d07bzsf6b.pdf","В условиях усложнения поисков месторождений нефти и газа на территории ТПП «Когалымнефтегаз» всё большее экономическое значение приобретает создание более совершенных моделей для прогноза нефтегазоносности ловушек. В настоящее время имеется определенный фактический материал как по площадям, содержащим залежи углеводородов, так и по тем участкам, где проведено поисковое бурение, но залежи углеводородов не открыты. На данном статистическом материале предлагается разработать методику прогноза нефтегазоносности с помощью построения вероятностно-статистических моделей. Геолого-математические модели строятся с помощью комплексного использования корреляционного, дискриминантного и регрессионного видов анализа. При таком подходе многомерная задача сводится к одномерной. Это позволяет интерпретировать полученные геолого-статистические данные более качественно. При этом необходимо отметить, что показатели будут использоваться комплексно, что является залогом высокой надежности построенных вероятностно-статистических моделей прогноза нефтегазоносности. Все эти участки должны быть охарактеризованы одними и теми же показателями, которые можно определить до постановки на них глубокого поискового бурения. Это позволяет строить вероятностно-статистические модели, которые практически можно будет использовать при оценке нефтегазоносности неразбуренных ловушек. С помощью данной методики можно планировать очередность бурения на ловушках, это позволит стабилизировать добычу нефти на территории ТПП «Когалымнефтегаз». Ключевые слова: углеводороды, нефтегазоносность структур, прогноз, уравнения регрессии, корреляционные связи, коэффициент корреляции, информативность показателей, линейный дискриминантный анализ, многомерный регрессионный анализ.","Шайхутдинов,K G Skachek,A N Shaikhutdinov Keywords: hydrocarbons, oil and gas content, forecast, regression equation, correlation relationship, coefficient of correlation, parameter informativeness, linear discriminant analysis, multidimensional regression analysis Введение:
 На территории деятельности ТПП «Когалымнефтегаз» в пределах пласта Ю 2 , залегающего в кровле малышевского горизонта средней юры, выявлены по результатам 2D-сейсморазведки 10 ловушек углеводородов (рисунок). В настоящей статье выполнена вероятностная оценка перспектив нефтегазоносности данных ловушек."
"Spatial hidden Markov chain models for estimation of petroleum reservoir categorical variables","https://scispace.com/paper/spatial-hidden-markov-chain-models-for-estimation-of-2b5d67usjm","2017","Journal Article","Journal of Petroleum Exploration and Production Technology","Xiang Huang
Jie Li
Yu-ru Liang
Zhi-zhong Wang
Jian-hua Guo
Peng Jiao","10.1007/S13202-016-0251-9","https://scispace.com/pdf/spatial-hidden-markov-chain-models-for-estimation-of-2b5d67usjm.pdf","Indicator variograms and transition probabilities are used to measure spatial continuity of petroleum reservoir categorical variables. Variogram-based Kriging variants are symmetric geostatistical methods, which cannot completely capture the complex reservoir spatial heterogeneity structure. The asymmetric spatial Markov chain (SMC) approaches employ transition probabilities to incorporate proportion, length and juxtaposition relation information in subsurface reservoir structures. Secondary data in petroleum geology, however, cannot be reasonably aggregated. We propose a spatial hidden Markov chain (SHMC) model to tackle these issues. This method integrates well data and seismic data by using Viterbi algorithm for reservoir forecasting. The classified sonic impedance is used as auxiliary data, directly in some kind of Bayesian updating process via a hidden Markov model. The SMC embedded in SHMC has been redefined according to first-order neighborhood with different lag in three-dimensional space. Compared with traditional SMC in Markov chain random field theory, the SHMC method performs better in prediction accuracy and reflecting the geological sedimentation process by integrating auxiliary information.","Title: Spatial hidden Markov chain models for estimation of petroleum reservoir categorical variables Authors: Xiang Huang (Corresponding Author),Jie Li,Yuru Liang,Zhizhong Wang,Jianhua Guo,Peng Jiao Keywords: Hidden Markov model, Posterior probability, Reservoir simulation, Sonic impedance, Viterbi algorithm"
"Dynamic baselines for the detection of water quality impacts – the case of shale gas development","https://scispace.com/paper/dynamic-baselines-for-the-detection-of-water-quality-impacts-4bwldkvwq5","2021","Journal Article","Environmental Science: Processes & Impacts","Fred Worrall
Richard J. Davies
Alwyn Hart","10.1039/D0EM00440E","https://scispace.com/pdf/dynamic-baselines-for-the-detection-of-water-quality-impacts-4bwldkvwq5.pdf","There is a need for the development of effective baselines against which the water quality impacts of new developments can be assessed. The specific conductance of flowback water from shale gas operations is typically many times the specific conductance of surface water and near-surface groundwater. This contrast in specific conductance means that specific conductance could be the ideal determinand for detecting water quality impacts from shale gas extraction. If specific conductance is to be used for detecting the impacts of shale gas operations, then a baseline of specific conductance in water bodies is required. Here, Bayesian hierarchical modelling of specific conductance was applied across English groundwater. The modelling used existing, spot-sampled data from the years 2000 to 2018 from 537 unique borehole locations. When the differences between boreholes was considered, then the approach was sufficiently sensitive to detect 1% mixing of fracking fluid in groundwater at a 95% confidence interval. The Bayesian hierarchical modelling maximises the return on public investment and provides a means by which future observations can be judged.","not clear how oen this might occur. The approach presented here could be used for each new datapoint, i.e. the calculation and method presented would give the probability that a new observation is exceptional and not what should be expected. Discussion:
 Could it be possible to improve on the current approach? It is possible to include covariates and other factors within the analysis. This study has already included the aquifer class and type, but there could be a spatial correlation within the monitoring that could relate boreholes between aquifers. Such a spatial correlation in the observations is not included in this modelling approach. Qian et al.  have developed a Bayesian hierarchical model for the calculation of nutrient loads in rivers that incorporated spatial correlation, but the spatial c o r r e l a t i o nw a sb a s e do nt h eow through the river network which provides for one dimensional and directional correlation not appropriate for the three dimensions of the aquifers considered here. Discussion:
 Specic conductance could be expected to co-vary with some cations and anions and indeed different sources of water may have a similar range of specic conductance but a very diffident set of cations and anions that constitute that ionic strength. Other studies have considered other chemical indicators of pollution from unconventional hydrocarbons: Cl/ Br;  Sr isotopes; 14 or the ratio (Ba + Sr)/Mg. Indeed, Wilson and Van Briesen 44 used Cl/Br ratios to detect shale gas uids in surface water of the Monongahela river in Pennsylvania. However, a particular advantage of specic conductance is that it is regularly monitored whereas other determinands proposed in the literature have been far less frequently monitored."
"Local and global spatial effects in hierarchical models","https://scispace.com/paper/local-and-global-spatial-effects-in-hierarchical-models-1ddiq86jkb","2016","Journal Article","Applied Economics Letters","Donald J. Lacombe
Stuart McIntyre","10.1080/13504851.2016.1142645","https://scispace.com/pdf/local-and-global-spatial-effects-in-hierarchical-models-1ddiq86jkb.pdf","Hierarchical models have a long history in empirical applications; recognition of the fact that many datasets of interest to applied econometricians are nested; counties within states, pupils within school, regions within countries, etc. Just as many datasets are characterized by nesting, many are also characterized by the presence of spatial dependence or spatial heterogeneity. Significant advances have been made in developing econometric techniques and models to allow applied econometricians to address this spatial dimension to their data. This article fuses these two literatures together and combines a hierarchical model with the two general spatial econometric models.","in Table . The direct effect is the effect of the covariate in area i on the dependent variable in area i, while the indirect effect is the impact of the covariate in neighbouring area j = i, on the dependent variable in area i. Conclusions:
 This paper has extended the traditional hierarchical regression model to incorporate local and global spatial spillovers. These models have been developed using Bayesian methods to take advantage of the estimation performance advantages demonstrated in estimating hierarchical models in this way. Space consideration have precluded an ""real"" empirical demonstration of these models in this study, but future work will use these models in an applied setting. Nevertheless, using generated data we have demonstrated that these models are well coded, and we encourage applied researchers to use these models in their studies using the MATLAB code available from the authors."
"Multiple correlation-regression analysis of the impact of major factors on oil production","https://scispace.com/paper/multiple-correlation-regression-analysis-of-the-impact-of-2dmmp0ooov","2021","Journal Article","","Klara Gabdrakhmanova
Gulnara Izmailova
Lilia Samigullina
Muhammad Majidov","10.1051/E3SCONF/202125812013","https://scispace.com/pdf/multiple-correlation-regression-analysis-of-the-impact-of-2dmmp0ooov.pdf","This article discusses the multiple regression analysis techniques to determine the effectiveness of the factors used. The study examines the various relationships between the elements. It is important to identify which factor will be the most important when selecting wells to determine the amount of oil recovery. Nowadays, the most important problem in the fields of Tatarstan and Bashkortostan is the depletion of deposits. To maintain the profitability of mining companies, therefore, the issue of preparing new reserves remains relevant. This process involves high costs and risks. For a more reliable picture, it is crucial to determine the most relevant factors. The use of the triad of studies proposed by the authors makes it possible to more reliably determine the effectiveness of oil companies. The initial data are direct measurements and methods of mathematical statistics that allow more accurate predictions. Statistical analysis made it possible to identify the parameters on which the effectiveness of the factors depends. In domestic practice, the assessment of resources and reserves of hydrocarbons is usually made by deterministic methods, while abroad the statistical method is used. When studying the relationships between objects, the analyst should be interested not only in the presence and quantitative assessment of the relations but also in the form and relationship of the effective and factor characteristics, its analytical expression. Correlation and regression analysis help to solve these problems. Correlation analysis aims to measure the tightness of the relationship between the varying variables and to evaluate the factors that have the greatest impact on the resulting trait. Regression analysis is designed to select the form of the relationship, to determine the calculated values of the dependent variable (the effective feature) [1]. For the factor analysis, we used data on the oil industry published in the annual statistical collections of Rosstat, as well as specialized periodicals for ten years.","Title: Multiple correlation-regression analysis of the impact of major factors on oil production Authors: Klara Gabdrakhmanova,Gulnara Izmailova,Lilia Samigullina,Muhammad Majidov Introduction:
 The fields of Tatarstan and Bashkortostan are characterized by significant oil reserves depletion nowadays. To conduct exploratory drilling, one needs to know the factors that are fundamental. In Russia, the main method is the deterministic method, which is more expensiveboth from an economic point of view and in terms of time costs. In foreign practice, preferences are given to statistical forecasts. Introduction:
 The theoretical and practical aspects of the fuel and energy complex sustainable development are widely discussed by the scientific community. The problems of economics and the oil complex management in the country and regions are reflected in the works of such researchers as A.O. Amosov,  V.F. Dunaev , M.N. Isyanbaev , and others. The works of I.V. Akimochkina , V.I. Vernadsky, O.M. Prishchepa, V.A. Skorobogatov, G.I. Schmal are devoted to the subsoil hydrocarbon potential of our country development. The works of P.G. Egorin, A.D. Dumnov, A.D. Boriskin, G.N. Romashkina, M.Yu. Gordonov are devoted to the statistical study of modern problems of geological exploration and the evaluation of natural resources. Introduction:
 Despite a sufficient amount of research in this area, the issues of modeling and forecasting using statistical forecasting are not sufficiently covered. The multiple correlation-regression method for calculating oil resources is based on the regression equation, the coefficient of determination, where each parameter involved in the resource calculation formula is considered as a random variable, and the resource values are considered as a function of these random parameters. Introduction:
 The main research method employed in this work is a multiple-regression analysis based on the results of work for 2015-2018  of large oil companies of the Russian Federation. In order to optimize the risks, a multiple correlation and regression analysis was performed, using multiple regression, performed with the aim to select the optimal factors. Such methods should include, first of all, the so-called probabilistic-statistical methods of research. This is due to the fact that the amount of oil production is influenced by many random factors. Randomness does not allow us to describe phenomena within the framework of deterministic models, because it manifests itself as insufficient regularity in mass phenomena and, therefore, does not allow us to reliably predict the occurrence of certain events. However, when studying such phenomena, certain patterns are found. The correlation analysis aims to measure the closeness of the relationship between the varying variables and to evaluate the factors that have the greatest impact on the effective feature. In their research, the regression and correlation analyses, which make up the probabilisticstatistical method, are considered. Introduction:
 Regression analysis is aimed at selecting the form of the relationship, to determine the calculated values of the dependent variable (the effective feature) ."
"Household Water Demand and Land Use Context: A Multilevel Approach","https://scispace.com/paper/household-water-demand-and-land-use-context-a-multilevel-u4boikd64t","2014","Report","","Elizabeth Yancey Breyer","10.15760/ETD.1669","https://scispace.com/pdf/household-water-demand-and-land-use-context-a-multilevel-u4boikd64t.pdf","","appropriate. Multilevel data structures: Multilevel regression is designed to handle clustered data. Also called hierarchical linear regression, the technique respects the grouped structure of the data, allowing for dependence among observations in the same group and heterogeneity among groups. Multilevel data structures:
 Application of multilevel models to nested data structures originated in education research, with students nested in classrooms and schools, and has expanded to a wide range of disciplines . Panel data present a temporal form of nested hierarchy, where a sequence of observations is nested in a subject . Ecological and atomistic fallacies:
 In his influential paper laying out the ecological fallacy,  demonstrated that results from group-level data cannot be ascribed to individuals because aggregation smooths over individual variation such that within-group and between-group variability are conflated.  atomistic fallacy showed that applying properties of individuals to groups is equally invalid.  argued that the multilevel approach avoids both the ecological and atomistic fallacies, providing an opportunity for jointly modeling individuals and their neighborhood contexts without reducing one to the other. By decomposing variance across scales and examining crossscale interactions, multilevel models harness the underlying mechanisms of the ecological and atomistic fallacies-differences in variance within and between clustersto measure contextual effects . Geographic hierarchies:
 Spatial data are often clustered at multiple scales; water use is no exception. Geographic hierarchies:
 Treating these spatial clusters as geographical groups and scales as levels would seem to be an appealing way to account for place and could shed light on how drivers interact across scales. However, conceptual and methodological critiques have been raised against multilevel approaches to spatial data analysis. These critiques are discussed below and are addressed in the analysis that follows. Geographic hierarchies:
 One of the premises behind multilevel modeling is that the underlying population parameters are variable, or nonstationary, in the parlance. For example, the effect of daily maximum air temperature on SFR water use could truly vary across space. However,  note that apparent spatial nonstationarity in coefficients could also reflect bias from omitted variables. Parameters would be stable across space in constant in a correctly specified model, in this view, raising questions about whether spatial nonstationarity arises from irreducible place-based differences or human cognitive limits in the face of complexity.  also note that some multilevel models have generated spatially clustered residuals, particularly at coarser scales of the data structure, leading to biased results. In a nested structure, dependence is captured by unambiguous membership to a neighborhood group. Geographic hierarchies:
 No dependencies are assumed between neighborhoods. This assumption may be unwarranted in a geographic context because it neglects spatial relations of adjacency, proximity, and continuity. For spatial processes, the boundaries of group membership may be fuzzy or even non-existent. Failing to account for this variance may lead to spatial clustering of model residuals."
"Spatial Distribution Prediction of Oil and Gas Based on Bayesian Network with Case Study","https://scispace.com/paper/spatial-distribution-prediction-of-oil-and-gas-based-on-5cmb7tclsy","2020","Journal Article","Mathematical Problems in Engineering","Hong-Jia Ren
Xian-Chang Wang
Hongbo Ren
Qiu-Lin Guo","10.1155/2020/4986563","https://scispace.com/pdf/spatial-distribution-prediction-of-oil-and-gas-based-on-5cmb7tclsy.pdf","Effectively predicting the spatial distribution of oil and gas contributes to delineating promising target areas for further exploration. Determining the location of hydrocarbon is a complex and uncertain decision problem. This paper proposes a method for predicting the spatial distribution of oil and gas resource based on Bayesian network. In this method, qualitative dependency relationship between the hydrocarbon occurrence and key geologic factors is obtained using Bayesian network structure learning by integrating the available geoscience information and the current exploration results and then using Bayesian network topology structure to predict the probability of hydrocarbon occurrence in the undiscovered area; finally, the probability map of hydrocarbon-bearing is formed by interpolation method. The proposed method and workflow are further illustrated using an example from the Carboniferous Huanglong Formation (C2hl) in the eastern part of the Sichuan Basin in China. The prediction results show that the coincidence rate between the results of 248 known exploration wells and the predicted results reaches 89.5%, and it has been found that the gas fields are basically located in the high value area of the hydrocarbon-bearing probability map. The application results show that the Bayesian network method can effectively predict the spatial distribution of oil and gas resources, thereby reducing exploration risks, optimizing exploration targets, and improving exploration benefits.","Title: Spatial Distribution Prediction of Oil and Gas Based on Bayesian Network with Case Study Authors: Hongjia Ren (Corresponding Author),Xianchang Wang,Hongbo Ren,Qiulin Guo"
"Annealing techniques applied to reservoir modeling and the integration of geological and engineering (well test) data","https://scispace.com/paper/annealing-techniques-applied-to-reservoir-modeling-and-the-3hefxg6cqm","1992","","","Clayton V. Deutsch","","https://scispace.com/pdf/annealing-techniques-applied-to-reservoir-modeling-and-the-3hefxg6cqm.pdf","Stochastic reservoir models must honor as much input data as possible to be reliable numerical models of the reservoir under study. Traditional simulation algorithms are unable to honor either complex geological/morphological patterns or engineering data from well tests. The technique developed in this dissertation may be used to incorporate such information into stochastic reservoir models. This dissertation develops the application of the optimization methods known as simulated annealing, to stochastic simulation. The essential feature of the method is the formulation of stochastic imaging as an optimization problem with some specified objective function. The additional information to be matched by the stochastic images is built into the objective function. Complex geological patterns and effective properties inferred from well tests may be incorporated into stochastic reservoir models with relatively modest computational effort. Complex geological patterns or spatial features require multivariate spatial statistics (n > 2) in addition to conventional bivariate (n = 2) statistics. By considering selected multivariate spatial statistics it is possible to impose such geological patterns on stochastic images. The effective permeability inferred from a well test constrains the possible spatial distribution of elementary grid block permeability values near the well bore. Once again, it is possible to impose this well test information through an understanding and heuristic quantification of the averaging process near the well bore.","Authors: Paul Switzer List of Tables:
 4 . 1 7Aq u a n t i l e -q u a n t i l ep l o to fa l l1 0 0a n n e a l i n gr e a l i z a t i o n s . .......   The simulated output distributions generated by the unconditional seq u e n t i a lG a u s s i a nr e a l i z a t i o n s ....................... 1 4.  The simulated output distributions generated by the unconditional seq u e n t i a li n d i c a t o rr e a l i z a t i o n s ....................... 1 4.  The simulated output distributions generated by the unconditional ann e a l i n gr e a l i z a t i o n s .. 5 . 4 0T h efi r s tf o u ri n i t i a lr e a l i z a t i o n sg e n e r a t e dw i t ha n n e a l i n g . ...... 2 5.41 A q-q plot comparing the reference distribution (in the normal space) t ot h ed i s t r i b u t i o no fa l l1 0 0r e a l i z a t i o n s ................. Introduction:
 Flow simulation contributes to reservoir management by providing the means to predict the reservoir response before expensive implementation of an actual recovery process. A realistic reservoir description is necessary for flow simulators to predict accurately future performance. Introduction:
 Accurate reservoir description and modeling is difficult given the considerable uncertainty in the spatial distribution of reservoir rock properties. The petrophysical properties needed for flow simulation and in-situ resource estimation are typically sampled at very few locations within the reservoir. This sparse knowledge leads us to consider a stochastic reservoir modeling approach as opposed to a single deterministic model. The idea is to construct numerical models of the reservoir lithofacies and rock properties that honor all available data (core measurements, well logs, seismic and geological interpretations, analog outcrops, well test interpretations, ...). By considering multiple realizations, each of which are consistent with the available information, the uncertainty in the spatial distribution of reservoir properties and the reservoir response to various actions / production schemes can be quantified. Decision analysis techniques may then be used to make risk-qualified decisions. This is not a new concept. Stochastic models of physical systems are used extensively in many scientific disciplines. The idea of stochastic reservoir modeling has already been considered extensively in the petroleum industry . The ability to evaluate alternate recovery processes and the uncertainty associated with the reservoir response allows better, risk-conscious, reservoir management. However, there is no single stochastic modeling algorithm that can create realizations of petrophysical properties that simultaneously honor all of the available information. Some techniques are well suited to the modeling of discrete or categorical variables like lithofacies; others are suited to continuous variables like porosity, saturation, and permeability. Unfortunately, information like complex geological structures and effective properties derived from well tests cannot be easily integrated into traditional stochastic models."
"Model-based lifecycle optimization of well locations and production settings in petroleum reservoirs","https://scispace.com/paper/model-based-lifecycle-optimization-of-well-locations-and-mn6mvlb8hc","2008","","","M.J. Zandvliet","","https://scispace.com/pdf/model-based-lifecycle-optimization-of-well-locations-and-mn6mvlb8hc.pdf","The coming years there is a need to increase production from petroleum reservoirs, and there is an enormous potential to do so by increasing the recovery factor. This is possible by making better use of recent technological developments, such as horizontal wells, downhole valves and sensors. However, actually making better use of these improved capabilities is difficult because of many open problems in reservoir management and production operations processes. Consequently, there is significant scope to increase the recovery factor of oil and gas fields by tailoring tools from the systems and control community to efficiently perform dynamic optimization of wells (e.g. number, locations) and their production settings (e.g. bottom-hole pressures, flow rates, valve settings) based on uncertain reservoir models, in the sense that they lead to good decisions while requiring limited time from the user. This thesis aims at developing these tools, and the main contributions are as follows. Many production setting optimization problems can be written as optimal control problems that are linear in the control. If the only constraints are upper and lower bounds on the control, these problems can be expected to have pure bang-bang optimal solutions. The adjoint method to derive gradients of a cost function with respect to production settings can be combined with robust optimization to efficiently compute settings that are robust against uncertainty in reservoir models. The gradients used in production setting optimization can be used to efficiently compute directions in which to iteratively improve upon an initial well configuration by surrounding the to-be-placed wells by pseudo wells (i.e. wells that operate at a negligible rate). The controllability and observability properties of single-phase flow reservoir model are analyzed. It is shown that pressures near wells in which we can control the flow rate or bottom-hole pressure are controllable, whereas pressures near wells in which we can measure the flow rate or bottom-hole pressure are observable. Finally, a new method of regularization in history matching is presented, based on this controllability and observability analysis.","Keywords: petroleum, reservoir engineering, systems and control, optimization"
"Aquisição e construção de modelos estáticos análogos a reservatórios petrolíferos com tecnologia lidar e georadar","https://scispace.com/paper/aquisicao-e-construcao-de-modelos-estaticos-analogos-a-3favs5basx","2008","Dissertation","","Washington Luiz Evangelista Teixeira","","https://scispace.com/pdf/aquisicao-e-construcao-de-modelos-estaticos-analogos-a-3favs5basx.pdf","Esta dissertacao desenvolve uma metodologia para a construcao de modelos estaticos digitais 3D analogos a reservatorios petroliferos utilizando as tecnologias LIDAR e GEORADAR, assim, apresenta a tecnica como novo paradigma no estudo de afloramentos, com o potencial de integrar de forma consistente dados plani-altimetricos, geofisicos, e produtos de sensoriamento remoto, permitindo a validacao de interpretacoes 2D contra o espaco 3D, visualizacao de geometrias deposicionais complexas, inclusive em ambiente de realidade virtual imersivo. Para tanto, sao apresentadas as questoes mais relevantes da fundamentacao teorica das duas tecnologias, e desenvolvido um estudo de caso utilizando os sistemas TerraSIRch SIR System-3000 de fabricacao Geophysical Survey Systems, e HDS3000 Leica Geosystems que implementam, respectivamente, as duas tecnologias, cabendo a integracao das mesmas ao software GOCAD. O afloramento estudado apresenta grande exposicao, e esta localizado na borda sudeste da Bacia do Parnaiba, no Parque Nacional da Serra das Confusoes. A metodologia contempla todas as etapas do processo construtivo disponibilizando um modelo estatico digital 3D analogo a reservatorios petroliferos, que fornece dados de geometrias deposicionais ou deformacionais em diferentes escalas de observacao, utilizados pelos sistemas de simulacao de reservatorios petroliferos","Dissertação De Mestrado,Washington Luiz,Evangelista Teixeira,Francisco Pinheiro,Lima Filho,Chico Amaral,Samuel Rosa Keywords: LIDAR, GEORADAR, Geomodelagem Incertezas nos espaços interpoços de reservatórios petrolíferos correspondem à inexistência de dados e entendimento dos mesmos. As incertezas possuem relação estreita com a tomada de decisão do processo de desenvolvimento de campos de petróleo. Segundo , as incertezas não podem ser quantificadas, mas podem ser modeladas. Uma forma de analogia para predizer a performance e planejar o desenvolvimento de reservatórios petrolíferos é a representação geomatemática do mesmo, ou seja, construir um modelo. A modelagem de um reservatório petrolífero é uma representação, preferivelmente computacional, das propriedades físicas das rochas e do fluido existente nas mesmas ; , associada à descrição da interação de muitos processos complexos descritos por suas propriedades que, por princípio, são determinísticos e mensuráveis. Esse fato torna um reservatório potencialmente mensurável . Caracterização de reservatório é o processo para, quantitativamente, atribuir propriedades ao mesmo, reconhecendo informações geológicas e incertezas com variabilidade espacial . No entanto, os dados disponíveis são insuficientes  e incompletos frente à dimensão do modelo. São dados obtidos por poucas sondagens ou poços, alguns por correlação, de diversas fontes e escalas . Quando em quantidade suficiente, podem apresentar baixa precisão, como é o caso da sísmica. Assim, é preciso extrapolar suas distribuições e povoar o espaço correspondente às incertezas com dados que mantenham a natureza dos processos . A geoestatística e a modelagem estocástica dispõem dos métodos e ferramentas para integrar informações oriundas de diferentes origens , espacialmente dispersas, e solucionar a carência de dados de forma consistente e coerente (condições de contorno e definidas pelo usuário) . Desse modo, é possível descrever modelos geoestatísticos que serão utilizados na simulação de reservatórios ;  na estimativa de características e previsão de comportamento futuro (Rosa; . Introdução:
 Os geocientistas, ao longo do tempo, têm fornecido modelos geológicos conceituais aos engenheiros de reservatório, para que estes desenvolvam seus trabalhos de simulação."
"Properties of Sums of Geological Random Variables","https://scispace.com/paper/properties-of-sums-of-geological-random-variables-4t00w2cp0t","2018","Book Chapter","","G. M. Kaufman","10.1007/978-3-319-78999-6_5","https://scispace.com/pdf/properties-of-sums-of-geological-random-variables-4t00w2cp0t.pdf","In the absence of empirical data that allows resolution of the vexing problem of how to address probabilistic dependencies among and between elements of large sets of geologic random variables data we need methods that refocus and streamline expert geological judgment inputs along with analytical methods for modeling dependencies that go beyond pairwise correlation and its cousins. Some possibilities are reviewed.","Title: Properties of Sums of Geological Random Variables Authors: G M Kaufman (Corresponding Author) Introduction:
 Suppose that you are given the marginal distribution of each of a set of n random variables but no other information. What can be said about the behavior of their sum? This is an old problem, extensively studied by probability theorists and statisticians . There is a rich probabilistic finance and actuarial risk analysis literature devoted to calculation of bounds on sums of random variables. This question motivates our review of state of the art methods designed to reduce geologists' cognitive load when asked to assign judgmental probabilities to uncertain geologic variables. Introduction:
 In a wide range of settings geologists are asked to provide personal probability judgments about a collection of uncertain quantities and, in particular, about sums of them. Probabilistic assessments of oil and gas in unexplored petroleum plays and basins are recurring examples. In the absence of hard data they deal rather well with the cognitive task of providing personal judgments about marginal distributions of geologic attributes; i.e. their assessments are, in the large, reasonably well calibrated. Geologists' personal judgments about dependencies among uncertain geologic quantities are more problematic. Introduction:
 It is worthwhile to distinguish micro-assessments-assessment of dependencies among individual reservoir attributes for example-from macro-assessmentsassessment of dependencies among assessment units, each of which may be a collection of anomalies, reservoirs and fields. Measurable data bearing directly on probabilistic dependencies at the micro-assessment level is often available but precise measurable data bearing on dependencies among elements in a macro-assessment is seldom available.  point out that Although efforts have been made to address variable dependence in both methodology and tool development, the greatest emphasis and attention have been given to resource aggregation. Until now, the impact of interdependencies among variables in volumetric resource calculations has been mostly ignored, and the implementation of variable dependency remains a challenge to petroleum resource appraisal. In practice, inadequate data commonly exist to either specify a standard multivariate distribution with an appropriate correlation structure or to quantify the resource aggregation correlation matrices. However, variable correlations are so common among geologic variables that ignoring their interdependence may lead to serious bias, affecting both the resulting resource potential estimation."
"Hybrid functional networks for oil reservoir PVT characterisation","https://scispace.com/paper/hybrid-functional-networks-for-oil-reservoir-pvt-fotm2p8k7s","2017","Journal Article","Expert Systems With Applications","Munirudeen A. Oloso
Mohamed Hassan
Mohamed Bader-El-Den
James Buick","10.1016/J.ESWA.2017.06.014","https://researchportal.port.ac.uk/portal/files/7275027/Hybrid_Functional_Networks_for_PVT_Characterisation_v3.pdf","Predicting pressure-volume-temperature (PVT) properties of black oil is one of the key processes required in a successful oil exploration. As crude oils from different regions have different properties, some researchers have used API gravity, which is used to classify crude oils, to develop different empirical correlations for different classes of black oils. However, this manual grouping may not necessarily result in correlations that appropriately capture the uncertainties in the black oils. This paper proposes intelligent clustering to group black oils before passing the clusters as inputs to the functional networks for prediction. This hybrid process gives better performance than the empirical correlations, standalone functional networks and neural network predictions.","benefit from this approach of clustering before prediction. Also, the K-Means clustering can be used with other ML techniques such as regression tree, SVM and extreme learning machine. Experimentation with other clustering techniques can also be considered in future research. Conclusion:
 Lastly, the statistical descriptions of the data used in each cluster are given in the appendix along with the corresponding coefficients of the functional networks. New clusters and functional networks can be generated for significant data variability for new datasets.  The coefficients for the four clusters are given by C1-C4 respectively. Acknowledgment Oloso Munirudeen thanks the Petroleum Technology Development Fund, Nigeria, for sponsoring his PhD research at the University of Portsmouth. Special thanks also go to the Shell Petroleum Development Company, Nigeria, GeoMark Research and Professor T.A Blasingame of Texas A& M University for supplying part of the data used in this work. Liu, Q., Yin, J., Leung, V. C. M., Zhai, J.-H., Cai, Z., & Lin, J. (2016). Applying a new localized generalization error model to design neural networks trained with extreme learning machine. Neural Computing and Applications, 27(1), 59-66. Omar, M. I., & Todd, A. C. (1993). Development of new modified black oil correlations for Malaysian crudes. In SPE Asia Pacific oil and gas conference. Society of Petroleum Engineers. Osman, E.-S. A., & Al-Marhoun, M. A. (2005). Artificial neural networks models for predicting PVT properties of oil field brines. In SPE Middle East Oil and Gas Show and Conference. Society of Petroleum Engineers. Petrosky Jr, G. E., & Farshad, F. (1998). Pressure-volumetemperature correlations for Gulf of Mexico crude oils. SPE Reservoir Evaluation & Engineering, 1(5), 416-420. Ramyachitra, D., & Manikandan, P. (2014). Imbalanced Dataset Classification and Solutions: A Review. International Journal of Computing and Business Research (IJCBR), 5, 2229-6166. Standing, M. B. (1947). A pressure-volume-temperature correlation for mixtures of California oils and gases. In Drilling and Production Practice. American Petroleum Institute. Standing, M. B. (1977). Volumetric and phase behavior of oil field hydrocarbon systems: Society of Petroleum Engineers of AIME. Dallas, Texas. Talebi, R., Ghiasi, M. M., Talebi, H., Mohammadyian, M., Zendehboudi, S., Arabloo, M., & Bahadori, A. (2014). Application of soft computing approaches for modeling saturation pressure of reservoir oils. Journal of Natural Gas Science and Engineering, 20, 8-15.  Vazquez, M., & Beggs, H. D. (1980). Correlations for fluid"
"An autoregressive point source model for spatial processes","https://scispace.com/paper/an-autoregressive-point-source-model-for-spatial-processes-2i7xpkntq4","2009","Journal Article","Environmetrics","Jacqueline M. Hughes-Oliver
Tae-Young Heo
Sujit K. Ghosh","10.1002/ENV.957","https://scispace.com/pdf/an-autoregressive-point-source-model-for-spatial-processes-2i7xpkntq4.pdf","We suggest a parametric modeling approach for nonstationary spatial processes driven by point sources. Baseline near-stationarity, which may be reasonable in the absence of a point source, is modeled using a conditional autoregressive (CAR) Markov random field. Variability due to the point source is captured by our proposed autoregressive point source (ARPS) model. Inference proceeds according to the Bayesian hierarchical paradigm, and is implemented using Markov chain Monte Carlo (MCMC) methods. The parametric approach allows a formal test of effectiveness of the point source. Application is made to a real dataset on electric potential measurements in a field containing a metal pole and the finding is that our approach captures the pole's impact on small-scale variability of the electric potential process.","Title: An Autoregressive Point Source Model for Spatial Processes Authors: Jacqueline M Hughes-Oliver,Tae-Young Heo,Sujit K Ghosh Keywords: Bayesian inference, Correlation nonstationarity, Heterogeneity, Hierarchical model, Random effect, Variance nonstationarity"
"Comments on “Spatial hidden Markov chain models for estimation of petroleum reservoir categorical variables”","https://scispace.com/paper/comments-on-spatial-hidden-markov-chain-models-for-3ncouzndwr","2017","Journal Article","Journal of Petroleum Exploration and Production Technology","Weidong Li
Chuanrong Zhang","10.1007/S13202-016-0312-0","https://scispace.com/pdf/comments-on-spatial-hidden-markov-chain-models-for-3ncouzndwr.pdf","Huang et al. (2016a) claimed that they proposed a ‘‘spatial hidden Markov chain (SHMC) model’’ based on the Markov chain random field (MCRF) theory proposed by Li (2007). However, we found that their so-called SHMC model is exactly the same as the colocated MCRF cosimulation (coMCRF) model with one auxiliary categorical data set. The coMCRF model was first presented on GIScience 2012 conference (Li and Zhang 2012) and then presented on GeoComputation 2013 conference (Li and Zhang 2013a). It was mentioned in Li and Zhang (2013b), described and used in the research article Li et al. (2013), and then further described and used in the research article Li et al. (2015). However, Huang et al. (2016a) seemingly ignored the coMCRF model in all of these published online materials and journal articles. Obviously, Huang et al. reinterpreted the coMCRF model and claimed that they proposed a SHMC model in Huang et al. (2016a). In addition, Huang et al. (2016a) performed an inaccurate case study to support their claim for article publication by apparently using computer programs for other models; they made many inaccurate statements about geostatistics, Markov chain models, and Markov random fields, which are misleading. This is not their first problematic article related to the MCRF model. It is our obligation to clarify the misunderstandings and point out the mistakes. Introduction","Title: Comments on ''Spatial hidden Markov chain models for estimation of petroleum reservoir categorical variables'' Authors: Weidong Li,Chuanrong Zhang (Corresponding Author)"
"Bayesian Modeling and Analysis of Geostatistical Data.","https://scispace.com/paper/bayesian-modeling-and-analysis-of-geostatistical-data-1kcfjrp0r4","2017","Journal Article","Social Science Research Network","Alan E. Gelfand
Sudipto Banerjee","10.1146/ANNUREV-STATISTICS-060116-054155","https://scispace.com/pdf/bayesian-modeling-and-analysis-of-geostatistical-data-1kcfjrp0r4.pdf","The most prevalent spatial data setting is, arguably, that of so-called geostatistical data, data that arise as random variables observed at fixed spatial locations. Collection of such data in space and in time has grown enormously in the past two decades. With it has grown a substantial array of methods to analyze such data. Here, we attempt a review of a fully model-based perspective for such data analysis, the approach of hierarchical modeling fitted within a Bayesian framework. The benefit, as with hierarchical Bayesian modeling in general, is full and exact inference, with proper assessment of uncertainty. Geostatistical modeling includes univariate and multivariate data collection at sites, continuous and categorical data at sites, static and dynamic data at sites, and datasets over very large numbers of sites and long periods of time. Within the hierarchical modeling framework, we offer a review of the current state of the art in these settings.","E Gelfand,Sudipto Banerjee Keywords: big spatial data, data assimilation, data fusion, Gaussian processes, integrated nested Laplace approximation, Markov chain Monte Carlo, multivariate spatial processes, spatiotemporal processes INTRODUCTION:
 Spatial analysis has grown at a remarkable rate over the past two decades, largely fueled by the increased availability of inexpensive, high speed computing (as has been the case for many other areas). Such availability has enabled the collection of large spatial and spatiotemporal datasets across many fields, leading to widespread usage of sophisticated geographic information systems software, and the ability to investigate (fit and infer under) challenging, evermore appropriate and realistic models. As a result, spatial statistics has changed from a somewhat ad hoc field to one that is more model-driven. INTRODUCTION:
 Spatial data is usually viewed as one of three types: point-referenced data, areal unit data, and random spatial point pattern data. Here, we consider only the point-referenced case, that is, geostatistical data models. We thin an enormous literature to focus on hierarchical modeling, which we believe is the current and near future frontier for analyzing such data. In UNIVARIATE POINT-LEVEL MODELING:
 The basic geostatistical model specifies a response, Y(s) at location s as (1) UNIVARIATE POINT-LEVEL MODELING:
 Here, x(s) is a p × 1 vector of spatially referenced covariates/predictors, with β a p × 1 vector of regression coefficients. For example, if Y(s) is the temperature at location s, then x(s) might include elevation. The residual is partitioned into two pieces: One is spatial (w(s)), and one is nonspatial (ε(s)). Here, w(s) is the geostatistical story, usually specified as a stationary Gaussian process (GP) with variance σ 2 ; ε(s) is usually white noise, adding variance τ 2 , the so-called nugget effect (see, e.g., . τ 2 and σ 2 are variance components, and it is noteworthy that ε(s) causes the Y(s) surface to be everywhere discontinuous."
"Hierarchical Clustering on Principal Components (HCPC) for Oil and Gas Reservoir Fluid Typing Based on Multifractal Attributes of Geophysical Well Logs","https://scispace.com/paper/hierarchical-clustering-on-principal-components-hcpc-for-oil-qtgbq8e34uht","2025","Journal Article","","Abdelbasset Boulassel
Soraya Makhlouf
Zinelabidine BOUMELIT
Fethi Ali Cheddad
Amar Boudella
Saïd Gaci
Badis ZEGAGH
Salah Boufenchouche
Ayoub Tedjani
Anis Reghis","10.21203/rs.3.rs-7670231/v1","https://scispace.compdf/hierarchical-clustering-on-principal-components-hcpc-for-oil-qtgbq8e34uht.pdf","<title>Abstract</title> Accurate identification of reservoir fluid type—oil or gas—is a critical aspect of petroleum exploration and production, as it directly influences the economic viability of field development, reservoir management strategies, and investment decision-making. Conventional well log interpretation techniques often encounter limitations in reliably distinguishing between oil and gas, especially in geologically complex environments where petrophysical signatures overlap. To overcome these challenges, this study investigates the use of fractal and multifractal attributes derived from geophysical well log data as advanced indicators for fluid classification. The primary objective is to assess how the nature of reservoir fluids influences multifractal behavior and to determine the discriminative power and relative importance of each multifractal attribute in fluid type differentiation. A nonlinear signal analysis framework based on Wavelet and Legendre transforms was used to extract a comprehensive suite of multifractal descriptors, including Box dimension and Regularization dimension, spectrum Width, Left and Right heights, αₚₑₐₖ, αₘᵢₙ, αₘₐₓ, f(αₚₑₐₖ), f(αₘᵢₙ), f(αₘₐₓ), and C-values. These attributes were analyzed through a hybrid machine learning workflow—Hierarchical Clustering on Principal Components (HCPC)—which integrates Principal Component Analysis (PCA) for dimensionality reduction, Agglomerative Hierarchical Clustering (AHC) for discovering structural patterns, and K-means for optimal classification. This methodology was applied to a dataset comprising 1085 geophysical well logs collected from gas- and oil-bearing formations within the sedimentary basins of southern Algeria. The classification process revealed three naturally distinct fluid-related classes. Gas zones (Class_1) are characterized by high values of f(αₘᵢₙ) and REG dimension, alongside low values of BOX dimension, Width, and Right height—indicating strong singularities and narrow multifractal spectra. In contrast, oil zones exhibit broader and more variable multifractal signatures. Class_2 oil is defined by elevated Right height, Width, and BOX dimension, reflecting a more complex and heterogeneous structure. Class_3 oil is distinguished by high C-values, as well as elevated Left height and αₚₑₐₖ, suggesting the presence of distinct multifractal patterns linked to specific fluid-rock interactions. The analysis of attribute importance further confirmed the discriminative roles of these parameters. Among the extracted attributes, f(αₘᵢₙ) and REG Dimension emerged as critical indicators for identifying gas zones, given their consistently high values in the gas class and lower values in the oil classes. Conversely, Right height, Width, and BOX Dimension proved essential in distinguishing between oil types, as they were elevated in both oil-related classes while capturing different multifractal features. Notably, C-values were consistently high in Class_3 oil, establishing them as a key marker for this specific oil subtype. Moreover, resistivity logs were identified as the most sensitive and reliable for fluid typing, due to their strong correlation with pore fluid conductivity and saturation—further reinforcing their interpretive value in reservoir characterization. This study demonstrates the potential of combining multifractal analysis with multivariate clustering techniques to improve the accuracy of reservoir fluid classification. The integrated approach enhances interpretive clarity, supports data-driven reservoir evaluation, and offers a scalable methodology adaptable to various geological settings. Future work will focus on incorporating broader geological and petrophysical variables and applying advanced machine learning algorithms to further refine classification performance and reservoir insight. ","Title: Hierarchical Clustering on Principal Components (HCPC) for Oil and Gas Reservoir Fluid Typing Based on Multifractal Attributes of Geophysical Well Logs Authors: Abdelbasset Boulassel (Corresponding Author),Badis Zegagh,Soraya Makhlouf,Zinelabidine Boumelit,Ali Cheddad,Amar Boudella,Saïd Gaci,Salah Boufenchouche,Ayoub Tedjani,Anis Reghis Keywords: Geophysical well logging, Fractal analysis, Multifractal attributes, Fluid discrimination, Machine learning, HCPC, PCA, AHC, K-means Geophysical well logging, Fractal analysis, Multifractal attributes, Fluid discrimination, Machine learning, HCPC, PCA, AHC, K-means"
"Optimal Prediction in Petroleum Geology by Regression and Classification Methods","https://scispace.com/paper/optimal-prediction-in-petroleum-geology-by-regression-and-50moqqxuy0","2015","","","Guangren Shi","","https://scispace.com/pdf/optimal-prediction-in-petroleum-geology-by-regression-and-50moqqxuy0.pdf","Six methods are involved in this study: three regression methods are the regression of support vector machine (R-SVM), the backpropagation neural network (BPNN), and the multiple regression analysis (MRA); and three classification methods are the classification of support vector machine (C-SVM), the naive Bayesian (NBAY), and the Bayesian successive discrimination (BAYSD). A proposed method optimization contains two rules: a) nonlinearity degree of a studied problem is defined by the residuals of MRA solution; and b) solution accuracy of a given method application is defined by the residuals of the method solution. Through eight case studies, this optimization is validated to be practical. Case studies 1 and 2 consist of both regression and classification problems, while Case studies 3~8 are classification problem. Since the regression problems of Case studies 1 and 2 have strong nonlinearity, R-SVM, BPNN and MRA are unavailable. However, since the classification problems of Case studies 1~8 have weak or moderate nonlinearity, SVM and BAYSD are available, whereas NBAY is sometimes available. Therefore, it concluded that: a) any of R-SVM, BPNN and MRA cannot be applied to any regression problems with strong nonlinearity, but C-SVM, NBAY or BAYSD could be applied if the problems are converted from regression to classification; and b) if a classification problem has weak or moderate nonlinearity, SVM and BAYSD are available, whereas NBAY is sometimes","Title: Optimal Prediction in Petroleum Geology by Regression and Classification Methods Authors: Guangren Shi (Corresponding Author) Keywords: Method Optimization, Nonlinearity, Solution Accuracy, Permeability, Reservoir, Trap, Fracture"
"Summary-statistics-based power analysis: A new and practical method to determine sample size for mixed-effects modeling.","https://scispace.com/paper/summary-statistics-based-power-analysis-a-new-and-practical-1zvld953","2022","Journal Article","Psychological Methods","Kou Murayama
Satoshi Usami
Michiko Sakaki","10.1037/met0000330","https://scispace.com/pdf/summary-statistics-based-power-analysis-a-new-and-practical-1zvld953.pdf","This article proposes a summary-statistics-based power analysis-a practical method for conducting power analysis for mixed-effects modeling with two-level nested data (for both binary and continuous predictors), complementing the existing formula-based and simulation-based methods. The proposed method bases its logic on conditional equivalence of the summary-statistics approach and mixed-effects modeling, paring back the power analysis for mixed-effects modeling to that for a simpler statistical analysis (e.g., one-sample t test). Accordingly, the proposed method allows us to conduct power analysis for mixed-effects modeling using popular software such as G*Power or the pwr package in R and, with minimum input from relevant prior work (e.g., t value). We provide analytic proof and a series of statistical simulations to show the validity and robustness of the summary-statistics-based power analysis and show illustrative examples with real published work. We also developed a web app (https://koumurayama.shinyapps.io/summary_statistics_based_power/) to facilitate the utility of the proposed method. While the proposed method has limited flexibilities compared with the existing methods in terms of the models and designs that can be appropriately handled, it provides a convenient alternative for applied researchers when there is limited information to conduct power analysis. (PsycInfo Database Record (c) 2022 APA, all rights reserved).","Keywords: Mixed regression, random-effects models, hierarchical linear model, multilevelmodelling, summary-measures approach"
"Stochastic modelling of spatial variability of petrophysical properties in parts of the Niger Delta Basin, southern Nigeria","https://scispace.com/paper/stochastic-modelling-of-spatial-variability-of-petrophysical-1obzau2ogs","2020","Journal Article","Journal of Petroleum Exploration and Production Technology","Ebong D. Ebong
Anthony E. Akpan
Stephen E. Ekwok","10.1007/S13202-019-00787-2","https://scispace.com/pdf/stochastic-modelling-of-spatial-variability-of-petrophysical-1obzau2ogs.pdf","Three-dimensional models of petrophysical properties were constructed using stochastic methods to reduce ambiguities associated with estimates for which data is limited to well locations alone. The aim of this study is to define accurate and efficient petrophysical property models that best characterize reservoirs in the Niger Delta Basin at well locations and predicting their spatial continuities elsewhere within the field. Seismic data and well log data were employed in this study. Petrophysical properties estimated for both reservoirs range between 0.15 and 0.35 for porosity, 0.27 and 0.30 for water saturation, and 0.10 and 0.25 for shale volume. Variogram modelling and calculations were performed to guide the distribution of petrophysical properties outside wells, hence, extending their spatial variability in all directions. Transformation of pillar grids of reservoir properties using sequential Gaussian simulation with collocated cokriging algorithm yielded equiprobable petrophysical models. Uncertainties in petrophysical property predictions were performed and visualized based on three realizations generated for each property. The results obtained show reliable approximations of the geological continuity of petrophysical property estimates over the entire geospace.","Title: Stochastic modelling of spatial variability of petrophysical properties in parts of the Niger Delta Basin, southern Nigeria Authors: Ebong D Ebong,Anthony E Akpan,Stephen E Ekwok Keywords: Petrophysical property, Stochastic techniques, Geostatistics, Horizon picking, Niger Delta"
"Prediction under Uncertainty in Reservoir Modeling","https://scispace.com/paper/prediction-under-uncertainty-in-reservoir-modeling-2htjw9vf1v","2002","Proceedings Article","","Michael Andrew Christie
Sam Subbey
Malcolm Sambridge","10.3997/2214-4609.201405961","https://scispace.com/pdf/prediction-under-uncertainty-in-reservoir-modeling-2htjw9vf1v.pdf","Reservoir simulation is routinely employed in the prediction of reservoir performance under different depletion and operating scenarios. Usually, a single history matched model, conditioned to production data, is obtained. The model is then used to forecast future production profiles. Since the history match is non-unique, this is essentially an inverse problem. Hence the forecast production profiles are uncertain, although this uncertainty is not usually quantified.","PREDTf3N U N aER UN: CERTAINTY I N RESEVOIR I~I+QQ~L ~1 G M i ke Chri s ti e ' Sam Subb ey', Mal co lm Sambrid ge 2 Introduction:
 Petroleum reservoir data is inherently uncertain . The field information is usually sparse and noisy . Part of the data is obtained from cores (-10-17 of the reservoir volume) collected at a finit e set of Wells. The data may also consist of time averaged responses over large scales or derived from an incomplete knowledge of the subsurface geology . The standard procedure for reducing the uncertainty is by constraining the model to data representative of the chosen recovery scheme, i .e ., dynamic data, in the foren of oil, water and gas production rates, as well as pressure . In contrast to the static data (e .g., geometry and geology) obtained prior to the inception of production, these data are a direct measure of the reservoir response to the recovery proces in application . This proces of incorporating dynamic data in the generation of reservoir models is known as history matching . Introduction:
 History matching involves adjusting model parameters, with the aim of obtaining a model output, which is as close to the history (dynamic) data as possible . Mathematically, we want to determine a spatial distribution r(x), and a set of model parameters p, given the history data rh, such that I'S -Fh ~ 0, where I'S = f(r, p) is the simulated/model output, and x=(xy)ER2, x=--(x,y,z)ER3, for two and three dimensional consideration of spatial data, respectively . That is, finding a zero to a multivariate time varying function, namely, the reservoir simulator . In the simplest case, one assumes the geology to be tree, i .e ., r(x) is known . The history matching problem then reduces to determining p . The problem is non-linear, inverse and ill-posed, since it does not fulfill Hadamard's classical requirements of existence, uniqueness and stability, under data perturbations, of a solution  . Thus instead of a single history-matched model, there exist a family of models, all of which will match the observed data to some degree of accuracy . The fundamental task is how to generate this family of solutions by exhaustive exploration of parameter space . Exploring a multidimensional space is non-trivial . Deterministic  and stochastic  algorithms for history matching have been reported in the literature . Introduction:
 The most efficient deterministic methods reported are the gradient methods such as Steepest Descent, Gauss-Newton and Levenberg-Marquardt algorithms . The methods involve calculating sensitivity parameters and require the differentiation of the mathematica) model with respect to the model parameters . These sensitivity parameters are then used to construct a Hessian matrix whose inverse gives a good approximation to the covariance matrix that enters into the model misfat calculation  . Recent commercial aids to history matching have been based on gradient techniques. Whereas the codes automatically generate a history-matched model, they do not guarantee that it is the correct global optimum solution . This realization has led to a new approach to the problem of history matching namely, the use of stochastic methods ."
"A New Spatio-Temporal Data Mining Method and its Application to Reservoir System Operation","https://scispace.com/paper/a-new-spatio-temporal-data-mining-method-and-its-application-lqewbe8q9y","2014","","","Abhinaya Mohan","","https://scispace.com/pdf/a-new-spatio-temporal-data-mining-method-and-its-application-lqewbe8q9y.pdf","This thesis develops a spatio-temporal data mining method for uncertain water reservoir data. The goal of the data mining method is to learn from a history human reservoir operations in order to derive an automated controller for a reservoir system. Spatio-temporal data mining is a challenging task due to the reasons: (1) spatio-temporal datasets are usually much larger than spatial data sets, (2) many common spatial techniques are unable to deal with objects that change location, size or shape, and (3) complex and often non-linear spatio-temporal relationships cannot be separated into pure spatial and pure temporal relationships. Support Vector Machines (SVMs) have been extensively and successfully applied in feature selection for many real-time applications. In this thesis, we use SVM feature selection to reduce redundant and non-discriminative features in order to improve the computational time of SVM-based data mining. We also propose combining Principal Component Analysis (PCA) with multi-class SVMs. We show that SVMs are invariant under PCA transformations and that PCA is a desirable dimension-reduction method for SVMs. We propose also an extension of the SVM Regression approach to be able to perform spatio-temporal data mining. As a case study, we apply our spatio-temporal data mining method to derive an automated controller for the North Platte River Reservoir system. This reservoir system has multiple reservoirs, whose spatial location and the variables in each reservoir have been incorporated in our reservoir operations model. Further, each reservoir stage or status changes over time by the opening and closing of a dam to control the water levels. We show that by inputting the selected features from a spatio-temporal dataset by the PCA has achieved excellent results and could speed up the evaluation of data mining by SVM by an order of 10 while maintaining comparable accuracy. The North Platte River Reservoir system case study shows that the SVM Regression approach combined with PCA is an efficient tool for spatio-temporal data mining. iv DEDICATION Dedicated to my inspiring parents for being pillars of support. v ACKNOWLEDGMENTS I would like to take this opportunity to thank my adviser Dr. Peter Revesz for going out of the way to guide me in my research and academics with his encouragement and support. I am indeed very grateful to his timely advice and motivation to pursue this area of research. Also, I would like to thank Dr. Jitender Deogun and Dr. Ashok Samal for agreeing to be …","light interesting patterns and knowledge like dependencies on spatial and non-spatial attributes thus aiding in developing models that encompass all of the real time contributing factors especially for applications such as geo-marketing, disaster assessment, preventive planning and explorative geographic information systems applications. SPATIAL AND SPATIO-TEMPORAL DATA MINING:
 There is a rich bibliography when it comes to spatial data mining. But spatio-temporal data mining has not received little attention. Tsoukatos and Gunopulos  carried out Sequential Pattern mining for spatio-temporal data. It employed a depth-first-search approach for identifying long sequential patterns throughout the database. Mamoulis et al.  worked on discovering periodic events in the given spatio-temporal dimension; the pattern are defined as spatial regions rather than a sequence. Heuristics are then used to detect the frequently observed regions. Association rule mining techniques were also employed to study the relationship between spatial and temporal aspects in an antecedent-consequent form of the rules. Revesz and Triplet  provided a classification method for spatio-temporal weather patterns based on constraint databases that were introduced in . Shekhar et al.  put forth that the rules should be targeted at identifying attributes embedded in the spatio-temporal framework of the data rather than the database itself. Preprocessing is a major contributor for extracting the required information from the spatial data systems. Indexes were proposed by Tao et al.  for better selection from the given set of attributes for data mining. Mennis and Liu  employed association rule mining by developing concept hierarchies for generating spatio-temporal association rules. Lazarevic et al.  used linear regression techniques to study complex geographical associations in spatio-temporal data. However, multivariate spatio-temporal data seldom exhibit linear dependency between variables. Non-linear combination data model using wavelet transformation was carried out by Dong  to develop efficient fits for non-linear model. DATA MINING FOR RESERVOIR OPERATION:
 Applying data mining methods to hydrological databases has been in practice for quite some time now. Earlier works focused on identifying the operational rules of a single reservoir under consideration; however, reservoirs are rarely standalone. Solamatine and Torres.  first developed a hydrodynamic model for reservoir and ground water control using ANN based optimization. Sudha et al.  found that decision tree (DT) performs better than linear programming. Further, Wei and Hsu  compared the efficiency of DT algorithm with the optimal rules derived from regression based rules for flood control reservoir, and inferred that DT based reservoir rule curves performed better than the regression based rules. Stochastic models by Loucks et al.  were then employed so that the state variables can be used to estimate the probability of the outcomes. A study was carried out by Tejada et al.  that involved three stochastic dynamic models of a multi-reservoir system in California. The findings confirmed the need to include the state variables; the set of relevant hydrological information for best results. Owing to the increased complexity of the datasets, data mining techniques were then employed."
"Data warehousing and mining technologies for adaptability in turbulent resources business environments","https://scispace.com/paper/data-warehousing-and-mining-technologies-for-adaptability-in-26j38cjyl8","2011","Journal Article","International Journal of Business Intelligence and Data Mining","Shastri L. Nimmagadda
Heinz Dreher","10.1504/IJBIDM.2011.039409","https://scispace.com/pdf/data-warehousing-and-mining-technologies-for-adaptability-in-26j38cjyl8.pdf","Resources businesses often undergo turbulent and volatile periods, due to rapid increase of resource demand and poorly organised resources data volumes. This volatile industry operates multifaceted business units that manage heterogeneous data sources. Data integration and interactive business processes, distributed across complex business environments, need attention. Historical resources data, geographically (spatial dimension) archived for decades (periodic dimension), are source of analysing past business data dimensions and predicting their future turbulences. Periodic data, modelled in an integrated and robust warehouse environment, are explored using data mining methodologies. The data models presented, will optimise future inputs in the turbulent resources business environments.","in the sense; the value of barrel went drastically down during 1997. Though economic slowdown is perceived during this period, oil and gas industry has been still active. Data warehousing and mining methods facilitate so far the interpretation of predictions done during resources business operations and their exploration costs controls. There are potential opportunities and scope for further studies, especially in the context of development of data-mining procedures. Conclusions and recommendations:
 Moving average, weighted moving average and exponential smoothing methods provide good resolution between responses of resources data attributes, but these computed responses do not match with the actual periodic resources data. Time series patterns of the resources data fairly match with the patterns computed by the dynamic programming approach. Polynomial, parabolic and exponential equations have been constructed between actual exploration costs and mineral discoveries made in different states of Australia. These responses have been computed for quarterly and annually. The matching between these data is fair to good. Similar equations have been constructed between onshore and offshore petroleum exploration costs and production, consumption and exports of petroleum products in Australia. A fair good match is observed between these variable attributes of resources databases indicating a strong correlation between data items. There is linear relation observed between petroleum production and consumption. Conclusions and recommendations:
 Power equations have been constructed among various performance indicators of data items of the resources industry deriving almost linear relationship among these variables suggesting strong correlation and dependence between different attributes. Regression analysis has been carried out between dependent data items of the resources data again signifying with good correlation coefficient values. Most of these data items are friendly in nature. Exponential equations have been constructed among performance indicators of the resources data revealing a fair match between actual data and computed data. In general, with the increase in exploration activity in the oil-bearing basins of the Australia, there is increase in petroleum production. There are periodic random and cyclic fluctuations in the actual data at periods, due to the inflation, change in the global petroleum supply and demand and fluctuations in the dollar value. Conclusions and recommendations:
 Rounding top reversals of data responses infer that with increase in period, the exploration scenario drastically changes, for example, decreasing is exploration costs and resources production even with increased exploration costs. In another case, with increase in petroleum production, there is decrease in petroleum products exports initially, but, subsequently, there is steep rise in exports later. It is interesting to observe that with the increase in seismic line kilometres (surface data coverage), there is steady increase in the sub-surface metres drilled (sub-surface data coverage). It appears that there is a fall in the metres drilled even with increase in surface line kilometres. Statistical models computed in this paper are useful and good guidance for managers involved in the resources exploration and production. Some of the actual data presented contain noise, however a good statistical trend estimated helps in understanding the attribute variation. All data-mining approaches may be tried in understanding the correlations, trends and patterns in the resources data. Analysis of the errors in correlation coefficients and the actual correlation coefficients computed for each pair of attribute values provide interesting trends and a strong positive correlation among resources data attributes."
"Petro-data cluster mining - knowledge building analysis of complex petroleum systems","https://scispace.com/paper/petro-data-cluster-mining-knowledge-building-analysis-of-2jpqq3u3bt","2009","Proceedings Article","International Conference on Industrial Technology","Shastri L. Nimmagadda
Heinz Dreher","10.1109/ICIT.2009.4939729","https://scispace.com/pdf/petro-data-cluster-mining-knowledge-building-analysis-of-2jpqq3u3bt.pdf","Large volumes of historical petroleum data are available and presently unused primarily because of lack of knowledge. Initially, conceptual data models are derived and warehoused for data mining. For this purpose, petroleum system analysis and knowledge mapping of geological structure, reservoir, well and oil/gas production data are done concentrating on the key issues of geological-structure, reservoir and production data dimensions. Clustering is a data-mining tool for categorizing and analyzing groups of these data dimensions having similar attribute characteristics or properties. Using data warehousing, mining and interpretation strategies, petro-clustering is designed for understanding petroleum systems. Knowledge acquired on petroleum data clusters enhances understanding of relationships among petroleum data attributes, which can optimize economics of oil and gas exploration and development in the petroleum bearing basins.","gas business data can hide undiscovered, or unknown knowledge and intelligence, which if properly organized and mined, can interpret the patterns, correlations and trends among exploration, drilling and production data as well as oil play factor analysis into meaningful geological and business information. II. PROBLEM DEFINITION AND ISSUES:
 The aim of the present study is to investigate and examine scalable and high-dimensional data clusters based on similarity of characteristics and interpret them to build knowledge of petroleum systems. Each petroleum system is narrated with oil-play factors. The main emphasis is on ability in identifying and interpreting different clusters of petroleum exploration and production data, separating outliers by of shapes of clusters. Another significant issue is examining types of attributes of heterogeneous petroleum data that can 978-1-4244-3507-4/09/$25.00 ©2009 IEEE be handled by cluster algorithms. Most of the Western Australian basins  are prospective and productive compared to other basins (Australia). Historical exploration and production data in Carnarvon, Bonaparte, Browse and Perth basins (Australia) hold multi-pay horizons in many wells. Similarly, Arabian Gulf (onshore) and Cambay Onshore Basins (Indian Sub-continent) possess multiple pay horizons, interpreted in many wells and surveys. At places, quality of oil play factors of a prospect in one basin may be poor when compared to other basins. Understanding productivity of the prospect in a basin is a significant problem. Data warehousing and mining of different fields or prospects of different basins is a significant step to solving the oilfield yield problem. At this time little effort has been put in integrating, mining and interpreting historical data in terms of data mining (especially in terms of cluster analysis) to facilitate analyzing the petroleum plays of different fields and basins and predict more reservoirs from the existing data volumes. II. PROBLEM DEFINITION AND ISSUES:
 Another significant issue is plotting variable attribute dimensions with X and Y coordinates together with the similarity property discovered during data mining. This property, the similarity between two attributes is plotted in the third dimension facilitating the explicit visualization of clusters using graphic objects known as bubbles or clouds. For example, oil-play entities or objects and their attributes, which may have similar characteristics in different oil or gas fields of different basins, when clustered, can reveal geologically scientific and commercial value information. II. PROBLEM DEFINITION AND ISSUES:
 The present study is intended to provide an insight to all petroleum business professionals interested in exploring oilplay data patterns from large databases, using clustering techniques as demonstrated for example by . This will also facilitate explorers or investors for updating their knowledge, if investment has to be made in the oil and gas exploration companies."
"A systematic procedure for reservoir characterization: Annual report for the period October 1, 1985-September 30, 1986","https://scispace.com/paper/a-systematic-procedure-for-reservoir-characterization-annual-3g0rsce7mn","1987","Report","","Larry W. Lake
Gary Kocurek
Miller","10.2172/5663166","https://scispace.com/pdf/a-systematic-procedure-for-reservoir-characterization-annual-3g0rsce7mn.pdf","This report deals with a variety of topics all centered around the main goal of making numerical reservoir simulation results conform more closely with geologic descriptions. The first part of the report discusses results on conditional simulations of miscible displacements in randomly heterogeneous permeable media. The focus here is on local or macroscopic dispersion, the dispersion experienced at a fixed point in the medium. Macroscopic dispersivity has many of the same dependencies on reservoir properties as does megascopic dispersivity, but it seems to be less time dependent and is always smaller. We have not discovered a mathematical model to describe its behavior. A major portion of the report deals with statistical descriptions. We investigate the bias and precision of standard measures of heterogeneity, the Lorenz and Dykstra-Parsons coefficient. After this, the work explores the benefits of using a distribution type characterization parameter in exploring heterogeneity. The final major protion of the report describes our mapping efforts on the Page sandstone outcrop in northern Arizona. The mapping is to be used in generating both deterministic descriptions and in calibrating the stochastic descriptions discussed above. 128 refs., 95 figs., 10 tabs.","'or ^or rrpnsfornea I on caiiioM eau na*""? 79 DISCLAIMER: k ""ipu v L ]"" r ~_o ""ontai^ebleau oata and predictive curves. .. ~""):
 ""-5 ^ r^ T ^ 7-1^. Cbesnev ''P^^P T ^orosi* ,T i ~^ c n erme d** i ""* i t TT data.' °0 ~""):
 Chpspev """"ease norosit-->-pn^ nerr-erbili t"" 7 data CO LfnirMirc rpifnr ™\ip or tie 7° n ur f rcp ""• t v Le °19 sfa v site ^i^ure r v-2°. ~""):
 TVtail r ""ig. 7 T --1 2, -hom^'r;, a planimetric i -pT? (-rbe u-'it-f ci L''p ^ -and r -couple e c . . 223 r :';u r e """"""V-'J. ~""):
 "" u e co^DPimd c r o c s-neci'prl deposits o r unit Fl '. n 26 ""igure 7 r '--2'+. c cl , emat"" ; c cross-: er<""i on and interpretation of *""hp cross-becced secuence of the ""age Sane store at t u e study site 278 ~""):
 The relative oriortation of the primar"" (d^rp^ s^ipface to superimposed dune crests and rtrati r ication for um't o o f th» 3-comp 1 e"".... 233 ~""):
 Figure -°6. v-* r^ogram expressing the argular (Hi ferp^cp betveer '^cimdiif ''vrface >nci c trafi T * ,icatior dip directions for vit"" with ire 1 without apron eleposits, and for s an q sheets.. ^36 The first part of the report discusses results on conditional simulations of miscible displacements in randomly heterogeneous permeable media. ~""):
 The focus here is on local or macroscopic dispersion, the dispersion experienced at a fixed point in the medium. ~""):
 Macroscopic dispersivity has many of the same dependencies on reservoir properties as does megascopic dispersivity, but it seems to be less time dependent ana is always smaller. We have not discovered a mathematical model to describe its behavior. ~""):
 A major portion of the report deals with statistical descriptions. ~""):
 Ve investigate the bias and precision of standard measures of heterogeneity, the Lorenz and Dykstra-Parsons coefficient. ~""):
 After this, the work explores the benefits ol using a distribution type characterization parameter in exploring heterogeneity. We find that distribution type is as sensitive as mobility ratio in determining sweep efficiency. ~""):
 Other statistical topics dealt with include addressing the sampling issue in correlating log-derived and core permeabilities and in generating a two-dimensional stochastic field that mimics an actual eolian reservoir."
"Spatial functional data modeling of plant reflectances","https://scispace.com/paper/spatial-functional-data-modeling-of-plant-reflectances-ktzdvuxd","2022","Journal Article","The Annals of Applied Statistics","","10.1214/21-aoas1576","https://scispace.com/pdf/spatial-functional-data-modeling-of-plant-reflectances-ktzdvuxd.pdf","Plant reflectance spectra, the profile of light reflected by leaves across different wavelengths, supply the spectral signature for a species at a spatial location to enable estimation of functional and taxonomic diversity for plants. We consider leaf spectra as “responses” to be explained spatially. These reflectance spectra are also functions over wavelength that respond to the environment. Our motivating data are gathered for several plant families from the Greater Cape Floristic Region (GCFR) in South Africa and lead us to develop rich novel spatial models that can explain spectra for genera within families. Wavelength responses for an individual leaf are viewed as a function of wavelength, leading to functional data modeling. Local environmental features become covariates. We introduce a wavelength, covariate interaction, since the response to environmental regressors may vary with wavelength, as may variance. Formal spatial modeling enables prediction of reflectances for genera at unobserved locations with known environmental features. We incorporate spatial dependence, wavelength dependence, and space–wavelength interaction (in the spirit of space–time interaction). We implement out-of-sample validation for model selection, finding that the model features above are informative for the functional data analysis. We supply ecological interpretation of the results under the selected model. ","Authors: Philip A White,Henry Frye,Michael F Christensen,Alan E Gelfand,John A Silander Keywords: environmental regressors, functional data analysis, heterogeneity, hierarchical model, interaction, kernel weighting, reflectance, spatial confounding"
"Hierarchical delineation and multivariate statistical discrimination of chemozones of the Cauvery Basin, south India: Implications on spatio-temporal scales of stratigraphic correlation","https://scispace.com/paper/hierarchical-delineation-and-multivariate-statistical-eewu1pm5pr","2010","Journal Article","Petroleum Science","Mu. Ramkumar
Zsolt Berner
Doris Stüben","10.1007/S12182-010-0091-Z","https://link.springer.com/content/pdf/10.1007%2Fs12182-010-0091-z.pdf","","Title: Hierarchical delineation and multivariate statistical discrimination of chemozones of the Cauvery Basin, south India: Implications on spatio-temporal scales of stratigraphic correlation Authors: Ramkumar Mu (Corresponding Author) Keywords: Chemostratigraphy, statistical discrimination, petroleum exploration, stratigraphic correlation"
"A statistical strategy for ambient seismic wavefield analysis: investigating correlations to a hydrocarbon reservoir","https://scispace.com/paper/a-statistical-strategy-for-ambient-seismic-wavefield-562kz9z8y4","2013","Journal Article","Geophysical Journal International","Nima Riahi
Alex Goertz
Bradley Birkelo
Erik H. Saenger","10.1093/GJI/GGS031","https://scispace.com/pdf/a-statistical-strategy-for-ambient-seismic-wavefield-562kz9z8y4.pdf","s, Vienna, pp. C016. Bonnefoy-Claudet, S., Cotton, F. & Bard, P.-Y., 2006. The nature of noise wavefield and its applications for site effects studies: a literature review, Earth Sci. Rev., 79, w205–227. Buhlmann, P., 2002. Bootstraps for time series, Stat. Sci., 17(1), 52–72. Chapman, M., Liu, E.R. & Li, X.Y., 2006. The influence of fluid-sensitive dispersion and attenuation on AVO analysis, Geophys. J. Int., 167(1), 89–105. D’Amico, V., Picozzi, M., Baliva, F. & Albarello, D., 2008. Ambient noise measurements for preliminary site-effects characterization in the urban area of Florence, Italy, Bull. Seism. Soc. Am., 98(3), 1373– 1388. Dangel, S., Schaepman, M.E., Stoll, E.P., Carniel, R., Barzandji, O., Rode, E.D. & Singer, J.M., 2003. Phenomenology of tremor-like signals observed over hydrocarbon reservoirs, J. Volc. Geotherm. Res., 128(1-3), 135–158. Draganov, D., Wapenaar, K. & Thorbecke, J., 2006. Seismic interferometry: reconstructing the Earth’s reflection response, Geophysics, 71(4), Si61– Si70. Draganov, D., Wapenaar, K., Mulder, W., Singer, J. & Verdel, A., 2007. Retrieval of reflections from seismic background-noise measurements, Geophys. Res. Lett., 34(L04305), doi:10.1029/2006gl028735. DuBois, D.P., Wynne, P.J., Smagala, T.M., Johnson, J.L., Engler, K.D. & McBride, B.C., 2004. Geology of the Jonah Field, Sublette County, Wyoming, AAPG Studies in Geology. Efron, B. & Tibshirani, R., 1993. An Introduction to the Bootstrap, Monographs on Statistics and Applied Probability, Chapman and Hall, New","speaking, the radius is a function of well pad type, noise environment, and near surface geology, among other factors. The map we use here is therefore primarily interpreted as representing a well density rather than expected seismic noise power due to the wells. Quantitative comparison of correlations:
 Fig. (a) shows P plotted against total hydrocarbon pore thickness, S g φH. The crossplot exhibits some degree of non-linearity, perhaps two separate trends (dashed lines). Quantifying the relationship with the conventional linear Pearson correlation coefficient might thus give misleading results. Instead, we use the non-parametric Spearman rank correlation coefficient ρ rank . This coefficient quantifies to what degree a monotonic relationship exists between two variables, independent of the type of that relationship. It is also more robust with respect to outliers. It ranges from −1 (monotonically decreasing) to +1 (monotonically increasing) with values close to zero indicating no monotonic relation between the variables. To compute this measure the values of a variable are re-placed by their rank relative to the other values in that variable: the lowest value is replaced by 1, the second lowest by 2, and so on. In Fig. (a) (left-hand panel) the such transformed versions of P and S g φH are plotted against each other. The rank correlation is the conventional correlation coefficient computed on the ranks. The grey line in the panel shows the corresponding trend. Quantitative comparison of correlations:
 To include the uncertainty in the analysis, we do not estimate a single coefficient, but rather a confidence interval within which ρ rank lies. This is attained by repeatedly estimating ρ rank based on 1000 bootstrap resamples of the scatter points. From this resampling distribution a bias-corrected and accelerated 90 per cent bootstrap confidence interval is computed . There is a weak relationship, but one that is significantly weaker than the one to the hydrocarbon target. Quantitative comparison of correlations:
 Since the hydrocarbons in Jonah are mined we expect a certain correlation between the hydrocarbon target and infrastructure. In our data example the 90 per cent confidence interval of the rank The fact that the attribute correlates better to the reservoir than it does to the confounder, while the confounder itself correlates well to the reservoir suggests that there is a different nature between these   correlations. Specifically, the low S g φH values in the Southwest corner are captured better by the attribute, while contrasting with existing well pads there."
"Statistical and geostatistical study of Rn and hydrocarbon components of a soil gas monitoring system: an application to surface hydrocarbon exploration","https://scispace.com/paper/statistical-and-geostatistical-study-of-rn-and-hydrocarbon-19gqnhdekb","2016","Journal Article","Geologia Croatica","János Geiger
Noémi Jakab
Bálint Csökmei
Zsolt Horváth
Balázs Gellért","10.4154/GC.2016.21","https://scispace.com/pdf/statistical-and-geostatistical-study-of-rn-and-hydrocarbon-19gqnhdekb.pdf","This work addresses three topics: (1) the study of the joint areal distribution of the Rn and hydrocarbon components of soil gases over a large region overlying some known hydrocarbon reservoirs in the southern part of Hungary; (2) the relationships between the positive anomalies of Rn and hydrocarbon components of soil gases to the existing reservoirs; (3) suggestions for new targets for surface hydrocarbon exploration based on the results. Given the very low correlation coefficients between the Rn and hydrocarbon components of the soil gases, factor analysis was used to reveal a background process controlling the common migration of hydrocarbon and Rn components. The lateral distribution of the factor scores were studied using sequential Gaussian distribution. The E-type grid generated from 100 realizations indicated several positive anomalies at the surface. Indications with a larger than 0.7 probability were kept for further analysis. Seismic sections of a 3D survey support the comparison of the surface locations of these anomalies and the surface projections of the known reservoirs. The results proved the connection between the known reservoirs and the Rn and HC components of soil gases. From the positive verification, regions with a high probability positive anomaly of factor scores, but without any reservoir counterparts may be suggested as targets for further surface hydrocarbon exploration.","the strength of the background process. Also, the existence of such outliers calls for the application of a nonpara metric simulation approach. Fortunately, in this case the spatial outliers did not form any chainlike pattern which would have necessitated an indicator approach. DISCUSSION AND CONCLUSION:
 The 200 equally probable stochastic realizations honoured well the statistical characters of the input set (Figs. ). The simulation result was accurate, although the simulated set showed slightly larger variability than that of the input. Since a Gaussian algorithm resulted in a unimodal distribution, the Etype grid could be accepted to show the average or general lateral distribu tion of the results of the migration process. The areal distributions of regions with high Factor 1 scores of the Etype estimation roughly matched the surface projections of the known fields (Figs. ). The uncertainty of this rough matching was char acterized by the conditional variance of the probability distribu tions generated at the grid nodes. Unfortunately, the highest un certainty values are concentrated in the larger area of the high Factor 1 scores (Fig. ). Perhaps the heterogeneity of Factor 1 scores in this area and its surrounding were the reason for the less accurate estimation results. DISCUSSION AND CONCLUSION:
 The probability maps showed the possibility of locating such regions, where Factor 1 scores are large in the sense of the defi nition given above. The results showed that the regions where this event had a large probability (in general the probability was > 0.7) could be clearly correlated with the subsurface hydrocarbon res ervoirs identified in seismic profiles . This correla tion produced a positive result even in the region where the un certainty was very high (Heresznye anomaly in Fig. , Fig.  and Fig. ). The probability counterparts of the other known reser voirs on the map of the Etype estimation of Factor 1 scores could be outlined with a significantly smaller uncertainty (Fig. , Fig.  and Fig. ). DISCUSSION AND CONCLUSION:
 These results suggested that the research achieved its origi nal purpose: the connection between the known reservoirs and the Rn and HC components of soil gases have been proven in the studied area. This verification seems to be more precise than those of the relevant literature, since it used not only the Rn com ponents alone, but also the C2-C5 hydrocarbon components of soil gases. Because of the positive verification, regions with a high probability of a positive anomaly of Factor 1 scores, but without any reservoir counterparts, may be suggested as targets for surface hydrocarbon exploration. DISCUSSION AND CONCLUSION:
 However, it can also be said that the presented modelling strategy demonstrated a correlation of the measured signal to re servoirs rather than more widespread petroleum system sources."
"Uncertainty Assessment in Reserve Estimation of a Naturally Fractured Reservoir","https://scispace.com/paper/uncertainty-assessment-in-reserve-estimation-of-a-naturally-5329wm4pws","2005","Proceedings Article","","O. Ericok
F. Gumrah","10.2118/2005-150","https://scispace.com/pdf/uncertainty-assessment-in-reserve-estimation-of-a-naturally-5329wm4pws.pdf","","FRACTURED RESERVOIR ERIÇOK, Özlen Keywords: Uncertainty, Probability, Monte Carlo Method, Probability Density Function, Cumulative Probability Distribution, Matrix, Fracture, Reserve Estimation, Volumetric Method x I hereby declare that all information in this document has been obtained and presented in accordance with academic rules and ethical conduct. I also declare that, as required by these rules and conduct, I have fully cited and referenced all material and results that are not original to this work. INTRODUCTION:
 The subject of this study is to understand the effects and importance of reservoir variables in calculation of original oil in place amount. It is not hard to say that there is as much uncertainty as we have few data regarding these variables. To be able to make an economic planning and improvement of an oil field, facts and limits must be fully understood and defined in terms of reservoir structure and petrophysical properties. INTRODUCTION:
 Characteristics of an oil field can only be defined by application of detailed testing of reservoir properties. To evaluate the petrophysical and hydrocarbon properties some series of laboratory testing must be performed on hydrocarbon and rock samples. Proper sampling is not always possible because of the very own characteristics of reservoir structure. So whether high technology tools are used and detailed testing is impleme nted or not there will always be some uncertainty in characterization of field because of the limited amount of reservoir properties' representative samples that could be gathered. INTRODUCTION:
 Since planning and improvement are all based on economics and time limitations of a company, calculations of reserves and producible oil amounts must be performed in time and since it is known that there are uncertainties on the variables of calculations a method must be used to assess the uncertainty. INTRODUCTION:
 Statistical calculations are widely used to make reservoir characterization in petroleum industry via making a generalization of the hydrocarbon and rock properties. INTRODUCTION:
 In this study, a fractured carbonate oil field, Field-A is used to implement statistical methods by using its recorded production and petrochemical data. INTRODUCTION:
 Original oil in place amount of the field, in matrix and fracture system is calculated by statistical approach. Monte Carlo simulation technique is chosen which gives the opportunity to make several runs of calculations in order to get representative approach to the reservoir properties. CHAPTER 2 LITERATURE REVIEW:
 Petroleum reserves classification systems have evolved significantly over the last 10 years . The February 2000 resource classification (Figure .1) published jointly by the Society of Petroleum Engineers (SPE), World Petroleum Congress (WPC), and American Association of Petroleum Geologists (AAPG, ) is now accepted as an industry standard framework for characterizing hydrocarbon assets and opportunities.  As it can be seen in Figure .1 , total hydrocarbons in place are divided mainly in two categories as resources and reserves. Resources are generally accepted to be all volumes of hydrocarbons contained in the sub-surface, plus those volumes already produced . An example definition, by the Canadian Institute of Mining, Metallurgy and Petroleum (CIM, ), is as follows: CHAPTER 2 LITERATURE REVIEW:
 ""Resources are the total quantities of oil and gas and related substances that are estimated, at a particular time, to be contained in, or that have been produced from known accumulations, plus those estimated quantities in accumulations yet to be discovered."""
"Application of artificial intelligence to reservoir characterization: An interdisciplinary approach. Annual report, October 1, 1995--September 30, 1996","https://scispace.com/paper/application-of-artificial-intelligence-to-reservoir-49ld2nvwok","1997","Report","","D.R. Kerr
L.G. Thompson
Sujeet Shenoi","10.2172/513506","https://scispace.com/pdf/application-of-artificial-intelligence-to-reservoir-49ld2nvwok.pdf","We have decomposed the overall system development into smaller component parts to allow us to focus on the expert knowledge required for that component. In addition, the decomposition will facilitate the implementation of the system and its validation and verification. The three component systems will be representative of how each of the experts in geology, geostatistics, and engineering characterizes the reservoir. The concurrent development of these component systems fits into the development of the large and small scale aspects of the system as originally stated in the proposal.","we can also observe that petrophysical properties are consistent with the underlying geological description. In this particular example, Rock Type 5 is not part of the conditioning data. Therefore, none of the grid block has the property of Rock Type 5. Conclusions:
 Several conclusions can be drawn based on this study : Conclusions:
 The new procedure to simultaneously simulate the lithoficies and petrophysical properties, i.e., porosity and permeability, has been developed. 0:
 The geologica1 simulation is conducted using combination of indicator simulation and truncated Gaussian simulation. 0:
 Porosity simulation is conducted using sequential Gaussian simulation. 0:
 Permeability simulation is conducted using conditional distribution technique. 0:
 The efficiency of the program is obtained by performing single search neighborhood which is used for both fhcies and porosity simulation. 0:
 The implementation of the technique is done using the object oriented paradigm, i.e., C++ language, in a user fiiendly environment. 0:
 The program is tested using field data, both sandstone and carbonate reservoir. 0:
 It has been observed that the simulated geological description agrees very well with the geologist's description and the petrophysical properties are consistent with the underlying geological description. Overview:
 Throughout the life of a petroleum reservoir, information about the reservoir -typically seismic, core and log data, rates and pressures -is collected. These data represent perspectives of the reservoir at widely-differing scales. The challenge therefore, is to integrate these dzerent scales of data into a reservoir description process while honoring the scale level they represent. In addition, algorithmic efficiency may prevent the consideration of certain types of data, for example 'dynamic' data, such as rate and pressure data. These represent valuable information because they represent a heterogeneity scale which is closer to simulation gridblock scales than the typical well coreflog data. So far, dynamic data have been used on a limited basis because it then becomes necessary to use flow simulation, malcing the algorithm inefficient. An efficient algorithm for using stochastic conditional simulation in which we directly incorporate dynamic information -namely, rate and pressure information is presented. Modeling the spatial description on a he scale and the flow on an upscaled grid reduces the flow simulation execution time and allows for a faster conditional simulation algorithm. Upscaling approaches are described which result in flow performance matching between the fine or 'true' scale and the upscaled grid. The simulated annealing method is used with a 2-part objective function consisting of a variogram constraint and a flow simulation constraint with each part being appropriately weighted. Overview:
 Improvements in the reservoir description when the dynamic constraint is included are demonstrated. Also the upscaling techniques used are shown to be effective in matching the flow performance of the reservoir grid between scales. The procedure simultaneously generates fine scale description which can be used for future evaluation, and a coarse scale description which honors the production data. Using this procedure, up to a 10,000-gridblock description has been simulated. Introduction:
 Modem reservoir characterization allows the estimation of reservoir properties at particular spatial locations using geostatistical techniques. Geostatistics quantifies the spatial relationships of neighboring values for a particular reservoir characteristic, and uses that relationship to estimate the value at unsarnpled locations."
"Seeing Invisible Properties of Subsurface Oil and Gas Reservoir through Extensive Uses of Machine Learning Algorithms","https://scispace.com/paper/seeing-invisible-properties-of-subsurface-oil-and-gas-372x74ldis","2007","","","K. Park","","https://scispace.com/pdf/seeing-invisible-properties-of-subsurface-oil-and-gas-372x74ldis.pdf","Current geostatistical simulation methods al- low generating multiple realizations that honor all available data, such as hard and secondary data under certain ge- ological scenarios (e.g. 3D training image-based models, multi-Gaussian law, Boolean models). However, it is di- cult to simulate large models that honor highly nonlinear response functions (e.g. remote sensing data, geophysical data or ow in porous media data). The large CPU cost to evaluate the response function imposes limitations on the size of the model. This is particularly the case when one desires to generate a sizeable set of realizations matching the same data. The objective of this study is to generate multiple realizations all of which honor all available data (hard and secondary data and especially the non-linear re- sponse function) under certain geological scenarios. First, we generate a large ensemble of possible realizations de- scribing the spatial uncertainty for given hard and sec- ondary data. Any fast geostatistical simulation methods can be used for generating these prior models. Secondly, using multidimensional scaling, we map these models into a low-dimensional metric space by dening a distance be- ow simulator is used as the non-linear response function and may require several hours of CPU-time per simulation. We show how this technique applies to non-Gaussian (e.g. multiple-point or Boolean) geostatistical models. We also demonstrate the importance of using a distance function tailored to the par- ticular response function used in creating a low-dimensional parameterization of the ensemble of geostatistical model in feature space.","Seeing Invisible Properties of Subsurface Oil and Gas Reservoir through Extensive Uses of Machine Learning Algorithms Kwangwon Park:
 Abstract-Current geostatistical simulation methods allow generating multiple realizations that honor all available data, such as hard and secondary data under certain geological scenarios (e.g. 3D training image-based models, multi-Gaussian law, Boolean models). However, it is difficult to simulate large models that honor highly nonlinear response functions (e.g. remote sensing data, geophysical data or flow in porous media data). The large CPU cost to evaluate the response function imposes limitations on the size of the model. This is particularly the case when one desires to generate a sizeable set of realizations matching the same data. The objective of this study is to generate multiple realizations all of which honor all available data (hard and secondary data and especially the non-linear response function) under certain geological scenarios. First, we generate a large ensemble of possible realizations describing the spatial uncertainty for given hard and secondary data. Any fast geostatistical simulation methods can be used for generating these prior models. Secondly, using multidimensional scaling, we map these models into a low-dimensional metric space by defining a distance between these prior models. We propose to make this distance a function of the response function. Next, kernel principal component analysis is applied to the coordinates of realizations mapped in this metric space to create a kernel, or feature, space with linear/Gaussian type variability between the input realizations. In this space, we can apply optimization algorithms, such as gradient-based algorithms or ensemble Kalman filtering or gradual deformation method to generate multiple realizations matching the same data. A back-transformation, first from the kernel space, then to metric space and finally to the actual space of realizations allows then the generation of multiple geostatistical models that match all data, hard, secondary and non-linear response. We apply the proposed framework to generate a realistic model which honors geologic information and dynamic (time-varying) response data. A flow simulator is used as the non-linear response function and may require several hours of CPU-time per simulation. We show how this technique applies to non-Gaussian (e.g. multiple-point or Boolean) geostatistical models. We also demonstrate the importance of using a distance function tailored to the particular response function used in creating a low-dimensional parameterization of the ensemble of geostatistical model in feature space. Kwangwon Park:
 Index Terms-CS229, Machine Learning, Optimization, Reservoir I. Introduction:
 I N order to estimate oil and gas reserves and maximize their production, it is essential to find out unknown reservoir properties, such as geologic subsurface structures. Reservoir engineers often use a reservoir simulator that provides future prediction about oil and gas flow performance, which is a kind of PDE (partial differential equa-Kwangwon Park is with the Department of Energy Resources Engineering, Stanford University, Stanford, CA 94305. Phone: +1 650 725-1324, e-mail: wonii@stanford.edu tion) solvers with various reservoir properties as input parameters. However, we can seldom have enough information about these input parameters due to the limitation to access very deep subsurface formation. Those parameters which can not be measured directly are often obtained by solving optimization problem because we can measure output data only, such as production rates or pressure variation at production wells."
"Stochastic reservoir modelling for prospect mapping: a case study of ''bright'' field, Niger delta","https://scispace.com/paper/stochastic-reservoir-modelling-for-prospect-mapping-a-case-2gsh6l1cg3","2020","Journal Article","","James Sunday Abe
M.T. Olowokere
Pius Adekunle Enikanselu","10.14419/IJAG.V8I1.30846","https://scispace.com/pdf/stochastic-reservoir-modelling-for-prospect-mapping-a-case-2gsh6l1cg3.pdf","Deterministic reservoir modeling using geostatistical approach is inherently ambiguous because of the uncertainties contained in the generated reservoir models. Stochastic reservoir modelling using sequential gaussian simulation algorithm can resolve this problem by generating various realizations of petrophysical property models in order to map this uncertainties caused by subsurface heterogeneity. Suites of well logs for four wells with seismic data in SEG-Y format were used for this analysis. The wells were correlated and a reservoir was mapped across them in other to map their lateral extent, synthetic seismogram was generated in other to match the event on the seismic with that of the synthetic after carrying out a shift of -12ms. Seismic to well tie was done to ensure that the horizons were mapped accurately. The structural maps generated and the wells were input that goes into the stochastic modelling process. Five realizations each of facies(lithology), effective porosity, total porosity, net to gross, volume of shale and one realization for permeability and water saturation were generated. The facies models showed the distribution of sand and shale with sand at the existing well locations and the effective porosity, total porosity, net to gross, volume of shale models showed excellent values around the well location. Permeability and water saturation models showed that the existing wells were drilled at the flank of the anticlinal structure. Two drillable points (prospects) were proposed by considering all the initial petrophysical property models and the parameters of the two points named P1 and P2 showed that they contain hydrocarbon in commercial quantity. Stochastic reservoir modelling has proved effective in mapping uncertainties and detecting bypassed hydrocarbons.","Title: International Journal of Advanced Geosciences Authors: James Sunday Abe (Corresponding Author),Mary Taiwo Olowokere,Pius Adekunle Enikanselu Keywords: Sequential Gaussian Simulation, Modeling, Geostatistics Introduction:
 Reservoir modeling is an important method for reservoir description, with the development of computer, the modeling of oil and gas reservoir has developed rapidly. In order to find out the distribution of the remaining oil in the old oil field and to further improve the level of exploration and development, the establishment of a more sophisticated three-dimensional geological model is highly essential . The degree of reliability and precision of analyzing the geology of a sedimentary package can be greatly enhanced by integrating seismic data with well logs which, in some cases, have been used independently in hydrocarbon exploration and exploitation studies (Aizebeokhai and Olayinka, 2011; . The occurrence, distribution and character of hydrocarbon vary systematically as a function of the relative rate of hydrocarbon production and accommodation change (Abe and Olowokere 2013). Stochastic simulation is a means of generating multiple equiprobable realizations of the property in question, rather than simply estimating the mean. Essentially, we are adding back in some noise to undo the smoothing effect of kriging . This possibly gives a better representation of the natural variability of the property in question and gives us a means for quantifying our uncertainty regarding what's really down there. The two most commonly used forms of simulation for reservoir modeling applications are sequential Gaussian simulation for continuous variables like porosity and sequential indicator simulation for categorical variables like Facies . Geostatistical reservoir-modeling technologies depart from the traditional deterministic modeling methods through consideration of spatial statistics and uncertainties. Geostatistical models typically examine closely the numerous solutions that satisfy the constraints imposed by the data. Using these tools, we can assess the uncertainty in the models, the unknown that inevitably results from never having enough data (PetroWiki, 2016). Stochastic modelling principles have become increasingly popular and many companies base their reservoir management on results from stochastic models. Several techniques are currently available  . The focus is still on heterogeneity modeling, i.e. generating one or a few realizations which satisfies a geological interpretation and a set of specified data. There is, however, a growing use of stochastic models also in history matching  and quantification of uncertainty both of volumes  and production . Typically, the following data are used: well observations, spatial distributions of facies, petrophysics, and seismic horizons. The economic viability of a hydrocarbon field is also reliant on the quality and accuracy of lithology and pore fluid (Hami-Eddine et al., 2015). There has been an increased use of seismic data for both Facies and petrophysical modelling . The crucial point is the correlation between the seismic and petrophysical variables. The correlation is probably significant in many reservoirs  but is difficult to estimate. In addition there are some technical challenges related to the difference in scale between the seismic and petrophysical data. This research therefore involves generating realizations of the several petrophysical property models in order to assess their variation and predict other drillable areas."
"The measurement of hierarchically spatial industrial knowledge spillover effects","https://scispace.com/paper/the-measurement-of-hierarchically-spatial-industrial-eaul0jn0sd","2018","Journal Article","International Journal of Research","Qianting Ye","10.29121/GRANTHAALAYAH.V6.I6.2018.1335","https://scispace.com/pdf/the-measurement-of-hierarchically-spatial-industrial-eaul0jn0sd.pdf","Based on the “year–region–industry” three - dimensional unbalanced industrial production panel data of Guangdong Province in China from 2005-2013, the relationship between knowledge spillovers and industrial structure is investigated by hierarchically spatial lagged with spatial autoregressive error (HSARAR) model. The empirical results indicate that the impacts of MAR, Jacobs, and Porter spillover on Guangdong's industry economic growth is positive and statistically significant. The industrial HSARAR model considers the hierarchical structure and spatial effect simultaneously, which has a better description on economic reality than the pooled model and SARAR model.","SPATIAL INDUSTRIAL KNOWLEDGE SPILLOVER EFFECTS Authors: Qianting Ye (Corresponding Author) Keywords: Knowledge Spillover, Hierarchically Spatial Model, GMM Estimation, Cobb -Douglas Production Function Introduction:
 Knowledge spillover is one of the important concepts to explain agglomeration, innovation and regional growth in endogenous growth theory, new economic geography and other theoretical economic branches. Knowledge spillover becomes the important factor that affects the regional growth and innovation. It has also become an entry point for explaining spatial interaction and is one of the important reasons for industrial agglomeration. Industrial agglomeration is also conducive to the overflow and innovation of knowledge. Knowledge spillover is considered to be a very important reason for the formation of long-term competitive advantage in the industry. From a large amount of literature, it can be seen that the knowledge spillover of a real estate industry plays a key role in the industrial and economic development of the local area and even neighboring areas, especially in the areas where high-tech industries are concentrated. In the empirical analysis of knowledge spillovers in the existing literature, there are three different perspectives: Marshall-Arrow-Romer (MAR), Jacobs, and Porter spillover. Introduction:
 Since the beginning of the 1990s, scientists have used different econometric models based on data from different countries and different period to examine the influence of three kinds of knowledge spillovers on the growth of the industry, see , , , , , , , , , and . In actual economy, there are differences among industries in different regions. Due to the government policies, economic conditions, geographic locations and different economic operating characteristics among regions, which will have an impact on the knowledge spillover effect among industries. Kreft and de Leeuw (1998) and  concluded that a hierarchy consists of individuals or units nested within different levels.  indicated that if the existence of a certain quality of a county in a country presented more or less similarity in the neighboring counties, then this phenomenon shows spatial correlation. In other words, one ought to consider the hierarchical structure and spatial correlation in economic data. Introduction:
 For the purpose of establishing spatial models to recognize the unobserved hierarchical effects and spatial correlation,  suggested the primitive structure of hierarchically spatial panel data models.  applied the IV-2SLS method to estimate a hierarchically spatial lag (HSLAG) panel data model. While  extended the framework of  to a SARAR model with both the spatially lagged dependent variable and the spatial autoregressive error, using MLE for estimation. Ye and Long (2016) derived the GMM-FGLS estimates for a hierarchically spatial autoregressive error (HSEAR) panel model. Then  applied this approach to the house price of England. This article intends to use the HSARAR model to analyze the hierarchical effect, spatial correlation, and knowledge spillover effect."
"A Fractal Simulation Method for Simulating the Resource Abundance of Oil and Gas and Its Application","https://scispace.com/paper/a-fractal-simulation-method-for-simulating-the-resource-34wn1axb","2022","Journal Article","Mathematical Geosciences","Qiulin Guo
Hong-Jia Ren
Xiaozhi Wu
Zhu-Yin Liu
Yanzhao Wei
Jifeng Liu
Haoyun Liu
Jingdu Yu
Xiang Zhang","10.1007/s11004-021-09991-5","https://scispace.com/pdf/a-fractal-simulation-method-for-simulating-the-resource-34wn1axb.pdf","Abstract In this study, a fractal simulation method for simulating resource abundance is proposed based on the evaluation results of the exploration risk and prediction technology for the spatial distribution of oil and gas resources at home and abroad. In addition, a key technical workflow for simulating resource abundance was developed. Furthermore, the model for predicting resource abundance has been modified, and the objective functions for conditional simulation have been improved. A series of prediction technologies for predicting the spatial distribution of oil and gas resources have been developed, and the difficulties in visualizing the exploration risks and predicting the spatial distribution of oil and gas resources have been solved. Prediction technologies have been applied to the Jurassic Sangonghe Formation in the hinterland of the Junggar Basin, and good results have been obtained. The results indicated that within the known area, taking the known abundance as the constraint condition, the coincidence rate of the simulated quantities of the original model and the improved model with the actual reserves reached 99.98% after the conditional simulation, indicating that the conditional simulation was effective. In addition, with the improved model, the predicted remaining resources are 0.7899 $$\times 10^{8}$$ <mml:math xmlns:mml=""http://www.w3.org/1998/Math/MathML""> <mml:mrow> <mml:mo>×</mml:mo> <mml:msup> <mml:mn>10</mml:mn> <mml:mn>8</mml:mn> </mml:msup> </mml:mrow> </mml:math> t, which is 65% of the discovered reserves, and the original model predicts that the remaining resources are 3.5033 $$\,\times \,10^{8}$$ <mml:math xmlns:mml=""http://www.w3.org/1998/Math/MathML""> <mml:mrow> <mml:mspace /> <mml:mo>×</mml:mo> <mml:mspace /> <mml:msup> <mml:mn>10</mml:mn> <mml:mn>8</mml:mn> </mml:msup> </mml:mrow> </mml:math> t, which is 2.89 times greater than the discovered reserves. Compared with the area in the middle stage of exploration, the results of the improved model are more consistent, and the results of the original model are obviously larger, indicating that the improved model has a good predictive effect for the unknown area. Finally, according to the risk probability and remaining resource distribution, the favorable areas for exploration were optimized as follows: the neighborhood of the triangular area formed by Well Lunan1, Well Shimo1, and Well Shi008, the area near Well Mo11, the area east of Well Mo5, the area west of Well Pen7, the area southwest of Well Shidong1, and the surroundings, as well as the area north of Well Fang2. The application results show that these prediction technologies are effective and can provide important reference and decision-making for resource evaluation and target optimization. ","modeling methods have been used, such as objectoriented simulations and those based on geological models . used the information integration method to integrate the geological, geophysical, and exploration engineering information in order to reflect the spatial distribution characteristics of oil and gas resources. Introduction:
 In addition, the resource distribution is reflected in maps, which makes the prediction results more intuitive.  proposed a method for predicting the spatial distribution of oil and gas resources based on grids and geographical information systems (GIS).  proposed a method for predicting the spatial distribution of oil and gas resources by using multiple statistics and information-processing techniques, that is, integrating information by using the Mahalanobis distance discrimination method, calculating the hydrocarbon-bearing probability of the known samples by using the Bayesian formula, establishing a hydrocarbon-bearing probability template under different Mahalanobis distances, and then predicting the spatial distribution of oil and gas resources using the established template.  summarized the relevant literature on decision-making psychology in petroleum exploration and risk assessment methods, and proposed a new risk probability algorithm that uses six geological risk factors (structure, reservoir facies, reservoir conductive capacity, capping layer, source rock, maturity, and migration) for estimation. This method shifts the focus of geological risk assessment from the calculation of probability values to the objective evaluation of geological data and models.  predicted the oil and gas potential of the study area using the evidence belief function approach, and evaluated the accuracy of prediction results through efficiency curves of success rate and prediction rate.  proposed the connotation and applicable conditions of geological models that can distinguish the marginal, conditional, and spatial probabilities, revealing the geological risks under the constraints of specific geological conditions, and improving the success rate of prospective targets or risk wells in areas with low exploration degree.  discussed the evaluation units, variables, and models related to geological risk and favorable evaluation, and proposed a data-driven model using logistic regression. The model can integrate the existing geoscience information and current exploration results to obtain a quantitative logistic regression relationship between the occurrence of oil and gas and key geological factors, and can be used to predict the probability of oil and gas occurrence.  considered that some uncertainties, such as geological complexity, lithostratigraphy, fluid content, and seismic resolution, are common risks in exploration, and proposed a method that uses spectral decomposition, pre-stack inversion, and seismic facies classification to reduce exploration risk.  believes that comprehensive risk assessment methods can help to successfully drill horizontal wells in complex geological environments. Through identification, evaluation, and management of various risks, several horizontal wells in an offshore complex geological environment in Southeast Asia have been planned to reduce drilling and geological uncertainty.  proposed a gray correlation evaluation method based on the fuzzy analytic hierarchy process. This method can be used to predict the distribution of oil and gas resources based on the closeness between the evaluation index and the ideal index, multiple evaluation factors, and weights between the evaluation indexes.  predicted the oil and gas distribution of the Dongying Formation in the Nanpu area in Bohai Bay Basin using a tree-augmented Bayesian network, and good results have been achieved."
"Diffusion Coefficients in Systems Related to Reservoir Fluids: Available Data and Evaluation of Correlations","https://scispace.com/paper/diffusion-coefficients-in-systems-related-to-reservoir-1vrdhb2h","2022","Journal Article","Processes","Yibo Yang
Erling Halfdan Stenby
Alexander Shapiro
Wei-Mon Yan","10.3390/pr10081554","https://scispace.com/pdf/diffusion-coefficients-in-systems-related-to-reservoir-1vrdhb2h.pdf","Molecular diffusion determines the time to reach local equilibrium in a reservoir. It can be a main production mechanism in scenarios such as production from fractured reservoirs or tight formation. However, there is a lack of high-pressure diffusion coefficients for reservoir fluids and its related systems. Many correlations exist, but there is no consensus on their accuracy for these systems. We provide a systematic review of the available data for systems related to reservoir fluids, as well as a comprehensive comparison of five commonly used correlations for hydrocarbon mixtures, including the extended Sigmund, Riazi-Whitson, Leahy-Dios-Firoozabadi, Wilke–Chang, and the Hayduk–Minhas correlations. We collected extensive data of diffusion coefficients in binary mixtures related to petroleum fluids and established a database of over 80 binaries and 1600 data points. We also collected the data for gas diffusion in different oils and reservoir fluids, but the data in high-pressure live oils are extremely scarce. The five correlations were evaluated using the binary database, and a few selected correlations using the oil database. None of the correlations show consistent and dominant superiority for all the binary mixtures, although some are better for particular groups/regions. For oils and reservoir fluids, the composition information is often incomplete. Only a few sets allow a comparison between different correlations. Although some trends can be identified from the correlation evaluation, no conclusive recommendation is made for a particular model, due to the data scarcity. The findings underscore the need for more accurate measurement and modeling of gas diffusion in mixtures that are more representative of reservoir fluids at high pressures.","Title: Diffusion Coefficients in Systems Related to Reservoir Fluids: Available Data and Evaluation of Correlations Authors: Yibo Yang,Erling H Stenby,Alexander A Shapiro,Wei Yan Keywords: diffusion coefficient, high pressure, reservoir fluids, hydrocarbon, database, correlation"
"Statistical Deep Learning for Spatial and Spatio-Temporal Data","https://scispace.com/paper/statistical-deep-learning-for-spatial-and-spatio-temporal-3n5zmjh3","2022","Journal Article","Annual review of statistics and its application","Christopher K. Wikle
Andrew Zammit-Mangion","10.48550/arXiv.2206.02218","https://scispace.compdf/statistical-deep-learning-for-spatial-and-spatio-temporal-3n5zmjh3.pdf","Deep neural network models have become ubiquitous in recent years and have been applied to nearly all areas of science, engineering, and industry. These models are particularly useful for data that have strong dependencies in space (e.g., images) and time (e.g., sequences). Indeed, deep models have also been extensively used by the statistical community to model spatial and spatiotemporal data through, for example, the use of multilevel Bayesian hierarchical models and deep Gaussian processes. In this review, we first present an overview of traditional statistical and machine learning perspectives for modeling spatial and spatiotemporal data, and then focus on a variety of hybrid models that have recently been developed for latent process, data, and parameter specifications. These hybrid models integrate statistical modeling ideas with deep neural network models in order to take advantage of the strengths of each modeling paradigm. We conclude by giving an overview of computational technologies that have proven useful for these hybrid models, and with a brief discussion on future research directions.","Reservoir: , 2 (level 1 is typically not reduced, but could be). use each of the dimension-reduced hidden states and the level 1 hidden states as possible predictors in the response level of the model (analogous to Equation ). Reservoir:
 Note that the dimension reduction in Equation 8 can be unsupervised (e.g., principal component reduction or random projection) or supervised (e.g., with the use of autoencoders). Reservoir:
 In the case of unsupervised dimension reduction, the hidden-state construction represented in Equations 8 and 9 is simply a multi-resolution stochastic transformation of the input. Reservoir:
 As with the shallow spatio-temporal ESN presented above, uncertainty quantification can be accounted for by bootstrap ensemble approaches or through Bayesian inference. For example, the Bayesian approach given in  extends the basic output function and data stage of the ensemble deep spatio-temporal ESN. Reservoir:
 Specifically, the ensemble member hidden states sampled from different random reservoirs are used in a regularized linear regression to model a transformation of the mean response from the data stage, similar to generalized additive models. Specifically: Reservoir:
 where η t ∼ Gau(0, σ 2 η I), ""Dist"" denotes an unspecified distribution (e.g., exponential family), g(•) is some specified transformation (e.g., inverse link function), β (j) l are regression matrices for l = 1, . . . Reservoir:
 , n and the jth reservoir replicate, where j = 1, . . . , n res . In the Bayesian implementation, stochastic search variable selection (SSVS) or other Bayesian variable selection methods can be used to regularize the regression matrices. Reservoir:
 The hybrid ESN approach, and variations thereof, have been used to successfully predict sea surface temperatures , soil moisture , wind power , industrial processes , electricity prices , asset volatility , and air pollution . Reservoir:
 It is common in various branches of statistics to develop probability models for a transformation of the data, rather than for the data themselves. Such transformations include the log transform, the exponential and power transforms (e.g., , the Box-Cox transform , and the Tukey g-and-h transform . Reservoir:
 Many of these have been used in spatial statistics (e.g., . These transformations generally have a parsimonious parameterization, and are relatively simple in form. More flexibility can be achieved by expressing the transformation using a (suitably structured) deep learning architecture. Deep learning for characterizing complex data models:
 The ""warped GP"" of  is given by Deep learning for characterizing complex data models:
 where {Z i } are the observations, { i } are the measurement errors, g ϑ (•) is a monotonic  ) propose using a one-layer net of tanh(•) functions to model g θ (•). Deep learning for characterizing complex data models:
 extend the warped GP to the ""compositionally warped GP"" by expressing g ϑ (•) as a (deep) composition of elementary functions which have explicit derivatives and inverses; these include the Box-Cox transform and the Sinh-Arcsinh transform."
"Geostatistical modeling of interval velocity to quantifying hydrocarbon resource in multi-layer reservoir from TMB field, Niger Delta","https://scispace.com/paper/geostatistical-modeling-of-interval-velocity-to-quantifying-15y3lsrd5r","2010","Journal Article","International Journal of Physical Sciences","M.T. Olowokere","10.5897/IJPS.9000278","https://scispace.com/pdf/geostatistical-modeling-of-interval-velocity-to-quantifying-15y3lsrd5r.pdf","Geostatistical modeling is performed on the “TMB field” in the offshore area of Niger Delta using 2D seismic data. The goal of the study is determine interval velocity by using geostatistical modeling; and calculate the volume of the reservoir according to different Oil-Water-Contact (OWC) whose uncertainty was characterized by a given probability distribution. The models are completely consistent with the observed vertical and lateral distribution of the structural and petrophysical parameters. The probability distribution of Stock Tank Oil Initially In-Place (STOIIP) is obtained with 3D operator layer-based inversion scheme. After the modeling, estimation of unbiased volumes is carried out and the risk associated with the volumes is quantified. Regression analysis based on geologic zones showed that geological and petrophysical modeling results exhibit a correlation between increasing N/G and increasing STOIIP, as well as between the increasing porosity and increasing STOIIP. STOIIP increases as the value of N/G and porosity increase. The major steps in the geostatistical modeling procedure are illustrated with an example of depth conversion from the TMB field. This study shows that it compares favourably with other techniques like linear velocity modeling.

	 

	Key words: Probability distribution, geostatistical modeling, reservoir property, porosity, water saturation, gross rock volume, interval velocity, net-to-gross.","geologic input into the model, reservoir properties and the precision of the 2D mapping of reservoir geometry. This procedure makes it possible to correctly follow the risk evaluation throughout the development of an oil and gas field, thus making its management more efficient. ACKNOWLEDGEMENTS:
 The author feels indebted to the Department of Petroleum Resources, Nigeria for her assistance in securing the data used for the work. The author also thank Schlumberger Nigeria Limited for providing the facilities used for the data analysis. The manuscript was greatly benefited from valuable comments and suggestions by Prof. B.D Ako of Obafemi Awolowo University, Ile-Ife."
"Optimizing oil and gas field management through a fractal reservoir study model","https://scispace.com/paper/optimizing-oil-and-gas-field-management-through-a-fractal-1as9hq3a88","2017","Journal Article","Journal of Petroleum Exploration and Production Technology","Mukhtar Habib
Yao Guangqing
Congjiao Xie
Samba Prisca Charles
Hamza Jakada
Musa Salihu Danlami
Hifzullah A. Ahmed
Ibrahim Abdullateef Omeiza","10.1007/S13202-016-0252-8","https://scispace.com/pdf/optimizing-oil-and-gas-field-management-through-a-fractal-1as9hq3a88.pdf","Integration among geophysics, geology, reservoir engineering, geochemists, geomechanics and management is truly essential, but needs some specific approaches and methodologies for developing and calibrating a study model capable of dealing with all and each of these aspects. The ability for a multitask project team to easily search, modify, visualize and/or analyze a multidisciplinary study results in a quick, responsive and easily comprehendible manner is still a problem of the petroleum industry. In this work, various modeling workflows were examined so as to highlight unavoidable interdependencies between these multidisciplinary specialists in the process of oil and/or gas reservoir studies. The traditional multidisciplinary working methods which were hitherto available are examined and some lapses identified. An optimized integrated study approach was further proposed. The optimized integrated approach is expected to have tremendous advantages in terms of improving the quality as well as flexibility of oil and gas reservoir studies, a working time reduction, and is expected to serve as a single final approach that can be adapted or used to tackle reservoir study problems.","establish the most economically acceptable option, like if abandonment of some of the facilities may result in higher economic performance. Methodology: Components are further defined with respect to the second-tier nodes in which every node is composed of its own components. For example, Methodology:
 As shown in Fig. , we assume X 1 represents subsurface modeling and reserve evaluation node, and it is further assumed that its branch X 1,1 represents regional/geomechanical model, X 1,2 reservoir scale model, X 1,3 property model and X 1,4 lithologic model and so on up to X 1,n . The procedure can be infinitely continuous. Methodology:
 Based on the proposed model, we assume that a business stream H consists of N business nodes (X 1 , X 2 , X 3 , X 4 , …, X n-1 , X n ). Hence, autocorrelation matrix can be applied to express the interaction between every two business nodes in a business stream. Therefore, r ij is defined as a correlation coefficient that represents the cross-correlation between the ith business node and jth business node. Based on the business process stream H, its autocorrelation matrix with N*Norder is constructed as shown in Fig. . Results:
 The circles in Fig.  represent business nodes and platforms for data sharing and collaborative work, respectively, while the lines connect different business nodes. Arrows show directions of business streams and data streams. Two-way arrows indicate response between nodes and platform. Theoretically, due to its fractal property, this kind of model can be divided further without limitation, thereby enabling a network of different kind of studies. An unlimited opportunity for accepting further study nodes as well as re-evaluation nodes is achieved. Results:
 The relationship between business platforms is our prime target, and these platforms are the different specialist involved in a reservoir study as described by Fig. , where r ij represents; With this application, there will be a quick response and easy visualization of data in a more comprehendible manner, thus making specialist learn from one another and thereby building more confidence. The model expresses integrated reservoir studies in the form of a local world of networks in which each node represents a particular study or business enterprise, while connections between nodes represent information/data exchange. The position of a node in the network reveals the influence and status of its study enterprise on the integrated reservoir study project. The network expansion process will be moving on as the project continues, resulting in network structure alterations."
"Processus de contact avec ralentissements aléatoires : transition de phase et limites hydrodynamiques","https://scispace.com/paper/processus-de-contact-avec-ralentissements-aleatoires-45p18l1t0h","2014","Dissertation","","Kevin Kuoch","","https://scispace.com/pdf/processus-de-contact-avec-ralentissements-aleatoires-45p18l1t0h.pdf","Dans cette these, on etudie un systeme de particules en interaction qui generalise un processus de contact, evoluant en environnement aleatoire. Le processus de contact peut etre interprete comme un modele de propagation d'une population ou d'une infection. La motivation de ce modele provient de la biologie evolutive et de l'ecologie comportementale via la technique du mâle sterile, il s'agit de controler une population d'insectes en y introduisant des individus sterilises de la meme espece: la progeniture d'une femelle et d'un individu sterile n'atteignant pas de maturite sexuelle, la population se voit reduite jusqu'a potentiellement s'eteindre. Pour comprendre ce phenomene, on construit un modele stochastique spatial sur un reseau dans lequel la population suit un processus de contact dont le taux de croissance est ralenti en presence d'individus steriles, qui forment un environnement aleatoire dynamique. Une premiere partie de ce document explore la construction et les proprietes du processus sur le reseau Z^d. On obtient des conditions de monotonie afin d'etudier la survie ou la mort du processus. On exhibe l'existence et l'unicite d'une transition de phase en fonction du taux d'introduction des individus steriles. D'autre part, lorsque d=1 et cette fois en fixant l'environnement aleatoire initialement, on exhibe de nouvelles conditions de survie et de mort du processus qui permettent d'expliciter des bornes numeriques pour la transition de phase. Une seconde partie concerne le comportement macroscopique du processus en etudiant sa limite hydrodynamique lorsque l'evolution microscopique est plus complexe. On ajoute aux naissances et aux morts des deplacements de particules. Dans un premier temps sur le tore de dimension d, on obtient a la limite un systeme d'equations de reaction-diffusion. Dans un second temps, on etudie le systeme en volume infini sur Z^d, et en volume fini, dans un cylindre dont le bord est en contact avec des reservoirs stochastiques de densites differentes. Ceci modelise des phenomenes migratoires avec l'exterieur du domaine que l'on superpose a l'evolution. A la limite on obtient un systeme d'equations de reaction-diffusion, auquel s'ajoutent des conditions de Dirichlet aux bords en presence de reservoirs.","Keywords: interacting particle system, spatial stochastic model, contact process, random environment, attractiveness, percolation, phase transition, hydrodynamic limit, reservoirs"
"Stratigraphy and Oil: a Review - Part 2: Characterization of Reservoirs and Sequence Stratigraphy: Quantification and Modeling","https://scispace.com/paper/stratigraphy-and-oil-a-review-part-2-characterization-of-7f40c3l4el","2002","Journal Article","Oil & Gas Science and Technology-revue De L Institut Francais Du Petrole","C. Ravenne","10.2516/OGST:2002021","https://scispace.com/pdf/stratigraphy-and-oil-a-review-part-2-characterization-of-7f40c3l4el.pdf","This article is the second of a series of two covering all of the author's research activity at IFP since 1972, of which the main focus has been stratigraphy, seismic as well as sequential. This series is composed of four chapters resuming the important results of the work done and stressing those that have a methodological scope. The chronological order is preserved to emphasize the evolution ,of ideas and methods. The first article (Ravenne, 2002) contains the first three chapters. The first chapter of the study of the active margins of the Southwest Pacific already contained the basics of seismic stratigraphy. The second dealed with the introduction, growth and spread of the seismic stratigraphy. The third addressed the ,study of submarine fans with the broad use of the methods of seismic stratigraphy, the interactions between the inputs of onshore studies and marine seismic studies, and the application of channel and tank experiments to the interpretation of gravity deposits. These results had a significant impact on the development of sequential stratigraphy. This second article (fourth chapter) demonstrates the power of sequential stratigraphy for the characterization of oil and gas reservoirs. This period of activity (the longest and which involved the largest number of researchers) resulted in the development of a quantitative geology and the creation of ,methods and software allowing the direct use of geological knowledge. It was marked by the establishment of a real and effective multidisciplinarity. In this chapter, the driving role that IFP played ,in the renewal of sedimentology and stratigraphy in France is emphasized. Each of these chapters contains an introduction presenting the state of knowledge at the time when the work was undertaken and the challenges facing the researchers, a section on the work done, and one of the main results achieved. Prospects for future work concerning research and development that could be undertaken are presented with the main conclusions.","Title: Stratigraphy and O il: A Review Part 2 Characterization of Reservoirs and Sequence Stratigraphy: Q uantification and Modeling Authors: Ch Ravenne (Corresponding Author) Introduction:
 The reservoir simulation methods still used in the late 1980s were of the ""layer-cake"" type, which made use of porositythickness and permeability-thickness maps to characterize each of the blocks of the grid of the model. Data such as lateral continuity, and permeability barrier, were often poorly known. Introduction:
 One of the difficulties encountered by the reservoir engineer in using simulation models stems from the fact that oil reservoirs are natural environments whose physical properties are virtually always heterogeneous and anisotropic at all scales. In fact, the heterogeneity of the reservoirs is one of the most important causes of the difficulties or failures of oil recovery methods. Experience has shown that in most cases, this heterogeneity could not be suitably described only on the data from widely spaced wells. Introduction:
 Hence the knowledge of the heterogeneities was and still is an essential factor in optimizing the development of reservoirs. It allows the choice of an appropriate mathematical model to represent the reservoir, a model that serves to propose consistent lithofacies between the available wells. At the start of the project, a strong demand for the knowledge of these reservoir heterogeneities emerged, as emphasized by numerous researchers  and several symposiums and conferences held previously or during the execution of the project (""Reservoir Characterization Technical Conference"", NIPER 1985, Dallas; the special sessions of the 62 nd and 63 rd ""Annual Technical Conference and Exhibition of the Society of Petroleum Engineers (SPE)"", ; symposiums on the Characterization of Reservoirs organized by the SPE, Durango, United . Subsequent studies are not included because they became too numerous as other teams converged on the problem. Geostatistics only appeared very seldom in these meetings (one or two papers out of fifty). Three years later, practically no papers failed to mention geostatistics, and it is often very poorly used, lacking support from solid ground data. Introduction:
 One of the originalities of the IFP team was to really work in common between geologists and geostatisticians, and thereby define the data acquisition mode. The creation of a common language was a lengthy process (more than two"
"An Application of an Embedded Model Estimator to a Synthetic Nonstationary Reservoir Model With Multiple Secondary Variables.","https://scispace.com/paper/an-application-of-an-embedded-model-estimator-to-a-synthetic-1mg9ge91g1","2021","Journal Article","","Daly Colin C","10.3389/FRAI.2021.624697","https://scispace.com/pdf/an-application-of-an-embedded-model-estimator-to-a-synthetic-1mg9ge91g1.pdf","A method (Ember) for non-stationary spatial modelling with multiple secondary variables by combining Geostatistics with Random Forests is applied to a three-dimensional Reservoir Model. It extends the Random Forest method to an interpolation algorithm retaining similar consistency properties to both Geostatistical algorithms and Random Forests. It allows embedding of simpler interpolation algorithms into the process, combining them through the Random Forest training process. The algorithm estimates a conditional distribution at each target location. The family of such distributions is called the model envelope. An algorithm to produce stochastic simulations from the envelope is demonstrated. This algorithm allows the influence of the secondary variables as well as the variability of the result to vary by location in the simulation.","Estimator to a Synthetic Nonstationary Reservoir Model With Multiple Secondary Variables Authors: Colin Daly (Corresponding Author),Vasily Demyanov Keywords: geostatistics, machine learning, random forest, Ember, spatial statistics, reservoir modeling INTRODUCTION:
 An issue that practitioners of spatial modeling confront is that the ensemble behavior of the modeled random function might not match observable properties of the dataset in some types of application. For example, some auxiliary hypotheses of a generative model such as stationarity, needed to allow inference, may leave an unwelcome trace in the predicted results. The subsurface reality itself is rarely stationary, and the usual remedy for scientists is to subdivide the domain of interest into regions which they believe to be approximately stationary (or reducible to stationary by removing a trend) and to create separate models within each region. While this generally works well in practice, it does suffer from a couple of potential downsides. Sometimes the number of regions required can be quite large, necessitating a labor-intensive and quite error-prone procedure. Secondly, a region which is modeled as stationary may, in fact, have some subtle but distinct sub-regions which, if identified, would affect some desired applications of the model (for example, fluid flow strongly depends on vertical spatial divisions). INTRODUCTION:
 A compounding factor is that when predicting a target variable at a location, there often are a number of secondary variables known at that location which are covariate with the target variable of interest, e.g., . An example from the oil industry is the prediction of porosity away from well locations, where the porosity value is known to a reasonably high degree. At target locations, we may have observed one or more seismic and/or geological attributes, which are covariate with porosity. These are known as secondary variables in Geostatistics. An observable spatial trend when seen in the data is often modeled as a polynomial. In many generative models, such as Gaussian cosimulation, a simplified relationship between the covariates and the target variable is assumed. For example, stationarity of the correlation between secondary variables and the target variable is an auxiliary hypothesis that is unlikely to be fully satisfied in practice. INTRODUCTION:
 In this article, a simple alternative procedure is proposed which is aimed at reducing these effects. Influenced by the idea of Conditional Random Fields (CRFs) and the classic Geostatistical wariness of very highly parametric models, the idea is to directly estimate an envelope of conditional distributions based on the secondary data and on prior speculative spatial models. The envelope of distributions can be thought of as a generalization of a trend model. They can be quite nonstationary, reflecting local heterogeneity patterns. They provide estimates of the target variable, as well as a locally adapted estimate of uncertainty. This can be carried out without invoking a full multivariate distribution. Unfortunately, it is not possible to extend the workflow to produce realizations of a random function without such an assumption. In most traditional formulations, this is made up front. Examples are Gaussian Random Fields (GFs), Markov Random Fields (MRFs), Hidden Markov Models (HMMs), and many variants. Since the prior model is generally made with some hypothesis of stationarity, the risk of this hypothesis persisting into the results should be considered."
"Synthetic Fractal Modelling of Heterogeneous and Anisotropic Reservoirs for Use in Simulation Studies: Implications on Their Hydrocarbon Recovery Prediction","https://scispace.com/paper/synthetic-fractal-modelling-of-heterogeneous-and-anisotropic-4s9gbwxxaq","2017","Journal Article","Transport in Porous Media","Saud Al-Zainaldin
Paul W. J. Glover
Piroska Lorinczi","10.1007/S11242-016-0770-3","https://scispace.com/pdf/synthetic-fractal-modelling-of-heterogeneous-and-anisotropic-4s9gbwxxaq.pdf","Optimising production from heterogeneous and anisotropic reservoirs challenges the modern hydrocarbon industry because such reservoirs exhibit extreme inter-well variability making them very hard to model. Reasonable reservoir models can be obtained using modern geostatistical techniques, but all of them rely on significant variability in the reservoir only occurring at a scale at or larger than the inter-well spacing. In this paper we take a different, generic approach. We have developed a method for constructing realistic synthetic heterogeneous and anisotropic reservoirs which can be made to represent the reservoir under test. The main physical properties of these synthetic reservoirs are distributed fractally. The models are fully controlled and reproducible and can be extended to model multiple facies reservoir types. This paper shows how the models can be constructed and how they have been tested. Reservoir simulation results of a number of generated 3-D heterogeneous and anisotropic models show that heterogeneity, in terms of only the geometric distribution of reservoir properties, has a little effect on oil production from high and moderate quality reservoirs. However, if the effect of heterogeneity on capillary pressure is taken into account, the effect becomes striking, where varying the heterogeneity of reservoirs properties can lead to a 70 % change in the predicted oil production rate and a significant early shift of water breakthrough time. Hence, it is the heterogeneity consequences that are really substantial if not taken into account. These are very significant uncertainties for a hydrocarbon company if the heterogeneity of their reservoir is not well defined.",". These are very significant uncertainties for a hydrocarbon company if the heterogeneity of their reservoir is not well defined. On this basis, the full effects of heterogeneity and anisotropy have to be addressed before modelling and simulation is carried out. Conclusions:
 This paper has shown how the fractal concept can be used to construct a generic heterogeneous and anisotropic reservoir model that reproduces faithfully the static and spatial characteristics that real heterogeneous and anisotropic reservoirs exhibit. The models are not stochastic, but are completely reproducible when the same random number seeds are used. Different runs using different random number seeds, but with the same physical characteristics allow a population of model reservoirs to be built so that the natural variability and uncertainty in reservoir simulation results may be quantified. Conclusions:
 In particular, this paper has evolved a method for generating synthetic (reproducible) three-dimensional reservoir volumes in which the heterogeneity and anisotropic vertically and/or laterally are controllable using imposed fractal dimensions, and the anisotropy is controlled using an anisotropy factor in any direction, respectively. In these models each voxel is correlated to each of the surrounding voxels in a fractal manner. Testing of the fractal volumes shows that the values are spatially and vertically correlated according to the imposed fractal dimension and anisotropy factors to within a very small error. Conclusions:
 Basic simulation of the main measures of reservoir performance including the reservoir fluid pressure, hydrocarbon production rates, and the timing of water breakthrough on reservoir models representing heterogeneous reservoirs under test, with a range of heterogeneities (fractal dimension) between 3.1 and 3.9, show that oil production and water encroachment are controlled by permeability heterogeneity, vertical anisotropy, placement of the wells, and, more importantly, the capillary pressure heterogeneity. In fact, vertical displacement depends on the permeability of the most impermeable layer. Conclusions:
 Supposing that the generated fractal volumes represent all the available geologic information of a reservoir, and while the change considered is only heterogeneity and anisotropy of the property distributions only (i.e. other parameters are not affected), both the heterogeneity and anisotropy have little effect on reservoirs performance. Thus, providing that the overall property distributions were mapped with good accuracy, the heterogeneity and anisotropy have small effect. Conclusions:
 Conversely, if the effect of the heterogeneous spatial distribution of reservoir properties, which is fractal, on other reservoir parameters such as reservoir capillary pressure is taken into account, heterogeneity can significantly, and destructively, impact the reservoir performance behaviour. Under such circumstances, a clear correlation between the fractal dimension and the simulation results is noted such that reservoirs with greater heterogeneity have less oil production rate, greater water cut, earlier water breakthrough time, faster production decline, and faster pressure drop. This is due to the fact the heterogeneity causes the capillary pressure to vary across the reservoir, leading to high connate water saturations and greater water channelling. This shows that the heterogeneity itself, at pore scale, in terms of how the physical properties are distributed in the reservoir is not significant. However, the heterogeneity consequences are significant if not taken into account (e.g. capillary pressure variation)."
"O neobkhodimosti sopostavleniya geologicheskikh i gidrodinamicheskikh kharakteristik zalezhey po dannym trekhmernogo modelirovaniya na primere produktivnogo plasta Tl2-b Nozhovskogo mestorozhdeniya nefti","https://scispace.com/paper/o-neobkhodimosti-sopostavleniya-geologicheskikh-i-495cvzzxmc","2014","Journal Article","","Aleksandr Borisovich Deryushev
Дерюшев Александр Борисович","10.15593/2224-9923/2014.13.2","https://scispace.com/pdf/o-neobkhodimosti-sopostavleniya-geologicheskikh-i-495cvzzxmc.pdf","Capabilities of the modern software toolkit IRAP RMS by ROXAR are exploited: tools of a stratigraphic, lithologic and petrophysical modelling, allowing three-dimensional parameters of lithology, the oil-saturated volume Kп, Kн, maps of effective and effective-oil-saturated layers, as well as the results of a hydrodynamic modelling. To evaluate correctness of the three-dimensional models built a comparison of geological and hydrodynamic characteristics of the deposits is required. The problem was solved by the elements of mathematical statistics, i.e. a step-by-step discriminatory analysis for which variables were selected on the basis of the 3D modelling results presented in the form of geological and hydrodynamic characteristics of the object explored. The analysis generated probabilistic parameters for identifying observations as belonging to the main development site – the deposit near the well 1 , for geological (Рг.п) and hydrodynamic (Ргд.п) deposit parameters, coupled with the integrated probabilistic parameter Рк. Additionally, probability maps and scattering graphs were produced which made it possible to identify two main areas: 1) one with the observations belonging to the Nozhovskoye upheaval deposit, near the well 1; 2) another with the observations not belonging to the Nozhovskoye upheaval deposit.  Keywords:  deposit, pay bed, upheaval, seismic survey, 3D geological model, lithologic modelling, reservoir, cap rock, field, petrophysical modelling, estimating of crude oil,  3D hydrodynamic model, correlation coefficient,  discriminatory analysis, probability map.","bed, upheaval, seismic survey, 3D geological model, lithologic modelling, reservoir, cap rock, field, petrophysical modelling, estimating of crude oil, 3D hydrodynamic model, correlation coefficient, discriminatory analysis, probability map Введение:
 Построение трехмерных цифровых геологических моделей в настоящее время уже стало естественной составляющей в рамках подсчета запасов углеводородного сырья, а также технологических процессов обоснования бурения скважин. В значительной степени это связано с усложнением строения разрабатываемых месторождений и новыми технологиями добычи, например бурением горизонтальных скважин. Между тем это не единственные задачи современного геологического моделирования. Дело в том, что проекты разработки месторождений не составляются без гидродинамического моделирования. Гидродинамическая модель показывает, как будут перемещаться флюиды (нефть, газ, вода) в процессе отбора продукции, т.е. при разработке месторождения и при различных воздействиях на пласт. И первоосновой такой модели, бесспорно, является геологическая модель. Она, по сути, фиксирует в пространстве область со всеми ее неоднородностями, где происходят эти процессы . Введение:
 Таким образом, для оценки качества и корректности построения трехмерных моделей необходимо сравнение геологических и гидродинамических характеристик залежей: в какой степени они соответствуют друг другу в пределах, например, залежи или продуктивного пласта. Данная задача была решена с применением элементов математической статистикипошагового дискриминантного анализа, ход работы и результаты которого описаны в настоящей статье."
"Spatial analysis of oil reservoirs using DFA of geophysical data","https://scispace.com/paper/spatial-analysis-of-oil-reservoirs-using-dfa-of-geophysical-4ykfypxu9g","2014","Posted Content","","R. A. Ribeiro
M. V. M. Mata
L. S. Lucena
U. L. Fulco
G. Corso","10.5194/NPGD-1-877-2014","https://scispace.com/pdf/spatial-analysis-of-oil-reservoirs-using-dfa-of-geophysical-4ykfypxu9g.pdf","We employ Detrended Fluctuation Analysis (DFA) technique to investigate spatial properties of an oil reservoir. This reservoir is situated at Bacia de Namorados , RJ, Brazil. The data corresponds to well logs of the following geophysical quantities: sonic, gamma ray, density, por os5 ity and electrical resistivity, measured in 56 wells. We tested the hypothesis of constructing spatial models using data fr om fluctuation analysis over well logs. To verify this hypothes is, we compare the matrix of distances among well logs with the differences amongDFA-exponents of geophysical quantities 10 using spatial correlation function and Mantel test. Our dat a analysis suggests that the sonic profile is a good candidate to represent spatial structures. Then, we apply the cluster ing analysis technique to the sonic profile to identify these spa tial patterns. In addition, we use the Mantel test to search for co r15 relations amongDFA-exponents of geophysical quantities.","Title: Spatial analysis of oil reservoirs using detrended fluctuation analysis of geophysical data Authors: R A Ribeiro,M V M Mata,L S Lucena,U L Fulco,G Corso (Corresponding Author)"
"Spatial analysis of oil reservoirs using detrended fluctuation analysis of geophysical data","https://scispace.com/paper/spatial-analysis-of-oil-reservoirs-using-detrended-36jxaqamn7","2014","Journal Article","Nonlinear Processes in Geophysics","R. A. Ribeiro
M. V. M. Mata
Liacir S. Lucena
Umberto L. Fulco
Gilberto Corso","10.5194/NPG-21-1043-2014","https://scispace.com/pdf/spatial-analysis-of-oil-reservoirs-using-detrended-36jxaqamn7.pdf",". We employ the detrended fluctuation analysis (DFA) technique to investigate spatial properties of an oil reservoir. This reservoir is situated at Bacia de Namorados, RJ, Brazil. The data correspond to well logs of the following geophysical quantities: sonic, gamma ray, density, porosity and electrical resistivity, measured in 56 wells. We tested the hypothesis of constructing spatial models using data from fluctuation analysis over well logs. To verify this hypothesis, we compare the matrix of distances of well logs with the differences in DFA exponents of geophysical quantities using a spatial correlation function and the Mantel test. Our data analysis suggests that the sonic profile is a good candidate for representing spatial structures. Then, we apply the clustering analysis technique to the sonic profile to identify these spatial patterns. In addition, we use the Mantel test to search for correlations between DFA exponents of geophysical quantities.","Title: Spatial analysis of oil reservoirs using detrended fluctuation analysis of geophysical data Authors: R A Ribeiro,M V M Mata,L S Lucena,U L Fulco,G Corso (Corresponding Author)"
"3D Spatial Distribution of Reservoir Parameters for Prospect Identification in ''Bizzy'' Field, Niger Delta","https://scispace.com/paper/3d-spatial-distribution-of-reservoir-parameters-for-prospect-4todwkbfpe","2018","Journal Article","","S.J. Abe
M.A. Ayuk
K. Mogaji
Olatunbosun Kafisanwo","10.19026/RJEES.10.5864","https://scispace.com/pdf/3d-spatial-distribution-of-reservoir-parameters-for-prospect-4todwkbfpe.pdf","This study focuses on the use of some geostatistical tools to spatially distribute reservoir parameters in order to identify the bypassed prospects from the earlier seismic interpretation that was carried out in the field using 3D seismic data. Four wells and seismic data were used to generate the interpreted input horizon grids, fault polygons and to carry out detailed petrophysical analysis. Structural and property modeling which include; facies, net to gross, porosity and water saturation were distributed stochastically within the constructed 3D grid using Sequential Gaussian Simulation (SGS) algorithm. The reservoir structural model show system of different oriented growth faults F1 to F9. Faults F1, F2, F3 and F4 were the major growth faults, dipping towards south-west and are quite extensive almost across all the seismic section. A rollover anticline formed as a result of deformation of the sediments deposited on the downthrown block of fault F1. The other faults were minor fault (synthetic and antithetic). The trapping mechanism is a fault assisted anticlinal closure. Results from well log analysis and petrophysical models shows Godwin reservoir to be a moderate to good reservoir in terms of facies, with good net to gross, porosity, permeability and low water saturation. This study has also demonstrated the effectiveness of 3D geostatical modeling technique as a tool for better understanding the distribution with respect to space of continuous reservoir properties. It will also provide a framework for the future prediction of reservoir qualities and yield rate of the reservoirs.","Title: 3D Spatial Distribution of Reservoir Parameters for Prospect Identification in ''Bizzy'' Field, Niger Delta Authors: S J Abe,M A Ayuk,K Mogaji,O O Kafisanwo Keywords: Antithetic, deformation, geostatistics, porosity, stochastic, synthetic"
"A Novel Method in Hydrocarbon and Reservoir Properties Prediction Based on Elastic Properties","https://scispace.com/paper/a-novel-method-in-hydrocarbon-and-reservoir-properties-5cixgr2c5x","2020","","","Maman Hermana
Lulan A. Lubis
S. Y. Moussavi Alashloo
Julikah","","https://scispace.com/pdf/a-novel-method-in-hydrocarbon-and-reservoir-properties-5cixgr2c5x.pdf","","Title: A Novel Method in Hydrocarbon and Reservoir Properties Prediction Based on Elastic Properties Authors: Maman Hermana (Corresponding Author),Lulan A Lubis,S Y Moussavi Alashloo Keywords: Rock Physics, Seismic Attribute, Reservoir Properties, SQp, SQs"
"Investigating the spatial relationship between the upstream gauging stations and the reservoir","https://scispace.com/paper/investigating-the-spatial-relationship-between-the-upstream-5o862ojbgj","2016","Journal Article","Journal of Advanced Management Science","Suriyati Abdul Mokhtar
Wan Hussain Wan Ishak
Norita Md Norwawi","10.18178/JOAMS.4.6.503-506","https://scispace.com/pdf/investigating-the-spatial-relationship-between-the-upstream-5o862ojbgj.pdf","Reservoir operation involves many critical decisions due to unpredicted circumstances, such as drought or flood.The reservoir water release decision is one of the challenging tasks for the reservoir operator since the decision to deal with many complicated decision variables
and multipurpose operation. Typically, the water that flow into the reservoir comes from the upstream river network.The gauging stations are located at different locations and the distance between the gauging stations and the reservoir
are varied.This information indicates that there are spatial relationships between gauging stations and reservoir.This paper aims to investigate the spatial relationship between the upstream gauging stations and the reservoir by mapping temporal rainfall information on each gauging station with
the reservoir water level.The mapping was established using .Back propagation Neural Network.The findings show that different location and distance of each gauging station with the Timah Tasoh reservoir does affect the water travel
time from gauging stations to the reservoir. ","Title: Investigating the Spatial Relationship between the Upstream Gauging Stations and the Reservoir Authors: Suriyati Abdul Mokhtar,Wan Hussain,Wan Ishak,Norita Md Keywords: backpropagation neural network, spatialtemporal data, reservoir water level forecasting"