"Paper Title","Paper Link","Publication Year","Publication Type","Publication Title","Author Names","DOI","PDF Link","Abstract","TL;DR"
"Applications of quantitative biomarker analysis in petroleum geochemistry","https://scispace.com/paper/applications-of-quantitative-biomarker-analysis-in-petroleum-ftzdcnwku7","1989","Journal Article","Preprints-American Chemical Society Division of Petroleum Chemistry","A. G. Requejo","","","Analyse des marqueurs biologiques de 32 echantillons de petrole de la Gulf Coast par chromatographie en phase liquide et chromatographie en phase gazeuse couplee a de la detection par ionisation de flamme ou a de la spectrometrie de masse. Des composes modeles sont utilises: le 5 α (H)-androstane pour l'analyse des composes satures et le o-terphenyl pour l'analyse des composes aromatiques. Application de l'analyse des biomarqueurs a l'etude de la biodegradation et de la maturation","Analyse des marqueurs biologiques de 32 echantillons de petrole de la Gulf Coast par chromatographie en phase liquide et chromatographs en phase gazeuse couplee a de la detection par ionisation de flamme ou a de the spectrometrie de masse as discussed by the authors."
"Recalcitrance\nand Degradation of Petroleum Biomarkers\nupon Abiotic and Biotic Natural Weathering of &lt;i&gt;Deepwater Horizon&lt;/i&gt; Oil","https://scispace.com/paper/recalcitrance-nand-degradation-of-petroleum-biomarkers-nupon-0uyt7qvl2akh","2016","Repository","","","10.1021/es500825q.s001","","Petroleum biomarkers such as hopanoids,\nsteranes, and triaromatic\nsteroids (TAS) are commonly used to investigate the source and fate\nof petroleum hydrocarbons in the environment based on the premise\nthat these compounds are resistant to biotic and abiotic degradation.\nTo test the validity of this premise in the context of the &lt;i&gt;Deepwater Horizon&lt;/i&gt; disaster, we investigated changes to these\nbiomarkers as induced by natural weathering of crude oil discharged\nfrom the Macondo Well (MW). For surface slicks collected from May\nto June in 2010, and other oiled samples collected on beaches in the\nnorthern Gulf of Mexico from July 2010 until August 2012, hopanoids\nwith up to 31 carbons as well as steranes and diasteranes were not\nsystematically affected by weathering processes. In contrast, TAS\nand C&lt;sub&gt;32&lt;/sub&gt;- to C&lt;sub&gt;35&lt;/sub&gt;-homohopanes were depleted in\nall samples relative to 17α&lt;i&gt;(H)&lt;/i&gt;,21β&lt;i&gt;(H)-&lt;/i&gt;hopane (C&lt;sub&gt;30&lt;/sub&gt;-hopane). Compared to MW oil,\nC&lt;sub&gt;35&lt;/sub&gt;-homohopanes and TAS were depleted by 18 ± 10%\nand 36 ± 20%, respectively, in surface slicks collected from\nMay to June 2010, and by 37 ± 9% and 67 ± 10%, respectively,\nin samples collected along beaches from April 2011 through August\n2012. Based on patterns of relative losses of individual compounds,\nwe hypothesize biodegradation and photooxidation as main degradation\nprocesses for homohopanes and TAS, respectively. This study highlights\nthat &lt;i&gt;(i)&lt;/i&gt; TAS and homohopanes can be degraded within\nseveral years following an oil spill, &lt;i&gt;(ii)&lt;/i&gt; the use\nof homohopanes and TAS for oil spill forensics must account for degradation,\nand &lt;i&gt;(iii)&lt;/i&gt; these compounds provide a window to parse\nbiodegradation and photooxidation during advanced stages of oil weathering. ",""
"Pyrolysis of asphaltenes and biomarkers for the fingerprinting of the Amoco Cadiz oil spill after 23 years","https://scispace.com/paper/pyrolysis-of-asphaltenes-and-biomarkers-for-the-4y6385f153","2009","Journal Article","Nature Precedings","J. Oudot
Frédéric Chaillan","10.1038/NPRE.2009.2975.1","","The chemical composition of the petroleum products accidently or deliberately released in the environment varies considerably with time under the action of biological (biodegradation) and physico-chemical (photo-oxidation) processes. It becomes more and more difficult to trace the origin of the oil spilled. A technique widely used for monitoring ancient oil pollutions is the study of oil biomarkers like terpanes and steranes^1,2^. Here we show that the geochemical technique of asphaltenes pyrolysis can be successfully applied to environmental samples. This method allows the reconstitution of the original oil from the asphaltenes fraction of severely degraded oil residues. We applied the two techniques: biomarkers analysis and pyrolysis of asphaltenes to the long-term characterisation of the Amoco Cadiz oil 23 years after the spill in the salt marshes of Ile Grande, Northern Brittany, France. The results show that the oil reached the ultimate degradation stage. The total biodegradation rate was 60% relatively to initial oil. The asphaltenes pyrolysis generated a gas-chromatographic profile very similar to the original Amoco Cadiz oil. In the biomarkers fraction, gas chromatographic/mass spectrometric (GC/MS) analyses demonstrated that terpanes were conserved whereas steranes were partly degraded. We also showed that the class of seco-hopanes biomarkers are conserved and can be used in the long term monitoring of oil pollutions.","In this article, asphaltenes pyrolysis was applied to the long-term characterisation of the Amoco Cadiz oil 23 years after the spill in the salt marshes of Ile Grande, Northern Brittany, France."
"Application of biomarker data in oil characterization","https://scispace.com/paper/application-of-biomarker-data-in-oil-characterization-d16vore9svcq","2020","Repository","","","10.26233/heallink.tuc.69159","","Biological markers (biomarkers) are a large group of hydrocarbons that are readily employed to assess the nature of petroleum oil samples. While the chemical applications of biomarkers are vast, this study used selected acyclic and cyclic, polycyclic terpenoids, and tetraterpenoids to understand the nature of twenty Williston Basin oils. The analysis also used the BioTool, an updated database that was developed for this particular study. Some of the reliable biomarker ratios included saturated hydrocarbon pristine/phytane ratio, diasteranes/steranes, C24/C23 tricyclic terpane, C24TeT/C30 hopane, and C31 22R homohopane/C30 hopane. Overall, a biomarker analysis using the BioTool is efficient, effective, and user-friendly. Further work should be carried out developing constraints on the biomarker ratios for certain characteristic oil Basins. ",""
"Organic Geochemical Approaches in Petroleum Exploration","https://scispace.com/paper/organic-geochemical-approaches-in-petroleum-exploration-8saa014nrswk","","","","YI Yi","10.3969/j.issn.1009-301x.2003.02.015","","Organic geochemistry of biomarker is a new developing interdisciplinary branch in geological science since 1970's. Based on the analysis of chemical composition and configuration transformation of biomarkers (or so-called molecular fossils), Scientists got more detailed information on the evolution of sedimentary organic matter and the genesis of depositional resources, particularly on the petroleum. This paper introduces the application of biomarker in petroleum exploration and development, such as input of organic matter, original depositional environment, migration and biodegradation of oil and maturity of source rock.","This paper explores the application of organic geochemistry, specifically biomarkers, in petroleum exploration and development, providing insights into organic matter input, depositional environments, oil migration, biodegradation, and source rock maturity."
"Fossil Steroid Biomarkers from Brazilian Marine Crude Oils Revealed by Gc×Gc−Tofms and Apci(+)Ft−Icr Ms","https://scispace.com/paper/fossil-steroid-biomarkers-from-brazilian-marine-crude-oils-2pa39rqyd1","2019","Proceedings Article","","Bruno Quirino Araújo
Lindamara M. Souza
F.R. Aquino Neto
Débora A. Azevedo
Wanderson Romão","10.3997/2214-4609.201902752","","Steroidal hydrocarbon biomarkers are important geochemical components in source rocks and crude oils. In general, their distribution pattern is used for characterization of organic matter source, oil-to-source correlation, maturation degree and biodegradation of geological samples. Fossil steroids are poorly resolved by gas chromatography techniques (e.g., GC−FID), requiring the combination with simple quadrupole mass spectrometry or tandem mass spectrometry (e.g., QqQ, QTOFMS) (Peters et al., 2005). Recently, new trends in the application of analytical techniques to petroleum analysis have improved the resolution of most hydrocarbons using comprehensive two-dimensional gas chromatography coupled to time-offlight mass spectrometry (GC×GC–TOFMS) and the evaluation of hydrocarbon classes by positive-ion atmospheric pressure chemical ionization in combination to Fourier transform ion cyclotron resonance mass spectrometry (APCI(+)FT−ICR MS) (Araújo and Azevedo, 2016, Tose et al., 2019).","Araújo et al. as discussed by the authors used two-dimensional gas chromatography coupled to time-offlight mass spectrometry (GC×GC-TOFMS) and the evaluation of hydrocarbon classes by positive-ion atmospheric pressure chemical ionization in combination to Fourier transform ion cyclotron resonance mass spectrametry (APCI(+)FT−ICR MS) for petroleum analysis."
"Application of Biological Marker Technology to Bioremediation of Refinery Byproducts","https://scispace.com/paper/application-of-biological-marker-technology-to-zom8ougf80","1995","Journal Article","Energy & Fuels","J. Michael Moldowan
Jeremy J. Dahl
Mark A. McCaffrey
William J. Smith
John C. Fetzer","10.1021/EF00049A023","","The progress of bioremediation of waste petroleum sludge at Chevron's Perth Amboy, New Jersey, refinery landfarm was evaluated using a ranting scale based on refractory biological marker hydrocarbons that are indigenous to, and ubiquitous in, crude oils Of the four samples analyzed from different locations in the landfarm, two were virtually identical and showed an absence of the n-alkanes expected to be found in the sludge (light biodegradation ranking) Another showed additional partial degradation of acyclic isoprenoids, eg, pristane and phytane (moderate ranking) The fourth sample showed complete n-paraffin and isoprenoid loss, partial alteration of hopanes, and losses of C 27 steranes, C 27 diasteranes, C 27 monoaromatic steroids, and C 26 triaromatic steroids relative to the higher steroid homologs in each of these series (heavy rating) These results suggest a concomitant preferential loss of steroid hydrocarbons that have the cholestane side chain and a possible new steroid biodegradation mechanism that is essentially blind to the structure of the steroid nucleus The latter sample also showed levels of most polynuclear aromatic hydrocarbons (PAH), suggesting a buildup of these compounds as others were removed However, some of the smaller PAH (acenaphylene, fluorene, fluoranthene) appear to have decreased These results suggest that a protocol based on such a biodegradation ranting scale could be used to monitor the progress of bioremediation of oil based refinery wastes","The results suggest a concomitant preferential loss of steroid hydrocarbons that have the cholestane side chain and a possible new steroid biodegradation mechanism that is essentially blind to the structure of the steroid nucleus."
"Distribution, Controlling Factors and Oil-source correlation of Biodegraded Oils in the Bohai Offshore Area, Bohai Bay Basin, China","https://scispace.com/paper/distribution-controlling-factors-and-oil-source-correlation-1vf0l4f8a9","2017","Journal Article","AAPG Bulletin","Jinqiang Tian
Fang Hao
Xinhuai Zhou
Huayao Zou","10.1306/07251614105","","The vast majority of discovered oils in the Bohai offshore area have undergone biodegradation varying from 1 to 9 on the PM scale (a scale to rank the level of biodegradation proposed by Peters and Moldowan, 1993). The distribution and biodegradation extent of all discovered oils in the Bohai offshore area were investigated systematically using geologic and geochemical data to reveal controlling factors of varying levels of biodegraded oils. Based on the analysis on environment and maternal significances and the resistance to degradation of biomarkers, the biomarker parameter assemblage that is suitable for the oil-source correlation of severely biodegraded oils (higher than PM 6) in the Bohai offshore area was determined. Spatial distribution and biodegradation extent are mainly controlled by current burial depth, the duration of biodegradation, the area of the oil-water-contact (OWC) and a late strike-slip movement of the Tanlu fault. Almost all biodegraded oils are found in shallow reservoirs above 2000 m. The longer the oils are present in these reservoirs or the larger the area of OWC the reservoirs show, the greater the extent of biodegradation will be. The late strong strike-slip movement of the Tanlu fault may have significantly enhanced the biodegradation extent of several oils in fields located in the Tanlu fault zone by introducing oxygenated freshwater from the surface or near-surface and creating a more suitable environment for biodegradation. C19 tricyclic terpane/C23 tricyclic terpane (C19/C23 TT), C24 tetracyclic/C26 tricyclic terpane (C24 Tet/C26 TT) and Gammacerane/C24 Tetracyclic (Gam/C24 Tet) do not seem to be influenced by biodegradation and show obvious differences between the three different source rock intervals. Such a biomarker parameter assemblage can be used successfully to determined the origin of severely biodegraded oils (higher than PM 6) by correlating with extracts of possible source rocks in the Bohai offshore area.","In this paper, the authors investigated the distribution and biodegradation extent of all discovered oils in the Bohai offshore area using geologic and geochemical data to reveal controlling factors of varying levels of biodegraded oils."
"Pristine Biomarker Compositions Recovered from Biodegraded Oil Samples Using Mssv-Hy","https://scispace.com/paper/pristine-biomarker-compositions-recovered-from-biodegraded-3up0za8zyz","2023","Preprint","","Shengyu Yang
Brian Horsfield
Kai Mangelsdorf
Rolando di Primio
Joachim Rinna
Alexander Hartwig
Antonio Martín-Monge
R. Tocco
Rouven Elias","10.2139/ssrn.4675881","","Oil-source and oil-oil correlations are challenging when the primary chemical composition of petroleum was altered or destroyed by biodegradation. Biomarkers that are bound to macromolecular matrices rather than being in a free form are largely protected from alteration and may therefore offer a solution to the challenges. Using Microscale Sealed Vessel Catalytic Hydrogenation (MSSV-Hy), the bound biomarkers of two North Sea and two Barents Sea oil samples, with varying levels of biodegradation, were released from their respective asphaltenes. Despite biodegradation having changed the relative concentrations of steranes (C27-C30 steranes) and hopanes (C29-C30 hopanes) in the free biomarker fraction to varying degrees, the asphaltene-bound biomarkers were protected and show pristine ratios unaffected by biodegradation, e.g., the relative content of C27-C29 steranes, the C30/C29 sterane ratio, and the C29/C30 hopane ratio. Empirical calibration then allows these bound biomarkers to be converted into regular biomarker ratios. The MSSV-Hy technique has been shown to be an efficient and effective tool for releasing asphaltene-bound biomarkers from biodegraded oil and revealing genetic information when free biomarkers are altered by biodegradation. ","Mssv-Hy recovers pristine biomarker compositions from biodegraded oil samples, protecting biomarkers bound to macromolecular matrices from alteration."
"Using the biomarker bonded on the asphaltenes for biodegraded oil-source correlation","https://scispace.com/paper/using-the-biomarker-bonded-on-the-asphaltenes-for-ofy1qekg3q","2003","Journal Article","Chinese Science Bulletin","Guanjun Xu
Guanjun Xu
Dajiang Zhang
Dajiang Zhang
Peirong Wang
Peirong Wang","10.1007/BF03183303","","Ruthenium-ion-catalyzed oxidation (RICO) has been used to investigate asphaltenes from three oils with the same origin in the Juquan Basin and three oils with the same origin but with different degree of biodegradation in the Turpan Basin, Northwest China. The preliminary results showed that the biomarkers bonded on the asphaltenes with the same origin is similar and is correlated with the free biomarker in saturates. The bonded biomarkers have no relationship with the biodegradation. An application on the severely biodegraded oils is reported here. The biomarker and benzenecarboxylic methyl esters reflecting the structure of the asphaltenes after RICO should provide a new way for oil-source correlation and it should be specially useful for severely biodegraded oil-source correlation.","In this article, the authors used RICO to investigate asphaltenes from three oils with the same origin but with different degree of biodegradation in the Turpan Basin, Northwest China."
"Using the biomarker bonded on the asphaltenes for biodegraded oil-source correlation","https://scispace.com/paper/using-the-biomarker-bonded-on-the-asphaltenes-for-30oez9q90b","2003","","","XUGuanjun
ZHANGDajiang","","","Ruthenium-ion-catalyzed oxidation (RICO) has been used to investigate asphaltenes from three oils with the same origin in the Juquan Basin and three oils with the same origin but with different degree of biodegradation in the Turpan Basin, Northwest China. The preliminary results showed that the biomarkers bonded on the asphaltenes with the same origin is similar and is correlated with the free biomarker in saturates. The bonded biomarkers have no relationship with the biodegradation. An application on the severely biodegraded oils is reported here. The biomarker and benzenecarboxylic methyl esters reflecting the structure of the asphaltenes after RICO should provide a new way for oil-source correlation and it should be specially useful for severely biodegraded oil-source correlation.","In this article, the authors used RICO to investigate asphaltenes from three oils with the same origin but with different degree of biodegradation in the Turpan Basin, Northwest China."
"Application of sterane and triterpane biomarkers in petroleum exploration","https://scispace.com/paper/application-of-sterane-and-triterpane-biomarkers-in-1x8bgs00fv","1990","Journal Article","Bulletin of Canadian Petroleum Geology","Douglas W. Waples
Tsutomu Machihara","10.35767/GSCPGBULL.38.3.357","","Sterane and triterpane biomarkers are becoming increasingly important in the application of geochemistry in exploration programs. These compounds are often used to help describe organic facies, determine maturity of oils and extracts, and correlate oils with each other or with rock extracts. Steranes are derived from precursor steroid molecules present in both higher plants and algae. Regular steranes can be useful in evaluating the types of photosynthetic material in the sediments. Diasterane concentrations are governed mainly by maturity and lithology, and thus provide additional facies information. Unusual compounds such as 4-methylsteranes may occasionally be useful as facies indicators. Triterpanes, derived primarily from bacteria, can indicate diagenetic conditions, and thus complement the information derived from sterane distribution. Hopanes are the dominant triterpanes. The presence of unusual compounds like 28,30-bisnorhopane, or unusual concentrations of common compounds such as the homohopanes, gammacerane, and oleanane can indicate certain depositional environments. Changes in certain sterane and triterpane ratios have been used as maturity indicators for extracts and crude oils. However, many biomarker ratios depend on facies as well as on maturity. Modern correlations, which rely heavily on biomarkers, are usually highly reliable. Failures in correlations are usually due to low biomarker concentrations, lack of distinguishing characteristics in the biomarker distributions, or extreme biodegradation. The relative stability of steranes and triterpanes during biodegradation makes them useful in correlating somewhat biodegraded samples, but where biodegradation is extreme even these biomarkers will experience some transformation. Geologists who understand the fundamentals of biomarker interpretation can greatly increase their understanding of a basin: its geological history, migration patterns, and future potential. This increased knowledge will translate into greater exploration efficiency. However, biomarker data should always be fully integrated with all other available geochemical and geological information to make the most reasonable interpretation possible. RESUME Les biomarqueurs de sterane et de triterpane deviennent de plus en plus importants dans l'application de la geochimie dans les programmes d'exploration. Ces composes sont souvent utilises pour decrire les facies organiques, determiner le niveau de maturite des huiles et des extraits, et correler les huiles entre elles ou avec les extraits de la roche. Les steranes sont derivees de molecules de steroides precursives presentes tant dans les especes vegetales plus avancees que dans les algues. Les steranes ordinaires peuvent etre utiles pour determiner les types de materiaux photosynthetiques dans les sediments. Les teneurs en diasteranes sont gouvernees surtout par le niveau de maturite et la lithologie, et donc fournissent des informations supplementaires sur les facies. Des composes inhabituels tels que les 4-methylsteranes peuvent a l'occasion etre utilises comme indicateurs de facies. Les triterpanes, derivees surtout a partir de bacteries, peuvent indiquer les conditions diagenetiques, et donc ajouter a l'information obtenue de la distribution des steranes. Les hopanes sont les triterpanes dominantes. La presence de composes inhabituels tels que 28,30-bisnorhopane, ou des concentrations inhabituelles de composes communs tels que les homohopanes, les gammaceranes, et les oleananes peuvent indiquer certains milieux sedimentaires. Des changements dans certains rapport de steranes et de triterpanes ont ete utilises comme indicateurs de niveau de maturite des extraits et des petroles bruts. Par contres, plusieurs rapports de biomarqueurs dependent du facies ainsi que du niveau de maturite. End_Page 357------------------------ Les correlations modernes, qui dependent grandement des biomarqueurs, sont d'habitude tres sures. L'echec des correlations est d'habitude du a de trop faibles concentrations des biomarqueurs, au manque de caracteristiques distinctives des repartitions des marqueurs, ou a un degre extreme de biodegradation. La stabilite relative des steranes et des triterpanes durant la biodegradation les rendent utiles dans la correlation des echantillons quelque peu biodegrades, mais par contre lorsque la biodegradation est extreme meme ces biomarqueurs subiront des transformations. Les geologues qui comprennent les principes fondamentaux de l'interpretation des biomarqueurs peuvent elargir grandement leur niveau de comprehension d'un bassin: son histoire geologique, ses reseaux de migration, et son potentiel futur. Ce niveau de connaissances plus eleve se traduira par une plus grande efficacite des efforts d'exploration. Par contre, les donnees de biomarqueurs doivent toujours etre pleinement integrees avec toutes les autres donnees geochimiques et geologiques disponibles, afin d'obtenir une interpretation qui soit la plus raisonnable possible. Traduit par Marc Charest.","Sterane and triterpane biomarkers are becoming increasingly important in the application of geochemistry in exploration programs as mentioned in this paper and are often used to help describe organic facies, determine maturity of oils and extracts, and correlate oils with each other or with rock extracts."
"The effect of biodegradation on gammacerane in crude oils.","https://scispace.com/paper/the-effect-of-biodegradation-on-gammacerane-in-crude-oils-14iqyd8myk","2017","Journal Article","Biodegradation","Haiping Huang
Haiping Huang","10.1007/S10532-017-9798-5","","Gammacerane is one of the major biomarkers widely used in depositional environment diagnosis, oil family classification, and oil-source correlation. It is generally accepted that gammacerane is more resistant to biodegradation than regular hopanes. However, whether it is biodegradable as well has not been reported in literatures. In order to investigate the effect of biodegradation on gammacerane in crude oils, 69 core samples from two biodegraded petroleum accumulations were geochemically characterized by quantitative GC-MS analysis. All samples are originated from lacustrine source rocks in China and have experienced at least level 8 degree of biodegradation on the scale of Peters and Moldowan (The biomarker guide: interpreting molecular fossils in petroleum and ancient sediments, Prentice Hall, Englewood Cliffs, 1993). Both case histories showed the concentration of gammacerane decrease with increasing severity of biodegradation, indicating the destruction of gammacerane by biodegradation. A whole series of 25-norhopanes paralleling the 17α,21β-hopanes (up to C34), together with C28 18-α-25,30-bisnorneohopane, C29 25-nordiahopane and C29 25-norgammacerane, is found in the Liaohe sample suite but C33, C34 25-norhopane and 25-norgammacerane are almost undetectable in the Junggar case. The gammacerane in the Liaohe case study appear to be altered simultaneously with hopanes, although the rate of gammacerane alteration is slower. Its susceptibility to biodegradation is similar to 18α(H)-22,29,30-trisnorneohopane (Ts) and 17α(H)-22,29,30-trisnorhopane (Tm) but more vulnerable than 18α-30-norneohopane (C29 Ts), 15α-methyl-17α(H)-27-norhopane (C30 diahopane) and pregnanes. The gammacerane in the Junggar oils appear to be less biodegradable than the Liaohe case history. It was altered simultaneously with pregnanes and C29 Ts but faster than C30 diahopane. The present data suggest that biodegradation sequence is not universal since the relative rates of biodegradation of different compound classes depend upon specific environmental conditions. Like the case of hopane demethylation, the mechanism of gammacerane biodegradation is not straightforward. While the conversion of gammacerane to 25-norgammacerane is not quantitatively balanced in the Liaohe case history, no 25-norgammacerane has been formed from the degradation of gammacerane in the Junggar case history. The ratio of gammacerane to regular hopanes increases with biodegradation degree especially at extreme levels of degradation, gammacerane index is no longer valid for depositional environment assessment or oil-source correlation.","The present data suggest that biodegradation sequence is not universal since the relative rates of biodegrades of different compound classes depend upon specific environmental conditions."
"La biodégradation des hydrocarbures pétroliers : Dossier : géochimie organique","https://scispace.com/paper/la-biodegradation-des-hydrocarbures-petroliers-dossier-39h674l9ot","1995","Journal Article","Analusis","L. Rivet","","","La biodegradation est un des processus qui peut affecter les produits fossiles tel le petrole, soit au sein des roches reservoirs, soit lors du stockage ou du transport dans les oleoducs. Ce phenomene n'affecte pas les differentes classes d'hydrocarbures de la meme maniere et a la meme vitesse. La structure des molecules est le facteur principal controlant ces transformations bacteriennes. L'analyse des hydrocarbures residuels et les eventuelles transformations des composes hydrocarbones permettent d'evaluer le degre de biodegradation. Le principal outil analytique utilise dans ces etudes est le couplage chromatographie gazeuse/spectrometrie de masse (CG/SM).","In this paper, an outil analytique utilise dans ces etudes is le couplage chromatographie gazeuse/spectrometrie de masse (CG/SM)."
"Oxydation abiotique de bitumes petroliers en milieu naturel. Aspects moleculaires et macromoleculaires","https://scispace.com/paper/oxydation-abiotique-de-bitumes-petroliers-en-milieu-naturel-4zubtdde8o","1996","Dissertation","","Sylvie Lemoine","","","Exposes en surface, les bitumes petroliers subissent l'influence conjointe de plusieurs phenomenes responsables de l'alteration de la matiere organique. Grace a l'analyse des biomarqueurs, l'etude de trois series d'echantillons presentant des degres d'alteration variables a montre que les composes libres ainsi que les constituants macromoleculaires subissent des modifications structurales. Le lessivage-evaporation conduit a la disparition des hydrocarbures satures et aromatiques de bas poids moleculaire. A un stade pousse, la biodegradation affecte tous les alcanes lineaires et ramifies ainsi que les hydrocarbures polycycliques et aromatiques. L'oxydation abiotique de bitumes, peu etudiee en geochimie organique, se manifeste par la quasi-disparition des hydrocarbures aromatiques ; au fur et a mesure de l'oxydation, les steroides mono-, di-, triaromatiques et les 8,14-secohopanes monoaromatiques sont partiellement convertis en cetones benzyliques correspondantes. Chaque famille presente une reactivite particuliere en fonction de son squelette hydrocarbone. Cependant au sein d'une meme famille, l'oxydation benzylique se fait sans discrimination par rapport a la taille des squelettes et a leur configuration. Les sulfures sont partiellement oxydes en sulfones. Par ailleurs, une nouvelle famille de 14-methylsteroides diaromatiques a ete identifiee par synthese d'un compose de reference en c#2#1. L'alteration conduit de plus a une augmentation considerable de la teneur des fractions macromoleculaires. Nous avons montre que de nouvelles fonctions oxygenees (hydroxyles, carbonyles, carboxyles, sulfones) sont incorporees dans les fractions macromoleculaires par oxydation, ce qui resulte en une solubilite partielle de celles-ci en milieu basique (humidification). Ces observations ont ete confirmees par des simulations d'oxydation abiotique de composes de reference en presence de lumiere. Ainsi, comme en milieu naturel, une fonctionnalisation en position benzylique s'opere pour tous les substrats etudies. Nous avons egalement montre que les carbones tertiaires et les cycles aromatiques des composes polyaromatiques peuvent etre degrades","In this article, a trois series d'echantillons presentant des degres d'alteration variables a montre que les composes libres ainsi que les constituants macromoleculaires subissent des modifications structurales."
"The use of biological markers in organic geochemical investigations of the origin and geological history of crude oils (I) and in the assessment of oil pollution of rivers and river sediments of Serbia (II)","https://scispace.com/paper/the-use-of-biological-markers-in-organic-geochemical-3h3pp1qc","2022","Journal Article","Journal of The Serbian Chemical Society","","10.2298/jsc210701072j","https://scispace.com/pdf/the-use-of-biological-markers-in-organic-geochemical-3h3pp1qc.pdf","Biological markers (BMs) are organic compounds in oils in which a precursor is known, and during the transformation of organic matter these compounds undergo certain structural and stereochemical changes. Based on the established precursors of BMs, the origin of the examined oils can be estimated, and based on the intensity and the type of changes and also geological history. It includes defining the deposition medium, the degree of maturation, the length of the oil migration path, the degree of biodegradation. The most studied and applied BMs are normal alkanes, isoprenoid aliphatic alkanes pristane and phytane, and polycyclic alkanes of the sterane and terapane type. On the other hand, in the environmental chemistry, these compounds can significantly contribute to the identification of petroleum pollutants, as well as to the assessment of the migration mechanism and the intensity of biodegradation. This review paper first presents the results related to the application of BMs in the organic geochemical correlations of oil in the south-eastern part of the Pannonian Basin (I). The second part provides an overview of those researches in which the same BMs were used in the identification of oil pollutants and in monitoring their changes during the migration and the biodegradation in rivers and river sediments of Serbia (II). ","The most studied and applied biological markers are normal alkanes, isoprenoid aliphatic alkanes pristane and phytane, and polycyclic alkanes of the sterane and terapane type as discussed by the authors ."
"Etude de pétroles biodégradés : L'isotopie du soufre comme outil de corrélation et marqueur de processus d'altération","https://scispace.com/paper/etude-de-petroles-biodegrades-l-isotopie-du-soufre-comme-4hnbe0spzb","2006","Dissertation","","Sabine Méhay","","","Dans le cadre de cette these, nous nous sommes interesses a la biodegradation dans les reservoirs petroliers par l’etude moleculaire et isotopique du soufre de trois series naturelles de petrole et de carottes, provenant de l’Alberta (Canada), du bassin de Potiguar (Bresil) et de la vallee de San Joaquin (Californie, USA). L’etude moleculaire des echantillons a permis de leur attribuer un niveau de biodegradation sur l’echelle de Peters et Moldowan (1993) et a egalement mis en evidence des variations dans les degres de maturite atteints et l’origine de la matiere organique des echantillons, au sein de chaque serie. Les correlations entre les echantillons ainsi que l’identification de leurs roches-meres se sont revelees, par contre, complexes, du fait de l’alteration des biomarqueurs. L’etude isotopique du soufre des petroles etudies a montre que le 34S constitue un outil de correlation adapte. En effet, celui-ci ne semble pas affecte par la biodegradation des composes organo-soufres. Cependant, dans les reservoirs susceptibles de contenir de l’H2S, notamment forme par la reduction bacterienne des sulfates, des reactions secondaires de sulfuration et d’echange de soufre pourraient se produire au cours de la biodegradation, et entrainer des variations de 34S du petrole. A cet egard, des experiences de simulation au laboratoire ont mis en evidence que de telles reactions pouvaient effectivement se produire dans les conditions des reservoirs biodegrades. Enfin, des essais de couplage irm-GC/MS ont ete realises pour mesurer la composition isotopique du soufre de composes individuels et ainsi approfondir l’etude des processus de sulfuration et d’echange de soufre.","In this paper, the authors investigate the biodegradation dans les reservoirs petroliers par l’etude moleculaire and isotopique du soufre de trois series naturelles de petrole et de carottes, provenant de l‘Alberta (Canada), du bassin de Potiguar (Bresil) and de la vallee de San Joaquin (Californie, USA)."
"The advances in the geochemistry of the biodegraded oil","https://scispace.com/paper/the-advances-in-the-geochemistry-of-the-biodegraded-oil-29ljy9ur5w","2005","Journal Article","Advance in Earth Sciences","MA An-lai
Zhang Shuichang
Jin Zhijun
Zhang Dajiang","10.11867/J.ISSN.1001-8166.2005.04.0449","","The biodegradation of crude oil in the reservoir is an important alteration process and has undesirable impact on the oil physical property and economic value. Most of the world oil has been biodegraded. The effects of biodegradation on the ordinary biomarkers have been well known. Some advances in the biodegradation of the uneasily biodegraded biomarkers in recent years, such as high-molecular-weight alkanes, tricyclic terpanes and 25-norhorpane, were reviewed. At present, the details and mechanism taking place during the biodegradation are still obscure. Both aerobic and anaerobic biodegradation mechanisms were discussed. It is proposed anaerobic biodegradation may be dominating and the biodegradation rate is very slow. The temperature was thought to be the main factor controlling the biodegradation. The biodegradation would cease at the reservoir temperature over 80℃. In most case, the biodegraded oils are mixing oils. The methods describing multiple hydrocarbon filling history of the biodegraded oil were introduced. Asphaltene of the biodegraded oil is unsusceptibility to biodegradation and its pyrolysate and Ruthenium-ion-catalyzed-oxidation production has important role in the oil-oil correlation and oil-source correlation for the biodegraded oil. Finally the trend of research on the biodegradation was proposed.","Some advances in the biodegradation of the uneasily biodegraded biomarkers in recent years, such as high-molecular-weight alkanes, tricyclic terpanes and 25-norhorpane, were reviewed."
"ABSTRACT: Alterations of Venezuelan Crudes due to Biodegradation Processes Measurable by Biomarker Parameters","https://scispace.com/paper/abstract-alterations-of-venezuelan-crudes-due-to-2q932qib59","1998","","","Irenio Berrios
Irene Romero","","https://scispace.com/pdf/abstract-alterations-of-venezuelan-crudes-due-to-2q932qib59.pdf","Geochemistry studies done in the Tia Juana Field of Maracaibo Basin (West of Venezuela) to optimize the geological model for better production strategies, have shown in this country one of the most severe cases of aerobic biodegradation and water washing at shallower depths. The biodegradation of a crude in the reservoir reduces its quality due to a sequential removal of n-alkanes, isoprenoids and other branched alkanes and, eventually some cyclic alkanes and aromatics, as conditions for microbial oxidation become increasingly favorable. (Reed, 1977; Alexander et al., 1983; Volkman et al., 1983; Connan, 1984; Peters and Moldowan, 1991).","Geochemistry studies done in the Tia Juana Field of Maracaibo Basin (West of Venezuela) to optimize the geological model for better production strategies, have shown one of the most severe cases of aerobic biodegradation and water washing at shallower depths."
"The advances in the geochemistry of the biodegraded oil","https://scispace.com/paper/the-advances-in-the-geochemistry-of-the-biodegraded-oil-biep8p0mj7hl","","","","MA An-lai
ZHANG Shui-chang
ZHANG Da-jiang
JIN Zhi-jun","10.3321/j.issn:1001-8166.2005.04.010","","The biodegradation of crude oil in the reservoir is an important alteration process and has undesirable impact on the oil physical property and economic value. Most of the world oil has been biodegraded. The effects of biodegradation on the ordinary biomarkers have been well known. Some advances in the biodegradation of the uneasily biodegraded biomarkers in recent years, such as high-molecular-weight alkanes, tricyclic terpanes and 25-norhorpane, were reviewed. At present, the details and mechanism taking place during the biodegradation are still obscure. Both aerobic and anaerobic biodegradation mechanisms were discussed. It is proposed anaerobic biodegradation may be dominating and the biodegradation rate is very slow. The temperature was thought to be the main factor controlling the biodegradation. The biodegradation would cease at the reservoir temperature over 80℃. In most case, the biodegraded oils are mixing oils. The methods describing multiple hydrocarbon filling history of the biodegraded oil were introduced. Asphaltene of the biodegraded oil is unsusceptibility to biodegradation and its pyrolysate and Ruthenium-ion-catalyzed-oxidation production has important role in the oil-oil correlation and oil-source correlation for the biodegraded oil. Finally the trend of research on the biodegradation was proposed.","Recent advances in geochemistry reveal biodegradation's impact on oil properties and value, with anaerobic biodegradation dominating and temperature controlling the process, affecting oil-oil and oil-source correlations in biodegraded oils worldwide."
"Quantification of Biodegradation: Applied Example on Oil Seeps in Armàncies Fm, Southeastern Pyrenees","https://scispace.com/paper/quantification-of-biodegradation-applied-example-on-oil-bdmiwudwpa","2005","","","Albert Permanyer
M.A. Caja","","","La presencia de petroleo expulsado directamente de la roca madre de la Formacion Armancies, constituye un caso unico para el estudio de los procesos de biodegradacion aerobica en petroleo. El estado de degradacion bacteriana es moderado y esta principalmente limitado a la alteracion de n-alcanos, isoprenoides y algunos aromaticos. La cuantificacion ha sido realizada mediante el contenido en sulfuro y con los marcadores moleculares de la fraccion aromatica. Los resultados obtenidos indican que entre un 50 y un 60% del petroleo se ha consumido debido al proceso de biodegradacion.","In this paper, el contenido en sulfuro and con los marcadores moleculares de la fraccion aromatica have been used to estimate that entre 50 and un 60% del petroleo se ha consumido debido al proceso de biodegradacion."
"Molecular Fingerprinting of the Biodegradation of Petroleum Organic Pollutants in Groundwater and under Site-Specific Environmental Impacts","https://scispace.com/paper/molecular-fingerprinting-of-the-biodegradation-of-petroleum-2kj8zk7f0r","2024","Journal Article","Water","Mei Yang
Yuesuo Yang
Xinyao Yang
Xiaoming Song
Xinzhong Du
Ying Lü","10.3390/w16131773","","A quantitative and qualitative assessment using molecular markers derived from compound-specific indices for indicating groundwater impacted by petroleum spills in an oil field was recently undertaken and demonstrated serious contamination, with both high total petroleum hydrocarbons (TPH) (3.68–7.32 mg/L) and hazardous compounds in the groundwater. A petroleum source was identified, and the analysis revealed a decreasing trend of fresh petroleum input, along with groundwater advection and an increasing trend of biodegradation potential at locations farther from the source. This was confirmed via microbial analysis with both biodegrading microorganisms and diversity indices (Shannon, Simpson, and Pielou) and the principal component analysis (PCA) modeling approach, which classified the field samples into three types according to the distribution correlations between different organic compounds. Biodegradation was believed to be the dominant sink of hydrocarbons due to the increasing Pr/C17 and Ph/C18 values with seasonal changes. Raised temperatures activated the microbial degradation process; specifically, low-weight hydrocarbons degraded more rapidly than high-weight hydrocarbons, resulting in the accumulation of an unresolved complex mixture of bioproducts at locations that were farther away. Spatially, the Pr/C17 and Ph/C18 values increased from the upstream to the downstream areas, showing substantial biodegradation. The relationships between the molecular markers and chemical indices were quantified via canonical correlation analysis (CCA) to visually explain the interactive reaction processes. It was also demonstrated that the biodegradation of petroleum organics can be characterized by the consumption of dissolved oxygen and a decreasing Pr/Ph ratio, due to system reduction. These results demonstrate that compound-specific molecular markers, coupled with biochemical parameters, can effectively support a better understanding and effective fingerprinting of the fate and transport of petroleum organic contaminants, thus offering valuable technical support for a cost-effective remediation strategy. ","The molecular fingerprinting of petroleum organic pollutants in groundwater reveals significant contamination and decreasing trend of fresh petroleum input, increasing trend of biodegradation potential, and accumulation of unresolved complex mixture of bioproducts at locations farther from the source."
"Geochemical characterization of a biodegraded crude oil,assranfield, central gulf of suez","https://scispace.com/paper/geochemical-characterization-of-a-biodegraded-crude-oil-2dmjg88o7w","2009","Journal Article","Journal of Petroleum Geology","Abdelrahman H. Hegazi
M. Sh. El-Gayar","10.1111/J.1747-5457.2009.00454.X","","A crude oil sample from the Assran field in the Central Gulf of Suez (Egypt) was analysed geochemically and characterized in terms of a variety of source and maturity dependent biomarkers. Biodegradation was indicated by increasing concentration ratios of Pr/n-C17 and Ph/n-C18. However, biodegradation was only slight as GC-MS analyses of the saturate and aromatic fractions showed that hopanes, steranes, aromatic steroids and polycyclic aromatic compounds including sulphur heterocycles remained intact. The sterane and hopane distributions showed a predominance of C27 steranes, a low diasterane index, an abundance of gammacerane, a high homohopane index and an oleanane index < 0.2. The results indicate that the Assran-10 crude oil was derived from a marine carbonate source deposited in a highly reducing saline environment with a high bacterial contribution, consistent with the Upper Cretaceous Brown Limestone or Lower Eocene Thebes Formation containing Type IIS kerogen. Maturity parameters based on changes in the stereochemistry at chirality centres in hopane and sterane nuclei, such as C30βα/(βα+αβ) and C31 22S/(22S+22R) hopanes and C29ββ/(ββ+αα) and C29 20S/(20S+20R) steranes, together with triaromatic sterane cracking ratios, indicate that the oil sample was marginally mature. The results also suggest that biodegradation is probably due to sulphate-reducing anaerobic bacteria.","In this article, a crude oil sample from the Assran field in the Central Gulf of Suez (Egypt) was analyzed geochemically and characterized in terms of a variety of source and maturity dependent biomarkers."
"Advanced Aspects of Crude Oils Correlating Data of Classical Biomarkers and Mass Spectrometry Petroleomics","https://scispace.com/paper/advanced-aspects-of-crude-oils-correlating-data-of-classical-1uspq8qxds","2017","Journal Article","Energy & Fuels","Jandyson M. Santos
Jandyson M. Santos
Flávia Micaella Lemos Santos
Marcos N. Eberlin
Alberto Wisniewski","10.1021/ACS.ENERGYFUELS.6B02362","","The complex geochemical characteristics of crude oils can provide important information on oil generation, such as the input of organic matter and their depositional environments, also supporting exploration, extraction, and production. This work reports the first organic geochemical evaluation of oils from the first commercial Brazilian onshore field (Carmopolis, Sergipe, Brazil) via both classical biomarkers and petroleomics data collected via ultrahigh-resolution and accuracy Fourier transform ion cyclotron resonance mass spectrometry (FT-ICR MS). Gas chromatography/mass spectrometry (GC/MS) was used to characterize the oil composition in terms of n-alkane, isoprenoid, terpane, and sterane biomarkers, whereas either positive or negative electrospray ionization (ESI) and FT-ICR were used to profile the polar constituents of the oils. GC/MS revealed geochemical characteristics that classify the oil at different levels of thermal evolution and biodegradation. FT-ICR MS attributed molecular formulas to mor...","In this paper, the first organic geochemical evaluation of oils from the first commercial Brazilian onshore field (Carmopolis, Sergipe, Brazil) via both classical biomarkers and petroleomics data collected via ultrahigh-resolution and accuracy Fourier transform ion cyclotron resonance mass spectrometry (FT-ICR MS)."
"用沥青质中生物标志化合物判识生物降解油的油源","https://scispace.com/paper/yong-li-qing-zhi-zhong-sheng-wu-biao-zhi-hua-he-wu-pan-shi-ie41ip63p3zu","","","","徐冠军
张大江
王培荣","10.1360/csb2003-48-4-400","","采用钌离子催化氧化法(简称RICO)研究了已知为同源的3个酒泉盆地原油和同源但生物降解程度不同的3个吐哈盆地原油样品中的沥青质, 初步验证键合在同源样品沥青质中的生物标志化合物尤其是甾烷类是相似的, 与饱和烃中游离的生物标志化合物具一定的可比性, 与生物降解程度无关. 报道了对一个严重生物降解原油的应用实例. 通过RICO法处理沥青质, 研究键合在沥青质中的生物标志化合物及苯羧酸甲酯等有关沥青质分子结构的信息, 此方法可能是进行油源对比研究的一个新途径, 该法对研究严重生物降解原油油源的作用更为突出.","Researchers used RICO method to analyze asphaltene from oil samples with varying biodegradation levels, finding similar biomarkers, especially steranes, in source-related samples, regardless of biodegradation degree, and demonstrated its application in identifying oil sources."
"Using Biomarkers to Improve Heavy Oil Reservoir Management: An Example From the Cymric Field, Kern County, California","https://scispace.com/paper/using-biomarkers-to-improve-heavy-oil-reservoir-management-u7k9orpzey","1996","Journal Article","AAPG Bulletin","Mark A. McCaffrey
Henry A. Legarre
Scott J. Johnson","10.1306/64ED8908-1724-11D7-8645000102C1865D","","For biodegraded oil accumulations, field development can be optimized by using geochemical indicators of variations in the extent of bacterial alteration. Biodegradation typically reduces oil producibility by increasing oil viscosity. In the Cymric field (Kern County, California), sidewall core extracts reveal that the extent of oil biodegradation changes substantially over extremely short vertical distances in a shallow, low-permeability reservoir. Zones of more degraded oil can extend laterally for more than a mile. The relationships between oil viscosity and biomarker biodegradation parameters in this field were calibrated from analyses of produced oils, and these relationships were used to convert sidewall core biomarker analyses into quantitative predictions of lateral and vertical changes in oil viscosity and gravity. Compositional variations were also used to allocate production to discrete zones. Viscosity prediction and production allocation can be used to optimize (1) the placement of new wells, (2) the placement of completion intervals, (3) the thickness of steam injection intervals, and (4) the spacing between injection intervals in the same well.","In this paper, the relationship between oil viscosity and biomarker biodegradation parameters in the Cymric field was calibrated from analyses of produced oils, and these relationships were used to convert sidewall core biomarker analyses into quantitative predictions of lateral and vertical changes in oil viscoity and gravity."
"Evaluation of the diagnostic ratios for the identification of spilled oils after biodegradation","https://scispace.com/paper/evaluation-of-the-diagnostic-ratios-for-the-identification-256pz83jju","2013","","","Chuanyuan WangXuelu GaoZhigao Sun
Zhijiang QinXiaonan YinShijie He","","","Biodegradation, one of the most important weathering processes, alters the composition of spilled oil, making it difficult to identify the source of the release and to monitor its fate in the environment. A laboratory experiment was conducted to simulate oil spill weathering process of microbial degradation to investigate composi- tional changes in a range of source- and weathering- dependent molecular parameters in oil residues, and the conventional diagnostic ratios for oil spill identification were also evaluated. The conventional diagnostic ratios of n-alkane displayed obvious changes after biodegradation, especially for Pr/n-C17 and Ph/n-C18 with relative standard deviation more than 118.84 %, which suggests they are invalid for oil source identification of the middle-serious spill. Many polycyclic aromatic hydrocarbons (PAHs) are more resistant to biodegradation process than their satu- rated hydrocarbon counterparts, thus making PAHs to be one of the most valuable fingerprinting classes of hydro- carbons for oil identification. Biomarker ratios of hopanes and steranes were also useful for source identification even after moderate biodegradation, and the diagnostic ratios from them could be used in tracking origin and sources of hydrocarbon pollution. Finally, the carbon isotopic type curve may provide another diagnostic means for correla- tion and differentiation of spilled oils, and be particularly valuable for lighter refined products or severely biode- graded oils, the source of which may be difficult to identify by routine biomarker techniques.","In this article, a laboratory experiment was conducted to simulate oil spill weathering process of microbial degradation to investigate composi- tional changes in a range of source- and weathering- dependent molecular parameters in oil residues, and the conventional diagnostic ratios for oil spill identification were also evaluated."
"Genesis of biomarker hydrocarbons in the environment and their role in assessing an oil pollution source","https://scispace.com/paper/genesis-of-biomarker-hydrocarbons-in-the-environment-and-3amiaobzjr","2006","Journal Article","Petroleum Chemistry","Galina P. Kayukova
G. N. Gordadze
L. Z. Nigmedzyanova
A. M. Kiyamova
A. G. Romanov
S. K. Zaripova
R. P. Naumova","10.1134/S0965544106010014","","Oil spills are classified according to chemical types that reflect qualitative and quantitative changes in petroleum composition during biodegradation in soil. Possible trends in composition of biomarker petroleum hydrocarbons in polluted soil, as determined by natural and climatic conditions and by activation of soil micro-flora, were revealed. It was shown that the use of selective bioremediation methods could lead to a noticeable redistribution of the relative amount of C27:C28:C29 steranes in marine crude oils owing to more intense degradation of C27 steranes (5α, 14β, 17β, 20R and 20S, as well as 5α, 14α, 17α, 20R and 20S) as compared with their higher C29 homologues. The observed changes in the composition of steranes suggest another, namely, terrigenous origin of petroleum, and, thus, may lead to an erroneous conclusion concerning the genotype of crude oil as a pollution source. It was found that hopane hydrocarbons are highly stable under similar conditions. It was shown that the set of biomarker hydrocarbons might be useful as biological indicators in the assessment of a petroleum pollution source.","In this paper, the use of selective bioremediation methods could lead to a noticeable redistribution of the relative amount of C27:C28:C29 steranes in marine crude oils owing to more intense degradation of steranes (5α, 14β, 17β, 20R and 20S), as compared with their higher C29 homologues."
"Origin of Mesozoic Biodegraded Crude Oils from the Eastern Chepaizi Uplift (Junggar Basin) Constrained by the Biomarker Recovery Method","https://scispace.com/paper/origin-of-mesozoic-biodegraded-crude-oils-from-the-eastern-2cz6b1ps","2023","Journal Article","Energy & Fuels","Zhaoyang Wang
Xiangchun Chang
Youde Xu
Pengfei Zhang
Bingbing Shi
Tianchen Ge
Yanfang Yin
Lei Su","10.1021/acs.energyfuels.2c03750","","The Mesozoic (Jurassic and Cretaceous) sandstone reservoirs in the eastern Chepaizi Uplift of the Junggar Basin (NW China) have become hot targets in recent years for their substantial amounts of oils discovered. However, the oil origin has been a controversial issue due to biodegradation. In this study, hierarchical cluster analysis and principal component analysis show that the Mesozoic crude oils can be divided into three oil families (A1, A2, and A3). Meanwhile, the biodegradation level of the three oil families (PM 6 to 9+) was evaluated based on the PM scale and the parameter-stripping method of strongly resistant parameters. Allowing for this extremely high biodegradation case, this study adopted a biomarker recovery method to recover the original appearances of the three oil families. Here, eight parameters related to hopane (H), tricyclic terpane (TT), and C24-tetracyclic terpane (C24 Tet) were recovered, the dispersion of eight parameter sets is significantly reduced, and the geochemical characteristics are more obvious, especially for TT. Thus, this reliability and robustness, as well as the similarity between the source rock and the biodegraded crude oils, encourage us to perform oil–source correlation. The oil–source correlation revealed that family A1 was derived from the Permian source rocks in the Shawan Sag, family A2 was mainly derived from the Permian source rocks in the Shawan Sag and mixed with a small amount of oils generated by the Jurassic source rocks in the Sikeshu Sag and the Carboniferous source rocks in the Chepaizi Uplift, and family A3 mainly originated from the Permian source rocks in the Shawan Sag mixed with a small amount of oil produced by the Carboniferous source rocks in the Chepaizi Uplift. This conclusion is also further supported by effective biomarker parameters and a stable carbon isotope (δ13C), discriminant analysis, hydrocarbon migration, and restored paleogeomorphology. The parameter recovery is evidenced as one of the most useful methods and showed higher resolution than the conventional oil–source correlation to identify the origins of biodegraded oils. ","Wang et al. as discussed by the authors used a biomarker recovery method to recover the original appearances of the three oil families, namely, A1, A2, and A3, and evaluated their biodegradation level based on the PM scale and the parameter-stripping method of strongly resistant parameters."
"Phenanthrene and Methylphenanthrene Isomers in Maturity Assessment of Biodegraded Crude Oils (Sakhalin, Russia)","https://scispace.com/paper/phenanthrene-and-methylphenanthrene-isomers-in-maturity-3spfcpn7pn","2017","Journal Article","Eurasian Chemico-Technological Journal","Ksenija Stojanović
Branimir Jovančićević
Anatoly K. Golovko
Julia Golovko
Galina S. Pevneva
Olga Cvetković
Dragomir K. Vitorović","10.18321/ECTJ537","https://scispace.com/pdf/phenanthrene-and-methylphenanthrene-isomers-in-maturity-3spfcpn7pn.pdf","This paper is aimed at defining two new advantageous maturation parameters based on distribution and abundance of phenanthrene (P) and methylphenanthrene (MP) isomers in the tricyclic fraction of aromatic hydrocarbons: MPI 3+1/PAI 1 and [2(2-MP+3-MP)+P]/1-MP. The applicability of newly proposed parameters was checked by correlation analysis. Depth of the reservoir rock, diasterane maturation parameter, as well as several typical aromatic fraction maturation parameters were used for this purpose. The examined oils (fourteen samples from nine oil fields of Sakhalin Island, Russia), were of Miocene age and from reservoir rocks of relatively wide range of depths (73-2841 m). All samples represented biodegraded, or mixtures of biodegraded and nonbiodegraded oils [1].","In this paper, the distribution and abundance of phenanthrene and methylphenanthrene (MP) isomers in the tricyclic fraction of aromatic hydrocarbons were defined."
"Modelling of in-reservoir petroleum biodegradation : principles and application","https://scispace.com/paper/modelling-of-in-reservoir-petroleum-biodegradation-2167cw9wlz","2011","","","Irene Ortrun Blumenstein-Weingartz
Ralf Littke","","","The correct prediction of petroleum quality constitutes a major challenge for risk assessment in petroleum exploration. While oil and gas compositions and PVT properties are routinely forecast as part of petroleum systems analysis, the in-reservoir processes that may lead to petroleum deterioration cannot yet be adequately quantified. The economically most important in-reservoir process is the microbial degradation of hydrocarbon fluids, commonly referred to as biodegradation. This process results in an increase of viscosity of the crude oil, enrichment in polar and high molecular compounds and a decrease in its economic value. The occurrence and extent of biodegradation strongly depend on the temperature and charge history as well as on reservoir geometry. All of these influences can be quantified by means of petroleum systems modelling which is therefore a suitable tool for the assessment and prediction of biodegradation. Based on theoretical considerations and analysis of widely accepted concepts of biodegradation, a Microsoft Excel-based calculation scheme named Biodexx has been designed in the frame of this study to predict the extent of in-reservoir petroleum biodegradation. The mass balance concept is based on a compositional description of the petroleum in terms of 14 individual compounds and compound groups. Each is attributed a specific ""biodegradability"" and biodegradation rate to account for observed differences in their susceptibility to biodegradation. The necessary information on original petroleum composition, temperature histories, reservoir filling rates and volumetrics for individual drainage areas is extracted from the petroleum systems models. Dynamic 3D petroleum systems modelling was performed for two study areas with different geological regimes – one onshore and one offshore sedimentary basin. This provided detailed information on the timing of petroleum generation and reservoir filling. The temperature and charge histories of individual petroleum reservoir traps as well as the respective petroleum composition were then used as input to the Biodexx routine. The first case study was conducted for the Gifhorn Trough area in the Lower Saxony Basin, Northern Germany. This study provided a first set of important calibration parameters for the prediction of biodegradation processes in petroleum reservoirs. It could be shown that reservoir temperature histories were not critical for explaining the present differences in oil quality of two reservoirs in the study region. The present day oil qualities are rather controlled by the filling histories. For biodegradation prediction this implies that the reconstruction of filling histories of reservoirs should be given highest priority. The second case study from offshore UK aimed to reproduce and explain subtle biodegradation-induced differences in oil composition within a single oil/gas field. A new flexible workflow for biodegradation prediction in a more complex biodegradation scenario was designed and applied in this case study. Here, too, temperature was found to be of minor influence on the extent of biodegradation. Instead, biodegradation variations can be attributed to different ratios of oil volume vs. oil-water contact area, whereas charge history was found to be of lesser importance. The part of the reservoir with the larger oil-water contact area in comparison with the oil volume was more biodegraded despite having received a later charge. In another section of the field, a larger early charge was almost protected from biodegradation due to a small oil-water contact area despite a long residence time. The results of this work indicate that petroleum systems modelling in combination with a simple spreadsheet-based calculation scheme may allow a good qualitative assessment of biodegradation risk ahead of drilling.","In this article, a Microsoft Excel-based calculation scheme named Biodexx was designed to predict the extent of in-reservoir petroleum biodegradation, based on theoretical considerations and analysis of widely accepted concepts of biodegradability."
"Asphaltenes as indicators of the geochemical history of oil","https://scispace.com/paper/asphaltenes-as-indicators-of-the-geochemical-history-of-oil-58j10x8khs","1982","Journal Article","International Geology Review","O. A. Aref'yev
V. M. Makushina
A. A. Petrov","10.1080/00206818209451015","","A method of decomposition of native asphaltenes from naphthenic oils is proposed as a source of information on the geochemical history of the oils. It is demonstrated that formation of naphthenic oils occurs in nature through biodegradation of primary paraffinic oils. The relative abundances of structural groups and individual saturated hydrocarbons obtained from the asphaltenes in naphthenic oils is similar to the relative abundance of hydrocarbons in paraffinic oils, which are their genetic precursors. (JMT)","A method of decomposition of native asphaltenes from naphthenic oils is proposed as a source of information on the geochemical history of the oils in this article, where the relative abundances of structural groups and individual saturated hydrocarbons obtained from the asphaltones in naphthensic oils are similar to the relative abundance of hydrocarols in paraffinic oils, which are their genetic precursors."
"Evaluation of the diagnostic ratios for the identification of spilled oils after biodegradation","https://scispace.com/paper/evaluation-of-the-diagnostic-ratios-for-the-identification-1eiriqg5yj","2013","Journal Article","Environmental Earth Sciences","Chuanyuan Wang
Xuelu Gao
Zhigao Sun
Zhijiang Qin
Xiaonan Yin
Shijie He","10.1007/S12665-012-1792-Y","http://ir.yic.ac.cn/bitstream/133337/6614/1/Evaluation%20of%20the%20diagnostic%20ratios%20for%20the%20identification%20of%20spilled%20oils%20after%20biodegradation.pdf","Biodegradation, one of the most important weathering processes, alters the composition of spilled oil, making it difficult to identify the source of the release and to monitor its fate in the environment. A laboratory experiment was conducted to simulate oil spill weathering process of microbial degradation to investigate compositional changes in a range of source- and weathering-dependent molecular parameters in oil residues, and the conventional diagnostic ratios for oil spill identification were also evaluated. The conventional diagnostic ratios of n-alkane displayed obvious changes after biodegradation, especially for Pr/n-C17 and Ph/n-C18 with relative standard deviation more than 118.84 %, which suggests they are invalid for oil source identification of the middle-serious spill. Many polycyclic aromatic hydrocarbons (PAHs) are more resistant to biodegradation process than their saturated hydrocarbon counterparts, thus making PAHs to be one of the most valuable fingerprinting classes of hydrocarbons for oil identification. Biomarker ratios of hopanes and steranes were also useful for source identification even after moderate biodegradation, and the diagnostic ratios from them could be used in tracking origin and sources of hydrocarbon pollution. Finally, the carbon isotopic type curve may provide another diagnostic means for correlation and differentiation of spilled oils, and be particularly valuable for lighter refined products or severely biodegraded oils, the source of which may be difficult to identify by routine biomarker techniques.","In this article, a laboratory experiment was conducted to simulate oil spill weathering process of microbial degradation to investigate compositional changes in a range of source and weathering-dependent molecular parameters in oil residues, and the conventional diagnostic ratios for oil spill identification were also evaluated."
"Comprehensive two-dimensional gas chromatography coupled to time of flight mass spectrometry: new biomarker parameter proposition for the characterization of biodegraded oil","https://scispace.com/paper/comprehensive-two-dimensional-gas-chromatography-coupled-to-3n7az1sc77","2013","Journal Article","Journal of the Brazilian Chemical Society","Renata F. Soares
Ricardo Pereira
Raphael S. F. Silva
Leonardo Mogollon
Débora A. Azevedo","10.5935/0103-5053.20130198","https://scispace.com/pdf/comprehensive-two-dimensional-gas-chromatography-coupled-to-3n7az1sc77.pdf","Comprehensive two-dimensional gas chromatography with time of flight mass spectrometry (GC×GC-TOFMS) is an appropriate technique for the elucidation of molecular composition of petrochemical samples, such as biodegraded oils. Biomarkers were separated and identified, and conventional biomarker ratios were determined via gas chromatography-mass spectrometry (GC-MS) and GC×GC-TOFMS. In the extracted ion chromatogram m/z 123 + 177 + 191, coelutions between tricyclic terpanes, hopanes and 25-nor-hopanes with secohopanes were resolved by GC×GC-TOFMS. GC×GC-TOFMS allowed the identification of complete series of 25-nor-hopanes, nor-gammacerane, C29 28-nor-spergulanes and oleanane not identified by using GC-MS. The biomarker ratios from the studied oils indicated that they derived from marine source rock deposited under anoxic conditions. The higher chromatographic resolution and sensitivity achieved by using GC×GC-TOFMS allowed for three new parameters to characterize biodegraded oils. These results indicated the superiority of GC×GC-TOFMS for separation and identification of individual and non-target compounds in severely biodegraded oils.","In this article, a comprehensive two-dimensional gas chromatography with time of flight mass spectrometry (GC×GC-TOFMS) is used for the elucidation of molecular composition of petrochemical samples, such as biodegraded oils."
"Biodegradação aerobia e anaerobia de petroleo do Campo Pampo Sul, Bacia de Campos, RJ","https://scispace.com/paper/biodegradacao-aerobia-e-anaerobia-de-petroleo-do-campo-pampo-1c8ic1mh3j","2009","","","Georgiana Feitosa da Cruz
Anita J. Marsaioli","","http://repositorio.unicamp.br/jspui/bitstream/REPOSIP/249141/1/Cruz_GeorgianaFeitosada_D.pdf","O principal objetivo desta tese foi investigar os processos de biodegradacao do petroleo em reservatorios utilizando condicoes aerobia, anaerobia ou mista. Os experimentos de biodegradacao foram adaptados a escala laboratorial, a fim de reproduzir as diferentes condicoes do reservatorio, tendo o cuidado de selecionar os melhores parâmetros para acelerar em milhoes de vezes o processo e assim avaliar a deplecao dos biomarcadores em poucos meses comparado aos tempos geologicos. Isto foi obtido pelo aumento da densidade bacteriana que produziu a aceleracao necessaria do processo. A comparacao de petroleos, um degradado naturalmente e outro em laboratorio, apresentou evidencias de que a reproducao do processo de biodegradacao foi eficiente. A avaliacao dos experimentos de biodegradacao revelou que a microbiota aerobia degrada preferencialmente n-alcanos com numero par de carbonos, enquanto os anaerobios preferem n-alcanos com numero impar de carbono e a microbiota mista nao mostra nenhuma preferencia aparente. Em aerobiose, a ordem preferencial de biodegradacao foi hidrocarbonetos > hopanos (com enriquecimento de 25-norhopanos) > esteranos > terpanos triciclicos. Entre os homohopanos houve preferencia pelos homologos de maior peso molecular e a biodegradaca de esteranos foi na ordem aaa20R >> abb 20R + abb 20S aaa 20S >> diasteranos, diminuindo com o numero de carbono [C27 > C28 > C29]. Em anaerobiose a degradacao preferencial foi hidrocarbonetos > esteranos > hopanos > 25-norhopanos > terpanos triciclicos. Para os homohopanos a ordem de degradacao foi diferente da observada em aerobiose com uma preferencia para os homologos de menor peso molecular e ordem de biodegradacao para os esteranos foi a mesma observada em condicoes aerobias. O experimento com consorcio misto revelou que a degradacao em ate 90 dias seguiu o padrao aerobio e apos 120 dias a situacao mudou revelando caracteristicas de degradacao anaerobia. A identificacao dos microrganismos utilizando tecnicas independente de cultivo revelou que a maioria dos microrganismos presentes nesses experimentos sao aerobios, mas com capacidade de sobreviver em condicoes anaerobias. Durante o crescimento bacteriano, houve um aumento da solubilizacao do petroleo atraves da reducao da tensao superficial devido a producao de substâncias exopolimericas (EPS), que foram avaliadas levando a identificacao de surfactina, um biopolimero produzido principalmente por especies de Bacillus. Em suma, a principal contribuicao do presente trabalho foi reproduzir em laboratorio, sob condicoes aerobia, anaerobia e mista, o processo de biodegradacao semelhantemente aquele","In this paper, the authors investigate the processos de biodegradacao do petroleo in reservatorios utilizing condicoes aerobia, anaerobia ou mista."
"The geochemistry of some biodegraded australian oils","https://scispace.com/paper/the-geochemistry-of-some-biodegraded-australian-oils-9jzath9npb","1983","Journal Article","The APPEA Journal","Robert Alexander
Robert I. Kagi
Garry Wayne Woodhouse
John K. Volkman","10.1071/AJ82006","","Degradation of petroleum in reservoirs by microorganisms is a process which has affected the chemical composition of many Australian crude oils. Oils from the Carnarvon and Gippsland Basins are used as examples to illustrate how the various classes of hydrocarbons are depleted in sequential fashion during the biodegradation process. Depletion of normal and branched alkanes, which is evident from gas chromatography, indicates that a crude oil has been mildly biodegraded. More advanced levels of biodegradation can be assessed from biomarker data obtained using gas chromatography-mass spectrometry. As the biodegradation process progresses one observes a sequential loss of n-alkanes, branched alkanes, δC-16 bicyclic alkanes, steranes with biological configurations, and finally, hopanes are converted into 25-norhopanes. The chemical compositions of the Eaglehawk, Rankin, and Windalia crude oils from the Carnarvon Basin suggest that they all result from a complex series of episodes of accumulation and biodegradation in the reservoirs. By assessing the proportions of each of the classes of characteristic marker compounds, and using the established relationship between reservoir temperature (depth) and the stages of hydrocarbon alteration during biodegradation, the approximate burial depths of the reservoirs at the times of biodegradation have been inferred. Thus, where multiple accumulation and degradation episodes can be recognised, the accumulation history of the oil in a reservoir can be reconstructed.","In this paper, the authors used gas chromatography-mass spectrometry (GC-MS) to identify the stages of the degradation process of Australian crude oils and the approximate burial depths of the reservoirs at the times of biodegradation."
"The Effect of Biodegradation on Alkylated Phenanthrene Distributions in Reservoired Oils","https://scispace.com/paper/the-effect-of-biodegradation-on-alkylated-phenanthrene-4hjerrs85w","2005","","","Huang Hai-ping
Zhou Shu-qing
Chu Zhen-miao
Guo Ya-ting","","","Oil discovered from the Lengdong Oilfield, Liaohe Basin has similar source and maturity. Biodegradation is main cause leading to concentration and distribution variations of alkylated phenanthrenes. The concentrations and molecular distributions show systematic variations at different biodegradation levels. The concentration decreases significantly from level 3 to 5 while isomer distribution varies in slightly advanced biodegradation stagelevel 4. Alkylated phenanthrene maturity parameters remain valid till biodegradation level 4. Degree of alkylation is a critical factor to control the rate of biodegradation. The C_(3)-phenanthrenes show high ability to resist biodegradation compared to their low alkylated counterparts, however, we do observed methylphenanthrenes decrease faster than phenanthrene. Demethylation of a substituted compound during biodegradation was inferred as one of biodegradation reaction process. Alkylated isomer specific degradations are also observed in our sample set. Alkylphenanthrenes with substituents at the 9th or 10th position are more resistant to biodegradation than alkylphenanthrenes with substituents at other positions. The relative susceptibility to biodegradation for the individual methylphenanthreneMP, C_(2)-phenanthrene and C_(3)-phenanthrene isomers were determined by their concentration variations. This result provides practical guide for aromatic hydrocarbon maturity parameter selection and further insight into mechanism and quantification of biodegradation in reservoired oils.","The C_(3)-phenanthrenes show high ability to resist biodegradation compared to their low alkylated counterparts, however, the authors do observed methylphen anthrenes decrease faster than phenanthrene, providing practical guide for aromatic hydrocarbon maturity parameter selection and further insight into mechanism and quantification of biodegrading in reservoired oils."
"Molecular Thermal Maturity Indicators in Oil and Gas Source Rocks","https://scispace.com/paper/molecular-thermal-maturity-indicators-in-oil-and-gas-source-1vo2z6zafw","1989","Book Chapter","AAPG Bulletin","Joseph A. Curiale
Stephen R. Larter
Robert E. Sweeney
Bruce W. Bromley","10.1007/978-1-4612-3492-0_4","","Many detailed chemical parameters have been proposed as indicators of thermal maturity in oil and gas source rocks. Certain classical maturity parameters involving carbon preference indices and compound class ratios, such as hydrocarbons/extract yield and extract yield/total organic carbon, are less commonly used today, having been complemented with detailed molecular parameters. Among these parameters, the molecular distributions of metalloporphyrins, cyclic hydrocarbons, low-molecular-weight hydrocarbons, and gases are most commonly used. Recent instrumental advances have allowed the routine measurement of molecular ratios in geochemical organic matter, stimulating the development and use of biological markers, such as steranes, hopanes, and metallated tetrapyrroles, as thermal maturity indicators. Increased chromatographic resolution of source rock hydrocarbons has also led to the use of low-molecular-weight hydrocarbons, methylphenanthrenes, and aromatized steranes as maturity indicators. In this paper, we discuss these developments, emphasizing the applications and the pitfalls of using molecular maturity indicators.","Many detailed chemical parameters have been proposed as indicators of thermal maturity in oil and gas source rocks as discussed by the authors, including metalloporphyrins, cyclic hydrocarbons, low-molecular-weight, and gases."
"The Effect of Biodegradation on Alkylated Phenanthrene Distributions in Reservoired Oils","https://scispace.com/paper/the-effect-of-biodegradation-on-alkylated-phenanthrene-lqnrfiunqtcx","","","","HUANG Hai-ping
ZHOU Shu-qing
CHU Zhen-miao
GUO Ya-ting","10.3969/j.issn.1000-8527.2005.03.014","","Oil discovered from the Lengdong Oilfield, Liaohe Basin has similar source and maturity. Biodegradation is main cause leading to concentration and distribution variations of alkylated phenanthrenes. The concentrations and molecular distributions show systematic variations at different biodegradation levels. The concentration decreases significantly from level 3 to 5 while isomer distribution varies in slightly advanced biodegradation stagelevel 4. Alkylated phenanthrene maturity parameters remain valid till biodegradation level 4. Degree of alkylation is a critical factor to control the rate of biodegradation. The C_(3)-phenanthrenes show high ability to resist biodegradation compared to their low alkylated counterparts, however, we do observed methylphenanthrenes decrease faster than phenanthrene. Demethylation of a substituted compound during biodegradation was inferred as one of biodegradation reaction process. Alkylated isomer specific degradations are also observed in our sample set. Alkylphenanthrenes with substituents at the 9th or 10th position are more resistant to biodegradation than alkylphenanthrenes with substituents at other positions. The relative susceptibility to biodegradation for the individual methylphenanthreneMP, C_(2)-phenanthrene and C_(3)-phenanthrene isomers were determined by their concentration variations. This result provides practical guide for aromatic hydrocarbon maturity parameter selection and further insight into mechanism and quantification of biodegradation in reservoired oils.","Biodegradation significantly affects alkylated phenanthrene concentrations and distributions in reservoired oils, with varying susceptibility to degradation based on degree of alkylation and substituent position, influencing maturity parameter selection and biodegradation quantification."
"Quantification of in situ polycyclic aromatic hydrocarbon biodegradation using conservative internal markers","https://scispace.com/paper/quantification-of-in-situ-polycyclic-aromatic-hydrocarbon-3uq869wckd","1996","","","Bruce E. Herbert
Thomas J. McDonald
E. Conti
A.E. Moffitt","","","Determination of bioremediation effectiveness requires a methodology to quantify in situ biodegradation. Biodegradation of a target compound can be quantified by following the time dependence of the concentration ratio of the target compound to a conservative, natural internal standard. The molecular marker, 17{alpha}(H), 21{beta}(H)-hopane, a multi-ringed saturated hydrocarbon, has been used as an internal standard to quantify in situ biodegradation of petroleum-contaminated sites. This study critiques the use of hopane for the quantification of PAH biodegradation in soil contaminated with highly weathered petroleum. This work shows that the use a combination of several molecular markers as conservative internal standards is a more effective quantification technique for sites contaminated with crude oil from a number of sources.","This work shows that the use a combination of several molecular markers as conservative internal standards is a more effective quantification technique for sites contaminated with crude oil from a number of sources."
"Unraveling Petroleum Degradation, Maturity, and Mixing and Addressing Impact on Petroleum Prospectivity: Insights from Frontier Exploration Regions in New Zealand","https://scispace.com/paper/unraveling-petroleum-degradation-maturity-and-mixing-and-20rlavq7u0","2018","Journal Article","Energy & Fuels","Z. F. M. Burton
J. Michael Moldowan
Richard Sykes
Stephan A. Graham","10.1021/ACS.ENERGYFUELS.7B03261","","Determining oil quality is essential to identifying valuable resource accumulations. However, in new areas of exploration, little information is available on the processes affecting resource quality. Geochemical analyses of oil seeps from frontier regions of New Zealand’s East Coast illustrate an application of underutilized resource quality assessment techniques. Distributions of n-alkanes and isoprenoids reveal biodegradation, and thus potentially lower oil quality in the “southern” versus the “northern” oil seeps. However, sterane and terpane compounds are unaltered, indicating overall biodegradation of these oils is low to moderate. Additionally, lack of 25-norhopane indicates degradation of southern oils may be solely aerobic. Therefore, any subsurface accumulations are potentially unaffected. Investigation of sterane and hopane isomerization ratios and additional sterane and terpane maturity parameters is paired with diamondoid analyses of oil-to-gas conversion and petroleum mixing. Three distinct p...","In this article, geochemical analyses of oil seeps from frontier regions of New Zealand’s East Coast illustrate an application of underutilized resource quality assessment techniques, which is essential to identifying valuable resource accumulations."
"First Stoichiometric Model of Oil Biodegradation in Natural Petroleum Systems: Part II*: Application of the BioClass 0D Approach to Oils from Various Sources","https://scispace.com/paper/first-stoichiometric-model-of-oil-biodegradation-in-natural-53qqe5jya0","2012","","","Frank Haeseler
Françoise Behar
Dominique Garnier","10.1306/13311427H43462","","The purpose of the this study was to apply the biodegradation model BioClass 0D proposed by Haeseler et al. (2010) to three nonbiodegraded oils representative of the three main types of source rocks (types I, II, and III of Tissot et al., 1974; Tissot and Welte, 1978). The oils are described by seven chemical classes: (1) the gas fraction is split into H2S, CO2, C1, and C2–C4; (2, 3) the C6–C14 fraction including saturates and aromatics; and (4–6) the C14+ fraction, including n-, iso-, cyclo-alkanes, aromatics, and nitrogen, sulfur, and oxygen–containing compounds (NSOs). This 0D model reconstructs the chemical evolution of the residual oil with increasing biodegradation and the amounts of products generated during either aerobic or anaerobic processes. Results show that with increasing biodegradation, the residual oil composition depends on the initial proportion of the different chemical classes. For instance, for the type I oil enriched in paraffins, the C14+ n-alkanes are still present when 60% of the original oil has already disappeared, whereas for the type II oil, the same chemical class disappears after only 30% of total hydrocarbon loss. During methanogenesis, the gas-oil ratio of the initial fluid significantly increases with increasing biodegradation. However, the volume of methane may be reduced because of its solubility in water or it may leak through the cap rock. The production of H2S is always very low when sulfur minerals that can provide electron acceptors are absent. Results also show that the amount of water needed to provide the electron acceptors depends strongly on the biological process responsible for oil biodegradation. The water ratio between aerobic biodegradation and methanogenesis might be as high as 107. Consequently, aerobic biodegradation may be limited compared with methanogenesis in petroleum systems in which the oil-water volume ratio varies during fluid history.","Results show that with increasing biodegradation, the residual oil composition depends on the initial proportion of the different chemical classes, and aerobic biodegrading may be limited compared with methanogenesis in petroleum systems in which the oil-water volume ratio varies during fluid history."
"Disentangling oil weathering at a marine seep using GC×GC: Broad metabolic specificity accompanies subsurface petroleum biodegradation","https://scispace.com/paper/disentangling-oil-weathering-at-a-marine-seep-using-gc-gc-44qhql3mh4","2008","Journal Article","Environmental Science & Technology","George D. Wardlaw
J. Samuel Arey
Christopher M. Reddy
Robert K. Nelson
G. Todd Ventura
David L. Valentine","10.1021/ES8013908","https://pubs.acs.org/doi/pdf/10.1021/es8013908","Natural seeps contribute nearly half of the oil entering the coastal ocean. However, environmental fate studies generally monitor fewer than 5% of these petroleum compounds. Hence, the rates and relevance of physical, chemical, and biological weathering processes are unknown for the large majority of hydrocarbons, both released from natural seeps and also from human activities. To investigate the specific compositional changes occurring in petroleum during subsurface degradation and submarine seepage, we studied the natural oil seeps offshore Santa Barbara, California with comprehensive, two-dimensional gas chromatography (GC×GC). With this technique, we quantified changes in the molecular diversity and abundance of hydrocarbons between subsurface reservoirs, a proximal sea floor seep, and the sea surface overlying the seep. We also developed methods to apportion hydrocarbon mass losses due to biodegradation, dissolution, and evaporation, for hundreds of tracked compounds that ascended from the subsurface...","GC x GC is established as a powerful technique for differentiating biological and physical weathering processes of complex mixtures at a molecular level and provides the first quantitative evidence of broad metabolic specificity for anaerobic hydrocarbon degradation in the subsurface."
"Distinguishing oil-associated natural gas biodegradation degree based on petroleum biodegradation grade","https://scispace.com/paper/distinguishing-oil-associated-natural-gas-biodegradation-sualqgcm1qb6","","","","WANG Wan-chun
WANG Chuan-yuan
LIU Quan-you
MU Ya-peng","10.3969/j.issn.1672-1926.2007.05.015","","Researches on natural gas biodegradation are relatively rare compared to that on petroleum biodegradation.There is no documentation yet about how to confirm the biodegradation degree of biodegraded natural gases.Analysis on the oil and oil associated natural gas samples from the Bamianhe oil field and the Shajiasi oil field of the Dongying sag,the Gudao oil field of the Zhanhua sag of the Jiyang Depression suggests that biodegraded oil samples have the increase of Pr/nC17,Ph/nC18,(Pr+Ph)/(nC17+nC18) and C30αβ-hopane/(Pr+Ph) ratios,and biodegraded natural gases have the increasing content of methane,decreasing contents of heavier hydrocarbons,increasing values of C2/C3 and C1/(C2+C3) and heavier δ13C values of propane and n-butane,as well as heavier δD value of propane.It shows that C2/C3 and C1/(C2+C3) values and δ13C values of propane and n-butane in natural gases are geochemical parameters to distinguish biodegraded natural gases and their biodegradation degrees.When accumulated or charged at the same time,the oil biodegradation grade can provide basis for the identification of the oil associated natural gas biodegradation degree.","Researchers analyzed oil and associated natural gas samples from Chinese oil fields, identifying geochemical parameters to distinguish biodegraded natural gas and its degree, with implications for oil-associated gas biodegradation assessment."
"Effects of Biodegradation upon Porphyrin Biomarkers in Upper Mississippian Tar Sands and Related Oils, Southern Oklahoma: ABSTRACT","https://scispace.com/paper/effects-of-biodegradation-upon-porphyrin-biomarkers-in-upper-42sjflqcqi","1987","Journal Article","AAPG Bulletin","Gerald E. Michael","10.1306/94887514-1704-11D7-8645000102C1865D","","Organic molecules present in oils which show a structural relationship to their biological precursors are referred to as biomarkers. These compounds are becoming widely used in oil exploration for making oil-oil, oil-source rock correlations and undertaking maturation and migration studies in basin analysis. Treibs first discovered the presence of porphyrins in oils, shales, and coals over 50 years ago. Porphyrins are predominantly derived from chlorophyll precursors present in plants and bacteria. Studies of changes in porphyrin distributions with increasing maturation due to the effects of increased time of burial and temperature have been performed. However, little is known as to how their distributions change with migration, biodegradation, or water washing of oils. In the present study, 16 tar sand samples were extracted from drill core at depths ranging from 16 to 256 ft obtained from a tar sand quarry in the Ardmore basin, Carter County, Oklahoma. Surrounding oil samples and possible source rocks have also been analyzed to determine the source of the oil in the tar sands. The effects of biodegradation on the porphyrin distributions can be discerned from the effects of migration and maturation by comparing other biomarker distributions within the sands, related oils, and suspected source rocks.more » Biodegradation of the tar sand samples can be observed within the alkane and other biomarker distributions. The relative effects of biodegradation on biomarkers such as alkanes, steranes, and terpanes have been well documented. By using this information, it is possible to determine the extent of biodegradation or water washing necessary to alter the porphyrin distributions.« less","In this article, 16 tar sand samples were extracted from drill core at depths ranging from 16 to 256 ft obtained from a tar sand quarry in the Ardmore basin, Carter County, Oklahoma."
"Biodegradation of Hopane Prevents Use As Conservative Biomarker During Bioremediation of PAHs in Petroleum Contaminated Soils","https://scispace.com/paper/biodegradation-of-hopane-prevents-use-as-conservative-4bnm7w73fq","2003","Journal Article","Bioremediation Journal","Michael H. Huesemann
Tom S. Hausmann
Timothy J. Fortman","10.1080/713607978","","The pentacyclic triterpane C30 17α (H), 21β (H)-hopane, a biomarker commonly used in hydrocarbon bioremediation laboratory experiments and field studies, was found to be completely removed without the formation of the demethylated intermediate nor-hopane in a crude oil-contaminated soil undergoing slurry biotreatment, while PAHs such as benzo(e)pyrene were recalcitrant. The partial or complete biodegradation of hopane has also been previously reported in a few bioremediation studies and has been explored by petroleum geochemists in an effort to characterize crude oil deposits. It is currently not clear what conditions induce hopane biodegradation or biotransformation, although the use of microbial enrichment cultures appears to speed up the process. Considering that hopane is not necessarily conserved during a bioremediation study, the uncritical normalization of hydrocarbon concentrations using this biomarker can lead to incorrect estimates of biodegradation rates and extents. If hopane is found to be un...","The pentacyclic triterpane C30 17α (H), 21β (H)-hopane was found to be completely removed without the formation of the demethylated intermediate nor-hopane in a crude oil-contaminated soil undergoing slurry biotreatment, while PAHs such as benzo(e)pyrene were recalcitrant."
"Environmental Stability of Selected Petroleum Hydrocarbon Source and Weathering Ratios","https://scispace.com/paper/environmental-stability-of-selected-petroleum-hydrocarbon-2bfqlyq13w","1996","Journal Article","Environmental Science & Technology","Gregory S. Douglas
A. Edward Bence
Roger C. Prince
Sara J. McMillen
Eric L. Butler","10.1021/ES950751E","","Weathering and biodegradation alter the composition of spilled oil, making it difficult to identify the source of the release and to monitor its fate in the environment Using intertidal sediment and terrestrial soil data that cover a wide range of oil weathering states, we show that ratios of alkylated dibenzothiophenes and phenanthrenes are useful for source identification even up to 98% depletion of total polycyclic aromatic hydrocarbons (PAHs) Furthermore, we find that some ratios of alkylated naphthalenes, phenanthrenes, and chrysenes can qualitatively assess the extent of weathering an oil has undergone since a spill These source and weathering ratios appear to successfully describe oil depletion and to identify sources in subtidal sediment data from the M/C Haven spill in Italy, the Exxon Valdez spill in Alaska, and a North Sea oil spill","Using intertidal sediment and terrestrial soil data that cover a wide range of oil weathering states, the authors show that ratios of alkylated dibenzothiophenes and phenanthrenes are useful for source identification even up to 98% depletion of total polycyclic aromatic hydrocarbons (PAHs)."
"17.alpha.(H)-21.beta.(H)-hopane as a conserved internal marker for estimating the biodegradation of crude oil.","https://scispace.com/paper/17-alpha-h-21-beta-h-hopane-as-a-conserved-internal-marker-1yyh5yszxm","1994","Journal Article","Environmental Science & Technology","Roger C. Prince
David L. Elmendorf
James R. Lute
Chang Samuel Hsu
Copper E. Haith
James D. Senius
Gary J. Dechert
Gregory S. Douglas
Eric L. Butler","10.1021/ES00050A019","","Hopanes are common constituents of crude oils, and they are very resistant to biodegradation. They can therefore serve as conserved internal standards for assessing the biodegradation of the more degradable compounds in the oil. Here we address two important questions that attend such use. The first is whether the [open quotes]internal standard[close quotes] is being created during the biodegradation process itself, for this could result in an overestimate of the extent of biodegradation. The second is whether the internal standard is indeed relatively resistant to biodegradation on time scales of relevance to the biodegradation process under study; for if it was not, this could result in an underestimate of the extent of biodegradation. We find that 17[alpha](H),21[beta](H)-hopane is neither generated nor biodegraded during the biodegradation of crude oil fractions on time scales relevant to estimating the cleansing of oil spills, and so it has the appropriate characteristics to serve as an internal standard for studying the biodegradation of crude oil in the environment. 20 refs., 4 figs.","It is found that 17[alpha](H),21[beta](H)-hopane is neither generated nor biodegraded during the biodegradation of crude oil fractions on time scales relevant to estimating the cleansing of oil spills, and so it has the appropriate characteristics to serve as an internal standard for studying the biodesgradation of oil in the environment."
"Biodegradation Effect on Distributions of Multiple Methylated Naphthalenes in Reservoir Extracts","https://scispace.com/paper/biodegradation-effect-on-distributions-of-multiple-2p967qq2xz","2003","Journal Article","Earth Science-journal of China University of Geosciences","Huang Hai-ping","","","Detailed geochemical analysis has been carried out on reservoir extracts from the Es 3 reservoir of the Leng 43 block of the Lengdong oilfield, Liaohe basin. Bulk compositions and aliphatic biomarker parameters indicate that these residual oils from three different oil columns are biodegraded at varying degrees. The biodegradation degree increases from the top of oil columns to the bottom of oil columns with excellent gredient variations. Comparison of the distributions of trimethylnaphthalenes (TMNs), tetramethylnaphthalenes (TeMNs) and pentamethylnaphthalenes (PMNs) at various biodegradation levels indicate that biodegradation controls their occurrence and distribution. The susceptibility of individual isomer of TMNs, TeMNs and PMNs to biodegradation has been determined on its relative abundance variation during biodegradation. The results show that these thermal dynamic stable structures are more susceptible to bacterial attack than these thermal unstable structures, suggesting biodegradation completely differs from thermal dynamic process. This study reveals that after moderate biodegradation these maturity parameters based on thermal stability of isomers are invalid and the ratios between easily biodegraded and refractory structures, in turn, can be used as new geochemical indicators to assess the degree of biodegradation.","In this paper, a detailed geochemical analysis has been carried out on reservoir extracts from the Es 3 reservoir of the Leng 43 block of Lengdong oilfield, Liaohe basin."
"Biodegradation Effect on Distributions of Multiple Methylated Naphthalenes in Reservoir Extracts","https://scispace.com/paper/biodegradation-effect-on-distributions-of-multiple-jrfkr1qurw4g","","","","Larter S R","10.3321/j.issn:1000-2383.2003.03.008","","Detailed geochemical analysis has been carried out on reservoir extracts from the Es 3 reservoir of the Leng 43 block of the Lengdong oilfield, Liaohe basin. Bulk compositions and aliphatic biomarker parameters indicate that these residual oils from three different oil columns are biodegraded at varying degrees. The biodegradation degree increases from the top of oil columns to the bottom of oil columns with excellent gredient variations. Comparison of the distributions of trimethylnaphthalenes (TMNs), tetramethylnaphthalenes (TeMNs) and pentamethylnaphthalenes (PMNs) at various biodegradation levels indicate that biodegradation controls their occurrence and distribution. The susceptibility of individual isomer of TMNs, TeMNs and PMNs to biodegradation has been determined on its relative abundance variation during biodegradation. The results show that these thermal dynamic stable structures are more susceptible to bacterial attack than these thermal unstable structures, suggesting biodegradation completely differs from thermal dynamic process. This study reveals that after moderate biodegradation these maturity parameters based on thermal stability of isomers are invalid and the ratios between easily biodegraded and refractory structures, in turn, can be used as new geochemical indicators to assess the degree of biodegradation.","Detailed geochemical analysis of Lengdong oilfield reservoir extracts reveals biodegradation controls distributions of methylated naphthalenes, with thermal stability influencing susceptibility to bacterial attack and altering maturity parameters."
"Reconstructing the geological history of australian crude oils using aromatic hydrocarbons","https://scispace.com/paper/reconstructing-the-geological-history-of-australian-crude-xp24rv1jsu","2000","Journal Article","The APPEA Journal","B.G.K. van Aarssen
Robert Alexander
Robert I. Kagi","10.1071/AJ99015","","The distributions of methylated naphthalenes in crude oils carry within them detailed information regarding the geological history of the oils. The effects of thermal stress, mixing, biodegradation and migration contamination all leave recognisable imprints, which can be deconvoluted. An extended suite of crude oils from several locations in Australia was analysed for their methylated naphthalene content. It was shown that three ratios of selected isomers, each reflecting the same underlying sedimentary reactions, are linearly related to each other when thermal stress has been the only factor controlling the distribution of methylated naphthalenes. This internal consistency allows for an assessment of maturity independent of source, age and location of the crude oil. When the relationships between the three ratios are not linear, secondary processes such as mixing, biodegradation or migration contamination have affected the crude oil. Close examination of the distribution of methylated naphthalenes can reveal the extent to which either of these processes has affected the oil.","In this paper, an extended suite of crude oils from several locations in Australia was analysed for their methylated naphthalene content, and it was shown that three ratios of selected isomers, each reflecting the same underlying sedimentary reactions, are linearly related to each other when thermal stress has been the only factor controlling the distribution of methylated Naphthalenes."
"An unusual hopane biodegradation sequence in tar sands from the Pt Arena (Monterey) Formation","https://scispace.com/paper/an-unusual-hopane-biodegradation-sequence-in-tar-sands-from-1sgfoz6brk","1989","Journal Article","Nature","A. G. Requejo
H. I. Halpern","10.1038/342670A0","","HOPANES are ubiquitous in petroleum source rocks and crude oils. These compounds are thought to be derived mainly from a specific oxygenated precursor, bacteriohopanetetrol, found in the cell walls of prokaryotic organisms1, and commonly occur as a homologous series of structurally related isomers containing between 27 and 35 carbon atoms; hopanes containing more than 35 carbon atoms have also been reported2. Hopanes and other pentacyclic triterpanes are relatively resistant to microbial degradation3–5, making them useful in correlating moderately bio-degraded oils to their source rocks5. During the advanced stages of biodegradation, however, these compounds can be altered, being converted either to 25-normethyl homologues4 or to other, as yet uncharacterized, products. Selective removal of individual compounds may occur; for example, 22R extended homohopanes may be degraded whereas 22S epimers are preserved6–8. Here we report an unusual biodegradation sequence of pentacyclic triterpanes in tar sands from the Pt Arena Formation, California, in which the 22S and 22R isomers of the 17α(H), 21β(H)–C35 extended hopanes are selectively preserved. Demethylation at the C25 position is observed for most hopanes in severely biodegraded samples, with the exception of the C35 extended hopanes. Two commonly occurring trisnorhopanes9, designated Ts (18α(H), 21β(H)-22, 29, 30-trisnorneohopane) and Tm (17α(H), 21β(H)-22, 29, 30-tris-norhopane), also seem resistant to degradation. These findings, together with previous studies of crude-oil biodegradation, imply that biodegradative alteration of hopanes can proceed through numerous pathways, which can result in widely differing distributions.","In this article, an unusual biodegradation sequence of pentacyclic triterpanes in tar sands from the Pt Arena Formation, California, in which the 22S and 22R isomers of the 17α(H), 21β(H)-C35 extended hopanes are selectively preserved."
"Origin and Biodegradation of Crude Oils from the Northernmost Fields in the Bolivar Coastal Complex (Zulia State, Venezuela)","https://scispace.com/paper/origin-and-biodegradation-of-crude-oils-from-the-3aycxzzxvg","2020","Journal Article","Energies","Marcos Escobar
Gonzalo Marquez
Blanca Guerrero
Patricia Marín
Carlos Boente
Antonio Bernardo-Sánchez
Emilio Romero
Albert Permanyer","10.3390/EN13215615","https://www.mdpi.com/1996-1073/13/21/5615/pdf","The organic geochemical features of 30 sampled oils from the northern Bolivar Coastal Complex (Lake Maracaibo Basin, NW Venezuela) were examined by combining carbon isotope, classical biomarker, and extended diamondoid analyses to clarify source facies and to assess the thermal maturity and extent of biodegradation of the oils analyzed. In this work, oils are understood as a mixture of two episodes of petroleum generation from the La Luna Formation: a paleobiodegraded oil pulse during Paleogene times and a late pulse having a higher maturity in the post-Oligocene. For the oil samples analyzed, results revealed a mixing composed of different proportions of almost a terrestrially derived siliciclastic-sourced and a purely marine carbonate-sourced oil pulse. Moreover, two main groups of oils were identified by means of hierarchical cluster analysis. Finally, inter- and intrafield variations in the extent of biodegradation were also assessed using two classification schemes (Peters and Moldowan, and Manco scales).","In this article, organic geochemical features of 30 sampled oils from the northern Bolivar Coastal Complex ( Lake Maracaibo Basin, NW Venezuela) were examined by combining carbon isotope, classical biomarker, and extended diamondoid analyses to clarify source facies and to assess the thermal maturity and extent of biodegradation of the oils analyzed."
"Recalcitrance and degradation of petroleum biomarkers upon abiotic and biotic natural weathering of Deepwater Horizon oil.","https://scispace.com/paper/recalcitrance-and-degradation-of-petroleum-biomarkers-upon-1n9q3reut2","2014","Journal Article","Environmental Science & Technology","Christoph Aeppli
Robert K. Nelson
Jagoš R. Radović
Jagoš R. Radović
Catherine A. Carmichael
David L. Valentine
Christopher M. Reddy","10.1021/ES500825Q","","Petroleum biomarkers such as hopanoids, steranes, and triaromatic steroids (TAS) are commonly used to investigate the source and fate of petroleum hydrocarbons in the environment based on the premise that these compounds are resistant to biotic and abiotic degradation. To test the validity of this premise in the context of the Deepwater Horizon disaster, we investigated changes to these biomarkers as induced by natural weathering of crude oil discharged from the Macondo Well (MW). For surface slicks collected from May to June in 2010, and other oiled samples collected on beaches in the northern Gulf of Mexico from July 2010 until August 2012, hopanoids with up to 31 carbons as well as steranes and diasteranes were not systematically affected by weathering processes. In contrast, TAS and C32- to C35-homohopanes were depleted in all samples relative to 17α(H),21β(H)-hopane (C30-hopane). Compared to MW oil, C35-homohopanes and TAS were depleted by 18 ± 10% and 36 ± 20%, respectively, in surface slicks collec...","This study highlights that TAS and homohopanes can be degraded within several years following an oil spill, and these compounds provide a window to parse biodegradation and photooxidation during advanced stages of oil weathering."
"Advances in Analytical Technologies for Correlation of All Hydrocarbon Fluids, Oil Mixtures and Extracts*","https://scispace.com/paper/advances-in-analytical-technologies-for-correlation-of-all-1c5dyd8bcm","2014","","","Mike Moldowan
Jeremy J. Dahl
Shaun Moldowan","","https://www.searchanddiscovery.com/documents/2014/41401moldowan/ndx_moldowan.pdf","Classical geochemical technology developed decades ago retains value, but in most cases, applications simply retrace previous conclusions and do not open new opportunities. New technologies that deliver the resolving power necessary to distinguish hydrocarbon sources in greater detail and delineate co-sourced petroleum mixtures open new vistas in basin modeling. Here we reveal novel compound specific isotope analysis (CSIA) parameters to accomplish those goals. In order to perform CSIA the targeted compound classes must first be isolated from the petroleum. CSIAs of steranes, hopanes, C12-C40 isoprenoids and C7-C30+ alkanes, terrestrial terpanes (e.g. bicadinane and oleanane), naphthalenes, phenanthrenes and diamondoids are illustrated and examples from worldwide applications to perform source-differentiation are depicted. Laboratory mixtures from different end-member oils from Venezuela, Colombia and the US Gulf of Mexico, respectively, were prepared. Analyses of these mixtures show the power of those new methods for (1) recognition of mixes, (2) determination of all sources, and (3) determination of the relative input from each source. Methods to utilize asphaltenes for biodegraded-oil correlation are also revealed. Asphaltenes preserve original biomarkers and alkanes. Those compounds can be generated by hydrous pyrolysis and used for correlation. While fingerprints of these generated compounds might not match related non-biodegraded oil, the generated biomarkers and alkanes retain isotopic signatures from the kerogen and can be used for correlation by using CSIA methods. Diamondoids are a universal compound class for correlation. With a few exceptions, diamondoids are recalcitrant or inert to alteration by biodegradation and can be used to correlate severely biodegraded oil. They can be sequestered even from severely biodegraded oil or thermally altered condensate and used for correlation with any other petroleum liquids or extracts both by CSIA-D and by fingerprints of large diamondoid molecules (tria-, tetra-, pentamantanes, etc.), termed quantitative extended diamondoid analysis (QEDA).","Novel compound specific isotope analysis (CSIA) parameters to accomplish CSIA goals are revealed and methods to utilize asphaltenes for biodegraded-oil correlation are revealed."
"Geochemical Study of Crude Oil Samples to Evaluate Extent and Effect of Secondary Alteration Process (i.e. Biodegradation).","https://scispace.com/paper/geochemical-study-of-crude-oil-samples-to-evaluate-extent-1t85jzacyu","2014","","","Salisu Nasir
Nasar Mansir
Nasir Muhammad Augie","","http://www.ijsrp.org/research-paper-1014/ijsrp-p3426.pdf","A mild chemical treatment i.e. Ruthenium ion catalysed oxidation (RICO) has been employed to examine the asphaltenes of two oils (fresh and slightly degraded) chosen from four oils samples after bulk geochemical analysis. The oils were from same geographical location but unknown oilfield in North America. The distributions of hopanoic acids released from the asphaltenes were investigated and compared with that of hopanes in the maltenes. The distributions were dissimilar e.g. distribution of carbon number maximized at C32 in the terpenoic acids which are not consistent with that of terpanes (hopanes) in the maltenes. However, C29 and C30 hopanes were the prominent in the maltenes where as C32 hopanoic acids homologues in the released products. Comparatively, biodegradation was inferred to have no effect on the bonded biomarkers due to their unaltered nature after RICO treatment. Concomitantly, the difference and level of degradation between the samples were also investigated and found to be small (insignificant) with minor or no loss of n-alkanes or any other biomarkers in the samples. Although, samples 6661 and 8673 were slightly degraded and ranked ""1"" in the Peters and Moldowan (1993) scale, still none of the sample appeared to have lost their isoprenoids, hopanes and steranes. This indicates that the samples were slightly biodegraded. On the other hand, oils (8673 and 8676) were ranked ""0"" on the same scale indicating that they are not degraded.","In this paper, a mild chemical treatment i.e. Ruthenium ion catalysed oxidation (RICO) has been employed to examine the asphaltenes of two oils (fresh and slightly degraded) chosen from four oils samples after bulk geochemical analysis."
"Biodegradação de Óleo em Reservatório Siliciclástico: um Exemplo do Paleógeno, Bloco Oliva, Norte da Bacia de Santos, Brasil","https://scispace.com/paper/biodegradacao-de-oleo-em-reservatorio-siliciclastico-um-x9s061j84soi","2024","Repository","","Natália Medeiros Marins Nunes
Marcus Vinicius Berao Ade
R. F. RODRIGUES
Felipe Nascimento
Ricardo Teixeira Nicácio Leite","10.60692/n3mzv-8y248","","For a petroleum company, the oil biodegradation is an important aspect to appraisal both exploration/production and economic perspective. Black to volatile oils require diferent materials and techniques in comparison to those used for heavy oils. Economically, biodegradable oils has a lower market value than the non-biodegradable oil. Following the presence and absence of a set of biomarkers observed in the chromatograms and fragmentograms, it is possible an interpretation and an indentiication of diferent levels of biodegradation . This methodology comprises the main objective of this work. The oil studied lacks ""n"" and iso-alkanes, the major proportion of tricyclic on the pentacyclic, the presence of demethylated compounds, plus the major proportion of diasteranes on steranes, suggesting an advanced degree of biodegradation. According to this investigation, the degree 8 of biodegradation (Peter & Moldowan, 1993), records a huge process of bacterial attack happened into the reservoir in a range of temperatu e from 350C up to 500C, from the oil/water contact. ",""
"Biodegradação de Óleo em Reservatório Siliciclástico: um Exemplo do Paleógeno, Bloco Oliva, Norte da Bacia de Santos, Brasil","https://scispace.com/paper/biodegradacao-de-oleo-em-reservatorio-siliciclastico-um-pzxe9tostqjq","2024","Repository","","Natália Medeiros Marins Nunes
Marcus Vinicius Berao Ade
R. F. RODRIGUES
Felipe Nascimento
Ricardo Teixeira Nicácio Leite","10.60692/v3mbf-q4g79","","For a petroleum company, the oil biodegradation is an important aspect to appraisal both exploration/production and economic perspective. Black to volatile oils require diferent materials and techniques in comparison to those used for heavy oils. Economically, biodegradable oils has a lower market value than the non-biodegradable oil. Following the presence and absence of a set of biomarkers observed in the chromatograms and fragmentograms, it is possible an interpretation and an indentiication of diferent levels of biodegradation . This methodology comprises the main objective of this work. The oil studied lacks ""n"" and iso-alkanes, the major proportion of tricyclic on the pentacyclic, the presence of demethylated compounds, plus the major proportion of diasteranes on steranes, suggesting an advanced degree of biodegradation. According to this investigation, the degree 8 of biodegradation (Peter & Moldowan, 1993), records a huge process of bacterial attack happened into the reservoir in a range of temperatu e from 350C up to 500C, from the oil/water contact. ",""
"Biomarker characters and biodegradation of petroleum in Gangxi oil field, China","https://scispace.com/paper/biomarker-characters-and-biodegradation-of-petroleum-in-4owl0vpe67","2014","","","Minmin Cai
Jun Yao
Ruixia Wang","","https://scispace.com/pdf/biomarker-characters-and-biodegradation-of-petroleum-in-4owl0vpe67.pdf","Biomarker characters and biodegradation of petroleum were investigated in Gangxi oil field, China, using GC-MS analysis. TIC profiles suggested that the petroleum in oil reservoir was biodegraded seriously by indigenous microbiota, due to the secondary alteration processes (water flooding since 1972). The n-alkanes were missing in most of oil samples. The iso-alkanes were present in all of the samples but in low concentration. The polycyclic aromatic hydrocarbons were degraded at different degrees. The PAHs of 2 rings were almost missing, while that of 3 or 4 rings were present at low degraded rate. These suggested that the indigenous microorganism of oil well might have ability to degrade petroleum and it could be used for remedying oil spill. Through analysis of 28 kinds of biomarker, these oils showed similar characteristics: mid content of gammacerane, abundant hopane, and low content of oleanane. These meant that the source of oil might be prokaryotic organisms and algal, and the reservoirs was a not highly reducing and anoxic environment. The maturity parameters of 20S / (20S + 20R) and ββ / (ββ + αα) showed these oil was mature oil, and the maturity degree of oil samples increased as order: 2#, 5#, 3# or 1#, 4#, 6#.","Biomarker characters and biodegradation of petroleum were investigated in Gangxi oil field, China, using GC-MS analysis and suggested that the indigenous microorganism of oil well might have ability to degrade petroleum and it could be used for remedying oil spill."
"Biodegradation of crude oils.","https://scispace.com/paper/biodegradation-of-crude-oils-25bcxw7yjm","1991","Book Chapter","Schriftenreihe des Vereins für Wasser-, Boden- und Lufthygiene","Klaus Bosecker
Manfred Teschner
H. Wehner","10.1016/B978-0-444-88900-3.50023-0","","Petroleum from well sites in the Gifhorn Trough (Lower Saxony, northwest Germany) and the Maracaibo Basin (Venezuela) contained various types of microorganisms capable of degrading crude oils. Under substrate-limiting condition, selectivity of degradation was found, destroying medium-chain n-alkanes (C 20 , C 21 ) at a faster rate than long-chain n-alkanes (C 30 , C 31 ). During degradation the physical parameters of the crude oils (e.g. density, viscosity, average molecular weight) were altered and shifted into the direction of heavy oil. In vitro degraded oil is very similar to oil degraded in nature. Aromatic hydrocarbons and biomarker molecules (steranes and triterpanes) were not degraded. Pyrolysis-GC analysis of asphaltenes revealed no significant changes in the composition of pyrolyzates during biodegradation. There is sufficient evidence that heavy oils — besides some other effects — are generated by the in situ biodegradation of conventional oils.","There is sufficient evidence that heavy oils - besides some other effects - are generated by the in situ-biodegradation of conventional oils."
"Geochemical characterization of some biodegraded oils from the Niger Delta Basin, Nigeria","https://scispace.com/paper/geochemical-characterization-of-some-biodegraded-oils-from-1mwj5uny0s","2020","Journal Article","Environmental and Earth Sciences Research Journal","Omonigho Egbo
Olubunmi C. Adeigbe
Onoriode Esegbue","10.17632/BVHWC6FGMJ.3","","Received: 28 August 2020 Accepted: 12 November 2020 This study aimed to examine the compositional changes resulting from biodegradation, fathom the extent of degradation, and provide clues for interpreting the evolution and the overall effects on the quality of the oils. Ten oil samples from onshore-offshore fields were analyzed using gas chromatography (GC) and GC-mass spectrometry (GC-MS) methods. GC results indicate variable loss of low molecular weight (LMW) alkanes, besides the presence of unresolved complex mixture (UCM). Saturated, aromatic, resins, and asphaltenes (SARA) compositions and low saturate/aromatic ratio confirmed evidence of biodegradation. Biodegradation levels of the considered oils range from light to moderate, based on Peters and Moldowan scale. This influenced shifts in the ‘primary compositions’ of oils probably from paraffinic or paraffinic-naphthenic oils to aromaticnaphthenic oils. Total ion chromatograms of well 1 and 2 from Northern depobelt, show presence of LMW alkanes, co-existing side by side with UCM, suggesting multiple charges. However, biomarker fingerprints of the oils lack evidence of in-reservoir mixing of biodegraded and non-biodegraded oils. Nevertheless, the possibility of oil mixing cannot be excluded, because biodegradation is progressive and is ongoing. This study, shows the process has dramatically impacted the fluid properties, commercial worth, and economic producibility of the investigated oil accumulations in the basin.","In this paper, the compositional changes resulting from biodegradation, fathom the extent of degradation, and provide clues for interpreting the evolution and the overall effects on the quality of the oils."
"Severe biodegradation of crude oils from the quiriquire field, eastern venezuelan basin","https://scispace.com/paper/severe-biodegradation-of-crude-oils-from-the-quiriquire-sqpa2um7lax6","","","","Liliana Lopez
Jesus A. Romero
Salvador Lo Monaco","10.1111/jpg.12808","","Five crude oil samples from the Quiriquire field (Maturin sub‐basin, Eastern Venezuelan Basin) were analysed to evaluate their levels of biodegradation. The oils were obtained from coarse sandstones and conglomerates of the Pliocene Quiriquire Formation at depths <1000 m. Analyses of the samples’ bulk physicochemical parameters indicate variations in API gravity and in the content of saturated hydrocarbons and NSO+asphaltenes, and also in the saturate/aromatic ratio which increases in more biodegraded oils. n‐Alkane distributions are characterized by a dominant unresolved complex mixture (UCM) or hump under an envelope of peaks which lack the acyclic isoprenoids pristane and phytane. The alteration of steranes and terpanes together with the presence of 25‐norhopanes and 17‐nor‐tricyclic terpanes, and the alteration of low molecular‐weight (C20‐C21) triaromatic steroids, phenanthrene, methyl‐phenanthrene, dibenzothiophene and methyl‐dibenzothiophene, indicate that the oils have undergone severe biodegradation.The oils contain compounds with different susceptibilities to biodegradation which is probably a consequence of the mixing of different oil charges in the Quiriquire Formation reservoir. The oils were derived from underlying source rocks in the Upper Cretaceous Guayuta Group (Querecual and San Antonio Formations), and migration into the shallow reservoir at Quiriquire field likely occurred continuously through time. Although the oils have undergone severe biodegradation, it was possible to make some inferences about their origin. Thus, the analyzed oils are interpreted to have originated from marine shale or marl source rocks containing mixed organic matter deposited under anoxic‐suboxic conditions and were generated at near peak oil window maturities.","Five crude oil samples from the Quiriquire field, Eastern Venezuelan Basin, exhibit severe biodegradation, characterized by altered n-alkane distributions, sterane and terpane alteration, and varying susceptibilities to biodegradation due to mixed oil charges."
"Applying geochemical parameters to verify oil mixtures in the occluded biomarkers from asphaltene structures","https://scispace.com/paper/applying-geochemical-parameters-to-verify-oil-mixtures-in-083yuorjr63x","2025","Journal Article","Energy Exploration & Exploitation","Taís Freitas da Silva
Patrícia Alves Jural
Maria do Carmo Ruaro Peralba
Marleny Blanco Gonzáles
André Lucas Batista de Lima
WOLFGANG KALKREUTH
Daniel Silva Dubois
Andre Luiz Durante Spigolon
Taís Freitas da Silva
Patrícia Alves Jural
Maria do Carmo Ruaro Peralba
Marleny Blanco Gonzáles
André Lucas Batista de Lima
WOLFGANG KALKREUTH
Daniel Silva Dubois
Andre Luiz Durante Spigolon","10.1177/01445987251369266","","Asphaltenes, which can be considered as fragments of kerogen, can occlude, and protect hydrocarbon compounds from secondary alterations that occurs in petroleum reservoirs. The objective of this study was to apply the analysis of occluded biomarkers to address the question of how to understand the mixture of oils in the Potiguar Basin, since the oils produced therein inherited compositional differences from two petroleum systems. Asphaltenes from seven Brazilian crude oils of Potiguar Basin were obtained and submitted to mild oxidative treatment to disrupt their structure, releasing occluded hydrocarbons. The study of the geochemical composition of the occluded hydrocarbons showed that the oils from Areia Branca Trend registered a signature lacustrine, saline lacustrine and marine-evaporitic oils. On the other hand, occluded oils from Carnaubais Trend, suggest contributions from marine-evaporitic and lacustrine oils. As for the maturity parameters, it was observed that the saturated biomarkers occluded from the studied oils are less thermally evolved, the same was observed in the analysis of aromatic compounds. The results of occluded hydrocarbons showed great similarity with free hydrocarbon oils, which confirms the postulated hypotheses of initial filling of lacustrine oil reservoirs generated by the Upanema Member followed by a mixture with marine-evaporitic oil generated by the Galinhos Member and Ponta do Tubarão (PT) Layer. In this case study, it was evident that a geochemical understanding of occluded hydrocarbons can provide a better knowledge of petroleum systems. Mainly, when there is a secondary alteration due to biodegradation, as in the Carnaubais Trend, the biomarkers occluded in the asphaltenes register well the more marine-evaporitic oil. The study of biomarkers occluded in asphaltene structures proved to be a valuable tool in the interpretation of geochemical parameters of origin, maturation, and mixture of different sources, as they are the closest to the original conditions. ","This study applies geochemical analysis of occluded biomarkers in asphaltene structures to verify oil mixtures in the Potiguar Basin, Brazil, revealing lacustrine, marine-evaporitic, and saline lacustrine oil contributions and confirming initial filling and mixing hypotheses."
"Oil Biodegradation in Siliciclastic Reservoir: an Example from Paleogene, Oliva Block, North of Santos Basin, Brazil","https://scispace.com/paper/oil-biodegradation-in-siliciclastic-reservoir-an-example-1u7d70vvhv","2017","Journal Article","","Natália Medeiros Marins Nunes
Marcus Vinicius Berao Ade
René Rodrigues
Fernanda de Assis
Felipe Nascimento
Ricardo Teixeira Nicácio Leite","10.11137/2017_3_222_231","https://scispace.com/pdf/oil-biodegradation-in-siliciclastic-reservoir-an-example-1u7d70vvhv.pdf","For a petroleum company, the oil biodegradation is an important aspect to appraisal both exploration/production and economic perspective. Black to volatile oils require different materials and techniques in comparison to those used for heavy oils. Economically, biodegradable oils has a lower market value than the non-biodegradable oil. Following the presence and absence of a set of biomarkers observed in the chromatograms and fragmentograms, it is possible an interpretation and an indentification of different levels of biodegradation . This methodology comprises the main objective of this work. The oil studied lacks “n” and iso-alkanes, the major proportion of tricyclic on the pentacyclic, the presence of demethylated compounds, plus the major proportion of diasteranes on steranes, suggesting an advanced degree of biodegradation. According to this investigation, the degree 8 of biodegradation (Peter & Moldowan, 1993), records a huge process of bacterial attack happened into the reservoir in a range of temperature from 35°C up to 50°C, from the oil/water contact.","In this article, a set of biomarkers observed in the chromatograms and fragmentograms were used to identify the degree of biodegradation of a single barrel of oil from a reservoir in a range from 35°C up to 50°C."
"Pristine biomarker compositions recovered from biodegraded oil samples using MSSV-Hy","https://scispace.com/paper/pristine-biomarker-compositions-recovered-from-biodegraded-2ohjxyhdqz","2024","Journal Article","Marine and Petroleum Geology","Sheng Yang
Brian Horsfield
Kai Mangelsdorf
Rolando di Primio
Joachim Rinna
Alexander Hartwig
Antonio Martín-Monge
Rafael Antonio Tocco
Rouven Elias","10.1016/j.marpetgeo.2024.106713","","Oil-source and oil-oil correlations are challenging when the primary chemical composition of petroleum was altered or destroyed by biodegradation. Biomarkers that are bound to macromolecular matrices rather than being in a free form are largely protected from alteration and may therefore offer a solution to the challenges. Using Microscale Sealed Vessel Catalytic Hydrogenation (MSSV-Hy), the bound biomarkers of two North Sea and two Barents Sea oil samples, with varying levels of biodegradation, were released from their respective asphaltenes. Despite biodegradation having changed the relative concentrations of steranes (C27–C30 steranes) and hopanes (C29–C30 hopanes) in the free biomarker fraction to varying degrees, the asphaltene-bound biomarkers were protected and show pristine ratios unaffected by biodegradation, e.g., the relative content of C27–C29 steranes, the C30/C29 sterane ratio, and the C29/C30 hopane ratio. Empirical calibration then allows these bound biomarkers to be converted into regular biomarker ratios. The MSSV-Hy technique has been shown to be an efficient and effective tool for releasing asphaltene-bound biomarkers from biodegraded oil and revealing genetic information when free biomarkers are altered by biodegradation. ","Researchers developed MSSV-Hy, a technique to release bound biomarkers from biodegraded oil, preserving pristine ratios unaffected by degradation, enabling oil-source and oil-oil correlations despite biodegradation alterations."
"Biodegradation of Polycyclic Aromatic Hydrocarbons:\nA Case Study of the Chepaizi Uplift, Junggar Basin, NW China","https://scispace.com/paper/biodegradation-of-polycyclic-aromatic-hydrocarbons-na-case-logazch8zzrn","2023","Repository","","","10.1021/acsearthspacechem.2c00378.s001","","Polycyclic\naromatic hydrocarbons (PAHs) are important components\nin crude oil with extensive applications in maturity assessment, depositional\nenvironment reconstruction, and oil–oil/source rock correlation.\nThe biodegradation of oils is common under geological conditions.\nDespite many studies on the biodegradation of saturated hydrocarbons,\nnaphthalenes, and phenanthrenes, the relative susceptibilities to\nbiodegradation of fluorene, dibenzothiophene, chrysene, pyrene and\ntheir alkylated homologues, and triaromatic steroid hydrocarbons were\nnot well studied. In this study, a suite of oils and oil sands from\nthe Chepaizi Uplift, Junggar Basin, were collected to investigate\nthe fate and relative susceptibilities to the biodegradation of these\nPAHs under geological conditions. Gas chromatography–mass spectrometry\nanalysis was conducted to identify the aromatic species. Based on\nthe studied samples with different biodegradation levels, the relative\nsusceptibilities of individual dibenzothiophene, fluorene, chrysene,\nand pyrene and their alkylated homologues and triaromatic steroid\nhydrocarbons were determined. DBT/1-MDBT, 3,7-/2,4-DMDBT, 1,2,7-+1,2,8-/2,4,6-TMDBT,\n1-MF/4-MF, 1,6-DMF/B, Py/4-MPy, and C&lt;sub&gt;26&lt;/sub&gt;20S TAS/C&lt;sub&gt;27&lt;/sub&gt;20R TAS were proposed to assess the biodegradation. The biodegradation\norder is not related to thermodynamic stability, making the maturity\nassessment of biodegraded oils and oil sands more difficult. Moreover,\nmost PAH-based parameters used for oil–oil/source rock correlation\nand depositional environment analysis are not available due to biodegradation.\nMaturity parameters, such as MCI1, MCI2, and MChyI2, increase with\nincreasing biodegradation, while MDR and DMDBTI decrease with increasing\nbiodegradation. However, the refractory C&lt;sub&gt;26&lt;/sub&gt;–C&lt;sub&gt;28&lt;/sub&gt; triaromatic steroids are valid before PM 8. Therefore, using\nPAH-based parameters in the geochemical assessment of in-reservoir\nbiodegraded or oil sands should be done with care, and the relative\nbiodegradation susceptibilities of related components should be taken\ninto consideration. ",""
"Petroleum asphaltenes: generated problematic and possible biodegradation mechanisms.","https://scispace.com/paper/petroleum-asphaltenes-generated-problematic-and-possible-3arl5ducdf","2001","","","Pineda-Flores G
Mesta-Howard Am","","","Petroleum asphaltenes are hydrocarbons that present an extremely complex molecular structure. They are conformed by different proportions of nitrogen, sulfur and oxygen. These compounds cause diverse problems like the blockage of crude oil extraction and transport pipes, the reduction of their economic use and the pollution of ecosystems. Biodegradation of asphaltenes is an important process that can eliminate these compounds and reduce the problems they cause. However, it is a process that occurs naturally in very reduced proportions. The purpose of this revision is to show the chemical structure of these compounds, the problems they cause and to represent their possible biodegradation mechanisms, based on the processes known for other hydrocarbons of complex structure. Elimination of the micelar structure, through the application of non-polar solvents, and fragmentation of the asphaltenes through photooxidation are the initial processes necessary to be able to degrade these compounds. The produced structures, such as the heteropolyaromatic and aromatic, lineal and ramified hydrocarbons, could be degraded in this order through biochemical reactions, such as omega oxidations, beta oxidations and aromatic oxidations respectively. These processes are distributed in an important variety of microorganisms. The elimination period's length can vary from one week, for the simplest structures, to 990 days for those with several condensed aromatic rings.","The purpose of this revision is to show the chemical structure of these compounds, the problems they cause and to represent their possible biodegradation mechanisms, based on the processes known for other hydrocarbons of complex structure."
"Petroleum Biodegradation Effects on Polar Acidic Compounds\nand Correlation with Their Corresponded Hydrocarbon Fractions","https://scispace.com/paper/petroleum-biodegradation-effects-on-polar-acidic-compounds-uxruvgfelygt","2015","Repository","","","10.1021/acs.energyfuels.5b01116.s001","","A set\nof five oil samples from the same source rock, classified\nat different levels of biodegradation, was evaluated by high-resolution\nmass spectrometry (Orbitrap). O-containing acidic compounds from the\nacidic oil fractions were characterized by determining their molecular\nformulas. The effects of biodegradation were detected in all O classes\nand were consistent with the biodegradation of neutral compounds.\nAdditionally, we found a slightly biodegraded sample that contained\nacidic compounds, biomarkers of a highly biodegraded sample. These\nresults led us to propose a scale of biodegradation using acidic compounds,\nparticularly those containing two oxygen atoms (carboxylic acids). ",""
"Thermolysis of Asphaltenes of Timan–Pechora Heavy Oils","https://scispace.com/paper/thermolysis-of-asphaltenes-of-timan-pechora-heavy-oils-16hg44hewf","2020","Journal Article","Petroleum Chemistry","N. S. Burdel’naya
D. A. Bushnev
E. A. Golubev
A. A. Derevesnikova
V. A. Radaev","10.1134/S0965544120060043","","The hydrocarbon composition of the thermolysis products of asphaltenes from biodegraded oils of the Labagan and Usa oilfields and non-biodegraded oil of the Salyukinskoe oilfield of the Timan–Pechora sedimentary basin has been studied The IR spectra of the asphaltenes are identical, indicating their similar structural group composition The thermolysis of the asphaltenes has been carried out in an argon flow successively at 300 and 350°C It has been shown that desorption of saturated and aromatic components from the pores of the asphaltenes predominantly occurs at 300°C For the initial biodegraded oils and the oil that did not undergo biochemical oxidation, a number of geochemical parameters calculated in terms of acyclic hydrocarbons (HCs) and polycyclic biomarkers turns out to be similar to those obtained for the thermolysis products of the asphaltenes heated at 350°C The values of the methylphenanthrene index are similar for the thermolysis products of asphaltenes and the parent oils This similarity, in turn, allows the genetic identification of oils and evaluation of their catagenetic maturity by asphaltene thermolysis products in the case when biomarkers of the aliphatic fraction are lost during biodegradation An analysis of the supermolecular structure of the asphaltenes of the oils under study has shown a general trend of its change by heating at 350°C, which consists in a sharp decrease in the particle size and loosening of the particle packing due to the appearance of pronounced porosity","In this paper, the thermolysis products of asphaltenes from biodegraded oils of the Labagan and Usa oilfields and non-biodegraded oil of the Salyukinskoe oilfield of the Timan-Pechora sedimentary basin have been studied."
"A Novel Approach for Investigating the Paleo-Oil Filling Orientations: Constraints by Biodegradation Evaluation Proxies and Recovered Biomarker Parameters","https://scispace.com/paper/a-novel-approach-for-investigating-the-paleo-oil-filling-316onyel1s","2024","Journal Article","","Bingbing Shi
Xiangchun Chang
Tianjiao Liu
Guanlong Zhang
Pengfei Zhang
Youde Xu
Guo Chen","10.1021/acs.energyfuels.4c00231","","The spatial arrangement of methyl groups in biomarkers significantly impacts their polarity and thermal stability, both of which are crucial for the chromatographic effects involved in tracing the direction of oil migration. However, biodegradation can also selectively alter the isomers of these biomarkers based on the positions of their methyl groups, making it challenging to interpret migration directions in biodegraded oils using conventional tracers. Hence, it is imperative to explore novel indicators, such as the biodegradation evaluation parameter, in order to discern the directions of oil migration. However, conventional proxies for evaluating biodegradation, such as C29 25-nor-hopane/C30Hopane (25-NH/H), C2217-nor-tricyclic terpane/C23 tricyclic terpane (17-NT/TT), and the widely used modular analysis and numerical classification of oils (Manco) scale, often have limited applicability and resolution within a narrow range of biodegradation, particularly in long-distance migration scenarios. To address this issue and improve resolution across a broader spectrum of biodegraded oils, we developed a refined approach. This approach uses five homologues, each displaying different levels of resistance to biodegradation, to cover the complete range of biodegradation. Our novel approach provides significantly improved resolution compared to the conventional Manco scale, and our goal is to employ the contour plots generated by this approach to accurately determine the migration direction. To verify the accuracy of our results, we conducted validation experiments using conventional tracers. Our validation experiments included measurements of isomer ratios of pyrrolic and thiophene ring compounds, as well as typical biomarker tracers recovered from the biogenetic information derived from biodegraded oils, specifically (C23TT+C2217-NT)/(C30H+C29 25-NH). Furthermore, we examined structural morphology, density and viscosity, the quantitative grain fluorescence index, the hydrocarbon migration effective pathway index (Hmle), and pore-permeability characteristics for further validation purposes. This refined scale for evaluating biodegradation provides comprehensive insights into biodegraded oils and serves as an essential tool for understanding patterns of hydrocarbon preferential migration and identifying promising exploration targets for biodegraded oils in both the studied regions and elsewhere. ","Researchers develop a novel approach to investigate paleo-oil migration directions using biodegradation evaluation proxies and biomarker parameters, providing improved resolution and accuracy compared to conventional methods in biodegraded oils."
"Biodegradation of Petroleum in Subsurface Geological Reservoirs","https://scispace.com/paper/biodegradation-of-petroleum-in-subsurface-geological-1bpozzh6p6","2014","Book Chapter","","Haiping Huang
Haiping Huang
Steve Larter","10.1128/9781555817589.CH6","","Petroleum biodegradation in reservoirs can be demonstrated by bulk compositional alteration, isotopic fractionation of petroleum components, and identification of specific metabolic products in petroleum. The effects of biodegradation on the physical properties and bulk composition of petroleum have been summarized by numerous studies. Different classes of compounds in petroleum have different susceptibilities to biodegradation. This chapter presents the biodegradation behavior of multiply methylated naphthalenes, i.e., trimethylnaphthalenes (TMNs), tetramethylnaphthalenes (TeMNs), and pentamethylnaphthalenes (PMNs). The relative biodegradability of fluoranthene, pyrene, and chrysene was compared in a study using the Liaohe basin suite, indicating that fluoranthene is more vulnerable to biodegradation than pyrene and chrysene. The chapter compares the susceptibility during biodegradation of short side chain to long side chain steranes, monoaromatic steroid hydrocarbons (MAS) and triaromatic steroid hydrocarbons (TAS). Knowledge of biodegradation processes is especially critical to the accurate prediction of biodegradation risk in petroleum exploration. Methanogenesis through carbon dioxide reduction may be the dominant terminal process in petroleum biodegradation in the subsurface, since biodegraded petroleum reservoirs are sometimes associated with abundant methane. A biodegradation model based on geochemical analysis and geological observation has been established. Analyzed data suggest that biodegradation occurs within a narrow region near the oil-water contacts (OWCs) and that reservoirs often show a late charge of oil to the top of the oil column.","In this article, the biodegradability of multiply methylated naphthalenes (TMNs), tetramethylnaphthallenes (TeMNs), and pentamethyl naphthalenes (PMNs) was compared in a study using the Liaohe basin suite, indicating that fluoranthene is more vulnerable to biodegradation than pyrene and chrysene."
"Geochemical Characterization of Some Biodegraded Oils from the Niger Delta Basin, Nigeria","https://scispace.com/paper/geochemical-characterization-of-some-biodegraded-oils-from-6yyyr27jjlia","","","","Omonigho Khalin Egbo
Olubunmi C. Adeigbe
Onoriode Esegbue","10.18280/eesrj.070401","","This study aimed to examine the compositional changes resulting from biodegradation, fathom the extent of degradation, and provide clues for interpreting the evolution and the overall effects on the quality of the oils. Ten oil samples from onshore-offshore fields were analyzed using gas chromatography (GC) and GC-mass spectrometry (GC-MS) methods. GC results indicate variable loss of low molecular weight (LMW) alkanes, besides the presence of unresolved complex mixture (UCM). Saturated, aromatic, resins, and asphaltenes (SARA) compositions and low saturate/aromatic ratio confirmed evidence of biodegradation. Biodegradation levels of the considered oils range from light to moderate, based on Peters and Moldowan scale. This influenced shifts in the ‘primary compositions’ of oils probably from paraffinic or paraffinic-naphthenic oils to aromatic-naphthenic oils. Total ion chromatograms of well 1 and 2 from Northern depobelt, show presence of LMW alkanes, co-existing side by side with UCM, suggesting multiple charges. However, biomarker fingerprints of the oils lack evidence of in-reservoir mixing of biodegraded and non-biodegraded oils. Nevertheless, the possibility of oil mixing cannot be excluded, because biodegradation is progressive and is ongoing. This study, shows the process has dramatically impacted the fluid properties, commercial worth, and economic producibility of the investigated oil accumulations in the basin.","This study examines biodegradation effects on Niger Delta Basin oils, analyzing 10 samples using GC and GC-MS. Results indicate variable biodegradation levels, shifts in oil compositions, and impacts on fluid properties, commercial worth, and economic producibility."
"Aromatic steroids as a tool in geochemical interpretation","https://scispace.com/paper/aromatic-steroids-as-a-tool-in-geochemical-interpretation-30w5kfbthj","2015","","","I. Matyasik
W. Bieleń","","https://scispace.com/pdf/aromatic-steroids-as-a-tool-in-geochemical-interpretation-30w5kfbthj.pdf","The article describes the use of monoaromatic (MAS) and triaromatic (TAS) steroids in geochemical interpretation. So far for correlation purposes in crude oil–oil systems and crude oil–source rock, among others, biomarkers from the hopanes and steranes group or phenantrene compounds were used. Steroids can be used with equally good results as indicators of environmental sedimentation of organic matter, or a degree of thermal maturity of source rock. Steroids also find use as a carrier of information about: the genesis of organic matter (marine or non-marine) and immersion of carbonates in sediment or salinity of a sedimentary environment. The article presents the composition of triaromatic and monoaromatic steroids in samples of potential source rocks represented by: Menilite Beds of the Skole Unit, Main Dolomite of the Polish Lowland, Peribaltic Syneclise Silurian and Central Atlantic Margin (CAM).","In this paper, the use of triaromatic and monoaromatic steroids in geochemical interpretation of potential source rocks represented by: Menilite Beds of the Skole Unit, Main Dolomite of the Polish Lowland, Peribaltic Syneclise Silurian and Central Atlantic Margin (CAM)."
"A set of source- and age-diagnostic biomarkers discovered in the marine oils","https://scispace.com/paper/a-set-of-source-and-age-diagnostic-biomarkers-discovered-in-2keez31dcu","2017","Journal Article","Acta Geologica Sinica-english Edition","Guangli Wang
Qin Zhang
Xiaofa Yang
Zhongzhen Ma
Yinfu Xie","10.1111/1755-6724.13297","","Biological markers or biomarkers (Eglinton et al., 1964; Eglinton and Calvin, 1967) are molecular fossils, which were derived from once living organisms through the earth history. They occur in sediments, rocks, and crude oils and display little or no change in structure from their precursors (Peters et al., 2005). Accordingly, biomarkers can be used to indicate organic matter input, rebuild paleoenvironment, and assess the thermal maturation, as well as be applied in oil-oil and oil-source correlation. Most, but not all, biomarkers are isopentenoids, composed of isoprene subunits. In the past two decades, the source-specific biomarkers, e.g. those steroids with unconventional side chains, have been increasingly used to diagnose the depositional conditions or age of the petroleum especially when the potential source rocks could have not be collected. * In this study, a suit of sourceand age-related biomarkers were discovered by GC-MS and GC-MS-MS from the marine oils of Oriente Basin. In addition, the potential source rocks were tentatively distinguished.",""
"Petroleum Biodegradation Effects on Polar Acidic Compounds and Correlation with Their Corresponded Hydrocarbon Fractions","https://scispace.com/paper/petroleum-biodegradation-effects-on-polar-acidic-compounds-mmu2vb10tg","2015","Journal Article","Energy & Fuels","Célio F. F. Angolini
Ramsés Capilla
Anita J. Marsaioli","10.1021/ACS.ENERGYFUELS.5B01116","","A set of five oil samples from the same source rock, classified at different levels of biodegradation, was evaluated by high-resolution mass spectrometry (Orbitrap). O-containing acidic compounds from the acidic oil fractions were characterized by determining their molecular formulas. The effects of biodegradation were detected in all O classes and were consistent with the biodegradation of neutral compounds. Additionally, we found a slightly biodegraded sample that contained acidic compounds, biomarkers of a highly biodegraded sample. These results led us to propose a scale of biodegradation using acidic compounds, particularly those containing two oxygen atoms (carboxylic acids).","A scale of biodegradation using acidic compounds, particularly those containing two oxygen atoms (carboxylic acids), is proposed."
"Characteristics of bound biomarkers released from pyrobitumens generated from the cracking of different types of crude oils","https://scispace.com/paper/characteristics-of-bound-biomarkers-released-from-30c5pe13y8","2023","Journal Article","Organic Geochemistry","Liangliang Wu
Ansong Geng
Yun Li
Wen-bing Jiang
Bin Cheng
Shufen Liu","10.1016/j.orggeochem.2023.104701","","Pyrobitumen has attracted significant attention from petroleum geologists and geochemists due to its close relationship with crude oil and natural gas. Generally, the analysis of free biomarkers in pyrobitumen is of limited use, because these biomarkers can be easily modified by biodegradation and thermal alteration. The utilization of bound biomarkers in pyrobitumen appears to be a viable solution to address these issues. However, the compositions and concentrations of bound biomarker moieties in pyrobitumen can also be influenced by external factors such as thermal stress during its formation and the original abundance of asphaltenes in oil. The goal of this study is to examine the evolutionary history of free and bound biomarkers during the formation process of pyrobitumen from different types of crude oil. This is beneficial for the interpretation of covalently bound biomarkers released from natural pyrobitumens in applications such as oil/gas–solid bitumen-source correlation and oil/gas migration studies. Anhydrous and hydrous pyrolysis experiments were conducted on three types of crude oil (condensate, black oil, and heavy oil) to simulate the formation process of pyrobitumen. The comparison of free biomarkers in the liquid residuals of the oil pyrolysis and the bound biomarkers released by the hydropyrolysis of the corresponding pyrobitumen products indicated that the differences between free and bound biomarkers vary with the types of original oils. At elevated thermal maturity (Easy %Ro ≥ ca. 1.0%), the higher the absolute abundance of the asphaltene fraction within a particular oil, the greater the similarity between the distribution of bound biomarkers (especially for steroids) released from pyrobitumen and the corresponding original oil. Thus, the use of pyrobitumen-bound biomarkers formed by heavy oil (asphaltene-rich) can obtain relatively accurate biogenic information on paleo-reservoirs. However, caution should be exercised when employing pyrobitumen-bound biomarkers in paleo-reservoirs formed by light oil (asphaltene-depleted). ","This study examines the characteristics of bound biomarkers released from pyrobitumens generated from different crude oils, revealing varying differences between free and bound biomarkers and implications for oil/gas-source correlation and migration studies."
"Weathering of Petroleum Biomarkers: Review in Tropical Marine Environment Impacts","https://scispace.com/paper/weathering-of-petroleum-biomarkers-review-in-tropical-marine-4166js0kzl","2014","Journal Article","Open Access Library Journal","Claudia Yolanda Reyes
Iacutecaro T. A. Moreira
Daiane Aparecida Francisco de Oliveira
Naijane da Costa Medeiros
Marcos Almeida
Fernanda Wandega
Sarah A. R. Soares
Ol iacutevia M. C. de Oliveira","10.4236/OALIB.1101004","https://repositorio.ufba.br/ri/bitstream/ri/28646/1/OALibJ_2016032411102546.pdf","Weathering of biomarkers is a physical, geochemical and biological process that alters the oil components Whether in petroleum geochemistry or environmental impact studies, knowledge of mechanisms, residence times and chemical intermediates is essential to describe the scientific and technical bases of oil deterioration This report attempts to review the concepts of oil weathering and its biomarkers specifically, in order to inform studies related to the impact of spills in marine environments","This report attempts to review the concepts of oil weathering and its biomarkers specifically, in order to inform studies related to the impact of spills in marine environments."
"Natural Processes Of Petroleum Biodegradation In Reservoirs [processos Naturais De Biodegradação Do Petróleo Em Reservatórios]","https://scispace.com/paper/natural-processes-of-petroleum-biodegradation-in-reservoirs-14sg4tgqyp","2012","Journal Article","Scopus","G F Da Cruz
Anita J. Marsaioli","","","Petroleum biodegradation in reservoirs is a process caused by different microorganisms affecting many oil deposits which modifies the oil composition in a quasi-stepwise process starting from n-alkanes and isoprenoids through to diasteranes. This causes oil souring and increased viscosity, sulfur and metal content, having a direct impact on oil production and refining costs.","Petroleum biodegradation in reservoirs is a process caused by different microorganisms affecting many oil deposits which modifies the oil composition in a quasi-stepwise process starting from n-alkanes and isoprenoids through to diasteranes."
"Quantification of compositional changes of petroleum hydrocarbons by GC/FID and GC/MS during a long-term bioremediation experiment","https://scispace.com/paper/quantification-of-compositional-changes-of-petroleum-2wjyh1tjfc","2000","Journal Article","Soil & Sediment Contamination","Trine S. Jensen
Erik Arvin
Bo Svensmark
Per Wrang","10.1080/10588330091134400","","Samples from a long-term bioremediation experiment contaminated with two crude oils, Arabian Heavy and Gullfax, was used to analyze the compositional change of petroleum hydrocarbons. A time course of five different homologous series of petroleum hydrocarbons were analysed by GC/FID and GC/MS. The homologous series were n-alkanes, acyclic isoprenoids, alkylated naphthalenes, alkylated phenanthrenes, and alkylated dibenzothiophenes. Several biomarker compounds were monitored during the experiment to evaluate the possible use as conserved reference compounds for the quantification of other oil compounds, that is, nor-hopanes, hopanes, methyl-hopanes, steranes, mono- og triaromatic steranes. The 17α(H),21β(H)-hopane was found to be stable toward biodegradation and was used as reference compound. The internal standard quantification method was used to quantify changes of the homologous series of oil compounds, and a graphic presentation was used to compare the decrease of the individual compounds. This was fo...","In this article, a long-term bioremediation experiment contaminated with two crude oils, Arabian Heavy and Gullfax, was used to analyze the compositional change of petroleum hydrocarbons."
"Biodegradation of oil hydrocarbons and its implications for source identification","https://scispace.com/paper/biodegradation-of-oil-hydrocarbons-and-its-implications-for-3xy5toj9d7","2016","Book Chapter","","Roger C. Prince
Clifford C. Walters","10.1016/B978-0-12-803832-1.00019-2","","Biodegradation puts a major impact on the composition of petroleum products and crude oils. This chapter discusses the fundamentals of hydrocarbon biodegradation, especially of liquid fossil fuels, and attempts to bring together the conclusions from two rather disparate areas of research. One is from the community of microbiologists and environmental scientists studying biodegradation in the laboratory and the field. The other is from the community of geochemists studying petroleum in reservoirs. Significant routes for hydrocarbons to leave the biosphere are combustion and photochemical oxidation. Photo oxidation is a very important process in the atmosphere, and while it does convert aromatic compounds in slicks to oxygenated species, it accounts for relatively little loss of nonvolatile hydrocarbons. Oxygen is both an essential reactant in the initial activation of hydrocarbons under aerobic conditions and the terminal electron acceptor for microbial growth. Most natural petroleum contains only trace amounts of alkenes. A few crude oils contain minor amounts from radiolysis, but alkenes can be quite abundant in refined products such as gasoline.","The authors discusses the fundamentals of hydrocarbon biodegradation, especially of liquid fossil fuels, and attempts to bring together the conclusions from two rather disparate areas of research: microbiologists and environmental scientists studying biodegradability in the laboratory and the field."
"Identification of crude oils and fuel oils after weathering using biomarkers, pyrogenic index and asphaltenes contents","https://scispace.com/paper/identification-of-crude-oils-and-fuel-oils-after-weathering-4wx6djwa3t","","Journal Article","","H. Thongkorn","10.58837/chula.the.2018.408","","Oil spills have become a global problem. This is one of the serious problems in marine environment. The spills are generally from reservoir zipping, accident or unauthorized drainage. Typically, the spilled oils are fuel oils or crude oils which are difficult to differentiate. After oil spill incident, oils are undergone weathering processes such as evaporation, dissolution, and biodegradation etc., which are main factor of depleting hydrocarbon. This work focuses on the distribution of hydrocarbon and diagnostic ratio of polycyclic aromatic hydrocarbons such as pristane, phytane, phenanthrene, pyrene, chrysene and biomarker in hopane group after weathering processes. Moreover, measuring of Al, Si and asphaltenes contents also study in this research. Five crude oils and four fuel oils were weathered in the sea water for 60 days. All samples were characterized by GC-FID and GCxGC-TOFMS followed NORDTEST methodology. Moreover, all samples were measured for asphaltenes contents and Al, Si contents in order to differentiate the types of oil. The result from weathering simulation showed that weathering had significantly affected the distribution of n-alkanes and generally used diagnostic ratio (pristane/phytane) including Al and Si contents changed seriously. However, pyrogenic index and asphaltenes contents can be used as indicators to differentiate fuel oils and crude oils since both of them are strong anti-weathering.","Oil spill identification after weathering using biomarkers, pyrogenic index and asphaltenes contents is a research study that focuses on the distribution of hydrocarbon and diagnostic ratio of polycyclic aromatic hydrocarbons such as pristane, phytane, phenanthrene, pyrene, chrysene and biomarker in hopane group after weathering processes."
"Ruthenium-ions-catalyzed Oxidation of the Asphaltenes of Oils and Oil-Source Correlation in the Tarim Basin","https://scispace.com/paper/ruthenium-ions-catalyzed-oxidation-of-the-asphaltenes-of-0r77n1no2spz","","","","马安来
张水昌
张大江
卢桂军","10.3321/j.issn:1000-0747.2004.03.014","","The asphaltenes in oils from the Lunnan, Tahe, Hadexun Oilfields and well TD2 were studied by Ruthenium-ions-catalyzed oxidation. The asphaltene RICO products include n-alkan acids, di-n-alkan acids, branched alkan acids, tricyclic terpan acids, hopanoic acids, steran acids and 4-methyl steran acids. The n-alkyl chain and the biomarker bounded on the asphaltene are uneasily to be biodegraded. The biomarker bounded on the asphaltene, especially sterane has similar distribution with that of the counterparts in saturated hydrocarbon. The asphaltene RICO indicates that the Middle and Upper Ordovician may be the main source rocks of the oils in Lunnan, Tahe and Hadexun Oilfields. The method of asphaltene RICO provides a new pathway for correlation of heavily biodegraded oil-source.","Ruthenium-ions-catalyzed oxidation of asphaltenes from Tarim Basin oils reveals n-alkan acids, biomarkers, and steranes, indicating Middle-Upper Ordovician source rocks and a new pathway for correlating heavily biodegraded oils."
"The effects of biodegradation on the compositions of aromatic hydrocarbons and maturity indicators in biodegraded oils from Liaohe Basin","https://scispace.com/paper/the-effects-of-biodegradation-on-the-compositions-of-5aqlvzfiyl","2009","Journal Article","Science in China Series D: Earth Sciences","JianPing Bao
CuiShan Zhu","10.1007/S11430-009-5017-5","","By the aid of GC-MS technique, a series of sequentially biodegraded oils from Liaohe Basin have been analyzed. The results show that the concentrations and relative compositions of various aromatic compounds in the biodegraded crude oils will change with increasing biodegradation degree. The concentrations of alkyl naphthalenes, alkyl phenanthrenes, alkyl dibenzothiophene are decreased, and the concentration of triaromatic steroids will increase with increasing biodegradation degree in biodegraded oils. Those phenomena indicate that various aromatic compounds are more easily biodegraded by bacteria like other kinds of hydrocarbons such as alkanes, but different series of aromatic compounds have a varied ability to resistant to biodegradation. The ratios of dibenzothiophene to phenenthrene (DBTH/P) and methyl dibenzothiophene to methyl phenanthrene (MDBTH/MP) are related to the features of depositional environment for source rocks such as redox and ancient salinity. However, in biodegraded oils, the two ratios increase quickly with the increase of the biodegradation degree, indicating that they have lost their geochemical significance. In this case, they could not be used to evaluate the features of depositional environment. Methyl phenanthrene index, methyl phenanthrene ratio and methyl dibenzoyhiophene ratio are useful aromatic maturity indicators for the crude oils and the source rocks without vitrinite. But for biodegraded oils, those aromatic maturity indicators will be affected by biodegradation and decrease with the increase of the biodegradation degree. Therefore, those aromatic molecular maturity indicators could not be used for biodegraded oils.","In this paper, a series of sequentially biodegraded oils from Liaohe Basin have been analyzed by the aid of GC-MS technique, and the results show that the concentrations and relative compositions of various aromatic compounds in the biode upgraded crude oils will change with increasing biodegradation degree."
"Geochemical characteristics of biodegraded crude oil and their significances","https://scispace.com/paper/geochemical-characteristics-of-biodegraded-crude-oil-and-yj65ggxumycr","","","","DUAN Chuan-li
CHEN Jian-fa","10.3969/j.issn.1672-1926.2007.02.023","","The mechanisms of the microbial degradation of crude oil are aerobic and anaerobic biodegradations.The degradation of crude oils in laboratories usually takes place in the presence of oxygen.Anaerobic biodegradation cannot be absolutely simulated in laboratories because of its slow degradation rate.The temperature is a main factor controlling the biodegradation.The laboratory biodegradation effect is the best under about 40℃.After the microbial degradation in laboratory,the crude oil samples have lower saturated hydrocarbon,and higher aromatic hydrocarbon,nonhydrocarbon and asphaltene.Asphaltene is not susceptible to biodegradation and its pyrolysis product and the Ruthenium ion catalyed oxidation product have important role in the oil-oil correlation and oil source correlation for the biodegraded oil.","This study investigates the geochemical characteristics of biodegraded crude oil, revealing that microbial degradation affects hydrocarbon composition, with temperature being a key factor, and asphaltene being resistant to biodegradation, influencing oil-oil and oil-source correlations."
"An examination by GC×GC-TOFMS of organic molecules present in highly degraded oils emerging from Caribbean terrestrial seeps of Cretaceous age","https://scispace.com/paper/an-examination-by-gc-gc-tofms-of-organic-molecules-present-3k6y3sskvx","2019","Journal Article","Geoscience frontiers","Alan G. Scarlett
Ana Ibis Despaigne-Diaz
Simon A. Wilde
Kliti Grice","10.1016/J.GSF.2018.03.011","","For our ancestors, oil seeps were both a fascination and a resource but as the planet's reserves of high quality low density oil becomes increasingly depleted, so there is now a renewed interest in heavier, biodegraded oils such as those encountered in terrestrial seeps. One such seep is Pitch Lake in the Caribbean island of Trinidad, which is the largest natural deposit of asphalt in the world. At the northern end of the Caribbean, oil emerges along a tectonic contact on the island on Cuba. The sources of the oils from these seeps are relatively recent and both are subject to intense weathering due to the tropical conditions. When analysed by gas chromatography (GC) both oils appear as unresolved complex mixtures (UCM) and show a very high degree of biodegradation thus presenting an analytical challenge. In this case study, these two Caribbean seep oils were analysed by comprehensive two dimensional GC with time of flight mass spectrometry (GC×GC-TOFMS) to expose many thousands of the individual compounds that comprise the UCM. The high chromatographic resolution of the GC×GC-TOFMS produced good quality mass spectra allowing many compounds including molecular fossil ‘biomarkers’ to be identified. Compound classes included diamondoid hydrocarbons, demethylated hopanes and seco -hopanes, mono- and tri-aromatic steroids. D-ring aromatised structures of the 8,14- seco -hopanes, including demethylated forms were present in both oils but further demethylation, probably at position C-25 during biodegradation, was only observed in the Pitch Lake oil. Many polycyclic aromatic hydrocarbons (PAHs) were absent although the fungal-derived pentacyclic PAH perylene was present in both oils. The presence of the angiosperm biomarker lupane in the Pitch Lake oil constrained the age to the Late Cretaceous. The higher degree of biodegradation observed in the Cuban oil was likely due to relatively slow anaerobic processes whereas oil within Pitch Lake was probably subject to additional more rapid aerobic metabolism within the lake.","In this article, two Caribbean seep oils were analysed by comprehensive two dimensional GC with time of flight mass spectrometry (GC×GC-TOFMS) to expose many thousands of individual compounds that comprise the UCM."
"Multiple Controls on Petroleum Biodegradation and Impact on Oil Quality","https://scispace.com/paper/multiple-controls-on-petroleum-biodegradation-and-impact-on-5c4hhmvlxb","2002","Journal Article","Spe Reservoir Evaluation & Engineering","Lloyd M. Wenger
Cara L. Davis
Gary H. Isaksen","10.2118/80168-PA","","Biodegradation of oils in nature is important in reservoirs cooler than approximately 80°C. Oils from shallower, cooler reservoirs tend to be progressively more biodegraded than those in deeper, hotter reservoirs. Increasing levels of biodegradation generally cause a decline in oil quality, diminishing the producibility and value of the oil as API gravity and distillate yields decrease; in addition, viscosity, sulfur, asphaltene, metals, vacuum residua, and total acid numbers increase. For a specific hydrocarbon system (similar source type and level of maturity), general trends exist for oil-quality parameters vs. present-day reservoir temperatures of <80°C. However, other controls on biodegradation may also have significant effects, making predrill prediction of oil quality difficult in some areas. It has long been observed that fresh, oxygenated waters in contact with reservoir oil can cause extensive aerobic biodegradation. More recently, it has been recognized that anaerobic sulfatereducing and fermenting bacteria also can degrade petroleum. Highly saline formation waters may inhibit bacterial degradation and effectively shield oils from oil-quality deterioration. The timing of hydrocarbon charge(s) and the post-charge temperature history of the reservoir can have major effects on oil quality. Reservoirs undergoing current charging with hydrocarbons may overwhelm the ability of bacteria to degrade the oil, resulting in better-than-anticipated oil quality. Fresh charge to reservoirs containing previously degraded oil will upgrade oil quality. Calibrated methods of oil-quality risking, based on a detailed evaluation of reservoir charge and temperature history and local controls on biodegradation, need to be developed on a play and prospect basis.","For a specific hydrocarbon system (similar source type and level of maturity), general trends exist for oil-quality parameters vs. present-day reservoir temperatures of <80°C as mentioned in this paper."
"Assessing Biodegradation of Brazilian Crude Oils via Characteristic Profiles of O1 and O2 Compound Classes: Petroleomics by Negative-Ion Mode Electrospray Ionization Fourier Transform Ion Cyclotron Resonance Mass Spectrometry","https://scispace.com/paper/assessing-biodegradation-of-brazilian-crude-oils-via-po7rfnk1tl","2017","Journal Article","Energy & Fuels","Laercio Lopes Martins
Marcos A. Pudenzi
Georgiana Feitosa da Cruz
Heliara D. Lopes Nascimento
Marcos N. Eberlin","10.1021/ACS.ENERGYFUELS.7B00109","","Profiles for polar heteroatom compounds were obtained via Fourier transform ion cyclotron resonance mass spectrometry (FT-ICR MS) using electrospray ionization (ESI) in negative-ion mode for a set of 30 Brazilian oil samples from distinct sedimentary basins and used to estimate biodegradation extents. The samples were initially subjected to traditional geochemical biodegradation analysis to classify them in term of biodegradation levels as based on the Peters and Moldowan scale (PM scale). When the profiles were correlated with the PM scale, it was found that the O1, N, NO2, NO3, and N3O2 classes decrease, whereas the O2, O3, and O4 classes increase in relative abundance with biodegradation. The acyclic to cyclic acids (A/C) ratio of the O2 class, mainly composed of naphthenic acids, provided a robust parameter to classify biodegradation levels of Brazilian oils. A modified saturated acid (SA) index was also used to classify biodegradation levels. For the O1 class, two new monoaromatic (MA) indexes were p...","In this paper, Fourier transform ion cyclotron resonance mass spectrometry (FT-ICR MS) using electrospray ionization (ESI) in negative-ion mode was used to estimate biodegradation extents."
"Biomarker Molecular Indicators Predict Biodegraded Heavy Oil Physical Properties: A Case from Dongying Depression, Eastern China","https://scispace.com/paper/biomarker-molecular-indicators-predict-biodegraded-heavy-oil-4z5sgev0ja","2012","Journal Article","Advanced Materials Research","Zhong Hong Chen","10.4028/WWW.SCIENTIFIC.NET/AMR.524-527.2069","","To determine reliable molecular thermal maturity parameters for prediction of the physical properties of biodegraded oils, a suite of oils including 11 biodegraded oils from Caoqiao oilfield and 5 non-biodegraded oils from Wangjiagang oilfield in Dongying depression in Bohai-bay basin, eastern of China were analyzed. The oils were selected in a wide range of viscosity in order to investigate the relation between the parameters and oil properties. The data show the effects of biodegradation on some molecular thermal maturity parameters: C29 sterane parameters C2920S/(20S+20R) and C29ββ/(ββ+αα) increased apparently under heavy biodegradation (rank 6~7); parameters C3122S/(22S+22R), C3222S/(22S+22R), C293-methyl/C29 4-methyl, (C28+C29Tricyclics)/Ts and (C28+C29Tricyclics)/ (C28+C29Tricyclics +Ts) showed effects from heavy biodegradation (rank 6~7), and terpanes parameters Ts/(Ts+Tm), C29Ts/(C29Ts+C29Tm) and aromatic C20/(C28+C20), (C20+C21)/(C20+C21+C26+C27+C28) and D(3-6)/(D3-6+ C29 4-methylstigmastane 20R showed no effect from heavy biodegradation. Based on the comparison, the molecular maturity parameters C26 to C28 triaromatic parameters C26S/ (C26S+C28S), C27R/(C27R+C28R), C28/(C26+C27+C28) and tricyclic terpanes parameters C19/(C19+C23) were recommended to predict the physical properties of biodegraded oil for these parameters showed no effects from biodegradation(rank 6~7) and better relations with oil physical properties compared to other parameters. Some quantificational equations between these molecular thermal maturity parameters and the physical properties of biodegraded oils were inferred, which may assist in predicting the viscosity and API gravity of reservoired oils before production.","Some quantificational equations between these molecular thermal maturity parameters and the physical properties of biodegraded oils were inferred, which may assist in predicting the viscosity and API gravity of reservoired oils before production."
"Multiple Controls on Petroleum Biodegradation and Impact on Oil Quality","https://scispace.com/paper/multiple-controls-on-petroleum-biodegradation-and-impact-on-4jeh5dwt9c","2001","Proceedings Article","","Lloyd M. Wenger
Cara L. Davis
Gary H. Isaksen","10.2118/71450-MS","https://scispace.com/pdf/multiple-controls-on-petroleum-biodegradation-and-impact-on-4jeh5dwt9c.pdf","Biodegradation of oils in nature is important in reservoirs cooler than approximately 80°C. Oils from shallower, cooler reservoirs tend to be progressively more biodegraded than those in deeper, hotter reservoirs. Increasing levels of biodegradation generally cause a decline in oil quality, diminishing the producibility and value of the oil as API gravity and distillate yields decrease; in addition, viscosity, sulfur, asphaltene, metals, vacuum residua, and total acid numbers increase. For a specific hydrocarbon system (similar source type and level of maturity), general trends exist for oil-quality parameters vs. present-day reservoir temperatures of <80°C. However, other controls on biodegradation may also have significant effects, making predrill prediction of oil quality difficult in some areas. It has long been observed that fresh, oxygenated waters in contact with reservoir oil can cause extensive aerobic biodegradation. More recently, it has been recognized that anaerobic sulfatereducing and fermenting bacteria also can degrade petroleum. Highly saline formation waters may inhibit bacterial degradation and effectively shield oils from oil-quality deterioration. The timing of hydrocarbon charge(s) and the post-charge temperature history of the reservoir can have major effects on oil quality. Reservoirs undergoing current charging with hydrocarbons may overwhelm the ability of bacteria to degrade the oil, resulting in better-than-anticipated oil quality. Fresh charge to reservoirs containing previously degraded oil will upgrade oil quality. Calibrated methods of oil-quality risking, based on a detailed evaluation of reservoir charge and temperature history and local controls on biodegradation, need to be developed on a play and prospect basis.","For a specific hydrocarbon system (similar source type and level of maturity), general trends exist for oil-quality parameters vs. present-day reservoir temperatures of <80°C."
"Biodegradation of Hopanes, Steranes and Tricyclic Terpanes in Heavy Oils","https://scispace.com/paper/biodegradation-of-hopanes-steranes-and-tricyclic-terpanes-in-5bo8ccnlcq","2018","Book Chapter","","Yang Li
Xiangchun Chang
Jinliang Zhang
Youde Xu","10.1007/978-3-030-01578-7_39","","Nine heavy oils were analyzed to investigate the biodegradation of biomarkers. According to the characteristics of the presence of a fully developed series of 25-norhopanes and to the conspicuous depletion of hopanes, regular steranes and even tricyclic terpanes, the level of biodegradation of the samples were determined as ranging from PM 6 to PM 9. Among the samples, hopanes and regular steranes were biodegraded severely and the depletion of hopanes and of regular steranes increased with the increase of the biodegradation level. When the level of biodegradation reaches PM 8, the biodegradation of tricyclic terpanes begins. With the increase of biodegradation, the C21–22 steranes and diasteranes remain unaffected under the biodegradation level of PM 8, indicating that they can be used as conserved “internal standards” to evaluate the biodegradation of hopanes, regular steranes and tricyclic terpanes. However, the C21–22 steranes and diasteranes are degraded when the biodegradation level is over PM 9. Among the C19–26 tricyclic terpanes family, C23 and C21 tricyclic terpanes are the most readily degraded members, followed by C20 tricyclic terpane, while the C19, C22 and C24–26 tricyclic terpanes seem more resistant to biodegradation.","Nine heavy oils were analyzed to investigate the biodegradation of biomarkers and the depletion of hopanes and of regular steranes increased with the increase of theBiodegradation level, indicating that the C21–22 steranes and diasteranes can be used as conserved “internal standards” to evaluate the biodesgradation of hopane, regular sterane and tricyclic terpanes."
"Caracterização geoquímica de petróleo por cromatografia bidimensional abrangente e análise multivariada de dados","https://scispace.com/paper/caracterizacao-geoquimica-de-petroleo-por-cromatografia-5zgljiei18","2016","","","Paloma Santana Prata","","http://repositorio.unicamp.br/jspui/bitstream/REPOSIP/321678/1/Prata_PalomaSantana_D.pdf","The geochemical characterization of petroleum is an essential task to develop new strategies and technologies when analyzing the commercial potential of crude oils for exploitation. Due to the chemical complexity of these natutal energy surce, the use of modern analytical techniques along with multivariate exploratory data analysis approaches are required to obtnaid simplified analysis procedure – which traditionally is based on the determination of biomarkers compounds associated with relevant geochemical characteristics about the oils. This work was divided intro tree chapters; the main objective of the first chaptes was to extract important geochemical information (biodegradation indicators, paleoenvironment and maturity indicators) obtained from saturated fraction of sample oils from different production basins by conventional methodology (GC-MS and GC-MS/MS) through the analysis, identification and calculation of parameters based on biomarkers families. In the second part of this study, after optimization of the best working conditions of oil by comprehensive two-dimensional gas chromatography coupled to quadrupole mass spectrometry (GC×GC-QMS) along with a simplified prior treatment, the maltene fraction of the oils were analizated by GC×GC-QMS, and chromatographic data treatment was performated by multiway principal component analysis (MPCA). The results showed that four PC explained 93.57% of the data variance, expressing mainly the differences on the profiles of the saturated hydrocarbon fraction of the oils (C13C18 and C19C30 n-alkanes and the pristane/phytane ratio). The PC1 grouped the samples of severely biodegraded oils, while the type of the depositional paleoenvironments of the oils and its oxidation conditions (as well as their thermal maturity) could be inferred analysing others relevant MPC. Additionally, considerations about the source of the oil samples was also possible based on the overall distribution of relevant biomarkers such as the phenanthrene derivatives, tri-, tetraand pentacyclic terpanes. Finaly, in Chapter III it was performed a comparison of conventional (GC-MS and GC-MS/MS) and GC×GC-QMS + MPCA methods for oil analysis. It can be concluded that this approach could aid the geochemical chracterization of oils to generate simple and fast information about biodegradation, paleoenvironment and maturity of petroleum. Key-words: Petroleum, Biomarkers, GC×GC-QMS, MPCA.","In this article, the main objective of the first chaptes was to extract important geochemical information (biodegradation indicators, paleoenvironment and maturity indicators) obtained from saturated fraction of sample oils from different production basins by conventional methodology (GC-MS and GC-MS/MS) through the analysis, identification and calculation of parameters based on biomarkers families."
"Viscosity Prediction of Heavy Oil from the Liaohe Basin Using Biomarker Parameters","https://scispace.com/paper/viscosity-prediction-of-heavy-oil-from-the-liaohe-basin-1130qzhg79","2014","Journal Article","Petroleum Science and Technology","J. J. Hu
X. T. Zhang
Q. Yu
Z. Huang
Q. Xiao
H. J. Zhao","10.1080/10916466.2011.637535","","A set of correlations was proposed to predict the viscosities of heavy oils from Leng 43/37 blocks (Liaohe Basin) using some biomarker parameters. Geochemical analysis showed that the heavy oils in this study main suffered from different degrees of biodegradation. With increasing biodegradation, the viscosities of crude oils have strong correlations with the following four biomarker biodegradation parameters: (Pr + Ph)/(nC17 + nC18), (nC17 + nC18)/C30H, nC17 + nC18 + Pr + Ph (mg/g), ∑(nC11 − nC36) (mg/g); the correlation coefficients were 0.96, 0.94, 0.93, and 0.94, respectively. Moreover, for convenience, we ranked the extent of biodegradation as nonbiodegraded and lightly, moderately, heavily, and severely biodegraded. The accuracy and applicable biodegradation scale range of these correlations are discussed. The viscosities obtained from the correlations could be used in designing biodegraded heavy oil production projects.","A set of correlations was proposed to predict the viscosities of heavy oils from Leng 43/37 blocks (Liaohe Basin) using some biomarker parameters and the extent of biodegradation was ranked as nonbiodegraded and lightly, moderately, heavily, and severely biodegraded."
"An approach to the application of biomarkers to he migration of crude oil in tahe oil district of the tarim basin","https://scispace.com/paper/an-approach-to-the-application-of-biomarkers-to-he-migration-ebdk2s459pn4","","","","黄继文","10.3969/j.issn.1001-6112.2003.z1.010","","The maturity of the Ordovician crude oil in Tahe oil district is high, and is strongly affected by biodegradation. Different biomarker maturity parameters can only used as rods in the different periods of crude oil generation from organic matter. It is needed to select indexes not only having good resistance to biodegradation but also being fit for wider maturity ranges in order to study the possible pathways of hydrocarbon migration in Tahe oil district. The ratios of tricyclic terpane to 17α(H)-hopane, rearrangement sterane to regular sterane and Ts/(Ts+Tm)are biomarkers fitter for the special crude oil in Tahe oil district. The studies revealed that there were two injection pathways of hydrocarbon for the Ordovician crude oil. In the early stage, the hydrocarbon migrated from south to north, and had relatively low maturity and accumulated earlier. In the late stage, the hydrocarbon migrated from east to west, and had higher maturity than the early stage and accumulated later.","This study applies biomarkers to investigate crude oil migration in Tahe oil district, Tarim Basin, identifying two hydrocarbon injection pathways with distinct maturity levels and accumulation stages, influenced by biodegradation and organic matter generation."
"Analysis of biomarkers in crude oils, processed oils, and spilled oils","https://scispace.com/paper/analysis-of-biomarkers-in-crude-oils-processed-oils-and-5f4mo0i83h","","Journal Article","","Pornpetch Hattakijvilai","10.58837/chula.the.2017.430","","Oil spills in marine are commonly come from crude oils, fuel oils and lubricating oils by accidental leakages or purposeful discharges to the surroundings. As crude oil and fuel oil which refined from the heavy fraction of crude oil have similar physical properties especially if they were weathering, it is difficult to differentiate that the spill has the origin from crude oil or fuel oil. In this study, five crude oils, two fuel oils, one fresh and one used lube oil that are typically used in Thailand were investigated. All crude oils, fuel oils, and used lube oil were weathered in the sea water. All samples were characterized using GC-FID and GCxGC TOFMS. The attention of this work is focused on the distribution pattern of polycyclic aromatic hydrocarbons (PAHs) such as phenanthrenes (P), anthracenes (A), dibenzothiophenes (D) and their alkylation, and biomarkers in hopanes group. The statistic method was applied to distinguish crude oils, fuel oils and lube oil. The results from GC-FID showed a useful basis information of hydrocarbon in oils which could distinguish lube oil from other oil type due to the huge unresolved complex mixture (UCM). The distribution patterns of methyl-phenanthrenes (MP) and methyl-anthracenes (MA) were different in most crude oils and processed oils. The double ratio plots of MP and MA showed the most positive method to differentiate two refined products and crude oils. The results from weathering simulation showed that biomarkers were high degradation-resistant, however, hopanes distribution patterns were different between fuel oils and their crude oil feedstocks. In addition, the distribution pattern of hopanes biomarker in fresh or unused lube oil and used lube oil were dissimilar as they were generated or degraded during the combustion in the engine.","Analysis of biomarkers in oils for oil spill identification and weathering simulation. The study investigated the distribution patterns of polycyclic aromatic hydrocarbons (PAHs) such as phenanthrenes (P), anthracenes (A), dibenzothiophenes (D) and their alkylation, and biomarkers in hopanes group in crude oils, processed oils, and spilled oils. The results showed that biomarkers were high degradation-resistant, however, hopanes distribution patterns were different between fuel oils and their crude oil feedstocks."
"An approach to the application of biomarkers to the migration of crude oil in tahe oil district of the tarim basin","https://scispace.com/paper/an-approach-to-the-application-of-biomarkers-to-the-3smtnpi14g","2003","Journal Article","Petroleum Geology & Expeximent","Huang Ji-wen","","","The maturity of the Ordovician crude oil in Tahe oil district is high, and is strongly affected by biodegradation. Different biomarker maturity parameters can only used as rods in the different periods of crude oil generation from organic matter. It is needed to select indexes not only having good resistance to biodegradation but also being fit for wider maturity ranges in order to study the possible pathways of hydrocarbon migration in Tahe oil district. The ratios of tricyclic terpane to 17α(H)-hopane, rearrangement sterane to regular sterane and Ts/(Ts+Tm)are biomarkers fitter for the special crude oil in Tahe oil district. The studies revealed that there were two injection pathways of hydrocarbon for the Ordovician crude oil. In the early stage, the hydrocarbon migrated from south to north, and had relatively low maturity and accumulated earlier. In the late stage, the hydrocarbon migrated from east to west, and had higher maturity than the early stage and accumulated later.","In this paper, the ratios of tricyclic terpane to 17α(H)-hopane, rearrangement sterane to regular sterane and Ts/(Ts+Tm) are biomarkers fitter for the Ordovician crude oil in Tahe oil district."
"Effects of biodegradation on diamondoid distribution in crude oils from the Bongor Basin, Chad","https://scispace.com/paper/effects-of-biodegradation-on-diamondoid-distribution-in-217iudnyh5","2023","Journal Article","Energy geoscience","Huanxin Song
Lirong Dou
Dingsheng Cheng
Zhigang Wen","10.1016/j.engeos.2023.100260","","The sensitivity of biodegradation on diamondoids was investigated using a series of biodegraded oil samples from the Ronier tectonic unit of Bongor Basin, Chad. The results suggest that diamondoids, including adamantanes (As) and diamantanes (Ds), are relatively resistant to biodegradation and obvious biodegradation was observed in oils with a Peters-Moldowan (PM) biodegradation rank of 6 or more. Overall, the sensibility of biodegradation on diamondoids is generally similar to hopanes and regular steranes. As biodegradation evolves, the changes in concentration and components of diamondoids show that the biodegradation process is selective and stepwise. The significant increase of MD/MA and DMD/DMA for oils with a PM ranking 6+ indicates that diamantanes are generally more resistant to biodegradation than adamantanes. The similar trends of DMA/MA, EA/MA, MD/D, DMD/MD and other relevant indexes, show that higher alkylation homologues are more resistant to biodegradation. The commonly used diamondoid ratios, such as MAI, EAI, MDI and DMID-1, are obviously affected by biodegradation at the stage of high-level biodegradation, which may indicate that these ratios should be used with caution in case of severely degraded oils. ","Biodegradation of crude oils from the Bongor Basin, Chad, shows diamondoids, particularly adamantanes, are relatively resistant, but diamantanes are more resistant, and commonly used diamondoid ratios are affected at high biodegradation levels."
"Bioremediation effects on steranes: Examples from the Exxon Valdez oil spill","https://scispace.com/paper/bioremediation-effects-on-steranes-examples-from-the-exxon-10dcc5ndjc","1996","","","J.M. Moldowan
A. Ekuan
J. Dahl","","","Six samples of severely biodegraded oil residues were selected from a survey of 91 oil residues and tars in the area of Prince William Sound, Alaska. These samples were collected over a period from 1990 to 1994 following the 1989 spill of North Slope crude oil from the supertanker Exxon Valdez (EV). The six samples were among 28 that were shown to have been residues of the EV spill by carbon isotopes and biomarkers. These samples had correlating trends in the depletion of their C{sub 27} steranes, diasteranes and monoaromatic steroids compared with the sum of C{sub 27} + C{sub 28} + C{sub 29} homologues of these steroids, respectively. They also showed relative depletion of C{sub 26} triaromatic steroids compared with the C{sub 27} + C{sub 28} homologues. Losses of diasteranes, monoaromatic and triaromatic steroids prior to extensive depletion of the entire suite of steranes and hopanes have not been observed in reservoired biodegraded oils or seep oils, but have been observed in the analysis of land-farmed refinery wastes. These data suggest an operative mechanism during bioremediation at the surface, in which the sterane side-chain structure is the primary factor influencing relative steroid biodegradation rates, rather than the structure ofmore » the steroid ring system.« less","In this paper, a survey of 91 oil residues and tars in the area of Prince William Sound, Alaska were collected over a period from 1990 to 1994 following the 1989 spill of North Slope crude oil from the supertanker Exxon Valdez (EV)."
"Biodegradation characteristics of heavy oil and correlation with group composition and carbon isotopes","https://scispace.com/paper/biodegradation-characteristics-of-heavy-oil-and-correlation-23ys9wedj0","2017","Journal Article","Petroleum Science and Technology","Wu Yinghao
Zhai Linxiu
Shouyu Xu
Han Zhuo
Xin Yuan
Wu Jinxi
Zhaohui Wu","10.1080/10916466.2016.1243128","","Shallow heavy oil is abundant but seriously biodegraded in Chepaizi Uplift and many biomarkers cannot be used effectively. Therefore, some new parameters and methods are used to analyze the biodegradation extent, classification, and oil–source of heavy oil samples. The acid value and group compositions are used to evaluate the biodegradation extent. Carbon isotopes are not only used to calculate the percentage of complex combined oil, but also to correlate oil–source in Chepaizi Uplift. δ13C of oil is used together with biomarkers that can bear serious degradation, such as pregnanes, tricyclic terpanes, and gammacerane. The crossplots of δ13C and biomarkers are effective correlation tools, such as the crossplot of δ13C and C21/C23 tricyclic terpanes. δ13C in different group compositions also show excellent oil–source correlation results. These methods to study biodegraded heavy oil are not only helpful to clarify the biodegradation extent of shallow heavy oil in an extensive area, but also effecti...","In this article, the acid value and group compositions are used to evaluate the biodegradation extent of shallow heavy oil samples, and carbon isotopes are not only used to calculate the percentage of complex combined oil, but also to correlate oil source in Chepaizi Uplift."
"Natural vs anthropogenic sources of hydrocarbons as revealed through biomarker analysis: A case study in the southern Gulf of Mexico","https://scispace.com/paper/natural-vs-anthropogenic-sources-of-hydrocarbons-as-revealed-38fd2d3psn","2009","Journal Article","","Barbara M. Scholz-Böttcher
Stefanie Ahlf
Felipe Vázquez-Gutiérrez
Jürgen Rullkötter","10.18268/BSGM2009V61N1A5","https://scispace.com/pdf/natural-vs-anthropogenic-sources-of-hydrocarbons-as-revealed-38fd2d3psn.pdf","Biological markers are organic compounds in geological samples with an unambiguous link to specific precursor molecules in living organisms. They provide information on the origin and depositional environment of fossil organic matter as well as about its thermal maturation caused by geothermal heat flow during burial. Petroleum and its refinery products carry this biomarker information into the environment when they are released during anthropogenically-induced pollution. Soils or aquatic surface sediments in contaminated areas usually contain binary mixtures of fossil hydrocarbons and recent biogenic hydrocarbons like higher-plant wax esters, together with (often olefinic) hydrocarbons from earliest diagenetic transformation of functionalized biomolecules. Surface sediments collected in the shelf area of the Campeche Sound, Gulf of Mexico, sampled in the course of environmental monitoring for possible petroleum pollution due to industrial activity, however, revealed a third group of hydrocarbons. GC-MS analysis of biomarkers in the nonaromatic hydrocarbon fractions of the sediment extracts yielded overlapping hydrocarbon assemblages indicating multiple sources. Samples taken close to known asphalt seeps exhibit biomarker patterns virtually identical to those of reference crude oils. Other sediments contain mature fossil hydrocarbons and biomarkers that are not typical of either fossil fuels or immature organic matter in marine surface sediments. Instead, they come from drill cuttings recovered during penetration of Tertiary to Cretaceous deposits that were littered on the shallow sea bottom.","In this article, surface sediments collected in the shelf area of the Campeche Sound, Gulf of Mexico, sampled in the course of environmental monitoring for possible petroleum pollution due to industrial activity, revealed a third group of hydrocarbons."
"Quantification of molecular and isotopic alterations in biodegraded crude oils","https://scispace.com/paper/quantification-of-molecular-and-isotopic-alterations-in-2w6rovhsw6","2008","Dissertation","","Rouven Elias","10.14279/DEPOSITONCE-1987","","III","In this article, the authors propose a method to solve the problem of ""uniformity"" and ""uncertainty"" in the context of data mining.II.III."