## Bemidji                                                                         
## 2D                                                                              
## 
## 2-D, IRREGULAR MESH                                            13804 Elems (    14245 Nodes)
## 
## ============================================================================================
## VELOCITY RESULTS                                                        1 Time steps printed
## ============================================================================================
## 
##     Time steps                      [Printed? / Time step on which V is based]
##    in this file      Time (sec)          Vx             Vy             Vz
##   --------------   -------------    ------------   ------------   ------------
##               1     0.000000E+00     Y        0     Y        0     N        0
## 
## ============================================================================================
## TIME STEP        1                      Duration:  0.0000E+00 sec      Time:  0.0000E+00 sec
## ============================================================================================
##      X origin       Y origin     X velocity     Y velocity
  -2.5950000E+02  4.2116667E+02  3.3161719E-06  2.2996119E-06
  -2.5950000E+02  4.1950000E+02  3.9448503E-06  2.3647529E-06
  -2.5950000E+02  4.1783333E+02  4.4392708E-06  2.3928129E-06
  -2.5950000E+02  4.1616667E+02  4.8674030E-06  2.4061730E-06
  -2.5950000E+02  4.1450000E+02  5.2669354E-06  2.4106637E-06
  -2.5950000E+02  4.1283333E+02  5.6638035E-06  2.4078357E-06
  -2.5950000E+02  4.1116667E+02  6.0828904E-06  2.3968061E-06
  -2.5950000E+02  4.0950000E+02  6.5561710E-06  2.3739898E-06
  -2.5950000E+02  4.0783333E+02  7.1420418E-06  2.3265311E-06
  -2.5950000E+02  4.0616667E+02  7.9437269E-06  2.2366314E-06
  -2.5950000E+02  4.0450000E+02  9.7221803E-06  1.7821640E-06
  -2.5950000E+02  4.0283333E+02  7.3238054E-11  1.3641545E-11
  -2.5850000E+02  4.2116667E+02  3.4160247E-06  1.8924066E-06
  -2.5850000E+02  4.1950000E+02  3.9897095E-06  2.0505402E-06
  -2.5850000E+02  4.1783333E+02  4.4611739E-06  2.1274948E-06
  -2.5850000E+02  4.1616667E+02  4.8771679E-06  2.1650155E-06
  -2.5850000E+02  4.1450000E+02  5.2678485E-06  2.1776936E-06
  -2.5850000E+02  4.1283333E+02  5.6562076E-06  2.1696695E-06
  -2.5850000E+02  4.1116667E+02  6.0643157E-06  2.1386553E-06
  -2.5850000E+02  4.0950000E+02  6.5207210E-06  2.0743291E-06
  -2.5850000E+02  4.0783333E+02  7.0636579E-06  1.9489072E-06
  -2.5850000E+02  4.0616667E+02  7.8150003E-06  1.6824388E-06
  -2.5850000E+02  4.0450000E+02  8.6148595E-06  7.8936892E-07
  -2.5850000E+02  4.0283333E+02  5.9994588E-11  8.6708288E-12
  -2.5750000E+02  4.2116667E+02  3.5769776E-06  1.5430285E-06
  -2.5750000E+02  4.1950000E+02  4.0687705E-06  1.7606317E-06
  -2.5750000E+02  4.1783333E+02  4.5018903E-06  1.8746528E-06
  -2.5750000E+02  4.1616667E+02  4.8954665E-06  1.9321154E-06
  -2.5750000E+02  4.1450000E+02  5.2695394E-06  1.9517417E-06
  -2.5750000E+02  4.1283333E+02  5.6418215E-06  1.9392367E-06
  -2.5750000E+02  4.1116667E+02  6.0299531E-06  1.8913443E-06
  -2.5750000E+02  4.0950000E+02  6.4534555E-06  1.7936954E-06
  -2.5750000E+02  4.0783333E+02  6.9404257E-06  1.6115967E-06
  -2.5750000E+02  4.0616667E+02  7.4953412E-06  1.2359946E-06
  -2.5750000E+02  4.0450000E+02  7.9358635E-06  4.9158419E-07
  -2.5750000E+02  4.0283333E+02  5.2633601E-11  5.0202816E-12
  -2.5650000E+02  4.2116667E+02  3.7632530E-06  1.2612078E-06
  -2.5650000E+02  4.1950000E+02  4.1701477E-06  1.5032399E-06
  -2.5650000E+02  4.1783333E+02  4.5565750E-06  1.6403163E-06
  -2.5650000E+02  4.1616667E+02  4.9205650E-06  1.7119121E-06
  -2.5650000E+02  4.1450000E+02  5.2718535E-06  1.7367281E-06
  -2.5650000E+02  4.1283333E+02  5.6220264E-06  1.7207773E-06
  -2.5650000E+02  4.1116667E+02  5.9828974E-06  1.6604022E-06
  -2.5650000E+02  4.0950000E+02  6.3660704E-06  1.5406323E-06
  -2.5650000E+02  4.0783333E+02  6.7775949E-06  1.3255630E-06
  -2.5650000E+02  4.0616667E+02  7.1833236E-06  9.4564173E-07
  -2.5650000E+02  4.0450000E+02  7.4596595E-06  3.5182213E-07
  -2.5650000E+02  4.0283333E+02  4.8218298E-11  3.1158662E-12
  -2.5550000E+02  4.2116667E+02  3.9486388E-06  1.0394471E-06
  -2.5550000E+02  4.1950000E+02  4.2818244E-06  1.2809524E-06
  -2.5550000E+02  4.1783333E+02  4.6198462E-06  1.4279343E-06
  -2.5550000E+02  4.1616667E+02  4.9502985E-06  1.5076288E-06
  -2.5550000E+02  4.1450000E+02  5.2745678E-06  1.5356767E-06
  -2.5550000E+02  4.1283333E+02  5.5983394E-06  1.5174620E-06
  -2.5550000E+02  4.1116667E+02  5.9277733E-06  1.4495345E-06
  -2.5550000E+02  4.0950000E+02  6.2665307E-06  1.3183418E-06
  -2.5550000E+02  4.0783333E+02  6.6071072E-06  1.0965929E-06
  -2.5550000E+02  4.0616667E+02  6.9111942E-06  7.4872247E-07
  -2.5550000E+02  4.0450000E+02  7.1004260E-06  2.6940081E-07
  -2.5550000E+02  4.0283333E+02  4.5297570E-11  2.1217994E-12
  -2.5450000E+02  4.2116667E+02  4.1208230E-06  8.6450190E-07
  -2.5450000E+02  4.1950000E+02  4.3942893E-06  1.0919065E-06
  -2.5450000E+02  4.1783333E+02  4.6867631E-06  1.2386829E-06
  -2.5450000E+02  4.1616667E+02  4.9825318E-06  1.3211477E-06
  -2.5450000E+02  4.1450000E+02  5.2775145E-06  1.3506066E-06
  -2.5450000E+02  4.1283333E+02  5.5724786E-06  1.3312907E-06
  -2.5450000E+02  4.1116667E+02  5.8687168E-06  1.2603025E-06
  -2.5450000E+02  4.0950000E+02  6.1639148E-06  1.1272006E-06
  -2.5450000E+02  4.0783333E+02  6.4450887E-06  9.1468390E-07
  -2.5450000E+02  4.0616667E+02  6.6796126E-06  6.0746497E-07
  -2.5450000E+02  4.0450000E+02  6.8173996E-06  2.1444703E-07
  -2.5450000E+02  4.0283333E+02  4.3193559E-11  1.5624294E-12
  -2.5350000E+02  4.2116667E+02  4.2755493E-06  7.2468535E-07
  -2.5350000E+02  4.1950000E+02  4.5016081E-06  9.3200794E-07
  -2.5350000E+02  4.1783333E+02  4.7533766E-06  1.0720361E-06
  -2.5350000E+02  4.1616667E+02  5.0153513E-06  1.1531484E-06
  -2.5350000E+02  4.1450000E+02  5.2804863E-06  1.1825352E-06
  -2.5350000E+02  4.1283333E+02  5.5459336E-06  1.1631152E-06
  -2.5350000E+02  4.1116667E+02  5.8092549E-06  1.0927423E-06
  -2.5350000E+02  4.0950000E+02  6.0645802E-06  9.6444688E-07
  -2.5350000E+02  4.0783333E+02  6.2978270E-06  7.6878511E-07
  -2.5350000E+02  4.0616667E+02  6.4832817E-06  5.0137661E-07
  -2.5350000E+02  4.0450000E+02  6.5881766E-06  1.7492628E-07
  -2.5350000E+02  4.0283333E+02  4.1581090E-11  1.2155554E-12
  -2.5250000E+02  4.2116667E+02  4.4122975E-06  6.1126530E-07
  -2.5250000E+02  4.1950000E+02  4.6006663E-06  7.9677142E-07
  -2.5250000E+02  4.1783333E+02  4.8170090E-06  9.2640589E-07
  -2.5250000E+02  4.1616667E+02  5.0473644E-06  1.0033806E-06
  -2.5250000E+02  4.1450000E+02  5.2833759E-06  1.0316152E-06
  -2.5250000E+02  4.1283333E+02  5.5198808E-06  1.0128640E-06
  -2.5250000E+02  4.1116667E+02  5.7520042E-06  9.4572662E-07
  -2.5250000E+02  4.0950000E+02  5.9721076E-06  8.2620535E-07
  -2.5250000E+02  4.0783333E+02  6.1669021E-06  6.5020179E-07
  -2.5250000E+02  4.0616667E+02  6.3166152E-06  4.1885930E-07
  -2.5250000E+02  4.0450000E+02  6.3990948E-06  1.4501888E-07
  -2.5250000E+02  4.0283333E+02  4.0293491E-11  9.7999583E-13
  -2.5150000E+02  4.2116667E+02  4.5320904E-06  5.1801758E-07
  -2.5150000E+02  4.1950000E+02  4.6902297E-06  6.8211429E-07
  -2.5150000E+02  4.1783333E+02  4.8761155E-06  7.9972587E-07
  -2.5150000E+02  4.1616667E+02  5.0776232E-06  8.7094271E-07
  -2.5150000E+02  4.1450000E+02  5.2861240E-06  8.9734568E-07
  -2.5150000E+02  4.1283333E+02  5.4952119E-06  8.7977784E-07
  -2.5150000E+02  4.1116667E+02  5.6986193E-06  8.1749436E-07
  -2.5150000E+02  4.0950000E+02  5.8881019E-06  7.0868599E-07
  -2.5150000E+02  4.0783333E+02  6.0518764E-06  5.5257970E-07
  -2.5150000E+02  4.0616667E+02  6.1747114E-06  3.5295256E-07
  -2.5150000E+02  4.0450000E+02  6.2411425E-06  1.2157917E-07
  -2.5150000E+02  4.0283333E+02  3.9238835E-11  8.0798850E-13
  -2.5050000E+02  4.2116667E+02  4.6365155E-06  4.4048412E-07
  -2.5050000E+02  4.1950000E+02  4.7701342E-06  5.8459292E-07
  -2.5050000E+02  4.1783333E+02  4.9299164E-06  6.8984646E-07
  -2.5050000E+02  4.1616667E+02  5.1055346E-06  7.5454657E-07
  -2.5050000E+02  4.1450000E+02  5.2886834E-06  7.7875211E-07
  -2.5050000E+02  4.1283333E+02  5.4724208E-06  7.6267622E-07
  -2.5050000E+02  4.1116667E+02  5.6498992E-06  7.0606450E-07
  -2.5050000E+02  4.0950000E+02  5.8130055E-06  6.0856249E-07
  -2.5050000E+02  4.0783333E+02  5.9515054E-06  4.7133858E-07
  -2.5050000E+02  4.0616667E+02  6.0535525E-06  2.9926442E-07
  -2.5050000E+02  4.0450000E+02  6.1080359E-06  1.0271861E-07
  -2.5050000E+02  4.0283333E+02  3.8360392E-11  6.7575032E-13
  -2.4950000E+02  4.2116667E+02  4.7272668E-06  3.7542568E-07
  -2.4950000E+02  4.1950000E+02  4.8407365E-06  5.0139828E-07
  -2.4950000E+02  4.1783333E+02  4.9781851E-06  5.9470269E-07
  -2.4950000E+02  4.1616667E+02  5.1308565E-06  6.5271657E-07
  -2.4950000E+02  4.1450000E+02  5.2910223E-06  6.7459339E-07
  -2.4950000E+02  4.1283333E+02  5.4517454E-06  6.6015863E-07
  -2.4950000E+02  4.1116667E+02  5.6061541E-06  6.0944977E-07
  -2.4950000E+02  4.0950000E+02  5.7465963E-06  5.2304815E-07
  -2.4950000E+02  4.0783333E+02  5.8642875E-06  4.0313824E-07
  -2.4950000E+02  4.0616667E+02  5.9498951E-06  2.5487194E-07
  -2.4950000E+02  4.0450000E+02  5.9951625E-06  8.7260639E-08
  -2.4950000E+02  4.0283333E+02  3.7621138E-11  5.7043883E-13
  -2.4850000E+02  4.2116667E+02  4.8059888E-06  3.2044887E-07
  -2.4850000E+02  4.1950000E+02  4.9027470E-06  4.3023833E-07
  -2.4850000E+02  4.1783333E+02  5.0210806E-06  5.1239335E-07
  -2.4850000E+02  4.1616667E+02  5.1535563E-06  5.6393764E-07
  -2.4850000E+02  4.1450000E+02  5.2931588E-06  5.8351136E-07
  -2.4850000E+02  4.1283333E+02  5.4332868E-06  5.7072997E-07
  -2.4850000E+02  4.1116667E+02  5.5673397E-06  5.2580151E-07
  -2.4850000E+02  4.0950000E+02  5.6883155E-06  4.4984562E-07
  -2.4850000E+02  4.0783333E+02  5.7887113E-06  3.4548852E-07
  -2.4850000E+02  4.0616667E+02  5.8610415E-06  2.1775903E-07
  -2.4850000E+02  4.0450000E+02  5.8990270E-06  7.4421858E-08
  -2.4850000E+02  4.0283333E+02  3.6994629E-11  4.8443121E-13
  -2.4750000E+02  4.2116667E+02  4.8742267E-06  2.7373905E-07
  -2.4750000E+02  4.1950000E+02  4.9569989E-06  3.6922993E-07
  -2.4750000E+02  4.1783333E+02  5.0589409E-06  4.4123637E-07
  -2.4750000E+02  4.1616667E+02  5.1737393E-06  4.8673019E-07
  -2.4750000E+02  4.1450000E+02  5.2951265E-06  5.0412495E-07
  -2.4750000E+02  4.1283333E+02  5.4169809E-06  4.9292696E-07
  -2.4750000E+02  4.1116667E+02  5.5331801E-06  4.5345329E-07
  -2.4750000E+02  4.0950000E+02  5.6374326E-06  3.8705687E-07
  -2.4750000E+02  4.0783333E+02  5.7233227E-06  2.9650571E-07
  -2.4750000E+02  4.0616667E+02  5.7847707E-06  1.8647493E-07
  -2.4750000E+02  4.0450000E+02  5.8168811E-06  6.3648432E-08
  -2.4750000E+02  4.0283333E+02  3.6460914E-11  4.1309454E-13
  -2.4650000E+02  4.2116667E+02  4.9333473E-06  2.3389323E-07
  -2.4650000E+02  4.1950000E+02  5.0043163E-06  3.1683106E-07
  -2.4650000E+02  4.1783333E+02  5.0921855E-06  3.7974850E-07
  -2.4650000E+02  4.1616667E+02  5.1915724E-06  4.1970688E-07
  -2.4650000E+02  4.1450000E+02  5.2969227E-06  4.3510576E-07
  -2.4650000E+02  4.1283333E+02  5.4026826E-06  4.2537757E-07
  -2.4650000E+02  4.1116667E+02  5.5032954E-06  3.9091550E-07
  -2.4650000E+02  4.0950000E+02  5.5931661E-06  3.3312075E-07
  -2.4650000E+02  4.0783333E+02  5.6668131E-06  2.5471959E-07
  -2.4650000E+02  4.0616667E+02  5.7192364E-06  1.5993824E-07
  -2.4650000E+02  4.0450000E+02  5.7465265E-06  5.4544862E-08
  -2.4650000E+02  4.0283333E+02  3.6004888E-11  3.5328914E-13
  -2.4550000E+02  4.2116667E+02  4.9845426E-06  1.9979701E-07
  -2.4550000E+02  4.1950000E+02  5.0455001E-06  2.7177136E-07
  -2.4550000E+02  4.1783333E+02  5.1212730E-06  3.2662296E-07
  -2.4550000E+02  4.1616667E+02  5.2072525E-06  3.6161258E-07
  -2.4550000E+02  4.1450000E+02  5.2985592E-06  3.7520588E-07
  -2.4550000E+02  4.1283333E+02  5.3902255E-06  3.6682171E-07
  -2.4550000E+02  4.1116667E+02  5.4772714E-06  3.3687614E-07
  -2.4550000E+02  4.0950000E+02  5.5547767E-06  2.8673451E-07
  -2.4550000E+02  4.0783333E+02  5.6180368E-06  2.1896157E-07
  -2.4550000E+02  4.0616667E+02  5.6628948E-06  1.3732745E-07
  -2.4550000E+02  4.0450000E+02  5.6861877E-06  4.6805886E-08
  -2.4550000E+02  4.0283333E+02  3.5614442E-11  3.0273803E-13
  -2.4450000E+02  4.2116667E+02  5.0288624E-06  1.7054769E-07
  -2.4450000E+02  4.1950000E+02  5.0812992E-06  2.3298416E-07
  -2.4450000E+02  4.1783333E+02  5.1466634E-06  2.8072792E-07
  -2.4450000E+02  4.1616667E+02  5.2210083E-06  3.1131299E-07
  -2.4450000E+02  4.1450000E+02  5.3000660E-06  3.2328681E-07
  -2.4450000E+02  4.1283333E+02  5.3794348E-06  3.1611968E-07
  -2.4450000E+02  4.1116667E+02  5.4547054E-06  2.9018827E-07
  -2.4450000E+02  4.0950000E+02  5.5215667E-06  2.4680249E-07
  -2.4450000E+02  4.0783333E+02  5.5759743E-06  1.8829294E-07
  -2.4450000E+02  4.0616667E+02  5.6144469E-06  1.1799772E-07
  -2.4450000E+02  4.0450000E+02  5.6343863E-06  4.0196272E-08
  -2.4450000E+02  4.0283333E+02  3.5279622E-11  2.5976237E-13
  -2.4350000E+02  4.2116667E+02  5.0672471E-06  1.4540974E-07
  -2.4350000E+02  4.1950000E+02  5.1123993E-06  1.9956876E-07
  -2.4350000E+02  4.1783333E+02  5.1687969E-06  2.4108620E-07
  -2.4350000E+02  4.1616667E+02  5.2330597E-06  2.6779011E-07
  -2.4350000E+02  4.1450000E+02  5.3014613E-06  2.7833415E-07
  -2.4350000E+02  4.1283333E+02  5.3701337E-06  2.7224758E-07
  -2.4350000E+02  4.1116667E+02  5.4351964E-06  2.4986041E-07
  -2.4350000E+02  4.0950000E+02  5.4928819E-06  2.1240230E-07
  -2.4350000E+02  4.0783333E+02  5.5397218E-06  1.6194459E-07
  -2.4350000E+02  4.0616667E+02  5.5727732E-06  1.0143167E-07
  -2.4350000E+02  4.0450000E+02  5.5898763E-06  3.4536858E-08
  -2.4350000E+02  4.0283333E+02  3.4992145E-11  2.2305811E-13
  -2.4250000E+02  4.2116667E+02  5.1004998E-06  1.2378607E-07
  -2.4250000E+02  4.1950000E+02  5.1394029E-06  1.7075927E-07
  -2.4250000E+02  4.1783333E+02  5.1880789E-06  2.0685149E-07
  -2.4250000E+02  4.1616667E+02  5.2436084E-06  2.3014943E-07
  -2.4250000E+02  4.1450000E+02  5.3027576E-06  2.3944437E-07
  -2.4250000E+02  4.1283333E+02  5.3621417E-06  2.3430346E-07
  -2.4250000E+02  4.1116667E+02  5.4183598E-06  2.1503606E-07
  -2.4250000E+02  4.0950000E+02  5.4681345E-06  1.8275054E-07
  -2.4250000E+02  4.0783333E+02  5.5084873E-06  1.3928073E-07
  -2.4250000E+02  4.0616667E+02  5.5369178E-06  8.7206378E-08
  -2.4250000E+02  4.0450000E+02  5.5516119E-06  2.9683852E-08
  -2.4250000E+02  4.0283333E+02  3.4745100E-11  1.9162311E-13
  -2.4150000E+02  4.2116667E+02  5.1293103E-06  1.0517360E-07
  -2.4150000E+02  4.1950000E+02  5.1628514E-06  1.4590525E-07
  -2.4150000E+02  4.1783333E+02  5.2048701E-06  1.7728870E-07
  -2.4150000E+02  4.1616667E+02  5.2528408E-06  1.9761212E-07
  -2.4150000E+02  4.1450000E+02  5.3039659E-06  2.0581709E-07
  -2.4150000E+02  4.1283333E+02  5.3552947E-06  2.0150296E-07
  -2.4150000E+02  4.1116667E+02  5.4038578E-06  1.8496785E-07
  -2.4150000E+02  4.0950000E+02  5.4468117E-06  1.5718160E-07
  -2.4150000E+02  4.0783333E+02  5.4815935E-06  1.1976890E-07
  -2.4150000E+02  4.0616667E+02  5.5060744E-06  7.4971362E-08
  -2.4150000E+02  4.0450000E+02  5.5187157E-06  2.5517606E-08
  -2.4150000E+02  4.0283333E+02  3.4532791E-11  1.6465639E-13
  -2.4050000E+02  4.2116667E+02  5.1542907E-06  8.9133305E-08
  -2.4050000E+02  4.1950000E+02  5.1832227E-06  1.2446172E-07
  -2.4050000E+02  4.1783333E+02  5.2194907E-06  1.5176024E-07
  -2.4050000E+02  4.1616667E+02  5.2609232E-06  1.6949871E-07
  -2.4050000E+02  4.1450000E+02  5.3050992E-06  1.7674980E-07
  -2.4050000E+02  4.1283333E+02  5.3494524E-06  1.7316105E-07
  -2.4050000E+02  4.1116667E+02  5.3913956E-06  1.5900595E-07
  -2.4050000E+02  4.0950000E+02  5.4284688E-06  1.3512730E-07
  -2.4050000E+02  4.0783333E+02  5.4584622E-06  1.0295809E-07
  -2.4050000E+02  4.0616667E+02  5.4795562E-06  6.4437189E-08
  -2.4050000E+02  4.0450000E+02  5.4904439E-06  2.1934367E-08
  -2.4050000E+02  4.0283333E+02  3.4350399E-11  1.4148647E-13
  -2.3950000E+02  4.2116667E+02  5.1759612E-06  7.5291659E-08
  -2.3950000E+02  4.1950000E+02  5.2009247E-06  1.0596615E-07
  -2.3950000E+02  4.1783333E+02  5.2322217E-06  1.2971681E-07
  -2.3950000E+02  4.1616667E+02  5.2680050E-06  1.4521266E-07
  -2.3950000E+02  4.1450000E+02  5.3061707E-06  1.5163079E-07
  -2.3950000E+02  4.1283333E+02  5.3444870E-06  1.4867837E-07
  -2.3950000E+02  4.1116667E+02  5.3807109E-06  1.3658834E-07
  -2.3950000E+02  4.0950000E+02  5.4127131E-06  1.1609973E-07
  -2.3950000E+02  4.0783333E+02  5.4385863E-06  8.8465716E-08
  -2.3950000E+02  4.0616667E+02  5.4567700E-06  5.5362904E-08
  -2.3950000E+02  4.0450000E+02  5.4661534E-06  1.8845942E-08
  -2.3950000E+02  4.0283333E+02  3.4193731E-11  1.2155141E-13
  -2.3850000E+02  4.2116667E+02  5.1947718E-06  6.3347017E-08
  -2.3850000E+02  4.1950000E+02  5.2163038E-06  9.0013510E-08
  -2.3850000E+02  4.1783333E+02  5.2433153E-06  1.1068438E-07
  -2.3850000E+02  4.1616667E+02  5.2742193E-06  1.2423265E-07
  -2.3850000E+02  4.1450000E+02  5.3071873E-06  1.2993063E-07
  -2.3850000E+02  4.1283333E+02  5.3402831E-06  1.2753127E-07
  -2.3850000E+02  4.1116667E+02  5.3715670E-06  1.1723076E-07
  -2.3850000E+02  4.0950000E+02  5.3991929E-06  9.9680490E-08
  -2.3850000E+02  4.0783333E+02  5.4215176E-06  7.5966209E-08
  -2.3850000E+02  4.0616667E+02  5.4371977E-06  4.7544131E-08
  -2.3850000E+02  4.0450000E+02  5.4452861E-06  1.6181577E-08
  -2.3850000E+02  4.0283333E+02  3.4059143E-11  1.0437769E-13
  -2.3750000E+02  4.2116667E+02  5.2110979E-06  5.3055622E-08
  -2.3750000E+02  4.1950000E+02  5.2296714E-06  7.6241624E-08
  -2.3750000E+02  4.1783333E+02  5.2529978E-06  9.4253596E-08
  -2.3750000E+02  4.1616667E+02  5.2796824E-06  1.0611019E-07
  -2.3750000E+02  4.1450000E+02  5.3081558E-06  1.1118829E-07
  -2.3750000E+02  4.1283333E+02  5.3367390E-06  1.0926623E-07
  -2.3750000E+02  4.1116667E+02  5.3637530E-06  1.0051702E-07
  -2.3750000E+02  4.0950000E+02  5.3876008E-06  8.5510076E-08
  -2.3750000E+02  4.0783333E+02  5.4068662E-06  6.5182556E-08
  -2.3750000E+02  4.0616667E+02  5.4203916E-06  4.0804476E-08
  -2.3750000E+02  4.0450000E+02  5.4273644E-06  1.3884490E-08
  -2.3750000E+02  4.0283333E+02  3.3943527E-11  8.9571931E-14
  -2.3650000E+02  4.2116667E+02  5.2252892E-06  4.4184609E-08
  -2.3650000E+02  4.1950000E+02  5.2413222E-06  6.4348747E-08
  -2.3650000E+02  4.1783333E+02  5.2614572E-06  8.0069660E-08
  -2.3650000E+02  4.1616667E+02  5.2844963E-06  9.0459871E-08
  -2.3650000E+02  4.1450000E+02  5.3090842E-06  9.5001846E-08
  -2.3650000E+02  4.1283333E+02  5.3337664E-06  9.3493454E-08
  -2.3650000E+02  4.1116667E+02  5.3570891E-06  8.6087750E-08
  -2.3650000E+02  4.0950000E+02  5.3776749E-06  7.3279253E-08
  -2.3650000E+02  4.0783333E+02  5.3943008E-06  5.5878561E-08
  -2.3650000E+02  4.0616667E+02  5.4059715E-06  3.4990829E-08
  -2.3650000E+02  4.0450000E+02  5.4119850E-06  1.1906335E-08
  -2.3650000E+02  4.0283333E+02  3.3844286E-11  7.6807887E-14
  -2.3550000E+02  4.2116667E+02  5.2376503E-06  3.6524100E-08
  -2.3550000E+02  4.1950000E+02  5.2514816E-06  5.4090643E-08
  -2.3550000E+02  4.1783333E+02  5.2688558E-06  6.7822252E-08
  -2.3550000E+02  4.1616667E+02  5.2887485E-06  7.6948222E-08
  -2.3550000E+02  4.1450000E+02  5.3099770E-06  8.1023682E-08
  -2.3550000E+02  4.1283333E+02  5.3312889E-06  7.9875142E-08
  -2.3550000E+02  4.1116667E+02  5.3514235E-06  7.3631660E-08
  -2.3550000E+02  4.0950000E+02  5.3691934E-06  6.2721980E-08
  -2.3550000E+02  4.0783333E+02  5.3835424E-06  4.7850811E-08
  -2.3550000E+02  4.0616667E+02  5.3936153E-06  2.9972432E-08
  -2.3550000E+02  4.0450000E+02  5.3988051E-06  1.0202768E-08
  -2.3550000E+02  4.0283333E+02  3.3759232E-11  6.5807477E-14
  -2.3450000E+02  4.2116667E+02  5.2483975E-06  2.9911666E-08
  -2.3450000E+02  4.1950000E+02  5.2603350E-06  4.5241771E-08
  -2.3450000E+02  4.1783333E+02  5.2753361E-06  5.7245970E-08
  -2.3450000E+02  4.1616667E+02  5.2925106E-06  6.5284216E-08
  -2.3450000E+02  4.1450000E+02  5.3108390E-06  6.8953532E-08
  -2.3450000E+02  4.1283333E+02  5.3292411E-06  6.8116864E-08
  -2.3450000E+02  4.1116667E+02  5.3466250E-06  6.2878866E-08
  -2.3450000E+02  4.0950000E+02  5.3619650E-06  5.3608880E-08
  -2.3450000E+02  4.0783333E+02  5.3743506E-06  4.0923070E-08
  -2.3450000E+02  4.0616667E+02  5.3830453E-06  2.5639606E-08
  -2.3450000E+02  4.0450000E+02  5.3875268E-06  8.7328521E-09
  -2.3450000E+02  4.0283333E+02  3.3686453E-11  5.6328036E-14
  -2.3350000E+02  4.2116667E+02  5.2577587E-06  2.4204021E-08
  -2.3350000E+02  4.1950000E+02  5.2680679E-06  3.7601405E-08
  -2.3350000E+02  4.1783333E+02  5.2810184E-06  4.8115405E-08
  -2.3350000E+02  4.1616667E+02  5.2958484E-06  5.5212056E-08
  -2.3350000E+02  4.1450000E+02  5.3116762E-06  5.8531986E-08
  -2.3350000E+02  4.1283333E+02  5.3275656E-06  5.7963497E-08
  -2.3350000E+02  4.1116667E+02  5.3425767E-06  5.3595261E-08
  -2.3350000E+02  4.0950000E+02  5.3558202E-06  4.5742359E-08
  -2.3350000E+02  4.0783333E+02  5.3665121E-06  3.4943071E-08
  -2.3350000E+02  4.0616667E+02  5.3740168E-06  2.1899991E-08
  -2.3350000E+02  4.0450000E+02  5.3778867E-06  7.4616546E-09
  -2.3350000E+02  4.0283333E+02  3.3624244E-11  4.8154889E-14
  -2.3250000E+02  4.2116667E+02  5.2659368E-06  1.9281603E-08
  -2.3250000E+02  4.1950000E+02  5.2748316E-06  3.1001448E-08
  -2.3250000E+02  4.1783333E+02  5.2860183E-06  4.0233044E-08
  -2.3250000E+02  4.1616667E+02  5.2988246E-06  4.6512584E-08
  -2.3250000E+02  4.1450000E+02  5.3124919E-06  4.9534406E-08
  -2.3250000E+02  4.1283333E+02  5.3262116E-06  4.9195642E-08
  -2.3250000E+02  4.1116667E+02  5.3391740E-06  4.5579027E-08
  -2.3250000E+02  4.0950000E+02  5.3506079E-06  3.8952129E-08
  -2.3250000E+02  4.0783333E+02  5.3598375E-06  2.9780412E-08
  -2.3250000E+02  4.0616667E+02  5.3663142E-06  1.8673786E-08
  -2.3250000E+02  4.0450000E+02  5.3696543E-06  6.3618883E-09
  -2.3250000E+02  4.0283333E+02  3.3571100E-11  4.1100323E-14
  -2.3150000E+02  4.2116667E+02  5.2730824E-06  1.5038084E-08
  -2.3150000E+02  4.1950000E+02  5.2807701E-06  2.5295480E-08
  -2.3150000E+02  4.1783333E+02  5.2904348E-06  3.3428193E-08
  -2.3150000E+02  4.1616667E+02  5.3014892E-06  3.9000998E-08
  -2.3150000E+02  4.1450000E+02  5.3132888E-06  4.1765810E-08
  -2.3150000E+02  4.1283333E+02  5.3251339E-06  4.1625427E-08
  -2.3150000E+02  4.1116667E+02  5.3363249E-06  3.8657182E-08
  -2.3150000E+02  4.0950000E+02  5.3461962E-06  3.3090857E-08
  -2.3150000E+02  4.0783333E+02  5.3541629E-06  2.5323935E-08
  -2.3150000E+02  4.0616667E+02  5.3597526E-06  1.5890379E-08
  -2.3150000E+02  4.0450000E+02  5.3626339E-06  5.4124298E-09
  -2.3150000E+02  4.0283333E+02  3.3525750E-11  3.5004978E-14
  -2.3050000E+02  4.2116667E+02  5.2793634E-06  1.1365122E-08
  -2.3050000E+02  4.1950000E+02  5.2860062E-06  2.0370097E-08
  -2.3050000E+02  4.1783333E+02  5.2943409E-06  2.7553999E-08
  -2.3050000E+02  4.1616667E+02  5.3038828E-06  3.2517409E-08
  -2.3050000E+02  4.1450000E+02  5.3140682E-06  3.5058398E-08
  -2.3050000E+02  4.1283333E+02  5.3242931E-06  3.5090855E-08
  -2.3050000E+02  4.1116667E+02  5.3339532E-06  3.2681076E-08
  -2.3050000E+02  4.0950000E+02  5.3424754E-06  2.8030847E-08
  -2.3050000E+02  4.0783333E+02  5.3493520E-06  2.1477960E-08
  -2.3050000E+02  4.0616667E+02  5.3541769E-06  1.3487626E-08
  -2.3050000E+02  4.0450000E+02  5.3566627E-06  4.5948741E-09
  -2.3050000E+02  4.0283333E+02  3.3487151E-11  2.9736072E-14
  -2.2950000E+02  4.2116667E+02  5.2848905E-06  8.1865915E-09
  -2.2950000E+02  4.1950000E+02  5.2906146E-06  1.6128433E-08
  -2.2950000E+02  4.1783333E+02  5.2978034E-06  2.2481625E-08
  -2.2950000E+02  4.1616667E+02  5.3060406E-06  2.6922293E-08
  -2.2950000E+02  4.1450000E+02  5.3148312E-06  2.9267940E-08
  -2.2950000E+02  4.1283333E+02  5.3236579E-06  2.9450370E-08
  -2.2950000E+02  4.1116667E+02  5.3319969E-06  2.7522070E-08
  -2.2950000E+02  4.0950000E+02  5.3393549E-06  2.3661758E-08
  -2.2950000E+02  4.0783333E+02  5.3452918E-06  1.8158888E-08
  -2.2950000E+02  4.0616667E+02  5.3494573E-06  1.1412469E-08
  -2.2950000E+02  4.0450000E+02  5.3516031E-06  3.8911062E-09
  -2.2950000E+02  4.0283333E+02  3.3454430E-11  2.5182503E-14
  -2.2850000E+02  4.2116667E+02  5.2897351E-06  5.4464051E-09
  -2.2850000E+02  4.1950000E+02  5.2946747E-06  1.2470357E-08
  -2.2850000E+02  4.1783333E+02  5.3008828E-06  1.8101632E-08
  -2.2850000E+02  4.1616667E+02  5.3079941E-06  2.2093160E-08
  -2.2850000E+02  4.1450000E+02  5.3155830E-06  2.4269379E-08
  -2.2850000E+02  4.1283333E+02  5.3232038E-06  2.4580448E-08
  -2.2850000E+02  4.1116667E+02  5.3304041E-06  2.3068343E-08
  -2.2850000E+02  4.0950000E+02  5.3367572E-06  1.9888878E-08
  -2.2850000E+02  4.0783333E+02  5.3418840E-06  1.5293556E-08
  -2.2850000E+02  4.0616667E+02  5.3454804E-06  9.6206454E-09
  -2.2850000E+02  4.0450000E+02  5.3473334E-06  3.2836776E-09
  -2.2850000E+02  4.0283333E+02  3.3426806E-11  2.1249435E-14
  -2.2750000E+02  4.2116667E+02  5.2940062E-06  3.0861145E-09
  -2.2750000E+02  4.1950000E+02  5.2982700E-06  9.3085489E-09
  -2.2750000E+02  4.1783333E+02  5.3036330E-06  1.4320886E-08
  -2.2750000E+02  4.1616667E+02  5.3097743E-06  1.7922340E-08
  -2.2750000E+02  4.1450000E+02  5.3163286E-06  1.9954273E-08
  -2.2750000E+02  4.1283333E+02  5.3229088E-06  2.0374905E-08
  -2.2750000E+02  4.1116667E+02  5.3291265E-06  1.9223070E-08
  -2.2750000E+02  4.0950000E+02  5.3346116E-06  1.6631256E-08
  -2.2750000E+02  4.0783333E+02  5.3390386E-06  1.2818945E-08
  -2.2750000E+02  4.0616667E+02  5.3421430E-06  8.0747164E-09
  -2.2750000E+02  4.0450000E+02  5.3437430E-06  2.7578334E-09
  -2.2750000E+02  4.0283333E+02  3.3403557E-11  1.7854946E-14
  -2.2650000E+02  4.2116667E+02  5.2977923E-06  1.0574822E-09
  -2.2650000E+02  4.1950000E+02  5.3014698E-06  6.5723826E-09
  -2.2650000E+02  4.1783333E+02  5.3061057E-06  1.1057779E-08
  -2.2650000E+02  4.1616667E+02  5.3114082E-06  1.4319138E-08
  -2.2650000E+02  4.1450000E+02  5.3170685E-06  1.6228727E-08
  -2.2650000E+02  4.1283333E+02  5.3227498E-06  1.6743517E-08
  -2.2650000E+02  4.1116667E+02  5.3281175E-06  1.5903238E-08
  -2.2650000E+02  4.0950000E+02  5.3328519E-06  1.3819371E-08
  -2.2650000E+02  4.0783333E+02  5.3366735E-06  1.0681734E-08
  -2.2650000E+02  4.0616667E+02  5.3393529E-06  6.7415842E-09
  -2.2650000E+02  4.0450000E+02  5.3407334E-06  2.3026678E-09
  -2.2650000E+02  4.0283333E+02  3.3384040E-11  1.4928391E-14
  -2.2550000E+02  4.2116667E+02  5.3011605E-06 -6.9045488E-10
  -2.2550000E+02  4.1950000E+02  5.3043380E-06  4.2073668E-09
  -2.2550000E+02  4.1783333E+02  5.3083373E-06  8.2416879E-09
  -2.2550000E+02  4.1616667E+02  5.3129133E-06  1.1208064E-08
  -2.2550000E+02  4.1450000E+02  5.3177996E-06  1.3011862E-08
  -2.2550000E+02  4.1283333E+02  5.3227034E-06  1.3609329E-08
  -2.2550000E+02  4.1116667E+02  5.3273351E-06  1.3037780E-08
  -2.2550000E+02  4.0950000E+02  5.3314208E-06  1.1392788E-08
  -2.2550000E+02  4.0783333E+02  5.3347185E-06  8.8367490E-09
  -2.2550000E+02  4.0616667E+02  5.3370314E-06  5.5912120E-09
  -2.2550000E+02  4.0450000E+02  5.3382223E-06  1.9101173E-09
  -2.2550000E+02  4.0283333E+02  3.3367723E-11  1.2408183E-14
  -2.2450000E+02  4.2116667E+02  5.3041710E-06 -2.2067384E-09
  -2.2450000E+02  4.1950000E+02  5.3069110E-06  2.1731756E-09
  -2.2450000E+02  4.1783333E+02  5.3103535E-06  5.8108424E-09
  -2.2450000E+02  4.1616667E+02  5.3143025E-06  8.5238764E-09
  -2.2450000E+02  4.1450000E+02  5.3185186E-06  1.0234616E-08
  -2.2450000E+02  4.1283333E+02  5.3227504E-06  1.0905181E-08
  -2.2450000E+02  4.1116667E+02  5.3267467E-06  1.0565159E-08
  -2.2450000E+02  4.0950000E+02  5.3302725E-06  9.2985670E-09
  -2.2450000E+02  4.0783333E+02  5.3331183E-06  7.2447802E-09
  -2.2450000E+02  4.0616667E+02  5.3351157E-06  4.5970404E-09
  -2.2450000E+02  4.0450000E+02  5.3361439E-06  1.5727822E-09
  -2.2450000E+02  4.0283333E+02  3.3354196E-11  1.0238596E-14
  -2.2350000E+02  4.2116667E+02  5.3068511E-06 -3.5189702E-09
  -2.2350000E+02  4.1950000E+02  5.3092120E-06  4.2483197E-10
  -2.2350000E+02  4.1783333E+02  5.3121813E-06  3.7121471E-09
  -2.2350000E+02  4.1616667E+02  5.3155886E-06  6.2088033E-09
  -2.2350000E+02  4.1450000E+02  5.3192263E-06  7.8373931E-09
  -2.2350000E+02  4.1283333E+02  5.3228793E-06  8.5714673E-09
  -2.2350000E+02  4.1116667E+02  5.3263289E-06  8.4314106E-09
  -2.2350000E+02  4.0950000E+02  5.3293726E-06  7.4905943E-09
  -2.2350000E+02  4.0783333E+02  5.3318296E-06  5.8710267E-09
  -2.2350000E+02  4.0616667E+02  5.3335552E-06  3.7369948E-09
  -2.2350000E+02  4.0450000E+02  5.3344441E-06  1.2826165E-09
  -2.2350000E+02  4.0283333E+02  3.3343120E-11  8.3677405E-15
  -2.2250000E+02  4.2116667E+02  5.3092407E-06 -4.6500092E-09
  -2.2250000E+02  4.1950000E+02  5.3112816E-06 -1.0851964E-09
  -2.2250000E+02  4.1783333E+02  5.3138472E-06  1.9012453E-09
  -2.2250000E+02  4.1616667E+02  5.3167878E-06  4.2109115E-09
  -2.2250000E+02  4.1450000E+02  5.3199289E-06  5.7680274E-09
  -2.2250000E+02  4.1283333E+02  5.3230839E-06  6.5560246E-09
  -2.2250000E+02  4.1116667E+02  5.3260637E-06  6.5892258E-09
  -2.2250000E+02  4.0950000E+02  5.3286924E-06  5.9293273E-09
  -2.2250000E+02  4.0783333E+02  5.3308145E-06  4.6848002E-09
  -2.2250000E+02  4.0616667E+02  5.3323050E-06  2.9935608E-09
  -2.2250000E+02  4.0450000E+02  5.3330738E-06  1.0315016E-09
  -2.2250000E+02  4.0283333E+02  3.3334181E-11  6.7487459E-15
  -2.2150000E+02  4.2116667E+02  5.3113965E-06 -5.6253127E-09
  -2.2150000E+02  4.1950000E+02  5.3131602E-06 -2.3926277E-09
  -2.2150000E+02  4.1783333E+02  5.3153776E-06  3.3886745E-10
  -2.2150000E+02  4.1616667E+02  5.3179177E-06  2.4848400E-09
  -2.2150000E+02  4.1450000E+02  5.3206316E-06  3.9810990E-09
  -2.2150000E+02  4.1283333E+02  5.3233573E-06  4.8145246E-09
  -2.2150000E+02  4.1116667E+02  5.3259322E-06  4.9978886E-09
  -2.2150000E+02  4.0950000E+02  5.3282026E-06  4.5812488E-09
  -2.2150000E+02  4.0783333E+02  5.3300354E-06  3.6599080E-09
  -2.2150000E+02  4.0616667E+02  5.3313216E-06  2.3524467E-09
  -2.2150000E+02  4.0450000E+02  5.3319857E-06  8.1287052E-10
  -2.2150000E+02  4.0283333E+02  3.3327061E-11  5.3431874E-15
  -2.2050000E+02  4.2116667E+02  5.3133532E-06 -6.4666198E-09
  -2.2050000E+02  4.1950000E+02  5.3148784E-06 -3.5246655E-09
  -2.2050000E+02  4.1783333E+02  5.3167958E-06 -1.0100051E-09
  -2.2050000E+02  4.1616667E+02  5.3189900E-06  9.9312533E-10
  -2.2050000E+02  4.1450000E+02  5.3213347E-06  2.4376539E-09
  -2.2050000E+02  4.1283333E+02  5.3236889E-06  3.3100036E-09
  -2.2050000E+02  4.1116667E+02  5.3259128E-06  3.6231489E-09
  -2.2050000E+02  4.0950000E+02  5.3278728E-06  3.4177624E-09
  -2.2050000E+02  4.0783333E+02  5.3294546E-06  2.7746373E-09
  -2.2050000E+02  4.0616667E+02  5.3305634E-06  1.8007382E-09
  -2.2050000E+02  4.0450000E+02  5.3311358E-06  6.2266482E-10
  -2.2050000E+02  4.0283333E+02  3.3321463E-11  4.1230599E-15
  -2.1950000E+02  4.2116667E+02  5.3151410E-06 -7.1947529E-09
  -2.1950000E+02  4.1950000E+02  5.3164598E-06 -4.5029587E-09
  -2.1950000E+02  4.1783333E+02  5.3181148E-06 -2.1751586E-09
  -2.1950000E+02  4.1616667E+02  5.3200098E-06 -2.9525911E-10
  -2.1950000E+02  4.1450000E+02  5.3220338E-06  1.1048357E-09
  -2.1950000E+02  4.1283333E+02  5.3240654E-06  2.0113547E-09
  -2.1950000E+02  4.1116667E+02  5.3259841E-06  2.4362286E-09
  -2.1950000E+02  4.0950000E+02  5.3276753E-06  2.4139329E-09
  -2.1950000E+02  4.0783333E+02  5.3290396E-06  2.0108426E-09
  -2.1950000E+02  4.0616667E+02  5.3299952E-06  1.3258753E-09
  -2.1950000E+02  4.0450000E+02  5.3304876E-06  4.5867505E-10
  -2.1950000E+02  4.0283333E+02  3.3317149E-11  3.0684515E-15
  -2.1850000E+02  4.2116667E+02  5.3167814E-06 -7.8243353E-09
  -2.1850000E+02  4.1950000E+02  5.3179160E-06 -5.3454003E-09
  -2.1850000E+02  4.1783333E+02  5.3193431E-06 -3.1820257E-09
  -2.1850000E+02  4.1616667E+02  5.3209788E-06 -1.4067979E-09
  -2.1850000E+02  4.1450000E+02  5.3227242E-06 -4.5275255E-11
  -2.1850000E+02  4.1283333E+02  5.3244762E-06  8.9137180E-10
  -2.1850000E+02  4.1116667E+02  5.3261306E-06  1.4122805E-09
  -2.1850000E+02  4.0950000E+02  5.3275898E-06  1.5476697E-09
  -2.1850000E+02  4.0783333E+02  5.3287664E-06  1.3525940E-09
  -2.1850000E+02  4.0616667E+02  5.3295909E-06  9.1600260E-10
  -2.1850000E+02  4.0450000E+02  5.3300147E-06  3.1884101E-10
  -2.1850000E+02  4.0283333E+02  3.3313958E-11  2.1619068E-15
  -2.1750000E+02  4.2116667E+02  5.3182811E-06 -8.3660074E-09
  -2.1750000E+02  4.1950000E+02  5.3192583E-06 -6.0707625E-09
  -2.1750000E+02  4.1783333E+02  5.3204898E-06 -4.0518804E-09
  -2.1750000E+02  4.1616667E+02  5.3219009E-06 -2.3650138E-09
  -2.1750000E+02  4.1450000E+02  5.3234059E-06 -1.0373272E-09
  -2.1750000E+02  4.1283333E+02  5.3249172E-06 -7.4484571E-11
  -2.1750000E+02  4.1116667E+02  5.3263443E-06  5.2914242E-10
  -2.1750000E+02  4.0950000E+02  5.3276040E-06  7.9955250E-10
  -2.1750000E+02  4.0783333E+02  5.3286197E-06  7.8527999E-10
  -2.1750000E+02  4.0616667E+02  5.3293323E-06  5.6106388E-10
  -2.1750000E+02  4.0450000E+02  5.3296982E-06  1.9995267E-10
  -2.1750000E+02  4.0283333E+02  3.3311783E-11  1.3837030E-15
  -2.1650000E+02  4.2116667E+02  5.3196569E-06 -8.8346074E-09
  -2.1650000E+02  4.1950000E+02  5.3205033E-06 -6.6963463E-09
  -2.1650000E+02  4.1783333E+02  5.3215657E-06 -4.8026171E-09
  -2.1650000E+02  4.1616667E+02  5.3227839E-06 -3.1918635E-09
  -2.1650000E+02  4.1450000E+02  5.3240838E-06 -1.8934307E-09
  -2.1650000E+02  4.1283333E+02  5.3253889E-06 -9.0820507E-10
  -2.1650000E+02  4.1116667E+02  5.3266217E-06 -2.3308900E-10
  -2.1650000E+02  4.0950000E+02  5.3277100E-06  1.5301220E-10
  -2.1650000E+02  4.0783333E+02  5.3285879E-06  2.9561412E-10
  -2.1650000E+02  4.0616667E+02  5.3292041E-06  2.5348316E-10
  -2.1650000E+02  4.0450000E+02  5.3295212E-06  9.7749897E-11
  -2.1650000E+02  4.0283333E+02  3.3310522E-11  7.1173425E-16
  -2.1550000E+02  4.2116667E+02  5.3209319E-06 -9.2420073E-09
  -2.1550000E+02  4.1950000E+02  5.3216665E-06 -7.2375638E-09
  -2.1550000E+02  4.1783333E+02  5.3225857E-06 -5.4503406E-09
  -2.1550000E+02  4.1616667E+02  5.3236388E-06 -3.9069800E-09
  -2.1550000E+02  4.1450000E+02  5.3247635E-06 -2.6330009E-09
  -2.1550000E+02  4.1283333E+02  5.3258919E-06 -1.6287999E-09
  -2.1550000E+02  4.1116667E+02  5.3269580E-06 -8.9175791E-10
  -2.1550000E+02  4.0950000E+02  5.3278985E-06 -4.0565332E-10
  -2.1550000E+02  4.0783333E+02  5.3286574E-06 -1.2780332E-10
  -2.1550000E+02  4.0616667E+02  5.3291898E-06 -1.2234656E-11
  -2.1550000E+02  4.0450000E+02  5.3294648E-06  8.1999754E-12
  -2.1550000E+02  4.0283333E+02  3.3310049E-11  1.2583903E-16
  -2.1450000E+02  4.2116667E+02  5.3221267E-06 -9.5949403E-09
  -2.1450000E+02  4.1950000E+02  5.3227647E-06 -7.7082172E-09
  -2.1450000E+02  4.1783333E+02  5.3235622E-06 -6.0096750E-09
  -2.1450000E+02  4.1616667E+02  5.3244734E-06 -4.5262792E-09
  -2.1450000E+02  4.1450000E+02  5.3254466E-06 -3.2724261E-09
  -2.1450000E+02  4.1283333E+02  5.3264225E-06 -2.2519693E-09
  -2.1450000E+02  4.1116667E+02  5.3273443E-06 -1.4613064E-09
  -2.1450000E+02  4.0950000E+02  5.3281565E-06 -8.8775897E-10
  -2.1450000E+02  4.0783333E+02  5.3288116E-06 -4.9410531E-10
  -2.1450000E+02  4.0616667E+02  5.3292705E-06 -2.4068339E-10
  -2.1450000E+02  4.0450000E+02  5.3295085E-06 -7.1179852E-11
  -2.1450000E+02  4.0283333E+02  3.3310216E-11 -3.8735487E-16
  -2.1350000E+02  4.2116667E+02  5.3232597E-06 -9.8994890E-09
  -2.1350000E+02  4.1950000E+02  5.3238102E-06 -8.1167922E-09
  -2.1350000E+02  4.1783333E+02  5.3245010E-06 -6.4940302E-09
  -2.1350000E+02  4.1616667E+02  5.3252897E-06 -5.0619052E-09
  -2.1350000E+02  4.1450000E+02  5.3261302E-06 -3.8250330E-09
  -2.1350000E+02  4.1283333E+02  5.3269728E-06 -2.7904519E-09
  -2.1350000E+02  4.1116667E+02  5.3277687E-06 -1.9534476E-09
  -2.1350000E+02  4.0950000E+02  5.3284689E-06 -1.3030537E-09
  -2.1350000E+02  4.0783333E+02  5.3290332E-06 -8.1044138E-10
  -2.1350000E+02  4.0616667E+02  5.3294281E-06 -4.3660466E-10
  -2.1350000E+02  4.0450000E+02  5.3296330E-06 -1.4100727E-10
  -2.1350000E+02  4.0283333E+02  3.3310889E-11 -8.3340239E-16
  -2.1250000E+02  4.2116667E+02  5.3243293E-06 -1.0161335E-08
  -2.1250000E+02  4.1950000E+02  5.3248048E-06 -8.4705880E-09
  -2.1250000E+02  4.1783333E+02  5.3254046E-06 -6.9145460E-09
  -2.1250000E+02  4.1616667E+02  5.3260858E-06 -5.5233656E-09
  -2.1250000E+02  4.1450000E+02  5.3268092E-06 -4.3018930E-09
  -2.1250000E+02  4.1283333E+02  5.3275354E-06 -3.2549242E-09
  -2.1250000E+02  4.1116667E+02  5.3282210E-06 -2.3778536E-09
  -2.1250000E+02  4.0950000E+02  5.3288238E-06 -1.6604444E-09
  -2.1250000E+02  4.0783333E+02  5.3293091E-06 -1.0827920E-09
  -2.1250000E+02  4.0616667E+02  5.3296490E-06 -6.0507893E-10
  -2.1250000E+02  4.0450000E+02  5.3298247E-06 -2.0090921E-10
  -2.1250000E+02  4.0283333E+02  3.3311980E-11 -1.2139509E-15
  -2.1150000E+02  4.2116667E+02  5.3253339E-06 -1.0391767E-08
  -2.1150000E+02  4.1950000E+02  5.3257546E-06 -8.7778824E-09
  -2.1150000E+02  4.1783333E+02  5.3262734E-06 -7.2783822E-09
  -2.1150000E+02  4.1616667E+02  5.3268597E-06 -5.9200276E-09
  -2.1150000E+02  4.1450000E+02  5.3274821E-06 -4.7127484E-09
  -2.1150000E+02  4.1283333E+02  5.3281070E-06 -3.6547531E-09
  -2.1150000E+02  4.1116667E+02  5.3286965E-06 -2.7430460E-09
  -2.1150000E+02  4.0950000E+02  5.3292153E-06 -1.9682349E-09
  -2.1150000E+02  4.0783333E+02  5.3296329E-06 -1.3167471E-09
  -2.1150000E+02  4.0616667E+02  5.3299260E-06 -7.5087526E-10
  -2.1150000E+02  4.0450000E+02  5.3300765E-06 -2.5086585E-10
  -2.1150000E+02  4.0283333E+02  3.3313454E-11 -1.5326572E-15
  -2.1050000E+02  4.2116667E+02  5.3262992E-06 -1.0600808E-08
  -2.1050000E+02  4.1950000E+02  5.3266671E-06 -9.0419228E-09
  -2.1050000E+02  4.1783333E+02  5.3271100E-06 -7.5914070E-09
  -2.1050000E+02  4.1616667E+02  5.3276155E-06 -6.2620475E-09
  -2.1050000E+02  4.1450000E+02  5.3281521E-06 -5.0661963E-09
  -2.1050000E+02  4.1283333E+02  5.3286892E-06 -3.9984781E-09
  -2.1050000E+02  4.1116667E+02  5.3291958E-06 -3.0569715E-09
  -2.1050000E+02  4.0950000E+02  5.3296428E-06 -2.2338273E-09
  -2.1050000E+02  4.0783333E+02  5.3300030E-06 -1.5177852E-09
  -2.1050000E+02  4.0616667E+02  5.3302562E-06 -8.7762049E-10
  -2.1050000E+02  4.0450000E+02  5.3303855E-06 -2.9203897E-10
  -2.1050000E+02  4.0283333E+02  3.3315306E-11 -1.7986321E-15
  -2.0950000E+02  4.2116667E+02  5.3272374E-06 -1.0780056E-08
  -2.0950000E+02  4.1950000E+02  5.3275434E-06 -9.2669903E-09
  -2.0950000E+02  4.1783333E+02  5.3279250E-06 -7.8610827E-09
  -2.0950000E+02  4.1616667E+02  5.3283618E-06 -6.5577075E-09
  -2.0950000E+02  4.1450000E+02  5.3288242E-06 -5.3699405E-09
  -2.0950000E+02  4.1283333E+02  5.3292859E-06 -4.2939946E-09
  -2.0950000E+02  4.1116667E+02  5.3297217E-06 -3.3269088E-09
  -2.0950000E+02  4.0950000E+02  5.3301070E-06 -2.4632881E-09
  -2.0950000E+02  4.0783333E+02  5.3304180E-06 -1.6910135E-09
  -2.0950000E+02  4.0616667E+02  5.3306366E-06 -9.8750393E-10
  -2.0950000E+02  4.0450000E+02  5.3307480E-06 -3.2658388E-10
  -2.0950000E+02  4.0283333E+02  3.3317516E-11 -2.0249422E-15
  -2.0850000E+02  4.2116667E+02  5.3281364E-06 -1.0920694E-08
  -2.0850000E+02  4.1950000E+02  5.3283938E-06 -9.4644033E-09
  -2.0850000E+02  4.1783333E+02  5.3287288E-06 -8.0936625E-09
  -2.0850000E+02  4.1616667E+02  5.3291042E-06 -6.8124013E-09
  -2.0850000E+02  4.1450000E+02  5.3295017E-06 -5.6311739E-09
  -2.0850000E+02  4.1283333E+02  5.3298990E-06 -4.5481395E-09
  -2.0850000E+02  4.1116667E+02  5.3302737E-06 -3.5590623E-09
  -2.0850000E+02  4.0950000E+02  5.3306052E-06 -2.6612535E-09
  -2.0850000E+02  4.0783333E+02  5.3308736E-06 -1.8406798E-09
  -2.0850000E+02  4.0616667E+02  5.3310615E-06 -1.0817603E-09
  -2.0850000E+02  4.0450000E+02  5.3311574E-06 -3.5672013E-10
  -2.0850000E+02  4.0283333E+02  3.3320038E-11 -2.2234711E-15
  -2.0750000E+02  4.2116667E+02  5.3290068E-06 -1.1037902E-08
  -2.0750000E+02  4.1950000E+02  5.3292350E-06 -9.6385812E-09
  -2.0750000E+02  4.1783333E+02  5.3295219E-06 -8.2926428E-09
  -2.0750000E+02  4.1616667E+02  5.3298428E-06 -7.0311723E-09
  -2.0750000E+02  4.1450000E+02  5.3301846E-06 -5.8560321E-09
  -2.0750000E+02  4.1283333E+02  5.3305257E-06 -4.7662787E-09
  -2.0750000E+02  4.1116667E+02  5.3308468E-06 -3.7584199E-09
  -2.0750000E+02  4.0950000E+02  5.3311309E-06 -2.8312440E-09
  -2.0750000E+02  4.0783333E+02  5.3313612E-06 -1.9698895E-09
  -2.0750000E+02  4.0616667E+02  5.3315216E-06 -1.1615763E-09
  -2.0750000E+02  4.0450000E+02  5.3316039E-06 -3.8380112E-10
  -2.0750000E+02  4.0283333E+02  3.3322797E-11 -2.4000729E-15
  -2.0650000E+02  4.2116667E+02  5.3298691E-06 -1.1146973E-08
  -2.0650000E+02  4.1950000E+02  5.3300642E-06 -9.7835110E-09
  -2.0650000E+02  4.1783333E+02  5.3303013E-06 -8.4620954E-09
  -2.0650000E+02  4.1616667E+02  5.3305759E-06 -7.2190163E-09
  -2.0650000E+02  4.1450000E+02  5.3308686E-06 -6.0489419E-09
  -2.0650000E+02  4.1283333E+02  5.3311598E-06 -4.9527178E-09
  -2.0650000E+02  4.1116667E+02  5.3314336E-06 -3.9289403E-09
  -2.0650000E+02  4.0950000E+02  5.3316753E-06 -2.9761635E-09
  -2.0650000E+02  4.0783333E+02  5.3318714E-06 -2.0807754E-09
  -2.0650000E+02  4.0616667E+02  5.3320077E-06 -1.2287651E-09
  -2.0650000E+02  4.0450000E+02  5.3320778E-06 -4.0801135E-10
  -2.0650000E+02  4.0283333E+02  3.3325722E-11 -2.5536225E-15
  -2.0550000E+02  4.2116667E+02  5.3307102E-06 -1.1240820E-08
  -2.0550000E+02  4.1950000E+02  5.3308674E-06 -9.9010563E-09
  -2.0550000E+02  4.1783333E+02  5.3310677E-06 -8.6069621E-09
  -2.0550000E+02  4.1616667E+02  5.3313011E-06 -7.3789232E-09
  -2.0550000E+02  4.1450000E+02  5.3315487E-06 -6.2132423E-09
  -2.0550000E+02  4.1283333E+02  5.3317957E-06 -5.1113447E-09
  -2.0550000E+02  4.1116667E+02  5.3320278E-06 -4.0738876E-09
  -2.0550000E+02  4.0950000E+02  5.3322321E-06 -3.0987632E-09
  -2.0550000E+02  4.0783333E+02  5.3323974E-06 -2.1749912E-09
  -2.0550000E+02  4.0616667E+02  5.3325131E-06 -1.2857504E-09
  -2.0550000E+02  4.0450000E+02  5.3325726E-06 -4.2881382E-10
  -2.0550000E+02  4.0283333E+02  3.3328770E-11 -2.6796515E-15
  -2.0450000E+02  4.2116667E+02  5.3315140E-06 -1.1314391E-08
  -2.0450000E+02  4.1950000E+02  5.3316479E-06 -1.0002155E-08
  -2.0450000E+02  4.1783333E+02  5.3318211E-06 -8.7299514E-09
  -2.0450000E+02  4.1616667E+02  5.3320162E-06 -7.5129983E-09
  -2.0450000E+02  4.1450000E+02  5.3322235E-06 -6.3521302E-09
  -2.0450000E+02  4.1283333E+02  5.3324319E-06 -5.2456849E-09
  -2.0450000E+02  4.1116667E+02  5.3326275E-06 -4.1962132E-09
  -2.0450000E+02  4.0950000E+02  5.3327990E-06 -3.2018677E-09
  -2.0450000E+02  4.0783333E+02  5.3329375E-06 -2.2541805E-09
  -2.0450000E+02  4.0616667E+02  5.3330357E-06 -1.3349245E-09
  -2.0450000E+02  4.0450000E+02  5.3330864E-06 -4.4575463E-10
  -2.0450000E+02  4.0283333E+02  3.3331936E-11 -2.7759806E-15
  -2.0350000E+02  4.2116667E+02  5.3322971E-06 -1.1379250E-08
  -2.0350000E+02  4.1950000E+02  5.3324175E-06 -1.0089891E-08
  -2.0350000E+02  4.1783333E+02  5.3325613E-06 -8.8324029E-09
  -2.0350000E+02  4.1616667E+02  5.3327233E-06 -7.6247886E-09
  -2.0350000E+02  4.1450000E+02  5.3328965E-06 -6.4687072E-09
  -2.0350000E+02  4.1283333E+02  5.3330710E-06 -5.3587752E-09
  -2.0350000E+02  4.1116667E+02  5.3332348E-06 -4.2987830E-09
  -2.0350000E+02  4.0950000E+02  5.3333782E-06 -3.2882408E-09
  -2.0350000E+02  4.0783333E+02  5.3334936E-06 -2.3201559E-09
  -2.0350000E+02  4.0616667E+02  5.3335769E-06 -1.3778777E-09
  -2.0350000E+02  4.0450000E+02  5.3336200E-06 -4.5904806E-10
  -2.0350000E+02  4.0283333E+02  3.3335235E-11 -2.8464696E-15
  -2.0250000E+02  4.2116667E+02  5.3330756E-06 -1.1441013E-08
  -2.0250000E+02  4.1950000E+02  5.3331770E-06 -1.0161223E-08
  -2.0250000E+02  4.1783333E+02  5.3332934E-06 -8.9171516E-09
  -2.0250000E+02  4.1616667E+02  5.3334284E-06 -7.7182458E-09
  -2.0250000E+02  4.1450000E+02  5.3335726E-06 -6.5657289E-09
  -2.0250000E+02  4.1283333E+02  5.3337174E-06 -5.4532690E-09
  -2.0250000E+02  4.1116667E+02  5.3338535E-06 -4.3842552E-09
  -2.0250000E+02  4.0950000E+02  5.3339726E-06 -3.3602428E-09
  -2.0250000E+02  4.0783333E+02  5.3340682E-06 -2.3747647E-09
  -2.0250000E+02  4.0616667E+02  5.3341378E-06 -1.4150338E-09
  -2.0250000E+02  4.0450000E+02  5.3341742E-06 -4.6959207E-10
  -2.0250000E+02  4.0283333E+02  3.3338679E-11 -2.9004514E-15
  -2.0150000E+02  4.2116667E+02  5.3338455E-06 -1.1491729E-08
  -2.0150000E+02  4.1950000E+02  5.3339266E-06 -1.0220006E-08
  -2.0150000E+02  4.1783333E+02  5.3340254E-06 -8.9874948E-09
  -2.0150000E+02  4.1616667E+02  5.3341369E-06 -7.7957819E-09
  -2.0150000E+02  4.1450000E+02  5.3342551E-06 -6.6456295E-09
  -2.0150000E+02  4.1283333E+02  5.3343737E-06 -5.5313871E-09
  -2.0150000E+02  4.1116667E+02  5.3344853E-06 -4.4547786E-09
  -2.0150000E+02  4.0950000E+02  5.3345827E-06 -3.4195951E-09
  -2.0150000E+02  4.0783333E+02  5.3346608E-06 -2.4195924E-09
  -2.0150000E+02  4.0616667E+02  5.3347173E-06 -1.4459207E-09
  -2.0150000E+02  4.0450000E+02  5.3347472E-06 -4.7848235E-10
  -2.0150000E+02  4.0283333E+02  3.3342253E-11 -2.9483660E-15
  -2.0050000E+02  4.2116667E+02  5.3346086E-06 -1.1528328E-08
  -2.0050000E+02  4.1950000E+02  5.3346757E-06 -1.0272333E-08
  -2.0050000E+02  4.1783333E+02  5.3347599E-06 -9.0450031E-09
  -2.0050000E+02  4.1616667E+02  5.3348493E-06 -7.8587643E-09
  -2.0050000E+02  4.1450000E+02  5.3349440E-06 -6.7104093E-09
  -2.0050000E+02  4.1283333E+02  5.3350388E-06 -5.5946536E-09
  -2.0050000E+02  4.1116667E+02  5.3351278E-06 -4.5118300E-09
  -2.0050000E+02  4.0950000E+02  5.3352051E-06 -3.4674026E-09
  -2.0050000E+02  4.0783333E+02  5.3352670E-06 -2.4557287E-09
  -2.0050000E+02  4.0616667E+02  5.3353107E-06 -1.4698907E-09
  -2.0050000E+02  4.0450000E+02  5.3353339E-06 -4.8640684E-10
  -2.0050000E+02  4.0283333E+02  3.3345917E-11 -2.9964997E-15
  -1.9950000E+02  4.2116667E+02  5.3353762E-06 -1.1556663E-08
  -1.9950000E+02  4.1950000E+02  5.3354294E-06 -1.0316188E-08
  -1.9950000E+02  4.1783333E+02  5.3354938E-06 -9.0903017E-09
  -1.9950000E+02  4.1616667E+02  5.3355627E-06 -7.9084571E-09
  -1.9950000E+02  4.1450000E+02  5.3356358E-06 -6.7613742E-09
  -1.9950000E+02  4.1283333E+02  5.3357081E-06 -5.6439351E-09
  -1.9950000E+02  4.1116667E+02  5.3357754E-06 -4.5562883E-09
  -1.9950000E+02  4.0950000E+02  5.3358337E-06 -3.5043541E-09
  -1.9950000E+02  4.0783333E+02  5.3358801E-06 -2.4837508E-09
  -1.9950000E+02  4.0616667E+02  5.3359114E-06 -1.4868358E-09
  -1.9950000E+02  4.0450000E+02  5.3359279E-06 -4.9333001E-10
  -1.9950000E+02  4.0283333E+02  3.3349621E-11 -3.0441458E-15
  -1.9850000E+02  4.2116667E+02  5.3361444E-06 -1.1579798E-08
  -1.9850000E+02  4.1950000E+02  5.3361803E-06 -1.0346482E-08
  -1.9850000E+02  4.1783333E+02  5.3362232E-06 -9.1244062E-09
  -1.9850000E+02  4.1616667E+02  5.3362732E-06 -7.9456814E-09
  -1.9850000E+02  4.1450000E+02  5.3363253E-06 -6.7992234E-09
  -1.9850000E+02  4.1283333E+02  5.3363759E-06 -5.6798358E-09
  -1.9850000E+02  4.1116667E+02  5.3364224E-06 -4.5886477E-09
  -1.9850000E+02  4.0950000E+02  5.3364623E-06 -3.5309567E-09
  -1.9850000E+02  4.0783333E+02  5.3364938E-06 -2.5039066E-09
  -1.9850000E+02  4.0616667E+02  5.3365138E-06 -1.4974780E-09
  -1.9850000E+02  4.0450000E+02  5.3365239E-06 -4.9864329E-10
  -1.9850000E+02  4.0283333E+02  3.3353326E-11 -3.0848212E-15
  -1.9750000E+02  4.2116667E+02  5.3368987E-06 -1.1596833E-08
  -1.9750000E+02  4.1950000E+02  5.3369204E-06 -1.0363973E-08
  -1.9750000E+02  4.1783333E+02  5.3369462E-06 -9.1481840E-09
  -1.9750000E+02  4.1616667E+02  5.3369777E-06 -7.9707579E-09
  -1.9750000E+02  4.1450000E+02  5.3370094E-06 -6.8244182E-09
  -1.9750000E+02  4.1283333E+02  5.3370393E-06 -5.7029747E-09
  -1.9750000E+02  4.1116667E+02  5.3370658E-06 -4.6092569E-09
  -1.9750000E+02  4.0950000E+02  5.3370880E-06 -3.5476810E-09
  -1.9750000E+02  4.0783333E+02  5.3371051E-06 -2.5163493E-09
  -1.9750000E+02  4.0616667E+02  5.3371152E-06 -1.5030981E-09
  -1.9750000E+02  4.0450000E+02  5.3371195E-06 -5.0164928E-10
  -1.9750000E+02  4.0283333E+02  3.3357020E-11 -3.1106137E-15
  -1.9650000E+02  4.2116667E+02  5.3376382E-06 -1.1608421E-08
  -1.9650000E+02  4.1950000E+02  5.3376511E-06 -1.0373152E-08
  -1.9650000E+02  4.1783333E+02  5.3376633E-06 -9.1617589E-09
  -1.9650000E+02  4.1616667E+02  5.3376768E-06 -7.9842167E-09
  -1.9650000E+02  4.1450000E+02  5.3376892E-06 -6.8373936E-09
  -1.9650000E+02  4.1283333E+02  5.3376992E-06 -5.7139652E-09
  -1.9650000E+02  4.1116667E+02  5.3377064E-06 -4.6184659E-09
  -1.9650000E+02  4.0950000E+02  5.3377116E-06 -3.5549418E-09
  -1.9650000E+02  4.0783333E+02  5.3377148E-06 -2.5212677E-09
  -1.9650000E+02  4.0616667E+02  5.3377159E-06 -1.5049077E-09
  -1.9650000E+02  4.0450000E+02  5.3377153E-06 -5.0205350E-10
  -1.9650000E+02  4.0283333E+02  3.3360713E-11 -3.1169272E-15
  -1.9550000E+02  4.2116667E+02  5.3383758E-06 -1.1614842E-08
  -1.9550000E+02  4.1950000E+02  5.3383791E-06 -1.0376439E-08
  -1.9550000E+02  4.1783333E+02  5.3383781E-06 -9.1651299E-09
  -1.9550000E+02  4.1616667E+02  5.3383745E-06 -7.9868455E-09
  -1.9550000E+02  4.1450000E+02  5.3383685E-06 -6.8385430E-09
  -1.9550000E+02  4.1283333E+02  5.3383592E-06 -5.7132846E-09
  -1.9550000E+02  4.1116667E+02  5.3383477E-06 -4.6165950E-09
  -1.9550000E+02  4.0950000E+02  5.3383361E-06 -3.5529391E-09
  -1.9550000E+02  4.0783333E+02  5.3383255E-06 -2.5188480E-09
  -1.9550000E+02  4.0616667E+02  5.3383179E-06 -1.5034497E-09
  -1.9550000E+02  4.0450000E+02  5.3383130E-06 -5.0016399E-10
  -1.9550000E+02  4.0283333E+02  3.3364424E-11 -3.1048531E-15
  -1.9450000E+02  4.2116667E+02  5.3391205E-06 -1.1613537E-08
  -1.9450000E+02  4.1950000E+02  5.3391104E-06 -1.0373678E-08
  -1.9450000E+02  4.1783333E+02  5.3390962E-06 -9.1587255E-09
  -1.9450000E+02  4.1616667E+02  5.3390760E-06 -7.9790204E-09
  -1.9450000E+02  4.1450000E+02  5.3390517E-06 -6.8281351E-09
  -1.9450000E+02  4.1283333E+02  5.3390233E-06 -5.7011408E-09
  -1.9450000E+02  4.1116667E+02  5.3389932E-06 -4.6037574E-09
  -1.9450000E+02  4.0950000E+02  5.3389643E-06 -3.5414833E-09
  -1.9450000E+02  4.0783333E+02  5.3389396E-06 -2.5091068E-09
  -1.9450000E+02  4.0616667E+02  5.3389224E-06 -1.4983522E-09
  -1.9450000E+02  4.0450000E+02  5.3389131E-06 -4.9669791E-10
  -1.9450000E+02  4.0283333E+02  3.3368161E-11 -3.0799772E-15
  -1.9350000E+02  4.2116667E+02  5.3398722E-06 -1.1603223E-08
  -1.9350000E+02  4.1950000E+02  5.3398488E-06 -1.0363952E-08
  -1.9350000E+02  4.1783333E+02  5.3398209E-06 -9.1431506E-09
  -1.9350000E+02  4.1616667E+02  5.3397843E-06 -7.9605292E-09
  -1.9350000E+02  4.1450000E+02  5.3397412E-06 -6.8061911E-09
  -1.9350000E+02  4.1283333E+02  5.3396933E-06 -5.6773267E-09
  -1.9350000E+02  4.1116667E+02  5.3396436E-06 -4.5796588E-09
  -1.9350000E+02  4.0950000E+02  5.3395963E-06 -3.5199185E-09
  -1.9350000E+02  4.0783333E+02  5.3395562E-06 -2.4917065E-09
  -1.9350000E+02  4.0616667E+02  5.3395279E-06 -1.4885237E-09
  -1.9350000E+02  4.0450000E+02  5.3395136E-06 -4.9232860E-10
  -1.9350000E+02  4.0283333E+02  3.3371908E-11 -3.0485493E-15
  -1.9250000E+02  4.2116667E+02  5.3406282E-06 -1.1586587E-08
  -1.9250000E+02  4.1950000E+02  5.3405944E-06 -1.0346306E-08
  -1.9250000E+02  4.1783333E+02  5.3405523E-06 -9.1187943E-09
  -1.9250000E+02  4.1616667E+02  5.3404991E-06 -7.9309876E-09
  -1.9250000E+02  4.1450000E+02  5.3404365E-06 -6.7723276E-09
  -1.9250000E+02  4.1283333E+02  5.3403676E-06 -5.6411152E-09
  -1.9250000E+02  4.1116667E+02  5.3402966E-06 -4.5434739E-09
  -1.9250000E+02  4.0950000E+02  5.3402290E-06 -3.4871681E-09
  -1.9250000E+02  4.0783333E+02  5.3401715E-06 -2.4658516E-09
  -1.9250000E+02  4.0616667E+02  5.3401302E-06 -1.4726247E-09
  -1.9250000E+02  4.0450000E+02  5.3401095E-06 -4.8724116E-10
  -1.9250000E+02  4.0283333E+02  3.3375625E-11 -3.0133418E-15
  -1.9150000E+02  4.2116667E+02  5.3413868E-06 -1.1566673E-08
  -1.9150000E+02  4.1950000E+02  5.3413443E-06 -1.0320436E-08
  -1.9150000E+02  4.1783333E+02  5.3412882E-06 -9.0857262E-09
  -1.9150000E+02  4.1616667E+02  5.3412180E-06 -7.8900445E-09
  -1.9150000E+02  4.1450000E+02  5.3411346E-06 -6.7256704E-09
  -1.9150000E+02  4.1283333E+02  5.3410426E-06 -5.5912538E-09
  -1.9150000E+02  4.1116667E+02  5.3409478E-06 -4.4938260E-09
  -1.9150000E+02  4.0950000E+02  5.3408571E-06 -3.4418389E-09
  -1.9150000E+02  4.0783333E+02  5.3407798E-06 -2.4303069E-09
  -1.9150000E+02  4.0616667E+02  5.3407234E-06 -1.4495184E-09
  -1.9150000E+02  4.0450000E+02  5.3406950E-06 -4.8093578E-10
  -1.9150000E+02  4.0283333E+02  3.3379268E-11 -2.9714953E-15
  -1.9050000E+02  4.2116667E+02  5.3421470E-06 -1.1543640E-08
  -1.9050000E+02  4.1950000E+02  5.3420958E-06 -1.0287230E-08
  -1.9050000E+02  4.1783333E+02  5.3420266E-06 -9.0437572E-09
  -1.9050000E+02  4.1616667E+02  5.3419388E-06 -7.8372107E-09
  -1.9050000E+02  4.1450000E+02  5.3418328E-06 -6.6648992E-09
  -1.9050000E+02  4.1283333E+02  5.3417148E-06 -5.5260165E-09
  -1.9050000E+02  4.1116667E+02  5.3415926E-06 -4.4288340E-09
  -1.9050000E+02  4.0950000E+02  5.3414757E-06 -3.3822906E-09
  -1.9050000E+02  4.0783333E+02  5.3413757E-06 -2.3834901E-09
  -1.9050000E+02  4.0616667E+02  5.3413023E-06 -1.4184461E-09
  -1.9050000E+02  4.0450000E+02  5.3412646E-06 -4.7236432E-10
  -1.9050000E+02  4.0283333E+02  3.3382797E-11 -2.9153590E-15
  -1.8950000E+02  4.2116667E+02  5.3429078E-06 -1.1516674E-08
  -1.8950000E+02  4.1950000E+02  5.3428487E-06 -1.0248052E-08
  -1.8950000E+02  4.1783333E+02  5.3427674E-06 -8.9926503E-09
  -1.8950000E+02  4.1616667E+02  5.3426610E-06 -7.7717483E-09
  -1.8950000E+02  4.1450000E+02  5.3425303E-06 -6.5883537E-09
  -1.8950000E+02  4.1283333E+02  5.3423828E-06 -5.4432420E-09
  -1.8950000E+02  4.1116667E+02  5.3422292E-06 -4.3461571E-09
  -1.8950000E+02  4.0950000E+02  5.3420821E-06 -3.3065964E-09
  -1.8950000E+02  4.0783333E+02  5.3419561E-06 -2.3235492E-09
  -1.8950000E+02  4.0616667E+02  5.3418636E-06 -1.3788495E-09
  -1.8950000E+02  4.0450000E+02  5.3418151E-06 -4.6030062E-10
  -1.8950000E+02  4.0283333E+02  3.3386193E-11 -2.8356181E-15
  -1.8850000E+02  4.2116667E+02  5.3436687E-06 -1.1487287E-08
  -1.8850000E+02  4.1950000E+02  5.3436054E-06 -1.0204081E-08
  -1.8850000E+02  4.1783333E+02  5.3435131E-06 -8.9324572E-09
  -1.8850000E+02  4.1616667E+02  5.3433876E-06 -7.6927666E-09
  -1.8850000E+02  4.1450000E+02  5.3432296E-06 -6.4940932E-09
  -1.8850000E+02  4.1283333E+02  5.3430485E-06 -5.3403138E-09
  -1.8850000E+02  4.1116667E+02  5.3428585E-06 -4.2429632E-09
  -1.8850000E+02  4.0950000E+02  5.3426765E-06 -3.2123674E-09
  -1.8850000E+02  4.0783333E+02  5.3425202E-06 -2.2483424E-09
  -1.8850000E+02  4.0616667E+02  5.3424058E-06 -1.3299502E-09
  -1.8850000E+02  4.0450000E+02  5.3423451E-06 -4.4373169E-10
  -1.8850000E+02  4.0283333E+02  3.3389452E-11 -2.7248218E-15
  -1.8750000E+02  4.2116667E+02  5.3444310E-06 -1.1459590E-08
  -1.8750000E+02  4.1950000E+02  5.3443698E-06 -1.0157083E-08
  -1.8750000E+02  4.1783333E+02  5.3442691E-06 -8.8637026E-09
  -1.8750000E+02  4.1616667E+02  5.3441243E-06 -7.5992971E-09
  -1.8750000E+02  4.1450000E+02  5.3439361E-06 -6.3798331E-09
  -1.8750000E+02  4.1283333E+02  5.3437163E-06 -5.2140508E-09
  -1.8750000E+02  4.1116667E+02  5.3434839E-06 -4.1157791E-09
  -1.8750000E+02  4.0950000E+02  5.3432608E-06 -3.0964754E-09
  -1.8750000E+02  4.0783333E+02  5.3430688E-06 -2.1552894E-09
  -1.8750000E+02  4.0616667E+02  5.3429287E-06 -1.2703055E-09
  -1.8750000E+02  4.0450000E+02  5.3428539E-06 -4.2206209E-10
  -1.8750000E+02  4.0283333E+02  3.3392574E-11 -2.5793591E-15
  -1.8650000E+02  4.2116667E+02  5.3452003E-06 -1.1438066E-08
  -1.8650000E+02  4.1950000E+02  5.3451478E-06 -1.0110356E-08
  -1.8650000E+02  4.1783333E+02  5.3450431E-06 -8.7872384E-09
  -1.8650000E+02  4.1616667E+02  5.3448786E-06 -7.4901634E-09
  -1.8650000E+02  4.1450000E+02  5.3446564E-06 -6.2427301E-09
  -1.8650000E+02  4.1283333E+02  5.3443917E-06 -5.0604777E-09
  -1.8650000E+02  4.1116667E+02  5.3441089E-06 -3.9602289E-09
  -1.8650000E+02  4.0950000E+02  5.3438366E-06 -2.9547482E-09
  -1.8650000E+02  4.0783333E+02  5.3436020E-06 -2.0411227E-09
  -1.8650000E+02  4.0616667E+02  5.3434306E-06 -1.1975360E-09
  -1.8650000E+02  4.0450000E+02  5.3433391E-06 -3.9503147E-10
  -1.8650000E+02  4.0283333E+02  3.3395550E-11 -2.3988841E-15
  -1.8550000E+02  4.2116667E+02  5.3459855E-06 -1.1426107E-08
  -1.8550000E+02  4.1950000E+02  5.3459477E-06 -1.0068148E-08
  -1.8550000E+02  4.1783333E+02  5.3458433E-06 -8.7039772E-09
  -1.8550000E+02  4.1616667E+02  5.3456582E-06 -7.3636778E-09
  -1.8550000E+02  4.1450000E+02  5.3453967E-06 -6.0790430E-09
  -1.8550000E+02  4.1283333E+02  5.3450787E-06 -4.8744779E-09
  -1.8550000E+02  4.1116667E+02  5.3447355E-06 -3.7706954E-09
  -1.8550000E+02  4.0950000E+02  5.3444035E-06 -2.7817011E-09
  -1.8550000E+02  4.0783333E+02  5.3441172E-06 -1.9016029E-09
  -1.8550000E+02  4.0616667E+02  5.3439073E-06 -1.1082997E-09
  -1.8550000E+02  4.0450000E+02  5.3437957E-06 -3.6239295E-10
  -1.8550000E+02  4.0283333E+02  3.3398344E-11 -2.1835540E-15
  -1.8450000E+02  4.2116667E+02  5.3467942E-06 -1.1427401E-08
  -1.8450000E+02  4.1950000E+02  5.3467780E-06 -1.0034448E-08
  -1.8450000E+02  4.1783333E+02  5.3466776E-06 -8.6148252E-09
  -1.8450000E+02  4.1616667E+02  5.3464702E-06 -7.2173073E-09
  -1.8450000E+02  4.1450000E+02  5.3461621E-06 -5.8837215E-09
  -1.8450000E+02  4.1283333E+02  5.3457795E-06 -4.6493736E-09
  -1.8450000E+02  4.1116667E+02  5.3453629E-06 -3.5399448E-09
  -1.8450000E+02  4.0950000E+02  5.3449580E-06 -2.5703235E-09
  -1.8450000E+02  4.0783333E+02  5.3446082E-06 -1.7312611E-09
  -1.8450000E+02  4.0616667E+02  5.3443510E-06 -9.9844532E-10
  -1.8450000E+02  4.0450000E+02  5.3442147E-06 -3.2350883E-10
  -1.8450000E+02  4.0283333E+02  3.3400894E-11 -1.9304772E-15
  -1.8350000E+02  4.2116667E+02  5.3476274E-06 -1.1449616E-08
  -1.8350000E+02  4.1950000E+02  5.3476454E-06 -1.0013341E-08
  -1.8350000E+02  4.1783333E+02  5.3475539E-06 -8.5208371E-09
  -1.8350000E+02  4.1616667E+02  5.3473216E-06 -7.0474034E-09
  -1.8350000E+02  4.1450000E+02  5.3469568E-06 -5.6499489E-09
  -1.8350000E+02  4.1283333E+02  5.3464950E-06 -4.3764670E-09
  -1.8350000E+02  4.1116667E+02  5.3459881E-06 -3.2587328E-09
  -1.8350000E+02  4.0950000E+02  5.3454936E-06 -2.3118854E-09
  -1.8350000E+02  4.0783333E+02  5.3450659E-06 -1.5231893E-09
  -1.8350000E+02  4.0616667E+02  5.3447508E-06 -8.6318933E-10
  -1.8350000E+02  4.0450000E+02  5.3445842E-06 -2.7704470E-10
  -1.8350000E+02  4.0283333E+02  3.3403116E-11 -1.6309938E-15
  -1.8250000E+02  4.2116667E+02  5.3484804E-06 -1.1507947E-08
  -1.8250000E+02  4.1950000E+02  5.3485564E-06 -1.0011451E-08
  -1.8250000E+02  4.1783333E+02  5.3484822E-06 -8.4232760E-09
  -1.8250000E+02  4.1616667E+02  5.3482211E-06 -6.8488832E-09
  -1.8250000E+02  4.1450000E+02  5.3477860E-06 -5.3685968E-09
  -1.8250000E+02  4.1283333E+02  5.3472257E-06 -4.0445386E-09
  -1.8250000E+02  4.1116667E+02  5.3466072E-06 -2.9153899E-09
  -1.8250000E+02  4.0950000E+02  5.3460025E-06 -1.9956906E-09
  -1.8250000E+02  4.0783333E+02  5.3454793E-06 -1.2688531E-09
  -1.8250000E+02  4.0616667E+02  5.3450937E-06 -6.9715499E-10
  -1.8250000E+02  4.0450000E+02  5.3448900E-06 -2.2087593E-10
  -1.8250000E+02  4.0283333E+02  3.3404911E-11 -1.2698459E-15
  -1.8150000E+02  4.2116667E+02  5.3493516E-06 -1.1626824E-08
  -1.8150000E+02  4.1950000E+02  5.3495222E-06 -1.0040567E-08
  -1.8150000E+02  4.1783333E+02  5.3494781E-06 -8.3231242E-09
  -1.8150000E+02  4.1616667E+02  5.3491817E-06 -6.6145496E-09
  -1.8150000E+02  4.1450000E+02  5.3486578E-06 -5.0275168E-09
  -1.8150000E+02  4.1283333E+02  5.3479741E-06 -3.6392668E-09
  -1.8150000E+02  4.1116667E+02  5.3472172E-06 -2.4953659E-09
  -1.8150000E+02  4.0950000E+02  5.3464769E-06 -1.6087203E-09
  -1.8150000E+02  4.0783333E+02  5.3458368E-06 -9.5787239E-10
  -1.8150000E+02  4.0616667E+02  5.3453658E-06 -4.9418488E-10
  -1.8150000E+02  4.0450000E+02  5.3451168E-06 -1.5220312E-10
  -1.8150000E+02  4.0283333E+02  3.3406177E-11 -8.2630539E-16
  -1.8050000E+02  4.2116667E+02  5.3502518E-06 -1.1840766E-08
  -1.8050000E+02  4.1950000E+02  5.3505665E-06 -1.0117883E-08
  -1.8050000E+02  4.1783333E+02  5.3505671E-06 -8.2196460E-09
  -1.8050000E+02  4.1616667E+02  5.3502230E-06 -6.3337842E-09
  -1.8050000E+02  4.1450000E+02  5.3495842E-06 -4.6106259E-09
  -1.8050000E+02  4.1283333E+02  5.3487452E-06 -3.1425512E-09
  -1.8050000E+02  4.1116667E+02  5.3478165E-06 -1.9807133E-09
  -1.8050000E+02  4.0950000E+02  5.3469098E-06 -1.1351507E-09
  -1.8050000E+02  4.0783333E+02  5.3461270E-06 -5.7772065E-10
  -1.8050000E+02  4.0616667E+02  5.3455523E-06 -2.4693502E-10
  -1.8050000E+02  4.0450000E+02  5.3452485E-06 -6.7766403E-11
  -1.8050000E+02  4.0283333E+02  3.3406810E-11 -2.7641761E-16
  -1.7950000E+02  4.2116667E+02  5.3512121E-06 -1.2196878E-08
  -1.7950000E+02  4.1950000E+02  5.3517317E-06 -1.0262408E-08
  -1.7950000E+02  4.1783333E+02  5.3517855E-06 -8.1077323E-09
  -1.7950000E+02  4.1616667E+02  5.3513712E-06 -5.9906555E-09
  -1.7950000E+02  4.1450000E+02  5.3505817E-06 -4.0968369E-09
  -1.7950000E+02  4.1283333E+02  5.3495465E-06 -2.5317529E-09
  -1.7950000E+02  4.1116667E+02  5.3484051E-06 -1.3494982E-09
  -1.7950000E+02  4.0950000E+02  5.3472942E-06 -5.5577285E-10
  -1.7950000E+02  4.0783333E+02  5.3463374E-06 -1.1332254E-10
  -1.7950000E+02  4.0616667E+02  5.3456371E-06  5.3661092E-11
  -1.7950000E+02  4.0450000E+02  5.3452669E-06  3.5997248E-11
  -1.7950000E+02  4.0283333E+02  3.3406695E-11  4.0493071E-16
  -1.7850000E+02  4.2116667E+02  5.3522934E-06 -1.2757659E-08
  -1.7850000E+02  4.1950000E+02  5.3530829E-06 -1.0487053E-08
  -1.7850000E+02  4.1783333E+02  5.3531806E-06 -7.9740477E-09
  -1.7850000E+02  4.1616667E+02  5.3526575E-06 -5.5618434E-09
  -1.7850000E+02  4.1450000E+02  5.3516691E-06 -3.4589679E-09
  -1.7850000E+02  4.1283333E+02  5.3503865E-06 -1.7789094E-09
  -1.7850000E+02  4.1116667E+02  5.3489826E-06 -5.7514295E-10
  -1.7850000E+02  4.0950000E+02  5.3476222E-06  1.5264032E-10
  -1.7850000E+02  4.0783333E+02  5.3464537E-06  4.5344391E-10
  -1.7850000E+02  4.0616667E+02  5.3456006E-06  4.1894144E-10
  -1.7850000E+02  4.0450000E+02  5.3451503E-06  1.6297017E-10
  -1.7850000E+02  4.0283333E+02  3.3405693E-11  1.2433033E-15
  -1.7750000E+02  4.2116667E+02  5.3536080E-06 -1.3591576E-08
  -1.7750000E+02  4.1950000E+02  5.3547075E-06 -1.0786485E-08
  -1.7750000E+02  4.1783333E+02  5.3548065E-06 -7.7926630E-09
  -1.7750000E+02  4.1616667E+02  5.3541158E-06 -5.0149157E-09
  -1.7750000E+02  4.1450000E+02  5.3528657E-06 -2.6628112E-09
  -1.7750000E+02  4.1283333E+02  5.3512731E-06 -8.4999115E-10
  -1.7750000E+02  4.1116667E+02  5.3495465E-06  3.7429168E-10
  -1.7750000E+02  4.0950000E+02  5.3478822E-06  1.0180072E-09
  -1.7750000E+02  4.0783333E+02  5.3464570E-06  1.1443332E-09
  -1.7750000E+02  4.0616667E+02  5.3454185E-06  8.6298723E-10
  -1.7750000E+02  4.0450000E+02  5.3448710E-06  3.1756989E-10
  -1.7750000E+02  4.0283333E+02  3.3403626E-11  2.2659911E-15
  -1.7650000E+02  4.2116667E+02  5.3553474E-06 -1.4730141E-08
  -1.7650000E+02  4.1950000E+02  5.3567075E-06 -1.1123716E-08
  -1.7650000E+02  4.1783333E+02  5.3567189E-06 -7.5216315E-09
  -1.7650000E+02  4.1616667E+02  5.3557787E-06 -4.3074010E-09
  -1.7650000E+02  4.1450000E+02  5.3541891E-06 -1.6665151E-09
  -1.7650000E+02  4.1283333E+02  5.3522116E-06  2.9574875E-10
  -1.7650000E+02  4.1116667E+02  5.3500910E-06  1.5368731E-09
  -1.7650000E+02  4.0950000E+02  5.3480582E-06  2.0736832E-09
  -1.7650000E+02  4.0783333E+02  5.3463222E-06  1.9854235E-09
  -1.7650000E+02  4.0616667E+02  5.3450588E-06  1.4029995E-09
  -1.7650000E+02  4.0450000E+02  5.3443937E-06  5.0510519E-10
  -1.7650000E+02  4.0283333E+02  3.3400260E-11  3.5051245E-15
  -1.7550000E+02  4.2116667E+02  5.3577653E-06 -1.6095817E-08
  -1.7550000E+02  4.1950000E+02  5.3591804E-06 -1.1423161E-08
  -1.7550000E+02  4.1783333E+02  5.3589689E-06 -7.1021498E-09
  -1.7550000E+02  4.1616667E+02  5.3576758E-06 -3.3869198E-09
  -1.7550000E+02  4.1450000E+02  5.3556544E-06 -4.2036045E-10
  -1.7550000E+02  4.1283333E+02  5.3532040E-06  1.7063215E-09
  -1.7550000E+02  4.1116667E+02  5.3506057E-06  2.9576199E-09
  -1.7550000E+02  4.0950000E+02  5.3481279E-06  3.3593477E-09
  -1.7550000E+02  4.0783333E+02  5.3460169E-06  3.0079639E-09
  -1.7550000E+02  4.0616667E+02  5.3444815E-06  2.0596561E-09
  -1.7550000E+02  4.0450000E+02  5.3436738E-06  7.3218009E-10
  -1.7550000E+02  4.0283333E+02  3.3395302E-11  5.0018037E-15
  -1.7450000E+02  4.2116667E+02  5.3610711E-06 -1.7467343E-08
  -1.7450000E+02  4.1950000E+02  5.3621981E-06 -1.1576902E-08
  -1.7450000E+02  4.1783333E+02  5.3615979E-06 -6.4613993E-09
  -1.7450000E+02  4.1616667E+02  5.3598323E-06 -2.1924364E-09
  -1.7450000E+02  4.1450000E+02  5.3572738E-06  1.1330789E-09
  -1.7450000E+02  4.1283333E+02  5.3542499E-06  3.4374924E-09
  -1.7450000E+02  4.1116667E+02  5.3510765E-06  4.6894264E-09
  -1.7450000E+02  4.0950000E+02  5.3480634E-06  4.9221134E-09
  -1.7450000E+02  4.0783333E+02  5.3455007E-06  4.2494468E-09
  -1.7450000E+02  4.0616667E+02  5.3436369E-06  2.8576072E-09
  -1.7450000E+02  4.0450000E+02  5.3426566E-06  1.0070875E-09
  -1.7450000E+02  4.0283333E+02  3.3388386E-11  6.8101457E-15
  -1.7350000E+02  4.2116667E+02  5.3653041E-06 -1.8551357E-08
  -1.7350000E+02  4.1950000E+02  5.3657943E-06 -1.1463227E-08
  -1.7350000E+02  4.1783333E+02  5.3646343E-06 -5.5189321E-09
  -1.7350000E+02  4.1616667E+02  5.3622691E-06 -6.5644406E-10
  -1.7350000E+02  4.1450000E+02  5.3590586E-06  3.0584865E-09
  -1.7350000E+02  4.1283333E+02  5.3553472E-06  5.5533081E-09
  -1.7350000E+02  4.1116667E+02  5.3514862E-06  6.7941875E-09
  -1.7350000E+02  4.0950000E+02  5.3478317E-06  6.8179441E-09
  -1.7350000E+02  4.0783333E+02  5.3447254E-06  5.7549862E-09
  -1.7350000E+02  4.0616667E+02  5.3424654E-06  3.8263053E-09
  -1.7350000E+02  4.0450000E+02  5.3412761E-06  1.3401958E-09
  -1.7350000E+02  4.0283333E+02  3.3379073E-11  9.0004937E-15
  -1.7250000E+02  4.2116667E+02  5.3703309E-06 -1.9118853E-08
  -1.7250000E+02  4.1950000E+02  5.3699646E-06 -1.0970050E-08
  -1.7250000E+02  4.1783333E+02  5.3680957E-06 -4.1947784E-09
  -1.7250000E+02  4.1616667E+02  5.3650059E-06  1.2923634E-09
  -1.7250000E+02  4.1450000E+02  5.3610206E-06  5.4272385E-09
  -1.7250000E+02  4.1283333E+02  5.3564949E-06  8.1267800E-09
  -1.7250000E+02  4.1116667E+02  5.3518166E-06  9.3442602E-09
  -1.7250000E+02  4.0950000E+02  5.3473951E-06  9.1135018E-09
  -1.7250000E+02  4.0783333E+02  5.3436352E-06  7.5791173E-09
  -1.7250000E+02  4.0616667E+02  5.3408966E-06  5.0013390E-09
  -1.7250000E+02  4.0450000E+02  5.3394539E-06  1.7443760E-09
  -1.7250000E+02  4.0283333E+02  3.3366843E-11  1.1661899E-14
  -1.7150000E+02  4.2116667E+02  5.3759704E-06 -1.9082226E-08
  -1.7150000E+02  4.1950000E+02  5.3746827E-06 -1.0014295E-08
  -1.7150000E+02  4.1783333E+02  5.3719947E-06 -2.4164140E-09
  -1.7150000E+02  4.1616667E+02  5.3680636E-06  3.7265584E-09
  -1.7150000E+02  4.1450000E+02  5.3631758E-06  8.3169464E-09
  -1.7150000E+02  4.1283333E+02  5.3576952E-06  1.1240838E-08
  -1.7150000E+02  4.1116667E+02  5.3520498E-06  1.2424404E-08
  -1.7150000E+02  4.0950000E+02  5.3467125E-06  1.1888604E-08
  -1.7150000E+02  4.0783333E+02  5.3421655E-06  9.7882020E-09
  -1.7150000E+02  4.0616667E+02  5.3388472E-06  6.4263925E-09
  -1.7150000E+02  4.0450000E+02  5.3370962E-06  2.2355393E-09
  -1.7150000E+02  4.0283333E+02  3.3351073E-11  1.4904960E-14
  -1.7050000E+02  4.2116667E+02  5.3821075E-06 -1.8464967E-08
  -1.7050000E+02  4.1950000E+02  5.3799244E-06 -8.5490746E-09
  -1.7050000E+02  4.1783333E+02  5.3763472E-06 -1.2250146E-10
  -1.7050000E+02  4.1616667E+02  5.3714690E-06  6.7181975E-09
  -1.7050000E+02  4.1450000E+02  5.3655469E-06  1.1811311E-08
  -1.7050000E+02  4.1283333E+02  5.3589555E-06  1.4989646E-08
  -1.7050000E+02  4.1116667E+02  5.3521697E-06  1.6134324E-08
  -1.7050000E+02  4.0950000E+02  5.3457389E-06  1.5239533E-08
  -1.7050000E+02  4.0783333E+02  5.3402418E-06  1.2463726E-08
  -1.7050000E+02  4.0616667E+02  5.3362183E-06  8.1559301E-09
  -1.7050000E+02  4.0450000E+02  5.3340904E-06  2.8333873E-09
  -1.7050000E+02  4.0283333E+02  3.3331012E-11  1.8866697E-14
  -1.6950000E+02  4.2116667E+02  5.3887164E-06 -1.7330799E-08
  -1.6950000E+02  4.1950000E+02  5.3856887E-06 -6.5567601E-09
  -1.6950000E+02  4.1783333E+02  5.3811798E-06  2.7368569E-09
  -1.6950000E+02  4.1616667E+02  5.3752592E-06  1.0338065E-08
  -1.6950000E+02  4.1450000E+02  5.3681665E-06  1.6000367E-08
  -1.6950000E+02  4.1283333E+02  5.3602916E-06  1.9480326E-08
  -1.6950000E+02  4.1116667E+02  5.3521636E-06  2.0591943E-08
  -1.6950000E+02  4.0950000E+02  5.3444252E-06  1.9283473E-08
  -1.6950000E+02  4.0783333E+02  5.3377771E-06  1.5706855E-08
  -1.6950000E+02  4.0616667E+02  5.3328906E-06  1.0258792E-08
  -1.6950000E+02  4.0450000E+02  5.3302986E-06  3.5625516E-09
  -1.6950000E+02  4.0283333E+02  3.3305736E-11  2.3719219E-14
  -1.6850000E+02  4.2116667E+02  5.3958320E-06 -1.5738940E-08
  -1.6850000E+02  4.1950000E+02  5.3920048E-06 -4.0356575E-09
  -1.6850000E+02  4.1783333E+02  5.3865363E-06  6.2021596E-09
  -1.6850000E+02  4.1616667E+02  5.3794854E-06  1.4655654E-08
  -1.6850000E+02  4.1450000E+02  5.3710811E-06  2.0980991E-08
  -1.6850000E+02  4.1283333E+02  5.3617303E-06  2.4835088E-08
  -1.6850000E+02  4.1116667E+02  5.3520243E-06  2.5937567E-08
  -1.6850000E+02  4.0950000E+02  5.3427185E-06  2.4164407E-08
  -1.6850000E+02  4.0783333E+02  5.3346686E-06  1.9644704E-08
  -1.6850000E+02  4.0616667E+02  5.3287182E-06  1.2823070E-08
  -1.6850000E+02  4.0450000E+02  5.3255501E-06  4.4543799E-09
  -1.6850000E+02  4.0283333E+02  3.3274088E-11  2.9683856E-14
  -1.6750000E+02  4.2116667E+02  5.4035209E-06 -1.3733069E-08
  -1.6750000E+02  4.1950000E+02  5.3989285E-06 -9.8969994E-10
  -1.6750000E+02  4.1783333E+02  5.3924793E-06  1.0306792E-08
  -1.6750000E+02  4.1616667E+02  5.3842167E-06  1.9739126E-08
  -1.6750000E+02  4.1450000E+02  5.3743548E-06  2.6857256E-08
  -1.6750000E+02  4.1283333E+02  5.3633142E-06  3.1193619E-08
  -1.6750000E+02  4.1116667E+02  5.3517534E-06  3.2339121E-08
  -1.6750000E+02  4.0950000E+02  5.3405625E-06  3.0060896E-08
  -1.6750000E+02  4.0783333E+02  5.3307944E-06  2.4438981E-08
  -1.6750000E+02  4.0616667E+02  5.3235213E-06  1.5962906E-08
  -1.6750000E+02  4.0450000E+02  5.3196309E-06  5.5496664E-09
  -1.6750000E+02  4.0283333E+02  3.3234602E-11  3.7052942E-14
  -1.6650000E+02  4.2116667E+02  5.4118628E-06 -1.1345870E-08
  -1.6650000E+02  4.1950000E+02  5.4065352E-06  2.5751588E-09
  -1.6650000E+02  4.1783333E+02  5.3990914E-06  1.5077699E-08
  -1.6650000E+02  4.1616667E+02  5.3895438E-06  2.5654335E-08
  -1.6650000E+02  4.1450000E+02  5.3780757E-06  3.3740053E-08
  -1.6650000E+02  4.1283333E+02  5.3651087E-06  3.8715411E-08
  -1.6650000E+02  4.1116667E+02  5.3513674E-06  3.9998578E-08
  -1.6650000E+02  4.0950000E+02  5.3379001E-06  3.7196388E-08
  -1.6650000E+02  4.0783333E+02  5.3260106E-06  3.0298006E-08
  -1.6650000E+02  4.0616667E+02  5.3170765E-06  1.9828221E-08
  -1.6650000E+02  4.0450000E+02  5.3122697E-06  6.9026542E-09
  -1.6650000E+02  4.0283333E+02  3.3185400E-11  4.6222824E-14
  -1.6550000E+02  4.2116667E+02  5.4209419E-06 -8.6065654E-09
  -1.6550000E+02  4.1950000E+02  5.4149143E-06  6.6489997E-09
  -1.6550000E+02  4.1783333E+02  5.4064752E-06  2.0533595E-08
  -1.6550000E+02  4.1616667E+02  5.3955834E-06  3.2462053E-08
  -1.6550000E+02  4.1450000E+02  5.3823634E-06  4.1745221E-08
  -1.6550000E+02  4.1283333E+02  5.3672118E-06  4.7581417E-08
  -1.6550000E+02  4.1116667E+02  5.3509082E-06  4.9159515E-08
  -1.6550000E+02  4.0950000E+02  5.3346797E-06  4.5852953E-08
  -1.6550000E+02  4.0783333E+02  5.3201486E-06  3.7493764E-08
  -1.6550000E+02  4.0616667E+02  5.3091052E-06  2.4618996E-08
  -1.6550000E+02  4.0450000E+02  5.3031203E-06  8.5868361E-09
  -1.6550000E+02  4.0283333E+02  3.3124042E-11  5.7744302E-14
  -1.6450000E+02  4.2116667E+02  5.4308450E-06 -5.5468510E-09
  -1.6450000E+02  4.1950000E+02  5.4241665E-06  1.1212967E-08
  -1.6450000E+02  4.1783333E+02  5.4147537E-06  2.6680729E-08
  -1.6450000E+02  4.1616667E+02  5.4024825E-06  4.0212732E-08
  -1.6450000E+02  4.1450000E+02  5.3873781E-06  5.0989219E-08
  -1.6450000E+02  4.1283333E+02  5.3697686E-06  5.7994064E-08
  -1.6450000E+02  4.1116667E+02  5.3504579E-06  6.0115446E-08
  -1.6450000E+02  4.0950000E+02  5.3308655E-06  5.6389545E-08
  -1.6450000E+02  4.0783333E+02  5.3130145E-06  4.6386416E-08
  -1.6450000E+02  4.0616667E+02  5.2992574E-06  3.0606723E-08
  -1.6450000E+02  4.0450000E+02  5.2917347E-06  1.0703618E-08
  -1.6450000E+02  4.0283333E+02  3.3047323E-11  7.2401455E-14
  -1.6350000E+02  4.2116667E+02  5.4416613E-06 -2.2045183E-09
  -1.6350000E+02  4.1950000E+02  5.4344017E-06  1.6233516E-08
  -1.6350000E+02  4.1783333E+02  5.4240705E-06  3.3506513E-08
  -1.6350000E+02  4.1616667E+02  5.4104230E-06  4.8938229E-08
  -1.6350000E+02  4.1450000E+02  5.3933320E-06  6.1580930E-08
  -1.6350000E+02  4.1283333E+02  5.3729889E-06  7.0173933E-08
  -1.6350000E+02  4.1116667E+02  5.3501621E-06  7.3218076E-08
  -1.6350000E+02  4.0950000E+02  5.3264558E-06  6.9266075E-08
  -1.6350000E+02  4.0783333E+02  5.3043901E-06  5.7459947E-08
  -1.6350000E+02  4.0616667E+02  5.2870903E-06  3.8167373E-08
  -1.6350000E+02  4.0450000E+02  5.2775249E-06  1.3395828E-08
  -1.6350000E+02  4.0283333E+02  3.2950942E-11  9.1339511E-14
  -1.6250000E+02  4.2116667E+02  5.4534809E-06  1.3739292E-09
  -1.6250000E+02  4.1950000E+02  5.4457370E-06  2.1657173E-08
  -1.6250000E+02  4.1783333E+02  5.4345875E-06  4.0971275E-08
  -1.6250000E+02  4.1616667E+02  5.4196243E-06  5.8639935E-08
  -1.6250000E+02  4.1450000E+02  5.4005011E-06  7.3607726E-08
  -1.6250000E+02  4.1283333E+02  5.3771722E-06  8.4350334E-08
  -1.6250000E+02  4.1116667E+02  5.3502627E-06  8.8883446E-08
  -1.6250000E+02  4.0950000E+02  5.3215126E-06  8.5074539E-08
  -1.6250000E+02  4.0783333E+02  5.2940397E-06  7.1374656E-08
  -1.6250000E+02  4.0616667E+02  5.2720386E-06  4.7833233E-08
  -1.6250000E+02  4.0450000E+02  5.2597047E-06  1.6869510E-08
  -1.6250000E+02  4.0283333E+02  3.2828989E-11  1.1628156E-13
  -1.6150000E+02  4.2116667E+02  5.4663876E-06  5.1299704E-09
  -1.6150000E+02  4.1950000E+02  5.4582901E-06  2.7405973E-08
  -1.6150000E+02  4.1783333E+02  5.4464796E-06  4.8998487E-08
  -1.6150000E+02  4.1616667E+02  5.4303426E-06  6.9272827E-08
  -1.6150000E+02  4.1450000E+02  5.4092347E-06  8.7113520E-08
  -1.6150000E+02  4.1283333E+02  5.3827359E-06  1.0074119E-07
  -1.6150000E+02  4.1116667E+02  5.3511473E-06  1.0759138E-07
  -1.6150000E+02  4.0950000E+02  5.3162122E-06  1.0457774E-07
  -1.6150000E+02  4.0783333E+02  5.2817283E-06  8.9045521E-08
  -1.6150000E+02  4.0616667E+02  5.2533726E-06  6.0376478E-08
  -1.6150000E+02  4.0450000E+02  5.2371999E-06  2.1430185E-08
  -1.6150000E+02  4.0283333E+02  3.2673110E-11  1.4991009E-13
  -1.6050000E+02  4.2116667E+02  5.4804482E-06  8.9887749E-09
  -1.6050000E+02  4.1950000E+02  5.4721690E-06  3.3373230E-08
  -1.6050000E+02  4.1783333E+02  5.4599244E-06  5.7464248E-08
  -1.6050000E+02  4.1616667E+02  5.4428639E-06  8.0725590E-08
  -1.6050000E+02  4.1450000E+02  5.4199621E-06  1.0206655E-07
  -1.6050000E+02  4.1283333E+02  5.3902490E-06  1.1951536E-07
  -1.6050000E+02  4.1116667E+02  5.3534180E-06  1.2986892E-07
  -1.6050000E+02  4.0950000E+02  5.3109311E-06  1.2875342E-07
  -1.6050000E+02  4.0783333E+02  5.2672640E-06  1.1176043E-07
  -1.6050000E+02  4.0616667E+02  5.2301422E-06  7.6948038E-08
  -1.6050000E+02  4.0450000E+02  5.2085034E-06  2.7545558E-08
  -1.6050000E+02  4.0283333E+02  3.2471089E-11  1.9655673E-13
  -1.5950000E+02  4.2116667E+02  5.4957029E-06  1.2855588E-08
  -1.5950000E+02  4.1950000E+02  5.4874597E-06  3.9419856E-08
  -1.5950000E+02  4.1783333E+02  5.4750874E-06  6.6187715E-08
  -1.5950000E+02  4.1616667E+02  5.4574875E-06  9.2798421E-08
  -1.5950000E+02  4.1450000E+02  5.4331860E-06  1.1831569E-07
  -1.5950000E+02  4.1283333E+02  5.4004630E-06  1.4072790E-07
  -1.5950000E+02  4.1116667E+02  5.3579884E-06  1.5623968E-07
  -1.5950000E+02  4.0950000E+02  5.3063903E-06  1.5883373E-07
  -1.5950000E+02  4.0783333E+02  5.2505924E-06  1.4135906E-07
  -1.5950000E+02  4.0616667E+02  5.2011022E-06  9.9316569E-08
  -1.5950000E+02  4.0450000E+02  5.1714376E-06  3.5959130E-08
  -1.5950000E+02  4.0283333E+02  3.2204385E-11  2.6346598E-13
  -1.5850000E+02  4.2116667E+02  5.5121575E-06  1.6615299E-08
  -1.5850000E+02  4.1950000E+02  5.5042131E-06  4.5372657E-08
  -1.5850000E+02  4.1783333E+02  5.4921017E-06  7.4925142E-08
  -1.5850000E+02  4.1616667E+02  5.4744990E-06  1.0518254E-07
  -1.5850000E+02  4.1450000E+02  5.4494575E-06  1.3553740E-07
  -1.5850000E+02  4.1283333E+02  5.4143277E-06  1.6421788E-07
  -1.5850000E+02  4.1116667E+02  5.3662075E-06  1.8710656E-07
  -1.5850000E+02  4.0950000E+02  5.3039015E-06  1.9630934E-07
  -1.5850000E+02  4.0783333E+02  5.2320040E-06  1.8050066E-07
  -1.5850000E+02  4.0616667E+02  5.1646256E-06  1.3029614E-07
  -1.5850000E+02  4.0450000E+02  5.1227447E-06  4.7906896E-08
  -1.5850000E+02  4.0283333E+02  3.1843753E-11  3.6309268E-13
  -1.5750000E+02  4.2116667E+02  5.5297808E-06  2.0136732E-08
  -1.5750000E+02  4.1950000E+02  5.5224324E-06  5.1026893E-08
  -1.5750000E+02  4.1783333E+02  5.5110441E-06  8.3370700E-08
  -1.5750000E+02  4.1616667E+02  5.4941282E-06  1.1744811E-07
  -1.5750000E+02  4.1450000E+02  5.4693169E-06  1.5318352E-07
  -1.5750000E+02  4.1283333E+02  5.4329588E-06  1.8946455E-07
  -1.5750000E+02  4.1116667E+02  5.3799901E-06  2.2251320E-07
  -1.5750000E+02  4.0950000E+02  5.3057735E-06  2.4281625E-07
  -1.5750000E+02  4.0783333E+02  5.2125823E-06  2.3304696E-07
  -1.5750000E+02  4.0616667E+02  5.1186338E-06  1.7454602E-07
  -1.5750000E+02  4.0450000E+02  5.0573478E-06  6.5557120E-08
  -1.5750000E+02  4.0283333E+02  3.1341365E-11  5.1705456E-13
  -1.5650000E+02  4.2116667E+02  5.5485012E-06  2.3281141E-08
  -1.5650000E+02  4.1950000E+02  5.5420621E-06  5.6154985E-08
  -1.5650000E+02  4.1783333E+02  5.5319099E-06  9.1166860E-08
  -1.5650000E+02  4.1616667E+02  5.5164980E-06  1.2904864E-07
  -1.5650000E+02  4.1450000E+02  5.4931955E-06  1.7045127E-07
  -1.5650000E+02  4.1283333E+02  5.4575079E-06  2.1542425E-07
  -1.5650000E+02  4.1116667E+02  5.4018752E-06  2.6171435E-07
  -1.5650000E+02  4.0950000E+02  5.3159465E-06  2.9970227E-07
  -1.5650000E+02  4.0783333E+02  5.1951870E-06  3.0453135E-07
  -1.5650000E+02  4.0616667E+02  5.0606693E-06  2.4014139E-07
  -1.5650000E+02  4.0450000E+02  4.9669335E-06  9.2974816E-08
  -1.5650000E+02  4.0283333E+02  3.0616947E-11  7.6176179E-13
  -1.5550000E+02  4.2116667E+02  5.5682036E-06  2.5912675E-08
  -1.5550000E+02  4.1950000E+02  5.5629792E-06  6.0521549E-08
  -1.5550000E+02  4.1783333E+02  5.5545881E-06  9.7926279E-08
  -1.5550000E+02  4.1616667E+02  5.5415685E-06  1.3934812E-07
  -1.5550000E+02  4.1450000E+02  5.5212860E-06  1.8630283E-07
  -1.5550000E+02  4.1283333E+02  5.4888751E-06  2.4043175E-07
  -1.5550000E+02  4.1116667E+02  5.4347896E-06  3.0253785E-07
  -1.5550000E+02  4.0950000E+02  5.3408259E-06  3.6681412E-07
  -1.5550000E+02  4.0783333E+02  5.1866207E-06  4.0239835E-07
  -1.5550000E+02  4.0616667E+02  4.9885633E-06  3.4181946E-07
  -1.5550000E+02  4.0450000E+02  4.8370303E-06  1.3845802E-07
  -1.5550000E+02  4.0283333E+02  2.9535637E-11  1.1508054E-12
  -1.5450000E+02  4.2116667E+02  5.5887249E-06  2.7908367E-08
  -1.5450000E+02  4.1950000E+02  5.5849877E-06  6.3902820E-08
  -1.5450000E+02  4.1783333E+02  5.5788460E-06  1.0326472E-07
  -1.5450000E+02  4.1616667E+02  5.5690882E-06  1.4767612E-07
  -1.5450000E+02  4.1450000E+02  5.5534227E-06  1.9954365E-07
  -1.5450000E+02  4.1283333E+02  5.5272947E-06  2.6231423E-07
  -1.5450000E+02  4.1116667E+02  5.4810721E-06  3.4084026E-07
  -1.5450000E+02  4.0950000E+02  5.3897471E-06  4.3968488E-07
  -1.5450000E+02  4.0783333E+02  5.2023807E-06  5.3447058E-07
  -1.5450000E+02  4.0616667E+02  4.9033935E-06  5.0797399E-07
  -1.5450000E+02  4.0450000E+02  4.6404152E-06  2.2101021E-07
  -1.5450000E+02  4.0283333E+02  2.7883671E-11  1.7236902E-12
  -1.5350000E+02  4.2116667E+02  5.6098545E-06  2.9166417E-08
  -1.5350000E+02  4.1950000E+02  5.6078195E-06  6.6108076E-08
  -1.5350000E+02  4.1783333E+02  5.6043281E-06  1.0683935E-07
  -1.5350000E+02  4.1616667E+02  5.5985673E-06  1.5341262E-07
  -1.5350000E+02  4.1450000E+02  5.5889821E-06  2.0895759E-07
  -1.5350000E+02  4.1283333E+02  5.5721073E-06  2.7870198E-07
  -1.5350000E+02  4.1116667E+02  5.5404195E-06  3.7119873E-07
  -1.5350000E+02  4.0950000E+02  5.4723909E-06  5.0493854E-07
  -1.5350000E+02  4.0783333E+02  5.2762735E-06  6.9930721E-07
  -1.5350000E+02  4.0616667E+02  4.8215712E-06  7.9535101E-07
  -1.5350000E+02  4.0450000E+02  4.3203972E-06  3.9212457E-07
  -1.5350000E+02  4.0283333E+02  2.5397567E-11  2.2885292E-12
  -1.5250000E+02  4.2116667E+02  5.6313410E-06  2.9613663E-08
  -1.5250000E+02  4.1950000E+02  5.6311471E-06  6.6998151E-08
  -1.5250000E+02  4.1783333E+02  5.6305637E-06  1.0839420E-07
  -1.5250000E+02  4.1616667E+02  5.6293245E-06  1.5605770E-07
  -1.5250000E+02  4.1450000E+02  5.6267654E-06  2.1359912E-07
  -1.5250000E+02  4.1283333E+02  5.6218417E-06  2.8713956E-07
  -1.5250000E+02  4.1116667E+02  5.6091856E-06  3.8936753E-07
  -1.5250000E+02  4.0950000E+02  5.5851018E-06  5.4203710E-07
  -1.5250000E+02  4.0783333E+02  5.4716559E-06  8.4794668E-07
  -1.5250000E+02  4.0616667E+02  4.8273591E-06  1.3061109E-06
  -1.5250000E+02  4.0450000E+02  3.7413932E-06  8.3364862E-07
  -1.5250000E+02  4.0283333E+02  2.2139944E-11  1.2382107E-12
  -1.5150000E+02  4.2116667E+02  5.6529090E-06  2.9212020E-08
  -1.5150000E+02  4.1950000E+02  5.6545998E-06  6.6501640E-08
  -1.5150000E+02  4.1783333E+02  5.6570199E-06  1.0778874E-07
  -1.5150000E+02  4.1616667E+02  5.6604513E-06  1.5534782E-07
  -1.5150000E+02  4.1450000E+02  5.6655182E-06  2.1280435E-07
  -1.5150000E+02  4.1283333E+02  5.6726103E-06  2.8663326E-07
  -1.5150000E+02  4.1116667E+02  5.6867560E-06  3.8898010E-07
  -1.5150000E+02  4.0950000E+02  5.6936815E-06  5.5271944E-07
  -1.5150000E+02  4.0783333E+02  5.8101135E-06  8.3547271E-07
  -1.5150000E+02  4.0616667E+02  5.3353181E-06  1.9900402E-06
  -1.5150000E+02  4.0450000E+02  2.5096604E-06  2.4966934E-06
  -1.5150000E+02  4.0283333E+02  2.0627182E-11 -1.1374644E-11
  -1.5050000E+02  4.2116667E+02  5.6742771E-06  2.7964112E-08
  -1.5050000E+02  4.1950000E+02  5.6777982E-06  6.4622440E-08
  -1.5050000E+02  4.1783333E+02  5.6831129E-06  1.0502702E-07
  -1.5050000E+02  4.1616667E+02  5.6910918E-06  1.5126335E-07
  -1.5050000E+02  4.1450000E+02  5.7031990E-06  2.0658441E-07
  -1.5050000E+02  4.1283333E+02  5.7232241E-06  2.7658288E-07
  -1.5050000E+02  4.1116667E+02  5.7545594E-06  3.7174188E-07
  -1.5050000E+02  4.0950000E+02  5.8374299E-06  5.1608010E-07
  -1.5050000E+02  4.0783333E+02  5.8995894E-06  7.6495713E-07
  -1.5050000E+02  4.0616667E+02  7.3475933E-06  1.4766308E-06
  -1.5050000E+02  4.0450000E+02  6.2621625E-11  1.9389859E-11
  -1.5050000E+02  4.0283333E+02  5.1398406E-11 -1.1391321E-11
  -1.4950000E+02  4.2116667E+02  5.6951794E-06  2.5915498E-08
  -1.4950000E+02  4.1950000E+02  5.7003733E-06  6.1442102E-08
  -1.4950000E+02  4.1783333E+02  5.7083138E-06  1.0025421E-07
  -1.4950000E+02  4.1616667E+02  5.7202736E-06  1.4407293E-07
  -1.4950000E+02  4.1450000E+02  5.7387309E-06  1.9543613E-07
  -1.4950000E+02  4.1283333E+02  5.7679020E-06  2.5821344E-07
  -1.4950000E+02  4.1116667E+02  5.8208623E-06  3.3953394E-07
  -1.4950000E+02  4.0950000E+02  5.9088803E-06  4.4575503E-07
  -1.4950000E+02  4.0783333E+02  6.1978215E-06  6.2462178E-07
  -1.4950000E+02  4.0616667E+02  6.7276481E-06  4.3026783E-07
  -1.4950000E+02  4.0450000E+02  4.8077677E-11  1.2292202E-11
  -1.4950000E+02  4.0283333E+02  4.9946077E-11  1.3192281E-12
  -1.4850000E+02  4.2116667E+02  5.7153770E-06  2.3152145E-08
  -1.4850000E+02  4.1950000E+02  5.7220050E-06  5.7112357E-08
  -1.4850000E+02  4.1783333E+02  5.7321361E-06  9.3740981E-08
  -1.4850000E+02  4.1616667E+02  5.7473473E-06  1.3428356E-07
  -1.4850000E+02  4.1450000E+02  5.7704118E-06  1.8031245E-07
  -1.4850000E+02  4.1283333E+02  5.8069646E-06  2.3390276E-07
  -1.4850000E+02  4.1116667E+02  5.8667801E-06  2.9617911E-07
  -1.4850000E+02  4.0950000E+02  5.9794334E-06  3.6870716E-07
  -1.4850000E+02  4.0783333E+02  6.1994919E-06  3.9626983E-07
  -1.4850000E+02  4.0616667E+02  6.4412609E-06  1.9566239E-07
  -1.4850000E+02  4.0450000E+02  4.3498138E-11  8.1964057E-12
  -1.4850000E+02  4.0283333E+02  4.6442912E-11  2.5271198E-12
  -1.4750000E+02  4.2116667E+02  5.7346685E-06  1.9792133E-08
  -1.4750000E+02  4.1950000E+02  5.7424288E-06  5.1839424E-08
  -1.4750000E+02  4.1783333E+02  5.7542328E-06  8.5852802E-08
  -1.4750000E+02  4.1616667E+02  5.7717350E-06  1.2254374E-07
  -1.4750000E+02  4.1450000E+02  5.7978344E-06  1.6255390E-07
  -1.4750000E+02  4.1283333E+02  5.8375697E-06  2.0588842E-07
  -1.4750000E+02  4.1116667E+02  5.9004152E-06  2.5059688E-07
  -1.4750000E+02  4.0950000E+02  6.0041546E-06  2.8445381E-07
  -1.4750000E+02  4.0783333E+02  6.1534008E-06  2.5894034E-07
  -1.4750000E+02  4.0616667E+02  6.2814178E-06  1.1112024E-07
  -1.4750000E+02  4.0450000E+02  4.1299014E-11  5.5565483E-12
  -1.4750000E+02  4.0283333E+02  4.3612882E-11  2.0117927E-12
  -1.4650000E+02  4.2116667E+02  5.7528924E-06  1.5972948E-08
  -1.4650000E+02  4.1950000E+02  5.7614564E-06  4.5863976E-08
  -1.4650000E+02  4.1783333E+02  5.7743675E-06  7.6999164E-08
  -1.4650000E+02  4.1616667E+02  5.7932133E-06  1.0958862E-07
  -1.4650000E+02  4.1450000E+02  5.8205925E-06  1.4342190E-07
  -1.4650000E+02  4.1283333E+02  5.8606863E-06  1.7712292E-07
  -1.4650000E+02  4.1116667E+02  5.9200792E-06  2.0601937E-07
  -1.4650000E+02  4.0950000E+02  6.0051164E-06  2.1576538E-07
  -1.4650000E+02  4.0783333E+02  6.1063123E-06  1.7736355E-07
  -1.4650000E+02  4.0616667E+02  6.1814602E-06  7.0798040E-08
  -1.4650000E+02  4.0450000E+02  3.9975742E-11  3.7795007E-12
  -1.4650000E+02  4.0283333E+02  4.1603286E-11  1.4239935E-12
  -1.4550000E+02  4.2116667E+02  5.7699324E-06  1.1838352E-08
  -1.4550000E+02  4.1950000E+02  5.7789725E-06  3.9436069E-08
  -1.4550000E+02  4.1783333E+02  5.7924459E-06  6.7596376E-08
  -1.4550000E+02  4.1616667E+02  5.8117432E-06  9.6105494E-08
  -1.4550000E+02  4.1450000E+02  5.8389718E-06  1.2414043E-07
  -1.4550000E+02  4.1283333E+02  5.8771232E-06  1.4945719E-07
  -1.4550000E+02  4.1116667E+02  5.9295854E-06  1.6657210E-07
  -1.4550000E+02  4.0950000E+02  5.9965312E-06  1.6402283E-07
  -1.4550000E+02  4.0783333E+02  6.0667463E-06  1.2625954E-07
  -1.4550000E+02  4.0616667E+02  6.1142797E-06  4.8293212E-08
  -1.4550000E+02  4.0450000E+02  3.9107745E-11  2.5790883E-12
  -1.4550000E+02  4.0283333E+02  4.0217900E-11  9.8178682E-13
  -1.4450000E+02  4.2116667E+02  5.7857193E-06  7.5269756E-09
  -1.4450000E+02  4.1950000E+02  5.7949343E-06  3.2794386E-08
  -1.4450000E+02  4.1783333E+02  5.8084847E-06  5.8023789E-08
  -1.4450000E+02  4.1616667E+02  5.8274934E-06  8.2694441E-08
  -1.4450000E+02  4.1450000E+02  5.8534972E-06  1.0561211E-07
  -1.4450000E+02  4.1283333E+02  5.8882860E-06  1.2422136E-07
  -1.4450000E+02  4.1116667E+02  5.9329364E-06  1.3354043E-07
  -1.4450000E+02  4.0950000E+02  5.9850604E-06  1.2561259E-07
  -1.4450000E+02  4.0783333E+02  6.0351013E-06  9.2516179E-08
  -1.4450000E+02  4.0616667E+02  6.0669041E-06  3.4434785E-08
  -1.4450000E+02  4.0450000E+02  3.8517403E-11  1.7700541E-12
  -1.4450000E+02  4.0283333E+02  3.9267925E-11  6.7441497E-13
  -1.4350000E+02  4.2116667E+02  5.8002324E-06  3.1650969E-09
  -1.4350000E+02  4.1950000E+02  5.8093627E-06  2.6149068E-08
  -1.4350000E+02  4.1783333E+02  5.8225925E-06  4.8600965E-08
  -1.4350000E+02  4.1616667E+02  5.8407551E-06  6.9814532E-08
  -1.4350000E+02  4.1450000E+02  5.8648373E-06  8.8440458E-08
  -1.4350000E+02  4.1283333E+02  5.8956599E-06  1.0202615E-07
  -1.4350000E+02  4.1116667E+02  5.9329417E-06  1.0657630E-07
  -1.4350000E+02  4.0950000E+02  5.9735717E-06  9.6924319E-08
  -1.4350000E+02  4.0783333E+02  6.0101478E-06  6.9234262E-08
  -1.4350000E+02  4.0616667E+02  6.0323704E-06  2.5301449E-08
  -1.4350000E+02  4.0450000E+02  3.8107244E-11  1.2246291E-12
  -1.4350000E+02  4.0283333E+02  3.8614509E-11  4.6516730E-13
  -1.4250000E+02  4.2116667E+02  5.8134948E-06 -1.1373293E-09
  -1.4250000E+02  4.1950000E+02  5.8223293E-06  1.9672598E-08
  -1.4250000E+02  4.1783333E+02  5.8349386E-06  3.9573911E-08
  -1.4250000E+02  4.1616667E+02  5.8518799E-06  5.7779277E-08
  -1.4250000E+02  4.1450000E+02  5.8736786E-06  7.2947192E-08
  -1.4250000E+02  4.1283333E+02  5.9004816E-06  8.2944061E-08
  -1.4250000E+02  4.1116667E+02  5.9313333E-06  8.4778273E-08
  -1.4250000E+02  4.0950000E+02  5.9632014E-06  7.5223479E-08
  -1.4250000E+02  4.0783333E+02  5.9905420E-06  5.2585093E-08
  -1.4250000E+02  4.0616667E+02  6.0066123E-06  1.8974866E-08
  -1.4250000E+02  4.0450000E+02  3.7817508E-11  8.5550421E-13
  -1.4250000E+02  4.0283333E+02  3.8161927E-11  3.2328147E-13
  -1.4150000E+02  4.2116667E+02  5.8255646E-06 -5.2887767E-09
  -1.4150000E+02  4.1950000E+02  5.8339420E-06  1.3496917E-08
  -1.4150000E+02  4.1783333E+02  5.8457246E-06  3.1114374E-08
  -1.4150000E+02  4.1616667E+02  5.8612299E-06  4.6770881E-08
  -1.4150000E+02  4.1450000E+02  5.8806343E-06  5.9233694E-08
  -1.4150000E+02  4.1283333E+02  5.9036678E-06  6.6755691E-08
  -1.4150000E+02  4.1116667E+02  5.9291152E-06  6.7187243E-08
  -1.4150000E+02  4.0950000E+02  5.9543141E-06  5.8574252E-08
  -1.4150000E+02  4.0783333E+02  5.9751522E-06  4.0327129E-08
  -1.4150000E+02  4.0616667E+02  5.9870982E-06  1.4422979E-08
  -1.4150000E+02  4.0450000E+02  3.7609885E-11  6.0393193E-13
  -1.4150000E+02  4.0283333E+02  3.7845603E-11  2.2677181E-13
  -1.4050000E+02  4.2116667E+02  5.8365218E-06 -9.2178100E-09
  -1.4050000E+02  4.1950000E+02  5.8443290E-06  7.7151976E-09
  -1.4050000E+02  4.1783333E+02  5.8551609E-06  2.3327302E-08
  -1.4050000E+02  4.1616667E+02  5.8691419E-06  3.6866210E-08
  -1.4050000E+02  4.1450000E+02  5.8862069E-06  4.7256695E-08
  -1.4050000E+02  4.1283333E+02  5.9058573E-06  5.3122371E-08
  -1.4050000E+02  4.1116667E+02  5.9268445E-06  5.2959869E-08
  -1.4050000E+02  4.0950000E+02  5.9469398E-06  4.5625032E-08
  -1.4050000E+02  4.0783333E+02  5.9630884E-06  3.1084338E-08
  -1.4050000E+02  4.0616667E+02  5.9721699E-06  1.1049266E-08
  -1.4050000E+02  4.0450000E+02  3.7459249E-11  4.3079226E-13
  -1.4050000E+02  4.0283333E+02  3.7622305E-11  1.6064731E-13
  -1.3950000E+02  4.2116667E+02  5.8464561E-06 -1.2874368E-08
  -1.3950000E+02  4.1950000E+02  5.8536251E-06  2.3860124E-09
  -1.3950000E+02  4.1783333E+02  5.8634497E-06  1.6262540E-08
  -1.3950000E+02  4.1616667E+02  5.8759100E-06  2.8066206E-08
  -1.3950000E+02  4.1450000E+02  5.8907865E-06  3.6891791E-08
  -1.3950000E+02  4.1283333E+02  5.9074782E-06  4.1682046E-08
  -1.3950000E+02  4.1116667E+02  5.9248141E-06  4.1406368E-08
  -1.3950000E+02  4.0950000E+02  5.9409708E-06  3.5427301E-08
  -1.3950000E+02  4.0783333E+02  5.9536644E-06  2.3976742E-08
  -1.3950000E+02  4.0616667E+02  5.9606962E-06  8.4888852E-09
  -1.3950000E+02  4.0450000E+02  3.7348860E-11  3.1017669E-13
  -1.3950000E+02  4.0283333E+02  3.7463124E-11  1.1487143E-13
  -1.3850000E+02  4.2116667E+02  5.8554592E-06 -1.6229779E-08
  -1.3850000E+02  4.1950000E+02  5.8619620E-06 -2.4616777E-09
  -1.3850000E+02  4.1783333E+02  5.8707748E-06  9.9277989E-09
  -1.3850000E+02  4.1616667E+02  5.8817789E-06  2.0322333E-08
  -1.3850000E+02  4.1450000E+02  5.8946658E-06  2.7977561E-08
  -1.3850000E+02  4.1283333E+02  5.9088099E-06  3.2094800E-08
  -1.3850000E+02  4.1116667E+02  5.9231641E-06  3.1979597E-08
  -1.3850000E+02  4.0950000E+02  5.9362522E-06  2.7307162E-08
  -1.3850000E+02  4.0783333E+02  5.9463511E-06  1.8421410E-08
  -1.3850000E+02  4.0616667E+02  5.9518794E-06  6.5081627E-09
  -1.3850000E+02  4.0450000E+02  3.7267404E-11  2.2495625E-13
  -1.3850000E+02  4.0283333E+02  3.7348668E-11  8.2775539E-14
  -1.3750000E+02  4.2116667E+02  5.8636215E-06 -1.9274512E-08
  -1.3750000E+02  4.1950000E+02  5.8694625E-06 -6.8232291E-09
  -1.3750000E+02  4.1783333E+02  5.8772971E-06  4.3009124E-09
  -1.3750000E+02  4.1616667E+02  5.8869462E-06  1.3557345E-08
  -1.3750000E+02  4.1450000E+02  5.8980588E-06  2.0342808E-08
  -1.3750000E+02  4.1283333E+02  5.9100297E-06  2.4060512E-08
  -1.3750000E+02  4.1116667E+02  5.9219474E-06  2.4250759E-08
  -1.3750000E+02  4.0950000E+02  5.9326215E-06  2.0778662E-08
  -1.3750000E+02  4.0783333E+02  5.9407388E-06  1.4020222E-08
  -1.3750000E+02  4.0616667E+02  5.9451401E-06  4.9515986E-09
  -1.3750000E+02  4.0450000E+02  3.7207120E-11  1.6379392E-13
  -1.3750000E+02  4.0283333E+02  3.7265854E-11  5.9938702E-14
  -1.3650000E+02  4.2116667E+02  5.8710325E-06 -2.2013536E-08
  -1.3650000E+02  4.1950000E+02  5.8762389E-06 -1.0712643E-08
  -1.3650000E+02  4.1783333E+02  5.8831543E-06 -6.5967944E-10
  -1.3650000E+02  4.1616667E+02  5.8915682E-06  7.6801717E-09
  -1.3650000E+02  4.1450000E+02  5.9011191E-06  1.3821860E-08
  -1.3650000E+02  4.1283333E+02  5.9112462E-06  1.7322625E-08
  -1.3650000E+02  4.1116667E+02  5.9211684E-06  1.7884690E-08
  -1.3650000E+02  4.0950000E+02  5.9299257E-06  1.5485892E-08
  -1.3650000E+02  4.0783333E+02  5.9365068E-06  1.0493961E-08
  -1.3650000E+02  4.0616667E+02  5.9400480E-06  3.7123756E-09
  -1.3650000E+02  4.0450000E+02  3.7162604E-11  1.1916025E-13
  -1.3650000E+02  4.0283333E+02  3.7205779E-11  4.3426547E-14
  -1.3550000E+02  4.2116667E+02  5.8777809E-06 -2.4460539E-08
  -1.3550000E+02  4.1950000E+02  5.8823927E-06 -1.4156568E-08
  -1.3550000E+02  4.1783333E+02  5.8884620E-06 -5.0065407E-09
  -1.3550000E+02  4.1616667E+02  5.8957667E-06  2.5958863E-09
  -1.3550000E+02  4.1450000E+02  5.9039555E-06  8.2622704E-09
  -1.3550000E+02  4.1283333E+02  5.9125227E-06  1.1665647E-08
  -1.3550000E+02  4.1116667E+02  5.9208052E-06  1.2618834E-08
  -1.3550000E+02  4.0950000E+02  5.9280272E-06  1.1164172E-08
  -1.3550000E+02  4.0783333E+02  5.9334019E-06  7.6421696E-09
  -1.3550000E+02  4.0616667E+02  5.9362759E-06  2.7151122E-09
  -1.3550000E+02  4.0450000E+02  3.7130030E-11  8.6027116E-14
  -1.3550000E+02  4.0283333E+02  3.7162314E-11  3.1284031E-14
  -1.3450000E+02  4.2116667E+02  5.8839529E-06 -2.6632919E-08
  -1.3450000E+02  4.1950000E+02  5.8880150E-06 -1.7188568E-08
  -1.3450000E+02  4.1783333E+02  5.8933164E-06 -8.7969472E-09
  -1.3450000E+02  4.1616667E+02  5.8996356E-06 -1.7880361E-09
  -1.3450000E+02  4.1450000E+02  5.9066439E-06  3.5279366E-09
  -1.3450000E+02  4.1283333E+02  5.9138929E-06  6.9102475E-09
  -1.3450000E+02  4.1116667E+02  5.9208232E-06  8.2465575E-09
  -1.3450000E+02  4.0950000E+02  5.9268056E-06  7.6138073E-09
  -1.3450000E+02  4.0783333E+02  5.9312220E-06  5.3178808E-09
  -1.3450000E+02  4.0616667E+02  5.9335714E-06  1.9053403E-09
  -1.3450000E+02  4.0450000E+02  3.7106642E-11  6.1012217E-14
  -1.3450000E+02  4.0283333E+02  3.7131188E-11  2.2200996E-14
  -1.3350000E+02  4.2116667E+02  5.8896276E-06 -2.8549016E-08
  -1.3350000E+02  4.1950000E+02  5.8931856E-06 -1.9844561E-08
  -1.3350000E+02  4.1783333E+02  5.8977968E-06 -1.2088557E-08
  -1.3350000E+02  4.1616667E+02  5.9032471E-06 -5.5581266E-09
  -1.3350000E+02  4.1450000E+02  5.9092362E-06 -5.0037330E-10
  -1.3350000E+02  4.1283333E+02  5.9153717E-06  2.9078230E-09
  -1.3350000E+02  4.1116667E+02  5.9211826E-06  4.6042804E-09
  -1.3350000E+02  4.0950000E+02  5.9261569E-06  4.6820985E-09
  -1.3350000E+02  4.0783333E+02  5.9298043E-06  3.4112750E-09
  -1.3350000E+02  4.0616667E+02  5.9317366E-06  1.2429018E-09
  -1.3350000E+02  4.0450000E+02  3.7090422E-11  4.1819369E-14
  -1.3350000E+02  4.0283333E+02  3.7109378E-11  1.5292637E-14
  -1.3250000E+02  4.2116667E+02  5.8948735E-06 -3.0227717E-08
  -1.3250000E+02  4.1950000E+02  5.8979726E-06 -2.2160083E-08
  -1.3250000E+02  4.1783333E+02  5.9019676E-06 -1.4936799E-08
  -1.3250000E+02  4.1616667E+02  5.9066562E-06 -8.7931999E-09
  -1.3250000E+02  4.1450000E+02  5.9117680E-06 -3.9258632E-09
  -1.3250000E+02  4.1283333E+02  5.9169623E-06 -4.6459067E-10
  -1.3250000E+02  4.1116667E+02  5.9218432E-06  1.5616380E-09
  -1.3250000E+02  4.0950000E+02  5.9259921E-06  2.2508344E-09
  -1.3250000E+02  4.0783333E+02  5.9290174E-06  1.8388901E-09
  -1.3250000E+02  4.0616667E+02  5.9306144E-06  6.9769811E-10
  -1.3250000E+02  4.0450000E+02  3.7079864E-11  2.6872305E-14
  -1.3250000E+02  4.0283333E+02  3.7094714E-11  9.9555543E-15
  -1.3150000E+02  4.2116667E+02  5.8997470E-06 -3.1689349E-08
  -1.3150000E+02  4.1950000E+02  5.9024328E-06 -2.4169344E-08
  -1.3150000E+02  4.1783333E+02  5.9058811E-06 -1.7393562E-08
  -1.3150000E+02  4.1616667E+02  5.9099049E-06 -1.1563857E-08
  -1.3150000E+02  4.1450000E+02  5.9142631E-06 -6.8371983E-09
  -1.3150000E+02  4.1283333E+02  5.9186613E-06 -3.3087704E-09
  -1.3150000E+02  4.1116667E+02  5.9227668E-06 -9.8598557E-10
  -1.3150000E+02  4.0950000E+02  5.9262362E-06  2.2745005E-10
  -1.3150000E+02  4.0783333E+02  5.9287541E-06  5.3634733E-10
  -1.3150000E+02  4.0616667E+02  5.9300794E-06  2.4684197E-10
  -1.3150000E+02  4.0450000E+02  3.7073832E-11  1.5074949E-14
  -1.3150000E+02  4.0283333E+02  3.7085614E-11  5.7733943E-15
  -1.3050000E+02  4.2116667E+02  5.9042942E-06 -3.2956228E-08
  -1.3050000E+02  4.1950000E+02  5.9066132E-06 -2.5905358E-08
  -1.3050000E+02  4.1783333E+02  5.9095801E-06 -1.9506674E-08
  -1.3050000E+02  4.1616667E+02  5.9130262E-06 -1.3932677E-08
  -1.3050000E+02  4.1450000E+02  5.9167377E-06 -9.3102179E-09
  -1.3050000E+02  4.1283333E+02  5.9204618E-06 -5.7090726E-09
  -1.3050000E+02  4.1116667E+02  5.9239186E-06 -3.1230797E-09
  -1.3050000E+02  4.0950000E+02  5.9268256E-06 -1.4612860E-09
  -1.3050000E+02  4.0783333E+02  5.9289272E-06 -5.4665658E-10
  -1.3050000E+02  4.0616667E+02  5.9300306E-06 -1.2733711E-10
  -1.3050000E+02  4.0450000E+02  3.7071454E-11  5.6543288E-15
  -1.3050000E+02  4.0283333E+02  3.7080904E-11  2.4549799E-15
  -1.2950000E+02  4.2116667E+02  5.9085556E-06 -3.4051838E-08
  -1.2950000E+02  4.1950000E+02  5.9105539E-06 -2.7400144E-08
  -1.2950000E+02  4.1783333E+02  5.9131000E-06 -2.1319697E-08
  -1.2950000E+02  4.1616667E+02  5.9160457E-06 -1.5954707E-08
  -1.2950000E+02  4.1450000E+02  5.9192032E-06 -1.1409612E-08
  -1.2950000E+02  4.1283333E+02  5.9223556E-06 -7.7355525E-09
  -1.2950000E+02  4.1116667E+02  5.9252682E-06 -4.9182510E-09
  -1.2950000E+02  4.0950000E+02  5.9277074E-06 -2.8738291E-09
  -1.2950000E+02  4.0783333E+02  5.9294653E-06 -1.4498469E-09
  -1.2950000E+02  4.0616667E+02  5.9303862E-06 -4.3870561E-10
  -1.2950000E+02  4.0450000E+02  3.7072056E-11 -1.9429082E-15
  -1.2950000E+02  4.0283333E+02  3.7079704E-11 -2.0637225E-16
  -1.2850000E+02  4.2116667E+02  5.9125702E-06 -3.4998744E-08
  -1.2850000E+02  4.1950000E+02  5.9142904E-06 -2.8684291E-08
  -1.2850000E+02  4.1783333E+02  5.9164713E-06 -2.2871783E-08
  -1.2850000E+02  4.1616667E+02  5.9189846E-06 -1.7678009E-08
  -1.2850000E+02  4.1450000E+02  5.9216673E-06 -1.3190421E-08
  -1.2850000E+02  4.1283333E+02  5.9243345E-06 -9.4464923E-09
  -1.2850000E+02  4.1116667E+02  5.9267888E-06 -6.4274722E-09
  -1.2850000E+02  4.0950000E+02  5.9288372E-06 -4.0571890E-09
  -1.2850000E+02  4.0783333E+02  5.9303099E-06 -2.2048395E-09
  -1.2850000E+02  4.0616667E+02  5.9310800E-06 -6.9830347E-10
  -1.2850000E+02  4.0450000E+02  3.7075106E-11 -8.1192374E-15
  -1.2850000E+02  4.0283333E+02  3.7081341E-11 -2.3597447E-15
  -1.2750000E+02  4.2116667E+02  5.9163770E-06 -3.5816363E-08
  -1.2750000E+02  4.1950000E+02  5.9178555E-06 -2.9785865E-08
  -1.2750000E+02  4.1783333E+02  5.9197202E-06 -2.4197549E-08
  -1.2750000E+02  4.1616667E+02  5.9218601E-06 -1.9144188E-08
  -1.2750000E+02  4.1450000E+02  5.9241358E-06 -1.4699325E-08
  -1.2750000E+02  4.1283333E+02  5.9263901E-06 -1.0890427E-08
  -1.2750000E+02  4.1116667E+02  5.9284575E-06 -7.6966009E-09
  -1.2750000E+02  4.0950000E+02  5.9301780E-06 -5.0493990E-09
  -1.2750000E+02  4.0783333E+02  5.9314125E-06 -2.8369202E-09
  -1.2750000E+02  4.0616667E+02  5.9320571E-06 -9.1501084E-10
  -1.2750000E+02  4.0450000E+02  3.7080180E-11 -1.3172255E-14
  -1.2750000E+02  4.0283333E+02  3.7085291E-11 -4.1144786E-15
  -1.2650000E+02  4.2116667E+02  5.9200128E-06 -3.6519866E-08
  -1.2650000E+02  4.1950000E+02  5.9212790E-06 -3.0729201E-08
  -1.2650000E+02  4.1783333E+02  5.9228692E-06 -2.5327086E-08
  -1.2650000E+02  4.1616667E+02  5.9246864E-06 -2.0388932E-08
  -1.2650000E+02  4.1450000E+02  5.9266126E-06 -1.5975774E-08
  -1.2650000E+02  4.1283333E+02  5.9285147E-06 -1.2107776E-08
  -1.2650000E+02  4.1116667E+02  5.9302541E-06 -8.7633346E-09
  -1.2650000E+02  4.0950000E+02  5.9316981E-06 -5.8813723E-09
  -1.2650000E+02  4.0783333E+02  5.9327327E-06 -3.3663825E-09
  -1.2650000E+02  4.0616667E+02  5.9332722E-06 -1.0960174E-09
  -1.2650000E+02  4.0450000E+02  3.7086936E-11 -1.7325521E-14
  -1.2650000E+02  4.0283333E+02  3.7091142E-11 -5.5520599E-15
  -1.2550000E+02  4.2116667E+02  5.9235094E-06 -3.7120840E-08
  -1.2550000E+02  4.1950000E+02  5.9245867E-06 -3.1534341E-08
  -1.2550000E+02  4.1783333E+02  5.9259370E-06 -2.6286192E-08
  -1.2550000E+02  4.1616667E+02  5.9274745E-06 -2.1442620E-08
  -1.2550000E+02  4.1450000E+02  5.9290998E-06 -1.7052995E-08
  -1.2550000E+02  4.1283333E+02  5.9307004E-06 -1.3132184E-08
  -1.2550000E+02  4.1116667E+02  5.9321607E-06 -9.6587255E-09
  -1.2550000E+02  4.0950000E+02  5.9333705E-06 -6.5783191E-09
  -1.2550000E+02  4.0783333E+02  5.9342362E-06 -3.8095719E-09
  -1.2550000E+02  4.0616667E+02  5.9346872E-06 -1.2471710E-09
  -1.2550000E+02  4.0450000E+02  3.7095092E-11 -2.0749310E-14
  -1.2550000E+02  4.0283333E+02  3.7098561E-11 -6.7340689E-15
  -1.2450000E+02  4.2116667E+02  5.9268906E-06 -3.7629202E-08
  -1.2450000E+02  4.1950000E+02  5.9277991E-06 -3.2217488E-08
  -1.2450000E+02  4.1783333E+02  5.9289385E-06 -2.7096873E-08
  -1.2450000E+02  4.1616667E+02  5.9302328E-06 -2.2330998E-08
  -1.2450000E+02  4.1450000E+02  5.9315981E-06 -1.7958912E-08
  -1.2450000E+02  4.1283333E+02  5.9329397E-06 -1.3991636E-08
  -1.2450000E+02  4.1116667E+02  5.9341613E-06 -1.0408365E-08
  -1.2450000E+02  4.0950000E+02  5.9351717E-06 -7.1608471E-09
  -1.2450000E+02  4.0783333E+02  5.9358938E-06 -4.1797166E-09
  -1.2450000E+02  4.0616667E+02  5.9362698E-06 -1.3732398E-09
  -1.2450000E+02  4.0450000E+02  3.7104412E-11 -2.3574765E-14
  -1.2450000E+02  4.0283333E+02  3.7107274E-11 -7.7075866E-15
  -1.2350000E+02  4.2116667E+02  5.9301720E-06 -3.8055150E-08
  -1.2350000E+02  4.1950000E+02  5.9309313E-06 -3.2792236E-08
  -1.2350000E+02  4.1783333E+02  5.9318849E-06 -2.7777963E-08
  -1.2350000E+02  4.1616667E+02  5.9329673E-06 -2.3075870E-08
  -1.2350000E+02  4.1450000E+02  5.9341069E-06 -1.8716953E-08
  -1.2350000E+02  4.1283333E+02  5.9352249E-06 -1.4709391E-08
  -1.2350000E+02  4.1116667E+02  5.9362412E-06 -1.1033338E-08
  -1.2350000E+02  4.0950000E+02  5.9370807E-06 -7.6458274E-09
  -1.2350000E+02  4.0783333E+02  5.9376800E-06 -4.4875802E-09
  -1.2350000E+02  4.0616667E+02  5.9379919E-06 -1.4781033E-09
  -1.2350000E+02  4.0450000E+02  3.7114698E-11 -2.5903820E-14
  -1.2350000E+02  4.0283333E+02  3.7117053E-11 -8.5089578E-15
  -1.2250000E+02  4.2116667E+02  5.9333647E-06 -3.8409935E-08
  -1.2250000E+02  4.1950000E+02  5.9339945E-06 -3.3270889E-08
  -1.2250000E+02  4.1783333E+02  5.9347848E-06 -2.8345681E-08
  -1.2250000E+02  4.1616667E+02  5.9356817E-06 -2.3695696E-08
  -1.2250000E+02  4.1450000E+02  5.9366248E-06 -1.9346716E-08
  -1.2250000E+02  4.1283333E+02  5.9375486E-06 -1.5304735E-08
  -1.2250000E+02  4.1116667E+02  5.9383873E-06 -1.1550994E-08
  -1.2250000E+02  4.0950000E+02  5.9390793E-06 -8.0470782E-09
  -1.2250000E+02  4.0783333E+02  5.9395727E-06 -4.7419658E-09
  -1.2250000E+02  4.0616667E+02  5.9398294E-06 -1.5648930E-09
  -1.2250000E+02  4.0450000E+02  3.7125778E-11 -2.7816353E-14
  -1.2250000E+02  4.0283333E+02  3.7127706E-11 -9.1664600E-15
  -1.2150000E+02  4.2116667E+02  5.9364788E-06 -3.8705023E-08
  -1.2150000E+02  4.1950000E+02  5.9369979E-06 -3.3665144E-08
  -1.2150000E+02  4.1783333E+02  5.9376451E-06 -2.8813963E-08
  -1.2150000E+02  4.1616667E+02  5.9383792E-06 -2.4206028E-08
  -1.2150000E+02  4.1450000E+02  5.9391497E-06 -1.9864498E-08
  -1.2150000E+02  4.1283333E+02  5.9399036E-06 -1.5793584E-08
  -1.2150000E+02  4.1116667E+02  5.9405873E-06 -1.1975577E-08
  -1.2150000E+02  4.0950000E+02  5.9411510E-06 -8.3759013E-09
  -1.2150000E+02  4.0783333E+02  5.9415525E-06 -4.9501019E-09
  -1.2150000E+02  4.0616667E+02  5.9417613E-06 -1.6361076E-09
  -1.2150000E+02  4.0450000E+02  3.7137505E-11 -2.9375375E-14
  -1.2150000E+02  4.0283333E+02  3.7139068E-11 -9.7022254E-15
  -1.2050000E+02  4.2116667E+02  5.9395270E-06 -3.8950206E-08
  -1.2050000E+02  4.1950000E+02  5.9399510E-06 -3.3985840E-08
  -1.2050000E+02  4.1783333E+02  5.9404725E-06 -2.9194510E-08
  -1.2050000E+02  4.1616667E+02  5.9410622E-06 -2.4619755E-08
  -1.2050000E+02  4.1450000E+02  5.9416799E-06 -2.0283687E-08
  -1.2050000E+02  4.1283333E+02  5.9422836E-06 -1.6188955E-08
  -1.2050000E+02  4.1116667E+02  5.9428307E-06 -1.2318713E-08
  -1.2050000E+02  4.0950000E+02  5.9432816E-06 -8.6414987E-09
  -1.2050000E+02  4.0783333E+02  5.9436025E-06 -5.1179302E-09
  -1.2050000E+02  4.0616667E+02  5.9437694E-06 -1.6937224E-09
  -1.2050000E+02  4.0450000E+02  3.7149754E-11 -3.0630780E-14
  -1.2050000E+02  4.0283333E+02  3.7151002E-11 -1.0133628E-14
  -1.1950000E+02  4.2116667E+02  5.9425251E-06 -3.9151839E-08
  -1.1950000E+02  4.1950000E+02  5.9428641E-06 -3.4242054E-08
  -1.1950000E+02  4.1783333E+02  5.9432733E-06 -2.9496700E-08
  -1.1950000E+02  4.1616667E+02  5.9437331E-06 -2.4947254E-08
  -1.1950000E+02  4.1450000E+02  5.9442135E-06 -2.0615068E-08
  -1.1950000E+02  4.1283333E+02  5.9446828E-06 -1.6501347E-08
  -1.1950000E+02  4.1116667E+02  5.9451081E-06 -1.2589785E-08
  -1.1950000E+02  4.0950000E+02  5.9454586E-06 -8.8512945E-09
  -1.1950000E+02  4.0783333E+02  5.9457080E-06 -5.2503133E-09
  -1.1950000E+02  4.0616667E+02  5.9458377E-06 -1.7392935E-09
  -1.1950000E+02  4.0450000E+02  3.7162417E-11 -3.1622054E-14
  -1.1950000E+02  4.0283333E+02  3.7163389E-11 -1.0474308E-14
  -1.1850000E+02  4.2116667E+02  5.9454899E-06 -3.9312276E-08
  -1.1850000E+02  4.1950000E+02  5.9457485E-06 -3.4440185E-08
  -1.1850000E+02  4.1783333E+02  5.9460542E-06 -2.9727520E-08
  -1.1850000E+02  4.1616667E+02  5.9463946E-06 -2.5196504E-08
  -1.1850000E+02  4.1450000E+02  5.9467495E-06 -2.0867072E-08
  -1.1850000E+02  4.1283333E+02  5.9470965E-06 -1.6739035E-08
  -1.1850000E+02  4.1116667E+02  5.9474114E-06 -1.2796222E-08
  -1.1850000E+02  4.0950000E+02  5.9476713E-06 -9.0111850E-09
  -1.1850000E+02  4.0783333E+02  5.9478565E-06 -5.3511748E-09
  -1.1850000E+02  4.0616667E+02  5.9479528E-06 -1.7740495E-09
  -1.1850000E+02  4.0450000E+02  3.7175400E-11 -3.2380259E-14
  -1.1850000E+02  4.0283333E+02  3.7176126E-11 -1.0734956E-14
  -1.1750000E+02  4.2116667E+02  5.9484363E-06 -3.9430858E-08
  -1.1750000E+02  4.1950000E+02  5.9486145E-06 -3.4583639E-08
  -1.1750000E+02  4.1783333E+02  5.9488214E-06 -2.9891688E-08
  -1.1750000E+02  4.1616667E+02  5.9490493E-06 -2.5373264E-08
  -1.1750000E+02  4.1450000E+02  5.9492871E-06 -2.1045998E-08
  -1.1750000E+02  4.1283333E+02  5.9495206E-06 -1.6908315E-08
  -1.1750000E+02  4.1116667E+02  5.9497337E-06 -1.2943731E-08
  -1.1750000E+02  4.0950000E+02  5.9499104E-06 -9.1257368E-09
  -1.1750000E+02  4.0783333E+02  5.9500369E-06 -5.4235882E-09
  -1.1750000E+02  4.0616667E+02  5.9501028E-06 -1.7989588E-09
  -1.1750000E+02  4.0450000E+02  3.7188623E-11 -3.2929563E-14
  -1.1750000E+02  4.0283333E+02  3.7189127E-11 -1.0923907E-14
  -1.1650000E+02  4.2116667E+02  5.9513744E-06 -3.9505905E-08
  -1.1650000E+02  4.1950000E+02  5.9514708E-06 -3.4673322E-08
  -1.1650000E+02  4.1783333E+02  5.9515804E-06 -2.9991958E-08
  -1.1650000E+02  4.1616667E+02  5.9516998E-06 -2.5481304E-08
  -1.1650000E+02  4.1450000E+02  5.9518257E-06 -2.1156221E-08
  -1.1650000E+02  4.1283333E+02  5.9519516E-06 -1.7013707E-08
  -1.1650000E+02  4.1116667E+02  5.9520688E-06 -1.3036492E-08
  -1.1650000E+02  4.0950000E+02  5.9521676E-06 -9.1983429E-09
  -1.1650000E+02  4.0783333E+02  5.9522393E-06 -5.4698417E-09
  -1.1650000E+02  4.0616667E+02  5.9522769E-06 -1.8147739E-09
  -1.1650000E+02  4.0450000E+02  3.7202013E-11 -3.3288396E-14
  -1.1650000E+02  4.0283333E+02  3.7202313E-11 -1.1047583E-14
  -1.1550000E+02  4.2116667E+02  5.9543105E-06 -3.9536572E-08
  -1.1550000E+02  4.1950000E+02  5.9543241E-06 -3.4708630E-08
  -1.1550000E+02  4.1783333E+02  5.9543358E-06 -3.0029477E-08
  -1.1550000E+02  4.1616667E+02  5.9543479E-06 -2.5522631E-08
  -1.1550000E+02  4.1450000E+02  5.9543644E-06 -2.1200367E-08
  -1.1550000E+02  4.1283333E+02  5.9543861E-06 -1.7058114E-08
  -1.1550000E+02  4.1116667E+02  5.9544110E-06 -1.3077318E-08
  -1.1550000E+02  4.0950000E+02  5.9544352E-06 -9.2313501E-09
  -1.1550000E+02  4.0783333E+02  5.9544546E-06 -5.4914964E-09
  -1.1550000E+02  4.0616667E+02  5.9544653E-06 -1.8220603E-09
  -1.1550000E+02  4.0450000E+02  3.7215505E-11 -3.3470333E-14
  -1.1550000E+02  4.0283333E+02  3.7215613E-11 -1.1110800E-14
  -1.1450000E+02  4.2116667E+02  5.9572487E-06 -3.9523507E-08
  -1.1450000E+02  4.1950000E+02  5.9571795E-06 -3.4688323E-08
  -1.1450000E+02  4.1783333E+02  5.9570915E-06 -3.0004010E-08
  -1.1450000E+02  4.1616667E+02  5.9569953E-06 -2.5497634E-08
  -1.1450000E+02  4.1450000E+02  5.9569022E-06 -2.1179440E-08
  -1.1450000E+02  4.1283333E+02  5.9568204E-06 -1.7042961E-08
  -1.1450000E+02  4.1116667E+02  5.9567544E-06 -1.3067783E-08
  -1.1450000E+02  4.0950000E+02  5.9567056E-06 -9.2261652E-09
  -1.1450000E+02  4.0783333E+02  5.9566741E-06 -5.4894575E-09
  -1.1450000E+02  4.0616667E+02  5.9566587E-06 -1.8212163E-09
  -1.1450000E+02  4.0450000E+02  3.7229035E-11 -3.3484717E-14
  -1.1450000E+02  4.0283333E+02  3.7228961E-11 -1.1116974E-14
  -1.1350000E+02  4.2116667E+02  5.9601952E-06 -3.9467897E-08
  -1.1350000E+02  4.1950000E+02  5.9600424E-06 -3.4610724E-08
  -1.1350000E+02  4.1783333E+02  5.9598509E-06 -2.9913875E-08
  -1.1350000E+02  4.1616667E+02  5.9596426E-06 -2.5405090E-08
  -1.1350000E+02  4.1450000E+02  5.9594372E-06 -2.1092891E-08
  -1.1350000E+02  4.1283333E+02  5.9592503E-06 -1.6968296E-08
  -1.1350000E+02  4.1116667E+02  5.9590928E-06 -1.3008335E-08
  -1.1350000E+02  4.0950000E+02  5.9589711E-06 -9.1833510E-09
  -1.1350000E+02  4.0783333E+02  5.9588889E-06 -5.4640585E-09
  -1.1350000E+02  4.0616667E+02  5.9588475E-06 -1.8124868E-09
  -1.1350000E+02  4.0450000E+02  3.7242541E-11 -3.3337131E-14
  -1.1350000E+02  4.0283333E+02  3.7242289E-11 -1.1068253E-14
  -1.1250000E+02  4.2116667E+02  5.9631602E-06 -3.9369344E-08
  -1.1250000E+02  4.1950000E+02  5.9629192E-06 -3.4473042E-08
  -1.1250000E+02  4.1783333E+02  5.9626175E-06 -2.9755575E-08
  -1.1250000E+02  4.1616667E+02  5.9622901E-06 -2.5242034E-08
  -1.1250000E+02  4.1450000E+02  5.9619667E-06 -2.0938629E-08
  -1.1250000E+02  4.1283333E+02  5.9616708E-06 -1.6832882E-08
  -1.1250000E+02  4.1116667E+02  5.9614194E-06 -1.2898389E-08
  -1.1250000E+02  4.0950000E+02  5.9612234E-06 -9.1027184E-09
  -1.1250000E+02  4.0783333E+02  5.9610897E-06 -5.4151587E-09
  -1.1250000E+02  4.0616667E+02  5.9610221E-06 -1.7959694E-09
  -1.1250000E+02  4.0450000E+02  3.7255959E-11 -3.3029789E-14
  -1.1250000E+02  4.0283333E+02  3.7255529E-11 -1.0965622E-14
  -1.1150000E+02  4.2116667E+02  5.9661583E-06 -3.9223579E-08
  -1.1150000E+02  4.1950000E+02  5.9658180E-06 -3.4270049E-08
  -1.1150000E+02  4.1783333E+02  5.9653942E-06 -2.9523260E-08
  -1.1150000E+02  4.1616667E+02  5.9649369E-06 -2.5003553E-08
  -1.1150000E+02  4.1450000E+02  5.9644869E-06 -2.0713026E-08
  -1.1150000E+02  4.1283333E+02  5.9640758E-06 -1.6634293E-08
  -1.1150000E+02  4.1116667E+02  5.9637263E-06 -1.2736445E-08
  -1.1150000E+02  4.0950000E+02  5.9634535E-06 -8.9834256E-09
  -1.1150000E+02  4.0783333E+02  5.9632669E-06 -5.3422438E-09
  -1.1150000E+02  4.0616667E+02  5.9631724E-06 -1.7716131E-09
  -1.1150000E+02  4.0450000E+02  3.7269223E-11 -3.2561955E-14
  -1.1150000E+02  4.0283333E+02  3.7268612E-11 -1.0809017E-14
  -1.1050000E+02  4.2116667E+02  5.9692070E-06 -3.9020941E-08
  -1.1050000E+02  4.1950000E+02  5.9687472E-06 -3.3992650E-08
  -1.1050000E+02  4.1783333E+02  5.9681835E-06 -2.9208192E-08
  -1.1050000E+02  4.1616667E+02  5.9675809E-06 -2.4682626E-08
  -1.1050000E+02  4.1450000E+02  5.9669926E-06 -2.0410952E-08
  -1.1050000E+02  4.1283333E+02  5.9664581E-06 -1.6369020E-08
  -1.1050000E+02  4.1116667E+02  5.9660050E-06 -1.2520208E-08
  -1.1050000E+02  4.0950000E+02  5.9656518E-06 -8.8240838E-09
  -1.1050000E+02  4.0783333E+02  5.9654101E-06 -5.2445231E-09
  -1.1050000E+02  4.0616667E+02  5.9652877E-06 -1.7392148E-09
  -1.1050000E+02  4.0450000E+02  3.7282263E-11 -3.1930396E-14
  -1.1050000E+02  4.0283333E+02  3.7281468E-11 -1.0597457E-14
  -1.0950000E+02  4.2116667E+02  5.9723233E-06 -3.8746015E-08
  -1.0950000E+02  4.1950000E+02  5.9717151E-06 -3.3626815E-08
  -1.0950000E+02  4.1783333E+02  5.9709861E-06 -2.8798394E-08
  -1.0950000E+02  4.1616667E+02  5.9702182E-06 -2.4270098E-08
  -1.0950000E+02  4.1450000E+02  5.9694772E-06 -2.0025905E-08
  -1.0950000E+02  4.1283333E+02  5.9688093E-06 -1.6032643E-08
  -1.0950000E+02  4.1116667E+02  5.9682460E-06 -1.2246756E-08
  -1.0950000E+02  4.0950000E+02  5.9678081E-06 -8.6228733E-09
  -1.0950000E+02  4.0783333E+02  5.9675087E-06 -5.1210153E-09
  -1.0950000E+02  4.0616667E+02  5.9673572E-06 -1.6984230E-09
  -1.0950000E+02  4.0450000E+02  3.7295009E-11 -3.1129837E-14
  -1.0950000E+02  4.0283333E+02  3.7294022E-11 -1.0329184E-14
  -1.0850000E+02  4.2116667E+02  5.9755221E-06 -3.8377889E-08
  -1.0850000E+02  4.1950000E+02  5.9747272E-06 -3.3153063E-08
  -1.0850000E+02  4.1783333E+02  5.9738003E-06 -2.8278560E-08
  -1.0850000E+02  4.1616667E+02  5.9728430E-06 -2.3754872E-08
  -1.0850000E+02  4.1450000E+02  5.9719326E-06 -1.9550278E-08
  -1.0850000E+02  4.1283333E+02  5.9711201E-06 -1.5620064E-08
  -1.0850000E+02  4.1116667E+02  5.9704391E-06 -1.1912719E-08
  -1.0850000E+02  4.0950000E+02  5.9699116E-06 -8.3776621E-09
  -1.0850000E+02  4.0783333E+02  5.9695517E-06 -4.9706143E-09
  -1.0850000E+02  4.0616667E+02  5.9693697E-06 -1.6487597E-09
  -1.0850000E+02  4.0450000E+02  3.7307390E-11 -3.0153329E-14
  -1.0850000E+02  4.0283333E+02  3.7306203E-11 -1.0001802E-14
  -1.0750000E+02  4.2116667E+02  5.9788157E-06 -3.7889864E-08
  -1.0750000E+02  4.1950000E+02  5.9777859E-06 -3.2546257E-08
  -1.0750000E+02  4.1783333E+02  5.9766210E-06 -2.7630241E-08
  -1.0750000E+02  4.1616667E+02  5.9754469E-06 -2.3124377E-08
  -1.0750000E+02  4.1450000E+02  5.9743490E-06 -1.8975789E-08
  -1.0750000E+02  4.1283333E+02  5.9733802E-06 -1.5125802E-08
  -1.0750000E+02  4.1116667E+02  5.9725737E-06 -1.1514468E-08
  -1.0750000E+02  4.0950000E+02  5.9719515E-06 -8.0861149E-09
  -1.0750000E+02  4.0783333E+02  5.9715281E-06 -4.7921301E-09
  -1.0750000E+02  4.0616667E+02  5.9713141E-06 -1.5896611E-09
  -1.0750000E+02  4.0450000E+02  3.7319334E-11 -2.8992470E-14
  -1.0750000E+02  4.0283333E+02  3.7317937E-11 -9.6123672E-15
  -1.0650000E+02  4.2116667E+02  5.9822149E-06 -3.7247154E-08
  -1.0650000E+02  4.1950000E+02  5.9808886E-06 -3.1775305E-08
  -1.0650000E+02  4.1783333E+02  5.9794388E-06 -2.6832382E-08
  -1.0650000E+02  4.1616667E+02  5.9780181E-06 -2.2365356E-08
  -1.0650000E+02  4.1450000E+02  5.9767148E-06 -1.8294079E-08
  -1.0650000E+02  4.1283333E+02  5.9755783E-06 -1.4544361E-08
  -1.0650000E+02  4.1116667E+02  5.9746388E-06 -1.1048300E-08
  -1.0650000E+02  4.0950000E+02  5.9739168E-06 -7.7457801E-09
  -1.0650000E+02  4.0783333E+02  5.9734266E-06 -4.5842983E-09
  -1.0650000E+02  4.0616667E+02  5.9731790E-06 -1.5205264E-09
  -1.0650000E+02  4.0450000E+02  3.7330769E-11 -2.7637426E-14
  -1.0650000E+02  4.0283333E+02  3.7329150E-11 -9.1574288E-15
  -1.0550000E+02  4.2116667E+02  5.9857302E-06 -3.6401349E-08
  -1.0550000E+02  4.1950000E+02  5.9840258E-06 -3.0802669E-08
  -1.0550000E+02  4.1783333E+02  5.9822381E-06 -2.5862525E-08
  -1.0550000E+02  4.1616667E+02  5.9805418E-06 -2.1465072E-08
  -1.0550000E+02  4.1450000E+02  5.9790170E-06 -1.7497443E-08
  -1.0550000E+02  4.1283333E+02  5.9777028E-06 -1.3870598E-08
  -1.0550000E+02  4.1116667E+02  5.9766232E-06 -1.0510576E-08
  -1.0550000E+02  4.0950000E+02  5.9757962E-06 -7.3541364E-09
  -1.0550000E+02  4.0783333E+02  5.9752361E-06 -4.3457550E-09
  -1.0550000E+02  4.0616667E+02  5.9749531E-06 -1.4407559E-09
  -1.0550000E+02  4.0450000E+02  3.7341624E-11 -2.6076762E-14
  -1.0550000E+02  4.0283333E+02  3.7339769E-11 -8.6329812E-15
  -1.0450000E+02  4.2116667E+02  5.9893685E-06 -3.5281129E-08
  -1.0450000E+02  4.1950000E+02  5.9871762E-06 -2.9584833E-08
  -1.0450000E+02  4.1783333E+02  5.9849955E-06 -2.4699319E-08
  -1.0450000E+02  4.1616667E+02  5.9829995E-06 -2.0412955E-08
  -1.0450000E+02  4.1450000E+02  5.9812411E-06 -1.6579626E-08
  -1.0450000E+02  4.1283333E+02  5.9797414E-06 -1.3100041E-08
  -1.0450000E+02  4.1116667E+02  5.9785155E-06 -9.8978174E-09
  -1.0450000E+02  4.0950000E+02  5.9775785E-06 -6.9085847E-09
  -1.0450000E+02  4.0783333E+02  5.9769448E-06 -4.0749751E-09
  -1.0450000E+02  4.0616667E+02  5.9766248E-06 -1.3497609E-09
  -1.0450000E+02  4.0450000E+02  3.7351824E-11 -2.4297084E-14
  -1.0450000E+02  4.0283333E+02  3.7349715E-11 -8.0343484E-15
  -1.0350000E+02  4.2116667E+02  5.9931169E-06 -3.3781536E-08
  -1.0350000E+02  4.1950000E+02  5.9902974E-06 -2.8077310E-08
  -1.0350000E+02  4.1783333E+02  5.9876783E-06 -2.3326973E-08
  -1.0350000E+02  4.1616667E+02  5.9853696E-06 -1.9202525E-08
  -1.0350000E+02  4.1450000E+02  5.9833721E-06 -1.5536520E-08
  -1.0350000E+02  4.1283333E+02  5.9816817E-06 -1.2229086E-08
  -1.0350000E+02  4.1116667E+02  5.9803042E-06 -9.2066854E-09
  -1.0350000E+02  4.0950000E+02  5.9792522E-06 -6.4063711E-09
  -1.0350000E+02  4.0783333E+02  5.9785409E-06 -3.7701747E-09
  -1.0350000E+02  4.0616667E+02  5.9781815E-06 -1.2469363E-09
  -1.0350000E+02  4.0450000E+02  3.7361287E-11 -2.2282442E-14
  -1.0350000E+02  4.0283333E+02  3.7358907E-11 -7.3559753E-15
  -1.0250000E+02  4.2116667E+02  5.9969010E-06 -3.1767311E-08
  -1.0250000E+02  4.1950000E+02  5.9933169E-06 -2.6249344E-08
  -1.0250000E+02  4.1783333E+02  5.9902462E-06 -2.1741087E-08
  -1.0250000E+02  4.1616667E+02  5.9876294E-06 -1.7833139E-08
  -1.0250000E+02  4.1450000E+02  5.9853948E-06 -1.4366592E-08
  -1.0250000E+02  4.1283333E+02  5.9835117E-06 -1.1254964E-08
  -1.0250000E+02  4.1116667E+02  5.9819776E-06 -8.4338441E-09
  -1.0250000E+02  4.0950000E+02  5.9808050E-06 -5.8444259E-09
  -1.0250000E+02  4.0783333E+02  5.9800114E-06 -3.4291806E-09
  -1.0250000E+02  4.0616667E+02  5.9796102E-06 -1.1316016E-09
  -1.0250000E+02  4.0450000E+02  3.7369928E-11 -2.0013424E-14
  -1.0250000E+02  4.0283333E+02  3.7367252E-11 -6.5911026E-15
  -1.0150000E+02  4.2116667E+02  6.0005172E-06 -2.9130406E-08
  -1.0150000E+02  4.1950000E+02  5.9961360E-06 -2.4107097E-08
  -1.0150000E+02  4.1783333E+02  5.9926571E-06 -1.9953563E-08
  -1.0150000E+02  4.1616667E+02  5.9897576E-06 -1.6310908E-08
  -1.0150000E+02  4.1450000E+02  5.9872956E-06 -1.3070785E-08
  -1.0150000E+02  4.1283333E+02  5.9852197E-06 -1.0175417E-08
  -1.0150000E+02  4.1116667E+02  5.9835242E-06 -7.5756399E-09
  -1.0150000E+02  4.0950000E+02  5.9822243E-06 -5.2191053E-09
  -1.0150000E+02  4.0783333E+02  5.9813425E-06 -3.0492688E-09
  -1.0150000E+02  4.0616667E+02  5.9808961E-06 -1.0029230E-09
  -1.0150000E+02  4.0450000E+02  3.7377649E-11 -1.7465804E-14
  -1.0150000E+02  4.0283333E+02  3.7374647E-11 -5.7312819E-15
  -1.0050000E+02  4.2116667E+02  6.0036255E-06 -2.5918845E-08
  -1.0050000E+02  4.1950000E+02  5.9986588E-06 -2.1709939E-08
  -1.0050000E+02  4.1783333E+02  5.9948762E-06 -1.7993818E-08
  -1.0050000E+02  4.1616667E+02  5.9917381E-06 -1.4648088E-08
  -1.0050000E+02  4.1450000E+02  5.9890637E-06 -1.1651732E-08
  -1.0050000E+02  4.1283333E+02  5.9867955E-06 -8.9880358E-09
  -1.0050000E+02  4.1116667E+02  5.9849320E-06 -6.6275849E-09
  -1.0050000E+02  4.0950000E+02  5.9834963E-06 -4.5258223E-09
  -1.0050000E+02  4.0783333E+02  5.9825188E-06 -2.6269724E-09
  -1.0050000E+02  4.0616667E+02  5.9820229E-06 -8.5982554E-10
  -1.0050000E+02  4.0450000E+02  3.7384342E-11 -1.4608709E-14
  -1.0050000E+02  4.0283333E+02  3.7380973E-11 -4.7657032E-15
  -9.9500000E+01  4.2116667E+02  6.0059306E-06 -2.2425892E-08
  -9.9500000E+01  4.1950000E+02  6.0008307E-06 -1.9162902E-08
  -9.9500000E+01  4.1783333E+02  5.9968863E-06 -1.5904650E-08
  -9.9500000E+01  4.1616667E+02  5.9935633E-06 -1.2860572E-08
  -9.9500000E+01  4.1450000E+02  5.9906926E-06 -1.0112238E-08
  -9.9500000E+01  4.1283333E+02  5.9882304E-06 -7.6892531E-09
  -9.9500000E+01  4.1116667E+02  5.9861893E-06 -5.5836416E-09
  -9.9500000E+01  4.0950000E+02  5.9846063E-06 -3.7585663E-09
  -9.9500000E+01  4.0783333E+02  5.9835232E-06 -2.1578479E-09
  -9.9500000E+01  4.0616667E+02  5.9829724E-06 -7.0089180E-10
  -9.9500000E+01  4.0450000E+02  3.7389879E-11 -1.1402332E-14
  -9.9500000E+01  4.0283333E+02  3.7386095E-11 -3.6803557E-15
  -9.8500000E+01  4.2116667E+02  6.0074409E-06 -1.9073886E-08
  -9.8500000E+01  4.1950000E+02  6.0026623E-06 -1.6587772E-08
  -9.8500000E+01  4.1783333E+02  5.9986950E-06 -1.3732704E-08
  -9.8500000E+01  4.1616667E+02  5.9952367E-06 -1.0963773E-08
  -9.8500000E+01  4.1450000E+02  5.9921809E-06 -8.4531560E-09
  -9.8500000E+01  4.1283333E+02  5.9895177E-06 -6.2730551E-09
  -9.8500000E+01  4.1116667E+02  5.9872845E-06 -4.4353420E-09
  -9.8500000E+01  4.0950000E+02  5.9855383E-06 -2.9093193E-09
  -9.8500000E+01  4.0783333E+02  5.9843366E-06 -1.6361822E-09
  -9.8500000E+01  4.0616667E+02  5.9837236E-06 -5.2423652E-10
  -9.8500000E+01  4.0450000E+02  3.7394118E-11 -7.7952593E-15
  -9.8500000E+01  4.0283333E+02  3.7389852E-11 -2.4570797E-15
  -9.7500000E+01  4.2116667E+02  6.0084743E-06 -1.6160604E-08
  -9.7500000E+01  4.1950000E+02  6.0042300E-06 -1.4087307E-08
  -9.7500000E+01  4.1783333E+02  6.0003359E-06 -1.1516282E-08
  -9.7500000E+01  4.1616667E+02  5.9967735E-06 -8.9678473E-09
  -9.7500000E+01  4.1450000E+02  5.9935325E-06 -6.6709493E-09
  -9.7500000E+01  4.1283333E+02  5.9906528E-06 -4.7295076E-09
  -9.7500000E+01  4.1116667E+02  5.9882058E-06 -3.1707955E-09
  -9.7500000E+01  4.0950000E+02  5.9862745E-06 -1.9673864E-09
  -9.7500000E+01  4.0783333E+02  5.9849371E-06 -1.0546181E-09
  -9.7500000E+01  4.0616667E+02  5.9842527E-06 -3.2734477E-10
  -9.7500000E+01  4.0450000E+02  3.7396893E-11 -3.7214314E-15
  -9.7500000E+01  4.0283333E+02  3.7392061E-11 -1.0725436E-15
  -9.6500000E+01  4.2116667E+02  6.0094026E-06 -1.3737890E-08
  -9.6500000E+01  4.1950000E+02  6.0056560E-06 -1.1715473E-08
  -9.6500000E+01  4.1783333E+02  6.0018622E-06 -9.2753851E-09
  -9.6500000E+01  4.1616667E+02  5.9981989E-06 -6.8733103E-09
  -9.6500000E+01  4.1450000E+02  5.9947563E-06 -4.7553214E-09
  -9.6500000E+01  4.1283333E+02  5.9916328E-06 -3.0432234E-09
  -9.6500000E+01  4.1116667E+02  5.9889408E-06 -1.7736287E-09
  -9.6500000E+01  4.0950000E+02  5.9867955E-06 -9.1865104E-10
  -9.6500000E+01  4.0783333E+02  5.9853001E-06 -4.0368868E-10
  -9.6500000E+01  4.0616667E+02  5.9845322E-06 -1.0687987E-10
  -9.6500000E+01  4.0450000E+02  3.7398009E-11  9.0346346E-16
  -9.6500000E+01  4.0283333E+02  3.7392506E-11  5.0293863E-16
  -9.5500000E+01  4.2116667E+02  6.0104708E-06 -1.1696443E-08
  -9.5500000E+01  4.1950000E+02  6.0070699E-06 -9.4683679E-09
  -9.5500000E+01  4.1783333E+02  6.0033377E-06 -7.0069451E-09
  -9.5500000E+01  4.1616667E+02  5.9995449E-06 -4.6680555E-09
  -9.5500000E+01  4.1450000E+02  5.9958653E-06 -2.6872456E-09
  -9.5500000E+01  4.1283333E+02  5.9924564E-06 -1.1918911E-09
  -9.5500000E+01  4.1116667E+02  5.9894766E-06 -2.2187576E-10
  -9.5500000E+01  4.0950000E+02  5.9870792E-06  2.5525701E-10
  -9.5500000E+01  4.0783333E+02  5.9853973E-06  3.2874006E-10
  -9.5500000E+01  4.0616667E+02  5.9845305E-06  1.4151715E-10
  -9.5500000E+01  4.0450000E+02  3.7397241E-11  6.1865699E-15
  -9.5500000E+01  4.0283333E+02  3.7390932E-11  2.3069618E-15
  -9.4500000E+01  4.2116667E+02  6.0118011E-06 -9.8921328E-09
  -9.4500000E+01  4.1950000E+02  6.0085798E-06 -7.2993127E-09
  -9.4500000E+01  4.1783333E+02  6.0048275E-06 -4.6853586E-09
  -9.4500000E+01  4.1616667E+02  6.0008479E-06 -2.3261838E-09
  -9.4500000E+01  4.1450000E+02  5.9968750E-06 -4.3757169E-10
  -9.4500000E+01  4.1283333E+02  5.9931228E-06  8.5505753E-10
  -9.4500000E+01  4.1116667E+02  5.9897992E-06  1.5132024E-09
  -9.4500000E+01  4.0950000E+02  5.9871004E-06  1.5779175E-09
  -9.4500000E+01  4.0783333E+02  5.9851956E-06  1.1581141E-09
  -9.4500000E+01  4.0616667E+02  5.9842103E-06  4.2342066E-10
  -9.4500000E+01  4.0450000E+02  3.7394323E-11  1.2263920E-14
  -9.4500000E+01  4.0283333E+02  3.7387037E-11  4.3872151E-15
  -9.3500000E+01  4.2116667E+02  6.0134573E-06 -8.2029243E-09
  -9.3500000E+01  4.1950000E+02  6.0102672E-06 -5.1416471E-09
  -9.3500000E+01  4.1783333E+02  6.0063926E-06 -2.2669051E-09
  -9.3500000E+01  4.1616667E+02  6.0021451E-06  1.9166844E-10
  -9.3500000E+01  4.1450000E+02  5.9978026E-06  2.0338065E-09
  -9.3500000E+01  4.1283333E+02  5.9936315E-06  3.1376480E-09
  -9.3500000E+01  4.1116667E+02  5.9898921E-06  3.4684146E-09
  -9.3500000E+01  4.0950000E+02  5.9868299E-06  3.0792506E-09
  -9.3500000E+01  4.0783333E+02  5.9846562E-06  2.1039447E-09
  -9.3500000E+01  4.0616667E+02  5.9835278E-06  7.4582379E-10
  -9.3500000E+01  4.0450000E+02  3.7388940E-11  1.9308391E-14
  -9.3500000E+01  4.0283333E+02  3.7380457E-11  6.8044646E-15
  -9.2500000E+01  4.2116667E+02  6.0154842E-06 -6.5335933E-09
  -9.2500000E+01  4.1950000E+02  6.0121957E-06 -2.9238050E-09
  -9.2500000E+01  4.1783333E+02  6.0080880E-06  3.0465121E-10
  -9.2500000E+01  4.1616667E+02  6.0034737E-06  2.9371688E-09
  -9.2500000E+01  4.1450000E+02  5.9986660E-06  4.7784231E-09
  -9.2500000E+01  4.1283333E+02  5.9939813E-06  5.7065322E-09
  -9.2500000E+01  4.1116667E+02  5.9897364E-06  5.6901104E-09
  -9.2500000E+01  4.0950000E+02  5.9862330E-06  4.7968781E-09
  -9.2500000E+01  4.0783333E+02  5.9837327E-06  3.1907331E-09
  -9.2500000E+01  4.0616667E+02  5.9824305E-06  1.1174107E-09
  -9.2500000E+01  4.0450000E+02  3.7380709E-11  2.7539959E-14
  -9.2500000E+01  4.0283333E+02  3.7370753E-11  9.6363604E-15
  -9.1500000E+01  4.2116667E+02  6.0179222E-06 -4.8078713E-09
  -9.1500000E+01  4.1950000E+02  6.0144200E-06 -5.7511930E-10
  -9.1500000E+01  4.1783333E+02  6.0099649E-06  3.0936574E-09
  -9.1500000E+01  4.1616667E+02  6.0048711E-06  5.9729890E-09
  -9.1500000E+01  4.1450000E+02  5.9994837E-06  7.8596475E-09
  -9.1500000E+01  4.1283333E+02  5.9941701E-06  8.6243013E-09
  -9.1500000E+01  4.1116667E+02  5.9893091E-06  8.2359053E-09
  -9.1500000E+01  4.0950000E+02  5.9852680E-06  6.7777834E-09
  -9.1500000E+01  4.0783333E+02  5.9823694E-06  4.4491707E-09
  -9.1500000E+01  4.0616667E+02  5.9808549E-06  1.5489711E-09
  -9.1500000E+01  4.0450000E+02  3.7369165E-11  3.7238850E-14
  -9.1500000E+01  4.0283333E+02  3.7357380E-11  1.2982151E-14
  -9.0500000E+01  4.2116667E+02  6.0208134E-06 -2.9622700E-09
  -9.0500000E+01  4.1950000E+02  6.0169928E-06  1.9729374E-09
  -9.0500000E+01  4.1783333E+02  6.0120738E-06  6.1700504E-09
  -9.0500000E+01  4.1616667E+02  6.0063755E-06  9.3718777E-09
  -9.0500000E+01  4.1450000E+02  6.0002753E-06  1.1353302E-08
  -9.0500000E+01  4.1283333E+02  5.9941947E-06  1.1967143E-08
  -9.0500000E+01  4.1116667E+02  5.9885829E-06  1.1176799E-08
  -9.0500000E+01  4.0950000E+02  5.9838848E-06  9.0803952E-09
  -9.0500000E+01  4.0783333E+02  5.9804982E-06  5.9177305E-09
  -9.0500000E+01  4.0616667E+02  5.9787233E-06  2.0540014E-09
  -9.0500000E+01  4.0450000E+02  3.7353732E-11  4.8762796E-14
  -9.0500000E+01  4.0283333E+02  3.7339666E-11  1.6968742E-14
  -8.9500000E+01  4.2116667E+02  6.0242044E-06 -9.4258885E-10
  -8.9500000E+01  4.1950000E+02  6.0199691E-06  4.7868002E-09
  -8.9500000E+01  4.1783333E+02  6.0144680E-06  9.6082335E-09
  -8.9500000E+01  4.1616667E+02  6.0080286E-06  1.3216313E-08
  -8.9500000E+01  4.1450000E+02  6.0010625E-06  1.5348675E-08
  -8.9500000E+01  4.1283333E+02  5.9940510E-06  1.5827006E-08
  -8.9500000E+01  4.1116667E+02  5.9875246E-06  1.4599912E-08
  -8.9500000E+01  4.0950000E+02  5.9820225E-06  1.1777318E-08
  -8.9500000E+01  4.0783333E+02  5.9780359E-06  7.6447771E-09
  -8.9500000E+01  4.0616667E+02  5.9759399E-06  2.6494968E-09
  -8.9500000E+01  4.0450000E+02  3.7333697E-11  6.2570364E-14
  -8.9500000E+01  4.0283333E+02  3.7316767E-11  2.1758959E-14
  -8.8500000E+01  4.2116667E+02  6.0281497E-06  1.2981028E-09
  -8.8500000E+01  4.1950000E+02  6.0234102E-06  7.9309921E-09
  -8.8500000E+01  4.1783333E+02  6.0172069E-06  1.3486707E-08
  -8.8500000E+01  4.1616667E+02  6.0098782E-06  1.7598690E-08
  -8.8500000E+01  4.1450000E+02  6.0018714E-06  1.9950021E-08
  -8.8500000E+01  4.1283333E+02  5.9937350E-06  2.0314414E-08
  -8.8500000E+01  4.1116667E+02  5.9860954E-06  1.8612141E-08
  -8.8500000E+01  4.0950000E+02  5.9796075E-06  1.4959036E-08
  -8.8500000E+01  4.0783333E+02  5.9748803E-06  9.6913626E-09
  -8.8500000E+01  4.0616667E+02  5.9723862E-06  3.3569688E-09
  -8.8500000E+01  4.0450000E+02  3.7308167E-11  7.9252818E-14
  -8.8500000E+01  4.0283333E+02  3.7287620E-11  2.7563060E-14
  -8.7500000E+01  4.2116667E+02  6.0327150E-06  3.8009471E-09
  -8.7500000E+01  4.1950000E+02  6.0273878E-06  1.1468188E-08
  -8.7500000E+01  4.1783333E+02  6.0203603E-06  1.7887970E-08
  -8.7500000E+01  4.1616667E+02  6.0119817E-06  2.2621858E-08
  -8.7500000E+01  4.1450000E+02  6.0027356E-06  2.5278522E-08
  -8.7500000E+01  4.1283333E+02  5.9932451E-06  2.5562070E-08
  -8.7500000E+01  4.1116667E+02  5.9842505E-06  2.3345063E-08
  -8.7500000E+01  4.0950000E+02  5.9765502E-06  1.8738987E-08
  -8.7500000E+01  4.0783333E+02  5.9709048E-06  1.2135013E-08
  -8.7500000E+01  4.0616667E+02  5.9679147E-06  4.2038284E-09
  -8.7500000E+01  4.0450000E+02  3.7276018E-11  9.9577095E-14
  -8.7500000E+01  4.0283333E+02  3.7250873E-11  3.4654292E-14
  -8.6500000E+01  4.2116667E+02  6.0379802E-06  6.6025538E-09
  -8.6500000E+01  4.1950000E+02  6.0319866E-06  1.5459070E-08
  -8.6500000E+01  4.1783333E+02  6.0240121E-06  2.2898277E-08
  -8.6500000E+01  4.1616667E+02  6.0144105E-06  2.8399706E-08
  -8.6500000E+01  4.1450000E+02  6.0036999E-06  3.1474646E-08
  -8.6500000E+01  4.1283333E+02  5.9925845E-06  3.1729456E-08
  -8.6500000E+01  4.1116667E+02  5.9819395E-06  2.8961465E-08
  -8.6500000E+01  4.0950000E+02  5.9727432E-06  2.3260520E-08
  -8.6500000E+01  4.0783333E+02  5.9659528E-06  1.5075022E-08
  -8.6500000E+01  4.0616667E+02  5.9623402E-06  5.2254047E-09
  -8.6500000E+01  4.0450000E+02  3.7235824E-11  1.2454277E-13
  -8.6500000E+01  4.0283333E+02  3.7204802E-11  4.3389119E-14
  -8.5500000E+01  4.2116667E+02  6.0440410E-06  9.7357822E-09
  -8.5500000E+01  4.1950000E+02  6.0373081E-06  1.9961741E-08
  -8.5500000E+01  4.1783333E+02  6.0282640E-06  2.8606780E-08
  -8.5500000E+01  4.1616667E+02  6.0172553E-06  3.5057359E-08
  -8.5500000E+01  4.1450000E+02  6.0048264E-06  3.8700717E-08
  -8.5500000E+01  4.1283333E+02  5.9917663E-06  3.9008644E-08
  -8.5500000E+01  4.1116667E+02  5.9791085E-06  3.5663972E-08
  -8.5500000E+01  4.0950000E+02  5.9680574E-06  2.8706457E-08
  -8.5500000E+01  4.0783333E+02  5.9598296E-06  1.8640012E-08
  -8.5500000E+01  4.0616667E+02  5.9554296E-06  6.4679342E-09
  -8.5500000E+01  4.0450000E+02  3.7185771E-11  1.5545652E-13
  -8.5500000E+01  4.0283333E+02  3.7147198E-11  5.4232968E-14
  -8.4500000E+01  4.2116667E+02  6.0510091E-06  1.3229506E-08
  -8.4500000E+01  4.1950000E+02  6.0434716E-06  2.5030234E-08
  -8.4500000E+01  4.1783333E+02  6.0332404E-06  3.5103494E-08
  -8.4500000E+01  4.1616667E+02  6.0206328E-06  4.2730385E-08
  -8.4500000E+01  4.1450000E+02  6.0062024E-06  4.7143317E-08
  -8.4500000E+01  4.1283333E+02  5.9908202E-06  4.7631372E-08
  -8.4500000E+01  4.1116667E+02  5.9757027E-06  4.3706476E-08
  -8.4500000E+01  4.0950000E+02  5.9623396E-06  3.5312458E-08
  -8.4500000E+01  4.0783333E+02  5.9522925E-06  2.2998897E-08
  -8.4500000E+01  4.0616667E+02  5.9468861E-06  7.9928976E-09
  -8.4500000E+01  4.0450000E+02  3.7123531E-11  1.9402846E-13
  -8.4500000E+01  4.0283333E+02  3.7075218E-11  6.7792653E-14
  -8.3500000E+01  4.2116667E+02  6.0590097E-06  1.7106835E-08
  -8.3500000E+01  4.1950000E+02  6.0506162E-06  3.0711498E-08
  -8.3500000E+01  4.1783333E+02  6.0390921E-06  4.2475442E-08
  -8.3500000E+01  4.1616667E+02  6.0246933E-06  5.1562260E-08
  -8.3500000E+01  4.1450000E+02  6.0079513E-06  5.7014888E-08
  -8.3500000E+01  4.1283333E+02  5.9898042E-06  5.7877302E-08
  -8.3500000E+01  4.1116667E+02  5.9716737E-06  5.3409392E-08
  -8.3500000E+01  4.0950000E+02  5.9554094E-06  4.3386009E-08
  -8.3500000E+01  4.0783333E+02  5.9430371E-06  2.8376947E-08
  -8.3500000E+01  4.0616667E+02  5.9363293E-06  9.8833358E-09
  -8.3500000E+01  4.0450000E+02  3.7046100E-11  2.4249320E-13
  -8.3500000E+01  4.0283333E+02  3.6985199E-11  8.4855496E-14
  -8.2500000E+01  4.2116667E+02  6.0681784E-06  2.1381499E-08
  -8.2500000E+01  4.1950000E+02  6.0588995E-06  3.7040290E-08
  -8.2500000E+01  4.1783333E+02  6.0460010E-06  5.0800210E-08
  -8.2500000E+01  4.1616667E+02  6.0296306E-06  6.1698997E-08
  -8.2500000E+01  4.1450000E+02  6.0102472E-06  6.8553402E-08
  -8.2500000E+01  4.1283333E+02  5.9888204E-06  7.0083058E-08
  -8.2500000E+01  4.1116667E+02  5.9669904E-06  6.5179964E-08
  -8.2500000E+01  4.0950000E+02  5.9470575E-06  5.3333771E-08
  -8.2500000E+01  4.0783333E+02  5.9316788E-06  3.5079825E-08
  -8.2500000E+01  4.0616667E+02  5.9232649E-06  1.2253406E-08
  -8.2500000E+01  4.0450000E+02  3.6949576E-11  3.0375369E-13
  -8.2500000E+01  4.0283333E+02  3.6872415E-11  1.0643157E-13
  -8.1500000E+01  4.2116667E+02  6.0786557E-06  2.6052520E-08
  -8.1500000E+01  4.1950000E+02  6.0684972E-06  4.4031655E-08
  -8.1500000E+01  4.1783333E+02  6.0541836E-06  6.0136109E-08
  -8.1500000E+01  4.1616667E+02  6.0356935E-06  7.3279431E-08
  -8.1500000E+01  4.1450000E+02  6.0133348E-06  8.2018249E-08
  -8.1500000E+01  4.1283333E+02  5.9880399E-06  8.4651167E-08
  -8.1500000E+01  4.1116667E+02  5.9616580E-06  7.9539041E-08
  -8.1500000E+01  4.0950000E+02  5.9370465E-06  6.5701312E-08
  -8.1500000E+01  4.0783333E+02  5.9177283E-06  4.3530445E-08
  -8.1500000E+01  4.0616667E+02  5.9070410E-06  1.5263477E-08
  -8.1500000E+01  4.0450000E+02  3.6828849E-11  3.8153297E-13
  -8.1500000E+01  4.0283333E+02  3.6730784E-11  1.3378830E-13
  -8.0500000E+01  4.2116667E+02  6.0905816E-06  3.1097676E-08
  -8.0500000E+01  4.1950000E+02  6.0795991E-06  5.1671079E-08
  -8.0500000E+01  4.1783333E+02  6.0638935E-06  7.0508181E-08
  -8.0500000E+01  4.1616667E+02  6.0431975E-06  8.6419084E-08
  -8.0500000E+01  4.1450000E+02  6.0175552E-06  9.7679227E-08
  -8.0500000E+01  4.1283333E+02  5.9877392E-06  1.0205664E-07
  -8.0500000E+01  4.1116667E+02  5.9557510E-06  9.7155658E-08
  -8.0500000E+01  4.0950000E+02  5.9251176E-06  8.1231655E-08
  -8.0500000E+01  4.0783333E+02  5.9005578E-06  5.4326858E-08
  -8.0500000E+01  4.0616667E+02  5.8867826E-06  1.9144607E-08
  -8.0500000E+01  4.0450000E+02  3.6677186E-11  4.8049323E-13
  -8.0500000E+01  4.0283333E+02  3.6552543E-11  1.6845294E-13
  -7.9500000E+01  4.2116667E+02  6.1040887E-06  3.6466680E-08
  -7.9500000E+01  4.1950000E+02  6.0924033E-06  5.9902852E-08
  -7.9500000E+01  4.1783333E+02  6.0754201E-06  8.1889676E-08
  -7.9500000E+01  4.1616667E+02  6.0525369E-06  1.0118513E-07
  -7.9500000E+01  4.1450000E+02  6.0233784E-06  1.1579363E-07
  -7.9500000E+01  4.1283333E+02  5.9883546E-06  1.2284610E-07
  -7.9500000E+01  4.1116667E+02  5.9494697E-06  1.1889008E-07
  -7.9500000E+01  4.0950000E+02  5.9110105E-06  1.0095278E-07
  -7.9500000E+01  4.0783333E+02  5.8793539E-06  6.8335581E-08
  -7.9500000E+01  4.0616667E+02  5.8612902E-06  2.4239217E-08
  -7.9500000E+01  4.0450000E+02  3.6485646E-11  6.0622605E-13
  -7.9500000E+01  4.0283333E+02  3.6327941E-11  2.1212851E-13
  -7.8500000E+01  4.2116667E+02  6.1192932E-06  4.2075257E-08
  -7.8500000E+01  4.1950000E+02  6.1071061E-06  6.8617807E-08
  -7.8500000E+01  4.1783333E+02  6.0890816E-06  9.4179321E-08
  -7.8500000E+01  4.1616667E+02  6.0641907E-06  1.1755996E-07
  -7.8500000E+01  4.1450000E+02  6.0314408E-06  1.3656377E-07
  -7.8500000E+01  4.1283333E+02  5.9905598E-06  1.4761889E-07
  -7.8500000E+01  4.1116667E+02  5.9432354E-06  1.4584291E-07
  -7.8500000E+01  4.0950000E+02  5.8945114E-06  1.2630979E-07
  -7.8500000E+01  4.0783333E+02  5.8530545E-06  8.6846720E-08
  -7.8500000E+01  4.0616667E+02  5.8288795E-06  3.1071282E-08
  -7.8500000E+01  4.0450000E+02  3.6242293E-11  7.6489907E-13
  -7.8500000E+01  4.0283333E+02  3.6045086E-11  2.6640272E-13
  -7.7500000E+01  4.2116667E+02  6.1362845E-06  4.7801449E-08
  -7.7500000E+01  4.1950000E+02  6.1238868E-06  7.7642472E-08
  -7.7500000E+01  4.1783333E+02  6.1052087E-06  1.0717625E-07
  -7.7500000E+01  4.1616667E+02  6.0787181E-06  1.3539194E-07
  -7.7500000E+01  4.1450000E+02  6.0425805E-06  1.6006425E-07
  -7.7500000E+01  4.1283333E+02  5.9953751E-06  1.7697025E-07
  -7.7500000E+01  4.1116667E+02  5.9378537E-06  1.7939907E-07
  -7.7500000E+01  4.0950000E+02  5.8755589E-06  1.5936482E-07
  -7.7500000E+01  4.0783333E+02  5.8202669E-06  1.1184108E-07
  -7.7500000E+01  4.0616667E+02  5.7871145E-06  4.0473363E-08
  -7.7500000E+01  4.0450000E+02  3.5931069E-11  9.6209673E-13
  -7.7500000E+01  4.0283333E+02  3.5690301E-11  3.3198966E-13
  -7.6500000E+01  4.2116667E+02  6.1551120E-06  5.3485426E-08
  -7.6500000E+01  4.1950000E+02  6.1428863E-06  8.6732465E-08
  -7.6500000E+01  4.1783333E+02  6.1241134E-06  1.2055692E-07
  -7.6500000E+01  4.1616667E+02  6.0967297E-06  1.5433584E-07
  -7.6500000E+01  4.1450000E+02  6.0578554E-06  1.8612744E-07
  -7.6500000E+01  4.1283333E+02  6.0043062E-06  2.1135982E-07
  -7.6500000E+01  4.1116667E+02  5.9347898E-06  2.2123221E-07
  -7.6500000E+01  4.0950000E+02  5.8544766E-06  2.0309647E-07
  -7.6500000E+01  4.0783333E+02  5.7791703E-06  1.4646842E-07
  -7.6500000E+01  4.0616667E+02  5.7323511E-06  5.3828930E-08
  -7.6500000E+01  4.0450000E+02  3.5530166E-11  1.1998799E-12
  -7.6500000E+01  4.0283333E+02  3.5249712E-11  4.0693926E-13
  -7.5500000E+01  4.2116667E+02  6.1757698E-06  5.8933908E-08
  -7.5500000E+01  4.1950000E+02  6.1641800E-06  9.5573283E-08
  -7.5500000E+01  4.1783333E+02  6.1460441E-06  1.3386140E-07
  -7.5500000E+01  4.1616667E+02  6.1188231E-06  1.7379415E-07
  -7.5500000E+01  4.1450000E+02  6.0785087E-06  2.1418237E-07
  -7.5500000E+01  4.1283333E+02  6.0194916E-06  2.5084464E-07
  -7.5500000E+01  4.1116667E+02  5.9366238E-06  2.7317791E-07
  -7.5500000E+01  4.0950000E+02  5.8324751E-06  2.6182794E-07
  -7.5500000E+01  4.0783333E+02  5.7274393E-06  1.9594219E-07
  -7.5500000E+01  4.0616667E+02  5.6589101E-06  7.3564190E-08
  -7.5500000E+01  4.0450000E+02  3.5009441E-11  1.4700004E-12
  -7.5500000E+01  4.0283333E+02  3.4713686E-11  4.8254407E-13
  -7.4500000E+01  4.2116667E+02  6.1981820E-06  6.3929882E-08
  -7.4500000E+01  4.1950000E+02  6.1877483E-06  1.0379148E-07
  -7.4500000E+01  4.1783333E+02  6.1711266E-06  1.4649773E-07
  -7.4500000E+01  4.1616667E+02  6.1454721E-06  1.9288308E-07
  -7.4500000E+01  4.1450000E+02  6.1058223E-06  2.4307201E-07
  -7.4500000E+01  4.1283333E+02  6.0437669E-06  2.9459846E-07
  -7.4500000E+01  4.1116667E+02  5.9477606E-06  3.3674856E-07
  -7.4500000E+01  4.0950000E+02  5.8127519E-06  3.4175169E-07
  -7.4500000E+01  4.0783333E+02  5.6623245E-06  2.6929641E-07
  -7.4500000E+01  4.0616667E+02  5.5574923E-06  1.0422681E-07
  -7.4500000E+01  4.0450000E+02  3.4325666E-11  1.7388037E-12
  -7.4500000E+01  4.0283333E+02  3.4087780E-11  5.3392505E-13
  -7.3500000E+01  4.2116667E+02  6.2221893E-06  6.8247669E-08
  -7.3500000E+01  4.1950000E+02  6.2134488E-06  1.1097831E-07
  -7.3500000E+01  4.1783333E+02  6.1993024E-06  1.5777168E-07
  -7.3500000E+01  4.1616667E+02  6.1768821E-06  2.1045403E-07
  -7.3500000E+01  4.1450000E+02  6.1407959E-06  2.7094265E-07
  -7.3500000E+01  4.1283333E+02  6.0804013E-06  3.4019781E-07
  -7.3500000E+01  4.1116667E+02  5.9753620E-06  4.1177658E-07
  -7.3500000E+01  4.0950000E+02  5.8029148E-06  4.5119719E-07
  -7.3500000E+01  4.0783333E+02  5.5813991E-06  3.8301681E-07
  -7.3500000E+01  4.0616667E+02  5.4119101E-06  1.5509915E-07
  -7.3500000E+01  4.0450000E+02  3.3411767E-11  1.9136505E-12
  -7.3500000E+01  4.0283333E+02  3.3418599E-11  4.9771040E-13
  -7.2500000E+01  4.2116667E+02  6.2475419E-06  7.1672236E-08
  -7.2500000E+01  4.1950000E+02  6.2409970E-06  1.1672504E-07
  -7.2500000E+01  4.1783333E+02  6.2302729E-06  1.6694724E-07
  -7.2500000E+01  4.1616667E+02  6.2128560E-06  2.2518080E-07
  -7.2500000E+01  4.1450000E+02  6.1836833E-06  2.9537120E-07
  -7.2500000E+01  4.1283333E+02  6.1320050E-06  3.8301300E-07
  -7.2500000E+01  4.1116667E+02  6.0298663E-06  4.9326817E-07
  -7.2500000E+01  4.0950000E+02  5.8202966E-06  5.9891569E-07
  -7.2500000E+01  4.0783333E+02  5.4858683E-06  5.6886472E-07
  -7.2500000E+01  4.0616667E+02  5.1917121E-06  2.4743836E-07
  -7.2500000E+01  4.0450000E+02  3.2147353E-11  1.7646416E-12
  -7.2500000E+01  4.0283333E+02  3.2855354E-11  2.1781956E-13
  -7.1500000E+01  4.2116667E+02  6.2738981E-06  7.4020609E-08
  -7.1500000E+01  4.1950000E+02  6.2699650E-06  1.2066345E-07
  -7.1500000E+01  4.1783333E+02  6.2634697E-06  1.7334053E-07
  -7.1500000E+01  4.1616667E+02  6.2526819E-06  2.3571034E-07
  -7.1500000E+01  4.1450000E+02  6.2337365E-06  3.1371255E-07
  -7.1500000E+01  4.1283333E+02  6.1982306E-06  4.1698217E-07
  -7.1500000E+01  4.1116667E+02  6.1220961E-06  5.6626292E-07
  -7.1500000E+01  4.0950000E+02  5.9027096E-06  7.8329462E-07
  -7.1500000E+01  4.0783333E+02  5.3940887E-06  8.9031534E-07
  -7.1500000E+01  4.0616667E+02  4.8334830E-06  4.3884485E-07
  -7.1500000E+01  4.0450000E+02  3.0271280E-11  7.1165280E-13
  -7.1500000E+01  4.0283333E+02  3.2800994E-11 -6.7182071E-13
  -7.0500000E+01  4.2116667E+02  6.3008329E-06  7.5156100E-08
  -7.0500000E+01  4.1950000E+02  6.2997902E-06  1.2251339E-07
  -7.0500000E+01  4.1783333E+02  6.2981079E-06  1.7639720E-07
  -7.0500000E+01  4.1616667E+02  6.2950028E-06  2.4098942E-07
  -7.0500000E+01  4.1450000E+02  6.2892977E-06  3.2322377E-07
  -7.0500000E+01  4.1283333E+02  6.2749900E-06  4.3735907E-07
  -7.0500000E+01  4.1116667E+02  6.2479530E-06  6.0778891E-07
  -7.0500000E+01  4.0950000E+02  6.1210177E-06  9.4956170E-07
  -7.0500000E+01  4.0783333E+02  5.4003170E-06  1.4616412E-06
  -7.0500000E+01  4.0616667E+02  4.1855581E-06  9.3273769E-07
  -7.0500000E+01  4.0450000E+02  2.7164103E-11 -3.0150033E-12
  -7.0500000E+01  4.0283333E+02  3.4285116E-11 -2.7356009E-12
  -6.9500000E+01  4.2116667E+02  6.3278542E-06  7.4990137E-08
  -6.9500000E+01  4.1950000E+02  6.3298405E-06  1.2211319E-07
  -6.9500000E+01  4.1783333E+02  6.3331474E-06  1.7582268E-07
  -6.9500000E+01  4.1616667E+02  6.3383974E-06  2.4027700E-07
  -6.9500000E+01  4.1450000E+02  6.3460041E-06  3.2279523E-07
  -6.9500000E+01  4.1283333E+02  6.3615844E-06  4.3702404E-07
  -6.9500000E+01  4.1116667E+02  6.3691719E-06  6.1979362E-07
  -6.9500000E+01  4.0950000E+02  6.4993480E-06  9.3561252E-07
  -6.9500000E+01  4.0783333E+02  5.9682936E-06  2.2266434E-06
  -6.9500000E+01  4.0616667E+02  2.8074912E-06  2.7930722E-06
  -6.9500000E+01  4.0450000E+02  2.1994024E-11 -1.7913035E-11
  -6.9500000E+01  4.0283333E+02  3.9688847E-11 -2.7270701E-12
  -6.8500000E+01  4.2116667E+02  6.3544697E-06  7.3478242E-08
  -6.8500000E+01  4.1950000E+02  6.3594328E-06  1.1945549E-07
  -6.8500000E+01  4.1783333E+02  6.3676076E-06  1.7159140E-07
  -6.8500000E+01  4.1616667E+02  6.3805640E-06  2.3358442E-07
  -6.8500000E+01  4.1450000E+02  6.4025109E-06  3.1175567E-07
  -6.8500000E+01  4.1283333E+02  6.4372269E-06  4.1788583E-07
  -6.8500000E+01  4.1116667E+02  6.5297029E-06  5.7889364E-07
  -6.8500000E+01  4.0950000E+02  6.5991250E-06  8.5675360E-07
  -6.8500000E+01  4.0783333E+02  8.2189552E-06  1.6522369E-06
  -6.8500000E+01  4.0616667E+02  7.0863504E-11  2.1202731E-11
  -6.8500000E+01  4.0450000E+02  5.9428011E-11 -1.7466091E-11
  -6.8500000E+01  4.0283333E+02  4.0842421E-11 -2.6395543E-12
  -6.7500000E+01  4.2116667E+02  6.3802588E-06  7.0650860E-08
  -6.7500000E+01  4.1950000E+02  6.3879525E-06  1.1468881E-07
  -6.7500000E+01  4.1783333E+02  6.4003790E-06  1.6399736E-07
  -6.7500000E+01  4.1616667E+02  6.4202797E-06  2.2146417E-07
  -6.7500000E+01  4.1450000E+02  6.4523361E-06  2.9147394E-07
  -6.7500000E+01  4.1283333E+02  6.5111521E-06  3.8204837E-07
  -6.7500000E+01  4.1116667E+02  6.6093200E-06  5.0034471E-07
  -6.7500000E+01  4.0950000E+02  6.9323820E-06  6.9981213E-07
  -6.7500000E+01  4.0783333E+02  7.5250181E-06  4.8169869E-07
  -6.7500000E+01  4.0616667E+02  5.3900139E-11  1.2700309E-11
  -6.7500000E+01  4.0450000E+02  5.3580877E-11 -1.9108169E-12
  -6.7500000E+01  4.0283333E+02  4.6029906E-11 -2.5128928E-12
  -6.6500000E+01  4.2116667E+02  6.4049001E-06  6.6658364E-08
  -6.6500000E+01  4.1950000E+02  6.4148368E-06  1.0810302E-07
  -6.6500000E+01  4.1783333E+02  6.4307165E-06  1.5359946E-07
  -6.6500000E+01  4.1616667E+02  6.4556243E-06  2.0497699E-07
  -6.6500000E+01  4.1450000E+02  6.4958250E-06  2.6460683E-07
  -6.6500000E+01  4.1283333E+02  6.5622237E-06  3.3378666E-07
  -6.6500000E+01  4.1116667E+02  6.6878860E-06  4.1430834E-07
  -6.6500000E+01  4.0950000E+02  6.9338396E-06  4.4443919E-07
  -6.6500000E+01  4.0783333E+02  7.2042004E-06  2.1927350E-07
  -6.6500000E+01  4.0616667E+02  4.8195865E-11  8.3174332E-12
  -6.6500000E+01  4.0450000E+02  4.9499797E-11  1.8812564E-12
  -6.6500000E+01  4.0283333E+02  4.7184646E-11 -3.8529297E-13
  -6.5500000E+01  4.2116667E+02  6.4281007E-06  6.1754279E-08
  -6.5500000E+01  4.1950000E+02  6.4396827E-06  1.0009588E-07
  -6.5500000E+01  4.1783333E+02  6.4579578E-06  1.4111371E-07
  -6.5500000E+01  4.1616667E+02  6.4861284E-06  1.8561574E-07
  -6.5500000E+01  4.1450000E+02  6.5297865E-06  2.3365280E-07
  -6.5500000E+01  4.1283333E+02  6.5994962E-06  2.8307564E-07
  -6.5500000E+01  4.1116667E+02  6.7151277E-06  3.2024312E-07
  -6.5500000E+01  4.0950000E+02  6.8818222E-06  2.9091553E-07
  -6.5500000E+01  4.0783333E+02  7.0249070E-06  1.2472987E-07
  -6.5500000E+01  4.0616667E+02  4.5690586E-11  5.9356132E-12
  -6.5500000E+01  4.0450000E+02  4.7130494E-11  2.6167720E-12
  -6.5500000E+01  4.0283333E+02  4.6759906E-11  4.9063514E-13
  -6.4500000E+01  4.2116667E+02  6.4496041E-06  5.6221690E-08
  -6.4500000E+01  4.1950000E+02  6.4622109E-06  9.1115227E-08
  -6.4500000E+01  4.1783333E+02  6.4818401E-06  1.2735178E-07
  -6.4500000E+01  4.1616667E+02  6.5113266E-06  1.6478339E-07
  -6.4500000E+01  4.1450000E+02  6.5552955E-06  2.0190895E-07
  -6.4500000E+01  4.1283333E+02  6.6210736E-06  2.3352685E-07
  -6.4500000E+01  4.1116667E+02  6.7157316E-06  2.4361819E-07
  -6.4500000E+01  4.0950000E+02  6.8286373E-06  1.9978026E-07
  -6.4500000E+01  4.0783333E+02  6.9125593E-06  7.9661158E-08
  -6.4500000E+01  4.0616667E+02  4.4363505E-11  4.4503366E-12
  -6.4500000E+01  4.0450000E+02  4.5643718E-11  2.4699760E-12
  -6.4500000E+01  4.0283333E+02  4.5903963E-11  7.0363654E-13
  -6.3500000E+01  4.2116667E+02  6.4692358E-06  5.0320275E-08
  -6.3500000E+01  4.1950000E+02  6.4823010E-06  8.1613494E-08
  -6.3500000E+01  4.1783333E+02  6.5023100E-06  1.1307056E-07
  -6.3500000E+01  4.1616667E+02  6.5315310E-06  1.4384011E-07
  -6.3500000E+01  4.1450000E+02  6.5732505E-06  1.7143920E-07
  -6.3500000E+01  4.1283333E+02  6.6312161E-06  1.8975043E-07
  -6.3500000E+01  4.1116667E+02  6.7055918E-06  1.8597439E-07
  -6.3500000E+01  4.0950000E+02  6.7838104E-06  1.4274947E-07
  -6.3500000E+01  4.0783333E+02  6.8368250E-06  5.4530004E-08
  -6.3500000E+01  4.0616667E+02  4.3553865E-11  3.4171752E-12
  -6.3500000E+01  4.0450000E+02  4.4620123E-11  2.0952554E-12
  -6.3500000E+01  4.0283333E+02  4.5033397E-11  6.7424530E-13
  -6.2500000E+01  4.2116667E+02  6.4869285E-06  4.4279175E-08
  -6.2500000E+01  4.1950000E+02  6.4999600E-06  7.1996661E-08
  -6.2500000E+01  4.1783333E+02  6.5195497E-06  9.8928105E-08
  -6.2500000E+01  4.1616667E+02  6.5473234E-06  1.2378573E-07
  -6.2500000E+01  4.1450000E+02  6.5852195E-06  1.4372427E-07
  -6.2500000E+01  4.1283333E+02  6.6343980E-06  1.5317888E-07
  -6.2500000E+01  4.1116667E+02  6.6921569E-06  1.4326519E-07
  -6.2500000E+01  4.0950000E+02  6.7477832E-06  1.0515178E-07
  -6.2500000E+01  4.0783333E+02  6.7831880E-06  3.9075964E-08
  -6.2500000E+01  4.0616667E+02  4.3008167E-11  2.6515927E-12
  -6.2500000E+01  4.0450000E+02  4.3870636E-11  1.7036021E-12
  -6.2500000E+01  4.0283333E+02  4.4274866E-11  5.7539602E-13
  -6.1500000E+01  4.2116667E+02  6.5027035E-06  3.8296207E-08
  -6.1500000E+01  4.1950000E+02  6.5153035E-06  6.2600771E-08
  -6.1500000E+01  4.1783333E+02  6.5338808E-06  8.5423814E-08
  -6.1500000E+01  4.1616667E+02  6.5594487E-06  1.0528503E-07
  -6.1500000E+01  4.1450000E+02  6.5928613E-06  1.1943973E-07
  -6.1500000E+01  4.1283333E+02  6.6337598E-06  1.2341723E-07
  -6.1500000E+01  4.1116667E+02  6.6786327E-06  1.1144776E-07
  -6.1500000E+01  4.0950000E+02  6.7191775E-06  7.9266547E-08
  -6.1500000E+01  4.0783333E+02  6.7438556E-06  2.8911412E-08
  -6.1500000E+01  4.0616667E+02  4.2616338E-11  2.0668320E-12
  -6.1500000E+01  4.0450000E+02  4.3303218E-11  1.3587533E-12
  -6.1500000E+01  4.0283333E+02  4.3651143E-11  4.6895155E-13
  -6.0500000E+01  4.2116667E+02  6.5166462E-06  3.2533184E-08
  -6.0500000E+01  4.1950000E+02  6.5285200E-06  5.3679526E-08
  -6.0500000E+01  4.1783333E+02  6.5456948E-06  7.2893882E-08
  -6.0500000E+01  4.1616667E+02  6.5686729E-06  8.8687346E-08
  -6.0500000E+01  4.1450000E+02  6.5975577E-06  9.8658937E-08
  -6.0500000E+01  4.1283333E+02  6.6312369E-06  9.9451451E-08
  -6.0500000E+01  4.1116667E+02  6.6662880E-06  8.7459107E-08
  -6.0500000E+01  4.0950000E+02  6.6964879E-06  6.0808347E-08
  -6.0500000E+01  4.0783333E+02  6.7142767E-06  2.1889435E-08
  -6.0500000E+01  4.0616667E+02  4.2324185E-11  1.6144024E-12
  -6.0500000E+01  4.0450000E+02  4.2866407E-11  1.0737215E-12
  -6.0500000E+01  4.0283333E+02  4.3151108E-11  3.7440746E-13
  -5.9500000E+01  4.2116667E+02  6.5288838E-06  2.7111558E-08
  -5.9500000E+01  4.1950000E+02  6.5398368E-06  4.5405085E-08
  -5.9500000E+01  4.1783333E+02  6.5553963E-06  6.1527842E-08
  -5.9500000E+01  4.1616667E+02  6.5756811E-06  7.4095595E-08
  -5.9500000E+01  4.1450000E+02  6.6003329E-06  8.1128763E-08
  -5.9500000E+01  4.1283333E+02  6.6279513E-06  8.0203039E-08
  -5.9500000E+01  4.1116667E+02  6.6555295E-06  6.9129899E-08
  -5.9500000E+01  4.0950000E+02  6.6784463E-06  4.7267547E-08
  -5.9500000E+01  4.0783333E+02  6.6916169E-06  1.6854567E-08
  -5.9500000E+01  4.0616667E+02  4.2101462E-11  1.2625838E-12
  -5.9500000E+01  4.0450000E+02  4.2527330E-11  8.4468588E-13
  -5.9500000E+01  4.0283333E+02  4.2754974E-11  2.9603558E-13
  -5.8500000E+01  4.2116667E+02  6.5395667E-06  2.2112377E-08
  -5.8500000E+01  4.1950000E+02  6.5494928E-06  3.7876809E-08
  -5.8500000E+01  4.1783333E+02  6.5633634E-06  5.1398064E-08
  -5.8500000E+01  4.1616667E+02  6.5810354E-06  6.1451266E-08
  -5.8500000E+01  4.1450000E+02  6.6019007E-06  6.6462848E-08
  -5.8500000E+01  4.1283333E+02  6.6245252E-06  6.4723191E-08
  -5.8500000E+01  4.1116667E+02  6.6463891E-06  5.4944512E-08
  -5.8500000E+01  4.0950000E+02  6.6640557E-06  3.7102890E-08
  -5.8500000E+01  4.0783333E+02  6.6740194E-06  1.3138615E-08
  -5.8500000E+01  4.0616667E+02  4.1929370E-11  9.8844602E-13
  -5.8500000E+01  4.0450000E+02  4.2262953E-11  6.6315278E-13
  -5.8500000E+01  4.0283333E+02  4.2442936E-11  2.3299210E-13
  -5.7500000E+01  4.2116667E+02  6.5488539E-06  1.7579930E-08
  -5.7500000E+01  4.1950000E+02  6.5577191E-06  3.1134467E-08
  -5.7500000E+01  4.1783333E+02  6.5699274E-06  4.2493022E-08
  -5.7500000E+01  4.1616667E+02  6.5851731E-06  5.0605683E-08
  -5.7500000E+01  4.1450000E+02  6.6027401E-06  5.4249034E-08
  -5.7500000E+01  4.1283333E+02  6.6212854E-06  5.2235165E-08
  -5.7500000E+01  4.1116667E+02  6.6387451E-06  4.3838402E-08
  -5.7500000E+01  4.0950000E+02  6.6525466E-06  2.9328117E-08
  -5.7500000E+01  4.0783333E+02  6.6602173E-06  1.0332685E-08
  -5.7500000E+01  4.0616667E+02  4.1795260E-11  7.7459298E-13
  -5.7500000E+01  4.0450000E+02  4.2056271E-11  5.2024934E-13
  -5.7500000E+01  4.0283333E+02  4.2197790E-11  1.8299436E-13
  -5.6500000E+01  4.2116667E+02  6.5569037E-06  1.3527691E-08
  -5.6500000E+01  4.1950000E+02  6.5647282E-06  2.5172859E-08
  -5.6500000E+01  4.1783333E+02  6.5753657E-06  3.4747169E-08
  -5.6500000E+01  4.1616667E+02  6.5884232E-06  4.1369570E-08
  -5.6500000E+01  4.1450000E+02  6.6031640E-06  4.4100455E-08
  -5.6500000E+01  4.1283333E+02  6.6183882E-06  4.2122104E-08
  -5.6500000E+01  4.1116667E+02  6.6324235E-06  3.5054437E-08
  -5.6500000E+01  4.0950000E+02  6.6433266E-06  2.3289310E-08
  -5.6500000E+01  4.0783333E+02  6.6493171E-06  8.1747640E-09
  -5.6500000E+01  4.0616667E+02  4.1690165E-11  6.0757894E-13
  -5.6500000E+01  4.0450000E+02  4.1894401E-11  4.0811501E-13
  -5.6500000E+01  4.0283333E+02  4.2005408E-11  1.4361333E-13
  -5.5500000E+01  4.2116667E+02  6.5638676E-06  9.9453884E-09
  -5.5500000E+01  4.1950000E+02  6.5707090E-06  1.9955565E-08
  -5.5500000E+01  4.1783333E+02  6.5799050E-06  2.8064400E-08
  -5.5500000E+01  4.1616667E+02  6.5910285E-06  3.3543706E-08
  -5.5500000E+01  4.1450000E+02  6.6033725E-06  3.5675417E-08
  -5.5500000E+01  4.1283333E+02  6.6158938E-06  3.3899907E-08
  -5.5500000E+01  4.1116667E+02  6.6272429E-06  2.8045981E-08
  -5.5500000E+01  4.0950000E+02  6.6359372E-06  1.8539330E-08
  -5.5500000E+01  4.0783333E+02  6.6406706E-06  6.4904047E-09
  -5.5500000E+01  4.0616667E+02  4.1607505E-11  4.7695805E-13
  -5.5500000E+01  4.0450000E+02  4.1767459E-11  3.2022184E-13
  -5.5500000E+01  4.0283333E+02  4.1854483E-11  1.1268788E-13
  -5.4500000E+01  4.2116667E+02  6.5698871E-06  6.8062102E-09
  -5.4500000E+01  4.1950000E+02  6.5758257E-06  1.5426651E-08
  -5.4500000E+01  4.1783333E+02  6.5837273E-06  2.2334827E-08
  -5.4500000E+01  4.1616667E+02  6.5931656E-06  2.6936185E-08
  -5.4500000E+01  4.1450000E+02  6.6034903E-06  2.8681711E-08
  -5.4500000E+01  4.1283333E+02  6.6138089E-06  2.7189686E-08
  -5.4500000E+01  4.1116667E+02  6.6230332E-06  2.2412170E-08
  -5.4500000E+01  4.0950000E+02  6.6300206E-06  1.4764116E-08
  -5.4500000E+01  4.0783333E+02  6.6337970E-06  5.1596914E-09
  -5.4500000E+01  4.0616667E+02  4.1542352E-11  3.7461465E-13
  -5.4500000E+01  4.0450000E+02  4.1667817E-11  2.5131397E-13
  -5.4500000E+01  4.0283333E+02  4.1736083E-11  8.8421687E-14
  -5.3500000E+01  4.2116667E+02  6.5750927E-06  4.0734956E-09
  -5.3500000E+01  4.1950000E+02  6.5802196E-06  1.1520007E-08
  -5.3500000E+01  4.1783333E+02  6.5869774E-06  1.7445935E-08
  -5.3500000E+01  4.1616667E+02  6.5949623E-06  2.1371088E-08
  -5.3500000E+01  4.1450000E+02  6.6035925E-06  2.2873900E-08
  -5.3500000E+01  4.1283333E+02  6.6121125E-06  2.1694342E-08
  -5.3500000E+01  4.1116667E+02  6.6196432E-06  1.7854523E-08
  -5.3500000E+01  4.0950000E+02  6.6252956E-06  1.1737838E-08
  -5.3500000E+01  4.0783333E+02  6.6283326E-06  4.0979358E-09
  -5.3500000E+01  4.0616667E+02  4.1490956E-11  2.9425194E-13
  -5.3500000E+01  4.0450000E+02  4.1589569E-11  1.9722988E-13
  -5.3500000E+01  4.0283333E+02  4.1643196E-11  6.9369993E-14
  -5.2500000E+01  4.2116667E+02  6.5796038E-06  1.7064066E-09
  -5.2500000E+01  4.1950000E+02  6.5840114E-06  8.1663686E-09
  -5.2500000E+01  4.1783333E+02  6.5897704E-06  1.3289553E-08
  -5.2500000E+01  4.1616667E+02  6.5965112E-06  1.6692007E-08
  -5.2500000E+01  4.1450000E+02  6.6037228E-06  1.8047888E-08
  -5.2500000E+01  4.1283333E+02  6.6107702E-06  1.7179946E-08
  -5.2500000E+01  4.1116667E+02  6.6169417E-06  1.4147612E-08
  -5.2500000E+01  4.0950000E+02  6.6215393E-06  9.2947184E-09
  -5.2500000E+01  4.0783333E+02  6.6239976E-06  3.2438959E-09
  -5.2500000E+01  4.0616667E+02  4.1450439E-11  2.3099078E-13
  -5.2500000E+01  4.0450000E+02  4.1528133E-11  1.5470647E-13
  -5.2500000E+01  4.0283333E+02  4.1570342E-11  5.4391740E-14
  -5.1500000E+01  4.2116667E+02  6.5835275E-06 -3.3575576E-10
  -5.1500000E+01  4.1950000E+02  6.5873037E-06  5.2982319E-09
  -5.1500000E+01  4.1783333E+02  6.5921978E-06  9.7658779E-09
  -5.1500000E+01  4.1616667E+02  6.5978787E-06  1.2762652E-08
  -5.1500000E+01  4.1450000E+02  6.6039044E-06  1.4034866E-08
  -5.1500000E+01  4.1283333E+02  6.6097430E-06  1.3461348E-08
  -5.1500000E+01  4.1116667E+02  6.6148169E-06  1.1118978E-08
  -5.1500000E+01  4.0950000E+02  6.6185735E-06  7.3108303E-09
  -5.1500000E+01  4.0783333E+02  6.6205742E-06  2.5523606E-09
  -5.1500000E+01  4.0616667E+02  4.1418567E-11  1.8105377E-13
  -5.1500000E+01  4.0450000E+02  4.1479945E-11  1.2119968E-13
  -5.1500000E+01  4.0283333E+02  4.1513243E-11  4.2594642E-14
  -5.0500000E+01  4.2116667E+02  6.5869591E-06 -2.0907715E-09
  -5.0500000E+01  4.1950000E+02  6.5901834E-06  2.8529537E-09
  -5.0500000E+01  4.1783333E+02  6.5943322E-06  6.7854310E-09
  -5.0500000E+01  4.1616667E+02  6.5991133E-06  9.4659037E-09
  -5.0500000E+01  4.1450000E+02  6.6041477E-06  1.0695590E-08
  -5.0500000E+01  4.1283333E+02  6.6089915E-06  1.0391172E-08
  -5.0500000E+01  4.1116667E+02  6.6131742E-06  8.6351557E-09
  -5.0500000E+01  4.0950000E+02  6.6162553E-06  5.6920581E-09
  -5.0500000E+01  4.0783333E+02  6.6178908E-06  1.9893677E-09
  -5.0500000E+01  4.0616667E+02  4.1393598E-11  1.4151746E-13
  -5.0500000E+01  4.0450000E+02  4.1442227E-11  9.4731745E-14
  -5.0500000E+01  4.0283333E+02  4.1468561E-11  3.3283839E-14
  -4.9500000E+01  4.2116667E+02  6.5899803E-06 -3.5922567E-09
  -4.9500000E+01  4.1950000E+02  6.5927228E-06  7.7433952E-10
  -4.9500000E+01  4.1783333E+02  6.5962315E-06  4.2695789E-09
  -4.9500000E+01  4.1616667E+02  6.6002499E-06  6.7020792E-09
  -4.9500000E+01  4.1450000E+02  6.6044556E-06  7.9153139E-09
  -4.9500000E+01  4.1283333E+02  6.6084785E-06  7.8514311E-09
  -4.9500000E+01  4.1116667E+02  6.6119343E-06  6.5917803E-09
  -4.9500000E+01  4.0950000E+02  6.6144691E-06  4.3659338E-09
  -4.9500000E+01  4.0783333E+02  6.6158110E-06  1.5290233E-09
  -4.9500000E+01  4.0616667E+02  4.1374164E-11  1.1011900E-13
  -4.9500000E+01  4.0450000E+02  4.1412808E-11  7.3766601E-14
  -4.9500000E+01  4.0283333E+02  4.1433692E-11  2.5918324E-14
  -4.8500000E+01  4.2116667E+02  6.5926596E-06 -4.8697222E-09
  -4.8500000E+01  4.1950000E+02  6.5949817E-06 -9.8696830E-10
  -4.8500000E+01  4.1783333E+02  6.5979410E-06  2.1501058E-09
  -4.8500000E+01  4.1616667E+02  6.6013138E-06  4.3868452E-09
  -4.8500000E+01  4.1450000E+02  6.6048265E-06  5.5994546E-09
  -4.8500000E+01  4.1283333E+02  6.6081705E-06  5.7471600E-09
  -4.8500000E+01  4.1116667E+02  6.6110307E-06  4.9064739E-09
  -4.8500000E+01  4.0950000E+02  6.6131214E-06  3.2759705E-09
  -4.8500000E+01  4.0783333E+02  6.6142256E-06  1.1513125E-09
  -4.8500000E+01  4.0616667E+02  4.1359188E-11  8.5105567E-14
  -4.8500000E+01  4.0450000E+02  4.1389992E-11  5.7111139E-14
  -4.8500000E+01  4.0283333E+02  4.1406604E-11  2.0076320E-14
  -4.7500000E+01  4.2116667E+02  6.5950522E-06 -5.9494842E-09
  -4.7500000E+01  4.1950000E+02  6.5970080E-06 -2.4739812E-09
  -4.7500000E+01  4.1783333E+02  6.5994968E-06  3.6822604E-10
  -4.7500000E+01  4.1616667E+02  6.6023235E-06  2.4490482E-09
  -4.7500000E+01  4.1450000E+02  6.6052563E-06  3.6699495E-09
  -4.7500000E+01  4.1283333E+02  6.6080375E-06  4.0015414E-09
  -4.7500000E+01  4.1116667E+02  6.6104081E-06  3.5136613E-09
  -4.7500000E+01  4.0950000E+02  6.6121359E-06  2.3776658E-09
  -4.7500000E+01  4.0783333E+02  6.6130468E-06  8.4056297E-10
  -4.7500000E+01  4.0616667E+02  4.1347815E-11  6.5117352E-14
  -4.7500000E+01  4.0450000E+02  4.1372446E-11  4.3838236E-14
  -4.7500000E+01  4.0283333E+02  4.1385702E-11  1.5428873E-14
  -4.6500000E+01  4.2116667E+02  6.5972016E-06 -6.8558499E-09
  -4.6500000E+01  4.1950000E+02  6.5988403E-06 -3.7243691E-09
  -4.6500000E+01  4.1783333E+02  6.6009269E-06 -1.1266486E-09
  -4.6500000E+01  4.1616667E+02  6.6032923E-06  8.2866874E-10
  -4.6500000E+01  4.1450000E+02  6.6057397E-06  2.0622338E-09
  -4.6500000E+01  4.1283333E+02  6.6080537E-06  2.5521298E-09
  -4.6500000E+01  4.1116667E+02  6.6100204E-06  2.3607414E-09
  -4.6500000E+01  4.0950000E+02  6.6114507E-06  1.6356533E-09
  -4.6500000E+01  4.0783333E+02  6.6122035E-06  5.8436785E-10
  -4.6500000E+01  4.0616667E+02  4.1339369E-11  4.9096989E-14
  -4.6500000E+01  4.0450000E+02  4.1359123E-11  3.3227115E-14
  -4.6500000E+01  4.0283333E+02  4.1369735E-11  1.1719860E-14
  -4.5500000E+01  4.2116667E+02  6.5991419E-06 -7.6120614E-09
  -4.5500000E+01  4.1950000E+02  6.6005089E-06 -4.7715879E-09
  -4.5500000E+01  4.1783333E+02  6.6022534E-06 -2.3781417E-09
  -4.5500000E+01  4.1616667E+02  6.6042299E-06 -5.2497715E-10
  -4.5500000E+01  4.1450000E+02  6.6062710E-06  7.2276991E-10
  -4.5500000E+01  4.1283333E+02  6.6081965E-06  1.3479099E-09
  -4.5500000E+01  4.1116667E+02  6.6098294E-06  1.4052350E-09
  -4.5500000E+01  4.0950000E+02  6.6110149E-06  1.0216377E-09
  -4.5500000E+01  4.0783333E+02  6.6116380E-06  3.7282126E-10
  -4.5500000E+01  4.0616667E+02  4.1333307E-11  3.6219893E-14
  -4.5500000E+01  4.0450000E+02  4.1349197E-11  2.4717015E-14
  -4.5500000E+01  4.0283333E+02  4.1357718E-11  8.7503814E-15
  -4.4500000E+01  4.2116667E+02  6.6009008E-06 -8.2406665E-09
  -4.4500000E+01  4.1950000E+02  6.6020385E-06 -5.6457649E-09
  -4.4500000E+01  4.1783333E+02  6.6034940E-06 -3.4239747E-09
  -4.4500000E+01  4.1616667E+02  6.6051435E-06 -1.6547443E-09
  -4.4500000E+01  4.1450000E+02  6.6068448E-06 -3.9294941E-10
  -4.4500000E+01  4.1283333E+02  6.6084470E-06  3.4701635E-10
  -4.4500000E+01  4.1116667E+02  6.6098033E-06  6.1264352E-10
  -4.4500000E+01  4.0950000E+02  6.6107867E-06  5.1285772E-10
  -4.4500000E+01  4.0783333E+02  6.6113030E-06  1.9795414E-10
  -4.4500000E+01  4.0616667E+02  4.1329194E-11  2.5841083E-14
  -4.4500000E+01  4.0450000E+02  4.1342012E-11  1.7871128E-14
  -4.4500000E+01  4.0283333E+02  4.1348874E-11  6.3660956E-15
  -4.3500000E+01  4.2116667E+02  6.6025027E-06 -8.7632013E-09
  -4.3500000E+01  4.1950000E+02  6.6034499E-06 -6.3741270E-09
  -4.3500000E+01  4.1783333E+02  6.6046630E-06 -4.2967738E-09
  -4.3500000E+01  4.1616667E+02  6.6060384E-06 -2.5968804E-09
  -4.3500000E+01  4.1450000E+02  6.6074557E-06 -1.3219944E-09
  -4.3500000E+01  4.1283333E+02  6.6087886E-06 -4.8501876E-10
  -4.3500000E+01  4.1116667E+02  6.6099154E-06 -4.5167600E-11
  -4.3500000E+01  4.0950000E+02  6.6107316E-06  9.0913971E-11
  -4.3500000E+01  4.0783333E+02  6.6111596E-06  5.3301102E-11
  -4.3500000E+01  4.0616667E+02  4.1326681E-11  1.7454613E-14
  -4.3500000E+01  4.0450000E+02  4.1337046E-11  1.2348636E-14
  -4.3500000E+01  4.0283333E+02  4.1342586E-11  4.4468587E-15
  -4.2500000E+01  4.2116667E+02  6.6039704E-06 -9.1993172E-09
  -4.2500000E+01  4.1950000E+02  6.6047615E-06 -6.9809929E-09
  -4.2500000E+01  4.1783333E+02  6.6057729E-06 -5.0246220E-09
  -4.2500000E+01  4.1616667E+02  6.6069191E-06 -3.3819905E-09
  -4.2500000E+01  4.1450000E+02  6.6080991E-06 -2.0952577E-09
  -4.2500000E+01  4.1283333E+02  6.6092076E-06 -1.1766181E-09
  -4.2500000E+01  4.1116667E+02  6.6101435E-06 -5.9120913E-10
  -4.2500000E+01  4.0950000E+02  6.6108208E-06 -2.5912879E-10
  -4.2500000E+01  4.0783333E+02  6.6111758E-06 -6.6428776E-11
  -4.2500000E+01  4.0616667E+02  4.1325482E-11  1.0662486E-14
  -4.2500000E+01  4.0450000E+02  4.1333881E-11  7.8831172E-15
  -4.2500000E+01  4.0283333E+02  4.1338363E-11  2.8985038E-15
  -4.1500000E+01  4.2116667E+02  6.6053262E-06 -9.5657617E-09
  -4.1500000E+01  4.1950000E+02  6.6059900E-06 -7.4875061E-09
  -4.1500000E+01  4.1783333E+02  6.6068341E-06 -5.6314143E-09
  -4.1500000E+01  4.1616667E+02  6.6077889E-06 -4.0357898E-09
  -4.1500000E+01  4.1450000E+02  6.6087706E-06 -2.7384463E-09
  -4.1500000E+01  4.1283333E+02  6.6096917E-06 -1.7512210E-09
  -4.1500000E+01  4.1116667E+02  6.6104686E-06 -1.0443340E-09
  -4.1500000E+01  4.0950000E+02  6.6110304E-06 -5.4942503E-10
  -4.1500000E+01  4.0783333E+02  6.6113245E-06 -1.6558795E-10
  -4.1500000E+01  4.0616667E+02  4.1325364E-11  5.1507226E-15
  -4.1500000E+01  4.0450000E+02  4.1332180E-11  4.2658958E-15
  -4.1500000E+01  4.0283333E+02  4.1335813E-11  1.6466789E-15
  -4.0500000E+01  4.2116667E+02  6.6065919E-06 -9.8756753E-09
  -4.0500000E+01  4.1950000E+02  6.6071510E-06 -7.9113063E-09
  -4.0500000E+01  4.1783333E+02  6.6078560E-06 -6.1371242E-09
  -4.0500000E+01  4.1616667E+02  6.6086506E-06 -4.5797125E-09
  -4.0500000E+01  4.1450000E+02  6.6094662E-06 -3.2728727E-09
  -4.0500000E+01  4.1283333E+02  6.6102307E-06 -2.2281362E-09
  -4.0500000E+01  4.1116667E+02  6.6108747E-06 -1.4200000E-09
  -4.0500000E+01  4.0950000E+02  6.6113398E-06 -7.8987570E-10
  -4.0500000E+01  4.0783333E+02  6.6115834E-06 -2.4775064E-10
  -4.0500000E+01  4.0616667E+02  4.1326133E-11  6.7101258E-16
  -4.0500000E+01  4.0450000E+02  4.1331670E-11  1.3331069E-15
  -4.0500000E+01  4.0283333E+02  4.1334616E-11  6.3243926E-16
  -3.9500000E+01  4.2116667E+02  6.6077875E-06 -1.0138405E-08
  -3.9500000E+01  4.1950000E+02  6.6082581E-06 -8.2663526E-09
  -3.9500000E+01  4.1783333E+02  6.6088464E-06 -6.5581031E-09
  -3.9500000E+01  4.1616667E+02  6.6095063E-06 -5.0314410E-09
  -3.9500000E+01  4.1450000E+02  6.6101823E-06 -3.7161093E-09
  -3.9500000E+01  4.1283333E+02  6.6108151E-06 -2.6232385E-09
  -3.9500000E+01  4.1116667E+02  6.6113477E-06 -1.7308776E-09
  -3.9500000E+01  4.0950000E+02  6.6117318E-06 -9.8855136E-10
  -3.9500000E+01  4.0783333E+02  6.6119329E-06 -3.1582722E-10
  -3.9500000E+01  4.0616667E+02  4.1327627E-11 -2.9732536E-15
  -3.9500000E+01  4.0450000E+02  4.1332126E-11 -1.0443874E-15
  -3.9500000E+01  4.0283333E+02  4.1334514E-11 -1.9087722E-16
  -3.8500000E+01  4.2116667E+02  6.6089297E-06 -1.0359865E-08
  -3.8500000E+01  4.1950000E+02  6.6093229E-06 -8.5631308E-09
  -3.8500000E+01  4.1783333E+02  6.6098115E-06 -6.9074800E-09
  -3.8500000E+01  4.1616667E+02  6.6103572E-06 -5.4054027E-09
  -3.8500000E+01  4.1450000E+02  6.6109152E-06 -4.0825568E-09
  -3.8500000E+01  4.1283333E+02  6.6114369E-06 -2.9495445E-09
  -3.8500000E+01  4.1116667E+02  6.6118756E-06 -1.9873360E-09
  -3.8500000E+01  4.0950000E+02  6.6121914E-06 -1.1520462E-09
  -3.8500000E+01  4.0783333E+02  6.6123567E-06 -3.7215974E-10
  -3.8500000E+01  4.0616667E+02  4.1329711E-11 -5.9376085E-15
  -3.8500000E+01  4.0450000E+02  4.1333360E-11 -2.9688393E-15
  -3.8500000E+01  4.0283333E+02  4.1335294E-11 -8.5996283E-16
  -3.7500000E+01  4.2116667E+02  6.6100310E-06 -1.0543505E-08
  -3.7500000E+01  4.1950000E+02  6.6103542E-06 -8.8092734E-09
  -3.7500000E+01  4.1783333E+02  6.6107561E-06 -7.1956565E-09
  -3.7500000E+01  4.1616667E+02  6.6112038E-06 -5.7132725E-09
  -3.7500000E+01  4.1450000E+02  6.6116613E-06 -4.3839604E-09
  -3.7500000E+01  4.1283333E+02  6.6120887E-06 -3.2176926E-09
  -3.7500000E+01  4.1116667E+02  6.6124478E-06 -2.1978419E-09
  -3.7500000E+01  4.0950000E+02  6.6127057E-06 -1.2857735E-09
  -3.7500000E+01  4.0783333E+02  6.6128407E-06 -4.1861153E-10
  -3.7500000E+01  4.0616667E+02  4.1332269E-11 -8.3447166E-15
  -3.7500000E+01  4.0450000E+02  4.1335220E-11 -4.5216324E-15
  -3.7500000E+01  4.0283333E+02  4.1336779E-11 -1.4033923E-15
  -3.6500000E+01  4.2116667E+02  6.6110989E-06 -1.0691725E-08
  -3.6500000E+01  4.1950000E+02  6.6113580E-06 -9.0103784E-09
  -3.6500000E+01  4.1783333E+02  6.6116833E-06 -7.4308731E-09
  -3.6500000E+01  4.1616667E+02  6.6120462E-06 -5.9644842E-09
  -3.6500000E+01  4.1450000E+02  6.6124173E-06 -4.6298737E-09
  -3.6500000E+01  4.1283333E+02  6.6127641E-06 -3.4363499E-09
  -3.6500000E+01  4.1116667E+02  6.6130552E-06 -2.3692917E-09
  -3.6500000E+01  4.0950000E+02  6.6132638E-06 -1.3941998E-09
  -3.6500000E+01  4.0783333E+02  6.6133729E-06 -4.5665013E-10
  -3.6500000E+01  4.0616667E+02  4.1335206E-11 -1.0290907E-14
  -3.6500000E+01  4.0450000E+02  4.1337576E-11 -5.7678225E-15
  -3.6500000E+01  4.0283333E+02  4.1338826E-11 -1.8431939E-15
  -3.5500000E+01  4.2116667E+02  6.6121372E-06 -1.0807144E-08
  -3.5500000E+01  4.1950000E+02  6.6123380E-06 -9.1708723E-09
  -3.5500000E+01  4.1783333E+02  6.6125951E-06 -7.6198040E-09
  -3.5500000E+01  4.1616667E+02  6.6128841E-06 -6.1667055E-09
  -3.5500000E+01  4.1450000E+02  6.6131803E-06 -4.8280604E-09
  -3.5500000E+01  4.1283333E+02  6.6134575E-06 -3.6125597E-09
  -3.5500000E+01  4.1116667E+02  6.6136901E-06 -2.5072906E-09
  -3.5500000E+01  4.0950000E+02  6.6138562E-06 -1.4810181E-09
  -3.5500000E+01  4.0783333E+02  6.6139431E-06 -4.8741928E-10
  -3.5500000E+01  4.0616667E+02  4.1338441E-11 -1.1851494E-14
  -3.5500000E+01  4.0450000E+02  4.1340324E-11 -6.7595089E-15
  -3.5500000E+01  4.0283333E+02  4.1341315E-11 -2.1962152E-15
  -3.4500000E+01  4.2116667E+02  6.6131468E-06 -1.0893328E-08
  -3.4500000E+01  4.1950000E+02  6.6132963E-06 -9.2948623E-09
  -3.4500000E+01  4.1783333E+02  6.6134930E-06 -7.7680667E-09
  -3.4500000E+01  4.1616667E+02  6.6137170E-06 -6.3262137E-09
  -3.4500000E+01  4.1450000E+02  6.6139478E-06 -4.9848221E-09
  -3.4500000E+01  4.1283333E+02  6.6141644E-06 -3.7520275E-09
  -3.4500000E+01  4.1116667E+02  6.6143461E-06 -2.6163785E-09
  -3.4500000E+01  4.0950000E+02  6.6144755E-06 -1.5492681E-09
  -3.4500000E+01  4.0783333E+02  6.6145430E-06 -5.1180054E-10
  -3.4500000E+01  4.0616667E+02  4.1341907E-11 -1.3085095E-14
  -3.4500000E+01  4.0450000E+02  4.1343378E-11 -7.5383044E-15
  -3.4500000E+01  4.0283333E+02  4.1344150E-11 -2.4753028E-15
  -3.3500000E+01  4.2116667E+02  6.6141280E-06 -1.0955057E-08
  -3.3500000E+01  4.1950000E+02  6.6142345E-06 -9.3866939E-09
  -3.3500000E+01  4.1783333E+02  6.6143783E-06 -7.8805278E-09
  -3.3500000E+01  4.1616667E+02  6.6145450E-06 -6.4481649E-09
  -3.3500000E+01  4.1450000E+02  6.6147181E-06 -5.1052451E-09
  -3.3500000E+01  4.1283333E+02  6.6148811E-06 -3.8593382E-09
  -3.3500000E+01  4.1116667E+02  6.6150180E-06 -2.7002002E-09
  -3.3500000E+01  4.0950000E+02  6.6151152E-06 -1.6014215E-09
  -3.3500000E+01  4.0783333E+02  6.6151657E-06 -5.3046901E-10
  -3.3500000E+01  4.0616667E+02  4.1345553E-11 -1.4037053E-14
  -3.3500000E+01  4.0450000E+02  4.1346667E-11 -8.1371030E-15
  -3.3500000E+01  4.0283333E+02  4.1347251E-11 -2.6902920E-15
  -3.2500000E+01  4.2116667E+02  6.6150828E-06 -1.0997949E-08
  -3.2500000E+01  4.1950000E+02  6.6151548E-06 -9.4509042E-09
  -3.2500000E+01  4.1783333E+02  6.6152528E-06 -7.9613927E-09
  -3.2500000E+01  4.1616667E+02  6.6153686E-06 -6.5367554E-09
  -3.2500000E+01  4.1450000E+02  6.6154900E-06 -5.1933590E-09
  -3.2500000E+01  4.1283333E+02  6.6156051E-06 -3.9380986E-09
  -3.2500000E+01  4.1116667E+02  6.6157018E-06 -2.7616230E-09
  -3.2500000E+01  4.0950000E+02  6.6157703E-06 -1.6394409E-09
  -3.2500000E+01  4.0783333E+02  6.6158057E-06 -5.4394676E-10
  -3.2500000E+01  4.0616667E+02  4.1349333E-11 -1.4742046E-14
  -3.2500000E+01  4.0450000E+02  4.1350135E-11 -8.5813017E-15
  -3.2500000E+01  4.0283333E+02  4.1350555E-11 -2.8487875E-15
  -3.1500000E+01  4.2116667E+02  6.6160166E-06 -1.1027197E-08
  -3.1500000E+01  4.1950000E+02  6.6160613E-06 -9.4917369E-09
  -3.1500000E+01  4.1783333E+02  6.6161193E-06 -8.0141241E-09
  -3.1500000E+01  4.1616667E+02  6.6161889E-06 -6.5952595E-09
  -3.1500000E+01  4.1450000E+02  6.6162631E-06 -5.2522206E-09
  -3.1500000E+01  4.1283333E+02  6.6163343E-06 -3.9910242E-09
  -3.1500000E+01  4.1116667E+02  6.6163944E-06 -2.8028082E-09
  -3.1500000E+01  4.0950000E+02  6.6164368E-06 -1.6648182E-09
  -3.1500000E+01  4.0783333E+02  6.6164583E-06 -5.5265014E-10
  -3.1500000E+01  4.0616667E+02  4.1353214E-11 -1.5226001E-14
  -3.1500000E+01  4.0450000E+02  4.1353733E-11 -8.8896306E-15
  -3.1500000E+01  4.0283333E+02  4.1354007E-11 -2.9567042E-15
  -3.0500000E+01  4.2116667E+02  6.6169380E-06 -1.1045975E-08
  -3.0500000E+01  4.1950000E+02  6.6169593E-06 -9.5125543E-09
  -3.0500000E+01  4.1783333E+02  6.6169812E-06 -8.0412138E-09
  -3.0500000E+01  4.1616667E+02  6.6170078E-06 -6.6259702E-09
  -3.0500000E+01  4.1450000E+02  6.6170377E-06 -5.2839507E-09
  -3.0500000E+01  4.1283333E+02  6.6170677E-06 -4.0199882E-09
  -3.0500000E+01  4.1116667E+02  6.6170932E-06 -2.8252533E-09
  -3.0500000E+01  4.0950000E+02  6.6171112E-06 -1.6785920E-09
  -3.0500000E+01  4.0783333E+02  6.6171198E-06 -5.5692148E-10
  -3.0500000E+01  4.0616667E+02  4.1357163E-11 -1.5507451E-14
  -3.0500000E+01  4.0450000E+02  4.1357421E-11 -9.0747404E-15
  -3.0500000E+01  4.0283333E+02  4.1357560E-11 -3.0185706E-15
  -2.9500000E+01  4.2116667E+02  6.6178583E-06 -1.1054496E-08
  -2.9500000E+01  4.1950000E+02  6.6178556E-06 -9.5151625E-09
  -2.9500000E+01  4.1783333E+02  6.6178426E-06 -8.0439051E-09
  -2.9500000E+01  4.1616667E+02  6.6178273E-06 -6.6301310E-09
  -2.9500000E+01  4.1450000E+02  6.6178140E-06 -5.2897512E-09
  -2.9500000E+01  4.1283333E+02  6.6178039E-06 -4.0260532E-09
  -2.9500000E+01  4.1116667E+02  6.6177960E-06 -2.8298184E-09
  -2.9500000E+01  4.0950000E+02  6.6177902E-06 -1.6813489E-09
  -2.9500000E+01  4.0783333E+02  6.6177864E-06 -5.5703678E-10
  -2.9500000E+01  4.0616667E+02  4.1361154E-11 -1.5598425E-14
  -2.9500000E+01  4.0450000E+02  4.1361162E-11 -9.1436899E-15
  -2.9500000E+01  4.0283333E+02  4.1361170E-11 -3.0376265E-15
  -2.8500000E+01  4.2116667E+02  6.6187886E-06 -1.1049991E-08
  -2.8500000E+01  4.1950000E+02  6.6187572E-06 -9.4991974E-09
  -2.8500000E+01  4.1783333E+02  6.6187072E-06 -8.0220583E-09
  -2.8500000E+01  4.1616667E+02  6.6186491E-06 -6.6079173E-09
  -2.8500000E+01  4.1450000E+02  6.6185922E-06 -5.2699150E-09
  -2.8500000E+01  4.1283333E+02  6.6185418E-06 -4.0095031E-09
  -2.8500000E+01  4.1116667E+02  6.6185003E-06 -2.8167515E-09
  -2.8500000E+01  4.0950000E+02  6.6184707E-06 -1.6732185E-09
  -2.8500000E+01  4.0783333E+02  6.6184545E-06 -5.5318999E-10
  -2.8500000E+01  4.0616667E+02  4.1365157E-11 -1.5504917E-14
  -2.8500000E+01  4.0450000E+02  4.1364917E-11 -9.0984111E-15
  -2.8500000E+01  4.0283333E+02  4.1364797E-11 -3.0157955E-15
  -2.7500000E+01  4.2116667E+02  6.6197378E-06 -1.1027443E-08
  -2.7500000E+01  4.1950000E+02  6.6196697E-06 -9.4620805E-09
  -2.7500000E+01  4.1783333E+02  6.6195782E-06 -7.9742535E-09
  -2.7500000E+01  4.1616667E+02  6.6194743E-06 -6.5584687E-09
  -2.7500000E+01  4.1450000E+02  6.6193719E-06 -5.2238484E-09
  -2.7500000E+01  4.1283333E+02  6.6192796E-06 -3.9698805E-09
  -2.7500000E+01  4.1116667E+02  6.6192033E-06 -2.7857132E-09
  -2.7500000E+01  4.0950000E+02  6.6191489E-06 -1.6538761E-09
  -2.7500000E+01  4.0783333E+02  6.6191199E-06 -5.4546328E-10
  -2.7500000E+01  4.0616667E+02  4.1369140E-11 -1.5226942E-14
  -2.7500000E+01  4.0450000E+02  4.1368646E-11 -8.9361560E-15
  -2.7500000E+01  4.0283333E+02  4.1368392E-11 -2.9536061E-15
  -2.6500000E+01  4.2116667E+02  6.6207096E-06 -1.0981094E-08
  -2.6500000E+01  4.1950000E+02  6.6205964E-06 -9.3997003E-09
  -2.6500000E+01  4.1783333E+02  6.6204570E-06 -7.8980708E-09
  -2.6500000E+01  4.1616667E+02  6.6203031E-06 -6.4799804E-09
  -2.6500000E+01  4.1450000E+02  6.6201518E-06 -5.1501155E-09
  -2.6500000E+01  4.1283333E+02  6.6200148E-06 -3.9060159E-09
  -2.6500000E+01  4.1116667E+02  6.6199014E-06 -2.7357932E-09
  -2.6500000E+01  4.0950000E+02  6.6198204E-06 -1.6225633E-09
  -2.6500000E+01  4.0783333E+02  6.6197778E-06 -5.3379731E-10
  -2.6500000E+01  4.0616667E+02  4.1373068E-11 -1.4758205E-14
  -2.6500000E+01  4.0450000E+02  4.1372303E-11 -8.6498644E-15
  -2.6500000E+01  4.0283333E+02  4.1371907E-11 -2.8500983E-15
  -2.5500000E+01  4.2116667E+02  6.6217030E-06 -1.0906315E-08
  -2.5500000E+01  4.1950000E+02  6.6215377E-06 -9.3073781E-09
  -2.5500000E+01  4.1783333E+02  6.6213438E-06 -7.7904244E-09
  -2.5500000E+01  4.1616667E+02  6.6211347E-06 -6.3698552E-09
  -2.5500000E+01  4.1450000E+02  6.6209298E-06 -5.0464877E-09
  -2.5500000E+01  4.1283333E+02  6.6207441E-06 -3.8160303E-09
  -2.5500000E+01  4.1116667E+02  6.6205903E-06 -2.6655084E-09
  -2.5500000E+01  4.0950000E+02  6.6204801E-06 -1.5781240E-09
  -2.5500000E+01  4.0783333E+02  6.6204224E-06 -5.1796934E-10
  -2.5500000E+01  4.0616667E+02  4.1376897E-11 -1.4085475E-14
  -2.5500000E+01  4.0450000E+02  4.1375837E-11 -8.2283784E-15
  -2.5500000E+01  4.0283333E+02  4.1375285E-11 -2.7026992E-15
  -2.4500000E+01  4.2116667E+02  6.6227145E-06 -1.0800684E-08
  -2.4500000E+01  4.1950000E+02  6.6224925E-06 -9.1806376E-09
  -2.4500000E+01  4.1783333E+02  6.6222376E-06 -7.6478415E-09
  -2.4500000E+01  4.1616667E+02  6.6219673E-06 -6.2248512E-09
  -2.4500000E+01  4.1450000E+02  6.6217031E-06 -4.9099667E-09
  -2.4500000E+01  4.1283333E+02  6.6214633E-06 -3.6972981E-09
  -2.4500000E+01  4.1116667E+02  6.6212646E-06 -2.5727723E-09
  -2.4500000E+01  4.0950000E+02  6.6211218E-06 -1.5190400E-09
  -2.4500000E+01  4.0783333E+02  6.6210471E-06 -4.9757716E-10
  -2.4500000E+01  4.0616667E+02  4.1380579E-11 -1.3187752E-14
  -2.4500000E+01  4.0450000E+02  4.1379189E-11 -7.6564521E-15
  -2.4500000E+01  4.0283333E+02  4.1378462E-11 -2.5070212E-15
  -2.3500000E+01  4.2116667E+02  6.6237411E-06 -1.0663386E-08
  -2.3500000E+01  4.1950000E+02  6.6234591E-06 -9.0155530E-09
  -2.3500000E+01  4.1783333E+02  6.6231368E-06 -7.4665960E-09
  -2.3500000E+01  4.1616667E+02  6.6227988E-06 -6.0411298E-09
  -2.3500000E+01  4.1450000E+02  6.6224682E-06 -4.7367489E-09
  -2.3500000E+01  4.1283333E+02  6.6221677E-06 -3.5463719E-09
  -2.3500000E+01  4.1116667E+02  6.6219182E-06 -2.4548303E-09
  -2.3500000E+01  4.0950000E+02  6.6217385E-06 -1.4434405E-09
  -2.3500000E+01  4.0783333E+02  6.6216446E-06 -4.7202052E-10
  -2.3500000E+01  4.0616667E+02  4.1384058E-11 -1.2035374E-14
  -2.3500000E+01  4.0450000E+02  4.1382290E-11 -6.9145231E-15
  -2.3500000E+01  4.0283333E+02  4.1381364E-11 -2.2565731E-15
  -2.2500000E+01  4.2116667E+02  6.6247831E-06 -1.0493002E-08
  -2.2500000E+01  4.1950000E+02  6.6244362E-06 -8.8086376E-09
  -2.2500000E+01  4.1783333E+02  6.6240404E-06 -7.2426605E-09
  -2.2500000E+01  4.1616667E+02  6.6236269E-06 -5.8141559E-09
  -2.2500000E+01  4.1450000E+02  6.6232215E-06 -4.5221079E-09
  -2.2500000E+01  4.1283333E+02  6.6228518E-06 -3.3588661E-09
  -2.2500000E+01  4.1116667E+02  6.6225443E-06 -2.3081616E-09
  -2.2500000E+01  4.0950000E+02  6.6223223E-06 -1.3490639E-09
  -2.2500000E+01  4.0783333E+02  6.6222063E-06 -4.4047338E-10
  -2.2500000E+01  4.0616667E+02  4.1387271E-11 -1.0589078E-14
  -2.2500000E+01  4.0450000E+02  4.1385067E-11 -5.9782193E-15
  -2.2500000E+01  4.0283333E+02  4.1383910E-11 -1.9424292E-15
  -2.1500000E+01  4.2116667E+02  6.6258451E-06 -1.0284685E-08
  -2.1500000E+01  4.1950000E+02  6.6254245E-06 -8.5564713E-09
  -2.1500000E+01  4.1783333E+02  6.6249482E-06 -6.9715433E-09
  -2.1500000E+01  4.1616667E+02  6.6244503E-06 -5.5384656E-09
  -2.1500000E+01  4.1450000E+02  6.6239597E-06 -4.2601851E-09
  -2.1500000E+01  4.1283333E+02  6.6235103E-06 -3.1292932E-09
  -2.1500000E+01  4.1116667E+02  6.6231355E-06 -2.1283487E-09
  -2.1500000E+01  4.0950000E+02  6.6228646E-06 -1.2331637E-09
  -2.1500000E+01  4.0783333E+02  6.6227231E-06 -4.0184885E-10
  -2.1500000E+01  4.0616667E+02  4.1390151E-11 -8.7989342E-15
  -2.1500000E+01  4.0450000E+02  4.1387437E-11 -4.8175339E-15
  -2.1500000E+01  4.0283333E+02  4.1386011E-11 -1.5529374E-15
  -2.0500000E+01  4.2116667E+02  6.6269332E-06 -1.0028437E-08
  -2.0500000E+01  4.1950000E+02  6.6264256E-06 -8.2557789E-09
  -2.0500000E+01  4.1783333E+02  6.6258617E-06 -6.6480992E-09
  -2.0500000E+01  4.1616667E+02  6.6252686E-06 -5.2073169E-09
  -2.0500000E+01  4.1450000E+02  6.6246798E-06 -3.9436823E-09
  -2.0500000E+01  4.1283333E+02  6.6241376E-06 -2.8508402E-09
  -2.0500000E+01  4.1116667E+02  6.6236842E-06 -1.9099126E-09
  -2.0500000E+01  4.0950000E+02  6.6233564E-06 -1.0923654E-09
  -2.0500000E+01  4.0783333E+02  6.6231848E-06 -3.5476724E-10
  -2.0500000E+01  4.0616667E+02  4.1392623E-11 -6.6029624E-15
  -2.0500000E+01  4.0450000E+02  4.1389307E-11 -3.3955734E-15
  -2.0500000E+01  4.0283333E+02  4.1387564E-11 -1.0735056E-15
  -1.9500000E+01  4.2116667E+02  6.6280456E-06 -9.7133082E-09
  -1.9500000E+01  4.1950000E+02  6.6274427E-06 -7.9046058E-09
  -1.9500000E+01  4.1783333E+02  6.6267847E-06 -6.2661545E-09
  -1.9500000E+01  4.1616667E+02  6.6260828E-06 -4.8122141E-09
  -1.9500000E+01  4.1450000E+02  6.6253794E-06 -3.5634743E-09
  -1.9500000E+01  4.1283333E+02  6.6247283E-06 -2.5150782E-09
  -1.9500000E+01  4.1116667E+02  6.6241824E-06 -1.6461011E-09
  -1.9500000E+01  4.0950000E+02  6.6237874E-06 -9.2248932E-10
  -1.9500000E+01  4.0783333E+02  6.6235805E-06 -2.9753632E-10
  -1.9500000E+01  4.0616667E+02  4.1394601E-11 -3.9252383E-15
  -1.9500000E+01  4.0450000E+02  4.1390573E-11 -1.6668104E-15
  -1.9500000E+01  4.0283333E+02  4.1388456E-11 -4.8640286E-16
  -1.8500000E+01  4.2116667E+02  6.6291663E-06 -9.3437167E-09
  -1.8500000E+01  4.1950000E+02  6.6284834E-06 -7.5027068E-09
  -1.8500000E+01  4.1783333E+02  6.6277241E-06 -5.8176847E-09
  -1.8500000E+01  4.1616667E+02  6.6268955E-06 -4.3423289E-09
  -1.8500000E+01  4.1450000E+02  6.6260569E-06 -3.1081686E-09
  -1.8500000E+01  4.1283333E+02  6.6252767E-06 -2.1116007E-09
  -1.8500000E+01  4.1116667E+02  6.6246210E-06 -1.3286137E-09
  -1.8500000E+01  4.0950000E+02  6.6241465E-06 -7.1834956E-10
  -1.8500000E+01  4.0783333E+02  6.6238976E-06 -2.2813983E-10
  -1.8500000E+01  4.0616667E+02  4.1395994E-11 -6.7332969E-16
  -1.8500000E+01  4.0450000E+02  4.1391116E-11  4.2516334E-16
  -1.8500000E+01  4.0283333E+02  4.1388553E-11  2.2956457E-16
  -1.7500000E+01  4.2116667E+02  6.6302901E-06 -8.9533229E-09
  -1.7500000E+01  4.1950000E+02  6.6295645E-06 -7.0479638E-09
  -1.7500000E+01  4.1783333E+02  6.6286893E-06 -5.2916970E-09
  -1.7500000E+01  4.1616667E+02  6.6277105E-06 -3.7838732E-09
  -1.7500000E+01  4.1450000E+02  6.6267108E-06 -2.5636333E-09
  -1.7500000E+01  4.1283333E+02  6.6257767E-06 -1.6275889E-09
  -1.7500000E+01  4.1116667E+02  6.6249901E-06 -9.4725534E-10
  -1.7500000E+01  4.0950000E+02  6.6244209E-06 -4.7352532E-10
  -1.7500000E+01  4.0783333E+02  6.6241219E-06 -1.4421207E-10
  -1.7500000E+01  4.0616667E+02  4.1396690E-11  3.2649728E-15
  -1.7500000E+01  4.0450000E+02  4.1390796E-11  2.9502921E-15
  -1.7500000E+01  4.0283333E+02  4.1387700E-11  1.0996487E-15
  -1.6500000E+01  4.2116667E+02  6.6314698E-06 -8.5785507E-09
  -1.6500000E+01  4.1950000E+02  6.6307094E-06 -6.5311393E-09
  -1.6500000E+01  4.1783333E+02  6.6296922E-06 -4.6730517E-09
  -1.6500000E+01  4.1616667E+02  6.6285326E-06 -3.1194803E-09
  -1.6500000E+01  4.1450000E+02  6.6273397E-06 -1.9124806E-09
  -1.6500000E+01  4.1283333E+02  6.6262214E-06 -1.0473143E-09
  -1.6500000E+01  4.1116667E+02  6.6252780E-06 -4.8952225E-10
  -1.6500000E+01  4.0950000E+02  6.6245952E-06 -1.8008239E-10
  -1.6500000E+01  4.0783333E+02  6.6242364E-06 -4.2969966E-11
  -1.6500000E+01  4.0616667E+02  4.1396560E-11  8.0256541E-15
  -1.6500000E+01  4.0450000E+02  4.1389446E-11  5.9950099E-15
  -1.6500000E+01  4.0283333E+02  4.1385710E-11  2.1540542E-15
  -1.5500000E+01  4.2116667E+02  6.6327994E-06 -8.2063811E-09
  -1.5500000E+01  4.1950000E+02  6.6319440E-06 -5.9338775E-09
  -1.5500000E+01  4.1783333E+02  6.6307465E-06 -3.9414503E-09
  -1.5500000E+01  4.1616667E+02  6.6293670E-06 -2.3276303E-09
  -1.5500000E+01  4.1450000E+02  6.6279418E-06 -1.1334751E-09
  -1.5500000E+01  4.1283333E+02  6.6266022E-06 -3.5158162E-10
  -1.5500000E+01  4.1116667E+02  6.6254704E-06  5.9878123E-11
  -1.5500000E+01  4.0950000E+02  6.6246511E-06  1.7177489E-10
  -1.5500000E+01  4.0783333E+02  6.6242204E-06  7.8914581E-11
  -1.5500000E+01  4.0616667E+02  4.1395445E-11  1.3773334E-14
  -1.5500000E+01  4.0450000E+02  4.1386863E-11  9.6654671E-15
  -1.5500000E+01  4.0283333E+02  4.1382357E-11  3.4290421E-15
  -1.4500000E+01  4.2116667E+02  6.6343328E-06 -7.7744097E-09
  -1.4500000E+01  4.1950000E+02  6.6332937E-06 -5.2291393E-09
  -1.4500000E+01  4.1783333E+02  6.6318663E-06 -3.0711967E-09
  -1.4500000E+01  4.1616667E+02  6.6302194E-06 -1.3820632E-09
  -1.4500000E+01  4.1450000E+02  6.6285142E-06 -2.0083589E-10
  -1.4500000E+01  4.1283333E+02  6.6269086E-06  4.8292169E-10
  -1.4500000E+01  4.1116667E+02  6.6255500E-06  7.1958892E-10
  -1.4500000E+01  4.0950000E+02  6.6245659E-06  5.9412860E-10
  -1.4500000E+01  4.0783333E+02  6.6240484E-06  2.2549316E-10
  -1.4500000E+01  4.0616667E+02  4.1393151E-11  2.0707271E-14
  -1.4500000E+01  4.0450000E+02  4.1382801E-11  1.4091167E-14
  -1.4500000E+01  4.0283333E+02  4.1377366E-11  4.9681654E-15
  -1.3500000E+01  4.2116667E+02  6.6360687E-06 -7.2231863E-09
  -1.3500000E+01  4.1950000E+02  6.6347801E-06 -4.3837041E-09
  -1.3500000E+01  4.1783333E+02  6.6330657E-06 -2.0315439E-09
  -1.3500000E+01  4.1616667E+02  6.6310950E-06 -2.5114458E-10
  -1.3500000E+01  4.1450000E+02  6.6290529E-06  9.1659409E-10
  -1.3500000E+01  4.1283333E+02  6.6271270E-06  1.4844375E-09
  -1.3500000E+01  4.1116667E+02  6.6254952E-06  1.5122943E-09
  -1.3500000E+01  4.0950000E+02  6.6243119E-06  1.1018432E-09
  -1.3500000E+01  4.0783333E+02  6.6236894E-06  4.0174581E-10
  -1.3500000E+01  4.0616667E+02  4.1389439E-11  2.9068893E-14
  -1.3500000E+01  4.0450000E+02  4.1376956E-11  1.9429277E-14
  -1.3500000E+01  4.0283333E+02  4.1370402E-11  6.8237183E-15
  -1.2500000E+01  4.2116667E+02  6.6380019E-06 -6.5226983E-09
  -1.2500000E+01  4.1950000E+02  6.6364218E-06 -3.3629351E-09
  -1.2500000E+01  4.1783333E+02  6.6343602E-06 -7.8677669E-10
  -1.2500000E+01  4.1616667E+02  6.6319997E-06  1.1028364E-09
  -1.2500000E+01  4.1450000E+02  6.6295523E-06  2.2563533E-09
  -1.2500000E+01  4.1283333E+02  6.6272407E-06  2.6871862E-09
  -1.2500000E+01  4.1116667E+02  6.6252791E-06  2.4656088E-09
  -1.2500000E+01  4.0950000E+02  6.6238547E-06  1.7131381E-09
  -1.2500000E+01  4.0783333E+02  6.6231049E-06  6.1380170E-10
  -1.2500000E+01  4.0616667E+02  4.1384013E-11  3.9151059E-14
  -1.2500000E+01  4.0450000E+02  4.1368958E-11  2.5869858E-14
  -1.2500000E+01  4.0283333E+02  4.1361053E-11  9.0586503E-15
  -1.1500000E+01  4.2116667E+02  6.6401524E-06 -5.6576904E-09
  -1.1500000E+01  4.1950000E+02  6.6382406E-06 -2.1327552E-09
  -1.1500000E+01  4.1783333E+02  6.6357669E-06  7.0417098E-10
  -1.1500000E+01  4.1616667E+02  6.6329396E-06  2.7245791E-09
  -1.1500000E+01  4.1450000E+02  6.6300054E-06  3.8635845E-09
  -1.1500000E+01  4.1283333E+02  6.6272291E-06  4.1327027E-09
  -1.1500000E+01  4.1116667E+02  6.6248688E-06  3.6132357E-09
  -1.1500000E+01  4.0950000E+02  6.6231520E-06  2.4502868E-09
  -1.1500000E+01  4.0783333E+02  6.6222475E-06  8.6920211E-10
  -1.1500000E+01  4.0616667E+02  4.1376515E-11  5.1309057E-14
  -1.1500000E+01  4.0450000E+02  4.1358354E-11  3.3642095E-14
  -1.1500000E+01  4.0283333E+02  4.1348820E-11  1.1749169E-14
  -1.0500000E+01  4.2116667E+02  6.6425615E-06 -4.6095502E-09
  -1.0500000E+01  4.1950000E+02  6.6402666E-06 -6.5685925E-10
  -1.0500000E+01  4.1783333E+02  6.6373064E-06  2.4886334E-09
  -1.0500000E+01  4.1616667E+02  6.6339222E-06  4.6670072E-09
  -1.0500000E+01  4.1450000E+02  6.6304041E-06  5.7925384E-09
  -1.0500000E+01  4.1283333E+02  6.6270675E-06  5.8714868E-09
  -1.0500000E+01  4.1116667E+02  6.6242244E-06  4.9964482E-09
  -1.0500000E+01  4.0950000E+02  6.6221522E-06  3.3405420E-09
  -1.0500000E+01  4.0783333E+02  6.6210595E-06  1.1772656E-09
  -1.0500000E+01  4.0616667E+02  4.1366504E-11  6.5973129E-14
  -1.0500000E+01  4.0450000E+02  4.1344594E-11  4.3021397E-14
  -1.0500000E+01  4.0283333E+02  4.1333097E-11  1.4987916E-14
  -9.5000000E+00  4.2116667E+02  6.6452821E-06 -3.3505538E-09
  -9.5000000E+00  4.1950000E+02  6.6425388E-06  1.1070721E-09
  -9.5000000E+00  4.1783333E+02  6.6390041E-06  4.6216443E-09
  -9.5000000E+00  4.1616667E+02  6.6349569E-06  6.9928212E-09
  -9.5000000E+00  4.1450000E+02  6.6307388E-06  8.1084394E-09
  -9.5000000E+00  4.1283333E+02  6.6267264E-06  7.9650253E-09
  -9.5000000E+00  4.1116667E+02  6.6232977E-06  6.6659553E-09
  -9.5000000E+00  4.0950000E+02  6.6207926E-06  4.4174151E-09
  -9.5000000E+00  4.0783333E+02  6.6194700E-06  1.5496090E-09
  -9.5000000E+00  4.0616667E+02  4.1353444E-11  8.3662471E-14
  -9.5000000E+00  4.0450000E+02  4.1327013E-11  5.4337187E-14
  -9.5000000E+00  4.0283333E+02  4.1313151E-11  1.8887189E-14
  -8.5000000E+00  4.2116667E+02  6.6483735E-06 -1.8451198E-09
  -8.5000000E+00  4.1950000E+02  6.6451040E-06  3.2093496E-09
  -8.5000000E+00  4.1783333E+02  6.6408919E-06  7.1674197E-09
  -8.5000000E+00  4.1616667E+02  6.6360569E-06  9.7763211E-09
  -8.5000000E+00  4.1450000E+02  6.6310002E-06  1.0889800E-08
  -8.5000000E+00  4.1283333E+02  6.6261716E-06  1.0488321E-08
  -8.5000000E+00  4.1116667E+02  6.6220310E-06  8.6842758E-09
  -8.5000000E+00  4.0950000E+02  6.6189971E-06  5.7224322E-09
  -8.5000000E+00  4.0783333E+02  6.6173927E-06  2.0008401E-09
  -8.5000000E+00  4.0616667E+02  4.1336683E-11  1.0500086E-13
  -8.5000000E+00  4.0450000E+02  4.1304810E-11  6.7981228E-14
  -8.5000000E+00  4.0283333E+02  4.1288108E-11  2.3581574E-14
  -7.5000000E+00  4.2116667E+02  6.6519001E-06 -5.2936179E-11
  -7.5000000E+00  4.1950000E+02  6.6480176E-06  5.7083808E-09
  -7.5000000E+00  4.1783333E+02  6.6430094E-06  1.0200538E-08
  -7.5000000E+00  4.1616667E+02  6.6372407E-06  1.3105447E-08
  -7.5000000E+00  4.1450000E+02  6.6311797E-06  1.4231279E-08
  -7.5000000E+00  4.1283333E+02  6.6253644E-06  1.3533161E-08
  -7.5000000E+00  4.1116667E+02  6.6203560E-06  1.1128862E-08
  -7.5000000E+00  4.0950000E+02  6.6166738E-06  7.3074937E-09
  -7.5000000E+00  4.0783333E+02  6.6147222E-06  2.5494192E-09
  -7.5000000E+00  4.0616667E+02  4.1315432E-11  1.3073402E-13
  -7.5000000E+00  4.0450000E+02  4.1277024E-11  8.4416253E-14
  -7.5000000E+00  4.0283333E+02  4.1256921E-11  2.9229644E-14
  -6.5000000E+00  4.2116667E+02  6.6559337E-06  2.0683306E-09
  -6.5000000E+00  4.1950000E+02  6.6513451E-06  8.6697811E-09
  -6.5000000E+00  4.1783333E+02  6.6454071E-06  1.3806863E-08
  -6.5000000E+00  4.1616667E+02  6.6385343E-06  1.7084037E-08
  -6.5000000E+00  4.1450000E+02  6.6312711E-06  1.8247193E-08
  -6.5000000E+00  4.1283333E+02  6.6242611E-06  1.7212406E-08
  -6.5000000E+00  4.1116667E+02  6.6181917E-06  1.4096326E-08
  -6.5000000E+00  4.0950000E+02  6.6137106E-06  9.2380314E-09
  -6.5000000E+00  4.0783333E+02  6.6113291E-06  3.2187496E-09
  -6.5000000E+00  4.0616667E+02  4.1288727E-11  1.6174801E-13
  -6.5000000E+00  4.0450000E+02  4.1242498E-11  1.0418397E-13
  -6.5000000E+00  4.0283333E+02  4.1218346E-11  3.6014809E-14
  -5.5000000E+00  4.2116667E+02  6.6605593E-06  4.5619337E-09
  -5.5000000E+00  4.1950000E+02  6.6551662E-06  1.2165215E-08
  -5.5000000E+00  4.1783333E+02  6.6481493E-06  1.8084414E-08
  -5.5000000E+00  4.1616667E+02  6.6399755E-06  2.1834394E-08
  -5.5000000E+00  4.1450000E+02  6.6312737E-06  2.3075830E-08
  -5.5000000E+00  4.1283333E+02  6.6228139E-06  2.1665646E-08
  -5.5000000E+00  4.1116667E+02  6.6154415E-06  1.7708207E-08
  -5.5000000E+00  4.0950000E+02  6.6099707E-06  1.1597316E-08
  -5.5000000E+00  4.0783333E+02  6.6070535E-06  4.0386849E-09
  -5.5000000E+00  4.0616667E+02  4.1255392E-11  1.9908672E-13
  -5.5000000E+00  4.0450000E+02  4.1199846E-11  1.2791027E-13
  -5.5000000E+00  4.0283333E+02  4.1170904E-11  4.4145135E-14
  -4.5000000E+00  4.2116667E+02  6.6658810E-06  7.4723256E-09
  -4.5000000E+00  4.1950000E+02  6.6595796E-06  1.6271530E-08
  -4.5000000E+00  4.1783333E+02  6.6513197E-06  2.3144228E-08
  -4.5000000E+00  4.1616667E+02  6.6416175E-06  2.7500157E-08
  -4.5000000E+00  4.1450000E+02  6.6311948E-06  2.8884772E-08
  -4.5000000E+00  4.1283333E+02  6.6209714E-06  2.7066588E-08
  -4.5000000E+00  4.1116667E+02  6.6119912E-06  2.2118829E-08
  -4.5000000E+00  4.0950000E+02  6.6052857E-06  1.4492485E-08
  -4.5000000E+00  4.0783333E+02  6.6016959E-06  5.0477587E-09
  -4.5000000E+00  4.0616667E+02  4.1213983E-11  2.4396474E-13
  -4.5000000E+00  4.0450000E+02  4.1147411E-11  1.5630369E-13
  -4.5000000E+00  4.0283333E+02  4.1112854E-11  5.3850887E-14
  -3.5000000E+00  4.2116667E+02  6.6720270E-06  1.0845760E-08
  -3.5000000E+00  4.1950000E+02  6.6647081E-06  2.1070254E-08
  -3.5000000E+00  4.1783333E+02  6.6550259E-06  2.9110808E-08
  -3.5000000E+00  4.1616667E+02  6.6435352E-06  3.4249303E-08
  -3.5000000E+00  4.1450000E+02  6.6310549E-06  3.5877438E-08
  -3.5000000E+00  4.1283333E+02  6.6186802E-06  3.3632742E-08
  -3.5000000E+00  4.1116667E+02  6.6077048E-06  2.7526039E-08
  -3.5000000E+00  4.0950000E+02  6.5994472E-06  1.8063110E-08
  -3.5000000E+00  4.0783333E+02  6.5950048E-06  6.2964916E-09
  -3.5000000E+00  4.0616667E+02  4.1162713E-11  2.9776994E-13
  -3.5000000E+00  4.0450000E+02  4.1083215E-11  1.9014079E-13
  -3.5000000E+00  4.0283333E+02  4.1042166E-11  6.5376844E-14
  -2.5000000E+00  4.2116667E+02  6.6791503E-06  1.4729869E-08
  -2.5000000E+00  4.1950000E+02  6.6707020E-06  2.6646428E-08
  -2.5000000E+00  4.1783333E+02  6.6594063E-06  3.6121363E-08
  -2.5000000E+00  4.1616667E+02  6.6458336E-06  4.2276813E-08
  -2.5000000E+00  4.1450000E+02  6.6308955E-06  4.4300932E-08
  -2.5000000E+00  4.1283333E+02  6.6158886E-06  4.1638185E-08
  -2.5000000E+00  4.1116667E+02  6.6024215E-06  3.4186153E-08
  -2.5000000E+00  4.0950000E+02  6.5921948E-06  2.2493523E-08
  -2.5000000E+00  4.0783333E+02  6.5866604E-06  7.8522003E-09
  -2.5000000E+00  4.0616667E+02  4.1099361E-11  3.6204671E-13
  -2.5000000E+00  4.0450000E+02  4.1004918E-11  2.3022881E-13
  -2.5000000E+00  4.0283333E+02  4.0956507E-11  7.8964525E-14
  -1.5000000E+00  4.2116667E+02  6.6874258E-06  1.9170625E-08
  -1.5000000E+00  4.1950000E+02  6.6777416E-06  3.3085154E-08
  -1.5000000E+00  4.1783333E+02  6.6646370E-06  4.4322753E-08
  -1.5000000E+00  4.1616667E+02  6.6486585E-06  5.1806211E-08
  -1.5000000E+00  4.1450000E+02  6.6307906E-06  5.4455056E-08
  -1.5000000E+00  4.1283333E+02  6.6125534E-06  5.1430514E-08
  -1.5000000E+00  4.1116667E+02  6.5959518E-06  4.2435138E-08
  -1.5000000E+00  4.0950000E+02  6.5832013E-06  2.8030795E-08
  -1.5000000E+00  4.0783333E+02  6.5762506E-06  9.8060523E-09
  -1.5000000E+00  4.0616667E+02  4.1021150E-11  4.3844430E-13
  -1.5000000E+00  4.0450000E+02  4.0909765E-11  2.7732852E-13
  -1.5000000E+00  4.0283333E+02  4.0853255E-11  9.4816969E-14
  -5.0000000E-01  4.2116667E+02  6.6970444E-06  2.4205617E-08
  -5.0000000E-01  4.1950000E+02  6.6860385E-06  4.0464189E-08
  -5.0000000E-01  4.1783333E+02  6.6709412E-06  5.3864834E-08
  -5.0000000E-01  4.1616667E+02  6.6522122E-06  6.3088633E-08
  -5.0000000E-01  4.1450000E+02  6.6308644E-06  6.6702046E-08
  -5.0000000E-01  4.1283333E+02  6.6086519E-06  6.3453339E-08
  -5.0000000E-01  4.1116667E+02  6.5880756E-06  5.2719088E-08
  -5.0000000E-01  4.0950000E+02  6.5720515E-06  3.5011592E-08
  -5.0000000E-01  4.0783333E+02  6.5632380E-06  1.2283811E-08
  -5.0000000E-01  4.0616667E+02  4.0924577E-11  5.2860411E-13
  -5.0000000E-01  4.0450000E+02  4.0794562E-11  3.3200865E-13
  -5.0000000E-01  4.0283333E+02  4.0729576E-11  1.1303396E-13
   5.0000000E-01  4.2116667E+02  6.7082072E-06  2.9853618E-08
   5.0000000E-01  4.1950000E+02  6.6958374E-06  4.8841577E-08
   5.0000000E-01  4.1783333E+02  6.6785998E-06  6.4888421E-08
   5.0000000E-01  4.1616667E+02  6.6567750E-06  7.6397294E-08
   5.0000000E-01  4.1450000E+02  6.6313184E-06  8.1476014E-08
   5.0000000E-01  4.1283333E+02  6.6042033E-06  7.8275928E-08
   5.0000000E-01  4.1116667E+02  6.5785428E-06  6.5638555E-08
   5.0000000E-01  4.0950000E+02  6.5582149E-06  4.3903341E-08
   5.0000000E-01  4.0783333E+02  6.5469106E-06  1.5462791E-08
   5.0000000E-01  4.0616667E+02  4.0805173E-11  6.3394282E-13
   5.0000000E-01  4.0450000E+02  4.0655665E-11  3.9438332E-13
   5.0000000E-01  4.0283333E+02  4.0582588E-11  1.3349668E-13
   1.5000000E+00  4.2116667E+02  6.7211204E-06  3.6101836E-08
   1.5000000E+00  4.1950000E+02  6.7074159E-06  5.8237955E-08
   1.5000000E+00  4.1783333E+02  6.6879645E-06  7.7505451E-08
   1.5000000E+00  4.1616667E+02  6.6627333E-06  9.2013848E-08
   1.5000000E+00  4.1450000E+02  6.6324730E-06  9.9289592E-08
   1.5000000E+00  4.1283333E+02  6.5993060E-06  9.6631603E-08
   1.5000000E+00  4.1116667E+02  6.5670813E-06  8.2013967E-08
   1.5000000E+00  4.0950000E+02  6.5410076E-06  5.5368901E-08
   1.5000000E+00  4.0783333E+02  6.5263086E-06  1.9599266E-08
   1.5000000E+00  4.0616667E+02  4.0657160E-11  7.5526170E-13
   1.5000000E+00  4.0450000E+02  4.0489024E-11  4.6365075E-13
   1.5000000E+00  4.0283333E+02  4.0409707E-11  1.5566530E-13
   2.5000000E+00  4.2116667E+02  6.7359884E-06  4.2893314E-08
   2.5000000E+00  4.1950000E+02  6.7210820E-06  6.8613020E-08
   2.5000000E+00  4.1783333E+02  6.6994701E-06  9.1768401E-08
   2.5000000E+00  4.1616667E+02  6.6706176E-06  1.1020109E-07
   2.5000000E+00  4.1450000E+02  6.6348282E-06  1.2073216E-07
   2.5000000E+00  4.1283333E+02  6.5942008E-06  1.1946569E-07
   2.5000000E+00  4.1116667E+02  6.5534193E-06  1.0298356E-07
   2.5000000E+00  4.0950000E+02  6.5195403E-06  7.0370944E-08
   2.5000000E+00  4.0783333E+02  6.5001115E-06  2.5073951E-08
   2.5000000E+00  4.0616667E+02  4.0472924E-11  8.9206937E-13
   2.5000000E+00  4.0450000E+02  4.0290312E-11  5.3729204E-13
   2.5000000E+00  4.0283333E+02  4.0209293E-11  1.7822534E-13
   3.5000000E+00  4.2116667E+02  6.7529990E-06  5.0115677E-08
   3.5000000E+00  4.1950000E+02  6.7371640E-06  7.9835485E-08
   3.5000000E+00  4.1783333E+02  6.7136425E-06  1.0762605E-07
   3.5000000E+00  4.1616667E+02  6.6811447E-06  1.3115362E-07
   3.5000000E+00  4.1450000E+02  6.6391532E-06  1.4644813E-07
   3.5000000E+00  4.1283333E+02  6.5893794E-06  1.4799046E-07
   3.5000000E+00  4.1116667E+02  6.5373399E-06  1.3015137E-07
   3.5000000E+00  4.0950000E+02  6.4926482E-06  9.0345582E-08
   3.5000000E+00  4.0783333E+02  6.4664583E-06  3.2470562E-08
   3.5000000E+00  4.0616667E+02  4.0242155E-11  1.0414300E-12
   3.5000000E+00  4.0450000E+02  4.0055188E-11  6.0967852E-13
   3.5000000E+00  4.0283333E+02  3.9981823E-11  1.9846927E-13
   4.5000000E+00  4.2116667E+02  6.7722939E-06  5.7587444E-08
   4.5000000E+00  4.1950000E+02  6.7559899E-06  9.1647104E-08
   4.5000000E+00  4.1783333E+02  6.7310953E-06  1.2486418E-07
   4.5000000E+00  4.1616667E+02  6.6952610E-06  1.5491472E-07
   4.5000000E+00  4.1450000E+02  6.6466092E-06  1.7707297E-07
   4.5000000E+00  4.1283333E+02  6.5857680E-06  1.8373460E-07
   4.5000000E+00  4.1116667E+02  6.5188006E-06  1.6581138E-07
   4.5000000E+00  4.0950000E+02  6.4587994E-06  1.1750138E-07
   4.5000000E+00  4.0783333E+02  6.4226505E-06  4.2718021E-08
   4.5000000E+00  4.0616667E+02  3.9950394E-11  1.1960121E-12
   4.5000000E+00  4.0450000E+02  3.9779794E-11  6.6963611E-13
   4.5000000E+00  4.0283333E+02  3.9731993E-11  2.1121192E-13
   5.5000000E+00  4.2116667E+02  6.7939227E-06  6.5030882E-08
   5.5000000E+00  4.1950000E+02  6.7778561E-06  1.0362601E-07
   5.5000000E+00  4.1783333E+02  6.7525021E-06  1.4303445E-07
   5.5000000E+00  4.1616667E+02  6.7141661E-06  1.8124660E-07
   5.5000000E+00  4.1450000E+02  6.6589090E-06  2.1308640E-07
   5.5000000E+00  4.1283333E+02  6.5850367E-06  2.2854926E-07
   5.5000000E+00  4.1116667E+02  6.4981934E-06  2.1328311E-07
   5.5000000E+00  4.0950000E+02  6.4159865E-06  1.5535455E-07
   5.5000000E+00  4.0783333E+02  6.3646410E-06  5.7361496E-08
   5.5000000E+00  4.0616667E+02  3.9576434E-11  1.3407366E-12
   5.5000000E+00  4.0450000E+02  3.9461638E-11  6.9614878E-13
   5.5000000E+00  4.0283333E+02  3.9472440E-11  2.0689939E-13
   6.5000000E+00  4.2116667E+02  6.8178047E-06  7.2028316E-08
   6.5000000E+00  4.1950000E+02  6.8029840E-06  1.1516090E-07
   6.5000000E+00  4.1783333E+02  6.7785302E-06  1.6138425E-07
   6.5000000E+00  4.1616667E+02  6.7392791E-06  2.0944903E-07
   6.5000000E+00  4.1450000E+02  6.6784845E-06  2.5451500E-07
   6.5000000E+00  4.1283333E+02  6.5901106E-06  2.8446845E-07
   6.5000000E+00  4.1116667E+02  6.4769069E-06  2.7739207E-07
   6.5000000E+00  4.0950000E+02  6.3616404E-06  2.0972968E-07
   6.5000000E+00  4.0783333E+02  6.2861096E-06  7.9112138E-08
   6.5000000E+00  4.0616667E+02  3.9087462E-11  1.4467726E-12
   6.5000000E+00  4.0450000E+02  3.9101245E-11  6.5072015E-13
   6.5000000E+00  4.0283333E+02  3.9230300E-11  1.6841406E-13
   7.5000000E+00  4.2116667E+02  6.8437379E-06  7.7995555E-08
   7.5000000E+00  4.1950000E+02  6.8314669E-06  1.2544864E-07
   7.5000000E+00  4.1783333E+02  6.8097242E-06  1.7881444E-07
   7.5000000E+00  4.1616667E+02  6.7720821E-06  2.3815471E-07
   7.5000000E+00  4.1450000E+02  6.7085640E-06  3.0039694E-07
   7.5000000E+00  4.1283333E+02  6.6059651E-06  3.5317024E-07
   7.5000000E+00  4.1116667E+02  6.4585542E-06  3.6505898E-07
   7.5000000E+00  4.0950000E+02  6.2927184E-06  2.9072416E-07
   7.5000000E+00  4.0783333E+02  6.1766913E-06  1.1305239E-07
   7.5000000E+00  4.0616667E+02  3.8429748E-11  1.4598239E-12
   7.5000000E+00  4.0450000E+02  3.8705747E-11  4.6379897E-13
   7.5000000E+00  4.0283333E+02  3.9058541E-11  6.6226387E-14
   8.5000000E+00  4.2116667E+02  6.8714325E-06  8.2218316E-08
   8.5000000E+00  4.1950000E+02  6.8632105E-06  1.3352166E-07
   8.5000000E+00  4.1783333E+02  6.8463558E-06  1.9389987E-07
   8.5000000E+00  4.1616667E+02  6.8137691E-06  2.6520655E-07
   8.5000000E+00  4.1450000E+02  6.7528827E-06  3.4798779E-07
   8.5000000E+00  4.1283333E+02  6.6406704E-06  4.3446614E-07
   8.5000000E+00  4.1116667E+02  6.4516798E-06  4.8560400E-07
   8.5000000E+00  4.0950000E+02  6.2065366E-06  4.1676649E-07
   8.5000000E+00  4.0783333E+02  6.0183222E-06  1.6955496E-07
   8.5000000E+00  4.0616667E+02  3.7510446E-11  1.2738670E-12
   8.5000000E+00  4.0450000E+02  3.8298664E-11  1.1225492E-14
   8.5000000E+00  4.0283333E+02  3.9054430E-11 -1.4633591E-13
   9.5000000E+00  4.2116667E+02  6.9004939E-06  8.3932333E-08
   9.5000000E+00  4.1950000E+02  6.8978834E-06  1.3830715E-07
   9.5000000E+00  4.1783333E+02  6.8882877E-06  2.0498460E-07
   9.5000000E+00  4.1616667E+02  6.8647391E-06  2.8780302E-07
   9.5000000E+00  4.1450000E+02  6.8144700E-06  3.9208459E-07
   9.5000000E+00  4.1283333E+02  6.7059757E-06  5.2279333E-07
   9.5000000E+00  4.1116667E+02  6.4756941E-06  6.4884016E-07
   9.5000000E+00  4.0950000E+02  6.1044579E-06  6.2335792E-07
   9.5000000E+00  4.0783333E+02  5.7769994E-06  2.7236729E-07
   9.5000000E+00  4.0616667E+02  3.6161585E-11  6.6052720E-13
   9.5000000E+00  4.0450000E+02  3.7952638E-11 -9.2299748E-13
   9.5000000E+00  4.0283333E+02  3.9384271E-11 -5.2455259E-13
   1.0500000E+01  4.2116667E+02  6.9303584E-06  8.2362723E-08
   1.0500000E+01  4.1950000E+02  6.9349010E-06  1.3871754E-07
   1.0500000E+01  4.1783333E+02  6.9348688E-06  2.1035094E-07
   1.0500000E+01  4.1616667E+02  6.9243216E-06  3.0289416E-07
   1.0500000E+01  4.1450000E+02  6.8930868E-06  4.2589581E-07
   1.0500000E+01  4.1283333E+02  6.8140876E-06  6.0147822E-07
   1.0500000E+01  4.1116667E+02  6.5728840E-06  8.5304637E-07
   1.0500000E+01  4.0950000E+02  6.0069776E-06  9.8143722E-07
   1.0500000E+01  4.0783333E+02  5.3818949E-06  4.8581270E-07
   1.0500000E+01  4.0616667E+02  3.4066435E-11 -9.6446466E-13
   1.0500000E+01  4.0450000E+02  3.7913776E-11 -2.6810425E-12
   1.0500000E+01  4.0283333E+02  4.0290554E-11 -1.0515540E-12
   1.1500000E+01  4.2116667E+02  6.9602744E-06  7.6695992E-08
   1.1500000E+01  4.1950000E+02  6.9735152E-06  1.3371422E-07
   1.1500000E+01  4.1783333E+02  6.9848183E-06  2.0859176E-07
   1.1500000E+01  4.1616667E+02  6.9908929E-06  3.0733688E-07
   1.1500000E+01  4.1450000E+02  6.9843478E-06  4.4412106E-07
   1.1500000E+01  4.1283333E+02  6.9605913E-06  6.4490635E-07
   1.1500000E+01  4.1116667E+02  6.8224732E-06  1.0372113E-06
   1.1500000E+01  4.0950000E+02  6.0192746E-06  1.6187353E-06
   1.1500000E+01  4.0783333E+02  4.6636300E-06  1.0369509E-06
   1.1500000E+01  4.0616667E+02  3.0602341E-11 -5.5396254E-12
   1.1500000E+01  4.0450000E+02  3.9101247E-11 -5.5136298E-12
   1.1500000E+01  4.0283333E+02  4.1943838E-11 -1.3505878E-12
   1.2500000E+01  4.2116667E+02  6.9894124E-06  6.5985073E-08
   1.2500000E+01  4.1950000E+02  7.0128367E-06  1.2242608E-07
   1.2500000E+01  4.1783333E+02  7.0369185E-06  1.9864895E-07
   1.2500000E+01  4.1616667E+02  7.0598817E-06  2.9985704E-07
   1.2500000E+01  4.1450000E+02  7.0876771E-06  4.3885069E-07
   1.2500000E+01  4.1283333E+02  7.1029167E-06  6.5528684E-07
   1.2500000E+01  4.1116667E+02  7.2517171E-06  1.0204214E-06
   1.2500000E+01  4.0950000E+02  6.6587796E-06  2.4732068E-06
   1.2500000E+01  4.0783333E+02  3.1304506E-06  3.1128635E-06
   1.2500000E+01  4.0616667E+02  2.4683589E-11 -2.2457835E-11
   1.2500000E+01  4.0450000E+02  4.5062955E-11 -5.9223832E-12
   1.2500000E+01  4.0283333E+02  4.3521051E-11 -1.7222466E-12
   1.3500000E+01  4.2116667E+02  7.0170003E-06  4.9017257E-08
   1.3500000E+01  4.1950000E+02  7.0523121E-06  1.0415226E-07
   1.3500000E+01  4.1783333E+02  7.0891600E-06  1.8036491E-07
   1.3500000E+01  4.1616667E+02  7.1301588E-06  2.7976393E-07
   1.3500000E+01  4.1450000E+02  7.1800833E-06  4.1231181E-07
   1.3500000E+01  4.1283333E+02  7.2902406E-06  6.0658759E-07
   1.3500000E+01  4.1116667E+02  7.3712383E-06  9.3124182E-07
   1.3500000E+01  4.0950000E+02  9.1783213E-06  1.8338993E-06
   1.3500000E+01  4.0783333E+02  7.9776325E-11  2.3235213E-11
   1.3500000E+01  4.0616667E+02  6.7038970E-11 -2.1666203E-11
   1.3500000E+01  4.0450000E+02  4.5011330E-11 -5.7250508E-12
   1.3500000E+01  4.0283333E+02  4.6143002E-11 -1.6734399E-12
   1.4500000E+01  4.2116667E+02  7.0427094E-06  2.4077228E-08
   1.4500000E+01  4.1950000E+02  7.0917354E-06  7.8489660E-08
   1.4500000E+01  4.1783333E+02  7.1409811E-06  1.5437134E-07
   1.4500000E+01  4.1616667E+02  7.1949113E-06  2.4880011E-07
   1.4500000E+01  4.1450000E+02  7.2720497E-06  3.6703786E-07
   1.4500000E+01  4.1283333E+02  7.3884750E-06  5.1591198E-07
   1.4500000E+01  4.1116667E+02  7.7523700E-06  7.5498180E-07
   1.4500000E+01  4.0950000E+02  8.4145760E-06  5.2858596E-07
   1.4500000E+01  4.0783333E+02  6.0414281E-11  1.3252423E-11
   1.4500000E+01  4.0616667E+02  5.9863198E-11 -3.7103509E-12
   1.4500000E+01  4.0450000E+02  5.0728355E-11 -4.9834139E-12
   1.4500000E+01  4.0283333E+02  4.7600951E-11 -1.2176373E-12
   1.5500000E+01  4.2116667E+02  7.0672482E-06 -1.1349863E-08
   1.5500000E+01  4.1950000E+02  7.1321389E-06  4.5566781E-08
   1.5500000E+01  4.1783333E+02  7.1912757E-06  1.2226474E-07
   1.5500000E+01  4.1616667E+02  7.2549203E-06  2.1036178E-07
   1.5500000E+01  4.1450000E+02  7.3401078E-06  3.0808064E-07
   1.5500000E+01  4.1283333E+02  7.4866966E-06  4.1706076E-07
   1.5500000E+01  4.1116667E+02  7.7643832E-06  4.6888413E-07
   1.5500000E+01  4.0950000E+02  8.0672700E-06  2.3562796E-07
   1.5500000E+01  4.0783333E+02  5.3910318E-11  8.2955742E-12
   1.5500000E+01  4.0616667E+02  5.5054261E-11  8.9078219E-13
   1.5500000E+01  4.0450000E+02  5.1511970E-11 -1.9782669E-12
   1.5500000E+01  4.0283333E+02  4.9049037E-11 -8.6858141E-13
   1.6500000E+01  4.2116667E+02  7.0940007E-06 -6.0557183E-08
   1.6500000E+01  4.1950000E+02  7.1758296E-06  6.7423391E-09
   1.6500000E+01  4.1783333E+02  7.2405739E-06  8.6760567E-08
   1.6500000E+01  4.1616667E+02  7.3068733E-06  1.6789952E-07
   1.6500000E+01  4.1450000E+02  7.3943569E-06  2.4694024E-07
   1.6500000E+01  4.1283333E+02  7.5287355E-06  3.0962066E-07
   1.6500000E+01  4.1116667E+02  7.7174707E-06  2.9647122E-07
   1.6500000E+01  4.0950000E+02  7.8782240E-06  1.2985679E-07
   1.6500000E+01  4.0783333E+02  5.1105229E-11  5.7429184E-12
   1.6500000E+01  4.0616667E+02  5.2313542E-11  2.0320844E-12
   1.6500000E+01  4.0450000E+02  5.1051404E-11 -2.3691210E-13
   1.6500000E+01  4.0283333E+02  4.9715264E-11 -3.3049187E-13
   1.7500000E+01  4.2116667E+02  7.1326311E-06 -1.2498312E-07
   1.7500000E+01  4.1950000E+02  7.2262394E-06 -3.4094074E-08
   1.7500000E+01  4.1783333E+02  7.2889144E-06  5.1145457E-08
   1.7500000E+01  4.1616667E+02  7.3519304E-06  1.2592542E-07
   1.7500000E+01  4.1450000E+02  7.4325283E-06  1.8806542E-07
   1.7500000E+01  4.1283333E+02  7.5419438E-06  2.2221902E-07
   1.7500000E+01  4.1116667E+02  7.6698184E-06  1.9390697E-07
   1.7500000E+01  4.0950000E+02  7.7642214E-06  7.9327305E-08
   1.7500000E+01  4.0783333E+02  4.9670620E-11  4.2523883E-12
   1.7500000E+01  4.0616667E+02  5.0709077E-11  2.1745525E-12
   1.7500000E+01  4.0450000E+02  5.0403569E-11  5.6120698E-13
   1.7500000E+01  4.0283333E+02  4.9814402E-11  2.6573773E-14
   1.8500000E+01  4.2116667E+02  7.2014382E-06 -1.9504103E-07
   1.8500000E+01  4.1950000E+02  7.2849319E-06 -7.0297348E-08
   1.8500000E+01  4.1783333E+02  7.3362095E-06  1.8977175E-08
   1.8500000E+01  4.1616667E+02  7.3906687E-06  8.7608580E-08
   1.8500000E+01  4.1450000E+02  7.4590432E-06  1.3699877E-07
   1.8500000E+01  4.1283333E+02  7.5437995E-06  1.5678264E-07
   1.8500000E+01  4.1116667E+02  7.6318716E-06  1.2977528E-07
   1.8500000E+01  4.0950000E+02  7.6913165E-06  5.1150290E-08
   1.8500000E+01  4.0783333E+02  4.8846872E-11  3.2762665E-12
   1.8500000E+01  4.0616667E+02  4.9713753E-11  2.0074714E-12
   1.8500000E+01  4.0450000E+02  4.9810321E-11  8.5365214E-13
   1.8500000E+01  4.0283333E+02  4.9623305E-11  1.9983858E-13
   1.9500000E+01  4.2116667E+02  7.3113718E-06 -2.4267039E-07
   1.9500000E+01  4.1950000E+02  7.3485679E-06 -9.5081847E-08
   1.9500000E+01  4.1783333E+02  7.3816001E-06 -6.8242410E-09
   1.9500000E+01  4.1616667E+02  7.4239960E-06  5.5296967E-08
   1.9500000E+01  4.1450000E+02  7.4784039E-06  9.5640954E-08
   1.9500000E+01  4.1283333E+02  7.5422973E-06  1.0895061E-07
   1.9500000E+01  4.1116667E+02  7.6039087E-06  8.7797213E-08
   1.9500000E+01  4.0950000E+02  7.6431574E-06  3.3912177E-08
   1.9500000E+01  4.0783333E+02  4.8334782E-11  2.5792899E-12
   1.9500000E+01  4.0616667E+02  4.9057739E-11  1.7505450E-12
   1.9500000E+01  4.0450000E+02  4.9310617E-11  9.0091128E-13
   1.9500000E+01  4.0283333E+02  4.9317779E-11  2.6049131E-13
   2.0500000E+01  4.2116667E+02  7.4354908E-06 -2.4013006E-07
   2.0500000E+01  4.1950000E+02  7.4105218E-06 -1.0495840E-07
   2.0500000E+01  4.1783333E+02  7.4234676E-06 -2.4534493E-08
   2.0500000E+01  4.1616667E+02  7.4526340E-06  3.0069847E-08
   2.0500000E+01  4.1450000E+02  7.4935216E-06  6.3690823E-08
   2.0500000E+01  4.1283333E+02  7.5406574E-06  7.4283133E-08
   2.0500000E+01  4.1116667E+02  7.5841536E-06  5.9400198E-08
   2.0500000E+01  4.0950000E+02  7.6108659E-06  2.2732557E-08
   2.0500000E+01  4.0783333E+02  4.7998529E-11  2.0517635E-12
   2.0500000E+01  4.0616667E+02  4.8601887E-11  1.4822821E-12
   2.0500000E+01  4.0450000E+02  4.8899099E-11  8.3912078E-13
   2.0500000E+01  4.0283333E+02  4.8989796E-11  2.6356612E-13
   2.1500000E+01  4.2116667E+02  7.5246626E-06 -1.9337444E-07
   2.1500000E+01  4.1950000E+02  7.4642778E-06 -1.0050177E-07
   2.1500000E+01  4.1783333E+02  7.4598497E-06 -3.4101724E-08
   2.1500000E+01  4.1616667E+02  7.4769515E-06  1.1876142E-08
   2.1500000E+01  4.1450000E+02  7.5059417E-06  3.9957873E-08
   2.1500000E+01  4.1283333E+02  7.5399342E-06  4.9339093E-08
   2.1500000E+01  4.1116667E+02  7.5706833E-06  3.9797067E-08
   2.1500000E+01  4.0950000E+02  7.5891715E-06  1.5215420E-08
   2.1500000E+01  4.0783333E+02  4.7769456E-11  1.6380949E-12
   2.1500000E+01  4.0616667E+02  4.8271986E-11  1.2324175E-12
   2.1500000E+01  4.0450000E+02  4.8563059E-11  7.3601485E-13
   2.1500000E+01  4.0283333E+02  4.8681961E-11  2.4091267E-13
   2.2500000E+01  4.2116667E+02  7.5646294E-06 -1.3549380E-07
   2.2500000E+01  4.1950000E+02  7.5044140E-06 -8.6022362E-08
   2.2500000E+01  4.1783333E+02  7.4894441E-06 -3.6942326E-08
   2.2500000E+01  4.1616667E+02  7.4970845E-06 -1.2858939E-10
   2.2500000E+01  4.1450000E+02  7.5163786E-06  2.2992049E-08
   2.2500000E+01  4.1283333E+02  7.5402525E-06  3.1585132E-08
   2.2500000E+01  4.1116667E+02  7.5618565E-06  2.6139113E-08
   2.2500000E+01  4.0950000E+02  7.5747276E-06  1.0057800E-08
   2.2500000E+01  4.0783333E+02  4.7609736E-11  1.3074366E-12
   2.2500000E+01  4.0616667E+02  4.8026461E-11  1.0115224E-12
   2.2500000E+01  4.0450000E+02  4.8290168E-11  6.2404231E-13
   2.2500000E+01  4.0283333E+02  4.8411002E-11  2.0904363E-13
   2.3500000E+01  4.2116667E+02  7.5753463E-06 -9.0064758E-08
   2.3500000E+01  4.1950000E+02  7.5298496E-06 -6.8024136E-08
   2.3500000E+01  4.1783333E+02  7.5119170E-06 -3.5199076E-08
   2.3500000E+01  4.1616667E+02  7.5132006E-06 -7.2262662E-09
   2.3500000E+01  4.1450000E+02  7.5251340E-06  1.1353246E-08
   2.3500000E+01  4.1283333E+02  7.5413864E-06  1.9148177E-08
   2.3500000E+01  4.1116667E+02  7.5563685E-06  1.6624407E-08
   2.3500000E+01  4.0950000E+02  7.5653012E-06  6.4902002E-09
   2.3500000E+01  4.0783333E+02  4.7496938E-11  1.0408380E-12
   2.3500000E+01  4.0616667E+02  4.7840533E-11  8.2192851E-13
   2.3500000E+01  4.0450000E+02  4.8069714E-11  5.1790350E-13
   2.3500000E+01  4.0283333E+02  4.8180931E-11  1.7595190E-13
   2.4500000E+01  4.2116667E+02  7.5756210E-06 -6.0312110E-08
   2.4500000E+01  4.1950000E+02  7.5441755E-06 -5.1611444E-08
   2.4500000E+01  4.1783333E+02  7.5278674E-06 -3.1067390E-08
   2.4500000E+01  4.1616667E+02  7.5256454E-06 -1.0794905E-08
   2.4500000E+01  4.1450000E+02  7.5323624E-06  3.7316492E-09
   2.4500000E+01  4.1283333E+02  7.5430266E-06  1.0619809E-08
   2.4500000E+01  4.1116667E+02  7.5532174E-06  1.0049071E-08
   2.4500000E+01  4.0950000E+02  7.5593508E-06  4.0258808E-09
   2.4500000E+01  4.0783333E+02  4.7416878E-11  8.2539556E-13
   2.4500000E+01  4.0616667E+02  4.7698391E-11  6.6230571E-13
   2.4500000E+01  4.0450000E+02  4.7892571E-11  4.2350972E-13
   2.4500000E+01  4.0283333E+02  4.7989912E-11  1.4521130E-13
   2.5500000E+01  4.2116667E+02  7.5731482E-06 -4.1550080E-08
   2.5500000E+01  4.1950000E+02  7.5518268E-06 -3.8713336E-08
   2.5500000E+01  4.1783333E+02  7.5386166E-06 -2.6254559E-08
   2.5500000E+01  4.1616667E+02  7.5349351E-06 -1.2065588E-08
   2.5500000E+01  4.1450000E+02  7.5382053E-06 -9.8999979E-10
   2.5500000E+01  4.1283333E+02  7.5448966E-06  4.9281330E-09
   2.5500000E+01  4.1116667E+02  7.5516527E-06  5.5726382E-09
   2.5500000E+01  4.0950000E+02  7.5557909E-06  2.3393516E-09
   2.5500000E+01  4.0783333E+02  4.7360108E-11  6.5152640E-13
   2.5500000E+01  4.0616667E+02  4.7589273E-11  5.2976751E-13
   2.5500000E+01  4.0450000E+02  4.7751004E-11  3.4250150E-13
   2.5500000E+01  4.0283333E+02  4.7833720E-11  1.1818593E-13
   2.6500000E+01  4.2116667E+02  7.5702917E-06 -2.9582756E-08
   2.6500000E+01  4.1950000E+02  7.5558243E-06 -2.9207349E-08
   2.6500000E+01  4.1783333E+02  7.5456546E-06 -2.1732616E-08
   2.6500000E+01  4.1616667E+02  7.5416858E-06 -1.1997313E-08
   2.6500000E+01  4.1450000E+02  7.5428344E-06 -3.7095819E-09
   2.6500000E+01  4.1283333E+02  7.5467942E-06  1.2570241E-09
   2.6500000E+01  4.1116667E+02  7.5511269E-06  2.5904903E-09
   2.6500000E+01  4.0950000E+02  7.5538515E-06  1.2038221E-09
   2.6500000E+01  4.0783333E+02  4.7320078E-11  5.1167115E-13
   2.6500000E+01  4.0616667E+02  4.7505457E-11  4.2089598E-13
   2.6500000E+01  4.0450000E+02  4.7638486E-11  2.7451746E-13
   2.6500000E+01  4.0283333E+02  4.7707437E-11  9.5170062E-14
   2.7500000E+01  4.2116667E+02  7.5677705E-06 -2.1804516E-08
   2.7500000E+01  4.1950000E+02  7.5578688E-06 -2.2364102E-08
   2.7500000E+01  4.1783333E+02  7.5502124E-06 -1.7880202E-08
   2.7500000E+01  4.1616667E+02  7.5465116E-06 -1.1247990E-08
   2.7500000E+01  4.1450000E+02  7.5464463E-06 -5.1088939E-09
   2.7500000E+01  4.1283333E+02  7.5485934E-06 -1.0078260E-09
   2.7500000E+01  4.1116667E+02  7.5512513E-06  6.6104901E-10
   2.7500000E+01  4.0950000E+02  7.5529869E-06  4.5715476E-10
   2.7500000E+01  4.0783333E+02  4.7292133E-11  3.9965508E-13
   2.7500000E+01  4.0616667E+02  4.7441190E-11  3.3225032E-13
   2.7500000E+01  4.0450000E+02  4.7549548E-11  2.1833105E-13
   2.7500000E+01  4.0283333E+02  4.7606249E-11  7.5965245E-14
   2.8500000E+01  4.2116667E+02  7.5657475E-06 -1.6644513E-08
   2.8500000E+01  4.1950000E+02  7.5588858E-06 -1.7466084E-08
   2.8500000E+01  4.1783333E+02  7.5531665E-06 -1.4752774E-08
   2.8500000E+01  4.1616667E+02  7.5499415E-06 -1.0219981E-08
   2.8500000E+01  4.1450000E+02  7.5492423E-06 -5.6781953E-09
   2.8500000E+01  4.1283333E+02  7.5502305E-06 -2.3196995E-09
   2.8500000E+01  4.1116667E+02  7.5517588E-06 -5.3878902E-10
   2.8500000E+01  4.0950000E+02  7.5528148E-06 -1.7948751E-11
   2.8500000E+01  4.0783333E+02  4.7272913E-11  3.1035307E-13
   2.8500000E+01  4.0616667E+02  4.7392087E-11  2.6061359E-13
   2.8500000E+01  4.0450000E+02  4.7479647E-11  1.7241679E-13
   2.8500000E+01  4.0283333E+02  4.7525797E-11  6.0169005E-14
   2.9500000E+01  4.2116667E+02  7.5642015E-06 -1.3148907E-08
   2.9500000E+01  4.1950000E+02  7.5593762E-06 -1.3949545E-08
   2.9500000E+01  4.1783333E+02  7.5551022E-06 -1.2273270E-08
   2.9500000E+01  4.1616667E+02  7.5523888E-06 -9.1364367E-09
   2.9500000E+01  4.1450000E+02  7.5514064E-06 -5.7527770E-09
   2.9500000E+01  4.1283333E+02  7.5516845E-06 -3.0048727E-09
   2.9500000E+01  4.1116667E+02  7.5524726E-06 -1.2435177E-09
   2.9500000E+01  4.0950000E+02  7.5530720E-06 -3.0643255E-10
   2.9500000E+01  4.0783333E+02  4.7259984E-11  2.3949319E-13
   2.9500000E+01  4.0616667E+02  4.7354763E-11  2.0310181E-13
   2.9500000E+01  4.0450000E+02  4.7425038E-11  1.3522720E-13
   2.9500000E+01  4.0283333E+02  4.7462291E-11  4.7317019E-14
   3.0500000E+01  4.2116667E+02  7.5630568E-06 -1.0730729E-08
   3.0500000E+01  4.1950000E+02  7.5596090E-06 -1.1403932E-08
   3.0500000E+01  4.1783333E+02  7.5563979E-06 -1.0327779E-08
   3.0500000E+01  4.1616667E+02  7.5541575E-06 -8.1096249E-09
   3.0500000E+01  4.1450000E+02  7.5530943E-06 -5.5522318E-09
   3.0500000E+01  4.1283333E+02  7.5529605E-06 -3.2919993E-09
   3.0500000E+01  4.1116667E+02  7.5532797E-06 -1.6207874E-09
   3.0500000E+01  4.0950000E+02  7.5535807E-06 -4.6939568E-10
   3.0500000E+01  4.0783333E+02  4.7251577E-11  1.8352258E-13
   3.0500000E+01  4.0616667E+02  4.7326587E-11  1.5719941E-13
   3.0500000E+01  4.0450000E+02  4.7382657E-11  1.0532226E-13
   3.0500000E+01  4.0283333E+02  4.7412522E-11  3.6951155E-14
   3.1500000E+01  4.2116667E+02  7.5622278E-06 -9.0248062E-09
   3.1500000E+01  4.1950000E+02  7.5597261E-06 -9.5401891E-09
   3.1500000E+01  4.1783333E+02  7.5572947E-06 -8.8060259E-09
   3.1500000E+01  4.1616667E+02  7.5554637E-06 -7.1885314E-09
   3.1500000E+01  4.1450000E+02  7.5544299E-06 -5.2150566E-09
   3.1500000E+01  4.1283333E+02  7.5540768E-06 -3.3370867E-09
   3.1500000E+01  4.1116667E+02  7.5541117E-06 -1.7881304E-09
   3.1500000E+01  4.0950000E+02  7.5542243E-06 -5.5024703E-10
   3.1500000E+01  4.0783333E+02  4.7246414E-11  1.3950215E-13
   3.1500000E+01  4.0616667E+02  4.7305512E-11  1.2075526E-13
   3.1500000E+01  4.0450000E+02  4.7350013E-11  8.1423437E-14
   3.1500000E+01  4.0283333E+02  4.7373815E-11  2.8650185E-14
   3.2500000E+01  4.2116667E+02  7.5616382E-06 -7.8022762E-09
   3.2500000E+01  4.1950000E+02  7.5598004E-06 -8.1590091E-09
   3.2500000E+01  4.1783333E+02  7.5579449E-06 -7.6150595E-09
   3.2500000E+01  4.1616667E+02  7.5564571E-06 -6.3882439E-09
   3.2500000E+01  4.1450000E+02  7.5555078E-06 -4.8254318E-09
   3.2500000E+01  4.1283333E+02  7.5550560E-06 -3.2437807E-09
   3.2500000E+01  4.1116667E+02  7.5549288E-06 -1.8260820E-09
   3.2500000E+01  4.0950000E+02  7.5549279E-06 -5.7933119E-10
   3.2500000E+01  4.0783333E+02  4.7243566E-11  1.0501690E-13
   3.2500000E+01  4.0616667E+02  4.7289938E-11  9.1958331E-14
   3.2500000E+01  4.0450000E+02  4.7325090E-11  6.2428323E-14
   3.2500000E+01  4.0283333E+02  4.7343961E-11  2.2041735E-14
   3.3500000E+01  4.2116667E+02  7.5612307E-06 -6.9171234E-09
   3.3500000E+01  4.1950000E+02  7.5598695E-06 -7.1247317E-09
   3.3500000E+01  4.1783333E+02  7.5584445E-06 -6.6810677E-09
   3.3500000E+01  4.1616667E+02  7.5572399E-06 -5.7068155E-09
   3.3500000E+01  4.1450000E+02  7.5563983E-06 -4.4322850E-09
   3.3500000E+01  4.1283333E+02  7.5559203E-06 -3.0790054E-09
   3.3500000E+01  4.1116667E+02  7.5557100E-06 -1.7884539E-09
   3.3500000E+01  4.0950000E+02  7.5556451E-06 -5.7745173E-10
   3.3500000E+01  4.0783333E+02  4.7242362E-11  7.8097393E-14
   3.3500000E+01  4.0616667E+02  4.7278613E-11  6.9303386E-14
   3.3500000E+01  4.0450000E+02  4.7306258E-11  4.7405296E-14
   3.3500000E+01  4.0283333E+02  4.7321153E-11  1.6805154E-14
   3.4500000E+01  4.2116667E+02  7.5609690E-06 -6.2716226E-09
   3.4500000E+01  4.1950000E+02  7.5599541E-06 -6.3445154E-09
   3.4500000E+01  4.1783333E+02  7.5588547E-06 -5.9467068E-09
   3.4500000E+01  4.1616667E+02  7.5578813E-06 -5.1343770E-09
   3.4500000E+01  4.1450000E+02  7.5571520E-06 -4.0621647E-09
   3.4500000E+01  4.1283333E+02  7.5566891E-06 -2.8845302E-09
   3.4500000E+01  4.1116667E+02  7.5564448E-06 -1.7102367E-09
   3.4500000E+01  4.0950000E+02  7.5563478E-06 -5.5851365E-10
   3.4500000E+01  4.0783333E+02  4.7242308E-11  5.7150522E-14
   3.4500000E+01  4.0616667E+02  4.7270552E-11  5.1552760E-14
   3.4500000E+01  4.0450000E+02  4.7292203E-11  3.5578591E-14
   3.4500000E+01  4.0283333E+02  4.7303911E-11  1.2670260E-14
   3.5500000E+01  4.2116667E+02  7.5608310E-06 -5.7955040E-09
   3.5500000E+01  4.1950000E+02  7.5600660E-06 -5.7526647E-09
   3.5500000E+01  4.1783333E+02  7.5592135E-06 -5.3674182E-09
   3.5500000E+01  4.1616667E+02  7.5584271E-06 -4.6578089E-09
   3.5500000E+01  4.1450000E+02  7.5578047E-06 -3.7277045E-09
   3.5500000E+01  4.1283333E+02  7.5573782E-06 -2.6852921E-09
   3.5500000E+01  4.1116667E+02  7.5571292E-06 -1.6135153E-09
   3.5500000E+01  4.0950000E+02  7.5570199E-06 -5.3146158E-10
   3.5500000E+01  4.0783333E+02  4.7243045E-11  4.0898331E-14
   3.5500000E+01  4.0616667E+02  4.7264979E-11  3.7697961E-14
   3.5500000E+01  4.0450000E+02  4.7281868E-11  2.6309688E-14
   3.5500000E+01  4.0283333E+02  4.7291035E-11  9.4141454E-15
   3.6500000E+01  4.2116667E+02  7.5607984E-06 -5.4362783E-09
   3.6500000E+01  4.1950000E+02  7.5602106E-06 -5.3001758E-09
   3.6500000E+01  4.1783333E+02  7.5595438E-06 -4.9083107E-09
   3.6500000E+01  4.1616667E+02  7.5589072E-06 -4.2631504E-09
   3.6500000E+01  4.1450000E+02  7.5583810E-06 -3.4331699E-09
   3.6500000E+01  4.1283333E+02  7.5579999E-06 -2.4952619E-09
   3.6500000E+01  4.1116667E+02  7.5577626E-06 -1.5117694E-09
   3.6500000E+01  4.0950000E+02  7.5576527E-06 -5.0170585E-10
   3.6500000E+01  4.0783333E+02  4.7244306E-11  2.8324292E-14
   3.6500000E+01  4.0616667E+02  4.7261285E-11  2.6923736E-14
   3.6500000E+01  4.0450000E+02  4.7274406E-11  1.9077891E-14
   3.6500000E+01  4.0283333E+02  4.7281555E-11  6.8566853E-15
   3.7500000E+01  4.2116667E+02  7.5608491E-06 -5.1567648E-09
   3.7500000E+01  4.1950000E+02  7.5603862E-06 -4.9492164E-09
   3.7500000E+01  4.1783333E+02  7.5598577E-06 -4.5421006E-09
   3.7500000E+01  4.1616667E+02  7.5593404E-06 -3.9370066E-09
   3.7500000E+01  4.1450000E+02  7.5588979E-06 -3.1781067E-09
   3.7500000E+01  4.1283333E+02  7.5585642E-06 -2.3214866E-09
   3.7500000E+01  4.1116667E+02  7.5583471E-06 -1.4129148E-09
   3.7500000E+01  4.0950000E+02  7.5582431E-06 -4.7221557E-10
   3.7500000E+01  4.0783333E+02  4.7245899E-11  1.8626503E-14
   3.7500000E+01  4.0616667E+02  4.7258996E-11  1.8576055E-14
   3.7500000E+01  4.0450000E+02  4.7269148E-11  1.3461533E-14
   3.7500000E+01  4.0283333E+02  4.7274696E-11  4.8548878E-15
   3.8500000E+01  4.2116667E+02  7.5609569E-06 -4.9344238E-09
   3.8500000E+01  4.1950000E+02  7.5605861E-06 -4.6713138E-09
   3.8500000E+01  4.1783333E+02  7.5601611E-06 -4.2478863E-09
   3.8500000E+01  4.1616667E+02  7.5597388E-06 -3.6674670E-09
   3.8500000E+01  4.1450000E+02  7.5593680E-06 -2.9596873E-09
   3.8500000E+01  4.1283333E+02  7.5590799E-06 -2.1668053E-09
   3.8500000E+01  4.1116667E+02  7.5588866E-06 -1.3213793E-09
   3.8500000E+01  4.0950000E+02  7.5587917E-06 -4.4438805E-10
   3.8500000E+01  4.0783333E+02  4.7247694E-11  1.1177247E-14
   3.8500000E+01  4.0616667E+02  4.7257749E-11  1.2134323E-14
   3.8500000E+01  4.0450000E+02  4.7265568E-11  9.1208019E-15
   3.8500000E+01  4.0283333E+02  4.7269851E-11  3.2965135E-15
   3.9500000E+01  4.2116667E+02  7.5610981E-06 -4.7581501E-09
   3.9500000E+01  4.1950000E+02  7.5608016E-06 -4.4471802E-09
   3.9500000E+01  4.1783333E+02  7.5604569E-06 -4.0101535E-09
   3.9500000E+01  4.1616667E+02  7.5601114E-06 -3.4445636E-09
   3.9500000E+01  4.1450000E+02  7.5598014E-06 -2.7741223E-09
   3.9500000E+01  4.1283333E+02  7.5595550E-06 -2.0316241E-09
   3.9500000E+01  4.1116667E+02  7.5593864E-06 -1.2394352E-09
   3.9500000E+01  4.0950000E+02  7.5593020E-06 -4.1872794E-10
   3.9500000E+01  4.0783333E+02  4.7249606E-11  5.4881648E-15
   3.9500000E+01  4.0616667E+02  4.7257277E-11  7.1874016E-15
   3.9500000E+01  4.0450000E+02  4.7263267E-11  5.7829552E-15
   3.9500000E+01  4.0283333E+02  4.7266551E-11  2.0936474E-15
   4.0500000E+01  4.2116667E+02  7.5612595E-06 -4.6222288E-09
   4.0500000E+01  4.1950000E+02  7.5610270E-06 -4.2657188E-09
   4.0500000E+01  4.1783333E+02  7.5607483E-06 -3.8175194E-09
   4.0500000E+01  4.1616667E+02  7.5604655E-06 -3.2602439E-09
   4.0500000E+01  4.1450000E+02  7.5602071E-06 -2.6174110E-09
   4.0500000E+01  4.1283333E+02  7.5599980E-06 -1.9150164E-09
   4.0500000E+01  4.1116667E+02  7.5598531E-06 -1.1679798E-09
   4.0500000E+01  4.0950000E+02  7.5597795E-06 -3.9533855E-10
   4.0500000E+01  4.0783333E+02  4.7251589E-11  1.1803851E-15
   4.0500000E+01  4.0616667E+02  4.7257388E-11  3.4128872E-15
   4.0500000E+01  4.0450000E+02  4.7261944E-11  3.2302388E-15
   4.0500000E+01  4.0283333E+02  4.7264442E-11  1.1768891E-15
   4.1500000E+01  4.2116667E+02  7.5614418E-06 -4.5202914E-09
   4.1500000E+01  4.1950000E+02  7.5612629E-06 -4.1208717E-09
   4.1500000E+01  4.1783333E+02  7.5610399E-06 -3.6612865E-09
   4.1500000E+01  4.1616667E+02  7.5608085E-06 -3.1079789E-09
   4.1500000E+01  4.1450000E+02  7.5605936E-06 -2.4856541E-09
   4.1500000E+01  4.1283333E+02  7.5604170E-06 -1.8153640E-09
   4.1500000E+01  4.1116667E+02  7.5602940E-06 -1.1069507E-09
   4.1500000E+01  4.0950000E+02  7.5602308E-06 -3.7422708E-10
   4.1500000E+01  4.0783333E+02  4.7253623E-11 -2.0406675E-15
   4.1500000E+01  4.0616667E+02  4.7257949E-11  5.5920966E-16
   4.1500000E+01  4.0450000E+02  4.7261382E-11  1.2902492E-15
   4.1500000E+01  4.0283333E+02  4.7263262E-11  4.9055629E-16
   4.2500000E+01  4.2116667E+02  7.5616540E-06 -4.4424938E-09
   4.2500000E+01  4.1950000E+02  7.5615144E-06 -4.0075980E-09
   4.2500000E+01  4.1783333E+02  7.5613370E-06 -3.5342481E-09
   4.2500000E+01  4.1616667E+02  7.5611470E-06 -2.9822271E-09
   4.2500000E+01  4.1450000E+02  7.5609682E-06 -2.3751419E-09
   4.2500000E+01  4.1283333E+02  7.5608195E-06 -1.7307160E-09
   4.2500000E+01  4.1116667E+02  7.5607158E-06 -1.0555548E-09
   4.2500000E+01  4.0950000E+02  7.5606620E-06 -3.5544135E-10
   4.2500000E+01  4.0783333E+02  4.7255703E-11 -4.4058389E-15
   4.2500000E+01  4.0616667E+02  4.7258867E-11 -1.5696503E-15
   4.2500000E+01  4.0450000E+02  4.7261419E-11 -1.7193370E-16
   4.2500000E+01  4.0283333E+02  4.7262813E-11 -1.1000539E-17
   4.3500000E+01  4.2116667E+02  7.5619026E-06 -4.3775559E-09
   4.3500000E+01  4.1950000E+02  7.5617868E-06 -3.9192612E-09
   4.3500000E+01  4.1783333E+02  7.5616435E-06 -3.4301195E-09
   4.3500000E+01  4.1616667E+02  7.5614862E-06 -2.8780462E-09
   4.3500000E+01  4.1450000E+02  7.5613368E-06 -2.2823868E-09
   4.3500000E+01  4.1283333E+02  7.5612114E-06 -1.6589913E-09
   4.3500000E+01  4.1116667E+02  7.5611237E-06 -1.0124523E-09
   4.3500000E+01  4.0950000E+02  7.5610784E-06 -3.3907647E-10
   4.3500000E+01  4.0783333E+02  4.7257825E-11 -6.0981877E-15
   4.3500000E+01  4.0616667E+02  4.7260076E-11 -3.1269014E-15
   4.3500000E+01  4.0450000E+02  4.7261934E-11 -1.2605550E-15
   4.3500000E+01  4.0283333E+02  4.7262947E-11 -3.6602894E-16
   4.4500000E+01  4.2116667E+02  7.5621836E-06 -4.3176193E-09
   4.4500000E+01  4.1950000E+02  7.5620805E-06 -3.8477904E-09
   4.4500000E+01  4.1783333E+02  7.5619605E-06 -3.3435956E-09
   4.4500000E+01  4.1616667E+02  7.5618285E-06 -2.7910118E-09
   4.4500000E+01  4.1450000E+02  7.5617025E-06 -2.2041732E-09
   4.4500000E+01  4.1283333E+02  7.5615960E-06 -1.5980980E-09
   4.4500000E+01  4.1116667E+02  7.5615214E-06 -9.7597246E-10
   4.4500000E+01  4.0950000E+02  7.5614828E-06 -3.2519785E-10
   4.4500000E+01  4.0783333E+02  4.7259982E-11 -7.2645526E-15
   4.4500000E+01  4.0616667E+02  4.7261518E-11 -4.2332189E-15
   4.4500000E+01  4.0450000E+02  4.7262829E-11 -2.0553536E-15
   4.4500000E+01  4.0283333E+02  4.7263543E-11 -6.0706008E-16
   4.5500000E+01  4.2116667E+02  7.5624837E-06 -4.2615192E-09
   4.5500000E+01  4.1950000E+02  7.5623905E-06 -3.7860793E-09
   4.5500000E+01  4.1783333E+02  7.5622861E-06 -3.2706028E-09
   4.5500000E+01  4.1616667E+02  7.5621736E-06 -2.7173514E-09
   4.5500000E+01  4.1450000E+02  7.5620659E-06 -2.1376084E-09
   4.5500000E+01  4.1283333E+02  7.5619746E-06 -1.5460087E-09
   4.5500000E+01  4.1116667E+02  7.5619098E-06 -9.4436635E-10
   4.5500000E+01  4.0950000E+02  7.5618765E-06 -3.1373067E-10
   4.5500000E+01  4.0783333E+02  4.7262159E-11 -8.0233365E-15
   4.5500000E+01  4.0616667E+02  4.7263140E-11 -4.9846297E-15
   4.5500000E+01  4.0450000E+02  4.7264018E-11 -2.6171417E-15
   4.5500000E+01  4.0283333E+02  4.7264498E-11 -7.6179396E-16
   4.6500000E+01  4.2116667E+02  7.5627889E-06 -4.2133313E-09
   4.6500000E+01  4.1950000E+02  7.5627089E-06 -3.7303603E-09
   4.6500000E+01  4.1783333E+02  7.5626166E-06 -3.2082675E-09
   4.6500000E+01  4.1616667E+02  7.5625196E-06 -2.6540274E-09
   4.6500000E+01  4.1450000E+02  7.5624260E-06 -2.0801207E-09
   4.6500000E+01  4.1283333E+02  7.5623462E-06 -1.5007981E-09
   4.6500000E+01  4.1116667E+02  7.5622884E-06 -9.1604950E-10
   4.6500000E+01  4.0950000E+02  7.5622589E-06 -3.0436750E-10
   4.6500000E+01  4.0783333E+02  4.7264333E-11 -8.4693481E-15
   4.6500000E+01  4.0616667E+02  4.7264885E-11 -5.4581200E-15
   4.6500000E+01  4.0450000E+02  4.7265422E-11 -2.9925671E-15
   4.6500000E+01  4.0283333E+02  4.7265720E-11 -8.5337929E-16
   4.7500000E+01  4.2116667E+02  7.5630931E-06 -4.1771184E-09
   4.7500000E+01  4.1950000E+02  7.5630296E-06 -3.6805162E-09
   4.7500000E+01  4.1783333E+02  7.5629491E-06 -3.1544086E-09
   4.7500000E+01  4.1616667E+02  7.5628639E-06 -2.5985606E-09
   4.7500000E+01  4.1450000E+02  7.5627805E-06 -2.0293945E-09
   4.7500000E+01  4.1283333E+02  7.5627089E-06 -1.4606475E-09
   4.7500000E+01  4.1116667E+02  7.5626559E-06 -8.8977269E-10
   4.7500000E+01  4.0950000E+02  7.5626286E-06 -2.9653975E-10
   4.7500000E+01  4.0783333E+02  4.7266478E-11 -8.6766299E-15
   4.7500000E+01  4.0616667E+02  4.7266700E-11 -5.7151413E-15
   4.7500000E+01  4.0450000E+02  4.7266967E-11 -3.2177412E-15
   4.7500000E+01  4.0283333E+02  4.7267122E-11 -9.0035685E-16
   4.8500000E+01  4.2116667E+02  7.5634005E-06 -4.1523929E-09
   4.8500000E+01  4.1950000E+02  7.5633516E-06 -3.6378446E-09
   4.8500000E+01  4.1783333E+02  7.5632817E-06 -3.1068126E-09
   4.8500000E+01  4.1616667E+02  7.5632044E-06 -2.5486701E-09
   4.8500000E+01  4.1450000E+02  7.5631278E-06 -1.9832777E-09
   4.8500000E+01  4.1283333E+02  7.5630612E-06 -1.4238321E-09
   4.8500000E+01  4.1116667E+02  7.5630110E-06 -8.6467569E-10
   4.8500000E+01  4.0950000E+02  7.5629847E-06 -2.8947837E-10
   4.8500000E+01  4.0783333E+02  4.7268571E-11 -8.7001282E-15
   4.8500000E+01  4.0616667E+02  4.7268535E-11 -5.8033305E-15
   4.8500000E+01  4.0450000E+02  4.7268586E-11 -3.3205419E-15
   4.8500000E+01  4.0283333E+02  4.7268629E-11 -9.1654000E-16
   4.9500000E+01  4.2116667E+02  7.5637200E-06 -4.1337896E-09
   4.9500000E+01  4.1950000E+02  7.5636780E-06 -3.6019371E-09
   4.9500000E+01  4.1783333E+02  7.5636147E-06 -3.0628222E-09
   4.9500000E+01  4.1616667E+02  7.5635409E-06 -2.5019809E-09
   4.9500000E+01  4.1450000E+02  7.5634671E-06 -1.9397140E-09
   4.9500000E+01  4.1283333E+02  7.5634026E-06 -1.3887111E-09
   4.9500000E+01  4.1116667E+02  7.5633535E-06 -8.4021420E-10
   4.9500000E+01  4.0950000E+02  7.5633271E-06 -2.8235441E-10
   4.9500000E+01  4.0783333E+02  4.7270598E-11 -8.5768598E-15
   4.9500000E+01  4.0616667E+02  4.7270351E-11 -5.7569492E-15
   4.9500000E+01  4.0450000E+02  4.7270224E-11 -3.3216416E-15
   4.9500000E+01  4.0283333E+02  4.7270174E-11 -9.1102229E-16
   5.0500000E+01  4.2116667E+02  7.5640565E-06 -4.1146618E-09
   5.0500000E+01  4.1950000E+02  7.5640123E-06 -3.5693660E-09
   5.0500000E+01  4.1783333E+02  7.5639490E-06 -3.0194881E-09
   5.0500000E+01  4.1616667E+02  7.5638740E-06 -2.4559783E-09
   5.0500000E+01  4.1450000E+02  7.5637994E-06 -1.8967300E-09
   5.0500000E+01  4.1283333E+02  7.5637341E-06 -1.3537335E-09
   5.0500000E+01  4.1116667E+02  7.5636845E-06 -8.1598370E-10
   5.0500000E+01  4.0950000E+02  7.5636573E-06 -2.7445339E-10
   5.0500000E+01  4.0783333E+02  4.7272555E-11 -8.3269898E-15
   5.0500000E+01  4.0616667E+02  4.7272119E-11 -5.5967009E-15
   5.0500000E+01  4.0450000E+02  4.7271834E-11 -3.2345969E-15
   5.0500000E+01  4.0283333E+02  4.7271701E-11 -8.8839119E-16
   5.1500000E+01  4.2116667E+02  7.5644075E-06 -4.0912649E-09
   5.1500000E+01  4.1950000E+02  7.5643556E-06 -3.5351128E-09
   5.1500000E+01  4.1783333E+02  7.5642860E-06 -2.9740539E-09
   5.1500000E+01  4.1616667E+02  7.5642057E-06 -2.4081995E-09
   5.1500000E+01  4.1450000E+02  7.5641268E-06 -1.8524448E-09
   5.1500000E+01  4.1283333E+02  7.5640579E-06 -1.3174374E-09
   5.1500000E+01  4.1116667E+02  7.5640062E-06 -7.9149258E-10
   5.1500000E+01  4.0950000E+02  7.5639773E-06 -2.6531724E-10
   5.1500000E+01  4.0783333E+02  4.7274446E-11 -7.9550065E-15
   5.1500000E+01  4.0616667E+02  4.7273817E-11 -5.3296267E-15
   5.1500000E+01  4.0450000E+02  4.7273376E-11 -3.0655420E-15
   5.1500000E+01  4.0283333E+02  4.7273161E-11 -8.4911518E-16
   5.2500000E+01  4.2116667E+02  7.5647673E-06 -4.0637513E-09
   5.2500000E+01  4.1950000E+02  7.5647069E-06 -3.4952854E-09
   5.2500000E+01  4.1783333E+02  7.5646272E-06 -2.9242788E-09
   5.2500000E+01  4.1616667E+02  7.5645382E-06 -2.3564352E-09
   5.2500000E+01  4.1450000E+02  7.5644518E-06 -1.8050323E-09
   5.2500000E+01  4.1283333E+02  7.5643767E-06 -1.2784091E-09
   5.2500000E+01  4.1116667E+02  7.5643208E-06 -7.6595217E-10
   5.2500000E+01  4.0950000E+02  7.5642895E-06 -2.5479272E-10
   5.2500000E+01  4.0783333E+02  4.7276273E-11 -7.4510323E-15
   5.2500000E+01  4.0616667E+02  4.7275428E-11 -4.9496425E-15
   5.2500000E+01  4.0450000E+02  4.7274815E-11 -2.8130800E-15
   5.2500000E+01  4.0283333E+02  4.7274511E-11 -7.9003146E-16
   5.3500000E+01  4.2116667E+02  7.5651335E-06 -4.0335087E-09
   5.3500000E+01  4.1950000E+02  7.5650657E-06 -3.4486076E-09
   5.3500000E+01  4.1783333E+02  7.5649743E-06 -2.8682689E-09
   5.3500000E+01  4.1616667E+02  7.5648736E-06 -2.2986993E-09
   5.3500000E+01  4.1450000E+02  7.5647764E-06 -1.7525993E-09
   5.3500000E+01  4.1283333E+02  7.5646921E-06 -1.2351805E-09
   5.3500000E+01  4.1116667E+02  7.5646296E-06 -7.3815169E-10
   5.3500000E+01  4.0950000E+02  7.5645948E-06 -2.4295785E-10
   5.3500000E+01  4.0783333E+02  4.7278033E-11 -6.7922551E-15
   5.3500000E+01  4.0616667E+02  4.7276929E-11 -4.4390024E-15
   5.3500000E+01  4.0450000E+02  4.7276117E-11 -2.4688131E-15
   5.3500000E+01  4.0283333E+02  4.7275706E-11 -7.0489670E-16
   5.4500000E+01  4.2116667E+02  7.5655107E-06 -3.9998918E-09
   5.4500000E+01  4.1950000E+02  7.5654336E-06 -3.3952366E-09
   5.4500000E+01  4.1783333E+02  7.5653289E-06 -2.8040006E-09
   5.4500000E+01  4.1616667E+02  7.5652128E-06 -2.2329210E-09
   5.4500000E+01  4.1450000E+02  7.5651011E-06 -1.6930013E-09
   5.4500000E+01  4.1283333E+02  7.5650042E-06 -1.1860841E-09
   5.4500000E+01  4.1116667E+02  7.5649321E-06 -7.0646362E-10
   5.4500000E+01  4.0950000E+02  7.5648923E-06 -2.2994476E-10
   5.4500000E+01  4.0783333E+02  4.7279713E-11 -5.9444895E-15
   5.4500000E+01  4.0616667E+02  4.7278290E-11 -3.7705876E-15
   5.4500000E+01  4.0450000E+02  4.7277238E-11 -2.0186163E-15
   5.4500000E+01  4.0283333E+02  4.7276699E-11 -5.8502154E-16
   5.5500000E+01  4.2116667E+02  7.5659053E-06 -3.9596169E-09
   5.5500000E+01  4.1950000E+02  7.5658136E-06 -3.3342084E-09
   5.5500000E+01  4.1783333E+02  7.5656915E-06 -2.7289621E-09
   5.5500000E+01  4.1616667E+02  7.5655552E-06 -2.1565267E-09
   5.5500000E+01  4.1450000E+02  7.5654241E-06 -1.6236743E-09
   5.5500000E+01  4.1283333E+02  7.5653104E-06 -1.1291168E-09
   5.5500000E+01  4.1116667E+02  7.5652252E-06 -6.6897540E-10
   5.5500000E+01  4.0950000E+02  7.5651787E-06 -2.1571949E-10
   5.5500000E+01  4.0783333E+02  4.7281282E-11 -4.8638840E-15
   5.5500000E+01  4.0616667E+02  4.7279470E-11 -2.9105651E-15
   5.5500000E+01  4.0450000E+02  4.7278132E-11 -1.4443393E-15
   5.5500000E+01  4.0283333E+02  4.7277439E-11 -4.2004884E-16
   5.6500000E+01  4.2116667E+02  7.5663189E-06 -3.9093934E-09
   5.6500000E+01  4.1950000E+02  7.5662067E-06 -3.2620700E-09
   5.6500000E+01  4.1783333E+02  7.5660605E-06 -2.6400910E-09
   5.6500000E+01  4.1616667E+02  7.5658981E-06 -2.0661874E-09
   5.6500000E+01  4.1450000E+02  7.5657417E-06 -1.5415391E-09
   5.6500000E+01  4.1283333E+02  7.5656064E-06 -1.0618445E-09
   5.6500000E+01  4.1116667E+02  7.5655040E-06 -6.2368437E-10
   5.6500000E+01  4.0950000E+02  7.5654487E-06 -1.9990077E-10
   5.6500000E+01  4.0783333E+02  4.7282699E-11 -3.4986968E-15
   5.6500000E+01  4.0616667E+02  4.7280419E-11 -1.8207167E-15
   5.6500000E+01  4.0450000E+02  4.7278743E-11 -7.2529128E-16
   5.6500000E+01  4.0283333E+02  4.7277869E-11 -1.9888775E-16
   5.7500000E+01  4.2116667E+02  7.5667472E-06 -3.8486309E-09
   5.7500000E+01  4.1950000E+02  7.5666111E-06 -3.1738176E-09
   5.7500000E+01  4.1783333E+02  7.5664332E-06 -2.5338393E-09
   5.7500000E+01  4.1616667E+02  7.5662379E-06 -1.9578458E-09
   5.7500000E+01  4.1450000E+02  7.5660494E-06 -1.4429534E-09
   5.7500000E+01  4.1283333E+02  7.5658863E-06 -9.8134395E-10
   5.7500000E+01  4.1116667E+02  7.5657627E-06 -5.6865091E-10
   5.7500000E+01  4.0950000E+02  7.5656960E-06 -1.8168522E-10
   5.7500000E+01  4.0783333E+02  4.7283919E-11 -1.7908495E-15
   5.7500000E+01  4.0616667E+02  4.7281084E-11 -4.5971240E-16
   5.7500000E+01  4.0450000E+02  4.7279015E-11  1.6122211E-16
   5.7500000E+01  4.0283333E+02  4.7277931E-11  8.9321837E-17
   5.8500000E+01  4.2116667E+02  7.5671860E-06 -3.7784392E-09
   5.8500000E+01  4.1950000E+02  7.5670238E-06 -3.0649997E-09
   5.8500000E+01  4.1783333E+02  7.5668073E-06 -2.4060405E-09
   5.8500000E+01  4.1616667E+02  7.5665712E-06 -1.8268263E-09
   5.8500000E+01  4.1450000E+02  7.5663425E-06 -1.3236341E-09
   5.8500000E+01  4.1283333E+02  7.5661447E-06 -8.8414388E-10
   5.8500000E+01  4.1116667E+02  7.5659952E-06 -5.0200549E-10
   5.8500000E+01  4.0950000E+02  7.5659146E-06 -1.5990204E-10
   5.8500000E+01  4.0783333E+02  4.7284897E-11  3.2328863E-16
   5.8500000E+01  4.0616667E+02  4.7281413E-11  1.2172146E-15
   5.8500000E+01  4.0450000E+02  4.7278888E-11  1.2407950E-15
   5.8500000E+01  4.0283333E+02  4.7277564E-11  4.5449935E-16
   5.9500000E+01  4.2116667E+02  7.5676391E-06 -3.6972298E-09
   5.9500000E+01  4.1950000E+02  7.5674453E-06 -2.9325723E-09
   5.9500000E+01  4.1783333E+02  7.5671834E-06 -2.2514732E-09
   5.9500000E+01  4.1616667E+02  7.5668967E-06 -1.6677451E-09
   5.9500000E+01  4.1450000E+02  7.5666184E-06 -1.1784913E-09
   5.9500000E+01  4.1283333E+02  7.5663776E-06 -7.6612321E-10
   5.9500000E+01  4.1116667E+02  7.5661966E-06 -4.2175690E-10
   5.9500000E+01  4.0950000E+02  7.5660990E-06 -1.3316542E-10
   5.9500000E+01  4.0783333E+02  4.7285592E-11  2.9135898E-15
   5.9500000E+01  4.0616667E+02  4.7281354E-11  3.2603773E-15
   5.9500000E+01  4.0450000E+02  4.7278301E-11  2.5442247E-15
   5.9500000E+01  4.0283333E+02  4.7276701E-11  9.0554186E-16
   6.0500000E+01  4.2116667E+02  7.5681201E-06 -3.5973709E-09
   6.0500000E+01  4.1950000E+02  7.5678820E-06 -2.7732590E-09
   6.0500000E+01  4.1783333E+02  7.5675650E-06 -2.0634148E-09
   6.0500000E+01  4.1616667E+02  7.5672155E-06 -1.4741295E-09
   6.0500000E+01  4.1450000E+02  7.5668760E-06 -1.0013819E-09
   6.0500000E+01  4.1283333E+02  7.5665820E-06 -6.2234776E-10
   6.0500000E+01  4.1116667E+02  7.5663627E-06 -3.2543150E-10
   6.0500000E+01  4.0950000E+02  7.5662446E-06 -1.0004860E-10
   6.0500000E+01  4.0783333E+02  4.7285968E-11  6.0589451E-15
   6.0500000E+01  4.0616667E+02  4.7280850E-11  5.7292887E-15
   6.0500000E+01  4.0450000E+02  4.7277177E-11  4.1106022E-15
   6.0500000E+01  4.0283333E+02  4.7275257E-11  1.4511868E-15
   6.1500000E+01  4.2116667E+02  7.5686442E-06 -3.4670257E-09
   6.1500000E+01  4.1950000E+02  7.5683444E-06 -2.5808822E-09
   6.1500000E+01  4.1783333E+02  7.5679577E-06 -1.8335361E-09
   6.1500000E+01  4.1616667E+02  7.5675304E-06 -1.2379377E-09
   6.1500000E+01  4.1450000E+02  7.5671154E-06 -7.8483487E-10
   6.1500000E+01  4.1283333E+02  7.5667560E-06 -4.4684842E-10
   6.1500000E+01  4.1116667E+02  7.5664897E-06 -2.0964538E-10
   6.1500000E+01  4.0950000E+02  7.5663467E-06 -5.9190029E-11
   6.1500000E+01  4.0783333E+02  4.7285980E-11  9.8523318E-15
   6.1500000E+01  4.0616667E+02  4.7279830E-11  8.6972295E-15
   6.1500000E+01  4.0450000E+02  4.7275423E-11  5.9902286E-15
   6.1500000E+01  4.0283333E+02  4.7273126E-11  2.1018736E-15
   6.2500000E+01  4.2116667E+02  7.5692197E-06 -3.2962397E-09
   6.2500000E+01  4.1950000E+02  7.5688422E-06 -2.3452998E-09
   6.2500000E+01  4.1783333E+02  7.5683672E-06 -1.5521342E-09
   6.2500000E+01  4.1616667E+02  7.5678444E-06 -9.4924362E-10
   6.2500000E+01  4.1450000E+02  7.5673364E-06 -5.1975600E-10
   6.2500000E+01  4.1283333E+02  7.5668966E-06 -2.3234464E-10
   6.2500000E+01  4.1116667E+02  7.5665721E-06 -6.9735254E-11
   6.2500000E+01  4.0950000E+02  7.5663987E-06 -9.2618117E-12
   6.2500000E+01  4.0783333E+02  4.7285567E-11  1.4407700E-14
   6.2500000E+01  4.0616667E+02  4.7278194E-11  1.2255871E-14
   6.2500000E+01  4.0450000E+02  4.7272909E-11  8.2464472E-15
   6.2500000E+01  4.0283333E+02  4.7270162E-11  2.8723035E-15
   6.3500000E+01  4.2116667E+02  7.5698476E-06 -3.0811383E-09
   6.3500000E+01  4.1950000E+02  7.5693812E-06 -2.0540835E-09
   6.3500000E+01  4.1783333E+02  7.5687977E-06 -1.2082467E-09
   6.3500000E+01  4.1616667E+02  7.5681588E-06 -5.9607803E-10
   6.3500000E+01  4.1450000E+02  7.5675369E-06 -1.9505665E-10
   6.3500000E+01  4.1283333E+02  7.5669982E-06  3.0094602E-11
   6.3500000E+01  4.1116667E+02  7.5666016E-06  1.0046593E-10
   6.3500000E+01  4.0950000E+02  7.5663906E-06  5.1220823E-11
   6.3500000E+01  4.0783333E+02  4.7284637E-11  1.9867504E-14
   6.3500000E+01  4.0616667E+02  4.7275805E-11  1.6519091E-14
   6.3500000E+01  4.0450000E+02  4.7269468E-11  1.0955990E-14
   6.3500000E+01  4.0283333E+02  4.7266180E-11  3.7840751E-15
   6.4500000E+01  4.2116667E+02  7.5705308E-06 -2.8211655E-09
   6.4500000E+01  4.1950000E+02  7.5699657E-06 -1.6951832E-09
   6.4500000E+01  4.1783333E+02  7.5692525E-06 -7.8907134E-10
   6.4500000E+01  4.1616667E+02  7.5684728E-06 -1.6411586E-10
   6.4500000E+01  4.1450000E+02  7.5677116E-06  2.0285102E-10
   6.4500000E+01  4.1283333E+02  7.5670514E-06  3.5146799E-10
   6.4500000E+01  4.1116667E+02  7.5665654E-06  3.0870713E-10
   6.4500000E+01  4.0950000E+02  7.5663077E-06  1.2421145E-10
   6.4500000E+01  4.0783333E+02  4.7283064E-11  2.6409313E-14
   6.4500000E+01  4.0616667E+02  4.7272483E-11  2.1625379E-14
   6.4500000E+01  4.0450000E+02  4.7264889E-11  1.4208167E-14
   6.4500000E+01  4.0283333E+02  4.7260951E-11  4.8676114E-15
   6.5500000E+01  4.2116667E+02  7.5712839E-06 -2.5113211E-09
   6.5500000E+01  4.1950000E+02  7.5706026E-06 -1.2572148E-09
   6.5500000E+01  4.1783333E+02  7.5697352E-06 -2.7862781E-10
   6.5500000E+01  4.1616667E+02  7.5687838E-06  3.6405785E-10
   6.5500000E+01  4.1450000E+02  7.5678517E-06  6.9068404E-10
   6.5500000E+01  4.1283333E+02  7.5670423E-06  7.4534231E-10
   6.5500000E+01  4.1116667E+02  7.5664459E-06  5.6433476E-10
   6.5500000E+01  4.0950000E+02  7.5661304E-06  2.1247931E-10
   6.5500000E+01  4.0783333E+02  4.7280686E-11  3.4250130E-14
   6.5500000E+01  4.0616667E+02  4.7268011E-11  2.7738716E-14
   6.5500000E+01  4.0450000E+02  4.7258923E-11  1.8103805E-14
   6.5500000E+01  4.0283333E+02  4.7254210E-11  6.1627110E-15
   6.6500000E+01  4.2116667E+02  7.5721336E-06 -2.1366912E-09
   6.6500000E+01  4.1950000E+02  7.5713052E-06 -7.2602751E-10
   6.6500000E+01  4.1783333E+02  7.5702501E-06  3.4369013E-10
   6.6500000E+01  4.1616667E+02  7.5690877E-06  1.0100365E-09
   6.6500000E+01  4.1450000E+02  7.5679460E-06  1.2889770E-09
   6.6500000E+01  4.1283333E+02  7.5669531E-06  1.2284165E-09
   6.6500000E+01  4.1116667E+02  7.5662210E-06  8.7838425E-10
   6.6500000E+01  4.0950000E+02  7.5658341E-06  3.1988891E-10
   6.6500000E+01  4.0783333E+02  4.7277310E-11  4.3647913E-14
   6.6500000E+01  4.0616667E+02  4.7262139E-11  3.5048455E-14
   6.6500000E+01  4.0450000E+02  4.7251292E-11  2.2754930E-14
   6.6500000E+01  4.0283333E+02  4.7245662E-11  7.7174131E-15
   6.7500000E+01  4.2116667E+02  7.5731091E-06 -1.6745240E-09
   6.7500000E+01  4.1950000E+02  7.5720910E-06 -8.0272216E-11
   6.7500000E+01  4.1783333E+02  7.5708027E-06  1.1039344E-09
   6.7500000E+01  4.1616667E+02  7.5693803E-06  1.8006859E-09
   6.7500000E+01  4.1450000E+02  7.5679812E-06  2.0227965E-09
   6.7500000E+01  4.1283333E+02  7.5667632E-06  1.8211401E-09
   6.7500000E+01  4.1116667E+02  7.5658649E-06  1.2638925E-09
   6.7500000E+01  4.0950000E+02  7.5653899E-06  4.5153931E-10
   6.7500000E+01  4.0783333E+02  4.7272714E-11  5.4900995E-14
   6.7500000E+01  4.0616667E+02  4.7254595E-11  4.3769184E-14
   6.7500000E+01  4.0450000E+02  4.7241689E-11  2.8285837E-14
   6.7500000E+01  4.0283333E+02  4.7234987E-11  9.5853788E-15
   6.8500000E+01  4.2116667E+02  7.5742315E-06 -1.1014154E-09
   6.8500000E+01  4.1950000E+02  7.5729776E-06  7.0984932E-10
   6.8500000E+01  4.1783333E+02  7.5713993E-06  2.0337694E-09
   6.8500000E+01  4.1616667E+02  7.5696581E-06  2.7689749E-09
   6.8500000E+01  4.1450000E+02  7.5679437E-06  2.9225815E-09
   6.8500000E+01  4.1283333E+02  7.5664499E-06  2.5484488E-09
   6.8500000E+01  4.1116667E+02  7.5653483E-06  1.7365385E-09
   6.8500000E+01  4.0950000E+02  7.5647652E-06  6.1375905E-10
   6.8500000E+01  4.0783333E+02  4.7266655E-11  6.8347157E-14
   6.8500000E+01  4.0616667E+02  4.7245077E-11  5.4141637E-14
   6.8500000E+01  4.0450000E+02  4.7229779E-11  3.4835478E-14
   6.8500000E+01  4.0283333E+02  4.7221836E-11  1.1822548E-14
   6.9500000E+01  4.2116667E+02  7.5755180E-06 -3.9759522E-10
   6.9500000E+01  4.1950000E+02  7.5739826E-06  1.6796189E-09
   6.9500000E+01  4.1783333E+02  7.5720496E-06  3.1707925E-09
   6.9500000E+01  4.1616667E+02  7.5699195E-06  3.9547269E-09
   6.9500000E+01  4.1450000E+02  7.5678197E-06  4.0253293E-09
   6.9500000E+01  4.1283333E+02  7.5659884E-06  3.4407703E-09
   6.9500000E+01  4.1116667E+02  7.5646377E-06  2.3156503E-09
   6.9500000E+01  4.0950000E+02  7.5639218E-06  8.1404798E-10
   6.9500000E+01  4.0783333E+02  4.7258856E-11  8.4364325E-14
   6.9500000E+01  4.0616667E+02  4.7233250E-11  6.6435148E-14
   6.9500000E+01  4.0450000E+02  4.7215184E-11  4.2560452E-14
   6.9500000E+01  4.0283333E+02  4.7205816E-11  1.4484264E-14
   7.0500000E+01  4.2116667E+02  7.5769958E-06  4.5674577E-10
   7.0500000E+01  4.1950000E+02  7.5751292E-06  2.8664061E-09
   7.0500000E+01  4.1783333E+02  7.5727691E-06  4.5598778E-09
   7.0500000E+01  4.1616667E+02  7.5701656E-06  5.4058628E-09
   7.0500000E+01  4.1450000E+02  7.5675951E-06  5.3763292E-09
   7.0500000E+01  4.1283333E+02  7.5653502E-06  4.5354804E-09
   7.0500000E+01  4.1116667E+02  7.5636933E-06  3.0255376E-09
   7.0500000E+01  4.0950000E+02  7.5628142E-06  1.0611379E-09
   7.0500000E+01  4.0783333E+02  4.7248987E-11  1.0337419E-13
   7.0500000E+01  4.0616667E+02  4.7218717E-11  8.0951089E-14
   7.0500000E+01  4.0450000E+02  4.7197461E-11  5.1637553E-14
   7.0500000E+01  4.0283333E+02  4.7186468E-11  1.7624097E-14
   7.1500000E+01  4.2116667E+02  7.5787162E-06  1.4897093E-09
   7.1500000E+01  4.1950000E+02  7.5764537E-06  4.3108827E-09
   7.1500000E+01  4.1783333E+02  7.5735802E-06  6.2555706E-09
   7.1500000E+01  4.1616667E+02  7.5703996E-06  7.1806280E-09
   7.1500000E+01  4.1450000E+02  7.5672535E-06  7.0315114E-09
   7.1500000E+01  4.1283333E+02  7.5645007E-06  5.8789116E-09
   7.1500000E+01  4.1116667E+02  7.5624660E-06  3.8970679E-09
   7.1500000E+01  4.0950000E+02  7.5613855E-06  1.3653634E-09
   7.1500000E+01  4.0783333E+02  4.7236635E-11  1.2584858E-13
   7.1500000E+01  4.0616667E+02  4.7200990E-11  9.8025651E-14
   7.1500000E+01  4.0450000E+02  4.7176077E-11  6.2264635E-14
   7.1500000E+01  4.0283333E+02  4.7163240E-11  2.1295019E-14
   7.2500000E+01  4.2116667E+02  7.5807531E-06  2.7425367E-09
   7.2500000E+01  4.1950000E+02  7.5780068E-06  6.0633591E-09
   7.2500000E+01  4.1783333E+02  7.5745108E-06  8.3247856E-09
   7.2500000E+01  4.1616667E+02  7.5706257E-06  9.3508064E-09
   7.2500000E+01  4.1450000E+02  7.5667735E-06  9.0603343E-09
   7.2500000E+01  4.1283333E+02  7.5633949E-06  7.5289140E-09
   7.2500000E+01  4.1116667E+02  7.5608924E-06  4.9694205E-09
   7.2500000E+01  4.0950000E+02  7.5595621E-06  1.7394582E-09
   7.2500000E+01  4.0783333E+02  4.7221277E-11  1.5231702E-13
   7.2500000E+01  4.0616667E+02  4.7179467E-11  1.1802984E-13
   7.2500000E+01  4.0450000E+02  4.7150384E-11  7.4658443E-14
   7.2500000E+01  4.0283333E+02  4.7135469E-11  2.5552362E-14
   7.3500000E+01  4.2116667E+02  7.5831882E-06  4.2668374E-09
   7.3500000E+01  4.1950000E+02  7.5798493E-06  8.1901920E-09
   7.3500000E+01  4.1783333E+02  7.5755930E-06  1.0849336E-08
   7.3500000E+01  4.1616667E+02  7.5708462E-06  1.2005417E-08
   7.3500000E+01  4.1450000E+02  7.5661260E-06  1.1549154E-08
   7.3500000E+01  4.1283333E+02  7.5619747E-06  9.5579829E-09
   7.3500000E+01  4.1116667E+02  7.5588911E-06  6.2920565E-09
   7.3500000E+01  4.0950000E+02  7.5572498E-06  2.1997428E-09
   7.3500000E+01  4.0783333E+02  4.7202244E-11  1.8337252E-13
   7.3500000E+01  4.0616667E+02  4.7153403E-11  1.4136472E-13
   7.3500000E+01  4.0450000E+02  4.7119612E-11  8.9047928E-14
   7.3500000E+01  4.0283333E+02  4.7102372E-11  3.0456496E-14
   7.4500000E+01  4.2116667E+02  7.5861020E-06  6.1182832E-09
   7.4500000E+01  4.1950000E+02  7.5820464E-06  1.0775463E-08
   7.4500000E+01  4.1783333E+02  7.5768619E-06  1.3928600E-08
   7.4500000E+01  4.1616667E+02  7.5710616E-06  1.5254392E-08
   7.4500000E+01  4.1450000E+02  7.5652733E-06  1.4605264E-08
   7.4500000E+01  4.1283333E+02  7.5601658E-06  1.2057138E-08
   7.4500000E+01  4.1116667E+02  7.5563590E-06  7.9271145E-09
   7.4500000E+01  4.0950000E+02  7.5543289E-06  2.7675518E-09
   7.4500000E+01  4.0783333E+02  4.7178708E-11  2.1967236E-13
   7.4500000E+01  4.0616667E+02  4.7121907E-11  1.6845028E-13
   7.4500000E+01  4.0450000E+02  4.7082866E-11  1.0566153E-13
   7.4500000E+01  4.0283333E+02  4.7063058E-11  3.6072285E-14
   7.5500000E+01  4.2116667E+02  7.5895828E-06  8.3556755E-09
   7.5500000E+01  4.1950000E+02  7.5846707E-06  1.3918694E-08
   7.5500000E+01  4.1783333E+02  7.5783596E-06  1.7682730E-08
   7.5500000E+01  4.1616667E+02  7.5712729E-06  1.9232441E-08
   7.5500000E+01  4.1450000E+02  7.5641699E-06  1.8362050E-08
   7.5500000E+01  4.1283333E+02  7.5578764E-06  1.5140934E-08
   7.5500000E+01  4.1116667E+02  7.5531676E-06  9.9526606E-09
   7.5500000E+01  4.0950000E+02  7.5506498E-06  3.4707766E-09
   7.5500000E+01  4.0783333E+02  4.7149654E-11  2.6192988E-13
   7.5500000E+01  4.0616667E+02  4.7083933E-11  1.9970583E-13
   7.5500000E+01  4.0450000E+02  4.7039139E-11  1.2470710E-13
   7.5500000E+01  4.0283333E+02  4.7016554E-11  4.2462752E-14
   7.6500000E+01  4.2116667E+02  7.5937456E-06  1.1048877E-08
   7.6500000E+01  4.1950000E+02  7.5878118E-06  1.7733033E-08
   7.6500000E+01  4.1783333E+02  7.5801429E-06  2.2256397E-08
   7.6500000E+01  4.1616667E+02  7.5714874E-06  2.4104074E-08
   7.6500000E+01  4.1450000E+02  7.5627650E-06  2.2985722E-08
   7.6500000E+01  4.1283333E+02  7.5549970E-06  1.8954134E-08
   7.6500000E+01  4.1116667E+02  7.5491591E-06  1.2467456E-08
   7.6500000E+01  4.0950000E+02  7.5460276E-06  4.3455953E-09
   7.6500000E+01  4.0783333E+02  4.7113861E-11  3.1089309E-13
   7.6500000E+01  4.0616667E+02  4.7038289E-11  2.3551818E-13
   7.6500000E+01  4.0450000E+02  4.6987337E-11  1.4634269E-13
   7.6500000E+01  4.0283333E+02  4.6961842E-11  4.9675588E-14
   7.7500000E+01  4.2116667E+02  7.5987408E-06  1.4286449E-08
   7.7500000E+01  4.1950000E+02  7.5915887E-06  2.2346983E-08
   7.7500000E+01  4.1783333E+02  7.5822903E-06  2.7822881E-08
   7.7500000E+01  4.1616667E+02  7.5717243E-06  3.0070473E-08
   7.7500000E+01  4.1450000E+02  7.5610055E-06  2.8684033E-08
   7.7500000E+01  4.1283333E+02  7.5513986E-06  2.3680770E-08
   7.7500000E+01  4.1116667E+02  7.5441410E-06  1.5598058E-08
   7.7500000E+01  4.0950000E+02  7.5402330E-06  5.4387194E-09
   7.7500000E+01  4.0783333E+02  4.7069859E-11  3.6730592E-13
   7.7500000E+01  4.0616667E+02  4.6983622E-11  2.7619128E-13
   7.7500000E+01  4.0450000E+02  4.6926299E-11  1.7063441E-13
   7.7500000E+01  4.0283333E+02  4.6897898E-11  5.7722031E-14
   7.8500000E+01  4.2116667E+02  7.6047507E-06  1.8171187E-08
   7.8500000E+01  4.1950000E+02  7.5961574E-06  2.7909448E-08
   7.8500000E+01  4.1783333E+02  7.5849097E-06  3.4588118E-08
   7.8500000E+01  4.1616667E+02  7.5720213E-06  3.7377838E-08
   7.8500000E+01  4.1450000E+02  7.5588385E-06  3.5717620E-08
   7.8500000E+01  4.1283333E+02  7.5469297E-06  2.9556603E-08
   7.8500000E+01  4.1116667E+02  7.5378757E-06  1.9509157E-08
   7.8500000E+01  4.0950000E+02  7.5329786E-06  6.8107107E-09
   7.8500000E+01  4.0783333E+02  4.7015852E-11  4.3184760E-13
   7.8500000E+01  4.0616667E+02  4.6918393E-11  3.2186809E-13
   7.8500000E+01  4.0450000E+02  4.6854822E-11  1.9749332E-13
   7.8500000E+01  4.0283333E+02  4.6823750E-11  6.6546933E-14
   7.9500000E+01  4.2116667E+02  7.6119896E-06  2.2808439E-08
   7.9500000E+01  4.1950000E+02  7.6017135E-06  3.4593773E-08
   7.9500000E+01  4.1783333E+02  7.5881447E-06  4.2793760E-08
   7.9500000E+01  4.1616667E+02  7.5724420E-06  4.6326783E-08
   7.9500000E+01  4.1450000E+02  7.5562141E-06  4.4415116E-08
   7.9500000E+01  4.1283333E+02  7.5414107E-06  3.6886453E-08
   7.9500000E+01  4.1116667E+02  7.5300663E-06  2.4418300E-08
   7.9500000E+01  4.0950000E+02  7.5238976E-06  8.5411230E-09
   7.9500000E+01  4.0783333E+02  4.6949605E-11  5.0504388E-13
   7.9500000E+01  4.0616667E+02  4.6840832E-11  3.7241141E-13
   7.9500000E+01  4.0450000E+02  4.6771691E-11  2.2657701E-13
   7.9500000E+01  4.0283333E+02  4.6738557E-11  7.5986590E-14
   8.0500000E+01  4.2116667E+02  7.6207075E-06  2.8303152E-08
   8.0500000E+01  4.1950000E+02  7.6084930E-06  4.2593373E-08
   8.0500000E+01  4.1783333E+02  7.5921870E-06  5.2719056E-08
   8.0500000E+01  4.1616667E+02  7.5730867E-06  5.7283267E-08
   8.0500000E+01  4.1450000E+02  7.5530902E-06  5.5193268E-08
   8.0500000E+01  4.1283333E+02  7.5346264E-06  4.6068664E-08
   8.0500000E+01  4.1116667E+02  7.5203360E-06  3.0616919E-08
   8.0500000E+01  4.0950000E+02  7.5125147E-06  1.0736541E-08
   8.0500000E+01  4.0783333E+02  4.6868278E-11  5.8713864E-13
   8.0500000E+01  4.0616667E+02  4.6748873E-11  4.2722350E-13
   8.0500000E+01  4.0450000E+02  4.6675731E-11  2.5713511E-13
   8.0500000E+01  4.0283333E+02  4.6641732E-11  8.5708029E-14
   8.1500000E+01  4.2116667E+02  7.6311962E-06  3.4762902E-08
   8.1500000E+01  4.1950000E+02  7.6167856E-06  5.2108697E-08
   8.1500000E+01  4.1783333E+02  7.5972941E-06  6.4682204E-08
   8.1500000E+01  4.1616667E+02  7.5741096E-06  7.0691011E-08
   8.1500000E+01  4.1450000E+02  7.5494431E-06  6.8583323E-08
   8.1500000E+01  4.1283333E+02  7.5263208E-06  5.7630263E-08
   8.1500000E+01  4.1116667E+02  7.5082016E-06  3.8501089E-08
   8.1500000E+01  4.0950000E+02  7.4982049E-06  1.3543180E-08
   8.1500000E+01  4.0783333E+02  4.6768205E-11  6.7790536E-13
   8.1500000E+01  4.0616667E+02  4.6640085E-11  4.8497224E-13
   8.1500000E+01  4.0450000E+02  4.6565920E-11  2.8777029E-13
   8.1500000E+01  4.0283333E+02  4.6533175E-11  9.5119407E-14
   8.2500000E+01  4.2116667E+02  7.6438045E-06  4.2288565E-08
   8.2500000E+01  4.1950000E+02  7.6269587E-06  6.3336867E-08
   8.2500000E+01  4.1783333E+02  7.6038100E-06  7.9038180E-08
   8.2500000E+01  4.1616667E+02  7.5757472E-06  8.7083382E-08
   8.2500000E+01  4.1450000E+02  7.5452896E-06  8.5265443E-08
   8.2500000E+01  4.1283333E+02  7.5161953E-06  7.2278058E-08
   8.2500000E+01  4.1116667E+02  7.4930399E-06  4.8618108E-08
   8.2500000E+01  4.0950000E+02  7.4801356E-06  1.7166752E-08
   8.2500000E+01  4.0783333E+02  4.6644576E-11  7.7636599E-13
   8.2500000E+01  4.0616667E+02  4.6511594E-11  5.4317348E-13
   8.2500000E+01  4.0450000E+02  4.6441583E-11  3.1607380E-13
   8.2500000E+01  4.0283333E+02  4.6413631E-11  1.0323439E-13
   8.3500000E+01  4.2116667E+02  7.6589452E-06  5.0955750E-08
   8.3500000E+01  4.1950000E+02  7.6394672E-06  7.6463952E-08
   8.3500000E+01  4.1783333E+02  7.6121931E-06  9.6164808E-08
   8.3500000E+01  4.1616667E+02  7.5783639E-06  1.0709193E-07
   8.3500000E+01  4.1450000E+02  7.5407279E-06  1.0611306E-07
   8.3500000E+01  4.1283333E+02  7.5039171E-06  9.0973487E-08
   8.3500000E+01  4.1116667E+02  7.4740444E-06  6.1739573E-08
   8.3500000E+01  4.0950000E+02  7.4571838E-06  2.1904172E-08
   8.3500000E+01  4.0783333E+02  4.6490986E-11  8.8036747E-13
   8.3500000E+01  4.0616667E+02  4.6360003E-11  5.9755165E-13
   8.3500000E+01  4.0450000E+02  4.6302716E-11  3.3807366E-13
   8.3500000E+01  4.0283333E+02  4.6285286E-11  1.0846362E-13
   8.4500000E+01  4.2116667E+02  7.6770602E-06  6.0798799E-08
   8.4500000E+01  4.1950000E+02  7.6548478E-06  9.1635143E-08
   8.4500000E+01  4.1783333E+02  7.6230596E-06  1.1643102E-07
   8.4500000E+01  4.1616667E+02  7.5825215E-06  1.3144608E-07
   8.4500000E+01  4.1450000E+02  7.5360098E-06  1.3224751E-07
   8.4500000E+01  4.1283333E+02  7.4891459E-06  1.1504387E-07
   8.4500000E+01  4.1116667E+02  7.4501676E-06  7.8979787E-08
   8.4500000E+01  4.0950000E+02  7.4278089E-06  2.8195526E-08
   8.4500000E+01  4.0783333E+02  4.6298733E-11  9.8593739E-13
   8.4500000E+01  4.0616667E+02  4.6181265E-11  6.4105265E-13
   8.4500000E+01  4.0450000E+02  4.6150502E-11  3.4740205E-13
   8.4500000E+01  4.0283333E+02  4.6152661E-11  1.0829813E-13
   8.5500000E+01  4.2116667E+02  7.6985810E-06  7.1778328E-08
   8.5500000E+01  4.1950000E+02  7.6737296E-06  1.0889391E-07
   8.5500000E+01  4.1783333E+02  7.6372327E-06  1.4014336E-07
   8.5500000E+01  4.1616667E+02  7.5890787E-06  1.6094898E-07
   8.5500000E+01  4.1450000E+02  7.5316655E-06  1.6509955E-07
   8.5500000E+01  4.1283333E+02  7.4715984E-06  1.4635042E-07
   8.5500000E+01  4.1116667E+02  7.4200430E-06  1.0199344E-07
   8.5500000E+01  4.0950000E+02  7.3898496E-06  3.6713180E-08
   8.5500000E+01  4.0783333E+02  4.6055672E-11  1.0862782E-12
   8.5500000E+01  4.0616667E+02  4.5970501E-11  6.6229511E-13
   8.5500000E+01  4.0450000E+02  4.5988112E-11  3.3405032E-13
   8.5500000E+01  4.0283333E+02  4.6023953E-11  9.8850553E-14
   8.6500000E+01  4.2116667E+02  7.7239534E-06  8.3729689E-08
   8.6500000E+01  4.1950000E+02  7.6968463E-06  1.2811766E-07
   8.6500000E+01  4.1783333E+02  7.6557838E-06  1.6745526E-07
   8.6500000E+01  4.1616667E+02  7.5993303E-06  1.9640161E-07
   8.6500000E+01  4.1450000E+02  7.5287137E-06  2.0646478E-07
   8.6500000E+01  4.1283333E+02  7.4511846E-06  1.8754294E-07
   8.6500000E+01  4.1116667E+02  7.3818808E-06  1.3331640E-07
   8.6500000E+01  4.0950000E+02  7.3401861E-06  4.8523091E-08
   8.6500000E+01  4.0783333E+02  4.5744297E-11  1.1701187E-12
   8.6500000E+01  4.0616667E+02  4.5721755E-11  6.4308279E-13
   8.6500000E+01  4.0450000E+02  4.5821995E-11  2.8255139E-13
   8.6500000E+01  4.0283333E+02  4.5912996E-11  7.4244856E-14
   8.7500000E+01  4.2116667E+02  7.7536354E-06  9.6345140E-08
   8.7500000E+01  4.1950000E+02  7.7249890E-06  1.4895433E-07
   8.7500000E+01  4.1783333E+02  7.6800555E-06  1.9821618E-07
   8.7500000E+01  4.1616667E+02  7.6151886E-06  2.3843296E-07
   8.7500000E+01  4.1450000E+02  7.5290116E-06  2.5850953E-07
   8.7500000E+01  4.1283333E+02  7.4283028E-06  2.4244099E-07
   8.7500000E+01  4.1116667E+02  7.3333439E-06  1.7697591E-07
   8.7500000E+01  4.0950000E+02  7.2741559E-06  6.5393235E-08
   8.7500000E+01  4.0783333E+02  4.5338467E-11  1.2188044E-12
   8.7500000E+01  4.0616667E+02  4.5427856E-11  5.5428925E-13
   8.7500000E+01  4.0450000E+02  4.5664070E-11  1.6947180E-13
   8.7500000E+01  4.0283333E+02  4.5842030E-11  2.5948263E-14
   8.8500000E+01  4.2116667E+02  7.7879609E-06  1.0918794E-07
   8.8500000E+01  4.1950000E+02  7.7588996E-06  1.7073617E-07
   8.8500000E+01  4.1783333E+02  7.7116229E-06  2.3176049E-07
   8.8500000E+01  4.1616667E+02  7.6393671E-06  2.8716223E-07
   8.8500000E+01  4.1450000E+02  7.5358303E-06  3.2360852E-07
   8.8500000E+01  4.1283333E+02  7.4044773E-06  3.1657909E-07
   8.8500000E+01  4.1116667E+02  7.2714465E-06  2.3963160E-07
   8.8500000E+01  4.0950000E+02  7.1844965E-06  9.0420389E-08
   8.8500000E+01  4.0783333E+02  4.4797653E-11  1.2006593E-12
   8.8500000E+01  4.0616667E+02  4.5081004E-11  3.4879016E-13
   8.8500000E+01  4.0450000E+02  4.5535716E-11 -3.9584789E-14
   8.8500000E+01  4.0283333E+02  4.5845300E-11 -5.7521533E-14
   8.9500000E+01  4.2116667E+02  7.8270195E-06  1.2166285E-07
   8.9500000E+01  4.1950000E+02  7.7991518E-06  1.9241863E-07
   8.9500000E+01  4.1783333E+02  7.7520969E-06  2.6667703E-07
   8.9500000E+01  4.1616667E+02  7.6754532E-06  3.4158538E-07
   8.9500000E+01  4.1450000E+02  7.5547581E-06  4.0372454E-07
   8.9500000E+01  4.1283333E+02  7.3837564E-06  4.1787582E-07
   8.9500000E+01  4.1116667E+02  7.1926535E-06  3.3281510E-07
   8.9500000E+01  4.0950000E+02  7.0593228E-06  1.2940530E-07
   8.9500000E+01  4.0783333E+02  4.4056498E-11  1.0588355E-12
   8.9500000E+01  4.0616667E+02  4.4676169E-11 -5.1199455E-14
   8.9500000E+01  4.0450000E+02  4.5475535E-11 -3.9204172E-13
   8.9500000E+01  4.0283333E+02  4.5972746E-11 -1.8914146E-13
   9.0500000E+01  4.2116667E+02  7.8706736E-06  1.3299371E-07
   9.0500000E+01  4.1950000E+02  7.8459745E-06  2.1262779E-07
   9.0500000E+01  4.1783333E+02  7.8026973E-06  3.0066712E-07
   9.0500000E+01  4.1616667E+02  7.7275709E-06  3.9865743E-07
   9.0500000E+01  4.1450000E+02  7.5948891E-06  4.9867860E-07
   9.0500000E+01  4.1283333E+02  7.3757998E-06  5.5697630E-07
   9.0500000E+01  4.1116667E+02  7.0938306E-06  4.7755790E-07
   9.0500000E+01  4.0950000E+02  6.8779590E-06  1.9418390E-07
   9.0500000E+01  4.0783333E+02  4.3004870E-11  6.8195525E-13
   9.0500000E+01  4.0616667E+02  4.4223821E-11 -7.7749301E-13
   9.0500000E+01  4.0450000E+02  4.5555055E-11 -9.4410796E-13
   9.0500000E+01  4.0283333E+02  4.6290677E-11 -3.7677487E-13
   9.1500000E+01  4.2116667E+02  7.9184895E-06  1.4234246E-07
   9.1500000E+01  4.1950000E+02  7.8990258E-06  2.2977671E-07
   9.1500000E+01  4.1783333E+02  7.8636762E-06  3.3069424E-07
   9.1500000E+01  4.1616667E+02  7.7989990E-06  4.5251254E-07
   9.1500000E+01  4.1450000E+02  7.6694865E-06  6.0214004E-07
   9.1500000E+01  4.1283333E+02  7.4026541E-06  7.4506787E-07
   9.1500000E+01  4.1116667E+02  6.9764614E-06  7.1436344E-07
   9.1500000E+01  4.0950000E+02  6.6015390E-06  3.1185481E-07
   9.1500000E+01  4.0783333E+02  4.1447782E-11 -1.7696192E-13
   9.1500000E+01  4.0616667E+02  4.3793181E-11 -2.0571858E-12
   9.1500000E+01  4.0450000E+02  4.5909152E-11 -1.7327379E-12
   9.1500000E+01  4.0283333E+02  4.6870461E-11 -6.0630358E-13
   9.2500000E+01  4.2116667E+02  7.9695709E-06  1.4898085E-07
   9.2500000E+01  4.1950000E+02  7.9572583E-06  2.4220408E-07
   9.2500000E+01  4.1783333E+02  7.9340138E-06  3.5342330E-07
   9.2500000E+01  4.1616667E+02  7.8892429E-06  4.9545234E-07
   9.2500000E+01  4.1450000E+02  7.7923053E-06  6.9507032E-07
   9.2500000E+01  4.1283333E+02  7.5124673E-06  9.8013981E-07
   9.2500000E+01  4.1116667E+02  6.8638769E-06  1.1241613E-06
   9.2500000E+01  4.0950000E+02  6.1491771E-06  5.5583028E-07
   9.2500000E+01  4.0783333E+02  3.9021831E-11 -2.1683913E-12
   9.2500000E+01  4.0616667E+02  4.3660806E-11 -4.2563806E-12
   9.2500000E+01  4.0450000E+02  4.6776740E-11 -2.6726861E-12
   9.2500000E+01  4.0283333E+02  4.7747074E-11 -8.2534101E-13
   9.3500000E+01  4.2116667E+02  8.0226963E-06  1.5230046E-07
   9.3500000E+01  4.1950000E+02  8.0188445E-06  2.4858307E-07
   9.3500000E+01  4.1783333E+02  8.0115173E-06  3.6538736E-07
   9.3500000E+01  4.1616667E+02  7.9930304E-06  5.2144291E-07
   9.3500000E+01  4.1450000E+02  7.9581037E-06  7.4819840E-07
   9.3500000E+01  4.1283333E+02  7.7955347E-06  1.1924559E-06
   9.3500000E+01  4.1116667E+02  6.8761056E-06  1.8526569E-06
   9.3500000E+01  4.0950000E+02  5.3275181E-06  1.1853070E-06
   9.3500000E+01  4.0783333E+02  3.5025927E-11 -7.4936688E-12
   9.3500000E+01  4.0616667E+02  4.4865359E-11 -7.6181471E-12
   9.3500000E+01  4.0450000E+02  4.8408437E-11 -3.3063269E-12
   9.3500000E+01  4.0283333E+02  4.8851275E-11 -1.0396032E-12
   9.4500000E+01  4.2116667E+02  8.0764335E-06  1.5192289E-07
   9.4500000E+01  4.1950000E+02  8.0818887E-06  2.4799857E-07
   9.4500000E+01  4.1783333E+02  8.0905260E-06  3.6518581E-07
   9.4500000E+01  4.1616667E+02  8.1094119E-06  5.2140503E-07
   9.4500000E+01  4.1450000E+02  8.1180895E-06  7.6398578E-07
   9.4500000E+01  4.1283333E+02  8.2827355E-06  1.1754223E-06
   9.4500000E+01  4.1116667E+02  7.6038860E-06  2.8286577E-06
   9.4500000E+01  4.0950000E+02  3.5752275E-06  3.5556539E-06
   9.4500000E+01  4.0783333E+02  2.8229419E-11 -2.6876248E-11
   9.4500000E+01  4.0616667E+02  5.1520936E-11 -8.1141372E-12
   9.4500000E+01  4.0450000E+02  4.9693987E-11 -3.8400148E-12
   9.4500000E+01  4.0283333E+02  5.0263000E-11 -1.1130253E-12
   9.5500000E+01  4.2116667E+02  8.1293741E-06  1.4780548E-07
   9.5500000E+01  4.1950000E+02  8.1432976E-06  2.4048873E-07
   9.5500000E+01  4.1783333E+02  8.1692402E-06  3.5194770E-07
   9.5500000E+01  4.1616667E+02  8.2118463E-06  4.9774793E-07
   9.5500000E+01  4.1450000E+02  8.3282285E-06  7.1260705E-07
   9.5500000E+01  4.1283333E+02  8.4152181E-06  1.0758197E-06
   9.5500000E+01  4.1116667E+02  1.0476691E-05  2.0986860E-06
   9.5500000E+01  4.0950000E+02  9.1363186E-11  2.6362310E-11
   9.5500000E+01  4.0783333E+02  7.6778845E-11 -2.5795665E-11
   9.5500000E+01  4.0616667E+02  5.1201079E-11 -7.8229714E-12
   9.5500000E+01  4.0450000E+02  5.2350791E-11 -3.7248386E-12
   9.5500000E+01  4.0283333E+02  5.1537724E-11 -1.0817688E-12
   9.6500000E+01  4.2116667E+02  8.1798234E-06  1.4032077E-07
   9.6500000E+01  4.1950000E+02  8.2013530E-06  2.2670159E-07
   9.6500000E+01  4.1783333E+02  8.2393295E-06  3.2738337E-07
   9.6500000E+01  4.1616667E+02  8.3120325E-06  4.5312680E-07
   9.6500000E+01  4.1450000E+02  8.4352897E-06  6.1344460E-07
   9.6500000E+01  4.1283333E+02  8.8452602E-06  8.7680606E-07
   9.6500000E+01  4.1116667E+02  9.5990218E-06  6.0855873E-07
   9.6500000E+01  4.0950000E+02  6.8983575E-11  1.4751474E-11
   9.6500000E+01  4.0783333E+02  6.8282730E-11 -5.0137172E-12
   9.6500000E+01  4.0616667E+02  5.7555335E-11 -6.8218230E-12
   9.6500000E+01  4.0450000E+02  5.3507522E-11 -2.9871260E-12
   9.6500000E+01  4.0283333E+02  5.2873754E-11 -9.5138080E-13
   9.7500000E+01  4.2116667E+02  8.2266626E-06  1.3007658E-07
   9.7500000E+01  4.1950000E+02  8.2535412E-06  2.0790086E-07
   9.7500000E+01  4.1783333E+02  8.3011379E-06  2.9484017E-07
   9.7500000E+01  4.1616667E+02  8.3829646E-06  3.9295218E-07
   9.7500000E+01  4.1450000E+02  8.5409305E-06  5.0488540E-07
   9.7500000E+01  4.1283333E+02  8.8526545E-06  5.5234858E-07
   9.7500000E+01  4.1116667E+02  9.1961176E-06  2.7468133E-07
   9.7500000E+01  4.0950000E+02  6.1427234E-11  9.0734956E-12
   9.7500000E+01  4.0783333E+02  6.2593741E-11  3.8486375E-13
   9.7500000E+01  4.0616667E+02  5.8241118E-11 -3.1723938E-12
   9.7500000E+01  4.0450000E+02  5.4919777E-11 -2.2150626E-12
   9.7500000E+01  4.0283333E+02  5.3840006E-11 -6.9532116E-13
   9.8500000E+01  4.2116667E+02  8.2690204E-06  1.1782035E-07
   9.8500000E+01  4.1950000E+02  8.2991745E-06  1.8593743E-07
   9.8500000E+01  4.1783333E+02  8.3505021E-06  2.5744901E-07
   9.8500000E+01  4.1616667E+02  8.4360984E-06  3.2988952E-07
   9.8500000E+01  4.1450000E+02  8.5810297E-06  3.8620976E-07
   9.8500000E+01  4.1283333E+02  8.7917291E-06  3.5757022E-07
   9.8500000E+01  4.1116667E+02  8.9731214E-06  1.5454645E-07
   9.8500000E+01  4.0950000E+02  5.8138864E-11  6.2193264E-12
   9.8500000E+01  4.0783333E+02  5.9329681E-11  1.8246380E-12
   9.8500000E+01  4.0616667E+02  5.7576452E-11 -9.4865711E-13
   9.8500000E+01  4.0450000E+02  5.5526345E-11 -1.2159306E-12
   9.8500000E+01  4.0283333E+02  5.4539835E-11 -4.5468464E-13
   9.9500000E+01  4.2116667E+02  8.3063995E-06  1.0446766E-07
   9.9500000E+01  4.1950000E+02  8.3375202E-06  1.6252519E-07
   9.9500000E+01  4.1783333E+02  8.3887233E-06  2.1934283E-07
   9.9500000E+01  4.1616667E+02  8.4689500E-06  2.6850190E-07
   9.9500000E+01  4.1450000E+02  8.5869452E-06  2.8984147E-07
   9.9500000E+01  4.1283333E+02  8.7290444E-06  2.4225937E-07
   9.9500000E+01  4.1116667E+02  8.8350701E-06  9.7406555E-08
   9.9500000E+01  4.0950000E+02  5.6433926E-11  4.6134949E-12
   9.9500000E+01  4.0783333E+02  5.7410388E-11  2.1301016E-12
   9.9500000E+01  4.0616667E+02  5.6760862E-11  1.8753271E-13
   9.9500000E+01  4.0450000E+02  5.5623531E-11 -4.3965770E-13
   9.9500000E+01  4.0283333E+02  5.4929692E-11 -2.2274867E-13
   1.0050000E+02  4.2116667E+02  8.3385825E-06  9.0848419E-08
   1.0050000E+02  4.1950000E+02  8.3689112E-06  1.3927479E-07
   1.0050000E+02  4.1783333E+02  8.4168870E-06  1.8308585E-07
   1.0050000E+02  4.1616667E+02  8.4868832E-06  2.1462517E-07
   1.0050000E+02  4.1450000E+02  8.5788659E-06  2.1773148E-07
   1.0050000E+02  4.1283333E+02  8.6766988E-06  1.7041010E-07
   1.0050000E+02  4.1116667E+02  8.7433307E-06  6.5661293E-08
   1.0050000E+02  4.0950000E+02  5.5437040E-11  3.6083259E-12
   1.0050000E+02  4.0783333E+02  5.6219931E-11  2.0796585E-12
   1.0050000E+02  4.0616667E+02  5.6061643E-11  7.2266461E-13
   1.0050000E+02  4.0450000E+02  5.5485676E-11  5.3189333E-14
   1.0050000E+02  4.0283333E+02  5.5065321E-11 -4.7079959E-14
   1.0150000E+02  4.2116667E+02  8.3658433E-06  7.7627635E-08
   1.0150000E+02  4.1950000E+02  8.3940826E-06  1.1735480E-07
   1.0150000E+02  4.1783333E+02  8.4369448E-06  1.5050301E-07
   1.0150000E+02  4.1616667E+02  8.4955594E-06  1.7004155E-07
   1.0150000E+02  4.1450000E+02  8.5662497E-06  1.6471133E-07
   1.0150000E+02  4.1283333E+02  8.6352372E-06  1.2333801E-07
   1.0150000E+02  4.1116667E+02  8.6794119E-06  4.6249421E-08
   1.0150000E+02  4.0950000E+02  5.4802621E-11  2.9211380E-12
   1.0150000E+02  4.0783333E+02  5.5439605E-11  1.9149214E-12
   1.0150000E+02  4.0616667E+02  5.5505446E-11  9.4287019E-13
   1.0150000E+02  4.0450000E+02  5.5255969E-11  3.2824988E-13
   1.0150000E+02  4.0283333E+02  5.5032057E-11  6.4419798E-14
   1.0250000E+02  4.2116667E+02  8.3886280E-06  6.5312100E-08
   1.0250000E+02  4.1950000E+02  8.4139653E-06  9.7524347E-08
   1.0250000E+02  4.1783333E+02  8.4510046E-06  1.2239259E-07
   1.0250000E+02  4.1616667E+02  8.4989667E-06  1.3420597E-07
   1.0250000E+02  4.1450000E+02  8.5531654E-06  1.2561355E-07
   1.0250000E+02  4.1283333E+02  8.6028964E-06  9.1204677E-08
   1.0250000E+02  4.1116667E+02  8.6333882E-06  3.3582850E-08
   1.0250000E+02  4.0950000E+02  5.4373232E-11  2.4177925E-12
   1.0250000E+02  4.0783333E+02  5.4901534E-11  1.7190958E-12
   1.0250000E+02  4.0616667E+02  5.5067119E-11  9.9984021E-13
   1.0250000E+02  4.0450000E+02  5.5000728E-11  4.6080027E-13
   1.0250000E+02  4.0283333E+02  5.4901981E-11  1.2546523E-13
   1.0350000E+02  4.2116667E+02  8.4074392E-06  5.4224126E-08
   1.0350000E+02  4.1950000E+02  8.4295587E-06  8.0138237E-08
   1.0350000E+02  4.1783333E+02  8.4608338E-06  9.8790016E-08
   1.0350000E+02  4.1616667E+02  8.4995680E-06  1.0579076E-07
   1.0350000E+02  4.1450000E+02  8.5412240E-06  9.6515963E-08
   1.0350000E+02  4.1283333E+02  8.5777544E-06  6.8545403E-08
   1.0350000E+02  4.1116667E+02  8.5994607E-06  2.4923303E-08
   1.0350000E+02  4.0950000E+02  5.4068950E-11  2.0297888E-12
   1.0350000E+02  4.0783333E+02  5.4513671E-11  1.5232858E-12
   1.0350000E+02  4.0616667E+02  5.4717795E-11  9.7382507E-13
   1.0350000E+02  4.0450000E+02  5.4749613E-11  5.0755895E-13
   1.0350000E+02  4.0283333E+02  5.4724773E-11  1.5285856E-13
   1.0450000E+02  4.2116667E+02  8.4228758E-06  4.4488864E-08
   1.0450000E+02  4.1950000E+02  8.4417726E-06  6.5263736E-08
   1.0450000E+02  4.1783333E+02  8.4677403E-06  7.9318778E-08
   1.0450000E+02  4.1616667E+02  8.4987923E-06  8.3390316E-08
   1.0450000E+02  4.1450000E+02  8.5309378E-06  7.4635504E-08
   1.0450000E+02  4.1283333E+02  8.5581883E-06  5.2157283E-08
   1.0450000E+02  4.1116667E+02  8.5740113E-06  1.8793918E-08
   1.0450000E+02  4.0950000E+02  5.3845617E-11  1.7198775E-12
   1.0450000E+02  4.0783333E+02  5.4223333E-11  1.3397343E-12
   1.0450000E+02  4.0616667E+02  5.4434785E-11  9.0803156E-13
   1.0450000E+02  4.0450000E+02  5.4515344E-11  5.0592594E-13
   1.0450000E+02  4.0283333E+02  5.4531185E-11  1.5989065E-13
   1.0550000E+02  4.2116667E+02  8.4354601E-06  3.6124860E-08
   1.0550000E+02  4.1950000E+02  8.4513285E-06  5.2768611E-08
   1.0550000E+02  4.1783333E+02  8.4726511E-06  6.3439702E-08
   1.0550000E+02  4.1616667E+02  8.4974310E-06  6.5770273E-08
   1.0550000E+02  4.1450000E+02  8.5223375E-06  5.8024362E-08
   1.0550000E+02  4.1283333E+02  8.5429177E-06  4.0069960E-08
   1.0550000E+02  4.1116667E+02  8.5546633E-06  1.4340141E-08
   1.0550000E+02  4.0950000E+02  5.3677126E-11  1.4665975E-12
   1.0550000E+02  4.0783333E+02  5.3999077E-11  1.1732136E-12
   1.0550000E+02  4.0616667E+02  5.4201796E-11  8.2604959E-13
   1.0550000E+02  4.0450000E+02  5.4302637E-11  4.7906811E-13
   1.0550000E+02  4.0283333E+02  5.4338776E-11  1.5556039E-13
   1.0650000E+02  4.2116667E+02  8.4456597E-06  2.9064731E-08
   1.0650000E+02  4.1950000E+02  8.4588342E-06  4.2403000E-08
   1.0650000E+02  4.1783333E+02  8.4761916E-06  5.0597284E-08
   1.0650000E+02  4.1616667E+02  8.4959003E-06  5.1919533E-08
   1.0650000E+02  4.1450000E+02  8.5152650E-06  4.5312380E-08
   1.0650000E+02  4.1283333E+02  8.5309565E-06  3.1018935E-08
   1.0650000E+02  4.1116667E+02  8.5397948E-06  1.1040844E-08
   1.0650000E+02  4.0950000E+02  5.3547180E-11  1.2568523E-12
   1.0650000E+02  4.0783333E+02  5.3821366E-11  1.0252764E-12
   1.0650000E+02  4.0616667E+02  5.4007298E-11  7.4079587E-13
   1.0650000E+02  4.0450000E+02  5.4112319E-11  4.4080492E-13
   1.0650000E+02  4.0283333E+02  5.4156700E-11  1.4551139E-13
   1.0750000E+02  4.2116667E+02  8.4539678E-06  2.3172831E-08
   1.0750000E+02  4.1950000E+02  8.4647745E-06  3.3906176E-08
   1.0750000E+02  4.1783333E+02  8.4787779E-06  4.0277608E-08
   1.0750000E+02  4.1616667E+02  8.4944148E-06  4.1031895E-08
   1.0750000E+02  4.1450000E+02  8.5095079E-06  3.5525313E-08
   1.0750000E+02  4.1283333E+02  8.5215549E-06  2.4162912E-08
   1.0750000E+02  4.1116667E+02  8.5282714E-06  8.5639837E-09
   1.0750000E+02  4.0950000E+02  5.3445165E-11  1.0821738E-12
   1.0750000E+02  4.0783333E+02  5.3677580E-11  8.9599486E-13
   1.0750000E+02  4.0616667E+02  5.3843010E-11  6.5925983E-13
   1.0750000E+02  4.0450000E+02  5.3943330E-11  3.9913654E-13
   1.0750000E+02  4.0283333E+02  5.3989034E-11  1.3312849E-13
   1.0850000E+02  4.2116667E+02  8.4607266E-06  1.8323812E-08
   1.0850000E+02  4.1950000E+02  8.4694847E-06  2.7016305E-08
   1.0850000E+02  4.1783333E+02  8.4807132E-06  3.2028332E-08
   1.0850000E+02  4.1616667E+02  8.4930834E-06  3.2476981E-08
   1.0850000E+02  4.1450000E+02  8.5048568E-06  2.7960326E-08
   1.0850000E+02  4.1283333E+02  8.5141466E-06  1.8925765E-08
   1.0850000E+02  4.1116667E+02  8.5192842E-06  6.6887028E-09
   1.0850000E+02  4.0950000E+02  5.3363914E-11  9.3678020E-13
   1.0850000E+02  4.0783333E+02  5.3559237E-11  7.8474617E-13
   1.0850000E+02  4.0616667E+02  5.3702820E-11  5.8510038E-13
   1.0850000E+02  4.0450000E+02  5.3793734E-11  3.5855538E-13
   1.0850000E+02  4.0283333E+02  5.3836908E-11  1.2038320E-13
   1.0950000E+02  4.2116667E+02  8.4662085E-06  1.4388526E-08
   1.0950000E+02  4.1950000E+02  8.4732608E-06  2.1465410E-08
   1.0950000E+02  4.1783333E+02  8.4822099E-06  2.5472645E-08
   1.0950000E+02  4.1616667E+02  8.4919513E-06  2.5765734E-08
   1.0950000E+02  4.1450000E+02  8.5011265E-06  2.2102425E-08
   1.0950000E+02  4.1283333E+02  8.5082998E-06  1.4905732E-08
   1.0950000E+02  4.1116667E+02  8.5122414E-06  5.2612757E-09
   1.0950000E+02  4.0950000E+02  5.3298389E-11  8.1654050E-13
   1.0950000E+02  4.0783333E+02  5.3460374E-11  6.9060145E-13
   1.0950000E+02  4.0616667E+02  5.3582042E-11  5.2009466E-13
   1.0950000E+02  4.0450000E+02  5.3661236E-11  3.2149597E-13
   1.0950000E+02  4.0283333E+02  5.3699799E-11  1.0840059E-13
   1.1050000E+02  4.2116667E+02  8.4707419E-06  1.1224078E-08
   1.1050000E+02  4.1950000E+02  8.4763501E-06  1.7033632E-08
   1.1050000E+02  4.1783333E+02  8.4834060E-06  2.0301417E-08
   1.1050000E+02  4.1616667E+02  8.4910274E-06  2.0519266E-08
   1.1050000E+02  4.1450000E+02  8.4981491E-06  1.7570706E-08
   1.1050000E+02  4.1283333E+02  8.5036728E-06  1.1819230E-08
   1.1050000E+02  4.1116667E+02  8.5066931E-06  4.1706701E-09
   1.1050000E+02  4.0950000E+02  5.3244874E-11  7.1840294E-13
   1.1050000E+02  4.0783333E+02  5.3376569E-11  6.1253119E-13
   1.1050000E+02  4.0616667E+02  5.3476915E-11  4.6495684E-13
   1.1050000E+02  4.0450000E+02  5.3543412E-11  2.8921930E-13
   1.1050000E+02  4.0283333E+02  5.3576291E-11  9.7811953E-14
   1.1150000E+02  4.2116667E+02  8.4745280E-06  8.7216485E-09
   1.1150000E+02  4.1950000E+02  8.4789049E-06  1.3545055E-08
   1.1150000E+02  4.1783333E+02  8.4843976E-06  1.6260846E-08
   1.1150000E+02  4.1616667E+02  8.4902914E-06  1.6450680E-08
   1.1150000E+02  4.1450000E+02  8.4957653E-06  1.4081869E-08
   1.1150000E+02  4.1283333E+02  8.4999849E-06  9.4621218E-09
   1.1150000E+02  4.1116667E+02  8.5022833E-06  3.3365437E-09
   1.1150000E+02  4.0950000E+02  5.3200488E-11  6.4006055E-13
   1.1150000E+02  4.0783333E+02  5.3304374E-11  5.4952477E-13
   1.1150000E+02  4.0616667E+02  5.3384278E-11  4.1981337E-13
   1.1150000E+02  4.0450000E+02  5.3437823E-11  2.6233782E-13
   1.1150000E+02  4.0283333E+02  5.3464499E-11  8.8960504E-14
   1.1250000E+02  4.2116667E+02  8.4776941E-06  6.7769024E-09
   1.1250000E+02  4.1950000E+02  8.4810501E-06  1.0850100E-08
   1.1250000E+02  4.1783333E+02  8.4852323E-06  1.3150862E-08
   1.1250000E+02  4.1616667E+02  8.4897009E-06  1.3343209E-08
   1.1250000E+02  4.1450000E+02  8.4938321E-06  1.1426249E-08
   1.1250000E+02  4.1283333E+02  8.4970038E-06  7.6829799E-09
   1.1250000E+02  4.1116667E+02  8.4987265E-06  2.7030237E-09
   1.1250000E+02  4.0950000E+02  5.3162949E-11  5.7974438E-13
   1.1250000E+02  4.0783333E+02  5.3241006E-11  5.0067558E-13
   1.1250000E+02  4.0616667E+02  5.3301373E-11  3.8449942E-13
   1.1250000E+02  4.0450000E+02  5.3342047E-11  2.4112061E-13
   1.1250000E+02  4.0283333E+02  5.3362312E-11  8.2013007E-14
   1.1350000E+02  4.2116667E+02  8.4803983E-06  5.2969941E-09
   1.1350000E+02  4.1950000E+02  8.4828710E-06  8.8328216E-09
   1.1350000E+02  4.1783333E+02  8.4859388E-06  1.0818082E-08
   1.1350000E+02  4.1616667E+02  8.4892159E-06  1.1028643E-08
   1.1350000E+02  4.1450000E+02  8.4922327E-06  9.4519574E-09
   1.1350000E+02  4.1283333E+02  8.4945454E-06  6.3666334E-09
   1.1350000E+02  4.1116667E+02  8.4957998E-06  2.2331141E-09
   1.1350000E+02  4.0950000E+02  5.3130465E-11  5.3610660E-13
   1.1350000E+02  4.0783333E+02  5.3184174E-11  4.6525384E-13
   1.1350000E+02  4.0616667E+02  5.3225731E-11  3.5876661E-13
   1.1350000E+02  4.0450000E+02  5.3253695E-11  2.2567044E-13
   1.1350000E+02  4.0283333E+02  5.3267500E-11  7.7021048E-14
   1.1450000E+02  4.2116667E+02  8.4827411E-06  4.2427070E-09
   1.1450000E+02  4.1950000E+02  8.4844364E-06  7.3863592E-09
   1.1450000E+02  4.1783333E+02  8.4865599E-06  9.1496979E-09
   1.1450000E+02  4.1616667E+02  8.4888128E-06  9.3790923E-09
   1.1450000E+02  4.1450000E+02  8.4908824E-06  8.0496363E-09
   1.1450000E+02  4.1283333E+02  8.4924719E-06  5.4276206E-09
   1.1450000E+02  4.1116667E+02  8.4933346E-06  1.9018895E-09
   1.1450000E+02  4.0950000E+02  5.3101621E-11  5.0817942E-13
   1.1450000E+02  4.0783333E+02  5.3131936E-11  4.4276593E-13
   1.1450000E+02  4.0616667E+02  5.3155073E-11  3.4243858E-13
   1.1450000E+02  4.0450000E+02  5.3170393E-11  2.1602823E-13
   1.1450000E+02  4.0283333E+02  5.3177744E-11  7.3969311E-14
   1.1550000E+02  4.2116667E+02  8.4848453E-06  3.5727991E-09
   1.1550000E+02  4.1950000E+02  8.4858580E-06  6.4315180E-09
   1.1550000E+02  4.1783333E+02  8.4871317E-06  8.0661843E-09
   1.1550000E+02  4.1616667E+02  8.4884791E-06  8.3024571E-09
   1.1550000E+02  4.1450000E+02  8.4897200E-06  7.1399285E-09
   1.1550000E+02  4.1283333E+02  8.4906767E-06  4.8095848E-09
   1.1550000E+02  4.1116667E+02  8.4911974E-06  1.6899122E-09
   1.1550000E+02  4.0950000E+02  5.3075228E-11  4.9539018E-13
   1.1550000E+02  4.0783333E+02  5.3082525E-11  4.3298758E-13
   1.1550000E+02  4.0616667E+02  5.3087226E-11  3.3551406E-13
   1.1550000E+02  4.0450000E+02  5.3089767E-11  2.1223661E-13
   1.1550000E+02  4.0283333E+02  5.3090629E-11  7.2833303E-14
   1.1650000E+02  4.2116667E+02  8.4868356E-06  3.2337870E-09
   1.1650000E+02  4.1950000E+02  8.4872086E-06  5.9390950E-09
   1.1650000E+02  4.1783333E+02  8.4876827E-06  7.5099069E-09
   1.1650000E+02  4.1616667E+02  8.4881999E-06  7.7399918E-09
   1.1650000E+02  4.1450000E+02  8.4886841E-06  6.6673207E-09
   1.1650000E+02  4.1283333E+02  8.4890606E-06  4.4822660E-09
   1.1650000E+02  4.1116667E+02  8.4892673E-06  1.5807488E-09
   1.1650000E+02  4.0950000E+02  5.3050142E-11  4.9759355E-13
   1.1650000E+02  4.0783333E+02  5.3034210E-11  4.3596507E-13
   1.1650000E+02  4.0616667E+02  5.3020061E-11  3.3820495E-13
   1.1650000E+02  4.0450000E+02  5.3009455E-11  2.1438526E-13
   1.1650000E+02  4.0283333E+02  5.3003667E-11  7.3640193E-14
   1.1750000E+02  4.2116667E+02  8.4887671E-06  3.2021481E-09
   1.1750000E+02  4.1950000E+02  8.4885227E-06  5.8935481E-09
   1.1750000E+02  4.1783333E+02  8.4882283E-06  7.4476050E-09
   1.1750000E+02  4.1616667E+02  8.4879423E-06  7.6635817E-09
   1.1750000E+02  4.1450000E+02  8.4876986E-06  6.5994858E-09
   1.1750000E+02  4.1283333E+02  8.4875165E-06  4.4334032E-09
   1.1750000E+02  4.1116667E+02  8.4874200E-06  1.5634896E-09
   1.1750000E+02  4.0950000E+02  5.3025192E-11  5.1507813E-13
   1.1750000E+02  4.0783333E+02  5.2985253E-11  4.5200350E-13
   1.1750000E+02  4.0616667E+02  5.2951490E-11  3.5091311E-13
   1.1750000E+02  4.0450000E+02  5.2927129E-11  2.2265782E-13
   1.1750000E+02  4.0283333E+02  5.2914361E-11  7.6500760E-14
   1.1850000E+02  4.2116667E+02  8.4907266E-06  3.4814881E-09
   1.1850000E+02  4.1950000E+02  8.4898423E-06  6.2914117E-09
   1.1850000E+02  4.1783333E+02  8.4887640E-06  7.8733554E-09
   1.1850000E+02  4.1616667E+02  8.4876630E-06  8.0700470E-09
   1.1850000E+02  4.1450000E+02  8.4866783E-06  6.9300924E-09
   1.1850000E+02  4.1283333E+02  8.4859321E-06  4.6596923E-09
   1.1850000E+02  4.1116667E+02  8.4855303E-06  1.6362406E-09
   1.1850000E+02  4.0950000E+02  5.2999222E-11  5.4853804E-13
   1.1850000E+02  4.0783333E+02  5.2933941E-11  4.8167608E-13
   1.1850000E+02  4.0616667E+02  5.2879464E-11  3.7418410E-13
   1.1850000E+02  4.0450000E+02  5.2840491E-11  2.3738781E-13
   1.1850000E+02  4.0283333E+02  5.2820232E-11  8.1586781E-14
   1.1950000E+02  4.2116667E+02  8.4927858E-06  4.1040701E-09
   1.1950000E+02  4.1950000E+02  8.4912033E-06  7.1488552E-09
   1.1950000E+02  4.1783333E+02  8.4892963E-06  8.8071227E-09
   1.1950000E+02  4.1616667E+02  8.4873253E-06  8.9794899E-09
   1.1950000E+02  4.1450000E+02  8.4855462E-06  7.6789199E-09
   1.1950000E+02  4.1283333E+02  8.4842039E-06  5.1639162E-09
   1.1950000E+02  4.1116667E+02  8.4834819E-06  1.8063496E-09
   1.1950000E+02  4.0950000E+02  5.2971159E-11  5.9904171E-13
   1.1950000E+02  4.0783333E+02  5.2878603E-11  5.2587481E-13
   1.1950000E+02  4.0616667E+02  5.2801888E-11  4.0870010E-13
   1.1950000E+02  4.0450000E+02  5.2747143E-11  2.5910353E-13
   1.1950000E+02  4.0283333E+02  5.2718731E-11  8.9073595E-14
   1.2050000E+02  4.2116667E+02  8.4950196E-06  5.1117996E-09
   1.2050000E+02  4.1950000E+02  8.4926766E-06  8.4963595E-09
   1.2050000E+02  4.1783333E+02  8.4898479E-06  1.0301101E-08
   1.2050000E+02  4.1616667E+02  8.4869048E-06  1.0433960E-08
   1.2050000E+02  4.1450000E+02  8.4842445E-06  8.8880549E-09
   1.2050000E+02  4.1283333E+02  8.4822410E-06  5.9622376E-09
   1.2050000E+02  4.1116667E+02  8.4811661E-06  2.0861845E-09
   1.2050000E+02  4.0950000E+02  5.2939962E-11  6.6805050E-13
   1.2050000E+02  4.0783333E+02  5.2817486E-11  5.8588528E-13
   1.2050000E+02  4.0616667E+02  5.2716426E-11  4.5535401E-13
   1.2050000E+02  4.0450000E+02  5.2644382E-11  2.8852354E-13
   1.2050000E+02  4.0283333E+02  5.2607026E-11  9.9114162E-14
   1.2150000E+02  4.2116667E+02  8.4975726E-06  6.5520747E-09
   1.2150000E+02  4.1950000E+02  8.4943518E-06  1.0394321E-08
   1.2150000E+02  4.1783333E+02  8.4904551E-06  1.2438445E-08
   1.2150000E+02  4.1616667E+02  8.4863861E-06  1.2503872E-08
   1.2150000E+02  4.1450000E+02  8.4827128E-06  1.0618302E-08
   1.2150000E+02  4.1283333E+02  8.4799462E-06  7.0940045E-09
   1.2150000E+02  4.1116667E+02  8.4784641E-06  2.4886237E-09
   1.2150000E+02  4.0950000E+02  5.2904432E-11  7.5751271E-13
   1.2150000E+02  4.0783333E+02  5.2748550E-11  6.6343749E-13
   1.2150000E+02  4.0616667E+02  5.2620318E-11  5.1537706E-13
   1.2150000E+02  4.0450000E+02  5.2529038E-11  3.2649468E-13
   1.2150000E+02  4.0283333E+02  5.2481802E-11  1.1189785E-13
   1.2250000E+02  4.2116667E+02  8.5005855E-06  8.4888054E-09
   1.2250000E+02  4.1950000E+02  8.4963217E-06  1.2948387E-08
   1.2250000E+02  4.1783333E+02  8.4911428E-06  1.5329711E-08
   1.2250000E+02  4.1616667E+02  8.4857335E-06  1.5299585E-08
   1.2250000E+02  4.1450000E+02  8.4808619E-06  1.2949553E-08
   1.2250000E+02  4.1283333E+02  8.4771910E-06  8.6252508E-09
   1.2250000E+02  4.1116667E+02  8.4752208E-06  3.0287377E-09
   1.2250000E+02  4.0950000E+02  5.2863036E-11  8.6997493E-13
   1.2250000E+02  4.0783333E+02  5.2669358E-11  7.6071106E-13
   1.2250000E+02  4.0616667E+02  5.2510385E-11  5.9042672E-13
   1.2250000E+02  4.0450000E+02  5.2397514E-11  3.7393548E-13
   1.2250000E+02  4.0283333E+02  5.2339244E-11  1.2776029E-13
   1.2350000E+02  4.2116667E+02  8.5041946E-06  1.0993008E-08
   1.2350000E+02  4.1950000E+02  8.4986617E-06  1.6322194E-08
   1.2350000E+02  4.1783333E+02  8.4919044E-06  1.9117588E-08
   1.2350000E+02  4.1616667E+02  8.4848843E-06  1.8969381E-08
   1.2350000E+02  4.1450000E+02  8.4785664E-06  1.5993457E-08
   1.2350000E+02  4.1283333E+02  8.4738018E-06  1.0642681E-08
   1.2350000E+02  4.1116667E+02  8.4712396E-06  3.7307232E-09
   1.2350000E+02  4.0950000E+02  5.2813931E-11  1.0086337E-12
   1.2350000E+02  4.0783333E+02  5.2577145E-11  8.8033074E-13
   1.2350000E+02  4.0616667E+02  5.2383208E-11  6.8255316E-13
   1.2350000E+02  4.0450000E+02  5.2245955E-11  4.3188353E-13
   1.2350000E+02  4.0283333E+02  5.2175193E-11  1.4723115E-13
   1.2450000E+02  4.2116667E+02  8.5085056E-06  1.4201653E-08
   1.2450000E+02  4.1950000E+02  8.5014027E-06  2.0695004E-08
   1.2450000E+02  4.1783333E+02  8.4927537E-06  2.3988570E-08
   1.2450000E+02  4.1616667E+02  8.4837704E-06  2.3700474E-08
   1.2450000E+02  4.1450000E+02  8.4756733E-06  1.9911328E-08
   1.2450000E+02  4.1283333E+02  8.4695721E-06  1.3244296E-08
   1.2450000E+02  4.1116667E+02  8.4662950E-06  4.6326980E-09
   1.2450000E+02  4.0950000E+02  5.2755095E-11  1.1773353E-12
   1.2450000E+02  4.0783333E+02  5.2468929E-11  1.0253998E-12
   1.2450000E+02  4.0616667E+02  5.2235208E-11  7.9407905E-13
   1.2450000E+02  4.0450000E+02  5.2070280E-11  5.0166634E-13
   1.2450000E+02  4.0283333E+02  5.1985217E-11  1.7094341E-13
   1.2550000E+02  4.2116667E+02  8.5136955E-06  1.8317327E-08
   1.2550000E+02  4.1950000E+02  8.5046787E-06  2.6251181E-08
   1.2550000E+02  4.1783333E+02  8.4937215E-06  3.0196113E-08
   1.2550000E+02  4.1616667E+02  8.4823171E-06  2.9725586E-08
   1.2550000E+02  4.1450000E+02  8.4720321E-06  2.4915449E-08
   1.2550000E+02  4.1283333E+02  8.4642826E-06  1.6550594E-08
   1.2550000E+02  4.1116667E+02  8.4601271E-06  5.7859417E-09
   1.2550000E+02  4.0950000E+02  5.2684301E-11  1.3805729E-12
   1.2550000E+02  4.0783333E+02  5.2341426E-11  1.1995867E-12
   1.2550000E+02  4.0616667E+02  5.2062354E-11  9.2756755E-13
   1.2550000E+02  4.0450000E+02  5.1865831E-11  5.8504898E-13
   1.2550000E+02  4.0283333E+02  5.1764365E-11  1.9947796E-13
   1.2650000E+02  4.2116667E+02  8.5200914E-06  2.3541683E-08
   1.2650000E+02  4.1950000E+02  8.5087002E-06  3.3271647E-08
   1.2650000E+02  4.1783333E+02  8.4948459E-06  3.8062544E-08
   1.2650000E+02  4.1616667E+02  8.4804534E-06  3.7337357E-08
   1.2650000E+02  4.1450000E+02  8.4674707E-06  3.1264268E-08
   1.2650000E+02  4.1283333E+02  8.4576720E-06  2.0730687E-08
   1.2650000E+02  4.1116667E+02  8.4524216E-06  7.2493731E-09
   1.2650000E+02  4.0950000E+02  5.2598873E-11  1.6235794E-12
   1.2650000E+02  4.0783333E+02  5.2190678E-11  1.4072223E-12
   1.2650000E+02  4.0616667E+02  5.1859632E-11  1.0860029E-12
   1.2650000E+02  4.0450000E+02  5.1626895E-11  6.8416966E-13
   1.2650000E+02  4.0283333E+02  5.1506738E-11  2.3333058E-13
   1.2750000E+02  4.2116667E+02  8.5279978E-06  3.0134509E-08
   1.2750000E+02  4.1950000E+02  8.5136327E-06  4.2132571E-08
   1.2750000E+02  4.1783333E+02  8.4962005E-06  4.7973568E-08
   1.2750000E+02  4.1616667E+02  8.4780861E-06  4.6930468E-08
   1.2750000E+02  4.1450000E+02  8.4617344E-06  3.9271754E-08
   1.2750000E+02  4.1283333E+02  8.4493921E-06  2.6007783E-08
   1.2750000E+02  4.1116667E+02  8.4427781E-06  9.0909292E-09
   1.2750000E+02  4.0950000E+02  5.2495338E-11  1.9125420E-12
   1.2750000E+02  4.0783333E+02  5.2011739E-11  1.6533361E-12
   1.2750000E+02  4.0616667E+02  5.1620843E-11  1.2730547E-12
   1.2750000E+02  4.0450000E+02  5.1346605E-11  8.0130246E-13
   1.2750000E+02  4.0283333E+02  5.1205279E-11  2.7308720E-13
   1.2850000E+02  4.2116667E+02  8.5377508E-06  3.8439530E-08
   1.2850000E+02  4.1950000E+02  8.5197154E-06  5.3267801E-08
   1.2850000E+02  4.1783333E+02  8.4978336E-06  6.0426774E-08
   1.2850000E+02  4.1616667E+02  8.4750479E-06  5.9017307E-08
   1.2850000E+02  4.1450000E+02  8.4544967E-06  4.9326663E-08
   1.2850000E+02  4.1283333E+02  8.4389981E-06  3.2657397E-08
   1.2850000E+02  4.1116667E+02  8.4306687E-06  1.1407345E-08
   1.2850000E+02  4.0950000E+02  5.2369308E-11  2.2547026E-12
   1.2850000E+02  4.0783333E+02  5.1798775E-11  1.9436548E-12
   1.2850000E+02  4.0616667E+02  5.1338973E-11  1.4931546E-12
   1.2850000E+02  4.0450000E+02  5.1017302E-11  9.3874803E-13
   1.2850000E+02  4.0283333E+02  5.0852005E-11  3.1961489E-13
   1.2950000E+02  4.2116667E+02  8.5498533E-06  4.8841473E-08
   1.2950000E+02  4.1950000E+02  8.5272592E-06  6.7243548E-08
   1.2950000E+02  4.1783333E+02  8.4997710E-06  7.6073009E-08
   1.2950000E+02  4.1616667E+02  8.4711580E-06  7.4210319E-08
   1.2950000E+02  4.1450000E+02  8.4453711E-06  6.1936484E-08
   1.2950000E+02  4.1283333E+02  8.4259242E-06  4.1014908E-08
   1.2950000E+02  4.1116667E+02  8.4154528E-06  1.4330293E-08
   1.2950000E+02  4.0950000E+02  5.2215739E-11  2.6583617E-12
   1.2950000E+02  4.0783333E+02  5.1545159E-11  2.2846636E-12
   1.2950000E+02  4.0616667E+02  5.1006509E-11  1.7512164E-12
   1.2950000E+02  4.0450000E+02  5.0630853E-11  1.0990824E-12
   1.2950000E+02  4.0283333E+02  5.0438253E-11  3.7401857E-13
   1.3050000E+02  4.2116667E+02  8.5649230E-06  6.1857286E-08
   1.3050000E+02  4.1950000E+02  8.5365879E-06  8.4785267E-08
   1.3050000E+02  4.1783333E+02  8.5021093E-06  9.5711352E-08
   1.3050000E+02  4.1616667E+02  8.4662423E-06  9.3260014E-08
   1.3050000E+02  4.1450000E+02  8.4338883E-06  7.7771237E-08
   1.3050000E+02  4.1283333E+02  8.4094818E-06  5.1492250E-08
   1.3050000E+02  4.1116667E+02  8.3963575E-06  1.8010388E-08
   1.3050000E+02  4.0950000E+02  5.2028730E-11  3.1329684E-12
   1.3050000E+02  4.0783333E+02  5.1243224E-11  2.6837086E-12
   1.3050000E+02  4.0616667E+02  5.0615026E-11  2.0522796E-12
   1.3050000E+02  4.0450000E+02  5.0178179E-11  1.2855209E-12
   1.3050000E+02  4.0283333E+02  4.9954399E-11  4.3740842E-13
   1.3150000E+02  4.2116667E+02  8.5836768E-06  7.8206920E-08
   1.3150000E+02  4.1950000E+02  8.5481448E-06  1.0675593E-07
   1.3150000E+02  4.1783333E+02  8.5049842E-06  1.2032420E-07
   1.3150000E+02  4.1616667E+02  8.4600507E-06  1.1712744E-07
   1.3150000E+02  4.1450000E+02  8.4194835E-06  9.7656477E-08
   1.3150000E+02  4.1283333E+02  8.3888506E-06  6.4630673E-08
   1.3150000E+02  4.1116667E+02  8.3723860E-06  2.2625343E-08
   1.3150000E+02  4.0950000E+02  5.1800834E-11  3.6891745E-12
   1.3150000E+02  4.0783333E+02  5.0883832E-11  3.1490072E-12
   1.3150000E+02  4.0616667E+02  5.0154205E-11  2.4016761E-12
   1.3150000E+02  4.0450000E+02  4.9648242E-11  1.5018104E-12
   1.3150000E+02  4.0283333E+02  4.9389276E-11  5.1076639E-13
   1.3250000E+02  4.2116667E+02  8.6070612E-06  9.8734960E-08
   1.3250000E+02  4.1950000E+02  8.5625488E-06  1.3425450E-07
   1.3250000E+02  4.1783333E+02  8.5085212E-06  1.5113859E-07
   1.3250000E+02  4.1616667E+02  8.4522513E-06  1.4703506E-07
   1.3250000E+02  4.1450000E+02  8.4014089E-06  1.2259458E-07
   1.3250000E+02  4.1283333E+02  8.3629648E-06  8.1138771E-08
   1.3250000E+02  4.1116667E+02  8.3422946E-06  2.8398186E-08
   1.3250000E+02  4.0950000E+02  5.1522798E-11  4.3389666E-12
   1.3250000E+02  4.0783333E+02  5.0455875E-11  3.6895702E-12
   1.3250000E+02  4.0616667E+02  4.9611477E-11  2.8055285E-12
   1.3250000E+02  4.0450000E+02  4.9028001E-11  1.7516215E-12
   1.3250000E+02  4.0283333E+02  4.8729983E-11  5.9514509E-13
   1.3350000E+02  4.2116667E+02  8.6362974E-06  1.2442928E-07
   1.3350000E+02  4.1950000E+02  8.5805440E-06  1.6871961E-07
   1.3350000E+02  4.1783333E+02  8.5128704E-06  1.8969424E-07
   1.3350000E+02  4.1616667E+02  8.4424257E-06  1.8450815E-07
   1.3350000E+02  4.1450000E+02  8.3787128E-06  1.5385465E-07
   1.3350000E+02  4.1283333E+02  8.3304824E-06  1.0188340E-07
   1.3350000E+02  4.1116667E+02  8.3045177E-06  3.5634554E-08
   1.3350000E+02  4.0950000E+02  5.1183186E-11  5.0956947E-12
   1.3350000E+02  4.0783333E+02  4.9946431E-11  4.3150489E-12
   1.3350000E+02  4.0616667E+02  4.8973021E-11  3.2707348E-12
   1.3350000E+02  4.0450000E+02  4.8303356E-11  2.0382994E-12
   1.3350000E+02  4.0283333E+02  4.7962325E-11  6.9189613E-13
   1.3450000E+02  4.2116667E+02  8.6727968E-06  1.5660052E-07
   1.3450000E+02  4.1950000E+02  8.6029597E-06  2.1190270E-07
   1.3450000E+02  4.1783333E+02  8.5182503E-06  2.3794096E-07
   1.3450000E+02  4.1616667E+02  8.4300967E-06  2.3142038E-07
   1.3450000E+02  4.1450000E+02  8.3502788E-06  1.9306090E-07
   1.3450000E+02  4.1283333E+02  8.2897427E-06  1.2793704E-07
   1.3450000E+02  4.1116667E+02  8.2570752E-06  4.4760261E-08
   1.3450000E+02  4.0950000E+02  5.0768239E-11  5.9737776E-12
   1.3450000E+02  4.0783333E+02  4.9340795E-11  5.0354855E-12
   1.3450000E+02  4.0616667E+02  4.8224262E-11  3.8042638E-12
   1.3450000E+02  4.0450000E+02  4.7459461E-11  2.3654501E-12
   1.3450000E+02  4.0283333E+02  4.7071078E-11  8.0239377E-13
   1.3550000E+02  4.2116667E+02  8.7182892E-06  1.9698251E-07
   1.3550000E+02  4.1950000E+02  8.6308168E-06  2.6590640E-07
   1.3550000E+02  4.1783333E+02  8.5249525E-06  2.9828145E-07
   1.3550000E+02  4.1616667E+02  8.4147222E-06  2.9011026E-07
   1.3550000E+02  4.1450000E+02  8.3147055E-06  2.4227178E-07
   1.3550000E+02  4.1283333E+02  8.2386253E-06  1.6069588E-07
   1.3550000E+02  4.1116667E+02  8.1974862E-06  5.6285376E-08
   1.3550000E+02  4.0950000E+02  5.0261374E-11  6.9885833E-12
   1.3550000E+02  4.0783333E+02  4.8621478E-11  5.8610843E-12
   1.3550000E+02  4.0616667E+02  4.7348480E-11  4.4123828E-12
   1.3550000E+02  4.0450000E+02  4.6479839E-11  2.7373970E-12
   1.3550000E+02  4.0283333E+02  4.6039286E-11  9.2780808E-13
   1.3650000E+02  4.2116667E+02  8.7750523E-06  2.4770259E-07
   1.3650000E+02  4.1950000E+02  8.6654724E-06  3.3341767E-07
   1.3650000E+02  4.1783333E+02  8.5332414E-06  3.7362734E-07
   1.3650000E+02  4.1616667E+02  8.3955779E-06  3.6350065E-07
   1.3650000E+02  4.1450000E+02  8.2703146E-06  3.0404940E-07
   1.3650000E+02  4.1283333E+02  8.1745443E-06  2.0202854E-07
   1.3650000E+02  4.1116667E+02  8.1225078E-06  7.0858063E-08
   1.3650000E+02  4.0950000E+02  4.9641227E-11  8.1559208E-12
   1.3650000E+02  4.0783333E+02  4.7768151E-11  6.8015302E-12
   1.3650000E+02  4.0616667E+02  4.6326160E-11  5.1009296E-12
   1.3650000E+02  4.0450000E+02  4.5345295E-11  3.1585545E-12
   1.3650000E+02  4.0283333E+02  4.4847709E-11  1.0695332E-12
   1.3750000E+02  4.2116667E+02  8.8458253E-06  3.1147434E-07
   1.3750000E+02  4.1950000E+02  8.7084130E-06  4.1784121E-07
   1.3750000E+02  4.1783333E+02  8.5434776E-06  4.6750362E-07
   1.3750000E+02  4.1616667E+02  8.3719280E-06  4.5515221E-07
   1.3750000E+02  4.1450000E+02  8.2151180E-06  3.8164183E-07
   1.3750000E+02  4.1283333E+02  8.0942410E-06  2.5442453E-07
   1.3750000E+02  4.1116667E+02  8.0280524E-06  8.9397159E-08
   1.3750000E+02  4.0950000E+02  4.8881679E-11  9.4909082E-12
   1.3750000E+02  4.0783333E+02  4.6757832E-11  7.8646968E-12
   1.3750000E+02  4.0616667E+02  4.5136553E-11  5.8757249E-12
   1.3750000E+02  4.0450000E+02  4.4035422E-11  3.6329568E-12
   1.3750000E+02  4.0283333E+02  4.3475405E-11  1.2296924E-12
   1.3850000E+02  4.2116667E+02  8.9337878E-06  3.9192880E-07
   1.3850000E+02  4.1950000E+02  8.7613434E-06  5.2330074E-07
   1.3850000E+02  4.1783333E+02  8.5561927E-06  5.8409572E-07
   1.3850000E+02  4.1616667E+02  8.3430939E-06  5.6934914E-07
   1.3850000E+02  4.1450000E+02  8.1467890E-06  4.7931379E-07
   1.3850000E+02  4.1283333E+02  7.9936120E-06  3.2118497E-07
   1.3850000E+02  4.1116667E+02  7.9088317E-06  1.1321806E-07
   1.3850000E+02  4.0950000E+02  4.7950221E-11  1.1006203E-11
   1.3850000E+02  4.0783333E+02  4.5565043E-11  9.0548175E-12
   1.3850000E+02  4.0616667E+02  4.3760576E-11  6.7410517E-12
   1.3850000E+02  4.0450000E+02  4.2531026E-11  4.1660383E-12
   1.3850000E+02  4.0283333E+02  4.1899593E-11  1.4114810E-12
   1.3950000E+02  4.2116667E+02  9.0428011E-06  4.9392104E-07
   1.3950000E+02  4.1950000E+02  8.8260492E-06  6.5482625E-07
   1.3950000E+02  4.1783333E+02  8.5717255E-06  7.2825489E-07
   1.3950000E+02  4.1616667E+02  8.3083638E-06  7.1106626E-07
   1.3950000E+02  4.1450000E+02  8.0630553E-06  6.0256468E-07
   1.3950000E+02  4.1283333E+02  7.8677001E-06  4.0705343E-07
   1.3950000E+02  4.1116667E+02  7.7575073E-06  1.4433344E-07
   1.3950000E+02  4.0950000E+02  4.6803506E-11  1.2708266E-11
   1.3950000E+02  4.0783333E+02  4.4163204E-11  1.0368042E-11
   1.3950000E+02  4.0616667E+02  4.2183160E-11  7.6985333E-12
   1.3950000E+02  4.0450000E+02  4.0813098E-11  4.7683239E-12
   1.3950000E+02  4.0283333E+02  4.0092799E-11  1.6202344E-12
   1.4050000E+02  4.2116667E+02  9.1770801E-06  6.2432909E-07
   1.4050000E+02  4.1950000E+02  8.9035761E-06  8.1857167E-07
   1.4050000E+02  4.1783333E+02  8.5902350E-06  9.0510836E-07
   1.4050000E+02  4.1616667E+02  8.2676272E-06  8.8579449E-07
   1.4050000E+02  4.1450000E+02  7.9619305E-06  7.5843953E-07
   1.4050000E+02  4.1283333E+02  7.7103417E-06  5.1934502E-07
   1.4050000E+02  4.1116667E+02  7.5640469E-06  1.8593442E-07
   1.4050000E+02  4.0950000E+02  4.5384699E-11  1.4591165E-11
   1.4050000E+02  4.0783333E+02  4.2526147E-11  1.1784456E-11
   1.4050000E+02  4.0616667E+02  4.0396737E-11  8.7477918E-12
   1.4050000E+02  4.0450000E+02  3.8864675E-11  5.4603396E-12
   1.4050000E+02  4.0283333E+02  3.8017984E-11  1.8684126E-12
   1.4150000E+02  4.2116667E+02  9.3407121E-06  7.9310793E-07
   1.4150000E+02  4.1950000E+02  8.9940260E-06  1.0219069E-06
   1.4150000E+02  4.1783333E+02  8.6115594E-06  1.1192577E-06
   1.4150000E+02  4.1616667E+02  8.2220525E-06  1.0989140E-06
   1.4150000E+02  4.1450000E+02  7.8430300E-06  9.5615148E-07
   1.4150000E+02  4.1283333E+02  7.5145054E-06  6.6970111E-07
   1.4150000E+02  4.1116667E+02  7.3138218E-06  2.4376545E-07
   1.4150000E+02  4.0950000E+02  4.3611432E-11  1.6624049E-11
   1.4150000E+02  4.0783333E+02  4.0634351E-11  1.3252952E-11
   1.4150000E+02  4.0616667E+02  3.8419510E-11  9.8858472E-12
   1.4150000E+02  4.0450000E+02  3.6678236E-11  6.2862858E-12
   1.4150000E+02  4.0283333E+02  3.5618812E-11  2.1861356E-12
   1.4250000E+02  4.2116667E+02  9.5366313E-06  1.0155087E-06
   1.4250000E+02  4.1950000E+02  9.0942470E-06  1.2729483E-06
   1.4250000E+02  4.1783333E+02  8.6343214E-06  1.3736516E-06
   1.4250000E+02  4.1616667E+02  8.1746604E-06  1.3540209E-06
   1.4250000E+02  4.1450000E+02  7.7105154E-06  1.2069451E-06
   1.4250000E+02  4.1283333E+02  7.2734629E-06  8.7825375E-07
   1.4250000E+02  4.1116667E+02  6.9834182E-06  3.2964983E-07
   1.4250000E+02  4.0950000E+02  4.1351724E-11  1.8724028E-11
   1.4250000E+02  4.0783333E+02  3.8488788E-11  1.4656983E-11
   1.4250000E+02  4.0616667E+02  3.6330468E-11  1.1105712E-11
   1.4250000E+02  4.0450000E+02  3.4266468E-11  7.3495848E-12
   1.4250000E+02  4.0283333E+02  3.2792572E-11  2.6428286E-12
   1.4350000E+02  4.2116667E+02  9.7623556E-06  1.3167797E-06
   1.4350000E+02  4.1950000E+02  9.1940913E-06  1.5780664E-06
   1.4350000E+02  4.1783333E+02  8.6554703E-06  1.6676613E-06
   1.4350000E+02  4.1616667E+02  8.1308319E-06  1.6505907E-06
   1.4350000E+02  4.1450000E+02  7.5779076E-06  1.5206168E-06
   1.4350000E+02  4.1283333E+02  6.9859220E-06  1.1820048E-06
   1.4350000E+02  4.1116667E+02  6.5316106E-06  4.7251242E-07
   1.4350000E+02  4.0950000E+02  3.8366174E-11  2.0681756E-11
   1.4350000E+02  4.0783333E+02  3.6144319E-11  1.5750131E-11
   1.4350000E+02  4.0616667E+02  3.4328515E-11  1.2397039E-11
   1.4350000E+02  4.0450000E+02  3.1694728E-11  8.8769294E-12
   1.4350000E+02  4.0283333E+02  2.9327072E-11  3.4204151E-12
   1.4450000E+02  4.2116667E+02  9.9932357E-06  1.7323460E-06
   1.4450000E+02  4.1950000E+02  9.2742803E-06  1.9348321E-06
   1.4450000E+02  4.1783333E+02  8.6721923E-06  1.9953210E-06
   1.4450000E+02  4.1616667E+02  8.0953344E-06  1.9838288E-06
   1.4450000E+02  4.1450000E+02  7.4747410E-06  1.8914894E-06
   1.4450000E+02  4.1283333E+02  6.6810947E-06  1.6425113E-06
   1.4450000E+02  4.1116667E+02  5.8733871E-06  7.6921733E-07
   1.4450000E+02  4.0950000E+02  3.4148298E-11  2.1837408E-11
   1.4450000E+02  4.0783333E+02  3.3842317E-11  1.6111180E-11
   1.4450000E+02  4.0616667E+02  3.2808700E-11  1.3745642E-11
   1.4450000E+02  4.0450000E+02  2.9215069E-11  1.1264777E-11
   1.4450000E+02  4.0283333E+02  2.4733122E-11  5.1423298E-12
   1.4550000E+02  4.2116667E+02  1.0141508E-05  2.2697372E-06
   1.4550000E+02  4.1950000E+02  9.3146475E-06  2.3249306E-06
   1.4550000E+02  4.1783333E+02  8.6817838E-06  2.3461934E-06
   1.4550000E+02  4.1616667E+02  8.0764343E-06  2.3422808E-06
   1.4550000E+02  4.1450000E+02  7.4077545E-06  2.3066013E-06
   1.4550000E+02  4.1283333E+02  6.5471714E-06  2.2199369E-06
   1.4550000E+02  4.1116667E+02  4.7891222E-06  1.7312457E-06
   1.4550000E+02  4.0950000E+02  2.7360744E-11  1.8903715E-11
   1.4550000E+02  4.0783333E+02  3.2846068E-11  1.5937268E-11
   1.4550000E+02  4.0616667E+02  3.1860734E-11  1.5130926E-11
   1.4550000E+02  4.0450000E+02  2.8116737E-11  1.4282069E-11
   1.4550000E+02  4.0283333E+02  1.7647472E-11  1.1095764E-11
  -2.5950000E+02  4.3314091E+02  9.1607885E-14 -1.8349969E-07
  -2.5950000E+02  4.3262273E+02  9.1607857E-14 -1.8349962E-07
  -2.5950000E+02  4.3210455E+02  9.1607822E-14 -1.8349952E-07
  -2.5950000E+02  4.3158636E+02  9.1607794E-14 -1.8349944E-07
  -2.5950000E+02  4.3106818E+02  9.1607766E-14 -1.8349937E-07
  -2.5950000E+02  4.3055000E+02  9.1607738E-14 -1.8349930E-07
  -2.5950000E+02  4.3003182E+02  9.1607710E-14 -1.8349922E-07
  -2.5950000E+02  4.2951364E+02  9.1607683E-14 -1.8349915E-07
  -2.5950000E+02  4.2899545E+02  9.1607653E-14 -1.8349907E-07
  -2.5950000E+02  4.2847727E+02  9.1607626E-14 -1.8349900E-07
  -2.5950000E+02  4.2795909E+02  9.1607599E-14 -1.8349893E-07
  -2.5950000E+02  4.2744091E+02  9.1607570E-14 -1.8349885E-07
  -2.5950000E+02  4.2692273E+02  9.1607541E-14 -1.8349877E-07
  -2.5950000E+02  4.2640455E+02  9.1607516E-14 -1.8349871E-07
  -2.5950000E+02  4.2588636E+02  9.1607486E-14 -1.8349862E-07
  -2.5950000E+02  4.2536818E+02  9.1607460E-14 -1.8349856E-07
  -2.5950000E+02  4.2485000E+02  1.1459568E-06  6.8408022E-07
  -2.5950000E+02  4.2433182E+02  8.1552186E-07  1.6483742E-06
  -2.5950000E+02  4.2381364E+02  1.5623796E-06  1.9444588E-06
  -2.5950000E+02  4.2329545E+02  2.0880048E-06  2.0931648E-06
  -2.5950000E+02  4.2277727E+02  2.4939991E-06  2.1788301E-06
  -2.5950000E+02  4.2225909E+02  2.8161107E-06  2.2179627E-06
  -2.5850000E+02  4.3314091E+02  1.8924720E-13 -1.8350764E-07
  -2.5850000E+02  4.3262273E+02  1.8924718E-13 -1.8350760E-07
  -2.5850000E+02  4.3210455E+02  1.8924716E-13 -1.8350756E-07
  -2.5850000E+02  4.3158636E+02  1.8924714E-13 -1.8350752E-07
  -2.5850000E+02  4.3106818E+02  1.8924712E-13 -1.8350749E-07
  -2.5850000E+02  4.3055000E+02  1.8924710E-13 -1.8350745E-07
  -2.5850000E+02  4.3003182E+02  1.8924708E-13 -1.8350741E-07
  -2.5850000E+02  4.2951364E+02  1.8924706E-13 -1.8350738E-07
  -2.5850000E+02  4.2899545E+02  1.8924703E-13 -1.8350733E-07
  -2.5850000E+02  4.2847727E+02  1.8924701E-13 -1.8350730E-07
  -2.5850000E+02  4.2795909E+02  1.8924699E-13 -1.8350726E-07
  -2.5850000E+02  4.2744091E+02  1.8924697E-13 -1.8350722E-07
  -2.5850000E+02  4.2692273E+02  1.8924695E-13 -1.8350718E-07
  -2.5850000E+02  4.2640455E+02  1.8924693E-13 -1.8350715E-07
  -2.5850000E+02  4.2588636E+02  1.8924690E-13 -1.8350711E-07
  -2.5850000E+02  4.2536818E+02  1.8924689E-13 -1.8350708E-07
  -2.5850000E+02  4.2485000E+02  4.4287701E-06  7.0010306E-07
  -2.5850000E+02  4.2433182E+02  1.9664297E-06  6.6527523E-07
  -2.5850000E+02  4.2381364E+02  2.1666368E-06  1.0998890E-06
  -2.5850000E+02  4.2329545E+02  2.4464387E-06  1.3834014E-06
  -2.5850000E+02  4.2277727E+02  2.7214988E-06  1.5742781E-06
  -2.5850000E+02  4.2225909E+02  2.9750327E-06  1.7116198E-06
  -2.5750000E+02  4.3314091E+02  2.5435197E-13 -1.8350536E-07
  -2.5750000E+02  4.3262273E+02  2.5435195E-13 -1.8350533E-07
  -2.5750000E+02  4.3210455E+02  2.5435194E-13 -1.8350530E-07
  -2.5750000E+02  4.3158636E+02  2.5435193E-13 -1.8350527E-07
  -2.5750000E+02  4.3106818E+02  2.5435192E-13 -1.8350525E-07
  -2.5750000E+02  4.3055000E+02  2.5435190E-13 -1.8350522E-07
  -2.5750000E+02  4.3003182E+02  2.5435189E-13 -1.8350519E-07
  -2.5750000E+02  4.2951364E+02  2.5435188E-13 -1.8350517E-07
  -2.5750000E+02  4.2899545E+02  2.5435186E-13 -1.8350513E-07
  -2.5750000E+02  4.2847727E+02  2.5435185E-13 -1.8350511E-07
  -2.5750000E+02  4.2795909E+02  2.5435184E-13 -1.8350508E-07
  -2.5750000E+02  4.2744091E+02  2.5435183E-13 -1.8350506E-07
  -2.5750000E+02  4.2692273E+02  2.5435181E-13 -1.8350503E-07
  -2.5750000E+02  4.2640455E+02  2.5435180E-13 -1.8350500E-07
  -2.5750000E+02  4.2588636E+02  2.5435179E-13 -1.8350497E-07
  -2.5750000E+02  4.2536818E+02  2.5435177E-13 -1.8350495E-07
  -2.5750000E+02  4.2485000E+02  6.3255968E-06  3.2104204E-07
  -2.5750000E+02  4.2433182E+02  2.6402024E-06  4.5072262E-07
  -2.5750000E+02  4.2381364E+02  2.7499670E-06  7.1625067E-07
  -2.5750000E+02  4.2329545E+02  2.8902946E-06  9.5626347E-07
  -2.5750000E+02  4.2277727E+02  3.0547310E-06  1.1532652E-06
  -2.5750000E+02  4.2225909E+02  3.2275155E-06  1.3099129E-06
  -2.5650000E+02  4.3314091E+02  2.9406100E-13 -1.8350508E-07
  -2.5650000E+02  4.3262273E+02  2.9406099E-13 -1.8350507E-07
  -2.5650000E+02  4.3210455E+02  2.9406098E-13 -1.8350504E-07
  -2.5650000E+02  4.3158636E+02  2.9406098E-13 -1.8350503E-07
  -2.5650000E+02  4.3106818E+02  2.9406097E-13 -1.8350501E-07
  -2.5650000E+02  4.3055000E+02  2.9406096E-13 -1.8350499E-07
  -2.5650000E+02  4.3003182E+02  2.9406095E-13 -1.8350498E-07
  -2.5650000E+02  4.2951364E+02  2.9406094E-13 -1.8350496E-07
  -2.5650000E+02  4.2899545E+02  2.9406093E-13 -1.8350494E-07
  -2.5650000E+02  4.2847727E+02  2.9406092E-13 -1.8350492E-07
  -2.5650000E+02  4.2795909E+02  2.9406091E-13 -1.8350491E-07
  -2.5650000E+02  4.2744091E+02  2.9406091E-13 -1.8350489E-07
  -2.5650000E+02  4.2692273E+02  2.9406090E-13 -1.8350487E-07
  -2.5650000E+02  4.2640455E+02  2.9406089E-13 -1.8350485E-07
  -2.5650000E+02  4.2588636E+02  2.9406088E-13 -1.8350484E-07
  -2.5650000E+02  4.2536818E+02  2.9406087E-13 -1.8350482E-07
  -2.5650000E+02  4.2485000E+02  7.5591124E-06  2.4214072E-07
  -2.5650000E+02  4.2433182E+02  3.1230935E-06  3.1386127E-07
  -2.5650000E+02  4.2381364E+02  3.1846193E-06  5.2255147E-07
  -2.5650000E+02  4.2329545E+02  3.2719136E-06  7.1069239E-07
  -2.5650000E+02  4.2277727E+02  3.3771670E-06  8.7838238E-07
  -2.5650000E+02  4.2225909E+02  3.4949178E-06  1.0241134E-06
  -2.5550000E+02  4.3314091E+02  3.2408604E-13 -1.8350502E-07
  -2.5550000E+02  4.3262273E+02  3.2408603E-13 -1.8350500E-07
  -2.5550000E+02  4.3210455E+02  3.2408602E-13 -1.8350498E-07
  -2.5550000E+02  4.3158636E+02  3.2408602E-13 -1.8350497E-07
  -2.5550000E+02  4.3106818E+02  3.2408601E-13 -1.8350496E-07
  -2.5550000E+02  4.3055000E+02  3.2408600E-13 -1.8350494E-07
  -2.5550000E+02  4.3003182E+02  3.2408600E-13 -1.8350493E-07
  -2.5550000E+02  4.2951364E+02  3.2408599E-13 -1.8350491E-07
  -2.5550000E+02  4.2899545E+02  3.2408598E-13 -1.8350490E-07
  -2.5550000E+02  4.2847727E+02  3.2408598E-13 -1.8350489E-07
  -2.5550000E+02  4.2795909E+02  3.2408597E-13 -1.8350487E-07
  -2.5550000E+02  4.2744091E+02  3.2408596E-13 -1.8350486E-07
  -2.5550000E+02  4.2692273E+02  3.2408596E-13 -1.8350485E-07
  -2.5550000E+02  4.2640455E+02  3.2408595E-13 -1.8350483E-07
  -2.5550000E+02  4.2588636E+02  3.2408594E-13 -1.8350482E-07
  -2.5550000E+02  4.2536818E+02  3.2408593E-13 -1.8350480E-07
  -2.5550000E+02  4.2485000E+02  8.4791165E-06  1.7177124E-07
  -2.5550000E+02  4.2433182E+02  3.4854127E-06  2.3881500E-07
  -2.5550000E+02  4.2381364E+02  3.5262196E-06  4.0011345E-07
  -2.5550000E+02  4.2329545E+02  3.5843248E-06  5.5253484E-07
  -2.5550000E+02  4.2277727E+02  3.6571823E-06  6.9281723E-07
  -2.5550000E+02  4.2225909E+02  3.7414804E-06  8.1975959E-07
  -2.5450000E+02  4.3314091E+02  3.4730666E-13 -1.8350491E-07
  -2.5450000E+02  4.3262273E+02  3.4730665E-13 -1.8350490E-07
  -2.5450000E+02  4.3210455E+02  3.4730664E-13 -1.8350489E-07
  -2.5450000E+02  4.3158636E+02  3.4730664E-13 -1.8350487E-07
  -2.5450000E+02  4.3106818E+02  3.4730663E-13 -1.8350487E-07
  -2.5450000E+02  4.3055000E+02  3.4730663E-13 -1.8350485E-07
  -2.5450000E+02  4.3003182E+02  3.4730662E-13 -1.8350484E-07
  -2.5450000E+02  4.2951364E+02  3.4730662E-13 -1.8350483E-07
  -2.5450000E+02  4.2899545E+02  3.4730661E-13 -1.8350482E-07
  -2.5450000E+02  4.2847727E+02  3.4730661E-13 -1.8350481E-07
  -2.5450000E+02  4.2795909E+02  3.4730660E-13 -1.8350480E-07
  -2.5450000E+02  4.2744091E+02  3.4730659E-13 -1.8350479E-07
  -2.5450000E+02  4.2692273E+02  3.4730659E-13 -1.8350478E-07
  -2.5450000E+02  4.2640455E+02  3.4730658E-13 -1.8350477E-07
  -2.5450000E+02  4.2588636E+02  3.4730658E-13 -1.8350476E-07
  -2.5450000E+02  4.2536818E+02  3.4730657E-13 -1.8350474E-07
  -2.5450000E+02  4.2485000E+02  9.1951253E-06  1.3033808E-07
  -2.5450000E+02  4.2433182E+02  3.7713331E-06  1.8709982E-07
  -2.5450000E+02  4.2381364E+02  3.8000757E-06  3.1761016E-07
  -2.5450000E+02  4.2329545E+02  3.8418476E-06  4.4229284E-07
  -2.5450000E+02  4.2277727E+02  3.8950851E-06  5.5971815E-07
  -2.5450000E+02  4.2225909E+02  3.9580812E-06  6.6860656E-07
  -2.5350000E+02  4.3314091E+02  3.6602885E-13 -1.8350488E-07
  -2.5350000E+02  4.3262273E+02  3.6602885E-13 -1.8350487E-07
  -2.5350000E+02  4.3210455E+02  3.6602884E-13 -1.8350486E-07
  -2.5350000E+02  4.3158636E+02  3.6602884E-13 -1.8350485E-07
  -2.5350000E+02  4.3106818E+02  3.6602883E-13 -1.8350484E-07
  -2.5350000E+02  4.3055000E+02  3.6602883E-13 -1.8350483E-07
  -2.5350000E+02  4.3003182E+02  3.6602883E-13 -1.8350482E-07
  -2.5350000E+02  4.2951364E+02  3.6602882E-13 -1.8350481E-07
  -2.5350000E+02  4.2899545E+02  3.6602882E-13 -1.8350480E-07
  -2.5350000E+02  4.2847727E+02  3.6602881E-13 -1.8350479E-07
  -2.5350000E+02  4.2795909E+02  3.6602881E-13 -1.8350479E-07
  -2.5350000E+02  4.2744091E+02  3.6602880E-13 -1.8350478E-07
  -2.5350000E+02  4.2692273E+02  3.6602880E-13 -1.8350477E-07
  -2.5350000E+02  4.2640455E+02  3.6602879E-13 -1.8350476E-07
  -2.5350000E+02  4.2588636E+02  3.6602879E-13 -1.8350476E-07
  -2.5350000E+02  4.2536818E+02  3.6602878E-13 -1.8350474E-07
  -2.5350000E+02  4.2485000E+02  9.7723263E-06  9.9600698E-08
  -2.5350000E+02  4.2433182E+02  4.0029858E-06  1.5025248E-07
  -2.5350000E+02  4.2381364E+02  4.0244980E-06  2.5747449E-07
  -2.5350000E+02  4.2329545E+02  4.0559655E-06  3.6108933E-07
  -2.5350000E+02  4.2277727E+02  4.0965597E-06  4.5984305E-07
  -2.5350000E+02  4.2225909E+02  4.1452902E-06  5.5286876E-07
  -2.5250000E+02  4.3314091E+02  3.8142192E-13 -1.8350485E-07
  -2.5250000E+02  4.3262273E+02  3.8142191E-13 -1.8350484E-07
  -2.5250000E+02  4.3210455E+02  3.8142191E-13 -1.8350483E-07
  -2.5250000E+02  4.3158636E+02  3.8142190E-13 -1.8350483E-07
  -2.5250000E+02  4.3106818E+02  3.8142190E-13 -1.8350482E-07
  -2.5250000E+02  4.3055000E+02  3.8142190E-13 -1.8350481E-07
  -2.5250000E+02  4.3003182E+02  3.8142189E-13 -1.8350480E-07
  -2.5250000E+02  4.2951364E+02  3.8142189E-13 -1.8350480E-07
  -2.5250000E+02  4.2899545E+02  3.8142189E-13 -1.8350479E-07
  -2.5250000E+02  4.2847727E+02  3.8142188E-13 -1.8350478E-07
  -2.5250000E+02  4.2795909E+02  3.8142188E-13 -1.8350478E-07
  -2.5250000E+02  4.2744091E+02  3.8142188E-13 -1.8350477E-07
  -2.5250000E+02  4.2692273E+02  3.8142187E-13 -1.8350476E-07
  -2.5250000E+02  4.2640455E+02  3.8142187E-13 -1.8350476E-07
  -2.5250000E+02  4.2588636E+02  3.8142186E-13 -1.8350474E-07
  -2.5250000E+02  4.2536818E+02  3.8142186E-13 -1.8350474E-07
  -2.5250000E+02  4.2485000E+02  1.0247338E-05  7.6624830E-08
  -2.5250000E+02  4.2433182E+02  4.1943755E-06  1.2228671E-07
  -2.5250000E+02  4.2381364E+02  4.2110570E-06  2.1173322E-07
  -2.5250000E+02  4.2329545E+02  4.2356303E-06  2.9868156E-07
  -2.5250000E+02  4.2277727E+02  4.2675854E-06  3.8224350E-07
  -2.5250000E+02  4.2225909E+02  4.3062943E-06  4.6172547E-07
  -2.5150000E+02  4.3314091E+02  3.9426436E-13 -1.8350483E-07
  -2.5150000E+02  4.3262273E+02  3.9426436E-13 -1.8350482E-07
  -2.5150000E+02  4.3210455E+02  3.9426436E-13 -1.8350481E-07
  -2.5150000E+02  4.3158636E+02  3.9426435E-13 -1.8350481E-07
  -2.5150000E+02  4.3106818E+02  3.9426435E-13 -1.8350480E-07
  -2.5150000E+02  4.3055000E+02  3.9426435E-13 -1.8350480E-07
  -2.5150000E+02  4.3003182E+02  3.9426434E-13 -1.8350479E-07
  -2.5150000E+02  4.2951364E+02  3.9426434E-13 -1.8350478E-07
  -2.5150000E+02  4.2899545E+02  3.9426434E-13 -1.8350478E-07
  -2.5150000E+02  4.2847727E+02  3.9426434E-13 -1.8350477E-07
  -2.5150000E+02  4.2795909E+02  3.9426433E-13 -1.8350477E-07
  -2.5150000E+02  4.2744091E+02  3.9426433E-13 -1.8350476E-07
  -2.5150000E+02  4.2692273E+02  3.9426433E-13 -1.8350475E-07
  -2.5150000E+02  4.2640455E+02  3.9426432E-13 -1.8350475E-07
  -2.5150000E+02  4.2588636E+02  3.9426432E-13 -1.8350474E-07
  -2.5150000E+02  4.2536818E+02  3.9426432E-13 -1.8350474E-07
  -2.5150000E+02  4.2485000E+02  1.0643760E-05  5.8535877E-08
  -2.5150000E+02  4.2433182E+02  4.3544294E-06  1.0039459E-07
  -2.5150000E+02  4.2381364E+02  4.3677563E-06  1.7571437E-07
  -2.5150000E+02  4.2329545E+02  4.3874779E-06  2.4921900E-07
  -2.5150000E+02  4.2277727E+02  4.4132442E-06  3.2031380E-07
  -2.5150000E+02  4.2225909E+02  4.4446534E-06  3.8833955E-07
  -2.5050000E+02  4.3314091E+02  4.0509070E-13 -1.8350482E-07
  -2.5050000E+02  4.3262273E+02  4.0509069E-13 -1.8350481E-07
  -2.5050000E+02  4.3210455E+02  4.0509069E-13 -1.8350480E-07
  -2.5050000E+02  4.3158636E+02  4.0509069E-13 -1.8350480E-07
  -2.5050000E+02  4.3106818E+02  4.0509068E-13 -1.8350480E-07
  -2.5050000E+02  4.3055000E+02  4.0509068E-13 -1.8350479E-07
  -2.5050000E+02  4.3003182E+02  4.0509068E-13 -1.8350479E-07
  -2.5050000E+02  4.2951364E+02  4.0509068E-13 -1.8350478E-07
  -2.5050000E+02  4.2899545E+02  4.0509067E-13 -1.8350477E-07
  -2.5050000E+02  4.2847727E+02  4.0509067E-13 -1.8350477E-07
  -2.5050000E+02  4.2795909E+02  4.0509067E-13 -1.8350476E-07
  -2.5050000E+02  4.2744091E+02  4.0509067E-13 -1.8350476E-07
  -2.5050000E+02  4.2692273E+02  4.0509066E-13 -1.8350475E-07
  -2.5050000E+02  4.2640455E+02  4.0509066E-13 -1.8350475E-07
  -2.5050000E+02  4.2588636E+02  4.0509066E-13 -1.8350474E-07
  -2.5050000E+02  4.2536818E+02  4.0509066E-13 -1.8350474E-07
  -2.5050000E+02  4.2485000E+02  1.0977986E-05  4.4117398E-08
  -2.5050000E+02  4.2433182E+02  4.4895935E-06  8.2753084E-08
  -2.5050000E+02  4.2381364E+02  4.5004740E-06  1.4663977E-07
  -2.5050000E+02  4.2329545E+02  4.5165686E-06  2.0917470E-07
  -2.5050000E+02  4.2277727E+02  4.5376990E-06  2.6985558E-07
  -2.5050000E+02  4.2225909E+02  4.5635832E-06  3.2823165E-07
  -2.4950000E+02  4.3314091E+02  4.1427126E-13 -1.8350481E-07
  -2.4950000E+02  4.3262273E+02  4.1427126E-13 -1.8350480E-07
  -2.4950000E+02  4.3210455E+02  4.1427125E-13 -1.8350480E-07
  -2.4950000E+02  4.3158636E+02  4.1427125E-13 -1.8350479E-07
  -2.4950000E+02  4.3106818E+02  4.1427125E-13 -1.8350479E-07
  -2.4950000E+02  4.3055000E+02  4.1427125E-13 -1.8350478E-07
  -2.4950000E+02  4.3003182E+02  4.1427125E-13 -1.8350478E-07
  -2.4950000E+02  4.2951364E+02  4.1427124E-13 -1.8350478E-07
  -2.4950000E+02  4.2899545E+02  4.1427124E-13 -1.8350477E-07
  -2.4950000E+02  4.2847727E+02  4.1427124E-13 -1.8350477E-07
  -2.4950000E+02  4.2795909E+02  4.1427124E-13 -1.8350477E-07
  -2.4950000E+02  4.2744091E+02  4.1427123E-13 -1.8350476E-07
  -2.4950000E+02  4.2692273E+02  4.1427123E-13 -1.8350475E-07
  -2.4950000E+02  4.2640455E+02  4.1427123E-13 -1.8350475E-07
  -2.4950000E+02  4.2588636E+02  4.1427123E-13 -1.8350474E-07
  -2.4950000E+02  4.2536818E+02  4.1427123E-13 -1.8350474E-07
  -2.4950000E+02  4.2485000E+02  1.1261548E-05  3.2313418E-08
  -2.4950000E+02  4.2433182E+02  4.6044013E-06  6.8276842E-08
  -2.4950000E+02  4.2381364E+02  4.6133801E-06  1.2279104E-07
  -2.4950000E+02  4.2329545E+02  4.6267418E-06  1.7617802E-07
  -2.4950000E+02  4.2277727E+02  4.6443220E-06  2.2814766E-07
  -2.4950000E+02  4.2225909E+02  4.6659092E-06  2.7832806E-07
  -2.4850000E+02  4.3314091E+02  4.2210624E-13 -1.8350480E-07
  -2.4850000E+02  4.3262273E+02  4.2210624E-13 -1.8350480E-07
  -2.4850000E+02  4.3210455E+02  4.2210623E-13 -1.8350479E-07
  -2.4850000E+02  4.3158636E+02  4.2210623E-13 -1.8350478E-07
  -2.4850000E+02  4.3106818E+02  4.2210623E-13 -1.8350478E-07
  -2.4850000E+02  4.3055000E+02  4.2210623E-13 -1.8350478E-07
  -2.4850000E+02  4.3003182E+02  4.2210622E-13 -1.8350477E-07
  -2.4850000E+02  4.2951364E+02  4.2210622E-13 -1.8350477E-07
  -2.4850000E+02  4.2899545E+02  4.2210622E-13 -1.8350476E-07
  -2.4850000E+02  4.2847727E+02  4.2210622E-13 -1.8350476E-07
  -2.4850000E+02  4.2795909E+02  4.2210622E-13 -1.8350476E-07
  -2.4850000E+02  4.2744091E+02  4.2210622E-13 -1.8350476E-07
  -2.4850000E+02  4.2692273E+02  4.2210621E-13 -1.8350475E-07
  -2.4850000E+02  4.2640455E+02  4.2210621E-13 -1.8350474E-07
  -2.4850000E+02  4.2588636E+02  4.2210621E-13 -1.8350473E-07
  -2.4850000E+02  4.2536818E+02  4.2210621E-13 -1.8350474E-07
  -2.4850000E+02  4.2485000E+02  1.1503524E-05  2.2412986E-08
  -2.4850000E+02  4.2433182E+02  4.7024244E-06  5.6302961E-08
  -2.4850000E+02  4.2381364E+02  4.7099548E-06  1.0290505E-07
  -2.4850000E+02  4.2329545E+02  4.7211508E-06  1.4867198E-07
  -2.4850000E+02  4.2277727E+02  4.7358816E-06  1.9329916E-07
  -2.4850000E+02  4.2225909E+02  4.7540353E-06  2.3648358E-07
  -2.4750000E+02  4.3314091E+02  4.2881188E-13 -1.8350480E-07
  -2.4750000E+02  4.3262273E+02  4.2881187E-13 -1.8350479E-07
  -2.4750000E+02  4.3210455E+02  4.2881187E-13 -1.8350479E-07
  -2.4750000E+02  4.3158636E+02  4.2881187E-13 -1.8350478E-07
  -2.4750000E+02  4.3106818E+02  4.2881187E-13 -1.8350478E-07
  -2.4750000E+02  4.3055000E+02  4.2881187E-13 -1.8350478E-07
  -2.4750000E+02  4.3003182E+02  4.2881186E-13 -1.8350477E-07
  -2.4750000E+02  4.2951364E+02  4.2881186E-13 -1.8350477E-07
  -2.4750000E+02  4.2899545E+02  4.2881186E-13 -1.8350477E-07
  -2.4750000E+02  4.2847727E+02  4.2881186E-13 -1.8350476E-07
  -2.4750000E+02  4.2795909E+02  4.2881186E-13 -1.8350476E-07
  -2.4750000E+02  4.2744091E+02  4.2881186E-13 -1.8350476E-07
  -2.4750000E+02  4.2692273E+02  4.2881185E-13 -1.8350475E-07
  -2.4750000E+02  4.2640455E+02  4.2881185E-13 -1.8350475E-07
  -2.4750000E+02  4.2588636E+02  4.2881185E-13 -1.8350473E-07
  -2.4750000E+02  4.2536818E+02  4.2881185E-13 -1.8350475E-07
  -2.4750000E+02  4.2485000E+02  1.1710636E-05  1.4166666E-08
  -2.4750000E+02  4.2433182E+02  4.7863899E-06  4.6224798E-08
  -2.4750000E+02  4.2381364E+02  4.7927345E-06  8.6206949E-08
  -2.4750000E+02  4.2329545E+02  4.8021715E-06  1.2555180E-07
  -2.4750000E+02  4.2277727E+02  4.8146354E-06  1.6393843E-07
  -2.4750000E+02  4.2225909E+02  4.8300132E-06  2.0113444E-07
  -2.4650000E+02  4.3314091E+02  4.3456730E-13 -1.8350478E-07
  -2.4650000E+02  4.3262273E+02  4.3456730E-13 -1.8350478E-07
  -2.4650000E+02  4.3210455E+02  4.3456730E-13 -1.8350478E-07
  -2.4650000E+02  4.3158636E+02  4.3456730E-13 -1.8350477E-07
  -2.4650000E+02  4.3106818E+02  4.3456730E-13 -1.8350477E-07
  -2.4650000E+02  4.3055000E+02  4.3456730E-13 -1.8350477E-07
  -2.4650000E+02  4.3003182E+02  4.3456730E-13 -1.8350476E-07
  -2.4650000E+02  4.2951364E+02  4.3456729E-13 -1.8350476E-07
  -2.4650000E+02  4.2899545E+02  4.3456729E-13 -1.8350476E-07
  -2.4650000E+02  4.2847727E+02  4.3456729E-13 -1.8350476E-07
  -2.4650000E+02  4.2795909E+02  4.3456729E-13 -1.8350475E-07
  -2.4650000E+02  4.2744091E+02  4.3456729E-13 -1.8350475E-07
  -2.4650000E+02  4.2692273E+02  4.3456729E-13 -1.8350475E-07
  -2.4650000E+02  4.2640455E+02  4.3456729E-13 -1.8350475E-07
  -2.4650000E+02  4.2588636E+02  4.3456728E-13 -1.8350473E-07
  -2.4650000E+02  4.2536818E+02  4.3456728E-13 -1.8350474E-07
  -2.4650000E+02  4.2485000E+02  1.1888434E-05  7.2045688E-09
  -2.4650000E+02  4.2433182E+02  4.8584801E-06  3.7697796E-08
  -2.4650000E+02  4.2381364E+02  4.8638558E-06  7.2115882E-08
  -2.4650000E+02  4.2329545E+02  4.8718843E-06  1.0593738E-07
  -2.4650000E+02  4.2277727E+02  4.8824918E-06  1.3902912E-07
  -2.4650000E+02  4.2225909E+02  4.8955863E-06  1.7109716E-07
  -2.4550000E+02  4.3314091E+02  4.3951791E-13 -1.8350478E-07
  -2.4550000E+02  4.3262273E+02  4.3951791E-13 -1.8350478E-07
  -2.4550000E+02  4.3210455E+02  4.3951791E-13 -1.8350477E-07
  -2.4550000E+02  4.3158636E+02  4.3951791E-13 -1.8350477E-07
  -2.4550000E+02  4.3106818E+02  4.3951790E-13 -1.8350477E-07
  -2.4550000E+02  4.3055000E+02  4.3951790E-13 -1.8350477E-07
  -2.4550000E+02  4.3003182E+02  4.3951790E-13 -1.8350476E-07
  -2.4550000E+02  4.2951364E+02  4.3951790E-13 -1.8350476E-07
  -2.4550000E+02  4.2899545E+02  4.3951790E-13 -1.8350476E-07
  -2.4550000E+02  4.2847727E+02  4.3951790E-13 -1.8350476E-07
  -2.4550000E+02  4.2795909E+02  4.3951790E-13 -1.8350475E-07
  -2.4550000E+02  4.2744091E+02  4.3951790E-13 -1.8350476E-07
  -2.4550000E+02  4.2692273E+02  4.3951790E-13 -1.8350475E-07
  -2.4550000E+02  4.2640455E+02  4.3951789E-13 -1.8350475E-07
  -2.4550000E+02  4.2588636E+02  4.3951789E-13 -1.8350475E-07
  -2.4550000E+02  4.2536818E+02  4.3951789E-13 -1.8350474E-07
  -2.4550000E+02  4.2485000E+02  1.2041358E-05  1.2819042E-09
  -2.4550000E+02  4.2433182E+02  4.9205175E-06  3.0457410E-08
  -2.4550000E+02  4.2381364E+02  4.9251226E-06  6.0095028E-08
  -2.4550000E+02  4.2329545E+02  4.9319698E-06  8.9250766E-08
  -2.4550000E+02  4.2277727E+02  4.9410206E-06  1.1777857E-07
  -2.4550000E+02  4.2225909E+02  4.9522071E-06  1.4548954E-07
  -2.4450000E+02  4.3314091E+02  4.4378249E-13 -1.8350478E-07
  -2.4450000E+02  4.3262273E+02  4.4378249E-13 -1.8350478E-07
  -2.4450000E+02  4.3210455E+02  4.4378249E-13 -1.8350478E-07
  -2.4450000E+02  4.3158636E+02  4.4378249E-13 -1.8350477E-07
  -2.4450000E+02  4.3106818E+02  4.4378249E-13 -1.8350477E-07
  -2.4450000E+02  4.3055000E+02  4.4378249E-13 -1.8350477E-07
  -2.4450000E+02  4.3003182E+02  4.4378249E-13 -1.8350477E-07
  -2.4450000E+02  4.2951364E+02  4.4378248E-13 -1.8350476E-07
  -2.4450000E+02  4.2899545E+02  4.4378248E-13 -1.8350476E-07
  -2.4450000E+02  4.2847727E+02  4.4378248E-13 -1.8350476E-07
  -2.4450000E+02  4.2795909E+02  4.4378248E-13 -1.8350475E-07
  -2.4450000E+02  4.2744091E+02  4.4378248E-13 -1.8350476E-07
  -2.4450000E+02  4.2692273E+02  4.4378248E-13 -1.8350475E-07
  -2.4450000E+02  4.2640455E+02  4.4378248E-13 -1.8350475E-07
  -2.4450000E+02  4.2588636E+02  4.4378248E-13 -1.8350475E-07
  -2.4450000E+02  4.2536818E+02  4.4378247E-13 -1.8350474E-07
  -2.4450000E+02  4.2485000E+02  1.2173110E-05 -3.7671554E-09
  -2.4450000E+02  4.2433182E+02  4.9739753E-06  2.4254210E-08
  -2.4450000E+02  4.2381364E+02  4.9779009E-06  4.9835308E-08
  -2.4450000E+02  4.2329545E+02  4.9837472E-06  7.5014323E-08
  -2.4450000E+02  4.2277727E+02  4.9914901E-06  9.9606165E-08
  -2.4450000E+02  4.2225909E+02  5.0010846E-06  1.2355814E-07
  -2.4350000E+02  4.3314091E+02  4.4746022E-13 -1.8350478E-07
  -2.4350000E+02  4.3262273E+02  4.4746022E-13 -1.8350478E-07
  -2.4350000E+02  4.3210455E+02  4.4746021E-13 -1.8350477E-07
  -2.4350000E+02  4.3158636E+02  4.4746021E-13 -1.8350477E-07
  -2.4350000E+02  4.3106818E+02  4.4746021E-13 -1.8350477E-07
  -2.4350000E+02  4.3055000E+02  4.4746021E-13 -1.8350477E-07
  -2.4350000E+02  4.3003182E+02  4.4746021E-13 -1.8350477E-07
  -2.4350000E+02  4.2951364E+02  4.4746021E-13 -1.8350476E-07
  -2.4350000E+02  4.2899545E+02  4.4746021E-13 -1.8350476E-07
  -2.4350000E+02  4.2847727E+02  4.4746021E-13 -1.8350476E-07
  -2.4350000E+02  4.2795909E+02  4.4746021E-13 -1.8350476E-07
  -2.4350000E+02  4.2744091E+02  4.4746021E-13 -1.8350476E-07
  -2.4350000E+02  4.2692273E+02  4.4746021E-13 -1.8350476E-07
  -2.4350000E+02  4.2640455E+02  4.4746020E-13 -1.8350475E-07
  -2.4350000E+02  4.2588636E+02  4.4746020E-13 -1.8350475E-07
  -2.4350000E+02  4.2536818E+02  4.4746020E-13 -1.8350475E-07
  -2.4350000E+02  4.2485000E+02  1.2286745E-05 -8.1515250E-09
  -2.4350000E+02  4.2433182E+02  5.0200985E-06  1.8941560E-08
  -2.4350000E+02  4.2381364E+02  5.0234826E-06  4.1041507E-08
  -2.4350000E+02  4.2329545E+02  5.0285198E-06  6.2804888E-08
  -2.4350000E+02  4.2277727E+02  5.0351556E-06  8.4067366E-08
  -2.4350000E+02  4.2225909E+02  5.0433707E-06  1.0472752E-07
  -2.4250000E+02  4.3314091E+02  4.5063774E-13 -1.8350478E-07
  -2.4250000E+02  4.3262273E+02  4.5063774E-13 -1.8350478E-07
  -2.4250000E+02  4.3210455E+02  4.5063774E-13 -1.8350477E-07
  -2.4250000E+02  4.3158636E+02  4.5063774E-13 -1.8350477E-07
  -2.4250000E+02  4.3106818E+02  4.5063774E-13 -1.8350477E-07
  -2.4250000E+02  4.3055000E+02  4.5063774E-13 -1.8350477E-07
  -2.4250000E+02  4.3003182E+02  4.5063773E-13 -1.8350476E-07
  -2.4250000E+02  4.2951364E+02  4.5063773E-13 -1.8350476E-07
  -2.4250000E+02  4.2899545E+02  4.5063773E-13 -1.8350476E-07
  -2.4250000E+02  4.2847727E+02  4.5063773E-13 -1.8350476E-07
  -2.4250000E+02  4.2795909E+02  4.5063773E-13 -1.8350476E-07
  -2.4250000E+02  4.2744091E+02  4.5063773E-13 -1.8350475E-07
  -2.4250000E+02  4.2692273E+02  4.5063773E-13 -1.8350475E-07
  -2.4250000E+02  4.2640455E+02  4.5063773E-13 -1.8350475E-07
  -2.4250000E+02  4.2588636E+02  4.5063773E-13 -1.8350475E-07
  -2.4250000E+02  4.2536818E+02  4.5063773E-13 -1.8350475E-07
  -2.4250000E+02  4.2485000E+02  1.2384890E-05 -1.1905370E-08
  -2.4250000E+02  4.2433182E+02  5.0599066E-06  1.4390099E-08
  -2.4250000E+02  4.2381364E+02  5.0628088E-06  3.3461536E-08
  -2.4250000E+02  4.2329545E+02  5.0671438E-06  5.2298110E-08
  -2.4250000E+02  4.2277727E+02  5.0728751E-06  7.0707945E-08
  -2.4250000E+02  4.2225909E+02  5.0799597E-06  8.8561220E-08
  -2.4150000E+02  4.3314091E+02  4.5339118E-13 -1.8350478E-07
  -2.4150000E+02  4.3262273E+02  4.5339118E-13 -1.8350478E-07
  -2.4150000E+02  4.3210455E+02  4.5339118E-13 -1.8350477E-07
  -2.4150000E+02  4.3158636E+02  4.5339118E-13 -1.8350477E-07
  -2.4150000E+02  4.3106818E+02  4.5339118E-13 -1.8350477E-07
  -2.4150000E+02  4.3055000E+02  4.5339118E-13 -1.8350477E-07
  -2.4150000E+02  4.3003182E+02  4.5339117E-13 -1.8350477E-07
  -2.4150000E+02  4.2951364E+02  4.5339117E-13 -1.8350477E-07
  -2.4150000E+02  4.2899545E+02  4.5339117E-13 -1.8350477E-07
  -2.4150000E+02  4.2847727E+02  4.5339117E-13 -1.8350476E-07
  -2.4150000E+02  4.2795909E+02  4.5339117E-13 -1.8350476E-07
  -2.4150000E+02  4.2744091E+02  4.5339117E-13 -1.8350476E-07
  -2.4150000E+02  4.2692273E+02  4.5339117E-13 -1.8350476E-07
  -2.4150000E+02  4.2640455E+02  4.5339117E-13 -1.8350475E-07
  -2.4150000E+02  4.2588636E+02  4.5339117E-13 -1.8350475E-07
  -2.4150000E+02  4.2536818E+02  4.5339117E-13 -1.8350476E-07
  -2.4150000E+02  4.2485000E+02  1.2469940E-05 -1.5030822E-08
  -2.4150000E+02  4.2433182E+02  5.0944181E-06  1.0479206E-08
  -2.4150000E+02  4.2381364E+02  5.0968935E-06  2.6994366E-08
  -2.4150000E+02  4.2329545E+02  5.1005930E-06  4.3260290E-08
  -2.4150000E+02  4.2277727E+02  5.1055224E-06  5.9172546E-08
  -2.4150000E+02  4.2225909E+02  5.1116224E-06  7.4652544E-08
  -2.4050000E+02  4.3314091E+02  4.5576087E-13 -1.8350477E-07
  -2.4050000E+02  4.3262273E+02  4.5576087E-13 -1.8350477E-07
  -2.4050000E+02  4.3210455E+02  4.5576087E-13 -1.8350477E-07
  -2.4050000E+02  4.3158636E+02  4.5576087E-13 -1.8350477E-07
  -2.4050000E+02  4.3106818E+02  4.5576087E-13 -1.8350477E-07
  -2.4050000E+02  4.3055000E+02  4.5576087E-13 -1.8350476E-07
  -2.4050000E+02  4.3003182E+02  4.5576086E-13 -1.8350476E-07
  -2.4050000E+02  4.2951364E+02  4.5576086E-13 -1.8350476E-07
  -2.4050000E+02  4.2899545E+02  4.5576086E-13 -1.8350476E-07
  -2.4050000E+02  4.2847727E+02  4.5576086E-13 -1.8350476E-07
  -2.4050000E+02  4.2795909E+02  4.5576086E-13 -1.8350476E-07
  -2.4050000E+02  4.2744091E+02  4.5576086E-13 -1.8350476E-07
  -2.4050000E+02  4.2692273E+02  4.5576086E-13 -1.8350476E-07
  -2.4050000E+02  4.2640455E+02  4.5576086E-13 -1.8350476E-07
  -2.4050000E+02  4.2588636E+02  4.5576086E-13 -1.8350475E-07
  -2.4050000E+02  4.2536818E+02  4.5576086E-13 -1.8350476E-07
  -2.4050000E+02  4.2485000E+02  1.2543192E-05 -1.7773931E-08
  -2.4050000E+02  4.2433182E+02  5.1241723E-06  7.1197104E-09
  -2.4050000E+02  4.2381364E+02  5.1263234E-06  2.1425297E-08
  -2.4050000E+02  4.2329545E+02  5.1295492E-06  3.5465059E-08
  -2.4050000E+02  4.2277727E+02  5.1338022E-06  4.9247194E-08
  -2.4050000E+02  4.2225909E+02  5.1390451E-06  6.2688087E-08
  -2.3950000E+02  4.3314091E+02  4.5782408E-13 -1.8350477E-07
  -2.3950000E+02  4.3262273E+02  4.5782408E-13 -1.8350477E-07
  -2.3950000E+02  4.3210455E+02  4.5782407E-13 -1.8350476E-07
  -2.3950000E+02  4.3158636E+02  4.5782407E-13 -1.8350476E-07
  -2.3950000E+02  4.3106818E+02  4.5782407E-13 -1.8350476E-07
  -2.3950000E+02  4.3055000E+02  4.5782407E-13 -1.8350476E-07
  -2.3950000E+02  4.3003182E+02  4.5782407E-13 -1.8350476E-07
  -2.3950000E+02  4.2951364E+02  4.5782407E-13 -1.8350476E-07
  -2.3950000E+02  4.2899545E+02  4.5782407E-13 -1.8350475E-07
  -2.3950000E+02  4.2847727E+02  4.5782407E-13 -1.8350475E-07
  -2.3950000E+02  4.2795909E+02  4.5782407E-13 -1.8350475E-07
  -2.3950000E+02  4.2744091E+02  4.5782407E-13 -1.8350475E-07
  -2.3950000E+02  4.2692273E+02  4.5782407E-13 -1.8350475E-07
  -2.3950000E+02  4.2640455E+02  4.5782407E-13 -1.8350475E-07
  -2.3950000E+02  4.2588636E+02  4.5782407E-13 -1.8350474E-07
  -2.3950000E+02  4.2536818E+02  4.5782407E-13 -1.8350475E-07
  -2.3950000E+02  4.2485000E+02  1.2606905E-05 -2.0159555E-08
  -2.3950000E+02  4.2433182E+02  5.1500018E-06  4.2610052E-09
  -2.3950000E+02  4.2381364E+02  5.1518400E-06  1.6585325E-08
  -2.3950000E+02  4.2329545E+02  5.1545983E-06  2.8756924E-08
  -2.3950000E+02  4.2277727E+02  5.1582455E-06  4.0709113E-08
  -2.3950000E+02  4.2225909E+02  5.1627822E-06  5.2353352E-08
  -2.3850000E+02  4.3314091E+02  4.5960994E-13 -1.8350477E-07
  -2.3850000E+02  4.3262273E+02  4.5960994E-13 -1.8350477E-07
  -2.3850000E+02  4.3210455E+02  4.5960994E-13 -1.8350476E-07
  -2.3850000E+02  4.3158636E+02  4.5960994E-13 -1.8350476E-07
  -2.3850000E+02  4.3106818E+02  4.5960994E-13 -1.8350476E-07
  -2.3850000E+02  4.3055000E+02  4.5960994E-13 -1.8350476E-07
  -2.3850000E+02  4.3003182E+02  4.5960994E-13 -1.8350476E-07
  -2.3850000E+02  4.2951364E+02  4.5960993E-13 -1.8350476E-07
  -2.3850000E+02  4.2899545E+02  4.5960993E-13 -1.8350476E-07
  -2.3850000E+02  4.2847727E+02  4.5960993E-13 -1.8350476E-07
  -2.3850000E+02  4.2795909E+02  4.5960993E-13 -1.8350475E-07
  -2.3850000E+02  4.2744091E+02  4.5960993E-13 -1.8350476E-07
  -2.3850000E+02  4.2692273E+02  4.5960993E-13 -1.8350475E-07
  -2.3850000E+02  4.2640455E+02  4.5960993E-13 -1.8350475E-07
  -2.3850000E+02  4.2588636E+02  4.5960993E-13 -1.8350475E-07
  -2.3850000E+02  4.2536818E+02  4.5960993E-13 -1.8350476E-07
  -2.3850000E+02  4.2485000E+02  1.2662099E-05 -2.2183715E-08
  -2.3850000E+02  4.2433182E+02  5.1724527E-06  1.7621748E-09
  -2.3850000E+02  4.2381364E+02  5.1740523E-06  1.2449882E-08
  -2.3850000E+02  4.2329545E+02  5.1764062E-06  2.3026712E-08
  -2.3850000E+02  4.2277727E+02  5.1795313E-06  3.3369724E-08
  -2.3850000E+02  4.2225909E+02  5.1834204E-06  4.3432445E-08
  -2.3750000E+02  4.3314091E+02  4.6115088E-13 -1.8350476E-07
  -2.3750000E+02  4.3262273E+02  4.6115088E-13 -1.8350476E-07
  -2.3750000E+02  4.3210455E+02  4.6115088E-13 -1.8350475E-07
  -2.3750000E+02  4.3158636E+02  4.6115088E-13 -1.8350475E-07
  -2.3750000E+02  4.3106818E+02  4.6115088E-13 -1.8350475E-07
  -2.3750000E+02  4.3055000E+02  4.6115088E-13 -1.8350475E-07
  -2.3750000E+02  4.3003182E+02  4.6115088E-13 -1.8350475E-07
  -2.3750000E+02  4.2951364E+02  4.6115088E-13 -1.8350475E-07
  -2.3750000E+02  4.2899545E+02  4.6115088E-13 -1.8350475E-07
  -2.3750000E+02  4.2847727E+02  4.6115088E-13 -1.8350475E-07
  -2.3750000E+02  4.2795909E+02  4.6115088E-13 -1.8350475E-07
  -2.3750000E+02  4.2744091E+02  4.6115088E-13 -1.8350475E-07
  -2.3750000E+02  4.2692273E+02  4.6115087E-13 -1.8350474E-07
  -2.3750000E+02  4.2640455E+02  4.6115088E-13 -1.8350475E-07
  -2.3750000E+02  4.2588636E+02  4.6115087E-13 -1.8350474E-07
  -2.3750000E+02  4.2536818E+02  4.6115087E-13 -1.8350474E-07
  -2.3750000E+02  4.2485000E+02  1.2709717E-05 -2.4000478E-08
  -2.3750000E+02  4.2433182E+02  5.1917727E-06 -4.1986314E-10
  -2.3750000E+02  4.2381364E+02  5.1931522E-06  8.8827386E-09
  -2.3750000E+02  4.2329545E+02  5.1952255E-06  1.8050083E-08
  -2.3750000E+02  4.2277727E+02  5.1979591E-06  2.7039911E-08
  -2.3750000E+02  4.2225909E+02  5.2013235E-06  3.5764321E-08
  -2.3650000E+02  4.3314091E+02  4.6250248E-13 -1.8350477E-07
  -2.3650000E+02  4.3262273E+02  4.6250248E-13 -1.8350477E-07
  -2.3650000E+02  4.3210455E+02  4.6250248E-13 -1.8350476E-07
  -2.3650000E+02  4.3158636E+02  4.6250248E-13 -1.8350476E-07
  -2.3650000E+02  4.3106818E+02  4.6250248E-13 -1.8350476E-07
  -2.3650000E+02  4.3055000E+02  4.6250248E-13 -1.8350476E-07
  -2.3650000E+02  4.3003182E+02  4.6250248E-13 -1.8350475E-07
  -2.3650000E+02  4.2951364E+02  4.6250248E-13 -1.8350476E-07
  -2.3650000E+02  4.2899545E+02  4.6250248E-13 -1.8350475E-07
  -2.3650000E+02  4.2847727E+02  4.6250248E-13 -1.8350475E-07
  -2.3650000E+02  4.2795909E+02  4.6250248E-13 -1.8350475E-07
  -2.3650000E+02  4.2744091E+02  4.6250248E-13 -1.8350475E-07
  -2.3650000E+02  4.2692273E+02  4.6250248E-13 -1.8350475E-07
  -2.3650000E+02  4.2640455E+02  4.6250248E-13 -1.8350475E-07
  -2.3650000E+02  4.2588636E+02  4.6250247E-13 -1.8350474E-07
  -2.3650000E+02  4.2536818E+02  4.6250248E-13 -1.8350474E-07
  -2.3650000E+02  4.2485000E+02  1.2751436E-05 -2.5491427E-08
  -2.3650000E+02  4.2433182E+02  5.2086764E-06 -2.2626514E-09
  -2.3650000E+02  4.2381364E+02  5.2098497E-06  5.7990563E-09
  -2.3650000E+02  4.2329545E+02  5.2116073E-06  1.3740668E-08
  -2.3650000E+02  4.2277727E+02  5.2139431E-06  2.1566323E-08
  -2.3650000E+02  4.2225909E+02  5.2168468E-06  2.9141533E-08
  -2.3550000E+02  4.3314091E+02  4.6366508E-13 -1.8350477E-07
  -2.3550000E+02  4.3262273E+02  4.6366508E-13 -1.8350477E-07
  -2.3550000E+02  4.3210455E+02  4.6366508E-13 -1.8350476E-07
  -2.3550000E+02  4.3158636E+02  4.6366508E-13 -1.8350476E-07
  -2.3550000E+02  4.3106818E+02  4.6366508E-13 -1.8350476E-07
  -2.3550000E+02  4.3055000E+02  4.6366508E-13 -1.8350476E-07
  -2.3550000E+02  4.3003182E+02  4.6366508E-13 -1.8350476E-07
  -2.3550000E+02  4.2951364E+02  4.6366508E-13 -1.8350476E-07
  -2.3550000E+02  4.2899545E+02  4.6366508E-13 -1.8350476E-07
  -2.3550000E+02  4.2847727E+02  4.6366508E-13 -1.8350476E-07
  -2.3550000E+02  4.2795909E+02  4.6366508E-13 -1.8350476E-07
  -2.3550000E+02  4.2744091E+02  4.6366508E-13 -1.8350476E-07
  -2.3550000E+02  4.2692273E+02  4.6366508E-13 -1.8350475E-07
  -2.3550000E+02  4.2640455E+02  4.6366508E-13 -1.8350476E-07
  -2.3550000E+02  4.2588636E+02  4.6366508E-13 -1.8350476E-07
  -2.3550000E+02  4.2536818E+02  4.6366508E-13 -1.8350475E-07
  -2.3550000E+02  4.2485000E+02  1.2787395E-05 -2.6769102E-08
  -2.3550000E+02  4.2433182E+02  5.2233230E-06 -3.8782617E-09
  -2.3550000E+02  4.2381364E+02  5.2243607E-06  3.1478567E-09
  -2.3550000E+02  4.2329545E+02  5.2258804E-06  1.0067227E-08
  -2.3550000E+02  4.2277727E+02  5.2278918E-06  1.6850532E-08
  -2.3550000E+02  4.2225909E+02  5.2303784E-06  2.3454812E-08
  -2.3450000E+02  4.3314091E+02  4.6467771E-13 -1.8350476E-07
  -2.3450000E+02  4.3262273E+02  4.6467771E-13 -1.8350476E-07
  -2.3450000E+02  4.3210455E+02  4.6467771E-13 -1.8350476E-07
  -2.3450000E+02  4.3158636E+02  4.6467771E-13 -1.8350475E-07
  -2.3450000E+02  4.3106818E+02  4.6467771E-13 -1.8350475E-07
  -2.3450000E+02  4.3055000E+02  4.6467771E-13 -1.8350475E-07
  -2.3450000E+02  4.3003182E+02  4.6467771E-13 -1.8350475E-07
  -2.3450000E+02  4.2951364E+02  4.6467771E-13 -1.8350476E-07
  -2.3450000E+02  4.2899545E+02  4.6467771E-13 -1.8350475E-07
  -2.3450000E+02  4.2847727E+02  4.6467771E-13 -1.8350475E-07
  -2.3450000E+02  4.2795909E+02  4.6467771E-13 -1.8350475E-07
  -2.3450000E+02  4.2744091E+02  4.6467771E-13 -1.8350476E-07
  -2.3450000E+02  4.2692273E+02  4.6467771E-13 -1.8350475E-07
  -2.3450000E+02  4.2640455E+02  4.6467771E-13 -1.8350475E-07
  -2.3450000E+02  4.2588636E+02  4.6467771E-13 -1.8350475E-07
  -2.3450000E+02  4.2536818E+02  4.6467771E-13 -1.8350475E-07
  -2.3450000E+02  4.2485000E+02  1.2818667E-05 -2.7929841E-08
  -2.3450000E+02  4.2433182E+02  5.2359808E-06 -5.2570146E-09
  -2.3450000E+02  4.2381364E+02  5.2368501E-06  8.4628807E-10
  -2.3450000E+02  4.2329545E+02  5.2381760E-06  6.8774789E-09
  -2.3450000E+02  4.2277727E+02  5.2399317E-06  1.2770475E-08
  -2.3450000E+02  4.2225909E+02  5.2421039E-06  1.8543936E-08
  -2.3350000E+02  4.3314091E+02  4.6556302E-13 -1.8350477E-07
  -2.3350000E+02  4.3262273E+02  4.6556302E-13 -1.8350477E-07
  -2.3350000E+02  4.3210455E+02  4.6556302E-13 -1.8350476E-07
  -2.3350000E+02  4.3158636E+02  4.6556302E-13 -1.8350476E-07
  -2.3350000E+02  4.3106818E+02  4.6556302E-13 -1.8350476E-07
  -2.3350000E+02  4.3055000E+02  4.6556302E-13 -1.8350476E-07
  -2.3350000E+02  4.3003182E+02  4.6556302E-13 -1.8350476E-07
  -2.3350000E+02  4.2951364E+02  4.6556302E-13 -1.8350476E-07
  -2.3350000E+02  4.2899545E+02  4.6556302E-13 -1.8350475E-07
  -2.3350000E+02  4.2847727E+02  4.6556302E-13 -1.8350476E-07
  -2.3350000E+02  4.2795909E+02  4.6556302E-13 -1.8350476E-07
  -2.3350000E+02  4.2744091E+02  4.6556302E-13 -1.8350476E-07
  -2.3350000E+02  4.2692273E+02  4.6556302E-13 -1.8350476E-07
  -2.3350000E+02  4.2640455E+02  4.6556302E-13 -1.8350475E-07
  -2.3350000E+02  4.2588636E+02  4.6556302E-13 -1.8350476E-07
  -2.3350000E+02  4.2536818E+02  4.6556302E-13 -1.8350475E-07
  -2.3350000E+02  4.2485000E+02  1.2846018E-05 -2.8889164E-08
  -2.3350000E+02  4.2433182E+02  5.2471015E-06 -6.4231024E-09
  -2.3350000E+02  4.2381364E+02  5.2478589E-06 -1.1268809E-09
  -2.3350000E+02  4.2329545E+02  5.2489796E-06  4.1291537E-09
  -2.3350000E+02  4.2277727E+02  5.2504647E-06  9.2647208E-09
  -2.3350000E+02  4.2225909E+02  5.2523243E-06  1.4268857E-08
  -2.3250000E+02  4.3314091E+02  4.6632559E-13 -1.8350476E-07
  -2.3250000E+02  4.3262273E+02  4.6632559E-13 -1.8350476E-07
  -2.3250000E+02  4.3210455E+02  4.6632559E-13 -1.8350476E-07
  -2.3250000E+02  4.3158636E+02  4.6632559E-13 -1.8350476E-07
  -2.3250000E+02  4.3106818E+02  4.6632559E-13 -1.8350476E-07
  -2.3250000E+02  4.3055000E+02  4.6632559E-13 -1.8350475E-07
  -2.3250000E+02  4.3003182E+02  4.6632559E-13 -1.8350476E-07
  -2.3250000E+02  4.2951364E+02  4.6632559E-13 -1.8350476E-07
  -2.3250000E+02  4.2899545E+02  4.6632559E-13 -1.8350475E-07
  -2.3250000E+02  4.2847727E+02  4.6632559E-13 -1.8350476E-07
  -2.3250000E+02  4.2795909E+02  4.6632559E-13 -1.8350475E-07
  -2.3250000E+02  4.2744091E+02  4.6632559E-13 -1.8350475E-07
  -2.3250000E+02  4.2692273E+02  4.6632559E-13 -1.8350475E-07
  -2.3250000E+02  4.2640455E+02  4.6632559E-13 -1.8350475E-07
  -2.3250000E+02  4.2588636E+02  4.6632559E-13 -1.8350475E-07
  -2.3250000E+02  4.2536818E+02  4.6632559E-13 -1.8350475E-07
  -2.3250000E+02  4.2485000E+02  1.2869602E-05 -2.9769849E-08
  -2.3250000E+02  4.2433182E+02  5.2567073E-06 -7.4819719E-09
  -2.3250000E+02  4.2381364E+02  5.2573838E-06 -2.8351884E-09
  -2.3250000E+02  4.2329545E+02  5.2583758E-06  1.7603257E-09
  -2.3250000E+02  4.2277727E+02  5.2596785E-06  6.2537243E-09
  -2.3250000E+02  4.2225909E+02  5.2612731E-06  1.0613689E-08
  -2.3150000E+02  4.3314091E+02  4.6700238E-13 -1.8350476E-07
  -2.3150000E+02  4.3262273E+02  4.6700238E-13 -1.8350476E-07
  -2.3150000E+02  4.3210455E+02  4.6700238E-13 -1.8350476E-07
  -2.3150000E+02  4.3158636E+02  4.6700238E-13 -1.8350476E-07
  -2.3150000E+02  4.3106818E+02  4.6700238E-13 -1.8350476E-07
  -2.3150000E+02  4.3055000E+02  4.6700238E-13 -1.8350476E-07
  -2.3150000E+02  4.3003182E+02  4.6700238E-13 -1.8350476E-07
  -2.3150000E+02  4.2951364E+02  4.6700238E-13 -1.8350475E-07
  -2.3150000E+02  4.2899545E+02  4.6700238E-13 -1.8350475E-07
  -2.3150000E+02  4.2847727E+02  4.6700238E-13 -1.8350475E-07
  -2.3150000E+02  4.2795909E+02  4.6700238E-13 -1.8350475E-07
  -2.3150000E+02  4.2744091E+02  4.6700238E-13 -1.8350475E-07
  -2.3150000E+02  4.2692273E+02  4.6700238E-13 -1.8350475E-07
  -2.3150000E+02  4.2640455E+02  4.6700238E-13 -1.8350476E-07
  -2.3150000E+02  4.2588636E+02  4.6700237E-13 -1.8350474E-07
  -2.3150000E+02  4.2536818E+02  4.6700238E-13 -1.8350476E-07
  -2.3150000E+02  4.2485000E+02  1.2890469E-05 -3.0477804E-08
  -2.3150000E+02  4.2433182E+02  5.2651169E-06 -8.3615333E-09
  -2.3150000E+02  4.2381364E+02  5.2656554E-06 -4.3003850E-09
  -2.3150000E+02  4.2329545E+02  5.2664979E-06 -3.1468368E-10
  -2.3150000E+02  4.2277727E+02  5.2676315E-06  3.6270252E-09
  -2.3150000E+02  4.2225909E+02  5.2690358E-06  7.4530354E-09
  -2.3050000E+02  4.3314091E+02  4.6758825E-13 -1.8350477E-07
  -2.3050000E+02  4.3262273E+02  4.6758825E-13 -1.8350477E-07
  -2.3050000E+02  4.3210455E+02  4.6758825E-13 -1.8350476E-07
  -2.3050000E+02  4.3158636E+02  4.6758825E-13 -1.8350476E-07
  -2.3050000E+02  4.3106818E+02  4.6758825E-13 -1.8350476E-07
  -2.3050000E+02  4.3055000E+02  4.6758825E-13 -1.8350476E-07
  -2.3050000E+02  4.3003182E+02  4.6758825E-13 -1.8350476E-07
  -2.3050000E+02  4.2951364E+02  4.6758825E-13 -1.8350476E-07
  -2.3050000E+02  4.2899545E+02  4.6758825E-13 -1.8350476E-07
  -2.3050000E+02  4.2847727E+02  4.6758825E-13 -1.8350476E-07
  -2.3050000E+02  4.2795909E+02  4.6758825E-13 -1.8350476E-07
  -2.3050000E+02  4.2744091E+02  4.6758825E-13 -1.8350476E-07
  -2.3050000E+02  4.2692273E+02  4.6758825E-13 -1.8350476E-07
  -2.3050000E+02  4.2640455E+02  4.6758825E-13 -1.8350476E-07
  -2.3050000E+02  4.2588636E+02  4.6758824E-13 -1.8350475E-07
  -2.3050000E+02  4.2536818E+02  4.6758825E-13 -1.8350477E-07
  -2.3050000E+02  4.2485000E+02  1.2908592E-05 -3.1023043E-08
  -2.3050000E+02  4.2433182E+02  5.2725106E-06 -9.0923687E-09
  -2.3050000E+02  4.2381364E+02  5.2729947E-06 -5.5427185E-09
  -2.3050000E+02  4.2329545E+02  5.2737080E-06 -2.0748781E-09
  -2.3050000E+02  4.2277727E+02  5.2746608E-06  1.3607431E-09
  -2.3050000E+02  4.2225909E+02  5.2758597E-06  4.6957601E-09
  -2.2950000E+02  4.3314091E+02  4.6809449E-13 -1.8350476E-07
  -2.2950000E+02  4.3262273E+02  4.6809449E-13 -1.8350476E-07
  -2.2950000E+02  4.3210455E+02  4.6809449E-13 -1.8350476E-07
  -2.2950000E+02  4.3158636E+02  4.6809449E-13 -1.8350476E-07
  -2.2950000E+02  4.3106818E+02  4.6809449E-13 -1.8350476E-07
  -2.2950000E+02  4.3055000E+02  4.6809449E-13 -1.8350476E-07
  -2.2950000E+02  4.3003182E+02  4.6809449E-13 -1.8350476E-07
  -2.2950000E+02  4.2951364E+02  4.6809449E-13 -1.8350476E-07
  -2.2950000E+02  4.2899545E+02  4.6809449E-13 -1.8350476E-07
  -2.2950000E+02  4.2847727E+02  4.6809449E-13 -1.8350475E-07
  -2.2950000E+02  4.2795909E+02  4.6809449E-13 -1.8350476E-07
  -2.2950000E+02  4.2744091E+02  4.6809449E-13 -1.8350476E-07
  -2.2950000E+02  4.2692273E+02  4.6809449E-13 -1.8350475E-07
  -2.2950000E+02  4.2640455E+02  4.6809449E-13 -1.8350476E-07
  -2.2950000E+02  4.2588636E+02  4.6809448E-13 -1.8350475E-07
  -2.2950000E+02  4.2536818E+02  4.6809449E-13 -1.8350476E-07
  -2.2950000E+02  4.2485000E+02  1.2924262E-05 -3.1613676E-08
  -2.2950000E+02  4.2433182E+02  5.2789078E-06 -9.7781862E-09
  -2.2950000E+02  4.2381364E+02  5.2793581E-06 -6.6598998E-09
  -2.2950000E+02  4.2329545E+02  5.2800070E-06 -3.5865212E-09
  -2.2950000E+02  4.2277727E+02  5.2808474E-06 -5.8810096E-10
  -2.2950000E+02  4.2225909E+02  5.2818775E-06  2.3429829E-09
  -2.2850000E+02  4.3314091E+02  4.6855176E-13 -1.8350476E-07
  -2.2850000E+02  4.3262273E+02  4.6855176E-13 -1.8350476E-07
  -2.2850000E+02  4.3210455E+02  4.6855175E-13 -1.8350476E-07
  -2.2850000E+02  4.3158636E+02  4.6855175E-13 -1.8350476E-07
  -2.2850000E+02  4.3106818E+02  4.6855175E-13 -1.8350476E-07
  -2.2850000E+02  4.3055000E+02  4.6855175E-13 -1.8350476E-07
  -2.2850000E+02  4.3003182E+02  4.6855175E-13 -1.8350476E-07
  -2.2850000E+02  4.2951364E+02  4.6855175E-13 -1.8350476E-07
  -2.2850000E+02  4.2899545E+02  4.6855175E-13 -1.8350475E-07
  -2.2850000E+02  4.2847727E+02  4.6855175E-13 -1.8350476E-07
  -2.2850000E+02  4.2795909E+02  4.6855175E-13 -1.8350476E-07
  -2.2850000E+02  4.2744091E+02  4.6855175E-13 -1.8350475E-07
  -2.2850000E+02  4.2692273E+02  4.6855175E-13 -1.8350475E-07
  -2.2850000E+02  4.2640455E+02  4.6855175E-13 -1.8350476E-07
  -2.2850000E+02  4.2588636E+02  4.6855175E-13 -1.8350475E-07
  -2.2850000E+02  4.2536818E+02  4.6855175E-13 -1.8350476E-07
  -2.2850000E+02  4.2485000E+02  1.2938363E-05 -3.2130286E-08
  -2.2850000E+02  4.2433182E+02  5.2846004E-06 -1.0368385E-08
  -2.2850000E+02  4.2381364E+02  5.2849620E-06 -7.6364960E-09
  -2.2850000E+02  4.2329545E+02  5.2855059E-06 -4.9117998E-09
  -2.2850000E+02  4.2277727E+02  5.2862256E-06 -2.2735243E-09
  -2.2850000E+02  4.2225909E+02  5.2871250E-06  3.0481078E-10
  -2.2750000E+02  4.3314091E+02  4.6894961E-13 -1.8350476E-07
  -2.2750000E+02  4.3262273E+02  4.6894961E-13 -1.8350476E-07
  -2.2750000E+02  4.3210455E+02  4.6894961E-13 -1.8350476E-07
  -2.2750000E+02  4.3158636E+02  4.6894961E-13 -1.8350476E-07
  -2.2750000E+02  4.3106818E+02  4.6894961E-13 -1.8350476E-07
  -2.2750000E+02  4.3055000E+02  4.6894961E-13 -1.8350476E-07
  -2.2750000E+02  4.3003182E+02  4.6894961E-13 -1.8350476E-07
  -2.2750000E+02  4.2951364E+02  4.6894961E-13 -1.8350476E-07
  -2.2750000E+02  4.2899545E+02  4.6894961E-13 -1.8350476E-07
  -2.2750000E+02  4.2847727E+02  4.6894961E-13 -1.8350476E-07
  -2.2750000E+02  4.2795909E+02  4.6894961E-13 -1.8350476E-07
  -2.2750000E+02  4.2744091E+02  4.6894961E-13 -1.8350476E-07
  -2.2750000E+02  4.2692273E+02  4.6894961E-13 -1.8350476E-07
  -2.2750000E+02  4.2640455E+02  4.6894961E-13 -1.8350476E-07
  -2.2750000E+02  4.2588636E+02  4.6894961E-13 -1.8350476E-07
  -2.2750000E+02  4.2536818E+02  4.6894961E-13 -1.8350475E-07
  -2.2750000E+02  4.2485000E+02  1.2950663E-05 -3.2523490E-08
  -2.2750000E+02  4.2433182E+02  5.2896069E-06 -1.0861439E-08
  -2.2750000E+02  4.2381364E+02  5.2899211E-06 -8.4476368E-09
  -2.2750000E+02  4.2329545E+02  5.2903843E-06 -6.0443087E-09
  -2.2750000E+02  4.2277727E+02  5.2909987E-06 -3.7156256E-09
  -2.2750000E+02  4.2225909E+02  5.2917646E-06 -1.4666517E-09
  -2.2650000E+02  4.3314091E+02  4.6929754E-13 -1.8350476E-07
  -2.2650000E+02  4.3262273E+02  4.6929754E-13 -1.8350476E-07
  -2.2650000E+02  4.3210455E+02  4.6929754E-13 -1.8350476E-07
  -2.2650000E+02  4.3158636E+02  4.6929754E-13 -1.8350476E-07
  -2.2650000E+02  4.3106818E+02  4.6929754E-13 -1.8350476E-07
  -2.2650000E+02  4.3055000E+02  4.6929754E-13 -1.8350475E-07
  -2.2650000E+02  4.3003182E+02  4.6929754E-13 -1.8350476E-07
  -2.2650000E+02  4.2951364E+02  4.6929754E-13 -1.8350475E-07
  -2.2650000E+02  4.2899545E+02  4.6929754E-13 -1.8350476E-07
  -2.2650000E+02  4.2847727E+02  4.6929754E-13 -1.8350476E-07
  -2.2650000E+02  4.2795909E+02  4.6929754E-13 -1.8350475E-07
  -2.2650000E+02  4.2744091E+02  4.6929754E-13 -1.8350476E-07
  -2.2650000E+02  4.2692273E+02  4.6929754E-13 -1.8350475E-07
  -2.2650000E+02  4.2640455E+02  4.6929754E-13 -1.8350476E-07
  -2.2650000E+02  4.2588636E+02  4.6929754E-13 -1.8350475E-07
  -2.2650000E+02  4.2536818E+02  4.6929754E-13 -1.8350475E-07
  -2.2650000E+02  4.2485000E+02  1.2961410E-05 -3.2868323E-08
  -2.2650000E+02  4.2433182E+02  5.2939648E-06 -1.1285910E-08
  -2.2650000E+02  4.2381364E+02  5.2942357E-06 -9.1522398E-09
  -2.2650000E+02  4.2329545E+02  5.2946552E-06 -7.0431991E-09
  -2.2650000E+02  4.2277727E+02  5.2952079E-06 -4.9690109E-09
  -2.2650000E+02  4.2225909E+02  5.2958722E-06 -2.9732728E-09
  -2.2550000E+02  4.3314091E+02  4.6961150E-13 -1.8350476E-07
  -2.2550000E+02  4.3262273E+02  4.6961150E-13 -1.8350476E-07
  -2.2550000E+02  4.3210455E+02  4.6961149E-13 -1.8350476E-07
  -2.2550000E+02  4.3158636E+02  4.6961149E-13 -1.8350476E-07
  -2.2550000E+02  4.3106818E+02  4.6961149E-13 -1.8350476E-07
  -2.2550000E+02  4.3055000E+02  4.6961149E-13 -1.8350476E-07
  -2.2550000E+02  4.3003182E+02  4.6961149E-13 -1.8350476E-07
  -2.2550000E+02  4.2951364E+02  4.6961149E-13 -1.8350476E-07
  -2.2550000E+02  4.2899545E+02  4.6961149E-13 -1.8350476E-07
  -2.2550000E+02  4.2847727E+02  4.6961149E-13 -1.8350476E-07
  -2.2550000E+02  4.2795909E+02  4.6961149E-13 -1.8350476E-07
  -2.2550000E+02  4.2744091E+02  4.6961149E-13 -1.8350476E-07
  -2.2550000E+02  4.2692273E+02  4.6961149E-13 -1.8350476E-07
  -2.2550000E+02  4.2640455E+02  4.6961149E-13 -1.8350476E-07
  -2.2550000E+02  4.2588636E+02  4.6961149E-13 -1.8350476E-07
  -2.2550000E+02  4.2536818E+02  4.6961149E-13 -1.8350476E-07
  -2.2550000E+02  4.2485000E+02  1.2971103E-05 -3.3132946E-08
  -2.2550000E+02  4.2433182E+02  5.2978953E-06 -1.1636688E-08
  -2.2550000E+02  4.2381364E+02  5.2981187E-06 -9.7553142E-09
  -2.2550000E+02  4.2329545E+02  5.2984610E-06 -7.9102017E-09
  -2.2550000E+02  4.2277727E+02  5.2989212E-06 -6.0567005E-09
  -2.2550000E+02  4.2225909E+02  5.2994940E-06 -4.2729364E-09
  -2.2450000E+02  4.3314091E+02  4.6988478E-13 -1.8350476E-07
  -2.2450000E+02  4.3262273E+02  4.6988478E-13 -1.8350476E-07
  -2.2450000E+02  4.3210455E+02  4.6988478E-13 -1.8350476E-07
  -2.2450000E+02  4.3158636E+02  4.6988478E-13 -1.8350476E-07
  -2.2450000E+02  4.3106818E+02  4.6988478E-13 -1.8350476E-07
  -2.2450000E+02  4.3055000E+02  4.6988478E-13 -1.8350476E-07
  -2.2450000E+02  4.3003182E+02  4.6988478E-13 -1.8350476E-07
  -2.2450000E+02  4.2951364E+02  4.6988478E-13 -1.8350476E-07
  -2.2450000E+02  4.2899545E+02  4.6988478E-13 -1.8350476E-07
  -2.2450000E+02  4.2847727E+02  4.6988478E-13 -1.8350476E-07
  -2.2450000E+02  4.2795909E+02  4.6988478E-13 -1.8350476E-07
  -2.2450000E+02  4.2744091E+02  4.6988478E-13 -1.8350476E-07
  -2.2450000E+02  4.2692273E+02  4.6988478E-13 -1.8350476E-07
  -2.2450000E+02  4.2640455E+02  4.6988478E-13 -1.8350475E-07
  -2.2450000E+02  4.2588636E+02  4.6988478E-13 -1.8350476E-07
  -2.2450000E+02  4.2536818E+02  4.6988478E-13 -1.8350475E-07
  -2.2450000E+02  4.2485000E+02  1.2979565E-05 -3.3379525E-08
  -2.2450000E+02  4.2433182E+02  5.3013577E-06 -1.1954144E-08
  -2.2450000E+02  4.2381364E+02  5.3015650E-06 -1.0269018E-08
  -2.2450000E+02  4.2329545E+02  5.3018567E-06 -8.6200778E-09
  -2.2450000E+02  4.2277727E+02  5.3022435E-06 -6.9814594E-09
  -2.2450000E+02  4.2225909E+02  5.3027302E-06 -5.3926922E-09
  -2.2350000E+02  4.3314091E+02  4.7012668E-13 -1.8350476E-07
  -2.2350000E+02  4.3262273E+02  4.7012668E-13 -1.8350476E-07
  -2.2350000E+02  4.3210455E+02  4.7012668E-13 -1.8350476E-07
  -2.2350000E+02  4.3158636E+02  4.7012668E-13 -1.8350476E-07
  -2.2350000E+02  4.3106818E+02  4.7012668E-13 -1.8350476E-07
  -2.2350000E+02  4.3055000E+02  4.7012668E-13 -1.8350476E-07
  -2.2350000E+02  4.3003182E+02  4.7012668E-13 -1.8350476E-07
  -2.2350000E+02  4.2951364E+02  4.7012668E-13 -1.8350476E-07
  -2.2350000E+02  4.2899545E+02  4.7012668E-13 -1.8350476E-07
  -2.2350000E+02  4.2847727E+02  4.7012668E-13 -1.8350476E-07
  -2.2350000E+02  4.2795909E+02  4.7012668E-13 -1.8350476E-07
  -2.2350000E+02  4.2744091E+02  4.7012668E-13 -1.8350475E-07
  -2.2350000E+02  4.2692273E+02  4.7012668E-13 -1.8350476E-07
  -2.2350000E+02  4.2640455E+02  4.7012668E-13 -1.8350475E-07
  -2.2350000E+02  4.2588636E+02  4.7012668E-13 -1.8350476E-07
  -2.2350000E+02  4.2536818E+02  4.7012668E-13 -1.8350475E-07
  -2.2350000E+02  4.2485000E+02  1.2987034E-05 -3.3618405E-08
  -2.2350000E+02  4.2433182E+02  5.3043788E-06 -1.2231190E-08
  -2.2350000E+02  4.2381364E+02  5.3045531E-06 -1.0728422E-08
  -2.2350000E+02  4.2329545E+02  5.3048200E-06 -9.2388274E-09
  -2.2350000E+02  4.2277727E+02  5.3051729E-06 -7.7902318E-09
  -2.2350000E+02  4.2225909E+02  5.3056051E-06 -6.3571085E-09
  -2.2250000E+02  4.3314091E+02  4.7034488E-13 -1.8350476E-07
  -2.2250000E+02  4.3262273E+02  4.7034488E-13 -1.8350476E-07
  -2.2250000E+02  4.3210455E+02  4.7034488E-13 -1.8350476E-07
  -2.2250000E+02  4.3158636E+02  4.7034488E-13 -1.8350476E-07
  -2.2250000E+02  4.3106818E+02  4.7034488E-13 -1.8350476E-07
  -2.2250000E+02  4.3055000E+02  4.7034488E-13 -1.8350476E-07
  -2.2250000E+02  4.3003182E+02  4.7034488E-13 -1.8350476E-07
  -2.2250000E+02  4.2951364E+02  4.7034488E-13 -1.8350476E-07
  -2.2250000E+02  4.2899545E+02  4.7034488E-13 -1.8350476E-07
  -2.2250000E+02  4.2847727E+02  4.7034488E-13 -1.8350476E-07
  -2.2250000E+02  4.2795909E+02  4.7034488E-13 -1.8350476E-07
  -2.2250000E+02  4.2744091E+02  4.7034488E-13 -1.8350475E-07
  -2.2250000E+02  4.2692273E+02  4.7034488E-13 -1.8350476E-07
  -2.2250000E+02  4.2640455E+02  4.7034488E-13 -1.8350475E-07
  -2.2250000E+02  4.2588636E+02  4.7034488E-13 -1.8350477E-07
  -2.2250000E+02  4.2536818E+02  4.7034487E-13 -1.8350475E-07
  -2.2250000E+02  4.2485000E+02  1.2993774E-05 -3.3801183E-08
  -2.2250000E+02  4.2433182E+02  5.3071170E-06 -1.2452805E-08
  -2.2250000E+02  4.2381364E+02  5.3072631E-06 -1.1125231E-08
  -2.2250000E+02  4.2329545E+02  5.3074889E-06 -9.7929903E-09
  -2.2250000E+02  4.2277727E+02  5.3077886E-06 -8.4954517E-09
  -2.2250000E+02  4.2225909E+02  5.3081618E-06 -7.2059755E-09
  -2.2150000E+02  4.3314091E+02  4.7053891E-13 -1.8350476E-07
  -2.2150000E+02  4.3262273E+02  4.7053891E-13 -1.8350476E-07
  -2.2150000E+02  4.3210455E+02  4.7053891E-13 -1.8350476E-07
  -2.2150000E+02  4.3158636E+02  4.7053891E-13 -1.8350476E-07
  -2.2150000E+02  4.3106818E+02  4.7053891E-13 -1.8350476E-07
  -2.2150000E+02  4.3055000E+02  4.7053891E-13 -1.8350476E-07
  -2.2150000E+02  4.3003182E+02  4.7053891E-13 -1.8350476E-07
  -2.2150000E+02  4.2951364E+02  4.7053891E-13 -1.8350475E-07
  -2.2150000E+02  4.2899545E+02  4.7053891E-13 -1.8350476E-07
  -2.2150000E+02  4.2847727E+02  4.7053891E-13 -1.8350476E-07
  -2.2150000E+02  4.2795909E+02  4.7053891E-13 -1.8350476E-07
  -2.2150000E+02  4.2744091E+02  4.7053891E-13 -1.8350475E-07
  -2.2150000E+02  4.2692273E+02  4.7053891E-13 -1.8350476E-07
  -2.2150000E+02  4.2640455E+02  4.7053891E-13 -1.8350475E-07
  -2.2150000E+02  4.2588636E+02  4.7053891E-13 -1.8350476E-07
  -2.2150000E+02  4.2536818E+02  4.7053891E-13 -1.8350475E-07
  -2.2150000E+02  4.2485000E+02  1.2999782E-05 -3.3982218E-08
  -2.2150000E+02  4.2433182E+02  5.3095781E-06 -1.2660877E-08
  -2.2150000E+02  4.2381364E+02  5.3097150E-06 -1.1463419E-08
  -2.2150000E+02  4.2329545E+02  5.3099090E-06 -1.0264988E-08
  -2.2150000E+02  4.2277727E+02  5.3101607E-06 -9.0874547E-09
  -2.2150000E+02  4.2225909E+02  5.3104721E-06 -7.9350579E-09
  -2.2050000E+02  4.3314091E+02  4.7071644E-13 -1.8350476E-07
  -2.2050000E+02  4.3262273E+02  4.7071644E-13 -1.8350476E-07
  -2.2050000E+02  4.3210455E+02  4.7071644E-13 -1.8350476E-07
  -2.2050000E+02  4.3158636E+02  4.7071644E-13 -1.8350476E-07
  -2.2050000E+02  4.3106818E+02  4.7071644E-13 -1.8350475E-07
  -2.2050000E+02  4.3055000E+02  4.7071644E-13 -1.8350476E-07
  -2.2050000E+02  4.3003182E+02  4.7071644E-13 -1.8350476E-07
  -2.2050000E+02  4.2951364E+02  4.7071644E-13 -1.8350476E-07
  -2.2050000E+02  4.2899545E+02  4.7071644E-13 -1.8350476E-07
  -2.2050000E+02  4.2847727E+02  4.7071644E-13 -1.8350476E-07
  -2.2050000E+02  4.2795909E+02  4.7071644E-13 -1.8350476E-07
  -2.2050000E+02  4.2744091E+02  4.7071644E-13 -1.8350475E-07
  -2.2050000E+02  4.2692273E+02  4.7071644E-13 -1.8350476E-07
  -2.2050000E+02  4.2640455E+02  4.7071644E-13 -1.8350475E-07
  -2.2050000E+02  4.2588636E+02  4.7071644E-13 -1.8350476E-07
  -2.2050000E+02  4.2536818E+02  4.7071644E-13 -1.8350475E-07
  -2.2050000E+02  4.2485000E+02  1.3005256E-05 -3.4138263E-08
  -2.2050000E+02  4.2433182E+02  5.3117874E-06 -1.2845074E-08
  -2.2050000E+02  4.2381364E+02  5.3118943E-06 -1.1749656E-08
  -2.2050000E+02  4.2329545E+02  5.3120573E-06 -1.0667725E-08
  -2.2050000E+02  4.2277727E+02  5.3122771E-06 -9.5944887E-09
  -2.2050000E+02  4.2225909E+02  5.3125519E-06 -8.5593128E-09
  -2.1950000E+02  4.3314091E+02  4.7087576E-13 -1.8350476E-07
  -2.1950000E+02  4.3262273E+02  4.7087576E-13 -1.8350476E-07
  -2.1950000E+02  4.3210455E+02  4.7087576E-13 -1.8350476E-07
  -2.1950000E+02  4.3158636E+02  4.7087576E-13 -1.8350476E-07
  -2.1950000E+02  4.3106818E+02  4.7087576E-13 -1.8350476E-07
  -2.1950000E+02  4.3055000E+02  4.7087576E-13 -1.8350476E-07
  -2.1950000E+02  4.3003182E+02  4.7087576E-13 -1.8350476E-07
  -2.1950000E+02  4.2951364E+02  4.7087576E-13 -1.8350476E-07
  -2.1950000E+02  4.2899545E+02  4.7087576E-13 -1.8350476E-07
  -2.1950000E+02  4.2847727E+02  4.7087576E-13 -1.8350476E-07
  -2.1950000E+02  4.2795909E+02  4.7087576E-13 -1.8350475E-07
  -2.1950000E+02  4.2744091E+02  4.7087576E-13 -1.8350476E-07
  -2.1950000E+02  4.2692273E+02  4.7087576E-13 -1.8350476E-07
  -2.1950000E+02  4.2640455E+02  4.7087576E-13 -1.8350476E-07
  -2.1950000E+02  4.2588636E+02  4.7087576E-13 -1.8350476E-07
  -2.1950000E+02  4.2536818E+02  4.7087576E-13 -1.8350475E-07
  -2.1950000E+02  4.2485000E+02  1.3010177E-05 -3.4232787E-08
  -2.1950000E+02  4.2433182E+02  5.3137852E-06 -1.2987255E-08
  -2.1950000E+02  4.2381364E+02  5.3138747E-06 -1.1986395E-08
  -2.1950000E+02  4.2329545E+02  5.3140121E-06 -1.1010724E-08
  -2.1950000E+02  4.2277727E+02  5.3142022E-06 -1.0042416E-08
  -2.1950000E+02  4.2225909E+02  5.3144441E-06 -9.1085755E-09
  -2.1850000E+02  4.3314091E+02  4.7101656E-13 -1.8350476E-07
  -2.1850000E+02  4.3262273E+02  4.7101656E-13 -1.8350476E-07
  -2.1850000E+02  4.3210455E+02  4.7101656E-13 -1.8350476E-07
  -2.1850000E+02  4.3158636E+02  4.7101656E-13 -1.8350476E-07
  -2.1850000E+02  4.3106818E+02  4.7101656E-13 -1.8350476E-07
  -2.1850000E+02  4.3055000E+02  4.7101656E-13 -1.8350476E-07
  -2.1850000E+02  4.3003182E+02  4.7101656E-13 -1.8350476E-07
  -2.1850000E+02  4.2951364E+02  4.7101656E-13 -1.8350476E-07
  -2.1850000E+02  4.2899545E+02  4.7101656E-13 -1.8350476E-07
  -2.1850000E+02  4.2847727E+02  4.7101656E-13 -1.8350476E-07
  -2.1850000E+02  4.2795909E+02  4.7101656E-13 -1.8350475E-07
  -2.1850000E+02  4.2744091E+02  4.7101656E-13 -1.8350476E-07
  -2.1850000E+02  4.2692273E+02  4.7101656E-13 -1.8350476E-07
  -2.1850000E+02  4.2640455E+02  4.7101656E-13 -1.8350476E-07
  -2.1850000E+02  4.2588636E+02  4.7101656E-13 -1.8350475E-07
  -2.1850000E+02  4.2536818E+02  4.7101656E-13 -1.8350476E-07
  -2.1850000E+02  4.2485000E+02  1.3014542E-05 -3.4336784E-08
  -2.1850000E+02  4.2433182E+02  5.3155772E-06 -1.3119298E-08
  -2.1850000E+02  4.2381364E+02  5.3156710E-06 -1.2208030E-08
  -2.1850000E+02  4.2329545E+02  5.3158060E-06 -1.1314892E-08
  -2.1850000E+02  4.2277727E+02  5.3159804E-06 -1.0441614E-08
  -2.1850000E+02  4.2225909E+02  5.3161872E-06 -9.5752385E-09
  -2.1750000E+02  4.3314091E+02  4.7114933E-13 -1.8350476E-07
  -2.1750000E+02  4.3262273E+02  4.7114933E-13 -1.8350476E-07
  -2.1750000E+02  4.3210455E+02  4.7114933E-13 -1.8350476E-07
  -2.1750000E+02  4.3158636E+02  4.7114933E-13 -1.8350476E-07
  -2.1750000E+02  4.3106818E+02  4.7114933E-13 -1.8350476E-07
  -2.1750000E+02  4.3055000E+02  4.7114933E-13 -1.8350476E-07
  -2.1750000E+02  4.3003182E+02  4.7114933E-13 -1.8350476E-07
  -2.1750000E+02  4.2951364E+02  4.7114933E-13 -1.8350476E-07
  -2.1750000E+02  4.2899545E+02  4.7114933E-13 -1.8350476E-07
  -2.1750000E+02  4.2847727E+02  4.7114933E-13 -1.8350476E-07
  -2.1750000E+02  4.2795909E+02  4.7114933E-13 -1.8350475E-07
  -2.1750000E+02  4.2744091E+02  4.7114933E-13 -1.8350476E-07
  -2.1750000E+02  4.2692273E+02  4.7114933E-13 -1.8350476E-07
  -2.1750000E+02  4.2640455E+02  4.7114933E-13 -1.8350475E-07
  -2.1750000E+02  4.2588636E+02  4.7114933E-13 -1.8350476E-07
  -2.1750000E+02  4.2536818E+02  4.7114933E-13 -1.8350475E-07
  -2.1750000E+02  4.2485000E+02  1.3018643E-05 -3.4456110E-08
  -2.1750000E+02  4.2433182E+02  5.3172437E-06 -1.3244312E-08
  -2.1750000E+02  4.2381364E+02  5.3173239E-06 -1.2418758E-08
  -2.1750000E+02  4.2329545E+02  5.3174417E-06 -1.1592264E-08
  -2.1750000E+02  4.2277727E+02  5.3175913E-06 -1.0789570E-08
  -2.1750000E+02  4.2225909E+02  5.3177687E-06 -9.9685598E-09
  -2.1650000E+02  4.3314091E+02  4.7127333E-13 -1.8350476E-07
  -2.1650000E+02  4.3262273E+02  4.7127333E-13 -1.8350476E-07
  -2.1650000E+02  4.3210455E+02  4.7127333E-13 -1.8350476E-07
  -2.1650000E+02  4.3158636E+02  4.7127333E-13 -1.8350476E-07
  -2.1650000E+02  4.3106818E+02  4.7127333E-13 -1.8350476E-07
  -2.1650000E+02  4.3055000E+02  4.7127333E-13 -1.8350476E-07
  -2.1650000E+02  4.3003182E+02  4.7127333E-13 -1.8350476E-07
  -2.1650000E+02  4.2951364E+02  4.7127333E-13 -1.8350476E-07
  -2.1650000E+02  4.2899545E+02  4.7127333E-13 -1.8350476E-07
  -2.1650000E+02  4.2847727E+02  4.7127333E-13 -1.8350476E-07
  -2.1650000E+02  4.2795909E+02  4.7127333E-13 -1.8350476E-07
  -2.1650000E+02  4.2744091E+02  4.7127333E-13 -1.8350475E-07
  -2.1650000E+02  4.2692273E+02  4.7127333E-13 -1.8350476E-07
  -2.1650000E+02  4.2640455E+02  4.7127333E-13 -1.8350475E-07
  -2.1650000E+02  4.2588636E+02  4.7127333E-13 -1.8350476E-07
  -2.1650000E+02  4.2536818E+02  4.7127333E-13 -1.8350476E-07
  -2.1650000E+02  4.2485000E+02  1.3022473E-05 -3.4548495E-08
  -2.1650000E+02  4.2433182E+02  5.3187986E-06 -1.3348788E-08
  -2.1650000E+02  4.2381364E+02  5.3188599E-06 -1.2587508E-08
  -2.1650000E+02  4.2329545E+02  5.3189463E-06 -1.1817553E-08
  -2.1650000E+02  4.2277727E+02  5.3190607E-06 -1.1073818E-08
  -2.1650000E+02  4.2225909E+02  5.3192094E-06 -1.0313680E-08
  -2.1550000E+02  4.3314091E+02  4.7138438E-13 -1.8350476E-07
  -2.1550000E+02  4.3262273E+02  4.7138438E-13 -1.8350476E-07
  -2.1550000E+02  4.3210455E+02  4.7138438E-13 -1.8350476E-07
  -2.1550000E+02  4.3158636E+02  4.7138438E-13 -1.8350476E-07
  -2.1550000E+02  4.3106818E+02  4.7138438E-13 -1.8350476E-07
  -2.1550000E+02  4.3055000E+02  4.7138438E-13 -1.8350476E-07
  -2.1550000E+02  4.3003182E+02  4.7138438E-13 -1.8350476E-07
  -2.1550000E+02  4.2951364E+02  4.7138438E-13 -1.8350476E-07
  -2.1550000E+02  4.2899545E+02  4.7138438E-13 -1.8350476E-07
  -2.1550000E+02  4.2847727E+02  4.7138438E-13 -1.8350476E-07
  -2.1550000E+02  4.2795909E+02  4.7138438E-13 -1.8350476E-07
  -2.1550000E+02  4.2744091E+02  4.7138438E-13 -1.8350476E-07
  -2.1550000E+02  4.2692273E+02  4.7138438E-13 -1.8350476E-07
  -2.1550000E+02  4.2640455E+02  4.7138438E-13 -1.8350475E-07
  -2.1550000E+02  4.2588636E+02  4.7138438E-13 -1.8350476E-07
  -2.1550000E+02  4.2536818E+02  4.7138437E-13 -1.8350475E-07
  -2.1550000E+02  4.2485000E+02  1.3025903E-05 -3.4613471E-08
  -2.1550000E+02  4.2433182E+02  5.3201897E-06 -1.3431181E-08
  -2.1550000E+02  4.2381364E+02  5.3202375E-06 -1.2715826E-08
  -2.1550000E+02  4.2329545E+02  5.3203110E-06 -1.1997757E-08
  -2.1550000E+02  4.2277727E+02  5.3204114E-06 -1.1308210E-08
  -2.1550000E+02  4.2225909E+02  5.3205422E-06 -1.0618797E-08
  -2.1450000E+02  4.3314091E+02  4.7148648E-13 -1.8350476E-07
  -2.1450000E+02  4.3262273E+02  4.7148648E-13 -1.8350476E-07
  -2.1450000E+02  4.3210455E+02  4.7148647E-13 -1.8350476E-07
  -2.1450000E+02  4.3158636E+02  4.7148647E-13 -1.8350476E-07
  -2.1450000E+02  4.3106818E+02  4.7148647E-13 -1.8350476E-07
  -2.1450000E+02  4.3055000E+02  4.7148647E-13 -1.8350476E-07
  -2.1450000E+02  4.3003182E+02  4.7148647E-13 -1.8350476E-07
  -2.1450000E+02  4.2951364E+02  4.7148647E-13 -1.8350476E-07
  -2.1450000E+02  4.2899545E+02  4.7148648E-13 -1.8350476E-07
  -2.1450000E+02  4.2847727E+02  4.7148647E-13 -1.8350475E-07
  -2.1450000E+02  4.2795909E+02  4.7148648E-13 -1.8350476E-07
  -2.1450000E+02  4.2744091E+02  4.7148647E-13 -1.8350475E-07
  -2.1450000E+02  4.2692273E+02  4.7148647E-13 -1.8350476E-07
  -2.1450000E+02  4.2640455E+02  4.7148647E-13 -1.8350476E-07
  -2.1450000E+02  4.2588636E+02  4.7148648E-13 -1.8350476E-07
  -2.1450000E+02  4.2536818E+02  4.7148647E-13 -1.8350475E-07
  -2.1450000E+02  4.2485000E+02  1.3029056E-05 -3.4654235E-08
  -2.1450000E+02  4.2433182E+02  5.3214695E-06 -1.3492123E-08
  -2.1450000E+02  4.2381364E+02  5.3215091E-06 -1.2823551E-08
  -2.1450000E+02  4.2329545E+02  5.3215756E-06 -1.2160190E-08
  -2.1450000E+02  4.2277727E+02  5.3216665E-06 -1.1515120E-08
  -2.1450000E+02  4.2225909E+02  5.3217855E-06 -1.0893917E-08
  -2.1350000E+02  4.3314091E+02  4.7158126E-13 -1.8350476E-07
  -2.1350000E+02  4.3262273E+02  4.7158126E-13 -1.8350476E-07
  -2.1350000E+02  4.3210455E+02  4.7158126E-13 -1.8350476E-07
  -2.1350000E+02  4.3158636E+02  4.7158126E-13 -1.8350476E-07
  -2.1350000E+02  4.3106818E+02  4.7158126E-13 -1.8350476E-07
  -2.1350000E+02  4.3055000E+02  4.7158126E-13 -1.8350476E-07
  -2.1350000E+02  4.3003182E+02  4.7158126E-13 -1.8350476E-07
  -2.1350000E+02  4.2951364E+02  4.7158126E-13 -1.8350476E-07
  -2.1350000E+02  4.2899545E+02  4.7158126E-13 -1.8350476E-07
  -2.1350000E+02  4.2847727E+02  4.7158126E-13 -1.8350476E-07
  -2.1350000E+02  4.2795909E+02  4.7158126E-13 -1.8350476E-07
  -2.1350000E+02  4.2744091E+02  4.7158126E-13 -1.8350476E-07
  -2.1350000E+02  4.2692273E+02  4.7158126E-13 -1.8350476E-07
  -2.1350000E+02  4.2640455E+02  4.7158126E-13 -1.8350476E-07
  -2.1350000E+02  4.2588636E+02  4.7158126E-13 -1.8350475E-07
  -2.1350000E+02  4.2536818E+02  4.7158126E-13 -1.8350476E-07
  -2.1350000E+02  4.2485000E+02  1.3031995E-05 -3.4702515E-08
  -2.1350000E+02  4.2433182E+02  5.3226826E-06 -1.3558318E-08
  -2.1350000E+02  4.2381364E+02  5.3227315E-06 -1.2928226E-08
  -2.1350000E+02  4.2329545E+02  5.3227945E-06 -1.2305285E-08
  -2.1350000E+02  4.2277727E+02  5.3228747E-06 -1.1700280E-08
  -2.1350000E+02  4.2225909E+02  5.3229725E-06 -1.1127102E-08
  -2.1250000E+02  4.3314091E+02  4.7167109E-13 -1.8350476E-07
  -2.1250000E+02  4.3262273E+02  4.7167109E-13 -1.8350476E-07
  -2.1250000E+02  4.3210455E+02  4.7167109E-13 -1.8350476E-07
  -2.1250000E+02  4.3158636E+02  4.7167109E-13 -1.8350476E-07
  -2.1250000E+02  4.3106818E+02  4.7167108E-13 -1.8350476E-07
  -2.1250000E+02  4.3055000E+02  4.7167108E-13 -1.8350476E-07
  -2.1250000E+02  4.3003182E+02  4.7167108E-13 -1.8350476E-07
  -2.1250000E+02  4.2951364E+02  4.7167109E-13 -1.8350476E-07
  -2.1250000E+02  4.2899545E+02  4.7167108E-13 -1.8350476E-07
  -2.1250000E+02  4.2847727E+02  4.7167108E-13 -1.8350476E-07
  -2.1250000E+02  4.2795909E+02  4.7167108E-13 -1.8350476E-07
  -2.1250000E+02  4.2744091E+02  4.7167108E-13 -1.8350476E-07
  -2.1250000E+02  4.2692273E+02  4.7167108E-13 -1.8350476E-07
  -2.1250000E+02  4.2640455E+02  4.7167108E-13 -1.8350475E-07
  -2.1250000E+02  4.2588636E+02  4.7167108E-13 -1.8350475E-07
  -2.1250000E+02  4.2536818E+02  4.7167108E-13 -1.8350476E-07
  -2.1250000E+02  4.2485000E+02  1.3034771E-05 -3.4766678E-08
  -2.1250000E+02  4.2433182E+02  5.3238116E-06 -1.3631079E-08
  -2.1250000E+02  4.2381364E+02  5.3238560E-06 -1.3035696E-08
  -2.1250000E+02  4.2329545E+02  5.3239206E-06 -1.2443975E-08
  -2.1250000E+02  4.2277727E+02  5.3240030E-06 -1.1875376E-08
  -2.1250000E+02  4.2225909E+02  5.3240880E-06 -1.1304794E-08
  -2.1150000E+02  4.3314091E+02  4.7175873E-13 -1.8350476E-07
  -2.1150000E+02  4.3262273E+02  4.7175873E-13 -1.8350476E-07
  -2.1150000E+02  4.3210455E+02  4.7175873E-13 -1.8350476E-07
  -2.1150000E+02  4.3158636E+02  4.7175873E-13 -1.8350476E-07
  -2.1150000E+02  4.3106818E+02  4.7175873E-13 -1.8350476E-07
  -2.1150000E+02  4.3055000E+02  4.7175873E-13 -1.8350476E-07
  -2.1150000E+02  4.3003182E+02  4.7175873E-13 -1.8350476E-07
  -2.1150000E+02  4.2951364E+02  4.7175873E-13 -1.8350476E-07
  -2.1150000E+02  4.2899545E+02  4.7175873E-13 -1.8350476E-07
  -2.1150000E+02  4.2847727E+02  4.7175873E-13 -1.8350475E-07
  -2.1150000E+02  4.2795909E+02  4.7175873E-13 -1.8350476E-07
  -2.1150000E+02  4.2744091E+02  4.7175873E-13 -1.8350475E-07
  -2.1150000E+02  4.2692273E+02  4.7175873E-13 -1.8350476E-07
  -2.1150000E+02  4.2640455E+02  4.7175873E-13 -1.8350475E-07
  -2.1150000E+02  4.2588636E+02  4.7175873E-13 -1.8350476E-07
  -2.1150000E+02  4.2536818E+02  4.7175873E-13 -1.8350475E-07
  -2.1150000E+02  4.2485000E+02  1.3037468E-05 -3.4791017E-08
  -2.1150000E+02  4.2433182E+02  5.3248876E-06 -1.3665591E-08
  -2.1150000E+02  4.2381364E+02  5.3249041E-06 -1.3118726E-08
  -2.1150000E+02  4.2329545E+02  5.3249496E-06 -1.2573499E-08
  -2.1150000E+02  4.2277727E+02  5.3250177E-06 -1.2036340E-08
  -2.1150000E+02  4.2225909E+02  5.3251036E-06 -1.1473642E-08
  -2.1050000E+02  4.3314091E+02  4.7183940E-13 -1.8350476E-07
  -2.1050000E+02  4.3262273E+02  4.7183940E-13 -1.8350476E-07
  -2.1050000E+02  4.3210455E+02  4.7183940E-13 -1.8350476E-07
  -2.1050000E+02  4.3158636E+02  4.7183940E-13 -1.8350476E-07
  -2.1050000E+02  4.3106818E+02  4.7183940E-13 -1.8350476E-07
  -2.1050000E+02  4.3055000E+02  4.7183940E-13 -1.8350476E-07
  -2.1050000E+02  4.3003182E+02  4.7183940E-13 -1.8350476E-07
  -2.1050000E+02  4.2951364E+02  4.7183940E-13 -1.8350476E-07
  -2.1050000E+02  4.2899545E+02  4.7183940E-13 -1.8350476E-07
  -2.1050000E+02  4.2847727E+02  4.7183940E-13 -1.8350476E-07
  -2.1050000E+02  4.2795909E+02  4.7183940E-13 -1.8350476E-07
  -2.1050000E+02  4.2744091E+02  4.7183940E-13 -1.8350476E-07
  -2.1050000E+02  4.2692273E+02  4.7183940E-13 -1.8350476E-07
  -2.1050000E+02  4.2640455E+02  4.7183940E-13 -1.8350476E-07
  -2.1050000E+02  4.2588636E+02  4.7183940E-13 -1.8350476E-07
  -2.1050000E+02  4.2536818E+02  4.7183940E-13 -1.8350476E-07
  -2.1050000E+02  4.2485000E+02  1.3039971E-05 -3.4800470E-08
  -2.1050000E+02  4.2433182E+02  5.3259215E-06 -1.3681220E-08
  -2.1050000E+02  4.2381364E+02  5.3259410E-06 -1.3172538E-08
  -2.1050000E+02  4.2329545E+02  5.3259691E-06 -1.2661863E-08
  -2.1050000E+02  4.2277727E+02  5.3260103E-06 -1.2158753E-08
  -2.1050000E+02  4.2225909E+02  5.3260845E-06 -1.1660187E-08
  -2.0950000E+02  4.3314091E+02  4.7191386E-13 -1.8350476E-07
  -2.0950000E+02  4.3262273E+02  4.7191386E-13 -1.8350476E-07
  -2.0950000E+02  4.3210455E+02  4.7191386E-13 -1.8350475E-07
  -2.0950000E+02  4.3158636E+02  4.7191386E-13 -1.8350475E-07
  -2.0950000E+02  4.3106818E+02  4.7191386E-13 -1.8350475E-07
  -2.0950000E+02  4.3055000E+02  4.7191386E-13 -1.8350475E-07
  -2.0950000E+02  4.3003182E+02  4.7191386E-13 -1.8350476E-07
  -2.0950000E+02  4.2951364E+02  4.7191386E-13 -1.8350475E-07
  -2.0950000E+02  4.2899545E+02  4.7191386E-13 -1.8350476E-07
  -2.0950000E+02  4.2847727E+02  4.7191386E-13 -1.8350475E-07
  -2.0950000E+02  4.2795909E+02  4.7191386E-13 -1.8350475E-07
  -2.0950000E+02  4.2744091E+02  4.7191386E-13 -1.8350476E-07
  -2.0950000E+02  4.2692273E+02  4.7191386E-13 -1.8350475E-07
  -2.0950000E+02  4.2640455E+02  4.7191386E-13 -1.8350475E-07
  -2.0950000E+02  4.2588636E+02  4.7191386E-13 -1.8350475E-07
  -2.0950000E+02  4.2536818E+02  4.7191386E-13 -1.8350476E-07
  -2.0950000E+02  4.2485000E+02  1.3042287E-05 -3.4864993E-08
  -2.0950000E+02  4.2433182E+02  5.3268898E-06 -1.3734246E-08
  -2.0950000E+02  4.2381364E+02  5.3269323E-06 -1.3239190E-08
  -2.0950000E+02  4.2329545E+02  5.3269758E-06 -1.2733406E-08
  -2.0950000E+02  4.2277727E+02  5.3270227E-06 -1.2257048E-08
  -2.0950000E+02  4.2225909E+02  5.3270764E-06 -1.1808766E-08
  -2.0850000E+02  4.3314091E+02  4.7199145E-13 -1.8350476E-07
  -2.0850000E+02  4.3262273E+02  4.7199145E-13 -1.8350476E-07
  -2.0850000E+02  4.3210455E+02  4.7199145E-13 -1.8350475E-07
  -2.0850000E+02  4.3158636E+02  4.7199145E-13 -1.8350475E-07
  -2.0850000E+02  4.3106818E+02  4.7199145E-13 -1.8350475E-07
  -2.0850000E+02  4.3055000E+02  4.7199145E-13 -1.8350475E-07
  -2.0850000E+02  4.3003182E+02  4.7199145E-13 -1.8350475E-07
  -2.0850000E+02  4.2951364E+02  4.7199145E-13 -1.8350475E-07
  -2.0850000E+02  4.2899545E+02  4.7199145E-13 -1.8350476E-07
  -2.0850000E+02  4.2847727E+02  4.7199145E-13 -1.8350475E-07
  -2.0850000E+02  4.2795909E+02  4.7199145E-13 -1.8350475E-07
  -2.0850000E+02  4.2744091E+02  4.7199145E-13 -1.8350476E-07
  -2.0850000E+02  4.2692273E+02  4.7199145E-13 -1.8350475E-07
  -2.0850000E+02  4.2640455E+02  4.7199145E-13 -1.8350475E-07
  -2.0850000E+02  4.2588636E+02  4.7199145E-13 -1.8350476E-07
  -2.0850000E+02  4.2536818E+02  4.7199145E-13 -1.8350475E-07
  -2.0850000E+02  4.2485000E+02  1.3044672E-05 -3.4926431E-08
  -2.0850000E+02  4.2433182E+02  5.3278426E-06 -1.3790623E-08
  -2.0850000E+02  4.2381364E+02  5.3278687E-06 -1.3315082E-08
  -2.0850000E+02  4.2329545E+02  5.3279149E-06 -1.2830689E-08
  -2.0850000E+02  4.2277727E+02  5.3279706E-06 -1.2357583E-08
  -2.0850000E+02  4.2225909E+02  5.3280160E-06 -1.1899526E-08
  -2.0750000E+02  4.3314091E+02  4.7206973E-13 -1.8350476E-07
  -2.0750000E+02  4.3262273E+02  4.7206973E-13 -1.8350476E-07
  -2.0750000E+02  4.3210455E+02  4.7206972E-13 -1.8350476E-07
  -2.0750000E+02  4.3158636E+02  4.7206972E-13 -1.8350475E-07
  -2.0750000E+02  4.3106818E+02  4.7206972E-13 -1.8350476E-07
  -2.0750000E+02  4.3055000E+02  4.7206972E-13 -1.8350476E-07
  -2.0750000E+02  4.3003182E+02  4.7206972E-13 -1.8350476E-07
  -2.0750000E+02  4.2951364E+02  4.7206972E-13 -1.8350475E-07
  -2.0750000E+02  4.2899545E+02  4.7206972E-13 -1.8350476E-07
  -2.0750000E+02  4.2847727E+02  4.7206972E-13 -1.8350475E-07
  -2.0750000E+02  4.2795909E+02  4.7206972E-13 -1.8350475E-07
  -2.0750000E+02  4.2744091E+02  4.7206972E-13 -1.8350476E-07
  -2.0750000E+02  4.2692273E+02  4.7206972E-13 -1.8350476E-07
  -2.0750000E+02  4.2640455E+02  4.7206972E-13 -1.8350476E-07
  -2.0750000E+02  4.2588636E+02  4.7206972E-13 -1.8350475E-07
  -2.0750000E+02  4.2536818E+02  4.7206973E-13 -1.8350476E-07
  -2.0750000E+02  4.2485000E+02  1.3047082E-05 -3.4919394E-08
  -2.0750000E+02  4.2433182E+02  5.3288065E-06 -1.3802420E-08
  -2.0750000E+02  4.2381364E+02  5.3288058E-06 -1.3352205E-08
  -2.0750000E+02  4.2329545E+02  5.3288200E-06 -1.2910212E-08
  -2.0750000E+02  4.2277727E+02  5.3288469E-06 -1.2437234E-08
  -2.0750000E+02  4.2225909E+02  5.3288873E-06 -1.1985466E-08
  -2.0650000E+02  4.3314091E+02  4.7213907E-13 -1.8350476E-07
  -2.0650000E+02  4.3262273E+02  4.7213907E-13 -1.8350476E-07
  -2.0650000E+02  4.3210455E+02  4.7213907E-13 -1.8350476E-07
  -2.0650000E+02  4.3158636E+02  4.7213907E-13 -1.8350476E-07
  -2.0650000E+02  4.3106818E+02  4.7213907E-13 -1.8350476E-07
  -2.0650000E+02  4.3055000E+02  4.7213907E-13 -1.8350476E-07
  -2.0650000E+02  4.3003182E+02  4.7213907E-13 -1.8350476E-07
  -2.0650000E+02  4.2951364E+02  4.7213907E-13 -1.8350476E-07
  -2.0650000E+02  4.2899545E+02  4.7213907E-13 -1.8350476E-07
  -2.0650000E+02  4.2847727E+02  4.7213907E-13 -1.8350476E-07
  -2.0650000E+02  4.2795909E+02  4.7213907E-13 -1.8350475E-07
  -2.0650000E+02  4.2744091E+02  4.7213907E-13 -1.8350476E-07
  -2.0650000E+02  4.2692273E+02  4.7213907E-13 -1.8350475E-07
  -2.0650000E+02  4.2640455E+02  4.7213907E-13 -1.8350476E-07
  -2.0650000E+02  4.2588636E+02  4.7213907E-13 -1.8350475E-07
  -2.0650000E+02  4.2536818E+02  4.7213907E-13 -1.8350476E-07
  -2.0650000E+02  4.2485000E+02  1.3049237E-05 -3.4909570E-08
  -2.0650000E+02  4.2433182E+02  5.3297036E-06 -1.3809234E-08
  -2.0650000E+02  4.2381364E+02  5.3297138E-06 -1.3363733E-08
  -2.0650000E+02  4.2329545E+02  5.3297181E-06 -1.2934455E-08
  -2.0650000E+02  4.2277727E+02  5.3297281E-06 -1.2484057E-08
  -2.0650000E+02  4.2225909E+02  5.3297594E-06 -1.2076988E-08
  -2.0550000E+02  4.3314091E+02  4.7220300E-13 -1.8350476E-07
  -2.0550000E+02  4.3262273E+02  4.7220300E-13 -1.8350476E-07
  -2.0550000E+02  4.3210455E+02  4.7220300E-13 -1.8350476E-07
  -2.0550000E+02  4.3158636E+02  4.7220300E-13 -1.8350476E-07
  -2.0550000E+02  4.3106818E+02  4.7220300E-13 -1.8350476E-07
  -2.0550000E+02  4.3055000E+02  4.7220300E-13 -1.8350476E-07
  -2.0550000E+02  4.3003182E+02  4.7220300E-13 -1.8350476E-07
  -2.0550000E+02  4.2951364E+02  4.7220300E-13 -1.8350476E-07
  -2.0550000E+02  4.2899545E+02  4.7220299E-13 -1.8350475E-07
  -2.0550000E+02  4.2847727E+02  4.7220300E-13 -1.8350476E-07
  -2.0550000E+02  4.2795909E+02  4.7220300E-13 -1.8350476E-07
  -2.0550000E+02  4.2744091E+02  4.7220300E-13 -1.8350476E-07
  -2.0550000E+02  4.2692273E+02  4.7220299E-13 -1.8350475E-07
  -2.0550000E+02  4.2640455E+02  4.7220299E-13 -1.8350475E-07
  -2.0550000E+02  4.2588636E+02  4.7220300E-13 -1.8350476E-07
  -2.0550000E+02  4.2536818E+02  4.7220299E-13 -1.8350475E-07
  -2.0550000E+02  4.2485000E+02  1.3051218E-05 -3.4940164E-08
  -2.0550000E+02  4.2433182E+02  5.3305197E-06 -1.3840359E-08
  -2.0550000E+02  4.2381364E+02  5.3305433E-06 -1.3397872E-08
  -2.0550000E+02  4.2329545E+02  5.3305705E-06 -1.2961137E-08
  -2.0550000E+02  4.2277727E+02  5.3306023E-06 -1.2538057E-08
  -2.0550000E+02  4.2225909E+02  5.3306313E-06 -1.2139260E-08
  -2.0450000E+02  4.3314091E+02  4.7226967E-13 -1.8350476E-07
  -2.0450000E+02  4.3262273E+02  4.7226967E-13 -1.8350476E-07
  -2.0450000E+02  4.3210455E+02  4.7226967E-13 -1.8350476E-07
  -2.0450000E+02  4.3158636E+02  4.7226967E-13 -1.8350476E-07
  -2.0450000E+02  4.3106818E+02  4.7226967E-13 -1.8350476E-07
  -2.0450000E+02  4.3055000E+02  4.7226967E-13 -1.8350476E-07
  -2.0450000E+02  4.3003182E+02  4.7226967E-13 -1.8350476E-07
  -2.0450000E+02  4.2951364E+02  4.7226967E-13 -1.8350476E-07
  -2.0450000E+02  4.2899545E+02  4.7226967E-13 -1.8350475E-07
  -2.0450000E+02  4.2847727E+02  4.7226967E-13 -1.8350476E-07
  -2.0450000E+02  4.2795909E+02  4.7226967E-13 -1.8350476E-07
  -2.0450000E+02  4.2744091E+02  4.7226967E-13 -1.8350476E-07
  -2.0450000E+02  4.2692273E+02  4.7226967E-13 -1.8350475E-07
  -2.0450000E+02  4.2640455E+02  4.7226967E-13 -1.8350476E-07
  -2.0450000E+02  4.2588636E+02  4.7226966E-13 -1.8350475E-07
  -2.0450000E+02  4.2536818E+02  4.7226967E-13 -1.8350476E-07
  -2.0450000E+02  4.2485000E+02  1.3053272E-05 -3.4961189E-08
  -2.0450000E+02  4.2433182E+02  5.3313437E-06 -1.3860899E-08
  -2.0450000E+02  4.2381364E+02  5.3313545E-06 -1.3443786E-08
  -2.0450000E+02  4.2329545E+02  5.3313830E-06 -1.3022744E-08
  -2.0450000E+02  4.2277727E+02  5.3314192E-06 -1.2607826E-08
  -2.0450000E+02  4.2225909E+02  5.3314484E-06 -1.2181607E-08
  -2.0350000E+02  4.3314091E+02  4.7233671E-13 -1.8350476E-07
  -2.0350000E+02  4.3262273E+02  4.7233671E-13 -1.8350476E-07
  -2.0350000E+02  4.3210455E+02  4.7233671E-13 -1.8350476E-07
  -2.0350000E+02  4.3158636E+02  4.7233671E-13 -1.8350475E-07
  -2.0350000E+02  4.3106818E+02  4.7233671E-13 -1.8350476E-07
  -2.0350000E+02  4.3055000E+02  4.7233671E-13 -1.8350475E-07
  -2.0350000E+02  4.3003182E+02  4.7233671E-13 -1.8350475E-07
  -2.0350000E+02  4.2951364E+02  4.7233671E-13 -1.8350475E-07
  -2.0350000E+02  4.2899545E+02  4.7233671E-13 -1.8350475E-07
  -2.0350000E+02  4.2847727E+02  4.7233671E-13 -1.8350475E-07
  -2.0350000E+02  4.2795909E+02  4.7233671E-13 -1.8350475E-07
  -2.0350000E+02  4.2744091E+02  4.7233671E-13 -1.8350475E-07
  -2.0350000E+02  4.2692273E+02  4.7233671E-13 -1.8350475E-07
  -2.0350000E+02  4.2640455E+02  4.7233671E-13 -1.8350475E-07
  -2.0350000E+02  4.2588636E+02  4.7233671E-13 -1.8350474E-07
  -2.0350000E+02  4.2536818E+02  4.7233671E-13 -1.8350475E-07
  -2.0350000E+02  4.2485000E+02  1.3055347E-05 -3.4962891E-08
  -2.0350000E+02  4.2433182E+02  5.3321911E-06 -1.3863307E-08
  -2.0350000E+02  4.2381364E+02  5.3321932E-06 -1.3466364E-08
  -2.0350000E+02  4.2329545E+02  5.3321984E-06 -1.3065169E-08
  -2.0350000E+02  4.2277727E+02  5.3322066E-06 -1.2651070E-08
  -2.0350000E+02  4.2225909E+02  5.3322272E-06 -1.2234456E-08
  -2.0250000E+02  4.3314091E+02  4.7239951E-13 -1.8350476E-07
  -2.0250000E+02  4.3262273E+02  4.7239951E-13 -1.8350476E-07
  -2.0250000E+02  4.3210455E+02  4.7239951E-13 -1.8350475E-07
  -2.0250000E+02  4.3158636E+02  4.7239951E-13 -1.8350475E-07
  -2.0250000E+02  4.3106818E+02  4.7239951E-13 -1.8350475E-07
  -2.0250000E+02  4.3055000E+02  4.7239951E-13 -1.8350475E-07
  -2.0250000E+02  4.3003182E+02  4.7239951E-13 -1.8350476E-07
  -2.0250000E+02  4.2951364E+02  4.7239951E-13 -1.8350475E-07
  -2.0250000E+02  4.2899545E+02  4.7239951E-13 -1.8350475E-07
  -2.0250000E+02  4.2847727E+02  4.7239951E-13 -1.8350475E-07
  -2.0250000E+02  4.2795909E+02  4.7239951E-13 -1.8350475E-07
  -2.0250000E+02  4.2744091E+02  4.7239951E-13 -1.8350475E-07
  -2.0250000E+02  4.2692273E+02  4.7239951E-13 -1.8350475E-07
  -2.0250000E+02  4.2640455E+02  4.7239951E-13 -1.8350476E-07
  -2.0250000E+02  4.2588636E+02  4.7239951E-13 -1.8350475E-07
  -2.0250000E+02  4.2536818E+02  4.7239951E-13 -1.8350475E-07
  -2.0250000E+02  4.2485000E+02  2.4619269E-05 -6.5956940E-08
  -2.0250000E+02  4.2433182E+02  7.6621491E-06 -1.9938249E-08
  -2.0250000E+02  4.2381364E+02  5.3330028E-06 -1.3472970E-08
  -2.0250000E+02  4.2329545E+02  5.3330019E-06 -1.3066707E-08
  -2.0250000E+02  4.2277727E+02  5.3330002E-06 -1.2662039E-08
  -2.0250000E+02  4.2225909E+02  5.3330139E-06 -1.2289783E-08
  -2.0150000E+02  4.3314091E+02  4.7246018E-13 -1.8350476E-07
  -2.0150000E+02  4.3262273E+02  4.7246018E-13 -1.8350476E-07
  -2.0150000E+02  4.3210455E+02  4.7246018E-13 -1.8350476E-07
  -2.0150000E+02  4.3158636E+02  4.7246018E-13 -1.8350475E-07
  -2.0150000E+02  4.3106818E+02  4.7246018E-13 -1.8350475E-07
  -2.0150000E+02  4.3055000E+02  4.7246018E-13 -1.8350476E-07
  -2.0150000E+02  4.3003182E+02  4.7246018E-13 -1.8350476E-07
  -2.0150000E+02  4.2951364E+02  4.7246018E-13 -1.8350476E-07
  -2.0150000E+02  4.2899545E+02  4.7246018E-13 -1.8350476E-07
  -2.0150000E+02  4.2847727E+02  4.7246018E-13 -1.8350475E-07
  -2.0150000E+02  4.2795909E+02  4.7246018E-13 -1.8350476E-07
  -2.0150000E+02  4.2744091E+02  4.7246018E-13 -1.8350476E-07
  -2.0150000E+02  4.2692273E+02  4.7246018E-13 -1.8350476E-07
  -2.0150000E+02  4.2640455E+02  4.7246018E-13 -1.8350475E-07
  -2.0150000E+02  4.2588636E+02  4.7246018E-13 -1.8350476E-07
  -2.0150000E+02  4.2536818E+02  4.7246018E-13 -1.8350475E-07
  -2.0150000E+02  4.2485000E+02  6.7560826E-05 -1.8103111E-07
  -2.0150000E+02  4.2433182E+02  1.3059168E-05 -3.4012377E-08
  -2.0150000E+02  4.2381364E+02  5.3337577E-06 -1.3484016E-08
  -2.0150000E+02  4.2329545E+02  5.3337687E-06 -1.3075059E-08
  -2.0150000E+02  4.2277727E+02  5.3337842E-06 -1.2680332E-08
  -2.0150000E+02  4.2225909E+02  5.3338013E-06 -1.2331070E-08
  -2.0050000E+02  4.3314091E+02  4.7252159E-13 -1.8350476E-07
  -2.0050000E+02  4.3262273E+02  4.7252159E-13 -1.8350476E-07
  -2.0050000E+02  4.3210455E+02  4.7252159E-13 -1.8350476E-07
  -2.0050000E+02  4.3158636E+02  4.7252159E-13 -1.8350476E-07
  -2.0050000E+02  4.3106818E+02  4.7252159E-13 -1.8350476E-07
  -2.0050000E+02  4.3055000E+02  4.7252159E-13 -1.8350476E-07
  -2.0050000E+02  4.3003182E+02  4.7252159E-13 -1.8350475E-07
  -2.0050000E+02  4.2951364E+02  4.7252159E-13 -1.8350476E-07
  -2.0050000E+02  4.2899545E+02  4.7252159E-13 -1.8350476E-07
  -2.0050000E+02  4.2847727E+02  4.7252159E-13 -1.8350475E-07
  -2.0050000E+02  4.2795909E+02  4.7252159E-13 -1.8350476E-07
  -2.0050000E+02  4.2744091E+02  4.7252159E-13 -1.8350476E-07
  -2.0050000E+02  4.2692273E+02  4.7252159E-13 -1.8350475E-07
  -2.0050000E+02  4.2640455E+02  4.7252158E-13 -1.8350475E-07
  -2.0050000E+02  4.2588636E+02  4.7252159E-13 -1.8350476E-07
  -2.0050000E+02  4.2536818E+02  4.7252159E-13 -1.8350475E-07
  -2.0050000E+02  4.2485000E+02  6.7570628E-05 -1.8098500E-07
  -2.0050000E+02  4.2433182E+02  1.3061050E-05 -3.4010471E-08
  -2.0050000E+02  4.2381364E+02  5.3345195E-06 -1.3497996E-08
  -2.0050000E+02  4.2329545E+02  5.3345340E-06 -1.3110219E-08
  -2.0050000E+02  4.2277727E+02  5.3345557E-06 -1.2717038E-08
  -2.0050000E+02  4.2225909E+02  5.3345747E-06 -1.2364069E-08
  -1.9950000E+02  4.3314091E+02  4.7258359E-13 -1.8350476E-07
  -1.9950000E+02  4.3262273E+02  4.7258359E-13 -1.8350476E-07
  -1.9950000E+02  4.3210455E+02  4.7258359E-13 -1.8350476E-07
  -1.9950000E+02  4.3158636E+02  4.7258359E-13 -1.8350475E-07
  -1.9950000E+02  4.3106818E+02  4.7258359E-13 -1.8350475E-07
  -1.9950000E+02  4.3055000E+02  4.7258359E-13 -1.8350476E-07
  -1.9950000E+02  4.3003182E+02  4.7258359E-13 -1.8350475E-07
  -1.9950000E+02  4.2951364E+02  4.7258359E-13 -1.8350475E-07
  -1.9950000E+02  4.2899545E+02  4.7258359E-13 -1.8350476E-07
  -1.9950000E+02  4.2847727E+02  4.7258359E-13 -1.8350475E-07
  -1.9950000E+02  4.2795909E+02  4.7258359E-13 -1.8350475E-07
  -1.9950000E+02  4.2744091E+02  4.7258359E-13 -1.8350475E-07
  -1.9950000E+02  4.2692273E+02  4.7258359E-13 -1.8350475E-07
  -1.9950000E+02  4.2640455E+02  4.7258359E-13 -1.8350475E-07
  -1.9950000E+02  4.2588636E+02  4.7258359E-13 -1.8350476E-07
  -1.9950000E+02  4.2536818E+02  4.7258359E-13 -1.8350475E-07
  -1.9950000E+02  4.2485000E+02  6.7580594E-05 -1.8098109E-07
  -1.9950000E+02  4.2433182E+02  1.3062994E-05 -3.4009934E-08
  -1.9950000E+02  4.2381364E+02  5.3353204E-06 -1.3511544E-08
  -1.9950000E+02  4.2329545E+02  5.3353290E-06 -1.3141091E-08
  -1.9950000E+02  4.2277727E+02  5.3353390E-06 -1.2747389E-08
  -1.9950000E+02  4.2225909E+02  5.3353493E-06 -1.2390308E-08
  -1.9850000E+02  4.3314091E+02  4.7264583E-13 -1.8350476E-07
  -1.9850000E+02  4.3262273E+02  4.7264583E-13 -1.8350476E-07
  -1.9850000E+02  4.3210455E+02  4.7264583E-13 -1.8350475E-07
  -1.9850000E+02  4.3158636E+02  4.7264583E-13 -1.8350475E-07
  -1.9850000E+02  4.3106818E+02  4.7264583E-13 -1.8350475E-07
  -1.9850000E+02  4.3055000E+02  4.7264583E-13 -1.8350475E-07
  -1.9850000E+02  4.3003182E+02  4.7264583E-13 -1.8350475E-07
  -1.9850000E+02  4.2951364E+02  4.7264583E-13 -1.8350475E-07
  -1.9850000E+02  4.2899545E+02  4.7264583E-13 -1.8350475E-07
  -1.9850000E+02  4.2847727E+02  4.7264583E-13 -1.8350475E-07
  -1.9850000E+02  4.2795909E+02  4.7264583E-13 -1.8350475E-07
  -1.9850000E+02  4.2744091E+02  4.7264583E-13 -1.8350475E-07
  -1.9850000E+02  4.2692273E+02  4.7264583E-13 -1.8350475E-07
  -1.9850000E+02  4.2640455E+02  4.7264583E-13 -1.8350475E-07
  -1.9850000E+02  4.2588636E+02  4.7264583E-13 -1.8350476E-07
  -1.9850000E+02  4.2536818E+02  4.7264583E-13 -1.8350475E-07
  -1.9850000E+02  4.2485000E+02  6.7590576E-05 -1.8111053E-07
  -1.9850000E+02  4.2433182E+02  1.3064935E-05 -3.4053295E-08
  -1.9850000E+02  4.2381364E+02  5.3361195E-06 -1.3527226E-08
  -1.9850000E+02  4.2329545E+02  5.3361238E-06 -1.3150167E-08
  -1.9850000E+02  4.2277727E+02  5.3361253E-06 -1.2760470E-08
  -1.9850000E+02  4.2225909E+02  5.3361272E-06 -1.2400939E-08
  -1.9750000E+02  4.3314091E+02  4.7270772E-13 -1.8350476E-07
  -1.9750000E+02  4.3262273E+02  4.7270772E-13 -1.8350476E-07
  -1.9750000E+02  4.3210455E+02  4.7270772E-13 -1.8350476E-07
  -1.9750000E+02  4.3158636E+02  4.7270772E-13 -1.8350475E-07
  -1.9750000E+02  4.3106818E+02  4.7270772E-13 -1.8350475E-07
  -1.9750000E+02  4.3055000E+02  4.7270772E-13 -1.8350476E-07
  -1.9750000E+02  4.3003182E+02  4.7270772E-13 -1.8350475E-07
  -1.9750000E+02  4.2951364E+02  4.7270772E-13 -1.8350475E-07
  -1.9750000E+02  4.2899545E+02  4.7270772E-13 -1.8350476E-07
  -1.9750000E+02  4.2847727E+02  4.7270772E-13 -1.8350475E-07
  -1.9750000E+02  4.2795909E+02  4.7270772E-13 -1.8350476E-07
  -1.9750000E+02  4.2744091E+02  4.7270772E-13 -1.8350476E-07
  -1.9750000E+02  4.2692273E+02  4.7270772E-13 -1.8350475E-07
  -1.9750000E+02  4.2640455E+02  4.7270772E-13 -1.8350475E-07
  -1.9750000E+02  4.2588636E+02  4.7270772E-13 -1.8350476E-07
  -1.9750000E+02  4.2536818E+02  4.7270772E-13 -1.8350475E-07
  -1.9750000E+02  4.2485000E+02  6.7600436E-05 -1.8120274E-07
  -1.9750000E+02  4.2433182E+02  1.3066825E-05 -3.4094024E-08
  -1.9750000E+02  4.2381364E+02  5.3368819E-06 -1.3538475E-08
  -1.9750000E+02  4.2329545E+02  5.3368831E-06 -1.3149516E-08
  -1.9750000E+02  4.2277727E+02  5.3368845E-06 -1.2766614E-08
  -1.9750000E+02  4.2225909E+02  5.3368866E-06 -1.2402612E-08
  -1.9650000E+02  4.3314091E+02  4.7276771E-13 -1.8350476E-07
  -1.9650000E+02  4.3262273E+02  4.7276771E-13 -1.8350476E-07
  -1.9650000E+02  4.3210455E+02  4.7276771E-13 -1.8350476E-07
  -1.9650000E+02  4.3158636E+02  4.7276771E-13 -1.8350476E-07
  -1.9650000E+02  4.3106818E+02  4.7276771E-13 -1.8350475E-07
  -1.9650000E+02  4.3055000E+02  4.7276771E-13 -1.8350476E-07
  -1.9650000E+02  4.3003182E+02  4.7276771E-13 -1.8350475E-07
  -1.9650000E+02  4.2951364E+02  4.7276771E-13 -1.8350475E-07
  -1.9650000E+02  4.2899545E+02  4.7276771E-13 -1.8350476E-07
  -1.9650000E+02  4.2847727E+02  4.7276771E-13 -1.8350475E-07
  -1.9650000E+02  4.2795909E+02  4.7276771E-13 -1.8350476E-07
  -1.9650000E+02  4.2744091E+02  4.7276771E-13 -1.8350475E-07
  -1.9650000E+02  4.2692273E+02  4.7276771E-13 -1.8350475E-07
  -1.9650000E+02  4.2640455E+02  4.7276771E-13 -1.8350475E-07
  -1.9650000E+02  4.2588636E+02  4.7276771E-13 -1.8350475E-07
  -1.9650000E+02  4.2536818E+02  4.7276771E-13 -1.8350474E-07
  -1.9650000E+02  4.2485000E+02  6.7610004E-05 -1.8115462E-07
  -1.9650000E+02  4.2433182E+02  1.3068659E-05 -3.4086410E-08
  -1.9650000E+02  4.2381364E+02  5.3376210E-06 -1.3537954E-08
  -1.9650000E+02  4.2329545E+02  5.3376194E-06 -1.3149176E-08
  -1.9650000E+02  4.2277727E+02  5.3376206E-06 -1.2771993E-08
  -1.9650000E+02  4.2225909E+02  5.3376261E-06 -1.2411990E-08
  -1.9550000E+02  4.3314091E+02  4.7282606E-13 -1.8350476E-07
  -1.9550000E+02  4.3262273E+02  4.7282606E-13 -1.8350476E-07
  -1.9550000E+02  4.3210455E+02  4.7282606E-13 -1.8350476E-07
  -1.9550000E+02  4.3158636E+02  4.7282606E-13 -1.8350475E-07
  -1.9550000E+02  4.3106818E+02  4.7282606E-13 -1.8350475E-07
  -1.9550000E+02  4.3055000E+02  4.7282606E-13 -1.8350476E-07
  -1.9550000E+02  4.3003182E+02  4.7282606E-13 -1.8350475E-07
  -1.9550000E+02  4.2951364E+02  4.7282606E-13 -1.8350476E-07
  -1.9550000E+02  4.2899545E+02  4.7282606E-13 -1.8350475E-07
  -1.9550000E+02  4.2847727E+02  4.7282606E-13 -1.8350475E-07
  -1.9550000E+02  4.2795909E+02  4.7282606E-13 -1.8350476E-07
  -1.9550000E+02  4.2744091E+02  4.7282606E-13 -1.8350475E-07
  -1.9550000E+02  4.2692273E+02  4.7282606E-13 -1.8350475E-07
  -1.9550000E+02  4.2640455E+02  4.7282606E-13 -1.8350476E-07
  -1.9550000E+02  4.2588636E+02  4.7282606E-13 -1.8350475E-07
  -1.9550000E+02  4.2536818E+02  4.7282606E-13 -1.8350475E-07
  -1.9550000E+02  4.2485000E+02  6.7619363E-05 -1.8109146E-07
  -1.9550000E+02  4.2433182E+02  1.3070475E-05 -3.4061077E-08
  -1.9550000E+02  4.2381364E+02  5.3383657E-06 -1.3532863E-08
  -1.9550000E+02  4.2329545E+02  5.3383650E-06 -1.3149822E-08
  -1.9550000E+02  4.2277727E+02  5.3383651E-06 -1.2773963E-08
  -1.9550000E+02  4.2225909E+02  5.3383689E-06 -1.2428008E-08
  -1.9450000E+02  4.3314091E+02  4.7288539E-13 -1.8350476E-07
  -1.9450000E+02  4.3262273E+02  4.7288539E-13 -1.8350476E-07
  -1.9450000E+02  4.3210455E+02  4.7288539E-13 -1.8350475E-07
  -1.9450000E+02  4.3158636E+02  4.7288539E-13 -1.8350475E-07
  -1.9450000E+02  4.3106818E+02  4.7288539E-13 -1.8350475E-07
  -1.9450000E+02  4.3055000E+02  4.7288539E-13 -1.8350476E-07
  -1.9450000E+02  4.3003182E+02  4.7288539E-13 -1.8350475E-07
  -1.9450000E+02  4.2951364E+02  4.7288539E-13 -1.8350475E-07
  -1.9450000E+02  4.2899545E+02  4.7288539E-13 -1.8350475E-07
  -1.9450000E+02  4.2847727E+02  4.7288539E-13 -1.8350476E-07
  -1.9450000E+02  4.2795909E+02  4.7288539E-13 -1.8350476E-07
  -1.9450000E+02  4.2744091E+02  4.7288539E-13 -1.8350475E-07
  -1.9450000E+02  4.2692273E+02  4.7288539E-13 -1.8350476E-07
  -1.9450000E+02  4.2640455E+02  4.7288539E-13 -1.8350476E-07
  -1.9450000E+02  4.2588636E+02  4.7288539E-13 -1.8350476E-07
  -1.9450000E+02  4.2536818E+02  4.7288539E-13 -1.8350475E-07
  -1.9450000E+02  4.2485000E+02  6.7628880E-05 -1.8111931E-07
  -1.9450000E+02  4.2433182E+02  1.3072326E-05 -3.4061698E-08
  -1.9450000E+02  4.2381364E+02  5.3391286E-06 -1.3532902E-08
  -1.9450000E+02  4.2329545E+02  5.3391300E-06 -1.3151275E-08
  -1.9450000E+02  4.2277727E+02  5.3391288E-06 -1.2770270E-08
  -1.9450000E+02  4.2225909E+02  5.3391263E-06 -1.2434266E-08
  -1.9350000E+02  4.3314091E+02  4.7294687E-13 -1.8350476E-07
  -1.9350000E+02  4.3262273E+02  4.7294687E-13 -1.8350476E-07
  -1.9350000E+02  4.3210455E+02  4.7294687E-13 -1.8350475E-07
  -1.9350000E+02  4.3158636E+02  4.7294687E-13 -1.8350475E-07
  -1.9350000E+02  4.3106818E+02  4.7294687E-13 -1.8350475E-07
  -1.9350000E+02  4.3055000E+02  4.7294687E-13 -1.8350476E-07
  -1.9350000E+02  4.3003182E+02  4.7294687E-13 -1.8350476E-07
  -1.9350000E+02  4.2951364E+02  4.7294687E-13 -1.8350475E-07
  -1.9350000E+02  4.2899545E+02  4.7294687E-13 -1.8350476E-07
  -1.9350000E+02  4.2847727E+02  4.7294687E-13 -1.8350476E-07
  -1.9350000E+02  4.2795909E+02  4.7294687E-13 -1.8350475E-07
  -1.9350000E+02  4.2744091E+02  4.7294687E-13 -1.8350476E-07
  -1.9350000E+02  4.2692273E+02  4.7294687E-13 -1.8350476E-07
  -1.9350000E+02  4.2640455E+02  4.7294687E-13 -1.8350475E-07
  -1.9350000E+02  4.2588636E+02  4.7294687E-13 -1.8350475E-07
  -1.9350000E+02  4.2536818E+02  4.7294687E-13 -1.8350475E-07
  -1.9350000E+02  4.2485000E+02  6.7638705E-05 -1.8117196E-07
  -1.9350000E+02  4.2433182E+02  1.3074223E-05 -3.4079786E-08
  -1.9350000E+02  4.2381364E+02  5.3399019E-06 -1.3534434E-08
  -1.9350000E+02  4.2329545E+02  5.3399008E-06 -1.3150363E-08
  -1.9350000E+02  4.2277727E+02  5.3398968E-06 -1.2761193E-08
  -1.9350000E+02  4.2225909E+02  5.3398891E-06 -1.2423547E-08
  -1.9250000E+02  4.3314091E+02  4.7300858E-13 -1.8350476E-07
  -1.9250000E+02  4.3262273E+02  4.7300858E-13 -1.8350476E-07
  -1.9250000E+02  4.3210455E+02  4.7300858E-13 -1.8350476E-07
  -1.9250000E+02  4.3158636E+02  4.7300858E-13 -1.8350476E-07
  -1.9250000E+02  4.3106818E+02  4.7300858E-13 -1.8350476E-07
  -1.9250000E+02  4.3055000E+02  4.7300858E-13 -1.8350476E-07
  -1.9250000E+02  4.3003182E+02  4.7300858E-13 -1.8350476E-07
  -1.9250000E+02  4.2951364E+02  4.7300858E-13 -1.8350476E-07
  -1.9250000E+02  4.2899545E+02  4.7300858E-13 -1.8350476E-07
  -1.9250000E+02  4.2847727E+02  4.7300858E-13 -1.8350476E-07
  -1.9250000E+02  4.2795909E+02  4.7300858E-13 -1.8350476E-07
  -1.9250000E+02  4.2744091E+02  4.7300858E-13 -1.8350476E-07
  -1.9250000E+02  4.2692273E+02  4.7300858E-13 -1.8350475E-07
  -1.9250000E+02  4.2640455E+02  4.7300858E-13 -1.8350475E-07
  -1.9250000E+02  4.2588636E+02  4.7300858E-13 -1.8350475E-07
  -1.9250000E+02  4.2536818E+02  4.7300858E-13 -1.8350476E-07
  -1.9250000E+02  4.2485000E+02  6.7648552E-05 -1.8115178E-07
  -1.9250000E+02  4.2433182E+02  1.3076115E-05 -3.4082225E-08
  -1.9250000E+02  4.2381364E+02  5.3406685E-06 -1.3529232E-08
  -1.9250000E+02  4.2329545E+02  5.3406630E-06 -1.3142802E-08
  -1.9250000E+02  4.2277727E+02  5.3406572E-06 -1.2749902E-08
  -1.9250000E+02  4.2225909E+02  5.3406490E-06 -1.2404157E-08
  -1.9150000E+02  4.3314091E+02  4.7306863E-13 -1.8350476E-07
  -1.9150000E+02  4.3262273E+02  4.7306863E-13 -1.8350476E-07
  -1.9150000E+02  4.3210455E+02  4.7306863E-13 -1.8350476E-07
  -1.9150000E+02  4.3158636E+02  4.7306863E-13 -1.8350476E-07
  -1.9150000E+02  4.3106818E+02  4.7306863E-13 -1.8350476E-07
  -1.9150000E+02  4.3055000E+02  4.7306863E-13 -1.8350476E-07
  -1.9150000E+02  4.3003182E+02  4.7306863E-13 -1.8350476E-07
  -1.9150000E+02  4.2951364E+02  4.7306863E-13 -1.8350476E-07
  -1.9150000E+02  4.2899545E+02  4.7306863E-13 -1.8350476E-07
  -1.9150000E+02  4.2847727E+02  4.7306863E-13 -1.8350476E-07
  -1.9150000E+02  4.2795909E+02  4.7306863E-13 -1.8350476E-07
  -1.9150000E+02  4.2744091E+02  4.7306863E-13 -1.8350476E-07
  -1.9150000E+02  4.2692273E+02  4.7306863E-13 -1.8350476E-07
  -1.9150000E+02  4.2640455E+02  4.7306863E-13 -1.8350476E-07
  -1.9150000E+02  4.2588636E+02  4.7306863E-13 -1.8350475E-07
  -1.9150000E+02  4.2536818E+02  4.7306863E-13 -1.8350476E-07
  -1.9150000E+02  4.2485000E+02  6.7658155E-05 -1.8107289E-07
  -1.9150000E+02  4.2433182E+02  1.3077968E-05 -3.4061566E-08
  -1.9150000E+02  4.2381364E+02  5.3414229E-06 -1.3519433E-08
  -1.9150000E+02  4.2329545E+02  5.3414178E-06 -1.3132176E-08
  -1.9150000E+02  4.2277727E+02  5.3414142E-06 -1.2742353E-08
  -1.9150000E+02  4.2225909E+02  5.3414088E-06 -1.2385541E-08
  -1.9050000E+02  4.3314091E+02  4.7312783E-13 -1.8350476E-07
  -1.9050000E+02  4.3262273E+02  4.7312783E-13 -1.8350476E-07
  -1.9050000E+02  4.3210455E+02  4.7312782E-13 -1.8350476E-07
  -1.9050000E+02  4.3158636E+02  4.7312782E-13 -1.8350476E-07
  -1.9050000E+02  4.3106818E+02  4.7312782E-13 -1.8350476E-07
  -1.9050000E+02  4.3055000E+02  4.7312782E-13 -1.8350476E-07
  -1.9050000E+02  4.3003182E+02  4.7312782E-13 -1.8350475E-07
  -1.9050000E+02  4.2951364E+02  4.7312782E-13 -1.8350476E-07
  -1.9050000E+02  4.2899545E+02  4.7312782E-13 -1.8350476E-07
  -1.9050000E+02  4.2847727E+02  4.7312782E-13 -1.8350476E-07
  -1.9050000E+02  4.2795909E+02  4.7312782E-13 -1.8350476E-07
  -1.9050000E+02  4.2744091E+02  4.7312782E-13 -1.8350476E-07
  -1.9050000E+02  4.2692273E+02  4.7312782E-13 -1.8350475E-07
  -1.9050000E+02  4.2640455E+02  4.7312782E-13 -1.8350476E-07
  -1.9050000E+02  4.2588636E+02  4.7312782E-13 -1.8350476E-07
  -1.9050000E+02  4.2536818E+02  4.7312782E-13 -1.8350475E-07
  -1.9050000E+02  4.2485000E+02  6.7667647E-05 -1.8102440E-07
  -1.9050000E+02  4.2433182E+02  1.3079809E-05 -3.4039488E-08
  -1.9050000E+02  4.2381364E+02  5.3421790E-06 -1.3514071E-08
  -1.9050000E+02  4.2329545E+02  5.3421782E-06 -1.3126149E-08
  -1.9050000E+02  4.2277727E+02  5.3421775E-06 -1.2740244E-08
  -1.9050000E+02  4.2225909E+02  5.3421726E-06 -1.2367717E-08
  -1.8950000E+02  4.3314091E+02  4.7318819E-13 -1.8350476E-07
  -1.8950000E+02  4.3262273E+02  4.7318819E-13 -1.8350476E-07
  -1.8950000E+02  4.3210455E+02  4.7318819E-13 -1.8350475E-07
  -1.8950000E+02  4.3158636E+02  4.7318819E-13 -1.8350476E-07
  -1.8950000E+02  4.3106818E+02  4.7318819E-13 -1.8350476E-07
  -1.8950000E+02  4.3055000E+02  4.7318819E-13 -1.8350476E-07
  -1.8950000E+02  4.3003182E+02  4.7318819E-13 -1.8350475E-07
  -1.8950000E+02  4.2951364E+02  4.7318819E-13 -1.8350475E-07
  -1.8950000E+02  4.2899545E+02  4.7318819E-13 -1.8350476E-07
  -1.8950000E+02  4.2847727E+02  4.7318819E-13 -1.8350475E-07
  -1.8950000E+02  4.2795909E+02  4.7318819E-13 -1.8350475E-07
  -1.8950000E+02  4.2744091E+02  4.7318818E-13 -1.8350475E-07
  -1.8950000E+02  4.2692273E+02  4.7318818E-13 -1.8350475E-07
  -1.8950000E+02  4.2640455E+02  4.7318818E-13 -1.8350475E-07
  -1.8950000E+02  4.2588636E+02  4.7318819E-13 -1.8350476E-07
  -1.8950000E+02  4.2536818E+02  4.7318818E-13 -1.8350474E-07
  -1.8950000E+02  4.2485000E+02  6.7677325E-05 -1.8105382E-07
  -1.8950000E+02  4.2433182E+02  1.3081688E-05 -3.4036730E-08
  -1.8950000E+02  4.2381364E+02  5.3429511E-06 -1.3515334E-08
  -1.8950000E+02  4.2329545E+02  5.3429511E-06 -1.3123281E-08
  -1.8950000E+02  4.2277727E+02  5.3429478E-06 -1.2735601E-08
  -1.8950000E+02  4.2225909E+02  5.3429387E-06 -1.2345273E-08
  -1.8850000E+02  4.3314091E+02  4.7325003E-13 -1.8350476E-07
  -1.8850000E+02  4.3262273E+02  4.7325003E-13 -1.8350476E-07
  -1.8850000E+02  4.3210455E+02  4.7325003E-13 -1.8350475E-07
  -1.8850000E+02  4.3158636E+02  4.7325003E-13 -1.8350475E-07
  -1.8850000E+02  4.3106818E+02  4.7325003E-13 -1.8350476E-07
  -1.8850000E+02  4.3055000E+02  4.7325003E-13 -1.8350475E-07
  -1.8850000E+02  4.3003182E+02  4.7325003E-13 -1.8350475E-07
  -1.8850000E+02  4.2951364E+02  4.7325003E-13 -1.8350475E-07
  -1.8850000E+02  4.2899545E+02  4.7325003E-13 -1.8350476E-07
  -1.8850000E+02  4.2847727E+02  4.7325002E-13 -1.8350475E-07
  -1.8850000E+02  4.2795909E+02  4.7325002E-13 -1.8350475E-07
  -1.8850000E+02  4.2744091E+02  4.7325002E-13 -1.8350475E-07
  -1.8850000E+02  4.2692273E+02  4.7325003E-13 -1.8350475E-07
  -1.8850000E+02  4.2640455E+02  4.7325003E-13 -1.8350476E-07
  -1.8850000E+02  4.2588636E+02  4.7325003E-13 -1.8350475E-07
  -1.8850000E+02  4.2536818E+02  4.7325002E-13 -1.8350474E-07
  -1.8850000E+02  4.2485000E+02  6.7687215E-05 -1.8111289E-07
  -1.8850000E+02  4.2433182E+02  1.3083600E-05 -3.4049255E-08
  -1.8850000E+02  4.2381364E+02  5.3437307E-06 -1.3515128E-08
  -1.8850000E+02  4.2329545E+02  5.3437255E-06 -1.3113428E-08
  -1.8850000E+02  4.2277727E+02  5.3437150E-06 -1.2718835E-08
  -1.8850000E+02  4.2225909E+02  5.3437011E-06 -1.2317556E-08
  -1.8750000E+02  4.3314091E+02  4.7331147E-13 -1.8350476E-07
  -1.8750000E+02  4.3262273E+02  4.7331147E-13 -1.8350476E-07
  -1.8750000E+02  4.3210455E+02  4.7331147E-13 -1.8350476E-07
  -1.8750000E+02  4.3158636E+02  4.7331147E-13 -1.8350476E-07
  -1.8750000E+02  4.3106818E+02  4.7331147E-13 -1.8350476E-07
  -1.8750000E+02  4.3055000E+02  4.7331147E-13 -1.8350475E-07
  -1.8750000E+02  4.3003182E+02  4.7331147E-13 -1.8350476E-07
  -1.8750000E+02  4.2951364E+02  4.7331147E-13 -1.8350476E-07
  -1.8750000E+02  4.2899545E+02  4.7331147E-13 -1.8350475E-07
  -1.8750000E+02  4.2847727E+02  4.7331147E-13 -1.8350475E-07
  -1.8750000E+02  4.2795909E+02  4.7331147E-13 -1.8350475E-07
  -1.8750000E+02  4.2744091E+02  4.7331147E-13 -1.8350475E-07
  -1.8750000E+02  4.2692273E+02  4.7331147E-13 -1.8350475E-07
  -1.8750000E+02  4.2640455E+02  4.7331147E-13 -1.8350475E-07
  -1.8750000E+02  4.2588636E+02  4.7331147E-13 -1.8350475E-07
  -1.8750000E+02  4.2536818E+02  4.7331146E-13 -1.8350475E-07
  -1.8750000E+02  4.2485000E+02  6.7697018E-05 -1.8111089E-07
  -1.8750000E+02  4.2433182E+02  1.3085485E-05 -3.4052870E-08
  -1.8750000E+02  4.2381364E+02  5.3444946E-06 -1.3505336E-08
  -1.8750000E+02  4.2329545E+02  5.3444841E-06 -1.3092938E-08
  -1.8750000E+02  4.2277727E+02  5.3444702E-06 -1.2692144E-08
  -1.8750000E+02  4.2225909E+02  5.3444575E-06 -1.2292939E-08
  -1.8650000E+02  4.3314091E+02  4.7337072E-13 -1.8350476E-07
  -1.8650000E+02  4.3262273E+02  4.7337072E-13 -1.8350476E-07
  -1.8650000E+02  4.3210455E+02  4.7337072E-13 -1.8350476E-07
  -1.8650000E+02  4.3158636E+02  4.7337072E-13 -1.8350476E-07
  -1.8650000E+02  4.3106818E+02  4.7337072E-13 -1.8350476E-07
  -1.8650000E+02  4.3055000E+02  4.7337072E-13 -1.8350476E-07
  -1.8650000E+02  4.3003182E+02  4.7337072E-13 -1.8350476E-07
  -1.8650000E+02  4.2951364E+02  4.7337073E-13 -1.8350476E-07
  -1.8650000E+02  4.2899545E+02  4.7337072E-13 -1.8350475E-07
  -1.8650000E+02  4.2847727E+02  4.7337072E-13 -1.8350476E-07
  -1.8650000E+02  4.2795909E+02  4.7337072E-13 -1.8350476E-07
  -1.8650000E+02  4.2744091E+02  4.7337072E-13 -1.8350475E-07
  -1.8650000E+02  4.2692273E+02  4.7337072E-13 -1.8350476E-07
  -1.8650000E+02  4.2640455E+02  4.7337072E-13 -1.8350475E-07
  -1.8650000E+02  4.2588636E+02  4.7337072E-13 -1.8350476E-07
  -1.8650000E+02  4.2536818E+02  4.7337072E-13 -1.8350475E-07
  -1.8650000E+02  4.2485000E+02  6.7706480E-05 -1.8101946E-07
  -1.8650000E+02  4.2433182E+02  1.3087306E-05 -3.4031988E-08
  -1.8650000E+02  4.2381364E+02  5.3452342E-06 -1.3488907E-08
  -1.8650000E+02  4.2329545E+02  5.3452260E-06 -1.3073257E-08
  -1.8650000E+02  4.2277727E+02  5.3452187E-06 -1.2670872E-08
  -1.8650000E+02  4.2225909E+02  5.3452150E-06 -1.2282633E-08
  -1.8550000E+02  4.3314091E+02  4.7342824E-13 -1.8350476E-07
  -1.8550000E+02  4.3262273E+02  4.7342824E-13 -1.8350476E-07
  -1.8550000E+02  4.3210455E+02  4.7342824E-13 -1.8350476E-07
  -1.8550000E+02  4.3158636E+02  4.7342824E-13 -1.8350476E-07
  -1.8550000E+02  4.3106818E+02  4.7342824E-13 -1.8350476E-07
  -1.8550000E+02  4.3055000E+02  4.7342824E-13 -1.8350476E-07
  -1.8550000E+02  4.3003182E+02  4.7342824E-13 -1.8350476E-07
  -1.8550000E+02  4.2951364E+02  4.7342824E-13 -1.8350476E-07
  -1.8550000E+02  4.2899545E+02  4.7342824E-13 -1.8350476E-07
  -1.8550000E+02  4.2847727E+02  4.7342824E-13 -1.8350476E-07
  -1.8550000E+02  4.2795909E+02  4.7342824E-13 -1.8350476E-07
  -1.8550000E+02  4.2744091E+02  4.7342824E-13 -1.8350476E-07
  -1.8550000E+02  4.2692273E+02  4.7342824E-13 -1.8350476E-07
  -1.8550000E+02  4.2640455E+02  4.7342824E-13 -1.8350476E-07
  -1.8550000E+02  4.2588636E+02  4.7342824E-13 -1.8350476E-07
  -1.8550000E+02  4.2536818E+02  4.7342824E-13 -1.8350476E-07
  -1.8550000E+02  4.2485000E+02  6.7715696E-05 -1.8091689E-07
  -1.8550000E+02  4.2433182E+02  1.3089092E-05 -3.4002611E-08
  -1.8550000E+02  4.2381364E+02  5.3459688E-06 -1.3479716E-08
  -1.8550000E+02  4.2329545E+02  5.3459716E-06 -1.3071890E-08
  -1.8550000E+02  4.2277727E+02  5.3459783E-06 -1.2671088E-08
  -1.8550000E+02  4.2225909E+02  5.3459864E-06 -1.2290919E-08
  -1.8450000E+02  4.3314091E+02  4.7348613E-13 -1.8350476E-07
  -1.8450000E+02  4.3262273E+02  4.7348613E-13 -1.8350476E-07
  -1.8450000E+02  4.3210455E+02  4.7348613E-13 -1.8350476E-07
  -1.8450000E+02  4.3158636E+02  4.7348613E-13 -1.8350476E-07
  -1.8450000E+02  4.3106818E+02  4.7348613E-13 -1.8350476E-07
  -1.8450000E+02  4.3055000E+02  4.7348613E-13 -1.8350476E-07
  -1.8450000E+02  4.3003182E+02  4.7348613E-13 -1.8350476E-07
  -1.8450000E+02  4.2951364E+02  4.7348613E-13 -1.8350476E-07
  -1.8450000E+02  4.2899545E+02  4.7348613E-13 -1.8350476E-07
  -1.8450000E+02  4.2847727E+02  4.7348613E-13 -1.8350476E-07
  -1.8450000E+02  4.2795909E+02  4.7348613E-13 -1.8350476E-07
  -1.8450000E+02  4.2744091E+02  4.7348613E-13 -1.8350476E-07
  -1.8450000E+02  4.2692273E+02  4.7348613E-13 -1.8350476E-07
  -1.8450000E+02  4.2640455E+02  4.7348613E-13 -1.8350476E-07
  -1.8450000E+02  4.2588636E+02  4.7348613E-13 -1.8350475E-07
  -1.8450000E+02  4.2536818E+02  4.7348613E-13 -1.8350476E-07
  -1.8450000E+02  4.2485000E+02  6.7724999E-05 -1.8091725E-07
  -1.8450000E+02  4.2433182E+02  1.3090906E-05 -3.4002232E-08
  -1.8450000E+02  4.2381364E+02  5.3467237E-06 -1.3491812E-08
  -1.8450000E+02  4.2329545E+02  5.3467406E-06 -1.3097633E-08
  -1.8450000E+02  4.2277727E+02  5.3467613E-06 -1.2698317E-08
  -1.8450000E+02  4.2225909E+02  5.3467792E-06 -1.2313884E-08
  -1.8350000E+02  4.3314091E+02  4.7354545E-13 -1.8350476E-07
  -1.8350000E+02  4.3262273E+02  4.7354545E-13 -1.8350476E-07
  -1.8350000E+02  4.3210455E+02  4.7354545E-13 -1.8350476E-07
  -1.8350000E+02  4.3158636E+02  4.7354545E-13 -1.8350476E-07
  -1.8350000E+02  4.3106818E+02  4.7354545E-13 -1.8350476E-07
  -1.8350000E+02  4.3055000E+02  4.7354545E-13 -1.8350476E-07
  -1.8350000E+02  4.3003182E+02  4.7354545E-13 -1.8350476E-07
  -1.8350000E+02  4.2951364E+02  4.7354545E-13 -1.8350476E-07
  -1.8350000E+02  4.2899545E+02  4.7354544E-13 -1.8350476E-07
  -1.8350000E+02  4.2847727E+02  4.7354545E-13 -1.8350476E-07
  -1.8350000E+02  4.2795909E+02  4.7354545E-13 -1.8350476E-07
  -1.8350000E+02  4.2744091E+02  4.7354545E-13 -1.8350476E-07
  -1.8350000E+02  4.2692273E+02  4.7354544E-13 -1.8350476E-07
  -1.8350000E+02  4.2640455E+02  4.7354545E-13 -1.8350476E-07
  -1.8350000E+02  4.2588636E+02  4.7354545E-13 -1.8350476E-07
  -1.8350000E+02  4.2536818E+02  4.7354544E-13 -1.8350475E-07
  -1.8350000E+02  4.2485000E+02  6.7734524E-05 -1.8106246E-07
  -1.8350000E+02  4.2433182E+02  1.3092766E-05 -3.4057288E-08
  -1.8350000E+02  4.2381364E+02  5.3474982E-06 -1.3529963E-08
  -1.8350000E+02  4.2329545E+02  5.3475269E-06 -1.3147505E-08
  -1.8350000E+02  4.2277727E+02  5.3475588E-06 -1.2749945E-08
  -1.8350000E+02  4.2225909E+02  5.3475865E-06 -1.2350265E-08
  -1.8250000E+02  4.3314091E+02  4.7360407E-13 -1.8350476E-07
  -1.8250000E+02  4.3262273E+02  4.7360407E-13 -1.8350476E-07
  -1.8250000E+02  4.3210455E+02  4.7360407E-13 -1.8350476E-07
  -1.8250000E+02  4.3158636E+02  4.7360407E-13 -1.8350475E-07
  -1.8250000E+02  4.3106818E+02  4.7360407E-13 -1.8350476E-07
  -1.8250000E+02  4.3055000E+02  4.7360407E-13 -1.8350475E-07
  -1.8250000E+02  4.3003182E+02  4.7360407E-13 -1.8350476E-07
  -1.8250000E+02  4.2951364E+02  4.7360407E-13 -1.8350476E-07
  -1.8250000E+02  4.2899545E+02  4.7360407E-13 -1.8350475E-07
  -1.8250000E+02  4.2847727E+02  4.7360407E-13 -1.8350476E-07
  -1.8250000E+02  4.2795909E+02  4.7360407E-13 -1.8350476E-07
  -1.8250000E+02  4.2744091E+02  4.7360407E-13 -1.8350476E-07
  -1.8250000E+02  4.2692273E+02  4.7360407E-13 -1.8350475E-07
  -1.8250000E+02  4.2640455E+02  4.7360407E-13 -1.8350476E-07
  -1.8250000E+02  4.2588636E+02  4.7360407E-13 -1.8350475E-07
  -1.8250000E+02  4.2536818E+02  4.7360407E-13 -1.8350476E-07
  -1.8250000E+02  4.2485000E+02  6.7743918E-05 -1.8130130E-07
  -1.8250000E+02  4.2433182E+02  1.3094593E-05 -3.4167209E-08
  -1.8250000E+02  4.2381364E+02  5.3482570E-06 -1.3592443E-08
  -1.8250000E+02  4.2329545E+02  5.3482978E-06 -1.3219278E-08
  -1.8250000E+02  4.2277727E+02  5.3483441E-06 -1.2828949E-08
  -1.8250000E+02  4.2225909E+02  5.3483907E-06 -1.2414704E-08
  -1.8150000E+02  4.3314091E+02  4.7365732E-13 -1.8350476E-07
  -1.8150000E+02  4.3262273E+02  4.7365732E-13 -1.8350476E-07
  -1.8150000E+02  4.3210455E+02  4.7365732E-13 -1.8350476E-07
  -1.8150000E+02  4.3158636E+02  4.7365732E-13 -1.8350476E-07
  -1.8150000E+02  4.3106818E+02  4.7365732E-13 -1.8350476E-07
  -1.8150000E+02  4.3055000E+02  4.7365732E-13 -1.8350476E-07
  -1.8150000E+02  4.3003182E+02  4.7365732E-13 -1.8350476E-07
  -1.8150000E+02  4.2951364E+02  4.7365732E-13 -1.8350476E-07
  -1.8150000E+02  4.2899545E+02  4.7365732E-13 -1.8350476E-07
  -1.8150000E+02  4.2847727E+02  4.7365732E-13 -1.8350476E-07
  -1.8150000E+02  4.2795909E+02  4.7365732E-13 -1.8350476E-07
  -1.8150000E+02  4.2744091E+02  4.7365732E-13 -1.8350476E-07
  -1.8150000E+02  4.2692273E+02  4.7365732E-13 -1.8350476E-07
  -1.8150000E+02  4.2640455E+02  4.7365732E-13 -1.8350476E-07
  -1.8150000E+02  4.2588636E+02  4.7365732E-13 -1.8350476E-07
  -1.8150000E+02  4.2536818E+02  4.7365732E-13 -1.8350476E-07
  -1.8150000E+02  4.2485000E+02  6.7752447E-05 -1.8158634E-07
  -1.8150000E+02  4.2433182E+02  1.3096253E-05 -3.4325279E-08
  -1.8150000E+02  4.2381364E+02  5.3489511E-06 -1.3685104E-08
  -1.8150000E+02  4.2329545E+02  5.3490149E-06 -1.3328546E-08
  -1.8150000E+02  4.2277727E+02  5.3490916E-06 -1.2957070E-08
  -1.8150000E+02  4.2225909E+02  5.3491773E-06 -1.2541871E-08
  -1.8050000E+02  4.3314091E+02  4.7370003E-13 -1.8350475E-07
  -1.8050000E+02  4.3262273E+02  4.7370003E-13 -1.8350475E-07
  -1.8050000E+02  4.3210455E+02  4.7370003E-13 -1.8350475E-07
  -1.8050000E+02  4.3158636E+02  4.7370003E-13 -1.8350475E-07
  -1.8050000E+02  4.3106818E+02  4.7370003E-13 -1.8350475E-07
  -1.8050000E+02  4.3055000E+02  4.7370003E-13 -1.8350475E-07
  -1.8050000E+02  4.3003182E+02  4.7370003E-13 -1.8350475E-07
  -1.8050000E+02  4.2951364E+02  4.7370003E-13 -1.8350475E-07
  -1.8050000E+02  4.2899545E+02  4.7370003E-13 -1.8350475E-07
  -1.8050000E+02  4.2847727E+02  4.7370003E-13 -1.8350475E-07
  -1.8050000E+02  4.2795909E+02  4.7370003E-13 -1.8350475E-07
  -1.8050000E+02  4.2744091E+02  4.7370003E-13 -1.8350474E-07
  -1.8050000E+02  4.2692273E+02  4.7370003E-13 -1.8350475E-07
  -1.8050000E+02  4.2640455E+02  4.7370003E-13 -1.8350474E-07
  -1.8050000E+02  4.2588636E+02  4.7370003E-13 -1.8350475E-07
  -1.8050000E+02  4.2536818E+02  4.7370003E-13 -1.8350474E-07
  -1.8050000E+02  4.2485000E+02  6.7759319E-05 -1.8196318E-07
  -1.8050000E+02  4.2433182E+02  1.3097609E-05 -3.4563075E-08
  -1.8050000E+02  4.2381364E+02  5.3495404E-06 -1.3835656E-08
  -1.8050000E+02  4.2329545E+02  5.3496530E-06 -1.3518560E-08
  -1.8050000E+02  4.2277727E+02  5.3497905E-06 -1.3180391E-08
  -1.8050000E+02  4.2225909E+02  5.3499450E-06 -1.2782090E-08
  -1.7950000E+02  4.3314091E+02  4.7372626E-13 -1.8350480E-07
  -1.7950000E+02  4.3262273E+02  4.7372626E-13 -1.8350480E-07
  -1.7950000E+02  4.3210455E+02  4.7372626E-13 -1.8350480E-07
  -1.7950000E+02  4.3158636E+02  4.7372626E-13 -1.8350480E-07
  -1.7950000E+02  4.3106818E+02  4.7372626E-13 -1.8350480E-07
  -1.7950000E+02  4.3055000E+02  4.7372626E-13 -1.8350480E-07
  -1.7950000E+02  4.3003182E+02  4.7372626E-13 -1.8350480E-07
  -1.7950000E+02  4.2951364E+02  4.7372626E-13 -1.8350480E-07
  -1.7950000E+02  4.2899545E+02  4.7372626E-13 -1.8350480E-07
  -1.7950000E+02  4.2847727E+02  4.7372626E-13 -1.8350480E-07
  -1.7950000E+02  4.2795909E+02  4.7372626E-13 -1.8350480E-07
  -1.7950000E+02  4.2744091E+02  4.7372626E-13 -1.8350480E-07
  -1.7950000E+02  4.2692273E+02  4.7372626E-13 -1.8350480E-07
  -1.7950000E+02  4.2640455E+02  4.7372626E-13 -1.8350479E-07
  -1.7950000E+02  4.2588636E+02  4.7372627E-13 -1.8350481E-07
  -1.7950000E+02  4.2536818E+02  4.7372626E-13 -1.8350479E-07
  -1.7950000E+02  4.2485000E+02  6.7763680E-05 -1.8273156E-07
  -1.7950000E+02  4.2433182E+02  1.3098526E-05 -3.4970327E-08
  -1.7950000E+02  4.2381364E+02  5.3499880E-06 -1.4106640E-08
  -1.7950000E+02  4.2329545E+02  5.3501953E-06 -1.3865106E-08
  -1.7950000E+02  4.2277727E+02  5.3504412E-06 -1.3573574E-08
  -1.7950000E+02  4.2225909E+02  5.3507079E-06 -1.3201741E-08
  -1.7850000E+02  4.3314091E+02  4.7372827E-13 -1.8350461E-07
  -1.7850000E+02  4.3262273E+02  4.7372827E-13 -1.8350461E-07
  -1.7850000E+02  4.3210455E+02  4.7372827E-13 -1.8350461E-07
  -1.7850000E+02  4.3158636E+02  4.7372827E-13 -1.8350461E-07
  -1.7850000E+02  4.3106818E+02  4.7372827E-13 -1.8350461E-07
  -1.7850000E+02  4.3055000E+02  4.7372827E-13 -1.8350461E-07
  -1.7850000E+02  4.3003182E+02  4.7372827E-13 -1.8350461E-07
  -1.7850000E+02  4.2951364E+02  4.7372827E-13 -1.8350461E-07
  -1.7850000E+02  4.2899545E+02  4.7372827E-13 -1.8350460E-07
  -1.7850000E+02  4.2847727E+02  4.7372827E-13 -1.8350461E-07
  -1.7850000E+02  4.2795909E+02  4.7372827E-13 -1.8350460E-07
  -1.7850000E+02  4.2744091E+02  4.7372827E-13 -1.8350461E-07
  -1.7850000E+02  4.2692273E+02  4.7372827E-13 -1.8350461E-07
  -1.7850000E+02  4.2640455E+02  4.7372827E-13 -1.8350460E-07
  -1.7850000E+02  4.2588636E+02  4.7372827E-13 -1.8350461E-07
  -1.7850000E+02  4.2536818E+02  4.7372827E-13 -1.8350460E-07
  -1.7850000E+02  4.2485000E+02  6.7764039E-05 -1.8387708E-07
  -1.7850000E+02  4.2433182E+02  1.3098716E-05 -3.5801035E-08
  -1.7850000E+02  4.2381364E+02  5.3502286E-06 -1.4611013E-08
  -1.7850000E+02  4.2329545E+02  5.3506093E-06 -1.4495664E-08
  -1.7850000E+02  4.2277727E+02  5.3510469E-06 -1.4261959E-08
  -1.7850000E+02  4.2225909E+02  5.3515000E-06 -1.3902309E-08
  -1.7750000E+02  4.3314091E+02  4.7366891E-13 -1.8350533E-07
  -1.7750000E+02  4.3262273E+02  4.7366891E-13 -1.8350533E-07
  -1.7750000E+02  4.3210455E+02  4.7366891E-13 -1.8350532E-07
  -1.7750000E+02  4.3158636E+02  4.7366891E-13 -1.8350532E-07
  -1.7750000E+02  4.3106818E+02  4.7366891E-13 -1.8350532E-07
  -1.7750000E+02  4.3055000E+02  4.7366891E-13 -1.8350532E-07
  -1.7750000E+02  4.3003182E+02  4.7366891E-13 -1.8350532E-07
  -1.7750000E+02  4.2951364E+02  4.7366891E-13 -1.8350533E-07
  -1.7750000E+02  4.2899545E+02  4.7366891E-13 -1.8350532E-07
  -1.7750000E+02  4.2847727E+02  4.7366891E-13 -1.8350532E-07
  -1.7750000E+02  4.2795909E+02  4.7366891E-13 -1.8350532E-07
  -1.7750000E+02  4.2744091E+02  4.7366891E-13 -1.8350532E-07
  -1.7750000E+02  4.2692273E+02  4.7366891E-13 -1.8350532E-07
  -1.7750000E+02  4.2640455E+02  4.7366891E-13 -1.8350532E-07
  -1.7750000E+02  4.2588636E+02  4.7366891E-13 -1.8350532E-07
  -1.7750000E+02  4.2536818E+02  4.7366891E-13 -1.8350532E-07
  -1.7750000E+02  4.2485000E+02  6.7756295E-05 -1.8852391E-07
  -1.7750000E+02  4.2433182E+02  1.3097702E-05 -3.7314143E-08
  -1.7750000E+02  4.2381364E+02  5.3500905E-06 -1.5604413E-08
  -1.7750000E+02  4.2329545E+02  5.3508415E-06 -1.5686442E-08
  -1.7750000E+02  4.2277727E+02  5.3516502E-06 -1.5476277E-08
  -1.7750000E+02  4.2225909E+02  5.3524190E-06 -1.5045934E-08
  -1.7650000E+02  4.3314091E+02  4.7354996E-13 -1.8350265E-07
  -1.7650000E+02  4.3262273E+02  4.7354996E-13 -1.8350265E-07
  -1.7650000E+02  4.3210455E+02  4.7354996E-13 -1.8350265E-07
  -1.7650000E+02  4.3158636E+02  4.7354996E-13 -1.8350265E-07
  -1.7650000E+02  4.3106818E+02  4.7354996E-13 -1.8350265E-07
  -1.7650000E+02  4.3055000E+02  4.7354995E-13 -1.8350265E-07
  -1.7650000E+02  4.3003182E+02  4.7354995E-13 -1.8350265E-07
  -1.7650000E+02  4.2951364E+02  4.7354995E-13 -1.8350265E-07
  -1.7650000E+02  4.2899545E+02  4.7354995E-13 -1.8350266E-07
  -1.7650000E+02  4.2847727E+02  4.7354995E-13 -1.8350265E-07
  -1.7650000E+02  4.2795909E+02  4.7354995E-13 -1.8350266E-07
  -1.7650000E+02  4.2744091E+02  4.7354994E-13 -1.8350265E-07
  -1.7650000E+02  4.2692273E+02  4.7354994E-13 -1.8350266E-07
  -1.7650000E+02  4.2640455E+02  4.7354994E-13 -1.8350266E-07
  -1.7650000E+02  4.2588636E+02  4.7354994E-13 -1.8350265E-07
  -1.7650000E+02  4.2536818E+02  4.7354994E-13 -1.8350266E-07
  -1.7650000E+02  4.2485000E+02  6.7732317E-05 -1.8685237E-07
  -1.7650000E+02  4.2433182E+02  1.3093042E-05 -4.1767795E-08
  -1.7650000E+02  4.2381364E+02  5.3494062E-06 -1.7940591E-08
  -1.7650000E+02  4.2329545E+02  5.3510594E-06 -1.7989982E-08
  -1.7650000E+02  4.2277727E+02  5.3525134E-06 -1.7539274E-08
  -1.7650000E+02  4.2225909E+02  5.3537262E-06 -1.6807076E-08
  -1.7550000E+02  4.3314091E+02  4.7256385E-13 -1.8351282E-07
  -1.7550000E+02  4.3262273E+02  4.7256385E-13 -1.8351282E-07
  -1.7550000E+02  4.3210455E+02  4.7256386E-13 -1.8351282E-07
  -1.7550000E+02  4.3158636E+02  4.7256387E-13 -1.8351282E-07
  -1.7550000E+02  4.3106818E+02  4.7256387E-13 -1.8351282E-07
  -1.7550000E+02  4.3055000E+02  4.7256388E-13 -1.8351282E-07
  -1.7550000E+02  4.3003182E+02  4.7256389E-13 -1.8351282E-07
  -1.7550000E+02  4.2951364E+02  4.7256390E-13 -1.8351282E-07
  -1.7550000E+02  4.2899545E+02  4.7256390E-13 -1.8351282E-07
  -1.7550000E+02  4.2847727E+02  4.7256391E-13 -1.8351282E-07
  -1.7550000E+02  4.2795909E+02  4.7256392E-13 -1.8351282E-07
  -1.7550000E+02  4.2744091E+02  4.7256393E-13 -1.8351281E-07
  -1.7550000E+02  4.2692273E+02  4.7256393E-13 -1.8351282E-07
  -1.7550000E+02  4.2640455E+02  4.7256394E-13 -1.8351282E-07
  -1.7550000E+02  4.2588636E+02  4.7256395E-13 -1.8351281E-07
  -1.7550000E+02  4.2536818E+02  4.7256396E-13 -1.8351282E-07
  -1.7550000E+02  4.2485000E+02  6.7627263E-05 -2.7798236E-07
  -1.7550000E+02  4.2433182E+02  1.3085920E-05 -5.6643934E-08
  -1.7550000E+02  4.2381364E+02  5.3494049E-06 -2.2772319E-08
  -1.7550000E+02  4.2329545E+02  5.3522315E-06 -2.1803393E-08
  -1.7550000E+02  4.2277727E+02  5.3543137E-06 -2.0550081E-08
  -1.7550000E+02  4.2225909E+02  5.3558857E-06 -1.9170463E-08
  -1.7450000E+02  4.3313016E+02  4.7286747E-13 -1.8354097E-07
  -1.7450000E+02  4.3261248E+02  4.7286748E-13 -1.8354097E-07
  -1.7450000E+02  4.3209480E+02  4.7286749E-13 -1.8354097E-07
  -1.7450000E+02  4.3157711E+02  4.7286749E-13 -1.8354097E-07
  -1.7450000E+02  4.3105943E+02  4.7286750E-13 -1.8354097E-07
  -1.7450000E+02  4.3054175E+02  4.7286751E-13 -1.8354097E-07
  -1.7450000E+02  4.3002407E+02  4.7286751E-13 -1.8354096E-07
  -1.7450000E+02  4.2950639E+02  4.7286752E-13 -1.8354097E-07
  -1.7450000E+02  4.2898870E+02  4.7286753E-13 -1.8354096E-07
  -1.7450000E+02  4.2847102E+02  4.7286753E-13 -1.8354096E-07
  -1.7450000E+02  4.2795334E+02  4.7286754E-13 -1.8354097E-07
  -1.7450000E+02  4.2743566E+02  4.7286755E-13 -1.8354096E-07
  -1.7450000E+02  4.2691798E+02  4.7286756E-13 -1.8354096E-07
  -1.7450000E+02  4.2640030E+02  4.7286756E-13 -1.8354096E-07
  -1.7450000E+02  4.2588261E+02  4.7286757E-13 -1.8354096E-07
  -1.7450000E+02  4.2536493E+02  4.7286758E-13 -1.8354096E-07
  -1.7450000E+02  4.2484725E+02  6.7671942E-05 -4.7185245E-07
  -1.7450000E+02  4.2432957E+02  1.3094616E-05 -7.9339180E-08
  -1.7450000E+02  4.2381189E+02  5.3529463E-06 -2.9069878E-08
  -1.7450000E+02  4.2329420E+02  5.3557516E-06 -2.6360434E-08
  -1.7450000E+02  4.2277652E+02  5.3578020E-06 -2.3960380E-08
  -1.7450000E+02  4.2225884E+02  5.3593320E-06 -2.1742989E-08
  -1.7350000E+02  4.3310866E+02  4.7443019E-13 -1.8355143E-07
  -1.7350000E+02  4.3259198E+02  4.7443019E-13 -1.8355143E-07
  -1.7350000E+02  4.3207530E+02  4.7443019E-13 -1.8355142E-07
  -1.7350000E+02  4.3155861E+02  4.7443019E-13 -1.8355142E-07
  -1.7350000E+02  4.3104193E+02  4.7443018E-13 -1.8355142E-07
  -1.7350000E+02  4.3052525E+02  4.7443018E-13 -1.8355142E-07
  -1.7350000E+02  4.3000857E+02  4.7443018E-13 -1.8355142E-07
  -1.7350000E+02  4.2949189E+02  4.7443018E-13 -1.8355142E-07
  -1.7350000E+02  4.2897520E+02  4.7443018E-13 -1.8355142E-07
  -1.7350000E+02  4.2845852E+02  4.7443017E-13 -1.8355142E-07
  -1.7350000E+02  4.2794184E+02  4.7443017E-13 -1.8355142E-07
  -1.7350000E+02  4.2742516E+02  4.7443017E-13 -1.8355141E-07
  -1.7350000E+02  4.2690848E+02  4.7443017E-13 -1.8355142E-07
  -1.7350000E+02  4.2639180E+02  4.7443016E-13 -1.8355142E-07
  -1.7350000E+02  4.2587511E+02  4.7443016E-13 -1.8355141E-07
  -1.7350000E+02  4.2535843E+02  4.7443016E-13 -1.8355141E-07
  -1.7350000E+02  4.2484175E+02  6.7867843E-05 -5.6349763E-07
  -1.7350000E+02  4.2432507E+02  1.3119302E-05 -9.4114296E-08
  -1.7350000E+02  4.2380839E+02  5.3600934E-06 -3.3821714E-08
  -1.7350000E+02  4.2329170E+02  5.3616775E-06 -3.0057495E-08
  -1.7350000E+02  4.2277502E+02  5.3630308E-06 -2.6822465E-08
  -1.7350000E+02  4.2225834E+02  5.3641114E-06 -2.3918273E-08
  -1.7250000E+02  4.3308716E+02  4.7513100E-13 -1.8354857E-07
  -1.7250000E+02  4.3257148E+02  4.7513100E-13 -1.8354857E-07
  -1.7250000E+02  4.3205580E+02  4.7513100E-13 -1.8354857E-07
  -1.7250000E+02  4.3154011E+02  4.7513100E-13 -1.8354857E-07
  -1.7250000E+02  4.3102443E+02  4.7513100E-13 -1.8354857E-07
  -1.7250000E+02  4.3050875E+02  4.7513100E-13 -1.8354857E-07
  -1.7250000E+02  4.2999307E+02  4.7513100E-13 -1.8354857E-07
  -1.7250000E+02  4.2947739E+02  4.7513100E-13 -1.8354856E-07
  -1.7250000E+02  4.2896170E+02  4.7513100E-13 -1.8354856E-07
  -1.7250000E+02  4.2844602E+02  4.7513100E-13 -1.8354857E-07
  -1.7250000E+02  4.2793034E+02  4.7513100E-13 -1.8354857E-07
  -1.7250000E+02  4.2741466E+02  4.7513100E-13 -1.8354856E-07
  -1.7250000E+02  4.2689898E+02  4.7513100E-13 -1.8354857E-07
  -1.7250000E+02  4.2638330E+02  4.7513100E-13 -1.8354856E-07
  -1.7250000E+02  4.2586761E+02  4.7513100E-13 -1.8354857E-07
  -1.7250000E+02  4.2535193E+02  4.7513100E-13 -1.8354856E-07
  -1.7250000E+02  4.2483625E+02  6.7985051E-05 -5.6204858E-07
  -1.7250000E+02  4.2432057E+02  1.3141923E-05 -9.8365821E-08
  -1.7250000E+02  4.2380489E+02  5.3680786E-06 -3.5997642E-08
  -1.7250000E+02  4.2328920E+02  5.3687060E-06 -3.2120867E-08
  -1.7250000E+02  4.2277352E+02  5.3693358E-06 -2.8574215E-08
  -1.7250000E+02  4.2225784E+02  5.3698717E-06 -2.5285904E-08
  -1.7150000E+02  4.3306566E+02  4.7579087E-13 -1.8354934E-07
  -1.7150000E+02  4.3255098E+02  4.7579087E-13 -1.8354934E-07
  -1.7150000E+02  4.3203630E+02  4.7579087E-13 -1.8354933E-07
  -1.7150000E+02  4.3152161E+02  4.7579087E-13 -1.8354933E-07
  -1.7150000E+02  4.3100693E+02  4.7579087E-13 -1.8354933E-07
  -1.7150000E+02  4.3049225E+02  4.7579087E-13 -1.8354933E-07
  -1.7150000E+02  4.2997757E+02  4.7579087E-13 -1.8354933E-07
  -1.7150000E+02  4.2946289E+02  4.7579087E-13 -1.8354933E-07
  -1.7150000E+02  4.2894820E+02  4.7579087E-13 -1.8354933E-07
  -1.7150000E+02  4.2843352E+02  4.7579087E-13 -1.8354933E-07
  -1.7150000E+02  4.2791884E+02  4.7579087E-13 -1.8354933E-07
  -1.7150000E+02  4.2740416E+02  4.7579087E-13 -1.8354932E-07
  -1.7150000E+02  4.2688948E+02  4.7579087E-13 -1.8354933E-07
  -1.7150000E+02  4.2637480E+02  4.7579086E-13 -1.8354932E-07
  -1.7150000E+02  4.2586011E+02  4.7579087E-13 -1.8354933E-07
  -1.7150000E+02  4.2534543E+02  4.7579086E-13 -1.8354932E-07
  -1.7150000E+02  4.2483075E+02  6.8088725E-05 -5.6660197E-07
  -1.7150000E+02  4.2431607E+02  1.3161443E-05 -9.9564761E-08
  -1.7150000E+02  4.2380139E+02  5.3757340E-06 -3.6740005E-08
  -1.7150000E+02  4.2328670E+02  5.3759308E-06 -3.2933227E-08
  -1.7150000E+02  4.2277202E+02  5.3761056E-06 -2.9295495E-08
  -1.7150000E+02  4.2225734E+02  5.3762193E-06 -2.5812305E-08
  -1.7050000E+02  4.3304416E+02  4.7640990E-13 -1.8354913E-07
  -1.7050000E+02  4.3253048E+02  4.7640990E-13 -1.8354913E-07
  -1.7050000E+02  4.3201680E+02  4.7640990E-13 -1.8354912E-07
  -1.7050000E+02  4.3150311E+02  4.7640990E-13 -1.8354912E-07
  -1.7050000E+02  4.3098943E+02  4.7640990E-13 -1.8354912E-07
  -1.7050000E+02  4.3047575E+02  4.7640990E-13 -1.8354912E-07
  -1.7050000E+02  4.2996207E+02  4.7640990E-13 -1.8354912E-07
  -1.7050000E+02  4.2944839E+02  4.7640990E-13 -1.8354912E-07
  -1.7050000E+02  4.2893470E+02  4.7640990E-13 -1.8354912E-07
  -1.7050000E+02  4.2842102E+02  4.7640990E-13 -1.8354912E-07
  -1.7050000E+02  4.2790734E+02  4.7640990E-13 -1.8354912E-07
  -1.7050000E+02  4.2739366E+02  4.7640990E-13 -1.8354912E-07
  -1.7050000E+02  4.2687998E+02  4.7640990E-13 -1.8354912E-07
  -1.7050000E+02  4.2636630E+02  4.7640990E-13 -1.8354912E-07
  -1.7050000E+02  4.2585261E+02  4.7640990E-13 -1.8354912E-07
  -1.7050000E+02  4.2533893E+02  4.7640990E-13 -1.8354912E-07
  -1.7050000E+02  4.2482525E+02  6.8187681E-05 -5.6739745E-07
  -1.7050000E+02  4.2431157E+02  1.3180413E-05 -9.9950794E-08
  -1.7050000E+02  4.2379789E+02  5.3832755E-06 -3.6895004E-08
  -1.7050000E+02  4.2328420E+02  5.3832382E-06 -3.3043616E-08
  -1.7050000E+02  4.2277052E+02  5.3831387E-06 -2.9302819E-08
  -1.7050000E+02  4.2225684E+02  5.3829616E-06 -2.5667745E-08
  -1.6950000E+02  4.3302266E+02  4.7703223E-13 -1.8354918E-07
  -1.6950000E+02  4.3250998E+02  4.7703223E-13 -1.8354918E-07
  -1.6950000E+02  4.3199730E+02  4.7703223E-13 -1.8354918E-07
  -1.6950000E+02  4.3148461E+02  4.7703223E-13 -1.8354918E-07
  -1.6950000E+02  4.3097193E+02  4.7703223E-13 -1.8354918E-07
  -1.6950000E+02  4.3045925E+02  4.7703222E-13 -1.8354918E-07
  -1.6950000E+02  4.2994657E+02  4.7703222E-13 -1.8354918E-07
  -1.6950000E+02  4.2943389E+02  4.7703222E-13 -1.8354918E-07
  -1.6950000E+02  4.2892120E+02  4.7703222E-13 -1.8354918E-07
  -1.6950000E+02  4.2840852E+02  4.7703222E-13 -1.8354918E-07
  -1.6950000E+02  4.2789584E+02  4.7703222E-13 -1.8354918E-07
  -1.6950000E+02  4.2738316E+02  4.7703222E-13 -1.8354917E-07
  -1.6950000E+02  4.2687048E+02  4.7703223E-13 -1.8354918E-07
  -1.6950000E+02  4.2635780E+02  4.7703222E-13 -1.8354917E-07
  -1.6950000E+02  4.2584511E+02  4.7703222E-13 -1.8354918E-07
  -1.6950000E+02  4.2533243E+02  4.7703222E-13 -1.8354918E-07
  -1.6950000E+02  4.2481975E+02  6.8287010E-05 -5.6754594E-07
  -1.6950000E+02  4.2430707E+02  1.3199495E-05 -9.9761237E-08
  -1.6950000E+02  4.2379439E+02  5.3909481E-06 -3.6714276E-08
  -1.6950000E+02  4.2328170E+02  5.3907567E-06 -3.2732840E-08
  -1.6950000E+02  4.2276902E+02  5.3904707E-06 -2.8832451E-08
  -1.6950000E+02  4.2225634E+02  5.3900832E-06 -2.5023362E-08
  -1.6850000E+02  4.3300116E+02  4.7767366E-13 -1.8354917E-07
  -1.6850000E+02  4.3248948E+02  4.7767366E-13 -1.8354917E-07
  -1.6850000E+02  4.3197780E+02  4.7767366E-13 -1.8354917E-07
  -1.6850000E+02  4.3146611E+02  4.7767366E-13 -1.8354917E-07
  -1.6850000E+02  4.3095443E+02  4.7767366E-13 -1.8354916E-07
  -1.6850000E+02  4.3044275E+02  4.7767366E-13 -1.8354917E-07
  -1.6850000E+02  4.2993107E+02  4.7767366E-13 -1.8354916E-07
  -1.6850000E+02  4.2941939E+02  4.7767366E-13 -1.8354916E-07
  -1.6850000E+02  4.2890770E+02  4.7767366E-13 -1.8354916E-07
  -1.6850000E+02  4.2839602E+02  4.7767366E-13 -1.8354916E-07
  -1.6850000E+02  4.2788434E+02  4.7767366E-13 -1.8354916E-07
  -1.6850000E+02  4.2737266E+02  4.7767366E-13 -1.8354916E-07
  -1.6850000E+02  4.2686098E+02  4.7767366E-13 -1.8354917E-07
  -1.6850000E+02  4.2634930E+02  4.7767366E-13 -1.8354916E-07
  -1.6850000E+02  4.2583761E+02  4.7767366E-13 -1.8354916E-07
  -1.6850000E+02  4.2532593E+02  4.7767366E-13 -1.8354916E-07
  -1.6850000E+02  4.2481425E+02  6.8389527E-05 -5.6699793E-07
  -1.6850000E+02  4.2430257E+02  1.3219237E-05 -9.9226747E-08
  -1.6850000E+02  4.2379089E+02  5.3989255E-06 -3.6308037E-08
  -1.6850000E+02  4.2327920E+02  5.3986251E-06 -3.2131087E-08
  -1.6850000E+02  4.2276752E+02  5.3982008E-06 -2.8015879E-08
  -1.6850000E+02  4.2225584E+02  5.3976481E-06 -2.3988920E-08
  -1.6750000E+02  4.3297966E+02  4.7834834E-13 -1.8354917E-07
  -1.6750000E+02  4.3246898E+02  4.7834834E-13 -1.8354917E-07
  -1.6750000E+02  4.3195830E+02  4.7834834E-13 -1.8354917E-07
  -1.6750000E+02  4.3144761E+02  4.7834834E-13 -1.8354917E-07
  -1.6750000E+02  4.3093693E+02  4.7834834E-13 -1.8354917E-07
  -1.6750000E+02  4.3042625E+02  4.7834834E-13 -1.8354917E-07
  -1.6750000E+02  4.2991557E+02  4.7834834E-13 -1.8354917E-07
  -1.6750000E+02  4.2940489E+02  4.7834834E-13 -1.8354917E-07
  -1.6750000E+02  4.2889420E+02  4.7834834E-13 -1.8354917E-07
  -1.6750000E+02  4.2838352E+02  4.7834834E-13 -1.8354917E-07
  -1.6750000E+02  4.2787284E+02  4.7834834E-13 -1.8354916E-07
  -1.6750000E+02  4.2736216E+02  4.7834834E-13 -1.8354917E-07
  -1.6750000E+02  4.2685148E+02  4.7834834E-13 -1.8354917E-07
  -1.6750000E+02  4.2634080E+02  4.7834834E-13 -1.8354916E-07
  -1.6750000E+02  4.2583011E+02  4.7834834E-13 -1.8354916E-07
  -1.6750000E+02  4.2531943E+02  4.7834834E-13 -1.8354917E-07
  -1.6750000E+02  4.2480875E+02  6.8497399E-05 -5.6605988E-07
  -1.6750000E+02  4.2429807E+02  1.3240037E-05 -9.8440603E-08
  -1.6750000E+02  4.2378739E+02  5.4073582E-06 -3.5738426E-08
  -1.6750000E+02  4.2327670E+02  5.4069730E-06 -3.1309045E-08
  -1.6750000E+02  4.2276602E+02  5.4064369E-06 -2.6925805E-08
  -1.6750000E+02  4.2225534E+02  5.4057444E-06 -2.2626581E-08
  -1.6650000E+02  4.3295816E+02  4.7906721E-13 -1.8354917E-07
  -1.6650000E+02  4.3244848E+02  4.7906721E-13 -1.8354917E-07
  -1.6650000E+02  4.3193880E+02  4.7906721E-13 -1.8354917E-07
  -1.6650000E+02  4.3142911E+02  4.7906721E-13 -1.8354917E-07
  -1.6650000E+02  4.3091943E+02  4.7906721E-13 -1.8354917E-07
  -1.6650000E+02  4.3040975E+02  4.7906721E-13 -1.8354917E-07
  -1.6650000E+02  4.2990007E+02  4.7906721E-13 -1.8354917E-07
  -1.6650000E+02  4.2939039E+02  4.7906721E-13 -1.8354917E-07
  -1.6650000E+02  4.2888070E+02  4.7906721E-13 -1.8354916E-07
  -1.6650000E+02  4.2837102E+02  4.7906721E-13 -1.8354917E-07
  -1.6650000E+02  4.2786134E+02  4.7906721E-13 -1.8354916E-07
  -1.6650000E+02  4.2735166E+02  4.7906721E-13 -1.8354917E-07
  -1.6650000E+02  4.2684198E+02  4.7906721E-13 -1.8354916E-07
  -1.6650000E+02  4.2633230E+02  4.7906720E-13 -1.8354916E-07
  -1.6650000E+02  4.2582261E+02  4.7906721E-13 -1.8354916E-07
  -1.6650000E+02  4.2531293E+02  4.7906721E-13 -1.8354917E-07
  -1.6650000E+02  4.2480325E+02  6.8612368E-05 -5.6484743E-07
  -1.6650000E+02  4.2429357E+02  1.3262223E-05 -9.7467774E-08
  -1.6650000E+02  4.2378389E+02  5.4163692E-06 -3.5038818E-08
  -1.6650000E+02  4.2327420E+02  5.4159120E-06 -3.0303580E-08
  -1.6650000E+02  4.2276452E+02  5.4152782E-06 -2.5602436E-08
  -1.6650000E+02  4.2225484E+02  5.4144613E-06 -2.0973745E-08
  -1.6550000E+02  4.3293666E+02  4.7983873E-13 -1.8354917E-07
  -1.6550000E+02  4.3242798E+02  4.7983872E-13 -1.8354917E-07
  -1.6550000E+02  4.3191930E+02  4.7983872E-13 -1.8354917E-07
  -1.6550000E+02  4.3141061E+02  4.7983872E-13 -1.8354917E-07
  -1.6550000E+02  4.3090193E+02  4.7983872E-13 -1.8354917E-07
  -1.6550000E+02  4.3039325E+02  4.7983872E-13 -1.8354917E-07
  -1.6550000E+02  4.2988457E+02  4.7983872E-13 -1.8354917E-07
  -1.6550000E+02  4.2937589E+02  4.7983872E-13 -1.8354916E-07
  -1.6550000E+02  4.2886720E+02  4.7983872E-13 -1.8354917E-07
  -1.6550000E+02  4.2835852E+02  4.7983872E-13 -1.8354917E-07
  -1.6550000E+02  4.2784984E+02  4.7983872E-13 -1.8354917E-07
  -1.6550000E+02  4.2734116E+02  4.7983872E-13 -1.8354917E-07
  -1.6550000E+02  4.2683248E+02  4.7983872E-13 -1.8354916E-07
  -1.6550000E+02  4.2632380E+02  4.7983872E-13 -1.8354917E-07
  -1.6550000E+02  4.2581511E+02  4.7983872E-13 -1.8354916E-07
  -1.6550000E+02  4.2530643E+02  4.7983872E-13 -1.8354916E-07
  -1.6550000E+02  4.2479775E+02  6.8735765E-05 -5.6341392E-07
  -1.6550000E+02  4.2428907E+02  1.3286043E-05 -9.6339997E-08
  -1.6550000E+02  4.2378039E+02  5.4260535E-06 -3.4226892E-08
  -1.6550000E+02  4.2327170E+02  5.4255316E-06 -2.9134791E-08
  -1.6550000E+02  4.2276302E+02  5.4248101E-06 -2.4070941E-08
  -1.6550000E+02  4.2225434E+02  5.4238829E-06 -1.9061026E-08
  -1.6450000E+02  4.3291516E+02  4.8066914E-13 -1.8354917E-07
  -1.6450000E+02  4.3240748E+02  4.8066914E-13 -1.8354917E-07
  -1.6450000E+02  4.3189980E+02  4.8066914E-13 -1.8354917E-07
  -1.6450000E+02  4.3139211E+02  4.8066914E-13 -1.8354917E-07
  -1.6450000E+02  4.3088443E+02  4.8066914E-13 -1.8354917E-07
  -1.6450000E+02  4.3037675E+02  4.8066914E-13 -1.8354917E-07
  -1.6450000E+02  4.2986907E+02  4.8066914E-13 -1.8354917E-07
  -1.6450000E+02  4.2936139E+02  4.8066914E-13 -1.8354916E-07
  -1.6450000E+02  4.2885370E+02  4.8066914E-13 -1.8354917E-07
  -1.6450000E+02  4.2834602E+02  4.8066914E-13 -1.8354917E-07
  -1.6450000E+02  4.2783834E+02  4.8066914E-13 -1.8354917E-07
  -1.6450000E+02  4.2733066E+02  4.8066914E-13 -1.8354917E-07
  -1.6450000E+02  4.2682298E+02  4.8066914E-13 -1.8354916E-07
  -1.6450000E+02  4.2631530E+02  4.8066914E-13 -1.8354917E-07
  -1.6450000E+02  4.2580761E+02  4.8066914E-13 -1.8354917E-07
  -1.6450000E+02  4.2529993E+02  4.8066914E-13 -1.8354917E-07
  -1.6450000E+02  4.2479225E+02  6.8868589E-05 -5.6176662E-07
  -1.6450000E+02  4.2428457E+02  1.3311687E-05 -9.5070389E-08
  -1.6450000E+02  4.2377689E+02  5.4364870E-06 -3.3314059E-08
  -1.6450000E+02  4.2326920E+02  5.4359087E-06 -2.7820293E-08
  -1.6450000E+02  4.2276152E+02  5.4351113E-06 -2.2354935E-08
  -1.6450000E+02  4.2225384E+02  5.4340902E-06 -1.6922691E-08
  -1.6350000E+02  4.3289366E+02  4.8156374E-13 -1.8354917E-07
  -1.6350000E+02  4.3238698E+02  4.8156374E-13 -1.8354917E-07
  -1.6350000E+02  4.3188030E+02  4.8156374E-13 -1.8354917E-07
  -1.6350000E+02  4.3137361E+02  4.8156374E-13 -1.8354917E-07
  -1.6350000E+02  4.3086693E+02  4.8156374E-13 -1.8354917E-07
  -1.6350000E+02  4.3036025E+02  4.8156374E-13 -1.8354916E-07
  -1.6350000E+02  4.2985357E+02  4.8156374E-13 -1.8354917E-07
  -1.6350000E+02  4.2934689E+02  4.8156374E-13 -1.8354916E-07
  -1.6350000E+02  4.2884020E+02  4.8156374E-13 -1.8354916E-07
  -1.6350000E+02  4.2833352E+02  4.8156374E-13 -1.8354917E-07
  -1.6350000E+02  4.2782684E+02  4.8156373E-13 -1.8354916E-07
  -1.6350000E+02  4.2732016E+02  4.8156373E-13 -1.8354916E-07
  -1.6350000E+02  4.2681348E+02  4.8156374E-13 -1.8354917E-07
  -1.6350000E+02  4.2630680E+02  4.8156373E-13 -1.8354916E-07
  -1.6350000E+02  4.2580011E+02  4.8156373E-13 -1.8354917E-07
  -1.6350000E+02  4.2529343E+02  4.8156374E-13 -1.8354917E-07
  -1.6350000E+02  4.2478675E+02  6.9011693E-05 -5.5992819E-07
  -1.6350000E+02  4.2428007E+02  1.3339324E-05 -9.3672156E-08
  -1.6350000E+02  4.2377339E+02  5.4477417E-06 -3.2314502E-08
  -1.6350000E+02  4.2326670E+02  5.4471189E-06 -2.6384009E-08
  -1.6350000E+02  4.2276002E+02  5.4462614E-06 -2.0483383E-08
  -1.6350000E+02  4.2225334E+02  5.4451656E-06 -1.4598147E-08
  -1.6250000E+02  4.3287216E+02  4.8252787E-13 -1.8354917E-07
  -1.6250000E+02  4.3236648E+02  4.8252787E-13 -1.8354917E-07
  -1.6250000E+02  4.3186080E+02  4.8252786E-13 -1.8354917E-07
  -1.6250000E+02  4.3135511E+02  4.8252786E-13 -1.8354917E-07
  -1.6250000E+02  4.3084943E+02  4.8252786E-13 -1.8354917E-07
  -1.6250000E+02  4.3034375E+02  4.8252786E-13 -1.8354916E-07
  -1.6250000E+02  4.2983807E+02  4.8252786E-13 -1.8354917E-07
  -1.6250000E+02  4.2933239E+02  4.8252786E-13 -1.8354916E-07
  -1.6250000E+02  4.2882670E+02  4.8252786E-13 -1.8354916E-07
  -1.6250000E+02  4.2832102E+02  4.8252786E-13 -1.8354916E-07
  -1.6250000E+02  4.2781534E+02  4.8252786E-13 -1.8354916E-07
  -1.6250000E+02  4.2730966E+02  4.8252786E-13 -1.8354916E-07
  -1.6250000E+02  4.2680398E+02  4.8252786E-13 -1.8354916E-07
  -1.6250000E+02  4.2629830E+02  4.8252786E-13 -1.8354916E-07
  -1.6250000E+02  4.2579261E+02  4.8252786E-13 -1.8354916E-07
  -1.6250000E+02  4.2528693E+02  4.8252786E-13 -1.8354916E-07
  -1.6250000E+02  4.2478125E+02  6.9165947E-05 -5.5796735E-07
  -1.6250000E+02  4.2427557E+02  1.3369129E-05 -9.2174410E-08
  -1.6250000E+02  4.2376989E+02  5.4598935E-06 -3.1249210E-08
  -1.6250000E+02  4.2326420E+02  5.4592411E-06 -2.4856903E-08
  -1.6250000E+02  4.2275852E+02  5.4583415E-06 -1.8490755E-08
  -1.6250000E+02  4.2225284E+02  5.4571908E-06 -1.2128453E-08
  -1.6150000E+02  4.3285066E+02  4.8356683E-13 -1.8354917E-07
  -1.6150000E+02  4.3234598E+02  4.8356683E-13 -1.8354917E-07
  -1.6150000E+02  4.3184130E+02  4.8356683E-13 -1.8354916E-07
  -1.6150000E+02  4.3133661E+02  4.8356683E-13 -1.8354917E-07
  -1.6150000E+02  4.3083193E+02  4.8356683E-13 -1.8354916E-07
  -1.6150000E+02  4.3032725E+02  4.8356683E-13 -1.8354916E-07
  -1.6150000E+02  4.2982257E+02  4.8356683E-13 -1.8354916E-07
  -1.6150000E+02  4.2931789E+02  4.8356683E-13 -1.8354916E-07
  -1.6150000E+02  4.2881320E+02  4.8356682E-13 -1.8354916E-07
  -1.6150000E+02  4.2830852E+02  4.8356683E-13 -1.8354916E-07
  -1.6150000E+02  4.2780384E+02  4.8356682E-13 -1.8354916E-07
  -1.6150000E+02  4.2729916E+02  4.8356682E-13 -1.8354916E-07
  -1.6150000E+02  4.2679448E+02  4.8356682E-13 -1.8354916E-07
  -1.6150000E+02  4.2628980E+02  4.8356682E-13 -1.8354916E-07
  -1.6150000E+02  4.2578511E+02  4.8356682E-13 -1.8354915E-07
  -1.6150000E+02  4.2528043E+02  4.8356683E-13 -1.8354917E-07
  -1.6150000E+02  4.2477575E+02  6.9332201E-05 -5.5598262E-07
  -1.6150000E+02  4.2427107E+02  1.3401268E-05 -9.0623047E-08
  -1.6150000E+02  4.2376639E+02  5.4730126E-06 -3.0144089E-08
  -1.6150000E+02  4.2326170E+02  5.4723461E-06 -2.3272440E-08
  -1.6150000E+02  4.2275702E+02  5.4714229E-06 -1.6414634E-08
  -1.6150000E+02  4.2225234E+02  5.4702379E-06 -9.5549304E-09
  -1.6050000E+02  4.3282916E+02  4.8468443E-13 -1.8354917E-07
  -1.6050000E+02  4.3232548E+02  4.8468443E-13 -1.8354917E-07
  -1.6050000E+02  4.3182180E+02  4.8468443E-13 -1.8354916E-07
  -1.6050000E+02  4.3131811E+02  4.8468443E-13 -1.8354916E-07
  -1.6050000E+02  4.3081443E+02  4.8468443E-13 -1.8354916E-07
  -1.6050000E+02  4.3031075E+02  4.8468443E-13 -1.8354916E-07
  -1.6050000E+02  4.2980707E+02  4.8468443E-13 -1.8354916E-07
  -1.6050000E+02  4.2930339E+02  4.8468443E-13 -1.8354916E-07
  -1.6050000E+02  4.2879970E+02  4.8468443E-13 -1.8354916E-07
  -1.6050000E+02  4.2829602E+02  4.8468443E-13 -1.8354916E-07
  -1.6050000E+02  4.2779234E+02  4.8468443E-13 -1.8354916E-07
  -1.6050000E+02  4.2728866E+02  4.8468443E-13 -1.8354916E-07
  -1.6050000E+02  4.2678498E+02  4.8468443E-13 -1.8354916E-07
  -1.6050000E+02  4.2628130E+02  4.8468443E-13 -1.8354916E-07
  -1.6050000E+02  4.2577761E+02  4.8468442E-13 -1.8354914E-07
  -1.6050000E+02  4.2527393E+02  4.8468443E-13 -1.8354916E-07
  -1.6050000E+02  4.2477025E+02  6.9511054E-05 -5.5405954E-07
  -1.6050000E+02  4.2426657E+02  1.3435854E-05 -8.9068443E-08
  -1.6050000E+02  4.2376289E+02  5.4871444E-06 -2.9025802E-08
  -1.6050000E+02  4.2325920E+02  5.4864786E-06 -2.1663483E-08
  -1.6050000E+02  4.2275552E+02  5.4855510E-06 -1.4296165E-08
  -1.6050000E+02  4.2225184E+02  5.4843557E-06 -6.9241318E-09
  -1.5950000E+02  4.3280766E+02  4.8588139E-13 -1.8354917E-07
  -1.5950000E+02  4.3230498E+02  4.8588139E-13 -1.8354917E-07
  -1.5950000E+02  4.3180230E+02  4.8588139E-13 -1.8354916E-07
  -1.5950000E+02  4.3129961E+02  4.8588139E-13 -1.8354916E-07
  -1.5950000E+02  4.3079693E+02  4.8588139E-13 -1.8354916E-07
  -1.5950000E+02  4.3029425E+02  4.8588139E-13 -1.8354916E-07
  -1.5950000E+02  4.2979157E+02  4.8588139E-13 -1.8354916E-07
  -1.5950000E+02  4.2928889E+02  4.8588139E-13 -1.8354916E-07
  -1.5950000E+02  4.2878620E+02  4.8588139E-13 -1.8354915E-07
  -1.5950000E+02  4.2828352E+02  4.8588139E-13 -1.8354916E-07
  -1.5950000E+02  4.2778084E+02  4.8588139E-13 -1.8354916E-07
  -1.5950000E+02  4.2727816E+02  4.8588139E-13 -1.8354915E-07
  -1.5950000E+02  4.2677548E+02  4.8588139E-13 -1.8354916E-07
  -1.5950000E+02  4.2627280E+02  4.8588139E-13 -1.8354916E-07
  -1.5950000E+02  4.2577011E+02  4.8588138E-13 -1.8354915E-07
  -1.5950000E+02  4.2526743E+02  4.8588139E-13 -1.8354916E-07
  -1.5950000E+02  4.2476475E+02  6.9702610E-05 -5.5224636E-07
  -1.5950000E+02  4.2426207E+02  1.3472904E-05 -8.7553049E-08
  -1.5950000E+02  4.2375939E+02  5.5022937E-06 -2.7920466E-08
  -1.5950000E+02  4.2325670E+02  5.5016446E-06 -2.0065024E-08
  -1.5950000E+02  4.2275402E+02  5.5007361E-06 -1.2184886E-08
  -1.5950000E+02  4.2225134E+02  5.4995621E-06 -4.2966980E-09
  -1.5850000E+02  4.3278616E+02  4.8715489E-13 -1.8354917E-07
  -1.5850000E+02  4.3228448E+02  4.8715489E-13 -1.8354917E-07
  -1.5850000E+02  4.3178280E+02  4.8715488E-13 -1.8354916E-07
  -1.5850000E+02  4.3128111E+02  4.8715488E-13 -1.8354916E-07
  -1.5850000E+02  4.3077943E+02  4.8715488E-13 -1.8354916E-07
  -1.5850000E+02  4.3027775E+02  4.8715488E-13 -1.8354916E-07
  -1.5850000E+02  4.2977607E+02  4.8715488E-13 -1.8354916E-07
  -1.5850000E+02  4.2927439E+02  4.8715488E-13 -1.8354916E-07
  -1.5850000E+02  4.2877270E+02  4.8715488E-13 -1.8354916E-07
  -1.5850000E+02  4.2827102E+02  4.8715488E-13 -1.8354916E-07
  -1.5850000E+02  4.2776934E+02  4.8715488E-13 -1.8354916E-07
  -1.5850000E+02  4.2726766E+02  4.8715488E-13 -1.8354915E-07
  -1.5850000E+02  4.2676598E+02  4.8715488E-13 -1.8354916E-07
  -1.5850000E+02  4.2626430E+02  4.8715488E-13 -1.8354916E-07
  -1.5850000E+02  4.2576261E+02  4.8715488E-13 -1.8354916E-07
  -1.5850000E+02  4.2526093E+02  4.8715488E-13 -1.8354916E-07
  -1.5850000E+02  4.2475925E+02  6.9906420E-05 -5.5057361E-07
  -1.5850000E+02  4.2425757E+02  1.3512329E-05 -8.6111269E-08
  -1.5850000E+02  4.2375589E+02  5.5184253E-06 -2.6856951E-08
  -1.5850000E+02  4.2325420E+02  5.5178133E-06 -1.8520786E-08
  -1.5850000E+02  4.2275252E+02  5.5169540E-06 -1.0144086E-08
  -1.5850000E+02  4.2225084E+02  5.5158419E-06 -1.7528149E-09
  -1.5750000E+02  4.3276466E+02  4.8849952E-13 -1.8354917E-07
  -1.5750000E+02  4.3226398E+02  4.8849951E-13 -1.8354917E-07
  -1.5750000E+02  4.3176330E+02  4.8849951E-13 -1.8354917E-07
  -1.5750000E+02  4.3126261E+02  4.8849951E-13 -1.8354917E-07
  -1.5750000E+02  4.3076193E+02  4.8849951E-13 -1.8354917E-07
  -1.5750000E+02  4.3026125E+02  4.8849951E-13 -1.8354916E-07
  -1.5750000E+02  4.2976057E+02  4.8849951E-13 -1.8354916E-07
  -1.5750000E+02  4.2925989E+02  4.8849951E-13 -1.8354916E-07
  -1.5750000E+02  4.2875920E+02  4.8849951E-13 -1.8354917E-07
  -1.5750000E+02  4.2825852E+02  4.8849951E-13 -1.8354916E-07
  -1.5750000E+02  4.2775784E+02  4.8849951E-13 -1.8354917E-07
  -1.5750000E+02  4.2725716E+02  4.8849951E-13 -1.8354916E-07
  -1.5750000E+02  4.2675648E+02  4.8849951E-13 -1.8354916E-07
  -1.5750000E+02  4.2625580E+02  4.8849951E-13 -1.8354916E-07
  -1.5750000E+02  4.2575511E+02  4.8849951E-13 -1.8354916E-07
  -1.5750000E+02  4.2525443E+02  4.8849951E-13 -1.8354916E-07
  -1.5750000E+02  4.2475375E+02  7.0121631E-05 -5.4910123E-07
  -1.5750000E+02  4.2425307E+02  1.3553970E-05 -8.4781627E-08
  -1.5750000E+02  4.2375239E+02  5.5354777E-06 -2.5871442E-08
  -1.5750000E+02  4.2325170E+02  5.5349285E-06 -1.7087148E-08
  -1.5750000E+02  4.2275102E+02  5.5341548E-06 -8.2508312E-09
  -1.5750000E+02  4.2225034E+02  5.5331504E-06  6.1148904E-10
  -1.5650000E+02  4.3274316E+02  4.8990873E-13 -1.8354917E-07
  -1.5650000E+02  4.3224348E+02  4.8990873E-13 -1.8354917E-07
  -1.5650000E+02  4.3174380E+02  4.8990873E-13 -1.8354917E-07
  -1.5650000E+02  4.3124411E+02  4.8990873E-13 -1.8354917E-07
  -1.5650000E+02  4.3074443E+02  4.8990873E-13 -1.8354917E-07
  -1.5650000E+02  4.3024475E+02  4.8990873E-13 -1.8354917E-07
  -1.5650000E+02  4.2974507E+02  4.8990873E-13 -1.8354917E-07
  -1.5650000E+02  4.2924539E+02  4.8990873E-13 -1.8354917E-07
  -1.5650000E+02  4.2874570E+02  4.8990873E-13 -1.8354917E-07
  -1.5650000E+02  4.2824602E+02  4.8990873E-13 -1.8354916E-07
  -1.5650000E+02  4.2774634E+02  4.8990873E-13 -1.8354917E-07
  -1.5650000E+02  4.2724666E+02  4.8990873E-13 -1.8354916E-07
  -1.5650000E+02  4.2674698E+02  4.8990873E-13 -1.8354916E-07
  -1.5650000E+02  4.2624730E+02  4.8990872E-13 -1.8354916E-07
  -1.5650000E+02  4.2574761E+02  4.8990873E-13 -1.8354917E-07
  -1.5650000E+02  4.2524793E+02  4.8990872E-13 -1.8354916E-07
  -1.5650000E+02  4.2474825E+02  7.0347212E-05 -5.4794819E-07
  -1.5650000E+02  4.2424857E+02  1.3597634E-05 -8.3618935E-08
  -1.5650000E+02  4.2374889E+02  5.5533761E-06 -2.5008009E-08
  -1.5650000E+02  4.2324920E+02  5.5529180E-06 -1.5829205E-08
  -1.5650000E+02  4.2274952E+02  5.5522669E-06 -6.5880918E-09
  -1.5650000E+02  4.2224984E+02  5.5514151E-06  2.6962111E-09
  -1.5550000E+02  4.3272166E+02  4.9137541E-13 -1.8354917E-07
  -1.5550000E+02  4.3222298E+02  4.9137541E-13 -1.8354917E-07
  -1.5550000E+02  4.3172430E+02  4.9137541E-13 -1.8354917E-07
  -1.5550000E+02  4.3122561E+02  4.9137541E-13 -1.8354917E-07
  -1.5550000E+02  4.3072693E+02  4.9137541E-13 -1.8354917E-07
  -1.5550000E+02  4.3022825E+02  4.9137541E-13 -1.8354917E-07
  -1.5550000E+02  4.2972957E+02  4.9137541E-13 -1.8354917E-07
  -1.5550000E+02  4.2923089E+02  4.9137540E-13 -1.8354916E-07
  -1.5550000E+02  4.2873220E+02  4.9137541E-13 -1.8354917E-07
  -1.5550000E+02  4.2823352E+02  4.9137540E-13 -1.8354916E-07
  -1.5550000E+02  4.2773484E+02  4.9137540E-13 -1.8354916E-07
  -1.5550000E+02  4.2723616E+02  4.9137540E-13 -1.8354916E-07
  -1.5550000E+02  4.2673748E+02  4.9137540E-13 -1.8354916E-07
  -1.5550000E+02  4.2623880E+02  4.9137540E-13 -1.8354916E-07
  -1.5550000E+02  4.2574011E+02  4.9137540E-13 -1.8354916E-07
  -1.5550000E+02  4.2524143E+02  4.9137540E-13 -1.8354916E-07
  -1.5550000E+02  4.2474275E+02  7.0582024E-05 -5.4727231E-07
  -1.5550000E+02  4.2424407E+02  1.3643102E-05 -8.2693390E-08
  -1.5550000E+02  4.2374539E+02  5.5720322E-06 -2.4312807E-08
  -1.5550000E+02  4.2324670E+02  5.5716904E-06 -1.4809802E-08
  -1.5550000E+02  4.2274802E+02  5.5711934E-06 -5.2323537E-09
  -1.5550000E+02  4.2224934E+02  5.5705315E-06  4.4107080E-09
  -1.5450000E+02  4.3270016E+02  4.9289103E-13 -1.8354917E-07
  -1.5450000E+02  4.3220248E+02  4.9289103E-13 -1.8354917E-07
  -1.5450000E+02  4.3170480E+02  4.9289103E-13 -1.8354917E-07
  -1.5450000E+02  4.3120711E+02  4.9289103E-13 -1.8354917E-07
  -1.5450000E+02  4.3070943E+02  4.9289103E-13 -1.8354917E-07
  -1.5450000E+02  4.3021175E+02  4.9289103E-13 -1.8354916E-07
  -1.5450000E+02  4.2971407E+02  4.9289103E-13 -1.8354916E-07
  -1.5450000E+02  4.2921639E+02  4.9289103E-13 -1.8354916E-07
  -1.5450000E+02  4.2871870E+02  4.9289103E-13 -1.8354916E-07
  -1.5450000E+02  4.2822102E+02  4.9289103E-13 -1.8354916E-07
  -1.5450000E+02  4.2772334E+02  4.9289103E-13 -1.8354916E-07
  -1.5450000E+02  4.2722566E+02  4.9289103E-13 -1.8354916E-07
  -1.5450000E+02  4.2672798E+02  4.9289103E-13 -1.8354916E-07
  -1.5450000E+02  4.2623030E+02  4.9289103E-13 -1.8354916E-07
  -1.5450000E+02  4.2573261E+02  4.9289103E-13 -1.8354916E-07
  -1.5450000E+02  4.2523493E+02  4.9289103E-13 -1.8354916E-07
  -1.5450000E+02  4.2473725E+02  7.0824691E-05 -5.4721010E-07
  -1.5450000E+02  4.2423957E+02  1.3690104E-05 -8.2074465E-08
  -1.5450000E+02  4.2374189E+02  5.5913304E-06 -2.3824689E-08
  -1.5450000E+02  4.2324420E+02  5.5911222E-06 -1.4078051E-08
  -1.5450000E+02  4.2274652E+02  5.5908009E-06 -4.2435464E-09
  -1.5450000E+02  4.2224884E+02  5.5903564E-06  5.6817551E-09
  -1.5350000E+02  4.3267866E+02  4.9444426E-13 -1.8354917E-07
  -1.5350000E+02  4.3218198E+02  4.9444426E-13 -1.8354917E-07
  -1.5350000E+02  4.3168530E+02  4.9444426E-13 -1.8354916E-07
  -1.5350000E+02  4.3118861E+02  4.9444426E-13 -1.8354916E-07
  -1.5350000E+02  4.3069193E+02  4.9444426E-13 -1.8354916E-07
  -1.5350000E+02  4.3019525E+02  4.9444426E-13 -1.8354916E-07
  -1.5350000E+02  4.2969857E+02  4.9444426E-13 -1.8354916E-07
  -1.5350000E+02  4.2920189E+02  4.9444426E-13 -1.8354916E-07
  -1.5350000E+02  4.2870520E+02  4.9444425E-13 -1.8354916E-07
  -1.5350000E+02  4.2820852E+02  4.9444425E-13 -1.8354916E-07
  -1.5350000E+02  4.2771184E+02  4.9444425E-13 -1.8354916E-07
  -1.5350000E+02  4.2721516E+02  4.9444425E-13 -1.8354916E-07
  -1.5350000E+02  4.2671848E+02  4.9444425E-13 -1.8354915E-07
  -1.5350000E+02  4.2622180E+02  4.9444425E-13 -1.8354916E-07
  -1.5350000E+02  4.2572511E+02  4.9444425E-13 -1.8354915E-07
  -1.5350000E+02  4.2522843E+02  4.9444425E-13 -1.8354915E-07
  -1.5350000E+02  4.2473175E+02  7.1073372E-05 -5.4782106E-07
  -1.5350000E+02  4.2423507E+02  1.3738274E-05 -8.1810108E-08
  -1.5350000E+02  4.2373839E+02  5.6111129E-06 -2.3568031E-08
  -1.5350000E+02  4.2324170E+02  5.6110466E-06 -1.3664156E-08
  -1.5350000E+02  4.2274502E+02  5.6109127E-06 -3.6620817E-09
  -1.5350000E+02  4.2224834E+02  5.6107039E-06  6.4543791E-09
  -1.5250000E+02  4.3265716E+02  4.9602024E-13 -1.8354917E-07
  -1.5250000E+02  4.3216148E+02  4.9602024E-13 -1.8354917E-07
  -1.5250000E+02  4.3166580E+02  4.9602024E-13 -1.8354916E-07
  -1.5250000E+02  4.3117011E+02  4.9602024E-13 -1.8354916E-07
  -1.5250000E+02  4.3067443E+02  4.9602024E-13 -1.8354916E-07
  -1.5250000E+02  4.3017875E+02  4.9602024E-13 -1.8354916E-07
  -1.5250000E+02  4.2968307E+02  4.9602023E-13 -1.8354916E-07
  -1.5250000E+02  4.2918739E+02  4.9602024E-13 -1.8354916E-07
  -1.5250000E+02  4.2869170E+02  4.9602023E-13 -1.8354916E-07
  -1.5250000E+02  4.2819602E+02  4.9602023E-13 -1.8354915E-07
  -1.5250000E+02  4.2770034E+02  4.9602023E-13 -1.8354915E-07
  -1.5250000E+02  4.2720466E+02  4.9602023E-13 -1.8354916E-07
  -1.5250000E+02  4.2670898E+02  4.9602023E-13 -1.8354915E-07
  -1.5250000E+02  4.2621330E+02  4.9602023E-13 -1.8354915E-07
  -1.5250000E+02  4.2571761E+02  4.9602023E-13 -1.8354916E-07
  -1.5250000E+02  4.2522193E+02  4.9602023E-13 -1.8354914E-07
  -1.5250000E+02  4.2472625E+02  7.1325673E-05 -5.4907860E-07
  -1.5250000E+02  4.2423057E+02  1.3787138E-05 -8.1915590E-08
  -1.5250000E+02  4.2373489E+02  5.6311786E-06 -2.3551995E-08
  -1.5250000E+02  4.2323920E+02  5.6312559E-06 -1.3582298E-08
  -1.5250000E+02  4.2274352E+02  5.6313148E-06 -3.5121403E-09
  -1.5250000E+02  4.2224784E+02  5.6313533E-06  6.6885864E-09
  -1.5150000E+02  4.3263566E+02  4.9760158E-13 -1.8354917E-07
  -1.5150000E+02  4.3214098E+02  4.9760158E-13 -1.8354917E-07
  -1.5150000E+02  4.3164630E+02  4.9760157E-13 -1.8354916E-07
  -1.5150000E+02  4.3115161E+02  4.9760157E-13 -1.8354916E-07
  -1.5150000E+02  4.3065693E+02  4.9760157E-13 -1.8354916E-07
  -1.5150000E+02  4.3016225E+02  4.9760157E-13 -1.8354916E-07
  -1.5150000E+02  4.2966757E+02  4.9760157E-13 -1.8354916E-07
  -1.5150000E+02  4.2917289E+02  4.9760157E-13 -1.8354916E-07
  -1.5150000E+02  4.2867820E+02  4.9760157E-13 -1.8354916E-07
  -1.5150000E+02  4.2818352E+02  4.9760157E-13 -1.8354915E-07
  -1.5150000E+02  4.2768884E+02  4.9760157E-13 -1.8354916E-07
  -1.5150000E+02  4.2719416E+02  4.9760157E-13 -1.8354915E-07
  -1.5150000E+02  4.2669948E+02  4.9760157E-13 -1.8354916E-07
  -1.5150000E+02  4.2620480E+02  4.9760157E-13 -1.8354915E-07
  -1.5150000E+02  4.2571011E+02  4.9760157E-13 -1.8354915E-07
  -1.5150000E+02  4.2521543E+02  4.9760157E-13 -1.8354915E-07
  -1.5150000E+02  4.2472075E+02  2.6087124E-05 -2.0070058E-07
  -1.5150000E+02  4.2422607E+02  8.1191927E-06 -4.8316187E-08
  -1.5150000E+02  4.2373139E+02  5.6513015E-06 -2.3775437E-08
  -1.5150000E+02  4.2323670E+02  5.6515208E-06 -1.3837357E-08
  -1.5150000E+02  4.2274202E+02  5.6517739E-06 -3.8061106E-09
  -1.5150000E+02  4.2224734E+02  5.6520644E-06  6.3592582E-09
  -1.5050000E+02  4.3261416E+02  4.9917053E-13 -1.8354917E-07
  -1.5050000E+02  4.3212048E+02  4.9917053E-13 -1.8354917E-07
  -1.5050000E+02  4.3162680E+02  4.9917053E-13 -1.8354917E-07
  -1.5050000E+02  4.3113311E+02  4.9917053E-13 -1.8354916E-07
  -1.5050000E+02  4.3063943E+02  4.9917053E-13 -1.8354916E-07
  -1.5050000E+02  4.3014575E+02  4.9917053E-13 -1.8354916E-07
  -1.5050000E+02  4.2965207E+02  4.9917053E-13 -1.8354916E-07
  -1.5050000E+02  4.2915839E+02  4.9917053E-13 -1.8354916E-07
  -1.5050000E+02  4.2866470E+02  4.9917053E-13 -1.8354916E-07
  -1.5050000E+02  4.2817102E+02  4.9917052E-13 -1.8354916E-07
  -1.5050000E+02  4.2767734E+02  4.9917053E-13 -1.8354916E-07
  -1.5050000E+02  4.2718366E+02  4.9917052E-13 -1.8354916E-07
  -1.5050000E+02  4.2668998E+02  4.9917052E-13 -1.8354916E-07
  -1.5050000E+02  4.2619630E+02  4.9917052E-13 -1.8354916E-07
  -1.5050000E+02  4.2570261E+02  4.9917052E-13 -1.8354915E-07
  -1.5050000E+02  4.2520893E+02  4.9917052E-13 -1.8354915E-07
  -1.5050000E+02  4.2471525E+02  1.3884329E-05 -1.0694282E-07
  -1.5050000E+02  4.2422157E+02  5.6709811E-06 -3.3971375E-08
  -1.5050000E+02  4.2372789E+02  5.6712578E-06 -2.4232498E-08
  -1.5050000E+02  4.2323420E+02  5.6716158E-06 -1.4428786E-08
  -1.5050000E+02  4.2274052E+02  5.6720600E-06 -4.5450517E-09
  -1.5050000E+02  4.2224684E+02  5.6725984E-06  5.4615647E-09
  -1.4950000E+02  4.3259266E+02  5.0071117E-13 -1.8354917E-07
  -1.4950000E+02  4.3209998E+02  5.0071117E-13 -1.8354917E-07
  -1.4950000E+02  4.3160730E+02  5.0071117E-13 -1.8354917E-07
  -1.4950000E+02  4.3111461E+02  5.0071117E-13 -1.8354917E-07
  -1.4950000E+02  4.3062193E+02  5.0071117E-13 -1.8354917E-07
  -1.4950000E+02  4.3012925E+02  5.0071117E-13 -1.8354917E-07
  -1.4950000E+02  4.2963657E+02  5.0071117E-13 -1.8354916E-07
  -1.4950000E+02  4.2914389E+02  5.0071117E-13 -1.8354917E-07
  -1.4950000E+02  4.2865120E+02  5.0071117E-13 -1.8354916E-07
  -1.4950000E+02  4.2815852E+02  5.0071117E-13 -1.8354916E-07
  -1.4950000E+02  4.2766584E+02  5.0071117E-13 -1.8354917E-07
  -1.4950000E+02  4.2717316E+02  5.0071117E-13 -1.8354916E-07
  -1.4950000E+02  4.2668048E+02  5.0071117E-13 -1.8354916E-07
  -1.4950000E+02  4.2618780E+02  5.0071117E-13 -1.8354916E-07
  -1.4950000E+02  4.2569511E+02  5.0071117E-13 -1.8354916E-07
  -1.4950000E+02  4.2520243E+02  5.0071117E-13 -1.8354916E-07
  -1.4950000E+02  4.2470975E+02  1.3931990E-05 -1.0749265E-07
  -1.4950000E+02  4.2421707E+02  5.6904886E-06 -3.4424404E-08
  -1.4950000E+02  4.2372439E+02  5.6908485E-06 -2.4914389E-08
  -1.4950000E+02  4.2323170E+02  5.6913382E-06 -1.5347917E-08
  -1.4950000E+02  4.2273902E+02  5.6919629E-06 -5.7141418E-09
  -1.4950000E+02  4.2224634E+02  5.6927323E-06  4.0187492E-09
  -1.4850000E+02  4.3257116E+02  5.0221031E-13 -1.8354918E-07
  -1.4850000E+02  4.3207948E+02  5.0221031E-13 -1.8354918E-07
  -1.4850000E+02  4.3158780E+02  5.0221031E-13 -1.8354917E-07
  -1.4850000E+02  4.3109611E+02  5.0221031E-13 -1.8354917E-07
  -1.4850000E+02  4.3060443E+02  5.0221031E-13 -1.8354917E-07
  -1.4850000E+02  4.3011275E+02  5.0221031E-13 -1.8354917E-07
  -1.4850000E+02  4.2962107E+02  5.0221031E-13 -1.8354917E-07
  -1.4850000E+02  4.2912939E+02  5.0221031E-13 -1.8354917E-07
  -1.4850000E+02  4.2863770E+02  5.0221031E-13 -1.8354916E-07
  -1.4850000E+02  4.2814602E+02  5.0221031E-13 -1.8354917E-07
  -1.4850000E+02  4.2765434E+02  5.0221031E-13 -1.8354917E-07
  -1.4850000E+02  4.2716266E+02  5.0221031E-13 -1.8354916E-07
  -1.4850000E+02  4.2667098E+02  5.0221031E-13 -1.8354916E-07
  -1.4850000E+02  4.2617930E+02  5.0221031E-13 -1.8354916E-07
  -1.4850000E+02  4.2568761E+02  5.0221031E-13 -1.8354917E-07
  -1.4850000E+02  4.2519593E+02  5.0221031E-13 -1.8354916E-07
  -1.4850000E+02  4.2470425E+02  1.3978366E-05 -1.0813680E-07
  -1.4850000E+02  4.2421257E+02  5.7094688E-06 -3.4997329E-08
  -1.4850000E+02  4.2372089E+02  5.7099046E-06 -2.5806401E-08
  -1.4850000E+02  4.2322920E+02  5.7105125E-06 -1.6571385E-08
  -1.4850000E+02  4.2273752E+02  5.7112971E-06 -7.2772437E-09
  -1.4850000E+02  4.2224584E+02  5.7122673E-06  2.0859665E-09
  -1.4750000E+02  4.3254966E+02  5.0365699E-13 -1.8354918E-07
  -1.4750000E+02  4.3205898E+02  5.0365699E-13 -1.8354918E-07
  -1.4750000E+02  4.3156830E+02  5.0365699E-13 -1.8354917E-07
  -1.4750000E+02  4.3107761E+02  5.0365699E-13 -1.8354917E-07
  -1.4750000E+02  4.3058693E+02  5.0365699E-13 -1.8354917E-07
  -1.4750000E+02  4.3009625E+02  5.0365699E-13 -1.8354917E-07
  -1.4750000E+02  4.2960557E+02  5.0365698E-13 -1.8354917E-07
  -1.4750000E+02  4.2911489E+02  5.0365698E-13 -1.8354917E-07
  -1.4750000E+02  4.2862420E+02  5.0365699E-13 -1.8354917E-07
  -1.4750000E+02  4.2813352E+02  5.0365698E-13 -1.8354917E-07
  -1.4750000E+02  4.2764284E+02  5.0365698E-13 -1.8354916E-07
  -1.4750000E+02  4.2715216E+02  5.0365698E-13 -1.8354916E-07
  -1.4750000E+02  4.2666148E+02  5.0365698E-13 -1.8354916E-07
  -1.4750000E+02  4.2617080E+02  5.0365698E-13 -1.8354916E-07
  -1.4750000E+02  4.2568011E+02  5.0365698E-13 -1.8354917E-07
  -1.4750000E+02  4.2518943E+02  5.0365698E-13 -1.8354916E-07
  -1.4750000E+02  4.2469875E+02  1.4023118E-05 -1.0886886E-07
  -1.4750000E+02  4.2420807E+02  5.7277797E-06 -3.5679242E-08
  -1.4750000E+02  4.2371739E+02  5.7282797E-06 -2.6883215E-08
  -1.4750000E+02  4.2322670E+02  5.7289845E-06 -1.8056876E-08
  -1.4750000E+02  4.2273602E+02  5.7298984E-06 -9.1758704E-09
  -1.4750000E+02  4.2224534E+02  5.7310286E-06 -2.5452129E-10
  -1.4650000E+02  4.3252816E+02  5.0504143E-13 -1.8354918E-07
  -1.4650000E+02  4.3203848E+02  5.0504143E-13 -1.8354917E-07
  -1.4650000E+02  4.3154880E+02  5.0504143E-13 -1.8354917E-07
  -1.4650000E+02  4.3105911E+02  5.0504142E-13 -1.8354917E-07
  -1.4650000E+02  4.3056943E+02  5.0504142E-13 -1.8354917E-07
  -1.4650000E+02  4.3007975E+02  5.0504142E-13 -1.8354917E-07
  -1.4650000E+02  4.2959007E+02  5.0504142E-13 -1.8354916E-07
  -1.4650000E+02  4.2910039E+02  5.0504142E-13 -1.8354917E-07
  -1.4650000E+02  4.2861070E+02  5.0504142E-13 -1.8354917E-07
  -1.4650000E+02  4.2812102E+02  5.0504142E-13 -1.8354917E-07
  -1.4650000E+02  4.2763134E+02  5.0504142E-13 -1.8354916E-07
  -1.4650000E+02  4.2714166E+02  5.0504142E-13 -1.8354916E-07
  -1.4650000E+02  4.2665198E+02  5.0504142E-13 -1.8354917E-07
  -1.4650000E+02  4.2616230E+02  5.0504142E-13 -1.8354916E-07
  -1.4650000E+02  4.2567261E+02  5.0504142E-13 -1.8354917E-07
  -1.4650000E+02  4.2518293E+02  5.0504142E-13 -1.8354917E-07
  -1.4650000E+02  4.2469325E+02  1.4065939E-05 -1.0967086E-07
  -1.4650000E+02  4.2420357E+02  5.7452933E-06 -3.6451426E-08
  -1.4650000E+02  4.2371389E+02  5.7458405E-06 -2.8107387E-08
  -1.4650000E+02  4.2322420E+02  5.7466152E-06 -1.9745861E-08
  -1.4650000E+02  4.2273452E+02  5.7476222E-06 -1.1335234E-08
  -1.4650000E+02  4.2224484E+02  5.7488674E-06 -2.9057516E-09
  -1.4550000E+02  4.3250666E+02  5.0635459E-13 -1.8354918E-07
  -1.4550000E+02  4.3201798E+02  5.0635459E-13 -1.8354917E-07
  -1.4550000E+02  4.3152930E+02  5.0635459E-13 -1.8354917E-07
  -1.4550000E+02  4.3104061E+02  5.0635459E-13 -1.8354917E-07
  -1.4550000E+02  4.3055193E+02  5.0635459E-13 -1.8354917E-07
  -1.4550000E+02  4.3006325E+02  5.0635459E-13 -1.8354917E-07
  -1.4550000E+02  4.2957457E+02  5.0635459E-13 -1.8354917E-07
  -1.4550000E+02  4.2908589E+02  5.0635459E-13 -1.8354917E-07
  -1.4550000E+02  4.2859720E+02  5.0635459E-13 -1.8354917E-07
  -1.4550000E+02  4.2810852E+02  5.0635459E-13 -1.8354917E-07
  -1.4550000E+02  4.2761984E+02  5.0635459E-13 -1.8354917E-07
  -1.4550000E+02  4.2713116E+02  5.0635459E-13 -1.8354917E-07
  -1.4550000E+02  4.2664248E+02  5.0635459E-13 -1.8354917E-07
  -1.4550000E+02  4.2615380E+02  5.0635459E-13 -1.8354916E-07
  -1.4550000E+02  4.2566511E+02  5.0635459E-13 -1.8354917E-07
  -1.4550000E+02  4.2517643E+02  5.0635459E-13 -1.8354916E-07
  -1.4550000E+02  4.2468775E+02  1.4106551E-05 -1.1051490E-07
  -1.4550000E+02  4.2419907E+02  5.7618923E-06 -3.7286732E-08
  -1.4550000E+02  4.2371039E+02  5.7624672E-06 -2.9433381E-08
  -1.4550000E+02  4.2322170E+02  5.7632836E-06 -2.1573063E-08
  -1.4550000E+02  4.2273302E+02  5.7643477E-06 -1.3675203E-08
  -1.4550000E+02  4.2224434E+02  5.7656649E-06 -5.7706620E-09
  -1.4450000E+02  4.3248516E+02  5.0758888E-13 -1.8354918E-07
  -1.4450000E+02  4.3199748E+02  5.0758888E-13 -1.8354918E-07
  -1.4450000E+02  4.3150980E+02  5.0758887E-13 -1.8354917E-07
  -1.4450000E+02  4.3102211E+02  5.0758887E-13 -1.8354917E-07
  -1.4450000E+02  4.3053443E+02  5.0758887E-13 -1.8354917E-07
  -1.4450000E+02  4.3004675E+02  5.0758887E-13 -1.8354917E-07
  -1.4450000E+02  4.2955907E+02  5.0758887E-13 -1.8354917E-07
  -1.4450000E+02  4.2907139E+02  5.0758887E-13 -1.8354917E-07
  -1.4450000E+02  4.2858370E+02  5.0758887E-13 -1.8354917E-07
  -1.4450000E+02  4.2809602E+02  5.0758887E-13 -1.8354917E-07
  -1.4450000E+02  4.2760834E+02  5.0758887E-13 -1.8354917E-07
  -1.4450000E+02  4.2712066E+02  5.0758887E-13 -1.8354917E-07
  -1.4450000E+02  4.2663298E+02  5.0758887E-13 -1.8354916E-07
  -1.4450000E+02  4.2614530E+02  5.0758887E-13 -1.8354917E-07
  -1.4450000E+02  4.2565761E+02  5.0758887E-13 -1.8354916E-07
  -1.4450000E+02  4.2516993E+02  5.0758887E-13 -1.8354915E-07
  -1.4450000E+02  4.2468225E+02  1.4144718E-05 -1.1137143E-07
  -1.4450000E+02  4.2419457E+02  5.7774816E-06 -3.8154302E-08
  -1.4450000E+02  4.2370689E+02  5.7780657E-06 -3.0815347E-08
  -1.4450000E+02  4.2321920E+02  5.7788992E-06 -2.3477461E-08
  -1.4450000E+02  4.2273152E+02  5.7799890E-06 -1.6120564E-08
  -1.4450000E+02  4.2224384E+02  5.7813410E-06 -8.7616836E-09
  -1.4350000E+02  4.3246366E+02  5.0873943E-13 -1.8354918E-07
  -1.4350000E+02  4.3197698E+02  5.0873943E-13 -1.8354918E-07
  -1.4350000E+02  4.3149030E+02  5.0873943E-13 -1.8354917E-07
  -1.4350000E+02  4.3100361E+02  5.0873943E-13 -1.8354917E-07
  -1.4350000E+02  4.3051693E+02  5.0873943E-13 -1.8354917E-07
  -1.4350000E+02  4.3003025E+02  5.0873943E-13 -1.8354917E-07
  -1.4350000E+02  4.2954357E+02  5.0873943E-13 -1.8354917E-07
  -1.4350000E+02  4.2905689E+02  5.0873943E-13 -1.8354917E-07
  -1.4350000E+02  4.2857020E+02  5.0873943E-13 -1.8354917E-07
  -1.4350000E+02  4.2808352E+02  5.0873943E-13 -1.8354917E-07
  -1.4350000E+02  4.2759684E+02  5.0873943E-13 -1.8354917E-07
  -1.4350000E+02  4.2711016E+02  5.0873943E-13 -1.8354917E-07
  -1.4350000E+02  4.2662348E+02  5.0873943E-13 -1.8354917E-07
  -1.4350000E+02  4.2613680E+02  5.0873943E-13 -1.8354917E-07
  -1.4350000E+02  4.2565011E+02  5.0873943E-13 -1.8354917E-07
  -1.4350000E+02  4.2516343E+02  5.0873943E-13 -1.8354916E-07
  -1.4350000E+02  4.2467675E+02  1.4180293E-05 -1.1221822E-07
  -1.4350000E+02  4.2419007E+02  5.7920041E-06 -3.9026650E-08
  -1.4350000E+02  4.2370339E+02  5.7925831E-06 -3.2214208E-08
  -1.4350000E+02  4.2321670E+02  5.7934145E-06 -2.5408899E-08
  -1.4350000E+02  4.2273002E+02  5.7945048E-06 -1.8606131E-08
  -1.4350000E+02  4.2224334E+02  5.7958594E-06 -1.1802638E-08
  -1.4250000E+02  4.3244216E+02  5.0980514E-13 -1.8354918E-07
  -1.4250000E+02  4.3195648E+02  5.0980514E-13 -1.8354918E-07
  -1.4250000E+02  4.3147080E+02  5.0980514E-13 -1.8354917E-07
  -1.4250000E+02  4.3098511E+02  5.0980514E-13 -1.8354917E-07
  -1.4250000E+02  4.3049943E+02  5.0980514E-13 -1.8354918E-07
  -1.4250000E+02  4.3001375E+02  5.0980514E-13 -1.8354917E-07
  -1.4250000E+02  4.2952807E+02  5.0980514E-13 -1.8354917E-07
  -1.4250000E+02  4.2904239E+02  5.0980514E-13 -1.8354917E-07
  -1.4250000E+02  4.2855670E+02  5.0980514E-13 -1.8354917E-07
  -1.4250000E+02  4.2807102E+02  5.0980514E-13 -1.8354917E-07
  -1.4250000E+02  4.2758534E+02  5.0980514E-13 -1.8354917E-07
  -1.4250000E+02  4.2709966E+02  5.0980514E-13 -1.8354917E-07
  -1.4250000E+02  4.2661398E+02  5.0980514E-13 -1.8354917E-07
  -1.4250000E+02  4.2612830E+02  5.0980514E-13 -1.8354917E-07
  -1.4250000E+02  4.2564261E+02  5.0980514E-13 -1.8354917E-07
  -1.4250000E+02  4.2515693E+02  5.0980514E-13 -1.8354917E-07
  -1.4250000E+02  4.2467125E+02  1.4213243E-05 -1.1304403E-07
  -1.4250000E+02  4.2418557E+02  5.8054503E-06 -3.9884469E-08
  -1.4250000E+02  4.2369989E+02  5.8060146E-06 -3.3600261E-08
  -1.4250000E+02  4.2321420E+02  5.8068292E-06 -2.7327774E-08
  -1.4250000E+02  4.2272852E+02  5.8078987E-06 -2.1076026E-08
  -1.4250000E+02  4.2224284E+02  5.8092275E-06 -1.4825189E-08
  -1.4150000E+02  4.3242066E+02  5.1078837E-13 -1.8354918E-07
  -1.4150000E+02  4.3193598E+02  5.1078837E-13 -1.8354918E-07
  -1.4150000E+02  4.3145130E+02  5.1078837E-13 -1.8354917E-07
  -1.4150000E+02  4.3096661E+02  5.1078836E-13 -1.8354917E-07
  -1.4150000E+02  4.3048193E+02  5.1078837E-13 -1.8354917E-07
  -1.4150000E+02  4.2999725E+02  5.1078836E-13 -1.8354917E-07
  -1.4150000E+02  4.2951257E+02  5.1078836E-13 -1.8354917E-07
  -1.4150000E+02  4.2902789E+02  5.1078837E-13 -1.8354918E-07
  -1.4150000E+02  4.2854320E+02  5.1078836E-13 -1.8354917E-07
  -1.4150000E+02  4.2805852E+02  5.1078836E-13 -1.8354917E-07
  -1.4150000E+02  4.2757384E+02  5.1078836E-13 -1.8354917E-07
  -1.4150000E+02  4.2708916E+02  5.1078836E-13 -1.8354917E-07
  -1.4150000E+02  4.2660448E+02  5.1078836E-13 -1.8354917E-07
  -1.4150000E+02  4.2611980E+02  5.1078836E-13 -1.8354917E-07
  -1.4150000E+02  4.2563511E+02  5.1078836E-13 -1.8354917E-07
  -1.4150000E+02  4.2515043E+02  5.1078836E-13 -1.8354916E-07
  -1.4150000E+02  4.2466575E+02  1.4243642E-05 -1.1384465E-07
  -1.4150000E+02  4.2418107E+02  5.8178522E-06 -4.0716524E-08
  -1.4150000E+02  4.2369639E+02  5.8183951E-06 -3.4950831E-08
  -1.4150000E+02  4.2321170E+02  5.8191803E-06 -2.9200148E-08
  -1.4150000E+02  4.2272702E+02  5.8202097E-06 -2.3480410E-08
  -1.4150000E+02  4.2224234E+02  5.8214861E-06 -1.7765631E-08
  -1.4050000E+02  4.3239916E+02  5.1169350E-13 -1.8354918E-07
  -1.4050000E+02  4.3191548E+02  5.1169350E-13 -1.8354918E-07
  -1.4050000E+02  4.3143180E+02  5.1169350E-13 -1.8354917E-07
  -1.4050000E+02  4.3094811E+02  5.1169349E-13 -1.8354917E-07
  -1.4050000E+02  4.3046443E+02  5.1169349E-13 -1.8354917E-07
  -1.4050000E+02  4.2998075E+02  5.1169349E-13 -1.8354917E-07
  -1.4050000E+02  4.2949707E+02  5.1169349E-13 -1.8354917E-07
  -1.4050000E+02  4.2901339E+02  5.1169350E-13 -1.8354917E-07
  -1.4050000E+02  4.2852970E+02  5.1169349E-13 -1.8354917E-07
  -1.4050000E+02  4.2804602E+02  5.1169349E-13 -1.8354917E-07
  -1.4050000E+02  4.2756234E+02  5.1169349E-13 -1.8354917E-07
  -1.4050000E+02  4.2707866E+02  5.1169350E-13 -1.8354917E-07
  -1.4050000E+02  4.2659498E+02  5.1169349E-13 -1.8354916E-07
  -1.4050000E+02  4.2611130E+02  5.1169349E-13 -1.8354917E-07
  -1.4050000E+02  4.2562761E+02  5.1169349E-13 -1.8354917E-07
  -1.4050000E+02  4.2514393E+02  5.1169349E-13 -1.8354915E-07
  -1.4050000E+02  4.2466025E+02  1.4271625E-05 -1.1461541E-07
  -1.4050000E+02  4.2417657E+02  5.8292650E-06 -4.1515479E-08
  -1.4050000E+02  4.2369289E+02  5.8297802E-06 -3.6245950E-08
  -1.4050000E+02  4.2320920E+02  5.8305235E-06 -3.0993508E-08
  -1.4050000E+02  4.2272552E+02  5.8314948E-06 -2.5774103E-08
  -1.4050000E+02  4.2224184E+02  5.8326958E-06 -2.0566150E-08
  -1.3950000E+02  4.3237766E+02  5.1252525E-13 -1.8354918E-07
  -1.3950000E+02  4.3189498E+02  5.1252525E-13 -1.8354918E-07
  -1.3950000E+02  4.3141230E+02  5.1252525E-13 -1.8354917E-07
  -1.3950000E+02  4.3092961E+02  5.1252525E-13 -1.8354917E-07
  -1.3950000E+02  4.3044693E+02  5.1252525E-13 -1.8354917E-07
  -1.3950000E+02  4.2996425E+02  5.1252525E-13 -1.8354917E-07
  -1.3950000E+02  4.2948157E+02  5.1252525E-13 -1.8354917E-07
  -1.3950000E+02  4.2899889E+02  5.1252525E-13 -1.8354917E-07
  -1.3950000E+02  4.2851620E+02  5.1252525E-13 -1.8354916E-07
  -1.3950000E+02  4.2803352E+02  5.1252525E-13 -1.8354917E-07
  -1.3950000E+02  4.2755084E+02  5.1252525E-13 -1.8354917E-07
  -1.3950000E+02  4.2706816E+02  5.1252525E-13 -1.8354916E-07
  -1.3950000E+02  4.2658548E+02  5.1252525E-13 -1.8354916E-07
  -1.3950000E+02  4.2610280E+02  5.1252525E-13 -1.8354917E-07
  -1.3950000E+02  4.2562011E+02  5.1252525E-13 -1.8354916E-07
  -1.3950000E+02  4.2513743E+02  5.1252525E-13 -1.8354916E-07
  -1.3950000E+02  4.2465475E+02  1.4297336E-05 -1.1534613E-07
  -1.3950000E+02  4.2417207E+02  5.8397463E-06 -4.2273124E-08
  -1.3950000E+02  4.2368939E+02  5.8402270E-06 -3.7466063E-08
  -1.3950000E+02  4.2320670E+02  5.8409170E-06 -3.2677166E-08
  -1.3950000E+02  4.2272402E+02  5.8418156E-06 -2.7919287E-08
  -1.3950000E+02  4.2224134E+02  5.8429244E-06 -2.3180747E-08
  -1.3850000E+02  4.3235616E+02  5.1328766E-13 -1.8354917E-07
  -1.3850000E+02  4.3187448E+02  5.1328766E-13 -1.8354917E-07
  -1.3850000E+02  4.3139280E+02  5.1328766E-13 -1.8354917E-07
  -1.3850000E+02  4.3091111E+02  5.1328766E-13 -1.8354917E-07
  -1.3850000E+02  4.3042943E+02  5.1328766E-13 -1.8354917E-07
  -1.3850000E+02  4.2994775E+02  5.1328766E-13 -1.8354917E-07
  -1.3850000E+02  4.2946607E+02  5.1328766E-13 -1.8354917E-07
  -1.3850000E+02  4.2898439E+02  5.1328766E-13 -1.8354917E-07
  -1.3850000E+02  4.2850270E+02  5.1328766E-13 -1.8354917E-07
  -1.3850000E+02  4.2802102E+02  5.1328766E-13 -1.8354917E-07
  -1.3850000E+02  4.2753934E+02  5.1328766E-13 -1.8354917E-07
  -1.3850000E+02  4.2705766E+02  5.1328766E-13 -1.8354916E-07
  -1.3850000E+02  4.2657598E+02  5.1328765E-13 -1.8354916E-07
  -1.3850000E+02  4.2609430E+02  5.1328766E-13 -1.8354917E-07
  -1.3850000E+02  4.2561261E+02  5.1328766E-13 -1.8354917E-07
  -1.3850000E+02  4.2513093E+02  5.1328765E-13 -1.8354916E-07
  -1.3850000E+02  4.2464925E+02  1.4320900E-05 -1.1602234E-07
  -1.3850000E+02  4.2416757E+02  5.8493460E-06 -4.2978799E-08
  -1.3850000E+02  4.2368589E+02  5.8497861E-06 -3.8593667E-08
  -1.3850000E+02  4.2320420E+02  5.8504147E-06 -3.4227198E-08
  -1.3850000E+02  4.2272252E+02  5.8512322E-06 -2.9890666E-08
  -1.3850000E+02  4.2224084E+02  5.8522408E-06 -2.5581741E-08
  -1.3750000E+02  4.3233466E+02  5.1398422E-13 -1.8354917E-07
  -1.3750000E+02  4.3185398E+02  5.1398422E-13 -1.8354917E-07
  -1.3750000E+02  4.3137330E+02  5.1398422E-13 -1.8354917E-07
  -1.3750000E+02  4.3089261E+02  5.1398422E-13 -1.8354917E-07
  -1.3750000E+02  4.3041193E+02  5.1398422E-13 -1.8354917E-07
  -1.3750000E+02  4.2993125E+02  5.1398422E-13 -1.8354917E-07
  -1.3750000E+02  4.2945057E+02  5.1398422E-13 -1.8354917E-07
  -1.3750000E+02  4.2896989E+02  5.1398422E-13 -1.8354917E-07
  -1.3750000E+02  4.2848920E+02  5.1398422E-13 -1.8354917E-07
  -1.3750000E+02  4.2800852E+02  5.1398422E-13 -1.8354917E-07
  -1.3750000E+02  4.2752784E+02  5.1398422E-13 -1.8354917E-07
  -1.3750000E+02  4.2704716E+02  5.1398422E-13 -1.8354917E-07
  -1.3750000E+02  4.2656648E+02  5.1398422E-13 -1.8354917E-07
  -1.3750000E+02  4.2608580E+02  5.1398422E-13 -1.8354916E-07
  -1.3750000E+02  4.2560511E+02  5.1398422E-13 -1.8354918E-07
  -1.3750000E+02  4.2512443E+02  5.1398422E-13 -1.8354915E-07
  -1.3750000E+02  4.2464375E+02  1.4342426E-05 -1.1663160E-07
  -1.3750000E+02  4.2416307E+02  5.8581105E-06 -4.3622043E-08
  -1.3750000E+02  4.2368239E+02  5.8585062E-06 -3.9617486E-08
  -1.3750000E+02  4.2320170E+02  5.8590713E-06 -3.5632166E-08
  -1.3750000E+02  4.2272102E+02  5.8598070E-06 -3.1679142E-08
  -1.3750000E+02  4.2224034E+02  5.8607163E-06 -2.7761816E-08
  -1.3650000E+02  4.3231316E+02  5.1461894E-13 -1.8354918E-07
  -1.3650000E+02  4.3183348E+02  5.1461894E-13 -1.8354918E-07
  -1.3650000E+02  4.3135380E+02  5.1461894E-13 -1.8354917E-07
  -1.3650000E+02  4.3087411E+02  5.1461894E-13 -1.8354917E-07
  -1.3650000E+02  4.3039443E+02  5.1461894E-13 -1.8354917E-07
  -1.3650000E+02  4.2991475E+02  5.1461894E-13 -1.8354917E-07
  -1.3650000E+02  4.2943507E+02  5.1461894E-13 -1.8354917E-07
  -1.3650000E+02  4.2895539E+02  5.1461894E-13 -1.8354917E-07
  -1.3650000E+02  4.2847570E+02  5.1461894E-13 -1.8354917E-07
  -1.3650000E+02  4.2799602E+02  5.1461894E-13 -1.8354917E-07
  -1.3650000E+02  4.2751634E+02  5.1461893E-13 -1.8354917E-07
  -1.3650000E+02  4.2703666E+02  5.1461894E-13 -1.8354917E-07
  -1.3650000E+02  4.2655698E+02  5.1461894E-13 -1.8354917E-07
  -1.3650000E+02  4.2607730E+02  5.1461893E-13 -1.8354917E-07
  -1.3650000E+02  4.2559761E+02  5.1461893E-13 -1.8354916E-07
  -1.3650000E+02  4.2511793E+02  5.1461893E-13 -1.8354917E-07
  -1.3650000E+02  4.2463825E+02  1.4362041E-05 -1.1717033E-07
  -1.3650000E+02  4.2415857E+02  5.8660941E-06 -4.4197165E-08
  -1.3650000E+02  4.2367889E+02  5.8664462E-06 -4.0535838E-08
  -1.3650000E+02  4.2319920E+02  5.8669513E-06 -3.6894947E-08
  -1.3650000E+02  4.2271952E+02  5.8676109E-06 -3.3290642E-08
  -1.3650000E+02  4.2223984E+02  5.8684278E-06 -2.9729432E-08
  -1.3550000E+02  4.3229166E+02  5.1519720E-13 -1.8354918E-07
  -1.3550000E+02  4.3181298E+02  5.1519720E-13 -1.8354918E-07
  -1.3550000E+02  4.3133430E+02  5.1519720E-13 -1.8354918E-07
  -1.3550000E+02  4.3085561E+02  5.1519720E-13 -1.8354918E-07
  -1.3550000E+02  4.3037693E+02  5.1519720E-13 -1.8354918E-07
  -1.3550000E+02  4.2989825E+02  5.1519720E-13 -1.8354917E-07
  -1.3550000E+02  4.2941957E+02  5.1519720E-13 -1.8354917E-07
  -1.3550000E+02  4.2894089E+02  5.1519720E-13 -1.8354918E-07
  -1.3550000E+02  4.2846220E+02  5.1519720E-13 -1.8354918E-07
  -1.3550000E+02  4.2798352E+02  5.1519720E-13 -1.8354917E-07
  -1.3550000E+02  4.2750484E+02  5.1519719E-13 -1.8354917E-07
  -1.3550000E+02  4.2702616E+02  5.1519720E-13 -1.8354917E-07
  -1.3550000E+02  4.2654748E+02  5.1519720E-13 -1.8354917E-07
  -1.3550000E+02  4.2606880E+02  5.1519720E-13 -1.8354918E-07
  -1.3550000E+02  4.2559011E+02  5.1519719E-13 -1.8354916E-07
  -1.3550000E+02  4.2511143E+02  5.1519720E-13 -1.8354918E-07
  -1.3550000E+02  4.2463275E+02  1.4379912E-05 -1.1764604E-07
  -1.3550000E+02  4.2415407E+02  5.8733691E-06 -4.4706179E-08
  -1.3550000E+02  4.2367539E+02  5.8736821E-06 -4.1356323E-08
  -1.3550000E+02  4.2319670E+02  5.8741343E-06 -3.8028659E-08
  -1.3550000E+02  4.2271802E+02  5.8747262E-06 -3.4739869E-08
  -1.3550000E+02  4.2223934E+02  5.8754589E-06 -3.1499753E-08
  -1.3450000E+02  4.3227016E+02  5.1572582E-13 -1.8354918E-07
  -1.3450000E+02  4.3179248E+02  5.1572582E-13 -1.8354918E-07
  -1.3450000E+02  4.3131480E+02  5.1572582E-13 -1.8354918E-07
  -1.3450000E+02  4.3083711E+02  5.1572582E-13 -1.8354918E-07
  -1.3450000E+02  4.3035943E+02  5.1572582E-13 -1.8354918E-07
  -1.3450000E+02  4.2988175E+02  5.1572582E-13 -1.8354918E-07
  -1.3450000E+02  4.2940407E+02  5.1572582E-13 -1.8354918E-07
  -1.3450000E+02  4.2892639E+02  5.1572582E-13 -1.8354918E-07
  -1.3450000E+02  4.2844870E+02  5.1572582E-13 -1.8354918E-07
  -1.3450000E+02  4.2797102E+02  5.1572582E-13 -1.8354917E-07
  -1.3450000E+02  4.2749334E+02  5.1572582E-13 -1.8354917E-07
  -1.3450000E+02  4.2701566E+02  5.1572582E-13 -1.8354917E-07
  -1.3450000E+02  4.2653798E+02  5.1572582E-13 -1.8354917E-07
  -1.3450000E+02  4.2606030E+02  5.1572582E-13 -1.8354918E-07
  -1.3450000E+02  4.2558261E+02  5.1572582E-13 -1.8354918E-07
  -1.3450000E+02  4.2510493E+02  5.1572582E-13 -1.8354917E-07
  -1.3450000E+02  4.2462725E+02  1.4396251E-05 -1.1807315E-07
  -1.3450000E+02  4.2414957E+02  5.8800233E-06 -4.5157797E-08
  -1.3450000E+02  4.2367189E+02  5.8803034E-06 -4.2091429E-08
  -1.3450000E+02  4.2319420E+02  5.8807097E-06 -3.9048752E-08
  -1.3450000E+02  4.2271652E+02  5.8812409E-06 -3.6042102E-08
  -1.3450000E+02  4.2223884E+02  5.8818956E-06 -3.3086103E-08
  -1.3350000E+02  4.3224866E+02  5.1621211E-13 -1.8354918E-07
  -1.3350000E+02  4.3177198E+02  5.1621211E-13 -1.8354918E-07
  -1.3350000E+02  4.3129530E+02  5.1621211E-13 -1.8354917E-07
  -1.3350000E+02  4.3081861E+02  5.1621211E-13 -1.8354918E-07
  -1.3350000E+02  4.3034193E+02  5.1621211E-13 -1.8354918E-07
  -1.3350000E+02  4.2986525E+02  5.1621211E-13 -1.8354917E-07
  -1.3350000E+02  4.2938857E+02  5.1621211E-13 -1.8354918E-07
  -1.3350000E+02  4.2891189E+02  5.1621211E-13 -1.8354917E-07
  -1.3350000E+02  4.2843520E+02  5.1621211E-13 -1.8354918E-07
  -1.3350000E+02  4.2795852E+02  5.1621211E-13 -1.8354917E-07
  -1.3350000E+02  4.2748184E+02  5.1621211E-13 -1.8354917E-07
  -1.3350000E+02  4.2700516E+02  5.1621211E-13 -1.8354917E-07
  -1.3350000E+02  4.2652848E+02  5.1621211E-13 -1.8354917E-07
  -1.3350000E+02  4.2605180E+02  5.1621211E-13 -1.8354918E-07
  -1.3350000E+02  4.2557511E+02  5.1621211E-13 -1.8354918E-07
  -1.3350000E+02  4.2509843E+02  5.1621211E-13 -1.8354916E-07
  -1.3350000E+02  4.2462175E+02  1.4411283E-05 -1.1846516E-07
  -1.3350000E+02  4.2414507E+02  5.8861478E-06 -4.5562931E-08
  -1.3350000E+02  4.2366839E+02  5.8864000E-06 -4.2752488E-08
  -1.3350000E+02  4.2319170E+02  5.8867643E-06 -3.9965859E-08
  -1.3350000E+02  4.2271502E+02  5.8872384E-06 -3.7207424E-08
  -1.3350000E+02  4.2223834E+02  5.8878183E-06 -3.4496409E-08
  -1.3250000E+02  4.3222716E+02  5.1666248E-13 -1.8354918E-07
  -1.3250000E+02  4.3175148E+02  5.1666248E-13 -1.8354918E-07
  -1.3250000E+02  4.3127580E+02  5.1666248E-13 -1.8354917E-07
  -1.3250000E+02  4.3080011E+02  5.1666248E-13 -1.8354917E-07
  -1.3250000E+02  4.3032443E+02  5.1666248E-13 -1.8354917E-07
  -1.3250000E+02  4.2984875E+02  5.1666248E-13 -1.8354917E-07
  -1.3250000E+02  4.2937307E+02  5.1666248E-13 -1.8354917E-07
  -1.3250000E+02  4.2889739E+02  5.1666248E-13 -1.8354917E-07
  -1.3250000E+02  4.2842170E+02  5.1666248E-13 -1.8354917E-07
  -1.3250000E+02  4.2794602E+02  5.1666248E-13 -1.8354917E-07
  -1.3250000E+02  4.2747034E+02  5.1666248E-13 -1.8354917E-07
  -1.3250000E+02  4.2699466E+02  5.1666248E-13 -1.8354917E-07
  -1.3250000E+02  4.2651898E+02  5.1666248E-13 -1.8354917E-07
  -1.3250000E+02  4.2604330E+02  5.1666248E-13 -1.8354917E-07
  -1.3250000E+02  4.2556761E+02  5.1666248E-13 -1.8354917E-07
  -1.3250000E+02  4.2509193E+02  5.1666248E-13 -1.8354916E-07
  -1.3250000E+02  4.2461625E+02  1.4425205E-05 -1.1882812E-07
  -1.3250000E+02  4.2414057E+02  5.8918203E-06 -4.5929529E-08
  -1.3250000E+02  4.2366489E+02  5.8920467E-06 -4.3345538E-08
  -1.3250000E+02  4.2318920E+02  5.8923701E-06 -4.0783386E-08
  -1.3250000E+02  4.2271352E+02  5.8927877E-06 -3.8240142E-08
  -1.3250000E+02  4.2223784E+02  5.8932948E-06 -3.5735650E-08
  -1.3150000E+02  4.3220566E+02  5.1708154E-13 -1.8354918E-07
  -1.3150000E+02  4.3173098E+02  5.1708154E-13 -1.8354917E-07
  -1.3150000E+02  4.3125630E+02  5.1708154E-13 -1.8354917E-07
  -1.3150000E+02  4.3078161E+02  5.1708154E-13 -1.8354917E-07
  -1.3150000E+02  4.3030693E+02  5.1708154E-13 -1.8354917E-07
  -1.3150000E+02  4.2983225E+02  5.1708154E-13 -1.8354917E-07
  -1.3150000E+02  4.2935757E+02  5.1708154E-13 -1.8354917E-07
  -1.3150000E+02  4.2888289E+02  5.1708154E-13 -1.8354917E-07
  -1.3150000E+02  4.2840820E+02  5.1708154E-13 -1.8354917E-07
  -1.3150000E+02  4.2793352E+02  5.1708154E-13 -1.8354917E-07
  -1.3150000E+02  4.2745884E+02  5.1708154E-13 -1.8354917E-07
  -1.3150000E+02  4.2698416E+02  5.1708154E-13 -1.8354917E-07
  -1.3150000E+02  4.2650948E+02  5.1708154E-13 -1.8354917E-07
  -1.3150000E+02  4.2603480E+02  5.1708154E-13 -1.8354917E-07
  -1.3150000E+02  4.2556011E+02  5.1708154E-13 -1.8354916E-07
  -1.3150000E+02  4.2508543E+02  5.1708154E-13 -1.8354917E-07
  -1.3150000E+02  4.2461075E+02  1.4438157E-05 -1.1915942E-07
  -1.3150000E+02  4.2413607E+02  5.8970961E-06 -4.6259918E-08
  -1.3150000E+02  4.2366139E+02  5.8972965E-06 -4.3871326E-08
  -1.3150000E+02  4.2318670E+02  5.8975786E-06 -4.1500666E-08
  -1.3150000E+02  4.2271202E+02  5.8979405E-06 -3.9142807E-08
  -1.3150000E+02  4.2223734E+02  5.8983784E-06 -3.6811501E-08
  -1.3050000E+02  4.3218416E+02  5.1747219E-13 -1.8354917E-07
  -1.3050000E+02  4.3171048E+02  5.1747219E-13 -1.8354917E-07
  -1.3050000E+02  4.3123680E+02  5.1747218E-13 -1.8354917E-07
  -1.3050000E+02  4.3076311E+02  5.1747218E-13 -1.8354917E-07
  -1.3050000E+02  4.3028943E+02  5.1747218E-13 -1.8354917E-07
  -1.3050000E+02  4.2981575E+02  5.1747218E-13 -1.8354917E-07
  -1.3050000E+02  4.2934207E+02  5.1747218E-13 -1.8354917E-07
  -1.3050000E+02  4.2886839E+02  5.1747218E-13 -1.8354917E-07
  -1.3050000E+02  4.2839470E+02  5.1747218E-13 -1.8354917E-07
  -1.3050000E+02  4.2792102E+02  5.1747218E-13 -1.8354917E-07
  -1.3050000E+02  4.2744734E+02  5.1747218E-13 -1.8354917E-07
  -1.3050000E+02  4.2697366E+02  5.1747218E-13 -1.8354917E-07
  -1.3050000E+02  4.2649998E+02  5.1747218E-13 -1.8354917E-07
  -1.3050000E+02  4.2602630E+02  5.1747218E-13 -1.8354917E-07
  -1.3050000E+02  4.2555261E+02  5.1747218E-13 -1.8354917E-07
  -1.3050000E+02  4.2507893E+02  5.1747218E-13 -1.8354917E-07
  -1.3050000E+02  4.2460525E+02  1.4450230E-05 -1.1945225E-07
  -1.3050000E+02  4.2413157E+02  5.9020111E-06 -4.6552046E-08
  -1.3050000E+02  4.2365789E+02  5.9021847E-06 -4.4328932E-08
  -1.3050000E+02  4.2318420E+02  5.9024265E-06 -4.2118964E-08
  -1.3050000E+02  4.2271052E+02  5.9027362E-06 -3.9921520E-08
  -1.3050000E+02  4.2223684E+02  5.9031117E-06 -3.7738600E-08
  -1.2950000E+02  4.3216266E+02  5.1783652E-13 -1.8354917E-07
  -1.2950000E+02  4.3168998E+02  5.1783652E-13 -1.8354917E-07
  -1.2950000E+02  4.3121730E+02  5.1783652E-13 -1.8354917E-07
  -1.2950000E+02  4.3074461E+02  5.1783652E-13 -1.8354917E-07
  -1.2950000E+02  4.3027193E+02  5.1783652E-13 -1.8354917E-07
  -1.2950000E+02  4.2979925E+02  5.1783652E-13 -1.8354917E-07
  -1.2950000E+02  4.2932657E+02  5.1783652E-13 -1.8354917E-07
  -1.2950000E+02  4.2885389E+02  5.1783652E-13 -1.8354917E-07
  -1.2950000E+02  4.2838120E+02  5.1783652E-13 -1.8354917E-07
  -1.2950000E+02  4.2790852E+02  5.1783652E-13 -1.8354917E-07
  -1.2950000E+02  4.2743584E+02  5.1783652E-13 -1.8354917E-07
  -1.2950000E+02  4.2696316E+02  5.1783652E-13 -1.8354917E-07
  -1.2950000E+02  4.2649048E+02  5.1783652E-13 -1.8354917E-07
  -1.2950000E+02  4.2601780E+02  5.1783652E-13 -1.8354917E-07
  -1.2950000E+02  4.2554511E+02  5.1783652E-13 -1.8354917E-07
  -1.2950000E+02  4.2507243E+02  5.1783652E-13 -1.8354917E-07
  -1.2950000E+02  4.2459975E+02  1.4461489E-05 -1.1970241E-07
  -1.2950000E+02  4.2412707E+02  5.9065935E-06 -4.6803490E-08
  -1.2950000E+02  4.2365439E+02  5.9067413E-06 -4.4720295E-08
  -1.2950000E+02  4.2318170E+02  5.9069469E-06 -4.2646016E-08
  -1.2950000E+02  4.2270902E+02  5.9072109E-06 -4.0588736E-08
  -1.2950000E+02  4.2223634E+02  5.9075337E-06 -3.8538188E-08
  -1.2850000E+02  4.3214116E+02  5.1817703E-13 -1.8354917E-07
  -1.2850000E+02  4.3166948E+02  5.1817703E-13 -1.8354917E-07
  -1.2850000E+02  4.3119780E+02  5.1817703E-13 -1.8354917E-07
  -1.2850000E+02  4.3072611E+02  5.1817703E-13 -1.8354917E-07
  -1.2850000E+02  4.3025443E+02  5.1817703E-13 -1.8354917E-07
  -1.2850000E+02  4.2978275E+02  5.1817703E-13 -1.8354917E-07
  -1.2850000E+02  4.2931107E+02  5.1817703E-13 -1.8354917E-07
  -1.2850000E+02  4.2883939E+02  5.1817703E-13 -1.8354917E-07
  -1.2850000E+02  4.2836770E+02  5.1817703E-13 -1.8354917E-07
  -1.2850000E+02  4.2789602E+02  5.1817703E-13 -1.8354917E-07
  -1.2850000E+02  4.2742434E+02  5.1817703E-13 -1.8354917E-07
  -1.2850000E+02  4.2695266E+02  5.1817703E-13 -1.8354917E-07
  -1.2850000E+02  4.2648098E+02  5.1817703E-13 -1.8354916E-07
  -1.2850000E+02  4.2600930E+02  5.1817703E-13 -1.8354917E-07
  -1.2850000E+02  4.2553761E+02  5.1817703E-13 -1.8354917E-07
  -1.2850000E+02  4.2506593E+02  5.1817703E-13 -1.8354917E-07
  -1.2850000E+02  4.2459425E+02  1.4472012E-05 -1.1991282E-07
  -1.2850000E+02  4.2412257E+02  5.9108774E-06 -4.7015413E-08
  -1.2850000E+02  4.2365089E+02  5.9110028E-06 -4.5052572E-08
  -1.2850000E+02  4.2317920E+02  5.9111787E-06 -4.3096136E-08
  -1.2850000E+02  4.2270752E+02  5.9114058E-06 -4.1161780E-08
  -1.2850000E+02  4.2223584E+02  5.9116858E-06 -3.9233193E-08
  -1.2750000E+02  4.3211966E+02  5.1849714E-13 -1.8354918E-07
  -1.2750000E+02  4.3164898E+02  5.1849714E-13 -1.8354917E-07
  -1.2750000E+02  4.3117830E+02  5.1849713E-13 -1.8354917E-07
  -1.2750000E+02  4.3070761E+02  5.1849713E-13 -1.8354917E-07
  -1.2750000E+02  4.3023693E+02  5.1849713E-13 -1.8354917E-07
  -1.2750000E+02  4.2976625E+02  5.1849713E-13 -1.8354917E-07
  -1.2750000E+02  4.2929557E+02  5.1849713E-13 -1.8354917E-07
  -1.2750000E+02  4.2882489E+02  5.1849713E-13 -1.8354917E-07
  -1.2750000E+02  4.2835420E+02  5.1849713E-13 -1.8354917E-07
  -1.2750000E+02  4.2788352E+02  5.1849713E-13 -1.8354917E-07
  -1.2750000E+02  4.2741284E+02  5.1849713E-13 -1.8354917E-07
  -1.2750000E+02  4.2694216E+02  5.1849713E-13 -1.8354917E-07
  -1.2750000E+02  4.2647148E+02  5.1849713E-13 -1.8354917E-07
  -1.2750000E+02  4.2600080E+02  5.1849713E-13 -1.8354917E-07
  -1.2750000E+02  4.2553011E+02  5.1849713E-13 -1.8354917E-07
  -1.2750000E+02  4.2505943E+02  5.1849713E-13 -1.8354917E-07
  -1.2750000E+02  4.2458875E+02  1.4481907E-05 -1.2009308E-07
  -1.2750000E+02  4.2411807E+02  5.9149082E-06 -4.7193876E-08
  -1.2750000E+02  4.2364739E+02  5.9150162E-06 -4.5336938E-08
  -1.2750000E+02  4.2317670E+02  5.9151694E-06 -4.3485961E-08
  -1.2750000E+02  4.2270602E+02  5.9153674E-06 -4.1658215E-08
  -1.2750000E+02  4.2223534E+02  5.9156119E-06 -3.9841899E-08
  -1.2650000E+02  4.3209816E+02  5.1880094E-13 -1.8354918E-07
  -1.2650000E+02  4.3162848E+02  5.1880093E-13 -1.8354918E-07
  -1.2650000E+02  4.3115880E+02  5.1880093E-13 -1.8354917E-07
  -1.2650000E+02  4.3068911E+02  5.1880093E-13 -1.8354917E-07
  -1.2650000E+02  4.3021943E+02  5.1880093E-13 -1.8354917E-07
  -1.2650000E+02  4.2974975E+02  5.1880093E-13 -1.8354917E-07
  -1.2650000E+02  4.2928007E+02  5.1880093E-13 -1.8354917E-07
  -1.2650000E+02  4.2881039E+02  5.1880093E-13 -1.8354917E-07
  -1.2650000E+02  4.2834070E+02  5.1880093E-13 -1.8354917E-07
  -1.2650000E+02  4.2787102E+02  5.1880093E-13 -1.8354917E-07
  -1.2650000E+02  4.2740134E+02  5.1880093E-13 -1.8354917E-07
  -1.2650000E+02  4.2693166E+02  5.1880093E-13 -1.8354918E-07
  -1.2650000E+02  4.2646198E+02  5.1880093E-13 -1.8354917E-07
  -1.2650000E+02  4.2599230E+02  5.1880093E-13 -1.8354918E-07
  -1.2650000E+02  4.2552261E+02  5.1880093E-13 -1.8354917E-07
  -1.2650000E+02  4.2505293E+02  5.1880093E-13 -1.8354917E-07
  -1.2650000E+02  4.2458325E+02  1.4491299E-05 -1.2025480E-07
  -1.2650000E+02  4.2411357E+02  5.9187376E-06 -4.7347847E-08
  -1.2650000E+02  4.2364389E+02  5.9188330E-06 -4.5584792E-08
  -1.2650000E+02  4.2317420E+02  5.9189684E-06 -4.3828760E-08
  -1.2650000E+02  4.2270452E+02  5.9191422E-06 -4.2091133E-08
  -1.2650000E+02  4.2223484E+02  5.9193551E-06 -4.0374217E-08
  -1.2550000E+02  4.3207666E+02  5.1909225E-13 -1.8354917E-07
  -1.2550000E+02  4.3160798E+02  5.1909225E-13 -1.8354918E-07
  -1.2550000E+02  4.3113930E+02  5.1909225E-13 -1.8354917E-07
  -1.2550000E+02  4.3067061E+02  5.1909225E-13 -1.8354917E-07
  -1.2550000E+02  4.3020193E+02  5.1909225E-13 -1.8354917E-07
  -1.2550000E+02  4.2973325E+02  5.1909225E-13 -1.8354917E-07
  -1.2550000E+02  4.2926457E+02  5.1909225E-13 -1.8354917E-07
  -1.2550000E+02  4.2879589E+02  5.1909225E-13 -1.8354917E-07
  -1.2550000E+02  4.2832720E+02  5.1909225E-13 -1.8354917E-07
  -1.2550000E+02  4.2785852E+02  5.1909225E-13 -1.8354917E-07
  -1.2550000E+02  4.2738984E+02  5.1909225E-13 -1.8354917E-07
  -1.2550000E+02  4.2692116E+02  5.1909225E-13 -1.8354917E-07
  -1.2550000E+02  4.2645248E+02  5.1909225E-13 -1.8354917E-07
  -1.2550000E+02  4.2598380E+02  5.1909225E-13 -1.8354917E-07
  -1.2550000E+02  4.2551511E+02  5.1909225E-13 -1.8354917E-07
  -1.2550000E+02  4.2504643E+02  5.1909225E-13 -1.8354917E-07
  -1.2550000E+02  4.2457775E+02  1.4500307E-05 -1.2040590E-07
  -1.2550000E+02  4.2410907E+02  5.9224119E-06 -4.7485368E-08
  -1.2550000E+02  4.2364039E+02  5.9224975E-06 -4.5803919E-08
  -1.2550000E+02  4.2317170E+02  5.9226171E-06 -4.4130934E-08
  -1.2550000E+02  4.2270302E+02  5.9227683E-06 -4.2467278E-08
  -1.2550000E+02  4.2223434E+02  5.9229504E-06 -4.0832774E-08
  -1.2450000E+02  4.3205516E+02  5.1937373E-13 -1.8354917E-07
  -1.2450000E+02  4.3158748E+02  5.1937373E-13 -1.8354917E-07
  -1.2450000E+02  4.3111980E+02  5.1937373E-13 -1.8354917E-07
  -1.2450000E+02  4.3065211E+02  5.1937373E-13 -1.8354917E-07
  -1.2450000E+02  4.3018443E+02  5.1937373E-13 -1.8354917E-07
  -1.2450000E+02  4.2971675E+02  5.1937373E-13 -1.8354917E-07
  -1.2450000E+02  4.2924907E+02  5.1937373E-13 -1.8354917E-07
  -1.2450000E+02  4.2878139E+02  5.1937373E-13 -1.8354917E-07
  -1.2450000E+02  4.2831370E+02  5.1937373E-13 -1.8354917E-07
  -1.2450000E+02  4.2784602E+02  5.1937373E-13 -1.8354917E-07
  -1.2450000E+02  4.2737834E+02  5.1937373E-13 -1.8354917E-07
  -1.2450000E+02  4.2691066E+02  5.1937373E-13 -1.8354917E-07
  -1.2450000E+02  4.2644298E+02  5.1937373E-13 -1.8354917E-07
  -1.2450000E+02  4.2597530E+02  5.1937373E-13 -1.8354917E-07
  -1.2450000E+02  4.2550761E+02  5.1937373E-13 -1.8354918E-07
  -1.2450000E+02  4.2503993E+02  5.1937373E-13 -1.8354917E-07
  -1.2450000E+02  4.2457225E+02  1.4509009E-05 -1.2054763E-07
  -1.2450000E+02  4.2410457E+02  5.9259618E-06 -4.7610434E-08
  -1.2450000E+02  4.2363689E+02  5.9260382E-06 -4.5996970E-08
  -1.2450000E+02  4.2316920E+02  5.9261415E-06 -4.4392732E-08
  -1.2450000E+02  4.2270152E+02  5.9262700E-06 -4.2788897E-08
  -1.2450000E+02  4.2223384E+02  5.9264220E-06 -4.1217974E-08
  -1.2350000E+02  4.3203366E+02  5.1964651E-13 -1.8354917E-07
  -1.2350000E+02  4.3156698E+02  5.1964651E-13 -1.8354917E-07
  -1.2350000E+02  4.3110030E+02  5.1964651E-13 -1.8354917E-07
  -1.2350000E+02  4.3063361E+02  5.1964651E-13 -1.8354917E-07
  -1.2350000E+02  4.3016693E+02  5.1964651E-13 -1.8354917E-07
  -1.2350000E+02  4.2970025E+02  5.1964651E-13 -1.8354917E-07
  -1.2350000E+02  4.2923357E+02  5.1964651E-13 -1.8354917E-07
  -1.2350000E+02  4.2876689E+02  5.1964651E-13 -1.8354917E-07
  -1.2350000E+02  4.2830020E+02  5.1964651E-13 -1.8354917E-07
  -1.2350000E+02  4.2783352E+02  5.1964651E-13 -1.8354917E-07
  -1.2350000E+02  4.2736684E+02  5.1964651E-13 -1.8354917E-07
  -1.2350000E+02  4.2690016E+02  5.1964651E-13 -1.8354917E-07
  -1.2350000E+02  4.2643348E+02  5.1964651E-13 -1.8354917E-07
  -1.2350000E+02  4.2596680E+02  5.1964651E-13 -1.8354917E-07
  -1.2350000E+02  4.2550011E+02  5.1964651E-13 -1.8354917E-07
  -1.2350000E+02  4.2503343E+02  5.1964651E-13 -1.8354917E-07
  -1.2350000E+02  4.2456675E+02  1.4517442E-05 -1.2067591E-07
  -1.2350000E+02  4.2410007E+02  5.9294002E-06 -4.7722459E-08
  -1.2350000E+02  4.2363339E+02  5.9294664E-06 -4.6163042E-08
  -1.2350000E+02  4.2316670E+02  5.9295528E-06 -4.4612433E-08
  -1.2350000E+02  4.2270002E+02  5.9296590E-06 -4.3057854E-08
  -1.2350000E+02  4.2223334E+02  5.9297832E-06 -4.1533688E-08
  -1.2250000E+02  4.3201216E+02  5.1991073E-13 -1.8354917E-07
  -1.2250000E+02  4.3154648E+02  5.1991073E-13 -1.8354917E-07
  -1.2250000E+02  4.3108080E+02  5.1991073E-13 -1.8354917E-07
  -1.2250000E+02  4.3061511E+02  5.1991073E-13 -1.8354917E-07
  -1.2250000E+02  4.3014943E+02  5.1991073E-13 -1.8354917E-07
  -1.2250000E+02  4.2968375E+02  5.1991073E-13 -1.8354917E-07
  -1.2250000E+02  4.2921807E+02  5.1991073E-13 -1.8354917E-07
  -1.2250000E+02  4.2875239E+02  5.1991073E-13 -1.8354917E-07
  -1.2250000E+02  4.2828670E+02  5.1991073E-13 -1.8354917E-07
  -1.2250000E+02  4.2782102E+02  5.1991073E-13 -1.8354918E-07
  -1.2250000E+02  4.2735534E+02  5.1991073E-13 -1.8354917E-07
  -1.2250000E+02  4.2688966E+02  5.1991073E-13 -1.8354917E-07
  -1.2250000E+02  4.2642398E+02  5.1991073E-13 -1.8354917E-07
  -1.2250000E+02  4.2595830E+02  5.1991073E-13 -1.8354917E-07
  -1.2250000E+02  4.2549261E+02  5.1991073E-13 -1.8354918E-07
  -1.2250000E+02  4.2502693E+02  5.1991073E-13 -1.8354917E-07
  -1.2250000E+02  4.2456125E+02  1.4525610E-05 -1.2078575E-07
  -1.2250000E+02  4.2409557E+02  5.9327291E-06 -4.7818472E-08
  -1.2250000E+02  4.2362989E+02  5.9327843E-06 -4.6301094E-08
  -1.2250000E+02  4.2316420E+02  5.9328548E-06 -4.4791128E-08
  -1.2250000E+02  4.2269852E+02  5.9329412E-06 -4.3279193E-08
  -1.2250000E+02  4.2223284E+02  5.9330427E-06 -4.1790035E-08
  -1.2150000E+02  4.3199066E+02  5.2016651E-13 -1.8354917E-07
  -1.2150000E+02  4.3152598E+02  5.2016651E-13 -1.8354918E-07
  -1.2150000E+02  4.3106130E+02  5.2016651E-13 -1.8354917E-07
  -1.2150000E+02  4.3059661E+02  5.2016651E-13 -1.8354917E-07
  -1.2150000E+02  4.3013193E+02  5.2016651E-13 -1.8354917E-07
  -1.2150000E+02  4.2966725E+02  5.2016651E-13 -1.8354917E-07
  -1.2150000E+02  4.2920257E+02  5.2016651E-13 -1.8354917E-07
  -1.2150000E+02  4.2873789E+02  5.2016651E-13 -1.8354917E-07
  -1.2150000E+02  4.2827320E+02  5.2016651E-13 -1.8354917E-07
  -1.2150000E+02  4.2780852E+02  5.2016651E-13 -1.8354917E-07
  -1.2150000E+02  4.2734384E+02  5.2016651E-13 -1.8354917E-07
  -1.2150000E+02  4.2687916E+02  5.2016651E-13 -1.8354917E-07
  -1.2150000E+02  4.2641448E+02  5.2016651E-13 -1.8354917E-07
  -1.2150000E+02  4.2594980E+02  5.2016651E-13 -1.8354917E-07
  -1.2150000E+02  4.2548511E+02  5.2016651E-13 -1.8354917E-07
  -1.2150000E+02  4.2502043E+02  5.2016651E-13 -1.8354917E-07
  -1.2150000E+02  4.2455575E+02  1.4533516E-05 -1.2087591E-07
  -1.2150000E+02  4.2409107E+02  5.9359517E-06 -4.7896459E-08
  -1.2150000E+02  4.2362639E+02  5.9359967E-06 -4.6412923E-08
  -1.2150000E+02  4.2316170E+02  5.9360542E-06 -4.4935039E-08
  -1.2150000E+02  4.2269702E+02  5.9361256E-06 -4.3461852E-08
  -1.2150000E+02  4.2223234E+02  5.9362105E-06 -4.2001622E-08
  -1.2050000E+02  4.3196916E+02  5.2041480E-13 -1.8354918E-07
  -1.2050000E+02  4.3150548E+02  5.2041480E-13 -1.8354918E-07
  -1.2050000E+02  4.3104180E+02  5.2041480E-13 -1.8354918E-07
  -1.2050000E+02  4.3057811E+02  5.2041480E-13 -1.8354917E-07
  -1.2050000E+02  4.3011443E+02  5.2041480E-13 -1.8354917E-07
  -1.2050000E+02  4.2965075E+02  5.2041480E-13 -1.8354917E-07
  -1.2050000E+02  4.2918707E+02  5.2041480E-13 -1.8354917E-07
  -1.2050000E+02  4.2872339E+02  5.2041480E-13 -1.8354917E-07
  -1.2050000E+02  4.2825970E+02  5.2041480E-13 -1.8354917E-07
  -1.2050000E+02  4.2779602E+02  5.2041480E-13 -1.8354917E-07
  -1.2050000E+02  4.2733234E+02  5.2041480E-13 -1.8354917E-07
  -1.2050000E+02  4.2686866E+02  5.2041480E-13 -1.8354917E-07
  -1.2050000E+02  4.2640498E+02  5.2041480E-13 -1.8354916E-07
  -1.2050000E+02  4.2594130E+02  5.2041480E-13 -1.8354917E-07
  -1.2050000E+02  4.2547761E+02  5.2041480E-13 -1.8354916E-07
  -1.2050000E+02  4.2501393E+02  5.2041479E-13 -1.8354916E-07
  -1.2050000E+02  4.2455025E+02  1.4541193E-05 -1.2095068E-07
  -1.2050000E+02  4.2408657E+02  5.9390818E-06 -4.7957730E-08
  -1.2050000E+02  4.2362289E+02  5.9391191E-06 -4.6503814E-08
  -1.2050000E+02  4.2315920E+02  5.9391678E-06 -4.5054012E-08
  -1.2050000E+02  4.2269552E+02  5.9392291E-06 -4.3616147E-08
  -1.2050000E+02  4.2223184E+02  5.9393026E-06 -4.2182445E-08
  -1.1950000E+02  4.3194766E+02  5.2065760E-13 -1.8354918E-07
  -1.1950000E+02  4.3148498E+02  5.2065760E-13 -1.8354918E-07
  -1.1950000E+02  4.3102230E+02  5.2065760E-13 -1.8354918E-07
  -1.1950000E+02  4.3055961E+02  5.2065760E-13 -1.8354917E-07
  -1.1950000E+02  4.3009693E+02  5.2065760E-13 -1.8354917E-07
  -1.1950000E+02  4.2963425E+02  5.2065760E-13 -1.8354917E-07
  -1.1950000E+02  4.2917157E+02  5.2065760E-13 -1.8354917E-07
  -1.1950000E+02  4.2870889E+02  5.2065760E-13 -1.8354918E-07
  -1.1950000E+02  4.2824620E+02  5.2065760E-13 -1.8354917E-07
  -1.1950000E+02  4.2778352E+02  5.2065760E-13 -1.8354918E-07
  -1.1950000E+02  4.2732084E+02  5.2065760E-13 -1.8354917E-07
  -1.1950000E+02  4.2685816E+02  5.2065760E-13 -1.8354917E-07
  -1.1950000E+02  4.2639548E+02  5.2065760E-13 -1.8354917E-07
  -1.1950000E+02  4.2593280E+02  5.2065760E-13 -1.8354918E-07
  -1.1950000E+02  4.2547011E+02  5.2065760E-13 -1.8354917E-07
  -1.1950000E+02  4.2500743E+02  5.2065760E-13 -1.8354917E-07
  -1.1950000E+02  4.2454475E+02  1.4548701E-05 -1.2101798E-07
  -1.1950000E+02  4.2408207E+02  5.9421458E-06 -4.8006908E-08
  -1.1950000E+02  4.2361939E+02  5.9421783E-06 -4.6580568E-08
  -1.1950000E+02  4.2315670E+02  5.9422216E-06 -4.5157244E-08
  -1.1950000E+02  4.2269402E+02  5.9422757E-06 -4.3749681E-08
  -1.1950000E+02  4.2223134E+02  5.9423401E-06 -4.2340602E-08
  -1.1850000E+02  4.3192616E+02  5.2089750E-13 -1.8354918E-07
  -1.1850000E+02  4.3146448E+02  5.2089750E-13 -1.8354918E-07
  -1.1850000E+02  4.3100280E+02  5.2089750E-13 -1.8354917E-07
  -1.1850000E+02  4.3054111E+02  5.2089750E-13 -1.8354917E-07
  -1.1850000E+02  4.3007943E+02  5.2089750E-13 -1.8354917E-07
  -1.1850000E+02  4.2961775E+02  5.2089750E-13 -1.8354917E-07
  -1.1850000E+02  4.2915607E+02  5.2089750E-13 -1.8354917E-07
  -1.1850000E+02  4.2869439E+02  5.2089750E-13 -1.8354917E-07
  -1.1850000E+02  4.2823270E+02  5.2089750E-13 -1.8354917E-07
  -1.1850000E+02  4.2777102E+02  5.2089750E-13 -1.8354917E-07
  -1.1850000E+02  4.2730934E+02  5.2089750E-13 -1.8354917E-07
  -1.1850000E+02  4.2684766E+02  5.2089750E-13 -1.8354917E-07
  -1.1850000E+02  4.2638598E+02  5.2089750E-13 -1.8354918E-07
  -1.1850000E+02  4.2592430E+02  5.2089751E-13 -1.8354918E-07
  -1.1850000E+02  4.2546261E+02  5.2089750E-13 -1.8354917E-07
  -1.1850000E+02  4.2500093E+02  5.2089751E-13 -1.8354918E-07
  -1.1850000E+02  4.2453925E+02  1.4556121E-05 -1.2108503E-07
  -1.1850000E+02  4.2407757E+02  5.9451754E-06 -4.8049677E-08
  -1.1850000E+02  4.2361589E+02  5.9452053E-06 -4.6648259E-08
  -1.1850000E+02  4.2315420E+02  5.9452442E-06 -4.5249034E-08
  -1.1850000E+02  4.2269252E+02  5.9452910E-06 -4.3864314E-08
  -1.1850000E+02  4.2223084E+02  5.9453450E-06 -4.2475930E-08
  -1.1750000E+02  4.3190466E+02  5.2113678E-13 -1.8354918E-07
  -1.1750000E+02  4.3144398E+02  5.2113678E-13 -1.8354918E-07
  -1.1750000E+02  4.3098330E+02  5.2113678E-13 -1.8354917E-07
  -1.1750000E+02  4.3052261E+02  5.2113678E-13 -1.8354917E-07
  -1.1750000E+02  4.3006193E+02  5.2113678E-13 -1.8354917E-07
  -1.1750000E+02  4.2960125E+02  5.2113678E-13 -1.8354917E-07
  -1.1750000E+02  4.2914057E+02  5.2113678E-13 -1.8354917E-07
  -1.1750000E+02  4.2867989E+02  5.2113678E-13 -1.8354917E-07
  -1.1750000E+02  4.2821920E+02  5.2113678E-13 -1.8354917E-07
  -1.1750000E+02  4.2775852E+02  5.2113678E-13 -1.8354917E-07
  -1.1750000E+02  4.2729784E+02  5.2113678E-13 -1.8354917E-07
  -1.1750000E+02  4.2683716E+02  5.2113678E-13 -1.8354916E-07
  -1.1750000E+02  4.2637648E+02  5.2113678E-13 -1.8354917E-07
  -1.1750000E+02  4.2591580E+02  5.2113678E-13 -1.8354916E-07
  -1.1750000E+02  4.2545511E+02  5.2113678E-13 -1.8354916E-07
  -1.1750000E+02  4.2499443E+02  5.2113678E-13 -1.8354917E-07
  -1.1750000E+02  4.2453375E+02  1.4563521E-05 -1.2115430E-07
  -1.1750000E+02  4.2407307E+02  5.9481976E-06 -4.8089745E-08
  -1.1750000E+02  4.2361239E+02  5.9482248E-06 -4.6707777E-08
  -1.1750000E+02  4.2315170E+02  5.9482577E-06 -4.5327152E-08
  -1.1750000E+02  4.2269102E+02  5.9482947E-06 -4.3956102E-08
  -1.1750000E+02  4.2223034E+02  5.9483348E-06 -4.2581916E-08
  -1.1650000E+02  4.3188316E+02  5.2137669E-13 -1.8354917E-07
  -1.1650000E+02  4.3142348E+02  5.2137669E-13 -1.8354917E-07
  -1.1650000E+02  4.3096380E+02  5.2137669E-13 -1.8354917E-07
  -1.1650000E+02  4.3050411E+02  5.2137669E-13 -1.8354917E-07
  -1.1650000E+02  4.3004443E+02  5.2137669E-13 -1.8354917E-07
  -1.1650000E+02  4.2958475E+02  5.2137669E-13 -1.8354917E-07
  -1.1650000E+02  4.2912507E+02  5.2137669E-13 -1.8354917E-07
  -1.1650000E+02  4.2866539E+02  5.2137669E-13 -1.8354917E-07
  -1.1650000E+02  4.2820570E+02  5.2137669E-13 -1.8354917E-07
  -1.1650000E+02  4.2774602E+02  5.2137669E-13 -1.8354917E-07
  -1.1650000E+02  4.2728634E+02  5.2137669E-13 -1.8354917E-07
  -1.1650000E+02  4.2682666E+02  5.2137668E-13 -1.8354916E-07
  -1.1650000E+02  4.2636698E+02  5.2137669E-13 -1.8354917E-07
  -1.1650000E+02  4.2590730E+02  5.2137668E-13 -1.8354916E-07
  -1.1650000E+02  4.2544761E+02  5.2137669E-13 -1.8354917E-07
  -1.1650000E+02  4.2498793E+02  5.2137668E-13 -1.8354916E-07
  -1.1650000E+02  4.2452825E+02  1.4570939E-05 -1.2122221E-07
  -1.1650000E+02  4.2406857E+02  5.9512259E-06 -4.8126908E-08
  -1.1650000E+02  4.2360889E+02  5.9512488E-06 -4.6755660E-08
  -1.1650000E+02  4.2314920E+02  5.9512727E-06 -4.5384775E-08
  -1.1650000E+02  4.2268952E+02  5.9512963E-06 -4.4018280E-08
  -1.1650000E+02  4.2222984E+02  5.9513193E-06 -4.2650672E-08
  -1.1550000E+02  4.3186166E+02  5.2161731E-13 -1.8354917E-07
  -1.1550000E+02  4.3140298E+02  5.2161731E-13 -1.8354917E-07
  -1.1550000E+02  4.3094430E+02  5.2161731E-13 -1.8354917E-07
  -1.1550000E+02  4.3048561E+02  5.2161731E-13 -1.8354917E-07
  -1.1550000E+02  4.3002693E+02  5.2161731E-13 -1.8354917E-07
  -1.1550000E+02  4.2956825E+02  5.2161731E-13 -1.8354917E-07
  -1.1550000E+02  4.2910957E+02  5.2161731E-13 -1.8354917E-07
  -1.1550000E+02  4.2865089E+02  5.2161731E-13 -1.8354917E-07
  -1.1550000E+02  4.2819220E+02  5.2161731E-13 -1.8354917E-07
  -1.1550000E+02  4.2773352E+02  5.2161731E-13 -1.8354917E-07
  -1.1550000E+02  4.2727484E+02  5.2161731E-13 -1.8354917E-07
  -1.1550000E+02  4.2681616E+02  5.2161731E-13 -1.8354918E-07
  -1.1550000E+02  4.2635748E+02  5.2161731E-13 -1.8354917E-07
  -1.1550000E+02  4.2589880E+02  5.2161731E-13 -1.8354917E-07
  -1.1550000E+02  4.2544011E+02  5.2161731E-13 -1.8354917E-07
  -1.1550000E+02  4.2498143E+02  5.2161731E-13 -1.8354917E-07
  -1.1550000E+02  4.2452275E+02  1.4578378E-05 -1.2128138E-07
  -1.1550000E+02  4.2406407E+02  5.9542606E-06 -4.8157333E-08
  -1.1550000E+02  4.2360539E+02  5.9542767E-06 -4.6786320E-08
  -1.1550000E+02  4.2314670E+02  5.9542889E-06 -4.5414822E-08
  -1.1550000E+02  4.2268802E+02  5.9542971E-06 -4.4045569E-08
  -1.1550000E+02  4.2222934E+02  5.9543020E-06 -4.2678050E-08
  -1.1450000E+02  4.3184016E+02  5.2185812E-13 -1.8354917E-07
  -1.1450000E+02  4.3138248E+02  5.2185812E-13 -1.8354917E-07
  -1.1450000E+02  4.3092480E+02  5.2185812E-13 -1.8354917E-07
  -1.1450000E+02  4.3046711E+02  5.2185812E-13 -1.8354917E-07
  -1.1450000E+02  4.3000943E+02  5.2185812E-13 -1.8354917E-07
  -1.1450000E+02  4.2955175E+02  5.2185812E-13 -1.8354917E-07
  -1.1450000E+02  4.2909407E+02  5.2185812E-13 -1.8354917E-07
  -1.1450000E+02  4.2863639E+02  5.2185812E-13 -1.8354917E-07
  -1.1450000E+02  4.2817870E+02  5.2185812E-13 -1.8354917E-07
  -1.1450000E+02  4.2772102E+02  5.2185812E-13 -1.8354917E-07
  -1.1450000E+02  4.2726334E+02  5.2185812E-13 -1.8354917E-07
  -1.1450000E+02  4.2680566E+02  5.2185812E-13 -1.8354917E-07
  -1.1450000E+02  4.2634798E+02  5.2185812E-13 -1.8354917E-07
  -1.1450000E+02  4.2589030E+02  5.2185812E-13 -1.8354916E-07
  -1.1450000E+02  4.2543261E+02  5.2185812E-13 -1.8354917E-07
  -1.1450000E+02  4.2497493E+02  5.2185812E-13 -1.8354917E-07
  -1.1450000E+02  4.2451725E+02  1.4585823E-05 -1.2132489E-07
  -1.1450000E+02  4.2405957E+02  5.9572954E-06 -4.8175820E-08
  -1.1450000E+02  4.2360189E+02  5.9573029E-06 -4.6795299E-08
  -1.1450000E+02  4.2314420E+02  5.9573028E-06 -4.5414100E-08
  -1.1450000E+02  4.2268652E+02  5.9572960E-06 -4.4037316E-08
  -1.1450000E+02  4.2222884E+02  5.9572845E-06 -4.2666009E-08
  -1.1350000E+02  4.3181866E+02  5.2209883E-13 -1.8354917E-07
  -1.1350000E+02  4.3136198E+02  5.2209883E-13 -1.8354917E-07
  -1.1350000E+02  4.3090530E+02  5.2209883E-13 -1.8354917E-07
  -1.1350000E+02  4.3044861E+02  5.2209883E-13 -1.8354917E-07
  -1.1350000E+02  4.2999193E+02  5.2209883E-13 -1.8354917E-07
  -1.1350000E+02  4.2953525E+02  5.2209883E-13 -1.8354917E-07
  -1.1350000E+02  4.2907857E+02  5.2209883E-13 -1.8354917E-07
  -1.1350000E+02  4.2862189E+02  5.2209883E-13 -1.8354917E-07
  -1.1350000E+02  4.2816520E+02  5.2209883E-13 -1.8354917E-07
  -1.1350000E+02  4.2770852E+02  5.2209883E-13 -1.8354917E-07
  -1.1350000E+02  4.2725184E+02  5.2209883E-13 -1.8354917E-07
  -1.1350000E+02  4.2679516E+02  5.2209883E-13 -1.8354916E-07
  -1.1350000E+02  4.2633848E+02  5.2209883E-13 -1.8354917E-07
  -1.1350000E+02  4.2588180E+02  5.2209883E-13 -1.8354916E-07
  -1.1350000E+02  4.2542511E+02  5.2209883E-13 -1.8354917E-07
  -1.1350000E+02  4.2496843E+02  5.2209883E-13 -1.8354917E-07
  -1.1350000E+02  4.2451175E+02  1.4593264E-05 -1.2135020E-07
  -1.1350000E+02  4.2405507E+02  5.9603288E-06 -4.8178680E-08
  -1.1350000E+02  4.2359839E+02  5.9603275E-06 -4.6781648E-08
  -1.1350000E+02  4.2314170E+02  5.9603164E-06 -4.5384898E-08
  -1.1350000E+02  4.2268502E+02  5.9602973E-06 -4.3997650E-08
  -1.1350000E+02  4.2222834E+02  5.9602727E-06 -4.2620917E-08
  -1.1250000E+02  4.3179716E+02  5.2234020E-13 -1.8354917E-07
  -1.1250000E+02  4.3134148E+02  5.2234020E-13 -1.8354917E-07
  -1.1250000E+02  4.3088580E+02  5.2234020E-13 -1.8354917E-07
  -1.1250000E+02  4.3043011E+02  5.2234020E-13 -1.8354917E-07
  -1.1250000E+02  4.2997443E+02  5.2234020E-13 -1.8354917E-07
  -1.1250000E+02  4.2951875E+02  5.2234020E-13 -1.8354917E-07
  -1.1250000E+02  4.2906307E+02  5.2234020E-13 -1.8354918E-07
  -1.1250000E+02  4.2860739E+02  5.2234020E-13 -1.8354917E-07
  -1.1250000E+02  4.2815170E+02  5.2234020E-13 -1.8354918E-07
  -1.1250000E+02  4.2769602E+02  5.2234020E-13 -1.8354918E-07
  -1.1250000E+02  4.2724034E+02  5.2234020E-13 -1.8354918E-07
  -1.1250000E+02  4.2678466E+02  5.2234020E-13 -1.8354917E-07
  -1.1250000E+02  4.2632898E+02  5.2234020E-13 -1.8354918E-07
  -1.1250000E+02  4.2587330E+02  5.2234020E-13 -1.8354918E-07
  -1.1250000E+02  4.2541761E+02  5.2234020E-13 -1.8354917E-07
  -1.1250000E+02  4.2496193E+02  5.2234021E-13 -1.8354919E-07
  -1.1250000E+02  4.2450625E+02  1.4600727E-05 -1.2136040E-07
  -1.1250000E+02  4.2405057E+02  5.9633720E-06 -4.8165506E-08
  -1.1250000E+02  4.2359489E+02  5.9633632E-06 -4.6748034E-08
  -1.1250000E+02  4.2313920E+02  5.9633438E-06 -4.5333089E-08
  -1.1250000E+02  4.2268352E+02  5.9633151E-06 -4.3932516E-08
  -1.1250000E+02  4.2222784E+02  5.9632798E-06 -4.2548766E-08
  -1.1150000E+02  4.3177566E+02  5.2258424E-13 -1.8354918E-07
  -1.1150000E+02  4.3132098E+02  5.2258424E-13 -1.8354918E-07
  -1.1150000E+02  4.3086630E+02  5.2258424E-13 -1.8354917E-07
  -1.1150000E+02  4.3041161E+02  5.2258424E-13 -1.8354918E-07
  -1.1150000E+02  4.2995693E+02  5.2258424E-13 -1.8354918E-07
  -1.1150000E+02  4.2950225E+02  5.2258424E-13 -1.8354917E-07
  -1.1150000E+02  4.2904757E+02  5.2258424E-13 -1.8354918E-07
  -1.1150000E+02  4.2859289E+02  5.2258424E-13 -1.8354917E-07
  -1.1150000E+02  4.2813820E+02  5.2258424E-13 -1.8354918E-07
  -1.1150000E+02  4.2768352E+02  5.2258424E-13 -1.8354917E-07
  -1.1150000E+02  4.2722884E+02  5.2258424E-13 -1.8354918E-07
  -1.1150000E+02  4.2677416E+02  5.2258424E-13 -1.8354917E-07
  -1.1150000E+02  4.2631948E+02  5.2258424E-13 -1.8354918E-07
  -1.1150000E+02  4.2586480E+02  5.2258424E-13 -1.8354917E-07
  -1.1150000E+02  4.2541011E+02  5.2258424E-13 -1.8354917E-07
  -1.1150000E+02  4.2495543E+02  5.2258424E-13 -1.8354918E-07
  -1.1150000E+02  4.2450075E+02  1.4608274E-05 -1.2136211E-07
  -1.1150000E+02  4.2404607E+02  5.9664512E-06 -4.8138839E-08
  -1.1150000E+02  4.2359139E+02  5.9664367E-06 -4.6698427E-08
  -1.1150000E+02  4.2313670E+02  5.9664105E-06 -4.5263703E-08
  -1.1150000E+02  4.2268202E+02  5.9663733E-06 -4.3845055E-08
  -1.1150000E+02  4.2222734E+02  5.9663266E-06 -4.2449840E-08
  -1.1050000E+02  4.3175416E+02  5.2283386E-13 -1.8354918E-07
  -1.1050000E+02  4.3130048E+02  5.2283386E-13 -1.8354918E-07
  -1.1050000E+02  4.3084680E+02  5.2283386E-13 -1.8354917E-07
  -1.1050000E+02  4.3039311E+02  5.2283386E-13 -1.8354917E-07
  -1.1050000E+02  4.2993943E+02  5.2283386E-13 -1.8354918E-07
  -1.1050000E+02  4.2948575E+02  5.2283386E-13 -1.8354917E-07
  -1.1050000E+02  4.2903207E+02  5.2283386E-13 -1.8354918E-07
  -1.1050000E+02  4.2857839E+02  5.2283386E-13 -1.8354917E-07
  -1.1050000E+02  4.2812470E+02  5.2283386E-13 -1.8354918E-07
  -1.1050000E+02  4.2767102E+02  5.2283386E-13 -1.8354917E-07
  -1.1050000E+02  4.2721734E+02  5.2283386E-13 -1.8354918E-07
  -1.1050000E+02  4.2676366E+02  5.2283386E-13 -1.8354917E-07
  -1.1050000E+02  4.2630998E+02  5.2283386E-13 -1.8354917E-07
  -1.1050000E+02  4.2585630E+02  5.2283386E-13 -1.8354917E-07
  -1.1050000E+02  4.2540261E+02  5.2283386E-13 -1.8354917E-07
  -1.1050000E+02  4.2494893E+02  5.2283386E-13 -1.8354918E-07
  -1.1050000E+02  4.2449525E+02  1.4615994E-05 -1.2136137E-07
  -1.1050000E+02  4.2404157E+02  5.9696024E-06 -4.8101890E-08
  -1.1050000E+02  4.2358789E+02  5.9695827E-06 -4.6634548E-08
  -1.1050000E+02  4.2313420E+02  5.9695488E-06 -4.5176219E-08
  -1.1050000E+02  4.2268052E+02  5.9695004E-06 -4.3731551E-08
  -1.1050000E+02  4.2222684E+02  5.9694374E-06 -4.2315475E-08
  -1.0950000E+02  4.3173266E+02  5.2309218E-13 -1.8354918E-07
  -1.0950000E+02  4.3127998E+02  5.2309218E-13 -1.8354918E-07
  -1.0950000E+02  4.3082730E+02  5.2309218E-13 -1.8354917E-07
  -1.0950000E+02  4.3037461E+02  5.2309218E-13 -1.8354917E-07
  -1.0950000E+02  4.2992193E+02  5.2309218E-13 -1.8354917E-07
  -1.0950000E+02  4.2946925E+02  5.2309218E-13 -1.8354917E-07
  -1.0950000E+02  4.2901657E+02  5.2309218E-13 -1.8354917E-07
  -1.0950000E+02  4.2856389E+02  5.2309218E-13 -1.8354917E-07
  -1.0950000E+02  4.2811120E+02  5.2309218E-13 -1.8354917E-07
  -1.0950000E+02  4.2765852E+02  5.2309218E-13 -1.8354917E-07
  -1.0950000E+02  4.2720584E+02  5.2309218E-13 -1.8354918E-07
  -1.0950000E+02  4.2675316E+02  5.2309218E-13 -1.8354917E-07
  -1.0950000E+02  4.2630048E+02  5.2309218E-13 -1.8354917E-07
  -1.0950000E+02  4.2584780E+02  5.2309218E-13 -1.8354917E-07
  -1.0950000E+02  4.2539511E+02  5.2309218E-13 -1.8354917E-07
  -1.0950000E+02  4.2494243E+02  5.2309218E-13 -1.8354917E-07
  -1.0950000E+02  4.2448975E+02  1.4623982E-05 -1.2135949E-07
  -1.0950000E+02  4.2403707E+02  5.9728630E-06 -4.8055446E-08
  -1.0950000E+02  4.2358439E+02  5.9728364E-06 -4.6552735E-08
  -1.0950000E+02  4.2313170E+02  5.9727902E-06 -4.5061759E-08
  -1.0950000E+02  4.2267902E+02  5.9727238E-06 -4.3579662E-08
  -1.0950000E+02  4.2222634E+02  5.9726359E-06 -4.2128161E-08
  -1.0850000E+02  4.3171116E+02  5.2336197E-13 -1.8354917E-07
  -1.0850000E+02  4.3125948E+02  5.2336197E-13 -1.8354917E-07
  -1.0850000E+02  4.3080780E+02  5.2336197E-13 -1.8354917E-07
  -1.0850000E+02  4.3035611E+02  5.2336197E-13 -1.8354917E-07
  -1.0850000E+02  4.2990443E+02  5.2336197E-13 -1.8354917E-07
  -1.0850000E+02  4.2945275E+02  5.2336197E-13 -1.8354917E-07
  -1.0850000E+02  4.2900107E+02  5.2336197E-13 -1.8354917E-07
  -1.0850000E+02  4.2854939E+02  5.2336197E-13 -1.8354917E-07
  -1.0850000E+02  4.2809770E+02  5.2336197E-13 -1.8354918E-07
  -1.0850000E+02  4.2764602E+02  5.2336197E-13 -1.8354917E-07
  -1.0850000E+02  4.2719434E+02  5.2336197E-13 -1.8354918E-07
  -1.0850000E+02  4.2674266E+02  5.2336197E-13 -1.8354917E-07
  -1.0850000E+02  4.2629098E+02  5.2336197E-13 -1.8354917E-07
  -1.0850000E+02  4.2583930E+02  5.2336197E-13 -1.8354917E-07
  -1.0850000E+02  4.2538761E+02  5.2336197E-13 -1.8354917E-07
  -1.0850000E+02  4.2493593E+02  5.2336197E-13 -1.8354916E-07
  -1.0850000E+02  4.2448425E+02  1.4632325E-05 -1.2135090E-07
  -1.0850000E+02  4.2403257E+02  5.9762653E-06 -4.7995426E-08
  -1.0850000E+02  4.2358089E+02  5.9762271E-06 -4.6442450E-08
  -1.0850000E+02  4.2312920E+02  5.9761607E-06 -4.4903041E-08
  -1.0850000E+02  4.2267752E+02  5.9760662E-06 -4.3369120E-08
  -1.0850000E+02  4.2222584E+02  5.9759424E-06 -4.1864121E-08
  -1.0750000E+02  4.3168966E+02  5.2364561E-13 -1.8354917E-07
  -1.0750000E+02  4.3123898E+02  5.2364561E-13 -1.8354917E-07
  -1.0750000E+02  4.3078830E+02  5.2364561E-13 -1.8354917E-07
  -1.0750000E+02  4.3033761E+02  5.2364561E-13 -1.8354917E-07
  -1.0750000E+02  4.2988693E+02  5.2364561E-13 -1.8354917E-07
  -1.0750000E+02  4.2943625E+02  5.2364561E-13 -1.8354917E-07
  -1.0750000E+02  4.2898557E+02  5.2364561E-13 -1.8354917E-07
  -1.0750000E+02  4.2853489E+02  5.2364561E-13 -1.8354917E-07
  -1.0750000E+02  4.2808420E+02  5.2364561E-13 -1.8354917E-07
  -1.0750000E+02  4.2763352E+02  5.2364561E-13 -1.8354917E-07
  -1.0750000E+02  4.2718284E+02  5.2364561E-13 -1.8354918E-07
  -1.0750000E+02  4.2673216E+02  5.2364561E-13 -1.8354917E-07
  -1.0750000E+02  4.2628148E+02  5.2364561E-13 -1.8354918E-07
  -1.0750000E+02  4.2583080E+02  5.2364561E-13 -1.8354917E-07
  -1.0750000E+02  4.2538011E+02  5.2364561E-13 -1.8354917E-07
  -1.0750000E+02  4.2492943E+02  5.2364561E-13 -1.8354917E-07
  -1.0750000E+02  4.2447875E+02  1.4641093E-05 -1.2132397E-07
  -1.0750000E+02  4.2402807E+02  5.9798371E-06 -4.7911671E-08
  -1.0750000E+02  4.2357739E+02  5.9797798E-06 -4.6286408E-08
  -1.0750000E+02  4.2312670E+02  5.9796828E-06 -4.4676068E-08
  -1.0750000E+02  4.2267602E+02  5.9795477E-06 -4.3073349E-08
  -1.0750000E+02  4.2222534E+02  5.9793750E-06 -4.1495777E-08
  -1.0650000E+02  4.3166816E+02  5.2394586E-13 -1.8354917E-07
  -1.0650000E+02  4.3121848E+02  5.2394586E-13 -1.8354917E-07
  -1.0650000E+02  4.3076880E+02  5.2394586E-13 -1.8354917E-07
  -1.0650000E+02  4.3031911E+02  5.2394586E-13 -1.8354917E-07
  -1.0650000E+02  4.2986943E+02  5.2394586E-13 -1.8354917E-07
  -1.0650000E+02  4.2941975E+02  5.2394586E-13 -1.8354916E-07
  -1.0650000E+02  4.2897007E+02  5.2394586E-13 -1.8354917E-07
  -1.0650000E+02  4.2852039E+02  5.2394586E-13 -1.8354917E-07
  -1.0650000E+02  4.2807070E+02  5.2394586E-13 -1.8354916E-07
  -1.0650000E+02  4.2762102E+02  5.2394586E-13 -1.8354917E-07
  -1.0650000E+02  4.2717134E+02  5.2394586E-13 -1.8354916E-07
  -1.0650000E+02  4.2672166E+02  5.2394586E-13 -1.8354916E-07
  -1.0650000E+02  4.2627198E+02  5.2394586E-13 -1.8354917E-07
  -1.0650000E+02  4.2582230E+02  5.2394586E-13 -1.8354917E-07
  -1.0650000E+02  4.2537261E+02  5.2394586E-13 -1.8354916E-07
  -1.0650000E+02  4.2492293E+02  5.2394586E-13 -1.8354916E-07
  -1.0650000E+02  4.2447325E+02  1.4650372E-05 -1.2126127E-07
  -1.0650000E+02  4.2402357E+02  5.9836109E-06 -4.7788227E-08
  -1.0650000E+02  4.2357389E+02  5.9835244E-06 -4.6060492E-08
  -1.0650000E+02  4.2312420E+02  5.9833832E-06 -4.4350751E-08
  -1.0650000E+02  4.2267452E+02  5.9831919E-06 -4.2659130E-08
  -1.0650000E+02  4.2222484E+02  5.9829541E-06 -4.0990755E-08
  -1.0550000E+02  4.3164666E+02  5.2426714E-13 -1.8354918E-07
  -1.0550000E+02  4.3119798E+02  5.2426714E-13 -1.8354918E-07
  -1.0550000E+02  4.3074930E+02  5.2426714E-13 -1.8354918E-07
  -1.0550000E+02  4.3030061E+02  5.2426714E-13 -1.8354918E-07
  -1.0550000E+02  4.2985193E+02  5.2426714E-13 -1.8354918E-07
  -1.0550000E+02  4.2940325E+02  5.2426713E-13 -1.8354918E-07
  -1.0550000E+02  4.2895457E+02  5.2426714E-13 -1.8354918E-07
  -1.0550000E+02  4.2850589E+02  5.2426713E-13 -1.8354918E-07
  -1.0550000E+02  4.2805720E+02  5.2426714E-13 -1.8354918E-07
  -1.0550000E+02  4.2760852E+02  5.2426713E-13 -1.8354918E-07
  -1.0550000E+02  4.2715984E+02  5.2426713E-13 -1.8354917E-07
  -1.0550000E+02  4.2671116E+02  5.2426713E-13 -1.8354918E-07
  -1.0550000E+02  4.2626248E+02  5.2426713E-13 -1.8354918E-07
  -1.0550000E+02  4.2581380E+02  5.2426713E-13 -1.8354917E-07
  -1.0550000E+02  4.2536511E+02  5.2426713E-13 -1.8354918E-07
  -1.0550000E+02  4.2491643E+02  5.2426713E-13 -1.8354917E-07
  -1.0550000E+02  4.2446775E+02  1.4660300E-05 -1.2114805E-07
  -1.0550000E+02  4.2401907E+02  5.9876421E-06 -4.7600121E-08
  -1.0550000E+02  4.2357039E+02  5.9875107E-06 -4.5731287E-08
  -1.0550000E+02  4.2312170E+02  5.9873061E-06 -4.3886523E-08
  -1.0550000E+02  4.2267302E+02  5.9870360E-06 -4.2080506E-08
  -1.0550000E+02  4.2222434E+02  5.9867090E-06 -4.0304218E-08
  -1.0450000E+02  4.3162516E+02  5.2461864E-13 -1.8354913E-07
  -1.0450000E+02  4.3117748E+02  5.2461864E-13 -1.8354913E-07
  -1.0450000E+02  4.3072980E+02  5.2461864E-13 -1.8354913E-07
  -1.0450000E+02  4.3028211E+02  5.2461864E-13 -1.8354913E-07
  -1.0450000E+02  4.2983443E+02  5.2461864E-13 -1.8354913E-07
  -1.0450000E+02  4.2938675E+02  5.2461864E-13 -1.8354913E-07
  -1.0450000E+02  4.2893907E+02  5.2461864E-13 -1.8354913E-07
  -1.0450000E+02  4.2849139E+02  5.2461864E-13 -1.8354913E-07
  -1.0450000E+02  4.2804370E+02  5.2461864E-13 -1.8354914E-07
  -1.0450000E+02  4.2759602E+02  5.2461864E-13 -1.8354913E-07
  -1.0450000E+02  4.2714834E+02  5.2461864E-13 -1.8354913E-07
  -1.0450000E+02  4.2670066E+02  5.2461864E-13 -1.8354913E-07
  -1.0450000E+02  4.2625298E+02  5.2461864E-13 -1.8354913E-07
  -1.0450000E+02  4.2580530E+02  5.2461864E-13 -1.8354913E-07
  -1.0450000E+02  4.2535761E+02  5.2461864E-13 -1.8354913E-07
  -1.0450000E+02  4.2490993E+02  5.2461864E-13 -1.8354913E-07
  -1.0450000E+02  4.2446225E+02  1.4671147E-05 -1.2092915E-07
  -1.0450000E+02  4.2401457E+02  5.9920301E-06 -4.7315546E-08
  -1.0450000E+02  4.2356689E+02  5.9918307E-06 -4.5242447E-08
  -1.0450000E+02  4.2311920E+02  5.9915273E-06 -4.3215935E-08
  -1.0450000E+02  4.2267152E+02  5.9911377E-06 -4.1262241E-08
  -1.0450000E+02  4.2222384E+02  5.9906792E-06 -3.9361550E-08
  -1.0350000E+02  4.3160366E+02  5.2501360E-13 -1.8354932E-07
  -1.0350000E+02  4.3115698E+02  5.2501360E-13 -1.8354932E-07
  -1.0350000E+02  4.3071030E+02  5.2501360E-13 -1.8354932E-07
  -1.0350000E+02  4.3026361E+02  5.2501360E-13 -1.8354932E-07
  -1.0350000E+02  4.2981693E+02  5.2501360E-13 -1.8354932E-07
  -1.0350000E+02  4.2937025E+02  5.2501360E-13 -1.8354932E-07
  -1.0350000E+02  4.2892357E+02  5.2501360E-13 -1.8354932E-07
  -1.0350000E+02  4.2847689E+02  5.2501360E-13 -1.8354932E-07
  -1.0350000E+02  4.2803020E+02  5.2501360E-13 -1.8354933E-07
  -1.0350000E+02  4.2758352E+02  5.2501360E-13 -1.8354932E-07
  -1.0350000E+02  4.2713684E+02  5.2501360E-13 -1.8354932E-07
  -1.0350000E+02  4.2669016E+02  5.2501360E-13 -1.8354932E-07
  -1.0350000E+02  4.2624348E+02  5.2501360E-13 -1.8354932E-07
  -1.0350000E+02  4.2579680E+02  5.2501360E-13 -1.8354932E-07
  -1.0350000E+02  4.2535011E+02  5.2501360E-13 -1.8354931E-07
  -1.0350000E+02  4.2490343E+02  5.2501360E-13 -1.8354932E-07
  -1.0350000E+02  4.2445675E+02  1.4683376E-05 -1.2067399E-07
  -1.0350000E+02  4.2401007E+02  5.9969746E-06 -4.6835951E-08
  -1.0350000E+02  4.2356339E+02  5.9966380E-06 -4.4483577E-08
  -1.0350000E+02  4.2311670E+02  5.9961651E-06 -4.2209725E-08
  -1.0350000E+02  4.2267002E+02  5.9955761E-06 -4.0061614E-08
  -1.0350000E+02  4.2222334E+02  5.9949036E-06 -3.8024031E-08
  -1.0250000E+02  4.3158216E+02  5.2550197E-13 -1.8354861E-07
  -1.0250000E+02  4.3113648E+02  5.2550196E-13 -1.8354861E-07
  -1.0250000E+02  4.3069080E+02  5.2550196E-13 -1.8354861E-07
  -1.0250000E+02  4.3024511E+02  5.2550196E-13 -1.8354861E-07
  -1.0250000E+02  4.2979943E+02  5.2550196E-13 -1.8354861E-07
  -1.0250000E+02  4.2935375E+02  5.2550196E-13 -1.8354861E-07
  -1.0250000E+02  4.2890807E+02  5.2550196E-13 -1.8354861E-07
  -1.0250000E+02  4.2846239E+02  5.2550196E-13 -1.8354861E-07
  -1.0250000E+02  4.2801670E+02  5.2550196E-13 -1.8354862E-07
  -1.0250000E+02  4.2757102E+02  5.2550196E-13 -1.8354861E-07
  -1.0250000E+02  4.2712534E+02  5.2550196E-13 -1.8354861E-07
  -1.0250000E+02  4.2667966E+02  5.2550196E-13 -1.8354861E-07
  -1.0250000E+02  4.2623398E+02  5.2550196E-13 -1.8354861E-07
  -1.0250000E+02  4.2578830E+02  5.2550196E-13 -1.8354860E-07
  -1.0250000E+02  4.2534261E+02  5.2550196E-13 -1.8354861E-07
  -1.0250000E+02  4.2489693E+02  5.2550196E-13 -1.8354860E-07
  -1.0250000E+02  4.2445125E+02  1.4698214E-05 -1.1959115E-07
  -1.0250000E+02  4.2400557E+02  6.0027706E-06 -4.6076285E-08
  -1.0250000E+02  4.2355989E+02  6.0022205E-06 -4.3209069E-08
  -1.0250000E+02  4.2311420E+02  6.0013987E-06 -4.0548986E-08
  -1.0250000E+02  4.2266852E+02  6.0004128E-06 -3.8171953E-08
  -1.0250000E+02  4.2222284E+02  5.9993589E-06 -3.6034706E-08
  -1.0150000E+02  4.3156066E+02  5.2607478E-13 -1.8355127E-07
  -1.0150000E+02  4.3111598E+02  5.2607479E-13 -1.8355127E-07
  -1.0150000E+02  4.3067130E+02  5.2607479E-13 -1.8355126E-07
  -1.0150000E+02  4.3022661E+02  5.2607479E-13 -1.8355126E-07
  -1.0150000E+02  4.2978193E+02  5.2607479E-13 -1.8355126E-07
  -1.0150000E+02  4.2933725E+02  5.2607479E-13 -1.8355126E-07
  -1.0150000E+02  4.2889257E+02  5.2607479E-13 -1.8355126E-07
  -1.0150000E+02  4.2844789E+02  5.2607479E-13 -1.8355126E-07
  -1.0150000E+02  4.2800320E+02  5.2607479E-13 -1.8355126E-07
  -1.0150000E+02  4.2755852E+02  5.2607480E-13 -1.8355126E-07
  -1.0150000E+02  4.2711384E+02  5.2607480E-13 -1.8355126E-07
  -1.0150000E+02  4.2666916E+02  5.2607480E-13 -1.8355126E-07
  -1.0150000E+02  4.2622448E+02  5.2607480E-13 -1.8355125E-07
  -1.0150000E+02  4.2577980E+02  5.2607480E-13 -1.8355125E-07
  -1.0150000E+02  4.2533511E+02  5.2607480E-13 -1.8355126E-07
  -1.0150000E+02  4.2489043E+02  5.2607480E-13 -1.8355125E-07
  -1.0150000E+02  4.2444575E+02  1.4716812E-05 -1.2048819E-07
  -1.0150000E+02  4.2400107E+02  6.0105830E-06 -4.4138475E-08
  -1.0150000E+02  4.2355639E+02  6.0090322E-06 -4.0367343E-08
  -1.0150000E+02  4.2311170E+02  6.0072198E-06 -3.7434975E-08
  -1.0150000E+02  4.2266702E+02  6.0054425E-06 -3.5057207E-08
  -1.0150000E+02  4.2222234E+02  6.0037841E-06 -3.3046967E-08
  -1.0050000E+02  4.3153916E+02  5.2767303E-13 -1.8354113E-07
  -1.0050000E+02  4.3109548E+02  5.2767303E-13 -1.8354113E-07
  -1.0050000E+02  4.3065180E+02  5.2767302E-13 -1.8354113E-07
  -1.0050000E+02  4.3020811E+02  5.2767301E-13 -1.8354113E-07
  -1.0050000E+02  4.2976443E+02  5.2767301E-13 -1.8354113E-07
  -1.0050000E+02  4.2932075E+02  5.2767300E-13 -1.8354113E-07
  -1.0050000E+02  4.2887707E+02  5.2767299E-13 -1.8354112E-07
  -1.0050000E+02  4.2843339E+02  5.2767299E-13 -1.8354113E-07
  -1.0050000E+02  4.2798970E+02  5.2767298E-13 -1.8354113E-07
  -1.0050000E+02  4.2754602E+02  5.2767298E-13 -1.8354113E-07
  -1.0050000E+02  4.2710234E+02  5.2767297E-13 -1.8354112E-07
  -1.0050000E+02  4.2665866E+02  5.2767296E-13 -1.8354113E-07
  -1.0050000E+02  4.2621498E+02  5.2767295E-13 -1.8354112E-07
  -1.0050000E+02  4.2577130E+02  5.2767295E-13 -1.8354113E-07
  -1.0050000E+02  4.2532761E+02  5.2767294E-13 -1.8354112E-07
  -1.0050000E+02  4.2488393E+02  5.2767293E-13 -1.8354112E-07
  -1.0050000E+02  4.2444025E+02  1.4758869E-05 -1.0040190E-07
  -1.0050000E+02  4.2399657E+02  6.0202590E-06 -3.6782782E-08
  -1.0050000E+02  4.2355289E+02  6.0157763E-06 -3.4078899E-08
  -1.0050000E+02  4.2310920E+02  6.0124239E-06 -3.2060836E-08
  -1.0050000E+02  4.2266552E+02  6.0097532E-06 -3.0398666E-08
  -1.0050000E+02  4.2222184E+02  6.0075286E-06 -2.8955248E-08
  -9.9500000E+01  4.3152841E+02  5.2784380E-13 -1.8351297E-07
  -9.9500000E+01  4.3108523E+02  5.2784380E-13 -1.8351297E-07
  -9.9500000E+01  4.3064205E+02  5.2784379E-13 -1.8351296E-07
  -9.9500000E+01  4.3019886E+02  5.2784379E-13 -1.8351296E-07
  -9.9500000E+01  4.2975568E+02  5.2784378E-13 -1.8351297E-07
  -9.9500000E+01  4.2931250E+02  5.2784377E-13 -1.8351297E-07
  -9.9500000E+01  4.2886932E+02  5.2784377E-13 -1.8351296E-07
  -9.9500000E+01  4.2842614E+02  5.2784376E-13 -1.8351297E-07
  -9.9500000E+01  4.2798295E+02  5.2784376E-13 -1.8351297E-07
  -9.9500000E+01  4.2753977E+02  5.2784375E-13 -1.8351297E-07
  -9.9500000E+01  4.2709659E+02  5.2784374E-13 -1.8351297E-07
  -9.9500000E+01  4.2665341E+02  5.2784374E-13 -1.8351297E-07
  -9.9500000E+01  4.2621023E+02  5.2784373E-13 -1.8351297E-07
  -9.9500000E+01  4.2576705E+02  5.2784373E-13 -1.8351297E-07
  -9.9500000E+01  4.2532386E+02  5.2784372E-13 -1.8351297E-07
  -9.9500000E+01  4.2488068E+02  5.2784371E-13 -1.8351297E-07
  -9.9500000E+01  4.2443750E+02  1.4764960E-05 -5.6354529E-08
  -9.9500000E+01  4.2399432E+02  6.0227122E-06 -2.5023481E-08
  -9.9500000E+01  4.2355114E+02  6.0182120E-06 -2.5548586E-08
  -9.9500000E+01  4.2310795E+02  6.0148431E-06 -2.5414231E-08
  -9.9500000E+01  4.2266477E+02  6.0121536E-06 -2.4945253E-08
  -9.9500000E+01  4.2222159E+02  6.0099058E-06 -2.4315548E-08
  -9.8500000E+01  4.3152841E+02  5.2662510E-13 -1.8350250E-07
  -9.8500000E+01  4.3108523E+02  5.2662510E-13 -1.8350250E-07
  -9.8500000E+01  4.3064205E+02  5.2662510E-13 -1.8350250E-07
  -9.8500000E+01  4.3019886E+02  5.2662510E-13 -1.8350250E-07
  -9.8500000E+01  4.2975568E+02  5.2662511E-13 -1.8350250E-07
  -9.8500000E+01  4.2931250E+02  5.2662511E-13 -1.8350250E-07
  -9.8500000E+01  4.2886932E+02  5.2662511E-13 -1.8350250E-07
  -9.8500000E+01  4.2842614E+02  5.2662511E-13 -1.8350250E-07
  -9.8500000E+01  4.2798295E+02  5.2662511E-13 -1.8350250E-07
  -9.8500000E+01  4.2753977E+02  5.2662512E-13 -1.8350250E-07
  -9.8500000E+01  4.2709659E+02  5.2662512E-13 -1.8350250E-07
  -9.8500000E+01  4.2665341E+02  5.2662512E-13 -1.8350250E-07
  -9.8500000E+01  4.2621023E+02  5.2662512E-13 -1.8350250E-07
  -9.8500000E+01  4.2576705E+02  5.2662512E-13 -1.8350250E-07
  -9.8500000E+01  4.2532386E+02  5.2662512E-13 -1.8350250E-07
  -9.8500000E+01  4.2488068E+02  5.2662512E-13 -1.8350250E-07
  -9.8500000E+01  4.2443750E+02  1.4734921E-05 -3.6096205E-08
  -9.8500000E+01  4.2399432E+02  6.0179230E-06 -1.7623411E-08
  -9.8500000E+01  4.2355114E+02  6.0163325E-06 -1.9205620E-08
  -9.8500000E+01  4.2310795E+02  6.0144755E-06 -1.9965626E-08
  -9.8500000E+01  4.2266477E+02  6.0126448E-06 -2.0194330E-08
  -9.8500000E+01  4.2222159E+02  6.0109198E-06 -2.0102094E-08
  -9.7500000E+01  4.3152841E+02  5.2644045E-13 -1.8350536E-07
  -9.7500000E+01  4.3108523E+02  5.2644045E-13 -1.8350536E-07
  -9.7500000E+01  4.3064205E+02  5.2644045E-13 -1.8350536E-07
  -9.7500000E+01  4.3019886E+02  5.2644044E-13 -1.8350536E-07
  -9.7500000E+01  4.2975568E+02  5.2644045E-13 -1.8350536E-07
  -9.7500000E+01  4.2931250E+02  5.2644044E-13 -1.8350536E-07
  -9.7500000E+01  4.2886932E+02  5.2644044E-13 -1.8350536E-07
  -9.7500000E+01  4.2842614E+02  5.2644044E-13 -1.8350536E-07
  -9.7500000E+01  4.2798295E+02  5.2644044E-13 -1.8350536E-07
  -9.7500000E+01  4.2753977E+02  5.2644044E-13 -1.8350536E-07
  -9.7500000E+01  4.2709659E+02  5.2644044E-13 -1.8350536E-07
  -9.7500000E+01  4.2665341E+02  5.2644044E-13 -1.8350536E-07
  -9.7500000E+01  4.2621023E+02  5.2644044E-13 -1.8350536E-07
  -9.7500000E+01  4.2576705E+02  5.2644044E-13 -1.8350537E-07
  -9.7500000E+01  4.2532386E+02  5.2644044E-13 -1.8350536E-07
  -9.7500000E+01  4.2488068E+02  5.2644044E-13 -1.8350535E-07
  -9.7500000E+01  4.2443750E+02  1.4728285E-05 -3.6841915E-08
  -9.7500000E+01  4.2399432E+02  6.0150052E-06 -1.5612559E-08
  -9.7500000E+01  4.2355114E+02  6.0143991E-06 -1.6260005E-08
  -9.7500000E+01  4.2310795E+02  6.0135073E-06 -1.6709030E-08
  -9.7500000E+01  4.2266477E+02  6.0124360E-06 -1.6902636E-08
  -9.7500000E+01  4.2222159E+02  6.0112765E-06 -1.6885338E-08
  -9.6500000E+01  4.3152841E+02  5.2634310E-13 -1.8350459E-07
  -9.6500000E+01  4.3108523E+02  5.2634310E-13 -1.8350460E-07
  -9.6500000E+01  4.3064205E+02  5.2634310E-13 -1.8350459E-07
  -9.6500000E+01  4.3019886E+02  5.2634310E-13 -1.8350459E-07
  -9.6500000E+01  4.2975568E+02  5.2634310E-13 -1.8350459E-07
  -9.6500000E+01  4.2931250E+02  5.2634310E-13 -1.8350460E-07
  -9.6500000E+01  4.2886932E+02  5.2634310E-13 -1.8350459E-07
  -9.6500000E+01  4.2842614E+02  5.2634310E-13 -1.8350460E-07
  -9.6500000E+01  4.2798295E+02  5.2634310E-13 -1.8350460E-07
  -9.6500000E+01  4.2753977E+02  5.2634310E-13 -1.8350460E-07
  -9.6500000E+01  4.2709659E+02  5.2634310E-13 -1.8350459E-07
  -9.6500000E+01  4.2665341E+02  5.2634310E-13 -1.8350459E-07
  -9.6500000E+01  4.2621023E+02  5.2634310E-13 -1.8350460E-07
  -9.6500000E+01  4.2576705E+02  5.2634310E-13 -1.8350460E-07
  -9.6500000E+01  4.2532386E+02  5.2634310E-13 -1.8350460E-07
  -9.6500000E+01  4.2488068E+02  5.2634310E-13 -1.8350460E-07
  -9.6500000E+01  4.2443750E+02  1.4725556E-05 -3.5617276E-08
  -9.6500000E+01  4.2399432E+02  6.0141502E-06 -1.4753103E-08
  -9.6500000E+01  4.2355114E+02  6.0137444E-06 -1.4836117E-08
  -9.6500000E+01  4.2310795E+02  6.0131792E-06 -1.4845375E-08
  -9.6500000E+01  4.2266477E+02  6.0124752E-06 -1.4760297E-08
  -9.6500000E+01  4.2222159E+02  6.0116617E-06 -1.4575989E-08
  -9.5500000E+01  4.3152841E+02  5.2634894E-13 -1.8350480E-07
  -9.5500000E+01  4.3108523E+02  5.2634894E-13 -1.8350480E-07
  -9.5500000E+01  4.3064205E+02  5.2634894E-13 -1.8350480E-07
  -9.5500000E+01  4.3019886E+02  5.2634894E-13 -1.8350480E-07
  -9.5500000E+01  4.2975568E+02  5.2634894E-13 -1.8350480E-07
  -9.5500000E+01  4.2931250E+02  5.2634894E-13 -1.8350480E-07
  -9.5500000E+01  4.2886932E+02  5.2634894E-13 -1.8350480E-07
  -9.5500000E+01  4.2842614E+02  5.2634894E-13 -1.8350481E-07
  -9.5500000E+01  4.2798295E+02  5.2634894E-13 -1.8350480E-07
  -9.5500000E+01  4.2753977E+02  5.2634894E-13 -1.8350480E-07
  -9.5500000E+01  4.2709659E+02  5.2634894E-13 -1.8350480E-07
  -9.5500000E+01  4.2665341E+02  5.2634894E-13 -1.8350480E-07
  -9.5500000E+01  4.2621023E+02  5.2634895E-13 -1.8350481E-07
  -9.5500000E+01  4.2576705E+02  5.2634894E-13 -1.8350481E-07
  -9.5500000E+01  4.2532386E+02  5.2634894E-13 -1.8350481E-07
  -9.5500000E+01  4.2488068E+02  5.2634895E-13 -1.8350481E-07
  -9.5500000E+01  4.2443750E+02  1.4725719E-05 -3.5209050E-08
  -9.5500000E+01  4.2399432E+02  6.0142586E-06 -1.4145579E-08
  -9.5500000E+01  4.2355114E+02  6.0139726E-06 -1.3882768E-08
  -9.5500000E+01  4.2310795E+02  6.0135537E-06 -1.3578135E-08
  -9.5500000E+01  4.2266477E+02  6.0130194E-06 -1.3233337E-08
  -9.5500000E+01  4.2222159E+02  6.0123852E-06 -1.2836245E-08
  -9.4500000E+01  4.3152841E+02  5.2641244E-13 -1.8350475E-07
  -9.4500000E+01  4.3108523E+02  5.2641244E-13 -1.8350475E-07
  -9.4500000E+01  4.3064205E+02  5.2641244E-13 -1.8350475E-07
  -9.4500000E+01  4.3019886E+02  5.2641244E-13 -1.8350475E-07
  -9.4500000E+01  4.2975568E+02  5.2641244E-13 -1.8350474E-07
  -9.4500000E+01  4.2931250E+02  5.2641244E-13 -1.8350475E-07
  -9.4500000E+01  4.2886932E+02  5.2641244E-13 -1.8350475E-07
  -9.4500000E+01  4.2842614E+02  5.2641244E-13 -1.8350475E-07
  -9.4500000E+01  4.2798295E+02  5.2641244E-13 -1.8350475E-07
  -9.4500000E+01  4.2753977E+02  5.2641244E-13 -1.8350475E-07
  -9.4500000E+01  4.2709659E+02  5.2641244E-13 -1.8350475E-07
  -9.4500000E+01  4.2665341E+02  5.2641244E-13 -1.8350475E-07
  -9.4500000E+01  4.2621023E+02  5.2641244E-13 -1.8350475E-07
  -9.4500000E+01  4.2576705E+02  5.2641244E-13 -1.8350476E-07
  -9.4500000E+01  4.2532386E+02  5.2641244E-13 -1.8350474E-07
  -9.4500000E+01  4.2488068E+02  5.2641244E-13 -1.8350476E-07
  -9.4500000E+01  4.2443750E+02  1.4727704E-05 -3.4815093E-08
  -9.4500000E+01  4.2399432E+02  6.0151016E-06 -1.3697825E-08
  -9.4500000E+01  4.2355114E+02  6.0148642E-06 -1.3149711E-08
  -9.4500000E+01  4.2310795E+02  6.0145178E-06 -1.2584361E-08
  -9.4500000E+01  4.2266477E+02  6.0140695E-06 -1.2009866E-08
  -9.4500000E+01  4.2222159E+02  6.0135277E-06 -1.1406142E-08
  -9.3500000E+01  4.3152841E+02  5.2652577E-13 -1.8350476E-07
  -9.3500000E+01  4.3108523E+02  5.2652577E-13 -1.8350477E-07
  -9.3500000E+01  4.3064205E+02  5.2652577E-13 -1.8350476E-07
  -9.3500000E+01  4.3019886E+02  5.2652577E-13 -1.8350476E-07
  -9.3500000E+01  4.2975568E+02  5.2652577E-13 -1.8350476E-07
  -9.3500000E+01  4.2931250E+02  5.2652577E-13 -1.8350476E-07
  -9.3500000E+01  4.2886932E+02  5.2652577E-13 -1.8350476E-07
  -9.3500000E+01  4.2842614E+02  5.2652577E-13 -1.8350477E-07
  -9.3500000E+01  4.2798295E+02  5.2652577E-13 -1.8350476E-07
  -9.3500000E+01  4.2753977E+02  5.2652577E-13 -1.8350476E-07
  -9.3500000E+01  4.2709659E+02  5.2652577E-13 -1.8350476E-07
  -9.3500000E+01  4.2665341E+02  5.2652577E-13 -1.8350477E-07
  -9.3500000E+01  4.2621023E+02  5.2652577E-13 -1.8350476E-07
  -9.3500000E+01  4.2576705E+02  5.2652577E-13 -1.8350478E-07
  -9.3500000E+01  4.2532386E+02  5.2652577E-13 -1.8350476E-07
  -9.3500000E+01  4.2488068E+02  5.2652577E-13 -1.8350477E-07
  -9.3500000E+01  4.2443750E+02  1.4731213E-05 -3.4500858E-08
  -9.3500000E+01  4.2399432E+02  6.0165475E-06 -1.3309453E-08
  -9.3500000E+01  4.2355114E+02  6.0163339E-06 -1.2520595E-08
  -9.3500000E+01  4.2310795E+02  6.0160206E-06 -1.1724781E-08
  -9.3500000E+01  4.2266477E+02  6.0156113E-06 -1.0934406E-08
  -9.3500000E+01  4.2222159E+02  6.0151112E-06 -1.0130800E-08
  -9.2500000E+01  4.3152841E+02  5.2668439E-13 -1.8350476E-07
  -9.2500000E+01  4.3108523E+02  5.2668440E-13 -1.8350476E-07
  -9.2500000E+01  4.3064205E+02  5.2668439E-13 -1.8350475E-07
  -9.2500000E+01  4.3019886E+02  5.2668439E-13 -1.8350476E-07
  -9.2500000E+01  4.2975568E+02  5.2668439E-13 -1.8350475E-07
  -9.2500000E+01  4.2931250E+02  5.2668439E-13 -1.8350476E-07
  -9.2500000E+01  4.2886932E+02  5.2668439E-13 -1.8350476E-07
  -9.2500000E+01  4.2842614E+02  5.2668439E-13 -1.8350476E-07
  -9.2500000E+01  4.2798295E+02  5.2668439E-13 -1.8350476E-07
  -9.2500000E+01  4.2753977E+02  5.2668439E-13 -1.8350476E-07
  -9.2500000E+01  4.2709659E+02  5.2668439E-13 -1.8350475E-07
  -9.2500000E+01  4.2665341E+02  5.2668440E-13 -1.8350476E-07
  -9.2500000E+01  4.2621023E+02  5.2668440E-13 -1.8350476E-07
  -9.2500000E+01  4.2576705E+02  5.2668440E-13 -1.8350476E-07
  -9.2500000E+01  4.2532386E+02  5.2668440E-13 -1.8350477E-07
  -9.2500000E+01  4.2488068E+02  5.2668439E-13 -1.8350475E-07
  -9.2500000E+01  4.2443750E+02  1.4736122E-05 -3.4209472E-08
  -9.2500000E+01  4.2399432E+02  6.0185575E-06 -1.2949226E-08
  -9.2500000E+01  4.2355114E+02  6.0183513E-06 -1.1933617E-08
  -9.2500000E+01  4.2310795E+02  6.0180474E-06 -1.0918902E-08
  -9.2500000E+01  4.2266477E+02  6.0176472E-06 -9.9139932E-09
  -9.2500000E+01  4.2222159E+02  6.0171538E-06 -8.9094059E-09
  -9.1500000E+01  4.3152841E+02  5.2688802E-13 -1.8350476E-07
  -9.1500000E+01  4.3108523E+02  5.2688802E-13 -1.8350476E-07
  -9.1500000E+01  4.3064205E+02  5.2688802E-13 -1.8350475E-07
  -9.1500000E+01  4.3019886E+02  5.2688802E-13 -1.8350475E-07
  -9.1500000E+01  4.2975568E+02  5.2688802E-13 -1.8350475E-07
  -9.1500000E+01  4.2931250E+02  5.2688802E-13 -1.8350475E-07
  -9.1500000E+01  4.2886932E+02  5.2688802E-13 -1.8350476E-07
  -9.1500000E+01  4.2842614E+02  5.2688802E-13 -1.8350475E-07
  -9.1500000E+01  4.2798295E+02  5.2688802E-13 -1.8350475E-07
  -9.1500000E+01  4.2753977E+02  5.2688802E-13 -1.8350476E-07
  -9.1500000E+01  4.2709659E+02  5.2688802E-13 -1.8350475E-07
  -9.1500000E+01  4.2665341E+02  5.2688802E-13 -1.8350476E-07
  -9.1500000E+01  4.2621023E+02  5.2688802E-13 -1.8350476E-07
  -9.1500000E+01  4.2576705E+02  5.2688802E-13 -1.8350477E-07
  -9.1500000E+01  4.2532386E+02  5.2688802E-13 -1.8350476E-07
  -9.1500000E+01  4.2488068E+02  5.2688802E-13 -1.8350475E-07
  -9.1500000E+01  4.2443750E+02  1.4742419E-05 -3.3926544E-08
  -9.1500000E+01  4.2399432E+02  6.0211283E-06 -1.2593477E-08
  -9.1500000E+01  4.2355114E+02  6.0209183E-06 -1.1350056E-08
  -9.1500000E+01  4.2310795E+02  6.0206063E-06 -1.0112772E-08
  -9.1500000E+01  4.2266477E+02  6.0201927E-06 -8.8838784E-09
  -9.1500000E+01  4.2222159E+02  6.0196792E-06 -7.6675198E-09
  -9.0500000E+01  4.3152841E+02  5.2713776E-13 -1.8350476E-07
  -9.0500000E+01  4.3108523E+02  5.2713776E-13 -1.8350476E-07
  -9.0500000E+01  4.3064205E+02  5.2713776E-13 -1.8350475E-07
  -9.0500000E+01  4.3019886E+02  5.2713776E-13 -1.8350475E-07
  -9.0500000E+01  4.2975568E+02  5.2713776E-13 -1.8350475E-07
  -9.0500000E+01  4.2931250E+02  5.2713776E-13 -1.8350475E-07
  -9.0500000E+01  4.2886932E+02  5.2713776E-13 -1.8350475E-07
  -9.0500000E+01  4.2842614E+02  5.2713776E-13 -1.8350475E-07
  -9.0500000E+01  4.2798295E+02  5.2713776E-13 -1.8350475E-07
  -9.0500000E+01  4.2753977E+02  5.2713776E-13 -1.8350475E-07
  -9.0500000E+01  4.2709659E+02  5.2713776E-13 -1.8350475E-07
  -9.0500000E+01  4.2665341E+02  5.2713776E-13 -1.8350475E-07
  -9.0500000E+01  4.2621023E+02  5.2713776E-13 -1.8350475E-07
  -9.0500000E+01  4.2576705E+02  5.2713776E-13 -1.8350476E-07
  -9.0500000E+01  4.2532386E+02  5.2713776E-13 -1.8350474E-07
  -9.0500000E+01  4.2488068E+02  5.2713776E-13 -1.8350475E-07
  -9.0500000E+01  4.2443750E+02  1.4750141E-05 -3.3634231E-08
  -9.0500000E+01  4.2399432E+02  6.0242755E-06 -1.2225556E-08
  -9.0500000E+01  4.2355114E+02  6.0240521E-06 -1.0740066E-08
  -9.0500000E+01  4.2310795E+02  6.0237178E-06 -9.2645064E-09
  -9.0500000E+01  4.2266477E+02  6.0232726E-06 -7.7942753E-09
  -9.0500000E+01  4.2222159E+02  6.0227178E-06 -6.3465929E-09
  -8.9500000E+01  4.3152841E+02  5.2743561E-13 -1.8350476E-07
  -8.9500000E+01  4.3108523E+02  5.2743561E-13 -1.8350476E-07
  -8.9500000E+01  4.3064205E+02  5.2743560E-13 -1.8350475E-07
  -8.9500000E+01  4.3019886E+02  5.2743560E-13 -1.8350475E-07
  -8.9500000E+01  4.2975568E+02  5.2743560E-13 -1.8350475E-07
  -8.9500000E+01  4.2931250E+02  5.2743560E-13 -1.8350475E-07
  -8.9500000E+01  4.2886932E+02  5.2743560E-13 -1.8350475E-07
  -8.9500000E+01  4.2842614E+02  5.2743560E-13 -1.8350475E-07
  -8.9500000E+01  4.2798295E+02  5.2743560E-13 -1.8350475E-07
  -8.9500000E+01  4.2753977E+02  5.2743560E-13 -1.8350475E-07
  -8.9500000E+01  4.2709659E+02  5.2743560E-13 -1.8350475E-07
  -8.9500000E+01  4.2665341E+02  5.2743560E-13 -1.8350475E-07
  -8.9500000E+01  4.2621023E+02  5.2743560E-13 -1.8350475E-07
  -8.9500000E+01  4.2576705E+02  5.2743560E-13 -1.8350475E-07
  -8.9500000E+01  4.2532386E+02  5.2743560E-13 -1.8350474E-07
  -8.9500000E+01  4.2488068E+02  5.2743560E-13 -1.8350475E-07
  -8.9500000E+01  4.2443750E+02  1.4759347E-05 -3.3317540E-08
  -8.9500000E+01  4.2399432E+02  6.0280244E-06 -1.1830504E-08
  -8.9500000E+01  4.2355114E+02  6.0277797E-06 -1.0079057E-08
  -8.9500000E+01  4.2310795E+02  6.0274114E-06 -8.3401577E-09
  -8.9500000E+01  4.2266477E+02  6.0269201E-06 -6.6055170E-09
  -8.9500000E+01  4.2222159E+02  6.0263071E-06 -4.9002861E-09
  -8.8500000E+01  4.3152841E+02  5.2778428E-13 -1.8350476E-07
  -8.8500000E+01  4.3108523E+02  5.2778428E-13 -1.8350476E-07
  -8.8500000E+01  4.3064205E+02  5.2778428E-13 -1.8350475E-07
  -8.8500000E+01  4.3019886E+02  5.2778428E-13 -1.8350475E-07
  -8.8500000E+01  4.2975568E+02  5.2778428E-13 -1.8350475E-07
  -8.8500000E+01  4.2931250E+02  5.2778428E-13 -1.8350475E-07
  -8.8500000E+01  4.2886932E+02  5.2778428E-13 -1.8350475E-07
  -8.8500000E+01  4.2842614E+02  5.2778428E-13 -1.8350475E-07
  -8.8500000E+01  4.2798295E+02  5.2778428E-13 -1.8350475E-07
  -8.8500000E+01  4.2753977E+02  5.2778428E-13 -1.8350475E-07
  -8.8500000E+01  4.2709659E+02  5.2778428E-13 -1.8350475E-07
  -8.8500000E+01  4.2665341E+02  5.2778428E-13 -1.8350475E-07
  -8.8500000E+01  4.2621023E+02  5.2778428E-13 -1.8350475E-07
  -8.8500000E+01  4.2576705E+02  5.2778428E-13 -1.8350475E-07
  -8.8500000E+01  4.2532386E+02  5.2778427E-13 -1.8350475E-07
  -8.8500000E+01  4.2488068E+02  5.2778428E-13 -1.8350475E-07
  -8.8500000E+01  4.2443750E+02  1.4770124E-05 -3.2963326E-08
  -8.8500000E+01  4.2399432E+02  6.0324104E-06 -1.1394923E-08
  -8.8500000E+01  4.2355114E+02  6.0321376E-06 -9.3467649E-09
  -8.8500000E+01  4.2310795E+02  6.0317261E-06 -7.3130230E-09
  -8.8500000E+01  4.2266477E+02  6.0311777E-06 -5.2865509E-09
  -8.8500000E+01  4.2222159E+02  6.0304938E-06 -3.2930646E-09
  -8.7500000E+01  4.3152841E+02  5.2818755E-13 -1.8350476E-07
  -8.7500000E+01  4.3108523E+02  5.2818755E-13 -1.8350475E-07
  -8.7500000E+01  4.3064205E+02  5.2818755E-13 -1.8350475E-07
  -8.7500000E+01  4.3019886E+02  5.2818755E-13 -1.8350475E-07
  -8.7500000E+01  4.2975568E+02  5.2818755E-13 -1.8350475E-07
  -8.7500000E+01  4.2931250E+02  5.2818755E-13 -1.8350475E-07
  -8.7500000E+01  4.2886932E+02  5.2818755E-13 -1.8350475E-07
  -8.7500000E+01  4.2842614E+02  5.2818755E-13 -1.8350475E-07
  -8.7500000E+01  4.2798295E+02  5.2818755E-13 -1.8350475E-07
  -8.7500000E+01  4.2753977E+02  5.2818754E-13 -1.8350475E-07
  -8.7500000E+01  4.2709659E+02  5.2818755E-13 -1.8350476E-07
  -8.7500000E+01  4.2665341E+02  5.2818754E-13 -1.8350475E-07
  -8.7500000E+01  4.2621023E+02  5.2818755E-13 -1.8350475E-07
  -8.7500000E+01  4.2576705E+02  5.2818755E-13 -1.8350476E-07
  -8.7500000E+01  4.2532386E+02  5.2818754E-13 -1.8350475E-07
  -8.7500000E+01  4.2488068E+02  5.2818755E-13 -1.8350475E-07
  -8.7500000E+01  4.2443750E+02  1.4782588E-05 -3.2561907E-08
  -8.7500000E+01  4.2399432E+02  6.0374825E-06 -1.0907488E-08
  -8.7500000E+01  4.2355114E+02  6.0371763E-06 -8.5275279E-09
  -8.7500000E+01  4.2310795E+02  6.0367152E-06 -6.1635512E-09
  -8.7500000E+01  4.2266477E+02  6.0361017E-06 -3.8139869E-09
  -8.7500000E+01  4.2222159E+02  6.0353376E-06 -1.4985736E-09
  -8.6500000E+01  4.3152841E+02  5.2865057E-13 -1.8350476E-07
  -8.6500000E+01  4.3108523E+02  5.2865057E-13 -1.8350476E-07
  -8.6500000E+01  4.3064205E+02  5.2865057E-13 -1.8350475E-07
  -8.6500000E+01  4.3019886E+02  5.2865057E-13 -1.8350475E-07
  -8.6500000E+01  4.2975568E+02  5.2865057E-13 -1.8350475E-07
  -8.6500000E+01  4.2931250E+02  5.2865057E-13 -1.8350475E-07
  -8.6500000E+01  4.2886932E+02  5.2865057E-13 -1.8350475E-07
  -8.6500000E+01  4.2842614E+02  5.2865057E-13 -1.8350476E-07
  -8.6500000E+01  4.2798295E+02  5.2865057E-13 -1.8350475E-07
  -8.6500000E+01  4.2753977E+02  5.2865057E-13 -1.8350475E-07
  -8.6500000E+01  4.2709659E+02  5.2865057E-13 -1.8350475E-07
  -8.6500000E+01  4.2665341E+02  5.2865057E-13 -1.8350475E-07
  -8.6500000E+01  4.2621023E+02  5.2865057E-13 -1.8350476E-07
  -8.6500000E+01  4.2576705E+02  5.2865057E-13 -1.8350475E-07
  -8.6500000E+01  4.2532386E+02  5.2865057E-13 -1.8350475E-07
  -8.6500000E+01  4.2488068E+02  5.2865057E-13 -1.8350475E-07
  -8.6500000E+01  4.2443750E+02  1.4796899E-05 -3.2107716E-08
  -8.6500000E+01  4.2399432E+02  6.0433072E-06 -1.0359755E-08
  -8.6500000E+01  4.2355114E+02  6.0429642E-06 -7.6103497E-09
  -8.6500000E+01  4.2310795E+02  6.0424493E-06 -4.8785926E-09
  -8.6500000E+01  4.2266477E+02  6.0417652E-06 -2.1707066E-09
  -8.6500000E+01  4.2222159E+02  6.0409139E-06  5.0288658E-10
  -8.5500000E+01  4.3152841E+02  5.2918006E-13 -1.8350476E-07
  -8.5500000E+01  4.3108523E+02  5.2918006E-13 -1.8350476E-07
  -8.5500000E+01  4.3064205E+02  5.2918006E-13 -1.8350476E-07
  -8.5500000E+01  4.3019886E+02  5.2918006E-13 -1.8350476E-07
  -8.5500000E+01  4.2975568E+02  5.2918006E-13 -1.8350475E-07
  -8.5500000E+01  4.2931250E+02  5.2918006E-13 -1.8350475E-07
  -8.5500000E+01  4.2886932E+02  5.2918006E-13 -1.8350475E-07
  -8.5500000E+01  4.2842614E+02  5.2918006E-13 -1.8350476E-07
  -8.5500000E+01  4.2798295E+02  5.2918006E-13 -1.8350475E-07
  -8.5500000E+01  4.2753977E+02  5.2918006E-13 -1.8350476E-07
  -8.5500000E+01  4.2709659E+02  5.2918006E-13 -1.8350476E-07
  -8.5500000E+01  4.2665341E+02  5.2918006E-13 -1.8350476E-07
  -8.5500000E+01  4.2621023E+02  5.2918006E-13 -1.8350476E-07
  -8.5500000E+01  4.2576705E+02  5.2918006E-13 -1.8350476E-07
  -8.5500000E+01  4.2532386E+02  5.2918006E-13 -1.8350475E-07
  -8.5500000E+01  4.2488068E+02  5.2918006E-13 -1.8350476E-07
  -8.5500000E+01  4.2443750E+02  1.4813266E-05 -3.1599001E-08
  -8.5500000E+01  4.2399432E+02  6.0499708E-06 -9.7464976E-09
  -8.5500000E+01  4.2355114E+02  6.0495890E-06 -6.5883505E-09
  -8.5500000E+01  4.2310795E+02  6.0490178E-06 -3.4497722E-09
  -8.5500000E+01  4.2266477E+02  6.0482592E-06 -3.4402444E-10
  -8.5500000E+01  4.2222159E+02  6.0473151E-06  2.7271998E-09
  -8.4500000E+01  4.3152841E+02  5.2978417E-13 -1.8350476E-07
  -8.4500000E+01  4.3108523E+02  5.2978417E-13 -1.8350476E-07
  -8.4500000E+01  4.3064205E+02  5.2978417E-13 -1.8350476E-07
  -8.4500000E+01  4.3019886E+02  5.2978417E-13 -1.8350476E-07
  -8.4500000E+01  4.2975568E+02  5.2978417E-13 -1.8350476E-07
  -8.4500000E+01  4.2931250E+02  5.2978417E-13 -1.8350475E-07
  -8.4500000E+01  4.2886932E+02  5.2978416E-13 -1.8350475E-07
  -8.4500000E+01  4.2842614E+02  5.2978417E-13 -1.8350476E-07
  -8.4500000E+01  4.2798295E+02  5.2978417E-13 -1.8350476E-07
  -8.4500000E+01  4.2753977E+02  5.2978416E-13 -1.8350475E-07
  -8.4500000E+01  4.2709659E+02  5.2978417E-13 -1.8350476E-07
  -8.4500000E+01  4.2665341E+02  5.2978417E-13 -1.8350476E-07
  -8.4500000E+01  4.2621023E+02  5.2978417E-13 -1.8350476E-07
  -8.4500000E+01  4.2576705E+02  5.2978417E-13 -1.8350476E-07
  -8.4500000E+01  4.2532386E+02  5.2978417E-13 -1.8350476E-07
  -8.4500000E+01  4.2488068E+02  5.2978417E-13 -1.8350476E-07
  -8.4500000E+01  4.2443750E+02  1.4831941E-05 -3.1036699E-08
  -8.4500000E+01  4.2399432E+02  6.0575769E-06 -9.0654851E-09
  -8.4500000E+01  4.2355114E+02  6.0571558E-06 -5.4577699E-09
  -8.4500000E+01  4.2310795E+02  6.0565266E-06 -1.8716011E-09
  -8.4500000E+01  4.2266477E+02  6.0556905E-06  1.6759640E-09
  -8.4500000E+01  4.2222159E+02  6.0546486E-06  5.1884315E-09
  -8.3500000E+01  4.3152841E+02  5.3047199E-13 -1.8350476E-07
  -8.3500000E+01  4.3108523E+02  5.3047199E-13 -1.8350476E-07
  -8.3500000E+01  4.3064205E+02  5.3047198E-13 -1.8350475E-07
  -8.3500000E+01  4.3019886E+02  5.3047198E-13 -1.8350476E-07
  -8.3500000E+01  4.2975568E+02  5.3047198E-13 -1.8350476E-07
  -8.3500000E+01  4.2931250E+02  5.3047198E-13 -1.8350475E-07
  -8.3500000E+01  4.2886932E+02  5.3047198E-13 -1.8350476E-07
  -8.3500000E+01  4.2842614E+02  5.3047198E-13 -1.8350475E-07
  -8.3500000E+01  4.2798295E+02  5.3047199E-13 -1.8350476E-07
  -8.3500000E+01  4.2753977E+02  5.3047198E-13 -1.8350475E-07
  -8.3500000E+01  4.2709659E+02  5.3047198E-13 -1.8350475E-07
  -8.3500000E+01  4.2665341E+02  5.3047198E-13 -1.8350476E-07
  -8.3500000E+01  4.2621023E+02  5.3047198E-13 -1.8350476E-07
  -8.3500000E+01  4.2576705E+02  5.3047198E-13 -1.8350475E-07
  -8.3500000E+01  4.2532386E+02  5.3047199E-13 -1.8350476E-07
  -8.3500000E+01  4.2488068E+02  5.3047198E-13 -1.8350476E-07
  -8.3500000E+01  4.2443750E+02  1.4853205E-05 -3.0422993E-08
  -8.3500000E+01  4.2399432E+02  6.0662412E-06 -8.3168599E-09
  -8.3500000E+01  4.2355114E+02  6.0657807E-06 -4.2170430E-09
  -8.3500000E+01  4.2310795E+02  6.0650928E-06 -1.4028237E-10
  -8.3500000E+01  4.2266477E+02  6.0641772E-06  3.8969484E-09
  -8.3500000E+01  4.2222159E+02  6.0630336E-06  7.8988875E-09
  -8.2500000E+01  4.3152841E+02  5.3125289E-13 -1.8350476E-07
  -8.2500000E+01  4.3108523E+02  5.3125289E-13 -1.8350476E-07
  -8.2500000E+01  4.3064205E+02  5.3125289E-13 -1.8350475E-07
  -8.2500000E+01  4.3019886E+02  5.3125289E-13 -1.8350475E-07
  -8.2500000E+01  4.2975568E+02  5.3125289E-13 -1.8350475E-07
  -8.2500000E+01  4.2931250E+02  5.3125289E-13 -1.8350475E-07
  -8.2500000E+01  4.2886932E+02  5.3125289E-13 -1.8350475E-07
  -8.2500000E+01  4.2842614E+02  5.3125289E-13 -1.8350475E-07
  -8.2500000E+01  4.2798295E+02  5.3125289E-13 -1.8350476E-07
  -8.2500000E+01  4.2753977E+02  5.3125289E-13 -1.8350475E-07
  -8.2500000E+01  4.2709659E+02  5.3125289E-13 -1.8350475E-07
  -8.2500000E+01  4.2665341E+02  5.3125289E-13 -1.8350476E-07
  -8.2500000E+01  4.2621023E+02  5.3125289E-13 -1.8350475E-07
  -8.2500000E+01  4.2576705E+02  5.3125289E-13 -1.8350476E-07
  -8.2500000E+01  4.2532386E+02  5.3125289E-13 -1.8350476E-07
  -8.2500000E+01  4.2488068E+02  5.3125289E-13 -1.8350476E-07
  -8.2500000E+01  4.2443750E+02  1.4877349E-05 -2.9760149E-08
  -8.2500000E+01  4.2399432E+02  6.0760823E-06 -7.5025606E-09
  -8.2500000E+01  4.2355114E+02  6.0755834E-06 -2.8665718E-09
  -8.2500000E+01  4.2310795E+02  6.0748369E-06  1.7460093E-09
  -8.2500000E+01  4.2266477E+02  6.0738412E-06  6.3232142E-09
  -8.2500000E+01  4.2222159E+02  6.0725943E-06  1.0866750E-08
  -8.1500000E+01  4.3152841E+02  5.3213576E-13 -1.8350476E-07
  -8.1500000E+01  4.3108523E+02  5.3213576E-13 -1.8350476E-07
  -8.1500000E+01  4.3064205E+02  5.3213576E-13 -1.8350475E-07
  -8.1500000E+01  4.3019886E+02  5.3213576E-13 -1.8350475E-07
  -8.1500000E+01  4.2975568E+02  5.3213576E-13 -1.8350475E-07
  -8.1500000E+01  4.2931250E+02  5.3213576E-13 -1.8350475E-07
  -8.1500000E+01  4.2886932E+02  5.3213576E-13 -1.8350475E-07
  -8.1500000E+01  4.2842614E+02  5.3213576E-13 -1.8350476E-07
  -8.1500000E+01  4.2798295E+02  5.3213576E-13 -1.8350475E-07
  -8.1500000E+01  4.2753977E+02  5.3213576E-13 -1.8350475E-07
  -8.1500000E+01  4.2709659E+02  5.3213576E-13 -1.8350475E-07
  -8.1500000E+01  4.2665341E+02  5.3213576E-13 -1.8350475E-07
  -8.1500000E+01  4.2621023E+02  5.3213576E-13 -1.8350475E-07
  -8.1500000E+01  4.2576705E+02  5.3213576E-13 -1.8350475E-07
  -8.1500000E+01  4.2532386E+02  5.3213576E-13 -1.8350475E-07
  -8.1500000E+01  4.2488068E+02  5.3213576E-13 -1.8350475E-07
  -8.1500000E+01  4.2443750E+02  1.4904646E-05 -2.9050229E-08
  -8.1500000E+01  4.2399432E+02  6.0872128E-06 -6.6261977E-09
  -8.1500000E+01  4.2355114E+02  6.0866776E-06 -1.4095993E-09
  -8.1500000E+01  4.2310795E+02  6.0858747E-06  3.7851035E-09
  -8.1500000E+01  4.2266477E+02  6.0848014E-06  8.9525760E-09
  -8.1500000E+01  4.2222159E+02  6.0834540E-06  1.4091475E-08
  -8.0500000E+01  4.3152841E+02  5.3312831E-13 -1.8350475E-07
  -8.0500000E+01  4.3108523E+02  5.3312831E-13 -1.8350475E-07
  -8.0500000E+01  4.3064205E+02  5.3312831E-13 -1.8350474E-07
  -8.0500000E+01  4.3019886E+02  5.3312831E-13 -1.8350474E-07
  -8.0500000E+01  4.2975568E+02  5.3312831E-13 -1.8350474E-07
  -8.0500000E+01  4.2931250E+02  5.3312831E-13 -1.8350474E-07
  -8.0500000E+01  4.2886932E+02  5.3312831E-13 -1.8350474E-07
  -8.0500000E+01  4.2842614E+02  5.3312831E-13 -1.8350474E-07
  -8.0500000E+01  4.2798295E+02  5.3312831E-13 -1.8350474E-07
  -8.0500000E+01  4.2753977E+02  5.3312831E-13 -1.8350474E-07
  -8.0500000E+01  4.2709659E+02  5.3312831E-13 -1.8350474E-07
  -8.0500000E+01  4.2665341E+02  5.3312831E-13 -1.8350474E-07
  -8.0500000E+01  4.2621023E+02  5.3312831E-13 -1.8350474E-07
  -8.0500000E+01  4.2576705E+02  5.3312831E-13 -1.8350474E-07
  -8.0500000E+01  4.2532386E+02  5.3312831E-13 -1.8350474E-07
  -8.0500000E+01  4.2488068E+02  5.3312831E-13 -1.8350473E-07
  -8.0500000E+01  4.2443750E+02  1.4935336E-05 -2.8295956E-08
  -8.0500000E+01  4.2399432E+02  6.0997309E-06 -5.6936306E-09
  -8.0500000E+01  4.2355114E+02  6.0991635E-06  1.4586440E-10
  -8.0500000E+01  4.2310795E+02  6.0983099E-06  5.9674249E-09
  -8.0500000E+01  4.2266477E+02  6.0971665E-06  1.1772005E-08
  -8.0500000E+01  4.2222159E+02  6.0957282E-06  1.7557862E-08
  -7.9500000E+01  4.3152841E+02  5.3423656E-13 -1.8350478E-07
  -7.9500000E+01  4.3108523E+02  5.3423656E-13 -1.8350478E-07
  -7.9500000E+01  4.3064205E+02  5.3423656E-13 -1.8350478E-07
  -7.9500000E+01  4.3019886E+02  5.3423656E-13 -1.8350478E-07
  -7.9500000E+01  4.2975568E+02  5.3423656E-13 -1.8350478E-07
  -7.9500000E+01  4.2931250E+02  5.3423656E-13 -1.8350478E-07
  -7.9500000E+01  4.2886932E+02  5.3423655E-13 -1.8350477E-07
  -7.9500000E+01  4.2842614E+02  5.3423656E-13 -1.8350478E-07
  -7.9500000E+01  4.2798295E+02  5.3423656E-13 -1.8350478E-07
  -7.9500000E+01  4.2753977E+02  5.3423656E-13 -1.8350478E-07
  -7.9500000E+01  4.2709659E+02  5.3423656E-13 -1.8350478E-07
  -7.9500000E+01  4.2665341E+02  5.3423656E-13 -1.8350478E-07
  -7.9500000E+01  4.2621023E+02  5.3423656E-13 -1.8350478E-07
  -7.9500000E+01  4.2576705E+02  5.3423656E-13 -1.8350478E-07
  -7.9500000E+01  4.2532386E+02  5.3423656E-13 -1.8350479E-07
  -7.9500000E+01  4.2488068E+02  5.3423655E-13 -1.8350478E-07
  -7.9500000E+01  4.2443750E+02  1.4969605E-05 -2.7502614E-08
  -7.9500000E+01  4.2399432E+02  6.1137142E-06 -4.7141992E-09
  -7.9500000E+01  4.2355114E+02  6.1131213E-06  1.7845172E-09
  -7.9500000E+01  4.2310795E+02  6.1122274E-06  8.2719857E-09
  -7.9500000E+01  4.2266477E+02  6.1110283E-06  1.4752974E-08
  -7.9500000E+01  4.2222159E+02  6.1095180E-06  2.1230204E-08
  -7.8500000E+01  4.3152841E+02  5.3546434E-13 -1.8350464E-07
  -7.8500000E+01  4.3108523E+02  5.3546434E-13 -1.8350464E-07
  -7.8500000E+01  4.3064205E+02  5.3546434E-13 -1.8350464E-07
  -7.8500000E+01  4.3019886E+02  5.3546434E-13 -1.8350464E-07
  -7.8500000E+01  4.2975568E+02  5.3546434E-13 -1.8350464E-07
  -7.8500000E+01  4.2931250E+02  5.3546434E-13 -1.8350464E-07
  -7.8500000E+01  4.2886932E+02  5.3546434E-13 -1.8350463E-07
  -7.8500000E+01  4.2842614E+02  5.3546434E-13 -1.8350464E-07
  -7.8500000E+01  4.2798295E+02  5.3546434E-13 -1.8350463E-07
  -7.8500000E+01  4.2753977E+02  5.3546434E-13 -1.8350464E-07
  -7.8500000E+01  4.2709659E+02  5.3546434E-13 -1.8350464E-07
  -7.8500000E+01  4.2665341E+02  5.3546433E-13 -1.8350463E-07
  -7.8500000E+01  4.2621023E+02  5.3546433E-13 -1.8350463E-07
  -7.8500000E+01  4.2576705E+02  5.3546433E-13 -1.8350463E-07
  -7.8500000E+01  4.2532386E+02  5.3546434E-13 -1.8350464E-07
  -7.8500000E+01  4.2488068E+02  5.3546433E-13 -1.8350463E-07
  -7.8500000E+01  4.2443750E+02  1.5007575E-05 -2.6680214E-08
  -7.8500000E+01  4.2399432E+02  6.1292140E-06 -3.7022205E-09
  -7.8500000E+01  4.2355114E+02  6.1286064E-06  3.4813591E-09
  -7.8500000E+01  4.2310795E+02  6.1276887E-06  1.0662863E-08
  -7.8500000E+01  4.2266477E+02  6.1264566E-06  1.7847689E-08
  -7.8500000E+01  4.2222159E+02  6.1249035E-06  2.5047996E-08
  -7.7500000E+01  4.3152841E+02  5.3681337E-13 -1.8350517E-07
  -7.7500000E+01  4.3108523E+02  5.3681337E-13 -1.8350517E-07
  -7.7500000E+01  4.3064205E+02  5.3681337E-13 -1.8350516E-07
  -7.7500000E+01  4.3019886E+02  5.3681337E-13 -1.8350516E-07
  -7.7500000E+01  4.2975568E+02  5.3681337E-13 -1.8350516E-07
  -7.7500000E+01  4.2931250E+02  5.3681337E-13 -1.8350516E-07
  -7.7500000E+01  4.2886932E+02  5.3681337E-13 -1.8350516E-07
  -7.7500000E+01  4.2842614E+02  5.3681337E-13 -1.8350516E-07
  -7.7500000E+01  4.2798295E+02  5.3681337E-13 -1.8350516E-07
  -7.7500000E+01  4.2753977E+02  5.3681337E-13 -1.8350516E-07
  -7.7500000E+01  4.2709659E+02  5.3681337E-13 -1.8350516E-07
  -7.7500000E+01  4.2665341E+02  5.3681337E-13 -1.8350516E-07
  -7.7500000E+01  4.2621023E+02  5.3681337E-13 -1.8350516E-07
  -7.7500000E+01  4.2576705E+02  5.3681337E-13 -1.8350516E-07
  -7.7500000E+01  4.2532386E+02  5.3681337E-13 -1.8350516E-07
  -7.7500000E+01  4.2488068E+02  5.3681337E-13 -1.8350515E-07
  -7.7500000E+01  4.2443750E+02  1.5049292E-05 -2.5845003E-08
  -7.7500000E+01  4.2399432E+02  6.1462522E-06 -2.6782149E-09
  -7.7500000E+01  4.2355114E+02  6.1456443E-06  5.2001200E-09
  -7.7500000E+01  4.2310795E+02  6.1447258E-06  1.3087336E-08
  -7.7500000E+01  4.2266477E+02  6.1434920E-06  2.0987246E-08
  -7.7500000E+01  4.2222159E+02  6.1419358E-06  2.8924361E-08
  -7.6500000E+01  4.3152841E+02  5.3828160E-13 -1.8350321E-07
  -7.6500000E+01  4.3108523E+02  5.3828160E-13 -1.8350321E-07
  -7.6500000E+01  4.3064205E+02  5.3828160E-13 -1.8350320E-07
  -7.6500000E+01  4.3019886E+02  5.3828160E-13 -1.8350321E-07
  -7.6500000E+01  4.2975568E+02  5.3828160E-13 -1.8350320E-07
  -7.6500000E+01  4.2931250E+02  5.3828160E-13 -1.8350320E-07
  -7.6500000E+01  4.2886932E+02  5.3828159E-13 -1.8350320E-07
  -7.6500000E+01  4.2842614E+02  5.3828159E-13 -1.8350320E-07
  -7.6500000E+01  4.2798295E+02  5.3828159E-13 -1.8350320E-07
  -7.6500000E+01  4.2753977E+02  5.3828159E-13 -1.8350320E-07
  -7.6500000E+01  4.2709659E+02  5.3828159E-13 -1.8350320E-07
  -7.6500000E+01  4.2665341E+02  5.3828159E-13 -1.8350320E-07
  -7.6500000E+01  4.2621023E+02  5.3828159E-13 -1.8350320E-07
  -7.6500000E+01  4.2576705E+02  5.3828159E-13 -1.8350321E-07
  -7.6500000E+01  4.2532386E+02  5.3828158E-13 -1.8350320E-07
  -7.6500000E+01  4.2488068E+02  5.3828158E-13 -1.8350320E-07
  -7.6500000E+01  4.2443750E+02  1.5094719E-05 -2.5019700E-08
  -7.6500000E+01  4.2399432E+02  6.1648156E-06 -1.6693572E-09
  -7.6500000E+01  4.2355114E+02  6.1642260E-06  6.8932186E-09
  -7.6500000E+01  4.2310795E+02  6.1633353E-06  1.5476542E-08
  -7.6500000E+01  4.2266477E+02  6.1621385E-06  2.4082547E-08
  -7.6500000E+01  4.2222159E+02  6.1606284E-06  3.2747748E-08
  -7.5500000E+01  4.3152841E+02  5.3986776E-13 -1.8351052E-07
  -7.5500000E+01  4.3108523E+02  5.3986776E-13 -1.8351052E-07
  -7.5500000E+01  4.3064205E+02  5.3986776E-13 -1.8351052E-07
  -7.5500000E+01  4.3019886E+02  5.3986777E-13 -1.8351052E-07
  -7.5500000E+01  4.2975568E+02  5.3986777E-13 -1.8351052E-07
  -7.5500000E+01  4.2931250E+02  5.3986777E-13 -1.8351052E-07
  -7.5500000E+01  4.2886932E+02  5.3986778E-13 -1.8351052E-07
  -7.5500000E+01  4.2842614E+02  5.3986778E-13 -1.8351052E-07
  -7.5500000E+01  4.2798295E+02  5.3986779E-13 -1.8351052E-07
  -7.5500000E+01  4.2753977E+02  5.3986779E-13 -1.8351051E-07
  -7.5500000E+01  4.2709659E+02  5.3986780E-13 -1.8351052E-07
  -7.5500000E+01  4.2665341E+02  5.3986780E-13 -1.8351052E-07
  -7.5500000E+01  4.2621023E+02  5.3986780E-13 -1.8351051E-07
  -7.5500000E+01  4.2576705E+02  5.3986781E-13 -1.8351052E-07
  -7.5500000E+01  4.2532386E+02  5.3986781E-13 -1.8351051E-07
  -7.5500000E+01  4.2488068E+02  5.3986782E-13 -1.8351052E-07
  -7.5500000E+01  4.2443750E+02  1.5143724E-05 -2.4232720E-08
  -7.5500000E+01  4.2399432E+02  6.1848513E-06 -7.0866676E-10
  -7.5500000E+01  4.2355114E+02  6.1843014E-06  8.5037477E-09
  -7.5500000E+01  4.2310795E+02  6.1834713E-06  1.7748862E-08
  -7.5500000E+01  4.2266477E+02  6.1823555E-06  2.7028394E-08
  -7.5500000E+01  4.2222159E+02  6.1809471E-06  3.6387140E-08
  -7.4500000E+01  4.3152841E+02  5.4155250E-13 -1.8348323E-07
  -7.4500000E+01  4.3108523E+02  5.4155248E-13 -1.8348323E-07
  -7.4500000E+01  4.3064205E+02  5.4155246E-13 -1.8348323E-07
  -7.4500000E+01  4.3019886E+02  5.4155244E-13 -1.8348323E-07
  -7.4500000E+01  4.2975568E+02  5.4155243E-13 -1.8348322E-07
  -7.4500000E+01  4.2931250E+02  5.4155241E-13 -1.8348322E-07
  -7.4500000E+01  4.2886932E+02  5.4155239E-13 -1.8348322E-07
  -7.4500000E+01  4.2842614E+02  5.4155238E-13 -1.8348322E-07
  -7.4500000E+01  4.2798295E+02  5.4155236E-13 -1.8348322E-07
  -7.4500000E+01  4.2753977E+02  5.4155234E-13 -1.8348322E-07
  -7.4500000E+01  4.2709659E+02  5.4155233E-13 -1.8348322E-07
  -7.4500000E+01  4.2665341E+02  5.4155231E-13 -1.8348322E-07
  -7.4500000E+01  4.2621023E+02  5.4155229E-13 -1.8348322E-07
  -7.4500000E+01  4.2576705E+02  5.4155227E-13 -1.8348322E-07
  -7.4500000E+01  4.2532386E+02  5.4155226E-13 -1.8348322E-07
  -7.4500000E+01  4.2488068E+02  5.4155224E-13 -1.8348322E-07
  -7.4500000E+01  4.2443750E+02  1.5196063E-05 -2.3514962E-08
  -7.4500000E+01  4.2399432E+02  6.2062609E-06  1.6690272E-10
  -7.4500000E+01  4.2355114E+02  6.2057732E-06  9.9696558E-09
  -7.4500000E+01  4.2310795E+02  6.2050376E-06  1.9815765E-08
  -7.4500000E+01  4.2266477E+02  6.2040487E-06  2.9710495E-08
  -7.4500000E+01  4.2222159E+02  6.2027999E-06  3.9700752E-08
  -7.3500000E+01  4.3152841E+02  5.4336691E-13 -1.8358510E-07
  -7.3500000E+01  4.3108523E+02  5.4336697E-13 -1.8358510E-07
  -7.3500000E+01  4.3064205E+02  5.4336703E-13 -1.8358510E-07
  -7.3500000E+01  4.3019886E+02  5.4336709E-13 -1.8358510E-07
  -7.3500000E+01  4.2975568E+02  5.4336715E-13 -1.8358509E-07
  -7.3500000E+01  4.2931250E+02  5.4336721E-13 -1.8358510E-07
  -7.3500000E+01  4.2886932E+02  5.4336727E-13 -1.8358509E-07
  -7.3500000E+01  4.2842614E+02  5.4336734E-13 -1.8358510E-07
  -7.3500000E+01  4.2798295E+02  5.4336740E-13 -1.8358509E-07
  -7.3500000E+01  4.2753977E+02  5.4336746E-13 -1.8358510E-07
  -7.3500000E+01  4.2709659E+02  5.4336752E-13 -1.8358509E-07
  -7.3500000E+01  4.2665341E+02  5.4336758E-13 -1.8358510E-07
  -7.3500000E+01  4.2621023E+02  5.4336764E-13 -1.8358510E-07
  -7.3500000E+01  4.2576705E+02  5.4336770E-13 -1.8358510E-07
  -7.3500000E+01  4.2532386E+02  5.4336776E-13 -1.8358509E-07
  -7.3500000E+01  4.2488068E+02  5.4336783E-13 -1.8358509E-07
  -7.3500000E+01  4.2443750E+02  1.5251372E-05 -2.2901129E-08
  -7.3500000E+01  4.2399432E+02  6.2288960E-06  9.2128403E-10
  -7.3500000E+01  4.2355114E+02  6.2284912E-06  1.1229186E-08
  -7.3500000E+01  4.2310795E+02  6.2278823E-06  2.1589938E-08
  -7.3500000E+01  4.2266477E+02  6.2270635E-06  3.2015141E-08
  -7.3500000E+01  4.2222159E+02  6.2260293E-06  4.2547385E-08
  -7.2500000E+01  4.3152841E+02  5.4513592E-13 -1.8320492E-07
  -7.2500000E+01  4.3108523E+02  5.4513569E-13 -1.8320492E-07
  -7.2500000E+01  4.3064205E+02  5.4513546E-13 -1.8320491E-07
  -7.2500000E+01  4.3019886E+02  5.4513522E-13 -1.8320491E-07
  -7.2500000E+01  4.2975568E+02  5.4513499E-13 -1.8320491E-07
  -7.2500000E+01  4.2931250E+02  5.4513476E-13 -1.8320491E-07
  -7.2500000E+01  4.2886932E+02  5.4513453E-13 -1.8320490E-07
  -7.2500000E+01  4.2842614E+02  5.4513430E-13 -1.8320491E-07
  -7.2500000E+01  4.2798295E+02  5.4513407E-13 -1.8320490E-07
  -7.2500000E+01  4.2753977E+02  5.4513384E-13 -1.8320491E-07
  -7.2500000E+01  4.2709659E+02  5.4513361E-13 -1.8320490E-07
  -7.2500000E+01  4.2665341E+02  5.4513338E-13 -1.8320491E-07
  -7.2500000E+01  4.2621023E+02  5.4513315E-13 -1.8320490E-07
  -7.2500000E+01  4.2576705E+02  5.4513292E-13 -1.8320490E-07
  -7.2500000E+01  4.2532386E+02  5.4513269E-13 -1.8320490E-07
  -7.2500000E+01  4.2488068E+02  5.4513246E-13 -1.8320490E-07
  -7.2500000E+01  4.2443750E+02  1.5309176E-05 -2.2401254E-08
  -7.2500000E+01  4.2399432E+02  6.2525560E-06  1.5187242E-09
  -7.2500000E+01  4.2355114E+02  6.2522525E-06  1.2229922E-08
  -7.2500000E+01  4.2310795E+02  6.2517947E-06  2.2996036E-08
  -7.2500000E+01  4.2266477E+02  6.2511811E-06  3.3841152E-08
  -7.2500000E+01  4.2222159E+02  6.2504078E-06  4.4799760E-08
  -7.1500000E+01  4.3152841E+02  5.4743585E-13 -1.8462378E-07
  -7.1500000E+01  4.3108523E+02  5.4743671E-13 -1.8462378E-07
  -7.1500000E+01  4.3064205E+02  5.4743757E-13 -1.8462378E-07
  -7.1500000E+01  4.3019886E+02  5.4743843E-13 -1.8462378E-07
  -7.1500000E+01  4.2975568E+02  5.4743929E-13 -1.8462378E-07
  -7.1500000E+01  4.2931250E+02  5.4744015E-13 -1.8462378E-07
  -7.1500000E+01  4.2886932E+02  5.4744100E-13 -1.8462378E-07
  -7.1500000E+01  4.2842614E+02  5.4744186E-13 -1.8462379E-07
  -7.1500000E+01  4.2798295E+02  5.4744272E-13 -1.8462379E-07
  -7.1500000E+01  4.2753977E+02  5.4744358E-13 -1.8462379E-07
  -7.1500000E+01  4.2709659E+02  5.4744444E-13 -1.8462379E-07
  -7.1500000E+01  4.2665341E+02  5.4744530E-13 -1.8462380E-07
  -7.1500000E+01  4.2621023E+02  5.4744616E-13 -1.8462379E-07
  -7.1500000E+01  4.2576705E+02  5.4744702E-13 -1.8462379E-07
  -7.1500000E+01  4.2532386E+02  5.4744788E-13 -1.8462380E-07
  -7.1500000E+01  4.2488068E+02  5.4744873E-13 -1.8462379E-07
  -7.1500000E+01  4.2443750E+02  1.5368872E-05 -2.2107552E-08
  -7.1500000E+01  4.2399432E+02  6.2770054E-06  1.9558454E-09
  -7.1500000E+01  4.2355114E+02  6.2768016E-06  1.2937493E-08
  -7.1500000E+01  4.2310795E+02  6.2765089E-06  2.3981776E-08
  -7.1500000E+01  4.2266477E+02  6.2761210E-06  3.5115357E-08
  -7.1500000E+01  4.2222159E+02  6.2756379E-06  4.6360456E-08
  -7.0500000E+01  4.3152841E+02  5.4802962E-13 -1.7932849E-07
  -7.0500000E+01  4.3108523E+02  5.4802641E-13 -1.7932849E-07
  -7.0500000E+01  4.3064205E+02  5.4802320E-13 -1.7932848E-07
  -7.0500000E+01  4.3019886E+02  5.4802000E-13 -1.7932847E-07
  -7.0500000E+01  4.2975568E+02  5.4801679E-13 -1.7932846E-07
  -7.0500000E+01  4.2931250E+02  5.4801358E-13 -1.7932846E-07
  -7.0500000E+01  4.2886932E+02  5.4801037E-13 -1.7932845E-07
  -7.0500000E+01  4.2842614E+02  5.4800717E-13 -1.7932845E-07
  -7.0500000E+01  4.2798295E+02  5.4800396E-13 -1.7932844E-07
  -7.0500000E+01  4.2753977E+02  5.4800075E-13 -1.7932843E-07
  -7.0500000E+01  4.2709659E+02  5.4799754E-13 -1.7932843E-07
  -7.0500000E+01  4.2665341E+02  5.4799433E-13 -1.7932842E-07
  -7.0500000E+01  4.2621023E+02  5.4799113E-13 -1.7932842E-07
  -7.0500000E+01  4.2576705E+02  5.4798792E-13 -1.7932840E-07
  -7.0500000E+01  4.2532386E+02  5.4798471E-13 -1.7932841E-07
  -7.0500000E+01  4.2488068E+02  5.4798150E-13 -1.7932839E-07
  -7.0500000E+01  4.2443750E+02  1.5429983E-05 -2.1620789E-08
  -7.0500000E+01  4.2399432E+02  6.3019459E-06  2.1810460E-09
  -7.0500000E+01  4.2355114E+02  6.3018643E-06  1.3356229E-08
  -7.0500000E+01  4.2310795E+02  6.3017165E-06  2.4556899E-08
  -7.0500000E+01  4.2266477E+02  6.3015379E-06  3.5818661E-08
  -7.0500000E+01  4.2222159E+02  6.3013474E-06  4.7176907E-08
  -6.9500000E+01  4.3152841E+02  5.5516632E-13 -1.9909088E-07
  -6.9500000E+01  4.3108523E+02  5.5517829E-13 -1.9909088E-07
  -6.9500000E+01  4.3064205E+02  5.5519025E-13 -1.9909089E-07
  -6.9500000E+01  4.3019886E+02  5.5520222E-13 -1.9909090E-07
  -6.9500000E+01  4.2975568E+02  5.5521419E-13 -1.9909091E-07
  -6.9500000E+01  4.2931250E+02  5.5522615E-13 -1.9909092E-07
  -6.9500000E+01  4.2886932E+02  5.5523812E-13 -1.9909093E-07
  -6.9500000E+01  4.2842614E+02  5.5525009E-13 -1.9909095E-07
  -6.9500000E+01  4.2798295E+02  5.5526205E-13 -1.9909095E-07
  -6.9500000E+01  4.2753977E+02  5.5527402E-13 -1.9909097E-07
  -6.9500000E+01  4.2709659E+02  5.5528599E-13 -1.9909097E-07
  -6.9500000E+01  4.2665341E+02  5.5529796E-13 -1.9909099E-07
  -6.9500000E+01  4.2621023E+02  5.5530992E-13 -1.9909100E-07
  -6.9500000E+01  4.2576705E+02  5.5532189E-13 -1.9909100E-07
  -6.9500000E+01  4.2532386E+02  5.5533386E-13 -1.9909102E-07
  -6.9500000E+01  4.2488068E+02  5.5534582E-13 -1.9909103E-07
  -6.9500000E+01  4.2443750E+02  1.5491394E-05 -2.2799707E-08
  -6.9500000E+01  4.2399432E+02  6.3273760E-06  2.5379669E-09
  -6.9500000E+01  4.2355114E+02  6.3271239E-06  1.3752159E-08
  -6.9500000E+01  4.2310795E+02  6.3269748E-06  2.4830738E-08
  -6.9500000E+01  4.2266477E+02  6.3269681E-06  3.5963098E-08
  -6.9500000E+01  4.2222159E+02  6.3270788E-06  4.7212371E-08
  -6.8500000E+01  4.3152841E+02  5.3821053E-13 -1.2533623E-07
  -6.8500000E+01  4.3108523E+02  5.3816588E-13 -1.2533622E-07
  -6.8500000E+01  4.3064205E+02  5.3812123E-13 -1.2533621E-07
  -6.8500000E+01  4.3019886E+02  5.3807657E-13 -1.2533621E-07
  -6.8500000E+01  4.2975568E+02  5.3803192E-13 -1.2533620E-07
  -6.8500000E+01  4.2931250E+02  5.3798726E-13 -1.2533619E-07
  -6.8500000E+01  4.2886932E+02  5.3794261E-13 -1.2533618E-07
  -6.8500000E+01  4.2842614E+02  5.3789796E-13 -1.2533618E-07
  -6.8500000E+01  4.2798295E+02  5.3785331E-13 -1.2533617E-07
  -6.8500000E+01  4.2753977E+02  5.3780865E-13 -1.2533616E-07
  -6.8500000E+01  4.2709659E+02  5.3776400E-13 -1.2533615E-07
  -6.8500000E+01  4.2665341E+02  5.3771935E-13 -1.2533615E-07
  -6.8500000E+01  4.2621023E+02  5.3767469E-13 -1.2533614E-07
  -6.8500000E+01  4.2576705E+02  5.3763004E-13 -1.2533613E-07
  -6.8500000E+01  4.2532386E+02  5.3758539E-13 -1.2533613E-07
  -6.8500000E+01  4.2488068E+02  5.3754073E-13 -1.2533612E-07
  -6.8500000E+01  4.2443750E+02  1.5559956E-05 -1.3475659E-08
  -6.8500000E+01  4.2399432E+02  6.3520923E-06  4.0151420E-09
  -6.8500000E+01  4.2355114E+02  6.3515008E-06  1.4178325E-08
  -6.8500000E+01  4.2310795E+02  6.3515293E-06  2.4676704E-08
  -6.8500000E+01  4.2266477E+02  6.3518454E-06  3.5419079E-08
  -6.8500000E+01  4.2222159E+02  6.3523505E-06  4.6366702E-08
  -6.7500000E+01  4.3152841E+02  5.3774736E-13 -1.2533555E-07
  -6.7500000E+01  4.3108523E+02  5.3779201E-13 -1.2533556E-07
  -6.7500000E+01  4.3064205E+02  5.3783666E-13 -1.2533556E-07
  -6.7500000E+01  4.3019886E+02  5.3788132E-13 -1.2533557E-07
  -6.7500000E+01  4.2975568E+02  5.3792597E-13 -1.2533558E-07
  -6.7500000E+01  4.2931250E+02  5.3797062E-13 -1.2533558E-07
  -6.7500000E+01  4.2886932E+02  5.3801528E-13 -1.2533559E-07
  -6.7500000E+01  4.2842614E+02  5.3805993E-13 -1.2533560E-07
  -6.7500000E+01  4.2798295E+02  5.3810458E-13 -1.2533561E-07
  -6.7500000E+01  4.2753977E+02  5.3814923E-13 -1.2533561E-07
  -6.7500000E+01  4.2709659E+02  5.3819389E-13 -1.2533562E-07
  -6.7500000E+01  4.2665341E+02  5.3823854E-13 -1.2533563E-07
  -6.7500000E+01  4.2621023E+02  5.3828320E-13 -1.2533564E-07
  -6.7500000E+01  4.2576705E+02  5.3832785E-13 -1.2533564E-07
  -6.7500000E+01  4.2532386E+02  5.3837250E-13 -1.2533566E-07
  -6.7500000E+01  4.2488068E+02  5.3841715E-13 -1.2533565E-07
  -6.7500000E+01  4.2443750E+02  1.5595496E-05 -1.3868746E-08
  -6.7500000E+01  4.2399432E+02  6.3730237E-06  3.5285677E-09
  -6.7500000E+01  4.2355114E+02  6.3741903E-06  1.3367027E-08
  -6.7500000E+01  4.2310795E+02  6.3750280E-06  2.3533767E-08
  -6.7500000E+01  4.2266477E+02  6.3758785E-06  3.3929620E-08
  -6.7500000E+01  4.2222159E+02  6.3768496E-06  4.4525167E-08
  -6.6500000E+01  4.3152841E+02  5.6103258E-13 -1.9909125E-07
  -6.6500000E+01  4.3108523E+02  5.6102061E-13 -1.9909124E-07
  -6.6500000E+01  4.3064205E+02  5.6100865E-13 -1.9909123E-07
  -6.6500000E+01  4.3019886E+02  5.6099668E-13 -1.9909121E-07
  -6.6500000E+01  4.2975568E+02  5.6098471E-13 -1.9909120E-07
  -6.6500000E+01  4.2931250E+02  5.6097274E-13 -1.9909119E-07
  -6.6500000E+01  4.2886932E+02  5.6096078E-13 -1.9909118E-07
  -6.6500000E+01  4.2842614E+02  5.6094881E-13 -1.9909117E-07
  -6.6500000E+01  4.2798295E+02  5.6093684E-13 -1.9909115E-07
  -6.6500000E+01  4.2753977E+02  5.6092487E-13 -1.9909114E-07
  -6.6500000E+01  4.2709659E+02  5.6091290E-13 -1.9909113E-07
  -6.6500000E+01  4.2665341E+02  5.6090094E-13 -1.9909111E-07
  -6.6500000E+01  4.2621023E+02  5.6088897E-13 -1.9909110E-07
  -6.6500000E+01  4.2576705E+02  5.6087700E-13 -1.9909109E-07
  -6.6500000E+01  4.2532386E+02  5.6086503E-13 -1.9909108E-07
  -6.6500000E+01  4.2488068E+02  5.6085306E-13 -1.9909107E-07
  -6.6500000E+01  4.2443750E+02  1.5660454E-05 -2.3959913E-08
  -6.6500000E+01  4.2399432E+02  6.3962531E-06  1.1025262E-09
  -6.6500000E+01  4.2355114E+02  6.3970522E-06  1.1357553E-08
  -6.6500000E+01  4.2310795E+02  6.3980258E-06  2.1456571E-08
  -6.6500000E+01  4.2266477E+02  6.3991429E-06  3.1566892E-08
  -6.6500000E+01  4.2222159E+02  6.4004370E-06  4.1776607E-08
  -6.5500000E+01  4.3152841E+02  5.5712898E-13 -1.7932836E-07
  -6.5500000E+01  4.3108523E+02  5.5713219E-13 -1.7932836E-07
  -6.5500000E+01  4.3064205E+02  5.5713540E-13 -1.7932837E-07
  -6.5500000E+01  4.3019886E+02  5.5713860E-13 -1.7932837E-07
  -6.5500000E+01  4.2975568E+02  5.5714181E-13 -1.7932838E-07
  -6.5500000E+01  4.2931250E+02  5.5714502E-13 -1.7932838E-07
  -6.5500000E+01  4.2886932E+02  5.5714823E-13 -1.7932839E-07
  -6.5500000E+01  4.2842614E+02  5.5715143E-13 -1.7932840E-07
  -6.5500000E+01  4.2798295E+02  5.5715464E-13 -1.7932840E-07
  -6.5500000E+01  4.2753977E+02  5.5715784E-13 -1.7932840E-07
  -6.5500000E+01  4.2709659E+02  5.5716105E-13 -1.7932841E-07
  -6.5500000E+01  4.2665341E+02  5.5716426E-13 -1.7932842E-07
  -6.5500000E+01  4.2621023E+02  5.5716747E-13 -1.7932842E-07
  -6.5500000E+01  4.2576705E+02  5.5717067E-13 -1.7932843E-07
  -6.5500000E+01  4.2532386E+02  5.5717388E-13 -1.7932842E-07
  -6.5500000E+01  4.2488068E+02  5.5717709E-13 -1.7932843E-07
  -6.5500000E+01  4.2443750E+02  1.5714846E-05 -2.3492478E-08
  -6.5500000E+01  4.2399432E+02  6.4187874E-06 -1.3292973E-10
  -6.5500000E+01  4.2355114E+02  6.4193625E-06  9.4923390E-09
  -6.5500000E+01  4.2310795E+02  6.4202553E-06  1.9110477E-08
  -6.5500000E+01  4.2266477E+02  6.4214372E-06  2.8725506E-08
  -6.5500000E+01  4.2222159E+02  6.4228963E-06  3.8405543E-08
  -6.4500000E+01  4.3152841E+02  5.6029475E-13 -1.8462384E-07
  -6.4500000E+01  4.3108523E+02  5.6029389E-13 -1.8462384E-07
  -6.4500000E+01  4.3064205E+02  5.6029303E-13 -1.8462383E-07
  -6.4500000E+01  4.3019886E+02  5.6029217E-13 -1.8462383E-07
  -6.4500000E+01  4.2975568E+02  5.6029131E-13 -1.8462383E-07
  -6.4500000E+01  4.2931250E+02  5.6029045E-13 -1.8462382E-07
  -6.4500000E+01  4.2886932E+02  5.6028959E-13 -1.8462382E-07
  -6.4500000E+01  4.2842614E+02  5.6028873E-13 -1.8462382E-07
  -6.4500000E+01  4.2798295E+02  5.6028787E-13 -1.8462381E-07
  -6.4500000E+01  4.2753977E+02  5.6028701E-13 -1.8462381E-07
  -6.4500000E+01  4.2709659E+02  5.6028615E-13 -1.8462381E-07
  -6.4500000E+01  4.2665341E+02  5.6028529E-13 -1.8462381E-07
  -6.4500000E+01  4.2621023E+02  5.6028443E-13 -1.8462381E-07
  -6.4500000E+01  4.2576705E+02  5.6028357E-13 -1.8462380E-07
  -6.4500000E+01  4.2532386E+02  5.6028271E-13 -1.8462381E-07
  -6.4500000E+01  4.2488068E+02  5.6028185E-13 -1.8462379E-07
  -6.4500000E+01  4.2443750E+02  1.5765873E-05 -2.4603757E-08
  -6.4500000E+01  4.2399432E+02  6.4395697E-06 -1.1275496E-09
  -6.4500000E+01  4.2355114E+02  6.4401933E-06  7.7823227E-09
  -6.4500000E+01  4.2310795E+02  6.4411213E-06  1.6711990E-08
  -6.4500000E+01  4.2266477E+02  6.4423639E-06  2.5653313E-08
  -6.4500000E+01  4.2222159E+02  6.4439270E-06  3.4658511E-08
  -6.3500000E+01  4.3152841E+02  5.6140922E-13 -1.8320491E-07
  -6.3500000E+01  4.3108523E+02  5.6140945E-13 -1.8320491E-07
  -6.3500000E+01  4.3064205E+02  5.6140968E-13 -1.8320491E-07
  -6.3500000E+01  4.3019886E+02  5.6140991E-13 -1.8320491E-07
  -6.3500000E+01  4.2975568E+02  5.6141014E-13 -1.8320491E-07
  -6.3500000E+01  4.2931250E+02  5.6141037E-13 -1.8320492E-07
  -6.3500000E+01  4.2886932E+02  5.6141060E-13 -1.8320492E-07
  -6.3500000E+01  4.2842614E+02  5.6141083E-13 -1.8320492E-07
  -6.3500000E+01  4.2798295E+02  5.6141106E-13 -1.8320491E-07
  -6.3500000E+01  4.2753977E+02  5.6141129E-13 -1.8320491E-07
  -6.3500000E+01  4.2709659E+02  5.6141152E-13 -1.8320492E-07
  -6.3500000E+01  4.2665341E+02  5.6141175E-13 -1.8320492E-07
  -6.3500000E+01  4.2621023E+02  5.6141198E-13 -1.8320492E-07
  -6.3500000E+01  4.2576705E+02  5.6141221E-13 -1.8320491E-07
  -6.3500000E+01  4.2532386E+02  5.6141244E-13 -1.8320493E-07
  -6.3500000E+01  4.2488068E+02  5.6141267E-13 -1.8320491E-07
  -6.3500000E+01  4.2443750E+02  1.5812899E-05 -2.5412147E-08
  -6.3500000E+01  4.2399432E+02  6.4587975E-06 -2.1968896E-09
  -6.3500000E+01  4.2355114E+02  6.4594336E-06  6.0093272E-09
  -6.3500000E+01  4.2310795E+02  6.4603959E-06  1.4219774E-08
  -6.3500000E+01  4.2266477E+02  6.4616874E-06  2.2427393E-08
  -6.3500000E+01  4.2222159E+02  6.4633157E-06  3.0683558E-08
  -6.2500000E+01  4.3152841E+02  5.6291150E-13 -1.8358511E-07
  -6.2500000E+01  4.3108523E+02  5.6291144E-13 -1.8358511E-07
  -6.2500000E+01  4.3064205E+02  5.6291138E-13 -1.8358511E-07
  -6.2500000E+01  4.3019886E+02  5.6291131E-13 -1.8358511E-07
  -6.2500000E+01  4.2975568E+02  5.6291125E-13 -1.8358511E-07
  -6.2500000E+01  4.2931250E+02  5.6291119E-13 -1.8358511E-07
  -6.2500000E+01  4.2886932E+02  5.6291113E-13 -1.8358511E-07
  -6.2500000E+01  4.2842614E+02  5.6291107E-13 -1.8358511E-07
  -6.2500000E+01  4.2798295E+02  5.6291101E-13 -1.8358511E-07
  -6.2500000E+01  4.2753977E+02  5.6291094E-13 -1.8358510E-07
  -6.2500000E+01  4.2709659E+02  5.6291088E-13 -1.8358511E-07
  -6.2500000E+01  4.2665341E+02  5.6291082E-13 -1.8358511E-07
  -6.2500000E+01  4.2621023E+02  5.6291076E-13 -1.8358511E-07
  -6.2500000E+01  4.2576705E+02  5.6291069E-13 -1.8358511E-07
  -6.2500000E+01  4.2532386E+02  5.6291063E-13 -1.8358510E-07
  -6.2500000E+01  4.2488068E+02  5.6291057E-13 -1.8358512E-07
  -6.2500000E+01  4.2443750E+02  1.5855999E-05 -2.6303794E-08
  -6.2500000E+01  4.2399432E+02  6.4764027E-06 -3.2737038E-09
  -6.2500000E+01  4.2355114E+02  6.4770468E-06  4.1974204E-09
  -6.2500000E+01  4.2310795E+02  6.4780195E-06  1.1665722E-08
  -6.2500000E+01  4.2266477E+02  6.4793252E-06  1.9120858E-08
  -6.2500000E+01  4.2222159E+02  6.4809713E-06  2.6601953E-08
  -6.1500000E+01  4.3152841E+02  5.6414844E-13 -1.8348324E-07
  -6.1500000E+01  4.3108523E+02  5.6414845E-13 -1.8348324E-07
  -6.1500000E+01  4.3064205E+02  5.6414847E-13 -1.8348323E-07
  -6.1500000E+01  4.3019886E+02  5.6414849E-13 -1.8348324E-07
  -6.1500000E+01  4.2975568E+02  5.6414850E-13 -1.8348323E-07
  -6.1500000E+01  4.2931250E+02  5.6414852E-13 -1.8348323E-07
  -6.1500000E+01  4.2886932E+02  5.6414854E-13 -1.8348324E-07
  -6.1500000E+01  4.2842614E+02  5.6414855E-13 -1.8348323E-07
  -6.1500000E+01  4.2798295E+02  5.6414857E-13 -1.8348323E-07
  -6.1500000E+01  4.2753977E+02  5.6414858E-13 -1.8348323E-07
  -6.1500000E+01  4.2709659E+02  5.6414860E-13 -1.8348323E-07
  -6.1500000E+01  4.2665341E+02  5.6414862E-13 -1.8348323E-07
  -6.1500000E+01  4.2621023E+02  5.6414863E-13 -1.8348323E-07
  -6.1500000E+01  4.2576705E+02  5.6414865E-13 -1.8348323E-07
  -6.1500000E+01  4.2532386E+02  5.6414866E-13 -1.8348321E-07
  -6.1500000E+01  4.2488068E+02  5.6414868E-13 -1.8348324E-07
  -6.1500000E+01  4.2443750E+02  1.5895154E-05 -2.7183165E-08
  -6.1500000E+01  4.2399432E+02  6.4923905E-06 -4.3514646E-09
  -6.1500000E+01  4.2355114E+02  6.4930254E-06  2.3892743E-09
  -6.1500000E+01  4.2310795E+02  6.4939840E-06  9.1161893E-09
  -6.1500000E+01  4.2266477E+02  6.4952691E-06  1.5824274E-08
  -6.1500000E+01  4.2222159E+02  6.4968866E-06  2.2534657E-08
  -6.0500000E+01  4.3152841E+02  5.6529761E-13 -1.8351053E-07
  -6.0500000E+01  4.3108523E+02  5.6529760E-13 -1.8351053E-07
  -6.0500000E+01  4.3064205E+02  5.6529760E-13 -1.8351053E-07
  -6.0500000E+01  4.3019886E+02  5.6529759E-13 -1.8351053E-07
  -6.0500000E+01  4.2975568E+02  5.6529759E-13 -1.8351053E-07
  -6.0500000E+01  4.2931250E+02  5.6529758E-13 -1.8351053E-07
  -6.0500000E+01  4.2886932E+02  5.6529758E-13 -1.8351053E-07
  -6.0500000E+01  4.2842614E+02  5.6529757E-13 -1.8351052E-07
  -6.0500000E+01  4.2798295E+02  5.6529757E-13 -1.8351053E-07
  -6.0500000E+01  4.2753977E+02  5.6529757E-13 -1.8351053E-07
  -6.0500000E+01  4.2709659E+02  5.6529756E-13 -1.8351053E-07
  -6.0500000E+01  4.2665341E+02  5.6529756E-13 -1.8351053E-07
  -6.0500000E+01  4.2621023E+02  5.6529755E-13 -1.8351053E-07
  -6.0500000E+01  4.2576705E+02  5.6529755E-13 -1.8351052E-07
  -6.0500000E+01  4.2532386E+02  5.6529754E-13 -1.8351052E-07
  -6.0500000E+01  4.2488068E+02  5.6529754E-13 -1.8351053E-07
  -6.0500000E+01  4.2443750E+02  1.5930448E-05 -2.8045819E-08
  -6.0500000E+01  4.2399432E+02  6.5067938E-06 -5.4019953E-09
  -6.0500000E+01  4.2355114E+02  6.5074053E-06  6.2753935E-10
  -6.0500000E+01  4.2310795E+02  6.5083272E-06  6.6348594E-09
  -6.0500000E+01  4.2266477E+02  6.5095608E-06  1.2622395E-08
  -6.0500000E+01  4.2222159E+02  6.5111102E-06  1.8590608E-08
  -5.9500000E+01  4.3152841E+02  5.6631712E-13 -1.8350322E-07
  -5.9500000E+01  4.3108523E+02  5.6631712E-13 -1.8350322E-07
  -5.9500000E+01  4.3064205E+02  5.6631712E-13 -1.8350321E-07
  -5.9500000E+01  4.3019886E+02  5.6631713E-13 -1.8350322E-07
  -5.9500000E+01  4.2975568E+02  5.6631713E-13 -1.8350321E-07
  -5.9500000E+01  4.2931250E+02  5.6631713E-13 -1.8350321E-07
  -5.9500000E+01  4.2886932E+02  5.6631713E-13 -1.8350321E-07
  -5.9500000E+01  4.2842614E+02  5.6631713E-13 -1.8350321E-07
  -5.9500000E+01  4.2798295E+02  5.6631713E-13 -1.8350321E-07
  -5.9500000E+01  4.2753977E+02  5.6631713E-13 -1.8350321E-07
  -5.9500000E+01  4.2709659E+02  5.6631713E-13 -1.8350322E-07
  -5.9500000E+01  4.2665341E+02  5.6631713E-13 -1.8350322E-07
  -5.9500000E+01  4.2621023E+02  5.6631714E-13 -1.8350322E-07
  -5.9500000E+01  4.2576705E+02  5.6631714E-13 -1.8350322E-07
  -5.9500000E+01  4.2532386E+02  5.6631714E-13 -1.8350321E-07
  -5.9500000E+01  4.2488068E+02  5.6631714E-13 -1.8350322E-07
  -5.9500000E+01  4.2443750E+02  1.5962036E-05 -2.8869566E-08
  -5.9500000E+01  4.2399432E+02  6.5196771E-06 -6.4046402E-09
  -5.9500000E+01  4.2355114E+02  6.5202534E-06 -1.0499441E-09
  -5.9500000E+01  4.2310795E+02  6.5211203E-06  4.2761439E-09
  -5.9500000E+01  4.2266477E+02  6.5222783E-06  9.5848371E-09
  -5.9500000E+01  4.2222159E+02  6.5237294E-06  1.4857545E-08
  -5.8500000E+01  4.3152841E+02  5.6722617E-13 -1.8350518E-07
  -5.8500000E+01  4.3108523E+02  5.6722617E-13 -1.8350518E-07
  -5.8500000E+01  4.3064205E+02  5.6722616E-13 -1.8350517E-07
  -5.8500000E+01  4.3019886E+02  5.6722616E-13 -1.8350517E-07
  -5.8500000E+01  4.2975568E+02  5.6722616E-13 -1.8350517E-07
  -5.8500000E+01  4.2931250E+02  5.6722616E-13 -1.8350517E-07
  -5.8500000E+01  4.2886932E+02  5.6722616E-13 -1.8350517E-07
  -5.8500000E+01  4.2842614E+02  5.6722616E-13 -1.8350518E-07
  -5.8500000E+01  4.2798295E+02  5.6722616E-13 -1.8350517E-07
  -5.8500000E+01  4.2753977E+02  5.6722616E-13 -1.8350517E-07
  -5.8500000E+01  4.2709659E+02  5.6722616E-13 -1.8350517E-07
  -5.8500000E+01  4.2665341E+02  5.6722616E-13 -1.8350517E-07
  -5.8500000E+01  4.2621023E+02  5.6722616E-13 -1.8350517E-07
  -5.8500000E+01  4.2576705E+02  5.6722616E-13 -1.8350517E-07
  -5.8500000E+01  4.2532386E+02  5.6722616E-13 -1.8350516E-07
  -5.8500000E+01  4.2488068E+02  5.6722616E-13 -1.8350517E-07
  -5.8500000E+01  4.2443750E+02  1.5990124E-05 -2.9639880E-08
  -5.8500000E+01  4.2399432E+02  6.5311258E-06 -7.3423912E-09
  -5.8500000E+01  4.2355114E+02  6.5316585E-06 -2.6144368E-09
  -5.8500000E+01  4.2310795E+02  6.5324577E-06  2.0810174E-09
  -5.8500000E+01  4.2266477E+02  6.5335234E-06  6.7625903E-09
  -5.8500000E+01  4.2222159E+02  6.5348561E-06  1.1398310E-08
  -5.7500000E+01  4.3152841E+02  5.6802910E-13 -1.8350465E-07
  -5.7500000E+01  4.3108523E+02  5.6802910E-13 -1.8350465E-07
  -5.7500000E+01  4.3064205E+02  5.6802910E-13 -1.8350465E-07
  -5.7500000E+01  4.3019886E+02  5.6802910E-13 -1.8350464E-07
  -5.7500000E+01  4.2975568E+02  5.6802910E-13 -1.8350464E-07
  -5.7500000E+01  4.2931250E+02  5.6802910E-13 -1.8350465E-07
  -5.7500000E+01  4.2886932E+02  5.6802910E-13 -1.8350465E-07
  -5.7500000E+01  4.2842614E+02  5.6802910E-13 -1.8350464E-07
  -5.7500000E+01  4.2798295E+02  5.6802910E-13 -1.8350464E-07
  -5.7500000E+01  4.2753977E+02  5.6802910E-13 -1.8350464E-07
  -5.7500000E+01  4.2709659E+02  5.6802910E-13 -1.8350464E-07
  -5.7500000E+01  4.2665341E+02  5.6802910E-13 -1.8350465E-07
  -5.7500000E+01  4.2621023E+02  5.6802910E-13 -1.8350464E-07
  -5.7500000E+01  4.2576705E+02  5.6802910E-13 -1.8350464E-07
  -5.7500000E+01  4.2532386E+02  5.6802910E-13 -1.8350464E-07
  -5.7500000E+01  4.2488068E+02  5.6802910E-13 -1.8350465E-07
  -5.7500000E+01  4.2443750E+02  1.6014950E-05 -3.0345588E-08
  -5.7500000E+01  4.2399432E+02  6.5412396E-06 -8.2035979E-09
  -5.7500000E+01  4.2355114E+02  6.5417234E-06 -4.0467840E-09
  -5.7500000E+01  4.2310795E+02  6.5424475E-06  7.6031202E-11
  -5.7500000E+01  4.2266477E+02  6.5434117E-06  4.1874248E-09
  -5.7500000E+01  4.2222159E+02  6.5446153E-06  8.2505153E-09
  -5.6500000E+01  4.3152841E+02  5.6873520E-13 -1.8350479E-07
  -5.6500000E+01  4.3108523E+02  5.6873520E-13 -1.8350479E-07
  -5.6500000E+01  4.3064205E+02  5.6873520E-13 -1.8350479E-07
  -5.6500000E+01  4.3019886E+02  5.6873520E-13 -1.8350479E-07
  -5.6500000E+01  4.2975568E+02  5.6873520E-13 -1.8350479E-07
  -5.6500000E+01  4.2931250E+02  5.6873520E-13 -1.8350479E-07
  -5.6500000E+01  4.2886932E+02  5.6873520E-13 -1.8350479E-07
  -5.6500000E+01  4.2842614E+02  5.6873520E-13 -1.8350478E-07
  -5.6500000E+01  4.2798295E+02  5.6873520E-13 -1.8350479E-07
  -5.6500000E+01  4.2753977E+02  5.6873520E-13 -1.8350479E-07
  -5.6500000E+01  4.2709659E+02  5.6873520E-13 -1.8350479E-07
  -5.6500000E+01  4.2665341E+02  5.6873520E-13 -1.8350479E-07
  -5.6500000E+01  4.2621023E+02  5.6873520E-13 -1.8350478E-07
  -5.6500000E+01  4.2576705E+02  5.6873520E-13 -1.8350480E-07
  -5.6500000E+01  4.2532386E+02  5.6873520E-13 -1.8350478E-07
  -5.6500000E+01  4.2488068E+02  5.6873520E-13 -1.8350479E-07
  -5.6500000E+01  4.2443750E+02  1.6036775E-05 -3.0980205E-08
  -5.6500000E+01  4.2399432E+02  6.5501260E-06 -8.9815491E-09
  -5.6500000E+01  4.2355114E+02  6.5505589E-06 -5.3371196E-09
  -5.6500000E+01  4.2310795E+02  6.5512053E-06 -1.7261483E-09
  -5.6500000E+01  4.2266477E+02  6.5520654E-06  1.8733100E-09
  -5.6500000E+01  4.2222159E+02  6.5531379E-06  5.4286999E-09
  -5.5500000E+01  4.3152841E+02  5.6935294E-13 -1.8350475E-07
  -5.5500000E+01  4.3108523E+02  5.6935294E-13 -1.8350475E-07
  -5.5500000E+01  4.3064205E+02  5.6935294E-13 -1.8350475E-07
  -5.5500000E+01  4.3019886E+02  5.6935294E-13 -1.8350475E-07
  -5.5500000E+01  4.2975568E+02  5.6935294E-13 -1.8350475E-07
  -5.5500000E+01  4.2931250E+02  5.6935294E-13 -1.8350475E-07
  -5.5500000E+01  4.2886932E+02  5.6935294E-13 -1.8350475E-07
  -5.5500000E+01  4.2842614E+02  5.6935294E-13 -1.8350475E-07
  -5.5500000E+01  4.2798295E+02  5.6935294E-13 -1.8350475E-07
  -5.5500000E+01  4.2753977E+02  5.6935294E-13 -1.8350475E-07
  -5.5500000E+01  4.2709659E+02  5.6935294E-13 -1.8350475E-07
  -5.5500000E+01  4.2665341E+02  5.6935294E-13 -1.8350476E-07
  -5.5500000E+01  4.2621023E+02  5.6935294E-13 -1.8350475E-07
  -5.5500000E+01  4.2576705E+02  5.6935294E-13 -1.8350476E-07
  -5.5500000E+01  4.2532386E+02  5.6935294E-13 -1.8350475E-07
  -5.5500000E+01  4.2488068E+02  5.6935294E-13 -1.8350476E-07
  -5.5500000E+01  4.2443750E+02  1.6055868E-05 -3.1541786E-08
  -5.5500000E+01  4.2399432E+02  6.5578971E-06 -9.6740336E-09
  -5.5500000E+01  4.2355114E+02  6.5582793E-06 -6.4837835E-09
  -5.5500000E+01  4.2310795E+02  6.5588497E-06 -3.3251386E-09
  -5.5500000E+01  4.2266477E+02  6.5596087E-06 -1.8089859E-10
  -5.5500000E+01  4.2222159E+02  6.5605547E-06  2.9282347E-09
  -5.4500000E+01  4.3152841E+02  5.6989132E-13 -1.8350477E-07
  -5.4500000E+01  4.3108523E+02  5.6989132E-13 -1.8350477E-07
  -5.4500000E+01  4.3064205E+02  5.6989131E-13 -1.8350476E-07
  -5.4500000E+01  4.3019886E+02  5.6989131E-13 -1.8350476E-07
  -5.4500000E+01  4.2975568E+02  5.6989131E-13 -1.8350476E-07
  -5.4500000E+01  4.2931250E+02  5.6989131E-13 -1.8350476E-07
  -5.4500000E+01  4.2886932E+02  5.6989132E-13 -1.8350477E-07
  -5.4500000E+01  4.2842614E+02  5.6989131E-13 -1.8350476E-07
  -5.4500000E+01  4.2798295E+02  5.6989131E-13 -1.8350476E-07
  -5.4500000E+01  4.2753977E+02  5.6989131E-13 -1.8350476E-07
  -5.4500000E+01  4.2709659E+02  5.6989131E-13 -1.8350476E-07
  -5.4500000E+01  4.2665341E+02  5.6989132E-13 -1.8350477E-07
  -5.4500000E+01  4.2621023E+02  5.6989131E-13 -1.8350476E-07
  -5.4500000E+01  4.2576705E+02  5.6989131E-13 -1.8350476E-07
  -5.4500000E+01  4.2532386E+02  5.6989131E-13 -1.8350476E-07
  -5.4500000E+01  4.2488068E+02  5.6989131E-13 -1.8350477E-07
  -5.4500000E+01  4.2443750E+02  1.6072508E-05 -3.2032561E-08
  -5.4500000E+01  4.2399432E+02  6.5646669E-06 -1.0282732E-08
  -5.4500000E+01  4.2355114E+02  6.5650012E-06 -7.4919361E-09
  -5.4500000E+01  4.2310795E+02  6.5655004E-06 -4.7303715E-09
  -5.4500000E+01  4.2266477E+02  6.5661651E-06 -1.9879272E-09
  -5.4500000E+01  4.2222159E+02  6.5669939E-06  7.3041799E-10
  -5.3500000E+01  4.3152841E+02  5.7035934E-13 -1.8350476E-07
  -5.3500000E+01  4.3108523E+02  5.7035934E-13 -1.8350476E-07
  -5.3500000E+01  4.3064205E+02  5.7035934E-13 -1.8350476E-07
  -5.3500000E+01  4.3019886E+02  5.7035934E-13 -1.8350476E-07
  -5.3500000E+01  4.2975568E+02  5.7035934E-13 -1.8350476E-07
  -5.3500000E+01  4.2931250E+02  5.7035934E-13 -1.8350476E-07
  -5.3500000E+01  4.2886932E+02  5.7035934E-13 -1.8350476E-07
  -5.3500000E+01  4.2842614E+02  5.7035934E-13 -1.8350476E-07
  -5.3500000E+01  4.2798295E+02  5.7035934E-13 -1.8350476E-07
  -5.3500000E+01  4.2753977E+02  5.7035934E-13 -1.8350476E-07
  -5.3500000E+01  4.2709659E+02  5.7035934E-13 -1.8350476E-07
  -5.3500000E+01  4.2665341E+02  5.7035934E-13 -1.8350475E-07
  -5.3500000E+01  4.2621023E+02  5.7035934E-13 -1.8350476E-07
  -5.3500000E+01  4.2576705E+02  5.7035934E-13 -1.8350475E-07
  -5.3500000E+01  4.2532386E+02  5.7035934E-13 -1.8350474E-07
  -5.3500000E+01  4.2488068E+02  5.7035934E-13 -1.8350475E-07
  -5.3500000E+01  4.2443750E+02  1.6086973E-05 -3.2458158E-08
  -5.3500000E+01  4.2399432E+02  6.5705510E-06 -1.0812567E-08
  -5.3500000E+01  4.2355114E+02  6.5708414E-06 -8.3718347E-09
  -5.3500000E+01  4.2310795E+02  6.5712763E-06 -5.9580426E-09
  -5.3500000E+01  4.2266477E+02  6.5718560E-06 -3.5681022E-09
  -5.3500000E+01  4.2222159E+02  6.5725794E-06 -1.1918921E-09
  -5.2500000E+01  4.3152841E+02  5.7076606E-13 -1.8350476E-07
  -5.2500000E+01  4.3108523E+02  5.7076606E-13 -1.8350476E-07
  -5.2500000E+01  4.3064205E+02  5.7076606E-13 -1.8350476E-07
  -5.2500000E+01  4.3019886E+02  5.7076606E-13 -1.8350476E-07
  -5.2500000E+01  4.2975568E+02  5.7076605E-13 -1.8350476E-07
  -5.2500000E+01  4.2931250E+02  5.7076605E-13 -1.8350476E-07
  -5.2500000E+01  4.2886932E+02  5.7076606E-13 -1.8350476E-07
  -5.2500000E+01  4.2842614E+02  5.7076605E-13 -1.8350476E-07
  -5.2500000E+01  4.2798295E+02  5.7076605E-13 -1.8350476E-07
  -5.2500000E+01  4.2753977E+02  5.7076606E-13 -1.8350477E-07
  -5.2500000E+01  4.2709659E+02  5.7076605E-13 -1.8350476E-07
  -5.2500000E+01  4.2665341E+02  5.7076605E-13 -1.8350476E-07
  -5.2500000E+01  4.2621023E+02  5.7076606E-13 -1.8350477E-07
  -5.2500000E+01  4.2576705E+02  5.7076605E-13 -1.8350476E-07
  -5.2500000E+01  4.2532386E+02  5.7076605E-13 -1.8350475E-07
  -5.2500000E+01  4.2488068E+02  5.7076606E-13 -1.8350477E-07
  -5.2500000E+01  4.2443750E+02  1.6099543E-05 -3.2826593E-08
  -5.2500000E+01  4.2399432E+02  6.5756639E-06 -1.1270888E-08
  -5.2500000E+01  4.2355114E+02  6.5759156E-06 -9.1368144E-09
  -5.2500000E+01  4.2310795E+02  6.5762938E-06 -7.0278017E-09
  -5.2500000E+01  4.2266477E+02  6.5767986E-06 -4.9453120E-09
  -5.2500000E+01  4.2222159E+02  6.5774287E-06 -2.8688582E-09
  -5.1500000E+01  4.3152841E+02  5.7112027E-13 -1.8350476E-07
  -5.1500000E+01  4.3108523E+02  5.7112027E-13 -1.8350477E-07
  -5.1500000E+01  4.3064205E+02  5.7112027E-13 -1.8350477E-07
  -5.1500000E+01  4.3019886E+02  5.7112027E-13 -1.8350476E-07
  -5.1500000E+01  4.2975568E+02  5.7112027E-13 -1.8350476E-07
  -5.1500000E+01  4.2931250E+02  5.7112027E-13 -1.8350476E-07
  -5.1500000E+01  4.2886932E+02  5.7112027E-13 -1.8350477E-07
  -5.1500000E+01  4.2842614E+02  5.7112027E-13 -1.8350476E-07
  -5.1500000E+01  4.2798295E+02  5.7112027E-13 -1.8350476E-07
  -5.1500000E+01  4.2753977E+02  5.7112027E-13 -1.8350477E-07
  -5.1500000E+01  4.2709659E+02  5.7112027E-13 -1.8350477E-07
  -5.1500000E+01  4.2665341E+02  5.7112027E-13 -1.8350477E-07
  -5.1500000E+01  4.2621023E+02  5.7112027E-13 -1.8350477E-07
  -5.1500000E+01  4.2576705E+02  5.7112027E-13 -1.8350477E-07
  -5.1500000E+01  4.2532386E+02  5.7112027E-13 -1.8350477E-07
  -5.1500000E+01  4.2488068E+02  5.7112027E-13 -1.8350478E-07
  -5.1500000E+01  4.2443750E+02  1.6110491E-05 -3.3146872E-08
  -5.1500000E+01  4.2399432E+02  6.5801174E-06 -1.1666455E-08
  -5.1500000E+01  4.2355114E+02  6.5803355E-06 -9.8011760E-09
  -5.1500000E+01  4.2310795E+02  6.5806646E-06 -7.9595732E-09
  -5.1500000E+01  4.2266477E+02  6.5811037E-06 -6.1434102E-09
  -5.1500000E+01  4.2222159E+02  6.5816518E-06 -4.3292023E-09
  -5.0500000E+01  4.3152841E+02  5.7143028E-13 -1.8350476E-07
  -5.0500000E+01  4.3108523E+02  5.7143028E-13 -1.8350476E-07
  -5.0500000E+01  4.3064205E+02  5.7143028E-13 -1.8350476E-07
  -5.0500000E+01  4.3019886E+02  5.7143028E-13 -1.8350476E-07
  -5.0500000E+01  4.2975568E+02  5.7143028E-13 -1.8350476E-07
  -5.0500000E+01  4.2931250E+02  5.7143028E-13 -1.8350476E-07
  -5.0500000E+01  4.2886932E+02  5.7143028E-13 -1.8350476E-07
  -5.0500000E+01  4.2842614E+02  5.7143028E-13 -1.8350476E-07
  -5.0500000E+01  4.2798295E+02  5.7143028E-13 -1.8350476E-07
  -5.0500000E+01  4.2753977E+02  5.7143028E-13 -1.8350476E-07
  -5.0500000E+01  4.2709659E+02  5.7143028E-13 -1.8350476E-07
  -5.0500000E+01  4.2665341E+02  5.7143028E-13 -1.8350476E-07
  -5.0500000E+01  4.2621023E+02  5.7143028E-13 -1.8350476E-07
  -5.0500000E+01  4.2576705E+02  5.7143028E-13 -1.8350475E-07
  -5.0500000E+01  4.2532386E+02  5.7143028E-13 -1.8350476E-07
  -5.0500000E+01  4.2488068E+02  5.7143028E-13 -1.8350476E-07
  -5.0500000E+01  4.2443750E+02  1.6120073E-05 -3.3427452E-08
  -5.0500000E+01  4.2399432E+02  6.5840160E-06 -1.2008306E-08
  -5.0500000E+01  4.2355114E+02  6.5842052E-06 -1.0378314E-08
  -5.0500000E+01  4.2310795E+02  6.5844915E-06 -8.7709868E-09
  -5.0500000E+01  4.2266477E+02  6.5848729E-06 -7.1835809E-09
  -5.0500000E+01  4.2222159E+02  6.5853479E-06 -5.5973117E-09
  -4.9500000E+01  4.3152841E+02  5.7170354E-13 -1.8350476E-07
  -4.9500000E+01  4.3108523E+02  5.7170354E-13 -1.8350476E-07
  -4.9500000E+01  4.3064205E+02  5.7170354E-13 -1.8350476E-07
  -4.9500000E+01  4.3019886E+02  5.7170354E-13 -1.8350476E-07
  -4.9500000E+01  4.2975568E+02  5.7170354E-13 -1.8350476E-07
  -4.9500000E+01  4.2931250E+02  5.7170354E-13 -1.8350476E-07
  -4.9500000E+01  4.2886932E+02  5.7170354E-13 -1.8350476E-07
  -4.9500000E+01  4.2842614E+02  5.7170354E-13 -1.8350475E-07
  -4.9500000E+01  4.2798295E+02  5.7170354E-13 -1.8350475E-07
  -4.9500000E+01  4.2753977E+02  5.7170354E-13 -1.8350475E-07
  -4.9500000E+01  4.2709659E+02  5.7170354E-13 -1.8350475E-07
  -4.9500000E+01  4.2665341E+02  5.7170354E-13 -1.8350475E-07
  -4.9500000E+01  4.2621023E+02  5.7170354E-13 -1.8350475E-07
  -4.9500000E+01  4.2576705E+02  5.7170353E-13 -1.8350474E-07
  -4.9500000E+01  4.2532386E+02  5.7170354E-13 -1.8350475E-07
  -4.9500000E+01  4.2488068E+02  5.7170354E-13 -1.8350475E-07
  -4.9500000E+01  4.2443750E+02  1.6128519E-05 -3.3674935E-08
  -4.9500000E+01  4.2399432E+02  6.5874529E-06 -1.2304661E-08
  -4.9500000E+01  4.2355114E+02  6.5876171E-06 -1.0879407E-08
  -4.9500000E+01  4.2310795E+02  6.5878653E-06 -9.4758790E-09
  -4.9500000E+01  4.2266477E+02  6.5881949E-06 -8.0830198E-09
  -4.9500000E+01  4.2222159E+02  6.5886038E-06 -6.6922778E-09
  -4.8500000E+01  4.3152841E+02  5.7194629E-13 -1.8350476E-07
  -4.8500000E+01  4.3108523E+02  5.7194629E-13 -1.8350476E-07
  -4.8500000E+01  4.3064205E+02  5.7194628E-13 -1.8350476E-07
  -4.8500000E+01  4.3019886E+02  5.7194628E-13 -1.8350476E-07
  -4.8500000E+01  4.2975568E+02  5.7194628E-13 -1.8350476E-07
  -4.8500000E+01  4.2931250E+02  5.7194628E-13 -1.8350476E-07
  -4.8500000E+01  4.2886932E+02  5.7194628E-13 -1.8350476E-07
  -4.8500000E+01  4.2842614E+02  5.7194628E-13 -1.8350476E-07
  -4.8500000E+01  4.2798295E+02  5.7194628E-13 -1.8350476E-07
  -4.8500000E+01  4.2753977E+02  5.7194628E-13 -1.8350476E-07
  -4.8500000E+01  4.2709659E+02  5.7194628E-13 -1.8350476E-07
  -4.8500000E+01  4.2665341E+02  5.7194628E-13 -1.8350476E-07
  -4.8500000E+01  4.2621023E+02  5.7194629E-13 -1.8350476E-07
  -4.8500000E+01  4.2576705E+02  5.7194628E-13 -1.8350475E-07
  -4.8500000E+01  4.2532386E+02  5.7194628E-13 -1.8350476E-07
  -4.8500000E+01  4.2488068E+02  5.7194628E-13 -1.8350475E-07
  -4.8500000E+01  4.2443750E+02  1.6136022E-05 -3.3893366E-08
  -4.8500000E+01  4.2399432E+02  6.5905061E-06 -1.2562088E-08
  -4.8500000E+01  4.2355114E+02  6.5906481E-06 -1.1312860E-08
  -4.8500000E+01  4.2310795E+02  6.5908616E-06 -1.0084095E-08
  -4.8500000E+01  4.2266477E+02  6.5911436E-06 -8.8549897E-09
  -4.8500000E+01  4.2222159E+02  6.5914919E-06 -7.6288303E-09
  -4.7500000E+01  4.3152841E+02  5.7216342E-13 -1.8350476E-07
  -4.7500000E+01  4.3108523E+02  5.7216342E-13 -1.8350476E-07
  -4.7500000E+01  4.3064205E+02  5.7216342E-13 -1.8350475E-07
  -4.7500000E+01  4.3019886E+02  5.7216342E-13 -1.8350475E-07
  -4.7500000E+01  4.2975568E+02  5.7216342E-13 -1.8350475E-07
  -4.7500000E+01  4.2931250E+02  5.7216342E-13 -1.8350476E-07
  -4.7500000E+01  4.2886932E+02  5.7216342E-13 -1.8350475E-07
  -4.7500000E+01  4.2842614E+02  5.7216342E-13 -1.8350476E-07
  -4.7500000E+01  4.2798295E+02  5.7216342E-13 -1.8350476E-07
  -4.7500000E+01  4.2753977E+02  5.7216342E-13 -1.8350476E-07
  -4.7500000E+01  4.2709659E+02  5.7216342E-13 -1.8350476E-07
  -4.7500000E+01  4.2665341E+02  5.7216342E-13 -1.8350476E-07
  -4.7500000E+01  4.2621023E+02  5.7216342E-13 -1.8350476E-07
  -4.7500000E+01  4.2576705E+02  5.7216342E-13 -1.8350476E-07
  -4.7500000E+01  4.2532386E+02  5.7216342E-13 -1.8350476E-07
  -4.7500000E+01  4.2488068E+02  5.7216342E-13 -1.8350476E-07
  -4.7500000E+01  4.2443750E+02  1.6142733E-05 -3.4084318E-08
  -4.7500000E+01  4.2399432E+02  6.5932367E-06 -1.2785164E-08
  -4.7500000E+01  4.2355114E+02  6.5933583E-06 -1.1684555E-08
  -4.7500000E+01  4.2310795E+02  6.5935394E-06 -1.0602498E-08
  -4.7500000E+01  4.2266477E+02  6.5937773E-06 -9.5100202E-09
  -4.7500000E+01  4.2222159E+02  6.5940698E-06 -8.4195634E-09
  -4.6500000E+01  4.3152841E+02  5.7235852E-13 -1.8350476E-07
  -4.6500000E+01  4.3108523E+02  5.7235852E-13 -1.8350476E-07
  -4.6500000E+01  4.3064205E+02  5.7235851E-13 -1.8350475E-07
  -4.6500000E+01  4.3019886E+02  5.7235851E-13 -1.8350475E-07
  -4.6500000E+01  4.2975568E+02  5.7235851E-13 -1.8350475E-07
  -4.6500000E+01  4.2931250E+02  5.7235851E-13 -1.8350475E-07
  -4.6500000E+01  4.2886932E+02  5.7235851E-13 -1.8350475E-07
  -4.6500000E+01  4.2842614E+02  5.7235851E-13 -1.8350475E-07
  -4.6500000E+01  4.2798295E+02  5.7235851E-13 -1.8350475E-07
  -4.6500000E+01  4.2753977E+02  5.7235851E-13 -1.8350475E-07
  -4.6500000E+01  4.2709659E+02  5.7235851E-13 -1.8350475E-07
  -4.6500000E+01  4.2665341E+02  5.7235852E-13 -1.8350476E-07
  -4.6500000E+01  4.2621023E+02  5.7235852E-13 -1.8350476E-07
  -4.6500000E+01  4.2576705E+02  5.7235852E-13 -1.8350476E-07
  -4.6500000E+01  4.2532386E+02  5.7235851E-13 -1.8350475E-07
  -4.6500000E+01  4.2488068E+02  5.7235851E-13 -1.8350475E-07
  -4.6500000E+01  4.2443750E+02  1.6148763E-05 -3.4247721E-08
  -4.6500000E+01  4.2399432E+02  6.5956893E-06 -1.2976727E-08
  -4.6500000E+01  4.2355114E+02  6.5957919E-06 -1.1998814E-08
  -4.6500000E+01  4.2310795E+02  6.5959426E-06 -1.1036822E-08
  -4.6500000E+01  4.2266477E+02  6.5961399E-06 -1.0057790E-08
  -4.6500000E+01  4.2222159E+02  6.5963818E-06 -9.0774339E-09
  -4.5500000E+01  4.3152841E+02  5.7253410E-13 -1.8350476E-07
  -4.5500000E+01  4.3108523E+02  5.7253410E-13 -1.8350476E-07
  -4.5500000E+01  4.3064205E+02  5.7253410E-13 -1.8350475E-07
  -4.5500000E+01  4.3019886E+02  5.7253410E-13 -1.8350475E-07
  -4.5500000E+01  4.2975568E+02  5.7253410E-13 -1.8350475E-07
  -4.5500000E+01  4.2931250E+02  5.7253410E-13 -1.8350475E-07
  -4.5500000E+01  4.2886932E+02  5.7253410E-13 -1.8350475E-07
  -4.5500000E+01  4.2842614E+02  5.7253410E-13 -1.8350475E-07
  -4.5500000E+01  4.2798295E+02  5.7253410E-13 -1.8350475E-07
  -4.5500000E+01  4.2753977E+02  5.7253410E-13 -1.8350475E-07
  -4.5500000E+01  4.2709659E+02  5.7253410E-13 -1.8350475E-07
  -4.5500000E+01  4.2665341E+02  5.7253410E-13 -1.8350475E-07
  -4.5500000E+01  4.2621023E+02  5.7253410E-13 -1.8350475E-07
  -4.5500000E+01  4.2576705E+02  5.7253410E-13 -1.8350474E-07
  -4.5500000E+01  4.2532386E+02  5.7253410E-13 -1.8350474E-07
  -4.5500000E+01  4.2488068E+02  5.7253410E-13 -1.8350474E-07
  -4.5500000E+01  4.2443750E+02  1.6154189E-05 -3.4383087E-08
  -4.5500000E+01  4.2399432E+02  6.5978957E-06 -1.3138527E-08
  -4.5500000E+01  4.2355114E+02  6.5979805E-06 -1.2259711E-08
  -4.5500000E+01  4.2310795E+02  6.5981036E-06 -1.1393716E-08
  -4.5500000E+01  4.2266477E+02  6.5982644E-06 -1.0508988E-08
  -4.5500000E+01  4.2222159E+02  6.5984619E-06 -9.6175901E-09
  -4.4500000E+01  4.3152841E+02  5.7269208E-13 -1.8350476E-07
  -4.4500000E+01  4.3108523E+02  5.7269208E-13 -1.8350476E-07
  -4.4500000E+01  4.3064205E+02  5.7269208E-13 -1.8350475E-07
  -4.4500000E+01  4.3019886E+02  5.7269208E-13 -1.8350476E-07
  -4.4500000E+01  4.2975568E+02  5.7269208E-13 -1.8350475E-07
  -4.4500000E+01  4.2931250E+02  5.7269208E-13 -1.8350476E-07
  -4.4500000E+01  4.2886932E+02  5.7269208E-13 -1.8350475E-07
  -4.4500000E+01  4.2842614E+02  5.7269208E-13 -1.8350475E-07
  -4.4500000E+01  4.2798295E+02  5.7269208E-13 -1.8350475E-07
  -4.4500000E+01  4.2753977E+02  5.7269208E-13 -1.8350475E-07
  -4.4500000E+01  4.2709659E+02  5.7269208E-13 -1.8350475E-07
  -4.4500000E+01  4.2665341E+02  5.7269208E-13 -1.8350475E-07
  -4.4500000E+01  4.2621023E+02  5.7269208E-13 -1.8350475E-07
  -4.4500000E+01  4.2576705E+02  5.7269207E-13 -1.8350474E-07
  -4.4500000E+01  4.2532386E+02  5.7269207E-13 -1.8350474E-07
  -4.4500000E+01  4.2488068E+02  5.7269208E-13 -1.8350475E-07
  -4.4500000E+01  4.2443750E+02  1.6159070E-05 -3.4490796E-08
  -4.4500000E+01  4.2399432E+02  6.5998802E-06 -1.3272084E-08
  -4.4500000E+01  4.2355114E+02  6.5999488E-06 -1.2472208E-08
  -4.4500000E+01  4.2310795E+02  6.6000477E-06 -1.1682079E-08
  -4.4500000E+01  4.2266477E+02  6.6001775E-06 -1.0876350E-08
  -4.4500000E+01  4.2222159E+02  6.6003380E-06 -1.0057943E-08
  -4.3500000E+01  4.3152841E+02  5.7283416E-13 -1.8350476E-07
  -4.3500000E+01  4.3108523E+02  5.7283416E-13 -1.8350476E-07
  -4.3500000E+01  4.3064205E+02  5.7283416E-13 -1.8350475E-07
  -4.3500000E+01  4.3019886E+02  5.7283416E-13 -1.8350476E-07
  -4.3500000E+01  4.2975568E+02  5.7283416E-13 -1.8350476E-07
  -4.3500000E+01  4.2931250E+02  5.7283416E-13 -1.8350476E-07
  -4.3500000E+01  4.2886932E+02  5.7283416E-13 -1.8350476E-07
  -4.3500000E+01  4.2842614E+02  5.7283416E-13 -1.8350476E-07
  -4.3500000E+01  4.2798295E+02  5.7283416E-13 -1.8350476E-07
  -4.3500000E+01  4.2753977E+02  5.7283416E-13 -1.8350476E-07
  -4.3500000E+01  4.2709659E+02  5.7283416E-13 -1.8350476E-07
  -4.3500000E+01  4.2665341E+02  5.7283416E-13 -1.8350476E-07
  -4.3500000E+01  4.2621023E+02  5.7283416E-13 -1.8350476E-07
  -4.3500000E+01  4.2576705E+02  5.7283416E-13 -1.8350476E-07
  -4.3500000E+01  4.2532386E+02  5.7283416E-13 -1.8350476E-07
  -4.3500000E+01  4.2488068E+02  5.7283416E-13 -1.8350477E-07
  -4.3500000E+01  4.2443750E+02  1.6163460E-05 -3.4573196E-08
  -4.3500000E+01  4.2399432E+02  6.6016652E-06 -1.3379606E-08
  -4.3500000E+01  4.2355114E+02  6.6017198E-06 -1.2642777E-08
  -4.3500000E+01  4.2310795E+02  6.6017989E-06 -1.1913196E-08
  -4.3500000E+01  4.2266477E+02  6.6019037E-06 -1.1174463E-08
  -4.3500000E+01  4.2222159E+02  6.6020350E-06 -1.0418191E-08
  -4.2500000E+01  4.3152841E+02  5.7296223E-13 -1.8350476E-07
  -4.2500000E+01  4.3108523E+02  5.7296223E-13 -1.8350476E-07
  -4.2500000E+01  4.3064205E+02  5.7296222E-13 -1.8350476E-07
  -4.2500000E+01  4.3019886E+02  5.7296223E-13 -1.8350476E-07
  -4.2500000E+01  4.2975568E+02  5.7296222E-13 -1.8350476E-07
  -4.2500000E+01  4.2931250E+02  5.7296223E-13 -1.8350476E-07
  -4.2500000E+01  4.2886932E+02  5.7296222E-13 -1.8350476E-07
  -4.2500000E+01  4.2842614E+02  5.7296223E-13 -1.8350476E-07
  -4.2500000E+01  4.2798295E+02  5.7296223E-13 -1.8350476E-07
  -4.2500000E+01  4.2753977E+02  5.7296223E-13 -1.8350476E-07
  -4.2500000E+01  4.2709659E+02  5.7296222E-13 -1.8350476E-07
  -4.2500000E+01  4.2665341E+02  5.7296223E-13 -1.8350477E-07
  -4.2500000E+01  4.2621023E+02  5.7296223E-13 -1.8350477E-07
  -4.2500000E+01  4.2576705E+02  5.7296223E-13 -1.8350476E-07
  -4.2500000E+01  4.2532386E+02  5.7296223E-13 -1.8350476E-07
  -4.2500000E+01  4.2488068E+02  5.7296223E-13 -1.8350476E-07
  -4.2500000E+01  4.2443750E+02  1.6167418E-05 -3.4634952E-08
  -4.2500000E+01  4.2399432E+02  6.6032751E-06 -1.3464597E-08
  -4.2500000E+01  4.2355114E+02  6.6033187E-06 -1.2779354E-08
  -4.2500000E+01  4.2310795E+02  6.6033828E-06 -1.2099827E-08
  -4.2500000E+01  4.2266477E+02  6.6034689E-06 -1.1418577E-08
  -4.2500000E+01  4.2222159E+02  6.6035785E-06 -1.0717562E-08
  -4.1500000E+01  4.3152841E+02  5.7307850E-13 -1.8350476E-07
  -4.1500000E+01  4.3108523E+02  5.7307850E-13 -1.8350476E-07
  -4.1500000E+01  4.3064205E+02  5.7307850E-13 -1.8350476E-07
  -4.1500000E+01  4.3019886E+02  5.7307850E-13 -1.8350476E-07
  -4.1500000E+01  4.2975568E+02  5.7307850E-13 -1.8350476E-07
  -4.1500000E+01  4.2931250E+02  5.7307850E-13 -1.8350476E-07
  -4.1500000E+01  4.2886932E+02  5.7307849E-13 -1.8350476E-07
  -4.1500000E+01  4.2842614E+02  5.7307850E-13 -1.8350476E-07
  -4.1500000E+01  4.2798295E+02  5.7307849E-13 -1.8350476E-07
  -4.1500000E+01  4.2753977E+02  5.7307850E-13 -1.8350476E-07
  -4.1500000E+01  4.2709659E+02  5.7307849E-13 -1.8350475E-07
  -4.1500000E+01  4.2665341E+02  5.7307850E-13 -1.8350476E-07
  -4.1500000E+01  4.2621023E+02  5.7307850E-13 -1.8350476E-07
  -4.1500000E+01  4.2576705E+02  5.7307849E-13 -1.8350475E-07
  -4.1500000E+01  4.2532386E+02  5.7307849E-13 -1.8350476E-07
  -4.1500000E+01  4.2488068E+02  5.7307849E-13 -1.8350475E-07
  -4.1500000E+01  4.2443750E+02  1.6171013E-05 -3.4682197E-08
  -4.1500000E+01  4.2399432E+02  6.6047384E-06 -1.3531652E-08
  -4.1500000E+01  4.2355114E+02  6.6047738E-06 -1.2890468E-08
  -4.1500000E+01  4.2310795E+02  6.6048275E-06 -1.2254605E-08
  -4.1500000E+01  4.2266477E+02  6.6049005E-06 -1.1622879E-08
  -4.1500000E+01  4.2222159E+02  6.6049944E-06 -1.0972354E-08
  -4.0500000E+01  4.3152841E+02  5.7318543E-13 -1.8350476E-07
  -4.0500000E+01  4.3108523E+02  5.7318543E-13 -1.8350476E-07
  -4.0500000E+01  4.3064205E+02  5.7318543E-13 -1.8350476E-07
  -4.0500000E+01  4.3019886E+02  5.7318543E-13 -1.8350476E-07
  -4.0500000E+01  4.2975568E+02  5.7318543E-13 -1.8350476E-07
  -4.0500000E+01  4.2931250E+02  5.7318543E-13 -1.8350476E-07
  -4.0500000E+01  4.2886932E+02  5.7318543E-13 -1.8350476E-07
  -4.0500000E+01  4.2842614E+02  5.7318543E-13 -1.8350476E-07
  -4.0500000E+01  4.2798295E+02  5.7318543E-13 -1.8350475E-07
  -4.0500000E+01  4.2753977E+02  5.7318543E-13 -1.8350476E-07
  -4.0500000E+01  4.2709659E+02  5.7318543E-13 -1.8350475E-07
  -4.0500000E+01  4.2665341E+02  5.7318543E-13 -1.8350476E-07
  -4.0500000E+01  4.2621023E+02  5.7318543E-13 -1.8350475E-07
  -4.0500000E+01  4.2576705E+02  5.7318542E-13 -1.8350474E-07
  -4.0500000E+01  4.2532386E+02  5.7318543E-13 -1.8350475E-07
  -4.0500000E+01  4.2488068E+02  5.7318542E-13 -1.8350474E-07
  -4.0500000E+01  4.2443750E+02  1.6174319E-05 -3.4721010E-08
  -4.0500000E+01  4.2399432E+02  6.6060857E-06 -1.3585649E-08
  -4.0500000E+01  4.2355114E+02  6.6061156E-06 -1.2983856E-08
  -4.0500000E+01  4.2310795E+02  6.6061624E-06 -1.2388042E-08
  -4.0500000E+01  4.2266477E+02  6.6062265E-06 -1.1798683E-08
  -4.0500000E+01  4.2222159E+02  6.6063088E-06 -1.1194301E-08
  -3.9500000E+01  4.3152841E+02  5.7328547E-13 -1.8350476E-07
  -3.9500000E+01  4.3108523E+02  5.7328547E-13 -1.8350476E-07
  -3.9500000E+01  4.3064205E+02  5.7328547E-13 -1.8350476E-07
  -3.9500000E+01  4.3019886E+02  5.7328547E-13 -1.8350476E-07
  -3.9500000E+01  4.2975568E+02  5.7328547E-13 -1.8350476E-07
  -3.9500000E+01  4.2931250E+02  5.7328547E-13 -1.8350476E-07
  -3.9500000E+01  4.2886932E+02  5.7328547E-13 -1.8350476E-07
  -3.9500000E+01  4.2842614E+02  5.7328546E-13 -1.8350476E-07
  -3.9500000E+01  4.2798295E+02  5.7328546E-13 -1.8350476E-07
  -3.9500000E+01  4.2753977E+02  5.7328547E-13 -1.8350476E-07
  -3.9500000E+01  4.2709659E+02  5.7328547E-13 -1.8350476E-07
  -3.9500000E+01  4.2665341E+02  5.7328546E-13 -1.8350476E-07
  -3.9500000E+01  4.2621023E+02  5.7328546E-13 -1.8350475E-07
  -3.9500000E+01  4.2576705E+02  5.7328546E-13 -1.8350476E-07
  -3.9500000E+01  4.2532386E+02  5.7328546E-13 -1.8350475E-07
  -3.9500000E+01  4.2488068E+02  5.7328546E-13 -1.8350475E-07
  -3.9500000E+01  4.2443750E+02  3.0502192E-05 -6.5539287E-08
  -3.9500000E+01  4.2399432E+02  9.4930674E-06 -1.9588366E-08
  -3.9500000E+01  4.2355114E+02  6.6073740E-06 -1.3065388E-08
  -3.9500000E+01  4.2310795E+02  6.6074161E-06 -1.2506973E-08
  -3.9500000E+01  4.2266477E+02  6.6074733E-06 -1.1953275E-08
  -3.9500000E+01  4.2222159E+02  6.6075461E-06 -1.1389840E-08
  -3.8500000E+01  4.3152841E+02  5.7338071E-13 -1.8350476E-07
  -3.8500000E+01  4.3108523E+02  5.7338071E-13 -1.8350476E-07
  -3.8500000E+01  4.3064205E+02  5.7338071E-13 -1.8350476E-07
  -3.8500000E+01  4.3019886E+02  5.7338071E-13 -1.8350476E-07
  -3.8500000E+01  4.2975568E+02  5.7338070E-13 -1.8350476E-07
  -3.8500000E+01  4.2931250E+02  5.7338071E-13 -1.8350476E-07
  -3.8500000E+01  4.2886932E+02  5.7338071E-13 -1.8350476E-07
  -3.8500000E+01  4.2842614E+02  5.7338071E-13 -1.8350476E-07
  -3.8500000E+01  4.2798295E+02  5.7338070E-13 -1.8350476E-07
  -3.8500000E+01  4.2753977E+02  5.7338071E-13 -1.8350477E-07
  -3.8500000E+01  4.2709659E+02  5.7338071E-13 -1.8350476E-07
  -3.8500000E+01  4.2665341E+02  5.7338070E-13 -1.8350476E-07
  -3.8500000E+01  4.2621023E+02  5.7338071E-13 -1.8350476E-07
  -3.8500000E+01  4.2576705E+02  5.7338071E-13 -1.8350477E-07
  -3.8500000E+01  4.2532386E+02  5.7338070E-13 -1.8350476E-07
  -3.8500000E+01  4.2488068E+02  5.7338071E-13 -1.8350476E-07
  -3.8500000E+01  4.2443750E+02  8.3708151E-05 -1.7999049E-07
  -3.8500000E+01  4.2399432E+02  1.6180383E-05 -3.3473681E-08
  -3.8500000E+01  4.2355114E+02  6.6085741E-06 -1.3138701E-08
  -3.8500000E+01  4.2310795E+02  6.6086122E-06 -1.2614395E-08
  -3.8500000E+01  4.2266477E+02  6.6086632E-06 -1.2089985E-08
  -3.8500000E+01  4.2222159E+02  6.6087265E-06 -1.1560317E-08
  -3.7500000E+01  4.3152841E+02  5.7347271E-13 -1.8350476E-07
  -3.7500000E+01  4.3108523E+02  5.7347271E-13 -1.8350476E-07
  -3.7500000E+01  4.3064205E+02  5.7347270E-13 -1.8350476E-07
  -3.7500000E+01  4.3019886E+02  5.7347271E-13 -1.8350476E-07
  -3.7500000E+01  4.2975568E+02  5.7347270E-13 -1.8350476E-07
  -3.7500000E+01  4.2931250E+02  5.7347270E-13 -1.8350476E-07
  -3.7500000E+01  4.2886932E+02  5.7347271E-13 -1.8350476E-07
  -3.7500000E+01  4.2842614E+02  5.7347271E-13 -1.8350476E-07
  -3.7500000E+01  4.2798295E+02  5.7347270E-13 -1.8350476E-07
  -3.7500000E+01  4.2753977E+02  5.7347271E-13 -1.8350476E-07
  -3.7500000E+01  4.2709659E+02  5.7347271E-13 -1.8350477E-07
  -3.7500000E+01  4.2665341E+02  5.7347271E-13 -1.8350477E-07
  -3.7500000E+01  4.2621023E+02  5.7347271E-13 -1.8350476E-07
  -3.7500000E+01  4.2576705E+02  5.7347271E-13 -1.8350477E-07
  -3.7500000E+01  4.2532386E+02  5.7347271E-13 -1.8350476E-07
  -3.7500000E+01  4.2488068E+02  5.7347271E-13 -1.8350477E-07
  -3.7500000E+01  4.2443750E+02  8.3722871E-05 -1.8017232E-07
  -3.7500000E+01  4.2399432E+02  1.6183227E-05 -3.3565737E-08
  -3.7500000E+01  4.2355114E+02  6.6097336E-06 -1.3205039E-08
  -3.7500000E+01  4.2310795E+02  6.6097673E-06 -1.2710206E-08
  -3.7500000E+01  4.2266477E+02  6.6098116E-06 -1.2209045E-08
  -3.7500000E+01  4.2222159E+02  6.6098646E-06 -1.1703752E-08
  -3.6500000E+01  4.3152841E+02  5.7356234E-13 -1.8350476E-07
  -3.6500000E+01  4.3108523E+02  5.7356234E-13 -1.8350476E-07
  -3.6500000E+01  4.3064205E+02  5.7356234E-13 -1.8350476E-07
  -3.6500000E+01  4.3019886E+02  5.7356234E-13 -1.8350476E-07
  -3.6500000E+01  4.2975568E+02  5.7356234E-13 -1.8350475E-07
  -3.6500000E+01  4.2931250E+02  5.7356234E-13 -1.8350476E-07
  -3.6500000E+01  4.2886932E+02  5.7356234E-13 -1.8350476E-07
  -3.6500000E+01  4.2842614E+02  5.7356234E-13 -1.8350475E-07
  -3.6500000E+01  4.2798295E+02  5.7356234E-13 -1.8350476E-07
  -3.6500000E+01  4.2753977E+02  5.7356234E-13 -1.8350476E-07
  -3.6500000E+01  4.2709659E+02  5.7356234E-13 -1.8350476E-07
  -3.6500000E+01  4.2665341E+02  5.7356234E-13 -1.8350476E-07
  -3.6500000E+01  4.2621023E+02  5.7356234E-13 -1.8350475E-07
  -3.6500000E+01  4.2576705E+02  5.7356234E-13 -1.8350476E-07
  -3.6500000E+01  4.2532386E+02  5.7356234E-13 -1.8350475E-07
  -3.6500000E+01  4.2488068E+02  5.7356234E-13 -1.8350476E-07
  -3.6500000E+01  4.2443750E+02  8.3737210E-05 -1.8034632E-07
  -3.6500000E+01  4.2399432E+02  1.6185997E-05 -3.3650737E-08
  -3.6500000E+01  4.2355114E+02  6.6108619E-06 -1.3263396E-08
  -3.6500000E+01  4.2310795E+02  6.6108902E-06 -1.2791922E-08
  -3.6500000E+01  4.2266477E+02  6.6109263E-06 -1.2308594E-08
  -3.6500000E+01  4.2222159E+02  6.6109679E-06 -1.1817620E-08
  -3.5500000E+01  4.3152841E+02  5.7364979E-13 -1.8350476E-07
  -3.5500000E+01  4.3108523E+02  5.7364979E-13 -1.8350476E-07
  -3.5500000E+01  4.3064205E+02  5.7364979E-13 -1.8350476E-07
  -3.5500000E+01  4.3019886E+02  5.7364979E-13 -1.8350476E-07
  -3.5500000E+01  4.2975568E+02  5.7364979E-13 -1.8350475E-07
  -3.5500000E+01  4.2931250E+02  5.7364979E-13 -1.8350476E-07
  -3.5500000E+01  4.2886932E+02  5.7364979E-13 -1.8350476E-07
  -3.5500000E+01  4.2842614E+02  5.7364979E-13 -1.8350475E-07
  -3.5500000E+01  4.2798295E+02  5.7364979E-13 -1.8350476E-07
  -3.5500000E+01  4.2753977E+02  5.7364979E-13 -1.8350476E-07
  -3.5500000E+01  4.2709659E+02  5.7364979E-13 -1.8350475E-07
  -3.5500000E+01  4.2665341E+02  5.7364979E-13 -1.8350476E-07
  -3.5500000E+01  4.2621023E+02  5.7364979E-13 -1.8350475E-07
  -3.5500000E+01  4.2576705E+02  5.7364979E-13 -1.8350476E-07
  -3.5500000E+01  4.2532386E+02  5.7364978E-13 -1.8350475E-07
  -3.5500000E+01  4.2488068E+02  5.7364979E-13 -1.8350476E-07
  -3.5500000E+01  4.2443750E+02  8.3751195E-05 -1.8049907E-07
  -3.5500000E+01  4.2399432E+02  1.6188697E-05 -3.3726312E-08
  -3.5500000E+01  4.2355114E+02  6.6119610E-06 -1.3311642E-08
  -3.5500000E+01  4.2310795E+02  6.6119825E-06 -1.2856058E-08
  -3.5500000E+01  4.2266477E+02  6.6120093E-06 -1.2386233E-08
  -3.5500000E+01  4.2222159E+02  6.6120390E-06 -1.1900932E-08
  -3.4500000E+01  4.3152841E+02  5.7373472E-13 -1.8350476E-07
  -3.4500000E+01  4.3108523E+02  5.7373472E-13 -1.8350476E-07
  -3.4500000E+01  4.3064205E+02  5.7373472E-13 -1.8350476E-07
  -3.4500000E+01  4.3019886E+02  5.7373472E-13 -1.8350476E-07
  -3.4500000E+01  4.2975568E+02  5.7373472E-13 -1.8350476E-07
  -3.4500000E+01  4.2931250E+02  5.7373472E-13 -1.8350476E-07
  -3.4500000E+01  4.2886932E+02  5.7373472E-13 -1.8350476E-07
  -3.4500000E+01  4.2842614E+02  5.7373472E-13 -1.8350476E-07
  -3.4500000E+01  4.2798295E+02  5.7373472E-13 -1.8350476E-07
  -3.4500000E+01  4.2753977E+02  5.7373472E-13 -1.8350475E-07
  -3.4500000E+01  4.2709659E+02  5.7373472E-13 -1.8350476E-07
  -3.4500000E+01  4.2665341E+02  5.7373472E-13 -1.8350476E-07
  -3.4500000E+01  4.2621023E+02  5.7373472E-13 -1.8350476E-07
  -3.4500000E+01  4.2576705E+02  5.7373472E-13 -1.8350476E-07
  -3.4500000E+01  4.2532386E+02  5.7373471E-13 -1.8350474E-07
  -3.4500000E+01  4.2488068E+02  5.7373472E-13 -1.8350476E-07
  -3.4500000E+01  4.2443750E+02  8.3764775E-05 -1.8061766E-07
  -3.4500000E+01  4.2399432E+02  1.6191318E-05 -3.3789101E-08
  -3.4500000E+01  4.2355114E+02  6.6130269E-06 -1.3347971E-08
  -3.4500000E+01  4.2310795E+02  6.6130412E-06 -1.2900531E-08
  -3.4500000E+01  4.2266477E+02  6.6130585E-06 -1.2441090E-08
  -3.4500000E+01  4.2222159E+02  6.6130773E-06 -1.1955442E-08
  -3.3500000E+01  4.3152841E+02  5.7381671E-13 -1.8350476E-07
  -3.3500000E+01  4.3108523E+02  5.7381671E-13 -1.8350476E-07
  -3.3500000E+01  4.3064205E+02  5.7381671E-13 -1.8350476E-07
  -3.3500000E+01  4.3019886E+02  5.7381671E-13 -1.8350476E-07
  -3.3500000E+01  4.2975568E+02  5.7381671E-13 -1.8350476E-07
  -3.3500000E+01  4.2931250E+02  5.7381671E-13 -1.8350476E-07
  -3.3500000E+01  4.2886932E+02  5.7381671E-13 -1.8350475E-07
  -3.3500000E+01  4.2842614E+02  5.7381671E-13 -1.8350476E-07
  -3.3500000E+01  4.2798295E+02  5.7381671E-13 -1.8350476E-07
  -3.3500000E+01  4.2753977E+02  5.7381671E-13 -1.8350475E-07
  -3.3500000E+01  4.2709659E+02  5.7381671E-13 -1.8350476E-07
  -3.3500000E+01  4.2665341E+02  5.7381671E-13 -1.8350475E-07
  -3.3500000E+01  4.2621023E+02  5.7381671E-13 -1.8350475E-07
  -3.3500000E+01  4.2576705E+02  5.7381671E-13 -1.8350475E-07
  -3.3500000E+01  4.2532386E+02  5.7381671E-13 -1.8350475E-07
  -3.3500000E+01  4.2488068E+02  5.7381671E-13 -1.8350475E-07
  -3.3500000E+01  4.2443750E+02  8.3777882E-05 -1.8068995E-07
  -3.3500000E+01  4.2399432E+02  1.6193847E-05 -3.3834474E-08
  -3.3500000E+01  4.2355114E+02  6.6140543E-06 -1.3371478E-08
  -3.3500000E+01  4.2310795E+02  6.6140617E-06 -1.2926060E-08
  -3.3500000E+01  4.2266477E+02  6.6140708E-06 -1.2474910E-08
  -3.3500000E+01  4.2222159E+02  6.6140809E-06 -1.1986706E-08
  -3.2500000E+01  4.3152841E+02  5.7389556E-13 -1.8350476E-07
  -3.2500000E+01  4.3108523E+02  5.7389556E-13 -1.8350476E-07
  -3.2500000E+01  4.3064205E+02  5.7389555E-13 -1.8350476E-07
  -3.2500000E+01  4.3019886E+02  5.7389556E-13 -1.8350476E-07
  -3.2500000E+01  4.2975568E+02  5.7389555E-13 -1.8350476E-07
  -3.2500000E+01  4.2931250E+02  5.7389556E-13 -1.8350476E-07
  -3.2500000E+01  4.2886932E+02  5.7389555E-13 -1.8350476E-07
  -3.2500000E+01  4.2842614E+02  5.7389556E-13 -1.8350476E-07
  -3.2500000E+01  4.2798295E+02  5.7389556E-13 -1.8350476E-07
  -3.2500000E+01  4.2753977E+02  5.7389555E-13 -1.8350476E-07
  -3.2500000E+01  4.2709659E+02  5.7389555E-13 -1.8350476E-07
  -3.2500000E+01  4.2665341E+02  5.7389556E-13 -1.8350476E-07
  -3.2500000E+01  4.2621023E+02  5.7389556E-13 -1.8350476E-07
  -3.2500000E+01  4.2576705E+02  5.7389556E-13 -1.8350476E-07
  -3.2500000E+01  4.2532386E+02  5.7389556E-13 -1.8350476E-07
  -3.2500000E+01  4.2488068E+02  5.7389555E-13 -1.8350476E-07
  -3.2500000E+01  4.2443750E+02  8.3790486E-05 -1.8071073E-07
  -3.2500000E+01  4.2399432E+02  1.6196277E-05 -3.3858695E-08
  -3.2500000E+01  4.2355114E+02  6.6150418E-06 -1.3382494E-08
  -3.2500000E+01  4.2310795E+02  6.6150435E-06 -1.2935716E-08
  -3.2500000E+01  4.2266477E+02  6.6150462E-06 -1.2491653E-08
  -3.2500000E+01  4.2222159E+02  6.6150510E-06 -1.2003604E-08
  -3.1500000E+01  4.3152841E+02  5.7397149E-13 -1.8350476E-07
  -3.1500000E+01  4.3108523E+02  5.7397149E-13 -1.8350476E-07
  -3.1500000E+01  4.3064205E+02  5.7397149E-13 -1.8350476E-07
  -3.1500000E+01  4.3019886E+02  5.7397149E-13 -1.8350476E-07
  -3.1500000E+01  4.2975568E+02  5.7397149E-13 -1.8350476E-07
  -3.1500000E+01  4.2931250E+02  5.7397149E-13 -1.8350476E-07
  -3.1500000E+01  4.2886932E+02  5.7397149E-13 -1.8350476E-07
  -3.1500000E+01  4.2842614E+02  5.7397149E-13 -1.8350476E-07
  -3.1500000E+01  4.2798295E+02  5.7397149E-13 -1.8350476E-07
  -3.1500000E+01  4.2753977E+02  5.7397148E-13 -1.8350475E-07
  -3.1500000E+01  4.2709659E+02  5.7397149E-13 -1.8350476E-07
  -3.1500000E+01  4.2665341E+02  5.7397149E-13 -1.8350476E-07
  -3.1500000E+01  4.2621023E+02  5.7397149E-13 -1.8350476E-07
  -3.1500000E+01  4.2576705E+02  5.7397149E-13 -1.8350476E-07
  -3.1500000E+01  4.2532386E+02  5.7397148E-13 -1.8350476E-07
  -3.1500000E+01  4.2488068E+02  5.7397149E-13 -1.8350476E-07
  -3.1500000E+01  4.2443750E+02  8.3802628E-05 -1.8068987E-07
  -3.1500000E+01  4.2399432E+02  1.6198620E-05 -3.3862687E-08
  -3.1500000E+01  4.2355114E+02  6.6159946E-06 -1.3383372E-08
  -3.1500000E+01  4.2310795E+02  6.6159927E-06 -1.2934505E-08
  -3.1500000E+01  4.2266477E+02  6.6159918E-06 -1.2496793E-08
  -3.1500000E+01  4.2222159E+02  6.6159944E-06 -1.2015290E-08
  -3.0500000E+01  4.3152841E+02  5.7404544E-13 -1.8350476E-07
  -3.0500000E+01  4.3108523E+02  5.7404544E-13 -1.8350476E-07
  -3.0500000E+01  4.3064205E+02  5.7404545E-13 -1.8350477E-07
  -3.0500000E+01  4.3019886E+02  5.7404544E-13 -1.8350476E-07
  -3.0500000E+01  4.2975568E+02  5.7404544E-13 -1.8350476E-07
  -3.0500000E+01  4.2931250E+02  5.7404544E-13 -1.8350476E-07
  -3.0500000E+01  4.2886932E+02  5.7404544E-13 -1.8350476E-07
  -3.0500000E+01  4.2842614E+02  5.7404544E-13 -1.8350476E-07
  -3.0500000E+01  4.2798295E+02  5.7404544E-13 -1.8350476E-07
  -3.0500000E+01  4.2753977E+02  5.7404544E-13 -1.8350476E-07
  -3.0500000E+01  4.2709659E+02  5.7404544E-13 -1.8350476E-07
  -3.0500000E+01  4.2665341E+02  5.7404544E-13 -1.8350476E-07
  -3.0500000E+01  4.2621023E+02  5.7404544E-13 -1.8350476E-07
  -3.0500000E+01  4.2576705E+02  5.7404544E-13 -1.8350476E-07
  -3.0500000E+01  4.2532386E+02  5.7404544E-13 -1.8350475E-07
  -3.0500000E+01  4.2488068E+02  5.7404544E-13 -1.8350476E-07
  -3.0500000E+01  4.2443750E+02  8.3814458E-05 -1.8064740E-07
  -3.0500000E+01  4.2399432E+02  1.6200904E-05 -3.3851509E-08
  -3.0500000E+01  4.2355114E+02  6.6169254E-06 -1.3378176E-08
  -3.0500000E+01  4.2310795E+02  6.6169225E-06 -1.2928853E-08
  -3.0500000E+01  4.2266477E+02  6.6169206E-06 -1.2496220E-08
  -3.0500000E+01  4.2222159E+02  6.6169233E-06 -1.2027842E-08
  -2.9500000E+01  4.3152841E+02  5.7411900E-13 -1.8350475E-07
  -2.9500000E+01  4.3108523E+02  5.7411900E-13 -1.8350475E-07
  -2.9500000E+01  4.3064205E+02  5.7411900E-13 -1.8350476E-07
  -2.9500000E+01  4.3019886E+02  5.7411900E-13 -1.8350475E-07
  -2.9500000E+01  4.2975568E+02  5.7411900E-13 -1.8350476E-07
  -2.9500000E+01  4.2931250E+02  5.7411900E-13 -1.8350475E-07
  -2.9500000E+01  4.2886932E+02  5.7411900E-13 -1.8350475E-07
  -2.9500000E+01  4.2842614E+02  5.7411900E-13 -1.8350476E-07
  -2.9500000E+01  4.2798295E+02  5.7411900E-13 -1.8350476E-07
  -2.9500000E+01  4.2753977E+02  5.7411900E-13 -1.8350475E-07
  -2.9500000E+01  4.2709659E+02  5.7411900E-13 -1.8350476E-07
  -2.9500000E+01  4.2665341E+02  5.7411900E-13 -1.8350475E-07
  -2.9500000E+01  4.2621023E+02  5.7411900E-13 -1.8350476E-07
  -2.9500000E+01  4.2576705E+02  5.7411900E-13 -1.8350476E-07
  -2.9500000E+01  4.2532386E+02  5.7411900E-13 -1.8350475E-07
  -2.9500000E+01  4.2488068E+02  5.7411900E-13 -1.8350476E-07
  -2.9500000E+01  4.2443750E+02  8.3826230E-05 -1.8060297E-07
  -2.9500000E+01  4.2399432E+02  1.6203179E-05 -3.3831370E-08
  -2.9500000E+01  4.2355114E+02  6.6178536E-06 -1.3370754E-08
  -2.9500000E+01  4.2310795E+02  6.6178511E-06 -1.2923959E-08
  -2.9500000E+01  4.2266477E+02  6.6178497E-06 -1.2493787E-08
  -2.9500000E+01  4.2222159E+02  6.6178524E-06 -1.2042413E-08
  -2.8500000E+01  4.3152841E+02  5.7419391E-13 -1.8350479E-07
  -2.8500000E+01  4.3108523E+02  5.7419391E-13 -1.8350479E-07
  -2.8500000E+01  4.3064205E+02  5.7419391E-13 -1.8350479E-07
  -2.8500000E+01  4.3019886E+02  5.7419391E-13 -1.8350479E-07
  -2.8500000E+01  4.2975568E+02  5.7419391E-13 -1.8350479E-07
  -2.8500000E+01  4.2931250E+02  5.7419391E-13 -1.8350479E-07
  -2.8500000E+01  4.2886932E+02  5.7419391E-13 -1.8350479E-07
  -2.8500000E+01  4.2842614E+02  5.7419391E-13 -1.8350479E-07
  -2.8500000E+01  4.2798295E+02  5.7419391E-13 -1.8350479E-07
  -2.8500000E+01  4.2753977E+02  5.7419391E-13 -1.8350479E-07
  -2.8500000E+01  4.2709659E+02  5.7419391E-13 -1.8350479E-07
  -2.8500000E+01  4.2665341E+02  5.7419391E-13 -1.8350479E-07
  -2.8500000E+01  4.2621023E+02  5.7419391E-13 -1.8350479E-07
  -2.8500000E+01  4.2576705E+02  5.7419391E-13 -1.8350479E-07
  -2.8500000E+01  4.2532386E+02  5.7419391E-13 -1.8350479E-07
  -2.8500000E+01  4.2488068E+02  5.7419391E-13 -1.8350479E-07
  -2.8500000E+01  4.2443750E+02  8.3838218E-05 -1.8057292E-07
  -2.8500000E+01  4.2399432E+02  1.6205497E-05 -3.3809046E-08
  -2.8500000E+01  4.2355114E+02  6.6188008E-06 -1.3363185E-08
  -2.8500000E+01  4.2310795E+02  6.6187985E-06 -1.2920708E-08
  -2.8500000E+01  4.2266477E+02  6.6187964E-06 -1.2488992E-08
  -2.8500000E+01  4.2222159E+02  6.6187968E-06 -1.2054301E-08
  -2.7500000E+01  4.3152841E+02  5.7427147E-13 -1.8350465E-07
  -2.7500000E+01  4.3108523E+02  5.7427147E-13 -1.8350465E-07
  -2.7500000E+01  4.3064205E+02  5.7427147E-13 -1.8350465E-07
  -2.7500000E+01  4.3019886E+02  5.7427147E-13 -1.8350465E-07
  -2.7500000E+01  4.2975568E+02  5.7427147E-13 -1.8350465E-07
  -2.7500000E+01  4.2931250E+02  5.7427147E-13 -1.8350465E-07
  -2.7500000E+01  4.2886932E+02  5.7427147E-13 -1.8350465E-07
  -2.7500000E+01  4.2842614E+02  5.7427147E-13 -1.8350465E-07
  -2.7500000E+01  4.2798295E+02  5.7427147E-13 -1.8350465E-07
  -2.7500000E+01  4.2753977E+02  5.7427147E-13 -1.8350465E-07
  -2.7500000E+01  4.2709659E+02  5.7427147E-13 -1.8350465E-07
  -2.7500000E+01  4.2665341E+02  5.7427147E-13 -1.8350465E-07
  -2.7500000E+01  4.2621023E+02  5.7427147E-13 -1.8350465E-07
  -2.7500000E+01  4.2576705E+02  5.7427147E-13 -1.8350465E-07
  -2.7500000E+01  4.2532386E+02  5.7427147E-13 -1.8350465E-07
  -2.7500000E+01  4.2488068E+02  5.7427147E-13 -1.8350465E-07
  -2.7500000E+01  4.2443750E+02  8.3850639E-05 -1.8056564E-07
  -2.7500000E+01  4.2399432E+02  1.6207900E-05 -3.3790357E-08
  -2.7500000E+01  4.2355114E+02  6.6197827E-06 -1.3355265E-08
  -2.7500000E+01  4.2310795E+02  6.6197790E-06 -1.2915285E-08
  -2.7500000E+01  4.2266477E+02  6.6197735E-06 -1.2477093E-08
  -2.7500000E+01  4.2222159E+02  6.6197675E-06 -1.2053643E-08
  -2.6500000E+01  4.3152841E+02  5.7435257E-13 -1.8350517E-07
  -2.6500000E+01  4.3108523E+02  5.7435257E-13 -1.8350518E-07
  -2.6500000E+01  4.3064205E+02  5.7435257E-13 -1.8350517E-07
  -2.6500000E+01  4.3019886E+02  5.7435257E-13 -1.8350517E-07
  -2.6500000E+01  4.2975568E+02  5.7435257E-13 -1.8350517E-07
  -2.6500000E+01  4.2931250E+02  5.7435257E-13 -1.8350517E-07
  -2.6500000E+01  4.2886932E+02  5.7435257E-13 -1.8350517E-07
  -2.6500000E+01  4.2842614E+02  5.7435257E-13 -1.8350517E-07
  -2.6500000E+01  4.2798295E+02  5.7435257E-13 -1.8350517E-07
  -2.6500000E+01  4.2753977E+02  5.7435257E-13 -1.8350518E-07
  -2.6500000E+01  4.2709659E+02  5.7435257E-13 -1.8350517E-07
  -2.6500000E+01  4.2665341E+02  5.7435257E-13 -1.8350518E-07
  -2.6500000E+01  4.2621023E+02  5.7435257E-13 -1.8350519E-07
  -2.6500000E+01  4.2576705E+02  5.7435257E-13 -1.8350518E-07
  -2.6500000E+01  4.2532386E+02  5.7435257E-13 -1.8350518E-07
  -2.6500000E+01  4.2488068E+02  5.7435257E-13 -1.8350518E-07
  -2.6500000E+01  4.2443750E+02  8.3863592E-05 -1.8057054E-07
  -2.6500000E+01  4.2399432E+02  1.6210404E-05 -3.3775492E-08
  -2.6500000E+01  4.2355114E+02  6.6208044E-06 -1.3344122E-08
  -2.6500000E+01  4.2310795E+02  6.6207968E-06 -1.2900907E-08
  -2.6500000E+01  4.2266477E+02  6.6207845E-06 -1.2451186E-08
  -2.6500000E+01  4.2222159E+02  6.6207680E-06 -1.2028958E-08
  -2.5500000E+01  4.3152841E+02  5.7443611E-13 -1.8350321E-07
  -2.5500000E+01  4.3108523E+02  5.7443611E-13 -1.8350321E-07
  -2.5500000E+01  4.3064205E+02  5.7443611E-13 -1.8350321E-07
  -2.5500000E+01  4.3019886E+02  5.7443611E-13 -1.8350321E-07
  -2.5500000E+01  4.2975568E+02  5.7443610E-13 -1.8350321E-07
  -2.5500000E+01  4.2931250E+02  5.7443610E-13 -1.8350321E-07
  -2.5500000E+01  4.2886932E+02  5.7443610E-13 -1.8350321E-07
  -2.5500000E+01  4.2842614E+02  5.7443610E-13 -1.8350321E-07
  -2.5500000E+01  4.2798295E+02  5.7443610E-13 -1.8350321E-07
  -2.5500000E+01  4.2753977E+02  5.7443610E-13 -1.8350321E-07
  -2.5500000E+01  4.2709659E+02  5.7443610E-13 -1.8350322E-07
  -2.5500000E+01  4.2665341E+02  5.7443610E-13 -1.8350322E-07
  -2.5500000E+01  4.2621023E+02  5.7443610E-13 -1.8350321E-07
  -2.5500000E+01  4.2576705E+02  5.7443610E-13 -1.8350322E-07
  -2.5500000E+01  4.2532386E+02  5.7443609E-13 -1.8350322E-07
  -2.5500000E+01  4.2488068E+02  5.7443609E-13 -1.8350321E-07
  -2.5500000E+01  4.2443750E+02  8.3877034E-05 -1.8055788E-07
  -2.5500000E+01  4.2399432E+02  1.6212999E-05 -3.3756815E-08
  -2.5500000E+01  4.2355114E+02  6.6218607E-06 -1.3324561E-08
  -2.5500000E+01  4.2310795E+02  6.6218460E-06 -1.2869960E-08
  -2.5500000E+01  4.2266477E+02  6.6218239E-06 -1.2404641E-08
  -2.5500000E+01  4.2222159E+02  6.6217945E-06 -1.1971896E-08
  -2.4500000E+01  4.3152841E+02  5.7452427E-13 -1.8351053E-07
  -2.4500000E+01  4.3108523E+02  5.7452428E-13 -1.8351053E-07
  -2.4500000E+01  4.3064205E+02  5.7452428E-13 -1.8351053E-07
  -2.4500000E+01  4.3019886E+02  5.7452428E-13 -1.8351052E-07
  -2.4500000E+01  4.2975568E+02  5.7452429E-13 -1.8351053E-07
  -2.4500000E+01  4.2931250E+02  5.7452429E-13 -1.8351053E-07
  -2.4500000E+01  4.2886932E+02  5.7452430E-13 -1.8351053E-07
  -2.4500000E+01  4.2842614E+02  5.7452430E-13 -1.8351053E-07
  -2.4500000E+01  4.2798295E+02  5.7452431E-13 -1.8351053E-07
  -2.4500000E+01  4.2753977E+02  5.7452431E-13 -1.8351052E-07
  -2.4500000E+01  4.2709659E+02  5.7452432E-13 -1.8351054E-07
  -2.4500000E+01  4.2665341E+02  5.7452432E-13 -1.8351053E-07
  -2.4500000E+01  4.2621023E+02  5.7452432E-13 -1.8351052E-07
  -2.4500000E+01  4.2576705E+02  5.7452433E-13 -1.8351053E-07
  -2.4500000E+01  4.2532386E+02  5.7452433E-13 -1.8351053E-07
  -2.4500000E+01  4.2488068E+02  5.7452434E-13 -1.8351054E-07
  -2.4500000E+01  4.2443750E+02  8.3890819E-05 -1.8049453E-07
  -2.4500000E+01  4.2399432E+02  1.6215657E-05 -3.3721732E-08
  -2.4500000E+01  4.2355114E+02  6.6229399E-06 -1.3290871E-08
  -2.4500000E+01  4.2310795E+02  6.6229159E-06 -1.2816336E-08
  -2.4500000E+01  4.2266477E+02  6.6228825E-06 -1.2333155E-08
  -2.4500000E+01  4.2222159E+02  6.6228397E-06 -1.1880307E-08
  -2.3500000E+01  4.3152841E+02  5.7460472E-13 -1.8348323E-07
  -2.3500000E+01  4.3108523E+02  5.7460470E-13 -1.8348323E-07
  -2.3500000E+01  4.3064205E+02  5.7460468E-13 -1.8348323E-07
  -2.3500000E+01  4.3019886E+02  5.7460467E-13 -1.8348323E-07
  -2.3500000E+01  4.2975568E+02  5.7460465E-13 -1.8348323E-07
  -2.3500000E+01  4.2931250E+02  5.7460463E-13 -1.8348324E-07
  -2.3500000E+01  4.2886932E+02  5.7460462E-13 -1.8348323E-07
  -2.3500000E+01  4.2842614E+02  5.7460460E-13 -1.8348323E-07
  -2.3500000E+01  4.2798295E+02  5.7460458E-13 -1.8348323E-07
  -2.3500000E+01  4.2753977E+02  5.7460457E-13 -1.8348324E-07
  -2.3500000E+01  4.2709659E+02  5.7460455E-13 -1.8348323E-07
  -2.3500000E+01  4.2665341E+02  5.7460454E-13 -1.8348324E-07
  -2.3500000E+01  4.2621023E+02  5.7460452E-13 -1.8348323E-07
  -2.3500000E+01  4.2576705E+02  5.7460450E-13 -1.8348324E-07
  -2.3500000E+01  4.2532386E+02  5.7460448E-13 -1.8348323E-07
  -2.3500000E+01  4.2488068E+02  5.7460447E-13 -1.8348325E-07
  -2.3500000E+01  4.2443750E+02  8.3904813E-05 -1.8035413E-07
  -2.3500000E+01  4.2399432E+02  1.6218353E-05 -3.3658531E-08
  -2.3500000E+01  4.2355114E+02  6.6240328E-06 -1.3238785E-08
  -2.3500000E+01  4.2310795E+02  6.6239986E-06 -1.2737296E-08
  -2.3500000E+01  4.2266477E+02  6.6239538E-06 -1.2235709E-08
  -2.3500000E+01  4.2222159E+02  6.6238991E-06 -1.1757636E-08
  -2.2500000E+01  4.3152841E+02  5.7472022E-13 -1.8358510E-07
  -2.2500000E+01  4.3108523E+02  5.7472028E-13 -1.8358510E-07
  -2.2500000E+01  4.3064205E+02  5.7472034E-13 -1.8358510E-07
  -2.2500000E+01  4.3019886E+02  5.7472040E-13 -1.8358510E-07
  -2.2500000E+01  4.2975568E+02  5.7472046E-13 -1.8358511E-07
  -2.2500000E+01  4.2931250E+02  5.7472053E-13 -1.8358511E-07
  -2.2500000E+01  4.2886932E+02  5.7472059E-13 -1.8358511E-07
  -2.2500000E+01  4.2842614E+02  5.7472065E-13 -1.8358511E-07
  -2.2500000E+01  4.2798295E+02  5.7472071E-13 -1.8358510E-07
  -2.2500000E+01  4.2753977E+02  5.7472078E-13 -1.8358511E-07
  -2.2500000E+01  4.2709659E+02  5.7472083E-13 -1.8358510E-07
  -2.2500000E+01  4.2665341E+02  5.7472090E-13 -1.8358511E-07
  -2.2500000E+01  4.2621023E+02  5.7472096E-13 -1.8358511E-07
  -2.2500000E+01  4.2576705E+02  5.7472102E-13 -1.8358511E-07
  -2.2500000E+01  4.2532386E+02  5.7472108E-13 -1.8358511E-07
  -2.2500000E+01  4.2488068E+02  5.7472115E-13 -1.8358512E-07
  -2.2500000E+01  4.2443750E+02  8.3919018E-05 -1.8014790E-07
  -2.2500000E+01  4.2399432E+02  1.6221090E-05 -3.3555894E-08
  -2.2500000E+01  4.2355114E+02  6.6251406E-06 -1.3166302E-08
  -2.2500000E+01  4.2310795E+02  6.6250965E-06 -1.2633237E-08
  -2.2500000E+01  4.2266477E+02  6.6250408E-06 -1.2113021E-08
  -2.2500000E+01  4.2222159E+02  6.6249751E-06 -1.1608590E-08
  -2.1500000E+01  4.3152841E+02  5.7471286E-13 -1.8320492E-07
  -2.1500000E+01  4.3108523E+02  5.7471263E-13 -1.8320492E-07
  -2.1500000E+01  4.3064205E+02  5.7471240E-13 -1.8320492E-07
  -2.1500000E+01  4.3019886E+02  5.7471217E-13 -1.8320492E-07
  -2.1500000E+01  4.2975568E+02  5.7471194E-13 -1.8320492E-07
  -2.1500000E+01  4.2931250E+02  5.7471171E-13 -1.8320492E-07
  -2.1500000E+01  4.2886932E+02  5.7471148E-13 -1.8320492E-07
  -2.1500000E+01  4.2842614E+02  5.7471124E-13 -1.8320492E-07
  -2.1500000E+01  4.2798295E+02  5.7471101E-13 -1.8320492E-07
  -2.1500000E+01  4.2753977E+02  5.7471079E-13 -1.8320492E-07
  -2.1500000E+01  4.2709659E+02  5.7471055E-13 -1.8320491E-07
  -2.1500000E+01  4.2665341E+02  5.7471032E-13 -1.8320492E-07
  -2.1500000E+01  4.2621023E+02  5.7471009E-13 -1.8320492E-07
  -2.1500000E+01  4.2576705E+02  5.7470986E-13 -1.8320492E-07
  -2.1500000E+01  4.2532386E+02  5.7470963E-13 -1.8320492E-07
  -2.1500000E+01  4.2488068E+02  5.7470940E-13 -1.8320491E-07
  -2.1500000E+01  4.2443750E+02  8.3933702E-05 -1.7979197E-07
  -2.1500000E+01  4.2399432E+02  1.6223912E-05 -3.3412975E-08
  -2.1500000E+01  4.2355114E+02  6.6262828E-06 -1.3069274E-08
  -2.1500000E+01  4.2310795E+02  6.6262260E-06 -1.2502623E-08
  -2.1500000E+01  4.2266477E+02  6.6261571E-06 -1.1962430E-08
  -2.1500000E+01  4.2222159E+02  6.6260782E-06 -1.1432920E-08
  -2.0500000E+01  4.3152841E+02  5.7518139E-13 -1.8462379E-07
  -2.0500000E+01  4.3108523E+02  5.7518225E-13 -1.8462379E-07
  -2.0500000E+01  4.3064205E+02  5.7518310E-13 -1.8462379E-07
  -2.0500000E+01  4.3019886E+02  5.7518396E-13 -1.8462379E-07
  -2.0500000E+01  4.2975568E+02  5.7518482E-13 -1.8462380E-07
  -2.0500000E+01  4.2931250E+02  5.7518568E-13 -1.8462379E-07
  -2.0500000E+01  4.2886932E+02  5.7518654E-13 -1.8462380E-07
  -2.0500000E+01  4.2842614E+02  5.7518740E-13 -1.8462380E-07
  -2.0500000E+01  4.2798295E+02  5.7518826E-13 -1.8462380E-07
  -2.0500000E+01  4.2753977E+02  5.7518912E-13 -1.8462381E-07
  -2.0500000E+01  4.2709659E+02  5.7518998E-13 -1.8462381E-07
  -2.0500000E+01  4.2665341E+02  5.7519084E-13 -1.8462380E-07
  -2.0500000E+01  4.2621023E+02  5.7519170E-13 -1.8462381E-07
  -2.0500000E+01  4.2576705E+02  5.7519256E-13 -1.8462381E-07
  -2.0500000E+01  4.2532386E+02  5.7519342E-13 -1.8462382E-07
  -2.0500000E+01  4.2488068E+02  5.7519428E-13 -1.8462382E-07
  -2.0500000E+01  4.2443750E+02  8.3949417E-05 -1.7966657E-07
  -2.0500000E+01  4.2399432E+02  1.6226954E-05 -3.3169226E-08
  -2.0500000E+01  4.2355114E+02  6.6274959E-06 -1.2935944E-08
  -2.0500000E+01  4.2310795E+02  6.6274187E-06 -1.2333494E-08
  -2.0500000E+01  4.2266477E+02  6.6273264E-06 -1.1767755E-08
  -2.0500000E+01  4.2222159E+02  6.6272231E-06 -1.1216577E-08
  -1.9500000E+01  4.3152841E+02  5.7391525E-13 -1.7932850E-07
  -1.9500000E+01  4.3108523E+02  5.7391204E-13 -1.7932849E-07
  -1.9500000E+01  4.3064205E+02  5.7390883E-13 -1.7932848E-07
  -1.9500000E+01  4.3019886E+02  5.7390563E-13 -1.7932848E-07
  -1.9500000E+01  4.2975568E+02  5.7390242E-13 -1.7932848E-07
  -1.9500000E+01  4.2931250E+02  5.7389921E-13 -1.7932847E-07
  -1.9500000E+01  4.2886932E+02  5.7389601E-13 -1.7932847E-07
  -1.9500000E+01  4.2842614E+02  5.7389280E-13 -1.7932846E-07
  -1.9500000E+01  4.2798295E+02  5.7388959E-13 -1.7932845E-07
  -1.9500000E+01  4.2753977E+02  5.7388638E-13 -1.7932845E-07
  -1.9500000E+01  4.2709659E+02  5.7388318E-13 -1.7932845E-07
  -1.9500000E+01  4.2665341E+02  5.7387997E-13 -1.7932844E-07
  -1.9500000E+01  4.2621023E+02  5.7387676E-13 -1.7932844E-07
  -1.9500000E+01  4.2576705E+02  5.7387356E-13 -1.7932843E-07
  -1.9500000E+01  4.2532386E+02  5.7387035E-13 -1.7932842E-07
  -1.9500000E+01  4.2488068E+02  5.7386714E-13 -1.7932842E-07
  -1.9500000E+01  4.2443750E+02  8.3967555E-05 -1.7764970E-07
  -1.9500000E+01  4.2399432E+02  1.6230288E-05 -3.2908130E-08
  -1.9500000E+01  4.2355114E+02  6.6288504E-06 -1.2729185E-08
  -1.9500000E+01  4.2310795E+02  6.6287180E-06 -1.2067218E-08
  -1.9500000E+01  4.2266477E+02  6.6285644E-06 -1.1479153E-08
  -1.9500000E+01  4.2222159E+02  6.6284103E-06 -1.0924514E-08
  -1.8500000E+01  4.3152841E+02  5.7919246E-13 -1.9909088E-07
  -1.8500000E+01  4.3108523E+02  5.7920443E-13 -1.9909089E-07
  -1.8500000E+01  4.3064205E+02  5.7921640E-13 -1.9909090E-07
  -1.8500000E+01  4.3019886E+02  5.7922836E-13 -1.9909091E-07
  -1.8500000E+01  4.2975568E+02  5.7924033E-13 -1.9909092E-07
  -1.8500000E+01  4.2931250E+02  5.7925230E-13 -1.9909093E-07
  -1.8500000E+01  4.2886932E+02  5.7926426E-13 -1.9909094E-07
  -1.8500000E+01  4.2842614E+02  5.7927623E-13 -1.9909095E-07
  -1.8500000E+01  4.2798295E+02  5.7928820E-13 -1.9909097E-07
  -1.8500000E+01  4.2753977E+02  5.7930017E-13 -1.9909097E-07
  -1.8500000E+01  4.2709659E+02  5.7931213E-13 -1.9909099E-07
  -1.8500000E+01  4.2665341E+02  5.7932410E-13 -1.9909100E-07
  -1.8500000E+01  4.2621023E+02  5.7933607E-13 -1.9909101E-07
  -1.8500000E+01  4.2576705E+02  5.7934804E-13 -1.9909102E-07
  -1.8500000E+01  4.2532386E+02  5.7936000E-13 -1.9909102E-07
  -1.8500000E+01  4.2488068E+02  5.7937197E-13 -1.9909105E-07
  -1.8500000E+01  4.2443750E+02  8.3988854E-05 -1.8333142E-07
  -1.8500000E+01  4.2399432E+02  1.6234958E-05 -3.1769766E-08
  -1.8500000E+01  4.2355114E+02  6.6304028E-06 -1.2165054E-08
  -1.8500000E+01  4.2310795E+02  6.6300626E-06 -1.1564985E-08
  -1.8500000E+01  4.2266477E+02  6.6298001E-06 -1.1042606E-08
  -1.8500000E+01  4.2222159E+02  6.6295892E-06 -1.0537331E-08
  -1.7500000E+01  4.3152841E+02  5.6040681E-13 -1.2533623E-07
  -1.7500000E+01  4.3108523E+02  5.6036215E-13 -1.2533622E-07
  -1.7500000E+01  4.3064205E+02  5.6031750E-13 -1.2533621E-07
  -1.7500000E+01  4.3019886E+02  5.6027285E-13 -1.2533620E-07
  -1.7500000E+01  4.2975568E+02  5.6022819E-13 -1.2533620E-07
  -1.7500000E+01  4.2931250E+02  5.6018354E-13 -1.2533619E-07
  -1.7500000E+01  4.2886932E+02  5.6013889E-13 -1.2533618E-07
  -1.7500000E+01  4.2842614E+02  5.6009423E-13 -1.2533618E-07
  -1.7500000E+01  4.2798295E+02  5.6004958E-13 -1.2533617E-07
  -1.7500000E+01  4.2753977E+02  5.6000493E-13 -1.2533616E-07
  -1.7500000E+01  4.2709659E+02  5.5996028E-13 -1.2533616E-07
  -1.7500000E+01  4.2665341E+02  5.5991562E-13 -1.2533615E-07
  -1.7500000E+01  4.2621023E+02  5.5987097E-13 -1.2533615E-07
  -1.7500000E+01  4.2576705E+02  5.5982632E-13 -1.2533614E-07
  -1.7500000E+01  4.2532386E+02  5.5978166E-13 -1.2533613E-07
  -1.7500000E+01  4.2488068E+02  5.5973701E-13 -1.2533614E-07
  -1.7500000E+01  4.2443750E+02  8.4042406E-05 -1.3375081E-07
  -1.7500000E+01  4.2399432E+02  1.6238977E-05 -2.7335429E-08
  -1.7500000E+01  4.2355114E+02  6.6314498E-06 -1.1187546E-08
  -1.7500000E+01  4.2310795E+02  6.6310826E-06 -1.0946296E-08
  -1.7500000E+01  4.2266477E+02  6.6308649E-06 -1.0577994E-08
  -1.7500000E+01  4.2222159E+02  6.6306939E-06 -1.0140159E-08
  -1.6500000E+01  4.3152841E+02  5.5817085E-13 -1.2533555E-07
  -1.6500000E+01  4.3108523E+02  5.5821550E-13 -1.2533555E-07
  -1.6500000E+01  4.3064205E+02  5.5826016E-13 -1.2533556E-07
  -1.6500000E+01  4.3019886E+02  5.5830481E-13 -1.2533556E-07
  -1.6500000E+01  4.2975568E+02  5.5834946E-13 -1.2533557E-07
  -1.6500000E+01  4.2931250E+02  5.5839411E-13 -1.2533558E-07
  -1.6500000E+01  4.2886932E+02  5.5843877E-13 -1.2533559E-07
  -1.6500000E+01  4.2842614E+02  5.5848342E-13 -1.2533560E-07
  -1.6500000E+01  4.2798295E+02  5.5852808E-13 -1.2533561E-07
  -1.6500000E+01  4.2753977E+02  5.5857273E-13 -1.2533562E-07
  -1.6500000E+01  4.2709659E+02  5.5861738E-13 -1.2533562E-07
  -1.6500000E+01  4.2665341E+02  5.5866204E-13 -1.2533563E-07
  -1.6500000E+01  4.2621023E+02  5.5870669E-13 -1.2533564E-07
  -1.6500000E+01  4.2576705E+02  5.5875134E-13 -1.2533565E-07
  -1.6500000E+01  4.2532386E+02  5.5879600E-13 -1.2533566E-07
  -1.6500000E+01  4.2488068E+02  5.5884065E-13 -1.2533567E-07
  -1.6500000E+01  4.2443750E+02  8.3956929E-05 -1.3353134E-07
  -1.6500000E+01  4.2399432E+02  1.6234372E-05 -2.7177744E-08
  -1.6500000E+01  4.2355114E+02  6.6315419E-06 -1.1076979E-08
  -1.6500000E+01  4.2310795E+02  6.6317903E-06 -1.0788912E-08
  -1.6500000E+01  4.2266477E+02  6.6318448E-06 -1.0367205E-08
  -1.6500000E+01  4.2222159E+02  6.6318065E-06 -9.8786729E-09
  -1.5500000E+01  4.3152841E+02  5.7976474E-13 -1.9909125E-07
  -1.5500000E+01  4.3108523E+02  5.7975278E-13 -1.9909123E-07
  -1.5500000E+01  4.3064205E+02  5.7974081E-13 -1.9909122E-07
  -1.5500000E+01  4.3019886E+02  5.7972884E-13 -1.9909121E-07
  -1.5500000E+01  4.2975568E+02  5.7971687E-13 -1.9909119E-07
  -1.5500000E+01  4.2931250E+02  5.7970490E-13 -1.9909118E-07
  -1.5500000E+01  4.2886932E+02  5.7969294E-13 -1.9909117E-07
  -1.5500000E+01  4.2842614E+02  5.7968097E-13 -1.9909116E-07
  -1.5500000E+01  4.2798295E+02  5.7966900E-13 -1.9909115E-07
  -1.5500000E+01  4.2753977E+02  5.7965704E-13 -1.9909114E-07
  -1.5500000E+01  4.2709659E+02  5.7964507E-13 -1.9909113E-07
  -1.5500000E+01  4.2665341E+02  5.7963310E-13 -1.9909111E-07
  -1.5500000E+01  4.2621023E+02  5.7962113E-13 -1.9909111E-07
  -1.5500000E+01  4.2576705E+02  5.7960917E-13 -1.9909110E-07
  -1.5500000E+01  4.2532386E+02  5.7959720E-13 -1.9909108E-07
  -1.5500000E+01  4.2488068E+02  5.7958523E-13 -1.9909108E-07
  -1.5500000E+01  4.2443750E+02  8.4014015E-05 -1.8262504E-07
  -1.5500000E+01  4.2399432E+02  1.6239064E-05 -3.1279155E-08
  -1.5500000E+01  4.2355114E+02  6.6328552E-06 -1.1822858E-08
  -1.5500000E+01  4.2310795E+02  6.6330660E-06 -1.1079381E-08
  -1.5500000E+01  4.2266477E+02  6.6331536E-06 -1.0397303E-08
  -1.5500000E+01  4.2222159E+02  6.6331441E-06 -9.7407506E-09
  -1.4500000E+01  4.3152841E+02  5.7427185E-13 -1.7932835E-07
  -1.4500000E+01  4.3108523E+02  5.7427506E-13 -1.7932836E-07
  -1.4500000E+01  4.3064205E+02  5.7427827E-13 -1.7932836E-07
  -1.4500000E+01  4.3019886E+02  5.7428147E-13 -1.7932836E-07
  -1.4500000E+01  4.2975568E+02  5.7428468E-13 -1.7932837E-07
  -1.4500000E+01  4.2931250E+02  5.7428789E-13 -1.7932838E-07
  -1.4500000E+01  4.2886932E+02  5.7429110E-13 -1.7932838E-07
  -1.4500000E+01  4.2842614E+02  5.7429431E-13 -1.7932839E-07
  -1.4500000E+01  4.2798295E+02  5.7429751E-13 -1.7932839E-07
  -1.4500000E+01  4.2753977E+02  5.7430072E-13 -1.7932840E-07
  -1.4500000E+01  4.2709659E+02  5.7430393E-13 -1.7932841E-07
  -1.4500000E+01  4.2665341E+02  5.7430713E-13 -1.7932841E-07
  -1.4500000E+01  4.2621023E+02  5.7431034E-13 -1.7932842E-07
  -1.4500000E+01  4.2576705E+02  5.7431355E-13 -1.7932842E-07
  -1.4500000E+01  4.2532386E+02  5.7431676E-13 -1.7932843E-07
  -1.4500000E+01  4.2488068E+02  5.7431996E-13 -1.7932844E-07
  -1.4500000E+01  4.2443750E+02  8.4042255E-05 -1.7632531E-07
  -1.4500000E+01  4.2399432E+02  1.6245059E-05 -3.2036785E-08
  -1.4500000E+01  4.2355114E+02  6.6349336E-06 -1.2126674E-08
  -1.4500000E+01  4.2310795E+02  6.6349182E-06 -1.1216538E-08
  -1.4500000E+01  4.2266477E+02  6.6348762E-06 -1.0363161E-08
  -1.4500000E+01  4.2222159E+02  6.6347893E-06 -9.5574303E-09
  -1.3500000E+01  4.3152841E+02  5.7596708E-13 -1.8462383E-07
  -1.3500000E+01  4.3108523E+02  5.7596622E-13 -1.8462383E-07
  -1.3500000E+01  4.3064205E+02  5.7596536E-13 -1.8462382E-07
  -1.3500000E+01  4.3019886E+02  5.7596450E-13 -1.8462382E-07
  -1.3500000E+01  4.2975568E+02  5.7596364E-13 -1.8462382E-07
  -1.3500000E+01  4.2931250E+02  5.7596278E-13 -1.8462382E-07
  -1.3500000E+01  4.2886932E+02  5.7596192E-13 -1.8462381E-07
  -1.3500000E+01  4.2842614E+02  5.7596106E-13 -1.8462382E-07
  -1.3500000E+01  4.2798295E+02  5.7596020E-13 -1.8462381E-07
  -1.3500000E+01  4.2753977E+02  5.7595934E-13 -1.8462380E-07
  -1.3500000E+01  4.2709659E+02  5.7595848E-13 -1.8462381E-07
  -1.3500000E+01  4.2665341E+02  5.7595762E-13 -1.8462380E-07
  -1.3500000E+01  4.2621023E+02  5.7595677E-13 -1.8462381E-07
  -1.3500000E+01  4.2576705E+02  5.7595591E-13 -1.8462381E-07
  -1.3500000E+01  4.2532386E+02  5.7595505E-13 -1.8462380E-07
  -1.3500000E+01  4.2488068E+02  5.7595419E-13 -1.8462380E-07
  -1.3500000E+01  4.2443750E+02  8.4070567E-05 -1.7755032E-07
  -1.3500000E+01  4.2399432E+02  1.6250341E-05 -3.1851623E-08
  -1.3500000E+01  4.2355114E+02  6.6370658E-06 -1.2033485E-08
  -1.3500000E+01  4.2310795E+02  6.6369734E-06 -1.1066441E-08
  -1.3500000E+01  4.2266477E+02  6.6368446E-06 -1.0128065E-08
  -1.3500000E+01  4.2222159E+02  6.6366792E-06 -9.2230507E-09
  -1.2500000E+01  4.3152841E+02  5.7574300E-13 -1.8320490E-07
  -1.2500000E+01  4.3108523E+02  5.7574323E-13 -1.8320491E-07
  -1.2500000E+01  4.3064205E+02  5.7574346E-13 -1.8320491E-07
  -1.2500000E+01  4.3019886E+02  5.7574369E-13 -1.8320490E-07
  -1.2500000E+01  4.2975568E+02  5.7574392E-13 -1.8320491E-07
  -1.2500000E+01  4.2931250E+02  5.7574415E-13 -1.8320491E-07
  -1.2500000E+01  4.2886932E+02  5.7574438E-13 -1.8320491E-07
  -1.2500000E+01  4.2842614E+02  5.7574461E-13 -1.8320491E-07
  -1.2500000E+01  4.2798295E+02  5.7574484E-13 -1.8320492E-07
  -1.2500000E+01  4.2753977E+02  5.7574507E-13 -1.8320491E-07
  -1.2500000E+01  4.2709659E+02  5.7574530E-13 -1.8320491E-07
  -1.2500000E+01  4.2665341E+02  5.7574553E-13 -1.8320491E-07
  -1.2500000E+01  4.2621023E+02  5.7574576E-13 -1.8320492E-07
  -1.2500000E+01  4.2576705E+02  5.7574600E-13 -1.8320492E-07
  -1.2500000E+01  4.2532386E+02  5.7574622E-13 -1.8320492E-07
  -1.2500000E+01  4.2488068E+02  5.7574646E-13 -1.8320492E-07
  -1.2500000E+01  4.2443750E+02  8.4099653E-05 -1.7671785E-07
  -1.2500000E+01  4.2399432E+02  1.6255950E-05 -3.1579993E-08
  -1.2500000E+01  4.2355114E+02  6.6393102E-06 -1.1823951E-08
  -1.2500000E+01  4.2310795E+02  6.6391750E-06 -1.0762539E-08
  -1.2500000E+01  4.2266477E+02  6.6389952E-06 -9.7355318E-09
  -1.2500000E+01  4.2222159E+02  6.6387728E-06 -8.7405395E-09
  -1.1500000E+01  4.3152841E+02  5.7604877E-13 -1.8358511E-07
  -1.1500000E+01  4.3108523E+02  5.7604871E-13 -1.8358511E-07
  -1.1500000E+01  4.3064205E+02  5.7604865E-13 -1.8358511E-07
  -1.1500000E+01  4.3019886E+02  5.7604859E-13 -1.8358510E-07
  -1.1500000E+01  4.2975568E+02  5.7604852E-13 -1.8358510E-07
  -1.1500000E+01  4.2931250E+02  5.7604846E-13 -1.8358510E-07
  -1.1500000E+01  4.2886932E+02  5.7604840E-13 -1.8358511E-07
  -1.1500000E+01  4.2842614E+02  5.7604834E-13 -1.8358511E-07
  -1.1500000E+01  4.2798295E+02  5.7604828E-13 -1.8358511E-07
  -1.1500000E+01  4.2753977E+02  5.7604821E-13 -1.8358510E-07
  -1.1500000E+01  4.2709659E+02  5.7604815E-13 -1.8358510E-07
  -1.1500000E+01  4.2665341E+02  5.7604809E-13 -1.8358510E-07
  -1.1500000E+01  4.2621023E+02  5.7604803E-13 -1.8358511E-07
  -1.1500000E+01  4.2576705E+02  5.7604797E-13 -1.8358511E-07
  -1.1500000E+01  4.2532386E+02  5.7604790E-13 -1.8358510E-07
  -1.1500000E+01  4.2488068E+02  5.7604784E-13 -1.8358510E-07
  -1.1500000E+01  4.2443750E+02  8.4131132E-05 -1.7599289E-07
  -1.1500000E+01  4.2399432E+02  1.6262005E-05 -3.1144159E-08
  -1.1500000E+01  4.2355114E+02  6.6417570E-06 -1.1536409E-08
  -1.1500000E+01  4.2310795E+02  6.6415877E-06 -1.0363123E-08
  -1.1500000E+01  4.2266477E+02  6.6413657E-06 -9.2281978E-09
  -1.1500000E+01  4.2222159E+02  6.6410932E-06 -8.1313511E-09
  -1.0500000E+01  4.3152841E+02  5.7623840E-13 -1.8348323E-07
  -1.0500000E+01  4.3108523E+02  5.7623841E-13 -1.8348323E-07
  -1.0500000E+01  4.3064205E+02  5.7623843E-13 -1.8348323E-07
  -1.0500000E+01  4.3019886E+02  5.7623844E-13 -1.8348323E-07
  -1.0500000E+01  4.2975568E+02  5.7623846E-13 -1.8348323E-07
  -1.0500000E+01  4.2931250E+02  5.7623848E-13 -1.8348323E-07
  -1.0500000E+01  4.2886932E+02  5.7623849E-13 -1.8348323E-07
  -1.0500000E+01  4.2842614E+02  5.7623851E-13 -1.8348323E-07
  -1.0500000E+01  4.2798295E+02  5.7623853E-13 -1.8348323E-07
  -1.0500000E+01  4.2753977E+02  5.7623854E-13 -1.8348323E-07
  -1.0500000E+01  4.2709659E+02  5.7623856E-13 -1.8348323E-07
  -1.0500000E+01  4.2665341E+02  5.7623858E-13 -1.8348323E-07
  -1.0500000E+01  4.2621023E+02  5.7623859E-13 -1.8348323E-07
  -1.0500000E+01  4.2576705E+02  5.7623861E-13 -1.8348324E-07
  -1.0500000E+01  4.2532386E+02  5.7623863E-13 -1.8348323E-07
  -1.0500000E+01  4.2488068E+02  5.7623864E-13 -1.8348323E-07
  -1.0500000E+01  4.2443750E+02  8.4166104E-05 -1.7504532E-07
  -1.0500000E+01  4.2399432E+02  1.6268745E-05 -3.0611583E-08
  -1.0500000E+01  4.2355114E+02  6.6444849E-06 -1.1184297E-08
  -1.0500000E+01  4.2310795E+02  6.6442841E-06 -9.8802443E-09
  -1.0500000E+01  4.2266477E+02  6.6440202E-06 -8.6144935E-09
  -1.0500000E+01  4.2222159E+02  6.6436941E-06 -7.3946234E-09
  -9.5000000E+00  4.3152841E+02  5.7649395E-13 -1.8351053E-07
  -9.5000000E+00  4.3108523E+02  5.7649394E-13 -1.8351053E-07
  -9.5000000E+00  4.3064205E+02  5.7649394E-13 -1.8351052E-07
  -9.5000000E+00  4.3019886E+02  5.7649393E-13 -1.8351053E-07
  -9.5000000E+00  4.2975568E+02  5.7649393E-13 -1.8351053E-07
  -9.5000000E+00  4.2931250E+02  5.7649392E-13 -1.8351053E-07
  -9.5000000E+00  4.2886932E+02  5.7649392E-13 -1.8351053E-07
  -9.5000000E+00  4.2842614E+02  5.7649392E-13 -1.8351053E-07
  -9.5000000E+00  4.2798295E+02  5.7649391E-13 -1.8351052E-07
  -9.5000000E+00  4.2753977E+02  5.7649391E-13 -1.8351053E-07
  -9.5000000E+00  4.2709659E+02  5.7649390E-13 -1.8351053E-07
  -9.5000000E+00  4.2665341E+02  5.7649390E-13 -1.8351053E-07
  -9.5000000E+00  4.2621023E+02  5.7649389E-13 -1.8351053E-07
  -9.5000000E+00  4.2576705E+02  5.7649389E-13 -1.8351054E-07
  -9.5000000E+00  4.2532386E+02  5.7649388E-13 -1.8351052E-07
  -9.5000000E+00  4.2488068E+02  5.7649388E-13 -1.8351053E-07
  -9.5000000E+00  4.2443750E+02  8.4205716E-05 -1.7398422E-07
  -9.5000000E+00  4.2399432E+02  1.6276382E-05 -2.9983108E-08
  -9.5000000E+00  4.2355114E+02  6.6475785E-06 -1.0769029E-08
  -9.5000000E+00  4.2310795E+02  6.6473423E-06 -9.3094727E-09
  -9.5000000E+00  4.2266477E+02  6.6470295E-06 -7.8838549E-09
  -9.5000000E+00  4.2222159E+02  6.6466397E-06 -6.5101571E-09
  -8.5000000E+00  4.3152841E+02  5.7677534E-13 -1.8350321E-07
  -8.5000000E+00  4.3108523E+02  5.7677534E-13 -1.8350321E-07
  -8.5000000E+00  4.3064205E+02  5.7677534E-13 -1.8350321E-07
  -8.5000000E+00  4.3019886E+02  5.7677534E-13 -1.8350321E-07
  -8.5000000E+00  4.2975568E+02  5.7677534E-13 -1.8350321E-07
  -8.5000000E+00  4.2931250E+02  5.7677535E-13 -1.8350321E-07
  -8.5000000E+00  4.2886932E+02  5.7677535E-13 -1.8350321E-07
  -8.5000000E+00  4.2842614E+02  5.7677535E-13 -1.8350321E-07
  -8.5000000E+00  4.2798295E+02  5.7677535E-13 -1.8350321E-07
  -8.5000000E+00  4.2753977E+02  5.7677535E-13 -1.8350321E-07
  -8.5000000E+00  4.2709659E+02  5.7677535E-13 -1.8350321E-07
  -8.5000000E+00  4.2665341E+02  5.7677535E-13 -1.8350321E-07
  -8.5000000E+00  4.2621023E+02  5.7677536E-13 -1.8350322E-07
  -8.5000000E+00  4.2576705E+02  5.7677536E-13 -1.8350322E-07
  -8.5000000E+00  4.2532386E+02  5.7677535E-13 -1.8350320E-07
  -8.5000000E+00  4.2488068E+02  5.7677536E-13 -1.8350321E-07
  -8.5000000E+00  4.2443750E+02  8.4251038E-05 -1.7277657E-07
  -8.5000000E+00  4.2399432E+02  1.6285119E-05 -2.9256383E-08
  -8.5000000E+00  4.2355114E+02  6.6511173E-06 -1.0281197E-08
  -8.5000000E+00  4.2310795E+02  6.6508375E-06 -8.6328191E-09
  -8.5000000E+00  4.2266477E+02  6.6504644E-06 -7.0128254E-09
  -8.5000000E+00  4.2222159E+02  6.6499965E-06 -5.4460246E-09
  -7.5000000E+00  4.3152841E+02  5.7710124E-13 -1.8350517E-07
  -7.5000000E+00  4.3108523E+02  5.7710124E-13 -1.8350517E-07
  -7.5000000E+00  4.3064205E+02  5.7710124E-13 -1.8350516E-07
  -7.5000000E+00  4.3019886E+02  5.7710124E-13 -1.8350516E-07
  -7.5000000E+00  4.2975568E+02  5.7710124E-13 -1.8350517E-07
  -7.5000000E+00  4.2931250E+02  5.7710124E-13 -1.8350517E-07
  -7.5000000E+00  4.2886932E+02  5.7710124E-13 -1.8350516E-07
  -7.5000000E+00  4.2842614E+02  5.7710124E-13 -1.8350517E-07
  -7.5000000E+00  4.2798295E+02  5.7710124E-13 -1.8350517E-07
  -7.5000000E+00  4.2753977E+02  5.7710124E-13 -1.8350517E-07
  -7.5000000E+00  4.2709659E+02  5.7710124E-13 -1.8350517E-07
  -7.5000000E+00  4.2665341E+02  5.7710124E-13 -1.8350517E-07
  -7.5000000E+00  4.2621023E+02  5.7710124E-13 -1.8350518E-07
  -7.5000000E+00  4.2576705E+02  5.7710124E-13 -1.8350517E-07
  -7.5000000E+00  4.2532386E+02  5.7710124E-13 -1.8350517E-07
  -7.5000000E+00  4.2488068E+02  5.7710124E-13 -1.8350517E-07
  -7.5000000E+00  4.2443750E+02  8.4303040E-05 -1.7137175E-07
  -7.5000000E+00  4.2399432E+02  1.6295140E-05 -2.8411351E-08
  -7.5000000E+00  4.2355114E+02  6.6551728E-06 -9.7042292E-09
  -7.5000000E+00  4.2310795E+02  6.6548386E-06 -7.8243075E-09
  -7.5000000E+00  4.2266477E+02  6.6543917E-06 -5.9708874E-09
  -7.5000000E+00  4.2222159E+02  6.6538309E-06 -4.1669765E-09
  -6.5000000E+00  4.3152841E+02  5.7747388E-13 -1.8350464E-07
  -6.5000000E+00  4.3108523E+02  5.7747388E-13 -1.8350464E-07
  -6.5000000E+00  4.3064205E+02  5.7747388E-13 -1.8350464E-07
  -6.5000000E+00  4.3019886E+02  5.7747388E-13 -1.8350464E-07
  -6.5000000E+00  4.2975568E+02  5.7747388E-13 -1.8350464E-07
  -6.5000000E+00  4.2931250E+02  5.7747388E-13 -1.8350464E-07
  -6.5000000E+00  4.2886932E+02  5.7747388E-13 -1.8350464E-07
  -6.5000000E+00  4.2842614E+02  5.7747388E-13 -1.8350464E-07
  -6.5000000E+00  4.2798295E+02  5.7747388E-13 -1.8350464E-07
  -6.5000000E+00  4.2753977E+02  5.7747388E-13 -1.8350464E-07
  -6.5000000E+00  4.2709659E+02  5.7747388E-13 -1.8350464E-07
  -6.5000000E+00  4.2665341E+02  5.7747388E-13 -1.8350464E-07
  -6.5000000E+00  4.2621023E+02  5.7747388E-13 -1.8350464E-07
  -6.5000000E+00  4.2576705E+02  5.7747388E-13 -1.8350465E-07
  -6.5000000E+00  4.2532386E+02  5.7747388E-13 -1.8350463E-07
  -6.5000000E+00  4.2488068E+02  5.7747388E-13 -1.8350464E-07
  -6.5000000E+00  4.2443750E+02  8.4362616E-05 -1.6968921E-07
  -6.5000000E+00  4.2399432E+02  1.6306615E-05 -2.7416435E-08
  -6.5000000E+00  4.2355114E+02  6.6598136E-06 -9.0176373E-09
  -6.5000000E+00  4.2310795E+02  6.6594144E-06 -6.8561933E-09
  -6.5000000E+00  4.2266477E+02  6.6588811E-06 -4.7270347E-09
  -6.5000000E+00  4.2222159E+02  6.6582145E-06 -2.6413756E-09
  -5.5000000E+00  4.3152841E+02  5.7789999E-13 -1.8350479E-07
  -5.5000000E+00  4.3108523E+02  5.7789999E-13 -1.8350478E-07
  -5.5000000E+00  4.3064205E+02  5.7789999E-13 -1.8350478E-07
  -5.5000000E+00  4.3019886E+02  5.7789999E-13 -1.8350478E-07
  -5.5000000E+00  4.2975568E+02  5.7789999E-13 -1.8350478E-07
  -5.5000000E+00  4.2931250E+02  5.7789999E-13 -1.8350478E-07
  -5.5000000E+00  4.2886932E+02  5.7789999E-13 -1.8350478E-07
  -5.5000000E+00  4.2842614E+02  5.7789999E-13 -1.8350478E-07
  -5.5000000E+00  4.2798295E+02  5.7789999E-13 -1.8350478E-07
  -5.5000000E+00  4.2753977E+02  5.7789999E-13 -1.8350478E-07
  -5.5000000E+00  4.2709659E+02  5.7789999E-13 -1.8350478E-07
  -5.5000000E+00  4.2665341E+02  5.7789999E-13 -1.8350478E-07
  -5.5000000E+00  4.2621023E+02  5.7789999E-13 -1.8350478E-07
  -5.5000000E+00  4.2576705E+02  5.7789999E-13 -1.8350479E-07
  -5.5000000E+00  4.2532386E+02  5.7789999E-13 -1.8350478E-07
  -5.5000000E+00  4.2488068E+02  5.7789999E-13 -1.8350478E-07
  -5.5000000E+00  4.2443750E+02  8.4430701E-05 -1.6765281E-07
  -5.5000000E+00  4.2399432E+02  1.6319727E-05 -2.6236182E-08
  -5.5000000E+00  4.2355114E+02  6.6651147E-06 -8.2022124E-09
  -5.5000000E+00  4.2310795E+02  6.6646426E-06 -5.7056609E-09
  -5.5000000E+00  4.2266477E+02  6.6640137E-06 -3.2551391E-09
  -5.5000000E+00  4.2222159E+02  6.6632313E-06 -8.4368968E-10
  -4.5000000E+00  4.3152841E+02  5.7838673E-13 -1.8350475E-07
  -4.5000000E+00  4.3108523E+02  5.7838673E-13 -1.8350475E-07
  -4.5000000E+00  4.3064205E+02  5.7838673E-13 -1.8350475E-07
  -4.5000000E+00  4.3019886E+02  5.7838673E-13 -1.8350475E-07
  -4.5000000E+00  4.2975568E+02  5.7838673E-13 -1.8350475E-07
  -4.5000000E+00  4.2931250E+02  5.7838673E-13 -1.8350475E-07
  -4.5000000E+00  4.2886932E+02  5.7838673E-13 -1.8350475E-07
  -4.5000000E+00  4.2842614E+02  5.7838673E-13 -1.8350475E-07
  -4.5000000E+00  4.2798295E+02  5.7838673E-13 -1.8350474E-07
  -4.5000000E+00  4.2753977E+02  5.7838673E-13 -1.8350474E-07
  -4.5000000E+00  4.2709659E+02  5.7838673E-13 -1.8350474E-07
  -4.5000000E+00  4.2665341E+02  5.7838673E-13 -1.8350475E-07
  -4.5000000E+00  4.2621023E+02  5.7838673E-13 -1.8350475E-07
  -4.5000000E+00  4.2576705E+02  5.7838673E-13 -1.8350475E-07
  -4.5000000E+00  4.2532386E+02  5.7838673E-13 -1.8350475E-07
  -4.5000000E+00  4.2488068E+02  5.7838673E-13 -1.8350475E-07
  -4.5000000E+00  4.2443750E+02  8.4508486E-05 -1.6520926E-07
  -4.5000000E+00  4.2399432E+02  1.6334707E-05 -2.4838890E-08
  -4.5000000E+00  4.2355114E+02  6.6711732E-06 -7.2431617E-09
  -4.5000000E+00  4.2310795E+02  6.6706229E-06 -4.3577309E-09
  -4.5000000E+00  4.2266477E+02  6.6698923E-06 -1.5355683E-09
  -4.5000000E+00  4.2222159E+02  6.6689862E-06  1.2467833E-09
  -3.5000000E+00  4.3152841E+02  5.7894388E-13 -1.8350476E-07
  -3.5000000E+00  4.3108523E+02  5.7894389E-13 -1.8350476E-07
  -3.5000000E+00  4.3064205E+02  5.7894388E-13 -1.8350476E-07
  -3.5000000E+00  4.3019886E+02  5.7894388E-13 -1.8350476E-07
  -3.5000000E+00  4.2975568E+02  5.7894388E-13 -1.8350475E-07
  -3.5000000E+00  4.2931250E+02  5.7894388E-13 -1.8350476E-07
  -3.5000000E+00  4.2886932E+02  5.7894388E-13 -1.8350475E-07
  -3.5000000E+00  4.2842614E+02  5.7894389E-13 -1.8350476E-07
  -3.5000000E+00  4.2798295E+02  5.7894388E-13 -1.8350475E-07
  -3.5000000E+00  4.2753977E+02  5.7894388E-13 -1.8350475E-07
  -3.5000000E+00  4.2709659E+02  5.7894388E-13 -1.8350476E-07
  -3.5000000E+00  4.2665341E+02  5.7894388E-13 -1.8350476E-07
  -3.5000000E+00  4.2621023E+02  5.7894388E-13 -1.8350476E-07
  -3.5000000E+00  4.2576705E+02  5.7894388E-13 -1.8350476E-07
  -3.5000000E+00  4.2532386E+02  5.7894388E-13 -1.8350475E-07
  -3.5000000E+00  4.2488068E+02  5.7894388E-13 -1.8350475E-07
  -3.5000000E+00  4.2443750E+02  8.4597536E-05 -1.6233950E-07
  -3.5000000E+00  4.2399432E+02  1.6351863E-05 -2.3203534E-08
  -3.5000000E+00  4.2355114E+02  6.6781169E-06 -6.1307891E-09
  -3.5000000E+00  4.2310795E+02  6.6774851E-06 -2.8029004E-09
  -3.5000000E+00  4.2266477E+02  6.6766477E-06  4.4766848E-10
  -3.5000000E+00  4.2222159E+02  6.6756096E-06  3.6506436E-09
  -2.5000000E+00  4.3152841E+02  5.7958357E-13 -1.8350476E-07
  -2.5000000E+00  4.3108523E+02  5.7958357E-13 -1.8350476E-07
  -2.5000000E+00  4.3064205E+02  5.7958357E-13 -1.8350476E-07
  -2.5000000E+00  4.3019886E+02  5.7958357E-13 -1.8350475E-07
  -2.5000000E+00  4.2975568E+02  5.7958357E-13 -1.8350475E-07
  -2.5000000E+00  4.2931250E+02  5.7958357E-13 -1.8350476E-07
  -2.5000000E+00  4.2886932E+02  5.7958356E-13 -1.8350475E-07
  -2.5000000E+00  4.2842614E+02  5.7958357E-13 -1.8350476E-07
  -2.5000000E+00  4.2798295E+02  5.7958356E-13 -1.8350474E-07
  -2.5000000E+00  4.2753977E+02  5.7958356E-13 -1.8350475E-07
  -2.5000000E+00  4.2709659E+02  5.7958356E-13 -1.8350475E-07
  -2.5000000E+00  4.2665341E+02  5.7958356E-13 -1.8350475E-07
  -2.5000000E+00  4.2621023E+02  5.7958356E-13 -1.8350474E-07
  -2.5000000E+00  4.2576705E+02  5.7958356E-13 -1.8350475E-07
  -2.5000000E+00  4.2532386E+02  5.7958356E-13 -1.8350473E-07
  -2.5000000E+00  4.2488068E+02  5.7958356E-13 -1.8350473E-07
  -2.5000000E+00  4.2443750E+02  8.4699797E-05 -1.5905657E-07
  -2.5000000E+00  4.2399432E+02  1.6371573E-05 -2.1322422E-08
  -2.5000000E+00  4.2355114E+02  6.6861028E-06 -4.8594521E-09
  -2.5000000E+00  4.2310795E+02  6.6853866E-06 -1.0327675E-09
  -2.5000000E+00  4.2266477E+02  6.6844365E-06  2.7108128E-09
  -2.5000000E+00  4.2222159E+02  6.6832564E-06  6.3927795E-09
  -1.5000000E+00  4.3152841E+02  5.8031956E-13 -1.8350476E-07
  -1.5000000E+00  4.3108523E+02  5.8031956E-13 -1.8350476E-07
  -1.5000000E+00  4.3064205E+02  5.8031956E-13 -1.8350475E-07
  -1.5000000E+00  4.3019886E+02  5.8031956E-13 -1.8350476E-07
  -1.5000000E+00  4.2975568E+02  5.8031956E-13 -1.8350475E-07
  -1.5000000E+00  4.2931250E+02  5.8031956E-13 -1.8350475E-07
  -1.5000000E+00  4.2886932E+02  5.8031956E-13 -1.8350476E-07
  -1.5000000E+00  4.2842614E+02  5.8031955E-13 -1.8350475E-07
  -1.5000000E+00  4.2798295E+02  5.8031955E-13 -1.8350475E-07
  -1.5000000E+00  4.2753977E+02  5.8031955E-13 -1.8350475E-07
  -1.5000000E+00  4.2709659E+02  5.8031955E-13 -1.8350475E-07
  -1.5000000E+00  4.2665341E+02  5.8031955E-13 -1.8350474E-07
  -1.5000000E+00  4.2621023E+02  5.8031955E-13 -1.8350474E-07
  -1.5000000E+00  4.2576705E+02  5.8031955E-13 -1.8350475E-07
  -1.5000000E+00  4.2532386E+02  5.8031955E-13 -1.8350475E-07
  -1.5000000E+00  4.2488068E+02  5.8031955E-13 -1.8350474E-07
  -1.5000000E+00  4.2443750E+02  8.4817472E-05 -1.5538470E-07
  -1.5000000E+00  4.2399432E+02  1.6394265E-05 -1.9198595E-08
  -1.5000000E+00  4.2355114E+02  6.6953065E-06 -3.4251870E-09
  -1.5000000E+00  4.2310795E+02  6.6945023E-06  9.6348073E-10
  -1.5000000E+00  4.2266477E+02  6.6934325E-06  5.2722019E-09
  -1.5000000E+00  4.2222159E+02  6.6920992E-06  9.5028266E-09
  -5.0000000E-01  4.3152841E+02  5.8116579E-13 -1.8350476E-07
  -5.0000000E-01  4.3108523E+02  5.8116579E-13 -1.8350476E-07
  -5.0000000E-01  4.3064205E+02  5.8116579E-13 -1.8350475E-07
  -5.0000000E-01  4.3019886E+02  5.8116579E-13 -1.8350475E-07
  -5.0000000E-01  4.2975568E+02  5.8116579E-13 -1.8350475E-07
  -5.0000000E-01  4.2931250E+02  5.8116579E-13 -1.8350475E-07
  -5.0000000E-01  4.2886932E+02  5.8116579E-13 -1.8350476E-07
  -5.0000000E-01  4.2842614E+02  5.8116579E-13 -1.8350475E-07
  -5.0000000E-01  4.2798295E+02  5.8116579E-13 -1.8350475E-07
  -5.0000000E-01  4.2753977E+02  5.8116579E-13 -1.8350475E-07
  -5.0000000E-01  4.2709659E+02  5.8116579E-13 -1.8350476E-07
  -5.0000000E-01  4.2665341E+02  5.8116579E-13 -1.8350475E-07
  -5.0000000E-01  4.2621023E+02  5.8116579E-13 -1.8350476E-07
  -5.0000000E-01  4.2576705E+02  5.8116579E-13 -1.8350475E-07
  -5.0000000E-01  4.2532386E+02  5.8116580E-13 -1.8350476E-07
  -5.0000000E-01  4.2488068E+02  5.8116579E-13 -1.8350475E-07
  -5.0000000E-01  4.2443750E+02  8.4952787E-05 -1.5133670E-07
  -5.0000000E-01  4.2399432E+02  1.6420368E-05 -1.6838152E-08
  -5.0000000E-01  4.2355114E+02  6.7059030E-06 -1.8244612E-09
  -5.0000000E-01  4.2310795E+02  6.7050076E-06  3.1976886E-09
  -5.0000000E-01  4.2266477E+02  6.7038123E-06  8.1490069E-09
  -5.0000000E-01  4.2222159E+02  6.7023167E-06  1.3009453E-08
   5.0000000E-01  4.3152841E+02  5.8213530E-13 -1.8350475E-07
   5.0000000E-01  4.3108523E+02  5.8213530E-13 -1.8350475E-07
   5.0000000E-01  4.3064205E+02  5.8213530E-13 -1.8350475E-07
   5.0000000E-01  4.3019886E+02  5.8213530E-13 -1.8350475E-07
   5.0000000E-01  4.2975568E+02  5.8213530E-13 -1.8350475E-07
   5.0000000E-01  4.2931250E+02  5.8213530E-13 -1.8350475E-07
   5.0000000E-01  4.2886932E+02  5.8213530E-13 -1.8350475E-07
   5.0000000E-01  4.2842614E+02  5.8213530E-13 -1.8350475E-07
   5.0000000E-01  4.2798295E+02  5.8213530E-13 -1.8350475E-07
   5.0000000E-01  4.2753977E+02  5.8213530E-13 -1.8350475E-07
   5.0000000E-01  4.2709659E+02  5.8213530E-13 -1.8350475E-07
   5.0000000E-01  4.2665341E+02  5.8213530E-13 -1.8350474E-07
   5.0000000E-01  4.2621023E+02  5.8213530E-13 -1.8350475E-07
   5.0000000E-01  4.2576705E+02  5.8213530E-13 -1.8350475E-07
   5.0000000E-01  4.2532386E+02  5.8213530E-13 -1.8350475E-07
   5.0000000E-01  4.2488068E+02  5.8213530E-13 -1.8350475E-07
   5.0000000E-01  4.2443750E+02  8.5107816E-05 -1.4689402E-07
   5.0000000E-01  4.2399432E+02  1.6450279E-05 -1.4242430E-08
   5.0000000E-01  4.2355114E+02  6.7180545E-06 -5.4573336E-11
   5.0000000E-01  4.2310795E+02  6.7170665E-06  5.6774669E-09
   5.0000000E-01  4.2266477E+02  6.7157444E-06  1.1349585E-08
   5.0000000E-01  4.2222159E+02  6.7140849E-06  1.6928146E-08
   1.5000000E+00  4.3152841E+02  5.8323917E-13 -1.8350475E-07
   1.5000000E+00  4.3108523E+02  5.8323917E-13 -1.8350475E-07
   1.5000000E+00  4.3064205E+02  5.8323917E-13 -1.8350475E-07
   1.5000000E+00  4.3019886E+02  5.8323917E-13 -1.8350475E-07
   1.5000000E+00  4.2975568E+02  5.8323917E-13 -1.8350475E-07
   1.5000000E+00  4.2931250E+02  5.8323917E-13 -1.8350475E-07
   1.5000000E+00  4.2886932E+02  5.8323917E-13 -1.8350475E-07
   1.5000000E+00  4.2842614E+02  5.8323917E-13 -1.8350474E-07
   1.5000000E+00  4.2798295E+02  5.8323917E-13 -1.8350475E-07
   1.5000000E+00  4.2753977E+02  5.8323917E-13 -1.8350474E-07
   1.5000000E+00  4.2709659E+02  5.8323916E-13 -1.8350474E-07
   1.5000000E+00  4.2665341E+02  5.8323916E-13 -1.8350473E-07
   1.5000000E+00  4.2621023E+02  5.8323916E-13 -1.8350474E-07
   1.5000000E+00  4.2576705E+02  5.8323916E-13 -1.8350473E-07
   1.5000000E+00  4.2532386E+02  5.8323916E-13 -1.8350473E-07
   1.5000000E+00  4.2488068E+02  5.8323916E-13 -1.8350474E-07
   1.5000000E+00  4.2443750E+02  8.5284343E-05 -1.4203824E-07
   1.5000000E+00  4.2399432E+02  1.6484346E-05 -1.1410504E-08
   1.5000000E+00  4.2355114E+02  6.7319043E-06  1.8829779E-09
   1.5000000E+00  4.2310795E+02  6.7308270E-06  8.3999631E-09
   1.5000000E+00  4.2266477E+02  6.7293843E-06  1.4865878E-08
   1.5000000E+00  4.2222159E+02  6.7275709E-06  2.1248004E-08
   2.5000000E+00  4.3152841E+02  5.8448694E-13 -1.8350476E-07
   2.5000000E+00  4.3108523E+02  5.8448694E-13 -1.8350476E-07
   2.5000000E+00  4.3064205E+02  5.8448694E-13 -1.8350475E-07
   2.5000000E+00  4.3019886E+02  5.8448694E-13 -1.8350476E-07
   2.5000000E+00  4.2975568E+02  5.8448694E-13 -1.8350475E-07
   2.5000000E+00  4.2931250E+02  5.8448694E-13 -1.8350475E-07
   2.5000000E+00  4.2886932E+02  5.8448694E-13 -1.8350475E-07
   2.5000000E+00  4.2842614E+02  5.8448694E-13 -1.8350475E-07
   2.5000000E+00  4.2798295E+02  5.8448694E-13 -1.8350475E-07
   2.5000000E+00  4.2753977E+02  5.8448694E-13 -1.8350475E-07
   2.5000000E+00  4.2709659E+02  5.8448694E-13 -1.8350475E-07
   2.5000000E+00  4.2665341E+02  5.8448694E-13 -1.8350474E-07
   2.5000000E+00  4.2621023E+02  5.8448694E-13 -1.8350474E-07
   2.5000000E+00  4.2576705E+02  5.8448694E-13 -1.8350474E-07
   2.5000000E+00  4.2532386E+02  5.8448694E-13 -1.8350474E-07
   2.5000000E+00  4.2488068E+02  5.8448694E-13 -1.8350474E-07
   2.5000000E+00  4.2443750E+02  8.5483879E-05 -1.3673138E-07
   2.5000000E+00  4.2399432E+02  1.6522860E-05 -8.3538199E-09
   2.5000000E+00  4.2355114E+02  6.7475767E-06  3.9780320E-09
   2.5000000E+00  4.2310795E+02  6.7464197E-06  1.1346253E-08
   2.5000000E+00  4.2266477E+02  6.7448721E-06  1.8667091E-08
   2.5000000E+00  4.2222159E+02  6.7429290E-06  2.5923070E-08
   3.5000000E+00  4.3152841E+02  5.8588617E-13 -1.8350474E-07
   3.5000000E+00  4.3108523E+02  5.8588617E-13 -1.8350474E-07
   3.5000000E+00  4.3064205E+02  5.8588617E-13 -1.8350474E-07
   3.5000000E+00  4.3019886E+02  5.8588617E-13 -1.8350474E-07
   3.5000000E+00  4.2975568E+02  5.8588617E-13 -1.8350474E-07
   3.5000000E+00  4.2931250E+02  5.8588617E-13 -1.8350474E-07
   3.5000000E+00  4.2886932E+02  5.8588617E-13 -1.8350474E-07
   3.5000000E+00  4.2842614E+02  5.8588617E-13 -1.8350474E-07
   3.5000000E+00  4.2798295E+02  5.8588617E-13 -1.8350474E-07
   3.5000000E+00  4.2753977E+02  5.8588617E-13 -1.8350474E-07
   3.5000000E+00  4.2709659E+02  5.8588616E-13 -1.8350474E-07
   3.5000000E+00  4.2665341E+02  5.8588616E-13 -1.8350474E-07
   3.5000000E+00  4.2621023E+02  5.8588617E-13 -1.8350474E-07
   3.5000000E+00  4.2576705E+02  5.8588617E-13 -1.8350474E-07
   3.5000000E+00  4.2532386E+02  5.8588616E-13 -1.8350473E-07
   3.5000000E+00  4.2488068E+02  5.8588617E-13 -1.8350475E-07
   3.5000000E+00  4.2443750E+02  8.5707757E-05 -1.3118368E-07
   3.5000000E+00  4.2399432E+02  1.6566097E-05 -5.0703321E-09
   3.5000000E+00  4.2355114E+02  6.7651796E-06  6.2120622E-09
   3.5000000E+00  4.2310795E+02  6.7639573E-06  1.4480760E-08
   3.5000000E+00  4.2266477E+02  6.7623285E-06  2.2699796E-08
   3.5000000E+00  4.2222159E+02  6.7602901E-06  3.0874430E-08
   4.5000000E+00  4.3152841E+02  5.8745119E-13 -1.8350480E-07
   4.5000000E+00  4.3108523E+02  5.8745119E-13 -1.8350480E-07
   4.5000000E+00  4.3064205E+02  5.8745119E-13 -1.8350480E-07
   4.5000000E+00  4.3019886E+02  5.8745119E-13 -1.8350479E-07
   4.5000000E+00  4.2975568E+02  5.8745119E-13 -1.8350479E-07
   4.5000000E+00  4.2931250E+02  5.8745119E-13 -1.8350479E-07
   4.5000000E+00  4.2886932E+02  5.8745119E-13 -1.8350480E-07
   4.5000000E+00  4.2842614E+02  5.8745119E-13 -1.8350479E-07
   4.5000000E+00  4.2798295E+02  5.8745119E-13 -1.8350479E-07
   4.5000000E+00  4.2753977E+02  5.8745119E-13 -1.8350479E-07
   4.5000000E+00  4.2709659E+02  5.8745119E-13 -1.8350479E-07
   4.5000000E+00  4.2665341E+02  5.8745119E-13 -1.8350479E-07
   4.5000000E+00  4.2621023E+02  5.8745119E-13 -1.8350479E-07
   4.5000000E+00  4.2576705E+02  5.8745119E-13 -1.8350479E-07
   4.5000000E+00  4.2532386E+02  5.8745119E-13 -1.8350477E-07
   4.5000000E+00  4.2488068E+02  5.8745119E-13 -1.8350480E-07
   4.5000000E+00  4.2443750E+02  8.5957629E-05 -1.2444606E-07
   4.5000000E+00  4.2399432E+02  1.6614275E-05 -1.6086877E-09
   4.5000000E+00  4.2355114E+02  6.7848146E-06  8.5755687E-09
   4.5000000E+00  4.2310795E+02  6.7835271E-06  1.7780337E-08
   4.5000000E+00  4.2266477E+02  6.7818281E-06  2.6908954E-08
   4.5000000E+00  4.2222159E+02  6.7797284E-06  3.6002461E-08
   5.5000000E+00  4.3152841E+02  5.8917484E-13 -1.8350460E-07
   5.5000000E+00  4.3108523E+02  5.8917483E-13 -1.8350460E-07
   5.5000000E+00  4.3064205E+02  5.8917483E-13 -1.8350460E-07
   5.5000000E+00  4.3019886E+02  5.8917483E-13 -1.8350460E-07
   5.5000000E+00  4.2975568E+02  5.8917483E-13 -1.8350460E-07
   5.5000000E+00  4.2931250E+02  5.8917483E-13 -1.8350460E-07
   5.5000000E+00  4.2886932E+02  5.8917483E-13 -1.8350460E-07
   5.5000000E+00  4.2842614E+02  5.8917483E-13 -1.8350459E-07
   5.5000000E+00  4.2798295E+02  5.8917483E-13 -1.8350460E-07
   5.5000000E+00  4.2753977E+02  5.8917483E-13 -1.8350460E-07
   5.5000000E+00  4.2709659E+02  5.8917483E-13 -1.8350459E-07
   5.5000000E+00  4.2665341E+02  5.8917483E-13 -1.8350460E-07
   5.5000000E+00  4.2621023E+02  5.8917483E-13 -1.8350459E-07
   5.5000000E+00  4.2576705E+02  5.8917483E-13 -1.8350459E-07
   5.5000000E+00  4.2532386E+02  5.8917483E-13 -1.8350459E-07
   5.5000000E+00  4.2488068E+02  5.8917483E-13 -1.8350460E-07
   5.5000000E+00  4.2443750E+02  8.6235333E-05 -1.2083084E-07
   5.5000000E+00  4.2399432E+02  1.6668141E-05  2.4864285E-09
   5.5000000E+00  4.2355114E+02  6.8065704E-06  1.1254698E-08
   5.5000000E+00  4.2310795E+02  6.8051032E-06  2.1316909E-08
   5.5000000E+00  4.2266477E+02  6.8033080E-06  3.1256612E-08
   5.5000000E+00  4.2222159E+02  6.8011874E-06  4.1177470E-08
   6.5000000E+00  4.3152841E+02  5.9130963E-13 -1.8350527E-07
   6.5000000E+00  4.3108523E+02  5.9130963E-13 -1.8350527E-07
   6.5000000E+00  4.3064205E+02  5.9130963E-13 -1.8350526E-07
   6.5000000E+00  4.3019886E+02  5.9130963E-13 -1.8350526E-07
   6.5000000E+00  4.2975568E+02  5.9130963E-13 -1.8350526E-07
   6.5000000E+00  4.2931250E+02  5.9130963E-13 -1.8350526E-07
   6.5000000E+00  4.2886932E+02  5.9130963E-13 -1.8350526E-07
   6.5000000E+00  4.2842614E+02  5.9130963E-13 -1.8350526E-07
   6.5000000E+00  4.2798295E+02  5.9130963E-13 -1.8350526E-07
   6.5000000E+00  4.2753977E+02  5.9130963E-13 -1.8350526E-07
   6.5000000E+00  4.2709659E+02  5.9130963E-13 -1.8350526E-07
   6.5000000E+00  4.2665341E+02  5.9130963E-13 -1.8350525E-07
   6.5000000E+00  4.2621023E+02  5.9130963E-13 -1.8350526E-07
   6.5000000E+00  4.2576705E+02  5.9130963E-13 -1.8350525E-07
   6.5000000E+00  4.2532386E+02  5.9130963E-13 -1.8350526E-07
   6.5000000E+00  4.2488068E+02  5.9130963E-13 -1.8350526E-07
   6.5000000E+00  4.2443750E+02  8.6561815E-05 -8.7554287E-08
   6.5000000E+00  4.2399432E+02  1.6727463E-05  9.9144676E-09
   6.5000000E+00  4.2355114E+02  6.8299552E-06  1.4641977E-08
   6.5000000E+00  4.2310795E+02  6.8282307E-06  2.5131393E-08
   6.5000000E+00  4.2266477E+02  6.8264109E-06  3.5599129E-08
   6.5000000E+00  4.2222159E+02  6.8244046E-06  4.6146721E-08
   7.5000000E+00  4.3153105E+02  5.9315362E-13 -1.8350696E-07
   7.5000000E+00  4.3108774E+02  5.9315362E-13 -1.8350696E-07
   7.5000000E+00  4.3064444E+02  5.9315361E-13 -1.8350695E-07
   7.5000000E+00  4.3020113E+02  5.9315361E-13 -1.8350695E-07
   7.5000000E+00  4.2975783E+02  5.9315361E-13 -1.8350695E-07
   7.5000000E+00  4.2931452E+02  5.9315361E-13 -1.8350695E-07
   7.5000000E+00  4.2887122E+02  5.9315361E-13 -1.8350695E-07
   7.5000000E+00  4.2842791E+02  5.9315361E-13 -1.8350695E-07
   7.5000000E+00  4.2798461E+02  5.9315362E-13 -1.8350695E-07
   7.5000000E+00  4.2754131E+02  5.9315361E-13 -1.8350695E-07
   7.5000000E+00  4.2709800E+02  5.9315362E-13 -1.8350696E-07
   7.5000000E+00  4.2665470E+02  5.9315362E-13 -1.8350695E-07
   7.5000000E+00  4.2621139E+02  5.9315362E-13 -1.8350695E-07
   7.5000000E+00  4.2576809E+02  5.9315362E-13 -1.8350695E-07
   7.5000000E+00  4.2532478E+02  5.9315362E-13 -1.8350695E-07
   7.5000000E+00  4.2488148E+02  5.9315362E-13 -1.8350695E-07
   7.5000000E+00  4.2443817E+02  8.6857057E-05 -2.0912975E-08
   7.5000000E+00  4.2399487E+02  1.6784677E-05  1.9717225E-08
   7.5000000E+00  4.2355157E+02  6.8535141E-06  1.8233429E-08
   7.5000000E+00  4.2310826E+02  6.8520474E-06  2.8722800E-08
   7.5000000E+00  4.2266496E+02  6.8505664E-06  3.9443576E-08
   7.5000000E+00  4.2222165E+02  6.8489747E-06  5.0414321E-08
   8.5000000E+00  4.3153632E+02  5.9466748E-13 -1.8350753E-07
   8.5000000E+00  4.3109277E+02  5.9466748E-13 -1.8350753E-07
   8.5000000E+00  4.3064922E+02  5.9466748E-13 -1.8350753E-07
   8.5000000E+00  4.3020567E+02  5.9466748E-13 -1.8350752E-07
   8.5000000E+00  4.2976212E+02  5.9466748E-13 -1.8350753E-07
   8.5000000E+00  4.2931857E+02  5.9466748E-13 -1.8350752E-07
   8.5000000E+00  4.2887502E+02  5.9466748E-13 -1.8350753E-07
   8.5000000E+00  4.2843147E+02  5.9466748E-13 -1.8350753E-07
   8.5000000E+00  4.2798792E+02  5.9466748E-13 -1.8350752E-07
   8.5000000E+00  4.2754437E+02  5.9466748E-13 -1.8350752E-07
   8.5000000E+00  4.2710082E+02  5.9466748E-13 -1.8350752E-07
   8.5000000E+00  4.2665727E+02  5.9466748E-13 -1.8350752E-07
   8.5000000E+00  4.2621372E+02  5.9466747E-13 -1.8350752E-07
   8.5000000E+00  4.2577017E+02  5.9466747E-13 -1.8350752E-07
   8.5000000E+00  4.2532662E+02  5.9466748E-13 -1.8350753E-07
   8.5000000E+00  4.2488307E+02  5.9466747E-13 -1.8350751E-07
   8.5000000E+00  4.2443952E+02  8.7114809E-05  9.8971877E-09
   8.5000000E+00  4.2399597E+02  1.6838626E-05  2.5631371E-08
   8.5000000E+00  4.2355242E+02  6.8767906E-06  2.0606095E-08
   8.5000000E+00  4.2310887E+02  6.8761160E-06  3.1144316E-08
   8.5000000E+00  4.2266532E+02  6.8753614E-06  4.2039927E-08
   8.5000000E+00  4.2222177E+02  6.8745150E-06  5.3304179E-08
   9.5000000E+00  4.3154159E+02  5.9647746E-13 -1.8350740E-07
   9.5000000E+00  4.3109780E+02  5.9647746E-13 -1.8350740E-07
   9.5000000E+00  4.3065400E+02  5.9647746E-13 -1.8350739E-07
   9.5000000E+00  4.3021021E+02  5.9647746E-13 -1.8350739E-07
   9.5000000E+00  4.2976641E+02  5.9647746E-13 -1.8350739E-07
   9.5000000E+00  4.2932262E+02  5.9647746E-13 -1.8350739E-07
   9.5000000E+00  4.2887882E+02  5.9647746E-13 -1.8350739E-07
   9.5000000E+00  4.2843503E+02  5.9647746E-13 -1.8350739E-07
   9.5000000E+00  4.2799123E+02  5.9647745E-13 -1.8350738E-07
   9.5000000E+00  4.2754744E+02  5.9647746E-13 -1.8350739E-07
   9.5000000E+00  4.2710364E+02  5.9647745E-13 -1.8350738E-07
   9.5000000E+00  4.2665985E+02  5.9647745E-13 -1.8350738E-07
   9.5000000E+00  4.2621605E+02  5.9647745E-13 -1.8350738E-07
   9.5000000E+00  4.2577226E+02  5.9647745E-13 -1.8350738E-07
   9.5000000E+00  4.2532846E+02  5.9647745E-13 -1.8350739E-07
   9.5000000E+00  4.2488467E+02  5.9647745E-13 -1.8350737E-07
   9.5000000E+00  4.2444087E+02  8.7403135E-05  8.3983757E-09
   9.5000000E+00  4.2399708E+02  1.6894555E-05  2.6637786E-08
   9.5000000E+00  4.2355328E+02  6.9003190E-06  2.1205953E-08
   9.5000000E+00  4.2310949E+02  6.9004144E-06  3.1814946E-08
   9.5000000E+00  4.2266569E+02  6.9005309E-06  4.2783552E-08
   9.5000000E+00  4.2222190E+02  6.9006550E-06  5.4176338E-08
   1.0500000E+01  4.3154686E+02  5.9824945E-13 -1.8350744E-07
   1.0500000E+01  4.3110282E+02  5.9824945E-13 -1.8350744E-07
   1.0500000E+01  4.3065878E+02  5.9824945E-13 -1.8350743E-07
   1.0500000E+01  4.3021474E+02  5.9824945E-13 -1.8350743E-07
   1.0500000E+01  4.2977070E+02  5.9824945E-13 -1.8350743E-07
   1.0500000E+01  4.2932666E+02  5.9824945E-13 -1.8350743E-07
   1.0500000E+01  4.2888262E+02  5.9824945E-13 -1.8350743E-07
   1.0500000E+01  4.2843858E+02  5.9824945E-13 -1.8350743E-07
   1.0500000E+01  4.2799454E+02  5.9824945E-13 -1.8350743E-07
   1.0500000E+01  4.2755050E+02  5.9824945E-13 -1.8350743E-07
   1.0500000E+01  4.2710646E+02  5.9824945E-13 -1.8350743E-07
   1.0500000E+01  4.2666242E+02  5.9824945E-13 -1.8350743E-07
   1.0500000E+01  4.2621838E+02  5.9824945E-13 -1.8350743E-07
   1.0500000E+01  4.2577434E+02  5.9824945E-13 -1.8350743E-07
   1.0500000E+01  4.2533030E+02  5.9824945E-13 -1.8350743E-07
   1.0500000E+01  4.2488626E+02  5.9824944E-13 -1.8350742E-07
   1.0500000E+01  4.2444222E+02  8.7687921E-05  6.9272647E-09
   1.0500000E+01  4.2399818E+02  1.6950173E-05  2.5219225E-08
   1.0500000E+01  4.2355414E+02  6.9235928E-06  2.0277739E-08
   1.0500000E+01  4.2311010E+02  6.9244449E-06  3.0574042E-08
   1.0500000E+01  4.2266606E+02  6.9255373E-06  4.1277573E-08
   1.0500000E+01  4.2222202E+02  6.9268288E-06  5.2481257E-08
   1.1500000E+01  4.3155214E+02  5.9989177E-13 -1.8350743E-07
   1.1500000E+01  4.3110785E+02  5.9989177E-13 -1.8350743E-07
   1.1500000E+01  4.3066357E+02  5.9989177E-13 -1.8350743E-07
   1.1500000E+01  4.3021928E+02  5.9989177E-13 -1.8350743E-07
   1.1500000E+01  4.2977500E+02  5.9989177E-13 -1.8350743E-07
   1.1500000E+01  4.2933071E+02  5.9989177E-13 -1.8350743E-07
   1.1500000E+01  4.2888642E+02  5.9989177E-13 -1.8350743E-07
   1.1500000E+01  4.2844214E+02  5.9989177E-13 -1.8350743E-07
   1.1500000E+01  4.2799785E+02  5.9989177E-13 -1.8350743E-07
   1.1500000E+01  4.2755357E+02  5.9989177E-13 -1.8350743E-07
   1.1500000E+01  4.2710928E+02  5.9989177E-13 -1.8350743E-07
   1.1500000E+01  4.2666500E+02  5.9989177E-13 -1.8350743E-07
   1.1500000E+01  4.2622071E+02  5.9989177E-13 -1.8350742E-07
   1.1500000E+01  4.2577643E+02  5.9989177E-13 -1.8350742E-07
   1.1500000E+01  4.2533214E+02  5.9989177E-13 -1.8350743E-07
   1.1500000E+01  4.2488786E+02  5.9989176E-13 -1.8350742E-07
   1.1500000E+01  4.2444357E+02  8.7951623E-05  5.3027455E-10
   1.1500000E+01  4.2399928E+02  1.7001754E-05  2.1436951E-08
   1.1500000E+01  4.2355500E+02  6.9453670E-06  1.7745879E-08
   1.1500000E+01  4.2311071E+02  6.9471503E-06  2.7139909E-08
   1.1500000E+01  4.2266643E+02  6.9494485E-06  3.7055523E-08
   1.1500000E+01  4.2222214E+02  6.9521932E-06  4.7604359E-08
   1.2500000E+01  4.3155741E+02  6.0126395E-13 -1.8350745E-07
   1.2500000E+01  4.3111288E+02  6.0126395E-13 -1.8350745E-07
   1.2500000E+01  4.3066835E+02  6.0126395E-13 -1.8350745E-07
   1.2500000E+01  4.3022382E+02  6.0126395E-13 -1.8350745E-07
   1.2500000E+01  4.2977929E+02  6.0126395E-13 -1.8350745E-07
   1.2500000E+01  4.2933476E+02  6.0126395E-13 -1.8350745E-07
   1.2500000E+01  4.2889023E+02  6.0126395E-13 -1.8350745E-07
   1.2500000E+01  4.2844570E+02  6.0126395E-13 -1.8350744E-07
   1.2500000E+01  4.2800116E+02  6.0126395E-13 -1.8350744E-07
   1.2500000E+01  4.2755663E+02  6.0126395E-13 -1.8350744E-07
   1.2500000E+01  4.2711210E+02  6.0126395E-13 -1.8350744E-07
   1.2500000E+01  4.2666757E+02  6.0126395E-13 -1.8350745E-07
   1.2500000E+01  4.2622304E+02  6.0126395E-13 -1.8350744E-07
   1.2500000E+01  4.2577851E+02  6.0126395E-13 -1.8350744E-07
   1.2500000E+01  4.2533398E+02  6.0126394E-13 -1.8350743E-07
   1.2500000E+01  4.2488945E+02  6.0126395E-13 -1.8350744E-07
   1.2500000E+01  4.2444492E+02  8.8172691E-05 -1.1316097E-08
   1.2500000E+01  4.2400039E+02  1.7045342E-05  1.4549832E-08
   1.2500000E+01  4.2355586E+02  6.9641169E-06  1.3128768E-08
   1.2500000E+01  4.2311133E+02  6.9671515E-06  2.0887666E-08
   1.2500000E+01  4.2266680E+02  6.9710444E-06  2.9356697E-08
   1.2500000E+01  4.2222227E+02  6.9756792E-06  3.8687468E-08
   1.3500000E+01  4.3156268E+02  6.0218839E-13 -1.8350745E-07
   1.3500000E+01  4.3111791E+02  6.0218839E-13 -1.8350745E-07
   1.3500000E+01  4.3067313E+02  6.0218839E-13 -1.8350744E-07
   1.3500000E+01  4.3022836E+02  6.0218839E-13 -1.8350745E-07
   1.3500000E+01  4.2978358E+02  6.0218839E-13 -1.8350744E-07
   1.3500000E+01  4.2933880E+02  6.0218839E-13 -1.8350744E-07
   1.3500000E+01  4.2889403E+02  6.0218839E-13 -1.8350745E-07
   1.3500000E+01  4.2844925E+02  6.0218839E-13 -1.8350744E-07
   1.3500000E+01  4.2800448E+02  6.0218839E-13 -1.8350744E-07
   1.3500000E+01  4.2755970E+02  6.0218839E-13 -1.8350744E-07
   1.3500000E+01  4.2711492E+02  6.0218839E-13 -1.8350744E-07
   1.3500000E+01  4.2667015E+02  6.0218839E-13 -1.8350744E-07
   1.3500000E+01  4.2622537E+02  6.0218839E-13 -1.8350744E-07
   1.3500000E+01  4.2578060E+02  6.0218839E-13 -1.8350744E-07
   1.3500000E+01  4.2533582E+02  6.0218839E-13 -1.8350743E-07
   1.3500000E+01  4.2489104E+02  6.0218839E-13 -1.8350745E-07
   1.3500000E+01  4.2444627E+02  8.8322408E-05 -3.0534053E-08
   1.3500000E+01  4.2400149E+02  1.7075525E-05  3.1049047E-09
   1.3500000E+01  4.2355672E+02  6.9778646E-06  5.5941420E-09
   1.3500000E+01  4.2311194E+02  6.9827016E-06  1.0698642E-08
   1.3500000E+01  4.2266716E+02  6.9888612E-06  1.6922522E-08
   1.3500000E+01  4.2222239E+02  6.9961026E-06  2.4404118E-08
   1.4500000E+01  4.3156796E+02  6.0237309E-13 -1.8350752E-07
   1.4500000E+01  4.3112294E+02  6.0237310E-13 -1.8350752E-07
   1.4500000E+01  4.3067791E+02  6.0237309E-13 -1.8350751E-07
   1.4500000E+01  4.3023289E+02  6.0237309E-13 -1.8350752E-07
   1.4500000E+01  4.2978787E+02  6.0237309E-13 -1.8350751E-07
   1.4500000E+01  4.2934285E+02  6.0237309E-13 -1.8350752E-07
   1.4500000E+01  4.2889783E+02  6.0237310E-13 -1.8350752E-07
   1.4500000E+01  4.2845281E+02  6.0237309E-13 -1.8350752E-07
   1.4500000E+01  4.2800779E+02  6.0237310E-13 -1.8350752E-07
   1.4500000E+01  4.2756277E+02  6.0237310E-13 -1.8350752E-07
   1.4500000E+01  4.2711774E+02  6.0237310E-13 -1.8350752E-07
   1.4500000E+01  4.2667272E+02  6.0237310E-13 -1.8350752E-07
   1.4500000E+01  4.2622770E+02  6.0237310E-13 -1.8350752E-07
   1.4500000E+01  4.2578268E+02  6.0237310E-13 -1.8350752E-07
   1.4500000E+01  4.2533766E+02  6.0237310E-13 -1.8350752E-07
   1.4500000E+01  4.2489264E+02  6.0237310E-13 -1.8350752E-07
   1.4500000E+01  4.2444762E+02  8.8357105E-05 -6.5190959E-08
   1.4500000E+01  4.2400260E+02  1.7084463E-05 -1.5002532E-08
   1.4500000E+01  4.2355757E+02  6.9837530E-06 -6.6422431E-09
   1.4500000E+01  4.2311255E+02  6.9915254E-06 -5.4168140E-09
   1.4500000E+01  4.2266753E+02  7.0011664E-06 -2.4866630E-09
   1.4500000E+01  4.2222251E+02  7.0122989E-06  2.5083524E-09
   1.5500000E+01  4.3157323E+02  6.0140502E-13 -1.8350733E-07
   1.5500000E+01  4.3112796E+02  6.0140502E-13 -1.8350733E-07
   1.5500000E+01  4.3068270E+02  6.0140502E-13 -1.8350733E-07
   1.5500000E+01  4.3023743E+02  6.0140502E-13 -1.8350733E-07
   1.5500000E+01  4.2979216E+02  6.0140501E-13 -1.8350732E-07
   1.5500000E+01  4.2934690E+02  6.0140502E-13 -1.8350733E-07
   1.5500000E+01  4.2890163E+02  6.0140502E-13 -1.8350733E-07
   1.5500000E+01  4.2845636E+02  6.0140501E-13 -1.8350732E-07
   1.5500000E+01  4.2801110E+02  6.0140502E-13 -1.8350733E-07
   1.5500000E+01  4.2756583E+02  6.0140502E-13 -1.8350733E-07
   1.5500000E+01  4.2712056E+02  6.0140502E-13 -1.8350733E-07
   1.5500000E+01  4.2667530E+02  6.0140502E-13 -1.8350733E-07
   1.5500000E+01  4.2623003E+02  6.0140502E-13 -1.8350733E-07
   1.5500000E+01  4.2578477E+02  6.0140502E-13 -1.8350733E-07
   1.5500000E+01  4.2533950E+02  6.0140502E-13 -1.8350733E-07
   1.5500000E+01  4.2489423E+02  6.0140502E-13 -1.8350733E-07
   1.5500000E+01  4.2444897E+02  8.8202030E-05 -1.1069873E-07
   1.5500000E+01  4.2400370E+02  1.7057955E-05 -4.7918057E-08
   1.5500000E+01  4.2355843E+02  6.9775346E-06 -2.6452207E-08
   1.5500000E+01  4.2311317E+02  6.9903463E-06 -3.1840194E-08
   1.5500000E+01  4.2266790E+02  7.0061711E-06 -3.3271865E-08
   1.5500000E+01  4.2222263E+02  7.0236773E-06 -3.1044906E-08
   1.6500000E+01  4.3157850E+02  5.9801914E-13 -1.8350829E-07
   1.6500000E+01  4.3113299E+02  5.9801914E-13 -1.8350829E-07
   1.6500000E+01  4.3068748E+02  5.9801914E-13 -1.8350829E-07
   1.6500000E+01  4.3024197E+02  5.9801914E-13 -1.8350830E-07
   1.6500000E+01  4.2979646E+02  5.9801915E-13 -1.8350830E-07
   1.6500000E+01  4.2935094E+02  5.9801915E-13 -1.8350830E-07
   1.6500000E+01  4.2890543E+02  5.9801915E-13 -1.8350831E-07
   1.6500000E+01  4.2845992E+02  5.9801915E-13 -1.8350832E-07
   1.6500000E+01  4.2801441E+02  5.9801916E-13 -1.8350832E-07
   1.6500000E+01  4.2756890E+02  5.9801916E-13 -1.8350832E-07
   1.6500000E+01  4.2712339E+02  5.9801916E-13 -1.8350833E-07
   1.6500000E+01  4.2667787E+02  5.9801916E-13 -1.8350834E-07
   1.6500000E+01  4.2623236E+02  5.9801916E-13 -1.8350833E-07
   1.6500000E+01  4.2578685E+02  5.9801917E-13 -1.8350834E-07
   1.6500000E+01  4.2534134E+02  5.9801917E-13 -1.8350834E-07
   1.6500000E+01  4.2489583E+02  5.9801917E-13 -1.8350836E-07
   1.6500000E+01  4.2445031E+02  8.7706934E-05 -2.5991802E-07
   1.6500000E+01  4.2400480E+02  1.6973328E-05 -9.8240204E-08
   1.6500000E+01  4.2355929E+02  6.9508217E-06 -6.5029086E-08
   1.6500000E+01  4.2311378E+02  6.9755472E-06 -7.7510917E-08
   1.6500000E+01  4.2266827E+02  7.0028572E-06 -8.4437011E-08
   1.6500000E+01  4.2222276E+02  7.0318494E-06 -8.4278209E-08
   1.7500000E+01  4.3158378E+02  5.9113976E-13 -1.8350489E-07
   1.7500000E+01  4.3113802E+02  5.9113976E-13 -1.8350488E-07
   1.7500000E+01  4.3069226E+02  5.9113976E-13 -1.8350487E-07
   1.7500000E+01  4.3024651E+02  5.9113975E-13 -1.8350487E-07
   1.7500000E+01  4.2980075E+02  5.9113975E-13 -1.8350486E-07
   1.7500000E+01  4.2935499E+02  5.9113975E-13 -1.8350485E-07
   1.7500000E+01  4.2890923E+02  5.9113975E-13 -1.8350485E-07
   1.7500000E+01  4.2846348E+02  5.9113974E-13 -1.8350484E-07
   1.7500000E+01  4.2801772E+02  5.9113974E-13 -1.8350484E-07
   1.7500000E+01  4.2757196E+02  5.9113974E-13 -1.8350484E-07
   1.7500000E+01  4.2712621E+02  5.9113973E-13 -1.8350483E-07
   1.7500000E+01  4.2668045E+02  5.9113973E-13 -1.8350482E-07
   1.7500000E+01  4.2623469E+02  5.9113973E-13 -1.8350481E-07
   1.7500000E+01  4.2578893E+02  5.9113973E-13 -1.8350481E-07
   1.7500000E+01  4.2534318E+02  5.9113972E-13 -1.8350480E-07
   1.7500000E+01  4.2489742E+02  5.9113972E-13 -1.8350480E-07
   1.7500000E+01  4.2445166E+02  8.6510672E-05 -2.9846145E-07
   1.7500000E+01  4.2400591E+02  1.6757911E-05 -2.6205867E-07
   1.7500000E+01  4.2356015E+02  6.8943812E-06 -1.3237772E-07
   1.7500000E+01  4.2311439E+02  6.9399928E-06 -1.6791453E-07
   1.7500000E+01  4.2266864E+02  6.9953763E-06 -1.7957073E-07
   1.7500000E+01  4.2222288E+02  7.0480922E-06 -1.7249580E-07
   1.8500000E+01  4.3158905E+02  5.6870511E-13 -1.8352028E-07
   1.8500000E+01  4.3114305E+02  5.6870513E-13 -1.8352033E-07
   1.8500000E+01  4.3069704E+02  5.6870516E-13 -1.8352038E-07
   1.8500000E+01  4.3025104E+02  5.6870519E-13 -1.8352044E-07
   1.8500000E+01  4.2980504E+02  5.6870522E-13 -1.8352050E-07
   1.8500000E+01  4.2935904E+02  5.6870524E-13 -1.8352055E-07
   1.8500000E+01  4.2891304E+02  5.6870527E-13 -1.8352061E-07
   1.8500000E+01  4.2846703E+02  5.6870530E-13 -1.8352066E-07
   1.8500000E+01  4.2802103E+02  5.6870533E-13 -1.8352071E-07
   1.8500000E+01  4.2757503E+02  5.6870536E-13 -1.8352078E-07
   1.8500000E+01  4.2712903E+02  5.6870538E-13 -1.8352082E-07
   1.8500000E+01  4.2668302E+02  5.6870541E-13 -1.8352088E-07
   1.8500000E+01  4.2623702E+02  5.6870544E-13 -1.8352094E-07
   1.8500000E+01  4.2579102E+02  5.6870547E-13 -1.8352100E-07
   1.8500000E+01  4.2534502E+02  5.6870549E-13 -1.8352104E-07
   1.8500000E+01  4.2489901E+02  5.6870552E-13 -1.8352109E-07
   1.8500000E+01  4.2445301E+02  8.3645811E-05 -1.7439962E-06
   1.8500000E+01  4.2400701E+02  1.6306285E-05 -4.1525886E-07
   1.8500000E+01  4.2356101E+02  6.7542470E-06 -3.7496116E-07
   1.8500000E+01  4.2311501E+02  6.9147936E-06 -3.8759073E-07
   1.8500000E+01  4.2266900E+02  7.0328732E-06 -3.4894698E-07
   1.8500000E+01  4.2222300E+02  7.1124404E-06 -2.9982369E-07
   1.9500000E+01  4.3159432E+02  4.9250121E-13 -1.8347084E-07
   1.9500000E+01  4.3114807E+02  4.9250116E-13 -1.8347075E-07
   1.9500000E+01  4.3070183E+02  4.9250112E-13 -1.8347066E-07
   1.9500000E+01  4.3025558E+02  4.9250108E-13 -1.8347058E-07
   1.9500000E+01  4.2980933E+02  4.9250104E-13 -1.8347050E-07
   1.9500000E+01  4.2936308E+02  4.9250099E-13 -1.8347041E-07
   1.9500000E+01  4.2891684E+02  4.9250095E-13 -1.8347033E-07
   1.9500000E+01  4.2847059E+02  4.9250091E-13 -1.8347024E-07
   1.9500000E+01  4.2802434E+02  4.9250086E-13 -1.8347015E-07
   1.9500000E+01  4.2757809E+02  4.9250082E-13 -1.8347007E-07
   1.9500000E+01  4.2713185E+02  4.9250078E-13 -1.8346998E-07
   1.9500000E+01  4.2668560E+02  4.9250073E-13 -1.8346990E-07
   1.9500000E+01  4.2623935E+02  4.9250069E-13 -1.8346982E-07
   1.9500000E+01  4.2579310E+02  4.9250065E-13 -1.8346973E-07
   1.9500000E+01  4.2534686E+02  4.9250060E-13 -1.8346964E-07
   1.9500000E+01  4.2490061E+02  4.9250056E-13 -1.8346955E-07
   1.9500000E+01  4.2445436E+02  7.0912600E-05 -3.5875703E-06
   1.9500000E+01  4.2400811E+02  1.4740735E-05 -3.5764146E-06
   1.9500000E+01  4.2356187E+02  6.9230068E-06 -9.5116332E-07
   1.9500000E+01  4.2311562E+02  7.1493357E-06 -6.7899394E-07
   1.9500000E+01  4.2266937E+02  7.2346816E-06 -5.1375796E-07
   1.9500000E+01  4.2222312E+02  7.2747935E-06 -4.0337209E-07
   2.0500000E+01  4.3159960E+02  8.2002280E-13 -1.8354922E-07
   2.0500000E+01  4.3115310E+02  8.2002277E-13 -1.8354916E-07
   2.0500000E+01  4.3070661E+02  8.2002275E-13 -1.8354911E-07
   2.0500000E+01  4.3026012E+02  8.2002272E-13 -1.8354906E-07
   2.0500000E+01  4.2981362E+02  8.2002269E-13 -1.8354900E-07
   2.0500000E+01  4.2936713E+02  8.2002267E-13 -1.8354895E-07
   2.0500000E+01  4.2892064E+02  8.2002264E-13 -1.8354890E-07
   2.0500000E+01  4.2847415E+02  8.2002262E-13 -1.8354884E-07
   2.0500000E+01  4.2802765E+02  8.2002259E-13 -1.8354879E-07
   2.0500000E+01  4.2758116E+02  8.2002256E-13 -1.8354873E-07
   2.0500000E+01  4.2713467E+02  8.2002254E-13 -1.8354868E-07
   2.0500000E+01  4.2668817E+02  8.2002251E-13 -1.8354863E-07
   2.0500000E+01  4.2624168E+02  8.2002249E-13 -1.8354857E-07
   2.0500000E+01  4.2579519E+02  8.2002246E-13 -1.8354852E-07
   2.0500000E+01  4.2534870E+02  8.2002244E-13 -1.8354846E-07
   2.0500000E+01  4.2490220E+02  8.2002241E-13 -1.8354841E-07
   2.0500000E+01  4.2445571E+02  5.6730050E-12 -1.7946782E-05
   2.0500000E+01  4.2400922E+02  2.2199036E-05 -2.9998703E-06
   2.0500000E+01  4.2356272E+02  7.9781297E-06 -8.3897203E-07
   2.0500000E+01  4.2311623E+02  7.6749117E-06 -6.1984948E-07
   2.0500000E+01  4.2266974E+02  7.5481976E-06 -4.8060355E-07
   2.0500000E+01  4.2222325E+02  7.4847664E-06 -3.8441920E-07
   2.1500000E+01  4.3160487E+02  6.6405367E-13 -1.8348639E-07
   2.1500000E+01  4.3115813E+02  6.6405370E-13 -1.8348646E-07
   2.1500000E+01  4.3071139E+02  6.6405374E-13 -1.8348653E-07
   2.1500000E+01  4.3026465E+02  6.6405377E-13 -1.8348660E-07
   2.1500000E+01  4.2981792E+02  6.6405381E-13 -1.8348667E-07
   2.1500000E+01  4.2937118E+02  6.6405384E-13 -1.8348674E-07
   2.1500000E+01  4.2892444E+02  6.6405387E-13 -1.8348680E-07
   2.1500000E+01  4.2847770E+02  6.6405391E-13 -1.8348688E-07
   2.1500000E+01  4.2803096E+02  6.6405394E-13 -1.8348694E-07
   2.1500000E+01  4.2758423E+02  6.6405398E-13 -1.8348701E-07
   2.1500000E+01  4.2713749E+02  6.6405401E-13 -1.8348708E-07
   2.1500000E+01  4.2669075E+02  6.6405404E-13 -1.8348715E-07
   2.1500000E+01  4.2624401E+02  6.6405408E-13 -1.8348722E-07
   2.1500000E+01  4.2579727E+02  6.6405411E-13 -1.8348729E-07
   2.1500000E+01  4.2535054E+02  6.6405415E-13 -1.8348736E-07
   2.1500000E+01  4.2490380E+02  6.6405418E-13 -1.8348743E-07
   2.1500000E+01  4.2445706E+02 -2.0779098E-13  4.5749037E-06
   2.1500000E+01  4.2401032E+02  1.9257559E-05  2.1936335E-07
   2.1500000E+01  4.2356358E+02  7.9198923E-06 -2.1252430E-07
   2.1500000E+01  4.2311685E+02  7.7942697E-06 -2.8629928E-07
   2.1500000E+01  4.2267011E+02  7.6852354E-06 -2.8644729E-07
   2.1500000E+01  4.2222337E+02  7.6076183E-06 -2.6282818E-07
   2.2500000E+01  4.3161014E+02  6.6659537E-13 -1.8351394E-07
   2.2500000E+01  4.3116316E+02  6.6659536E-13 -1.8351393E-07
   2.2500000E+01  4.3071617E+02  6.6659535E-13 -1.8351390E-07
   2.2500000E+01  4.3026919E+02  6.6659534E-13 -1.8351389E-07
   2.2500000E+01  4.2982221E+02  6.6659533E-13 -1.8351387E-07
   2.2500000E+01  4.2937522E+02  6.6659533E-13 -1.8351385E-07
   2.2500000E+01  4.2892824E+02  6.6659532E-13 -1.8351383E-07
   2.2500000E+01  4.2848126E+02  6.6659531E-13 -1.8351382E-07
   2.2500000E+01  4.2803427E+02  6.6659530E-13 -1.8351380E-07
   2.2500000E+01  4.2758729E+02  6.6659529E-13 -1.8351379E-07
   2.2500000E+01  4.2714031E+02  6.6659528E-13 -1.8351377E-07
   2.2500000E+01  4.2669332E+02  6.6659528E-13 -1.8351375E-07
   2.2500000E+01  4.2624634E+02  6.6659527E-13 -1.8351373E-07
   2.2500000E+01  4.2579936E+02  6.6659526E-13 -1.8351372E-07
   2.2500000E+01  4.2535237E+02  6.6659525E-13 -1.8351370E-07
   2.2500000E+01  4.2490539E+02  6.6659524E-13 -1.8351368E-07
   2.2500000E+01  4.2445841E+02  1.0148356E-12 -1.4581699E-06
   2.2500000E+01  4.2401142E+02  1.8990552E-05 -1.4647159E-07
   2.2500000E+01  4.2356444E+02  7.7220809E-06 -6.5386636E-08
   2.2500000E+01  4.2311746E+02  7.7034778E-06 -1.1046607E-07
   2.2500000E+01  4.2267047E+02  7.6680688E-06 -1.3899378E-07
   2.2500000E+01  4.2222349E+02  7.6289675E-06 -1.4908500E-07
   2.3500000E+01  4.3161541E+02  6.5664579E-13 -1.8350523E-07
   2.3500000E+01  4.3116819E+02  6.5664579E-13 -1.8350524E-07
   2.3500000E+01  4.3072096E+02  6.5664579E-13 -1.8350525E-07
   2.3500000E+01  4.3027373E+02  6.5664580E-13 -1.8350525E-07
   2.3500000E+01  4.2982650E+02  6.5664580E-13 -1.8350526E-07
   2.3500000E+01  4.2937927E+02  6.5664580E-13 -1.8350527E-07
   2.3500000E+01  4.2893204E+02  6.5664581E-13 -1.8350528E-07
   2.3500000E+01  4.2848481E+02  6.5664581E-13 -1.8350529E-07
   2.3500000E+01  4.2803759E+02  6.5664582E-13 -1.8350530E-07
   2.3500000E+01  4.2759036E+02  6.5664582E-13 -1.8350531E-07
   2.3500000E+01  4.2714313E+02  6.5664583E-13 -1.8350531E-07
   2.3500000E+01  4.2669590E+02  6.5664583E-13 -1.8350533E-07
   2.3500000E+01  4.2624867E+02  6.5664584E-13 -1.8350533E-07
   2.3500000E+01  4.2580144E+02  6.5664584E-13 -1.8350534E-07
   2.3500000E+01  4.2535421E+02  6.5664584E-13 -1.8350535E-07
   2.3500000E+01  4.2490699E+02  6.5664585E-13 -1.8350536E-07
   2.3500000E+01  4.2445976E+02  5.7814277E-13  1.5794391E-07
   2.3500000E+01  4.2401253E+02  1.8767944E-05 -2.7616136E-08
   2.3500000E+01  4.2356530E+02  7.6618383E-06 -4.3182303E-08
   2.3500000E+01  4.2311807E+02  7.6481856E-06 -6.0423122E-08
   2.3500000E+01  4.2267084E+02  7.6327805E-06 -7.5333964E-08
   2.3500000E+01  4.2222361E+02  7.6150742E-06 -8.5673069E-08
   2.4500000E+01  4.3162069E+02  6.5416732E-13 -1.8350800E-07
   2.4500000E+01  4.3117321E+02  6.5416732E-13 -1.8350800E-07
   2.4500000E+01  4.3072574E+02  6.5416732E-13 -1.8350800E-07
   2.4500000E+01  4.3027827E+02  6.5416731E-13 -1.8350800E-07
   2.4500000E+01  4.2983079E+02  6.5416731E-13 -1.8350800E-07
   2.4500000E+01  4.2938332E+02  6.5416731E-13 -1.8350799E-07
   2.4500000E+01  4.2893584E+02  6.5416731E-13 -1.8350800E-07
   2.4500000E+01  4.2848837E+02  6.5416731E-13 -1.8350800E-07
   2.4500000E+01  4.2804090E+02  6.5416731E-13 -1.8350799E-07
   2.4500000E+01  4.2759342E+02  6.5416731E-13 -1.8350799E-07
   2.4500000E+01  4.2714595E+02  6.5416731E-13 -1.8350799E-07
   2.4500000E+01  4.2669848E+02  6.5416731E-13 -1.8350799E-07
   2.4500000E+01  4.2625100E+02  6.5416731E-13 -1.8350799E-07
   2.4500000E+01  4.2580353E+02  6.5416731E-13 -1.8350799E-07
   2.4500000E+01  4.2535605E+02  6.5416731E-13 -1.8350799E-07
   2.4500000E+01  4.2490858E+02  6.5416731E-13 -1.8350799E-07
   2.4500000E+01  4.2446111E+02  6.7915608E-13 -2.7497394E-07
   2.4500000E+01  4.2401363E+02  1.8673855E-05 -3.2030925E-08
   2.4500000E+01  4.2356616E+02  7.6230939E-06 -2.4214809E-08
   2.4500000E+01  4.2311868E+02  7.6176549E-06 -3.6662704E-08
   2.4500000E+01  4.2267121E+02  7.6094718E-06 -4.6337556E-08
   2.4500000E+01  4.2222374E+02  7.5998460E-06 -5.3560566E-08
   2.5500000E+01  4.3162596E+02  6.5211534E-13 -1.8350722E-07
   2.5500000E+01  4.3117824E+02  6.5211534E-13 -1.8350722E-07
   2.5500000E+01  4.3073052E+02  6.5211534E-13 -1.8350722E-07
   2.5500000E+01  4.3028280E+02  6.5211534E-13 -1.8350723E-07
   2.5500000E+01  4.2983508E+02  6.5211534E-13 -1.8350723E-07
   2.5500000E+01  4.2938737E+02  6.5211534E-13 -1.8350723E-07
   2.5500000E+01  4.2893965E+02  6.5211534E-13 -1.8350723E-07
   2.5500000E+01  4.2849193E+02  6.5211534E-13 -1.8350723E-07
   2.5500000E+01  4.2804421E+02  6.5211534E-13 -1.8350723E-07
   2.5500000E+01  4.2759649E+02  6.5211534E-13 -1.8350723E-07
   2.5500000E+01  4.2714877E+02  6.5211534E-13 -1.8350723E-07
   2.5500000E+01  4.2670105E+02  6.5211535E-13 -1.8350723E-07
   2.5500000E+01  4.2625333E+02  6.5211535E-13 -1.8350723E-07
   2.5500000E+01  4.2580561E+02  6.5211535E-13 -1.8350724E-07
   2.5500000E+01  4.2535789E+02  6.5211535E-13 -1.8350724E-07
   2.5500000E+01  4.2491017E+02  6.5211535E-13 -1.8350723E-07
   2.5500000E+01  4.2446246E+02  6.4542147E-13 -1.5900572E-07
   2.5500000E+01  4.2401474E+02  1.8615553E-05 -2.1890246E-08
   2.5500000E+01  4.2356702E+02  7.6014977E-06 -1.7189570E-08
   2.5500000E+01  4.2311930E+02  7.5982374E-06 -2.4219862E-08
   2.5500000E+01  4.2267158E+02  7.5937703E-06 -3.0499806E-08
   2.5500000E+01  4.2222386E+02  7.5882518E-06 -3.5556012E-08
   2.6500000E+01  4.3163123E+02  6.5101078E-13 -1.8350747E-07
   2.6500000E+01  4.3118327E+02  6.5101078E-13 -1.8350747E-07
   2.6500000E+01  4.3073530E+02  6.5101078E-13 -1.8350747E-07
   2.6500000E+01  4.3028734E+02  6.5101078E-13 -1.8350747E-07
   2.6500000E+01  4.2983938E+02  6.5101078E-13 -1.8350747E-07
   2.6500000E+01  4.2939141E+02  6.5101078E-13 -1.8350747E-07
   2.6500000E+01  4.2894345E+02  6.5101078E-13 -1.8350747E-07
   2.6500000E+01  4.2849548E+02  6.5101078E-13 -1.8350747E-07
   2.6500000E+01  4.2804752E+02  6.5101078E-13 -1.8350747E-07
   2.6500000E+01  4.2759955E+02  6.5101078E-13 -1.8350746E-07
   2.6500000E+01  4.2715159E+02  6.5101078E-13 -1.8350747E-07
   2.6500000E+01  4.2670363E+02  6.5101078E-13 -1.8350746E-07
   2.6500000E+01  4.2625566E+02  6.5101078E-13 -1.8350747E-07
   2.6500000E+01  4.2580770E+02  6.5101078E-13 -1.8350747E-07
   2.6500000E+01  4.2535973E+02  6.5101078E-13 -1.8350746E-07
   2.6500000E+01  4.2491177E+02  6.5101078E-13 -1.8350747E-07
   2.6500000E+01  4.2446380E+02  6.5280390E-13 -1.9007082E-07
   2.6500000E+01  4.2401584E+02  1.8580580E-05 -1.9010689E-08
   2.6500000E+01  4.2356788E+02  7.5878050E-06 -1.2643948E-08
   2.6500000E+01  4.2311991E+02  7.5859450E-06 -1.7312737E-08
   2.6500000E+01  4.2267195E+02  7.5832571E-06 -2.1418724E-08
   2.6500000E+01  4.2222398E+02  7.5799223E-06 -2.4863129E-08
   2.7500000E+01  4.3163651E+02  6.5026400E-13 -1.8350741E-07
   2.7500000E+01  4.3118830E+02  6.5026400E-13 -1.8350741E-07
   2.7500000E+01  4.3074009E+02  6.5026400E-13 -1.8350741E-07
   2.7500000E+01  4.3029188E+02  6.5026400E-13 -1.8350741E-07
   2.7500000E+01  4.2984367E+02  6.5026400E-13 -1.8350741E-07
   2.7500000E+01  4.2939546E+02  6.5026400E-13 -1.8350741E-07
   2.7500000E+01  4.2894725E+02  6.5026400E-13 -1.8350740E-07
   2.7500000E+01  4.2849904E+02  6.5026400E-13 -1.8350741E-07
   2.7500000E+01  4.2805083E+02  6.5026400E-13 -1.8350741E-07
   2.7500000E+01  4.2760262E+02  6.5026400E-13 -1.8350741E-07
   2.7500000E+01  4.2715441E+02  6.5026400E-13 -1.8350741E-07
   2.7500000E+01  4.2670620E+02  6.5026400E-13 -1.8350741E-07
   2.7500000E+01  4.2625799E+02  6.5026400E-13 -1.8350741E-07
   2.7500000E+01  4.2580978E+02  6.5026400E-13 -1.8350741E-07
   2.7500000E+01  4.2536157E+02  6.5026400E-13 -1.8350741E-07
   2.7500000E+01  4.2491336E+02  6.5026401E-13 -1.8350742E-07
   2.7500000E+01  4.2446515E+02  6.4978367E-13 -1.8174925E-07
   2.7500000E+01  4.2401694E+02  1.8557925E-05 -1.6700940E-08
   2.7500000E+01  4.2356873E+02  7.5789772E-06 -1.0082239E-08
   2.7500000E+01  4.2312052E+02  7.5778165E-06 -1.3120329E-08
   2.7500000E+01  4.2267231E+02  7.5761538E-06 -1.5894164E-08
   2.7500000E+01  4.2222410E+02  7.5740591E-06 -1.8267192E-08
   2.8500000E+01  4.3164178E+02  6.4978047E-13 -1.8350743E-07
   2.8500000E+01  4.3119332E+02  6.4978047E-13 -1.8350743E-07
   2.8500000E+01  4.3074487E+02  6.4978047E-13 -1.8350743E-07
   2.8500000E+01  4.3029642E+02  6.4978047E-13 -1.8350743E-07
   2.8500000E+01  4.2984796E+02  6.4978047E-13 -1.8350743E-07
   2.8500000E+01  4.2939951E+02  6.4978047E-13 -1.8350743E-07
   2.8500000E+01  4.2895105E+02  6.4978047E-13 -1.8350743E-07
   2.8500000E+01  4.2850260E+02  6.4978047E-13 -1.8350742E-07
   2.8500000E+01  4.2805414E+02  6.4978047E-13 -1.8350743E-07
   2.8500000E+01  4.2760569E+02  6.4978047E-13 -1.8350743E-07
   2.8500000E+01  4.2715723E+02  6.4978047E-13 -1.8350743E-07
   2.8500000E+01  4.2670878E+02  6.4978047E-13 -1.8350743E-07
   2.8500000E+01  4.2626032E+02  6.4978047E-13 -1.8350743E-07
   2.8500000E+01  4.2581187E+02  6.4978047E-13 -1.8350743E-07
   2.8500000E+01  4.2536341E+02  6.4978047E-13 -1.8350743E-07
   2.8500000E+01  4.2491496E+02  6.4978047E-13 -1.8350743E-07
   2.8500000E+01  4.2446650E+02  6.4990914E-13 -1.8397839E-07
   2.8500000E+01  4.2401805E+02  1.8542997E-05 -1.5404527E-08
   2.8500000E+01  4.2356959E+02  7.5731068E-06 -8.4509057E-09
   2.8500000E+01  4.2312114E+02  7.5723701E-06 -1.0511239E-08
   2.8500000E+01  4.2267268E+02  7.5713026E-06 -1.2408412E-08
   2.8500000E+01  4.2222423E+02  7.5699472E-06 -1.4055120E-08
   2.9500000E+01  4.3164705E+02  6.4945438E-13 -1.8350742E-07
   2.9500000E+01  4.3119835E+02  6.4945438E-13 -1.8350742E-07
   2.9500000E+01  4.3074965E+02  6.4945438E-13 -1.8350742E-07
   2.9500000E+01  4.3030095E+02  6.4945438E-13 -1.8350742E-07
   2.9500000E+01  4.2985225E+02  6.4945438E-13 -1.8350742E-07
   2.9500000E+01  4.2940355E+02  6.4945438E-13 -1.8350742E-07
   2.9500000E+01  4.2895485E+02  6.4945438E-13 -1.8350742E-07
   2.9500000E+01  4.2850615E+02  6.4945438E-13 -1.8350742E-07
   2.9500000E+01  4.2805745E+02  6.4945438E-13 -1.8350742E-07
   2.9500000E+01  4.2760875E+02  6.4945438E-13 -1.8350742E-07
   2.9500000E+01  4.2716005E+02  6.4945438E-13 -1.8350742E-07
   2.9500000E+01  4.2671135E+02  6.4945438E-13 -1.8350742E-07
   2.9500000E+01  4.2626265E+02  6.4945438E-13 -1.8350742E-07
   2.9500000E+01  4.2581395E+02  6.4945438E-13 -1.8350742E-07
   2.9500000E+01  4.2536525E+02  6.4945438E-13 -1.8350743E-07
   2.9500000E+01  4.2491655E+02  6.4945438E-13 -1.8350743E-07
   2.9500000E+01  4.2446785E+02  6.4941991E-13 -1.8338125E-07
   2.9500000E+01  4.2401915E+02  1.8532988E-05 -1.4556895E-08
   2.9500000E+01  4.2357045E+02  7.5691618E-06 -7.4135052E-09
   2.9500000E+01  4.2312175E+02  7.5686800E-06 -8.8268200E-09
   2.9500000E+01  4.2267305E+02  7.5679759E-06 -1.0139834E-08
   2.9500000E+01  4.2222435E+02  7.5670711E-06 -1.1283421E-08
   3.0500000E+01  4.3165233E+02  6.4923529E-13 -1.8350743E-07
   3.0500000E+01  4.3120338E+02  6.4923529E-13 -1.8350742E-07
   3.0500000E+01  4.3075444E+02  6.4923529E-13 -1.8350742E-07
   3.0500000E+01  4.3030549E+02  6.4923529E-13 -1.8350742E-07
   3.0500000E+01  4.2985654E+02  6.4923529E-13 -1.8350742E-07
   3.0500000E+01  4.2940760E+02  6.4923529E-13 -1.8350742E-07
   3.0500000E+01  4.2895865E+02  6.4923529E-13 -1.8350742E-07
   3.0500000E+01  4.2850971E+02  6.4923529E-13 -1.8350742E-07
   3.0500000E+01  4.2806076E+02  6.4923529E-13 -1.8350742E-07
   3.0500000E+01  4.2761182E+02  6.4923529E-13 -1.8350742E-07
   3.0500000E+01  4.2716287E+02  6.4923529E-13 -1.8350743E-07
   3.0500000E+01  4.2671393E+02  6.4923529E-13 -1.8350742E-07
   3.0500000E+01  4.2626498E+02  6.4923529E-13 -1.8350743E-07
   3.0500000E+01  4.2581604E+02  6.4923529E-13 -1.8350741E-07
   3.0500000E+01  4.2536709E+02  6.4923529E-13 -1.8350743E-07
   3.0500000E+01  4.2491815E+02  6.4923529E-13 -1.8350742E-07
   3.0500000E+01  4.2446920E+02  6.4924452E-13 -1.8354121E-07
   3.0500000E+01  4.2402025E+02  1.8526242E-05 -1.4012842E-08
   3.0500000E+01  4.2357131E+02  7.5664930E-06 -6.7312398E-09
   3.0500000E+01  4.2312236E+02  7.5661684E-06 -7.7086827E-09
   3.0500000E+01  4.2267342E+02  7.5656872E-06 -8.6144168E-09
   3.0500000E+01  4.2222447E+02  7.5650627E-06 -9.4003080E-09
   3.1500000E+01  4.3165760E+02  6.4908637E-13 -1.8350742E-07
   3.1500000E+01  4.3120841E+02  6.4908637E-13 -1.8350742E-07
   3.1500000E+01  4.3075922E+02  6.4908637E-13 -1.8350742E-07
   3.1500000E+01  4.3031003E+02  6.4908637E-13 -1.8350742E-07
   3.1500000E+01  4.2986084E+02  6.4908637E-13 -1.8350742E-07
   3.1500000E+01  4.2941165E+02  6.4908637E-13 -1.8350742E-07
   3.1500000E+01  4.2896246E+02  6.4908637E-13 -1.8350742E-07
   3.1500000E+01  4.2851326E+02  6.4908637E-13 -1.8350742E-07
   3.1500000E+01  4.2806407E+02  6.4908638E-13 -1.8350743E-07
   3.1500000E+01  4.2761488E+02  6.4908637E-13 -1.8350742E-07
   3.1500000E+01  4.2716569E+02  6.4908637E-13 -1.8350742E-07
   3.1500000E+01  4.2671650E+02  6.4908637E-13 -1.8350742E-07
   3.1500000E+01  4.2626731E+02  6.4908638E-13 -1.8350743E-07
   3.1500000E+01  4.2581812E+02  6.4908637E-13 -1.8350742E-07
   3.1500000E+01  4.2536893E+02  6.4908637E-13 -1.8350742E-07
   3.1500000E+01  4.2491974E+02  6.4908638E-13 -1.8350743E-07
   3.1500000E+01  4.2447055E+02  6.4908390E-13 -1.8349837E-07
   3.1500000E+01  4.2402136E+02  1.8521657E-05 -1.3639712E-08
   3.1500000E+01  4.2357217E+02  7.5646723E-06 -6.2693806E-09
   3.1500000E+01  4.2312298E+02  7.5644440E-06 -6.9366850E-09
   3.1500000E+01  4.2267379E+02  7.5641023E-06 -7.5523236E-09
   3.1500000E+01  4.2222460E+02  7.5636577E-06 -8.0808051E-09
   3.2500000E+01  4.3166287E+02  6.4898350E-13 -1.8350743E-07
   3.2500000E+01  4.3121344E+02  6.4898350E-13 -1.8350743E-07
   3.2500000E+01  4.3076400E+02  6.4898350E-13 -1.8350743E-07
   3.2500000E+01  4.3031456E+02  6.4898350E-13 -1.8350742E-07
   3.2500000E+01  4.2986513E+02  6.4898350E-13 -1.8350743E-07
   3.2500000E+01  4.2941569E+02  6.4898350E-13 -1.8350743E-07
   3.2500000E+01  4.2896626E+02  6.4898350E-13 -1.8350743E-07
   3.2500000E+01  4.2851682E+02  6.4898350E-13 -1.8350743E-07
   3.2500000E+01  4.2806738E+02  6.4898350E-13 -1.8350743E-07
   3.2500000E+01  4.2761795E+02  6.4898350E-13 -1.8350742E-07
   3.2500000E+01  4.2716851E+02  6.4898350E-13 -1.8350743E-07
   3.2500000E+01  4.2671908E+02  6.4898350E-13 -1.8350743E-07
   3.2500000E+01  4.2626964E+02  6.4898350E-13 -1.8350743E-07
   3.2500000E+01  4.2582021E+02  6.4898350E-13 -1.8350743E-07
   3.2500000E+01  4.2537077E+02  6.4898350E-13 -1.8350742E-07
   3.2500000E+01  4.2492133E+02  6.4898350E-13 -1.8350744E-07
   3.2500000E+01  4.2447190E+02  6.4898416E-13 -1.8350986E-07
   3.2500000E+01  4.2402246E+02  1.8518486E-05 -1.3364536E-08
   3.2500000E+01  4.2357303E+02  7.5634074E-06 -5.9403345E-09
   3.2500000E+01  4.2312359E+02  7.5632395E-06 -6.3821534E-09
   3.2500000E+01  4.2267415E+02  7.5629905E-06 -6.7911598E-09
   3.2500000E+01  4.2222472E+02  7.5626696E-06 -7.1377000E-09
   3.3500000E+01  4.3166815E+02  6.4891093E-13 -1.8350743E-07
   3.3500000E+01  4.3121846E+02  6.4891092E-13 -1.8350743E-07
   3.3500000E+01  4.3076878E+02  6.4891092E-13 -1.8350743E-07
   3.3500000E+01  4.3031910E+02  6.4891093E-13 -1.8350743E-07
   3.3500000E+01  4.2986942E+02  6.4891093E-13 -1.8350743E-07
   3.3500000E+01  4.2941974E+02  6.4891093E-13 -1.8350743E-07
   3.3500000E+01  4.2897006E+02  6.4891093E-13 -1.8350743E-07
   3.3500000E+01  4.2852038E+02  6.4891093E-13 -1.8350743E-07
   3.3500000E+01  4.2807070E+02  6.4891093E-13 -1.8350743E-07
   3.3500000E+01  4.2762101E+02  6.4891092E-13 -1.8350743E-07
   3.3500000E+01  4.2717133E+02  6.4891093E-13 -1.8350743E-07
   3.3500000E+01  4.2672165E+02  6.4891093E-13 -1.8350743E-07
   3.3500000E+01  4.2627197E+02  6.4891093E-13 -1.8350743E-07
   3.3500000E+01  4.2582229E+02  6.4891093E-13 -1.8350743E-07
   3.3500000E+01  4.2537261E+02  6.4891093E-13 -1.8350743E-07
   3.3500000E+01  4.2492293E+02  6.4891093E-13 -1.8350744E-07
   3.3500000E+01  4.2447325E+02  6.4891075E-13 -1.8350677E-07
   3.3500000E+01  4.2402357E+02  1.8516249E-05 -1.3148263E-08
   3.3500000E+01  4.2357388E+02  7.5625137E-06 -5.6932459E-09
   3.3500000E+01  4.2312420E+02  7.5623878E-06 -5.9746903E-09
   3.3500000E+01  4.2267452E+02  7.5622065E-06 -6.2405763E-09
   3.3500000E+01  4.2222484E+02  7.5619773E-06 -6.4642898E-09
   3.4500000E+01  4.3167342E+02  6.4885984E-13 -1.8350743E-07
   3.4500000E+01  4.3122349E+02  6.4885984E-13 -1.8350743E-07
   3.4500000E+01  4.3077357E+02  6.4885984E-13 -1.8350743E-07
   3.4500000E+01  4.3032364E+02  6.4885984E-13 -1.8350743E-07
   3.4500000E+01  4.2987371E+02  6.4885984E-13 -1.8350743E-07
   3.4500000E+01  4.2942379E+02  6.4885984E-13 -1.8350743E-07
   3.4500000E+01  4.2897386E+02  6.4885984E-13 -1.8350743E-07
   3.4500000E+01  4.2852393E+02  6.4885984E-13 -1.8350743E-07
   3.4500000E+01  4.2807401E+02  6.4885984E-13 -1.8350743E-07
   3.4500000E+01  4.2762408E+02  6.4885984E-13 -1.8350743E-07
   3.4500000E+01  4.2717415E+02  6.4885984E-13 -1.8350743E-07
   3.4500000E+01  4.2672423E+02  6.4885984E-13 -1.8350743E-07
   3.4500000E+01  4.2627430E+02  6.4885984E-13 -1.8350744E-07
   3.4500000E+01  4.2582437E+02  6.4885984E-13 -1.8350743E-07
   3.4500000E+01  4.2537445E+02  6.4885984E-13 -1.8350743E-07
   3.4500000E+01  4.2492452E+02  6.4885984E-13 -1.8350744E-07
   3.4500000E+01  4.2447460E+02  6.4885989E-13 -1.8350759E-07
   3.4500000E+01  4.2402467E+02  1.8514677E-05 -1.2981792E-08
   3.4500000E+01  4.2357474E+02  7.5618897E-06 -5.5052247E-09
   3.4500000E+01  4.2312482E+02  7.5617984E-06 -5.6791773E-09
   3.4500000E+01  4.2267489E+02  7.5616708E-06 -5.8487279E-09
   3.4500000E+01  4.2222496E+02  7.5615111E-06 -5.9912889E-09
   3.5500000E+01  4.3167869E+02  6.4882642E-13 -1.8350743E-07
   3.5500000E+01  4.3122852E+02  6.4882642E-13 -1.8350743E-07
   3.5500000E+01  4.3077835E+02  6.4882642E-13 -1.8350743E-07
   3.5500000E+01  4.3032818E+02  6.4882642E-13 -1.8350743E-07
   3.5500000E+01  4.2987800E+02  6.4882642E-13 -1.8350743E-07
   3.5500000E+01  4.2942783E+02  6.4882642E-13 -1.8350743E-07
   3.5500000E+01  4.2897766E+02  6.4882642E-13 -1.8350743E-07
   3.5500000E+01  4.2852749E+02  6.4882642E-13 -1.8350743E-07
   3.5500000E+01  4.2807732E+02  6.4882642E-13 -1.8350743E-07
   3.5500000E+01  4.2762715E+02  6.4882642E-13 -1.8350743E-07
   3.5500000E+01  4.2717697E+02  6.4882642E-13 -1.8350743E-07
   3.5500000E+01  4.2672680E+02  6.4882642E-13 -1.8350743E-07
   3.5500000E+01  4.2627663E+02  6.4882642E-13 -1.8350743E-07
   3.5500000E+01  4.2582646E+02  6.4882642E-13 -1.8350743E-07
   3.5500000E+01  4.2537629E+02  6.4882642E-13 -1.8350743E-07
   3.5500000E+01  4.2492612E+02  6.4882642E-13 -1.8350744E-07
   3.5500000E+01  4.2447594E+02  6.4882640E-13 -1.8350738E-07
   3.5500000E+01  4.2402577E+02  1.8513652E-05 -1.2868721E-08
   3.5500000E+01  4.2357560E+02  7.5614888E-06 -5.3692212E-09
   3.5500000E+01  4.2312543E+02  7.5614274E-06 -5.4752466E-09
   3.5500000E+01  4.2267526E+02  7.5613417E-06 -5.5784798E-09
   3.5500000E+01  4.2222509E+02  7.5612312E-06 -5.6609815E-09
   3.6500000E+01  4.3168396E+02  6.4880869E-13 -1.8350743E-07
   3.6500000E+01  4.3123355E+02  6.4880869E-13 -1.8350743E-07
   3.6500000E+01  4.3078313E+02  6.4880869E-13 -1.8350743E-07
   3.6500000E+01  4.3033271E+02  6.4880869E-13 -1.8350743E-07
   3.6500000E+01  4.2988230E+02  6.4880869E-13 -1.8350743E-07
   3.6500000E+01  4.2943188E+02  6.4880869E-13 -1.8350743E-07
   3.6500000E+01  4.2898146E+02  6.4880869E-13 -1.8350743E-07
   3.6500000E+01  4.2853105E+02  6.4880869E-13 -1.8350743E-07
   3.6500000E+01  4.2808063E+02  6.4880869E-13 -1.8350743E-07
   3.6500000E+01  4.2763021E+02  6.4880869E-13 -1.8350743E-07
   3.6500000E+01  4.2717979E+02  6.4880869E-13 -1.8350742E-07
   3.6500000E+01  4.2672938E+02  6.4880869E-13 -1.8350743E-07
   3.6500000E+01  4.2627896E+02  6.4880869E-13 -1.8350743E-07
   3.6500000E+01  4.2582854E+02  6.4880869E-13 -1.8350743E-07
   3.6500000E+01  4.2537813E+02  6.4880869E-13 -1.8350743E-07
   3.6500000E+01  4.2492771E+02  6.4880869E-13 -1.8350743E-07
   3.6500000E+01  4.2447729E+02  6.4880870E-13 -1.8350744E-07
   3.6500000E+01  4.2402688E+02  1.8513111E-05 -1.2806471E-08
   3.6500000E+01  4.2357646E+02  7.5612833E-06 -5.2805417E-09
   3.6500000E+01  4.2312604E+02  7.5612448E-06 -5.3416211E-09
   3.6500000E+01  4.2267563E+02  7.5611871E-06 -5.3935863E-09
   3.6500000E+01  4.2222521E+02  7.5611057E-06 -5.4195390E-09
   3.7500000E+01  4.3168924E+02  6.4880394E-13 -1.8350743E-07
   3.7500000E+01  4.3123858E+02  6.4880394E-13 -1.8350743E-07
   3.7500000E+01  4.3078791E+02  6.4880394E-13 -1.8350742E-07
   3.7500000E+01  4.3033725E+02  6.4880394E-13 -1.8350742E-07
   3.7500000E+01  4.2988659E+02  6.4880394E-13 -1.8350742E-07
   3.7500000E+01  4.2943593E+02  6.4880394E-13 -1.8350742E-07
   3.7500000E+01  4.2898526E+02  6.4880394E-13 -1.8350742E-07
   3.7500000E+01  4.2853460E+02  6.4880394E-13 -1.8350742E-07
   3.7500000E+01  4.2808394E+02  6.4880394E-13 -1.8350742E-07
   3.7500000E+01  4.2763328E+02  6.4880394E-13 -1.8350743E-07
   3.7500000E+01  4.2718262E+02  6.4880394E-13 -1.8350742E-07
   3.7500000E+01  4.2673195E+02  6.4880394E-13 -1.8350743E-07
   3.7500000E+01  4.2628129E+02  6.4880394E-13 -1.8350742E-07
   3.7500000E+01  4.2583063E+02  6.4880394E-13 -1.8350743E-07
   3.7500000E+01  4.2537997E+02  6.4880394E-13 -1.8350742E-07
   3.7500000E+01  4.2492930E+02  6.4880394E-13 -1.8350743E-07
   3.7500000E+01  4.2447864E+02  6.4880394E-13 -1.8350742E-07
   3.7500000E+01  4.2402798E+02  1.8512968E-05 -1.2778704E-08
   3.7500000E+01  4.2357732E+02  7.5612337E-06 -5.2279777E-09
   3.7500000E+01  4.2312666E+02  7.5612078E-06 -5.2510626E-09
   3.7500000E+01  4.2267599E+02  7.5611635E-06 -5.2576645E-09
   3.7500000E+01  4.2222533E+02  7.5610957E-06 -5.2242250E-09
   3.8500000E+01  4.3169451E+02  6.4880788E-13 -1.8350743E-07
   3.8500000E+01  4.3124360E+02  6.4880788E-13 -1.8350743E-07
   3.8500000E+01  4.3079270E+02  6.4880788E-13 -1.8350742E-07
   3.8500000E+01  4.3034179E+02  6.4880788E-13 -1.8350742E-07
   3.8500000E+01  4.2989088E+02  6.4880788E-13 -1.8350742E-07
   3.8500000E+01  4.2943997E+02  6.4880788E-13 -1.8350742E-07
   3.8500000E+01  4.2898907E+02  6.4880788E-13 -1.8350742E-07
   3.8500000E+01  4.2853816E+02  6.4880788E-13 -1.8350742E-07
   3.8500000E+01  4.2808725E+02  6.4880788E-13 -1.8350742E-07
   3.8500000E+01  4.2763634E+02  6.4880788E-13 -1.8350742E-07
   3.8500000E+01  4.2718544E+02  6.4880788E-13 -1.8350742E-07
   3.8500000E+01  4.2673453E+02  6.4880788E-13 -1.8350742E-07
   3.8500000E+01  4.2628362E+02  6.4880788E-13 -1.8350742E-07
   3.8500000E+01  4.2583271E+02  6.4880788E-13 -1.8350742E-07
   3.8500000E+01  4.2538181E+02  6.4880788E-13 -1.8350742E-07
   3.8500000E+01  4.2493090E+02  6.4880788E-13 -1.8350742E-07
   3.8500000E+01  4.2447999E+02  6.4880788E-13 -1.8350742E-07
   3.8500000E+01  4.2402908E+02  1.8513089E-05 -1.2759401E-08
   3.8500000E+01  4.2357818E+02  7.5612841E-06 -5.1931995E-09
   3.8500000E+01  4.2312727E+02  7.5612605E-06 -5.1761259E-09
   3.8500000E+01  4.2267636E+02  7.5612191E-06 -5.1423653E-09
   3.8500000E+01  4.2222545E+02  7.5611579E-06 -5.0534617E-09
   3.9500000E+01  4.3169978E+02  6.4881553E-13 -1.8350743E-07
   3.9500000E+01  4.3124863E+02  6.4881553E-13 -1.8350743E-07
   3.9500000E+01  4.3079748E+02  6.4881553E-13 -1.8350743E-07
   3.9500000E+01  4.3034633E+02  6.4881553E-13 -1.8350743E-07
   3.9500000E+01  4.2989517E+02  6.4881553E-13 -1.8350743E-07
   3.9500000E+01  4.2944402E+02  6.4881553E-13 -1.8350742E-07
   3.9500000E+01  4.2899287E+02  6.4881553E-13 -1.8350743E-07
   3.9500000E+01  4.2854171E+02  6.4881554E-13 -1.8350743E-07
   3.9500000E+01  4.2809056E+02  6.4881553E-13 -1.8350743E-07
   3.9500000E+01  4.2763941E+02  6.4881553E-13 -1.8350742E-07
   3.9500000E+01  4.2718826E+02  6.4881553E-13 -1.8350743E-07
   3.9500000E+01  4.2673710E+02  6.4881553E-13 -1.8350742E-07
   3.9500000E+01  4.2628595E+02  6.4881553E-13 -1.8350742E-07
   3.9500000E+01  4.2583480E+02  6.4881553E-13 -1.8350743E-07
   3.9500000E+01  4.2538365E+02  6.4881553E-13 -1.8350743E-07
   3.9500000E+01  4.2493249E+02  6.4881554E-13 -1.8350743E-07
   3.9500000E+01  4.2448134E+02  6.4881553E-13 -1.8350742E-07
   3.9500000E+01  4.2403019E+02  1.8513323E-05 -1.2728115E-08
   3.9500000E+01  4.2357903E+02  7.5613759E-06 -5.1588941E-09
   3.9500000E+01  4.2312788E+02  7.5613499E-06 -5.1008752E-09
   3.9500000E+01  4.2267673E+02  7.5613094E-06 -5.0360118E-09
   3.9500000E+01  4.2222558E+02  7.5612568E-06 -4.9075348E-09
   4.0500000E+01  4.3170506E+02  6.4882384E-13 -1.8350743E-07
   4.0500000E+01  4.3125366E+02  6.4882384E-13 -1.8350743E-07
   4.0500000E+01  4.3080226E+02  6.4882384E-13 -1.8350743E-07
   4.0500000E+01  4.3035086E+02  6.4882384E-13 -1.8350743E-07
   4.0500000E+01  4.2989946E+02  6.4882384E-13 -1.8350743E-07
   4.0500000E+01  4.2944807E+02  6.4882384E-13 -1.8350743E-07
   4.0500000E+01  4.2899667E+02  6.4882384E-13 -1.8350743E-07
   4.0500000E+01  4.2854527E+02  6.4882384E-13 -1.8350743E-07
   4.0500000E+01  4.2809387E+02  6.4882384E-13 -1.8350743E-07
   4.0500000E+01  4.2764247E+02  6.4882384E-13 -1.8350743E-07
   4.0500000E+01  4.2719108E+02  6.4882384E-13 -1.8350743E-07
   4.0500000E+01  4.2673968E+02  6.4882384E-13 -1.8350743E-07
   4.0500000E+01  4.2628828E+02  6.4882384E-13 -1.8350743E-07
   4.0500000E+01  4.2583688E+02  6.4882384E-13 -1.8350743E-07
   4.0500000E+01  4.2538548E+02  6.4882384E-13 -1.8350743E-07
   4.0500000E+01  4.2493409E+02  6.4882384E-13 -1.8350744E-07
   4.0500000E+01  4.2448269E+02  6.4882383E-13 -1.8350742E-07
   4.0500000E+01  4.2403129E+02  1.8513577E-05 -1.2681718E-08
   4.0500000E+01  4.2357989E+02  7.5614767E-06 -5.1174593E-09
   4.0500000E+01  4.2312849E+02  7.5614504E-06 -5.0267711E-09
   4.0500000E+01  4.2267710E+02  7.5614154E-06 -4.9430195E-09
   4.0500000E+01  4.2222570E+02  7.5613767E-06 -4.7981807E-09
   4.1500000E+01  4.3171033E+02  6.4883283E-13 -1.8350743E-07
   4.1500000E+01  4.3125869E+02  6.4883283E-13 -1.8350743E-07
   4.1500000E+01  4.3080704E+02  6.4883283E-13 -1.8350743E-07
   4.1500000E+01  4.3035540E+02  6.4883283E-13 -1.8350743E-07
   4.1500000E+01  4.2990376E+02  6.4883283E-13 -1.8350743E-07
   4.1500000E+01  4.2945211E+02  6.4883283E-13 -1.8350743E-07
   4.1500000E+01  4.2900047E+02  6.4883283E-13 -1.8350743E-07
   4.1500000E+01  4.2854883E+02  6.4883283E-13 -1.8350743E-07
   4.1500000E+01  4.2809718E+02  6.4883283E-13 -1.8350743E-07
   4.1500000E+01  4.2764554E+02  6.4883283E-13 -1.8350743E-07
   4.1500000E+01  4.2719390E+02  6.4883283E-13 -1.8350743E-07
   4.1500000E+01  4.2674225E+02  6.4883283E-13 -1.8350743E-07
   4.1500000E+01  4.2629061E+02  6.4883283E-13 -1.8350743E-07
   4.1500000E+01  4.2583897E+02  6.4883283E-13 -1.8350743E-07
   4.1500000E+01  4.2538732E+02  6.4883283E-13 -1.8350742E-07
   4.1500000E+01  4.2493568E+02  6.4883283E-13 -1.8350743E-07
   4.1500000E+01  4.2448404E+02  6.4883283E-13 -1.8350742E-07
   4.1500000E+01  4.2403239E+02  1.8513857E-05 -1.2633882E-08
   4.1500000E+01  4.2358075E+02  7.5615928E-06 -5.0741211E-09
   4.1500000E+01  4.2312911E+02  7.5615720E-06 -4.9660742E-09
   4.1500000E+01  4.2267746E+02  7.5615478E-06 -4.8728805E-09
   4.1500000E+01  4.2222582E+02  7.5615246E-06 -4.7313658E-09
   4.2500000E+01  4.3171560E+02  6.4884486E-13 -1.8350743E-07
   4.2500000E+01  4.3126371E+02  6.4884486E-13 -1.8350743E-07
   4.2500000E+01  4.3081183E+02  6.4884486E-13 -1.8350743E-07
   4.2500000E+01  4.3035994E+02  6.4884486E-13 -1.8350743E-07
   4.2500000E+01  4.2990805E+02  6.4884486E-13 -1.8350743E-07
   4.2500000E+01  4.2945616E+02  6.4884486E-13 -1.8350743E-07
   4.2500000E+01  4.2900427E+02  6.4884486E-13 -1.8350743E-07
   4.2500000E+01  4.2855238E+02  6.4884486E-13 -1.8350743E-07
   4.2500000E+01  4.2810049E+02  6.4884486E-13 -1.8350743E-07
   4.2500000E+01  4.2764861E+02  6.4884486E-13 -1.8350743E-07
   4.2500000E+01  4.2719672E+02  6.4884486E-13 -1.8350743E-07
   4.2500000E+01  4.2674483E+02  6.4884486E-13 -1.8350743E-07
   4.2500000E+01  4.2629294E+02  6.4884486E-13 -1.8350743E-07
   4.2500000E+01  4.2584105E+02  6.4884486E-13 -1.8350743E-07
   4.2500000E+01  4.2538916E+02  6.4884486E-13 -1.8350742E-07
   4.2500000E+01  4.2493728E+02  6.4884486E-13 -1.8350743E-07
   4.2500000E+01  4.2448539E+02  6.4884486E-13 -1.8350742E-07
   4.2500000E+01  4.2403350E+02  1.8514233E-05 -1.2603723E-08
   4.2500000E+01  4.2358161E+02  7.5617534E-06 -5.0409742E-09
   4.2500000E+01  4.2312972E+02  7.5617424E-06 -4.9292651E-09
   4.2500000E+01  4.2267783E+02  7.5617296E-06 -4.8280646E-09
   4.2500000E+01  4.2222594E+02  7.5617167E-06 -4.6963745E-09
   4.3500000E+01  4.3172088E+02  6.4886229E-13 -1.8350743E-07
   4.3500000E+01  4.3126874E+02  6.4886229E-13 -1.8350743E-07
   4.3500000E+01  4.3081661E+02  6.4886229E-13 -1.8350743E-07
   4.3500000E+01  4.3036447E+02  6.4886229E-13 -1.8350743E-07
   4.3500000E+01  4.2991234E+02  6.4886229E-13 -1.8350742E-07
   4.3500000E+01  4.2946021E+02  6.4886229E-13 -1.8350743E-07
   4.3500000E+01  4.2900807E+02  6.4886229E-13 -1.8350743E-07
   4.3500000E+01  4.2855594E+02  6.4886229E-13 -1.8350743E-07
   4.3500000E+01  4.2810381E+02  6.4886229E-13 -1.8350743E-07
   4.3500000E+01  4.2765167E+02  6.4886229E-13 -1.8350742E-07
   4.3500000E+01  4.2719954E+02  6.4886229E-13 -1.8350743E-07
   4.3500000E+01  4.2674740E+02  6.4886229E-13 -1.8350742E-07
   4.3500000E+01  4.2629527E+02  6.4886229E-13 -1.8350743E-07
   4.3500000E+01  4.2584314E+02  6.4886229E-13 -1.8350743E-07
   4.3500000E+01  4.2539100E+02  6.4886229E-13 -1.8350743E-07
   4.3500000E+01  4.2493887E+02  6.4886229E-13 -1.8350742E-07
   4.3500000E+01  4.2448674E+02  6.4886229E-13 -1.8350742E-07
   4.3500000E+01  4.2403460E+02  1.8514776E-05 -1.2598458E-08
   4.3500000E+01  4.2358247E+02  7.5619823E-06 -5.0258248E-09
   4.3500000E+01  4.2313033E+02  7.5619796E-06 -4.9145198E-09
   4.3500000E+01  4.2267820E+02  7.5619725E-06 -4.7990443E-09
   4.3500000E+01  4.2222607E+02  7.5619602E-06 -4.6698345E-09
   4.4500000E+01  4.3172615E+02  6.4888500E-13 -1.8350743E-07
   4.4500000E+01  4.3127377E+02  6.4888500E-13 -1.8350743E-07
   4.4500000E+01  4.3082139E+02  6.4888499E-13 -1.8350742E-07
   4.4500000E+01  4.3036901E+02  6.4888500E-13 -1.8350743E-07
   4.4500000E+01  4.2991663E+02  6.4888499E-13 -1.8350742E-07
   4.4500000E+01  4.2946425E+02  6.4888500E-13 -1.8350743E-07
   4.4500000E+01  4.2901187E+02  6.4888499E-13 -1.8350743E-07
   4.4500000E+01  4.2855950E+02  6.4888499E-13 -1.8350742E-07
   4.4500000E+01  4.2810712E+02  6.4888499E-13 -1.8350742E-07
   4.4500000E+01  4.2765474E+02  6.4888500E-13 -1.8350743E-07
   4.4500000E+01  4.2720236E+02  6.4888500E-13 -1.8350743E-07
   4.4500000E+01  4.2674998E+02  6.4888499E-13 -1.8350742E-07
   4.4500000E+01  4.2629760E+02  6.4888500E-13 -1.8350743E-07
   4.4500000E+01  4.2584522E+02  6.4888499E-13 -1.8350743E-07
   4.4500000E+01  4.2539284E+02  6.4888500E-13 -1.8350743E-07
   4.4500000E+01  4.2494046E+02  6.4888499E-13 -1.8350742E-07
   4.4500000E+01  4.2448808E+02  6.4888499E-13 -1.8350742E-07
   4.4500000E+01  4.2403571E+02  1.8515479E-05 -1.2606867E-08
   4.4500000E+01  4.2358333E+02  7.5622718E-06 -5.0250197E-09
   4.4500000E+01  4.2313095E+02  7.5622709E-06 -4.9076213E-09
   4.4500000E+01  4.2267857E+02  7.5622618E-06 -4.7704204E-09
   4.4500000E+01  4.2222619E+02  7.5622435E-06 -4.6310515E-09
   4.5500000E+01  4.3173142E+02  6.4891025E-13 -1.8350743E-07
   4.5500000E+01  4.3127880E+02  6.4891025E-13 -1.8350743E-07
   4.5500000E+01  4.3082617E+02  6.4891025E-13 -1.8350743E-07
   4.5500000E+01  4.3037355E+02  6.4891025E-13 -1.8350743E-07
   4.5500000E+01  4.2992092E+02  6.4891025E-13 -1.8350743E-07
   4.5500000E+01  4.2946830E+02  6.4891025E-13 -1.8350743E-07
   4.5500000E+01  4.2901568E+02  6.4891024E-13 -1.8350742E-07
   4.5500000E+01  4.2856305E+02  6.4891025E-13 -1.8350743E-07
   4.5500000E+01  4.2811043E+02  6.4891025E-13 -1.8350743E-07
   4.5500000E+01  4.2765780E+02  6.4891025E-13 -1.8350743E-07
   4.5500000E+01  4.2720518E+02  6.4891024E-13 -1.8350742E-07
   4.5500000E+01  4.2675255E+02  6.4891025E-13 -1.8350743E-07
   4.5500000E+01  4.2629993E+02  6.4891025E-13 -1.8350743E-07
   4.5500000E+01  4.2584731E+02  6.4891024E-13 -1.8350742E-07
   4.5500000E+01  4.2539468E+02  6.4891024E-13 -1.8350742E-07
   4.5500000E+01  4.2494206E+02  6.4891025E-13 -1.8350744E-07
   4.5500000E+01  4.2448943E+02  6.4891024E-13 -1.8350742E-07
   4.5500000E+01  4.2403681E+02  1.8516257E-05 -1.2607697E-08
   4.5500000E+01  4.2358418E+02  7.5625856E-06 -5.0251625E-09
   4.5500000E+01  4.2313156E+02  7.5625796E-06 -4.8926365E-09
   4.5500000E+01  4.2267894E+02  7.5625649E-06 -4.7330626E-09
   4.5500000E+01  4.2222631E+02  7.5625418E-06 -4.5770910E-09
   4.6500000E+01  4.3173669E+02  6.4893457E-13 -1.8350743E-07
   4.6500000E+01  4.3128383E+02  6.4893457E-13 -1.8350743E-07
   4.6500000E+01  4.3083096E+02  6.4893457E-13 -1.8350743E-07
   4.6500000E+01  4.3037809E+02  6.4893457E-13 -1.8350743E-07
   4.6500000E+01  4.2992522E+02  6.4893457E-13 -1.8350743E-07
   4.6500000E+01  4.2947235E+02  6.4893457E-13 -1.8350743E-07
   4.6500000E+01  4.2901948E+02  6.4893457E-13 -1.8350743E-07
   4.6500000E+01  4.2856661E+02  6.4893457E-13 -1.8350743E-07
   4.6500000E+01  4.2811374E+02  6.4893457E-13 -1.8350743E-07
   4.6500000E+01  4.2766087E+02  6.4893457E-13 -1.8350743E-07
   4.6500000E+01  4.2720800E+02  6.4893457E-13 -1.8350743E-07
   4.6500000E+01  4.2675513E+02  6.4893457E-13 -1.8350743E-07
   4.6500000E+01  4.2630226E+02  6.4893457E-13 -1.8350743E-07
   4.6500000E+01  4.2584939E+02  6.4893456E-13 -1.8350743E-07
   4.6500000E+01  4.2539652E+02  6.4893457E-13 -1.8350743E-07
   4.6500000E+01  4.2494365E+02  6.4893457E-13 -1.8350745E-07
   4.6500000E+01  4.2449078E+02  6.4893456E-13 -1.8350742E-07
   4.6500000E+01  4.2403791E+02  1.8517005E-05 -1.2587442E-08
   4.6500000E+01  4.2358504E+02  7.5628852E-06 -5.0142742E-09
   4.6500000E+01  4.2313217E+02  7.5628731E-06 -4.8642633E-09
   4.6500000E+01  4.2267930E+02  7.5628560E-06 -4.6913252E-09
   4.6500000E+01  4.2222643E+02  7.5628356E-06 -4.5230343E-09
   4.7500000E+01  4.3174197E+02  6.4895635E-13 -1.8350743E-07
   4.7500000E+01  4.3128885E+02  6.4895635E-13 -1.8350743E-07
   4.7500000E+01  4.3083574E+02  6.4895635E-13 -1.8350743E-07
   4.7500000E+01  4.3038262E+02  6.4895635E-13 -1.8350743E-07
   4.7500000E+01  4.2992951E+02  6.4895635E-13 -1.8350743E-07
   4.7500000E+01  4.2947639E+02  6.4895635E-13 -1.8350743E-07
   4.7500000E+01  4.2902328E+02  6.4895635E-13 -1.8350743E-07
   4.7500000E+01  4.2857016E+02  6.4895635E-13 -1.8350743E-07
   4.7500000E+01  4.2811705E+02  6.4895635E-13 -1.8350743E-07
   4.7500000E+01  4.2766393E+02  6.4895635E-13 -1.8350743E-07
   4.7500000E+01  4.2721082E+02  6.4895634E-13 -1.8350743E-07
   4.7500000E+01  4.2675771E+02  6.4895635E-13 -1.8350743E-07
   4.7500000E+01  4.2630459E+02  6.4895635E-13 -1.8350743E-07
   4.7500000E+01  4.2585148E+02  6.4895634E-13 -1.8350743E-07
   4.7500000E+01  4.2539836E+02  6.4895635E-13 -1.8350743E-07
   4.7500000E+01  4.2494525E+02  6.4895635E-13 -1.8350744E-07
   4.7500000E+01  4.2449213E+02  6.4895634E-13 -1.8350742E-07
   4.7500000E+01  4.2403902E+02  1.8517678E-05 -1.2553331E-08
   4.7500000E+01  4.2358590E+02  7.5631576E-06 -4.9921552E-09
   4.7500000E+01  4.2313279E+02  7.5631449E-06 -4.8322451E-09
   4.7500000E+01  4.2267967E+02  7.5631329E-06 -4.6592663E-09
   4.7500000E+01  4.2222656E+02  7.5631227E-06 -4.4877854E-09
   4.8500000E+01  4.3174724E+02  6.4897715E-13 -1.8350743E-07
   4.8500000E+01  4.3129388E+02  6.4897715E-13 -1.8350743E-07
   4.8500000E+01  4.3084052E+02  6.4897715E-13 -1.8350743E-07
   4.8500000E+01  4.3038716E+02  6.4897715E-13 -1.8350743E-07
   4.8500000E+01  4.2993380E+02  6.4897715E-13 -1.8350743E-07
   4.8500000E+01  4.2948044E+02  6.4897715E-13 -1.8350743E-07
   4.8500000E+01  4.2902708E+02  6.4897715E-13 -1.8350744E-07
   4.8500000E+01  4.2857372E+02  6.4897715E-13 -1.8350743E-07
   4.8500000E+01  4.2812036E+02  6.4897715E-13 -1.8350743E-07
   4.8500000E+01  4.2766700E+02  6.4897715E-13 -1.8350743E-07
   4.8500000E+01  4.2721364E+02  6.4897715E-13 -1.8350743E-07
   4.8500000E+01  4.2676028E+02  6.4897715E-13 -1.8350743E-07
   4.8500000E+01  4.2630692E+02  6.4897715E-13 -1.8350744E-07
   4.8500000E+01  4.2585356E+02  6.4897715E-13 -1.8350743E-07
   4.8500000E+01  4.2540020E+02  6.4897715E-13 -1.8350744E-07
   4.8500000E+01  4.2494684E+02  6.4897715E-13 -1.8350744E-07
   4.8500000E+01  4.2449348E+02  6.4897715E-13 -1.8350743E-07
   4.8500000E+01  4.2404012E+02  1.8518324E-05 -1.2526025E-08
   4.8500000E+01  4.2358676E+02  7.5634253E-06 -4.9696000E-09
   4.8500000E+01  4.2313340E+02  7.5634184E-06 -4.8120727E-09
   4.8500000E+01  4.2268004E+02  7.5634158E-06 -4.6475823E-09
   4.8500000E+01  4.2222668E+02  7.5634164E-06 -4.4783172E-09
   4.9500000E+01  4.3175251E+02  6.4900003E-13 -1.8350743E-07
   4.9500000E+01  4.3129891E+02  6.4900003E-13 -1.8350743E-07
   4.9500000E+01  4.3084530E+02  6.4900003E-13 -1.8350743E-07
   4.9500000E+01  4.3039170E+02  6.4900003E-13 -1.8350743E-07
   4.9500000E+01  4.2993809E+02  6.4900003E-13 -1.8350743E-07
   4.9500000E+01  4.2948449E+02  6.4900003E-13 -1.8350743E-07
   4.9500000E+01  4.2903088E+02  6.4900003E-13 -1.8350743E-07
   4.9500000E+01  4.2857728E+02  6.4900003E-13 -1.8350743E-07
   4.9500000E+01  4.2812367E+02  6.4900003E-13 -1.8350743E-07
   4.9500000E+01  4.2767007E+02  6.4900003E-13 -1.8350743E-07
   4.9500000E+01  4.2721646E+02  6.4900003E-13 -1.8350743E-07
   4.9500000E+01  4.2676286E+02  6.4900003E-13 -1.8350743E-07
   4.9500000E+01  4.2630925E+02  6.4900003E-13 -1.8350744E-07
   4.9500000E+01  4.2585565E+02  6.4900003E-13 -1.8350743E-07
   4.9500000E+01  4.2540204E+02  6.4900003E-13 -1.8350743E-07
   4.9500000E+01  4.2494843E+02  6.4900003E-13 -1.8350744E-07
   4.9500000E+01  4.2449483E+02  6.4900003E-13 -1.8350743E-07
   4.9500000E+01  4.2404122E+02  1.8519036E-05 -1.2521719E-08
   4.9500000E+01  4.2358762E+02  7.5637233E-06 -4.9588319E-09
   4.9500000E+01  4.2313401E+02  7.5637243E-06 -4.8103678E-09
   4.9500000E+01  4.2268041E+02  7.5637283E-06 -4.6528077E-09
   4.9500000E+01  4.2222680E+02  7.5637326E-06 -4.4838896E-09
   5.0500000E+01  4.3175779E+02  6.4902693E-13 -1.8350743E-07
   5.0500000E+01  4.3130394E+02  6.4902693E-13 -1.8350743E-07
   5.0500000E+01  4.3085009E+02  6.4902693E-13 -1.8350743E-07
   5.0500000E+01  4.3039624E+02  6.4902693E-13 -1.8350743E-07
   5.0500000E+01  4.2994238E+02  6.4902693E-13 -1.8350743E-07
   5.0500000E+01  4.2948853E+02  6.4902693E-13 -1.8350743E-07
   5.0500000E+01  4.2903468E+02  6.4902693E-13 -1.8350743E-07
   5.0500000E+01  4.2858083E+02  6.4902693E-13 -1.8350743E-07
   5.0500000E+01  4.2812698E+02  6.4902693E-13 -1.8350743E-07
   5.0500000E+01  4.2767313E+02  6.4902693E-13 -1.8350743E-07
   5.0500000E+01  4.2721928E+02  6.4902693E-13 -1.8350743E-07
   5.0500000E+01  4.2676543E+02  6.4902693E-13 -1.8350742E-07
   5.0500000E+01  4.2631158E+02  6.4902693E-13 -1.8350743E-07
   5.0500000E+01  4.2585773E+02  6.4902693E-13 -1.8350743E-07
   5.0500000E+01  4.2540388E+02  6.4902693E-13 -1.8350742E-07
   5.0500000E+01  4.2495003E+02  6.4902693E-13 -1.8350743E-07
   5.0500000E+01  4.2449618E+02  6.4902693E-13 -1.8350742E-07
   5.0500000E+01  4.2404233E+02  1.8519871E-05 -1.2538515E-08
   5.0500000E+01  4.2358848E+02  7.5640685E-06 -4.9625019E-09
   5.0500000E+01  4.2313463E+02  7.5640729E-06 -4.8189800E-09
   5.0500000E+01  4.2268078E+02  7.5640755E-06 -4.6592432E-09
   5.0500000E+01  4.2222693E+02  7.5640749E-06 -4.4857079E-09
   5.1500000E+01  4.3176306E+02  6.4905715E-13 -1.8350743E-07
   5.1500000E+01  4.3130896E+02  6.4905715E-13 -1.8350743E-07
   5.1500000E+01  4.3085487E+02  6.4905715E-13 -1.8350742E-07
   5.1500000E+01  4.3040077E+02  6.4905715E-13 -1.8350743E-07
   5.1500000E+01  4.2994668E+02  6.4905715E-13 -1.8350743E-07
   5.1500000E+01  4.2949258E+02  6.4905715E-13 -1.8350743E-07
   5.1500000E+01  4.2903849E+02  6.4905715E-13 -1.8350742E-07
   5.1500000E+01  4.2858439E+02  6.4905715E-13 -1.8350742E-07
   5.1500000E+01  4.2813029E+02  6.4905715E-13 -1.8350743E-07
   5.1500000E+01  4.2767620E+02  6.4905715E-13 -1.8350742E-07
   5.1500000E+01  4.2722210E+02  6.4905715E-13 -1.8350743E-07
   5.1500000E+01  4.2676801E+02  6.4905715E-13 -1.8350742E-07
   5.1500000E+01  4.2631391E+02  6.4905715E-13 -1.8350743E-07
   5.1500000E+01  4.2585981E+02  6.4905715E-13 -1.8350743E-07
   5.1500000E+01  4.2540572E+02  6.4905715E-13 -1.8350742E-07
   5.1500000E+01  4.2495162E+02  6.4905715E-13 -1.8350743E-07
   5.1500000E+01  4.2449753E+02  6.4905715E-13 -1.8350743E-07
   5.1500000E+01  4.2404343E+02  1.8520803E-05 -1.2556937E-08
   5.1500000E+01  4.2358934E+02  7.5644475E-06 -4.9708951E-09
   5.1500000E+01  4.2313524E+02  7.5644480E-06 -4.8217587E-09
   5.1500000E+01  4.2268114E+02  7.5644429E-06 -4.6513518E-09
   5.1500000E+01  4.2222705E+02  7.5644339E-06 -4.4727193E-09
   5.2500000E+01  4.3176833E+02  6.4908808E-13 -1.8350743E-07
   5.2500000E+01  4.3131399E+02  6.4908808E-13 -1.8350743E-07
   5.2500000E+01  4.3085965E+02  6.4908808E-13 -1.8350742E-07
   5.2500000E+01  4.3040531E+02  6.4908808E-13 -1.8350743E-07
   5.2500000E+01  4.2995097E+02  6.4908808E-13 -1.8350743E-07
   5.2500000E+01  4.2949663E+02  6.4908808E-13 -1.8350742E-07
   5.2500000E+01  4.2904229E+02  6.4908808E-13 -1.8350743E-07
   5.2500000E+01  4.2858795E+02  6.4908808E-13 -1.8350742E-07
   5.2500000E+01  4.2813360E+02  6.4908808E-13 -1.8350743E-07
   5.2500000E+01  4.2767926E+02  6.4908808E-13 -1.8350742E-07
   5.2500000E+01  4.2722492E+02  6.4908808E-13 -1.8350743E-07
   5.2500000E+01  4.2677058E+02  6.4908808E-13 -1.8350743E-07
   5.2500000E+01  4.2631624E+02  6.4908808E-13 -1.8350743E-07
   5.2500000E+01  4.2586190E+02  6.4908808E-13 -1.8350743E-07
   5.2500000E+01  4.2540756E+02  6.4908808E-13 -1.8350743E-07
   5.2500000E+01  4.2495322E+02  6.4908808E-13 -1.8350743E-07
   5.2500000E+01  4.2449888E+02  6.4908808E-13 -1.8350743E-07
   5.2500000E+01  4.2404453E+02  1.8521756E-05 -1.2557395E-08
   5.2500000E+01  4.2359019E+02  7.5648304E-06 -4.9707380E-09
   5.2500000E+01  4.2313585E+02  7.5648236E-06 -4.8086265E-09
   5.2500000E+01  4.2268151E+02  7.5648112E-06 -4.6262466E-09
   5.2500000E+01  4.2222717E+02  7.5647977E-06 -4.4484824E-09
   5.3500000E+01  4.3177361E+02  6.4911788E-13 -1.8350743E-07
   5.3500000E+01  4.3131902E+02  6.4911788E-13 -1.8350743E-07
   5.3500000E+01  4.3086443E+02  6.4911788E-13 -1.8350743E-07
   5.3500000E+01  4.3040985E+02  6.4911788E-13 -1.8350743E-07
   5.3500000E+01  4.2995526E+02  6.4911788E-13 -1.8350743E-07
   5.3500000E+01  4.2950067E+02  6.4911788E-13 -1.8350742E-07
   5.3500000E+01  4.2904609E+02  6.4911788E-13 -1.8350743E-07
   5.3500000E+01  4.2859150E+02  6.4911788E-13 -1.8350743E-07
   5.3500000E+01  4.2813692E+02  6.4911788E-13 -1.8350743E-07
   5.3500000E+01  4.2768233E+02  6.4911788E-13 -1.8350743E-07
   5.3500000E+01  4.2722774E+02  6.4911788E-13 -1.8350743E-07
   5.3500000E+01  4.2677316E+02  6.4911788E-13 -1.8350742E-07
   5.3500000E+01  4.2631857E+02  6.4911788E-13 -1.8350743E-07
   5.3500000E+01  4.2586398E+02  6.4911788E-13 -1.8350743E-07
   5.3500000E+01  4.2540940E+02  6.4911788E-13 -1.8350743E-07
   5.3500000E+01  4.2495481E+02  6.4911788E-13 -1.8350742E-07
   5.3500000E+01  4.2450022E+02  6.4911788E-13 -1.8350743E-07
   5.3500000E+01  4.2404564E+02  1.8522675E-05 -1.2537032E-08
   5.3500000E+01  4.2359105E+02  7.5652006E-06 -4.9565987E-09
   5.3500000E+01  4.2313647E+02  7.5651894E-06 -4.7838764E-09
   5.3500000E+01  4.2268188E+02  7.5651761E-06 -4.5948120E-09
   5.3500000E+01  4.2222729E+02  7.5651644E-06 -4.4245216E-09
   5.4500000E+01  4.3177888E+02  6.4914709E-13 -1.8350743E-07
   5.4500000E+01  4.3132405E+02  6.4914709E-13 -1.8350743E-07
   5.4500000E+01  4.3086922E+02  6.4914709E-13 -1.8350743E-07
   5.4500000E+01  4.3041438E+02  6.4914709E-13 -1.8350743E-07
   5.4500000E+01  4.2995955E+02  6.4914709E-13 -1.8350743E-07
   5.4500000E+01  4.2950472E+02  6.4914709E-13 -1.8350743E-07
   5.4500000E+01  4.2904989E+02  6.4914709E-13 -1.8350743E-07
   5.4500000E+01  4.2859506E+02  6.4914709E-13 -1.8350743E-07
   5.4500000E+01  4.2814023E+02  6.4914709E-13 -1.8350743E-07
   5.4500000E+01  4.2768539E+02  6.4914709E-13 -1.8350743E-07
   5.4500000E+01  4.2723056E+02  6.4914710E-13 -1.8350743E-07
   5.4500000E+01  4.2677573E+02  6.4914709E-13 -1.8350742E-07
   5.4500000E+01  4.2632090E+02  6.4914709E-13 -1.8350743E-07
   5.4500000E+01  4.2586607E+02  6.4914709E-13 -1.8350743E-07
   5.4500000E+01  4.2541124E+02  6.4914709E-13 -1.8350742E-07
   5.4500000E+01  4.2495641E+02  6.4914709E-13 -1.8350742E-07
   5.4500000E+01  4.2450157E+02  6.4914709E-13 -1.8350743E-07
   5.4500000E+01  4.2404674E+02  1.8523579E-05 -1.2510953E-08
   5.4500000E+01  4.2359191E+02  7.5655704E-06 -4.9352762E-09
   5.4500000E+01  4.2313708E+02  7.5655608E-06 -4.7602497E-09
   5.4500000E+01  4.2268225E+02  7.5655520E-06 -4.5700295E-09
   5.4500000E+01  4.2222742E+02  7.5655441E-06 -4.4064309E-09
   5.5500000E+01  4.3178415E+02  6.4917789E-13 -1.8350743E-07
   5.5500000E+01  4.3132908E+02  6.4917789E-13 -1.8350743E-07
   5.5500000E+01  4.3087400E+02  6.4917789E-13 -1.8350743E-07
   5.5500000E+01  4.3041892E+02  6.4917789E-13 -1.8350743E-07
   5.5500000E+01  4.2996384E+02  6.4917789E-13 -1.8350742E-07
   5.5500000E+01  4.2950877E+02  6.4917789E-13 -1.8350743E-07
   5.5500000E+01  4.2905369E+02  6.4917789E-13 -1.8350743E-07
   5.5500000E+01  4.2859861E+02  6.4917789E-13 -1.8350742E-07
   5.5500000E+01  4.2814354E+02  6.4917789E-13 -1.8350743E-07
   5.5500000E+01  4.2768846E+02  6.4917788E-13 -1.8350742E-07
   5.5500000E+01  4.2723338E+02  6.4917789E-13 -1.8350743E-07
   5.5500000E+01  4.2677831E+02  6.4917789E-13 -1.8350743E-07
   5.5500000E+01  4.2632323E+02  6.4917789E-13 -1.8350743E-07
   5.5500000E+01  4.2586815E+02  6.4917789E-13 -1.8350743E-07
   5.5500000E+01  4.2541308E+02  6.4917789E-13 -1.8350742E-07
   5.5500000E+01  4.2495800E+02  6.4917789E-13 -1.8350742E-07
   5.5500000E+01  4.2450292E+02  6.4917789E-13 -1.8350742E-07
   5.5500000E+01  4.2404785E+02  1.8524535E-05 -1.2497949E-08
   5.5500000E+01  4.2359277E+02  7.5659656E-06 -4.9189650E-09
   5.5500000E+01  4.2313769E+02  7.5659609E-06 -4.7458075E-09
   5.5500000E+01  4.2268262E+02  7.5659560E-06 -4.5546290E-09
   5.5500000E+01  4.2222754E+02  7.5659479E-06 -4.3868758E-09
   5.6500000E+01  4.3178943E+02  6.4921184E-13 -1.8350743E-07
   5.6500000E+01  4.3133410E+02  6.4921184E-13 -1.8350743E-07
   5.6500000E+01  4.3087878E+02  6.4921184E-13 -1.8350743E-07
   5.6500000E+01  4.3042346E+02  6.4921184E-13 -1.8350743E-07
   5.6500000E+01  4.2996814E+02  6.4921184E-13 -1.8350742E-07
   5.6500000E+01  4.2951281E+02  6.4921184E-13 -1.8350742E-07
   5.6500000E+01  4.2905749E+02  6.4921184E-13 -1.8350742E-07
   5.6500000E+01  4.2860217E+02  6.4921184E-13 -1.8350742E-07
   5.6500000E+01  4.2814685E+02  6.4921184E-13 -1.8350743E-07
   5.6500000E+01  4.2769153E+02  6.4921184E-13 -1.8350742E-07
   5.6500000E+01  4.2723620E+02  6.4921184E-13 -1.8350742E-07
   5.6500000E+01  4.2678088E+02  6.4921184E-13 -1.8350742E-07
   5.6500000E+01  4.2632556E+02  6.4921184E-13 -1.8350742E-07
   5.6500000E+01  4.2587024E+02  6.4921184E-13 -1.8350742E-07
   5.6500000E+01  4.2541492E+02  6.4921184E-13 -1.8350742E-07
   5.6500000E+01  4.2495959E+02  6.4921184E-13 -1.8350743E-07
   5.6500000E+01  4.2450427E+02  6.4921184E-13 -1.8350742E-07
   5.6500000E+01  4.2404895E+02  1.8525587E-05 -1.2501403E-08
   5.6500000E+01  4.2359363E+02  7.5663988E-06 -4.9123516E-09
   5.6500000E+01  4.2313831E+02  7.5663957E-06 -4.7358356E-09
   5.6500000E+01  4.2268298E+02  7.5663889E-06 -4.5394279E-09
   5.6500000E+01  4.2222766E+02  7.5663750E-06 -4.3539051E-09
   5.7500000E+01  4.3179470E+02  6.4924837E-13 -1.8350743E-07
   5.7500000E+01  4.3133913E+02  6.4924837E-13 -1.8350743E-07
   5.7500000E+01  4.3088356E+02  6.4924837E-13 -1.8350743E-07
   5.7500000E+01  4.3042800E+02  6.4924837E-13 -1.8350742E-07
   5.7500000E+01  4.2997243E+02  6.4924837E-13 -1.8350742E-07
   5.7500000E+01  4.2951686E+02  6.4924837E-13 -1.8350742E-07
   5.7500000E+01  4.2906129E+02  6.4924837E-13 -1.8350742E-07
   5.7500000E+01  4.2860573E+02  6.4924837E-13 -1.8350743E-07
   5.7500000E+01  4.2815016E+02  6.4924837E-13 -1.8350742E-07
   5.7500000E+01  4.2769459E+02  6.4924837E-13 -1.8350742E-07
   5.7500000E+01  4.2723902E+02  6.4924837E-13 -1.8350742E-07
   5.7500000E+01  4.2678346E+02  6.4924837E-13 -1.8350742E-07
   5.7500000E+01  4.2632789E+02  6.4924837E-13 -1.8350742E-07
   5.7500000E+01  4.2587232E+02  6.4924837E-13 -1.8350742E-07
   5.7500000E+01  4.2541676E+02  6.4924837E-13 -1.8350742E-07
   5.7500000E+01  4.2496119E+02  6.4924837E-13 -1.8350742E-07
   5.7500000E+01  4.2450562E+02  6.4924837E-13 -1.8350743E-07
   5.7500000E+01  4.2405005E+02  1.8526715E-05 -1.2505936E-08
   5.7500000E+01  4.2359449E+02  7.5668572E-06 -4.9074410E-09
   5.7500000E+01  4.2313892E+02  7.5668493E-06 -4.7172937E-09
   5.7500000E+01  4.2268335E+02  7.5668354E-06 -4.5130102E-09
   5.7500000E+01  4.2222778E+02  7.5668148E-06 -4.3047897E-09
   5.8500000E+01  4.3179997E+02  6.4928560E-13 -1.8350743E-07
   5.8500000E+01  4.3134416E+02  6.4928560E-13 -1.8350743E-07
   5.8500000E+01  4.3088835E+02  6.4928560E-13 -1.8350743E-07
   5.8500000E+01  4.3043253E+02  6.4928560E-13 -1.8350742E-07
   5.8500000E+01  4.2997672E+02  6.4928560E-13 -1.8350743E-07
   5.8500000E+01  4.2952091E+02  6.4928560E-13 -1.8350742E-07
   5.8500000E+01  4.2906510E+02  6.4928560E-13 -1.8350742E-07
   5.8500000E+01  4.2860928E+02  6.4928560E-13 -1.8350742E-07
   5.8500000E+01  4.2815347E+02  6.4928560E-13 -1.8350742E-07
   5.8500000E+01  4.2769766E+02  6.4928560E-13 -1.8350742E-07
   5.8500000E+01  4.2724185E+02  6.4928560E-13 -1.8350742E-07
   5.8500000E+01  4.2678603E+02  6.4928560E-13 -1.8350742E-07
   5.8500000E+01  4.2633022E+02  6.4928560E-13 -1.8350742E-07
   5.8500000E+01  4.2587441E+02  6.4928560E-13 -1.8350743E-07
   5.8500000E+01  4.2541859E+02  6.4928560E-13 -1.8350742E-07
   5.8500000E+01  4.2496278E+02  6.4928560E-13 -1.8350743E-07
   5.8500000E+01  4.2450697E+02  6.4928560E-13 -1.8350743E-07
   5.8500000E+01  4.2405116E+02  1.8527863E-05 -1.2494589E-08
   5.8500000E+01  4.2359534E+02  7.5673196E-06 -4.8918259E-09
   5.8500000E+01  4.2313953E+02  7.5673041E-06 -4.6822385E-09
   5.8500000E+01  4.2268372E+02  7.5672835E-06 -4.4728100E-09
   5.8500000E+01  4.2222791E+02  7.5672606E-06 -4.2496019E-09
   5.9500000E+01  4.3180524E+02  6.4932300E-13 -1.8350743E-07
   5.9500000E+01  4.3134919E+02  6.4932300E-13 -1.8350743E-07
   5.9500000E+01  4.3089313E+02  6.4932300E-13 -1.8350743E-07
   5.9500000E+01  4.3043707E+02  6.4932300E-13 -1.8350742E-07
   5.9500000E+01  4.2998101E+02  6.4932300E-13 -1.8350743E-07
   5.9500000E+01  4.2952496E+02  6.4932300E-13 -1.8350742E-07
   5.9500000E+01  4.2906890E+02  6.4932300E-13 -1.8350743E-07
   5.9500000E+01  4.2861284E+02  6.4932300E-13 -1.8350742E-07
   5.9500000E+01  4.2815678E+02  6.4932300E-13 -1.8350742E-07
   5.9500000E+01  4.2770072E+02  6.4932300E-13 -1.8350743E-07
   5.9500000E+01  4.2724467E+02  6.4932300E-13 -1.8350743E-07
   5.9500000E+01  4.2678861E+02  6.4932300E-13 -1.8350743E-07
   5.9500000E+01  4.2633255E+02  6.4932300E-13 -1.8350742E-07
   5.9500000E+01  4.2587649E+02  6.4932300E-13 -1.8350742E-07
   5.9500000E+01  4.2542043E+02  6.4932300E-13 -1.8350742E-07
   5.9500000E+01  4.2496438E+02  6.4932300E-13 -1.8350743E-07
   5.9500000E+01  4.2450832E+02  6.4932300E-13 -1.8350742E-07
   5.9500000E+01  4.2405226E+02  1.8529018E-05 -1.2466958E-08
   5.9500000E+01  4.2359620E+02  7.5677870E-06 -4.8616006E-09
   5.9500000E+01  4.2314014E+02  7.5677672E-06 -4.6356541E-09
   5.9500000E+01  4.2268409E+02  7.5677446E-06 -4.4251220E-09
   5.9500000E+01  4.2222803E+02  7.5677228E-06 -4.1993284E-09
   6.0500000E+01  4.3181052E+02  6.4936273E-13 -1.8350743E-07
   6.0500000E+01  4.3135421E+02  6.4936273E-13 -1.8350743E-07
   6.0500000E+01  4.3089791E+02  6.4936273E-13 -1.8350742E-07
   6.0500000E+01  4.3044161E+02  6.4936273E-13 -1.8350742E-07
   6.0500000E+01  4.2998530E+02  6.4936273E-13 -1.8350742E-07
   6.0500000E+01  4.2952900E+02  6.4936273E-13 -1.8350742E-07
   6.0500000E+01  4.2907270E+02  6.4936273E-13 -1.8350742E-07
   6.0500000E+01  4.2861640E+02  6.4936273E-13 -1.8350742E-07
   6.0500000E+01  4.2816009E+02  6.4936273E-13 -1.8350742E-07
   6.0500000E+01  4.2770379E+02  6.4936273E-13 -1.8350742E-07
   6.0500000E+01  4.2724749E+02  6.4936273E-13 -1.8350742E-07
   6.0500000E+01  4.2679118E+02  6.4936273E-13 -1.8350742E-07
   6.0500000E+01  4.2633488E+02  6.4936273E-13 -1.8350741E-07
   6.0500000E+01  4.2587858E+02  6.4936273E-13 -1.8350742E-07
   6.0500000E+01  4.2542227E+02  6.4936273E-13 -1.8350742E-07
   6.0500000E+01  4.2496597E+02  6.4936273E-13 -1.8350743E-07
   6.0500000E+01  4.2450967E+02  6.4936273E-13 -1.8350742E-07
   6.0500000E+01  4.2405336E+02  1.8530249E-05 -1.2439509E-08
   6.0500000E+01  4.2359706E+02  7.5682913E-06 -4.8256190E-09
   6.0500000E+01  4.2314076E+02  7.5682729E-06 -4.5886017E-09
   6.0500000E+01  4.2268445E+02  7.5682503E-06 -4.3735837E-09
   6.0500000E+01  4.2222815E+02  7.5682257E-06 -4.1493095E-09
   6.1500000E+01  4.3181579E+02  6.4940822E-13 -1.8350743E-07
   6.1500000E+01  4.3135924E+02  6.4940822E-13 -1.8350743E-07
   6.1500000E+01  4.3090269E+02  6.4940822E-13 -1.8350742E-07
   6.1500000E+01  4.3044615E+02  6.4940822E-13 -1.8350742E-07
   6.1500000E+01  4.2998960E+02  6.4940822E-13 -1.8350742E-07
   6.1500000E+01  4.2953305E+02  6.4940822E-13 -1.8350742E-07
   6.1500000E+01  4.2907650E+02  6.4940822E-13 -1.8350742E-07
   6.1500000E+01  4.2861995E+02  6.4940822E-13 -1.8350742E-07
   6.1500000E+01  4.2816340E+02  6.4940822E-13 -1.8350742E-07
   6.1500000E+01  4.2770685E+02  6.4940822E-13 -1.8350742E-07
   6.1500000E+01  4.2725031E+02  6.4940822E-13 -1.8350742E-07
   6.1500000E+01  4.2679376E+02  6.4940822E-13 -1.8350742E-07
   6.1500000E+01  4.2633721E+02  6.4940822E-13 -1.8350741E-07
   6.1500000E+01  4.2588066E+02  6.4940822E-13 -1.8350742E-07
   6.1500000E+01  4.2542411E+02  6.4940822E-13 -1.8350741E-07
   6.1500000E+01  4.2496756E+02  6.4940822E-13 -1.8350743E-07
   6.1500000E+01  4.2451102E+02  6.4940822E-13 -1.8350741E-07
   6.1500000E+01  4.2405447E+02  1.8531658E-05 -1.2425963E-08
   6.1500000E+01  4.2359792E+02  7.5688711E-06 -4.7950280E-09
   6.1500000E+01  4.2314137E+02  7.5688546E-06 -4.5434152E-09
   6.1500000E+01  4.2268482E+02  7.5688268E-06 -4.3090625E-09
   6.1500000E+01  4.2222827E+02  7.5687889E-06 -4.0769616E-09
   6.2500000E+01  4.3182106E+02  6.4946114E-13 -1.8350742E-07
   6.2500000E+01  4.3136427E+02  6.4946114E-13 -1.8350742E-07
   6.2500000E+01  4.3090748E+02  6.4946113E-13 -1.8350742E-07
   6.2500000E+01  4.3045068E+02  6.4946113E-13 -1.8350742E-07
   6.2500000E+01  4.2999389E+02  6.4946113E-13 -1.8350742E-07
   6.2500000E+01  4.2953710E+02  6.4946113E-13 -1.8350742E-07
   6.2500000E+01  4.2908030E+02  6.4946113E-13 -1.8350742E-07
   6.2500000E+01  4.2862351E+02  6.4946113E-13 -1.8350742E-07
   6.2500000E+01  4.2816671E+02  6.4946113E-13 -1.8350741E-07
   6.2500000E+01  4.2770992E+02  6.4946114E-13 -1.8350742E-07
   6.2500000E+01  4.2725313E+02  6.4946113E-13 -1.8350742E-07
   6.2500000E+01  4.2679633E+02  6.4946113E-13 -1.8350742E-07
   6.2500000E+01  4.2633954E+02  6.4946113E-13 -1.8350742E-07
   6.2500000E+01  4.2588275E+02  6.4946113E-13 -1.8350742E-07
   6.2500000E+01  4.2542595E+02  6.4946113E-13 -1.8350741E-07
   6.2500000E+01  4.2496916E+02  6.4946114E-13 -1.8350743E-07
   6.2500000E+01  4.2451237E+02  6.4946113E-13 -1.8350741E-07
   6.2500000E+01  4.2405557E+02  1.8533293E-05 -1.2417218E-08
   6.2500000E+01  4.2359878E+02  7.5695377E-06 -4.7681782E-09
   6.2500000E+01  4.2314198E+02  7.5695156E-06 -4.4863633E-09
   6.2500000E+01  4.2268519E+02  7.5694732E-06 -4.2131950E-09
   6.2500000E+01  4.2222840E+02  7.5694134E-06 -3.9591187E-09
   6.3500000E+01  4.3182634E+02  6.4951988E-13 -1.8350742E-07
   6.3500000E+01  4.3136930E+02  6.4951988E-13 -1.8350742E-07
   6.3500000E+01  4.3091226E+02  6.4951988E-13 -1.8350742E-07
   6.3500000E+01  4.3045522E+02  6.4951988E-13 -1.8350742E-07
   6.3500000E+01  4.2999818E+02  6.4951988E-13 -1.8350742E-07
   6.3500000E+01  4.2954114E+02  6.4951988E-13 -1.8350742E-07
   6.3500000E+01  4.2908410E+02  6.4951988E-13 -1.8350742E-07
   6.3500000E+01  4.2862706E+02  6.4951988E-13 -1.8350742E-07
   6.3500000E+01  4.2817003E+02  6.4951988E-13 -1.8350742E-07
   6.3500000E+01  4.2771299E+02  6.4951988E-13 -1.8350742E-07
   6.3500000E+01  4.2725595E+02  6.4951988E-13 -1.8350742E-07
   6.3500000E+01  4.2679891E+02  6.4951988E-13 -1.8350742E-07
   6.3500000E+01  4.2634187E+02  6.4951988E-13 -1.8350742E-07
   6.3500000E+01  4.2588483E+02  6.4951989E-13 -1.8350743E-07
   6.3500000E+01  4.2542779E+02  6.4951988E-13 -1.8350742E-07
   6.3500000E+01  4.2497075E+02  6.4951989E-13 -1.8350743E-07
   6.3500000E+01  4.2451371E+02  6.4951988E-13 -1.8350742E-07
   6.3500000E+01  4.2405668E+02  1.8535104E-05 -1.2385887E-08
   6.3500000E+01  4.2359964E+02  7.5702672E-06 -4.7285760E-09
   6.3500000E+01  4.2314260E+02  7.5702305E-06 -4.3979648E-09
   6.3500000E+01  4.2268556E+02  7.5701688E-06 -4.0746245E-09
   6.3500000E+01  4.2222852E+02  7.5700887E-06 -3.7918967E-09
   6.4500000E+01  4.3183161E+02  6.4958177E-13 -1.8350742E-07
   6.4500000E+01  4.3137433E+02  6.4958177E-13 -1.8350742E-07
   6.4500000E+01  4.3091704E+02  6.4958177E-13 -1.8350742E-07
   6.4500000E+01  4.3045976E+02  6.4958177E-13 -1.8350743E-07
   6.4500000E+01  4.3000247E+02  6.4958177E-13 -1.8350742E-07
   6.4500000E+01  4.2954519E+02  6.4958177E-13 -1.8350742E-07
   6.4500000E+01  4.2908790E+02  6.4958177E-13 -1.8350743E-07
   6.4500000E+01  4.2863062E+02  6.4958177E-13 -1.8350742E-07
   6.4500000E+01  4.2817334E+02  6.4958177E-13 -1.8350743E-07
   6.4500000E+01  4.2771605E+02  6.4958177E-13 -1.8350742E-07
   6.4500000E+01  4.2725877E+02  6.4958177E-13 -1.8350742E-07
   6.4500000E+01  4.2680148E+02  6.4958177E-13 -1.8350743E-07
   6.4500000E+01  4.2634420E+02  6.4958177E-13 -1.8350743E-07
   6.4500000E+01  4.2588692E+02  6.4958177E-13 -1.8350743E-07
   6.4500000E+01  4.2542963E+02  6.4958177E-13 -1.8350742E-07
   6.4500000E+01  4.2497235E+02  6.4958177E-13 -1.8350744E-07
   6.4500000E+01  4.2451506E+02  6.4958177E-13 -1.8350743E-07
   6.4500000E+01  4.2405778E+02  1.8537011E-05 -1.2313531E-08
   6.4500000E+01  4.2360049E+02  7.5710326E-06 -4.6596873E-09
   6.4500000E+01  4.2314321E+02  7.5709800E-06 -4.2724778E-09
   6.4500000E+01  4.2268593E+02  7.5709049E-06 -3.9017273E-09
   6.4500000E+01  4.2222864E+02  7.5708144E-06 -3.5918994E-09
   6.5500000E+01  4.3183688E+02  6.4964700E-13 -1.8350743E-07
   6.5500000E+01  4.3137935E+02  6.4964700E-13 -1.8350743E-07
   6.5500000E+01  4.3092182E+02  6.4964700E-13 -1.8350743E-07
   6.5500000E+01  4.3046429E+02  6.4964700E-13 -1.8350743E-07
   6.5500000E+01  4.3000677E+02  6.4964700E-13 -1.8350743E-07
   6.5500000E+01  4.2954924E+02  6.4964700E-13 -1.8350743E-07
   6.5500000E+01  4.2909171E+02  6.4964700E-13 -1.8350743E-07
   6.5500000E+01  4.2863418E+02  6.4964700E-13 -1.8350743E-07
   6.5500000E+01  4.2817665E+02  6.4964700E-13 -1.8350743E-07
   6.5500000E+01  4.2771912E+02  6.4964700E-13 -1.8350743E-07
   6.5500000E+01  4.2726159E+02  6.4964700E-13 -1.8350743E-07
   6.5500000E+01  4.2680406E+02  6.4964701E-13 -1.8350743E-07
   6.5500000E+01  4.2634653E+02  6.4964700E-13 -1.8350743E-07
   6.5500000E+01  4.2588900E+02  6.4964700E-13 -1.8350743E-07
   6.5500000E+01  4.2543147E+02  6.4964700E-13 -1.8350742E-07
   6.5500000E+01  4.2497394E+02  6.4964701E-13 -1.8350744E-07
   6.5500000E+01  4.2451641E+02  6.4964700E-13 -1.8350743E-07
   6.5500000E+01  4.2405888E+02  1.8539026E-05 -1.2211905E-08
   6.5500000E+01  4.2360135E+02  7.5718485E-06 -4.5617920E-09
   6.5500000E+01  4.2314382E+02  7.5717881E-06 -4.1245757E-09
   6.5500000E+01  4.2268629E+02  7.5717099E-06 -3.7151817E-09
   6.5500000E+01  4.2222876E+02  7.5716158E-06 -3.3752270E-09
   6.6500000E+01  4.3184216E+02  6.4972038E-13 -1.8350743E-07
   6.6500000E+01  4.3138438E+02  6.4972038E-13 -1.8350743E-07
   6.6500000E+01  4.3092661E+02  6.4972038E-13 -1.8350743E-07
   6.6500000E+01  4.3046883E+02  6.4972038E-13 -1.8350743E-07
   6.6500000E+01  4.3001106E+02  6.4972038E-13 -1.8350743E-07
   6.6500000E+01  4.2955328E+02  6.4972038E-13 -1.8350742E-07
   6.6500000E+01  4.2909551E+02  6.4972037E-13 -1.8350742E-07
   6.6500000E+01  4.2863773E+02  6.4972038E-13 -1.8350743E-07
   6.6500000E+01  4.2817996E+02  6.4972038E-13 -1.8350743E-07
   6.6500000E+01  4.2772218E+02  6.4972038E-13 -1.8350742E-07
   6.6500000E+01  4.2726441E+02  6.4972038E-13 -1.8350743E-07
   6.6500000E+01  4.2680663E+02  6.4972038E-13 -1.8350742E-07
   6.6500000E+01  4.2634886E+02  6.4972038E-13 -1.8350743E-07
   6.6500000E+01  4.2589108E+02  6.4972037E-13 -1.8350742E-07
   6.6500000E+01  4.2543331E+02  6.4972038E-13 -1.8350744E-07
   6.6500000E+01  4.2497554E+02  6.4972037E-13 -1.8350742E-07
   6.6500000E+01  4.2451776E+02  6.4972037E-13 -1.8350742E-07
   6.6500000E+01  4.2405999E+02  1.8541299E-05 -1.2114320E-08
   6.6500000E+01  4.2360221E+02  7.5727795E-06 -4.4525269E-09
   6.6500000E+01  4.2314444E+02  7.5727199E-06 -3.9730110E-09
   6.6500000E+01  4.2268666E+02  7.5726409E-06 -3.5240184E-09
   6.6500000E+01  4.2222889E+02  7.5725367E-06 -3.1335719E-09
   6.7500000E+01  4.3184743E+02  6.4980851E-13 -1.8350743E-07
   6.7500000E+01  4.3138941E+02  6.4980851E-13 -1.8350743E-07
   6.7500000E+01  4.3093139E+02  6.4980851E-13 -1.8350742E-07
   6.7500000E+01  4.3047337E+02  6.4980851E-13 -1.8350742E-07
   6.7500000E+01  4.3001535E+02  6.4980851E-13 -1.8350742E-07
   6.7500000E+01  4.2955733E+02  6.4980851E-13 -1.8350742E-07
   6.7500000E+01  4.2909931E+02  6.4980851E-13 -1.8350742E-07
   6.7500000E+01  4.2864129E+02  6.4980851E-13 -1.8350742E-07
   6.7500000E+01  4.2818327E+02  6.4980851E-13 -1.8350742E-07
   6.7500000E+01  4.2772525E+02  6.4980851E-13 -1.8350742E-07
   6.7500000E+01  4.2726723E+02  6.4980851E-13 -1.8350742E-07
   6.7500000E+01  4.2680921E+02  6.4980851E-13 -1.8350742E-07
   6.7500000E+01  4.2635119E+02  6.4980851E-13 -1.8350742E-07
   6.7500000E+01  4.2589317E+02  6.4980851E-13 -1.8350741E-07
   6.7500000E+01  4.2543515E+02  6.4980851E-13 -1.8350742E-07
   6.7500000E+01  4.2497713E+02  6.4980851E-13 -1.8350742E-07
   6.7500000E+01  4.2451911E+02  6.4980851E-13 -1.8350741E-07
   6.7500000E+01  4.2406109E+02  1.8544029E-05 -1.2041592E-08
   6.7500000E+01  4.2360307E+02  7.5738997E-06 -4.3477144E-09
   6.7500000E+01  4.2314505E+02  7.5738388E-06 -3.8161646E-09
   6.7500000E+01  4.2268703E+02  7.5737468E-06 -3.3083503E-09
   6.7500000E+01  4.2222901E+02  7.5736142E-06 -2.8325152E-09
   6.8500000E+01  4.3185270E+02  6.4991530E-13 -1.8350742E-07
   6.8500000E+01  4.3139444E+02  6.4991530E-13 -1.8350742E-07
   6.8500000E+01  4.3093617E+02  6.4991530E-13 -1.8350742E-07
   6.8500000E+01  4.3047791E+02  6.4991530E-13 -1.8350742E-07
   6.8500000E+01  4.3001964E+02  6.4991530E-13 -1.8350742E-07
   6.8500000E+01  4.2956138E+02  6.4991530E-13 -1.8350742E-07
   6.8500000E+01  4.2910311E+02  6.4991530E-13 -1.8350742E-07
   6.8500000E+01  4.2864485E+02  6.4991530E-13 -1.8350741E-07
   6.8500000E+01  4.2818658E+02  6.4991530E-13 -1.8350742E-07
   6.8500000E+01  4.2772832E+02  6.4991530E-13 -1.8350742E-07
   6.8500000E+01  4.2727005E+02  6.4991529E-13 -1.8350741E-07
   6.8500000E+01  4.2681178E+02  6.4991530E-13 -1.8350742E-07
   6.8500000E+01  4.2635352E+02  6.4991529E-13 -1.8350741E-07
   6.8500000E+01  4.2589525E+02  6.4991530E-13 -1.8350742E-07
   6.8500000E+01  4.2543699E+02  6.4991529E-13 -1.8350741E-07
   6.8500000E+01  4.2497872E+02  6.4991530E-13 -1.8350743E-07
   6.8500000E+01  4.2452046E+02  6.4991529E-13 -1.8350741E-07
   6.8500000E+01  4.2406219E+02  1.8547329E-05 -1.1975531E-08
   6.8500000E+01  4.2360393E+02  7.5752429E-06 -4.2406858E-09
   6.8500000E+01  4.2314566E+02  7.5751664E-06 -3.6250644E-09
   6.8500000E+01  4.2268740E+02  7.5750418E-06 -3.0278101E-09
   6.8500000E+01  4.2222913E+02  7.5748636E-06 -2.4352481E-09
   6.9500000E+01  4.3185797E+02  6.5004023E-13 -1.8350742E-07
   6.9500000E+01  4.3139946E+02  6.5004023E-13 -1.8350742E-07
   6.9500000E+01  4.3094095E+02  6.5004023E-13 -1.8350742E-07
   6.9500000E+01  4.3048244E+02  6.5004023E-13 -1.8350742E-07
   6.9500000E+01  4.3002393E+02  6.5004023E-13 -1.8350742E-07
   6.9500000E+01  4.2956542E+02  6.5004023E-13 -1.8350742E-07
   6.9500000E+01  4.2910691E+02  6.5004023E-13 -1.8350741E-07
   6.9500000E+01  4.2864840E+02  6.5004023E-13 -1.8350742E-07
   6.9500000E+01  4.2818989E+02  6.5004023E-13 -1.8350742E-07
   6.9500000E+01  4.2773138E+02  6.5004023E-13 -1.8350741E-07
   6.9500000E+01  4.2727287E+02  6.5004023E-13 -1.8350742E-07
   6.9500000E+01  4.2681436E+02  6.5004023E-13 -1.8350742E-07
   6.9500000E+01  4.2635585E+02  6.5004023E-13 -1.8350741E-07
   6.9500000E+01  4.2589734E+02  6.5004023E-13 -1.8350742E-07
   6.9500000E+01  4.2543883E+02  6.5004023E-13 -1.8350742E-07
   6.9500000E+01  4.2498032E+02  6.5004023E-13 -1.8350742E-07
   6.9500000E+01  4.2452181E+02  6.5004023E-13 -1.8350741E-07
   6.9500000E+01  4.2406330E+02  1.8551182E-05 -1.1870221E-08
   6.9500000E+01  4.2360479E+02  7.5767975E-06 -4.1026272E-09
   6.9500000E+01  4.2314628E+02  7.5766898E-06 -3.3634770E-09
   6.9500000E+01  4.2268777E+02  7.5765204E-06 -2.6493603E-09
   6.9500000E+01  4.2222926E+02  7.5762918E-06 -1.9271363E-09
   7.0500000E+01  4.3186325E+02  6.5018204E-13 -1.8350742E-07
   7.0500000E+01  4.3140449E+02  6.5018204E-13 -1.8350742E-07
   7.0500000E+01  4.3094574E+02  6.5018204E-13 -1.8350742E-07
   7.0500000E+01  4.3048698E+02  6.5018204E-13 -1.8350742E-07
   7.0500000E+01  4.3002823E+02  6.5018204E-13 -1.8350742E-07
   7.0500000E+01  4.2956947E+02  6.5018204E-13 -1.8350742E-07
   7.0500000E+01  4.2911071E+02  6.5018203E-13 -1.8350742E-07
   7.0500000E+01  4.2865196E+02  6.5018204E-13 -1.8350742E-07
   7.0500000E+01  4.2819320E+02  6.5018204E-13 -1.8350742E-07
   7.0500000E+01  4.2773445E+02  6.5018203E-13 -1.8350742E-07
   7.0500000E+01  4.2727569E+02  6.5018204E-13 -1.8350742E-07
   7.0500000E+01  4.2681694E+02  6.5018204E-13 -1.8350742E-07
   7.0500000E+01  4.2635818E+02  6.5018204E-13 -1.8350742E-07
   7.0500000E+01  4.2589942E+02  6.5018203E-13 -1.8350742E-07
   7.0500000E+01  4.2544067E+02  6.5018204E-13 -1.8350742E-07
   7.0500000E+01  4.2498191E+02  6.5018204E-13 -1.8350742E-07
   7.0500000E+01  4.2452316E+02  6.5018204E-13 -1.8350742E-07
   7.0500000E+01  4.2406440E+02  1.8555554E-05 -1.1692155E-08
   7.0500000E+01  4.2360565E+02  7.5785573E-06 -3.9050291E-09
   7.0500000E+01  4.2314689E+02  7.5784135E-06 -3.0153327E-09
   7.0500000E+01  4.2268813E+02  7.5782009E-06 -2.1662362E-09
   7.0500000E+01  4.2222938E+02  7.5779266E-06 -1.3148367E-09
   7.1500000E+01  4.3186852E+02  6.5034395E-13 -1.8350743E-07
   7.1500000E+01  4.3140952E+02  6.5034395E-13 -1.8350743E-07
   7.1500000E+01  4.3095052E+02  6.5034395E-13 -1.8350743E-07
   7.1500000E+01  4.3049152E+02  6.5034395E-13 -1.8350743E-07
   7.1500000E+01  4.3003252E+02  6.5034395E-13 -1.8350742E-07
   7.1500000E+01  4.2957352E+02  6.5034395E-13 -1.8350743E-07
   7.1500000E+01  4.2911452E+02  6.5034395E-13 -1.8350742E-07
   7.1500000E+01  4.2865551E+02  6.5034395E-13 -1.8350743E-07
   7.1500000E+01  4.2819651E+02  6.5034395E-13 -1.8350742E-07
   7.1500000E+01  4.2773751E+02  6.5034395E-13 -1.8350742E-07
   7.1500000E+01  4.2727851E+02  6.5034395E-13 -1.8350742E-07
   7.1500000E+01  4.2681951E+02  6.5034395E-13 -1.8350743E-07
   7.1500000E+01  4.2636051E+02  6.5034395E-13 -1.8350743E-07
   7.1500000E+01  4.2590151E+02  6.5034395E-13 -1.8350743E-07
   7.1500000E+01  4.2544251E+02  6.5034395E-13 -1.8350743E-07
   7.1500000E+01  4.2498351E+02  6.5034395E-13 -1.8350743E-07
   7.1500000E+01  4.2452451E+02  6.5034395E-13 -1.8350743E-07
   7.1500000E+01  4.2406550E+02  1.8560553E-05 -1.1448150E-08
   7.1500000E+01  4.2360650E+02  7.5805784E-06 -3.6416862E-09
   7.1500000E+01  4.2314750E+02  7.5804046E-06 -2.5895452E-09
   7.1500000E+01  4.2268850E+02  7.5801552E-06 -1.5872607E-09
   7.1500000E+01  4.2222950E+02  7.5798351E-06 -5.9967696E-10
   7.2500000E+01  4.3187379E+02  6.5053510E-13 -1.8350743E-07
   7.2500000E+01  4.3141455E+02  6.5053510E-13 -1.8350743E-07
   7.2500000E+01  4.3095530E+02  6.5053510E-13 -1.8350742E-07
   7.2500000E+01  4.3049606E+02  6.5053510E-13 -1.8350743E-07
   7.2500000E+01  4.3003681E+02  6.5053510E-13 -1.8350742E-07
   7.2500000E+01  4.2957756E+02  6.5053510E-13 -1.8350743E-07
   7.2500000E+01  4.2911832E+02  6.5053510E-13 -1.8350742E-07
   7.2500000E+01  4.2865907E+02  6.5053510E-13 -1.8350742E-07
   7.2500000E+01  4.2819982E+02  6.5053510E-13 -1.8350742E-07
   7.2500000E+01  4.2774058E+02  6.5053510E-13 -1.8350742E-07
   7.2500000E+01  4.2728133E+02  6.5053510E-13 -1.8350742E-07
   7.2500000E+01  4.2682209E+02  6.5053510E-13 -1.8350742E-07
   7.2500000E+01  4.2636284E+02  6.5053510E-13 -1.8350742E-07
   7.2500000E+01  4.2590359E+02  6.5053510E-13 -1.8350742E-07
   7.2500000E+01  4.2544435E+02  6.5053510E-13 -1.8350743E-07
   7.2500000E+01  4.2498510E+02  6.5053510E-13 -1.8350743E-07
   7.2500000E+01  4.2452585E+02  6.5053510E-13 -1.8350741E-07
   7.2500000E+01  4.2406661E+02  1.8566462E-05 -1.1171494E-08
   7.2500000E+01  4.2360736E+02  7.5829806E-06 -3.3272580E-09
   7.2500000E+01  4.2314812E+02  7.5827822E-06 -2.0968117E-09
   7.2500000E+01  4.2268887E+02  7.5824927E-06 -9.0852246E-10
   7.2500000E+01  4.2222962E+02  7.5821114E-06  2.4792864E-10
   7.3500000E+01  4.3187907E+02  6.5076659E-13 -1.8350743E-07
   7.3500000E+01  4.3141958E+02  6.5076659E-13 -1.8350743E-07
   7.3500000E+01  4.3096008E+02  6.5076659E-13 -1.8350742E-07
   7.3500000E+01  4.3050059E+02  6.5076659E-13 -1.8350742E-07
   7.3500000E+01  4.3004110E+02  6.5076659E-13 -1.8350742E-07
   7.3500000E+01  4.2958161E+02  6.5076659E-13 -1.8350742E-07
   7.3500000E+01  4.2912212E+02  6.5076659E-13 -1.8350742E-07
   7.3500000E+01  4.2866263E+02  6.5076659E-13 -1.8350742E-07
   7.3500000E+01  4.2820314E+02  6.5076659E-13 -1.8350742E-07
   7.3500000E+01  4.2774364E+02  6.5076659E-13 -1.8350742E-07
   7.3500000E+01  4.2728415E+02  6.5076659E-13 -1.8350742E-07
   7.3500000E+01  4.2682466E+02  6.5076659E-13 -1.8350742E-07
   7.3500000E+01  4.2636517E+02  6.5076659E-13 -1.8350742E-07
   7.3500000E+01  4.2590568E+02  6.5076659E-13 -1.8350742E-07
   7.3500000E+01  4.2544619E+02  6.5076659E-13 -1.8350743E-07
   7.3500000E+01  4.2498669E+02  6.5076659E-13 -1.8350742E-07
   7.3500000E+01  4.2452720E+02  6.5076659E-13 -1.8350742E-07
   7.3500000E+01  4.2406771E+02  1.8573618E-05 -1.0878542E-08
   7.3500000E+01  4.2360822E+02  7.5858914E-06 -2.9719821E-09
   7.3500000E+01  4.2314873E+02  7.5856614E-06 -1.5237320E-09
   7.3500000E+01  4.2268924E+02  7.5853145E-06 -9.8889584E-11
   7.3500000E+01  4.2222975E+02  7.5848468E-06  1.2848910E-09
   7.4500000E+01  4.3188434E+02  6.5104688E-13 -1.8350743E-07
   7.4500000E+01  4.3142460E+02  6.5104687E-13 -1.8350742E-07
   7.4500000E+01  4.3096487E+02  6.5104687E-13 -1.8350742E-07
   7.4500000E+01  4.3050513E+02  6.5104687E-13 -1.8350742E-07
   7.4500000E+01  4.3004539E+02  6.5104687E-13 -1.8350742E-07
   7.4500000E+01  4.2958566E+02  6.5104687E-13 -1.8350742E-07
   7.4500000E+01  4.2912592E+02  6.5104687E-13 -1.8350742E-07
   7.4500000E+01  4.2866618E+02  6.5104687E-13 -1.8350742E-07
   7.4500000E+01  4.2820645E+02  6.5104687E-13 -1.8350742E-07
   7.4500000E+01  4.2774671E+02  6.5104687E-13 -1.8350742E-07
   7.4500000E+01  4.2728697E+02  6.5104687E-13 -1.8350742E-07
   7.4500000E+01  4.2682724E+02  6.5104687E-13 -1.8350743E-07
   7.4500000E+01  4.2636750E+02  6.5104687E-13 -1.8350742E-07
   7.4500000E+01  4.2590776E+02  6.5104687E-13 -1.8350742E-07
   7.4500000E+01  4.2544803E+02  6.5104687E-13 -1.8350742E-07
   7.4500000E+01  4.2498829E+02  6.5104687E-13 -1.8350741E-07
   7.4500000E+01  4.2452855E+02  6.5104687E-13 -1.8350742E-07
   7.4500000E+01  4.2406882E+02  1.8582274E-05 -1.0540907E-08
   7.4500000E+01  4.2360908E+02  7.5894003E-06 -2.5578740E-09
   7.4500000E+01  4.2314934E+02  7.5891190E-06 -8.3036360E-10
   7.4500000E+01  4.2268961E+02  7.5886922E-06  8.8768289E-10
   7.4500000E+01  4.2222987E+02  7.5881174E-06  2.5647451E-09
   7.5500000E+01  4.3188961E+02  6.5138170E-13 -1.8350743E-07
   7.5500000E+01  4.3142963E+02  6.5138170E-13 -1.8350742E-07
   7.5500000E+01  4.3096965E+02  6.5138170E-13 -1.8350742E-07
   7.5500000E+01  4.3050967E+02  6.5138170E-13 -1.8350742E-07
   7.5500000E+01  4.3004969E+02  6.5138170E-13 -1.8350743E-07
   7.5500000E+01  4.2958970E+02  6.5138170E-13 -1.8350742E-07
   7.5500000E+01  4.2912972E+02  6.5138170E-13 -1.8350742E-07
   7.5500000E+01  4.2866974E+02  6.5138170E-13 -1.8350742E-07
   7.5500000E+01  4.2820976E+02  6.5138170E-13 -1.8350742E-07
   7.5500000E+01  4.2774978E+02  6.5138170E-13 -1.8350743E-07
   7.5500000E+01  4.2728979E+02  6.5138170E-13 -1.8350742E-07
   7.5500000E+01  4.2682981E+02  6.5138170E-13 -1.8350742E-07
   7.5500000E+01  4.2636983E+02  6.5138170E-13 -1.8350742E-07
   7.5500000E+01  4.2590985E+02  6.5138170E-13 -1.8350742E-07
   7.5500000E+01  4.2544987E+02  6.5138170E-13 -1.8350742E-07
   7.5500000E+01  4.2498988E+02  6.5138170E-13 -1.8350742E-07
   7.5500000E+01  4.2452990E+02  6.5138170E-13 -1.8350741E-07
   7.5500000E+01  4.2406992E+02  1.8592609E-05 -1.0107958E-08
   7.5500000E+01  4.2360994E+02  7.5935789E-06 -2.0452289E-09
   7.5500000E+01  4.2314996E+02  7.5932269E-06  2.8176746E-11
   7.5500000E+01  4.2268997E+02  7.5927036E-06  2.0910771E-09
   7.5500000E+01  4.2222999E+02  7.5920102E-06  4.1170548E-09
   7.6500000E+01  4.3189489E+02  6.5177868E-13 -1.8350743E-07
   7.6500000E+01  4.3143466E+02  6.5177868E-13 -1.8350743E-07
   7.6500000E+01  4.3097443E+02  6.5177868E-13 -1.8350743E-07
   7.6500000E+01  4.3051420E+02  6.5177868E-13 -1.8350743E-07
   7.6500000E+01  4.3005398E+02  6.5177868E-13 -1.8350743E-07
   7.6500000E+01  4.2959375E+02  6.5177868E-13 -1.8350743E-07
   7.6500000E+01  4.2913352E+02  6.5177868E-13 -1.8350743E-07
   7.6500000E+01  4.2867330E+02  6.5177868E-13 -1.8350743E-07
   7.6500000E+01  4.2821307E+02  6.5177868E-13 -1.8350743E-07
   7.6500000E+01  4.2775284E+02  6.5177868E-13 -1.8350743E-07
   7.6500000E+01  4.2729261E+02  6.5177868E-13 -1.8350743E-07
   7.6500000E+01  4.2683239E+02  6.5177868E-13 -1.8350743E-07
   7.6500000E+01  4.2637216E+02  6.5177868E-13 -1.8350743E-07
   7.6500000E+01  4.2591193E+02  6.5177868E-13 -1.8350743E-07
   7.6500000E+01  4.2545170E+02  6.5177868E-13 -1.8350743E-07
   7.6500000E+01  4.2499148E+02  6.5177868E-13 -1.8350743E-07
   7.6500000E+01  4.2453125E+02  6.5177868E-13 -1.8350743E-07
   7.6500000E+01  4.2407102E+02  1.8604867E-05 -9.5578340E-09
   7.6500000E+01  4.2361080E+02  7.5985403E-06 -1.4057887E-09
   7.6500000E+01  4.2315057E+02  7.5981117E-06  1.0781904E-09
   7.6500000E+01  4.2269034E+02  7.5974835E-06  3.5388821E-09
   7.6500000E+01  4.2223011E+02  7.5966582E-06  5.9674094E-09
   7.7500000E+01  4.3190016E+02  6.5225166E-13 -1.8350743E-07
   7.7500000E+01  4.3143969E+02  6.5225166E-13 -1.8350743E-07
   7.7500000E+01  4.3097921E+02  6.5225166E-13 -1.8350743E-07
   7.7500000E+01  4.3051874E+02  6.5225166E-13 -1.8350742E-07
   7.7500000E+01  4.3005827E+02  6.5225166E-13 -1.8350742E-07
   7.7500000E+01  4.2959780E+02  6.5225166E-13 -1.8350743E-07
   7.7500000E+01  4.2913732E+02  6.5225166E-13 -1.8350743E-07
   7.7500000E+01  4.2867685E+02  6.5225166E-13 -1.8350742E-07
   7.7500000E+01  4.2821638E+02  6.5225166E-13 -1.8350742E-07
   7.7500000E+01  4.2775591E+02  6.5225166E-13 -1.8350742E-07
   7.7500000E+01  4.2729543E+02  6.5225166E-13 -1.8350743E-07
   7.7500000E+01  4.2683496E+02  6.5225166E-13 -1.8350742E-07
   7.7500000E+01  4.2637449E+02  6.5225166E-13 -1.8350743E-07
   7.7500000E+01  4.2591402E+02  6.5225166E-13 -1.8350742E-07
   7.7500000E+01  4.2545354E+02  6.5225166E-13 -1.8350742E-07
   7.7500000E+01  4.2499307E+02  6.5225166E-13 -1.8350742E-07
   7.7500000E+01  4.2453260E+02  6.5225166E-13 -1.8350742E-07
   7.7500000E+01  4.2407213E+02  1.8619481E-05 -8.9094848E-09
   7.7500000E+01  4.2361165E+02  7.6044704E-06 -6.3891923E-10
   7.7500000E+01  4.2315118E+02  7.6039664E-06  2.3286525E-09
   7.7500000E+01  4.2269071E+02  7.6032233E-06  5.2614937E-09
   7.7500000E+01  4.2223024E+02  7.6022391E-06  8.1723602E-09
   7.8500000E+01  4.3190543E+02  6.5282028E-13 -1.8350743E-07
   7.8500000E+01  4.3144471E+02  6.5282028E-13 -1.8350742E-07
   7.8500000E+01  4.3098400E+02  6.5282028E-13 -1.8350742E-07
   7.8500000E+01  4.3052328E+02  6.5282027E-13 -1.8350742E-07
   7.8500000E+01  4.3006256E+02  6.5282027E-13 -1.8350742E-07
   7.8500000E+01  4.2960184E+02  6.5282027E-13 -1.8350742E-07
   7.8500000E+01  4.2914113E+02  6.5282027E-13 -1.8350742E-07
   7.8500000E+01  4.2868041E+02  6.5282027E-13 -1.8350742E-07
   7.8500000E+01  4.2821969E+02  6.5282027E-13 -1.8350742E-07
   7.8500000E+01  4.2775897E+02  6.5282027E-13 -1.8350742E-07
   7.8500000E+01  4.2729825E+02  6.5282027E-13 -1.8350742E-07
   7.8500000E+01  4.2683754E+02  6.5282027E-13 -1.8350742E-07
   7.8500000E+01  4.2637682E+02  6.5282027E-13 -1.8350742E-07
   7.8500000E+01  4.2591610E+02  6.5282027E-13 -1.8350741E-07
   7.8500000E+01  4.2545538E+02  6.5282027E-13 -1.8350741E-07
   7.8500000E+01  4.2499467E+02  6.5282027E-13 -1.8350742E-07
   7.8500000E+01  4.2453395E+02  6.5282027E-13 -1.8350742E-07
   7.8500000E+01  4.2407323E+02  1.8637049E-05 -8.1715487E-09
   7.8500000E+01  4.2361251E+02  7.6116023E-06  2.5660466E-10
   7.8500000E+01  4.2315179E+02  7.6110100E-06  3.8029986E-09
   7.8500000E+01  4.2269108E+02  7.6101251E-06  7.3148727E-09
   7.8500000E+01  4.2223036E+02  7.6089444E-06  1.0815658E-08
   7.9500000E+01  4.3191071E+02  6.5350432E-13 -1.8350742E-07
   7.9500000E+01  4.3144974E+02  6.5350432E-13 -1.8350742E-07
   7.9500000E+01  4.3098878E+02  6.5350432E-13 -1.8350742E-07
   7.9500000E+01  4.3052782E+02  6.5350432E-13 -1.8350742E-07
   7.9500000E+01  4.3006685E+02  6.5350432E-13 -1.8350742E-07
   7.9500000E+01  4.2960589E+02  6.5350432E-13 -1.8350742E-07
   7.9500000E+01  4.2914493E+02  6.5350432E-13 -1.8350742E-07
   7.9500000E+01  4.2868396E+02  6.5350432E-13 -1.8350742E-07
   7.9500000E+01  4.2822300E+02  6.5350432E-13 -1.8350742E-07
   7.9500000E+01  4.2776204E+02  6.5350432E-13 -1.8350742E-07
   7.9500000E+01  4.2730108E+02  6.5350432E-13 -1.8350742E-07
   7.9500000E+01  4.2684011E+02  6.5350432E-13 -1.8350742E-07
   7.9500000E+01  4.2637915E+02  6.5350432E-13 -1.8350741E-07
   7.9500000E+01  4.2591819E+02  6.5350432E-13 -1.8350741E-07
   7.9500000E+01  4.2545722E+02  6.5350432E-13 -1.8350741E-07
   7.9500000E+01  4.2499626E+02  6.5350432E-13 -1.8350742E-07
   7.9500000E+01  4.2453530E+02  6.5350432E-13 -1.8350742E-07
   7.9500000E+01  4.2407433E+02  1.8658177E-05 -7.3026634E-09
   7.9500000E+01  4.2361337E+02  7.6201679E-06  1.3123525E-09
   7.9500000E+01  4.2315241E+02  7.6194574E-06  5.5618808E-09
   7.9500000E+01  4.2269144E+02  7.6183920E-06  9.7799299E-09
   7.9500000E+01  4.2223048E+02  7.6169797E-06  1.3973057E-08
   8.0500000E+01  4.3191598E+02  6.5431967E-13 -1.8350742E-07
   8.0500000E+01  4.3145477E+02  6.5431967E-13 -1.8350742E-07
   8.0500000E+01  4.3099356E+02  6.5431967E-13 -1.8350742E-07
   8.0500000E+01  4.3053235E+02  6.5431967E-13 -1.8350742E-07
   8.0500000E+01  4.3007115E+02  6.5431967E-13 -1.8350742E-07
   8.0500000E+01  4.2960994E+02  6.5431967E-13 -1.8350742E-07
   8.0500000E+01  4.2914873E+02  6.5431967E-13 -1.8350742E-07
   8.0500000E+01  4.2868752E+02  6.5431967E-13 -1.8350742E-07
   8.0500000E+01  4.2822631E+02  6.5431967E-13 -1.8350742E-07
   8.0500000E+01  4.2776510E+02  6.5431967E-13 -1.8350742E-07
   8.0500000E+01  4.2730390E+02  6.5431967E-13 -1.8350742E-07
   8.0500000E+01  4.2684269E+02  6.5431967E-13 -1.8350742E-07
   8.0500000E+01  4.2638148E+02  6.5431967E-13 -1.8350742E-07
   8.0500000E+01  4.2592027E+02  6.5431967E-13 -1.8350742E-07
   8.0500000E+01  4.2545906E+02  6.5431966E-13 -1.8350742E-07
   8.0500000E+01  4.2499785E+02  6.5431967E-13 -1.8350742E-07
   8.0500000E+01  4.2453665E+02  6.5431967E-13 -1.8350742E-07
   8.0500000E+01  4.2407544E+02  1.8683358E-05 -6.2492012E-09
   8.0500000E+01  4.2361423E+02  7.6303760E-06  2.5711085E-09
   8.0500000E+01  4.2315302E+02  7.6295276E-06  7.6691535E-09
   8.0500000E+01  4.2269181E+02  7.6282611E-06  1.2720364E-08
   8.0500000E+01  4.2223060E+02  7.6265952E-06  1.7703419E-08
   8.1500000E+01  4.3192125E+02  6.5528354E-13 -1.8350742E-07
   8.1500000E+01  4.3145980E+02  6.5528354E-13 -1.8350742E-07
   8.1500000E+01  4.3099834E+02  6.5528354E-13 -1.8350742E-07
   8.1500000E+01  4.3053689E+02  6.5528354E-13 -1.8350742E-07
   8.1500000E+01  4.3007544E+02  6.5528354E-13 -1.8350743E-07
   8.1500000E+01  4.2961398E+02  6.5528354E-13 -1.8350742E-07
   8.1500000E+01  4.2915253E+02  6.5528354E-13 -1.8350742E-07
   8.1500000E+01  4.2869108E+02  6.5528354E-13 -1.8350742E-07
   8.1500000E+01  4.2822962E+02  6.5528354E-13 -1.8350742E-07
   8.1500000E+01  4.2776817E+02  6.5528354E-13 -1.8350742E-07
   8.1500000E+01  4.2730672E+02  6.5528354E-13 -1.8350742E-07
   8.1500000E+01  4.2684526E+02  6.5528354E-13 -1.8350742E-07
   8.1500000E+01  4.2638381E+02  6.5528354E-13 -1.8350742E-07
   8.1500000E+01  4.2592236E+02  6.5528354E-13 -1.8350742E-07
   8.1500000E+01  4.2546090E+02  6.5528354E-13 -1.8350742E-07
   8.1500000E+01  4.2499945E+02  6.5528354E-13 -1.8350742E-07
   8.1500000E+01  4.2453799E+02  6.5528354E-13 -1.8350742E-07
   8.1500000E+01  4.2407654E+02  1.8713134E-05 -4.9948094E-09
   8.1500000E+01  4.2361509E+02  7.6424588E-06  4.0562311E-09
   8.1500000E+01  4.2315363E+02  7.6414740E-06  1.0139892E-08
   8.1500000E+01  4.2269218E+02  7.6400136E-06  1.6148733E-08
   8.1500000E+01  4.2223073E+02  7.6380849E-06  2.2060757E-08
   8.2500000E+01  4.3192652E+02  6.5642313E-13 -1.8350742E-07
   8.2500000E+01  4.3146483E+02  6.5642313E-13 -1.8350742E-07
   8.2500000E+01  4.3100313E+02  6.5642313E-13 -1.8350742E-07
   8.2500000E+01  4.3054143E+02  6.5642313E-13 -1.8350742E-07
   8.2500000E+01  4.3007973E+02  6.5642313E-13 -1.8350742E-07
   8.2500000E+01  4.2961803E+02  6.5642313E-13 -1.8350742E-07
   8.2500000E+01  4.2915633E+02  6.5642313E-13 -1.8350742E-07
   8.2500000E+01  4.2869463E+02  6.5642313E-13 -1.8350742E-07
   8.2500000E+01  4.2823293E+02  6.5642313E-13 -1.8350742E-07
   8.2500000E+01  4.2777124E+02  6.5642313E-13 -1.8350742E-07
   8.2500000E+01  4.2730954E+02  6.5642313E-13 -1.8350742E-07
   8.2500000E+01  4.2684784E+02  6.5642313E-13 -1.8350742E-07
   8.2500000E+01  4.2638614E+02  6.5642313E-13 -1.8350742E-07
   8.2500000E+01  4.2592444E+02  6.5642313E-13 -1.8350742E-07
   8.2500000E+01  4.2546274E+02  6.5642313E-13 -1.8350741E-07
   8.2500000E+01  4.2500104E+02  6.5642313E-13 -1.8350742E-07
   8.2500000E+01  4.2453934E+02  6.5642313E-13 -1.8350741E-07
   8.2500000E+01  4.2407764E+02  1.8748344E-05 -3.5461965E-09
   8.2500000E+01  4.2361595E+02  7.6567593E-06  5.7785844E-09
   8.2500000E+01  4.2315425E+02  7.6556364E-06  1.2962585E-08
   8.2500000E+01  4.2269255E+02  7.6539788E-06  2.0067195E-08
   8.2500000E+01  4.2223085E+02  7.6517771E-06  2.7083751E-08
   8.3500000E+01  4.3193180E+02  6.5777166E-13 -1.8350742E-07
   8.3500000E+01  4.3146985E+02  6.5777166E-13 -1.8350742E-07
   8.3500000E+01  4.3100791E+02  6.5777166E-13 -1.8350742E-07
   8.3500000E+01  4.3054597E+02  6.5777166E-13 -1.8350742E-07
   8.3500000E+01  4.3008402E+02  6.5777166E-13 -1.8350742E-07
   8.3500000E+01  4.2962208E+02  6.5777166E-13 -1.8350742E-07
   8.3500000E+01  4.2916013E+02  6.5777166E-13 -1.8350741E-07
   8.3500000E+01  4.2869819E+02  6.5777166E-13 -1.8350742E-07
   8.3500000E+01  4.2823625E+02  6.5777166E-13 -1.8350742E-07
   8.3500000E+01  4.2777430E+02  6.5777166E-13 -1.8350742E-07
   8.3500000E+01  4.2731236E+02  6.5777166E-13 -1.8350741E-07
   8.3500000E+01  4.2685041E+02  6.5777166E-13 -1.8350742E-07
   8.3500000E+01  4.2638847E+02  6.5777166E-13 -1.8350742E-07
   8.3500000E+01  4.2592652E+02  6.5777166E-13 -1.8350741E-07
   8.3500000E+01  4.2546458E+02  6.5777166E-13 -1.8350741E-07
   8.3500000E+01  4.2500264E+02  6.5777166E-13 -1.8350742E-07
   8.3500000E+01  4.2454069E+02  6.5777166E-13 -1.8350741E-07
   8.3500000E+01  4.2407875E+02  1.8790021E-05 -1.9199406E-09
   8.3500000E+01  4.2361680E+02  7.6737081E-06  7.7346100E-09
   8.3500000E+01  4.2315486E+02  7.6724403E-06  1.6158169E-08
   8.3500000E+01  4.2269292E+02  7.6705579E-06  2.4520614E-08
   8.3500000E+01  4.2223097E+02  7.6680585E-06  3.2801545E-08
   8.4500000E+01  4.3193707E+02  6.5935574E-13 -1.8350742E-07
   8.4500000E+01  4.3147488E+02  6.5935574E-13 -1.8350742E-07
   8.4500000E+01  4.3101269E+02  6.5935574E-13 -1.8350741E-07
   8.4500000E+01  4.3055050E+02  6.5935574E-13 -1.8350741E-07
   8.4500000E+01  4.3008831E+02  6.5935574E-13 -1.8350741E-07
   8.4500000E+01  4.2962612E+02  6.5935574E-13 -1.8350741E-07
   8.4500000E+01  4.2916393E+02  6.5935574E-13 -1.8350740E-07
   8.4500000E+01  4.2870175E+02  6.5935574E-13 -1.8350740E-07
   8.4500000E+01  4.2823956E+02  6.5935574E-13 -1.8350741E-07
   8.4500000E+01  4.2777737E+02  6.5935574E-13 -1.8350740E-07
   8.4500000E+01  4.2731518E+02  6.5935574E-13 -1.8350740E-07
   8.4500000E+01  4.2685299E+02  6.5935574E-13 -1.8350740E-07
   8.4500000E+01  4.2639080E+02  6.5935574E-13 -1.8350740E-07
   8.4500000E+01  4.2592861E+02  6.5935573E-13 -1.8350740E-07
   8.4500000E+01  4.2546642E+02  6.5935574E-13 -1.8350740E-07
   8.4500000E+01  4.2500423E+02  6.5935574E-13 -1.8350740E-07
   8.4500000E+01  4.2454204E+02  6.5935574E-13 -1.8350740E-07
   8.4500000E+01  4.2407985E+02  1.8838992E-05 -1.5493326E-10
   8.4500000E+01  4.2361766E+02  7.6936546E-06  9.8867701E-09
   8.4500000E+01  4.2315547E+02  7.6922555E-06  1.9748485E-08
   8.4500000E+01  4.2269328E+02  7.6901485E-06  2.9544908E-08
   8.4500000E+01  4.2223109E+02  7.6873369E-06  3.9261553E-08
   8.5500000E+01  4.3194234E+02  6.6119553E-13 -1.8350741E-07
   8.5500000E+01  4.3147991E+02  6.6119553E-13 -1.8350741E-07
   8.5500000E+01  4.3101747E+02  6.6119553E-13 -1.8350741E-07
   8.5500000E+01  4.3055504E+02  6.6119552E-13 -1.8350741E-07
   8.5500000E+01  4.3009261E+02  6.6119552E-13 -1.8350740E-07
   8.5500000E+01  4.2963017E+02  6.6119552E-13 -1.8350740E-07
   8.5500000E+01  4.2916774E+02  6.6119552E-13 -1.8350740E-07
   8.5500000E+01  4.2870530E+02  6.6119552E-13 -1.8350740E-07
   8.5500000E+01  4.2824287E+02  6.6119552E-13 -1.8350740E-07
   8.5500000E+01  4.2778043E+02  6.6119552E-13 -1.8350740E-07
   8.5500000E+01  4.2731800E+02  6.6119552E-13 -1.8350740E-07
   8.5500000E+01  4.2685556E+02  6.6119552E-13 -1.8350740E-07
   8.5500000E+01  4.2639313E+02  6.6119552E-13 -1.8350739E-07
   8.5500000E+01  4.2593069E+02  6.6119552E-13 -1.8350739E-07
   8.5500000E+01  4.2546826E+02  6.6119552E-13 -1.8350740E-07
   8.5500000E+01  4.2500582E+02  6.6119552E-13 -1.8350739E-07
   8.5500000E+01  4.2454339E+02  6.6119552E-13 -1.8350740E-07
   8.5500000E+01  4.2408096E+02  1.8895860E-05  1.7529389E-09
   8.5500000E+01  4.2361852E+02  7.7168157E-06  1.2215411E-08
   8.5500000E+01  4.2315609E+02  7.7152990E-06  2.3693016E-08
   8.5500000E+01  4.2269365E+02  7.7130089E-06  3.5088812E-08
   8.5500000E+01  4.2223122E+02  7.7099279E-06  4.6452360E-08
   8.6500000E+01  4.3194762E+02  6.6331166E-13 -1.8350741E-07
   8.6500000E+01  4.3148494E+02  6.6331166E-13 -1.8350741E-07
   8.6500000E+01  4.3102226E+02  6.6331166E-13 -1.8350741E-07
   8.6500000E+01  4.3055958E+02  6.6331166E-13 -1.8350741E-07
   8.6500000E+01  4.3009690E+02  6.6331166E-13 -1.8350741E-07
   8.6500000E+01  4.2963422E+02  6.6331166E-13 -1.8350741E-07
   8.6500000E+01  4.2917154E+02  6.6331166E-13 -1.8350741E-07
   8.6500000E+01  4.2870886E+02  6.6331166E-13 -1.8350740E-07
   8.6500000E+01  4.2824618E+02  6.6331166E-13 -1.8350741E-07
   8.6500000E+01  4.2778350E+02  6.6331166E-13 -1.8350741E-07
   8.6500000E+01  4.2732082E+02  6.6331166E-13 -1.8350740E-07
   8.6500000E+01  4.2685814E+02  6.6331166E-13 -1.8350740E-07
   8.6500000E+01  4.2639546E+02  6.6331166E-13 -1.8350740E-07
   8.6500000E+01  4.2593278E+02  6.6331166E-13 -1.8350740E-07
   8.6500000E+01  4.2547010E+02  6.6331166E-13 -1.8350740E-07
   8.6500000E+01  4.2500742E+02  6.6331166E-13 -1.8350739E-07
   8.6500000E+01  4.2454474E+02  6.6331166E-13 -1.8350740E-07
   8.6500000E+01  4.2408206E+02  1.8961258E-05  3.8826547E-09
   8.6500000E+01  4.2361938E+02  7.7434353E-06  1.4757781E-08
   8.6500000E+01  4.2315670E+02  7.7417981E-06  2.7929983E-08
   8.6500000E+01  4.2269402E+02  7.7393592E-06  4.1049277E-08
   8.6500000E+01  4.2223134E+02  7.7361013E-06  5.4182945E-08
   8.7500000E+01  4.3195289E+02  6.6571698E-13 -1.8350742E-07
   8.7500000E+01  4.3148996E+02  6.6571698E-13 -1.8350742E-07
   8.7500000E+01  4.3102704E+02  6.6571698E-13 -1.8350741E-07
   8.7500000E+01  4.3056411E+02  6.6571697E-13 -1.8350741E-07
   8.7500000E+01  4.3010119E+02  6.6571697E-13 -1.8350741E-07
   8.7500000E+01  4.2963826E+02  6.6571697E-13 -1.8350740E-07
   8.7500000E+01  4.2917534E+02  6.6571697E-13 -1.8350741E-07
   8.7500000E+01  4.2871241E+02  6.6571697E-13 -1.8350740E-07
   8.7500000E+01  4.2824949E+02  6.6571697E-13 -1.8350741E-07
   8.7500000E+01  4.2778656E+02  6.6571697E-13 -1.8350740E-07
   8.7500000E+01  4.2732364E+02  6.6571697E-13 -1.8350740E-07
   8.7500000E+01  4.2686071E+02  6.6571697E-13 -1.8350740E-07
   8.7500000E+01  4.2639779E+02  6.6571697E-13 -1.8350740E-07
   8.7500000E+01  4.2593486E+02  6.6571697E-13 -1.8350740E-07
   8.7500000E+01  4.2547194E+02  6.6571697E-13 -1.8350740E-07
   8.7500000E+01  4.2500901E+02  6.6571697E-13 -1.8350739E-07
   8.7500000E+01  4.2454609E+02  6.6571697E-13 -1.8350739E-07
   8.7500000E+01  4.2408316E+02  1.9035632E-05  6.1883284E-09
   8.7500000E+01  4.2362024E+02  7.7737791E-06  1.7465509E-08
   8.7500000E+01  4.2315731E+02  7.7720815E-06  3.2383145E-08
   8.7500000E+01  4.2269439E+02  7.7695565E-06  4.7292210E-08
   8.7500000E+01  4.2223146E+02  7.7662158E-06  6.2183122E-08
   8.8500000E+01  4.3195816E+02  6.6841139E-13 -1.8350742E-07
   8.8500000E+01  4.3149499E+02  6.6841139E-13 -1.8350742E-07
   8.8500000E+01  4.3103182E+02  6.6841139E-13 -1.8350741E-07
   8.8500000E+01  4.3056865E+02  6.6841139E-13 -1.8350741E-07
   8.8500000E+01  4.3010548E+02  6.6841139E-13 -1.8350741E-07
   8.8500000E+01  4.2964231E+02  6.6841138E-13 -1.8350740E-07
   8.8500000E+01  4.2917914E+02  6.6841138E-13 -1.8350741E-07
   8.8500000E+01  4.2871597E+02  6.6841138E-13 -1.8350740E-07
   8.8500000E+01  4.2825280E+02  6.6841138E-13 -1.8350740E-07
   8.8500000E+01  4.2778963E+02  6.6841138E-13 -1.8350740E-07
   8.8500000E+01  4.2732646E+02  6.6841138E-13 -1.8350740E-07
   8.8500000E+01  4.2686329E+02  6.6841138E-13 -1.8350740E-07
   8.8500000E+01  4.2640012E+02  6.6841138E-13 -1.8350740E-07
   8.8500000E+01  4.2593695E+02  6.6841138E-13 -1.8350739E-07
   8.8500000E+01  4.2547378E+02  6.6841138E-13 -1.8350739E-07
   8.8500000E+01  4.2501061E+02  6.6841138E-13 -1.8350739E-07
   8.8500000E+01  4.2454744E+02  6.6841138E-13 -1.8350739E-07
   8.8500000E+01  4.2408427E+02  1.9118999E-05  8.4151718E-09
   8.8500000E+01  4.2362110E+02  7.8078990E-06  2.0123298E-08
   8.8500000E+01  4.2315793E+02  7.8062794E-06  3.6838763E-08
   8.8500000E+01  4.2269476E+02  7.8038261E-06  5.3554476E-08
   8.8500000E+01  4.2223159E+02  7.8005222E-06  7.0253656E-08
   8.9500000E+01  4.3196344E+02  6.7139488E-13 -1.8350741E-07
   8.9500000E+01  4.3150002E+02  6.7139488E-13 -1.8350741E-07
   8.9500000E+01  4.3103660E+02  6.7139488E-13 -1.8350741E-07
   8.9500000E+01  4.3057319E+02  6.7139488E-13 -1.8350741E-07
   8.9500000E+01  4.3010977E+02  6.7139488E-13 -1.8350741E-07
   8.9500000E+01  4.2964636E+02  6.7139488E-13 -1.8350741E-07
   8.9500000E+01  4.2918294E+02  6.7139488E-13 -1.8350741E-07
   8.9500000E+01  4.2871953E+02  6.7139488E-13 -1.8350741E-07
   8.9500000E+01  4.2825611E+02  6.7139488E-13 -1.8350741E-07
   8.9500000E+01  4.2779270E+02  6.7139487E-13 -1.8350740E-07
   8.9500000E+01  4.2732928E+02  6.7139487E-13 -1.8350740E-07
   8.9500000E+01  4.2686586E+02  6.7139487E-13 -1.8350740E-07
   8.9500000E+01  4.2640245E+02  6.7139487E-13 -1.8350740E-07
   8.9500000E+01  4.2593903E+02  6.7139487E-13 -1.8350740E-07
   8.9500000E+01  4.2547562E+02  6.7139487E-13 -1.8350739E-07
   8.9500000E+01  4.2501220E+02  6.7139487E-13 -1.8350740E-07
   8.9500000E+01  4.2454879E+02  6.7139487E-13 -1.8350739E-07
   8.9500000E+01  4.2408537E+02  1.9211293E-05  1.0445361E-08
   8.9500000E+01  4.2362195E+02  7.8456592E-06  2.2583905E-08
   8.9500000E+01  4.2315854E+02  7.8441840E-06  4.1002313E-08
   8.9500000E+01  4.2269512E+02  7.8419466E-06  5.9478617E-08
   8.9500000E+01  4.2223171E+02  7.8388734E-06  7.8075342E-08
   9.0500000E+01  4.3196871E+02  6.7465501E-13 -1.8350742E-07
   9.0500000E+01  4.3150505E+02  6.7465501E-13 -1.8350742E-07
   9.0500000E+01  4.3104139E+02  6.7465501E-13 -1.8350742E-07
   9.0500000E+01  4.3057773E+02  6.7465501E-13 -1.8350741E-07
   9.0500000E+01  4.3011407E+02  6.7465501E-13 -1.8350741E-07
   9.0500000E+01  4.2965040E+02  6.7465501E-13 -1.8350741E-07
   9.0500000E+01  4.2918674E+02  6.7465501E-13 -1.8350741E-07
   9.0500000E+01  4.2872308E+02  6.7465501E-13 -1.8350741E-07
   9.0500000E+01  4.2825942E+02  6.7465501E-13 -1.8350741E-07
   9.0500000E+01  4.2779576E+02  6.7465501E-13 -1.8350740E-07
   9.0500000E+01  4.2733210E+02  6.7465501E-13 -1.8350741E-07
   9.0500000E+01  4.2686844E+02  6.7465501E-13 -1.8350741E-07
   9.0500000E+01  4.2640478E+02  6.7465501E-13 -1.8350740E-07
   9.0500000E+01  4.2594112E+02  6.7465501E-13 -1.8350740E-07
   9.0500000E+01  4.2547746E+02  6.7465500E-13 -1.8350740E-07
   9.0500000E+01  4.2501380E+02  6.7465500E-13 -1.8350740E-07
   9.0500000E+01  4.2455013E+02  6.7465501E-13 -1.8350741E-07
   9.0500000E+01  4.2408647E+02  1.9312120E-05  1.2390033E-08
   9.0500000E+01  4.2362281E+02  7.8868801E-06  2.4854830E-08
   9.0500000E+01  4.2315915E+02  7.8855480E-06  4.4726786E-08
   9.0500000E+01  4.2269549E+02  7.8835792E-06  6.4787685E-08
   9.0500000E+01  4.2223183E+02  7.8809432E-06  8.5062316E-08
   9.1500000E+01  4.3197398E+02  6.7813697E-13 -1.8350743E-07
   9.1500000E+01  4.3151008E+02  6.7813697E-13 -1.8350743E-07
   9.1500000E+01  4.3104617E+02  6.7813696E-13 -1.8350742E-07
   9.1500000E+01  4.3058226E+02  6.7813696E-13 -1.8350742E-07
   9.1500000E+01  4.3011836E+02  6.7813696E-13 -1.8350741E-07
   9.1500000E+01  4.2965445E+02  6.7813696E-13 -1.8350741E-07
   9.1500000E+01  4.2919055E+02  6.7813696E-13 -1.8350741E-07
   9.1500000E+01  4.2872664E+02  6.7813696E-13 -1.8350741E-07
   9.1500000E+01  4.2826273E+02  6.7813696E-13 -1.8350741E-07
   9.1500000E+01  4.2779883E+02  6.7813696E-13 -1.8350741E-07
   9.1500000E+01  4.2733492E+02  6.7813696E-13 -1.8350740E-07
   9.1500000E+01  4.2687101E+02  6.7813696E-13 -1.8350741E-07
   9.1500000E+01  4.2640711E+02  6.7813696E-13 -1.8350740E-07
   9.1500000E+01  4.2594320E+02  6.7813696E-13 -1.8350740E-07
   9.1500000E+01  4.2547930E+02  6.7813695E-13 -1.8350740E-07
   9.1500000E+01  4.2501539E+02  6.7813696E-13 -1.8350740E-07
   9.1500000E+01  4.2455148E+02  6.7813695E-13 -1.8350739E-07
   9.1500000E+01  4.2408758E+02  1.9419880E-05  1.4097838E-08
   9.1500000E+01  4.2362367E+02  7.9310670E-06  2.6780053E-08
   9.1500000E+01  4.2315977E+02  7.9300142E-06  4.7878873E-08
   9.1500000E+01  4.2269586E+02  7.9284567E-06  6.9195231E-08
   9.1500000E+01  4.2223195E+02  7.9264198E-06  9.0708543E-08
   9.2500000E+01  4.3197926E+02  6.8177337E-13 -1.8350742E-07
   9.2500000E+01  4.3151510E+02  6.8177337E-13 -1.8350742E-07
   9.2500000E+01  4.3105095E+02  6.8177337E-13 -1.8350742E-07
   9.2500000E+01  4.3058680E+02  6.8177337E-13 -1.8350742E-07
   9.2500000E+01  4.3012265E+02  6.8177337E-13 -1.8350741E-07
   9.2500000E+01  4.2965850E+02  6.8177337E-13 -1.8350741E-07
   9.2500000E+01  4.2919435E+02  6.8177336E-13 -1.8350741E-07
   9.2500000E+01  4.2873020E+02  6.8177336E-13 -1.8350741E-07
   9.2500000E+01  4.2826604E+02  6.8177336E-13 -1.8350740E-07
   9.2500000E+01  4.2780189E+02  6.8177336E-13 -1.8350741E-07
   9.2500000E+01  4.2733774E+02  6.8177336E-13 -1.8350740E-07
   9.2500000E+01  4.2687359E+02  6.8177336E-13 -1.8350740E-07
   9.2500000E+01  4.2640944E+02  6.8177336E-13 -1.8350740E-07
   9.2500000E+01  4.2594529E+02  6.8177336E-13 -1.8350739E-07
   9.2500000E+01  4.2548114E+02  6.8177336E-13 -1.8350739E-07
   9.2500000E+01  4.2501698E+02  6.8177336E-13 -1.8350740E-07
   9.2500000E+01  4.2455283E+02  6.8177335E-13 -1.8350739E-07
   9.2500000E+01  4.2408868E+02  1.9532472E-05  1.5187497E-08
   9.2500000E+01  4.2362453E+02  7.9773284E-06  2.8054061E-08
   9.2500000E+01  4.2316038E+02  7.9767379E-06  5.0077945E-08
   9.2500000E+01  4.2269623E+02  7.9758350E-06  7.2252496E-08
   9.2500000E+01  4.2223208E+02  7.9745736E-06  9.4736372E-08
   9.3500000E+01  4.3198453E+02  6.8552315E-13 -1.8350742E-07
   9.3500000E+01  4.3152013E+02  6.8552315E-13 -1.8350742E-07
   9.3500000E+01  4.3105573E+02  6.8552315E-13 -1.8350741E-07
   9.3500000E+01  4.3059134E+02  6.8552315E-13 -1.8350741E-07
   9.3500000E+01  4.3012694E+02  6.8552315E-13 -1.8350741E-07
   9.3500000E+01  4.2966254E+02  6.8552315E-13 -1.8350741E-07
   9.3500000E+01  4.2919815E+02  6.8552314E-13 -1.8350741E-07
   9.3500000E+01  4.2873375E+02  6.8552314E-13 -1.8350741E-07
   9.3500000E+01  4.2826935E+02  6.8552314E-13 -1.8350740E-07
   9.3500000E+01  4.2780496E+02  6.8552314E-13 -1.8350741E-07
   9.3500000E+01  4.2734056E+02  6.8552314E-13 -1.8350740E-07
   9.3500000E+01  4.2687616E+02  6.8552314E-13 -1.8350740E-07
   9.3500000E+01  4.2641177E+02  6.8552314E-13 -1.8350740E-07
   9.3500000E+01  4.2594737E+02  6.8552314E-13 -1.8350740E-07
   9.3500000E+01  4.2548297E+02  6.8552314E-13 -1.8350739E-07
   9.3500000E+01  4.2501858E+02  6.8552314E-13 -1.8350740E-07
   9.3500000E+01  4.2455418E+02  6.8552314E-13 -1.8350739E-07
   9.3500000E+01  4.2408978E+02  1.9648505E-05  1.5694528E-08
   9.3500000E+01  4.2362539E+02  8.0249027E-06  2.8642891E-08
   9.3500000E+01  4.2316099E+02  8.0247417E-06  5.1037520E-08
   9.3500000E+01  4.2269659E+02  8.0245249E-06  7.3657338E-08
   9.3500000E+01  4.2223220E+02  8.0241746E-06  9.6779173E-08
   9.4500000E+01  4.3198980E+02  6.8932029E-13 -1.8350743E-07
   9.4500000E+01  4.3152516E+02  6.8932029E-13 -1.8350743E-07
   9.4500000E+01  4.3106052E+02  6.8932028E-13 -1.8350741E-07
   9.4500000E+01  4.3059588E+02  6.8932028E-13 -1.8350741E-07
   9.4500000E+01  4.3013123E+02  6.8932028E-13 -1.8350741E-07
   9.4500000E+01  4.2966659E+02  6.8932028E-13 -1.8350741E-07
   9.4500000E+01  4.2920195E+02  6.8932028E-13 -1.8350741E-07
   9.4500000E+01  4.2873731E+02  6.8932028E-13 -1.8350741E-07
   9.4500000E+01  4.2827267E+02  6.8932028E-13 -1.8350740E-07
   9.4500000E+01  4.2780802E+02  6.8932028E-13 -1.8350740E-07
   9.4500000E+01  4.2734338E+02  6.8932027E-13 -1.8350740E-07
   9.4500000E+01  4.2687874E+02  6.8932028E-13 -1.8350740E-07
   9.4500000E+01  4.2641410E+02  6.8932027E-13 -1.8350740E-07
   9.4500000E+01  4.2594946E+02  6.8932027E-13 -1.8350740E-07
   9.4500000E+01  4.2548481E+02  6.8932027E-13 -1.8350739E-07
   9.4500000E+01  4.2502017E+02  6.8932027E-13 -1.8350740E-07
   9.4500000E+01  4.2455553E+02  6.8932027E-13 -1.8350739E-07
   9.4500000E+01  4.2409089E+02  1.9765999E-05  1.5829656E-08
   9.4500000E+01  4.2362625E+02  8.0730717E-06  2.8642799E-08
   9.4500000E+01  4.2316160E+02  8.0732699E-06  5.0886906E-08
   9.4500000E+01  4.2269696E+02  8.0736226E-06  7.3467665E-08
   9.4500000E+01  4.2223232E+02  8.0741878E-06  9.6482097E-08
   9.5500000E+01  4.3199507E+02  6.9304984E-13 -1.8350743E-07
   9.5500000E+01  4.3153019E+02  6.9304984E-13 -1.8350743E-07
   9.5500000E+01  4.3106530E+02  6.9304983E-13 -1.8350742E-07
   9.5500000E+01  4.3060041E+02  6.9304983E-13 -1.8350742E-07
   9.5500000E+01  4.3013553E+02  6.9304983E-13 -1.8350741E-07
   9.5500000E+01  4.2967064E+02  6.9304983E-13 -1.8350741E-07
   9.5500000E+01  4.2920575E+02  6.9304983E-13 -1.8350741E-07
   9.5500000E+01  4.2874086E+02  6.9304983E-13 -1.8350741E-07
   9.5500000E+01  4.2827598E+02  6.9304983E-13 -1.8350741E-07
   9.5500000E+01  4.2781109E+02  6.9304983E-13 -1.8350740E-07
   9.5500000E+01  4.2734620E+02  6.9304983E-13 -1.8350740E-07
   9.5500000E+01  4.2688132E+02  6.9304983E-13 -1.8350741E-07
   9.5500000E+01  4.2641643E+02  6.9304983E-13 -1.8350740E-07
   9.5500000E+01  4.2595154E+02  6.9304982E-13 -1.8350740E-07
   9.5500000E+01  4.2548665E+02  6.9304983E-13 -1.8350740E-07
   9.5500000E+01  4.2502177E+02  6.9304982E-13 -1.8350739E-07
   9.5500000E+01  4.2455688E+02  6.9304982E-13 -1.8350739E-07
   9.5500000E+01  4.2409199E+02  1.9881486E-05  1.5360677E-08
   9.5500000E+01  4.2362711E+02  8.1205457E-06  2.7913334E-08
   9.5500000E+01  4.2316222E+02  8.1212044E-06  4.9702995E-08
   9.5500000E+01  4.2269733E+02  8.1221939E-06  7.1716643E-08
   9.5500000E+01  4.2223244E+02  8.1235945E-06  9.3979848E-08
   9.6500000E+01  4.3200035E+02  6.9663299E-13 -1.8350742E-07
   9.6500000E+01  4.3153522E+02  6.9663298E-13 -1.8350742E-07
   9.6500000E+01  4.3107008E+02  6.9663299E-13 -1.8350743E-07
   9.6500000E+01  4.3060495E+02  6.9663299E-13 -1.8350743E-07
   9.6500000E+01  4.3013982E+02  6.9663298E-13 -1.8350743E-07
   9.6500000E+01  4.2967469E+02  6.9663298E-13 -1.8350742E-07
   9.6500000E+01  4.2920955E+02  6.9663298E-13 -1.8350742E-07
   9.6500000E+01  4.2874442E+02  6.9663298E-13 -1.8350742E-07
   9.6500000E+01  4.2827929E+02  6.9663298E-13 -1.8350742E-07
   9.6500000E+01  4.2781416E+02  6.9663298E-13 -1.8350742E-07
   9.6500000E+01  4.2734902E+02  6.9663298E-13 -1.8350742E-07
   9.6500000E+01  4.2688389E+02  6.9663298E-13 -1.8350742E-07
   9.6500000E+01  4.2641876E+02  6.9663298E-13 -1.8350741E-07
   9.6500000E+01  4.2595363E+02  6.9663298E-13 -1.8350741E-07
   9.6500000E+01  4.2548849E+02  6.9663298E-13 -1.8350741E-07
   9.6500000E+01  4.2502336E+02  6.9663297E-13 -1.8350740E-07
   9.6500000E+01  4.2455823E+02  6.9663298E-13 -1.8350741E-07
   9.6500000E+01  4.2409310E+02  1.9992393E-05  1.4199286E-08
   9.6500000E+01  4.2362796E+02  8.1660534E-06  2.6441491E-08
   9.6500000E+01  4.2316283E+02  8.1671551E-06  4.7321798E-08
   9.6500000E+01  4.2269770E+02  8.1688351E-06  6.8311706E-08
   9.6500000E+01  4.2223257E+02  8.1710679E-06  8.9548520E-08
   9.7500000E+01  4.3200562E+02  7.0003442E-13 -1.8350744E-07
   9.7500000E+01  4.3154024E+02  7.0003442E-13 -1.8350744E-07
   9.7500000E+01  4.3107487E+02  7.0003442E-13 -1.8350744E-07
   9.7500000E+01  4.3060949E+02  7.0003442E-13 -1.8350743E-07
   9.7500000E+01  4.3014411E+02  7.0003442E-13 -1.8350743E-07
   9.7500000E+01  4.2967873E+02  7.0003442E-13 -1.8350743E-07
   9.7500000E+01  4.2921335E+02  7.0003442E-13 -1.8350743E-07
   9.7500000E+01  4.2874798E+02  7.0003442E-13 -1.8350743E-07
   9.7500000E+01  4.2828260E+02  7.0003442E-13 -1.8350743E-07
   9.7500000E+01  4.2781722E+02  7.0003442E-13 -1.8350742E-07
   9.7500000E+01  4.2735184E+02  7.0003442E-13 -1.8350742E-07
   9.7500000E+01  4.2688647E+02  7.0003441E-13 -1.8350742E-07
   9.7500000E+01  4.2642109E+02  7.0003441E-13 -1.8350742E-07
   9.7500000E+01  4.2595571E+02  7.0003441E-13 -1.8350742E-07
   9.7500000E+01  4.2549033E+02  7.0003441E-13 -1.8350741E-07
   9.7500000E+01  4.2502496E+02  7.0003441E-13 -1.8350741E-07
   9.7500000E+01  4.2455958E+02  7.0003441E-13 -1.8350742E-07
   9.7500000E+01  4.2409420E+02  2.0097595E-05  1.2760908E-08
   9.7500000E+01  4.2362882E+02  8.2090881E-06  2.4525393E-08
   9.7500000E+01  4.2316344E+02  8.2104321E-06  4.3917630E-08
   9.7500000E+01  4.2269807E+02  8.2125514E-06  6.3507225E-08
   9.7500000E+01  4.2223269E+02  8.2154441E-06  8.3314812E-08
   9.8500000E+01  4.3201089E+02  7.0318672E-13 -1.8350745E-07
   9.8500000E+01  4.3154527E+02  7.0318672E-13 -1.8350745E-07
   9.8500000E+01  4.3107965E+02  7.0318671E-13 -1.8350744E-07
   9.8500000E+01  4.3061402E+02  7.0318671E-13 -1.8350744E-07
   9.8500000E+01  4.3014840E+02  7.0318671E-13 -1.8350743E-07
   9.8500000E+01  4.2968278E+02  7.0318671E-13 -1.8350743E-07
   9.8500000E+01  4.2921716E+02  7.0318671E-13 -1.8350743E-07
   9.8500000E+01  4.2875153E+02  7.0318671E-13 -1.8350743E-07
   9.8500000E+01  4.2828591E+02  7.0318671E-13 -1.8350743E-07
   9.8500000E+01  4.2782029E+02  7.0318671E-13 -1.8350743E-07
   9.8500000E+01  4.2735466E+02  7.0318671E-13 -1.8350743E-07
   9.8500000E+01  4.2688904E+02  7.0318671E-13 -1.8350743E-07
   9.8500000E+01  4.2642342E+02  7.0318671E-13 -1.8350742E-07
   9.8500000E+01  4.2595780E+02  7.0318671E-13 -1.8350743E-07
   9.8500000E+01  4.2549217E+02  7.0318671E-13 -1.8350742E-07
   9.8500000E+01  4.2502655E+02  7.0318670E-13 -1.8350742E-07
   9.8500000E+01  4.2456093E+02  7.0318670E-13 -1.8350742E-07
   9.8500000E+01  4.2409530E+02  2.0195169E-05  1.1071986E-08
   9.8500000E+01  4.2362968E+02  8.2491074E-06  2.2245060E-08
   9.8500000E+01  4.2316406E+02  8.2506497E-06  3.9938815E-08
   9.8500000E+01  4.2269843E+02  8.2530153E-06  5.7812272E-08
   9.8500000E+01  4.2223281E+02  8.2562880E-06  7.5745077E-08
   9.9500000E+01  4.3201617E+02  7.0603580E-13 -1.8350743E-07
   9.9500000E+01  4.3155030E+02  7.0603580E-13 -1.8350743E-07
   9.9500000E+01  4.3108443E+02  7.0603580E-13 -1.8350743E-07
   9.9500000E+01  4.3061856E+02  7.0603580E-13 -1.8350743E-07
   9.9500000E+01  4.3015269E+02  7.0603580E-13 -1.8350743E-07
   9.9500000E+01  4.2968683E+02  7.0603580E-13 -1.8350743E-07
   9.9500000E+01  4.2922096E+02  7.0603580E-13 -1.8350743E-07
   9.9500000E+01  4.2875509E+02  7.0603580E-13 -1.8350743E-07
   9.9500000E+01  4.2828922E+02  7.0603580E-13 -1.8350742E-07
   9.9500000E+01  4.2782335E+02  7.0603580E-13 -1.8350743E-07
   9.9500000E+01  4.2735748E+02  7.0603579E-13 -1.8350742E-07
   9.9500000E+01  4.2689162E+02  7.0603580E-13 -1.8350742E-07
   9.9500000E+01  4.2642575E+02  7.0603579E-13 -1.8350742E-07
   9.9500000E+01  4.2595988E+02  7.0603580E-13 -1.8350743E-07
   9.9500000E+01  4.2549401E+02  7.0603579E-13 -1.8350742E-07
   9.9500000E+01  4.2502814E+02  7.0603579E-13 -1.8350742E-07
   9.9500000E+01  4.2456228E+02  7.0603579E-13 -1.8350741E-07
   9.9500000E+01  4.2409641E+02  2.0283366E-05  8.9014127E-09
   9.9500000E+01  4.2363054E+02  8.2852694E-06  1.9567655E-08
   9.9500000E+01  4.2316467E+02  8.2869931E-06  3.5550441E-08
   9.9500000E+01  4.2269880E+02  8.2895795E-06  5.1532600E-08
   9.9500000E+01  4.2223293E+02  8.2930503E-06  6.7528079E-08
   1.0050000E+02  4.3202144E+02  7.0858660E-13 -1.8350743E-07
   1.0050000E+02  4.3155533E+02  7.0858660E-13 -1.8350743E-07
   1.0050000E+02  4.3108921E+02  7.0858659E-13 -1.8350743E-07
   1.0050000E+02  4.3062310E+02  7.0858659E-13 -1.8350743E-07
   1.0050000E+02  4.3015699E+02  7.0858659E-13 -1.8350743E-07
   1.0050000E+02  4.2969087E+02  7.0858659E-13 -1.8350743E-07
   1.0050000E+02  4.2922476E+02  7.0858659E-13 -1.8350743E-07
   1.0050000E+02  4.2875865E+02  7.0858659E-13 -1.8350743E-07
   1.0050000E+02  4.2829253E+02  7.0858659E-13 -1.8350743E-07
   1.0050000E+02  4.2782642E+02  7.0858659E-13 -1.8350742E-07
   1.0050000E+02  4.2736030E+02  7.0858659E-13 -1.8350742E-07
   1.0050000E+02  4.2689419E+02  7.0858659E-13 -1.8350742E-07
   1.0050000E+02  4.2642808E+02  7.0858659E-13 -1.8350742E-07
   1.0050000E+02  4.2596196E+02  7.0858659E-13 -1.8350742E-07
   1.0050000E+02  4.2549585E+02  7.0858659E-13 -1.8350741E-07
   1.0050000E+02  4.2502974E+02  7.0858659E-13 -1.8350741E-07
   1.0050000E+02  4.2456362E+02  7.0858659E-13 -1.8350742E-07
   1.0050000E+02  4.2409751E+02  2.0362205E-05  6.6486501E-09
   1.0050000E+02  4.2363140E+02  8.3173976E-06  1.6797875E-08
   1.0050000E+02  4.2316528E+02  8.3191079E-06  3.0903342E-08
   1.0050000E+02  4.2269917E+02  8.3217345E-06  4.4961246E-08
   1.0050000E+02  4.2223306E+02  8.3252757E-06  5.9036031E-08
   1.0150000E+02  4.3202671E+02  7.1082802E-13 -1.8350745E-07
   1.0150000E+02  4.3156035E+02  7.1082802E-13 -1.8350744E-07
   1.0150000E+02  4.3109400E+02  7.1082801E-13 -1.8350743E-07
   1.0150000E+02  4.3062764E+02  7.1082801E-13 -1.8350743E-07
   1.0150000E+02  4.3016128E+02  7.1082801E-13 -1.8350743E-07
   1.0150000E+02  4.2969492E+02  7.1082801E-13 -1.8350743E-07
   1.0150000E+02  4.2922856E+02  7.1082801E-13 -1.8350743E-07
   1.0150000E+02  4.2876220E+02  7.1082801E-13 -1.8350743E-07
   1.0150000E+02  4.2829584E+02  7.1082801E-13 -1.8350743E-07
   1.0150000E+02  4.2782948E+02  7.1082801E-13 -1.8350743E-07
   1.0150000E+02  4.2736313E+02  7.1082801E-13 -1.8350742E-07
   1.0150000E+02  4.2689677E+02  7.1082801E-13 -1.8350743E-07
   1.0150000E+02  4.2643041E+02  7.1082801E-13 -1.8350742E-07
   1.0150000E+02  4.2596405E+02  7.1082801E-13 -1.8350743E-07
   1.0150000E+02  4.2549769E+02  7.1082801E-13 -1.8350742E-07
   1.0150000E+02  4.2503133E+02  7.1082801E-13 -1.8350742E-07
   1.0150000E+02  4.2456497E+02  7.1082801E-13 -1.8350743E-07
   1.0150000E+02  4.2409861E+02  2.0431504E-05  4.6276671E-09
   1.0150000E+02  4.2363226E+02  8.3456636E-06  1.4151588E-08
   1.0150000E+02  4.2316590E+02  8.3472890E-06  2.6353549E-08
   1.0150000E+02  4.2269954E+02  8.3497789E-06  3.8509542E-08
   1.0150000E+02  4.2223318E+02  8.3531773E-06  5.0589384E-08
   1.0250000E+02  4.3203199E+02  7.1275312E-13 -1.8350744E-07
   1.0250000E+02  4.3156538E+02  7.1275312E-13 -1.8350744E-07
   1.0250000E+02  4.3109878E+02  7.1275311E-13 -1.8350743E-07
   1.0250000E+02  4.3063217E+02  7.1275311E-13 -1.8350743E-07
   1.0250000E+02  4.3016557E+02  7.1275311E-13 -1.8350743E-07
   1.0250000E+02  4.2969897E+02  7.1275311E-13 -1.8350743E-07
   1.0250000E+02  4.2923236E+02  7.1275311E-13 -1.8350742E-07
   1.0250000E+02  4.2876576E+02  7.1275311E-13 -1.8350742E-07
   1.0250000E+02  4.2829915E+02  7.1275311E-13 -1.8350743E-07
   1.0250000E+02  4.2783255E+02  7.1275311E-13 -1.8350742E-07
   1.0250000E+02  4.2736595E+02  7.1275311E-13 -1.8350742E-07
   1.0250000E+02  4.2689934E+02  7.1275311E-13 -1.8350742E-07
   1.0250000E+02  4.2643274E+02  7.1275311E-13 -1.8350742E-07
   1.0250000E+02  4.2596613E+02  7.1275311E-13 -1.8350742E-07
   1.0250000E+02  4.2549953E+02  7.1275311E-13 -1.8350742E-07
   1.0250000E+02  4.2503293E+02  7.1275311E-13 -1.8350741E-07
   1.0250000E+02  4.2456632E+02  7.1275311E-13 -1.8350742E-07
   1.0250000E+02  4.2409972E+02  2.0491078E-05  2.5803957E-09
   1.0250000E+02  4.2363311E+02  8.3700120E-06  1.1573769E-08
   1.0250000E+02  4.2316651E+02  8.3715820E-06  2.2045674E-08
   1.0250000E+02  4.2269991E+02  8.3739336E-06  3.2414852E-08
   1.0250000E+02  4.2223330E+02  8.3770704E-06  4.2662635E-08
   1.0350000E+02  4.3203726E+02  7.1441021E-13 -1.8350743E-07
   1.0350000E+02  4.3157041E+02  7.1441020E-13 -1.8350743E-07
   1.0350000E+02  4.3110356E+02  7.1441020E-13 -1.8350742E-07
   1.0350000E+02  4.3063671E+02  7.1441020E-13 -1.8350742E-07
   1.0350000E+02  4.3016986E+02  7.1441020E-13 -1.8350742E-07
   1.0350000E+02  4.2970301E+02  7.1441020E-13 -1.8350742E-07
   1.0350000E+02  4.2923616E+02  7.1441020E-13 -1.8350742E-07
   1.0350000E+02  4.2876931E+02  7.1441020E-13 -1.8350742E-07
   1.0350000E+02  4.2830246E+02  7.1441020E-13 -1.8350742E-07
   1.0350000E+02  4.2783562E+02  7.1441020E-13 -1.8350742E-07
   1.0350000E+02  4.2736877E+02  7.1441020E-13 -1.8350741E-07
   1.0350000E+02  4.2690192E+02  7.1441020E-13 -1.8350741E-07
   1.0350000E+02  4.2643507E+02  7.1441020E-13 -1.8350742E-07
   1.0350000E+02  4.2596822E+02  7.1441020E-13 -1.8350742E-07
   1.0350000E+02  4.2550137E+02  7.1441020E-13 -1.8350741E-07
   1.0350000E+02  4.2503452E+02  7.1441020E-13 -1.8350741E-07
   1.0350000E+02  4.2456767E+02  7.1441020E-13 -1.8350741E-07
   1.0350000E+02  4.2410082E+02  2.0542270E-05  6.1303175E-10
   1.0350000E+02  4.2363397E+02  8.3907997E-06  9.1856372E-09
   1.0350000E+02  4.2316712E+02  8.3921988E-06  1.8041656E-08
   1.0350000E+02  4.2270027E+02  8.3943142E-06  2.6827924E-08
   1.0350000E+02  4.2223342E+02  8.3971485E-06  3.5445820E-08
   1.0450000E+02  4.3204253E+02  7.1581630E-13 -1.8350744E-07
   1.0450000E+02  4.3157544E+02  7.1581630E-13 -1.8350744E-07
   1.0450000E+02  4.3110834E+02  7.1581630E-13 -1.8350743E-07
   1.0450000E+02  4.3064125E+02  7.1581630E-13 -1.8350743E-07
   1.0450000E+02  4.3017415E+02  7.1581630E-13 -1.8350743E-07
   1.0450000E+02  4.2970706E+02  7.1581630E-13 -1.8350743E-07
   1.0450000E+02  4.2923996E+02  7.1581630E-13 -1.8350743E-07
   1.0450000E+02  4.2877287E+02  7.1581630E-13 -1.8350743E-07
   1.0450000E+02  4.2830578E+02  7.1581630E-13 -1.8350742E-07
   1.0450000E+02  4.2783868E+02  7.1581630E-13 -1.8350743E-07
   1.0450000E+02  4.2737159E+02  7.1581630E-13 -1.8350743E-07
   1.0450000E+02  4.2690449E+02  7.1581630E-13 -1.8350742E-07
   1.0450000E+02  4.2643740E+02  7.1581630E-13 -1.8350743E-07
   1.0450000E+02  4.2597030E+02  7.1581630E-13 -1.8350742E-07
   1.0450000E+02  4.2550321E+02  7.1581630E-13 -1.8350742E-07
   1.0450000E+02  4.2503611E+02  7.1581630E-13 -1.8350743E-07
   1.0450000E+02  4.2456902E+02  7.1581629E-13 -1.8350742E-07
   1.0450000E+02  4.2410193E+02  2.0585709E-05 -1.0249150E-09
   1.0450000E+02  4.2363483E+02  8.4084487E-06  7.0893750E-09
   1.0450000E+02  4.2316774E+02  8.4096567E-06  1.4529092E-08
   1.0450000E+02  4.2270064E+02  8.4114743E-06  2.1901348E-08
   1.0450000E+02  4.2223355E+02  8.4139388E-06  2.9016676E-08
   1.0550000E+02  4.3204780E+02  7.1697316E-13 -1.8350743E-07
   1.0550000E+02  4.3158047E+02  7.1697316E-13 -1.8350743E-07
   1.0550000E+02  4.3111313E+02  7.1697316E-13 -1.8350744E-07
   1.0550000E+02  4.3064579E+02  7.1697316E-13 -1.8350744E-07
   1.0550000E+02  4.3017845E+02  7.1697316E-13 -1.8350743E-07
   1.0550000E+02  4.2971111E+02  7.1697316E-13 -1.8350744E-07
   1.0550000E+02  4.2924377E+02  7.1697316E-13 -1.8350743E-07
   1.0550000E+02  4.2877643E+02  7.1697316E-13 -1.8350743E-07
   1.0550000E+02  4.2830909E+02  7.1697316E-13 -1.8350743E-07
   1.0550000E+02  4.2784175E+02  7.1697316E-13 -1.8350743E-07
   1.0550000E+02  4.2737441E+02  7.1697316E-13 -1.8350743E-07
   1.0550000E+02  4.2690707E+02  7.1697316E-13 -1.8350743E-07
   1.0550000E+02  4.2643973E+02  7.1697315E-13 -1.8350743E-07
   1.0550000E+02  4.2597239E+02  7.1697315E-13 -1.8350742E-07
   1.0550000E+02  4.2550505E+02  7.1697315E-13 -1.8350743E-07
   1.0550000E+02  4.2503771E+02  7.1697315E-13 -1.8350743E-07
   1.0550000E+02  4.2457037E+02  7.1697315E-13 -1.8350742E-07
   1.0550000E+02  4.2410303E+02  2.0621488E-05 -2.5095307E-09
   1.0550000E+02  4.2363569E+02  8.4230153E-06  5.2179433E-09
   1.0550000E+02  4.2316835E+02  8.4241050E-06  1.1461090E-08
   1.0550000E+02  4.2270101E+02  8.4257382E-06  1.7569423E-08
   1.0550000E+02  4.2223367E+02  8.4278757E-06  2.3491735E-08
   1.0650000E+02  4.3205308E+02  7.1794263E-13 -1.8350744E-07
   1.0650000E+02  4.3158549E+02  7.1794263E-13 -1.8350744E-07
   1.0650000E+02  4.3111791E+02  7.1794263E-13 -1.8350743E-07
   1.0650000E+02  4.3065032E+02  7.1794263E-13 -1.8350743E-07
   1.0650000E+02  4.3018274E+02  7.1794263E-13 -1.8350743E-07
   1.0650000E+02  4.2971515E+02  7.1794263E-13 -1.8350743E-07
   1.0650000E+02  4.2924757E+02  7.1794262E-13 -1.8350743E-07
   1.0650000E+02  4.2877998E+02  7.1794262E-13 -1.8350743E-07
   1.0650000E+02  4.2831240E+02  7.1794262E-13 -1.8350743E-07
   1.0650000E+02  4.2784481E+02  7.1794262E-13 -1.8350742E-07
   1.0650000E+02  4.2737723E+02  7.1794262E-13 -1.8350742E-07
   1.0650000E+02  4.2690964E+02  7.1794262E-13 -1.8350742E-07
   1.0650000E+02  4.2644206E+02  7.1794262E-13 -1.8350742E-07
   1.0650000E+02  4.2597447E+02  7.1794262E-13 -1.8350742E-07
   1.0650000E+02  4.2550689E+02  7.1794262E-13 -1.8350743E-07
   1.0650000E+02  4.2503930E+02  7.1794262E-13 -1.8350742E-07
   1.0650000E+02  4.2457172E+02  7.1794262E-13 -1.8350742E-07
   1.0650000E+02  4.2410413E+02  2.0651407E-05 -3.7943729E-09
   1.0650000E+02  4.2363655E+02  8.4350976E-06  3.6419296E-09
   1.0650000E+02  4.2316896E+02  8.4360052E-06  8.7464535E-09
   1.0650000E+02  4.2270138E+02  8.4374059E-06  1.3782215E-08
   1.0650000E+02  4.2223379E+02  8.4392566E-06  1.8741509E-08
   1.0750000E+02  4.3205835E+02  7.1875583E-13 -1.8350744E-07
   1.0750000E+02  4.3159052E+02  7.1875583E-13 -1.8350744E-07
   1.0750000E+02  4.3112269E+02  7.1875582E-13 -1.8350743E-07
   1.0750000E+02  4.3065486E+02  7.1875582E-13 -1.8350743E-07
   1.0750000E+02  4.3018703E+02  7.1875582E-13 -1.8350743E-07
   1.0750000E+02  4.2971920E+02  7.1875582E-13 -1.8350743E-07
   1.0750000E+02  4.2925137E+02  7.1875582E-13 -1.8350742E-07
   1.0750000E+02  4.2878354E+02  7.1875582E-13 -1.8350743E-07
   1.0750000E+02  4.2831571E+02  7.1875582E-13 -1.8350743E-07
   1.0750000E+02  4.2784788E+02  7.1875582E-13 -1.8350742E-07
   1.0750000E+02  4.2738005E+02  7.1875582E-13 -1.8350742E-07
   1.0750000E+02  4.2691222E+02  7.1875582E-13 -1.8350742E-07
   1.0750000E+02  4.2644439E+02  7.1875582E-13 -1.8350743E-07
   1.0750000E+02  4.2597656E+02  7.1875582E-13 -1.8350743E-07
   1.0750000E+02  4.2550873E+02  7.1875582E-13 -1.8350743E-07
   1.0750000E+02  4.2504090E+02  7.1875582E-13 -1.8350743E-07
   1.0750000E+02  4.2457307E+02  7.1875582E-13 -1.8350742E-07
   1.0750000E+02  4.2410524E+02  2.0676536E-05 -4.8162374E-09
   1.0750000E+02  4.2363741E+02  8.4453140E-06  2.3277863E-09
   1.0750000E+02  4.2316958E+02  8.4460604E-06  6.5094575E-09
   1.0750000E+02  4.2270175E+02  8.4471652E-06  1.0652445E-08
   1.0750000E+02  4.2223392E+02  8.4486636E-06  1.4705912E-08
   1.0850000E+02  4.3206362E+02  7.1941550E-13 -1.8350742E-07
   1.0850000E+02  4.3159555E+02  7.1941550E-13 -1.8350742E-07
   1.0850000E+02  4.3112747E+02  7.1941550E-13 -1.8350742E-07
   1.0850000E+02  4.3065940E+02  7.1941550E-13 -1.8350742E-07
   1.0850000E+02  4.3019132E+02  7.1941550E-13 -1.8350742E-07
   1.0850000E+02  4.2972325E+02  7.1941550E-13 -1.8350742E-07
   1.0850000E+02  4.2925517E+02  7.1941550E-13 -1.8350742E-07
   1.0850000E+02  4.2878710E+02  7.1941550E-13 -1.8350743E-07
   1.0850000E+02  4.2831902E+02  7.1941550E-13 -1.8350742E-07
   1.0850000E+02  4.2785094E+02  7.1941550E-13 -1.8350742E-07
   1.0850000E+02  4.2738287E+02  7.1941550E-13 -1.8350742E-07
   1.0850000E+02  4.2691479E+02  7.1941550E-13 -1.8350742E-07
   1.0850000E+02  4.2644672E+02  7.1941550E-13 -1.8350742E-07
   1.0850000E+02  4.2597864E+02  7.1941550E-13 -1.8350742E-07
   1.0850000E+02  4.2551057E+02  7.1941550E-13 -1.8350742E-07
   1.0850000E+02  4.2504249E+02  7.1941549E-13 -1.8350742E-07
   1.0850000E+02  4.2457442E+02  7.1941549E-13 -1.8350742E-07
   1.0850000E+02  4.2410634E+02  2.0696946E-05 -5.7925826E-09
   1.0850000E+02  4.2363826E+02  8.4536216E-06  1.1555920E-09
   1.0850000E+02  4.2317019E+02  8.4542691E-06  4.6908605E-09
   1.0850000E+02  4.2270211E+02  8.4552027E-06  8.1070968E-09
   1.0850000E+02  4.2223404E+02  8.4564214E-06  1.1441067E-08
   1.0950000E+02  4.3206890E+02  7.1996760E-13 -1.8350742E-07
   1.0950000E+02  4.3160058E+02  7.1996760E-13 -1.8350742E-07
   1.0950000E+02  4.3113226E+02  7.1996760E-13 -1.8350742E-07
   1.0950000E+02  4.3066393E+02  7.1996760E-13 -1.8350742E-07
   1.0950000E+02  4.3019561E+02  7.1996760E-13 -1.8350742E-07
   1.0950000E+02  4.2972729E+02  7.1996760E-13 -1.8350742E-07
   1.0950000E+02  4.2925897E+02  7.1996760E-13 -1.8350742E-07
   1.0950000E+02  4.2879065E+02  7.1996760E-13 -1.8350742E-07
   1.0950000E+02  4.2832233E+02  7.1996760E-13 -1.8350742E-07
   1.0950000E+02  4.2785401E+02  7.1996760E-13 -1.8350742E-07
   1.0950000E+02  4.2738569E+02  7.1996760E-13 -1.8350742E-07
   1.0950000E+02  4.2691737E+02  7.1996760E-13 -1.8350742E-07
   1.0950000E+02  4.2644905E+02  7.1996760E-13 -1.8350742E-07
   1.0950000E+02  4.2598073E+02  7.1996760E-13 -1.8350742E-07
   1.0950000E+02  4.2551241E+02  7.1996760E-13 -1.8350742E-07
   1.0950000E+02  4.2504409E+02  7.1996760E-13 -1.8350742E-07
   1.0950000E+02  4.2457576E+02  7.1996760E-13 -1.8350742E-07
   1.0950000E+02  4.2410744E+02  3.9055730E-05 -1.2410536E-08
   1.0950000E+02  4.2363912E+02  1.2155408E-05  3.0140002E-10
   1.0950000E+02  4.2317080E+02  8.4608896E-06  3.1628848E-09
   1.0950000E+02  4.2270248E+02  8.4616562E-06  5.9971859E-09
   1.0950000E+02  4.2223416E+02  8.4626894E-06  8.7379387E-09
   1.1050000E+02  4.3207417E+02  7.2042378E-13 -1.8350744E-07
   1.1050000E+02  4.3160560E+02  7.2042378E-13 -1.8350744E-07
   1.1050000E+02  4.3113704E+02  7.2042378E-13 -1.8350743E-07
   1.1050000E+02  4.3066847E+02  7.2042378E-13 -1.8350743E-07
   1.1050000E+02  4.3019991E+02  7.2042378E-13 -1.8350743E-07
   1.1050000E+02  4.2973134E+02  7.2042378E-13 -1.8350743E-07
   1.1050000E+02  4.2926277E+02  7.2042378E-13 -1.8350743E-07
   1.1050000E+02  4.2879421E+02  7.2042378E-13 -1.8350743E-07
   1.1050000E+02  4.2832564E+02  7.2042377E-13 -1.8350743E-07
   1.1050000E+02  4.2785708E+02  7.2042378E-13 -1.8350743E-07
   1.1050000E+02  4.2738851E+02  7.2042377E-13 -1.8350743E-07
   1.1050000E+02  4.2691994E+02  7.2042377E-13 -1.8350743E-07
   1.1050000E+02  4.2645138E+02  7.2042378E-13 -1.8350743E-07
   1.1050000E+02  4.2598281E+02  7.2042377E-13 -1.8350743E-07
   1.1050000E+02  4.2551425E+02  7.2042378E-13 -1.8350743E-07
   1.1050000E+02  4.2504568E+02  7.2042377E-13 -1.8350743E-07
   1.1050000E+02  4.2457711E+02  7.2042378E-13 -1.8350743E-07
   1.1050000E+02  4.2410855E+02  1.0723543E-04 -3.6134759E-08
   1.1050000E+02  4.2363998E+02  2.0728419E-05 -1.0113814E-09
   1.1050000E+02  4.2317142E+02  8.4665352E-06  1.9501412E-09
   1.1050000E+02  4.2270285E+02  8.4671319E-06  4.2941443E-09
   1.1050000E+02  4.2223428E+02  8.4679411E-06  6.5052368E-09
   1.1150000E+02  4.3207944E+02  7.2079400E-13 -1.8350743E-07
   1.1150000E+02  4.3161063E+02  7.2079400E-13 -1.8350743E-07
   1.1150000E+02  4.3114182E+02  7.2079400E-13 -1.8350742E-07
   1.1150000E+02  4.3067301E+02  7.2079400E-13 -1.8350742E-07
   1.1150000E+02  4.3020420E+02  7.2079400E-13 -1.8350742E-07
   1.1150000E+02  4.2973539E+02  7.2079400E-13 -1.8350742E-07
   1.1150000E+02  4.2926658E+02  7.2079400E-13 -1.8350743E-07
   1.1150000E+02  4.2879776E+02  7.2079400E-13 -1.8350742E-07
   1.1150000E+02  4.2832895E+02  7.2079400E-13 -1.8350743E-07
   1.1150000E+02  4.2786014E+02  7.2079400E-13 -1.8350742E-07
   1.1150000E+02  4.2739133E+02  7.2079400E-13 -1.8350743E-07
   1.1150000E+02  4.2692252E+02  7.2079400E-13 -1.8350742E-07
   1.1150000E+02  4.2645371E+02  7.2079400E-13 -1.8350742E-07
   1.1150000E+02  4.2598490E+02  7.2079400E-13 -1.8350742E-07
   1.1150000E+02  4.2551608E+02  7.2079400E-13 -1.8350743E-07
   1.1150000E+02  4.2504727E+02  7.2079399E-13 -1.8350742E-07
   1.1150000E+02  4.2457846E+02  7.2079400E-13 -1.8350743E-07
   1.1150000E+02  4.2410965E+02  1.0729494E-04 -3.8910913E-08
   1.1150000E+02  4.2364084E+02  2.0739961E-05 -2.5312726E-09
   1.1150000E+02  4.2317203E+02  8.4712151E-06  9.5700443E-10
   1.1150000E+02  4.2270322E+02  8.4717274E-06  2.9164255E-09
   1.1150000E+02  4.2223441E+02  8.4723605E-06  4.8034350E-09
   1.1250000E+02  4.3208472E+02  7.2112478E-13 -1.8350743E-07
   1.1250000E+02  4.3161566E+02  7.2112478E-13 -1.8350743E-07
   1.1250000E+02  4.3114660E+02  7.2112478E-13 -1.8350742E-07
   1.1250000E+02  4.3067755E+02  7.2112478E-13 -1.8350742E-07
   1.1250000E+02  4.3020849E+02  7.2112478E-13 -1.8350742E-07
   1.1250000E+02  4.2973943E+02  7.2112478E-13 -1.8350742E-07
   1.1250000E+02  4.2927038E+02  7.2112478E-13 -1.8350742E-07
   1.1250000E+02  4.2880132E+02  7.2112478E-13 -1.8350742E-07
   1.1250000E+02  4.2833226E+02  7.2112478E-13 -1.8350742E-07
   1.1250000E+02  4.2786321E+02  7.2112478E-13 -1.8350742E-07
   1.1250000E+02  4.2739415E+02  7.2112478E-13 -1.8350742E-07
   1.1250000E+02  4.2692509E+02  7.2112478E-13 -1.8350741E-07
   1.1250000E+02  4.2645604E+02  7.2112478E-13 -1.8350742E-07
   1.1250000E+02  4.2598698E+02  7.2112478E-13 -1.8350741E-07
   1.1250000E+02  4.2551792E+02  7.2112478E-13 -1.8350742E-07
   1.1250000E+02  4.2504887E+02  7.2112478E-13 -1.8350741E-07
   1.1250000E+02  4.2457981E+02  7.2112478E-13 -1.8350741E-07
   1.1250000E+02  4.2411075E+02  1.0734736E-04 -4.1188079E-08
   1.1250000E+02  4.2364170E+02  2.0749895E-05 -3.7047308E-09
   1.1250000E+02  4.2317264E+02  8.4751290E-06  1.6363913E-10
   1.1250000E+02  4.2270358E+02  8.4754939E-06  1.8352213E-09
   1.1250000E+02  4.2223453E+02  8.4759936E-06  3.4669177E-09
   1.1350000E+02  4.3208999E+02  7.2140152E-13 -1.8350743E-07
   1.1350000E+02  4.3162069E+02  7.2140152E-13 -1.8350743E-07
   1.1350000E+02  4.3115139E+02  7.2140152E-13 -1.8350743E-07
   1.1350000E+02  4.3068208E+02  7.2140152E-13 -1.8350743E-07
   1.1350000E+02  4.3021278E+02  7.2140152E-13 -1.8350743E-07
   1.1350000E+02  4.2974348E+02  7.2140152E-13 -1.8350743E-07
   1.1350000E+02  4.2927418E+02  7.2140152E-13 -1.8350743E-07
   1.1350000E+02  4.2880488E+02  7.2140152E-13 -1.8350743E-07
   1.1350000E+02  4.2833557E+02  7.2140152E-13 -1.8350743E-07
   1.1350000E+02  4.2786627E+02  7.2140152E-13 -1.8350743E-07
   1.1350000E+02  4.2739697E+02  7.2140152E-13 -1.8350742E-07
   1.1350000E+02  4.2692767E+02  7.2140152E-13 -1.8350743E-07
   1.1350000E+02  4.2645837E+02  7.2140152E-13 -1.8350743E-07
   1.1350000E+02  4.2598907E+02  7.2140152E-13 -1.8350742E-07
   1.1350000E+02  4.2551976E+02  7.2140152E-13 -1.8350742E-07
   1.1350000E+02  4.2505046E+02  7.2140152E-13 -1.8350743E-07
   1.1350000E+02  4.2458116E+02  7.2140152E-13 -1.8350742E-07
   1.1350000E+02  4.2411186E+02  1.0739158E-04 -4.2269458E-08
   1.1350000E+02  4.2364256E+02  2.0758415E-05 -4.5184092E-09
   1.1350000E+02  4.2317325E+02  8.4785418E-06 -3.6847962E-10
   1.1350000E+02  4.2270395E+02  8.4787911E-06  1.0549816E-09
   1.1350000E+02  4.2223465E+02  8.4791445E-06  2.4271816E-09
   1.1450000E+02  4.3209526E+02  7.2162985E-13 -1.8350742E-07
   1.1450000E+02  4.3162572E+02  7.2162985E-13 -1.8350742E-07
   1.1450000E+02  4.3115617E+02  7.2162985E-13 -1.8350742E-07
   1.1450000E+02  4.3068662E+02  7.2162985E-13 -1.8350742E-07
   1.1450000E+02  4.3021707E+02  7.2162985E-13 -1.8350742E-07
   1.1450000E+02  4.2974753E+02  7.2162985E-13 -1.8350742E-07
   1.1450000E+02  4.2927798E+02  7.2162985E-13 -1.8350742E-07
   1.1450000E+02  4.2880843E+02  7.2162984E-13 -1.8350741E-07
   1.1450000E+02  4.2833889E+02  7.2162985E-13 -1.8350742E-07
   1.1450000E+02  4.2786934E+02  7.2162985E-13 -1.8350742E-07
   1.1450000E+02  4.2739979E+02  7.2162985E-13 -1.8350742E-07
   1.1450000E+02  4.2693024E+02  7.2162985E-13 -1.8350742E-07
   1.1450000E+02  4.2646070E+02  7.2162985E-13 -1.8350742E-07
   1.1450000E+02  4.2599115E+02  7.2162985E-13 -1.8350742E-07
   1.1450000E+02  4.2552160E+02  7.2162985E-13 -1.8350742E-07
   1.1450000E+02  4.2505206E+02  7.2162985E-13 -1.8350743E-07
   1.1450000E+02  4.2458251E+02  7.2162985E-13 -1.8350743E-07
   1.1450000E+02  4.2411296E+02  1.0742824E-04 -4.3476309E-08
   1.1450000E+02  4.2364341E+02  2.0765490E-05 -5.1810293E-09
   1.1450000E+02  4.2317387E+02  8.4814103E-06 -7.9179988E-10
   1.1450000E+02  4.2270432E+02  8.4816353E-06  4.6506504E-10
   1.1450000E+02  4.2223477E+02  8.4818980E-06  1.7032758E-09
   1.1550000E+02  4.3210054E+02  7.2185586E-13 -1.8350743E-07
   1.1550000E+02  4.3163074E+02  7.2185586E-13 -1.8350743E-07
   1.1550000E+02  4.3116095E+02  7.2185586E-13 -1.8350742E-07
   1.1550000E+02  4.3069116E+02  7.2185586E-13 -1.8350742E-07
   1.1550000E+02  4.3022137E+02  7.2185586E-13 -1.8350742E-07
   1.1550000E+02  4.2975157E+02  7.2185586E-13 -1.8350742E-07
   1.1550000E+02  4.2928178E+02  7.2185586E-13 -1.8350742E-07
   1.1550000E+02  4.2881199E+02  7.2185586E-13 -1.8350741E-07
   1.1550000E+02  4.2834220E+02  7.2185586E-13 -1.8350742E-07
   1.1550000E+02  4.2787240E+02  7.2185586E-13 -1.8350742E-07
   1.1550000E+02  4.2740261E+02  7.2185586E-13 -1.8350741E-07
   1.1550000E+02  4.2693282E+02  7.2185586E-13 -1.8350742E-07
   1.1550000E+02  4.2646303E+02  7.2185586E-13 -1.8350741E-07
   1.1550000E+02  4.2599323E+02  7.2185586E-13 -1.8350742E-07
   1.1550000E+02  4.2552344E+02  7.2185586E-13 -1.8350742E-07
   1.1550000E+02  4.2505365E+02  7.2185586E-13 -1.8350741E-07
   1.1550000E+02  4.2458386E+02  7.2185586E-13 -1.8350742E-07
   1.1550000E+02  4.2411407E+02  1.0746407E-04 -4.4232550E-08
   1.1550000E+02  4.2364427E+02  2.0772302E-05 -5.5934943E-09
   1.1550000E+02  4.2317448E+02  8.4841041E-06 -1.1123540E-09
   1.1550000E+02  4.2270469E+02  8.4842100E-06  7.8512352E-11
   1.1550000E+02  4.2223490E+02  8.4843501E-06  1.2309952E-09
   1.1650000E+02  4.3210581E+02  7.2206128E-13 -1.8350743E-07
   1.1650000E+02  4.3163577E+02  7.2206128E-13 -1.8350743E-07
   1.1650000E+02  4.3116573E+02  7.2206128E-13 -1.8350743E-07
   1.1650000E+02  4.3069570E+02  7.2206128E-13 -1.8350743E-07
   1.1650000E+02  4.3022566E+02  7.2206128E-13 -1.8350743E-07
   1.1650000E+02  4.2975562E+02  7.2206128E-13 -1.8350743E-07
   1.1650000E+02  4.2928558E+02  7.2206128E-13 -1.8350743E-07
   1.1650000E+02  4.2881555E+02  7.2206128E-13 -1.8350743E-07
   1.1650000E+02  4.2834551E+02  7.2206128E-13 -1.8350743E-07
   1.1650000E+02  4.2787547E+02  7.2206128E-13 -1.8350743E-07
   1.1650000E+02  4.2740543E+02  7.2206128E-13 -1.8350743E-07
   1.1650000E+02  4.2693539E+02  7.2206128E-13 -1.8350743E-07
   1.1650000E+02  4.2646536E+02  7.2206128E-13 -1.8350743E-07
   1.1650000E+02  4.2599532E+02  7.2206128E-13 -1.8350743E-07
   1.1650000E+02  4.2552528E+02  7.2206128E-13 -1.8350743E-07
   1.1650000E+02  4.2505524E+02  7.2206128E-13 -1.8350743E-07
   1.1650000E+02  4.2458521E+02  7.2206128E-13 -1.8350743E-07
   1.1650000E+02  4.2411517E+02  1.0749697E-04 -4.4356575E-08
   1.1650000E+02  4.2364513E+02  2.0778649E-05 -5.7984903E-09
   1.1650000E+02  4.2317509E+02  8.4866345E-06 -1.2212545E-09
   1.1650000E+02  4.2270506E+02  8.4866466E-06 -6.6188548E-11
   1.1650000E+02  4.2223502E+02  8.4866699E-06  1.0269639E-09
   1.1750000E+02  4.3211108E+02  7.2225260E-13 -1.8350742E-07
   1.1750000E+02  4.3164080E+02  7.2225260E-13 -1.8350742E-07
   1.1750000E+02  4.3117052E+02  7.2225260E-13 -1.8350742E-07
   1.1750000E+02  4.3070023E+02  7.2225260E-13 -1.8350742E-07
   1.1750000E+02  4.3022995E+02  7.2225260E-13 -1.8350743E-07
   1.1750000E+02  4.2975967E+02  7.2225260E-13 -1.8350742E-07
   1.1750000E+02  4.2928938E+02  7.2225260E-13 -1.8350742E-07
   1.1750000E+02  4.2881910E+02  7.2225260E-13 -1.8350743E-07
   1.1750000E+02  4.2834882E+02  7.2225260E-13 -1.8350742E-07
   1.1750000E+02  4.2787854E+02  7.2225260E-13 -1.8350742E-07
   1.1750000E+02  4.2740825E+02  7.2225260E-13 -1.8350742E-07
   1.1750000E+02  4.2693797E+02  7.2225260E-13 -1.8350743E-07
   1.1750000E+02  4.2646769E+02  7.2225260E-13 -1.8350743E-07
   1.1750000E+02  4.2599740E+02  7.2225260E-13 -1.8350742E-07
   1.1750000E+02  4.2552712E+02  7.2225260E-13 -1.8350743E-07
   1.1750000E+02  4.2505684E+02  7.2225260E-13 -1.8350741E-07
   1.1750000E+02  4.2458656E+02  7.2225260E-13 -1.8350742E-07
   1.1750000E+02  4.2411627E+02  1.0752740E-04 -4.4169987E-08
   1.1750000E+02  4.2364599E+02  2.0784412E-05 -5.6944214E-09
   1.1750000E+02  4.2317571E+02  8.4889104E-06 -1.1949846E-09
   1.1750000E+02  4.2270542E+02  8.4888904E-06 -7.8077815E-11
   1.1750000E+02  4.2223514E+02  8.4888761E-06  1.0186158E-09
   1.1850000E+02  4.3211635E+02  7.2245150E-13 -1.8350744E-07
   1.1850000E+02  4.3164583E+02  7.2245150E-13 -1.8350744E-07
   1.1850000E+02  4.3117530E+02  7.2245150E-13 -1.8350742E-07
   1.1850000E+02  4.3070477E+02  7.2245150E-13 -1.8350742E-07
   1.1850000E+02  4.3023424E+02  7.2245150E-13 -1.8350742E-07
   1.1850000E+02  4.2976371E+02  7.2245150E-13 -1.8350742E-07
   1.1850000E+02  4.2929319E+02  7.2245150E-13 -1.8350742E-07
   1.1850000E+02  4.2882266E+02  7.2245150E-13 -1.8350742E-07
   1.1850000E+02  4.2835213E+02  7.2245150E-13 -1.8350742E-07
   1.1850000E+02  4.2788160E+02  7.2245150E-13 -1.8350742E-07
   1.1850000E+02  4.2741107E+02  7.2245150E-13 -1.8350742E-07
   1.1850000E+02  4.2694055E+02  7.2245150E-13 -1.8350742E-07
   1.1850000E+02  4.2647002E+02  7.2245150E-13 -1.8350742E-07
   1.1850000E+02  4.2599949E+02  7.2245150E-13 -1.8350742E-07
   1.1850000E+02  4.2552896E+02  7.2245150E-13 -1.8350743E-07
   1.1850000E+02  4.2505843E+02  7.2245150E-13 -1.8350742E-07
   1.1850000E+02  4.2458790E+02  7.2245150E-13 -1.8350742E-07
   1.1850000E+02  4.2411738E+02  1.0755919E-04 -4.3535729E-08
   1.1850000E+02  4.2364685E+02  2.0790565E-05 -5.3799893E-09
   1.1850000E+02  4.2317632E+02  8.4913964E-06 -1.0561955E-09
   1.1850000E+02  4.2270579E+02  8.4912887E-06  5.2310165E-11
   1.1850000E+02  4.2223526E+02  8.4911621E-06  1.1865248E-09
   1.1950000E+02  4.3212163E+02  7.2265666E-13 -1.8350742E-07
   1.1950000E+02  4.3165085E+02  7.2265666E-13 -1.8350742E-07
   1.1950000E+02  4.3118008E+02  7.2265666E-13 -1.8350742E-07
   1.1950000E+02  4.3070931E+02  7.2265666E-13 -1.8350742E-07
   1.1950000E+02  4.3023853E+02  7.2265666E-13 -1.8350742E-07
   1.1950000E+02  4.2976776E+02  7.2265666E-13 -1.8350742E-07
   1.1950000E+02  4.2929699E+02  7.2265666E-13 -1.8350742E-07
   1.1950000E+02  4.2882621E+02  7.2265666E-13 -1.8350742E-07
   1.1950000E+02  4.2835544E+02  7.2265666E-13 -1.8350742E-07
   1.1950000E+02  4.2788467E+02  7.2265666E-13 -1.8350742E-07
   1.1950000E+02  4.2741389E+02  7.2265666E-13 -1.8350742E-07
   1.1950000E+02  4.2694312E+02  7.2265666E-13 -1.8350741E-07
   1.1950000E+02  4.2647235E+02  7.2265666E-13 -1.8350742E-07
   1.1950000E+02  4.2600157E+02  7.2265666E-13 -1.8350742E-07
   1.1950000E+02  4.2553080E+02  7.2265666E-13 -1.8350742E-07
   1.1950000E+02  4.2506003E+02  7.2265666E-13 -1.8350743E-07
   1.1950000E+02  4.2458925E+02  7.2265666E-13 -1.8350741E-07
   1.1950000E+02  4.2411848E+02  1.0759230E-04 -4.3440580E-08
   1.1950000E+02  4.2364771E+02  2.0797041E-05 -5.1708204E-09
   1.1950000E+02  4.2317693E+02  8.4940408E-06 -8.0347839E-10
   1.1950000E+02  4.2270616E+02  8.4938593E-06  4.1150218E-10
   1.1950000E+02  4.2223539E+02  8.4936021E-06  1.6416473E-09
   1.2050000E+02  4.3212690E+02  7.2289806E-13 -1.8350741E-07
   1.2050000E+02  4.3165588E+02  7.2289806E-13 -1.8350741E-07
   1.2050000E+02  4.3118486E+02  7.2289806E-13 -1.8350741E-07
   1.2050000E+02  4.3071384E+02  7.2289806E-13 -1.8350742E-07
   1.2050000E+02  4.3024283E+02  7.2289806E-13 -1.8350741E-07
   1.2050000E+02  4.2977181E+02  7.2289806E-13 -1.8350742E-07
   1.2050000E+02  4.2930079E+02  7.2289806E-13 -1.8350741E-07
   1.2050000E+02  4.2882977E+02  7.2289806E-13 -1.8350741E-07
   1.2050000E+02  4.2835875E+02  7.2289806E-13 -1.8350742E-07
   1.2050000E+02  4.2788773E+02  7.2289806E-13 -1.8350741E-07
   1.2050000E+02  4.2741671E+02  7.2289806E-13 -1.8350742E-07
   1.2050000E+02  4.2694570E+02  7.2289806E-13 -1.8350741E-07
   1.2050000E+02  4.2647468E+02  7.2289806E-13 -1.8350741E-07
   1.2050000E+02  4.2600366E+02  7.2289806E-13 -1.8350742E-07
   1.2050000E+02  4.2553264E+02  7.2289806E-13 -1.8350742E-07
   1.2050000E+02  4.2506162E+02  7.2289806E-13 -1.8350741E-07
   1.2050000E+02  4.2459060E+02  7.2289806E-13 -1.8350741E-07
   1.2050000E+02  4.2411958E+02  1.0763038E-04 -4.2791280E-08
   1.2050000E+02  4.2364857E+02  2.0804192E-05 -4.7173052E-09
   1.2050000E+02  4.2317755E+02  8.4968426E-06 -4.2592001E-10
   1.2050000E+02  4.2270653E+02  8.4965717E-06  9.9177686E-10
   1.2050000E+02  4.2223551E+02  8.4962189E-06  2.3554431E-09
   1.2150000E+02  4.3213217E+02  7.2316595E-13 -1.8350743E-07
   1.2150000E+02  4.3166091E+02  7.2316595E-13 -1.8350743E-07
   1.2150000E+02  4.3118965E+02  7.2316595E-13 -1.8350743E-07
   1.2150000E+02  4.3071838E+02  7.2316595E-13 -1.8350743E-07
   1.2150000E+02  4.3024712E+02  7.2316595E-13 -1.8350743E-07
   1.2150000E+02  4.2977585E+02  7.2316596E-13 -1.8350743E-07
   1.2150000E+02  4.2930459E+02  7.2316595E-13 -1.8350743E-07
   1.2150000E+02  4.2883333E+02  7.2316595E-13 -1.8350742E-07
   1.2150000E+02  4.2836206E+02  7.2316596E-13 -1.8350743E-07
   1.2150000E+02  4.2789080E+02  7.2316596E-13 -1.8350743E-07
   1.2150000E+02  4.2741953E+02  7.2316595E-13 -1.8350743E-07
   1.2150000E+02  4.2694827E+02  7.2316595E-13 -1.8350743E-07
   1.2150000E+02  4.2647701E+02  7.2316595E-13 -1.8350743E-07
   1.2150000E+02  4.2600574E+02  7.2316595E-13 -1.8350743E-07
   1.2150000E+02  4.2553448E+02  7.2316595E-13 -1.8350743E-07
   1.2150000E+02  4.2506322E+02  7.2316595E-13 -1.8350743E-07
   1.2150000E+02  4.2459195E+02  7.2316595E-13 -1.8350742E-07
   1.2150000E+02  4.2412069E+02  1.0767307E-04 -4.0621497E-08
   1.2150000E+02  4.2364942E+02  2.0812352E-05 -3.7842781E-09
   1.2150000E+02  4.2317816E+02  8.5000908E-06  1.3081021E-10
   1.2150000E+02  4.2270690E+02  8.4997304E-06  1.7718418E-09
   1.2150000E+02  4.2223563E+02  8.4992443E-06  3.3542305E-09
   1.2250000E+02  4.3213745E+02  7.2347212E-13 -1.8350743E-07
   1.2250000E+02  4.3166594E+02  7.2347212E-13 -1.8350743E-07
   1.2250000E+02  4.3119443E+02  7.2347212E-13 -1.8350743E-07
   1.2250000E+02  4.3072292E+02  7.2347212E-13 -1.8350743E-07
   1.2250000E+02  4.3025141E+02  7.2347212E-13 -1.8350743E-07
   1.2250000E+02  4.2977990E+02  7.2347212E-13 -1.8350743E-07
   1.2250000E+02  4.2930839E+02  7.2347212E-13 -1.8350742E-07
   1.2250000E+02  4.2883688E+02  7.2347212E-13 -1.8350743E-07
   1.2250000E+02  4.2836537E+02  7.2347212E-13 -1.8350743E-07
   1.2250000E+02  4.2789386E+02  7.2347212E-13 -1.8350742E-07
   1.2250000E+02  4.2742236E+02  7.2347212E-13 -1.8350743E-07
   1.2250000E+02  4.2695085E+02  7.2347212E-13 -1.8350742E-07
   1.2250000E+02  4.2647934E+02  7.2347212E-13 -1.8350742E-07
   1.2250000E+02  4.2600783E+02  7.2347212E-13 -1.8350743E-07
   1.2250000E+02  4.2553632E+02  7.2347212E-13 -1.8350743E-07
   1.2250000E+02  4.2506481E+02  7.2347212E-13 -1.8350742E-07
   1.2250000E+02  4.2459330E+02  7.2347212E-13 -1.8350741E-07
   1.2250000E+02  4.2412179E+02  1.0772224E-04 -3.8485396E-08
   1.2250000E+02  4.2365028E+02  2.0821854E-05 -2.5695773E-09
   1.2250000E+02  4.2317877E+02  8.5039065E-06  8.5675689E-10
   1.2250000E+02  4.2270726E+02  8.5034286E-06  2.8205276E-09
   1.2250000E+02  4.2223575E+02  8.5027806E-06  4.7094990E-09
   1.2350000E+02  4.3214272E+02  7.2385628E-13 -1.8350743E-07
   1.2350000E+02  4.3167097E+02  7.2385628E-13 -1.8350743E-07
   1.2350000E+02  4.3119921E+02  7.2385628E-13 -1.8350742E-07
   1.2350000E+02  4.3072746E+02  7.2385628E-13 -1.8350742E-07
   1.2350000E+02  4.3025570E+02  7.2385628E-13 -1.8350742E-07
   1.2350000E+02  4.2978395E+02  7.2385628E-13 -1.8350742E-07
   1.2350000E+02  4.2931219E+02  7.2385628E-13 -1.8350742E-07
   1.2350000E+02  4.2884044E+02  7.2385628E-13 -1.8350742E-07
   1.2350000E+02  4.2836868E+02  7.2385628E-13 -1.8350742E-07
   1.2350000E+02  4.2789693E+02  7.2385628E-13 -1.8350742E-07
   1.2350000E+02  4.2742518E+02  7.2385628E-13 -1.8350742E-07
   1.2350000E+02  4.2695342E+02  7.2385628E-13 -1.8350742E-07
   1.2350000E+02  4.2648167E+02  7.2385628E-13 -1.8350742E-07
   1.2350000E+02  4.2600991E+02  7.2385628E-13 -1.8350742E-07
   1.2350000E+02  4.2553816E+02  7.2385628E-13 -1.8350743E-07
   1.2350000E+02  4.2506640E+02  7.2385628E-13 -1.8350741E-07
   1.2350000E+02  4.2459465E+02  7.2385628E-13 -1.8350742E-07
   1.2350000E+02  4.2412289E+02  1.0778335E-04 -3.5994609E-08
   1.2350000E+02  4.2365114E+02  2.0833539E-05 -1.0730967E-09
   1.2350000E+02  4.2317939E+02  8.5085353E-06  1.8760331E-09
   1.2350000E+02  4.2270763E+02  8.5078647E-06  4.2317334E-09
   1.2350000E+02  4.2223588E+02  8.5070097E-06  6.4830786E-09
   1.2450000E+02  4.3214799E+02  7.2430733E-13 -1.8350742E-07
   1.2450000E+02  4.3167599E+02  7.2430732E-13 -1.8350742E-07
   1.2450000E+02  4.3120399E+02  7.2430732E-13 -1.8350742E-07
   1.2450000E+02  4.3073199E+02  7.2430732E-13 -1.8350742E-07
   1.2450000E+02  4.3025999E+02  7.2430732E-13 -1.8350742E-07
   1.2450000E+02  4.2978799E+02  7.2430732E-13 -1.8350742E-07
   1.2450000E+02  4.2931599E+02  7.2430732E-13 -1.8350741E-07
   1.2450000E+02  4.2884400E+02  7.2430732E-13 -1.8350741E-07
   1.2450000E+02  4.2837200E+02  7.2430732E-13 -1.8350742E-07
   1.2450000E+02  4.2790000E+02  7.2430732E-13 -1.8350741E-07
   1.2450000E+02  4.2742800E+02  7.2430732E-13 -1.8350741E-07
   1.2450000E+02  4.2695600E+02  7.2430732E-13 -1.8350741E-07
   1.2450000E+02  4.2648400E+02  7.2430732E-13 -1.8350742E-07
   1.2450000E+02  4.2601200E+02  7.2430732E-13 -1.8350741E-07
   1.2450000E+02  4.2554000E+02  7.2430732E-13 -1.8350742E-07
   1.2450000E+02  4.2506800E+02  7.2430732E-13 -1.8350741E-07
   1.2450000E+02  4.2459600E+02  7.2430732E-13 -1.8350741E-07
   1.2450000E+02  4.2412400E+02  1.0785536E-04 -3.2427143E-08
   1.2450000E+02  4.2365200E+02  2.0847319E-05  9.1117808E-10
   1.2450000E+02  4.2318000E+02  8.5140141E-06  3.2581113E-09
   1.2450000E+02  4.2270800E+02  8.5131895E-06  6.0128060E-09
   1.2450000E+02  4.2223600E+02  8.5121206E-06  8.7766632E-09
   1.2550000E+02  4.3215327E+02  7.2485449E-13 -1.8350742E-07
   1.2550000E+02  4.3168102E+02  7.2485449E-13 -1.8350742E-07
   1.2550000E+02  4.3120878E+02  7.2485449E-13 -1.8350741E-07
   1.2550000E+02  4.3073653E+02  7.2485449E-13 -1.8350741E-07
   1.2550000E+02  4.3026429E+02  7.2485449E-13 -1.8350741E-07
   1.2550000E+02  4.2979204E+02  7.2485449E-13 -1.8350741E-07
   1.2550000E+02  4.2931980E+02  7.2485449E-13 -1.8350741E-07
   1.2550000E+02  4.2884755E+02  7.2485449E-13 -1.8350741E-07
   1.2550000E+02  4.2837531E+02  7.2485449E-13 -1.8350741E-07
   1.2550000E+02  4.2790306E+02  7.2485449E-13 -1.8350741E-07
   1.2550000E+02  4.2743082E+02  7.2485449E-13 -1.8350741E-07
   1.2550000E+02  4.2695857E+02  7.2485449E-13 -1.8350741E-07
   1.2550000E+02  4.2648633E+02  7.2485449E-13 -1.8350741E-07
   1.2550000E+02  4.2601408E+02  7.2485449E-13 -1.8350741E-07
   1.2550000E+02  4.2554184E+02  7.2485449E-13 -1.8350741E-07
   1.2550000E+02  4.2506959E+02  7.2485449E-13 -1.8350741E-07
   1.2550000E+02  4.2459735E+02  7.2485449E-13 -1.8350741E-07
   1.2550000E+02  4.2412510E+02  1.0794272E-04 -2.8159537E-08
   1.2550000E+02  4.2365286E+02  2.0864095E-05  3.4363934E-09
   1.2550000E+02  4.2318061E+02  8.5207450E-06  4.9255101E-09
   1.2550000E+02  4.2270837E+02  8.5196877E-06  8.3249153E-09
   1.2550000E+02  4.2223612E+02  8.5183018E-06  1.1660957E-08
   1.2650000E+02  4.3215854E+02  7.2553448E-13 -1.8350741E-07
   1.2650000E+02  4.3168605E+02  7.2553448E-13 -1.8350741E-07
   1.2650000E+02  4.3121356E+02  7.2553448E-13 -1.8350742E-07
   1.2650000E+02  4.3074107E+02  7.2553448E-13 -1.8350742E-07
   1.2650000E+02  4.3026858E+02  7.2553448E-13 -1.8350742E-07
   1.2650000E+02  4.2979609E+02  7.2553448E-13 -1.8350742E-07
   1.2650000E+02  4.2932360E+02  7.2553448E-13 -1.8350741E-07
   1.2650000E+02  4.2885111E+02  7.2553448E-13 -1.8350742E-07
   1.2650000E+02  4.2837862E+02  7.2553448E-13 -1.8350741E-07
   1.2650000E+02  4.2790613E+02  7.2553448E-13 -1.8350741E-07
   1.2650000E+02  4.2743364E+02  7.2553448E-13 -1.8350741E-07
   1.2650000E+02  4.2696115E+02  7.2553448E-13 -1.8350741E-07
   1.2650000E+02  4.2648866E+02  7.2553448E-13 -1.8350741E-07
   1.2650000E+02  4.2601617E+02  7.2553448E-13 -1.8350742E-07
   1.2650000E+02  4.2554368E+02  7.2553448E-13 -1.8350741E-07
   1.2650000E+02  4.2507119E+02  7.2553448E-13 -1.8350741E-07
   1.2650000E+02  4.2459870E+02  7.2553448E-13 -1.8350741E-07
   1.2650000E+02  4.2412621E+02  1.0805121E-04 -2.2882249E-08
   1.2650000E+02  4.2365372E+02  2.0884927E-05  6.4170914E-09
   1.2650000E+02  4.2318123E+02  8.5290572E-06  7.0209256E-09
   1.2650000E+02  4.2270874E+02  8.5276990E-06  1.1334885E-08
   1.2650000E+02  4.2223625E+02  8.5259269E-06  1.5332735E-08
   1.2750000E+02  4.3216381E+02  7.2637855E-13 -1.8350742E-07
   1.2750000E+02  4.3169108E+02  7.2637855E-13 -1.8350742E-07
   1.2750000E+02  4.3121834E+02  7.2637855E-13 -1.8350741E-07
   1.2750000E+02  4.3074561E+02  7.2637855E-13 -1.8350741E-07
   1.2750000E+02  4.3027287E+02  7.2637855E-13 -1.8350741E-07
   1.2750000E+02  4.2980013E+02  7.2637854E-13 -1.8350741E-07
   1.2750000E+02  4.2932740E+02  7.2637854E-13 -1.8350741E-07
   1.2750000E+02  4.2885466E+02  7.2637854E-13 -1.8350741E-07
   1.2750000E+02  4.2838193E+02  7.2637854E-13 -1.8350741E-07
   1.2750000E+02  4.2790919E+02  7.2637854E-13 -1.8350741E-07
   1.2750000E+02  4.2743646E+02  7.2637854E-13 -1.8350741E-07
   1.2750000E+02  4.2696372E+02  7.2637854E-13 -1.8350741E-07
   1.2750000E+02  4.2649099E+02  7.2637854E-13 -1.8350741E-07
   1.2750000E+02  4.2601825E+02  7.2637854E-13 -1.8350741E-07
   1.2750000E+02  4.2554552E+02  7.2637854E-13 -1.8350741E-07
   1.2750000E+02  4.2507278E+02  7.2637854E-13 -1.8350741E-07
   1.2750000E+02  4.2460004E+02  7.2637854E-13 -1.8350740E-07
   1.2750000E+02  4.2412731E+02  1.0818571E-04 -1.5813524E-08
   1.2750000E+02  4.2365457E+02  2.0910552E-05  1.0409027E-08
   1.2750000E+02  4.2318184E+02  8.5391754E-06  9.7319920E-09
   1.2750000E+02  4.2270910E+02  8.5375199E-06  1.4990414E-08
   1.2750000E+02  4.2223637E+02  8.5353562E-06  2.0000117E-08
   1.2850000E+02  4.3216909E+02  7.2741276E-13 -1.8350743E-07
   1.2850000E+02  4.3169610E+02  7.2741276E-13 -1.8350743E-07
   1.2850000E+02  4.3122312E+02  7.2741276E-13 -1.8350742E-07
   1.2850000E+02  4.3075014E+02  7.2741276E-13 -1.8350742E-07
   1.2850000E+02  4.3027716E+02  7.2741276E-13 -1.8350742E-07
   1.2850000E+02  4.2980418E+02  7.2741275E-13 -1.8350741E-07
   1.2850000E+02  4.2933120E+02  7.2741275E-13 -1.8350741E-07
   1.2850000E+02  4.2885822E+02  7.2741275E-13 -1.8350741E-07
   1.2850000E+02  4.2838524E+02  7.2741275E-13 -1.8350741E-07
   1.2850000E+02  4.2791226E+02  7.2741275E-13 -1.8350741E-07
   1.2850000E+02  4.2743928E+02  7.2741275E-13 -1.8350741E-07
   1.2850000E+02  4.2696630E+02  7.2741275E-13 -1.8350741E-07
   1.2850000E+02  4.2649332E+02  7.2741275E-13 -1.8350741E-07
   1.2850000E+02  4.2602034E+02  7.2741275E-13 -1.8350741E-07
   1.2850000E+02  4.2554736E+02  7.2741275E-13 -1.8350741E-07
   1.2850000E+02  4.2507437E+02  7.2741275E-13 -1.8350741E-07
   1.2850000E+02  4.2460139E+02  7.2741275E-13 -1.8350741E-07
   1.2850000E+02  4.2412841E+02  1.0835081E-04 -6.8243570E-09
   1.2850000E+02  4.2365543E+02  2.0942240E-05  1.5625211E-08
   1.2850000E+02  4.2318245E+02  8.5518625E-06  1.3070313E-08
   1.2850000E+02  4.2270947E+02  8.5497798E-06  1.9545256E-08
   1.2850000E+02  4.2223649E+02  8.5470104E-06  2.5871658E-08
   1.2950000E+02  4.3217436E+02  7.2869006E-13 -1.8350741E-07
   1.2950000E+02  4.3170113E+02  7.2869006E-13 -1.8350741E-07
   1.2950000E+02  4.3122791E+02  7.2869006E-13 -1.8350741E-07
   1.2950000E+02  4.3075468E+02  7.2869006E-13 -1.8350741E-07
   1.2950000E+02  4.3028145E+02  7.2869006E-13 -1.8350741E-07
   1.2950000E+02  4.2980823E+02  7.2869006E-13 -1.8350741E-07
   1.2950000E+02  4.2933500E+02  7.2869006E-13 -1.8350741E-07
   1.2950000E+02  4.2886178E+02  7.2869006E-13 -1.8350741E-07
   1.2950000E+02  4.2838855E+02  7.2869006E-13 -1.8350741E-07
   1.2950000E+02  4.2791532E+02  7.2869006E-13 -1.8350741E-07
   1.2950000E+02  4.2744210E+02  7.2869006E-13 -1.8350741E-07
   1.2950000E+02  4.2696887E+02  7.2869005E-13 -1.8350740E-07
   1.2950000E+02  4.2649565E+02  7.2869005E-13 -1.8350741E-07
   1.2950000E+02  4.2602242E+02  7.2869005E-13 -1.8350740E-07
   1.2950000E+02  4.2554919E+02  7.2869005E-13 -1.8350741E-07
   1.2950000E+02  4.2507597E+02  7.2869005E-13 -1.8350740E-07
   1.2950000E+02  4.2460274E+02  7.2869005E-13 -1.8350741E-07
   1.2950000E+02  4.2412952E+02  1.0855475E-04  3.8063745E-09
   1.2950000E+02  4.2365629E+02  2.0981453E-05  2.1650010E-08
   1.2950000E+02  4.2318306E+02  8.5675527E-06  1.7204231E-08
   1.2950000E+02  4.2270984E+02  8.5648968E-06  2.5411722E-08
   1.2950000E+02  4.2223661E+02  8.5614087E-06  3.3224231E-08
   1.3050000E+02  4.3217963E+02  7.3031116E-13 -1.8350741E-07
   1.3050000E+02  4.3170616E+02  7.3031116E-13 -1.8350741E-07
   1.3050000E+02  4.3123269E+02  7.3031116E-13 -1.8350741E-07
   1.3050000E+02  4.3075922E+02  7.3031116E-13 -1.8350741E-07
   1.3050000E+02  4.3028575E+02  7.3031116E-13 -1.8350741E-07
   1.3050000E+02  4.2981228E+02  7.3031116E-13 -1.8350741E-07
   1.3050000E+02  4.2933880E+02  7.3031116E-13 -1.8350741E-07
   1.3050000E+02  4.2886533E+02  7.3031116E-13 -1.8350741E-07
   1.3050000E+02  4.2839186E+02  7.3031116E-13 -1.8350740E-07
   1.3050000E+02  4.2791839E+02  7.3031116E-13 -1.8350741E-07
   1.3050000E+02  4.2744492E+02  7.3031116E-13 -1.8350741E-07
   1.3050000E+02  4.2697145E+02  7.3031116E-13 -1.8350740E-07
   1.3050000E+02  4.2649798E+02  7.3031116E-13 -1.8350741E-07
   1.3050000E+02  4.2602451E+02  7.3031116E-13 -1.8350740E-07
   1.3050000E+02  4.2555103E+02  7.3031116E-13 -1.8350740E-07
   1.3050000E+02  4.2507756E+02  7.3031116E-13 -1.8350740E-07
   1.3050000E+02  4.2460409E+02  7.3031115E-13 -1.8350740E-07
   1.3050000E+02  4.2413062E+02  1.0881305E-04  1.7535694E-08
   1.3050000E+02  4.2365715E+02  2.1030758E-05  2.9264699E-08
   1.3050000E+02  4.2318368E+02  8.5870543E-06  2.2525174E-08
   1.3050000E+02  4.2271021E+02  8.5837284E-06  3.2708411E-08
   1.3050000E+02  4.2223674E+02  8.5794095E-06  4.2411641E-08
   1.3150000E+02  4.3218490E+02  7.3231928E-13 -1.8350742E-07
   1.3150000E+02  4.3171119E+02  7.3231928E-13 -1.8350742E-07
   1.3150000E+02  4.3123747E+02  7.3231927E-13 -1.8350740E-07
   1.3150000E+02  4.3076375E+02  7.3231927E-13 -1.8350740E-07
   1.3150000E+02  4.3029004E+02  7.3231927E-13 -1.8350740E-07
   1.3150000E+02  4.2981632E+02  7.3231927E-13 -1.8350739E-07
   1.3150000E+02  4.2934261E+02  7.3231927E-13 -1.8350739E-07
   1.3150000E+02  4.2886889E+02  7.3231927E-13 -1.8350739E-07
   1.3150000E+02  4.2839517E+02  7.3231927E-13 -1.8350739E-07
   1.3150000E+02  4.2792146E+02  7.3231927E-13 -1.8350739E-07
   1.3150000E+02  4.2744774E+02  7.3231927E-13 -1.8350739E-07
   1.3150000E+02  4.2697402E+02  7.3231927E-13 -1.8350739E-07
   1.3150000E+02  4.2650031E+02  7.3231927E-13 -1.8350739E-07
   1.3150000E+02  4.2602659E+02  7.3231927E-13 -1.8350739E-07
   1.3150000E+02  4.2555287E+02  7.3231927E-13 -1.8350739E-07
   1.3150000E+02  4.2507916E+02  7.3231927E-13 -1.8350738E-07
   1.3150000E+02  4.2460544E+02  7.3231927E-13 -1.8350739E-07
   1.3150000E+02  4.2413172E+02  1.0913348E-04  3.5279298E-08
   1.3150000E+02  4.2365801E+02  2.1092064E-05  3.9458886E-08
   1.3150000E+02  4.2318429E+02  8.6114630E-06  2.9154830E-08
   1.3150000E+02  4.2271057E+02  8.6073588E-06  4.1743496E-08
   1.3150000E+02  4.2223686E+02  8.6019166E-06  5.3975959E-08
   1.3250000E+02  4.3219018E+02  7.3481664E-13 -1.8350741E-07
   1.3250000E+02  4.3171622E+02  7.3481664E-13 -1.8350740E-07
   1.3250000E+02  4.3124225E+02  7.3481664E-13 -1.8350739E-07
   1.3250000E+02  4.3076829E+02  7.3481664E-13 -1.8350739E-07
   1.3250000E+02  4.3029433E+02  7.3481664E-13 -1.8350738E-07
   1.3250000E+02  4.2982037E+02  7.3481663E-13 -1.8350738E-07
   1.3250000E+02  4.2934641E+02  7.3481663E-13 -1.8350738E-07
   1.3250000E+02  4.2887245E+02  7.3481663E-13 -1.8350738E-07
   1.3250000E+02  4.2839848E+02  7.3481663E-13 -1.8350737E-07
   1.3250000E+02  4.2792452E+02  7.3481663E-13 -1.8350738E-07
   1.3250000E+02  4.2745056E+02  7.3481663E-13 -1.8350738E-07
   1.3250000E+02  4.2697660E+02  7.3481663E-13 -1.8350737E-07
   1.3250000E+02  4.2650264E+02  7.3481663E-13 -1.8350737E-07
   1.3250000E+02  4.2602867E+02  7.3481663E-13 -1.8350737E-07
   1.3250000E+02  4.2555471E+02  7.3481663E-13 -1.8350737E-07
   1.3250000E+02  4.2508075E+02  7.3481663E-13 -1.8350736E-07
   1.3250000E+02  4.2460679E+02  7.3481663E-13 -1.8350737E-07
   1.3250000E+02  4.2413283E+02  1.0953184E-04  5.7315146E-08
   1.3250000E+02  4.2365887E+02  2.1168517E-05  5.1921297E-08
   1.3250000E+02  4.2318490E+02  8.6420035E-06  3.7356176E-08
   1.3250000E+02  4.2271094E+02  8.6367720E-06  5.3214713E-08
   1.3250000E+02  4.2223698E+02  8.6299033E-06  6.8471371E-08
   1.3350000E+02  4.3219545E+02  7.3794300E-13 -1.8350738E-07
   1.3350000E+02  4.3172124E+02  7.3794300E-13 -1.8350738E-07
   1.3350000E+02  4.3124704E+02  7.3794300E-13 -1.8350740E-07
   1.3350000E+02  4.3077283E+02  7.3794300E-13 -1.8350739E-07
   1.3350000E+02  4.3029862E+02  7.3794300E-13 -1.8350739E-07
   1.3350000E+02  4.2982442E+02  7.3794300E-13 -1.8350739E-07
   1.3350000E+02  4.2935021E+02  7.3794300E-13 -1.8350739E-07
   1.3350000E+02  4.2887600E+02  7.3794300E-13 -1.8350739E-07
   1.3350000E+02  4.2840179E+02  7.3794299E-13 -1.8350738E-07
   1.3350000E+02  4.2792759E+02  7.3794300E-13 -1.8350739E-07
   1.3350000E+02  4.2745338E+02  7.3794299E-13 -1.8350738E-07
   1.3350000E+02  4.2697917E+02  7.3794299E-13 -1.8350738E-07
   1.3350000E+02  4.2650497E+02  7.3794299E-13 -1.8350738E-07
   1.3350000E+02  4.2603076E+02  7.3794299E-13 -1.8350738E-07
   1.3350000E+02  4.2555655E+02  7.3794299E-13 -1.8350738E-07
   1.3350000E+02  4.2508235E+02  7.3794299E-13 -1.8350737E-07
   1.3350000E+02  4.2460814E+02  7.3794299E-13 -1.8350737E-07
   1.3350000E+02  4.2413393E+02  1.1003096E-04  8.4084530E-08
   1.3350000E+02  4.2365972E+02  2.1264209E-05  6.6977099E-08
   1.3350000E+02  4.2318552E+02  8.6800551E-06  4.7799727E-08
   1.3350000E+02  4.2271131E+02  8.6734659E-06  6.7667693E-08
   1.3350000E+02  4.2223710E+02  8.6648766E-06  8.6606186E-08
   1.3450000E+02  4.3220072E+02  7.4186317E-13 -1.8350739E-07
   1.3450000E+02  4.3172627E+02  7.4186317E-13 -1.8350739E-07
   1.3450000E+02  4.3125182E+02  7.4186317E-13 -1.8350738E-07
   1.3450000E+02  4.3077737E+02  7.4186317E-13 -1.8350738E-07
   1.3450000E+02  4.3030291E+02  7.4186317E-13 -1.8350738E-07
   1.3450000E+02  4.2982846E+02  7.4186317E-13 -1.8350738E-07
   1.3450000E+02  4.2935401E+02  7.4186316E-13 -1.8350737E-07
   1.3450000E+02  4.2887956E+02  7.4186316E-13 -1.8350737E-07
   1.3450000E+02  4.2840511E+02  7.4186316E-13 -1.8350737E-07
   1.3450000E+02  4.2793065E+02  7.4186316E-13 -1.8350737E-07
   1.3450000E+02  4.2745620E+02  7.4186316E-13 -1.8350736E-07
   1.3450000E+02  4.2698175E+02  7.4186316E-13 -1.8350736E-07
   1.3450000E+02  4.2650730E+02  7.4186316E-13 -1.8350736E-07
   1.3450000E+02  4.2603284E+02  7.4186316E-13 -1.8350736E-07
   1.3450000E+02  4.2555839E+02  7.4186315E-13 -1.8350735E-07
   1.3450000E+02  4.2508394E+02  7.4186315E-13 -1.8350735E-07
   1.3450000E+02  4.2460949E+02  7.4186315E-13 -1.8350735E-07
   1.3450000E+02  4.2413504E+02  1.1065611E-04  1.1738963E-07
   1.3450000E+02  4.2366058E+02  2.1383756E-05  8.6304592E-08
   1.3450000E+02  4.2318613E+02  8.7275913E-06  6.0874041E-08
   1.3450000E+02  4.2271168E+02  8.7194208E-06  8.5663713E-08
   1.3450000E+02  4.2223723E+02  8.7086499E-06  1.0940359E-07
   1.3550000E+02  4.3220600E+02  7.4677338E-13 -1.8350740E-07
   1.3550000E+02  4.3173130E+02  7.4677338E-13 -1.8350740E-07
   1.3550000E+02  4.3125660E+02  7.4677337E-13 -1.8350739E-07
   1.3550000E+02  4.3078190E+02  7.4677337E-13 -1.8350739E-07
   1.3550000E+02  4.3030721E+02  7.4677337E-13 -1.8350738E-07
   1.3550000E+02  4.2983251E+02  7.4677337E-13 -1.8350738E-07
   1.3550000E+02  4.2935781E+02  7.4677337E-13 -1.8350738E-07
   1.3550000E+02  4.2888311E+02  7.4677337E-13 -1.8350737E-07
   1.3550000E+02  4.2840842E+02  7.4677337E-13 -1.8350737E-07
   1.3550000E+02  4.2793372E+02  7.4677337E-13 -1.8350737E-07
   1.3550000E+02  4.2745902E+02  7.4677336E-13 -1.8350736E-07
   1.3550000E+02  4.2698432E+02  7.4677336E-13 -1.8350737E-07
   1.3550000E+02  4.2650963E+02  7.4677336E-13 -1.8350736E-07
   1.3550000E+02  4.2603493E+02  7.4677336E-13 -1.8350736E-07
   1.3550000E+02  4.2556023E+02  7.4677336E-13 -1.8350736E-07
   1.3550000E+02  4.2508553E+02  7.4677336E-13 -1.8350735E-07
   1.3550000E+02  4.2461084E+02  7.4677336E-13 -1.8350735E-07
   1.3550000E+02  4.2413614E+02  1.1143897E-04  1.6070150E-07
   1.3550000E+02  4.2366144E+02  2.1533673E-05  1.1077307E-07
   1.3550000E+02  4.2318674E+02  8.7872565E-06  7.7238504E-08
   1.3550000E+02  4.2271205E+02  8.7768884E-06  1.0830450E-07
   1.3550000E+02  4.2223735E+02  8.7633204E-06  1.3802048E-07
   1.3650000E+02  4.3221127E+02  7.5291639E-13 -1.8350736E-07
   1.3650000E+02  4.3173633E+02  7.5291639E-13 -1.8350736E-07
   1.3650000E+02  4.3126138E+02  7.5291639E-13 -1.8350737E-07
   1.3650000E+02  4.3078644E+02  7.5291639E-13 -1.8350736E-07
   1.3650000E+02  4.3031150E+02  7.5291639E-13 -1.8350736E-07
   1.3650000E+02  4.2983656E+02  7.5291639E-13 -1.8350736E-07
   1.3650000E+02  4.2936161E+02  7.5291638E-13 -1.8350735E-07
   1.3650000E+02  4.2888667E+02  7.5291638E-13 -1.8350735E-07
   1.3650000E+02  4.2841173E+02  7.5291638E-13 -1.8350735E-07
   1.3650000E+02  4.2793678E+02  7.5291638E-13 -1.8350734E-07
   1.3650000E+02  4.2746184E+02  7.5291638E-13 -1.8350734E-07
   1.3650000E+02  4.2698690E+02  7.5291638E-13 -1.8350734E-07
   1.3650000E+02  4.2651196E+02  7.5291638E-13 -1.8350734E-07
   1.3650000E+02  4.2603701E+02  7.5291637E-13 -1.8350734E-07
   1.3650000E+02  4.2556207E+02  7.5291637E-13 -1.8350733E-07
   1.3650000E+02  4.2508713E+02  7.5291637E-13 -1.8350733E-07
   1.3650000E+02  4.2461219E+02  7.5291637E-13 -1.8350733E-07
   1.3650000E+02  4.2413724E+02  1.1241930E-04  2.1494473E-07
   1.3650000E+02  4.2366230E+02  2.1721395E-05  1.4151849E-07
   1.3650000E+02  4.2318736E+02  8.8618301E-06  9.7986342E-08
   1.3650000E+02  4.2271241E+02  8.8487460E-06  1.3687563E-07
   1.3650000E+02  4.2223747E+02  8.8316429E-06  1.7400932E-07
   1.3750000E+02  4.3221654E+02  7.6064082E-13 -1.8350734E-07
   1.3750000E+02  4.3174135E+02  7.6064082E-13 -1.8350734E-07
   1.3750000E+02  4.3126617E+02  7.6064081E-13 -1.8350732E-07
   1.3750000E+02  4.3079098E+02  7.6064081E-13 -1.8350731E-07
   1.3750000E+02  4.3031579E+02  7.6064081E-13 -1.8350731E-07
   1.3750000E+02  4.2984060E+02  7.6064081E-13 -1.8350730E-07
   1.3750000E+02  4.2936541E+02  7.6064081E-13 -1.8350730E-07
   1.3750000E+02  4.2889023E+02  7.6064080E-13 -1.8350730E-07
   1.3750000E+02  4.2841504E+02  7.6064080E-13 -1.8350729E-07
   1.3750000E+02  4.2793985E+02  7.6064080E-13 -1.8350728E-07
   1.3750000E+02  4.2746466E+02  7.6064080E-13 -1.8350729E-07
   1.3750000E+02  4.2698947E+02  7.6064080E-13 -1.8350728E-07
   1.3750000E+02  4.2651429E+02  7.6064079E-13 -1.8350728E-07
   1.3750000E+02  4.2603910E+02  7.6064079E-13 -1.8350727E-07
   1.3750000E+02  4.2556391E+02  7.6064079E-13 -1.8350727E-07
   1.3750000E+02  4.2508872E+02  7.6064079E-13 -1.8350726E-07
   1.3750000E+02  4.2461353E+02  7.6064079E-13 -1.8350726E-07
   1.3750000E+02  4.2413835E+02  1.1365096E-04  2.8315988E-07
   1.3750000E+02  4.2366316E+02  2.1957009E-05  1.8077979E-07
   1.3750000E+02  4.2318797E+02  8.9554294E-06  1.2417527E-07
   1.3750000E+02  4.2271278E+02  8.9388806E-06  1.7297207E-07
   1.3750000E+02  4.2223759E+02  8.9171678E-06  2.1957510E-07
   1.3850000E+02  4.3222182E+02  7.7036041E-13 -1.8350737E-07
   1.3850000E+02  4.3174638E+02  7.7036040E-13 -1.8350736E-07
   1.3850000E+02  4.3127095E+02  7.7036040E-13 -1.8350736E-07
   1.3850000E+02  4.3079552E+02  7.7036040E-13 -1.8350735E-07
   1.3850000E+02  4.3032008E+02  7.7036040E-13 -1.8350735E-07
   1.3850000E+02  4.2984465E+02  7.7036039E-13 -1.8350734E-07
   1.3850000E+02  4.2936922E+02  7.7036039E-13 -1.8350734E-07
   1.3850000E+02  4.2889378E+02  7.7036039E-13 -1.8350733E-07
   1.3850000E+02  4.2841835E+02  7.7036039E-13 -1.8350733E-07
   1.3850000E+02  4.2794292E+02  7.7036038E-13 -1.8350732E-07
   1.3850000E+02  4.2746748E+02  7.7036038E-13 -1.8350731E-07
   1.3850000E+02  4.2699205E+02  7.7036038E-13 -1.8350731E-07
   1.3850000E+02  4.2651662E+02  7.7036037E-13 -1.8350731E-07
   1.3850000E+02  4.2604118E+02  7.7036037E-13 -1.8350730E-07
   1.3850000E+02  4.2556575E+02  7.7036037E-13 -1.8350729E-07
   1.3850000E+02  4.2509032E+02  7.7036037E-13 -1.8350729E-07
   1.3850000E+02  4.2461488E+02  7.7036036E-13 -1.8350728E-07
   1.3850000E+02  4.2413945E+02  1.1520016E-04  3.7236472E-07
   1.3850000E+02  4.2366402E+02  2.2253371E-05  2.3048795E-07
   1.3850000E+02  4.2318858E+02  9.0730185E-06  1.5762829E-07
   1.3850000E+02  4.2271315E+02  9.0517455E-06  2.1897737E-07
   1.3850000E+02  4.2223772E+02  9.0240507E-06  2.7746236E-07
   1.3950000E+02  4.3222709E+02  7.8264068E-13 -1.8350719E-07
   1.3950000E+02  4.3175141E+02  7.8264068E-13 -1.8350718E-07
   1.3950000E+02  4.3127573E+02  7.8264068E-13 -1.8350719E-07
   1.3950000E+02  4.3080005E+02  7.8264067E-13 -1.8350718E-07
   1.3950000E+02  4.3032437E+02  7.8264067E-13 -1.8350717E-07
   1.3950000E+02  4.2984870E+02  7.8264067E-13 -1.8350717E-07
   1.3950000E+02  4.2937302E+02  7.8264066E-13 -1.8350716E-07
   1.3950000E+02  4.2889734E+02  7.8264066E-13 -1.8350716E-07
   1.3950000E+02  4.2842166E+02  7.8264066E-13 -1.8350714E-07
   1.3950000E+02  4.2794598E+02  7.8264065E-13 -1.8350714E-07
   1.3950000E+02  4.2747030E+02  7.8264065E-13 -1.8350713E-07
   1.3950000E+02  4.2699462E+02  7.8264065E-13 -1.8350713E-07
   1.3950000E+02  4.2651895E+02  7.8264064E-13 -1.8350712E-07
   1.3950000E+02  4.2604327E+02  7.8264064E-13 -1.8350711E-07
   1.3950000E+02  4.2556759E+02  7.8264063E-13 -1.8350710E-07
   1.3950000E+02  4.2509191E+02  7.8264063E-13 -1.8350710E-07
   1.3950000E+02  4.2461623E+02  7.8264063E-13 -1.8350709E-07
   1.3950000E+02  4.2414055E+02  1.1716062E-04  4.8272069E-07
   1.3950000E+02  4.2366487E+02  2.2628236E-05  2.9530305E-07
   1.3950000E+02  4.2318920E+02  9.2211360E-06  2.0083111E-07
   1.3950000E+02  4.2271352E+02  9.1936064E-06  2.7825248E-07
   1.3950000E+02  4.2223784E+02  9.1578025E-06  3.5164282E-07
   1.4050000E+02  4.3223236E+02  7.9838940E-13 -1.8350759E-07
   1.4050000E+02  4.3175644E+02  7.9838940E-13 -1.8350759E-07
   1.4050000E+02  4.3128051E+02  7.9838939E-13 -1.8350756E-07
   1.4050000E+02  4.3080459E+02  7.9838939E-13 -1.8350755E-07
   1.4050000E+02  4.3032867E+02  7.9838938E-13 -1.8350754E-07
   1.4050000E+02  4.2985274E+02  7.9838938E-13 -1.8350753E-07
   1.4050000E+02  4.2937682E+02  7.9838938E-13 -1.8350753E-07
   1.4050000E+02  4.2890090E+02  7.9838937E-13 -1.8350752E-07
   1.4050000E+02  4.2842497E+02  7.9838937E-13 -1.8350751E-07
   1.4050000E+02  4.2794905E+02  7.9838936E-13 -1.8350750E-07
   1.4050000E+02  4.2747312E+02  7.9838936E-13 -1.8350750E-07
   1.4050000E+02  4.2699720E+02  7.9838936E-13 -1.8350749E-07
   1.4050000E+02  4.2652128E+02  7.9838935E-13 -1.8350748E-07
   1.4050000E+02  4.2604535E+02  7.9838935E-13 -1.8350747E-07
   1.4050000E+02  4.2556943E+02  7.9838935E-13 -1.8350746E-07
   1.4050000E+02  4.2509350E+02  7.9838934E-13 -1.8350746E-07
   1.4050000E+02  4.2461758E+02  7.9838934E-13 -1.8350745E-07
   1.4050000E+02  4.2414166E+02  1.1965870E-04  6.4713173E-07
   1.4050000E+02  4.2366573E+02  2.3103769E-05  3.7872762E-07
   1.4050000E+02  4.2318981E+02  9.4090094E-06  2.5799524E-07
   1.4050000E+02  4.2271389E+02  9.3723492E-06  3.5581473E-07
   1.4050000E+02  4.2223796E+02  9.3253166E-06  4.4809207E-07
   1.4150000E+02  4.3223763E+02  8.1823322E-13 -1.8350608E-07
   1.4150000E+02  4.3176147E+02  8.1823321E-13 -1.8350607E-07
   1.4150000E+02  4.3128530E+02  8.1823321E-13 -1.8350607E-07
   1.4150000E+02  4.3080913E+02  8.1823320E-13 -1.8350606E-07
   1.4150000E+02  4.3033296E+02  8.1823319E-13 -1.8350605E-07
   1.4150000E+02  4.2985679E+02  8.1823319E-13 -1.8350603E-07
   1.4150000E+02  4.2938062E+02  8.1823318E-13 -1.8350602E-07
   1.4150000E+02  4.2890445E+02  8.1823317E-13 -1.8350601E-07
   1.4150000E+02  4.2842828E+02  8.1823317E-13 -1.8350600E-07
   1.4150000E+02  4.2795211E+02  8.1823316E-13 -1.8350598E-07
   1.4150000E+02  4.2747594E+02  8.1823315E-13 -1.8350598E-07
   1.4150000E+02  4.2699978E+02  8.1823315E-13 -1.8350596E-07
   1.4150000E+02  4.2652361E+02  8.1823314E-13 -1.8350595E-07
   1.4150000E+02  4.2604744E+02  8.1823313E-13 -1.8350593E-07
   1.4150000E+02  4.2557127E+02  8.1823312E-13 -1.8350592E-07
   1.4150000E+02  4.2509510E+02  8.1823312E-13 -1.8350591E-07
   1.4150000E+02  4.2461893E+02  8.1823311E-13 -1.8350590E-07
   1.4150000E+02  4.2414276E+02  1.2286990E-04  7.8039949E-07
   1.4150000E+02  4.2366659E+02  2.3720388E-05  5.0360080E-07
   1.4150000E+02  4.2319042E+02  9.6479198E-06  3.3379423E-07
   1.4150000E+02  4.2271425E+02  9.5987858E-06  4.6000490E-07
   1.4150000E+02  4.2223808E+02  9.5349704E-06  5.7664244E-07
   1.4250000E+02  4.3224291E+02  8.4661640E-13 -1.8351069E-07
   1.4250000E+02  4.3176649E+02  8.4661640E-13 -1.8351068E-07
   1.4250000E+02  4.3129008E+02  8.4661639E-13 -1.8351064E-07
   1.4250000E+02  4.3081366E+02  8.4661638E-13 -1.8351063E-07
   1.4250000E+02  4.3033725E+02  8.4661638E-13 -1.8351062E-07
   1.4250000E+02  4.2986084E+02  8.4661638E-13 -1.8351061E-07
   1.4250000E+02  4.2938442E+02  8.4661637E-13 -1.8351060E-07
   1.4250000E+02  4.2890801E+02  8.4661637E-13 -1.8351059E-07
   1.4250000E+02  4.2843159E+02  8.4661636E-13 -1.8351057E-07
   1.4250000E+02  4.2795518E+02  8.4661636E-13 -1.8351056E-07
   1.4250000E+02  4.2747876E+02  8.4661636E-13 -1.8351056E-07
   1.4250000E+02  4.2700235E+02  8.4661636E-13 -1.8351055E-07
   1.4250000E+02  4.2652594E+02  8.4661635E-13 -1.8351054E-07
   1.4250000E+02  4.2604952E+02  8.4661635E-13 -1.8351053E-07
   1.4250000E+02  4.2557311E+02  8.4661634E-13 -1.8351051E-07
   1.4250000E+02  4.2509669E+02  8.4661634E-13 -1.8351051E-07
   1.4250000E+02  4.2462028E+02  8.4661634E-13 -1.8351050E-07
   1.4250000E+02  4.2414386E+02  1.2712728E-04  1.4313861E-06
   1.4250000E+02  4.2366745E+02  2.4499604E-05  6.2850889E-07
   1.4250000E+02  4.2319104E+02  9.9612813E-06  4.4680113E-07
   1.4250000E+02  4.2271462E+02  9.8866598E-06  6.0653041E-07
   1.4250000E+02  4.2223821E+02  9.7968309E-06  7.5256136E-07
   1.4350000E+02  4.3224818E+02  8.7326755E-13 -1.8349606E-07
   1.4350000E+02  4.3177152E+02  8.7326753E-13 -1.8349603E-07
   1.4350000E+02  4.3129486E+02  8.7326748E-13 -1.8349589E-07
   1.4350000E+02  4.3081820E+02  8.7326746E-13 -1.8349587E-07
   1.4350000E+02  4.3034154E+02  8.7326744E-13 -1.8349584E-07
   1.4350000E+02  4.2986488E+02  8.7326742E-13 -1.8349582E-07
   1.4350000E+02  4.2938822E+02  8.7326740E-13 -1.8349579E-07
   1.4350000E+02  4.2891156E+02  8.7326738E-13 -1.8349577E-07
   1.4350000E+02  4.2843490E+02  8.7326736E-13 -1.8349574E-07
   1.4350000E+02  4.2795824E+02  8.7326734E-13 -1.8349572E-07
   1.4350000E+02  4.2748159E+02  8.7326733E-13 -1.8349570E-07
   1.4350000E+02  4.2700493E+02  8.7326731E-13 -1.8349567E-07
   1.4350000E+02  4.2652827E+02  8.7326729E-13 -1.8349565E-07
   1.4350000E+02  4.2605161E+02  8.7326727E-13 -1.8349562E-07
   1.4350000E+02  4.2557495E+02  8.7326725E-13 -1.8349559E-07
   1.4350000E+02  4.2509829E+02  8.7326723E-13 -1.8349558E-07
   1.4350000E+02  4.2462163E+02  8.7326721E-13 -1.8349555E-07
   1.4350000E+02  4.2414497E+02  1.3263147E-04  7.8683083E-08
   1.4350000E+02  4.2366831E+02  2.5687146E-05  1.0583210E-06
   1.4350000E+02  4.2319165E+02  1.0354918E-05  6.0171827E-07
   1.4350000E+02  4.2271499E+02  1.0256797E-05  8.1372146E-07
   1.4350000E+02  4.2223833E+02  1.0126041E-05  1.0080803E-06
   1.4450000E+02  4.3225345E+02  9.7345008E-13 -1.8353287E-07
   1.4450000E+02  4.3177655E+02  9.7345006E-13 -1.8353280E-07
   1.4450000E+02  4.3129964E+02  9.7345003E-13 -1.8353266E-07
   1.4450000E+02  4.3082274E+02  9.7345002E-13 -1.8353259E-07
   1.4450000E+02  4.3034583E+02  9.7345001E-13 -1.8353252E-07
   1.4450000E+02  4.2986893E+02  9.7345000E-13 -1.8353244E-07
   1.4450000E+02  4.2939203E+02  9.7344999E-13 -1.8353237E-07
   1.4450000E+02  4.2891512E+02  9.7344998E-13 -1.8353230E-07
   1.4450000E+02  4.2843822E+02  9.7344996E-13 -1.8353223E-07
   1.4450000E+02  4.2796131E+02  9.7344995E-13 -1.8353216E-07
   1.4450000E+02  4.2748441E+02  9.7344994E-13 -1.8353209E-07
   1.4450000E+02  4.2700750E+02  9.7344993E-13 -1.8353201E-07
   1.4450000E+02  4.2653060E+02  9.7344992E-13 -1.8353194E-07
   1.4450000E+02  4.2605369E+02  9.7344991E-13 -1.8353187E-07
   1.4450000E+02  4.2557679E+02  9.7344990E-13 -1.8353180E-07
   1.4450000E+02  4.2509988E+02  9.7344988E-13 -1.8353173E-07
   1.4450000E+02  4.2462298E+02  9.7344987E-13 -1.8353166E-07
   1.4450000E+02  4.2414607E+02  1.4200439E-04  1.0061142E-05
   1.4450000E+02  4.2366917E+02  2.6596401E-05  7.1326447E-07
   1.4450000E+02  4.2319226E+02  1.0973788E-05  8.3505907E-07
   1.4450000E+02  4.2271536E+02  1.0776762E-05  1.1988105E-06
   1.4450000E+02  4.2223845E+02  1.0522983E-05  1.4292729E-06
   1.4550000E+02  4.3225873E+02  7.4225617E-13 -1.8349194E-07
   1.4550000E+02  4.3178158E+02  7.4225633E-13 -1.8349244E-07
   1.4550000E+02  4.3130443E+02  7.4225649E-13 -1.8349294E-07
   1.4550000E+02  4.3082728E+02  7.4225665E-13 -1.8349344E-07
   1.4550000E+02  4.3035013E+02  7.4225681E-13 -1.8349394E-07
   1.4550000E+02  4.2987298E+02  7.4225697E-13 -1.8349444E-07
   1.4550000E+02  4.2939583E+02  7.4225713E-13 -1.8349494E-07
   1.4550000E+02  4.2891868E+02  7.4225729E-13 -1.8349544E-07
   1.4550000E+02  4.2844153E+02  7.4225746E-13 -1.8349595E-07
   1.4550000E+02  4.2796438E+02  7.4225762E-13 -1.8349645E-07
   1.4550000E+02  4.2748723E+02  7.4225778E-13 -1.8349695E-07
   1.4550000E+02  4.2701008E+02  7.4225794E-13 -1.8349745E-07
   1.4550000E+02  4.2653293E+02  7.4225810E-13 -1.8349795E-07
   1.4550000E+02  4.2605578E+02  7.4225827E-13 -1.8349845E-07
   1.4550000E+02  4.2557863E+02  7.4225843E-13 -1.8349895E-07
   1.4550000E+02  4.2510148E+02  7.4225859E-13 -1.8349945E-07
   1.4550000E+02  4.2462433E+02  7.4225876E-13 -1.8349995E-07
   1.4550000E+02  4.2414718E+02  1.4102258E-04 -4.1379727E-05
   1.4550000E+02  4.2367003E+02  3.2063435E-05  3.0044285E-06
   1.4550000E+02  4.2319288E+02  1.1972536E-05  1.7527899E-06
   1.4550000E+02  4.2271573E+02  1.1351598E-05  1.9950905E-06
   1.4550000E+02  4.2223858E+02  1.0866415E-05  2.1818351E-06
